x0,x1,x2,x3,x4,x5,x6,x7
-1.092,0.838,-0.205,1.032,-0.281,-1.894,-0.154,-0.159
-1.077,1.123,0.508,0.39,-0.089,-1.34,-0.006,0.821
0.019,0.472,-0.17,0.37,-0.123,0.632,0.049,1.325
-0.014,0.486,0.74,1.385,-0.781,0.577,0.051,0.938
-0.686,-0.85,0.111,-1.105,0.126,1.099,-0.509,-0.528
-0.41,-0.91,-0.355,-0.627,-0.504,0.831,1.25,-0.154
-1.243,-0.342,0.459,-1.248,-0.306,0.765,0.703,0.757
-1.7,0.137,-0.204,-1.612,-0.21,0.213,-0.267,0.083
-1.783,-1.293,1.393,-1.567,-0.358,-1.298,1.066,-2.136
-0.882,-0.412,0.405,-0.313,1.615,-0.637,0.759,-1.602
0.507,-0.022,0.957,0.515,-1.303,-0.916,1.492,0.069
1.665,-0.084,0.752,0.625,-0.535,-0.702,-0.321,0.563
0.438,0.062,-0.232,0.956,-1.36,0.658,0.523,-1.279
-0.886,-1.375,-0.583,0.222,-0.376,-0.013,0.797,-0.869
-1.306,-1.437,0.921,0.858,-0.145,0.263,-0.185,0.926
-0.726,-0.566,0.267,1.883,-0.526,0.647,0.75,1.857
0.161,-0.815,1.636,0.332,0.716,1.944,0.82,0.449
1.009,-0.216,-0.638,-0.661,0.291,2.477,-0.272,-0.578
1.446,0.413,0.223,-0.118,0.516,0.393,-0.536,0.806
2.361,0.127,-1.637,-0.669,0.124,0.1,-0.928,-0.495
1.255,-2.112,-1.823,-0.172,0.183,1.15,-0.996,0.852
-0.341,-1.181,-0.851,0.118,-0.045,-0.708,-0.59,1.888
-1.851,-0.936,-1.206,-0.011,-0.513,0.126,-0.748,0.396
-2.379,-0.907,-0.521,1.064,-0.316,-0.648,0.708,0.663
-1.781,0.375,0.673,2.208,-1.806,-0.33,0.081,-1.187
-1.841,-1.109,0.079,0.944,-0.506,0.345,1.08,0.197
-0.671,-0.377,0.978,2.015,0.144,1.444,2.229,-1.681
0.48,1.341,-0.504,1.97,0.582,1.544,2.083,-0.524
-0.933,-0.162,1.403,0.918,0.545,1.995,0.604,-0.182
-0.357,0.594,-0.508,-0.4,0.428,1.026,0.068,-0.887
-1.013,1.051,-0.282,-0.98,-0.492,0.727,-0.388,0.453
-0.187,0.332,-0.066,-1.244,-0.215,-0.135,-0.753,1.335
0.226,-0.297,0.284,-1.559,-0.73,0.099,-1.576,1.039
0.419,-0.774,-0.942,-1.574,0.827,-2.165,-0.793,0.079
-0.441,0.065,-0.425,-1.736,-0.708,-1.373,1.428,-0.647
-1.272,0.589,-1.206,-0.891,-0.393,-1.364,1.543,-0.746
-1.067,-0.408,0.052,0.132,1.172,-0.093,2.247,-0.322
-1.224,-1.157,0.119,-0.273,-0.171,0.25,0.067,-1.061
-1.078,-1.609,1.052,0.16,1.618,0.699,-1.302,-0.74
-0.783,0.569,0.871,0.138,-0.522,-0.307,-0.98,-3.223
0.068,0.436,1.824,0.199,1.507,0.207,-2.132,-1.942
-0.546,2.089,0.434,-0.15,-0.624,-0.559,-1.406,-0.833
0.427,1.538,1.351,-2.583,0.839,0.526,-1.634,-1.415
1.167,1.094,0.473,0.116,0.473,1.084,-0.223,-0.1
1.076,1.05,0.428,-0.027,-0.07,-0.479,-0.051,-0.941
0.982,1.101,-2.117,0.035,1.454,-0.013,-0.2,-0.011
1.031,-0.127,-0.65,-0.632,-1.003,-0.866,-1.391,-1.043
-1.705,1.76,-0.719,0.357,1.136,0.661,-0.935,-1.609
-0.267,0.672,0.014,-0.466,-0.19,0.447,0.082,-0.162
-1.055,-0.039,1.225,0.011,0.004,0.33,0.13,1.825
-0.733,-0.033,0.894,2.013,-0.727,1.665,-0.753,0.209
-0.017,0.9,2.266,0.866,0.219,0.949,0.088,-0.021
1.331,-0.297,1.448,0.101,-0.328,0.266,0.164,-0.79
1.046,0.362,-0.929,-0.167,0.464,1.038,-2.012,-1.461
0.952,-0.156,1.381,-0.809,-0.371,0.754,-0.609,-0.539
1.089,-0.798,-0.455,0.463,0.207,0.806,-1.234,-0.197
-0.259,-0.889,0.786,1.024,-1.568,0.561,-0.376,-0.489
-0.414,0.276,0.667,1.135,0.724,1.469,0.299,0.4
-1.198,-1.065,0.184,0.297,-0.412,-0.142,1.04,-0.174
-0.782,-0.066,-0.198,0.433,0.511,0.17,0.824,-0.151
0.957,-0.228,-0.33,0.303,0.197,-0.753,0.47,-0.429
0.383,-1.244,-0.023,0.022,0.655,0.848,-1.962,-1.196
0.515,-1.235,-0.996,0.896,0.714,-0.283,-0.411,0.904
-1.048,-1.865,-1.018,0.372,0.676,1.015,-1.267,0.301
-1.322,-2.084,-0.642,0.899,1.196,0.814,-1.721,1.538
-1.445,-0.518,0.442,0.309,-1.599,-0.766,-0.378,0.129
-1.127,-0.47,-0.37,-0.582,0.229,0.661,-0.53,1.144
0.015,0.034,1.324,0.353,-0.503,0.379,0.323,1.34
0.036,1.135,-0.644,-0.043,-0.055,-0.366,-1.267,1.798
0.598,-0.827,1.602,0.37,0.089,0.323,0.624,0.522
0.286,-1.412,-1.416,0.359,1.027,-0.382,0.307,0.628
-0.118,-0.214,0.609,1.543,-0.746,-1.193,-0.682,0.631
-0.539,-1.947,-0.435,1.547,0.361,0.194,-1.584,0.592
0.069,-1.374,-0.318,1.63,-1.252,0.449,0.289,1.198
0.507,-1.315,-1.001,-0.141,-0.662,0.131,-0.459,0.286
0.046,-0.552,0.117,0.663,-1.106,1.765,0.999,-1.803
-0.851,-0.37,-0.843,0.433,-0.448,0.867,0.167,-1.015
-1.661,1.451,0.16,0.125,-1.363,0.732,0.984,-0.014
-1.132,1.361,-0.219,-1.256,-0.767,1.177,0.647,-0.33
-0.186,0.211,0.626,-1.538,-0.304,0.194,1.913,-0.664
-1.197,-0.389,-0.449,-0.342,0.191,-0.014,1.41,-1.517
-1.001,-0.204,2.116,0.49,-0.031,-0.348,2.27,-1.388
-1.938,2.363,-1.118,-1.118,0.001,-1.035,0.864,-1.201
-0.013,-0.259,1.64,-1.71,-0.33,-0.798,0.34,-2.299
-0.699,0.466,-0.682,-1.769,1.235,-0.788,-1.566,-1.345
-0.234,-1.677,0.805,-1.649,-0.623,-1.795,-1.086,-0.806
-0.412,-0.921,-1.128,-0.456,0.533,-0.511,-1.907,-0.587
0.395,0.655,1.137,0.577,-0.957,-0.909,-0.879,-0.898
-0.576,0.186,-1.95,-0.951,0.498,0.164,-0.024,-0.672
-1.788,0.872,1.28,-0.686,-1.205,-0.287,0.073,-0.173
-1.832,0.59,-0.527,-0.822,-0.123,0.676,-0.063,0.792
-0.482,-0.494,0.97,-2.322,-0.055,0.455,0.291,-0.888
-0.294,-0.378,-0.74,-1.207,-0.617,0.221,-0.591,0.287
-0.745,-0.714,-0.035,-1.629,0.162,-0.923,-1.946,1.234
-0.397,-0.852,-2.044,-0.656,0.208,-0.692,-2.748,-0.879
0.259,-1.305,0.71,0.839,0.182,-1.895,-1.231,1.703
-0.863,0.662,-0.864,1.224,1.027,-1.125,-0.021,-0.165
-0.508,0.008,1.242,1.499,-0.563,-1.103,1.005,0.578
-1.395,-0.005,-0.652,0.202,0.59,1.122,1.902,2.179
-0.573,-0.877,0.909,0.389,-0.601,0.55,1.291,1.521
-1.843,0.663,-0.002,0.962,0.159,0.881,1.035,-0.623
-0.781,0.071,1.526,-0.629,0.411,0.838,0.663,-0.693
-0.801,-0.001,1.325,0.622,0.045,0.402,0.891,-0.26
-0.096,-1.462,1.675,1.147,0.052,-1.122,-0.253,-0.135
-0.454,-0.507,0.792,-0.397,1.258,0.692,0.171,-0.605
-0.25,1.255,0.928,-0.419,0.099,-1.076,-0.256,0.281
-0.285,0.122,1.636,-0.305,1.961,0.004,1.005,0.597
-0.343,-0.607,0.074,0.382,0.906,-0.35,1.876,1.242
0.008,-1.056,0.577,1.116,-0.817,-1.296,1.22,1.476
-0.305,-0.524,-0.242,1.03,0.493,-0.19,0.528,-0.202
-1.071,-0.519,0.309,-0.143,0.152,-0.615,0.366,0.254
-1.587,0.746,0.449,-1.168,-0.251,0.061,-1.282,1.066
-0.524,0.681,1.449,-1.33,1.475,-0.338,0.299,-0.934
0.246,-0.426,0.588,-1.384,0.578,-0.495,-0.91,-1.041
0.393,0.048,0.108,0.326,0.61,-0.69,-1.401,-0.237
0.761,-0.132,1.508,-0.082,1.663,-1.158,-0.899,-0.244
0.666,-1.191,-0.658,1.006,0.386,-1.307,-0.743,-0.18
1.114,-0.714,0.996,1.894,1.429,-1.024,-0.995,0.28
2.001,3.06,-1.626,1.526,-1.082,-0.028,-0.639,0.493
0.392,3.533,-0.585,0.381,-0.986,2.638,-0.902,-0.089
0.679,1.923,-1.146,0.109,-1.492,1.647,-0.602,1.23
-0.513,2.639,0.906,-1.094,-0.755,1.479,0.805,0.781
-1.013,0.972,-0.212,0.678,1.3,0.786,1.423,0.745
-0.262,0.894,0.975,0.24,0.641,-1.8,1.589,-0.199
-0.851,-1.23,-1.242,0.125,1.492,-1.441,0.161,0.174
-0.753,-1.483,0.997,0.87,-0.087,-1.144,-0.54,-0.694
-0.874,-1.655,-0.921,0.782,1.546,0.126,-0.773,-2.005
0.94,-0.711,0.392,0.771,-0.308,0.616,-0.654,-1.611
0.021,-0.295,-0.305,0.533,0.365,1.04,-1.058,-1.018
0.255,-0.571,-0.378,0.419,-0.601,0.055,0.582,0.593
-0.86,-0.978,0.765,-0.564,0.248,-0.53,-0.067,-0.572
-0.508,-0.455,0.809,-0.385,-0.914,0.381,-0.749,0.282
0.404,-1.448,0.551,-0.048,0.732,1.266,-0.677,0.032
0.438,-1.255,0.514,0.782,-0.702,0.265,-0.117,-0.79
0.119,-0.8,0.081,-0.003,0.194,0.638,-0.94,1.687
0.782,-1.602,-0.072,-0.897,-0.307,1.739,-0.85,-0.256
-0.381,-0.86,0.026,0.049,0.338,1.452,-1.53,-0.259
-0.037,-1.425,0.141,-0.34,1.136,0.976,-2.096,-0.077
0.851,0.584,-1.193,0.9,1.153,-0.225,-1.538,0.745
1.683,-0.016,0.057,0.295,0.104,-0.502,-1.332,-0.282
0.89,-0.152,-0.746,-0.15,0.532,0.62,-0.834,1.125
1.279,0.173,-0.945,-0.456,0.01,0.007,-1.097,0.253
1.496,0.668,-0.886,-1.224,0.154,-0.242,-0.72,0.885
0.179,-0.92,-1.842,-0.5,-0.867,1.352,0.195,0.808
-1.238,-1.091,-0.082,-0.891,-1.123,0.498,-0.375,1.045
-1.752,-1.355,-0.173,0.381,-1.121,-0.454,-0.373,-0.089
-0.24,-0.98,0.756,0.312,-1.786,-0.575,-0.06,-0.079
-0.173,-0.823,0.367,-0.198,-0.884,-0.235,0.26,-0.085
-0.322,-0.233,2.285,-0.398,0.097,-0.708,0.134,-0.84
1.115,-1.287,0.458,-0.079,1.908,-0.558,1.53,1.455
1.492,-0.877,1.178,-0.852,0.138,-1.093,1.054,-0.987
-0.116,-0.912,0.182,0.895,1.225,-0.101,-1.468,-0.791
0.289,0.444,0.577,0.384,-0.462,0.46,0.548,-1.414
0.756,0.425,0.759,0.01,0.592,0.003,0.291,-2.816
0.791,0.775,0.941,-0.001,1.08,-1.026,0.956,-0.543
1.338,-0.082,-0.071,-0.317,1.008,-0.675,0.259,-0.482
1.189,-0.339,2.196,1.454,0.357,-1.305,-1.06,0.869
-0.181,0.375,-1.84,1.059,-0.055,-1.048,0.112,0.702
0.204,0.777,0.471,-0.549,-1.546,-0.808,0.349,0.527
-1.305,0.399,-1.773,-1.032,0.77,0.464,0.483,1.188
-1.089,1.067,1.623,0.132,-1.275,-0.426,2.499,0.271
-2.375,2.047,-0.43,-1.242,1.176,-0.256,-0.009,-0.728
-0.862,-0.475,1.055,-1.522,-0.489,-0.18,0.127,0.311
-0.559,0.042,0.766,0.45,2.715,-1.126,-0.267,-1.115
-0.527,-0.343,0.597,0.443,1.408,-3.579,-0.132,-0.216
-0.017,0.238,2.392,-0.858,1.889,-1.375,-1.214,-0.724
0.141,1.013,0.222,-1.18,1.659,-0.57,-0.338,-0.323
1.425,-0.166,2.202,-0.471,0.477,-1.497,-1.011,-0.074
-0.128,-1.277,-1.638,1.131,1.431,-1.523,-1.29,0.7
1.064,0.561,1.434,0.838,-0.928,-1.582,-1.454,0.153
-0.094,-0.526,-1.518,0.38,1.191,1.129,-0.915,0.614
-1.132,-1.236,-0.33,0.589,-0.61,1.74,0.313,0.8
-2.55,-0.6,-1.607,-0.23,1.25,1.095,-1.083,1.347
-2.561,-0.937,0.933,-1.246,-0.062,0.38,-1.048,2.32
-1.984,-1.47,0.733,-0.655,2.024,0.796,-1.747,1.595
-0.806,-0.926,1.435,-1.986,1.804,-0.963,-0.48,0.211
-0.959,-1.231,-0.454,-1.077,0.048,-1.467,-0.031,-0.219
0.565,-0.278,2.26,-0.166,1.182,-0.507,-1.337,1.287
1.313,-0.417,-0.185,-0.197,1.211,-0.946,-1.131,0.184
1.825,-0.752,1.211,-0.294,0.461,-1.825,-1.459,0.363
0.909,-0.579,-0.452,0.44,2.156,-0.982,-1.833,1.179
1.867,0.997,1.808,1.161,0.28,-2.257,-1.489,0.79
1.756,1.239,-0.931,0.084,1.231,-0.951,-1.269,0.553
2.684,-0.324,-0.196,-0.552,-1.341,0.178,-0.623,0.445
0.548,2.189,-0.486,0.321,1.181,0.499,-0.137,0.506
-1.327,0.679,-2.269,0.751,-0.79,-0.281,0.508,0.852
0.088,-0.282,0.717,0.945,0.908,-0.386,-0.428,1.12
-1.707,0.595,-1.358,0.869,-0.11,-0.23,1.771,1.477
-1.074,0.006,2.241,-0.129,-0.304,0.064,0.46,0.447
0.428,1.722,-0.159,0.808,-0.935,-0.455,0.85,2.144
1.211,1.499,-0.096,0.101,-1.072,-0.667,0.8,-0.229
1.269,0.737,-0.892,-1.366,-0.305,0.125,0.338,1.389
0.522,1.506,-1.438,-1.107,-0.378,-0.963,0.026,1.252
-1.616,1.676,0.843,-2.409,0.801,-0.026,0.092,0.293
-1.787,-0.056,-0.357,-1.686,0.948,-0.979,-0.392,0.168
0.028,0.535,1.741,-1.101,-0.069,-1.187,-0.584,-0.618
-0.214,0.087,-0.448,-0.677,0.621,-1.835,-0.827,-0.652
-0.321,-0.355,1.342,0.31,-0.107,-1.236,-0.14,-1.317
-0.413,-0.101,-0.234,0.57,0.662,-1.087,-0.884,-1.083
0.952,-0.86,2.027,0.934,-0.344,-0.061,-1.535,-0.307
-0.15,-1.291,-1.893,1.129,1.793,0.138,-0.382,-0.235
-0.335,-1.097,1.108,0.93,-1.024,-0.256,1.207,0.784
-1.246,-1.773,-1.17,1.968,1.789,0.2,0.137,1.393
0.824,-3.298,0.485,1.27,0.479,0.363,-0.17,1.499
-0.36,-2.252,-1.178,1.224,0.417,0.686,-0.289,-0.348
1.302,-1.168,0.511,1.651,-1.148,0.035,0.067,-0.168
1.233,-0.546,-1.562,0.65,0.911,0.234,0.906,0.212
1.258,0.982,-0.341,-0.118,-2.113,-0.129,1.043,-1.721
1.143,0.499,-1.233,0.52,1.134,0.359,-0.191,-0.796
0.991,-0.188,-0.322,-0.09,-2.843,-0.034,-0.121,-0.787
-0.337,-0.546,-1.399,1.523,1.019,0.137,-0.842,0.44
0.338,-1.559,-1.838,1.496,-1.895,1.134,1.969,0.698
-0.762,0.082,-0.904,3.023,0.422,2.204,1.11,-0.592
-1.571,-1.015,1.05,0.637,-1.339,2.463,1.185,0.029
-0.605,-1.254,-0.911,1.941,-0.119,1.976,0.658,0.576
0.183,-1.144,-0.089,0.49,-1.849,0.802,0.692,-0.697
-0.734,-0.653,-0.305,-1.201,0.761,1.228,1.592,0.051
-0.771,-1.457,0.616,0.102,-0.723,-0.455,1.907,-0.918
0.109,-1.211,-0.227,0.214,2.362,-0.079,0.28,-0.428
-0.299,-0.114,0.302,0.486,0.018,-1.48,1.76,-2.413
-0.654,0.96,-0.262,1.402,2.041,-1.215,0.002,-0.697
-0.282,0.558,0.589,0.225,-0.29,-2.108,0.379,-0.392
-0.551,0.373,0.601,0.038,0.567,-1.6,-0.344,-0.421
-0.006,-1.348,-0.311,0.085,1.198,-1.133,-0.374,-0.678
-0.882,-1.036,1.172,1.104,1.653,-1.405,0.09,-0.575
-1.428,0.03,0.169,-0.065,0.401,-0.227,-0.337,-1.915
-0.984,0.678,0.831,0.047,1.353,0.861,-2.357,-0.888
0.413,1.046,1.133,0.08,1.124,0.32,-0.981,-0.611
0.628,0.291,0.164,0.501,2.888,-0.154,-1.06,0.881
1.499,1.317,-0.174,0.055,1.423,-0.141,-2.478,1.805
0.981,3.069,-0.561,-0.371,0.72,-0.579,-1.586,0.472
0.137,1.142,0.03,-1.069,-0.318,-1.06,-2.15,0.431
-0.72,-0.123,-0.302,-0.98,0.265,-0.474,-1.051,0.158
-0.918,1.063,0.753,-1.09,0.376,0.483,-1.075,1.298
0.629,0.69,-1.198,-1.402,1.976,-0.997,-0.693,0.29
-0.571,0.579,0.775,-1.163,0.22,-1.079,-0.163,0.796
-0.341,0.482,-0.29,-0.774,1.925,-0.651,-0.052,1.094
-0.928,-0.538,0.909,-0.994,0.651,-2.165,-0.206,0.21
-0.583,-1.058,1.242,0.385,1.166,-0.93,-1.395,-1.14
-0.632,-1.406,1.662,1.072,0.203,-1.921,-1.039,0.431
-0.841,0.138,-0.057,0.696,0.471,-0.433,-0.2,1.347
-0.719,-1.114,1.775,-0.095,-1.33,-0.261,1.715,1.265
0.774,-0.266,0.345,0.368,0.991,1.563,-0.535,1.011
1.446,-0.424,1.084,0.244,-0.685,-0.081,-0.119,-0.377
0.508,-0.629,-1.486,0.175,1.24,0.268,-0.296,-1.032
1.287,0.553,-0.175,0.964,-1.533,-0.465,-0.836,0.875
0.277,0.791,-0.872,0.757,0.423,0.337,-2.637,-1.528
0.344,0.991,-1.043,0.243,-1.23,0.663,-0.85,-0.696
-1.111,-1.464,-1.107,-0.832,0.617,0.275,-1.209,-0.466
-0.857,0.538,1.103,0.242,-0.565,-0.474,0.935,1.917
-0.291,1.311,1.367,-0.39,-0.171,0.453,-0.271,0.403
-1.147,0.749,0.469,-1.287,0.066,-0.788,0.036,1.089
0.233,0.6,1.911,-0.527,2.457,0.068,-0.472,0.809
1.699,1.333,0.485,-0.626,1.985,-0.929,0.647,0.536
1.388,1.72,1.083,0.228,0.56,-1.209,-0.455,1.318
1.912,1.058,-0.007,-0.533,1.146,0.114,-0.425,0.712
2.155,0.382,-1.718,-1.185,0.845,-0.445,-0.056,0.854
0.931,0.152,-0.406,0.478,0.482,-0.584,-0.372,1.52
0.245,1.359,-1.689,1.15,0.694,-1.624,-0.622,0.666
-1.04,1.526,-0.941,-0.398,-0.915,0.058,-1.577,-0.133
-1.55,-0.728,0.364,-0.716,-0.183,1.273,-1.165,1.371
-1.298,0.399,-0.116,-0.132,-0.018,1.231,-0.84,-0.263
-0.255,0.81,1.943,-0.102,-0.094,0.912,0.134,-0.841
-0.389,-0.767,0.228,0.678,1.583,0.813,1.197,0.368
0.904,-0.215,0.001,1.359,-0.938,-0.031,-0.323,1.87
0.247,-1.8,-1.108,1.986,-0.125,1.704,-1.056,1.902
-0.077,-0.655,1.159,1.035,0.664,1.414,0.864,0.479
-0.259,-2.04,-0.027,1.234,-0.261,2.474,0.584,1.031
1.218,-1.298,1.847,1.884,-0.552,1.684,-1.654,-0.45
0.573,-1.505,-0.65,1.018,0.431,1.189,-0.325,-1.871
1.217,-1.323,1.511,1.769,-0.689,1.0,-0.682,-1.582
0.527,0.588,0.649,2.248,-0.019,0.239,-0.335,0.914
0.362,0.897,0.328,1.576,-0.678,0.83,-1.375,0.048
0.58,0.016,-0.32,0.392,0.611,1.566,-0.923,-2.119
0.283,-0.747,0.113,0.159,-1.165,1.572,0.539,-0.712
-1.095,-0.68,-0.118,-0.89,-0.603,0.534,0.549,0.511
-0.578,-1.19,-1.471,-0.386,0.339,0.448,1.616,1.471
-0.911,0.248,-0.59,2.018,-1.2,-0.517,0.262,2.052
-2.311,1.792,-0.157,1.133,-0.506,0.179,0.821,-0.42
-1.686,1.949,1.034,0.893,-1.55,1.591,0.027,-0.829
-0.3,1.219,0.997,0.251,0.947,1.826,-0.195,0.463
0.473,0.332,0.358,0.097,-0.094,0.262,1.308,-0.127
1.157,-0.075,-1.501,-0.768,1.914,0.25,0.139,-1.666
0.055,1.315,-0.131,0.161,-1.6,0.421,-0.29,-1.34
-0.146,-0.121,-0.234,0.507,0.686,-0.022,-0.954,-2.008
-0.217,1.455,-0.762,-0.121,-0.422,-0.372,-1.529,-0.609
0.205,0.05,0.271,-0.112,-0.177,0.369,-0.256,0.133
-0.197,-0.344,-0.173,0.476,0.255,-0.36,0.179,0.001
-0.837,-1.523,-0.618,0.245,-0.752,0.452,-0.245,1.035
-1.101,-0.485,-0.251,0.033,-0.605,0.194,0.185,0.769
-1.37,-1.498,1.059,1.197,0.021,0.548,0.857,-0.326
-0.535,0.792,0.298,1.719,-0.168,0.407,1.021,0.151
-0.976,0.793,-0.146,0.678,-0.097,1.099,-0.096,-0.978
0.668,0.847,1.84,-0.287,-0.437,0.669,0.045,-1.602
-0.103,0.523,0.496,-1.21,1.012,-1.323,-0.057,-1.977
-0.018,-0.578,0.791,-0.245,0.291,-1.235,0.413,-0.571
0.155,-0.098,-0.077,-0.691,1.581,-1.323,-0.81,-1.271
-0.226,1.26,-0.468,-0.87,-0.113,-0.774,-0.581,-0.254
-0.519,0.26,0.533,0.268,0.766,0.536,-1.676,-0.221
-1.281,-0.552,0.754,-0.559,-0.298,-1.431,0.28,-0.079
0.19,-2.013,0.883,-0.245,-0.281,-0.578,-0.631,-0.301
1.057,-1.796,0.771,-0.36,-0.029,-0.476,-0.211,0.187
1.278,-2.084,-0.812,-0.173,0.889,1.41,-0.394,-0.12
0.624,-0.245,-0.55,1.451,-0.038,-0.817,-0.955,0.035
0.95,0.548,-1.886,1.013,0.09,-0.752,-1.149,-0.321
0.671,-0.35,0.082,2.367,-0.557,-0.206,0.681,0.184
-0.103,0.147,-0.493,0.652,0.608,-0.115,0.231,-0.088
-0.263,-0.375,0.806,0.151,-1.219,0.802,0.367,-0.314
-1.456,-0.233,-0.792,0.219,0.741,1.548,-0.683,0.218
-0.452,0.173,1.18,-0.483,-0.542,-0.574,1.084,1.442
-1.268,-0.25,0.122,0.154,0.75,0.026,0.774,1.838
-0.058,0.047,2.257,0.06,0.445,-0.702,-0.428,0.816
0.774,-1.489,-1.149,-0.618,2.788,-1.114,-0.499,0.561
1.193,-0.306,1.453,0.767,0.658,-1.168,0.146,0.722
0.433,-0.184,-1.345,0.239,1.971,-1.065,-2.799,1.389
2.03,-1.774,0.438,0.266,0.424,-0.693,-1.664,-0.145
0.374,-2.617,-0.962,-0.071,1.991,1.337,-0.332,-1.025
1.537,-2.355,-0.038,0.407,-0.66,-1.226,-0.807,0.225
0.547,-0.785,-1.344,0.343,0.873,-0.586,-0.172,1.055
-0.249,-0.515,0.56,0.859,-0.971,-0.37,0.373,0.171
-0.444,0.05,-0.356,-0.021,0.232,0.248,-0.345,0.584
-0.623,-1.184,1.877,0.172,0.116,0.251,0.386,-1.37
-0.967,0.014,-0.011,0.482,1.576,-0.805,-0.728,-1.214
-0.259,1.081,1.671,0.997,1.105,-0.654,0.877,-0.203
-1.07,-0.043,-0.879,-0.975,-0.087,-0.219,0.22,0.091
0.317,1.058,0.937,-0.281,-0.145,0.538,-0.038,-0.0
0.738,0.211,-1.229,-0.85,-0.231,-0.637,-0.527,-0.255
2.319,-1.538,0.35,0.101,-0.35,0.044,-0.062,-0.751
1.811,-1.967,-0.148,0.915,0.526,-0.112,-0.804,-0.909
1.027,-0.488,-1.461,2.025,0.381,0.691,-0.06,-0.105
1.045,-0.463,-0.915,1.454,-0.039,0.691,-1.269,1.216
0.392,0.398,-1.123,-0.964,-1.212,1.489,-2.054,1.42
0.21,0.277,-0.536,-1.606,0.513,0.767,-1.924,0.496
-0.112,0.381,0.472,-0.561,-1.268,-0.094,0.706,0.313
-0.657,1.843,0.604,-0.667,-0.93,-1.865,-1.145,-0.272
0.055,1.818,0.948,-0.2,-0.591,0.077,0.249,0.452
-0.17,0.742,-0.45,-1.878,-0.204,-0.029,-0.36,-1.091
-0.109,0.747,0.633,-0.61,0.627,0.665,0.393,-1.829
0.573,0.701,0.473,-0.299,0.188,-0.781,1.189,0.496
0.522,1.042,0.257,-0.07,0.377,-0.951,-0.786,0.098
0.992,0.329,-0.665,-0.26,-0.381,0.192,0.867,0.241
0.396,-0.247,0.565,-1.035,-0.312,0.664,-0.172,-0.36
0.411,-0.038,-2.064,-0.787,0.15,1.237,-0.31,-0.254
1.873,-0.595,0.414,0.152,-0.645,-0.921,0.068,-0.86
1.2,1.098,-0.658,-0.157,0.481,-0.687,-0.662,-0.821
0.907,1.747,0.431,0.446,-1.696,-0.273,-0.41,0.632
0.494,0.754,-0.073,0.509,0.476,-0.219,-0.53,-0.672
0.446,0.516,-0.073,0.843,-0.858,-0.625,-0.559,-0.887
-0.255,0.053,-0.768,0.895,-1.08,0.612,-1.612,0.241
-0.311,1.104,0.814,-0.434,-0.735,0.735,-0.336,0.16
-2.316,1.41,-0.911,-0.452,-1.498,0.797,1.257,-1.413
-2.175,1.406,3.3,-0.141,-0.686,0.845,-0.096,0.662
-2.069,1.279,0.024,-0.878,0.33,0.108,2.387,-0.678
-1.052,1.512,2.13,-1.486,-0.631,0.405,2.395,0.228
-1.381,1.733,0.591,-1.969,1.033,-0.588,1.035,-0.391
-0.343,0.98,2.152,-2.246,2.298,-0.938,1.391,-1.244
-1.361,0.523,0.111,-1.524,1.457,-1.469,0.002,-2.226
-0.794,-0.162,1.253,-0.303,1.203,-1.79,-2.644,-0.278
-0.518,-1.394,0.85,0.865,1.535,-2.526,-2.257,-0.367
0.23,-0.88,-0.145,1.107,0.984,-2.406,-1.939,0.439
1.208,-0.934,-0.006,0.656,0.931,-1.188,-1.771,1.042
0.988,-0.185,-1.356,1.029,0.93,-0.339,-0.657,2.012
0.548,0.748,-0.757,0.223,-0.099,-1.676,-0.851,0.502
0.241,0.479,-0.907,0.265,0.823,-0.008,-1.131,1.542
0.324,-0.176,-0.315,0.688,-0.881,-0.716,0.024,0.712
-1.178,-0.903,-0.105,-0.484,-0.286,-0.075,-0.626,0.683
-0.916,-1.454,0.69,0.532,-0.248,-0.417,-0.006,0.202
-0.815,0.131,0.784,0.599,-0.379,0.036,1.698,-0.934
-0.865,-1.336,0.501,0.179,0.268,0.34,1.266,-0.18
0.334,-1.396,1.055,1.629,0.65,0.006,1.855,0.687
1.136,-2.769,-0.469,0.442,-0.633,-1.341,0.593,0.309
0.821,-1.627,1.239,0.545,-0.042,-0.059,0.583,0.208
0.073,-1.409,-0.053,1.433,-0.787,-0.421,1.301,0.14
-0.018,-0.842,-1.516,-1.082,-0.359,0.465,0.295,0.259
0.345,-0.387,-0.18,0.236,-1.018,-0.554,2.501,-0.981
-0.989,-0.942,-1.974,0.112,0.636,-0.147,0.609,-0.586
-1.071,-1.121,0.824,0.297,-0.804,0.062,0.347,0.281
-1.618,1.297,-0.704,0.773,1.052,-0.679,-0.769,-1.654
-0.605,0.28,0.707,-0.459,-0.939,-1.604,0.355,-1.038
-1.98,0.92,-0.593,-0.123,0.226,0.046,-0.564,-0.565
0.013,-0.339,-0.119,-0.252,-0.389,1.137,1.606,0.004
-0.999,1.041,-1.523,0.028,-0.711,0.5,1.297,1.02
-0.432,2.034,0.954,-1.312,-1.784,0.184,0.731,0.014
-0.818,1.207,-0.85,-1.663,0.891,0.909,-0.169,-0.174
-0.707,-0.559,1.497,-1.263,-1.42,-1.137,0.943,-0.227
-1.637,-0.367,-0.887,1.137,1.676,-1.11,-0.183,0.624
0.176,0.011,1.39,1.891,-0.718,-1.048,0.693,0.931
-0.497,0.12,-0.354,1.641,1.333,-1.068,-1.186,-0.446
0.539,-0.847,0.274,-0.252,-1.509,-0.402,0.512,-1.105
-0.618,-1.735,-0.302,1.183,1.046,2.468,-0.987,-0.013
-0.792,-0.737,-0.037,0.495,-2.204,0.599,-1.918,0.182
-0.345,-0.54,-0.211,0.823,1.135,0.705,-0.7,0.749
0.458,-0.136,0.245,-0.295,-3.111,0.295,0.067,-0.725
0.215,0.858,-0.758,0.551,1.569,1.507,0.489,-0.459
-0.661,-1.039,2.036,-0.679,-1.856,-0.273,2.062,0.677
0.638,0.3,-0.463,-0.761,0.648,1.19,0.113,0.331
0.348,-0.108,1.466,0.124,-1.182,-1.357,-0.041,-0.206
-0.864,-0.386,-0.78,1.593,1.044,0.792,0.47,-0.504
1.763,-1.078,1.03,1.255,-1.598,-1.162,1.196,0.223
0.632,-0.627,-0.705,1.409,0.989,0.238,-0.219,0.348
-0.014,-1.995,-0.355,1.991,-1.418,-1.07,1.123,-1.292
-1.136,-1.395,-0.238,0.509,-0.568,0.972,1.532,-0.654
-0.238,-0.925,0.32,0.468,-0.599,1.115,0.471,-0.999
-0.497,0.716,0.315,-0.463,-0.862,-0.248,-0.31,-1.74
-0.483,0.213,-0.232,-0.954,1.417,0.965,0.328,-0.831
0.659,0.982,-0.065,-0.633,1.243,0.739,0.122,-0.093
0.662,0.094,-1.269,0.731,2.061,-1.363,0.372,1.047
-0.859,-0.801,0.073,0.504,0.491,-0.821,-0.22,1.364
-0.119,0.123,-1.038,0.633,-0.186,0.963,-0.737,0.86
0.752,-0.592,-0.082,-0.288,-0.994,1.07,-1.117,0.676
-0.385,-0.91,-0.209,0.123,0.821,1.589,0.072,0.219
-1.172,-0.044,0.15,0.564,-0.887,0.246,-0.177,0.286
-0.442,0.68,1.617,0.204,0.757,0.451,-0.704,0.691
-1.506,0.195,-0.817,-0.222,0.527,0.378,-0.017,-0.42
-1.397,1.258,2.057,0.013,-0.346,-0.65,1.049,1.041
-0.567,0.149,0.503,-1.338,1.344,-0.242,0.292,1.037
0.565,0.911,1.325,-1.713,1.914,-0.737,0.13,0.059
0.372,0.411,-1.315,-1.649,1.107,-2.163,1.224,0.664
0.825,1.152,0.802,-1.24,2.016,-2.458,-0.171,-0.422
0.408,0.813,-1.524,-1.315,1.244,-1.976,0.133,0.547
-0.55,-1.079,0.539,-1.522,0.998,-1.796,-1.08,-0.134
0.038,0.35,-1.431,-0.634,1.184,-1.975,-0.919,-0.377
1.104,0.181,0.035,-0.924,0.897,-1.207,-0.503,-1.626
0.172,-0.487,-1.326,-0.611,0.262,-0.809,-0.195,-0.428
0.475,0.882,0.673,-1.614,0.258,-1.062,-1.241,-0.076
1.385,0.259,-1.174,-1.076,-0.704,-0.822,-0.36,-0.371
0.96,0.528,-1.68,-1.023,0.039,0.502,-1.507,-0.103
0.2,-0.464,-0.638,-1.439,-0.63,1.009,-0.406,0.232
-0.352,-0.964,0.19,0.293,-0.369,-0.185,-0.218,1.939
0.76,0.891,-0.659,0.854,-0.865,0.043,0.776,0.959
1.473,0.193,-0.792,-1.169,-1.983,-0.763,-0.741,0.345
0.996,-0.42,-0.547,-1.175,-0.183,0.818,0.382,0.449
0.663,-1.603,-2.021,-0.914,-1.053,0.176,0.821,-0.22
-1.007,0.213,-0.56,0.881,-0.083,-0.558,0.189,0.498
-1.513,0.629,-0.642,0.081,-0.181,-0.38,0.466,-0.189
-1.844,0.659,0.343,0.165,-1.208,1.062,1.059,-1.562
-1.929,1.326,0.199,0.03,-1.567,0.998,1.284,0.686
-0.159,-0.59,0.264,-0.819,0.372,-0.392,0.206,0.27
-0.589,-0.842,0.156,-0.347,-0.812,0.478,0.476,-0.603
-0.318,-0.349,-0.086,-1.452,0.676,0.071,1.303,-0.639
-0.294,-1.773,0.728,-0.611,-0.526,-1.323,1.013,0.353
0.814,0.444,-0.057,0.591,-0.675,-0.176,1.074,-0.641
0.857,0.249,-0.892,-0.216,-0.972,-0.073,0.31,-1.404
2.706,-0.34,0.049,0.312,-0.631,0.822,0.31,-1.421
1.697,0.484,-0.891,0.644,0.535,0.439,1.515,-1.073
1.115,-0.632,0.569,0.432,0.399,0.227,0.987,0.128
0.459,-0.389,-0.451,1.838,0.673,1.194,0.817,0.695
1.671,2.33,0.362,0.503,0.607,0.018,0.201,-0.141
0.917,1.927,-1.609,-0.814,0.356,1.006,-1.256,-0.206
0.923,2.156,-0.328,-1.598,-0.965,0.309,-0.638,0.824
-0.361,0.989,-2.124,-1.308,1.717,-0.089,-0.179,-1.503
-0.53,-0.238,0.274,-1.622,-0.47,-0.884,0.82,0.504
-0.211,0.242,-1.358,-1.106,1.265,-0.81,-0.439,-0.415
-0.33,-0.614,0.978,-1.074,-0.752,-0.735,0.066,-0.229
-0.164,-2.678,-1.365,-0.158,1.775,-0.985,0.027,0.596
0.568,-0.69,0.767,0.764,-1.402,-2.058,-0.316,0.092
0.59,0.104,-0.45,0.123,1.191,-0.417,-0.698,0.241
0.251,0.746,-0.361,-1.809,-0.735,0.647,-0.003,1.231
1.184,0.193,0.655,-1.898,1.256,0.18,-0.029,-0.139
-0.101,1.732,1.02,-2.81,-0.491,-0.926,2.244,0.174
-0.11,1.142,0.772,-2.514,1.039,-1.53,-0.318,0.078
0.864,-0.027,-0.103,-1.686,1.366,-2.647,0.326,-0.019
1.272,-2.322,-0.893,-0.484,1.321,-2.096,-2.043,0.132
1.587,-1.267,-0.537,0.404,-0.123,-1.645,-1.681,0.991
0.385,0.072,-1.153,0.408,0.213,-0.112,-1.119,0.468
-0.287,0.067,-0.855,0.293,-0.683,0.314,0.267,0.866
-0.407,1.491,-1.521,-1.418,-0.703,-0.523,1.37,1.758
0.491,2.659,0.223,-1.575,-0.679,-0.052,1.357,0.029
0.247,0.783,-1.147,-2.656,0.786,-1.238,1.45,-0.204
0.777,1.502,0.029,-2.607,1.79,-1.961,0.724,-1.655
-0.154,-0.464,1.134,-1.694,2.245,-2.551,-0.088,-2.123
0.77,0.844,-0.88,-1.941,1.838,-1.382,-1.586,-0.615
0.448,0.336,0.256,-0.878,0.974,-1.191,-2.92,2.21
1.032,0.31,-0.905,-1.822,0.906,-1.433,-1.935,0.637
2.255,0.352,-0.312,-1.592,0.598,-1.053,-1.642,0.017
0.781,0.104,-1.664,-1.705,0.588,-0.968,-1.248,1.428
0.413,-0.405,-0.232,0.834,1.441,-0.865,-1.423,1.047
-0.777,-0.106,-1.608,-0.642,0.715,-2.084,-0.857,0.736
-0.853,-0.486,0.572,-0.729,0.19,-2.194,-2.287,1.324
-1.697,-1.361,-0.883,0.265,1.033,-2.185,-0.525,1.58
-0.371,-0.318,-0.078,1.181,-0.791,-1.589,-1.796,1.977
-1.023,-0.544,-0.25,-0.176,-0.645,-0.444,-1.56,1.606
-1.263,0.375,-0.593,0.607,-0.435,0.216,-0.068,2.032
0.039,0.381,-1.735,-0.132,-0.233,1.243,0.51,0.01
-0.935,0.185,-0.266,-0.625,-2.072,0.849,-0.736,0.367
-0.831,-1.716,-0.592,0.52,0.899,0.414,-0.589,0.142
-1.217,-1.659,0.453,0.458,-1.464,-0.472,-0.554,0.174
-0.646,0.057,0.768,1.155,0.781,1.787,-0.846,0.207
0.519,-0.713,1.384,1.715,-0.779,1.283,-1.161,-1.012
0.452,-0.714,0.6,1.334,1.97,0.819,-1.469,2.354
1.393,-0.631,1.219,2.065,-0.472,0.592,0.813,2.725
0.847,0.608,-0.19,1.774,0.238,1.599,-1.172,1.209
0.787,0.636,0.923,1.489,-0.373,0.578,-0.262,1.42
0.497,1.524,-1.102,0.959,0.332,1.192,-0.805,0.168
0.805,0.09,0.059,-0.595,-1.263,1.492,-0.771,0.033
0.995,0.239,-1.875,-0.341,-0.415,1.252,-1.027,-0.789
0.577,-0.615,0.176,-0.146,-0.479,0.602,1.54,-0.432
-0.414,0.207,-1.433,1.536,-0.256,-0.068,1.672,0.082
-0.988,0.091,0.436,-0.962,-0.457,-0.281,1.627,2.069
-1.516,-0.138,-0.074,-1.14,0.427,0.766,0.614,1.479
-0.676,0.464,2.596,0.71,0.172,0.345,-0.987,-0.853
0.468,1.553,-0.684,0.338,0.768,0.332,-1.457,-0.971
0.704,0.426,1.166,-0.003,0.42,-0.496,0.677,-1.564
0.688,1.463,-0.675,-0.106,1.066,-0.711,-0.566,-0.347
1.059,-0.178,1.601,-0.275,-0.222,-0.37,0.388,-0.388
0.558,0.125,-1.077,0.294,1.667,-1.103,-0.87,-0.192
1.034,1.893,-0.558,0.664,0.707,-0.978,-0.084,1.228
-0.595,0.723,-2.532,-0.608,-0.617,-1.388,-0.013,-0.917
-0.366,0.578,-0.024,0.52,0.088,1.073,0.15,-0.261
-0.924,0.916,0.203,0.99,-0.954,0.505,0.329,-0.16
-1.339,0.341,0.03,-0.234,-1.229,-0.079,1.571,-1.191
0.137,-1.174,1.23,0.2,-1.427,0.879,1.035,-0.35
0.548,-1.576,0.05,1.069,0.496,0.329,2.445,-0.585
1.8,-0.255,-0.167,2.799,-1.235,-0.66,2.514,-1.815
0.732,0.784,0.169,2.613,-0.819,0.819,0.968,-1.366
0.306,0.594,-2.121,0.139,-0.709,0.687,0.499,-1.135
0.022,1.405,-0.471,-0.979,-0.726,0.058,-0.17,-2.417
-1.471,0.725,-0.959,-2.405,0.036,0.475,1.061,-1.368
-1.283,0.864,0.163,-1.057,1.623,0.082,1.203,-1.485
-0.95,-0.829,0.49,-1.417,0.184,-1.679,1.862,-1.124
0.167,-0.093,1.2,-0.534,0.779,-1.912,0.396,-2.581
0.393,0.654,0.141,-0.276,0.779,-1.725,0.843,-1.253
0.793,-0.255,0.183,-1.486,0.012,-0.404,-1.003,-1.913
-0.536,0.296,-0.717,-0.574,0.437,1.234,-0.615,-0.961
0.832,-1.199,0.09,-0.582,-0.121,0.685,-0.609,-0.581
-0.164,-0.071,-0.951,-0.267,0.544,-0.051,0.379,-0.446
-0.823,-0.033,-0.532,-0.077,-0.395,-1.126,1.093,-0.015
-1.569,1.846,-0.453,-0.441,-0.003,0.323,-0.219,-1.431
-0.118,2.071,2.121,-1.136,-0.401,0.217,0.648,0.149
-0.667,2.194,-0.436,-1.225,1.69,-0.801,-0.562,-0.373
-0.223,1.879,1.63,-0.923,0.057,-0.6,-0.657,-1.232
-0.274,1.673,-0.1,-1.022,1.816,-0.864,-0.913,-0.935
0.217,-0.475,2.541,-0.331,-0.636,-1.752,-0.928,-0.332
-0.294,-0.475,-1.031,-0.676,0.543,-0.865,0.058,-0.624
1.089,1.204,1.377,-0.039,0.181,-1.296,1.394,-0.417
1.14,-0.88,-1.607,-0.941,0.593,0.517,1.294,-1.38
1.63,-0.674,0.24,-0.293,0.736,0.782,0.49,0.508
1.267,-1.368,-1.047,0.686,0.783,0.94,1.835,0.842
1.219,0.312,-0.741,0.936,-0.123,0.347,1.315,-0.12
-0.38,-0.232,-1.233,0.673,0.084,0.045,0.892,-0.254
0.435,1.208,0.371,2.536,-1.181,0.763,0.435,-1.929
0.22,0.115,-0.831,1.397,-0.664,0.346,-0.041,-0.247
0.58,-0.374,0.211,0.284,-0.834,1.404,0.584,-1.064
0.808,0.903,-1.525,0.117,-0.319,1.407,0.332,-0.043
1.766,1.174,0.575,-0.368,-1.915,0.888,0.165,-0.748
0.612,-1.894,-1.569,-0.441,-0.7,1.893,1.314,0.52
1.373,-0.896,-0.264,0.47,-0.617,-0.042,0.92,-1.286
0.113,0.061,-1.705,0.372,-0.733,0.145,0.636,-0.414
-0.092,0.186,0.713,0.079,-2.717,-0.461,0.649,-1.579
-1.457,-0.575,0.074,1.334,0.496,-0.465,0.632,-1.621
-0.885,-0.14,0.639,0.338,-2.543,-0.653,2.464,-2.469
-1.309,-0.183,0.753,-0.023,0.713,0.864,1.075,-3.378
-0.966,0.27,1.396,-0.329,-0.268,0.539,1.37,-0.991
0.343,-0.216,0.336,0.527,-0.052,-0.088,1.434,-1.001
2.683,-0.684,1.257,1.844,0.311,0.848,-0.42,-0.204
2.345,-0.111,-0.134,0.363,-0.738,1.624,-0.225,-1.429
0.87,0.302,-0.936,1.729,1.21,1.766,-1.231,-2.162
1.934,0.298,-0.94,0.858,-0.838,1.331,-0.011,-0.632
0.57,0.045,-1.189,0.08,0.021,1.407,-0.3,-1.262
-0.094,0.035,-0.822,0.41,-2.229,0.28,0.228,0.757
-0.41,1.251,-1.686,0.37,-1.169,0.269,-0.26,0.111
-1.445,1.83,-0.562,-0.804,-2.594,0.81,0.761,0.765
-1.824,2.071,-0.909,-0.955,-1.083,1.503,1.602,-0.1
-1.378,1.675,0.416,-1.531,-1.116,-0.305,2.831,-0.678
-1.306,0.424,0.359,-1.439,0.028,0.159,2.13,-0.475
-0.548,-0.976,1.075,-0.741,1.03,0.002,0.725,-0.753
0.14,-0.55,0.62,-0.129,0.936,-1.918,0.879,-2.327
0.424,-1.346,-0.296,0.494,0.532,-0.636,0.658,-2.028
0.547,-1.425,-1.063,0.399,-0.6,-0.864,-0.498,-0.948
0.731,-0.833,0.486,1.658,-0.264,-0.251,-1.01,0.051
-0.583,-0.902,-1.852,1.956,-0.705,-0.341,1.339,0.284
-1.275,-0.483,1.774,0.673,-0.97,0.544,0.937,-0.094
-1.34,-1.521,-0.456,1.084,0.212,-0.056,1.09,0.481
-1.696,-0.341,1.74,0.873,-0.496,-0.249,-0.3,0.015
-0.85,0.36,0.781,0.734,0.385,0.395,-0.333,-0.512
0.16,-0.339,0.816,0.415,-0.781,1.077,0.665,-0.931
1.401,0.656,0.938,0.501,-0.271,0.645,0.603,-0.537
0.371,2.604,-0.096,-1.142,-1.35,0.074,0.369,-1.175
-0.073,0.993,-0.583,-2.226,-0.116,0.737,-0.907,-0.871
0.176,0.955,-0.167,-2.018,-0.64,-1.236,1.012,-1.176
-0.465,0.838,1.788,-2.494,1.529,-0.488,-0.148,-1.515
-0.192,1.075,-0.558,-1.542,0.728,-1.641,-0.031,-0.434
0.717,-0.752,0.616,-1.623,0.35,-1.039,-1.02,0.733
0.01,-1.139,-0.053,-0.876,2.27,-1.286,0.108,0.951
-0.354,-0.743,0.139,-0.224,-0.178,-1.819,-0.486,-0.431
-0.208,0.687,1.563,0.601,1.969,-0.422,-0.695,-0.59
-1.089,0.212,1.141,0.313,0.528,-0.916,-0.468,-0.59
-0.555,-1.282,1.06,0.374,0.049,-0.292,-0.895,-0.378
0.141,-1.345,0.988,0.604,1.737,0.023,-0.776,0.842
0.19,-1.602,1.215,0.82,-0.009,-0.299,-0.455,0.412
0.27,-0.492,-0.436,1.174,1.273,-0.108,-1.419,1.967
0.128,-0.956,1.184,2.258,-0.615,-1.311,-0.149,0.2
-1.034,-1.075,0.612,1.106,0.443,1.091,-0.23,0.611
-0.413,0.347,1.944,0.179,0.78,0.618,0.841,0.866
1.188,1.313,1.257,-0.964,1.011,-0.968,-0.368,-0.633
1.053,0.065,-0.259,0.584,1.374,-1.0,0.119,-1.105
2.16,0.905,0.731,-0.423,1.668,-2.091,1.415,-0.209
1.475,-1.156,-0.894,0.036,2.062,-1.233,0.443,0.575
1.446,-0.486,-1.185,-0.778,2.093,-2.108,-0.76,-0.488
1.019,1.095,-1.359,-0.475,0.861,-1.199,-1.41,-0.374
-0.371,0.796,-1.799,-1.023,-0.232,0.645,-0.86,0.388
-0.777,0.223,-0.501,-1.658,-1.797,0.164,-0.004,1.241
-0.61,-0.268,-0.865,0.251,0.12,1.074,-0.292,0.396
-0.793,-0.712,-0.006,0.171,-2.07,-0.97,0.601,1.131
-1.244,-0.304,0.944,2.189,-0.357,0.568,0.646,-0.017
-0.771,-1.73,-0.237,1.262,-2.229,0.665,1.673,0.478
-0.225,0.637,-0.231,0.049,-0.953,2.605,0.891,-0.524
0.113,0.733,-1.988,-1.765,-1.715,2.69,0.937,-1.532
0.617,0.344,0.5,-0.835,0.119,2.449,0.71,0.543
0.221,-0.606,-1.821,-0.1,-0.478,1.035,0.658,0.442
0.611,-0.025,-0.406,-0.305,-1.054,-0.915,0.593,-0.557
0.31,0.546,-1.278,-0.745,-0.304,-0.156,2.006,-1.723
0.567,1.195,-0.458,-1.204,-0.344,-0.531,1.965,-0.944
-0.954,-0.396,-0.348,-1.123,0.191,-0.093,2.941,-1.353
0.922,-0.897,-1.572,0.101,-0.103,1.43,1.161,-0.389
1.5,1.274,-0.821,1.306,-0.583,0.059,-0.235,-1.597
0.556,1.551,-2.256,0.419,0.063,0.867,-0.374,-0.994
0.329,1.523,0.686,-1.265,-1.185,0.297,-0.08,-2.964
-0.07,0.565,-0.816,-1.239,-0.597,2.225,-0.618,-0.51
0.469,1.055,0.447,-0.39,-0.727,0.001,-0.364,0.194
0.431,-0.68,1.538,-0.585,-0.432,-0.578,1.105,0.103
0.993,1.127,-0.302,-0.017,-1.287,0.038,0.621,2.094
0.699,0.558,0.948,-0.904,-0.368,-0.331,1.411,1.377
-0.436,0.751,-1.128,-0.308,-0.288,0.811,0.755,0.081
0.9,1.031,0.569,0.467,-1.478,0.628,1.354,-1.322
0.711,0.463,0.484,-0.367,0.917,-0.771,0.936,-3.142
1.231,0.106,0.63,-0.777,-1.208,-0.463,1.756,-2.203
0.912,0.583,-0.403,-0.765,-0.569,0.393,0.48,-1.808
1.098,1.348,-0.798,-1.687,-0.82,0.921,1.868,0.054
-1.315,-0.796,-1.566,-0.759,0.723,0.085,1.481,-2.598
-1.744,-1.517,0.404,0.64,-0.576,-0.822,-0.353,-1.083
-2.031,-1.597,0.686,1.507,0.995,-0.855,-0.85,-0.305
-0.474,-1.835,1.227,1.346,-0.412,-1.235,-0.652,-1.131
0.078,-1.788,-0.035,2.351,-0.014,-0.335,-0.51,0.236
0.255,-0.59,0.475,2.628,-1.611,-0.585,-0.366,-0.391
0.471,-0.815,-0.633,0.491,0.172,1.376,-0.191,0.343
0.524,0.617,1.306,0.098,-1.078,0.721,-0.417,-0.581
0.165,1.353,-0.802,-0.576,0.492,0.814,0.767,-0.069
2.025,0.769,0.065,-0.34,-0.159,0.929,0.441,1.09
0.805,1.557,-1.257,0.026,-0.874,0.52,0.613,2.895
-0.197,0.799,-0.263,-0.957,-2.077,1.121,0.752,1.238
-1.81,0.001,-1.092,-2.511,-0.351,1.076,0.291,0.069
-0.049,0.349,1.255,-2.258,-0.609,0.416,0.52,-1.723
-1.379,0.779,-0.645,-2.734,-0.109,-1.512,-0.921,-1.83
-0.144,-0.789,1.261,-1.992,0.241,-2.898,-1.054,-0.579
-0.687,-0.694,-0.513,-1.196,0.628,-2.623,-0.467,-0.302
0.112,-0.039,2.569,0.13,0.114,-2.791,-0.771,2.049
-0.039,0.4,-0.401,0.827,1.325,-2.056,0.01,1.083
1.613,-0.173,1.975,0.385,-0.461,-1.312,0.19,1.261
0.751,0.53,0.96,0.488,0.85,-0.323,-0.477,0.244
1.487,0.716,1.134,1.835,-0.336,-1.178,1.108,1.707
0.18,-0.185,0.963,1.035,-0.226,0.207,1.487,0.207
0.602,1.718,0.547,0.895,0.475,0.913,1.662,1.999
1.397,1.077,0.826,0.717,-0.245,0.234,-0.957,1.492
1.128,-0.038,-0.755,0.133,1.641,0.084,-1.858,0.413
2.207,-0.332,-0.901,0.088,1.297,0.511,1.232,-1.614
1.319,0.523,-2.034,-0.16,0.257,0.054,1.397,0.025
0.689,0.618,-0.941,-0.241,0.279,0.375,0.374,0.511
1.069,2.205,-1.082,-0.4,0.731,-0.298,-0.105,-1.135
-1.075,0.775,-1.651,-1.216,-0.43,0.083,-0.587,-0.811
-0.688,-1.007,-1.032,-1.647,-0.393,0.252,-2.091,-1.565
-0.311,-0.159,-1.662,0.205,-0.332,-1.47,-1.312,-0.685
-0.346,0.182,1.383,0.135,-1.032,-1.353,0.695,0.044
-0.361,-1.763,-0.931,0.165,1.342,0.456,-1.01,1.045
0.912,-1.185,-0.724,-0.363,0.409,-0.236,0.332,0.431
0.83,-0.956,-1.125,0.33,-0.246,0.374,0.202,0.387
1.253,-0.529,-0.678,1.207,-0.083,-0.042,-0.198,0.82
0.899,-1.125,-1.794,1.544,-1.377,-0.314,-0.003,-0.344
0.288,-1.543,0.277,0.579,-2.197,0.65,-0.711,0.385
-0.238,-0.118,-1.543,0.714,-0.214,0.911,-0.698,-0.056
-0.215,-0.611,0.423,0.231,-0.943,0.517,-0.049,1.56
-1.286,-0.826,-0.88,-0.029,0.592,1.629,0.952,1.739
-0.137,-1.149,0.545,0.293,-1.021,0.55,0.529,1.348
-0.631,-0.851,0.327,1.418,1.21,-0.036,-0.648,1.582
1.047,-0.443,0.856,0.453,-0.391,-0.177,-0.4,-0.223
0.904,-0.023,-0.635,-0.299,-0.336,0.605,-0.019,0.588
0.97,-0.741,1.144,-0.934,0.323,-0.717,-0.832,1.013
0.854,-0.77,0.15,-0.657,0.579,-0.017,0.256,0.788
0.555,-1.818,-0.773,1.739,-0.607,-0.706,1.128,0.167
1.061,-3.64,-0.987,2.149,-0.822,0.641,1.832,-0.299
1.809,-1.478,-1.234,2.883,-0.665,1.028,2.337,0.308
0.949,0.149,0.04,2.825,-1.697,1.599,1.699,0.479
0.123,0.445,-1.384,1.008,-2.305,2.305,0.676,1.467
-0.269,-0.367,-0.645,0.246,-2.001,2.012,0.868,0.716
-1.978,-0.15,-0.287,0.85,-0.934,1.881,2.001,0.06
-1.611,-0.878,0.328,0.239,-0.959,1.83,1.542,1.908
-0.954,-0.448,0.273,-0.26,0.688,2.676,0.765,0.474
0.238,-0.797,-0.261,1.042,-1.045,0.317,1.728,-1.073
0.947,-0.992,-0.423,-0.189,0.865,0.528,1.029,-0.522
0.041,-0.186,-0.668,1.051,-0.361,-1.273,0.234,-0.363
-0.148,2.131,0.482,0.576,-0.327,-1.545,-0.481,-0.389
0.147,2.305,0.56,-1.099,-0.067,-0.708,-0.198,-1.354
0.341,1.12,1.023,-1.36,0.476,0.017,0.624,-0.058
0.248,1.25,0.341,-0.662,2.378,-1.172,0.714,0.403
1.55,1.285,-1.854,-1.018,0.704,-2.135,1.093,-1.588
1.759,0.361,1.198,-0.236,2.257,-1.933,-1.51,-1.906
0.827,0.605,-0.863,-0.704,0.85,-2.583,-1.1,-0.872
0.235,-0.626,-0.173,-0.477,0.2,-1.735,-0.935,0.848
-1.387,-0.698,-1.215,-0.924,0.316,-0.656,-2.142,-0.213
-0.462,-0.438,0.703,-0.438,-0.679,0.156,-1.667,-0.217
-1.342,-0.674,-0.184,0.114,1.001,0.213,0.063,-0.152
-1.949,1.273,0.424,0.033,-0.401,0.258,0.909,0.188
-0.2,0.862,1.869,-1.562,0.538,-0.132,0.231,1.594
0.311,0.104,-0.248,-0.43,0.759,-0.669,-0.321,-0.389
-0.044,-0.197,0.988,0.5,0.444,-1.65,-0.534,-1.656
-0.847,0.471,-1.094,-0.237,1.249,-0.61,-0.069,-0.338
0.577,-1.251,0.699,0.351,0.917,0.198,-0.969,-0.985
-0.598,0.143,-0.046,-0.402,1.331,0.459,-2.283,-0.326
0.691,-1.167,0.312,1.204,-0.572,0.219,-2.591,1.984
0.711,-0.021,-0.652,0.459,-0.108,0.675,-1.649,0.497
1.35,-0.345,-1.727,1.302,-0.55,0.851,0.405,-0.321
0.884,0.292,-0.776,1.29,-0.535,0.32,0.211,1.261
0.229,-0.602,-1.424,0.558,-2.51,1.082,1.861,0.413
0.155,-0.027,0.066,-0.629,-1.049,1.599,0.773,0.019
-0.441,1.612,0.439,-1.273,0.545,0.945,1.968,-0.176
-0.275,0.823,-0.484,-1.385,0.194,-0.449,1.376,-1.006
0.308,0.451,0.855,-1.36,0.639,-1.693,0.86,-0.163
0.465,1.439,-1.296,-0.958,0.772,-1.417,0.255,-0.611
-0.585,1.547,0.961,-2.43,-0.099,-0.653,-0.165,-3.058
-0.608,1.097,-0.852,0.074,1.534,-0.796,-0.457,0.863
-0.301,-0.661,1.405,-0.225,-1.715,-1.733,0.285,-0.404
-0.593,-1.383,0.978,0.105,0.979,0.171,0.37,0.789
1.268,-0.255,-0.435,-0.402,-0.365,-0.865,0.72,0.212
0.916,-0.997,0.338,0.318,-0.318,1.467,-0.795,-1.67
0.931,-0.279,0.2,-0.079,0.996,1.205,0.867,-1.454
0.682,-0.102,0.302,-0.433,-0.346,-1.273,1.204,-0.505
1.253,-0.734,1.453,-0.194,0.422,0.336,0.808,-0.771
0.487,0.137,-0.634,1.563,0.192,-0.689,0.866,-1.243
0.662,1.603,1.241,2.038,-0.941,-1.673,-1.258,-1.642
0.363,0.108,-0.285,-0.513,-0.516,-0.145,0.502,-1.816
1.484,-0.385,0.436,-0.596,-0.342,1.321,1.639,-0.681
1.228,-0.094,-1.207,0.464,-0.988,1.433,0.132,0.343
0.621,0.501,-0.198,0.953,-0.488,0.599,-0.391,0.926
0.986,-0.409,0.421,0.5,-1.1,-0.062,-0.214,1.188
-0.419,-1.288,0.458,0.3,-0.35,0.712,-0.655,1.046
-1.21,-2.323,0.861,1.002,-0.857,1.005,-0.168,-0.043
0.197,-1.745,0.128,2.385,0.785,0.799,-0.222,-0.161
0.6,-0.489,-0.843,2.637,-0.723,-0.39,0.433,-0.559
0.058,0.815,-0.098,0.751,-0.169,1.105,-0.831,0.216
-0.951,0.563,-1.377,-0.065,-0.082,1.277,0.71,0.257
0.961,-0.266,0.063,-0.609,-1.224,0.923,0.494,-0.125
0.364,0.662,-0.072,-0.286,-0.341,-0.907,-1.108,0.07
0.866,0.498,0.793,0.151,-0.431,-0.928,0.333,0.01
0.455,-1.348,0.776,0.589,0.722,-0.002,-0.817,0.24
1.405,-1.71,0.742,1.204,0.367,-0.116,-0.417,0.216
1.18,0.098,-0.404,1.53,-0.49,0.118,-1.338,0.89
1.172,0.564,-0.284,0.755,-0.433,1.423,-0.115,0.534
0.331,-0.862,-2.311,0.411,0.215,2.442,1.783,-0.074
0.184,0.316,0.573,1.14,-1.073,0.527,0.846,0.362
-2.229,1.116,-2.161,1.151,0.448,0.485,-0.029,-0.379
-1.598,0.076,2.024,1.278,-1.556,0.922,0.687,-0.152
-1.409,0.681,-0.966,0.303,1.076,1.449,-0.867,-1.243
0.447,-2.817,3.557,-0.668,-1.693,1.147,0.959,-0.517
0.25,-0.668,-0.782,1.11,1.626,0.212,-0.0,0.059
1.234,0.521,1.338,0.595,-1.068,-0.441,0.779,-0.122
-0.365,-0.972,-0.387,1.067,-0.273,-0.444,-1.702,-0.995
-1.641,-0.013,-0.202,-0.199,-0.833,0.067,-0.468,-0.435
-0.474,-0.274,0.677,-0.027,-0.442,0.66,-0.474,-1.292
-0.871,-0.341,-0.406,-0.16,0.528,-0.579,0.517,0.062
-0.465,-0.477,1.311,-0.325,0.242,-1.35,0.647,0.494
-0.447,-1.39,0.336,-1.663,1.684,-1.929,0.175,0.81
-0.929,1.161,0.837,-0.655,1.479,-1.135,0.691,1.214
-0.536,0.406,1.455,-1.185,1.849,-0.523,-0.443,0.18
1.021,0.101,0.645,0.31,1.747,-0.47,-0.282,0.629
1.774,-0.931,-1.317,0.555,1.363,-1.263,-0.961,-0.921
1.449,-1.192,-1.017,0.441,-0.372,-0.876,-0.521,-0.929
-0.43,-0.327,-2.31,0.687,0.152,-0.904,-0.301,-1.048
0.903,0.597,0.269,-0.536,-1.622,0.192,-0.72,-0.595
-1.099,0.917,-1.551,-1.129,0.027,0.456,-0.368,-0.844
0.762,1.534,-0.02,-0.917,-1.587,0.908,0.496,1.586
-1.253,0.545,-1.676,0.772,0.445,1.257,0.025,0.063
-0.24,-0.125,0.213,-0.991,-1.363,1.531,1.59,0.679
0.566,0.541,-0.38,-0.193,-0.02,0.743,0.778,0.075
-0.283,-0.23,0.676,0.372,-1.635,0.093,1.174,0.116
0.078,0.81,-0.389,-1.084,0.498,1.117,0.581,-0.232
0.664,0.798,-0.105,-0.622,-1.047,0.602,0.751,-0.287
0.284,1.036,-0.59,-0.423,0.067,0.093,0.092,0.614
-1.312,0.836,-0.825,-1.005,-0.52,-1.068,0.655,-0.891
-1.454,-0.352,-0.025,-0.728,-0.505,-0.063,0.274,-0.965
-1.153,-0.944,1.566,-0.96,0.496,-0.832,-0.266,-0.658
-0.746,0.003,1.176,-1.857,-0.126,-2.235,0.457,0.198
-0.327,2.004,2.884,-2.827,-1.129,-1.681,0.516,-0.059
0.779,-0.491,0.227,-2.181,1.21,-0.466,-0.106,-0.35
2.086,-0.189,3.2,-0.73,-0.013,-1.17,0.678,0.168
0.963,0.104,-1.024,-0.474,2.029,-2.481,0.908,-0.805
1.046,-1.296,0.419,0.084,1.225,-2.01,0.503,0.085
0.894,-0.434,-0.869,1.023,1.551,-2.312,0.099,0.397
0.257,-0.059,0.543,1.713,-0.455,-1.024,-0.005,0.218
-0.173,-1.962,-0.225,0.869,0.146,0.909,-0.694,-0.477
1.3,0.518,0.149,2.443,-0.07,0.661,-0.73,-0.086
1.023,-0.527,0.601,1.926,-1.9,1.654,-0.953,-0.73
0.103,-1.166,-1.419,1.788,-0.346,1.763,0.898,1.021
0.445,-0.295,-0.728,0.404,-2.642,1.395,0.935,0.973
-0.934,0.271,-0.765,0.298,-0.69,2.413,-0.195,1.005
0.578,0.434,0.065,-0.534,-1.623,0.832,2.022,-0.547
-0.208,-0.277,-0.689,0.547,-1.127,1.615,1.807,0.24
-0.264,0.07,1.959,0.12,-1.498,1.3,0.836,-1.41
-0.144,-0.664,0.99,-0.223,0.067,0.987,1.135,-2.531
0.849,-1.539,1.847,0.094,0.017,0.521,2.319,-1.051
-0.068,0.523,-0.442,0.621,0.642,-0.444,1.512,-1.495
-0.695,-0.048,0.979,-0.058,-1.315,0.504,0.55,-0.907
-0.776,-0.269,-1.224,-0.051,0.299,0.316,0.041,-1.919
-0.072,-1.759,0.143,1.135,-1.179,0.057,1.462,-1.804
-0.384,-0.936,0.14,1.485,-0.084,-1.108,0.354,0.108
-0.734,-1.269,-0.007,-0.221,-1.551,0.111,1.017,-0.044
-1.34,-0.797,-0.065,-0.394,0.138,0.369,-0.048,0.022
-1.27,-0.219,0.703,0.717,-0.149,-0.187,0.882,-0.093
-1.349,-0.585,-1.473,0.252,0.723,-0.805,0.077,-0.48
-0.093,0.536,1.221,1.443,-1.208,0.2,2.57,-0.381
-0.808,0.779,-0.488,0.425,0.061,-0.137,0.798,0.369
-0.06,1.178,1.512,-0.593,-0.957,-0.126,0.98,0.801
-0.547,-0.397,0.798,-0.639,-0.614,0.264,1.008,0.126
-0.031,-0.895,0.619,-0.382,-0.276,0.911,0.15,1.768
-0.189,-0.372,0.501,-0.472,-0.91,-0.012,-1.056,0.309
-0.275,-1.042,-0.359,-0.428,0.588,-0.897,1.106,0.909
0.53,-0.415,-0.219,0.567,0.96,-3.034,1.133,-0.352
-0.218,-1.364,-1.019,0.683,-0.377,-1.619,0.281,0.545
-0.694,-1.229,-0.6,1.376,0.673,0.888,-0.418,-1.28
-0.834,-2.2,-1.242,0.183,0.401,0.364,-0.577,-1.928
-1.732,-1.887,-0.697,1.269,0.108,1.129,-0.73,-0.807
-1.741,-0.451,0.237,1.504,-0.575,-0.451,-0.153,-2.119
-2.126,-0.513,0.194,0.603,-0.601,0.04,-0.397,-0.438
-1.439,1.166,0.676,-0.433,-0.876,0.25,0.485,-0.516
-0.667,-0.158,0.256,0.36,0.54,0.769,0.468,-0.282
-1.06,0.254,0.817,0.04,-0.517,-1.091,0.087,0.187
-0.713,-0.826,-0.524,0.312,0.503,-0.337,0.085,0.115
1.033,1.831,1.339,-0.18,-0.455,-0.496,0.556,1.138
0.796,0.816,-2.059,-0.801,0.991,0.154,1.627,0.437
1.719,0.895,1.053,-1.12,-1.418,0.629,1.081,-1.19
0.905,0.742,-1.211,-0.44,-0.006,1.317,0.463,-0.348
1.482,0.192,-1.116,-0.846,-1.35,-0.214,-0.678,-1.256
-0.129,-1.328,-1.018,-2.091,1.293,0.565,-0.293,0.272
-0.483,-0.248,-0.017,-1.745,-0.067,-0.072,-0.57,0.053
-0.646,-0.692,-1.018,-0.655,0.659,-1.18,-1.951,0.601
-0.772,-0.778,0.016,-0.243,-1.482,-1.107,-1.584,-0.424
-1.649,0.061,-1.297,0.009,0.771,0.097,-1.964,-1.376
-2.077,0.088,1.478,-0.617,-0.903,0.32,0.261,0.134
-0.88,0.543,0.611,-0.354,1.797,0.527,0.205,-1.072
-0.71,0.592,1.056,-0.934,-0.249,0.54,0.324,-1.063
0.3,-1.104,-0.883,-0.645,2.08,-0.279,-0.371,-1.221
0.628,0.651,0.235,0.861,-0.435,-0.974,0.397,0.654
-0.754,1.421,-0.77,-0.463,-0.438,0.154,-0.605,1.602
0.454,-0.33,0.217,-0.8,-1.349,0.93,0.526,1.013
-0.953,0.297,-1.768,0.195,0.143,0.097,0.2,-0.265
-0.022,-0.144,-0.326,1.492,-1.173,-0.587,1.39,1.147
-0.841,-0.666,-1.122,0.115,0.791,-0.27,0.191,0.168
-0.217,-0.683,-0.1,1.272,-1.101,-0.195,2.11,-0.213
-1.392,1.353,0.399,1.548,0.594,0.707,1.167,-1.138
-0.161,1.279,0.998,0.878,-0.936,0.068,1.882,-1.462
0.26,1.36,0.67,1.091,0.31,1.376,-0.767,0.148
0.018,-0.584,-0.055,0.039,-1.443,0.565,0.209,-0.945
2.025,1.783,0.436,0.151,0.966,1.241,0.048,-0.488
1.807,1.846,-0.406,-0.034,-2.195,-0.4,0.962,0.306
2.703,-1.291,0.009,-2.223,1.114,1.041,0.92,-0.604
2.956,-0.223,-0.589,-1.091,-1.663,0.303,1.954,0.933
1.788,-0.737,-2.939,0.076,0.415,-0.027,0.828,0.648
0.579,-0.243,-1.795,0.788,-1.84,-0.606,-0.227,1.003
-0.922,0.333,-1.613,0.318,-0.679,0.03,-0.991,0.113
-2.89,-0.782,-0.058,-0.74,-1.18,2.659,-0.615,0.993
-2.977,1.478,0.771,0.595,0.025,1.048,-0.601,0.461
-1.854,1.342,0.783,0.708,-1.383,-0.841,0.155,2.278
0.086,1.299,2.695,0.023,0.761,0.076,-0.598,0.625
-0.163,1.878,-1.311,-0.235,-0.027,-1.844,3.031,0.315
1.386,0.434,0.934,-0.654,-0.472,0.494,1.299,0.496
-0.228,-0.578,-0.378,-1.168,-0.417,0.843,1.542,1.719
0.015,0.826,0.299,-0.522,-0.684,0.35,1.389,-1.042
-0.593,1.698,-0.937,-0.22,-0.372,0.072,0.217,0.369
-0.388,-0.299,1.12,-1.408,-0.83,-0.18,0.459,-0.668
0.007,1.617,-0.175,0.676,0.523,0.969,1.387,-0.594
0.92,0.729,1.078,-0.514,-0.364,0.065,0.167,0.585
0.793,0.731,0.399,-2.108,0.583,0.195,-0.017,-0.451
1.072,0.864,-0.329,-0.778,0.274,1.433,0.11,-0.382
1.291,-0.392,-0.538,-1.605,0.1,-0.51,-0.052,-0.927
1.863,-1.016,-1.271,-1.483,0.712,-0.631,-0.12,-0.179
0.883,-2.222,-1.878,-0.94,-0.924,-0.671,-0.009,0.072
0.767,-2.373,-0.075,0.467,-0.503,-0.542,0.611,0.925
-1.566,-2.528,-1.073,0.922,0.832,-1.068,0.983,1.692
-0.81,-1.295,0.727,0.213,-1.408,-0.516,0.045,1.659
-1.232,0.648,-0.017,0.431,1.241,0.404,1.598,0.041
-0.457,0.29,1.802,-0.024,-1.448,0.438,0.991,1.17
0.469,0.411,-1.719,-1.33,0.364,1.69,0.807,1.557
1.21,0.846,0.549,-1.576,-0.399,1.351,-0.029,-0.251
1.282,0.873,-2.681,0.037,0.73,0.175,-0.377,0.349
1.656,0.189,0.164,-0.077,-0.861,-0.484,0.844,0.14
0.26,-1.273,-0.973,0.965,1.44,-0.605,0.417,0.868
1.211,-0.91,-0.952,1.401,0.298,-0.584,0.479,0.991
0.318,-0.587,-0.263,1.597,0.981,-1.144,-0.798,0.281
-0.196,-1.022,-0.274,-1.057,-0.027,-0.399,0.027,-0.888
-0.103,-0.061,0.296,0.681,0.787,1.067,0.329,-0.683
0.12,-0.45,0.292,-0.053,-0.231,0.438,-0.024,-1.035
0.673,0.375,0.433,0.065,-0.494,1.368,0.114,-0.547
0.377,-0.302,-0.61,0.341,0.379,0.635,-0.442,-0.405
0.659,-1.247,-0.797,0.009,-0.278,-0.063,0.909,-0.546
0.994,0.969,-0.924,1.253,-0.246,0.944,-0.711,-0.422
0.452,0.408,-0.866,0.394,-0.979,0.956,-0.444,-0.58
-0.343,0.961,-0.274,1.256,0.792,2.36,-0.361,-0.189
-0.628,-0.676,-2.036,0.641,-1.858,-0.11,0.656,-0.026
-2.015,-0.625,0.324,0.63,-0.355,1.371,-0.423,-0.76
-1.331,0.2,-0.216,2.27,0.023,1.566,1.546,-0.159
-1.031,1.499,0.733,0.208,-1.504,1.513,0.682,-0.649
-1.211,-0.053,0.395,-1.204,-0.351,2.886,1.123,-0.414
0.246,-0.393,-0.661,1.224,0.04,1.44,2.19,-2.148
-0.95,-0.333,0.764,0.325,-0.948,-1.46,1.752,-1.109
0.414,-1.425,-0.265,0.298,-0.392,1.251,0.275,-2.256
-0.016,-0.699,2.057,2.008,-0.046,-0.482,0.809,-1.796
-0.294,-0.344,0.591,0.777,0.089,-0.161,-0.397,-0.501
1.294,0.691,1.652,0.35,-1.5,0.935,-0.791,-0.458
1.448,1.252,-1.04,-1.071,0.064,2.651,-0.029,-0.122
3.268,0.813,-0.57,-1.242,0.544,0.535,0.79,-0.278
1.337,0.965,-2.825,-0.002,-0.876,-0.28,-0.333,-1.315
0.727,0.437,0.376,-0.506,-0.186,0.528,-0.894,-2.183
-1.591,-0.023,-2.011,-1.083,0.072,-0.86,-0.784,-0.117
-0.962,-1.643,-0.177,-0.884,-0.428,-0.22,-0.047,-0.415
-1.91,-1.416,-0.038,0.113,-0.825,-0.994,-0.382,0.79
-1.663,-0.872,1.482,0.967,0.139,-1.672,0.13,-0.521
-2.173,-1.551,0.857,0.298,-0.306,-0.654,0.511,0.953
0.369,-0.748,2.187,0.468,0.567,0.258,0.548,1.551
-0.467,-0.546,0.3,0.464,0.677,0.279,0.186,1.34
-1.559,-0.986,0.86,0.148,-0.374,0.38,1.391,-0.246
-1.577,-1.026,2.597,0.002,1.504,0.535,-0.243,0.0
-0.99,-0.163,-0.694,0.473,0.656,0.983,-0.051,1.24
-0.793,0.828,1.877,0.321,0.835,0.747,-0.128,0.527
-0.098,-1.499,1.11,-0.422,1.917,-0.238,-1.125,0.072
0.556,-0.852,1.996,-0.408,0.615,-0.388,-1.019,0.452
0.592,0.244,-0.343,-0.7,0.966,-0.605,-0.346,0.917
1.916,-0.084,0.564,-0.323,1.341,-1.987,-1.837,0.558
1.126,-0.023,-1.746,-0.369,0.383,-0.699,-0.459,-0.013
2.452,-1.088,1.015,0.065,0.429,-0.994,0.046,-1.876
-0.225,-0.668,-1.565,-0.2,0.128,0.267,-1.728,1.718
-0.122,1.108,0.03,0.442,-0.346,-0.154,-0.772,-0.665
-0.489,0.102,-0.156,-0.831,-0.155,0.811,0.774,-0.605
-1.995,-1.259,-0.841,-1.249,-0.702,0.293,0.068,1.268
-1.945,-0.751,0.086,0.331,-0.637,0.424,0.813,1.46
-1.26,0.25,0.629,0.87,-0.428,0.184,2.38,-0.851
-1.598,1.184,1.707,-0.121,-0.929,0.897,2.419,-0.74
-0.05,0.175,0.658,0.53,1.455,1.294,1.802,-1.527
0.831,0.262,1.167,0.894,-0.478,0.188,1.22,-0.99
0.437,0.752,-0.899,-0.502,1.982,0.226,0.067,-0.017
0.769,0.861,1.416,0.255,-1.134,-0.88,0.407,-0.059
0.949,0.273,0.002,0.431,1.757,1.08,-0.13,-0.995
1.457,1.549,1.026,0.16,-0.785,0.855,0.283,-1.741
0.165,0.092,0.42,-1.069,1.858,1.03,-0.424,-0.963
1.125,0.75,0.421,-1.495,-0.547,1.004,1.058,0.029
1.815,0.359,-0.473,-0.196,0.473,-0.155,0.264,-0.995
1.162,-0.219,-2.074,0.232,-0.293,-0.765,-0.243,-0.139
1.49,-0.593,-1.39,0.676,-0.756,-1.013,-0.503,0.573
-1.632,-0.542,-1.047,0.266,-1.852,-0.765,0.49,0.443
-0.979,-0.8,0.867,-0.124,-0.318,0.345,0.048,-0.138
0.205,-1.205,0.156,-0.105,-1.449,0.403,0.66,0.281
0.866,-0.19,0.373,0.86,-0.34,0.877,0.593,-1.127
0.871,-0.506,0.567,0.175,-1.346,-0.651,1.085,-0.423
1.354,-0.984,0.307,0.127,-0.01,0.501,-0.138,-1.337
1.307,-0.305,-0.375,0.247,-0.478,0.506,0.522,-1.033
1.338,-0.404,-0.292,0.034,0.459,0.421,-0.239,-0.11
0.773,-1.582,-0.804,0.263,-0.653,0.67,-0.887,-0.206
-0.073,-1.335,-1.25,0.255,-0.775,0.33,-1.209,0.147
-0.969,-0.796,-2.399,1.457,-0.686,-0.475,-0.733,-0.497
-1.807,-0.866,0.645,1.037,-0.898,0.094,-1.157,-2.124
-3.067,0.444,-1.205,0.664,0.446,0.959,-0.837,-1.417
-2.36,-0.635,2.286,1.558,-0.428,0.83,0.203,-0.024
-0.829,-0.872,1.301,-0.062,0.288,1.631,-0.823,1.361
1.008,-1.129,1.341,0.834,0.275,1.199,-0.946,0.685
0.566,-0.391,1.623,1.751,0.64,1.045,-1.02,0.138
0.675,0.159,0.289,2.076,0.44,0.765,1.092,-0.249
1.334,-1.336,0.523,1.421,1.094,0.68,0.624,-0.061
0.278,-0.097,1.121,0.503,-1.097,0.368,0.81,1.014
0.784,0.622,-0.964,-1.407,1.055,1.027,-0.927,-0.625
1.375,-1.118,-1.695,0.19,-1.603,0.184,-1.212,-1.33
0.86,-1.084,-1.243,0.075,-0.464,0.079,-1.926,-0.76
0.15,0.332,-0.198,-0.761,-1.701,0.885,1.116,1.056
0.228,0.991,-0.305,0.761,-0.751,1.721,0.698,1.011
-0.273,0.319,-0.516,-1.543,-1.539,1.885,1.02,1.052
-0.134,0.546,0.357,-0.62,-0.211,1.345,2.356,-0.462
-0.411,1.967,-0.419,-1.572,0.781,0.043,1.621,-0.992
-0.033,1.789,-0.474,-1.574,0.527,0.249,1.892,-2.327
-0.911,-0.455,-0.923,-1.037,0.957,-0.863,0.916,-1.44
-1.09,0.874,-0.638,0.295,-0.194,-0.233,0.808,-2.193
-0.538,-0.066,-0.717,-0.078,-0.319,-1.936,0.438,-1.715
-0.275,0.485,-0.056,-0.151,-0.168,0.196,1.502,-0.254
-0.543,1.355,0.899,-0.706,-0.158,-0.094,1.168,-1.955
0.027,1.175,-0.162,-0.81,-0.206,-0.068,0.692,-0.256
-0.082,1.581,-0.372,-0.109,0.475,-0.337,1.88,-1.237
-0.803,-0.41,-0.262,-2.483,-1.247,0.161,1.318,-0.548
-0.479,-0.124,-0.104,-1.764,-0.583,-0.029,-0.066,-2.112
-0.071,1.683,0.325,-0.954,0.959,0.522,0.518,-1.766
-0.112,1.821,0.812,0.084,-0.715,-0.298,-0.19,-1.413
1.022,0.972,1.424,-1.287,0.533,-0.329,0.863,-0.615
1.564,-0.252,-0.523,-0.982,3.023,0.258,-0.189,-0.161
3.244,-0.035,0.134,-0.056,0.667,-0.844,0.374,0.593
2.203,-0.712,-1.808,1.927,1.055,-1.23,-0.276,0.083
0.899,-1.3,-1.322,-0.038,-1.035,0.253,-1.728,0.269
-0.575,-0.027,-1.39,-0.414,0.159,1.503,-0.505,0.874
-1.282,0.16,-1.9,-0.536,-0.855,1.156,0.248,-1.439
-1.162,-0.717,-0.352,0.935,-0.269,-0.108,0.08,0.463
-2.844,0.061,-0.668,1.34,-0.638,-0.325,-0.047,0.028
-1.274,-0.016,0.757,0.745,-0.479,0.255,0.177,-1.249
-0.991,1.506,-0.117,0.351,0.058,1.202,1.956,1.142
-0.771,0.531,1.62,-0.637,-1.043,1.47,1.269,1.557
-1.219,1.45,-0.14,-1.205,0.647,1.818,0.314,0.567
-0.634,-0.134,0.285,-0.556,-0.921,-0.08,0.787,0.321
-0.533,0.644,0.06,0.638,0.912,-0.633,1.54,0.985
-0.262,2.055,-0.01,0.364,-0.533,-1.289,-0.082,-0.546
0.388,1.086,0.804,-0.666,1.024,0.898,0.393,-1.477
-0.173,1.095,0.249,-1.269,-0.414,1.198,-0.767,-1.376
-0.465,-0.866,1.121,-1.415,0.525,0.458,-1.02,-1.162
0.348,0.328,-0.282,0.624,1.241,-0.563,1.079,0.119
0.8,0.243,0.152,-1.754,0.207,-1.331,1.553,0.484
0.36,0.348,-0.426,0.429,1.977,0.074,2.058,0.588
1.122,0.976,-0.327,-0.565,0.508,-3.08,1.624,0.628
-0.002,-1.51,0.537,-0.57,0.34,-0.79,0.277,1.207
-1.098,-1.057,-1.353,0.485,0.825,-0.866,0.074,-0.575
0.201,-1.048,-0.225,0.471,-0.148,-1.442,-1.204,-0.856
-1.14,-0.356,-0.429,-1.185,1.171,-0.354,-1.132,0.304
-1.85,-1.98,0.345,-0.705,0.702,-0.548,0.293,0.425
-0.815,-1.732,-0.687,0.732,1.605,-0.43,-0.083,-0.482
-0.24,-0.102,-0.322,1.976,-0.396,-1.272,-0.38,-0.685
-0.248,0.206,-1.276,-0.136,0.225,0.871,-1.591,0.63
-0.585,-0.999,-0.426,-0.191,-1.173,-0.808,-1.242,1.634
-0.849,-0.775,-0.884,-0.929,-0.818,0.51,0.211,1.121
-0.762,0.46,0.409,-0.02,-0.348,-0.312,2.372,1.09
0.451,-0.902,0.88,0.51,-0.379,-0.716,0.916,0.111
-0.085,-0.932,0.547,0.392,1.471,0.595,0.786,0.393
0.249,-0.841,0.179,0.085,-0.735,-0.35,-0.462,-0.853
1.803,0.026,-0.134,-0.869,2.666,1.277,0.074,-0.712
1.381,0.516,-0.858,-0.589,0.58,1.086,1.838,-2.136
2.325,1.805,-1.039,-0.863,2.001,0.523,-0.135,0.398
1.34,1.746,-1.768,-1.045,1.154,0.052,-0.539,-0.23
1.472,0.4,-0.231,-1.547,1.151,-1.853,-0.346,-0.364
-0.693,1.513,-0.624,-2.073,-0.168,-1.651,0.641,0.055
-0.626,-0.083,-0.395,-1.668,1.119,-0.295,-0.495,0.241
-1.633,0.408,-1.556,-1.352,-0.052,1.077,0.988,0.157
-0.586,1.696,-0.213,0.18,-1.166,-0.604,0.1,0.116
-1.674,1.672,-1.815,-1.486,-0.529,-0.071,0.151,1.755
-1.145,1.782,1.546,-2.041,-1.229,0.057,0.349,0.881
-1.506,-1.013,0.187,-1.612,1.157,-0.243,0.853,0.797
-1.205,-0.75,1.827,-1.647,-0.778,-0.42,0.915,0.258
-2.026,-0.861,1.482,-0.309,1.863,-0.525,-0.686,1.209
-1.074,0.308,2.361,-1.543,-0.724,-2.224,0.124,0.076
1.263,1.07,1.966,-1.249,2.217,-1.759,-2.376,0.685
1.135,0.786,0.777,-0.909,1.081,-1.156,-1.456,1.389
2.05,1.194,0.945,-0.081,0.672,-0.256,-2.07,-1.222
1.675,0.1,-0.966,-1.466,0.561,-2.057,-0.577,-0.216
2.171,0.676,0.108,-0.685,-1.468,-1.058,-1.511,-0.416
-0.099,0.587,-3.061,-0.641,-0.365,-0.319,0.823,0.125
-0.337,-0.908,0.64,0.45,-1.318,-0.42,-0.619,0.559
-0.893,-0.34,-0.989,1.829,0.085,-0.255,-0.909,3.43
-0.372,0.508,1.992,0.183,-1.395,0.382,-0.743,0.863
-0.756,0.818,-1.042,-0.559,0.703,2.093,0.369,1.397
-0.159,1.231,1.24,-0.875,-1.925,0.413,-1.836,1.258
0.156,1.275,-0.785,-2.909,1.637,2.528,-0.652,0.748
1.056,-0.718,-0.063,-1.698,-0.524,0.411,0.043,0.705
0.533,-0.528,0.503,-0.045,1.124,-1.05,0.886,0.452
0.464,-0.184,0.148,1.015,0.966,-1.282,1.03,0.704
0.297,-0.604,0.269,0.304,-0.16,-0.689,-0.27,0.482
0.637,-0.205,-1.913,1.694,1.375,-0.294,0.557,0.786
1.841,-0.909,-0.633,0.198,-1.511,-0.504,-0.799,-0.155
0.772,0.158,-1.863,-0.697,-0.14,1.394,-0.887,-0.189
0.025,-0.806,-0.695,0.227,-1.03,0.952,-0.314,-0.909
-0.972,-0.2,-2.72,-0.333,-0.792,-0.262,-1.609,-0.387
-1.05,-0.289,-0.805,0.169,-0.665,0.719,0.955,1.212
-0.646,-0.206,-0.888,0.224,0.709,0.372,1.173,1.507
-1.094,-0.725,-0.361,0.201,-1.314,0.469,1.46,0.796
-2.023,0.627,0.3,0.229,0.021,0.681,0.289,0.546
-0.612,0.096,0.486,-0.304,-0.419,-0.593,0.865,0.995
-0.649,-1.07,-0.488,-0.407,0.72,0.668,1.151,-0.431
-0.059,0.028,0.465,-1.814,-0.43,-0.02,0.468,-0.885
-0.355,-0.107,0.521,-0.553,-0.175,0.971,-0.624,-0.544
-0.197,0.257,-0.003,-2.244,-0.534,1.572,-0.361,-0.656
0.433,-0.219,0.196,-0.91,0.256,0.663,-0.929,-0.991
-0.274,-0.118,1.864,-0.256,0.67,-1.521,-0.763,0.14
-0.419,0.349,1.175,0.739,1.319,-2.547,-0.283,0.328
0.039,-0.787,1.056,1.343,1.352,-3.195,-1.59,0.033
-0.474,-1.423,-0.064,1.588,-0.595,-0.077,-1.92,0.867
-0.674,-0.572,0.87,1.884,0.571,0.842,-2.286,0.717
0.46,-1.695,0.225,1.495,-0.306,0.881,-1.557,1.179
1.166,0.295,0.091,0.882,1.654,0.726,-0.921,1.977
0.887,-0.546,0.079,-0.28,0.409,-0.283,-0.786,2.346
1.392,-0.949,-0.378,-0.374,0.802,0.668,-0.435,1.532
0.355,-1.715,-0.332,1.419,0.182,-0.144,-0.63,1.388
-0.013,-1.54,-0.317,1.471,0.293,-0.232,-0.626,-0.022
0.35,-1.681,2.015,1.188,-1.272,0.065,-0.323,-0.351
0.639,-0.837,-1.083,0.735,-0.343,1.607,-0.648,0.843
1.764,-2.471,1.916,0.93,-1.313,1.021,0.444,1.344
-1.08,-3.252,-3.181,0.831,0.669,1.052,-0.152,0.924
-0.767,-2.51,2.037,2.501,-2.108,1.385,0.184,1.39
-1.484,-0.139,-1.823,1.126,0.366,2.594,0.091,1.591
-0.193,-1.509,1.676,0.559,-2.182,1.077,2.029,0.078
0.646,-1.094,0.741,-0.966,1.629,1.718,0.811,0.311
1.768,0.976,0.991,0.163,-0.818,-0.365,1.08,0.483
1.847,-0.708,0.257,0.271,0.734,0.901,0.83,0.561
0.807,-0.379,0.459,1.069,-1.288,0.293,-0.322,0.441
0.538,-1.087,-0.429,0.496,0.013,-0.578,0.908,0.328
0.576,0.108,-0.584,1.544,-1.445,-0.542,0.972,0.565
1.4,0.423,-0.424,0.102,-0.918,0.893,2.041,-0.453
1.136,0.929,-0.426,-0.56,-2.052,1.349,1.554,-0.319
1.3,2.354,-0.291,0.56,0.011,0.831,0.923,-1.241
0.456,2.592,0.115,-2.733,-1.944,-0.292,0.924,-1.103
1.114,0.914,-0.908,-0.987,0.598,1.454,0.119,-1.676
-0.289,0.396,0.503,0.371,-0.57,-1.213,1.592,-0.027
-0.473,-0.918,-1.17,0.469,-0.594,0.44,-0.101,-1.165
-0.036,-1.795,2.031,0.908,-1.554,-0.033,0.777,-0.893
-0.533,-0.892,-0.505,1.754,1.447,1.557,0.312,0.214
-0.281,-1.164,0.503,-0.192,-1.842,0.838,1.473,0.593
-0.782,-0.292,-0.203,1.031,1.421,1.596,0.898,0.669
-1.435,-0.963,0.023,1.461,0.109,0.291,1.73,0.291
-0.595,-0.664,-1.158,1.722,0.662,0.495,0.161,-0.719
0.285,-1.852,-0.302,0.61,-0.772,-0.342,0.079,-0.055
-0.444,1.116,-0.238,1.125,1.998,-0.074,-1.149,0.462
-0.717,1.138,-0.934,-0.215,-1.064,0.493,-1.363,-3.365
-1.068,-0.405,0.398,-0.631,-0.812,0.832,-0.379,-1.533
-0.543,-0.265,1.024,-1.221,-0.517,0.876,0.722,-0.897
1.149,1.377,1.095,-0.033,-0.088,-0.466,0.466,-0.313
-0.14,-0.648,-0.175,-1.275,0.274,-1.521,1.795,1.171
-0.031,1.381,0.293,-1.26,-0.475,-1.524,1.936,0.421
-0.692,-0.054,-0.746,-0.327,0.991,-2.003,0.202,-0.586
-0.689,-0.143,0.468,-1.175,0.166,-0.387,-0.41,-0.832
-0.75,-1.55,0.827,-1.285,0.366,0.049,-1.467,-1.118
0.817,-2.829,1.195,0.139,1.308,-0.644,0.257,-0.945
1.478,-0.47,-0.699,-0.192,0.217,-1.53,0.195,-0.308
1.639,-0.444,-1.015,1.304,-1.343,0.402,0.152,-0.458
0.787,-1.481,-1.481,0.259,-0.283,0.523,0.931,-0.128
-0.918,-2.14,-0.522,2.312,-2.104,0.128,1.58,-0.152
-1.261,0.016,0.214,1.633,0.304,1.108,0.927,-0.035
0.04,-0.007,0.285,0.765,-1.658,1.997,2.746,0.217
0.221,1.133,-0.209,-0.947,0.086,2.053,0.792,-1.216
-0.546,1.148,-0.877,-0.908,0.386,1.713,1.24,-1.904
-0.01,0.884,1.5,0.414,-0.452,0.276,-0.383,-3.538
0.078,0.354,-0.366,-0.22,0.822,-0.495,-0.424,-1.329
-0.351,-0.31,1.527,0.502,0.261,-0.309,0.643,-1.625
0.661,-0.445,-0.083,0.314,1.025,-0.026,0.156,0.658
1.145,-0.472,1.124,-0.27,0.964,1.107,0.568,-0.46
0.501,0.271,-0.5,0.042,-0.853,0.418,-0.342,0.458
1.317,0.219,0.655,0.353,0.294,-1.263,-1.161,0.397
1.023,0.784,-0.989,-0.674,-0.569,-1.222,0.006,-1.745
0.415,1.626,0.245,0.6,-0.575,0.241,0.701,-0.727
0.333,1.179,-1.156,-0.04,-0.163,-0.085,0.846,0.011
-0.557,-0.52,0.267,-0.094,-0.561,1.869,0.797,0.303
-0.426,-0.488,0.53,0.317,0.656,1.932,0.487,0.371
-0.416,-2.09,0.509,0.889,0.224,0.101,0.245,-0.618
-0.708,-1.962,-0.405,1.599,0.779,-0.77,1.09,-0.006
-0.441,-0.158,0.743,1.187,-1.13,-0.118,0.851,-1.286
0.525,0.081,-0.483,1.639,-0.246,0.728,-0.128,0.518
0.454,-0.144,0.052,0.659,-1.035,0.469,-0.327,-0.452
-0.119,-0.148,-1.149,0.694,-0.375,0.355,-0.25,0.801
0.267,-0.695,0.874,1.142,-0.453,0.334,0.59,-0.308
0.702,-0.781,-0.151,1.883,-0.745,0.15,2.272,0.85
0.119,0.132,-0.805,0.35,-0.395,0.699,1.256,0.219
-0.01,0.329,-0.546,-0.397,-0.626,1.074,1.877,0.089
0.075,-1.196,1.315,0.304,0.416,2.358,0.272,-1.273
0.307,-0.043,0.948,0.495,0.465,0.842,0.626,-1.551
1.267,-0.355,1.256,0.116,0.797,-0.15,-0.179,-1.07
1.403,1.947,0.452,-0.271,1.48,0.815,0.023,-0.097
-0.072,-1.093,0.672,-1.28,-0.614,0.717,-0.322,-0.506
0.916,-1.125,-0.558,-1.184,1.711,2.478,-0.476,-0.239
0.358,0.535,0.42,1.205,-0.041,1.237,-0.13,-0.351
-0.507,-0.695,-0.716,-0.648,0.174,0.914,-1.079,0.006
0.403,1.339,0.95,-0.014,0.15,0.533,0.234,0.574
-0.536,-0.317,-0.574,-0.468,0.266,-1.352,-0.813,0.058
0.903,0.247,0.034,-0.064,0.278,-0.613,-0.893,1.658
0.354,0.548,-0.77,-1.353,0.814,-0.968,0.218,1.223
0.642,0.867,-1.488,-1.045,1.184,-0.915,0.801,-0.115
0.282,0.89,-1.126,-0.644,1.769,-0.933,-0.018,0.962
-1.587,0.198,0.005,-0.404,-0.281,-1.502,-0.324,0.497
-2.31,0.672,0.818,-0.405,-0.012,-0.484,-0.782,-0.546
-1.824,-0.792,0.607,-0.274,0.461,-0.812,-0.262,-1.523
-0.291,-0.546,2.279,0.885,1.364,-1.062,1.185,-3.465
0.284,-0.13,0.16,0.094,1.362,-0.941,-1.064,-2.868
0.36,1.217,0.177,-0.462,-1.088,0.393,-1.787,0.395
0.023,0.307,1.626,-0.706,0.912,0.966,0.286,-0.058
0.329,-0.438,1.061,-0.892,0.324,-0.242,-0.238,0.07
-0.191,0.718,1.354,-0.313,1.692,-1.342,-0.526,0.96
1.016,-0.803,0.749,-0.578,-0.147,-1.197,-0.85,1.387
0.202,1.349,0.478,-1.457,2.317,-0.393,-1.423,0.011
0.815,-0.226,-0.033,-1.932,-0.322,-0.783,-0.601,1.108
1.184,0.282,-0.49,-0.43,0.655,-1.348,-0.679,0.66
1.229,1.125,0.052,-0.23,-2.048,-2.013,0.207,1.024
0.129,1.039,-0.617,-1.983,1.675,0.108,-0.204,-0.648
0.028,0.848,-0.073,-0.788,-2.031,-1.589,-0.425,0.253
1.402,0.221,-0.515,-1.701,1.85,-1.649,-0.962,-1.352
1.69,-0.903,0.844,-0.215,-0.543,-2.06,1.321,-0.309
1.219,-1.576,-1.64,0.159,1.101,-1.649,-0.432,0.427
1.725,-0.033,1.564,0.019,-0.591,-1.066,-0.015,0.314
0.411,0.322,-0.547,-0.969,1.593,0.163,1.201,0.096
2.282,-0.536,0.932,-0.735,0.309,0.231,0.694,0.723
1.656,-0.012,-1.028,1.472,2.334,-0.545,-0.32,-1.223
1.803,0.438,-0.68,1.339,0.253,-2.115,-0.495,-1.782
0.869,1.855,-1.859,-0.233,2.597,-1.233,-1.475,-0.378
-0.038,0.372,-0.973,-0.16,-1.238,-1.525,-0.208,0.619
0.451,-0.51,-0.618,-1.623,-0.088,-1.088,-0.311,0.17
-1.193,-0.809,1.01,-0.78,-0.428,-0.952,0.263,-0.144
-2.131,-1.22,0.807,-0.1,0.597,-0.292,0.17,0.252
-0.276,-0.196,0.303,0.957,0.651,0.548,0.246,2.525
1.925,-0.675,-0.586,1.44,0.779,-0.371,0.075,0.121
1.365,0.652,0.234,2.627,0.042,0.457,-1.325,-0.904
1.24,-0.383,-0.712,-0.852,-0.939,-0.342,-2.146,0.994
1.293,1.245,-1.226,-1.255,0.03,1.153,-0.88,1.209
0.286,1.218,-1.65,-0.251,-0.729,-0.356,-0.889,0.728
-0.146,0.446,-1.72,0.228,0.249,-0.591,-1.052,0.74
-0.763,-0.944,0.175,1.056,0.085,0.661,-0.277,1.746
-0.497,0.169,-0.26,-1.543,-1.575,0.766,1.081,0.677
-0.775,-0.2,0.622,0.353,0.0,1.196,-0.694,-0.405
-0.99,0.845,-0.013,0.102,-0.404,1.058,-0.367,-0.853
-0.221,-0.154,0.352,1.601,-0.477,0.222,-0.139,-0.091
-0.901,-1.233,-1.052,0.78,0.546,-0.063,0.804,-0.002
-0.825,-0.218,0.772,1.099,-0.027,0.464,0.626,0.216
0.459,-0.273,1.061,1.287,1.33,1.12,0.289,0.192
0.601,0.108,-0.107,0.279,-1.252,1.582,0.09,-0.267
0.269,0.8,0.5,-1.444,-0.265,1.555,-1.394,0.255
-0.849,-0.555,0.747,-0.668,-0.322,1.219,-0.693,-0.184
0.157,-1.913,1.462,-0.256,1.125,-0.235,-1.139,-0.726
0.738,-0.72,-0.196,1.174,1.013,-0.128,-0.614,1.058
0.425,-0.119,0.164,0.672,1.039,0.443,-0.325,0.194
-0.221,-0.429,-0.433,0.733,0.409,-0.155,-0.438,-0.593
-0.226,-0.109,1.453,0.363,-0.226,-0.649,-1.244,1.17
-0.974,-0.965,0.774,-0.068,0.355,0.438,-0.253,0.146
-0.695,-2.197,0.927,-0.897,-0.884,1.152,0.725,0.86
-0.236,-2.375,-0.636,-0.722,1.605,1.02,-0.344,1.382
-0.611,-1.155,0.52,1.519,-1.232,-1.02,1.314,-0.028
-0.344,0.544,-0.382,0.757,0.925,0.699,-1.355,0.389
0.029,-0.22,1.322,-0.545,-0.365,0.16,0.237,0.964
-0.702,0.394,-0.952,0.9,0.676,0.868,-1.045,0.176
-0.838,-0.168,0.25,1.293,-1.773,-1.523,0.274,0.951
0.071,-0.192,-0.339,-0.457,-1.064,0.402,-0.667,0.694
-0.294,0.643,0.122,0.141,-0.199,1.265,0.338,2.597
-0.835,0.427,-0.678,-0.792,-0.648,0.627,-0.444,0.9
-0.378,-0.245,1.543,-1.965,-0.101,1.291,-1.675,0.451
0.202,-0.898,-0.946,-1.233,0.715,-0.368,-1.28,1.12
0.354,-0.672,-1.338,-0.721,-0.385,-1.987,-0.55,0.914
0.435,0.775,-1.507,-0.811,-1.063,-0.774,0.08,0.301
-0.612,-0.799,-0.794,-0.717,-1.298,0.527,1.779,0.088
-1.749,0.18,-0.469,0.166,-1.189,-0.296,0.214,-0.483
-0.155,0.235,-0.727,-0.86,-1.145,0.143,0.305,0.126
1.312,-0.483,-1.361,-0.626,-1.208,-0.746,-0.563,0.816
1.765,-0.385,-0.703,-0.469,-1.704,0.225,-0.192,0.574
0.558,-0.515,-0.361,-1.491,-1.474,-0.519,0.089,0.696
1.594,-1.037,-0.26,-0.039,-1.087,-0.161,-0.24,2.46
0.909,-1.25,-1.225,-0.266,-1.214,0.158,-0.093,0.25
0.363,-1.829,-0.001,0.347,-0.926,-0.008,0.094,0.153
0.016,-2.345,-1.465,0.069,-0.336,0.458,-0.192,0.797
-0.071,-0.847,-1.998,0.867,-1.086,-0.924,-0.724,0.168
-1.332,0.211,-0.26,0.34,-0.985,0.811,0.72,0.2
-2.365,1.634,-0.593,-1.147,0.093,-0.073,0.458,0.375
-1.03,0.055,1.636,-1.327,1.296,1.352,-0.836,-0.012
-1.899,1.803,0.852,-2.144,0.117,0.888,0.46,0.852
-0.101,2.231,1.623,-1.522,1.639,0.384,1.121,0.694
-0.827,2.378,1.007,-2.957,0.532,-1.762,1.742,-0.957
-1.467,0.469,0.509,-2.361,2.453,-1.076,-0.277,-0.215
-1.77,-0.558,0.167,-0.702,0.942,-2.625,-0.679,-0.481
0.307,-1.678,-0.029,0.29,2.029,-2.656,-0.731,-0.619
0.041,-0.91,-0.388,0.748,-0.692,-1.145,-0.581,0.151
0.29,-0.522,0.284,-0.577,0.504,-1.001,-0.487,1.103
1.02,0.111,0.221,0.23,0.458,0.223,-0.329,0.976
1.159,-0.849,-0.706,-0.047,0.391,-1.01,0.283,-0.002
-0.099,0.085,0.009,-1.334,-0.587,-0.576,-0.846,2.368
0.379,0.149,0.2,-0.013,-0.901,0.057,0.348,1.26
0.047,-0.265,0.558,0.459,-0.395,0.153,-0.743,0.119
0.037,-0.676,-0.177,1.396,0.149,0.49,-0.939,1.182
0.25,0.034,-0.618,0.803,0.163,1.171,0.293,-0.862
1.039,1.443,-0.279,1.556,-0.171,0.73,0.313,0.11
0.019,0.735,-1.376,0.541,-0.431,0.469,-0.4,1.244
0.202,-0.152,-0.566,-0.499,-1.693,0.575,0.13,-0.307
-0.223,-0.527,0.316,-0.198,0.47,2.187,-0.244,-0.374
-1.585,-0.339,0.041,0.103,-1.911,0.931,0.638,-0.911
-1.549,0.008,0.901,-0.196,0.075,1.378,0.08,-1.639
-1.216,-1.626,0.213,1.121,-0.289,0.371,1.033,-1.955
0.509,-1.2,0.523,0.94,0.307,1.17,0.731,-1.654
1.356,-1.55,-0.286,0.216,-0.947,0.974,-0.797,-0.283
1.43,-0.638,0.362,0.409,0.225,1.363,-0.557,-0.204
0.182,1.234,-0.111,2.239,-0.028,0.064,0.596,1.709
1.64,0.119,0.197,1.047,-0.184,0.559,0.723,1.396
1.039,1.137,-0.424,0.792,0.344,1.488,0.9,1.18
0.602,1.645,-1.0,-0.454,-0.473,1.584,0.126,1.288
-0.212,1.627,1.255,-0.783,0.962,1.16,-0.358,0.626
0.101,0.297,0.005,-1.042,0.151,-0.637,-0.177,1.208
0.56,0.9,-0.912,-0.291,0.66,-1.454,-0.346,2.23
0.89,-0.302,-0.428,-0.567,0.089,-1.741,0.276,0.573
0.997,-0.53,-1.016,-0.508,0.469,-0.006,-0.44,0.202
1.013,-0.92,0.487,-0.295,0.859,-0.141,-1.578,0.304
-0.457,-0.121,-1.187,-0.08,1.882,-0.753,-1.057,-0.597
0.001,-0.339,0.308,-0.822,-1.426,-0.278,-0.428,0.283
-0.288,-0.266,0.176,-0.556,1.821,0.053,-0.818,0.935
1.237,1.045,1.131,0.585,-1.257,-1.112,0.551,1.631
-0.053,-0.021,-1.998,-1.118,0.648,-0.452,-1.238,2.569
0.492,0.449,1.333,-0.211,-1.664,-0.901,-1.02,1.138
-1.19,-0.28,-1.899,0.238,0.242,-0.514,-0.375,-0.114
-0.128,-1.444,1.233,0.992,-1.977,0.379,0.176,0.499
-2.373,-1.819,-1.354,1.431,-0.488,0.927,-0.145,0.918
-0.429,-1.53,2.027,0.958,-0.925,1.875,-1.578,-0.106
-0.722,-0.252,1.845,0.683,0.455,3.546,-1.197,0.445
-0.908,0.848,0.388,0.19,-0.925,2.204,-1.243,-1.304
-0.234,-0.105,1.987,-0.613,-0.358,1.697,-0.023,0.781
0.617,0.779,0.967,0.02,-0.166,1.136,0.134,0.714
-0.186,0.332,0.671,0.137,0.992,0.374,0.4,0.629
0.237,-0.085,0.296,-0.908,-0.366,0.369,-0.152,0.503
-0.346,0.724,1.418,-1.358,0.194,0.855,-1.66,-0.63
-0.407,0.965,0.055,-0.951,2.603,0.615,-0.689,-1.499
0.062,1.344,0.793,-1.464,0.469,-0.174,-1.349,0.12
0.518,0.393,0.043,-0.016,1.666,-1.475,-1.043,0.93
-0.082,0.852,0.027,-1.206,0.021,-2.067,-1.368,0.398
0.551,-1.323,0.126,0.348,0.595,-0.568,-1.888,1.255
0.706,-0.775,-1.087,0.966,0.4,-0.184,-2.036,-0.25
0.314,-0.272,-0.77,1.718,-0.406,0.405,-1.446,0.64
0.774,0.301,-1.048,1.119,-0.547,1.258,-1.024,0.949
1.463,0.084,-0.251,1.297,-0.693,1.563,0.443,1.536
0.227,0.942,-0.532,-0.055,-0.224,0.807,-0.737,1.081
-0.098,0.414,0.67,-1.589,-1.871,0.503,1.135,1.312
-1.456,0.014,-0.404,-0.589,-0.55,1.25,0.876,0.63
-0.749,0.129,1.072,-1.324,-0.86,0.374,2.26,0.469
-0.813,0.958,1.202,-0.296,1.52,-0.803,1.713,0.299
0.66,0.231,0.835,0.223,-1.134,-1.06,2.288,1.093
-0.242,-0.629,1.055,-0.117,1.727,-0.465,0.101,-0.453
0.066,-0.496,-0.016,0.837,-0.892,-1.66,-0.729,-0.218
1.093,0.986,0.988,-0.172,-0.231,-0.449,-2.094,-0.603
0.544,0.321,-0.407,0.145,-0.372,0.768,-1.15,-0.943
0.188,1.198,0.26,-0.389,-0.59,0.048,-0.705,0.534
-0.916,-0.027,-1.432,0.299,0.174,0.534,0.481,0.675
1.144,-0.08,0.261,0.238,0.411,-0.248,0.963,0.926
-0.249,-0.818,-0.176,-1.654,0.162,0.434,1.027,0.514
-0.506,-1.45,0.517,-1.573,-0.994,0.357,-0.236,-0.638
-1.074,-0.835,-0.361,-0.499,0.804,0.55,-0.14,0.794
-1.207,0.137,1.921,1.111,-0.446,-0.283,0.877,-0.061
-1.223,1.283,1.21,0.163,1.148,-0.962,-0.903,2.382
0.442,1.316,0.277,-0.127,-0.303,0.997,0.086,1.717
0.416,0.101,0.139,0.41,1.353,0.786,0.072,0.222
-0.064,0.373,-0.367,1.062,-0.659,0.109,-0.369,-1.396
-0.991,0.455,0.244,-0.499,-0.147,0.601,-1.109,-0.912
-0.538,1.452,0.171,0.17,-0.588,-0.454,-0.241,-1.047
-0.3,2.735,0.928,-1.734,0.032,0.426,-0.196,1.053
0.794,2.444,-0.687,-1.35,-0.729,0.518,-1.116,2.503
1.046,0.71,0.384,-1.932,-0.466,-0.489,-1.192,1.453
0.483,0.281,1.385,-1.467,0.215,-0.68,-0.323,0.261
-0.402,1.127,-1.285,-0.556,0.444,-1.281,0.571,0.572
0.435,-0.099,0.476,0.44,0.079,-1.673,0.969,-0.63
-1.011,-0.215,-1.696,0.319,-1.27,-1.148,0.607,-0.571
-0.216,0.413,0.606,0.645,-0.052,-0.574,1.157,0.798
-1.824,1.296,0.246,0.188,0.015,-0.741,0.546,0.293
-0.57,0.768,1.438,-1.66,-0.121,-0.078,0.458,-1.011
-0.121,-2.01,1.311,-0.777,1.798,0.429,1.045,0.529
0.038,-0.697,1.43,0.982,1.933,0.044,0.35,-0.766
-0.7,-0.54,1.449,0.099,-0.198,-1.729,-1.084,-1.023
0.241,-1.189,0.871,0.772,1.508,-0.021,-1.236,-0.507
1.049,-0.868,0.043,-0.042,0.888,-0.343,-0.364,-0.057
0.643,0.452,0.243,0.269,0.968,-0.763,-0.266,-1.089
0.959,-0.635,-0.018,-0.676,0.188,-0.803,-1.012,-0.433
0.109,0.585,-0.132,0.45,-0.091,0.024,-0.718,-0.528
-0.045,1.241,0.336,-0.731,0.345,-0.968,-0.922,0.494
-0.466,1.422,-0.185,-0.398,0.851,-0.743,-1.906,1.158
-0.86,-0.113,0.344,-0.98,0.112,0.075,-1.168,1.596
-0.736,-0.384,-0.503,0.451,1.883,-1.15,-0.761,0.782
0.664,-0.535,1.334,0.075,-0.743,-1.502,-0.827,0.95
0.447,0.018,-0.884,2.339,0.551,0.05,0.355,1.07
0.955,-0.077,0.629,2.074,-0.247,0.142,1.151,-0.018
0.265,-0.511,-1.604,0.023,-0.243,1.532,0.697,-0.185
0.516,-0.353,0.049,0.695,-0.971,0.433,0.476,-1.509
-0.447,-0.425,-0.662,-0.6,0.456,-0.079,0.787,-2.074
-0.224,0.06,1.178,0.453,-0.535,-0.611,0.298,-1.796
0.275,-1.309,0.088,0.342,-0.653,-0.11,0.186,-2.156
1.055,-0.226,0.586,-0.78,0.451,0.485,-0.45,-1.648
0.4,1.372,-0.736,0.009,0.462,1.233,-0.544,-1.702
0.174,1.437,0.137,-1.343,0.196,-0.472,0.322,-0.651
0.005,0.193,-0.838,-1.728,0.769,-0.442,-0.378,-0.343
-0.663,0.863,0.412,-1.558,-0.521,-1.058,-1.871,0.274
-0.98,2.286,0.481,-0.879,0.836,-0.67,-1.667,0.31
-1.243,1.109,1.188,-0.446,0.407,-1.844,-0.66,0.928
-0.33,1.108,1.008,-1.204,1.388,-1.387,-0.104,-0.053
0.049,2.505,1.798,-0.083,0.754,-0.856,-0.738,-0.819
0.882,2.244,0.068,-1.39,1.537,-0.549,-1.279,-0.618
0.656,2.464,1.719,-0.198,0.727,-0.727,-1.231,0.748
0.692,0.349,0.18,-1.288,2.246,0.049,-0.74,0.59
0.744,0.526,0.009,0.473,1.262,-1.183,0.124,1.387
1.04,0.55,-0.002,0.631,1.339,-0.601,-0.312,-0.207
0.581,0.599,-0.628,-0.26,0.8,-0.887,-0.675,0.189
-0.068,1.315,-0.361,-1.9,1.09,0.198,-1.588,-1.347
-1.339,0.607,0.557,-1.895,-0.297,-0.146,-1.419,1.057
-0.769,-1.061,0.011,-0.789,2.658,-0.788,-0.944,1.011
-0.964,0.553,-0.092,-1.172,-0.201,-2.217,-0.757,0.26
-0.52,0.515,0.463,-0.772,1.305,-1.54,-1.034,-0.293
-0.771,-1.013,-0.4,-0.204,0.614,-2.535,0.878,1.088
0.183,0.092,0.382,-0.554,-0.286,-1.906,0.008,1.077
0.37,0.831,0.475,-0.824,0.346,-0.322,-1.412,1.135
0.722,0.745,-1.068,-0.854,0.477,0.305,-0.423,0.718
0.078,0.328,0.526,-0.913,0.01,-1.203,0.574,1.087
0.2,1.521,-0.212,0.476,0.561,-0.867,-0.578,1.541
1.144,1.312,0.165,0.284,-0.185,-1.121,-0.671,1.488
0.359,-0.579,-1.852,0.202,-0.035,-0.152,-0.073,-0.641
0.408,-1.334,-0.855,0.155,-1.011,0.853,1.618,1.175
-1.313,-1.3,-1.88,1.122,0.861,1.248,0.759,-0.012
-0.179,-2.751,-0.18,0.598,-2.05,-0.321,2.142,0.825
-0.887,-1.479,-0.671,0.395,0.069,1.452,0.78,1.14
-0.349,-0.781,1.561,0.302,-1.879,1.236,2.167,0.262
-1.369,-1.112,0.698,0.196,1.051,0.876,0.935,-1.092
1.173,-1.094,0.891,0.145,-0.359,0.351,0.055,-1.661
0.423,0.713,-0.768,0.487,1.314,0.552,-1.152,-1.616
0.987,0.316,1.449,0.47,-0.986,0.87,-0.293,0.06
0.738,1.727,-0.493,-0.777,1.168,0.785,-0.172,0.108
0.738,0.603,1.22,0.676,-0.172,0.902,-0.911,0.4
1.647,0.252,-1.188,0.396,0.466,-0.361,-0.083,0.913
0.35,-1.697,0.042,0.808,-1.801,0.03,-0.761,1.232
0.1,-0.22,-1.226,1.097,1.228,-0.207,-2.193,-1.026
0.811,0.98,-0.079,0.229,-1.374,-0.021,-0.935,-1.147
0.016,-0.072,-1.57,0.37,0.911,0.578,-1.674,-0.108
0.02,-0.401,-0.112,-0.758,-2.084,-1.152,0.827,1.5
-0.538,0.525,-0.864,1.536,1.127,-0.756,1.239,2.217
-1.369,-0.35,-0.596,-0.431,-0.925,-1.273,1.29,1.703
-1.197,-0.694,-0.548,1.056,0.524,-0.034,1.477,0.511
-0.663,-0.118,-0.066,1.015,-0.6,-0.797,1.085,0.603
-0.635,-0.554,-0.282,0.208,-0.109,-0.207,0.706,-1.668
-0.171,0.41,-0.03,-1.238,0.749,0.157,0.942,-1.445
-0.682,-0.608,-0.226,-0.608,-0.744,-0.667,-0.895,-1.026
-0.477,0.576,0.636,-0.24,1.023,0.759,-0.296,0.448
0.314,1.116,0.917,-0.261,-0.779,-0.161,0.599,-0.216
-0.795,1.039,0.798,-1.661,1.405,0.742,0.95,0.785
-0.033,-0.474,0.838,-0.584,1.466,-0.338,0.358,0.679
-0.235,-1.0,0.815,-0.757,0.573,-0.875,-0.685,0.834
1.228,-1.514,-0.404,0.1,1.936,-0.807,-1.072,-1.251
1.107,-1.712,-0.179,0.582,0.28,-1.018,-1.978,-1.109
1.598,0.181,-0.195,1.132,2.115,-0.645,-0.544,-1.501
-0.316,0.453,-0.732,1.226,0.38,0.356,-0.421,-2.584
-0.194,1.073,-0.148,0.473,0.155,0.435,0.209,-1.05
-0.256,2.026,-0.658,0.118,-0.489,-0.099,-0.478,-1.76
0.867,2.369,0.092,-0.317,-0.543,1.471,-0.088,-1.151
-0.502,1.272,-0.393,-1.217,0.726,1.56,-0.661,-0.961
-0.438,0.166,1.452,-0.913,-0.645,0.269,0.666,0.458
-0.089,0.977,0.054,-0.928,1.016,-1.577,0.082,0.29
-0.116,0.765,1.409,-0.242,-2.029,-1.24,0.736,-0.192
0.721,0.125,0.79,1.658,0.341,-0.163,0.567,0.729
0.864,-0.177,-0.043,-0.422,-1.691,0.108,1.064,1.06
1.864,0.758,0.301,0.766,1.423,0.043,0.279,-1.312
2.248,1.843,-0.728,-0.173,-0.342,-1.318,0.31,-0.509
2.474,0.429,-0.183,-1.777,0.693,-0.06,-0.248,0.627
1.73,0.243,-1.712,-0.78,0.943,-0.774,0.528,-0.961
0.219,0.77,0.197,-0.972,0.651,-2.231,0.765,-1.604
-0.638,-0.187,-1.986,0.739,0.713,-0.06,0.633,-0.947
0.41,0.603,-0.004,0.862,0.593,-0.174,-0.681,-1.369
0.001,1.759,-0.506,0.806,0.503,-0.424,-1.554,-1.292
0.735,0.467,-0.645,-0.201,-0.364,0.337,-1.119,-2.313
0.301,0.213,0.123,-0.258,0.782,0.113,0.101,-1.961
-0.581,1.748,-0.963,0.047,0.027,-1.017,0.334,-0.426
0.175,0.812,-0.49,-1.126,0.924,-1.461,0.651,-0.3
-0.756,0.353,0.34,-0.086,1.254,-0.486,0.667,-1.511
-0.085,-0.512,-0.386,1.187,-0.542,-1.045,-0.112,-1.077
0.705,-0.792,-0.32,-0.086,0.279,-0.181,0.076,-0.782
0.554,-1.802,0.474,0.363,0.197,-0.399,-0.386,-0.632
-0.031,1.601,-1.36,0.536,-0.943,0.575,-0.813,-0.644
0.274,1.299,-0.112,-0.412,-0.755,1.306,-0.873,0.41
0.179,0.53,-0.768,-0.175,-1.188,2.524,-0.534,0.743
0.165,-0.588,-0.714,0.783,0.15,1.592,0.519,0.678
1.233,-2.0,-0.543,0.595,-1.472,0.879,1.319,-0.404
-0.3,-0.851,-0.09,1.033,-0.539,1.28,-0.606,0.519
-0.869,-0.521,0.853,-0.687,-1.425,1.166,-0.333,-0.628
-1.049,-0.158,1.404,-0.087,1.084,2.312,-0.547,-1.604
-1.132,0.791,1.045,-0.535,0.35,-0.531,-0.568,2.029
-1.237,1.225,1.163,-0.006,1.047,-0.18,-0.441,1.911
-1.302,0.686,0.953,-0.097,-0.319,-0.73,0.222,2.544
-0.914,0.941,1.423,-0.048,1.156,-0.888,-0.469,1.074
0.139,-0.141,0.769,-0.21,0.596,-1.28,1.024,1.509
0.469,-0.736,0.873,0.228,0.812,-0.897,-0.692,1.764
0.047,-0.66,0.215,0.635,0.878,-0.749,2.166,1.482
0.68,0.125,1.429,-0.612,0.536,-0.893,1.135,-0.507
2.064,0.811,0.765,-0.375,-0.007,-1.285,0.55,-1.155
1.642,0.431,1.453,0.318,-0.255,-1.964,-0.202,-1.502
2.735,0.436,-1.766,0.204,-0.475,-1.146,0.705,-0.598
2.315,1.496,-0.389,0.382,-0.022,-0.618,-0.747,2.174
2.234,-1.077,-2.672,0.056,-0.087,-0.904,0.101,1.716
2.054,-1.076,-1.87,0.199,-1.626,-0.478,2.097,-0.396
-0.605,-1.169,-1.115,0.418,-1.601,1.747,1.928,-0.128
-0.909,0.123,-0.814,0.711,-0.614,1.604,0.675,0.326
-0.264,0.161,-0.326,0.482,-1.559,0.981,0.743,0.171
-0.49,0.768,-0.449,1.029,-2.622,0.548,0.158,-1.468
-0.54,-1.991,0.331,0.999,-2.14,1.393,1.046,-0.196
0.305,-2.956,0.687,0.551,0.159,1.39,2.076,-0.496
-0.296,-1.978,-0.76,0.656,-0.547,2.066,1.948,-0.278
0.064,1.245,0.66,2.313,-1.549,0.977,0.91,-0.094
0.335,0.656,-0.994,0.778,0.299,0.629,0.045,0.554
-0.164,-1.869,-0.257,0.566,-1.09,-0.488,0.514,-0.403
-0.399,-1.071,-0.93,1.585,0.474,-0.712,-1.34,-1.413
0.392,0.144,1.212,0.539,-1.894,0.304,0.224,-1.273
0.347,1.015,-0.677,0.284,1.941,1.631,0.31,-0.309
-0.225,0.546,-0.427,0.474,-1.195,-0.437,-0.492,0.532
-1.092,0.515,-0.305,-0.202,0.185,0.6,-0.563,0.856
-1.411,0.699,0.91,-0.91,-1.369,-0.094,1.322,0.842
-1.036,1.438,1.493,-0.934,0.288,-0.315,1.587,0.513
-0.538,0.333,0.635,0.936,0.055,-2.506,0.574,1.155
-0.552,-0.062,0.542,0.808,1.564,-0.953,-0.577,1.484
-0.374,0.19,1.517,0.625,-0.443,-0.603,-0.009,0.19
-1.159,-1.55,-0.589,0.143,1.966,-0.452,-1.151,1.658
-0.178,-1.797,1.868,2.464,0.48,-0.342,-0.128,-0.061
-0.046,-2.625,0.279,2.193,0.377,-0.206,-1.211,-0.378
-0.169,-1.11,1.21,1.385,-1.069,0.439,-0.109,0.977
-0.093,-0.73,0.486,1.317,0.623,0.42,0.492,-0.036
1.442,-0.88,0.197,0.118,0.181,1.3,-0.443,-0.184
0.589,-0.464,0.224,1.171,0.561,0.88,-0.425,-0.07
1.436,0.194,-1.109,0.614,0.741,0.759,-0.152,-1.262
0.736,-0.713,0.157,0.075,0.596,0.446,0.434,0.919
-0.003,0.897,-1.025,0.814,-0.188,-0.375,-0.606,1.64
0.274,-1.065,0.965,-0.095,-0.466,-0.444,0.639,-0.07
0.875,-0.38,-0.475,1.689,1.437,0.294,-0.209,-0.628
1.02,-0.193,-0.658,1.071,-1.914,-0.309,1.149,-1.531
-0.467,0.432,-1.283,0.295,0.045,1.393,-1.333,-1.184
-1.133,0.068,-1.008,-0.362,-1.456,0.571,0.956,0.492
-2.33,0.921,-0.67,-1.059,0.815,1.402,-0.068,-0.781
-3.161,-0.021,0.985,-0.459,0.024,0.51,-1.138,1.45
-1.785,0.15,-0.501,-0.933,-0.097,0.042,-0.368,1.254
-1.451,0.137,0.842,-0.529,-0.32,-0.272,-0.832,0.133
-1.485,0.452,0.565,0.583,0.909,-0.058,-0.183,-0.863
-1.211,1.047,2.361,-0.447,0.875,-0.727,-0.468,0.118
-1.39,0.117,0.567,-1.125,1.822,-0.439,-2.261,1.437
-0.447,-1.212,1.474,-0.572,0.561,0.139,-0.274,-0.172
0.382,-1.525,-1.201,0.701,0.9,-1.401,0.248,-0.294
1.276,-0.674,0.038,-0.015,-0.478,-2.139,-0.551,1.391
0.854,-0.308,-2.158,-0.572,-0.346,-0.726,0.268,1.239
0.212,0.033,0.087,-0.484,-1.05,-0.527,0.147,-1.723
-0.254,-0.539,0.331,0.955,0.012,-0.287,0.543,-1.872
0.611,0.417,0.378,1.099,0.437,-0.322,-0.353,-0.584
0.706,0.241,-0.77,-0.358,0.054,-0.966,0.795,0.931
0.554,-1.438,0.351,-0.272,0.305,-0.658,0.997,0.629
0.698,-0.287,-1.276,-0.68,0.469,0.042,0.489,-0.321
0.665,0.254,-0.052,0.236,-0.028,0.118,-0.527,-1.439
-1.741,0.225,-0.843,-0.497,1.01,0.095,-0.006,0.39
-0.794,0.046,1.816,-1.146,0.604,-0.891,-1.152,0.983
-2.182,0.407,0.211,0.272,1.039,0.554,-1.936,0.473
-0.116,-0.875,2.463,0.657,-1.43,0.379,-1.198,0.862
-0.374,0.763,0.246,0.726,0.555,0.457,0.241,0.925
1.202,0.071,1.707,0.558,-0.881,0.106,1.207,1.42
0.742,0.997,-0.586,1.967,0.761,0.518,0.612,0.985
0.858,0.086,1.516,1.921,-0.455,0.996,-0.435,-0.301
-0.003,0.731,-1.257,2.079,-0.198,1.379,1.119,-1.44
1.793,0.631,0.104,1.342,-0.813,1.172,1.068,-0.632
-0.091,0.351,-2.314,1.67,0.324,1.501,0.259,-0.768
0.09,-0.589,-0.486,-0.109,-0.842,-0.1,1.614,0.702
-0.093,0.669,-1.913,-0.595,-0.343,1.447,0.303,1.192
-0.093,0.719,0.288,-1.402,-1.471,0.372,1.031,0.653
-0.778,0.221,-1.476,-0.162,-0.043,-0.433,0.297,-2.254
0.316,1.206,0.231,-0.698,-2.081,-0.473,-0.277,-1.247
0.726,0.873,-1.081,-0.546,0.045,-0.665,-0.231,-0.945
1.037,1.971,-0.883,-1.824,-2.209,-0.014,0.716,-0.446
0.169,1.981,-1.169,-1.561,1.28,0.538,-1.268,0.626
0.939,0.552,-1.3,-2.978,-1.747,-0.462,1.697,-0.897
0.873,0.927,-1.666,-2.425,0.492,-0.226,-0.525,-1.045
0.714,0.992,-2.505,-2.915,-1.543,-1.512,0.6,-0.035
-0.776,1.847,-1.999,-1.908,0.693,-1.78,0.548,-1.252
-1.341,1.008,-0.826,-0.355,-0.097,-2.844,0.015,0.848
-2.274,0.279,0.365,-1.249,1.688,-0.955,0.041,-0.203
-1.867,0.052,-0.015,-1.235,-0.364,-2.379,1.855,-1.284
-1.099,0.513,2.331,-1.872,2.539,-1.966,-0.273,0.07
-0.232,1.523,0.302,-0.64,2.386,-2.527,0.288,-0.032
0.129,0.63,2.11,-1.5,1.404,-1.838,-0.918,0.314
0.836,0.535,0.26,-0.86,1.644,-1.1,-2.274,0.327
0.213,-0.119,0.669,-0.889,1.642,-1.468,-0.22,0.25
0.544,0.713,1.065,0.789,1.754,0.08,-0.374,0.544
-0.241,0.273,1.141,0.7,1.759,-1.161,0.382,1.532
0.502,-1.096,-0.125,1.649,0.914,-1.338,-0.327,-0.049
-0.218,-1.184,0.15,0.665,1.088,0.711,-0.635,2.231
0.676,-0.975,0.12,1.238,0.435,-0.237,-1.825,0.731
0.738,-0.565,-0.907,0.968,0.694,-0.276,-2.234,1.392
0.47,1.018,0.366,1.204,-0.475,0.175,-2.403,1.663
-0.433,-0.16,-1.215,1.372,1.145,0.309,-1.683,1.668
-0.859,1.081,-0.475,0.326,-0.967,0.937,-1.068,1.791
-1.127,-0.819,0.274,1.062,0.723,0.985,-2.808,0.091
-0.211,1.718,0.892,0.496,-1.02,0.174,-0.829,0.978
1.818,-0.214,-0.251,0.936,0.023,0.881,-0.374,0.246
1.668,-0.015,0.603,0.94,-0.187,0.262,0.321,1.968
1.891,-0.097,-0.932,0.711,-0.433,1.541,-0.288,-0.694
0.702,-1.319,-0.277,0.532,-0.082,0.932,-0.34,-1.125
-0.593,-0.144,-0.375,2.529,-0.818,0.045,1.589,-0.023
-0.979,1.239,-1.758,0.565,-1.427,0.114,0.424,0.286
-1.772,-0.01,0.698,-0.132,0.614,1.449,-0.339,0.198
-0.875,1.322,0.205,-1.625,-1.511,0.574,1.044,-0.813
-0.643,0.606,0.572,-2.606,0.858,0.388,-0.303,-0.61
0.308,-0.568,0.434,-0.984,-0.013,-2.055,-0.438,-0.369
1.484,-0.325,0.41,-0.874,0.363,-0.978,-0.644,2.401
1.1,-0.839,-1.442,-1.2,1.071,-1.774,0.248,1.216
1.426,-0.095,-0.257,-0.617,-0.009,-0.877,-1.609,-0.227
0.649,-0.204,-2.392,-0.527,0.181,0.403,-0.823,1.188
0.827,-0.323,0.884,-1.156,0.165,-1.005,0.038,0.607
-0.081,-1.264,-1.76,-0.488,1.321,-1.13,-0.163,0.266
0.564,0.239,0.299,0.328,-1.003,-0.929,1.803,0.508
-0.206,-0.195,-1.741,0.536,0.362,-0.505,0.922,0.315
1.366,-0.789,0.302,0.688,-2.63,0.787,0.635,1.203
0.303,1.631,-1.687,0.316,0.048,0.145,0.257,-0.634
0.585,-0.427,-0.302,-0.162,-2.223,0.963,1.154,0.266
0.117,-0.295,-2.19,-0.502,1.032,1.967,0.522,0.1
-1.19,-1.59,-0.268,-0.641,-1.448,0.863,-0.012,0.987
-1.628,-0.533,-0.236,0.038,0.124,0.199,0.24,1.451
-0.88,-0.185,1.035,1.08,-1.391,-0.717,0.334,0.951
-1.776,-0.466,0.437,-0.099,0.842,-0.658,-0.76,-0.397
-1.369,-0.818,1.819,-1.038,-1.564,0.76,0.569,0.876
0.079,-1.241,0.659,0.911,1.441,0.045,-1.26,0.359
1.832,-1.464,0.512,0.588,-0.409,-0.598,0.755,1.155
0.432,-1.872,-1.11,2.431,2.69,0.494,-0.211,0.611
1.714,-1.709,0.454,1.183,-2.147,0.272,0.932,-0.072
0.289,0.388,-0.405,1.201,0.74,1.024,-1.29,1.666
0.475,0.696,0.515,-0.844,-0.372,0.832,0.591,0.771
0.165,1.112,-1.251,-0.479,0.778,0.236,-0.814,0.983
0.489,-0.163,-0.187,-0.672,0.329,-1.836,-0.202,0.173
-0.952,-0.228,-0.336,0.158,0.554,-1.543,-1.146,-0.543
-0.667,-1.832,0.98,0.824,-0.153,-1.143,-0.786,-0.906
-0.931,-1.828,-0.643,1.16,-0.245,-0.407,0.026,-1.821
0.18,-1.579,1.337,1.908,-1.01,1.329,0.251,-0.215
0.832,-1.196,-0.629,1.34,0.55,1.526,1.107,-0.056
1.136,1.203,-0.153,1.774,-1.274,2.214,0.731,-1.599
0.579,0.709,-2.646,0.757,-0.411,0.709,-0.759,-0.15
0.451,-0.015,-1.206,0.104,-2.219,1.515,0.636,-0.776
-0.804,0.49,-0.721,0.22,-2.351,1.578,0.053,-0.802
0.133,0.346,0.138,0.648,-1.77,2.007,-0.192,0.333
0.801,-0.821,0.075,0.678,-0.792,3.082,1.234,0.038
0.98,-1.1,-0.306,1.271,-1.906,0.525,2.263,-1.299
0.927,0.412,-0.138,1.013,-0.741,0.587,1.217,0.131
-0.175,1.637,-0.165,0.369,-1.675,1.286,1.337,-0.384
-0.447,0.973,0.49,-0.67,-1.526,1.101,2.693,-0.05
0.844,1.26,1.141,-0.147,-0.178,0.013,2.642,-1.095
1.742,1.904,0.316,-1.634,2.109,-0.35,2.363,1.196
1.52,0.499,1.236,-2.619,-1.144,-0.033,1.318,-1.45
0.045,0.26,0.43,-1.764,1.027,-0.437,-0.587,-1.098
-1.278,0.311,0.281,0.033,-0.405,-0.598,-0.712,-1.36
-1.325,-0.539,-0.103,0.513,0.689,-1.38,-1.213,-0.813
-0.617,0.287,0.232,0.215,-0.044,-0.534,1.137,-0.264
0.213,-0.722,-0.232,-0.198,2.208,0.791,1.651,0.436
-0.19,-0.615,-0.103,-0.235,1.315,0.183,-0.407,1.587
0.385,-0.294,-0.901,0.556,0.97,-0.146,-0.242,0.945
0.89,0.521,0.367,1.613,0.129,-0.126,-1.423,0.09
0.286,-0.801,0.197,1.109,1.501,0.163,-0.999,-1.094
0.281,-1.086,-0.002,-0.111,-0.484,0.316,-1.362,-0.564
-0.57,1.252,-0.288,0.357,0.812,0.478,-1.801,1.088
-1.149,0.126,0.379,0.049,-0.045,0.701,-0.811,0.918
-0.845,0.419,-0.748,-0.043,-0.34,0.232,-0.601,1.843
-0.799,-0.95,0.556,0.101,-1.615,0.425,0.854,-0.584
-0.315,-0.08,0.049,-0.163,-0.371,0.654,0.637,0.618
-0.008,0.136,-0.346,-0.705,-0.438,0.922,1.595,-0.147
0.323,-0.161,0.437,0.707,-0.077,0.546,1.135,0.086
-0.327,-0.474,-0.33,-0.282,1.342,0.677,-0.149,-0.102
-0.226,-0.538,0.302,1.025,0.784,-0.541,1.107,-0.747
0.833,0.038,-0.696,0.342,0.601,-1.325,1.113,-1.37
-0.043,0.986,-0.378,0.335,-0.154,0.69,0.522,0.09
-0.218,-0.026,-0.624,0.648,-0.004,-0.196,0.506,-1.841
-1.158,0.57,-0.832,0.822,-0.754,0.18,0.589,-0.732
-0.457,0.594,1.283,0.075,-0.075,0.596,-0.287,0.077
0.144,0.737,0.863,-0.182,-0.106,0.564,0.314,-0.547
-0.084,0.992,0.127,-0.482,-0.021,0.857,-1.133,-0.667
0.06,0.793,0.821,-1.565,-0.048,-0.285,-1.079,-0.124
-0.178,0.479,-1.058,-1.763,1.161,0.825,-0.606,-0.458
0.618,0.482,-0.047,-1.539,-0.18,-1.699,-0.106,0.575
-0.242,-0.11,-0.692,0.225,1.069,-1.289,-0.015,0.43
-0.563,-0.155,-1.024,-0.676,0.415,-0.98,-1.214,-0.028
-2.479,-1.958,1.119,-0.128,0.302,-1.227,-1.345,-0.25
-2.7,-0.653,1.352,-0.001,1.45,-0.483,-0.349,0.366
-1.549,-0.624,1.995,0.7,0.573,-0.302,-0.287,-0.146
-0.061,-1.435,-0.103,0.655,1.472,0.58,-0.622,-0.495
0.849,-0.012,0.247,0.342,0.419,-0.448,-0.278,-0.018
-0.702,-0.865,-0.475,0.678,0.912,-0.054,-1.626,0.162
-0.767,0.162,-0.15,-0.01,-0.068,0.205,-2.186,0.473
-0.791,-0.139,-0.438,0.489,-0.422,-0.325,-1.121,-0.028
-1.643,0.881,-0.101,-1.37,-0.299,0.61,-0.938,-0.204
-0.689,1.708,0.087,-2.21,-0.229,0.082,-0.571,0.294
-0.415,-0.338,-0.948,-1.489,-0.096,-0.672,-0.456,0.119
-1.331,-0.561,0.549,-1.354,-0.512,-0.733,0.514,0.195
-1.807,0.54,-0.112,0.263,0.378,-1.058,-0.389,-0.28
-1.438,0.719,0.815,-0.479,-0.008,-0.599,-0.667,0.189
-1.806,0.275,-0.182,-1.199,-1.116,0.852,-0.276,0.868
-1.873,1.228,1.271,-1.324,0.574,0.258,0.294,-0.238
-1.794,-0.494,0.719,-0.191,0.067,-1.17,1.038,0.245
-1.32,-1.16,0.55,0.583,1.595,-0.722,1.147,-1.176
-1.117,-1.303,1.109,1.737,-0.129,-1.332,-0.902,-0.497
0.107,0.586,-0.215,0.305,1.475,-0.132,-1.256,-1.254
0.868,-0.438,1.496,-0.144,0.582,0.391,-0.789,-0.308
-0.083,-1.665,-0.942,-0.287,1.027,1.122,-2.694,0.336
0.286,0.027,0.401,-0.721,0.014,0.148,-0.903,1.825
-0.885,-0.375,-2.111,-0.572,0.346,0.932,0.544,1.049
-0.533,-0.599,-0.08,-0.311,-0.505,-0.35,-1.398,2.643
-0.631,-1.618,0.899,-1.107,-0.224,-0.352,-1.645,1.778
-0.136,-0.238,0.987,-1.211,1.54,1.583,0.005,0.412
1.578,0.302,-0.262,-0.254,-1.347,0.02,1.85,1.228
1.767,-0.58,0.002,0.219,0.852,0.386,0.272,1.041
0.495,-0.954,0.277,0.036,0.031,-0.421,0.25,-1.231
1.092,-1.984,-0.501,0.602,-0.64,0.949,0.437,-1.365
0.932,-0.708,-0.008,1.996,0.503,1.461,0.53,-0.783
1.2,1.733,-1.185,1.504,-1.571,0.697,0.585,-0.472
0.106,1.425,-1.616,0.453,-1.603,1.789,-0.279,-0.237
-0.403,0.833,-0.597,-0.761,-0.699,2.213,0.898,-1.342
0.161,0.42,-0.594,-1.712,-0.009,1.929,0.913,-0.819
-1.198,0.609,-1.474,-0.713,-0.018,1.254,0.241,0.245
-1.445,0.248,0.528,-0.374,0.51,0.234,0.792,-0.77
-2.553,0.141,-0.486,0.238,1.331,0.635,0.116,-1.169
-1.934,-0.598,2.367,1.167,-0.777,-0.167,-0.167,0.271
-2.362,-1.401,0.069,1.462,1.542,-0.35,-2.065,-0.799
0.354,-0.39,1.78,1.949,-0.203,-0.711,-1.182,1.25
-0.125,-0.282,-0.977,1.096,2.694,0.476,-2.263,0.868
0.22,-1.36,1.188,1.017,-0.327,-0.124,-0.61,1.581
-0.895,-1.389,-0.723,0.693,0.06,0.382,-2.048,-0.513
-0.002,-1.273,0.873,0.672,-1.956,0.007,-1.767,1.295
-0.287,-0.039,-0.578,0.87,0.209,0.754,-0.694,1.929
1.223,0.799,0.163,1.002,-2.033,0.667,0.155,0.661
0.8,-0.072,-0.6,0.093,1.37,1.031,0.158,1.373
-0.496,-1.527,-0.348,-0.794,-2.236,0.041,1.535,-0.383
-0.618,-0.563,-0.194,-1.185,-0.493,-0.076,-0.062,-1.669
-0.17,0.168,0.3,-0.464,-1.036,-0.625,0.743,-1.255
-0.419,1.95,0.407,-0.917,-0.67,0.609,0.295,-0.331
1.112,1.141,0.258,-0.758,-2.122,0.568,0.552,1.105
-0.234,1.391,-0.525,-1.37,1.081,-0.259,0.032,-0.465
0.54,1.264,-0.707,-1.804,-1.271,0.006,0.374,0.032
-0.371,-0.806,-0.17,-1.331,0.774,-0.534,-0.345,-0.987
-0.494,-0.666,0.6,-0.569,-0.606,-1.452,0.292,-0.442
-0.004,-0.323,0.932,0.316,1.379,-0.29,-0.708,-0.206
0.328,-0.665,-0.028,2.11,0.126,-0.787,-0.112,-0.85
1.03,0.371,0.332,0.787,-0.358,-0.736,-0.825,-0.12
1.266,1.815,0.276,-0.126,-0.329,0.122,0.013,-0.757
1.143,0.135,-0.279,-1.209,0.077,0.389,0.879,-1.087
0.386,0.022,-0.512,0.709,-1.213,0.26,-0.338,-0.272
0.128,0.244,-1.02,0.226,-0.029,-0.24,-0.327,-1.708
0.353,-0.566,0.536,0.818,-1.033,-0.283,0.446,-1.318
-0.747,-1.813,0.135,0.729,0.189,0.685,0.633,-0.194
0.935,-1.105,-0.004,1.791,-0.456,0.765,0.74,0.114
0.379,-1.222,-1.279,1.959,-1.134,0.109,0.005,-0.814
-0.461,-2.686,-0.637,1.081,-0.19,0.23,-0.706,-0.376
-1.038,-0.312,0.62,1.935,-0.357,-0.563,-1.068,-0.771
-2.534,1.189,-0.358,0.149,-0.472,0.806,-1.468,-0.657
-0.206,0.984,0.324,-0.243,-0.699,0.97,-1.555,0.541
-0.601,0.943,-1.384,-0.647,0.253,0.017,0.689,1.293
-0.747,0.756,-0.917,-0.872,-2.5,0.347,1.186,0.417
-0.878,0.154,-1.815,-0.439,-0.383,-0.41,-0.054,1.888
-0.198,0.396,-1.172,-0.01,-1.766,0.054,1.882,-0.52
-1.003,0.448,-0.833,0.148,-0.243,-0.683,0.062,-1.521
-0.959,-0.517,1.833,0.545,-1.584,-0.645,1.125,-0.271
-1.205,1.084,-0.847,2.264,-0.065,-0.934,-0.423,-0.276
-0.615,0.894,2.009,0.205,-2.618,0.733,-0.118,0.537
-0.302,3.149,0.456,0.543,0.35,1.855,-1.342,-0.334
1.036,0.764,0.446,0.139,-0.885,1.241,1.203,1.335
0.729,-1.061,-0.195,-0.359,0.73,0.312,-1.301,0.223
0.427,0.442,-0.032,0.292,-0.283,0.74,0.045,2.752
-0.842,0.439,-0.291,-0.848,0.402,0.246,-1.144,0.842
0.052,1.317,0.671,-0.241,0.34,0.393,0.061,0.801
-0.576,2.125,-1.243,-0.9,-0.032,-0.575,1.04,1.333
-1.058,0.306,1.456,-1.861,0.755,-0.045,-0.303,1.045
-0.71,-0.635,1.458,-0.517,-0.432,-1.062,-1.153,1.172
-0.849,-2.083,0.634,1.364,-0.122,-1.097,-1.43,0.616
0.27,-0.805,1.458,0.398,-1.151,0.338,0.222,0.415
0.832,-1.201,0.577,0.036,1.379,-0.206,0.966,-0.182
1.115,-2.058,0.143,1.235,0.358,0.379,0.4,-0.042
0.706,-1.242,0.153,0.586,1.007,-0.729,-0.911,1.003
0.439,0.172,0.283,-0.462,0.857,0.78,-1.581,-0.513
-0.655,-0.725,0.871,-0.976,1.056,0.819,-1.261,0.057
0.024,0.742,0.451,1.425,0.763,0.982,-0.354,0.83
1.355,0.879,2.726,0.076,1.281,-0.4,-1.326,-0.057
1.813,0.563,-0.428,-1.966,1.701,0.013,-0.563,0.941
0.877,-0.699,0.374,-0.741,0.402,-0.984,-2.007,-0.402
0.071,-0.94,-1.095,-0.772,1.945,-0.425,-2.267,0.962
-0.475,1.311,0.058,0.538,-0.158,-1.955,-1.757,1.667
-0.004,0.424,-0.487,-0.723,0.953,-0.59,-1.862,0.813
0.158,0.658,0.174,-1.188,0.645,-0.221,-2.56,1.423
-0.682,0.245,-0.311,-0.73,0.584,-0.782,-1.637,1.66
0.164,-0.885,-0.74,-1.108,-0.272,-1.401,-1.597,0.855
0.791,0.094,-0.045,-0.696,-0.025,-0.996,-0.64,0.676
0.062,1.245,-0.831,0.37,0.474,-0.989,0.313,1.576
0.676,1.638,-0.609,-0.475,-1.379,-0.531,0.996,0.656
-2.011,2.269,-1.743,-1.724,-1.498,-0.044,1.373,-0.69
-2.177,1.239,0.752,-1.385,0.27,-1.35,1.889,0.041
-2.189,1.299,0.562,-2.268,-0.651,-1.196,1.108,-0.162
-1.523,0.646,0.805,-0.748,0.108,-1.154,-0.505,-0.091
-0.777,0.275,1.112,-0.557,-0.17,-0.156,0.504,-0.275
0.669,0.156,0.323,-1.23,-0.712,-0.44,-0.761,0.068
1.292,-1.501,0.211,0.32,0.146,0.541,-0.119,-0.591
0.682,-0.091,-0.852,1.607,-0.684,-0.698,-1.565,-0.285
-0.656,-0.14,-0.52,0.115,-0.483,0.527,-1.532,1.103
-0.492,-1.256,-0.687,-0.196,-1.381,-0.004,-0.257,0.194
-1.756,-2.008,-0.07,0.156,-1.359,0.112,-1.052,1.158
-0.974,0.025,-0.885,2.456,-0.269,-0.573,0.331,0.473
-0.902,1.446,0.338,1.642,-1.838,-0.431,-0.168,1.752
-1.794,0.79,0.716,-0.931,-1.512,-0.143,-1.087,1.62
-0.444,-0.729,0.423,-1.715,-1.02,-0.451,-0.431,0.467
-0.417,-0.321,1.513,-1.245,-0.257,-0.943,0.79,0.577
0.14,-1.003,-0.083,-1.534,1.208,-0.886,0.275,1.067
0.384,-1.115,0.591,-0.807,-0.281,-0.859,-0.502,-0.445
0.92,-0.55,-0.54,0.795,0.948,-1.538,-0.215,0.258
1.239,-0.963,0.133,0.777,-0.982,0.232,0.069,-0.261
1.07,-1.884,-0.559,0.068,-0.537,0.965,-0.787,-0.475
1.501,-0.382,0.463,0.593,0.418,1.698,-1.465,-0.455
0.807,0.089,-1.317,-0.564,0.263,0.519,-0.826,-1.228
2.023,0.314,1.207,0.508,-0.203,-0.906,-1.39,-1.683
1.33,0.924,-1.579,0.189,1.203,-1.264,-0.474,-0.05
1.083,1.429,-1.534,-0.611,-0.626,-2.343,1.097,0.095
-0.798,2.299,-1.089,-1.451,0.524,-0.922,0.545,-1.789
-1.039,1.493,-0.702,-1.983,-0.33,-1.007,0.511,-0.71
-1.872,1.315,1.938,-0.876,0.449,-0.554,0.357,-0.953
-1.836,0.075,0.17,-0.202,0.684,-0.96,-0.031,0.198
-0.659,-0.979,2.652,0.479,1.267,-1.006,0.506,0.631
-0.574,0.512,0.484,0.372,1.675,-0.791,-1.656,0.98
0.051,-0.273,0.401,0.516,0.934,0.312,-1.126,0.89
0.348,1.223,0.017,-0.02,1.159,-0.105,-1.847,0.178
0.523,0.174,-0.402,-1.46,0.178,-1.65,-0.867,0.133
0.189,0.65,0.405,0.089,1.181,-0.941,-1.663,-0.682
-0.171,0.58,-2.288,0.888,0.103,-1.003,-1.426,-0.458
0.461,-0.918,-0.568,1.45,-0.97,-0.729,-2.244,-0.456
-0.122,-1.158,-1.845,0.053,0.451,-0.223,-1.702,0.903
-1.017,-2.309,-1.082,0.962,-1.521,0.73,-1.331,0.801
0.57,-0.847,-0.722,2.104,-1.013,0.412,-0.049,-0.434
0.065,-0.343,-1.482,0.858,-1.961,0.006,0.783,2.467
0.777,0.723,0.458,0.436,-1.667,1.073,1.413,1.232
-0.494,-0.48,-1.715,0.697,-0.095,0.524,1.694,-0.151
-0.932,-0.861,0.853,-0.103,-1.717,0.02,0.756,-1.609
-1.832,-0.746,-0.888,0.956,0.149,1.594,1.39,-0.551
-0.999,0.023,0.348,0.558,-2.536,0.435,0.809,0.71
-1.416,-0.857,0.274,-0.979,1.0,1.142,0.849,0.681
-0.033,0.081,0.781,-1.335,-2.442,-0.066,1.289,-0.636
0.367,0.562,1.301,-1.153,2.087,0.964,0.696,-0.861
0.755,0.795,-0.283,-0.443,0.59,-0.452,1.969,-1.574
0.728,0.04,0.476,-0.391,0.227,-0.219,-1.672,-1.535
0.171,-0.132,-0.166,-0.351,0.546,-0.195,-1.001,0.925
0.284,0.655,0.563,-0.317,0.132,-0.833,-0.295,-1.2
1.25,-0.139,0.966,-1.795,0.573,0.34,0.317,0.158
0.739,0.036,-0.49,0.396,0.145,0.081,0.556,-0.399
1.519,1.499,-0.212,0.157,-0.29,-1.411,-0.663,-0.043
-0.004,1.167,-0.24,-0.974,-0.241,0.169,-0.12,-0.015
-0.294,1.338,-0.846,-0.276,-1.565,-0.491,0.152,-0.124
-0.318,0.659,-1.318,-0.204,-0.591,-0.93,-0.24,1.339
0.053,1.312,0.83,-1.19,-0.728,-0.425,0.766,0.333
0.254,0.878,-0.618,-0.413,0.499,0.388,0.541,-0.554
0.644,0.448,1.006,-0.536,0.043,-0.336,0.862,0.603
-0.233,0.268,-0.985,-1.246,-0.227,-0.869,1.042,1.02
0.815,0.003,1.771,-0.697,-0.258,0.068,-0.127,0.274
-0.315,0.558,-0.963,-0.865,1.493,-0.521,0.072,0.994
0.448,0.599,1.576,-1.629,0.008,-1.148,0.208,-0.39
0.111,-0.168,-0.137,-1.283,0.51,-0.463,-0.653,0.472
-0.534,-0.284,2.878,-0.619,0.819,-1.5,0.906,0.362
-0.564,0.368,0.539,-0.231,0.971,-0.219,-0.398,0.878
1.234,1.809,0.062,0.186,-0.052,-0.374,-0.201,-0.039
1.927,0.117,-2.075,-0.117,-0.358,0.86,0.004,-0.505
2.515,0.787,-0.161,0.707,-1.079,-0.353,0.877,-1.295
0.149,0.092,-1.718,0.868,-0.275,0.081,0.453,-1.519
0.492,0.003,-0.376,0.67,-1.557,1.201,0.431,-0.636
0.315,-0.238,0.107,1.618,-0.22,0.421,1.638,-0.2
-0.141,-1.347,-1.375,-0.046,-2.523,0.27,1.078,-2.052
0.245,-1.229,0.012,-0.021,-2.028,0.606,-0.559,-0.549
0.234,-0.54,-0.974,0.663,-0.695,-0.644,0.144,1.048
-0.93,-0.769,-0.142,0.808,-2.287,0.148,-0.68,0.749
-0.877,0.508,-0.0,0.952,-0.989,1.06,-0.314,-0.5
-1.281,-0.263,0.431,-0.867,-0.526,1.363,0.367,-1.014
-1.335,-0.102,1.214,0.008,-0.507,0.768,0.775,0.333
-1.886,-0.649,1.81,-0.795,1.589,-1.065,0.978,0.792
-1.508,0.93,1.328,0.72,0.92,-0.882,-0.729,0.632
-0.232,-0.51,0.551,0.595,0.869,-0.341,-0.737,-0.374
0.332,-0.385,1.199,1.304,0.002,0.595,-1.25,-2.068
0.619,1.147,0.523,0.464,0.928,-0.024,-0.899,0.213
-0.441,1.842,-0.047,0.047,-0.311,0.522,-1.458,-1.29
0.535,0.712,-0.385,0.934,-0.156,0.841,-0.867,-0.719
0.385,1.813,-0.061,0.126,-0.148,-0.9,-1.25,-0.818
0.632,0.04,-0.174,-1.347,0.372,0.242,-1.544,-0.02
0.996,-0.344,-0.449,-1.682,1.095,0.337,-2.011,1.932
1.389,-0.64,0.439,0.336,0.292,0.554,-1.171,2.032
2.466,-0.559,0.59,1.114,0.33,-0.547,-2.824,0.502
1.535,-1.612,-1.923,-1.308,1.045,0.338,0.631,-0.652
1.61,0.02,1.982,1.871,0.345,0.071,-0.239,0.569
0.097,0.784,-1.457,0.365,-0.058,-0.455,-0.697,0.459
1.251,0.281,2.679,1.522,-1.351,1.796,0.871,-0.232
-0.621,1.452,-1.606,1.926,-0.228,0.695,-0.335,-1.45
-0.879,1.172,1.152,0.657,-2.971,0.149,1.166,-0.477
-0.47,-0.215,-0.566,-0.286,-0.34,1.026,0.737,-0.615
-0.271,-0.729,-0.359,0.181,-1.493,0.62,0.893,-1.132
0.334,-0.556,0.181,-0.855,-1.627,-0.038,-0.005,-1.532
0.375,-0.059,-1.149,-1.279,0.593,0.479,-0.94,-0.873
-0.673,0.842,0.25,-1.338,-1.229,-0.539,0.034,0.243
-2.555,1.081,0.319,-0.689,-0.185,0.892,-0.726,0.15
-2.884,-0.215,1.917,0.499,0.141,1.342,-1.348,0.462
-1.605,-0.247,0.591,1.256,1.135,1.243,1.419,1.798
-1.189,-0.529,0.923,2.33,-0.596,0.141,0.221,1.588
-0.933,0.863,0.139,0.93,-0.568,1.45,0.779,0.815
-1.36,0.563,1.815,-1.12,1.039,1.155,0.03,0.534
-0.54,0.11,0.741,-1.5,1.896,-0.856,0.058,2.037
0.49,-0.15,0.137,0.306,1.209,-1.943,0.028,1.486
0.067,-0.815,0.224,0.868,0.328,-1.115,-1.399,-0.402
1.454,-0.426,-0.752,-0.62,0.387,0.555,-0.777,0.727
1.814,0.188,0.536,0.435,-1.364,0.537,-1.18,0.764
1.48,-0.037,-1.953,-0.155,1.072,1.027,-1.818,0.824
0.143,-1.16,-0.652,0.354,-0.732,-0.325,-0.0,1.436
-1.449,-0.676,-1.371,0.437,0.577,-0.331,0.876,0.835
-0.928,-1.279,0.994,-0.915,-1.58,-0.439,1.133,-0.243
-1.474,-0.811,-1.199,-0.273,1.786,-0.249,0.799,-0.678
-0.952,0.663,1.317,1.244,-1.123,-0.627,0.382,-1.489
-0.859,-0.327,0.714,1.903,0.813,-0.06,-2.514,-1.516
0.549,-0.437,1.821,1.065,-0.315,0.047,-0.932,0.056
1.22,-0.1,0.702,0.325,0.119,1.635,-1.901,-0.081
1.157,-1.231,0.55,-0.142,-0.019,1.032,-2.51,1.151
1.922,-0.142,-0.189,0.868,0.144,0.462,-0.399,0.421
1.028,-0.137,-1.035,0.287,-0.788,0.194,0.22,-0.129
1.756,-0.857,-0.671,-0.14,-1.849,1.177,0.091,0.685
0.895,-1.599,-0.826,0.195,-0.911,0.935,0.891,-0.138
0.199,-1.096,-1.805,1.599,-0.878,0.424,1.393,-0.273
-1.565,0.429,-0.262,1.454,-2.128,0.699,1.567,-0.093
-1.583,1.016,2.035,1.674,1.52,1.469,1.295,-1.467
-1.229,-0.707,0.252,0.58,0.425,1.407,1.938,-0.115
0.533,-0.244,0.961,1.149,0.664,1.097,1.26,-1.578
0.491,0.192,0.388,0.219,0.613,0.704,0.038,0.274
0.508,1.153,0.181,1.165,2.515,-0.487,-0.874,-0.101
1.046,1.729,0.519,-1.23,-0.317,-1.183,-1.169,-0.968
1.123,1.411,-1.274,-1.827,1.131,-1.069,-2.278,0.338
0.296,1.619,-0.659,-0.712,-0.606,-1.15,-0.611,0.196
0.124,-0.589,-0.45,-2.156,0.681,-0.724,-1.727,0.363
-0.4,0.179,-0.334,-0.793,-0.275,-0.26,-2.163,1.482
0.307,1.676,-0.139,-0.468,0.367,-0.898,-1.536,1.768
-0.441,0.733,-1.386,0.711,1.169,-0.727,0.276,0.906
-0.472,1.259,1.052,1.119,-0.546,-0.701,0.484,0.023
-0.414,1.714,0.833,-0.54,0.059,-0.404,0.939,0.85
-0.288,1.443,1.067,1.376,0.31,-1.031,1.604,0.018
-0.059,2.008,-0.54,-0.794,0.33,-1.158,1.02,-0.626
1.16,0.962,0.296,-1.021,-0.205,0.483,-0.6,-0.693
0.673,0.361,-1.471,1.328,0.338,-0.063,-0.144,-0.827
1.345,1.361,-0.529,0.146,-0.879,0.125,0.014,-1.339
-0.241,1.257,-1.149,-1.1,0.384,0.905,0.791,-2.191
0.299,-0.438,1.198,-0.475,0.245,0.364,-0.245,-0.221
0.091,-0.273,-1.521,0.733,-0.159,0.425,-0.36,0.706
1.084,2.569,-0.054,0.238,-0.661,0.247,-1.488,-1.453
-0.265,-0.605,0.668,0.368,-0.139,0.889,-1.008,-2.389
-0.384,0.806,0.506,0.961,0.38,-0.014,-0.12,0.284
0.973,-0.046,1.396,0.302,-1.403,-0.349,-1.041,0.562
0.054,0.8,0.968,0.656,0.616,-0.553,-1.114,0.477
0.658,0.699,0.56,0.845,-0.913,0.514,-0.151,0.31
1.879,-0.656,-0.334,0.672,0.939,1.324,0.658,-1.131
2.658,-1.666,-1.634,0.001,-1.459,1.103,0.015,1.057
2.42,-1.714,-1.668,-0.19,-0.093,0.867,-0.519,2.742
1.974,-0.77,-1.989,0.212,-1.055,0.065,0.139,1.118
0.016,-1.958,-1.723,1.33,-0.835,0.757,1.683,0.505
-0.241,-0.487,-0.234,2.204,-1.743,0.92,2.278,1.698
-0.836,0.47,-3.296,1.737,-1.49,2.029,1.366,0.493
-1.694,0.608,-0.532,1.456,-3.006,2.25,0.989,-0.251
-2.491,0.573,-0.871,1.561,-1.444,2.699,-0.128,0.051
-1.898,-0.844,1.183,0.273,-3.096,0.917,0.95,0.183
-1.861,-0.586,0.263,0.937,0.808,2.366,3.307,0.194
-1.253,0.042,0.642,1.592,-1.424,0.689,2.211,-0.349
-0.126,1.047,1.213,0.22,-0.886,1.889,0.489,-1.643
0.056,0.421,0.563,0.507,0.276,1.404,1.078,-1.613
1.186,1.654,0.26,1.097,-1.511,1.347,-0.009,-1.34
0.827,1.298,-0.424,-0.009,-0.532,0.646,1.057,-2.049
0.658,0.471,0.976,-1.255,-0.775,-0.484,1.581,-1.221
-0.898,0.794,-2.538,-1.202,-0.344,0.093,1.576,0.571
-0.073,1.978,0.665,-0.715,-1.386,0.507,0.417,-1.114
-1.531,-0.082,-0.768,-0.495,0.533,-0.954,-0.398,-1.157
-1.639,-0.422,1.373,0.443,-1.899,-0.688,0.586,-0.855
-1.973,-0.211,0.232,0.289,1.845,-0.13,0.373,0.871
-1.311,-0.495,0.839,-0.344,-0.597,0.36,0.706,-1.195
-0.471,-0.86,0.521,2.338,0.994,0.306,-0.618,-2.193
0.192,-0.078,0.681,2.426,0.354,-1.064,0.55,0.099
0.668,-0.27,-0.525,1.685,-0.589,-0.542,0.989,-1.135
0.039,0.326,0.341,1.331,0.346,1.554,0.429,-0.541
0.371,-0.21,-0.517,0.172,-0.72,0.318,1.212,-0.944
0.706,-1.4,0.236,-0.905,1.448,0.706,0.58,-1.778
0.055,0.519,-1.263,-0.187,0.137,0.481,0.315,0.855
-0.241,1.639,-0.33,-0.579,0.025,0.893,-0.714,-0.566
0.213,0.986,-1.571,-1.099,-0.009,0.851,-1.15,0.889
-0.384,0.948,1.063,0.081,-0.746,1.15,-0.382,-0.33
-0.802,1.918,0.107,-1.26,0.119,-0.804,0.453,1.069
0.572,1.191,0.669,-0.82,-0.169,-0.519,0.854,-0.258
1.719,1.57,-0.736,-1.555,0.26,-1.298,0.011,0.523
2.53,1.447,0.892,-0.416,-0.004,-0.758,-0.239,-0.084
2.232,1.902,-0.722,-0.729,0.737,-0.649,-0.591,-0.877
0.941,1.18,-0.956,0.555,-0.158,-0.408,0.577,-0.294
-0.187,0.839,-1.455,0.04,0.173,-0.02,-0.696,0.743
-0.819,1.11,-2.163,0.563,-0.057,1.259,-1.807,-0.104
-0.07,-0.933,-0.116,-0.146,-0.782,1.026,-1.439,-0.42
-1.536,-1.024,-1.458,0.967,-0.229,0.559,0.602,0.418
-0.491,0.943,1.772,1.577,-0.997,0.736,-0.065,0.3
-0.645,1.624,-0.155,-0.118,-0.009,0.176,1.182,-0.02
-0.249,0.923,0.833,-0.923,-0.793,0.681,0.686,-0.468
0.154,-0.057,0.099,-0.708,1.128,1.87,-0.03,-0.745
0.479,0.878,0.568,-0.653,0.393,0.753,-0.154,0.002
-0.058,0.298,-1.017,-0.826,0.685,-0.732,0.016,0.641
0.79,-0.485,0.08,-1.051,-0.348,0.875,-0.569,0.243
-1.132,0.136,0.183,-1.334,0.54,-0.757,-1.157,0.221
-1.327,0.54,0.07,-0.549,-0.077,-0.195,-1.573,0.219
0.022,1.183,-0.679,-0.521,-0.037,0.89,-0.655,0.079
-0.822,0.545,-0.958,-1.078,-0.114,-0.057,0.598,1.324
-0.614,-0.175,-0.231,-0.416,0.159,-1.863,0.961,1.125
-1.67,-1.043,-0.192,-1.208,0.204,-0.716,0.786,2.259
-1.234,0.816,0.627,-1.068,0.56,-1.634,-0.094,0.47
-2.59,0.561,-0.406,-1.71,0.352,-1.577,-0.899,-0.879
-1.977,1.587,1.282,-1.286,0.019,-1.316,-0.989,-1.479
-2.596,0.672,0.445,-1.687,1.099,-0.911,-0.396,-0.608
-1.605,1.362,2.703,-0.765,-0.84,-1.512,-0.855,-1.343
-1.433,-0.806,1.335,-1.898,3.308,-2.463,-1.008,0.155
-0.233,-0.33,0.821,0.162,-0.322,-1.9,-0.848,-0.201
0.775,-0.697,-0.338,0.042,1.365,-0.801,-1.651,0.473
0.177,-0.563,1.273,1.51,-0.504,0.502,-0.253,0.612
0.231,-1.477,-0.126,0.731,0.616,0.328,-0.944,0.07
1.932,-0.89,0.366,1.423,-0.728,0.675,-1.298,0.719
1.237,0.932,-1.1,0.96,0.171,-0.008,-0.021,1.875
0.737,0.359,-1.015,0.242,-1.453,1.273,0.629,2.132
-0.901,0.731,-0.733,-0.952,-0.431,1.369,0.495,0.601
-1.479,-1.307,1.287,-1.301,-1.861,1.367,1.53,1.72
-0.618,1.658,1.745,0.271,-0.336,0.366,1.201,1.313
-0.072,0.792,0.811,-0.119,-0.509,-0.567,2.176,-0.446
0.941,1.243,2.141,-0.629,0.493,0.301,1.199,-1.437
1.415,1.458,-0.501,-0.565,-0.201,0.465,0.466,1.139
2.103,0.305,1.183,-0.613,0.139,0.456,-1.896,1.206
1.241,0.563,-1.56,-1.161,-0.81,1.113,0.06,1.38
2.557,0.011,0.451,-0.699,0.448,-0.615,-0.034,0.58
2.064,-0.456,-1.76,1.236,-0.59,-0.858,-1.0,3.093
1.338,-1.993,-0.385,1.889,-0.341,0.556,-2.03,0.256
1.264,-1.166,-1.313,0.021,-0.768,1.265,-0.579,0.416
1.07,-0.124,0.7,0.53,0.011,2.295,-0.351,0.246
1.006,0.716,-0.731,0.861,-0.105,1.71,0.12,0.639
1.345,0.567,0.343,0.03,-0.607,0.455,1.118,0.014
0.278,0.738,-0.363,0.919,-0.676,0.595,1.849,-0.308
