x0,x1,x2,x3,x4,x5,x6,x7
-0.808,1.174,-0.201,1.206,-0.119,-1.196,-0.168,-0.326
-0.692,0.632,0.925,0.791,-0.506,-1.346,0.2,1.075
-0.259,0.283,0.235,0.234,-0.27,0.769,-0.144,1.019
-0.194,0.432,0.411,1.438,-1.564,0.966,0.253,0.966
-0.526,-0.56,-0.029,-0.514,0.232,1.439,-0.084,-0.707
-0.289,-0.5,0.077,-0.865,-0.216,1.282,1.705,0.325
-1.124,-0.268,0.319,-1.723,-0.503,0.83,1.05,0.709
-1.778,-0.092,-0.495,-1.556,-0.556,0.855,-0.22,0.857
-2.077,-1.424,1.377,-1.386,-0.192,-0.955,1.204,-2.744
-0.562,-0.339,0.497,-0.27,1.797,-1.042,0.991,-0.848
0.987,0.258,1.383,0.343,-0.931,-1.036,1.593,-0.145
0.589,-1.002,0.636,0.19,0.048,-0.408,-0.204,0.75
0.44,-0.324,-0.081,0.678,-1.55,-0.247,0.42,-0.647
-0.098,-0.776,-0.308,0.071,-0.042,0.316,0.745,-0.661
-0.871,-1.47,0.625,0.743,-0.345,1.178,0.086,0.536
-1.064,-0.982,0.584,1.508,-1.037,0.265,0.605,1.585
0.153,-0.947,1.0,0.084,0.98,1.863,0.804,0.291
0.044,-0.513,-0.429,-0.866,0.061,2.271,-0.366,-0.37
0.904,0.493,0.603,-0.492,0.688,0.017,-0.733,0.455
1.584,-0.064,-1.626,-0.267,0.608,0.765,-0.372,0.212
1.389,-2.557,-1.938,0.242,0.317,1.493,-0.781,0.614
-0.119,-1.209,-1.426,0.513,-0.228,-0.879,-0.222,1.825
-2.405,-1.026,-1.658,-0.351,-0.726,-0.077,-0.484,0.819
-2.703,-0.559,-0.495,0.869,-0.577,-0.576,0.377,0.891
-2.045,0.351,0.579,2.258,-1.415,-0.871,0.848,-1.17
-1.917,-0.756,-0.734,0.665,-0.295,1.043,0.449,0.0
-0.265,-0.099,0.849,1.778,-0.167,1.28,2.406,-1.082
0.502,1.202,-0.027,1.654,0.429,1.932,1.412,-0.593
-0.317,-0.042,1.053,1.15,0.148,1.322,0.686,0.077
0.286,-0.039,-0.525,-0.656,0.311,0.966,-0.027,-1.095
-0.843,0.535,0.009,-0.625,-0.189,1.278,-0.525,0.871
-0.458,1.061,0.298,-1.554,-0.153,0.268,-1.048,1.009
0.104,-0.172,-0.012,-1.463,0.047,-0.026,-1.873,1.132
0.462,-0.67,-1.277,-2.032,0.659,-1.916,-0.29,0.019
-0.787,0.253,-0.895,-1.616,-0.942,-1.265,1.117,-1.055
-1.095,0.577,-0.97,-0.967,-0.811,-0.809,1.445,-1.195
-1.364,-0.229,-0.007,-0.492,0.311,-0.227,2.16,0.493
-1.027,-0.942,-0.438,-0.243,-0.178,0.044,0.287,-0.568
-1.433,-1.412,1.179,0.477,1.049,0.278,-1.454,-1.032
-0.086,0.643,0.606,0.029,-1.009,0.21,-0.664,-3.213
-0.148,0.274,2.207,-0.331,1.5,0.475,-1.967,-2.163
-0.479,2.009,0.686,0.025,-0.371,-0.561,-1.221,-0.049
-0.398,1.054,1.172,-1.591,0.843,0.458,-2.439,-1.395
0.949,1.111,0.377,0.466,0.567,0.863,0.186,-0.127
0.905,0.818,0.192,-0.352,0.001,-1.047,0.361,-1.127
0.989,1.701,-1.921,-0.362,1.211,0.005,0.154,-0.52
1.533,-0.064,-0.678,-0.074,-1.143,-0.969,-1.779,-0.582
-1.864,1.881,-0.749,0.511,1.48,0.776,-0.495,-1.764
-0.423,0.32,-0.149,-0.18,0.036,1.058,0.122,0.568
-1.26,-0.08,0.954,-0.066,-0.099,0.407,0.087,1.575
-0.867,0.262,0.875,1.528,-0.523,1.36,0.003,-0.012
0.012,0.8,1.448,0.412,-0.299,0.2,0.196,0.085
0.886,-0.775,1.463,0.213,-0.029,0.183,-0.657,-1.278
1.209,0.29,-1.249,-0.52,0.442,1.794,-2.296,-1.214
0.625,0.016,0.321,-0.997,-0.979,0.38,-0.969,-0.608
0.842,-0.864,-1.358,0.3,0.633,0.716,-1.23,0.055
-0.373,-0.487,0.764,1.849,-1.428,0.853,-0.29,-0.163
-0.664,0.58,0.384,0.79,0.895,1.406,0.389,-0.104
-0.526,-0.601,0.051,-0.387,-0.934,-0.015,0.983,0.499
-1.231,-0.055,-0.377,0.665,0.927,-0.017,0.688,-0.652
0.47,-0.677,0.38,-0.078,-0.517,-0.67,0.281,0.44
0.386,-1.199,-0.399,-0.021,0.352,1.267,-2.233,-1.349
0.604,-1.933,-1.371,0.617,0.441,-0.36,-0.197,1.388
-0.575,-1.773,-0.891,0.324,0.41,1.148,-1.035,0.631
-1.423,-1.699,-0.399,0.669,1.3,1.039,-1.909,1.79
-0.966,-0.386,0.498,0.791,-1.806,-0.582,-0.368,0.555
-0.752,-0.911,-0.226,-0.52,0.284,0.454,-0.581,1.108
0.527,0.161,1.027,0.809,-0.614,0.075,0.132,1.509
0.431,1.048,-0.999,-0.048,-0.091,-0.192,-1.306,1.959
0.318,-0.399,1.176,0.702,-0.665,0.219,0.933,0.563
0.604,-1.444,-1.638,-0.278,0.938,-0.556,0.032,0.727
-0.267,-0.714,0.209,1.377,-0.539,-1.144,-0.325,0.744
-0.599,-1.699,-0.799,1.33,0.934,-0.06,-0.744,0.305
0.406,-1.387,0.338,1.982,-0.955,0.275,-0.016,1.001
0.86,-1.024,-1.274,-0.347,-0.056,0.25,-0.753,-0.151
-0.147,-0.626,-0.313,0.446,-0.464,1.714,0.325,-1.469
-0.909,-0.42,-0.786,0.137,0.243,0.842,-0.063,-0.267
-1.548,1.889,-0.49,-0.156,-1.021,0.13,0.844,-0.245
-1.243,1.531,-0.114,-0.972,-0.44,0.936,0.326,-0.335
-0.39,0.05,0.882,-1.444,-0.344,0.006,1.162,-0.831
-1.658,-0.562,-0.985,-0.366,0.317,0.085,2.108,-1.709
-0.983,-0.458,1.948,0.525,-0.472,-0.781,1.914,-2.106
-2.013,2.346,-1.392,-1.14,0.55,-0.802,1.214,-1.786
0.224,0.316,2.156,-1.547,-0.658,-1.389,-0.032,-2.413
-0.361,0.048,-0.981,-1.912,1.039,-1.554,-1.622,-1.326
0.116,-1.459,1.299,-1.738,-0.583,-1.305,-0.467,-0.565
-0.409,-1.002,-0.965,-0.25,0.629,-0.62,-2.116,-0.142
0.391,1.473,1.179,0.411,-0.854,-0.901,-0.866,-0.048
-0.507,0.151,-1.828,-0.846,0.771,-0.082,-0.412,-0.32
-2.016,1.434,1.13,-0.295,-1.031,0.17,-0.073,-0.073
-1.683,0.463,-0.527,-0.805,0.198,0.92,0.04,0.68
-0.307,0.219,0.892,-2.454,0.461,0.477,0.191,-0.812
-0.448,-0.586,-1.381,-1.729,-0.544,0.053,0.106,-0.799
-0.94,-0.862,0.282,-1.143,0.218,-1.028,-2.26,1.186
-0.657,-0.73,-1.603,-0.718,0.395,-0.675,-3.008,-0.883
-0.801,-1.551,1.028,0.633,0.286,-1.766,-1.048,2.298
-1.168,0.173,-1.366,1.477,0.738,-0.86,0.321,0.469
-0.425,0.095,0.757,1.669,-0.598,-0.939,1.265,1.118
-1.479,0.063,-1.239,-0.0,0.888,1.093,1.24,2.274
-0.744,-0.689,0.682,0.384,-1.172,0.884,1.499,1.427
-1.862,0.045,0.142,0.434,-0.218,0.926,0.983,-0.495
-0.798,-0.166,1.273,-0.261,-0.182,0.79,0.864,-0.835
-0.876,-0.228,1.353,1.11,-0.158,0.454,0.204,0.261
-0.482,-0.938,1.452,0.766,-0.593,-1.903,0.304,0.244
-0.753,-0.848,0.872,-0.304,0.89,0.165,0.172,-0.761
-0.113,1.035,0.89,0.163,0.052,-0.882,-0.685,0.136
-0.558,0.409,1.217,-0.505,1.691,0.149,0.702,0.224
-0.521,0.033,0.009,0.499,1.185,-0.416,2.028,1.029
0.442,-1.246,0.408,1.697,-0.839,-1.476,0.371,1.261
-0.775,-0.588,-0.079,0.872,-0.638,-0.302,0.709,-0.968
-0.908,-0.488,0.38,0.204,0.005,-0.1,0.493,0.178
-1.423,0.85,0.475,-1.144,-0.08,0.053,-0.867,1.375
-0.334,0.365,1.169,-1.032,1.097,-0.405,0.31,-1.315
0.452,0.144,0.487,-0.889,0.689,-0.185,-0.95,-1.67
0.904,-0.18,-0.074,-0.065,0.27,-0.544,-1.213,-0.691
0.53,-0.104,1.445,0.264,2.191,-1.123,-0.597,-0.292
0.751,-1.219,-0.955,1.297,0.546,-1.746,-0.661,0.333
2.19,-0.498,0.918,2.118,0.83,-0.731,-0.314,0.414
1.734,2.64,-1.497,1.079,-1.059,0.065,0.034,0.71
0.196,3.441,-0.857,-0.285,-0.162,2.366,-0.88,-0.032
0.267,1.958,-1.177,-0.276,-1.566,2.215,-0.649,1.263
-0.455,2.487,0.64,-0.627,-0.353,1.802,0.83,1.498
-1.227,1.072,-0.16,1.394,1.227,0.599,1.192,0.966
0.001,1.123,1.112,0.226,0.629,-1.4,1.384,-0.39
-0.405,-1.073,-1.428,0.499,1.84,-1.648,0.006,0.289
-0.689,-1.764,1.035,0.873,-0.31,-1.691,-0.837,-0.378
-0.279,-0.986,-0.866,0.907,1.086,-0.072,-1.022,-1.752
0.235,-0.906,0.695,0.746,-0.082,0.22,-0.514,-1.462
0.533,-0.314,-0.646,0.691,0.843,1.092,-0.784,-1.286
0.19,-0.829,-0.324,0.384,-0.94,-0.257,0.788,0.551
-0.343,-0.679,0.574,-0.811,0.142,-0.063,-0.245,-0.885
-0.53,-0.271,0.825,-0.304,-0.448,1.219,-1.227,-0.25
-0.298,-0.952,0.573,-0.438,0.84,1.428,-0.733,-0.524
0.244,-1.195,0.495,0.508,-0.407,0.006,-0.124,-0.951
0.601,-0.384,0.095,-0.205,-0.188,0.392,-1.16,1.777
0.568,-1.913,-0.17,-1.093,-0.366,1.368,-0.694,-0.263
0.233,-1.749,-0.403,0.106,0.742,1.576,-1.703,-0.077
0.331,-0.937,0.241,0.095,0.744,1.355,-2.124,-0.061
0.723,0.478,-0.621,0.683,1.486,0.065,-1.511,0.347
1.165,-0.208,-0.062,-0.01,-0.433,-0.701,-1.376,-0.832
0.904,-0.182,-0.889,-0.363,0.901,0.568,-0.295,0.625
1.343,0.26,-0.787,-0.921,0.077,0.276,-0.881,0.536
1.022,0.5,-0.861,-1.353,-0.142,-0.404,-1.165,0.913
-0.286,-0.854,-1.285,-0.215,-0.663,1.264,-0.346,1.372
-0.93,-1.289,-0.225,-0.794,-1.142,0.642,-0.198,0.614
-2.004,-0.771,-0.156,0.41,-1.215,-0.664,-0.5,-0.281
-0.376,-0.757,0.361,1.004,-1.996,-0.16,0.508,-0.009
-0.31,-0.548,0.983,0.222,-0.869,-0.61,0.377,0.264
-0.31,-0.459,2.235,-0.131,0.258,-0.682,0.057,-0.385
1.011,-1.075,0.579,0.155,1.997,-0.286,1.559,1.82
2.088,-1.347,1.462,-1.076,0.376,-0.894,0.838,-1.164
-0.162,-0.51,0.441,0.518,1.298,0.167,-0.9,-1.259
0.286,0.487,0.441,0.141,-0.987,-0.075,0.852,-1.844
0.999,0.498,0.526,-0.907,0.744,0.124,0.658,-2.231
0.87,1.202,0.552,-0.292,0.717,-0.805,0.941,-0.53
1.102,0.247,0.016,-0.167,0.139,-1.009,-0.248,-0.595
1.195,-0.177,1.125,0.973,0.329,-1.567,-0.434,0.267
-0.431,0.439,-1.943,0.561,0.25,-1.119,-0.048,0.295
0.435,0.619,0.0,-0.825,-2.076,-1.007,0.076,0.426
-0.427,1.005,-1.721,-0.935,0.587,0.671,0.26,1.304
-0.53,0.726,1.497,0.625,-1.132,-0.709,2.465,-0.231
-2.464,1.922,-0.519,-1.789,1.577,-0.276,-0.086,-0.213
-0.694,-0.982,0.833,-1.985,-0.397,-0.541,0.113,0.67
-0.583,0.058,0.987,0.354,2.531,-1.361,-0.091,-0.727
-0.431,-0.415,0.552,0.732,0.884,-3.157,-0.299,0.504
-0.767,0.378,2.027,-0.957,1.616,-0.973,-1.241,-0.317
-0.294,0.488,-0.087,-0.438,1.071,-0.611,-0.906,-0.177
1.263,-0.13,2.805,-0.333,0.311,-1.23,-1.358,-0.547
-0.149,-1.493,-1.423,1.154,1.869,-1.387,-1.824,0.474
0.904,0.495,1.549,0.927,-1.044,-1.304,-1.568,-0.851
-0.64,-0.525,-1.242,0.191,1.006,0.73,-1.475,0.304
-0.392,-0.89,0.375,-0.077,-0.35,1.27,0.272,1.083
-2.406,-0.212,-1.873,-0.126,1.202,0.961,-1.016,1.781
-2.086,-0.194,0.723,-0.649,-0.285,0.61,-1.147,2.515
-2.273,-1.084,0.962,-1.357,2.465,1.271,-1.888,1.227
-0.617,-1.01,1.659,-1.599,1.263,-1.031,-0.287,0.566
-1.163,-1.409,-0.097,-0.673,0.61,-1.691,-0.456,-0.022
0.54,-0.582,2.518,-0.018,1.148,-0.26,-1.173,1.597
1.103,-0.337,0.075,-0.061,1.399,-1.048,-0.916,0.05
2.138,-0.433,0.907,-0.348,0.707,-1.394,-0.321,0.356
1.046,-0.337,-0.509,0.48,2.287,-0.297,-2.143,1.399
1.459,0.286,1.738,0.963,0.474,-2.195,-1.562,0.925
1.817,1.203,-0.895,-0.14,1.332,-0.949,-1.33,0.751
2.292,-0.207,-0.222,-0.433,-1.319,-0.031,-0.766,0.405
0.819,2.203,-0.632,0.322,0.85,0.69,-0.234,0.154
-1.136,0.634,-2.012,1.002,-0.74,-0.508,0.593,1.141
0.486,-0.569,0.721,1.306,1.682,-0.077,-0.644,0.948
-1.601,0.144,-1.285,1.216,-0.033,0.216,0.69,1.01
-0.985,-0.143,2.137,-0.369,-0.186,0.427,-0.624,0.153
0.678,1.655,-0.289,0.504,-0.378,0.399,0.664,2.293
1.378,1.608,0.349,-0.297,-1.031,-0.85,0.147,0.194
1.278,0.152,-0.387,-1.775,-0.413,0.309,0.032,1.059
0.384,1.573,-1.667,-1.299,-0.453,-0.645,-0.406,1.3
-1.479,1.643,0.659,-2.514,0.376,-0.446,0.556,0.688
-1.412,0.102,-0.491,-1.63,1.534,-2.032,-0.282,0.646
-0.257,0.967,1.61,-1.278,-0.023,-1.163,-0.689,-0.326
-0.051,-0.147,-1.01,-0.995,0.565,-1.703,-1.406,-1.199
0.351,-0.15,1.72,0.721,-0.223,-1.092,0.115,-1.215
-0.152,-0.428,-0.674,-0.059,0.688,-1.226,-0.591,-1.418
0.941,-0.829,1.942,0.57,-0.566,-0.223,-1.002,-0.704
-0.195,-1.376,-1.532,1.161,2.336,0.045,-0.592,-0.165
0.62,-0.455,0.956,0.875,-0.964,-0.052,1.076,0.462
-1.138,-1.446,-0.966,1.702,1.153,0.313,-0.106,1.313
-0.065,-2.929,0.232,1.689,0.151,0.269,-0.284,2.245
0.148,-1.879,-0.598,1.928,0.575,0.478,-0.65,0.017
1.611,-0.88,0.446,1.526,-0.949,0.135,-0.044,-0.062
1.047,-0.271,-1.306,0.341,1.308,0.838,0.773,-0.178
1.143,0.6,0.261,-0.793,-1.276,-0.535,1.239,-1.304
1.029,0.167,-1.007,0.164,0.88,0.019,-0.199,-1.369
1.601,-0.548,-0.193,-0.065,-2.815,0.149,-0.113,-0.779
-0.124,-0.139,-0.726,1.631,0.984,0.026,-0.961,0.875
0.472,-1.962,-2.05,1.951,-2.208,1.302,1.981,1.083
-0.935,-0.457,-0.509,2.458,0.55,2.727,0.908,-0.661
-1.749,-1.354,0.502,0.339,-1.291,2.658,1.123,-0.299
-0.445,-0.999,-1.119,1.665,-0.296,1.842,0.808,0.161
0.013,-0.366,-0.817,0.077,-1.439,0.694,0.629,-0.684
-1.392,-0.574,-0.224,-0.847,1.115,1.591,1.33,0.422
-0.514,-1.294,0.603,-0.434,-0.738,-0.21,1.775,-0.808
0.292,-1.746,0.041,-0.095,2.618,0.168,1.079,-0.488
0.249,-0.103,0.394,0.27,0.116,-1.396,1.925,-2.184
-0.256,0.759,-0.392,1.423,2.099,-1.367,-0.26,-0.713
-1.07,0.134,0.542,0.535,-0.072,-1.634,0.474,-0.55
-0.349,-0.008,0.457,0.924,0.587,-1.286,-0.269,0.015
-0.477,-1.607,-0.446,-0.353,1.351,-0.777,-1.006,-0.238
-1.267,-1.07,1.075,0.724,1.946,-1.397,0.072,-0.776
-1.135,-0.232,0.141,-0.421,0.608,-0.276,-0.444,-2.204
-1.252,0.934,0.449,0.171,1.184,0.937,-1.775,-0.553
-0.177,1.361,1.035,-0.427,1.346,0.503,-0.654,-0.598
0.666,-0.071,0.342,0.953,2.796,0.201,-1.839,0.99
1.353,1.705,0.162,0.519,1.415,-0.271,-1.941,1.742
0.022,2.619,-0.287,0.309,0.452,-0.558,-1.563,0.58
-0.112,1.41,-0.195,-1.465,-0.277,-1.08,-2.521,0.236
-0.795,0.361,0.559,-0.28,0.284,-0.632,-0.449,-0.11
-0.895,0.934,0.699,-0.529,0.761,-0.166,-0.895,1.788
0.854,1.183,-1.203,-1.827,2.238,-0.647,-0.806,0.458
-0.97,0.243,0.81,-0.8,0.092,-0.856,0.054,0.28
-0.493,0.722,-0.16,-0.288,1.962,-1.066,0.636,1.37
-0.627,-0.284,1.253,-1.219,0.635,-1.665,0.11,0.649
-1.39,-1.265,1.97,-0.134,1.168,-0.781,-1.153,-1.132
-0.982,-1.255,1.727,2.131,0.379,-1.753,-1.422,-0.312
-0.867,0.239,-0.107,0.653,0.878,0.141,0.456,1.861
-0.539,-0.554,2.24,-0.083,-1.443,-0.324,2.256,0.934
0.594,0.072,0.419,-0.084,1.211,1.058,-0.668,0.969
0.757,-0.497,1.31,0.412,-1.057,-0.047,-0.64,-0.69
0.478,-1.035,-1.529,-0.099,1.818,0.402,-0.438,-0.893
1.097,0.245,-0.341,1.164,-1.664,-0.366,-0.493,0.832
0.631,0.581,-0.871,0.827,0.264,0.327,-2.86,-1.458
0.565,0.503,-0.81,-0.125,-1.497,0.58,-0.74,-0.939
-0.555,-0.985,-1.106,-1.438,0.701,0.299,-1.157,-0.247
-0.939,0.433,0.778,0.214,-0.789,-0.536,0.554,1.333
-0.957,1.273,1.325,-0.414,-0.104,0.185,-0.493,0.732
-1.031,0.725,0.608,-1.781,0.163,-0.611,-0.372,0.583
-0.282,0.702,1.926,-0.743,2.715,0.957,-0.631,0.885
1.385,1.264,0.428,-0.182,2.108,-1.47,-0.13,0.911
1.501,1.551,0.803,-0.327,1.125,-1.554,-0.937,1.375
2.148,0.726,0.208,-0.069,1.512,0.147,-0.684,0.319
1.963,0.552,-1.626,-0.266,0.786,-0.185,-0.253,0.71
0.588,-0.629,-0.087,-0.521,1.097,-0.651,-0.364,0.734
0.424,1.018,-1.484,1.194,0.3,-1.465,-1.089,0.528
-1.058,1.577,-0.995,-0.515,-0.789,0.25,-1.387,-0.684
-1.451,-0.781,0.083,-0.428,-0.452,0.971,-1.11,1.137
-0.786,0.349,-0.395,0.234,0.32,0.813,-0.539,-0.758
0.028,0.361,1.511,-0.078,-0.395,1.182,0.069,-0.28
-0.24,-0.657,0.524,1.293,0.999,0.486,0.474,-0.418
1.156,-0.67,0.011,0.665,-0.546,-0.729,-0.664,1.202
-0.217,-1.546,-1.308,1.695,-0.558,1.498,-0.815,1.744
-0.204,-1.007,1.177,1.242,0.557,0.795,0.239,1.198
-0.854,-1.597,-0.277,0.998,-0.23,2.703,1.079,1.261
1.202,-1.748,1.93,1.945,-0.321,0.898,-1.695,-0.834
1.258,-1.132,-1.578,0.743,1.262,1.724,-0.926,-1.905
0.913,-1.647,1.685,1.307,-0.815,1.353,-0.339,-1.478
0.596,0.866,0.756,2.196,0.364,0.014,0.093,0.818
0.392,0.434,0.329,2.03,-0.511,0.984,-0.99,0.551
0.649,0.03,0.201,0.294,0.85,1.325,-0.762,-1.857
0.254,-0.406,-0.42,0.117,-0.692,1.517,1.055,-0.764
-0.256,-1.222,-0.735,-0.397,-0.143,0.519,0.481,0.287
-0.815,-1.024,-1.74,-0.604,0.126,0.328,1.146,1.364
-0.517,0.301,-0.426,1.802,-1.134,-0.446,-0.184,2.005
-1.918,2.145,-0.074,0.486,-0.711,0.501,0.394,-0.494
-1.405,1.111,0.563,1.045,-0.952,1.759,0.022,-0.237
-0.169,0.767,1.338,0.7,0.251,1.83,-0.417,0.417
0.737,0.168,-0.062,0.231,-0.245,0.306,1.168,0.055
1.19,0.29,-1.108,-0.073,1.264,0.276,0.033,-1.271
0.081,1.394,0.096,-0.313,-1.266,0.18,-0.113,-1.503
0.38,0.416,0.049,0.605,0.972,0.304,-1.097,-1.514
0.05,1.347,-0.975,0.069,-0.659,0.15,-1.286,-0.241
0.068,-0.313,0.059,-0.01,-0.71,-0.22,-0.477,0.535
-0.268,-0.049,-0.043,0.586,0.454,-0.236,-0.023,0.748
-0.851,-1.867,0.331,-0.462,0.024,1.154,0.275,1.63
-0.738,-0.259,0.156,0.246,-0.804,1.0,0.068,0.801
-1.065,-0.94,0.403,1.27,0.072,0.386,0.916,0.031
-0.574,0.926,0.878,1.819,-0.545,0.43,0.774,0.164
-1.298,0.35,0.097,0.689,-0.079,0.399,0.523,-1.009
0.914,0.9,2.48,-0.333,-0.497,0.687,0.226,-1.074
0.098,0.465,1.291,-1.727,0.553,-0.931,-0.45,-2.165
0.234,-0.045,0.501,0.171,0.467,-1.254,0.764,-0.327
0.172,-0.667,-0.783,-0.635,1.597,-1.606,-0.709,-0.948
-0.421,1.319,-0.003,-0.945,0.101,-0.947,-0.718,-0.12
-1.125,0.918,0.393,-0.101,0.028,0.358,-1.626,-0.183
-1.4,-0.584,0.138,-0.52,-0.124,-1.463,0.602,0.161
0.418,-1.547,1.038,0.126,-0.22,-0.739,-0.345,-0.872
0.615,-1.473,1.341,-0.471,0.107,-0.549,-0.883,-0.376
1.007,-2.349,-0.334,0.215,1.616,1.404,-1.136,-0.403
1.11,-0.582,-0.955,1.633,0.236,-0.96,-0.479,-0.748
0.6,0.198,-1.971,1.0,0.151,-1.089,-0.85,-0.655
0.697,-0.619,0.213,2.04,-0.773,-0.496,0.648,0.28
-0.324,0.399,-0.707,0.526,0.6,0.097,0.606,-0.185
-0.268,-0.489,0.573,-0.057,-1.049,0.384,-0.003,-0.408
-1.506,-0.299,-0.508,0.428,0.527,1.481,0.041,0.204
-0.502,0.212,0.782,-0.476,-0.787,-0.135,0.709,1.6
-1.203,-0.419,0.462,0.218,0.536,-0.336,0.706,1.695
0.631,0.283,2.119,-0.34,-0.046,-0.557,-0.434,1.454
0.979,-1.723,-1.395,-0.945,3.073,-1.196,-0.606,0.674
0.484,-0.294,1.235,0.562,0.132,-1.538,0.126,0.685
0.905,-0.529,-1.489,0.21,2.837,-0.974,-2.502,1.661
1.946,-1.67,-0.091,-0.019,-0.129,-0.858,-1.594,0.262
0.37,-2.573,-0.471,0.243,2.205,0.652,0.006,-1.609
1.698,-2.761,-0.255,-0.347,-0.166,-1.347,-1.142,0.231
-0.188,-0.555,-1.502,-0.072,1.103,-0.658,-0.212,0.571
0.243,-0.541,0.499,0.792,-0.269,-0.135,0.437,0.944
-0.201,-0.157,-0.511,-0.061,0.064,-0.052,-0.464,0.059
0.186,-0.6,1.644,-0.15,0.236,0.306,0.436,-1.508
-0.848,0.409,0.265,1.205,1.422,-0.422,-0.949,-1.399
-0.079,0.988,2.107,1.206,1.833,-0.481,0.922,-0.022
-0.082,-0.046,-1.021,-0.16,-0.352,-0.506,0.62,0.083
0.359,0.763,0.958,0.47,-0.021,1.249,-0.35,-0.143
-0.083,0.241,-0.78,-0.435,-0.792,-0.648,-1.218,-0.466
1.869,-1.738,0.539,-0.205,0.326,-0.669,-0.126,-0.553
1.468,-1.82,-0.441,1.28,0.991,-0.068,-0.668,-0.741
0.591,-0.419,-1.781,1.679,0.073,0.526,0.33,0.228
0.454,-0.442,-0.93,0.762,0.203,0.259,-1.454,1.051
0.741,0.735,-1.199,-0.448,-1.275,1.488,-2.668,1.81
0.757,0.642,-1.285,-0.793,0.922,0.741,-1.637,0.993
-0.401,0.814,0.201,-0.998,-0.284,-0.476,0.674,0.572
-0.037,1.635,0.19,-0.721,-0.102,-2.242,-0.789,-0.839
1.019,2.225,1.368,-0.048,-0.249,-0.375,-0.245,0.48
-0.031,0.585,-0.309,-1.675,0.269,-0.109,0.263,-0.692
-0.351,0.873,0.464,-0.753,0.184,0.562,0.327,-2.135
0.626,0.117,0.03,0.507,-0.188,-0.549,1.189,0.656
0.536,1.335,-0.082,0.482,-0.034,-0.646,-0.363,0.41
0.491,0.433,-0.932,-0.1,-0.641,0.012,1.356,-0.033
0.124,0.018,0.431,-1.093,-0.51,0.124,0.512,-0.816
0.709,0.015,-2.373,-0.82,-0.178,1.262,-0.068,-1.047
2.142,-0.521,-0.116,0.103,-0.6,-1.245,-0.065,-0.911
0.822,1.581,-0.327,-0.369,0.567,-0.016,-0.383,-0.384
0.718,1.732,0.08,0.493,-1.042,-0.191,-0.336,0.577
0.741,0.53,-0.287,1.316,0.576,-0.127,0.462,-0.152
0.702,0.855,-0.003,0.225,-0.208,-0.593,-0.726,-0.712
-0.709,-0.305,-0.652,0.769,-0.72,0.893,-1.367,0.579
-0.138,0.883,0.136,-0.768,-0.577,0.765,0.171,0.05
-2.025,1.114,-1.156,-0.406,-1.796,1.165,1.632,-1.026
-2.005,1.444,2.756,-0.47,-0.849,0.233,0.278,0.426
-2.218,1.224,-0.046,-0.378,0.34,0.291,2.449,-0.521
-0.979,1.886,2.204,-0.974,-0.457,0.47,2.622,0.229
-1.371,1.555,0.362,-2.169,0.601,-0.06,1.498,0.008
0.214,0.777,2.246,-2.088,1.902,-0.942,1.132,-0.97
-0.976,0.762,1.023,-1.595,1.425,-1.647,-0.131,-1.671
-0.224,0.039,1.21,-1.054,0.828,-1.522,-2.198,-0.516
-0.13,-1.775,0.93,0.894,1.648,-2.492,-2.305,0.408
-0.184,-0.481,-0.267,0.487,1.054,-2.328,-2.074,0.723
1.335,-1.392,-0.184,0.881,0.975,-1.512,-2.174,1.529
0.891,-0.302,-1.154,0.766,0.681,-0.547,-0.827,2.147
0.608,0.766,-0.903,0.05,-0.275,-1.991,-0.404,0.266
0.365,0.317,-0.462,0.065,0.869,0.765,-0.791,1.382
0.262,-0.095,-0.126,0.513,-1.345,-0.334,-0.043,0.209
-0.953,-0.817,-0.341,-0.03,-0.631,-0.348,-0.231,0.549
-1.074,-1.795,0.757,0.415,-0.299,-0.325,-0.467,0.285
-0.296,0.081,1.013,0.688,-0.238,0.359,1.469,-0.733
-0.93,-1.308,0.512,0.608,0.103,0.246,1.42,-0.395
0.434,-0.989,1.127,1.296,-0.165,-0.659,2.024,0.444
1.234,-2.96,-0.516,0.711,-1.171,-0.674,0.185,0.486
0.968,-1.325,0.901,0.749,-0.419,0.295,0.13,0.33
-0.047,-0.721,-0.176,1.548,-1.041,-0.351,0.606,0.05
-0.32,-0.983,-1.707,-0.969,0.038,0.263,1.131,-0.053
0.243,-0.292,-0.165,0.48,-0.765,-0.521,1.743,-0.831
-1.401,-0.587,-1.074,0.245,1.264,0.128,0.873,0.064
-1.098,-0.66,1.606,0.736,-0.644,-0.062,0.69,-0.068
-1.583,0.648,-0.576,1.186,1.568,-0.379,-1.029,-1.386
-0.62,-0.366,0.529,-0.209,0.087,-1.594,0.621,-1.122
-1.487,0.606,-0.491,0.057,0.177,-0.084,-0.877,-0.403
-0.451,-0.374,-0.297,-0.453,-0.082,1.461,2.021,-0.133
-0.6,1.08,-1.052,-0.555,-0.53,-0.298,0.954,0.77
-0.097,1.912,0.996,-1.332,-1.82,-0.243,0.656,-0.331
-0.723,1.301,-0.757,-2.044,0.704,0.877,-0.014,0.076
-0.541,-0.635,1.885,-0.893,-0.98,-1.567,1.104,-0.12
-1.583,0.094,-0.911,1.401,1.498,-0.825,-0.098,0.734
0.42,0.101,1.797,1.251,-1.382,-1.27,-0.067,1.916
-0.533,0.039,-0.71,2.177,1.577,-1.372,-0.944,-0.632
0.712,-0.898,0.053,-0.54,-1.823,0.119,-0.06,-0.848
-0.199,-1.639,0.083,0.836,0.637,2.656,-0.618,0.191
-0.437,-1.253,0.456,0.406,-1.957,0.488,-1.849,0.076
-0.253,-0.842,0.469,1.162,1.192,0.768,-0.468,0.589
0.629,-0.271,1.007,-0.658,-2.725,0.39,-0.113,-0.568
-0.116,1.238,-0.676,0.4,1.941,1.828,0.705,-0.527
-0.358,-0.691,2.138,-0.405,-1.294,-0.214,1.684,-0.039
0.7,0.303,0.447,-0.644,0.605,1.052,-0.621,1.403
0.74,-0.146,1.942,0.128,-1.569,-1.687,0.655,0.244
-1.241,-0.475,-0.351,1.867,0.788,0.683,1.119,-0.562
1.53,-0.486,1.241,1.312,-1.789,-0.956,1.464,0.326
0.753,-0.43,-0.975,1.52,0.674,0.133,0.249,-0.386
-0.379,-1.27,0.041,2.007,-1.523,-1.406,1.054,-1.138
-1.098,-1.594,-0.99,0.71,-0.332,1.387,1.616,-0.764
-0.675,-0.643,0.178,0.526,-0.987,1.021,0.498,-0.751
-0.046,0.573,-0.31,0.206,-0.567,0.382,-0.712,-1.514
-0.606,0.732,-0.136,-0.74,1.207,1.227,0.704,-0.307
0.443,0.727,-0.012,-1.068,1.544,-0.147,1.278,-0.133
0.286,0.436,-1.064,-0.016,2.057,-1.685,0.199,1.05
-0.243,-0.96,-0.096,0.287,0.602,-1.646,-0.945,1.545
-0.657,0.153,-0.818,0.945,-0.188,0.98,-0.678,0.938
0.204,-1.147,-0.195,0.121,-1.569,0.921,-1.239,0.585
-0.515,-0.907,-0.403,-0.534,0.878,1.806,-0.124,0.593
-0.748,-0.593,0.29,0.717,-0.699,0.29,0.035,-0.107
0.394,0.742,1.55,0.426,1.157,-0.25,0.028,0.772
-1.346,0.406,-1.116,-0.274,0.492,0.862,0.748,-0.386
-1.124,1.706,2.215,0.214,0.105,-0.407,1.061,1.413
-0.436,-0.088,0.661,-1.192,0.491,-0.141,0.485,0.478
0.188,0.666,1.005,-1.643,1.865,-0.945,0.342,0.251
0.166,-0.009,-1.461,-2.04,1.354,-1.654,1.243,0.956
1.31,1.279,0.556,-0.48,1.612,-2.134,-0.309,-0.554
0.001,0.624,-1.832,-1.374,1.601,-1.979,0.281,0.573
-0.461,-0.744,0.736,-1.266,0.71,-1.941,-0.946,-0.217
-0.145,0.595,-1.568,0.286,1.371,-2.002,-0.871,0.002
1.216,0.034,-0.398,-0.555,0.436,-1.11,-0.482,-1.595
0.198,-0.454,-1.32,-0.795,0.12,-0.967,-0.327,-0.329
0.237,1.434,1.043,-1.057,-0.074,-1.624,-1.53,0.255
1.346,-0.134,-1.331,-0.955,-0.401,-0.813,-0.854,-0.95
0.924,0.441,-1.654,-1.054,-0.137,0.388,-1.162,0.02
0.367,-0.092,-1.16,-1.322,-0.381,0.535,-0.226,-0.486
-0.303,-0.588,0.28,1.029,-0.351,-0.15,-0.434,1.891
0.289,1.229,-0.474,1.202,-0.964,-0.717,0.516,0.686
1.634,-0.219,-0.645,-1.15,-1.584,-0.17,-0.57,0.2
0.924,-1.175,-0.853,-1.35,0.144,0.605,0.066,-0.007
0.8,-2.123,-1.714,-0.973,-1.002,0.79,0.398,-0.396
-0.354,1.068,-0.222,0.653,-0.388,-0.469,0.212,0.116
-1.511,0.705,-0.385,0.423,-0.345,-0.112,0.247,-0.284
-2.027,0.204,-0.168,0.492,-1.192,0.758,0.88,-0.996
-1.87,0.802,0.383,0.321,-1.112,-0.105,1.334,1.246
0.015,-1.329,0.749,-1.041,0.439,0.227,0.242,0.62
-0.464,-0.533,-0.763,-0.32,-1.032,0.98,0.285,-0.331
-0.353,-0.107,0.149,-1.279,0.529,0.222,1.081,-0.802
0.116,-1.456,-0.05,-0.374,-0.447,-1.389,1.128,0.092
0.804,-0.153,-0.335,0.672,-0.278,0.661,0.802,-0.176
0.793,0.061,0.075,-0.005,-0.834,-0.58,0.793,-1.09
2.537,-0.586,-0.321,0.174,-1.184,1.223,0.386,-1.459
1.467,-0.295,-0.754,1.115,0.662,0.158,1.596,-1.261
1.342,-0.12,0.18,0.572,0.409,-0.124,1.039,0.3
0.862,-0.684,-0.699,1.338,0.254,1.043,0.16,0.601
1.398,2.624,0.365,0.224,0.985,0.092,0.106,-0.258
1.368,1.325,-1.353,-1.159,0.279,1.137,-1.076,-0.28
0.6,2.1,-0.397,-0.75,-0.832,-0.049,-0.905,0.637
-0.439,1.091,-2.035,-1.306,1.476,0.233,-0.253,-1.534
-0.244,-0.212,0.6,-0.712,-1.364,-1.276,0.559,1.13
-0.485,-0.166,-0.694,-1.23,0.968,-0.227,-0.607,-0.181
-0.056,-0.96,1.298,-0.595,-0.134,-0.984,-0.18,-0.455
0.198,-2.719,-1.013,-0.268,1.886,-1.14,0.141,0.169
0.742,-0.687,0.135,0.852,-1.348,-1.925,-0.029,0.465
0.612,-0.149,-1.03,0.21,1.446,-0.841,-0.535,0.564
-0.2,1.113,-0.636,-2.118,-0.524,0.301,0.423,1.186
1.132,0.435,0.814,-1.97,1.61,-0.165,-0.012,-0.217
-0.032,1.894,1.678,-2.026,-0.509,-1.163,1.913,0.601
-0.458,1.114,0.902,-2.357,1.381,-1.984,-0.174,0.139
1.13,-0.134,0.138,-1.97,0.285,-2.786,-0.193,0.537
1.296,-2.801,-0.521,-0.944,1.508,-2.078,-2.16,-0.438
1.62,-1.109,-0.232,0.827,-0.937,-1.995,-2.278,1.139
0.529,-0.035,-0.675,0.335,0.297,0.012,-0.965,0.475
-0.152,-0.041,-0.247,0.533,-0.921,0.469,-0.116,0.963
0.066,0.725,-1.5,-1.164,-0.831,-0.247,1.652,2.188
0.328,2.471,0.364,-1.481,-0.337,-0.754,1.95,-0.741
0.06,1.319,-1.458,-2.991,1.132,-1.339,1.482,0.698
0.448,1.882,0.028,-2.4,1.392,-1.88,0.515,-0.866
-0.295,-0.491,0.308,-2.037,2.279,-2.011,-0.458,-1.533
-0.321,0.549,-1.075,-1.66,2.039,-1.882,-1.139,-0.634
0.615,0.122,0.435,-0.777,0.512,-0.992,-2.076,1.991
1.123,-0.166,-0.91,-2.087,0.58,-1.118,-2.409,1.149
2.032,-0.117,-0.752,-1.379,0.747,-1.063,-1.502,0.795
0.737,-0.242,-2.162,-1.475,0.331,-0.888,-1.008,1.076
-0.366,-0.076,-0.662,0.675,1.54,-1.194,-1.68,1.071
-0.777,0.188,-2.124,-0.728,0.853,-2.005,-1.345,0.452
-0.633,-0.122,0.865,-0.374,-0.154,-2.05,-2.168,0.902
-1.978,-1.767,-1.007,0.185,0.867,-2.593,-0.961,1.446
-0.92,-0.035,0.139,1.386,-1.092,-1.063,-1.757,2.039
-0.605,-1.068,-0.618,-0.214,-1.462,-0.328,-1.879,1.422
-0.707,0.007,-0.863,0.193,-0.571,0.452,0.462,2.468
0.497,0.487,-1.892,-0.036,-0.588,1.317,0.046,-0.123
-1.288,-0.33,-0.197,-0.635,-2.026,0.104,-0.658,-0.128
-0.624,-1.962,-0.518,0.495,0.507,0.383,-0.877,0.073
-1.261,-1.161,0.464,0.702,-0.854,-0.658,-0.895,-0.168
0.034,0.024,1.166,1.018,0.867,1.812,-0.376,0.347
0.718,-0.37,1.674,1.584,-1.137,1.093,-1.026,-1.115
0.303,-0.837,0.698,1.119,1.387,1.056,-1.053,2.332
1.215,-0.977,1.066,1.708,-0.067,0.868,0.724,2.159
0.983,0.844,0.157,1.505,0.214,1.347,-1.133,1.253
0.514,0.71,1.251,1.759,-0.261,0.355,-0.347,1.024
0.245,1.632,-0.866,1.269,0.71,1.071,-1.009,0.469
0.651,0.903,0.004,-0.179,-1.243,1.147,-0.663,-0.148
-0.129,0.266,-1.775,-0.259,0.009,1.464,-1.313,-0.703
0.07,-0.482,0.174,-0.578,0.283,1.343,1.55,-0.586
-1.008,0.752,-0.977,0.912,-0.363,-0.094,2.245,0.463
-1.381,0.2,0.501,-1.196,-0.479,-0.548,1.545,2.043
-1.325,-0.143,0.143,-1.011,0.738,0.067,0.906,1.323
-0.33,0.608,2.296,0.998,-0.046,0.397,-0.322,-0.912
0.267,1.029,-0.494,0.421,1.127,-0.208,-1.224,-1.2
0.943,0.676,1.31,0.275,0.247,-0.504,0.877,-1.566
0.725,1.718,-0.632,-1.012,1.38,-0.524,-0.461,-0.499
1.115,0.372,0.538,-0.294,-0.312,-0.649,0.472,0.105
0.36,0.207,-1.079,0.396,1.82,-1.461,-0.98,-0.248
1.076,2.216,-0.968,0.829,0.795,-0.849,-0.01,0.644
-1.146,0.685,-1.985,-0.655,-0.438,-1.873,-0.041,-0.573
-0.154,-0.038,-0.404,0.137,-0.664,1.93,-0.049,-0.01
-1.278,1.027,0.068,1.203,-0.748,0.587,0.799,-0.367
-1.264,0.482,0.2,-0.104,-0.699,-0.281,1.007,-0.992
-0.09,-1.059,1.479,0.186,-1.672,0.523,1.25,-0.409
0.435,-1.644,0.024,0.872,0.31,0.222,1.534,-0.419
1.605,-0.264,0.362,2.605,-0.755,-1.023,2.173,-1.379
0.873,0.179,0.258,2.224,-0.633,0.921,1.128,-1.188
-0.269,0.78,-2.241,0.216,-0.633,0.66,1.012,-1.964
-0.075,1.451,-0.348,-1.096,-0.758,0.553,-0.069,-1.847
-1.118,0.978,-1.173,-2.493,-0.09,-0.081,0.632,-1.889
-0.927,0.585,-0.068,-1.1,1.862,0.216,1.171,-1.047
-1.151,-0.505,0.378,-0.692,0.72,-1.853,1.809,-1.463
-0.215,-0.255,1.041,-0.322,0.984,-1.974,0.879,-2.682
0.77,0.433,-0.249,-0.224,0.187,-1.955,0.57,-1.19
0.476,-0.172,-0.152,-1.503,0.11,-0.206,-1.472,-2.065
-0.397,0.406,-0.427,-0.616,-0.287,0.637,-0.726,-1.047
0.643,-1.013,-0.048,-0.263,0.103,0.501,-0.845,-0.335
-0.312,-0.574,-1.133,-0.926,0.805,-0.054,-0.037,-0.129
-0.641,0.283,-0.348,0.18,-0.055,-0.775,0.307,0.015
-1.183,1.17,-0.15,-0.126,-0.489,0.049,-0.067,-1.15
-0.628,2.485,2.657,-1.27,-0.512,-0.196,0.359,-0.136
-0.795,2.635,-0.241,-1.322,1.707,-0.648,-0.84,-1.013
-0.106,1.531,1.531,-1.294,0.087,-0.623,-0.224,0.163
-0.2,1.181,0.269,-1.482,1.708,-0.515,-0.949,-0.985
0.088,-0.354,2.249,-0.685,-0.917,-1.507,-0.828,0.132
-0.118,-0.157,-0.956,-0.761,0.281,-1.294,-0.366,-1.156
1.328,1.519,1.261,0.459,-0.207,-1.044,1.508,-0.169
1.25,-0.679,-1.523,-1.149,1.009,0.68,1.069,-1.272
1.953,-0.661,0.539,-0.365,1.055,0.498,1.094,0.335
1.755,-2.003,-0.51,0.951,0.765,0.607,1.013,1.287
1.091,0.516,-0.874,1.069,0.012,0.693,1.044,-0.418
-0.655,0.045,-1.539,0.701,0.62,-0.07,0.424,0.284
0.195,1.298,-0.233,2.449,-0.596,0.88,0.508,-1.974
0.109,0.639,-0.6,1.687,-0.488,0.008,0.084,-0.808
0.1,-0.218,0.047,0.143,-1.189,1.023,-0.059,-0.925
0.462,0.796,-1.111,0.203,-0.686,1.4,0.831,-0.345
1.425,1.246,0.73,-0.08,-1.414,0.84,-0.255,-0.417
0.833,-1.317,-1.955,-0.638,-0.192,1.705,1.538,0.469
0.968,-0.407,-0.506,0.856,-0.088,-0.164,0.785,-1.076
-0.004,-0.189,-1.103,0.28,-0.541,0.098,0.683,-0.634
0.677,-0.065,0.32,0.047,-2.57,-0.765,0.905,-1.602
-1.113,-0.223,-0.365,1.261,0.996,-0.931,1.083,-1.505
-1.207,0.057,0.905,0.665,-2.302,-0.499,2.123,-2.258
-0.928,-0.218,1.162,0.31,0.642,1.03,0.827,-2.916
-0.853,0.039,1.646,0.164,-0.186,1.005,1.249,-1.024
0.661,0.309,1.006,1.042,0.002,0.351,1.533,-0.8
2.498,0.039,0.746,1.652,0.813,0.606,-0.139,-0.412
2.504,-0.093,0.037,0.473,-0.307,1.539,0.05,-1.726
0.808,0.742,-0.844,1.469,0.936,1.73,-1.248,-2.257
2.231,0.807,-0.173,0.684,-1.099,1.23,0.268,-0.346
0.424,0.019,-1.306,0.307,-0.124,0.865,-0.05,-1.39
-0.491,-0.351,-0.825,0.834,-1.908,0.829,0.012,0.21
-0.737,1.111,-2.355,0.592,-1.272,-0.434,-0.691,0.071
-1.379,1.365,-1.052,-0.819,-2.41,0.51,0.356,0.558
-2.07,1.959,-1.261,-0.943,-0.916,1.609,1.423,-0.504
-1.486,1.623,0.583,-1.466,-0.576,-0.174,3.104,-0.688
-1.104,-0.183,0.071,-1.316,0.038,-0.086,1.791,-0.396
-0.106,-0.857,1.283,-1.371,0.834,-0.147,0.519,-1.123
-0.332,0.087,0.324,-0.004,0.634,-1.432,0.455,-2.476
0.042,-1.765,-0.319,-0.173,0.882,-0.136,0.601,-1.668
0.904,-1.029,-0.26,0.264,-1.145,-0.501,-0.48,-1.045
0.243,-0.965,-0.241,1.658,-0.736,0.566,-0.955,-0.982
-0.532,-0.756,-1.94,2.353,-0.103,-0.136,1.299,0.589
-1.24,-0.743,1.573,1.291,-1.114,0.223,0.952,-0.131
-2.041,-1.148,0.05,1.253,0.504,0.599,0.948,0.722
-0.991,-0.251,1.861,0.707,-0.367,-0.021,-0.307,0.356
-0.182,0.898,0.598,0.635,-0.218,0.757,-0.366,-0.629
0.541,-0.128,1.152,0.215,-0.39,0.96,0.564,-0.772
0.997,0.24,0.621,0.857,0.411,0.496,0.227,-0.367
0.253,1.834,-0.087,-1.61,-1.305,-0.163,0.516,-1.088
-0.003,0.288,0.029,-2.36,0.43,0.728,-1.024,-1.018
0.128,1.004,0.435,-2.139,-0.399,-1.72,0.855,-1.052
-0.415,1.037,2.137,-2.287,1.828,-0.561,0.103,-1.278
-0.615,1.155,-0.254,-1.626,1.422,-1.846,-0.01,0.242
0.34,-0.847,0.642,-1.715,0.221,-0.669,-1.01,-0.526
-0.282,-1.231,0.278,-0.893,2.331,-1.077,0.219,0.682
-0.164,-0.607,0.3,-0.116,-0.284,-2.28,-0.138,-0.395
-0.466,0.054,1.242,0.462,1.48,-0.479,-0.212,-0.881
-1.67,0.489,0.942,0.716,0.189,-0.914,0.155,-0.042
-0.793,-1.357,0.834,0.279,-0.506,-0.289,-1.119,-0.449
0.538,-1.491,0.892,0.073,1.867,0.505,-1.27,1.144
0.749,-1.456,1.162,0.848,0.226,-0.294,-0.67,1.171
0.008,-0.331,-0.758,0.97,1.678,-0.514,-0.969,1.637
0.469,-0.433,1.243,1.641,-0.132,-1.044,-0.624,-0.144
-1.078,-0.754,0.585,0.307,0.345,0.958,0.319,0.648
-0.79,0.082,1.424,0.307,0.701,0.005,0.243,0.95
1.029,1.214,2.251,-1.269,1.028,-0.293,0.008,-0.816
1.546,-0.164,-0.196,0.498,1.645,-1.526,0.145,-0.698
2.359,0.369,0.072,-0.606,1.481,-2.117,1.956,-0.069
0.996,-1.048,-0.976,0.226,1.989,-0.583,0.375,0.035
1.144,-0.397,-0.711,-0.455,1.35,-2.042,-0.762,-0.575
0.793,0.703,-0.895,-0.551,1.425,-1.031,-1.495,-0.006
-0.268,1.299,-1.989,-0.466,0.03,0.592,-0.841,0.471
-0.472,0.565,-0.332,-1.447,-2.559,0.255,0.372,0.943
0.227,0.602,-0.524,0.229,0.032,1.354,-0.308,0.476
-1.146,-0.558,0.381,-0.159,-2.383,-0.954,1.009,0.765
-1.413,-0.455,0.308,1.918,-0.141,-0.565,0.412,0.161
-1.222,-1.326,-0.444,1.11,-1.967,0.535,1.851,0.019
-0.649,0.737,-0.58,-0.336,-0.769,1.934,0.679,-0.987
-0.246,1.374,-1.416,-1.393,-1.388,3.079,0.958,-2.088
1.021,0.528,0.66,-0.725,-0.095,2.486,0.958,0.863
0.676,-0.235,-1.395,0.511,-0.438,1.06,0.454,-0.111
0.54,-0.374,0.161,-0.249,-1.156,-0.642,1.101,0.042
0.648,0.33,-0.37,-0.681,-0.786,-0.206,1.809,-1.755
1.059,1.173,-0.446,-0.678,-0.534,-0.654,1.511,-1.109
-0.589,-0.152,-0.439,-1.553,0.307,0.196,3.158,-2.01
0.611,-1.377,-1.32,0.073,-0.1,1.233,1.244,-0.928
1.655,1.29,-0.711,1.116,-0.293,-0.1,0.036,-1.972
0.298,1.599,-2.033,0.719,0.198,0.843,-0.869,-1.145
1.268,1.035,0.294,-0.944,-1.274,0.363,0.105,-2.537
0.277,0.77,-0.537,-1.375,-0.598,2.512,-0.426,-0.63
0.658,1.278,0.797,-0.446,-0.195,-0.104,-0.021,-0.246
0.257,-0.365,0.472,-1.162,-0.245,-0.211,1.118,0.172
1.749,0.717,0.144,-0.371,-1.511,-0.164,0.242,1.61
0.093,-0.233,0.414,-0.947,-0.34,0.061,1.219,1.093
-0.221,1.298,-1.258,-0.41,0.046,1.149,0.447,-0.136
0.748,0.624,0.937,0.481,-1.076,1.228,1.005,-1.205
-0.192,0.157,0.937,-0.423,0.89,-0.49,0.868,-3.175
0.872,-0.124,0.498,-0.318,-1.195,-0.754,1.763,-2.467
0.605,0.982,-0.846,-1.195,-0.159,0.234,0.048,-1.888
0.839,1.285,-0.55,-1.607,-1.109,0.84,1.722,0.292
-0.986,-0.886,-1.414,-0.676,0.921,-0.307,1.651,-2.701
-1.78,-2.064,0.304,0.894,-0.186,-0.642,-0.275,-1.31
-1.977,-2.263,0.278,1.483,1.103,-1.004,-0.502,-0.484
-0.764,-1.905,0.678,1.431,-0.217,-1.124,-1.07,-1.159
0.227,-2.091,-0.102,1.761,0.114,-0.673,-0.608,-0.325
0.251,-1.012,1.003,2.983,-2.109,-0.123,-0.004,-0.031
-0.171,-0.817,-0.294,1.248,0.456,1.664,-0.247,0.508
1.269,0.58,1.002,0.746,-1.123,0.84,-0.439,-0.329
-0.154,1.582,-0.7,-0.78,0.698,0.448,0.684,-0.328
1.678,0.423,0.492,0.062,-0.136,1.126,0.543,0.243
0.52,2.098,-0.993,-0.094,-0.631,0.709,0.728,2.894
0.058,0.879,-0.05,-1.583,-1.98,1.189,1.082,0.779
-1.69,0.294,-1.113,-2.55,0.047,1.244,0.342,0.004
-0.345,0.393,1.088,-2.608,-0.083,0.12,0.558,-1.551
-1.204,0.904,-0.277,-2.793,-0.16,-1.815,-1.392,-1.555
-0.21,-1.161,1.159,-1.955,0.301,-2.965,-1.251,-0.953
-0.473,-0.905,-0.382,-1.203,0.616,-2.207,-0.712,-0.359
-0.118,-0.233,2.495,0.166,0.486,-2.08,-0.18,1.362
-0.578,-0.012,-0.659,0.575,1.199,-2.142,0.126,0.736
1.619,-0.186,2.481,0.519,-0.287,-1.699,-0.052,0.715
0.723,0.171,0.489,0.245,1.023,-0.09,-0.343,0.655
0.74,0.169,0.818,1.307,-0.017,-1.161,1.224,1.566
-0.116,0.37,0.857,1.043,-0.318,-0.15,1.826,-0.221
0.881,1.565,0.056,0.846,0.571,0.827,1.238,1.238
1.293,1.24,1.029,0.687,-0.274,-0.333,-1.128,1.738
0.922,0.214,-0.578,-0.097,2.052,0.148,-2.101,0.272
2.304,-0.363,-0.682,-0.439,1.609,0.793,0.913,-1.129
1.163,0.964,-2.393,-0.16,0.672,0.419,0.9,0.507
0.619,0.734,-0.43,-0.118,0.342,-0.013,0.499,0.136
0.746,2.573,-2.219,-0.382,0.963,-0.223,0.06,-1.424
-0.988,0.711,-1.629,-0.928,-0.482,0.278,-1.262,-0.884
-0.969,-0.592,-1.064,-2.032,-0.315,0.343,-1.672,-1.362
-0.654,0.159,-1.834,0.422,-0.373,-1.906,-1.606,-0.523
0.219,0.22,1.381,0.09,-0.936,-1.284,0.18,-0.192
0.4,-1.629,-1.031,-0.031,1.098,-0.262,-1.331,0.694
0.536,-1.267,-0.799,-0.218,0.088,-0.097,0.736,0.519
0.717,-1.005,-0.969,0.545,0.18,0.293,0.444,0.879
1.292,-0.956,-0.312,1.71,-0.465,-0.583,-0.881,0.632
0.527,-0.519,-1.838,1.621,-1.416,-0.318,-1.134,-0.461
0.74,-1.516,-0.607,0.153,-2.032,0.066,-0.664,0.589
-0.521,0.298,-1.284,0.401,-0.514,0.66,-1.332,0.179
0.006,-0.673,0.41,-0.067,-1.004,0.503,-0.346,1.026
-0.897,-1.644,-1.094,0.292,0.671,1.379,0.755,1.789
-0.253,-1.024,0.881,0.095,-0.316,0.338,0.836,1.188
-0.329,-1.219,0.651,1.239,1.027,0.101,-0.105,1.882
1.173,0.217,0.969,0.067,-0.627,-0.171,-0.448,-0.281
0.763,0.246,-0.043,0.663,-0.049,0.518,0.268,0.347
1.251,-0.406,0.889,-1.04,-0.079,-0.5,-1.149,1.125
0.885,0.049,0.237,-1.153,0.506,0.625,0.3,0.364
0.92,-1.696,-0.768,1.761,-1.035,-0.819,1.234,-0.237
1.039,-3.486,-1.13,1.81,-0.621,0.694,1.907,-0.22
1.626,-1.426,-1.214,3.045,-0.078,0.866,1.678,0.469
0.426,0.345,-0.061,2.661,-1.673,1.377,1.421,0.661
-0.958,0.412,-1.637,0.56,-1.442,1.846,0.494,2.225
-0.459,-0.34,0.002,-0.2,-1.726,2.715,1.182,0.511
-1.515,-0.778,-0.956,0.792,-0.518,2.208,1.889,0.521
-1.044,-0.971,0.041,0.465,-1.423,1.856,1.884,1.356
-1.301,0.104,0.823,0.994,0.445,2.165,0.412,0.76
0.214,-0.783,-0.084,0.944,0.074,0.759,1.141,-1.661
1.228,-1.167,-0.256,-0.434,1.203,0.571,1.63,-0.373
0.43,0.136,-0.5,0.885,-0.577,-1.108,0.167,-0.547
-0.228,2.229,0.64,0.391,-0.844,-1.801,-1.206,-0.897
0.453,2.337,0.671,-0.448,-0.252,-1.35,-0.144,-1.337
0.737,1.174,0.645,-1.528,0.674,-0.307,0.749,-0.484
-0.32,1.394,0.582,-0.657,2.478,-0.849,0.923,0.514
1.519,1.473,-1.443,-1.449,0.447,-1.756,0.908,-1.29
1.03,0.462,0.343,-0.731,2.466,-1.838,-1.269,-1.876
0.938,0.714,-1.186,-0.621,0.455,-2.018,-0.942,-1.191
0.477,-0.403,0.014,-0.415,0.212,-2.127,-0.392,1.093
-1.398,-1.059,-0.612,-0.406,-0.163,-0.529,-1.965,-0.718
-0.512,-0.796,0.807,-0.568,-0.152,0.41,-1.129,0.499
-1.115,-0.499,-0.131,0.033,0.964,0.21,0.099,-0.262
-2.015,1.083,0.439,-0.092,-0.294,0.451,1.282,0.203
-0.185,1.214,1.811,-1.808,0.056,0.022,0.131,1.576
0.283,-0.216,-0.168,-0.282,1.035,-1.295,-0.999,-0.621
0.98,-0.437,1.128,0.417,0.739,-1.762,-0.389,-1.356
-0.392,-0.146,-1.229,-0.277,1.942,-0.724,-0.579,-0.81
0.435,-0.67,0.592,-0.146,0.524,0.411,-1.006,-0.857
-1.182,-0.135,0.049,-0.064,1.437,0.574,-1.887,-0.504
1.144,-1.222,0.203,0.801,-0.558,-0.216,-2.495,1.477
1.394,-0.274,-1.016,0.049,0.389,0.794,-2.267,0.486
1.048,0.006,-1.164,1.273,-1.292,1.304,0.304,-0.863
0.905,0.535,-1.105,1.582,-0.768,0.336,-0.036,1.249
0.503,-0.799,-1.211,0.852,-2.069,0.606,1.765,-0.026
0.793,-0.563,-0.245,-0.819,-0.777,1.996,1.086,0.087
-0.704,2.116,0.117,-1.103,0.645,1.007,1.74,0.151
-0.025,0.701,-0.425,-1.303,-0.039,-0.785,1.109,-0.786
0.521,0.841,0.714,-1.211,0.725,-1.458,0.402,-0.181
0.34,1.379,-1.036,-1.039,0.664,-1.134,-0.367,-0.222
-0.353,1.411,1.25,-2.665,0.082,-0.74,0.145,-2.297
-0.714,1.047,-1.153,-0.404,1.431,-1.631,-0.461,0.52
0.106,-0.882,1.242,0.174,-1.939,-1.927,0.122,-0.721
0.332,-1.278,0.487,-0.237,1.157,-0.065,0.695,0.954
0.949,-0.902,0.071,-0.419,-0.185,-0.552,0.626,0.338
0.991,-0.855,-0.268,0.363,-0.24,1.714,-0.788,-1.603
0.838,-0.1,0.344,-0.254,1.182,1.092,0.872,-0.937
0.815,0.058,0.827,-0.488,-0.123,-0.582,1.161,-0.9
0.617,-0.976,1.286,-0.518,0.568,0.607,0.699,-0.799
0.881,-0.055,-0.06,1.413,0.197,-0.435,1.011,-1.755
0.474,1.858,1.237,1.885,-1.04,-1.627,-1.195,-1.392
0.619,0.022,-0.148,-1.156,-0.288,0.13,0.736,-1.324
1.383,-0.782,-0.007,-0.355,-0.365,1.44,1.68,-1.001
1.151,-0.192,-1.321,0.859,-0.574,1.139,0.35,0.472
0.295,0.507,-0.149,1.293,-0.309,0.57,-0.379,0.82
1.36,-0.544,0.564,0.159,-0.644,0.07,-0.149,1.462
0.184,-1.896,0.095,0.398,-0.316,0.892,-0.816,0.829
-0.656,-2.446,0.36,1.275,-0.539,0.681,-0.349,0.158
-0.0,-1.354,0.216,2.427,1.06,0.853,-0.568,0.488
0.745,0.042,-0.793,2.945,-1.13,-0.444,0.152,-0.753
0.254,0.384,-0.669,1.055,-0.137,1.122,-0.59,0.182
-1.271,0.491,-1.183,-0.576,0.006,1.252,0.584,-0.533
0.57,0.035,0.643,-0.892,-1.617,1.537,0.314,-0.429
0.572,0.389,0.392,-0.564,0.318,-0.573,-1.491,0.056
0.533,0.826,0.859,0.096,-0.314,-0.96,0.665,0.04
1.137,-1.043,0.173,1.165,1.322,-0.033,-0.514,0.122
0.814,-1.538,0.111,1.152,0.719,-0.065,-0.561,0.139
1.422,0.823,-0.142,1.478,-0.047,0.331,-0.897,1.418
1.323,0.017,0.677,0.706,-0.152,1.142,0.305,-0.123
0.297,-0.661,-1.687,0.526,0.681,2.275,1.591,0.28
0.23,0.984,0.578,0.57,-0.996,0.449,0.987,0.667
-1.819,0.535,-1.756,0.548,-0.063,0.753,0.251,-0.767
-1.605,0.204,1.774,1.784,-1.494,0.725,0.966,0.029
-1.328,0.454,-1.264,1.107,1.181,1.693,-1.612,-1.354
0.157,-2.689,2.853,-0.578,-1.901,1.116,0.751,-1.128
0.409,-0.733,-0.862,1.206,1.214,-0.368,0.295,-0.493
1.722,0.691,1.142,0.774,-0.736,-0.364,1.021,0.233
-0.162,-0.304,-0.939,1.502,-0.681,-0.47,-1.684,-0.757
-1.607,0.752,0.468,-0.011,-0.71,-0.164,-0.708,-0.754
-0.507,-0.14,1.015,-0.37,-0.16,0.168,-0.593,-0.831
-1.049,0.059,-0.448,-0.266,0.199,-0.459,0.771,0.627
-0.466,-0.608,1.366,-0.566,0.412,-1.274,0.78,0.627
-0.121,-1.153,0.15,-1.355,1.946,-2.088,-0.111,1.376
-0.973,0.859,0.746,-0.509,0.535,-1.455,0.811,1.384
-0.443,0.462,1.554,-1.164,1.437,-0.083,-0.199,0.547
1.443,0.183,0.358,0.25,1.686,-0.347,0.125,-0.053
1.817,-0.777,-1.159,0.601,1.15,-1.025,-0.801,-1.416
1.6,-1.517,-0.614,0.26,-0.579,-0.981,-0.564,-0.297
-0.782,0.121,-2.207,0.743,-0.224,-1.124,-0.183,-1.151
1.052,0.097,0.742,-0.786,-1.34,0.184,-0.962,-0.004
-1.229,0.654,-1.775,-0.737,0.121,0.536,-0.839,-1.169
0.346,1.638,-0.174,-1.323,-1.433,0.815,0.975,1.703
-1.262,-0.106,-1.843,0.068,0.066,0.67,-0.241,0.353
-0.06,-0.41,0.878,-0.576,-0.735,1.123,1.307,0.305
0.571,0.357,0.111,0.34,-0.136,0.811,0.522,-0.223
-0.284,-0.141,0.899,0.025,-1.872,-0.029,1.182,0.283
0.026,0.728,0.046,-1.314,0.095,0.751,0.819,-0.268
0.47,0.084,0.19,-0.629,-0.14,0.837,0.759,-0.357
0.097,1.276,-0.553,-0.955,-0.194,-0.208,-0.352,0.428
-1.435,0.904,-1.174,-1.151,-0.64,-1.36,0.161,-0.641
-1.822,-0.403,-0.194,-0.299,-0.494,0.106,0.433,-0.873
-1.352,-0.925,1.035,-0.938,0.613,-0.491,-0.278,-1.042
-0.381,0.057,1.397,-1.414,-0.168,-2.115,0.667,0.185
-0.193,1.591,2.581,-3.022,-1.845,-0.871,0.402,-0.426
1.071,-0.024,0.32,-2.537,1.287,-1.004,-0.256,-0.097
1.708,0.338,2.65,-0.413,0.188,-1.109,1.228,-0.475
0.477,-0.132,-0.987,-0.402,1.266,-2.043,0.351,-0.737
1.049,-1.439,1.251,-0.088,0.656,-2.124,0.267,0.135
0.292,-0.16,-1.26,0.677,1.142,-2.13,0.245,0.583
0.134,-0.369,0.047,1.453,-0.107,-0.385,-0.574,0.64
0.379,-1.889,-0.507,1.125,-0.356,0.961,-0.39,-0.399
0.606,0.455,0.393,2.298,0.455,-0.144,-1.03,-0.381
0.677,-0.911,1.157,1.922,-2.059,1.487,-1.031,-0.875
0.773,-1.33,-0.876,1.529,-0.283,1.837,1.18,0.491
0.607,-0.39,-0.242,-0.021,-2.948,1.878,1.405,0.988
-0.525,0.571,-1.158,0.174,-0.898,2.692,0.141,0.7
-0.124,0.777,0.23,-1.097,-1.195,1.487,1.517,0.237
-0.561,-0.201,-0.232,0.153,-0.935,2.025,1.853,0.525
0.096,0.265,1.907,-0.3,-1.29,1.719,0.632,-1.747
0.266,-0.671,1.206,0.471,0.949,1.354,1.029,-2.275
0.802,-1.667,1.532,0.752,-0.159,0.735,2.349,-1.088
-0.518,0.138,-0.624,0.883,0.132,-0.445,1.348,-1.165
-0.461,0.019,1.531,-0.022,-0.968,0.713,0.434,-0.835
-0.683,-0.489,-0.877,0.057,0.452,0.538,0.237,-2.443
-0.029,-1.408,0.117,1.078,-0.74,-0.009,1.579,-1.659
-0.4,-0.429,0.123,1.72,-0.304,-0.628,0.568,0.499
-0.882,-1.837,0.139,-0.226,-0.941,0.439,0.845,0.055
-1.832,-0.871,0.103,-0.269,-0.191,0.885,0.124,-0.181
-1.351,-0.235,0.718,0.419,-0.151,-0.536,1.124,-0.055
-0.688,-0.296,-1.397,-0.075,0.743,-0.362,-0.313,-0.517
-0.28,0.462,1.182,1.503,-0.603,0.242,1.863,-0.519
-0.533,0.95,-0.7,0.947,0.363,-0.274,0.852,0.187
0.315,1.505,1.069,-0.65,-1.39,-0.466,0.996,0.814
-0.027,-0.603,0.447,-0.927,-0.668,-0.112,1.284,-0.369
0.446,-0.691,0.823,-1.073,-0.452,0.366,-0.016,2.22
0.354,-0.792,0.047,-0.172,-0.889,0.098,-1.04,0.431
-0.506,-0.335,-0.608,-0.678,0.504,-1.14,1.139,1.147
0.461,-0.948,-0.061,0.251,1.23,-3.022,0.891,-0.73
-0.974,-1.087,-0.72,0.477,0.066,-1.571,0.56,-0.016
-0.848,-0.956,-0.404,1.067,0.737,0.987,0.216,-1.042
-0.886,-2.089,-1.348,0.155,0.209,0.517,-0.638,-1.907
-1.812,-1.839,-0.669,1.655,0.396,1.244,-0.121,-0.773
-1.74,-0.641,0.665,1.113,-0.157,-0.199,-0.677,-1.841
-2.769,-0.365,0.293,0.294,-0.453,0.266,-0.457,0.005
-1.268,0.911,1.031,-0.068,-0.599,0.171,0.249,-0.628
-0.428,0.319,0.269,0.313,0.214,0.536,0.195,-0.492
-0.373,0.035,1.022,0.141,-0.919,-1.515,-0.014,0.253
-0.665,-0.652,-0.522,0.461,0.427,-0.429,0.388,-0.266
0.93,1.136,1.356,-0.64,-0.378,-0.647,0.459,1.012
-0.123,0.539,-1.845,-0.43,0.584,-0.319,1.389,0.348
1.637,0.935,1.421,-1.061,-1.929,0.624,1.309,-1.16
0.673,0.994,-1.302,-0.862,-0.355,1.463,0.779,-0.487
1.754,0.006,-1.338,-0.782,-1.365,-0.385,-0.742,-1.544
-0.207,-0.915,-1.076,-1.551,1.097,0.191,0.282,0.475
-1.1,-0.873,-0.343,-1.474,0.471,0.137,-0.227,-0.359
-0.9,-0.748,-1.322,-0.806,1.008,-1.344,-1.756,-0.157
-0.804,-0.922,-0.356,-0.194,-1.936,-1.648,-1.745,-0.038
-1.357,0.582,-0.883,0.221,0.532,-0.118,-1.806,-1.054
-2.045,-0.23,1.806,-0.777,-1.384,0.21,0.668,-0.476
-1.076,0.331,0.967,-0.67,1.226,0.901,0.328,-1.522
-0.51,0.03,0.964,-1.306,-0.85,0.036,0.324,-1.377
0.843,-1.408,-0.888,-0.476,2.044,-0.301,0.142,-0.877
0.104,0.756,-0.458,1.123,-0.301,-0.039,0.649,0.125
-0.359,0.951,-0.97,0.297,-0.137,0.188,-0.919,0.564
0.569,-0.487,-0.084,-0.545,-1.714,1.113,1.15,0.698
-0.233,0.313,-1.893,0.289,0.028,0.101,0.432,0.267
-0.019,-0.582,0.132,1.097,-1.014,-0.554,2.164,1.142
-0.82,-0.322,-0.264,0.128,1.173,0.051,0.36,0.415
-0.517,-0.635,-0.047,1.024,-0.886,-0.502,2.255,0.269
-1.793,0.941,-0.146,0.951,0.6,0.651,1.051,-0.133
-0.121,1.533,1.87,0.633,-0.926,0.648,1.848,-1.061
0.306,1.291,0.67,0.9,-0.259,1.402,-0.54,-0.524
0.168,-0.257,-0.493,-0.073,-1.101,0.487,0.093,-1.559
1.978,1.876,0.116,0.73,0.204,1.08,0.01,-0.647
0.989,1.475,-0.469,-0.121,-1.755,-0.483,0.495,0.606
2.327,-1.137,-0.876,-1.908,0.417,0.977,0.886,-0.993
2.963,-0.191,-0.968,-1.014,-1.44,0.098,1.755,0.53
1.372,-0.659,-2.585,0.182,0.285,0.499,0.968,0.792
0.5,-0.017,-1.964,0.944,-1.984,-0.698,-0.166,0.849
-0.691,0.412,-1.851,-0.05,-0.5,0.094,-1.164,0.384
-2.727,-0.562,-0.426,-0.65,-1.011,2.565,-0.597,1.204
-2.683,1.237,0.869,0.58,0.831,1.1,-0.504,1.012
-1.61,1.084,0.149,0.743,-1.418,-1.538,0.019,3.052
0.545,1.552,2.834,0.23,0.159,-0.418,-0.592,0.98
0.121,2.047,-0.954,-0.548,0.172,-1.518,2.39,-0.112
1.563,0.343,1.062,-0.402,-0.295,0.634,0.865,0.264
-0.531,-0.351,-0.324,-0.022,-0.7,1.225,1.665,2.051
-0.378,1.237,0.184,-0.483,-1.007,-0.202,1.178,-1.335
-0.29,1.39,-0.438,-0.024,-0.83,-0.164,-0.017,0.554
0.104,0.17,1.404,-1.574,-1.045,0.262,0.417,-0.435
0.307,1.828,-0.894,0.618,0.706,0.722,0.776,-0.687
1.585,0.253,1.023,-0.199,-0.411,-0.197,-0.092,0.399
0.716,0.034,-0.124,-2.393,0.071,0.264,0.305,-0.202
1.475,1.068,-0.256,-0.841,0.156,1.988,0.185,-0.972
0.738,-0.474,-0.245,-1.67,0.383,-0.081,0.34,-0.748
1.061,-1.011,-1.519,-1.378,0.395,-0.724,0.068,-0.708
1.386,-2.153,-0.971,-0.646,-0.47,-0.471,-0.248,0.801
0.86,-2.148,0.194,0.337,-1.181,-0.485,0.102,0.889
-1.387,-2.305,-0.07,1.206,0.836,-1.327,1.61,1.542
-1.189,-0.688,-0.036,0.251,-1.692,-0.907,1.042,0.896
-1.284,0.463,0.262,0.537,1.008,0.254,1.531,-0.342
-0.725,0.685,2.341,0.052,-1.527,0.737,0.873,1.394
0.186,0.492,-1.664,-1.326,0.251,1.291,0.452,1.2
1.492,0.778,0.565,-0.675,-0.665,1.365,0.087,-0.178
1.096,0.745,-2.416,0.009,0.742,0.829,-0.583,0.039
1.285,0.108,0.474,-0.278,-1.16,-0.893,0.59,-0.105
0.705,-1.253,-0.331,1.085,0.62,-0.306,0.441,0.745
1.063,-1.298,-0.653,1.363,-0.096,0.009,0.176,1.022
0.298,0.026,-0.426,1.474,0.97,-1.494,-0.607,0.015
0.01,-0.773,0.087,0.075,0.729,-0.119,-0.455,-0.708
-0.003,0.047,0.49,0.543,0.883,0.39,0.342,-0.978
0.242,-0.399,0.785,-0.037,-0.652,0.416,0.34,-0.865
0.916,0.025,0.289,0.01,-0.365,1.075,-0.079,-0.528
0.471,-0.596,-0.586,-0.544,-0.185,0.308,-0.755,-0.512
0.139,-0.782,-0.424,0.415,-0.619,-0.356,0.796,-0.904
0.49,1.117,-0.8,1.446,-0.247,0.991,-0.928,0.042
0.659,0.941,-1.0,0.107,-1.253,1.415,-0.615,-0.233
0.077,0.488,0.538,0.927,0.904,1.915,-0.184,-0.442
-0.879,-0.335,-1.979,0.695,-1.119,-0.073,1.045,-0.308
-1.265,-0.311,0.771,0.438,-0.74,1.522,-0.135,-0.669
-1.261,-0.22,-0.781,1.722,-0.301,1.765,1.291,-0.171
-0.983,1.114,0.634,0.505,-1.893,1.102,1.029,-0.762
-0.727,-0.067,0.082,-1.42,0.019,3.082,1.134,0.046
-0.069,-0.729,-0.72,0.757,0.291,1.867,2.289,-1.948
-0.641,-0.048,0.907,0.37,-1.753,-1.306,1.523,-1.443
0.49,-1.582,-0.335,0.179,-0.678,0.835,-0.024,-2.229
0.263,-0.62,1.917,1.353,-0.144,-0.754,0.789,-2.13
-0.175,-0.781,0.8,1.535,0.478,-0.275,0.033,0.21
1.47,0.589,1.516,0.185,-1.481,0.483,-0.626,-0.778
1.585,1.756,-0.816,-0.59,0.025,2.294,-0.226,-0.202
2.856,1.084,-1.434,-0.78,-0.076,0.364,-0.02,-0.228
1.466,1.23,-2.476,0.231,-0.95,-0.343,-0.089,-0.502
0.587,0.839,0.253,-0.792,0.308,0.935,-0.462,-1.588
-1.548,0.281,-1.901,-0.77,-0.074,-0.732,-0.955,-0.08
-1.336,-1.39,-0.532,-0.728,-0.072,0.166,0.269,-0.239
-1.959,-1.323,0.447,-0.454,-1.256,-1.328,-0.33,1.775
-2.383,-0.273,1.64,1.021,-0.397,-1.92,-0.037,-0.716
-2.235,-1.121,0.65,0.459,-0.887,-0.557,0.799,0.807
0.198,-0.443,2.564,0.284,0.694,0.163,0.802,0.797
-1.026,-0.864,0.99,0.617,0.278,0.418,0.251,0.72
-1.825,-1.273,0.456,-0.333,0.442,0.675,1.062,-1.051
-2.118,-1.047,2.761,0.572,1.131,0.552,0.028,-0.029
-1.113,0.312,-0.414,0.695,0.79,0.736,-0.466,0.734
-0.251,0.099,1.171,0.128,0.505,1.745,-0.521,0.081
-0.103,-1.081,0.894,0.034,0.988,-0.052,-1.005,0.172
0.724,-0.868,1.725,-0.812,0.628,-0.533,-0.989,0.219
1.21,0.805,-0.535,-1.097,0.393,-0.275,-0.583,0.923
1.536,-0.202,0.925,-0.372,1.541,-1.848,-1.953,0.149
1.798,0.712,-1.942,-0.52,0.451,-0.264,-0.198,0.143
1.747,-1.158,1.163,0.066,0.278,-0.565,-0.419,-1.024
0.634,-0.853,-1.581,-0.175,-0.043,-0.033,-1.557,1.972
-0.468,1.196,0.235,0.369,-0.669,-0.274,-0.22,-0.237
-0.008,-0.215,-0.375,-1.203,0.417,0.945,0.486,-0.163
-1.78,-2.181,-1.417,-1.321,-0.122,0.028,-0.066,1.127
-1.663,-0.643,-0.571,0.9,-0.435,0.588,0.387,1.405
-1.589,0.847,0.809,0.592,-0.763,-0.211,2.217,-0.475
-1.512,1.786,1.347,0.214,-0.529,0.857,2.105,-0.655
-0.082,0.389,0.779,0.189,2.016,1.296,1.373,-1.599
0.514,0.268,1.341,1.214,-0.415,-0.221,1.299,-1.225
0.428,0.739,-0.907,-0.169,2.187,0.078,0.063,-0.177
0.955,0.492,1.42,0.421,-1.177,-0.627,0.217,0.502
1.451,-0.397,-0.181,0.637,1.49,1.249,-0.278,-1.386
1.574,1.376,1.317,0.239,-0.673,1.401,-0.013,-1.502
0.611,0.041,0.204,-0.446,1.347,0.528,-0.229,-0.924
1.719,0.708,0.332,-0.942,-0.272,0.54,0.901,0.206
1.421,0.234,-0.743,0.434,0.745,0.399,-0.188,-0.961
1.909,0.045,-1.611,-0.109,-0.464,-0.349,0.069,-0.061
1.315,-0.263,-1.272,0.91,-0.271,-0.703,-0.286,0.591
-1.367,-0.988,-1.103,-0.291,-1.975,-0.695,0.346,0.484
-0.959,-0.39,0.524,-0.371,-1.032,0.106,-0.494,-0.025
-0.036,-0.777,0.745,0.216,-1.623,-0.377,0.631,0.172
0.528,-0.443,0.658,0.881,-0.785,0.497,0.979,-1.485
0.529,-0.129,0.178,-0.207,-0.905,-0.46,0.517,-0.179
1.128,-1.549,-0.059,-0.333,0.09,-0.1,0.549,-1.45
1.284,-0.226,-0.952,0.434,-0.872,0.083,0.518,-0.542
0.764,0.171,-0.573,0.469,0.341,0.252,0.107,-0.081
1.199,-1.121,-0.654,-0.178,-0.701,0.361,-0.341,-0.201
-0.336,-1.742,-1.363,-0.318,-1.132,-0.001,-1.56,-0.568
-1.41,-1.277,-2.214,1.583,-0.23,-1.07,-0.719,-0.643
-1.925,-0.897,0.292,0.924,-0.97,0.103,-1.379,-2.281
-3.161,0.209,-1.097,1.314,1.351,1.224,-0.882,-1.502
-2.734,-0.099,1.662,1.298,-0.17,0.743,0.532,-0.657
-0.614,-0.37,1.202,0.904,0.645,1.183,-0.595,1.194
0.997,-1.509,1.39,0.58,0.248,1.373,-0.164,0.953
0.295,-0.702,1.586,1.641,0.687,1.217,-1.237,-0.168
0.536,0.174,0.864,2.041,0.595,-0.3,1.167,-0.269
1.119,-1.376,0.634,1.992,1.233,0.697,0.547,-0.274
0.201,-0.12,1.398,0.977,-1.015,0.382,0.687,1.241
0.38,0.827,-0.861,-1.567,1.339,0.686,-0.413,-0.904
1.324,-0.635,-1.656,0.258,-1.153,0.196,-0.956,-1.551
0.707,-1.067,-1.485,-0.03,-0.51,0.688,-2.686,-1.211
0.01,0.679,-0.707,-0.561,-1.054,1.394,0.991,1.009
-0.206,1.35,-0.275,1.377,-0.999,1.609,0.029,1.111
-0.752,0.595,-0.094,-1.36,-1.465,1.752,1.085,0.888
0.468,0.966,0.722,-0.965,0.009,1.058,1.984,0.138
-0.621,2.482,-0.758,-1.95,0.767,0.3,1.746,-0.943
-0.173,1.533,-1.27,-0.968,0.572,0.069,1.969,-2.699
-0.922,-0.594,-0.568,-1.052,0.457,-0.648,1.01,-0.935
-0.87,0.865,-0.738,0.044,-0.77,-0.242,0.99,-2.29
-0.981,-0.138,-0.473,-0.147,0.484,-2.059,0.279,-2.03
-0.411,0.907,0.059,0.533,-0.565,0.581,1.332,-0.525
-0.258,1.134,0.643,-0.766,-0.654,-0.367,1.282,-1.639
0.275,1.236,-0.369,-0.965,-1.076,0.322,1.096,-0.488
0.23,2.279,-0.524,-0.273,0.712,-0.963,1.765,-0.499
-0.659,-0.064,-0.18,-1.901,-1.394,0.034,1.511,-0.561
-0.445,0.086,-0.607,-1.667,-0.311,-0.123,-0.064,-1.909
-0.303,1.745,0.182,-1.051,0.833,0.279,0.914,-1.589
0.414,1.792,0.308,0.237,-0.514,-0.19,0.32,-0.727
1.371,0.808,0.968,-1.149,0.781,-0.663,1.112,-0.445
1.949,-0.57,-0.89,-0.639,2.66,0.215,-0.215,-0.058
3.554,0.005,0.339,-0.206,1.345,-0.33,0.431,0.791
1.898,-0.946,-1.906,1.237,1.124,-0.496,0.454,0.093
1.175,-1.445,-1.3,-0.58,-0.834,-0.257,-1.205,0.11
-0.57,0.179,-1.274,-0.485,0.722,1.485,-0.565,0.73
-1.123,0.15,-1.657,-0.456,-0.766,1.775,-0.126,-1.251
-1.242,-0.318,-0.381,0.933,-0.497,0.103,0.385,0.952
-3.154,-0.006,-0.523,1.528,-0.43,-0.41,-0.556,-0.04
-1.357,0.035,0.63,0.657,-0.702,0.618,0.388,-0.977
-0.913,1.466,-0.26,0.735,0.324,1.424,1.932,0.176
-1.071,0.183,1.149,-0.692,-1.127,0.849,1.035,1.447
-1.839,1.812,0.01,-1.706,0.292,1.991,0.39,0.783
-0.887,0.143,0.78,-0.217,-1.018,0.182,0.316,-0.075
-0.586,0.596,-0.074,0.464,0.215,-0.832,0.996,1.08
-0.475,1.685,0.336,0.261,-0.622,-1.066,0.321,-0.432
0.067,1.562,0.757,-0.46,1.233,0.256,0.423,-1.999
0.01,1.194,0.563,-0.868,-0.379,1.584,-0.271,-1.778
-0.923,-0.419,1.267,-1.462,0.705,0.76,-0.803,-0.812
0.165,0.062,-0.259,0.56,0.668,0.129,1.45,-0.086
0.265,0.593,-0.445,-1.463,-0.639,-0.782,1.327,0.658
0.287,0.667,-0.27,0.27,1.631,0.44,1.915,1.125
1.417,0.831,-0.012,-0.258,0.481,-2.936,1.153,0.505
-0.135,-1.28,0.212,-0.64,0.108,-1.138,0.292,0.341
-0.289,-0.9,-1.62,0.539,1.04,-1.472,0.967,-1.099
1.093,-0.572,-0.502,0.356,-1.042,-1.035,-0.59,-0.987
-0.78,-0.123,-0.635,-0.745,0.881,0.166,-1.085,0.306
-2.115,-1.972,0.267,-1.146,0.644,-0.385,0.206,0.989
-0.56,-1.434,-0.633,0.693,1.388,-0.701,-0.633,-0.029
0.142,-0.3,-0.472,2.225,-0.323,-1.258,-0.647,-0.153
-0.825,0.669,-0.972,0.42,0.484,0.75,-1.37,1.063
-1.151,-0.481,-0.522,0.596,-1.282,-0.221,-1.138,1.431
-1.226,-0.463,-0.42,-0.629,-0.758,0.44,0.504,1.313
-0.401,0.612,0.321,-0.023,-0.486,-0.603,2.369,1.273
0.523,-1.074,1.669,0.384,-0.344,-0.206,1.544,0.002
-0.18,-0.648,0.033,0.698,1.555,0.047,0.441,0.698
0.332,-0.398,0.558,0.031,-1.091,-0.486,0.012,-0.529
1.875,-0.212,0.08,-0.447,2.749,0.853,0.4,-0.997
0.508,0.496,-0.979,0.441,0.097,1.071,1.747,-1.628
2.321,1.568,-1.411,-0.605,1.885,0.322,-0.249,0.261
1.216,1.474,-1.948,-0.662,0.895,0.174,-0.247,-0.536
1.488,-0.152,-0.381,-1.674,1.378,-2.014,-0.456,-0.26
-1.048,1.175,0.167,-1.324,-0.675,-1.145,0.484,0.151
-0.594,0.391,-0.608,-1.796,1.076,-1.033,-0.822,-0.303
-1.325,0.178,-0.793,-0.996,-0.585,0.382,0.963,0.074
-0.864,1.359,-0.314,-0.491,-1.218,-0.527,0.113,0.147
-1.45,1.243,-1.224,-1.191,-0.642,-0.893,0.26,1.608
-1.372,1.038,1.694,-1.96,-1.321,0.302,0.677,0.755
-1.453,-1.299,0.379,-1.813,0.468,-0.127,0.601,1.238
-1.524,-0.706,1.937,-1.653,-0.838,-0.255,0.942,-0.027
-1.336,-0.002,1.414,-0.127,1.898,-0.29,-0.621,0.869
-0.891,1.272,2.451,-0.938,-0.577,-2.406,-0.314,0.802
0.623,1.134,2.359,-1.306,2.453,-1.631,-2.434,0.579
1.184,0.786,0.016,-1.08,0.987,-1.678,-1.631,1.345
1.986,1.161,0.077,0.111,1.185,0.135,-1.508,-1.392
1.702,0.071,-0.652,-1.451,0.607,-1.259,-0.636,0.604
2.204,0.462,0.153,-0.667,-1.123,-1.056,-1.882,-0.851
-0.309,0.494,-2.774,-1.215,-0.377,0.122,0.738,0.173
-0.48,-1.625,0.92,0.089,-1.174,-0.703,-0.163,1.389
-0.602,-0.175,-1.002,1.478,0.38,-0.101,-0.698,3.223
-0.759,0.591,1.476,0.26,-1.248,0.23,-0.931,1.059
-0.528,1.322,-1.15,-0.862,0.367,1.436,0.607,1.455
-0.326,0.875,1.147,-0.861,-1.878,0.09,-2.202,1.75
0.53,1.451,-0.767,-3.054,1.078,2.146,-0.795,0.587
0.978,-0.295,-1.011,-2.001,-0.629,0.269,0.588,0.937
0.749,-0.657,0.343,-0.313,1.072,-0.568,1.366,0.599
0.408,-0.106,-0.467,0.446,0.833,-1.669,0.772,0.77
0.968,-1.045,0.461,-0.065,0.067,-0.427,0.071,0.644
0.291,-0.158,-1.444,2.366,1.199,-0.158,0.346,0.506
1.552,-0.48,-1.112,0.207,-1.17,-0.901,-0.562,-0.136
0.485,0.602,-1.732,-0.386,0.055,1.455,-1.362,-0.084
0.091,-0.588,-0.992,0.628,-0.988,0.726,-0.169,-0.701
-1.145,-0.64,-2.24,0.36,-1.087,-0.16,-1.304,-0.374
-0.712,-0.108,-0.891,-0.364,-1.283,0.911,1.494,0.284
-0.451,0.246,-1.36,0.427,0.838,0.251,1.303,1.509
-1.166,-0.586,0.294,0.488,-0.733,0.392,1.32,0.794
-1.17,1.005,0.409,0.541,0.446,0.429,0.514,0.454
-0.983,0.225,0.977,-0.469,-0.16,-0.584,0.871,1.208
-0.351,-1.114,-0.73,-0.423,0.389,0.347,1.129,-0.609
-0.207,0.027,0.63,-1.543,0.295,-0.581,-0.156,-0.761
-0.195,-0.631,-0.146,-0.459,0.172,1.466,-0.705,0.173
0.059,-0.075,0.276,-1.929,-0.72,1.479,-0.039,-0.595
0.841,-0.441,0.385,-0.426,0.118,0.088,-0.222,-0.992
-0.706,0.148,1.448,-0.31,0.797,-1.18,-0.454,-0.204
-0.823,0.087,0.416,0.822,1.388,-2.323,0.306,0.548
1.029,-1.129,1.863,1.676,1.518,-3.165,-1.188,0.146
-0.252,-1.142,-0.179,1.283,0.66,-0.672,-1.551,0.728
-0.938,-1.073,0.908,2.413,0.148,0.385,-2.383,0.32
1.211,-1.557,0.833,1.498,-0.189,0.993,-1.297,1.008
1.193,0.164,-0.22,0.732,1.553,0.546,-0.851,2.114
0.711,-1.144,0.415,-0.258,0.201,-0.833,-0.696,2.338
1.499,-0.593,-0.468,-0.018,0.741,1.345,-0.561,1.886
0.358,-1.509,-0.403,1.559,0.056,0.546,-0.882,1.287
0.318,-1.673,-0.623,1.207,0.35,0.181,-0.248,-0.494
-0.009,-1.501,2.056,1.286,-1.113,-0.159,-0.084,-0.329
0.492,-0.771,-1.765,0.932,-0.81,1.058,-0.223,1.236
1.836,-2.103,1.581,0.899,-1.14,0.91,0.473,0.951
-1.225,-3.399,-2.656,1.682,0.789,0.491,-0.122,0.888
-0.84,-2.041,2.019,2.166,-2.376,1.323,0.423,1.631
-1.727,-0.06,-1.758,1.648,0.481,2.031,0.159,1.348
-0.426,-1.244,2.089,0.253,-2.109,1.149,1.581,0.528
0.663,-0.663,0.049,-0.954,2.066,1.509,0.502,0.039
1.976,1.174,0.92,0.469,-0.642,0.363,0.147,-0.311
1.206,-1.581,0.651,0.437,0.241,0.841,0.636,0.468
1.244,-0.776,0.419,1.147,-1.205,0.905,-0.202,0.67
0.327,-1.03,-0.427,0.821,0.361,-0.671,1.112,-0.33
0.529,-0.026,-0.286,1.165,-1.923,-0.65,1.367,-0.107
0.686,0.72,0.143,0.053,-1.559,0.588,1.701,-0.277
1.224,0.701,-0.289,-0.662,-1.528,1.218,1.847,-0.562
1.661,2.28,-0.255,0.433,0.223,0.783,1.319,-0.788
0.885,2.064,0.537,-2.759,-1.856,0.35,1.159,-1.232
1.18,1.605,-0.498,-1.594,0.453,1.136,-0.003,-1.408
0.184,0.602,0.144,0.106,-0.919,-1.105,1.689,0.126
-0.94,-1.353,-0.821,0.12,-0.586,0.432,0.641,-0.785
-0.393,-1.9,2.23,0.639,-1.831,0.475,0.432,-0.607
-0.589,-1.293,-0.319,1.587,0.727,1.035,0.47,-0.36
0.136,-1.688,0.348,0.231,-1.924,1.0,1.786,0.63
-0.758,-0.412,-0.346,1.113,1.625,1.557,1.384,0.805
-1.497,-0.583,-0.001,1.269,-0.114,0.581,1.449,0.839
-0.855,-0.607,-1.325,1.255,0.47,0.091,-0.398,-0.96
0.462,-1.558,-0.511,0.398,-0.851,-1.0,0.031,-0.639
-0.514,0.562,-0.185,1.138,1.408,0.07,-1.133,0.763
-0.463,1.594,-0.658,-0.034,-0.966,0.473,-0.909,-3.321
-1.635,-0.001,1.228,-0.854,-0.46,0.491,-0.436,-1.44
-1.211,-0.159,0.895,-1.339,0.24,0.299,0.624,-0.892
1.514,1.022,1.207,0.468,-0.466,-0.813,0.542,-0.401
-0.459,-0.066,0.19,-0.706,0.486,-1.496,1.666,1.476
-0.092,1.21,0.02,-1.026,-0.13,-1.346,1.843,0.612
-0.94,-0.336,-0.72,-0.171,1.22,-1.306,0.177,-0.416
-0.624,-0.323,0.719,-0.911,-0.37,-0.525,-1.035,-0.577
-1.091,-0.829,1.553,-1.305,0.181,0.214,-0.73,-0.954
0.302,-2.568,0.617,-0.312,1.307,-0.376,0.293,-1.246
1.493,-0.773,-0.991,0.322,0.035,-0.645,-0.069,-0.164
1.6,-0.375,-0.519,1.316,-1.597,0.5,0.639,-0.212
0.894,-0.61,-0.637,0.122,0.193,0.364,0.232,0.037
-0.923,-1.344,-0.403,1.908,-2.334,0.508,1.483,-0.302
-1.264,-0.439,0.309,2.08,0.311,0.892,1.892,0.238
0.349,0.134,-0.061,0.91,-1.207,1.644,2.364,-0.192
-0.386,1.381,0.173,-0.727,-0.606,1.459,0.795,-1.152
-0.232,1.187,-1.338,-0.86,0.605,1.436,2.011,-2.214
-0.514,0.094,1.747,0.443,-0.402,0.193,-0.273,-3.257
-0.073,0.432,-0.218,0.076,0.855,-0.469,-0.375,-1.155
-0.801,-0.286,1.913,-0.1,0.473,-0.046,0.97,-1.096
0.471,-0.634,-0.283,0.841,0.372,0.702,0.003,0.542
1.225,-0.057,0.778,-0.116,0.806,0.516,0.812,-0.397
-0.213,0.752,-0.575,0.227,-0.366,0.792,-0.153,0.509
1.289,-0.511,-0.112,-0.001,0.304,-1.318,-0.055,0.007
0.586,1.138,-1.711,-0.374,-0.336,-1.025,-0.983,-0.988
0.067,0.419,0.461,-0.095,-0.164,0.769,0.43,-0.453
-0.111,0.714,-0.744,0.257,-0.179,-0.567,0.635,0.257
-0.541,-0.36,-0.054,-0.046,-0.577,1.786,0.832,-0.065
-0.148,-0.362,0.621,0.343,0.558,2.101,0.702,-0.436
-0.924,-1.817,0.34,0.313,0.332,-0.146,0.444,-0.257
-0.297,-1.534,-0.053,1.538,0.418,-0.569,1.683,0.412
0.111,0.136,0.509,1.146,-0.93,-0.613,1.058,-0.967
0.932,0.538,-0.567,1.515,-0.463,0.813,0.245,-0.012
0.355,0.024,0.359,0.492,-0.571,0.903,-0.448,-0.161
0.481,-0.286,-1.33,0.782,-0.285,0.555,-0.468,0.896
-0.319,-1.058,0.537,0.994,-0.381,-0.169,0.542,-0.109
0.934,-1.309,-0.718,2.225,-0.555,0.13,2.23,0.72
-0.032,0.234,-0.962,0.372,-0.17,1.017,1.292,-0.191
0.332,0.688,-0.975,-0.706,-0.293,1.13,2.169,0.721
0.058,-0.94,1.77,0.172,0.497,2.356,0.186,-1.626
0.361,-0.07,0.833,0.27,-0.115,0.817,0.602,-1.254
1.244,0.465,0.452,-0.008,0.554,0.363,0.482,-1.252
1.731,1.004,0.831,-0.305,1.43,1.092,0.049,-0.33
0.426,-0.98,1.093,-1.291,-0.281,0.572,-0.117,-0.276
0.482,-1.386,-0.521,-1.613,1.423,2.182,-0.939,0.436
0.043,-0.175,0.377,1.35,0.058,1.269,-0.79,-0.657
-0.774,-0.683,-0.845,-0.706,-0.22,0.555,-1.469,-0.471
0.361,1.304,-0.071,0.156,0.45,0.183,0.47,0.553
-0.357,-0.601,-0.465,-0.869,0.41,-1.622,-0.118,0.52
0.553,-0.157,-0.543,-0.462,0.222,-0.656,-0.948,1.218
0.215,0.576,-0.588,-1.108,1.235,-0.345,-0.663,0.713
0.236,0.512,-1.496,-1.186,0.472,-0.011,0.318,-0.385
0.681,0.963,-0.846,-0.325,1.54,-0.909,0.0,0.897
-1.371,-0.109,-0.261,-0.302,-0.214,-1.289,-0.354,0.676
-2.213,0.557,0.686,-0.817,-0.46,-1.019,-0.677,-0.735
-1.391,-0.314,0.574,-0.16,1.002,-0.46,-0.117,-1.653
-0.445,-0.628,2.008,0.765,0.621,-1.211,0.262,-2.872
0.016,0.304,0.164,0.734,1.029,-1.134,-1.583,-2.652
-0.201,1.462,0.625,-0.457,-1.278,0.731,-1.796,0.44
0.599,0.31,2.027,-0.77,1.015,0.945,0.477,-0.576
-0.335,0.061,0.428,-1.154,0.116,-0.657,0.453,0.176
0.021,0.4,0.461,-0.575,1.389,-1.314,-0.222,0.448
0.752,-0.586,0.767,-0.786,-0.402,-0.853,-0.366,1.224
-0.643,0.896,0.477,-1.503,1.945,-0.732,-1.702,-0.359
1.113,0.006,-0.196,-1.472,-0.682,-0.64,-0.284,1.113
1.265,0.686,-0.72,-0.732,0.586,-0.967,-1.141,0.575
1.055,1.241,-0.107,-0.425,-1.444,-2.724,0.483,1.565
-0.219,1.515,-1.004,-1.496,1.703,0.406,-0.607,-0.934
-0.482,0.404,0.712,-0.293,-2.42,-1.232,-0.655,-0.045
0.991,0.625,-0.879,-1.682,1.615,-1.297,-0.421,-1.687
1.94,-1.045,0.594,-0.898,-0.938,-2.251,1.017,-0.154
1.386,-1.316,-1.685,0.387,1.301,-1.855,-0.539,0.891
1.433,-0.056,1.859,0.184,-0.063,-0.952,-0.097,0.293
0.583,0.578,-0.681,-0.833,1.793,0.545,1.719,-0.76
2.669,-0.412,0.611,-0.253,-0.024,0.024,0.639,0.304
2.018,-0.356,-1.483,1.61,3.419,-0.32,-0.285,-1.297
1.591,0.607,-0.287,1.355,0.064,-2.084,-0.547,-1.636
1.559,2.034,-2.113,-0.317,2.176,-1.267,-1.538,-0.77
0.015,0.517,-1.376,-0.028,-1.226,-1.384,-0.646,0.492
0.831,-0.295,-0.778,-2.225,-0.313,-1.078,-0.127,0.629
-1.251,-1.116,0.554,-0.513,-0.627,-0.4,-0.241,-0.281
-2.574,-0.486,0.869,0.074,0.831,-0.225,0.027,0.764
0.977,0.026,0.564,0.461,0.141,0.785,-0.077,2.41
2.015,-0.596,-0.412,1.229,0.391,0.171,-0.076,0.058
1.399,0.36,-0.298,2.636,-0.39,0.004,-1.356,-0.841
0.613,-0.38,-0.716,-0.357,-0.493,0.049,-1.502,1.247
1.42,0.92,-1.198,-1.117,0.352,1.13,-0.745,1.295
0.213,0.331,-1.63,-0.122,-0.17,-0.371,-0.995,0.687
-0.267,1.245,-1.524,0.336,0.685,-0.319,-0.857,0.576
-0.833,-0.602,0.946,0.29,0.283,0.461,0.068,1.203
-0.341,0.209,-0.288,-1.511,-1.421,0.571,1.064,0.449
-1.339,-0.408,0.787,0.014,0.02,1.01,-0.249,0.325
-1.458,0.427,0.184,-0.365,0.08,0.984,-0.488,-0.508
-1.06,-0.22,0.642,1.374,-1.262,-0.131,0.089,-0.967
-0.229,-1.087,-1.167,0.432,0.503,0.048,0.984,0.27
-0.825,-0.658,0.501,1.029,-0.289,0.434,0.998,-0.229
0.563,0.153,0.844,1.318,1.063,0.987,0.893,0.396
0.136,0.53,-0.5,0.308,-0.837,1.356,-0.193,0.141
0.217,1.435,0.625,-1.259,-0.391,1.51,-0.871,0.199
-1.142,-0.66,0.738,-0.702,-0.268,0.745,-0.754,-0.407
0.365,-1.679,1.209,-0.324,1.411,0.18,-1.069,-1.777
0.818,-0.981,-0.42,1.21,0.986,0.045,-0.558,0.743
0.901,0.382,0.251,0.892,1.677,-0.264,-0.9,-0.301
0.351,-0.406,-0.464,0.663,0.502,-0.548,0.222,-0.34
-0.172,-0.445,1.7,1.072,-0.394,-0.493,-0.776,0.892
-0.98,-1.099,0.81,-0.025,0.187,0.088,0.046,0.858
-0.199,-2.701,0.93,-0.271,-0.613,1.909,0.971,0.936
-0.386,-2.545,-0.92,0.242,1.526,0.8,-1.041,1.318
-0.652,-1.1,0.726,1.185,-0.7,-1.103,1.234,0.349
-0.252,0.236,-0.642,0.746,1.527,1.142,-0.662,-0.045
0.303,-0.073,1.113,-0.696,-0.705,0.611,0.224,0.54
-0.73,0.678,-0.727,0.806,0.108,0.883,-0.795,0.438
-0.391,-0.899,0.501,1.234,-1.792,-1.405,0.642,1.091
-0.198,0.467,0.332,-0.787,-1.048,-0.179,-0.729,1.237
-0.571,0.596,-0.348,0.811,-0.511,1.087,0.365,1.847
-0.539,0.956,-0.356,-0.546,-0.406,0.422,-0.755,0.412
-0.148,-0.202,1.088,-1.773,-0.1,0.9,-1.695,0.689
0.006,-1.183,-1.077,-1.51,1.037,-0.498,-1.25,0.561
0.261,-0.761,-1.493,-0.612,-0.867,-1.499,-0.233,1.583
0.354,1.24,-1.784,-0.772,-1.44,-0.563,0.373,0.585
-0.475,-0.882,-1.127,-0.082,-0.785,0.8,1.86,0.671
-1.825,0.57,-1.273,0.006,-1.348,0.769,-0.051,-0.74
-0.269,0.082,-0.559,-1.235,-0.631,0.32,0.26,0.047
1.006,-0.356,-1.543,-0.597,-0.701,-0.503,-0.438,0.427
1.356,-0.232,-0.804,-0.39,-1.714,0.452,0.304,0.024
0.788,-0.913,-0.137,-1.71,-1.214,-0.183,0.021,1.508
1.429,-0.579,-0.219,-0.725,-1.268,-0.025,0.028,2.843
1.09,-1.176,-1.111,-0.102,-1.579,0.161,0.24,0.486
0.244,-2.097,-0.598,0.151,0.028,-0.098,-0.133,0.201
0.159,-2.292,-1.38,0.122,0.334,0.187,-0.039,1.265
-0.18,-1.175,-2.031,0.832,-1.33,-0.728,-1.5,-0.13
-1.145,0.198,-0.122,0.101,-0.357,1.157,0.877,0.219
-1.797,1.309,0.02,-0.779,-0.537,0.151,-0.033,0.241
-0.914,0.07,1.065,-1.197,1.107,1.449,-0.383,0.204
-2.385,1.856,0.69,-1.63,0.064,0.478,0.617,0.825
0.401,1.759,1.852,-1.304,1.91,0.081,0.472,0.56
-1.027,2.69,1.14,-2.817,0.985,-1.807,1.127,-1.261
-1.435,0.197,0.456,-2.084,2.294,-1.279,-0.036,-0.265
-1.815,-0.611,0.158,-0.599,0.942,-2.303,-0.939,-0.282
0.246,-1.338,-0.429,-0.425,1.606,-2.183,-0.598,-0.311
0.147,-0.677,-0.821,0.541,0.185,-1.177,-0.269,0.157
0.442,-0.78,0.553,-0.649,0.605,-0.512,-0.166,0.447
1.014,-0.766,0.215,0.172,0.197,-0.223,0.321,1.343
1.511,-0.497,-0.64,0.553,-0.046,-0.966,0.47,-0.124
0.317,-0.35,-0.423,-0.523,-0.925,-0.443,-0.494,2.25
0.285,-0.029,-0.47,-0.254,-0.609,0.062,0.356,1.927
0.697,-0.388,0.386,0.408,-0.397,0.839,-0.833,0.257
-0.143,-0.233,0.261,1.628,0.495,0.958,-0.918,1.276
0.715,-0.801,-1.062,0.905,-0.189,0.98,0.441,-0.919
1.929,2.094,-0.628,1.844,0.174,0.857,0.244,0.06
0.383,1.126,-1.638,0.484,-0.249,-0.217,-0.775,0.701
0.269,0.388,-0.847,-0.741,-1.668,1.074,0.05,-0.705
-0.721,-1.087,-0.14,-0.723,0.795,2.118,-0.689,0.026
-1.543,-0.281,0.09,0.161,-2.026,0.964,0.865,-0.869
-2.036,0.21,1.439,0.108,-0.075,1.288,0.435,-1.355
-0.933,-1.591,0.16,1.115,0.097,0.218,0.494,-1.376
0.497,-1.201,0.109,0.661,0.576,1.533,0.345,-1.706
0.931,-0.563,-0.324,0.815,-0.589,1.004,-0.639,-0.379
1.701,-1.39,0.305,0.661,0.424,1.27,-0.293,0.003
0.12,0.845,-0.081,1.811,0.043,0.196,0.887,1.703
1.355,-0.635,0.069,1.014,0.139,0.562,0.302,1.17
0.715,0.693,-0.125,0.972,0.92,1.795,0.717,1.064
0.284,1.987,-0.588,-0.723,0.177,1.595,0.315,0.021
-0.184,1.391,1.665,-0.421,1.092,1.436,-0.911,0.995
0.034,0.675,0.061,-1.279,-0.107,-1.243,-0.107,1.648
0.64,0.852,-1.204,0.132,0.511,-0.729,-0.246,2.27
0.089,0.17,-1.015,-0.74,0.445,-1.844,0.653,0.384
0.398,-0.679,-1.201,-0.546,0.055,0.105,-1.058,-0.257
0.851,-0.657,-0.051,-1.17,0.158,-0.322,-1.874,0.15
-0.663,-0.125,-0.56,0.096,0.81,-0.155,-1.384,-0.511
-0.361,-0.395,0.533,-1.327,-1.084,-0.338,-0.469,-0.122
-0.274,-0.525,0.086,-1.241,1.342,0.832,-0.722,1.027
1.319,1.494,0.871,-0.342,-1.291,-1.224,0.866,1.79
0.249,-0.727,-1.996,-1.3,0.087,-0.115,-1.017,2.263
0.542,0.26,1.429,0.392,-2.108,0.089,-1.034,0.354
-0.788,-0.639,-1.72,-0.394,0.286,-0.671,-0.318,-0.691
0.156,-1.146,0.396,1.233,-1.612,0.657,0.276,0.276
-2.334,-1.837,-1.071,1.524,-0.44,0.839,0.213,0.444
0.131,-0.646,2.463,0.825,-0.748,1.97,-1.807,-0.374
-0.697,0.02,1.541,0.535,0.475,3.115,-0.267,0.762
-0.957,0.371,0.2,0.355,-1.004,2.045,-1.555,-1.697
-0.944,0.438,1.399,-0.67,-0.29,1.51,-0.359,1.244
0.349,0.15,0.584,0.142,0.056,0.871,0.14,0.995
-0.463,0.222,0.554,-0.951,1.53,-0.492,-0.303,0.603
0.128,0.083,0.041,-0.433,-0.02,0.818,-0.517,0.441
0.093,0.408,1.231,-1.245,-0.036,1.436,-1.271,-1.047
-0.791,1.106,0.016,-0.426,1.868,0.709,-0.635,-1.523
0.462,1.408,0.887,-0.927,0.206,0.145,-0.933,0.247
0.187,0.27,0.575,-0.596,2.182,-1.28,-1.594,1.199
0.008,0.669,-0.459,-0.736,0.045,-1.915,-1.513,0.653
0.058,-1.067,-0.191,0.883,0.749,-0.491,-1.941,1.033
0.405,-0.202,-0.829,0.311,0.128,0.065,-1.851,-0.698
0.602,-0.185,-0.376,1.452,-0.428,-0.294,-1.54,0.691
1.092,0.331,-0.918,1.186,-0.027,1.522,-1.035,0.466
1.694,0.034,-0.032,1.029,-1.026,1.723,0.701,1.877
0.038,0.706,-0.691,-0.579,-0.892,0.502,-0.197,1.025
0.501,0.235,1.062,-1.927,-1.977,0.601,0.846,1.27
-2.087,-0.014,-0.687,-0.37,-0.471,1.276,0.759,0.395
-0.972,-0.763,0.986,-1.341,-0.62,0.765,2.161,0.187
-1.096,0.876,1.02,-0.144,0.943,-0.555,1.9,-0.002
0.234,0.431,1.246,0.484,-0.687,-1.022,2.281,1.142
-0.745,-1.221,1.626,-0.206,1.962,-0.528,0.099,-0.174
-0.56,-0.159,-0.251,0.97,-0.135,-1.688,0.223,-0.521
0.548,1.318,1.328,0.325,-0.425,-0.314,-1.905,-0.238
0.296,0.987,-0.024,0.358,-0.641,0.766,-0.969,-0.942
-0.485,0.265,0.053,-0.609,-0.823,-0.216,-0.632,0.467
-0.933,0.281,-1.49,0.036,0.052,0.301,0.556,0.919
0.969,0.137,0.686,0.296,-0.271,-0.732,0.995,1.453
-0.056,-0.908,-0.06,-1.807,0.452,-0.195,0.851,0.122
-1.324,-0.887,0.539,-1.127,-0.018,0.482,-0.385,-0.371
-0.514,-0.654,0.088,0.059,1.405,0.755,0.076,0.491
-0.981,0.43,1.918,1.782,-0.425,-0.243,0.931,-0.23
-1.019,1.548,1.503,0.108,1.12,-0.811,-0.817,2.05
0.28,0.918,0.363,-0.519,-0.515,1.471,0.196,1.855
0.177,-0.006,0.173,0.243,1.055,0.132,0.289,-0.056
-0.005,0.395,-0.02,0.591,-0.37,-0.203,-0.209,-1.093
-1.053,0.553,0.061,-0.624,-0.158,-0.077,-1.321,-1.128
-0.528,1.884,-0.151,0.431,-0.231,-0.51,-0.596,-1.335
-0.853,2.384,0.868,-1.934,0.466,0.774,-0.709,1.162
0.72,2.003,-0.458,-1.264,-0.69,0.603,-1.219,1.957
0.776,0.746,0.307,-1.972,-0.884,-0.727,-0.452,0.964
0.536,0.204,1.198,-1.31,-0.279,-0.864,-0.214,0.489
-0.172,1.034,-1.317,-0.121,-0.024,-1.173,0.708,0.676
0.143,-0.126,0.759,0.677,-0.273,-1.31,1.347,-1.021
-0.521,-0.268,-2.062,0.509,-0.917,-0.854,0.566,-0.498
-0.293,0.151,0.866,0.435,0.357,-0.849,1.41,0.85
-1.235,0.543,-0.249,0.004,0.312,-0.184,-0.154,0.532
0.135,0.936,0.889,-2.013,-0.505,-0.05,0.613,-0.949
-0.709,-1.865,1.161,-2.077,1.682,0.761,1.066,0.339
0.028,-0.862,1.588,0.977,1.444,-0.802,0.568,-1.176
-0.471,-0.661,1.333,0.513,-0.332,-1.451,-0.817,-0.509
0.696,-1.07,1.196,0.914,1.672,-0.597,-1.537,-0.976
1.211,-0.828,-0.334,0.04,1.168,-0.884,-0.415,0.031
0.573,0.638,0.073,0.328,0.369,-0.976,-0.606,-0.959
1.295,-0.354,-0.37,-0.527,0.291,-0.49,-0.977,-0.155
-0.628,1.257,-0.025,0.448,0.128,-0.178,-0.951,-0.106
0.355,1.179,1.175,-0.745,0.195,-0.698,-1.141,0.462
-0.429,1.256,-0.271,-0.21,0.637,-0.45,-1.748,0.813
-0.597,0.263,0.259,-1.142,0.118,0.132,-0.761,1.402
-0.937,-0.334,-0.153,0.897,1.558,-1.238,-1.03,1.463
1.774,0.19,1.312,0.19,-0.958,-1.384,-0.198,0.794
0.346,-0.602,-1.082,2.202,0.571,-0.464,0.06,0.971
0.647,-0.553,0.51,1.915,-0.051,-0.106,1.583,0.395
-0.059,-0.095,-1.096,0.435,0.114,1.273,0.589,-0.501
0.055,-0.041,0.408,0.876,-0.898,0.803,0.141,-1.8
0.137,-0.752,-0.628,-0.546,-0.21,0.341,0.628,-1.426
-0.545,-0.459,0.611,0.17,-0.25,0.358,0.649,-1.7
0.442,-1.316,-0.143,0.447,-0.073,-0.134,0.25,-2.157
0.925,-0.247,0.499,-0.947,0.462,0.188,-0.219,-1.503
0.264,1.455,-0.49,0.533,0.267,0.776,-0.443,-1.358
0.704,1.114,-0.015,-0.968,0.403,-0.881,-0.324,0.193
-0.064,-0.385,-0.613,-2.436,1.184,-0.375,-0.984,-0.51
-0.674,0.651,0.655,-1.547,-1.103,-1.105,-2.012,-0.052
-1.114,2.126,0.157,-0.978,0.757,0.415,-2.118,0.132
-1.496,0.451,0.949,-0.828,0.073,-1.886,-0.337,0.925
-0.477,1.035,1.051,-1.292,1.044,-1.385,0.511,-0.228
-0.136,2.149,1.515,-0.252,1.036,-0.344,-0.761,-0.943
0.613,2.495,0.533,-1.79,1.853,0.103,-0.857,-0.638
0.444,2.184,1.9,-0.634,0.535,-0.147,-1.434,0.628
0.585,0.217,0.426,-1.263,1.875,-0.202,-0.503,0.699
0.248,0.308,0.297,-0.055,1.643,-1.181,-0.377,1.976
0.956,0.436,-0.095,0.4,1.015,-0.285,0.273,0.249
0.182,0.926,-0.415,-0.492,0.522,-0.544,-0.23,-0.254
0.209,1.08,-0.108,-1.348,0.349,0.399,-1.132,-0.946
-1.552,1.024,0.453,-2.166,-0.274,-0.446,-0.997,0.915
-0.961,-0.81,0.171,-0.458,2.506,-1.235,-0.707,0.699
-0.842,0.446,-0.197,-1.001,-0.024,-2.379,-0.3,0.179
-0.165,0.4,0.462,-1.292,1.469,-1.771,-0.668,-0.1
-0.492,-1.052,0.027,-0.321,0.273,-2.244,1.387,1.229
0.462,0.564,0.77,0.112,-1.112,-1.464,0.149,1.144
0.451,0.667,-0.02,-1.692,-0.132,0.067,-1.636,1.23
0.808,1.012,-0.675,-0.503,0.624,0.359,-0.173,0.267
0.227,0.324,0.703,-1.001,0.235,-0.661,0.963,0.98
0.333,1.422,-0.255,0.176,0.535,-1.403,-0.215,1.323
1.379,0.896,0.119,0.159,-0.201,-1.412,-1.305,1.8
0.381,0.078,-1.679,0.607,-0.342,0.721,-0.041,-0.761
0.52,-1.63,-0.997,0.118,-0.742,0.925,1.031,0.905
-1.079,-1.265,-1.67,0.54,0.73,1.609,1.184,0.354
-0.205,-2.918,-0.274,0.049,-1.934,-0.467,1.903,0.646
-1.188,-1.147,-0.38,0.236,0.342,1.212,0.263,1.272
-0.524,-0.993,1.444,-0.628,-1.609,1.099,2.192,0.083
-1.518,-1.158,0.012,0.105,1.036,0.248,0.555,-1.293
0.584,-1.296,1.222,0.225,-0.624,0.051,0.055,-1.529
0.531,0.394,-0.118,0.524,1.736,0.314,-1.064,-1.568
0.914,0.188,1.427,-0.009,-1.051,0.585,0.099,-0.171
0.542,1.794,-0.351,-0.98,1.202,0.933,-0.392,-0.352
0.835,0.31,0.784,1.129,-0.749,0.837,-0.958,0.449
1.692,-0.228,-1.532,0.839,0.199,-0.346,0.136,1.177
-0.076,-1.463,-0.094,1.019,-2.052,0.427,-1.137,0.876
0.101,-0.428,-0.985,1.053,0.947,-0.182,-1.935,-0.834
0.936,1.116,-0.643,0.285,-1.279,0.941,-1.585,-1.213
-0.317,-0.175,-1.866,0.802,1.452,0.453,-1.824,0.11
-0.553,-0.214,0.257,-0.092,-1.996,-1.217,0.189,1.721
-0.685,0.943,-0.9,0.707,0.565,-0.913,1.333,2.237
-1.367,-0.574,-0.832,-0.953,-1.16,-1.972,1.861,1.589
-0.8,-0.722,-0.713,1.196,0.359,-0.476,1.666,0.77
-0.481,-0.018,0.711,1.524,-0.635,-0.765,0.722,0.481
-0.901,0.17,-0.397,-0.046,-0.19,0.027,0.477,-1.383
-0.91,-0.006,0.37,-1.03,1.231,-0.069,0.913,-2.088
-0.797,-0.493,0.015,-0.725,-0.792,-0.511,-1.062,-0.819
-0.284,0.868,0.751,0.369,0.943,0.389,-0.846,0.106
-0.177,1.328,0.861,-0.176,-0.733,-0.855,0.755,-0.534
-0.927,0.387,1.097,-1.548,1.653,0.302,0.983,0.893
-0.195,-0.516,1.079,-1.16,1.363,0.134,0.29,0.932
-0.34,-1.049,0.329,-0.365,0.901,-1.135,-0.662,0.411
1.694,-1.155,-0.443,0.399,2.172,-0.701,-1.531,-1.29
1.18,-1.664,0.488,0.558,0.072,-1.187,-1.755,-1.196
1.193,0.753,-0.148,0.928,1.991,-0.621,-0.63,-0.928
-0.183,0.627,-0.566,1.271,-0.041,0.832,-0.867,-2.421
0.026,0.884,-0.478,0.302,0.034,0.644,0.167,-1.273
-0.003,1.838,-0.223,0.26,-0.388,0.353,0.113,-1.369
1.108,2.025,-0.442,0.023,-0.578,1.688,0.055,-1.354
-0.979,1.196,-0.48,-0.637,0.434,1.706,-0.823,-0.913
-0.722,0.006,1.775,-0.245,-1.461,-0.082,-0.501,0.56
-0.087,0.61,-0.244,-1.513,0.774,-1.233,-0.392,0.267
-0.11,0.18,1.01,-0.968,-1.848,-1.093,0.22,-0.405
1.142,0.112,1.035,1.782,0.009,0.237,0.364,1.23
0.986,-0.429,0.122,-0.839,-1.595,-0.031,1.473,0.729
1.406,0.518,1.014,0.791,1.039,0.733,-0.022,-0.167
1.941,1.576,-0.382,-0.364,-0.529,-0.85,0.249,0.358
2.205,0.26,-0.422,-1.986,0.785,0.046,-0.791,0.491
2.035,0.376,-2.347,-0.731,0.703,-0.051,0.395,-0.819
0.136,-0.245,0.504,-0.551,0.593,-2.121,1.144,-1.553
-0.332,0.193,-2.472,0.571,0.75,-0.677,0.593,-1.315
0.298,0.012,0.446,0.567,-0.083,0.382,-1.139,-1.13
0.195,1.418,-0.302,1.11,0.34,0.396,-1.507,-1.201
0.689,0.201,-0.853,0.297,-0.912,0.252,-0.316,-2.504
0.012,0.034,0.457,-0.504,0.386,0.072,0.845,-1.417
-0.867,1.73,-0.683,-0.02,-0.294,-0.534,0.223,0.411
0.171,1.136,-0.939,-1.679,0.47,-2.054,0.523,-0.237
-0.428,0.06,-0.002,-0.438,0.918,0.064,0.354,-1.864
0.08,-0.527,-0.286,0.954,-0.387,-0.544,-0.185,-1.189
0.822,-0.691,0.049,-0.201,0.161,-0.504,-0.291,-0.123
0.559,-1.368,0.602,0.756,0.618,0.408,-0.164,-0.676
0.811,1.278,-1.842,-0.045,-0.622,1.025,-0.926,-0.977
0.264,0.915,0.334,-0.449,-0.959,1.093,-0.935,0.5
0.264,0.187,-0.876,0.343,-1.073,2.127,-0.813,0.726
-0.319,-0.332,-0.245,0.549,-0.022,1.834,0.687,0.995
0.953,-1.89,-0.793,0.831,-1.475,1.097,1.529,-0.115
-0.221,-0.717,0.211,1.21,-0.634,1.416,-0.691,0.475
-0.817,-0.485,0.805,-0.89,-1.835,1.239,-0.548,-0.941
-0.95,0.019,0.872,-0.563,1.652,1.979,-0.536,-1.437
-0.707,1.131,0.027,-1.197,0.191,-0.672,-0.614,2.551
-1.672,1.399,1.793,-0.393,0.856,-0.229,-0.767,1.687
-1.493,-0.279,0.838,0.031,-0.237,-0.495,-0.012,2.609
-1.58,0.792,0.989,0.228,0.763,-0.837,-0.954,0.775
0.014,0.244,0.914,0.127,0.865,-0.876,0.602,1.578
0.483,-0.887,0.836,-0.213,0.316,-1.06,-0.819,2.091
0.178,-0.8,0.0,0.552,0.495,-0.73,2.428,1.212
0.131,0.093,1.058,-0.4,0.431,-1.101,0.842,-0.294
1.937,0.642,1.147,-0.756,-0.131,-0.657,0.517,-1.313
1.178,0.724,1.319,0.18,0.056,-1.896,0.075,-0.747
2.399,0.207,-1.229,0.46,-0.376,-1.37,0.693,-0.524
2.397,1.26,-0.379,0.519,-0.14,-0.122,-1.056,2.177
2.235,-0.592,-2.679,0.261,-0.432,-0.325,0.379,1.906
2.67,-1.57,-1.482,0.385,-1.54,-0.554,2.371,-0.747
-0.582,-0.625,-1.255,0.306,-1.805,1.884,2.33,-0.271
-0.956,-0.068,-0.205,0.936,-1.252,1.679,0.075,-0.53
-0.125,0.517,-1.107,1.154,-1.043,1.058,0.902,0.395
-0.523,1.082,-0.363,1.129,-2.266,0.09,0.199,-1.313
0.032,-1.901,0.33,0.702,-1.475,1.168,0.386,-0.522
0.261,-3.169,0.185,-0.215,-0.77,1.342,2.092,0.027
-0.027,-2.414,-0.891,0.82,-0.678,1.418,1.523,-0.136
0.174,0.795,-0.05,1.489,-1.171,1.067,0.853,-0.036
-0.26,0.952,-0.825,0.501,0.208,0.403,-0.242,0.393
-0.296,-1.687,-0.327,0.435,-1.137,-0.411,0.137,0.036
-0.211,-1.435,-0.895,1.087,0.895,-0.858,-0.784,-1.844
0.175,-0.334,1.23,0.913,-2.632,1.04,0.196,-1.489
0.167,1.056,-1.082,0.185,1.395,1.5,-0.122,0.144
0.001,0.838,-0.288,0.245,-1.527,-0.358,-0.162,1.033
-0.921,-0.015,-0.398,-0.322,1.11,0.902,-1.035,0.385
-1.455,0.304,0.615,-0.666,-1.153,0.291,0.822,1.08
-1.046,0.759,2.254,-0.262,-0.223,-0.4,1.199,0.266
0.008,0.339,1.13,0.691,-0.069,-2.493,0.751,1.125
-0.748,-0.404,1.385,0.291,1.652,-0.489,0.006,2.001
-0.623,-0.573,0.619,0.582,-0.953,-0.01,0.199,0.726
-1.049,-1.415,-0.15,0.182,2.055,-0.419,-1.454,1.456
-0.112,-1.731,2.169,2.004,0.148,-0.494,-0.467,0.207
-0.091,-2.751,-0.364,2.098,-0.126,-0.281,-0.644,-0.355
-0.131,-1.331,1.043,1.078,-0.922,0.549,0.621,1.219
0.139,-0.274,0.77,1.031,0.42,0.174,0.114,0.419
1.079,-0.815,0.248,0.355,-0.268,1.782,-0.174,0.374
0.313,-0.209,-0.469,1.651,0.754,0.247,-0.677,0.179
1.5,0.009,-0.798,0.54,0.043,0.298,-0.077,-1.441
0.48,-0.541,0.104,0.093,0.609,0.833,0.065,0.619
0.596,0.833,-1.137,0.043,-0.035,-0.373,-0.554,1.595
0.0,-1.282,1.224,-0.521,-0.262,-0.074,0.597,0.197
0.429,-0.611,-0.368,1.451,1.135,-0.358,-0.612,-0.387
0.694,-1.249,-0.684,1.034,-1.613,-0.889,0.858,-1.521
-0.403,0.116,-1.856,-0.109,0.249,0.67,-1.339,-0.455
-1.425,-0.401,-0.278,-0.601,-1.072,0.436,0.876,0.47
-2.916,1.119,-0.082,-0.983,0.822,1.555,0.331,-0.304
-3.115,0.719,0.53,-0.422,0.014,0.191,-0.859,1.441
-1.675,0.508,-0.202,-1.165,-0.005,-0.308,-0.187,1.478
-1.917,-0.057,0.324,-0.187,-0.196,-0.101,-0.622,0.093
-1.843,0.54,0.614,0.792,1.112,0.057,-0.269,-0.22
-1.404,0.614,2.023,0.221,0.87,-0.423,-0.03,-0.144
-1.426,-0.037,1.007,-1.242,1.996,-0.174,-1.834,1.631
0.045,-0.67,1.33,-0.994,1.112,-0.232,-0.746,-0.156
0.832,-1.512,-1.244,0.287,0.558,-1.261,0.444,-0.284
1.598,-0.359,0.585,-0.223,-0.548,-1.779,-0.715,1.729
1.641,-0.107,-1.609,-0.911,0.205,-0.423,0.774,1.351
-0.078,-0.345,-0.15,-0.566,-1.103,-0.439,0.375,-1.738
-0.381,-0.687,0.164,0.793,0.188,-0.606,0.82,-2.025
0.5,0.417,0.73,1.23,0.303,-0.412,-0.365,-0.933
1.176,-0.308,-0.607,-0.945,0.264,-1.335,0.435,0.437
0.57,-1.648,0.715,-0.33,0.425,-0.664,0.73,1.019
-0.293,-0.769,-1.055,0.223,-0.099,-0.137,-0.146,-0.025
0.752,0.435,-0.309,0.349,-0.014,-0.485,0.267,-1.409
-1.551,0.531,-0.762,-0.78,1.115,0.386,-0.293,0.136
-0.937,0.248,1.425,-0.36,0.403,-1.1,-1.279,0.584
-2.261,0.015,0.067,0.671,0.92,0.422,-1.797,-0.066
-0.755,-1.037,2.369,0.881,-1.345,0.197,-1.016,0.637
-0.577,0.357,0.335,1.069,0.831,0.779,0.192,1.374
1.645,0.158,1.48,1.091,-0.49,0.234,1.077,1.884
1.331,1.197,-0.193,1.877,1.22,0.429,0.371,1.839
0.672,0.307,1.326,2.129,-0.662,1.247,-0.46,-0.431
0.28,1.038,-2.387,2.339,-0.077,1.302,0.594,-1.297
1.705,0.389,-0.358,1.745,-0.478,0.94,1.068,-1.175
0.491,0.104,-2.606,1.706,0.265,1.704,0.4,-1.143
-0.132,-0.423,-0.701,-0.27,-0.968,-0.005,1.318,0.135
0.211,0.654,-1.86,-0.957,-0.384,1.155,0.417,1.125
-0.431,0.577,-0.077,-1.608,-1.998,-0.117,0.793,0.749
-0.779,0.678,-1.524,0.154,-0.475,-0.08,-0.237,-2.027
0.346,0.908,0.104,-0.349,-2.054,-0.582,-0.369,-1.014
0.641,0.642,-1.223,-0.972,0.178,-0.912,-0.647,-1.502
1.192,2.137,-0.803,-1.476,-1.758,-0.228,1.021,-0.174
0.079,1.671,-0.662,-1.412,1.258,0.597,-1.362,0.254
0.566,0.414,-1.304,-2.412,-1.268,-0.329,1.649,-1.24
1.415,1.142,-1.899,-3.208,0.447,0.069,-0.792,-1.905
0.421,0.774,-2.004,-2.801,-1.724,-2.051,1.095,0.065
-0.912,2.253,-1.364,-1.398,0.504,-1.833,0.776,-1.424
-1.645,1.264,-0.407,-0.513,0.182,-2.516,0.257,1.408
-2.213,0.532,0.432,-0.789,1.591,-1.22,-0.131,0.065
-2.309,0.656,-0.303,-1.05,0.069,-1.855,1.927,-1.179
-0.821,0.368,2.217,-1.691,2.961,-2.159,-0.598,0.18
-0.553,0.886,0.486,-0.891,2.182,-1.99,0.001,0.425
0.088,1.466,1.789,-1.338,1.623,-2.176,-0.718,0.452
0.761,0.419,0.023,-0.814,1.668,-0.781,-1.149,0.571
0.145,-0.115,0.58,-0.765,1.511,-1.138,-0.298,0.236
0.784,0.557,1.571,0.493,1.668,-0.714,-1.162,0.134
-0.478,0.086,0.801,0.94,1.806,-1.451,-0.187,1.616
0.658,-1.337,-0.095,1.341,0.864,-1.468,-0.494,-0.543
0.355,-1.11,-0.025,1.232,1.336,0.618,-0.428,2.036
0.899,-0.715,0.398,1.291,0.606,-0.25,-1.645,0.987
0.248,-0.963,-1.239,1.011,0.849,-0.446,-2.823,1.037
0.436,0.799,0.383,0.669,-0.259,0.377,-2.232,1.635
-0.646,-0.732,-0.823,0.758,1.093,-0.52,-1.857,0.819
-0.793,1.171,-0.405,0.587,-0.836,0.738,-0.91,1.999
-0.506,-0.762,-0.001,1.281,-0.173,0.467,-2.833,0.183
0.007,1.902,1.001,0.583,-1.547,0.823,-1.479,0.673
2.219,-0.731,-0.165,0.628,-0.4,1.064,-0.321,0.64
1.87,0.293,0.58,0.542,0.392,0.139,0.077,1.688
1.688,-0.788,-1.002,0.686,-0.2,1.104,-0.199,-1.107
0.653,-0.828,-0.266,1.152,-0.286,0.999,0.026,-1.469
-0.881,-0.087,-0.057,2.713,-0.39,0.315,1.717,0.274
-0.866,1.045,-1.618,0.345,-2.162,0.267,0.491,0.285
-1.982,0.704,0.791,0.127,0.97,2.209,-0.343,0.247
-0.81,1.127,0.071,-1.972,-1.314,0.467,0.365,-0.651
0.106,0.543,0.576,-2.807,0.348,-0.005,-0.237,-0.862
0.65,0.007,0.598,-1.156,0.009,-1.612,-0.756,-0.02
1.811,-0.513,0.214,-0.894,0.083,-0.919,-0.57,1.913
0.717,-0.466,-0.877,-0.999,0.905,-1.752,0.154,0.97
0.815,-0.28,-0.046,-0.668,0.088,-1.059,-1.144,0.084
0.411,-0.768,-2.392,-0.238,0.315,0.039,-1.145,0.953
-0.111,-0.761,0.581,-1.408,0.011,-0.688,0.378,0.141
0.248,-1.49,-1.587,-0.638,0.739,-0.692,0.168,0.71
0.603,0.831,0.259,0.385,-1.241,-0.287,1.4,0.542
-0.036,0.128,-1.867,0.208,0.241,-0.623,0.075,0.086
1.302,-0.437,-0.399,0.461,-2.507,0.729,0.591,1.193
0.506,1.615,-1.318,0.351,0.137,0.173,0.376,-0.918
0.896,-0.322,0.159,-0.041,-2.465,0.757,1.157,-0.215
-0.291,-0.206,-2.108,-0.286,1.165,1.902,0.039,0.608
-0.487,-1.156,-0.493,-0.718,-1.406,1.099,0.225,1.046
-2.0,-0.848,-0.102,0.23,0.106,-0.109,-0.283,1.52
-0.938,-0.281,0.73,0.234,-0.895,-0.943,0.148,1.281
-1.438,-0.033,0.993,0.022,0.707,0.234,-0.587,0.377
-1.5,-1.039,1.913,-0.796,-1.675,0.937,0.217,0.706
0.286,-1.645,0.334,0.44,1.819,0.086,-1.674,0.609
1.78,-1.554,0.199,0.815,-0.9,-0.59,0.237,1.254
0.768,-1.927,-1.437,2.345,2.529,0.139,-0.846,0.377
1.42,-1.399,0.545,1.516,-2.241,0.047,1.318,-0.029
1.128,0.367,-0.712,1.298,1.165,1.12,-0.77,1.185
0.578,0.791,-0.054,-0.794,-0.713,0.386,-0.284,0.653
0.101,0.822,-1.189,-1.15,0.956,-0.112,-0.453,0.759
1.302,-0.135,-0.049,-0.558,0.376,-1.701,-0.58,-0.093
-1.263,-0.437,0.019,0.219,1.028,-1.253,-1.014,-0.794
-0.204,-2.047,1.064,1.031,-0.734,-1.117,-1.065,-0.883
-0.635,-1.302,-0.745,1.148,-0.323,-0.447,-0.556,-1.55
0.032,-1.536,1.232,2.448,-0.924,1.472,0.518,-0.693
0.829,-1.536,-0.723,1.528,0.401,1.826,1.457,0.54
0.53,1.243,0.153,1.825,-1.2,2.024,0.869,-1.516
1.233,0.633,-2.433,0.385,-0.667,0.452,-0.415,-1.245
1.389,0.107,-0.985,0.734,-2.337,1.192,1.102,-0.744
-0.469,-0.14,-0.572,0.591,-1.455,1.733,0.257,-0.089
-0.13,0.174,-0.427,1.035,-1.742,1.526,-0.193,0.33
0.729,-0.913,-0.205,0.386,-1.136,2.798,1.166,-0.104
1.009,-1.131,-0.525,0.899,-1.453,1.015,2.711,-0.971
0.669,0.443,-0.72,0.767,-0.941,0.977,1.13,0.048
0.172,1.805,-0.15,1.164,-1.535,1.457,1.333,-0.814
-0.423,0.553,0.424,-0.322,-1.173,1.484,2.713,-0.453
0.392,1.186,0.838,-0.648,-0.434,0.284,2.599,-1.253
1.229,1.247,0.053,-1.112,1.615,0.015,2.848,1.527
1.348,0.456,0.681,-2.159,-1.326,-0.022,1.441,-1.497
-0.223,1.174,0.01,-1.687,1.191,-0.384,-0.657,-1.447
-1.475,0.31,0.224,-0.598,-0.307,-0.926,-0.661,-1.733
-1.516,-0.425,-0.015,0.233,0.503,-1.111,-0.674,-0.587
-0.839,-0.096,0.176,-0.149,0.11,-1.007,1.395,-0.69
0.68,-0.797,-0.505,-0.645,1.68,0.803,1.751,0.393
0.21,-0.411,-0.374,-0.451,0.861,0.259,-0.321,1.183
-0.482,-0.154,-0.741,-0.095,1.026,-0.286,-0.225,0.728
0.653,0.041,0.503,1.421,0.021,-0.235,-1.663,-0.478
0.196,-1.107,0.499,1.038,1.247,0.053,-0.347,-0.873
-0.237,-1.388,0.171,0.182,0.062,-0.049,-1.466,-1.206
-0.275,1.21,0.626,0.133,0.967,0.501,-1.87,1.193
-1.084,0.261,0.655,-0.203,-0.322,0.667,-0.496,0.695
-0.436,0.205,-0.532,-0.295,-0.225,0.366,-0.923,1.415
-0.398,-0.507,0.773,0.165,-1.752,-0.016,0.585,-0.258
-0.223,-0.535,0.151,-0.091,-0.302,0.184,1.088,0.633
-0.462,-0.352,-0.763,-0.245,-0.713,0.58,1.942,0.222
0.336,0.043,-0.112,1.439,-0.052,0.184,0.923,-0.626
-0.536,0.003,-0.899,-0.352,0.619,-0.12,-0.552,0.142
-0.419,-0.106,0.349,1.287,0.583,-0.113,1.482,-0.428
0.85,0.206,-0.392,0.265,0.401,-1.529,0.763,-1.359
0.305,1.228,-0.452,1.254,-0.259,0.149,0.539,-0.249
-0.526,0.581,-0.473,0.773,-0.084,-0.122,0.116,-1.664
-0.843,0.822,-1.698,1.386,-0.457,-0.389,0.213,-0.91
-0.714,0.745,0.144,0.513,-0.529,0.625,-0.179,0.291
-0.217,0.151,1.374,0.255,-0.234,0.694,0.863,-0.385
-0.365,1.235,-0.036,-0.409,0.565,1.365,-1.072,-0.557
-0.345,0.834,0.7,-1.926,0.196,-0.844,-0.957,-0.144
0.394,0.547,-0.942,-1.956,0.634,0.836,-0.506,-0.036
0.541,0.082,0.229,-1.347,-0.182,-1.376,-0.076,0.952
-0.768,-0.035,-0.905,0.05,1.187,-1.059,-0.18,0.786
0.209,0.501,0.054,-0.504,-0.098,-0.907,-1.262,0.31
-1.993,-1.545,1.632,-0.075,0.349,-1.178,-1.6,-0.258
-2.337,0.032,0.795,0.409,0.921,0.17,-0.21,0.129
-0.97,-0.647,1.916,0.508,-0.168,-0.016,-0.943,-0.771
-0.279,-2.061,-0.201,-0.069,1.392,0.842,-0.759,-0.717
1.146,0.061,0.346,0.561,0.65,-0.97,-0.209,-0.326
0.126,-1.032,-1.01,1.06,0.659,0.344,-1.014,-0.013
-0.927,0.384,0.262,0.116,0.568,-0.16,-1.976,0.325
-1.198,-0.824,-0.523,0.831,-0.409,-0.14,-1.141,0.097
-1.487,0.576,0.102,-0.649,0.45,-0.071,-0.972,-0.594
-0.189,1.114,-0.023,-1.921,-0.412,-0.628,-0.804,0.079
-0.17,-0.593,-1.024,-1.644,-0.335,-0.97,-0.671,0.635
-1.4,-0.368,0.553,-1.591,-0.41,-0.609,0.236,-0.095
-1.857,0.379,-0.206,0.202,-0.192,-1.408,-0.337,-0.484
-1.472,0.343,1.024,-0.803,0.33,-0.769,-0.523,0.122
-1.865,0.205,-0.213,-0.971,-1.138,0.614,-0.41,0.6
-2.067,0.797,0.427,-1.775,0.739,-0.024,0.51,-0.344
-1.344,0.14,0.741,-0.05,0.279,-0.902,0.839,-0.532
-0.653,-1.022,0.776,0.467,1.508,-0.751,1.345,-0.787
-1.051,-1.62,0.675,0.956,0.559,-0.774,-1.217,-0.154
0.425,0.322,0.144,0.31,1.439,-0.305,-1.22,-0.831
0.763,-0.724,1.297,-0.555,0.94,0.575,-0.973,-0.279
-0.439,-1.27,-1.574,-0.446,1.089,0.687,-3.043,1.04
-0.049,0.046,-0.204,-0.916,0.3,-0.254,-0.654,1.798
-0.551,-0.503,-2.411,0.059,0.316,0.918,0.589,0.52
-0.893,-0.747,0.109,-0.489,-0.252,-0.669,-1.342,1.816
-0.517,-1.415,0.92,-1.055,-0.214,-0.278,-1.844,1.204
-0.322,-0.539,0.698,-0.787,1.415,2.002,0.426,0.85
1.86,0.006,0.557,-0.225,-1.362,-0.309,1.883,1.138
1.618,-0.424,-0.227,-0.207,0.814,0.252,0.221,1.259
0.126,-1.236,-0.36,0.083,0.13,-0.184,-0.029,-1.267
1.338,-1.977,-1.022,0.028,-0.301,0.748,0.412,-1.706
1.218,-0.906,0.196,2.197,0.628,1.58,0.314,-1.038
1.373,1.899,-1.012,1.221,-1.511,0.458,0.938,-0.355
0.4,1.39,-1.227,0.669,-1.318,1.859,-0.162,-0.26
-0.683,1.398,-0.66,-0.739,-1.227,2.159,1.58,-1.035
0.054,0.176,-0.741,-1.393,0.055,1.947,1.053,-0.808
-0.782,1.079,-1.116,-1.446,0.044,1.599,-0.525,0.753
-0.957,0.33,0.517,-0.136,0.61,0.043,0.246,-0.501
-2.227,0.557,0.16,-0.494,0.973,0.269,0.067,-0.946
-1.832,-0.376,1.78,1.56,-1.043,0.253,0.065,0.641
-2.044,-0.96,0.091,1.571,1.753,-0.64,-2.121,-0.578
-0.196,-0.354,2.211,1.911,-0.182,-0.255,-1.764,0.983
0.18,-0.785,-1.099,1.53,2.81,0.593,-1.897,0.675
0.308,-1.742,1.887,0.979,-0.489,0.038,-1.01,2.101
-0.836,-1.143,-0.62,1.13,-0.317,0.113,-1.829,-0.635
-0.434,-1.01,0.686,1.036,-2.182,-0.0,-1.65,0.934
-0.387,0.905,-0.778,0.59,0.187,0.361,-0.679,2.4
1.453,-0.526,0.223,0.433,-1.807,0.604,-0.271,0.533
0.169,-0.524,-0.636,-0.087,0.912,1.108,-0.047,0.9
-0.577,-1.508,-0.571,-0.726,-1.854,0.512,1.239,-0.551
-0.789,-0.56,-0.14,-0.736,-0.701,-0.492,0.104,-1.774
0.054,0.658,0.438,0.156,-1.125,-1.075,0.73,-0.937
-0.019,1.848,0.509,-0.391,-0.731,0.865,-0.029,-0.127
0.442,1.699,0.054,-0.791,-2.156,0.539,0.708,0.88
-0.533,1.318,-0.792,-1.25,1.019,0.46,0.49,-0.882
0.659,1.466,-0.954,-1.423,-1.111,0.013,-0.454,0.306
-0.624,-1.311,-0.399,-1.136,0.624,-0.341,-0.292,-1.177
-0.828,-0.55,1.043,-0.116,-1.299,-1.31,0.483,-0.653
-0.415,-1.007,0.205,0.365,1.345,-0.289,-0.132,-0.468
-0.02,-0.337,-0.004,2.081,-0.237,-1.017,0.007,-0.821
0.914,0.452,0.236,0.551,-0.131,-0.2,-0.885,-0.029
1.261,1.902,0.351,-0.121,-0.622,-0.477,0.21,-0.251
1.114,-0.144,0.137,-0.894,-0.235,0.232,0.198,-0.579
0.792,-0.141,-0.518,0.264,-1.739,-0.444,-0.724,-0.071
1.024,0.156,-0.854,1.042,-0.06,0.36,-0.059,-1.392
0.245,-0.924,0.619,0.921,-1.175,-0.174,0.18,-0.839
-0.683,-2.588,-0.025,0.58,0.224,0.554,0.539,-0.501
0.824,-1.509,0.239,1.681,-0.329,0.937,1.221,-0.019
0.081,-1.475,-0.943,1.942,-1.259,0.363,0.078,-0.309
-0.136,-2.3,-0.626,1.482,0.026,0.49,-1.017,-0.566
-0.655,-0.426,0.447,1.333,-0.388,-0.104,-1.322,-0.607
-2.469,1.005,-0.324,-0.114,-0.499,0.588,-1.231,-0.789
-0.345,1.055,0.186,-0.112,-0.593,0.628,-1.359,0.828
-0.671,1.246,-0.94,-0.131,1.102,-0.214,0.987,0.886
-0.503,0.27,-0.798,-0.82,-2.547,0.955,1.183,0.164
-1.218,0.959,-1.764,-0.344,0.009,-0.719,0.392,1.106
-0.33,0.087,-0.478,-0.115,-2.32,-0.622,1.628,0.021
-0.628,0.302,-0.857,0.372,0.228,-0.627,0.433,-1.65
-1.104,-0.165,2.022,0.53,-1.069,-0.756,1.1,-0.279
-1.609,0.777,-0.648,1.32,-0.146,-0.53,-0.706,-0.468
-1.136,0.591,1.985,-0.565,-2.112,0.996,-0.015,0.6
-0.25,2.668,0.905,0.395,0.455,1.53,-1.256,-0.685
0.921,0.703,0.951,-0.558,-0.626,0.786,1.49,1.015
0.339,-0.436,-0.427,-0.695,1.298,0.122,-1.277,0.219
0.316,0.74,-0.557,0.525,-0.47,0.432,0.306,2.621
-0.998,0.267,-0.273,-1.307,0.354,0.396,-1.073,0.701
0.034,1.312,0.671,0.006,0.061,-0.255,0.001,0.897
-0.016,2.452,-1.211,-0.558,0.214,-0.621,1.26,1.138
-0.939,-0.083,0.941,-1.796,0.724,0.331,-0.509,1.019
-0.641,-1.149,1.643,-0.627,-0.401,-1.092,-1.471,0.932
-0.888,-1.42,0.277,1.074,0.009,-0.915,-1.48,0.397
0.94,-0.682,1.588,-0.482,-1.135,0.546,-0.109,0.29
0.77,-0.911,0.181,-0.89,1.414,-0.193,1.208,-0.576
1.109,-2.256,0.123,1.735,0.906,-0.516,0.632,-0.288
-0.025,-1.042,-0.151,0.702,1.107,-0.852,-1.328,1.171
0.703,0.5,0.029,-0.986,0.923,0.44,-1.241,0.25
-0.295,0.211,0.454,-1.029,0.471,0.748,-1.064,-0.174
-0.287,1.035,0.814,1.029,0.862,1.282,-0.162,0.84
1.571,1.303,2.831,-0.282,1.48,-0.802,-0.968,-0.388
1.57,0.544,-0.296,-1.58,2.377,0.173,-0.207,0.764
0.805,-0.384,0.167,-0.677,0.54,-0.934,-1.879,-0.536
-0.736,-0.299,-0.262,-1.296,1.622,-0.49,-2.192,0.997
0.294,1.59,0.423,0.695,-0.7,-2.035,-1.562,1.108
0.085,0.867,-0.599,-0.395,0.08,-0.775,-1.734,0.271
-0.55,0.115,0.217,-1.506,1.11,0.347,-2.191,1.143
-0.202,-0.172,-0.391,-0.301,0.623,-0.916,-1.412,1.774
0.015,-0.707,-0.83,-1.948,-0.447,-0.944,-2.36,0.716
0.725,0.058,-0.332,-0.962,0.212,-1.102,-0.328,1.089
0.279,1.502,-1.252,0.877,0.294,-0.637,0.328,1.538
0.969,1.524,-0.384,-0.528,-1.483,0.09,1.12,-0.068
-1.18,1.983,-1.695,-1.939,-1.692,0.115,1.595,-0.702
-1.806,0.703,0.527,-0.667,0.141,-1.069,1.155,0.166
-2.047,0.211,0.718,-1.563,-0.924,-1.531,1.105,-0.248
-1.275,0.797,0.434,-1.432,0.032,-1.613,0.161,0.175
-0.547,0.76,1.311,-0.757,-0.743,-0.66,0.036,-0.471
0.203,-0.629,0.358,-1.218,-0.227,-0.37,-1.215,-0.182
1.036,-1.436,0.05,-0.36,0.368,0.342,0.693,-0.628
0.12,0.136,-1.228,1.996,-0.628,-0.765,-1.318,-0.466
-0.526,-0.183,-0.496,-0.03,-0.827,0.172,-1.431,0.483
-0.602,-1.089,-1.175,-0.809,-1.823,-0.532,-0.714,-0.537
-1.921,-2.511,-0.329,0.641,-2.016,-0.095,-0.502,1.278
-0.537,-0.186,-0.68,2.323,0.252,-0.3,0.499,0.656
-0.45,1.669,0.591,1.45,-2.169,0.08,0.517,1.332
-1.617,1.147,0.862,-1.445,-1.795,-0.473,-0.838,1.692
-0.444,-1.34,0.3,-1.522,-1.103,-0.487,-0.329,0.593
-0.024,-0.668,1.686,-0.891,-0.556,-0.667,0.652,0.918
-0.129,-0.995,-0.161,-1.207,1.631,-0.283,0.188,1.144
0.666,-0.882,0.666,-0.75,-0.77,-1.128,-1.026,-0.477
0.749,-1.343,-0.215,0.2,0.918,-1.069,0.054,0.207
0.805,-0.869,0.603,0.806,-1.03,-0.057,-0.186,-0.527
0.996,-1.343,-0.404,-0.135,-0.282,0.953,-0.563,-0.258
1.644,0.124,0.664,0.825,0.589,1.852,-1.554,-0.04
1.481,0.272,-0.868,-0.414,0.173,0.808,-0.333,-0.637
2.041,0.315,0.749,0.048,0.334,-1.412,-0.784,-1.409
1.056,1.201,-0.989,0.466,1.026,-1.272,-0.627,0.25
0.391,1.441,-1.427,-0.771,-0.936,-2.294,1.043,-0.012
-0.414,2.257,-1.428,-1.506,0.735,-0.464,0.865,-1.926
-0.445,1.857,-0.197,-2.146,-0.591,-1.387,1.247,-0.376
-1.684,1.731,2.613,-1.272,0.924,-0.908,0.234,-1.286
-1.331,0.084,0.313,-0.246,0.916,-1.468,-0.375,0.216
-0.037,-0.866,2.669,0.45,0.988,-1.177,-0.284,0.339
0.269,0.019,0.294,0.412,1.532,-0.776,-0.97,1.162
-0.511,-0.726,0.903,0.404,0.104,0.172,-0.667,0.805
0.41,1.812,-0.804,0.355,1.438,0.283,-1.436,0.456
0.899,0.708,-0.605,-1.683,0.642,-1.291,-1.419,0.52
0.184,0.143,0.804,0.543,1.089,-0.916,-1.635,-0.309
0.047,0.471,-3.07,1.018,0.553,-1.123,-1.452,-0.975
0.134,-1.121,0.043,1.302,-0.513,-1.055,-1.868,-0.33
0.114,-1.18,-2.054,0.089,0.19,-0.564,-1.487,0.848
-0.199,-2.269,-1.237,1.428,-1.527,0.946,-1.375,0.536
0.8,-0.92,-0.54,2.205,-1.481,0.263,-0.338,-0.148
-0.013,-0.082,-1.081,1.033,-1.902,0.032,0.875,2.444
0.349,0.313,0.633,1.061,-1.334,1.36,1.275,0.773
-0.701,-0.67,-1.552,0.385,-0.532,0.346,1.792,-0.175
-0.765,-1.24,0.854,-0.162,-1.817,0.013,1.177,-1.26
-2.145,-0.952,-0.608,0.57,0.224,1.834,1.196,-0.599
-1.116,0.079,1.193,0.741,-2.012,0.607,1.53,0.793
-1.145,-1.319,0.035,-0.945,0.341,0.906,1.195,0.748
0.125,0.093,1.086,-1.31,-2.025,-0.026,1.613,-0.634
-0.035,0.262,1.235,-1.164,1.635,0.561,0.9,-1.185
0.594,0.485,-0.403,-0.402,0.69,0.283,1.926,-1.478
0.765,0.207,0.428,-0.531,0.237,-0.638,-1.031,-1.689
0.451,0.401,0.497,0.083,0.317,0.02,-0.352,1.021
-0.343,1.304,1.277,0.326,0.286,-1.1,-0.48,-1.425
1.683,-0.049,0.586,-1.677,1.364,0.083,0.357,0.162
0.194,0.496,0.095,-0.117,0.489,-0.368,1.12,-0.403
1.284,1.723,0.078,0.185,-0.718,-1.49,-0.974,-0.154
-0.027,1.231,-0.329,-0.779,-0.125,0.112,-0.287,-0.515
-0.411,1.144,-0.828,-0.135,-1.146,-0.026,-0.138,-0.557
-0.239,1.057,-0.986,-0.206,-0.908,-0.624,-0.366,1.034
-0.246,1.02,0.907,-0.532,-0.743,-0.423,0.853,0.309
0.332,0.956,-0.577,-0.61,0.445,0.933,0.195,-1.034
0.385,0.312,1.786,-0.888,-0.365,0.075,0.518,0.382
-0.281,-0.04,-1.076,-1.529,0.534,-0.825,1.216,0.871
0.231,0.228,0.962,-0.27,-0.315,-0.07,-0.944,0.348
-0.103,0.318,-1.225,-0.634,1.41,-1.057,0.215,0.414
1.093,-0.626,1.315,-1.319,-0.588,-1.594,0.346,-0.549
-0.05,-0.385,0.165,-1.441,0.506,-1.17,-0.655,0.686
-0.82,-0.105,2.743,-0.53,0.725,-1.52,0.532,0.289
0.057,-0.053,0.748,0.296,1.531,-0.229,0.087,0.55
0.899,1.654,-0.127,0.191,0.31,-0.27,-0.42,-0.268
1.747,0.249,-1.589,0.062,-0.814,1.336,0.319,-0.269
2.126,1.315,-0.817,0.591,-1.301,-0.417,0.796,-0.806
0.267,0.328,-2.048,1.156,-0.566,0.721,0.385,-1.401
0.54,-0.506,-1.043,0.861,-1.205,1.546,0.592,-0.558
0.039,-0.39,-0.246,1.727,-0.162,0.862,1.22,-0.852
-1.339,-1.093,-0.864,-0.096,-3.07,0.451,1.194,-2.06
-0.244,-1.182,-0.105,-0.257,-2.158,0.673,-0.708,-0.35
-0.31,-0.561,-1.328,0.025,-0.556,-0.771,0.473,0.826
-0.282,-1.223,-0.105,0.753,-1.873,-0.204,-0.504,0.17
-1.258,0.414,-0.089,1.239,-0.458,1.326,-0.461,-0.392
-0.889,-0.498,-0.078,-0.791,-0.129,1.496,0.068,-0.846
-1.274,-0.046,0.655,-0.284,-0.655,0.223,0.936,-0.153
-1.928,-0.672,1.73,-0.682,1.621,-1.215,0.187,0.949
-1.15,1.44,0.83,0.471,1.141,-0.857,-0.071,0.252
-0.603,-0.708,0.122,0.499,0.615,-0.345,-0.622,0.063
0.601,-0.166,0.819,1.43,0.39,0.587,-1.27,-2.268
0.976,0.768,0.414,0.673,0.478,0.706,-0.704,-0.22
0.385,1.37,0.507,0.06,-0.257,0.926,-1.384,-1.115
0.727,0.647,-0.826,0.478,-0.082,1.036,-0.394,-0.721
1.109,1.941,-0.236,-0.074,0.03,-0.676,-1.327,-0.612
0.131,0.287,-0.106,-1.431,0.581,0.198,-1.532,-0.086
1.048,-0.17,-0.331,-1.538,1.209,0.232,-2.338,1.474
1.658,-0.521,0.235,0.349,0.196,1.043,-1.451,2.234
2.295,0.092,0.746,0.929,-0.153,-0.151,-2.816,0.51
1.519,-1.888,-1.39,-1.675,0.875,0.613,0.667,-0.335
1.492,0.64,1.59,1.657,0.377,0.595,-0.382,0.443
-0.608,1.228,-1.895,0.26,-0.119,-0.815,-0.583,0.59
1.107,0.532,2.291,1.094,-1.499,1.473,0.657,-0.912
-0.275,1.521,-1.465,2.248,0.1,1.306,-0.462,-0.82
-0.965,1.099,1.5,-0.075,-2.684,0.023,1.051,-0.622
-0.817,-0.202,-0.383,-0.237,0.315,1.215,0.829,-1.053
-0.274,-0.944,-0.557,-0.335,-1.741,0.024,1.028,-0.993
-0.036,-0.473,-0.217,-0.611,-2.147,-0.274,-0.272,-1.592
0.399,-0.035,-0.391,-1.344,0.606,0.203,-0.736,-0.707
-0.833,0.266,0.599,-1.425,-1.042,-0.421,0.5,0.628
-2.077,1.119,0.724,-0.532,0.281,0.583,-0.897,0.27
-2.729,-0.063,1.709,0.001,-0.021,0.73,-1.354,0.615
-1.74,0.092,0.265,1.443,0.623,1.612,0.808,1.807
-1.099,-0.575,0.917,1.951,-0.541,0.574,0.467,1.695
-1.291,1.074,0.141,0.656,-0.481,1.311,0.354,0.613
-1.231,0.837,1.953,-1.499,0.487,0.528,0.214,0.576
-0.041,0.032,0.673,-1.255,1.496,-0.739,0.769,1.698
0.034,0.047,0.4,0.641,0.757,-1.646,0.325,1.385
0.101,-1.102,0.056,1.368,0.11,-0.917,-0.973,-0.553
1.558,-0.56,-1.321,-0.387,0.049,1.035,-0.694,0.481
2.017,0.385,0.796,0.825,-1.438,0.762,-0.595,1.522
1.07,0.242,-2.022,-0.648,0.962,1.189,-1.64,0.884
0.072,-1.013,-0.344,0.745,-0.319,-0.079,0.316,1.565
-1.174,-0.771,-1.174,0.165,0.458,0.358,0.444,1.066
-0.629,-1.012,0.493,-0.883,-1.383,-0.675,1.0,0.133
-1.35,0.024,-0.724,-0.472,2.162,-0.192,0.326,-0.688
-0.774,0.558,1.486,1.103,-0.557,-0.509,0.859,-1.082
-0.384,-0.787,0.65,1.687,0.691,-0.605,-1.885,-1.456
0.66,-0.082,1.773,0.719,-0.445,-0.394,-1.687,0.316
1.832,-0.328,0.89,0.256,0.159,1.225,-1.295,0.117
1.584,-1.148,-0.193,0.489,0.221,0.86,-2.782,1.637
2.325,-0.5,-0.193,0.837,0.038,0.903,-0.665,0.813
1.259,-0.641,-0.716,0.091,-0.624,0.267,0.12,-0.793
2.45,-0.954,-0.604,-0.171,-1.552,0.687,-0.534,0.748
0.968,-1.262,-0.21,0.006,-1.539,0.352,0.913,0.84
-0.199,-1.011,-2.069,0.606,-0.273,0.418,1.685,0.0
-1.351,0.117,-0.292,1.324,-1.932,0.966,1.839,-0.097
-1.485,0.857,2.208,1.469,1.471,0.995,0.758,-1.254
-1.14,-0.355,0.19,0.924,0.634,1.153,2.341,-0.391
0.5,-0.989,1.588,0.947,0.98,1.146,1.141,-1.324
0.401,0.049,0.04,0.217,0.988,0.781,-0.099,-0.142
0.195,1.045,0.205,0.874,2.237,-0.355,-1.081,0.336
0.772,2.102,0.444,-0.538,0.278,-1.68,-1.635,-0.795
0.594,1.191,-0.954,-1.544,1.451,-1.065,-2.484,-0.194
0.251,1.404,-0.245,-0.828,-0.266,-1.632,-0.766,0.142
0.311,-0.064,-0.81,-2.575,0.509,-0.606,-1.774,0.655
-0.663,0.515,0.446,-1.023,-0.464,0.419,-1.819,1.402
-0.557,1.386,-0.134,-0.283,0.573,-0.964,-1.501,1.951
-0.295,0.834,-1.364,1.395,0.73,-0.238,0.069,0.317
-0.734,1.654,0.592,1.055,-0.744,-1.213,0.358,-0.032
-0.345,1.724,1.341,-0.396,0.461,-0.615,0.564,0.467
-0.437,1.413,1.486,0.808,-0.273,-0.31,1.346,0.363
0.374,2.497,0.146,-1.499,0.161,-1.093,1.044,-0.383
0.85,0.797,0.559,-0.556,0.086,0.478,-0.807,-1.003
1.063,-0.167,-1.999,0.506,0.272,0.128,-0.098,-0.779
1.073,1.444,0.656,0.53,-1.172,0.205,0.309,-0.977
-0.011,0.508,-1.22,-0.889,0.377,0.593,0.742,-1.889
-0.127,-0.29,0.773,-0.629,0.599,1.135,-0.358,-0.52
0.077,-0.12,-1.479,0.396,0.191,0.637,-0.579,0.529
1.407,2.556,0.437,0.011,-0.784,-0.032,-1.314,-1.593
0.383,-0.936,0.941,-0.01,-0.721,0.403,-0.689,-2.537
-0.339,0.691,0.452,0.903,0.915,-0.001,-0.238,0.023
0.856,1.082,1.611,0.697,-1.381,-0.237,-1.259,0.502
0.139,0.679,0.711,1.036,0.91,-0.343,-1.117,1.293
0.41,1.367,0.448,1.059,-1.513,0.045,-0.044,-0.036
2.031,-0.409,-0.874,0.186,0.254,0.853,0.066,-1.02
3.19,-1.444,-1.541,0.446,-1.48,0.958,-0.194,1.363
2.745,-1.927,-1.476,0.318,-0.573,0.506,-0.196,2.465
2.004,-1.085,-1.961,0.523,-0.983,0.306,0.475,1.18
-0.015,-1.797,-1.775,1.031,-0.278,0.55,1.795,0.762
-0.324,-0.796,-0.438,1.913,-0.979,0.435,1.744,1.557
-1.586,-0.043,-2.17,1.086,-1.167,2.026,1.385,0.54
-1.888,0.555,-0.544,1.173,-3.395,1.875,1.223,-0.434
-2.116,0.582,-0.973,1.345,-1.145,2.795,0.303,-0.0
-1.534,-0.573,1.442,0.737,-3.442,1.1,1.426,-0.243
-1.541,0.032,-0.016,0.634,0.529,1.776,2.867,0.245
-0.747,-0.314,0.937,1.256,-1.579,0.755,2.443,0.047
-0.356,0.573,1.484,0.265,-0.459,2.008,-0.018,-1.178
0.555,0.587,0.587,0.329,0.232,1.231,0.945,-1.569
1.313,1.686,0.851,1.437,-1.797,1.595,-1.16,-1.286
1.231,1.307,-0.242,0.184,-0.584,0.976,1.563,-2.621
0.516,0.551,0.676,-0.498,-1.12,-0.837,1.049,-0.525
-0.009,0.826,-2.566,-0.931,-0.588,-0.256,1.383,0.895
-0.98,1.462,0.417,-0.978,-1.099,0.372,0.07,-0.655
-0.957,0.278,-0.582,-0.284,0.573,-0.368,0.223,-1.174
-2.082,-0.564,1.644,0.265,-2.214,-0.533,0.855,-0.357
-2.17,-0.171,-0.024,0.163,2.165,0.08,0.325,0.613
-1.275,-1.162,0.672,-0.364,-0.182,0.125,0.612,-1.333
-0.549,-1.249,0.118,2.335,1.201,0.917,-0.655,-2.107
0.697,0.524,0.037,1.751,0.226,-1.111,0.71,0.038
0.922,-0.326,-0.419,1.811,-0.289,-0.701,0.792,-1.002
0.101,0.467,0.929,1.539,-0.091,1.516,-0.104,0.046
0.388,-0.134,-0.579,0.517,-0.912,0.396,1.125,-0.797
0.054,-1.812,0.583,-0.665,1.189,0.926,0.72,-1.485
0.003,0.149,-1.438,-0.69,0.659,-0.145,-0.071,0.863
-0.522,1.859,-0.401,-0.146,0.239,0.861,-1.309,-0.565
-0.255,1.436,-1.339,-0.807,-0.179,1.044,-0.652,0.779
-0.721,0.767,1.282,-0.016,-0.148,1.394,0.063,-0.291
-0.949,1.766,-0.112,-1.169,0.098,-1.251,0.889,1.383
0.481,1.305,0.697,-0.952,-0.302,-0.357,0.69,-0.095
1.795,1.626,-0.77,-1.435,-0.039,-1.183,-0.274,0.35
2.502,1.506,1.003,-0.49,-0.048,-1.584,-0.415,0.116
2.062,1.342,-1.663,-0.023,0.609,-0.827,-0.596,-1.003
0.746,1.292,-0.601,0.687,0.042,-0.116,1.134,-0.925
0.107,1.144,-0.828,-0.111,0.573,0.215,-0.826,0.73
-0.353,1.375,-1.714,0.475,-0.516,0.729,-2.144,-0.19
-0.022,-0.877,0.118,-0.458,-1.337,0.842,-0.621,-0.701
-0.724,-1.407,-1.261,0.45,-0.545,0.814,-0.064,0.68
-0.68,0.734,1.471,1.45,-1.0,0.232,0.055,0.634
-0.922,1.42,-0.145,0.302,0.078,0.504,0.532,0.08
0.024,0.755,1.178,-1.517,-0.509,0.419,0.822,0.041
-0.089,-0.702,1.005,-0.924,1.723,1.584,-0.526,-0.361
0.907,1.353,-0.023,-0.781,0.286,0.488,0.007,-0.307
-0.771,0.601,-0.956,-1.257,1.005,-0.934,-0.577,0.569
0.693,-1.023,0.288,-1.283,-0.186,0.767,-0.069,0.184
-1.207,-0.506,-0.039,-1.036,0.602,-0.712,-0.784,0.465
-1.06,0.718,-0.37,-0.682,0.077,-0.13,-0.904,-0.125
-0.03,0.784,-0.757,-0.145,-0.272,0.403,-0.336,0.67
-0.921,0.609,-0.375,-1.228,-0.445,0.314,0.716,1.028
-0.67,-0.067,0.102,-0.415,0.764,-2.26,0.971,1.348
-1.203,-1.6,-0.055,-1.213,0.282,-0.72,0.702,2.039
-1.117,0.415,0.65,-0.551,1.003,-2.07,0.525,0.542
-2.008,-0.042,-0.625,-1.472,0.138,-2.062,-0.786,-0.814
-1.903,1.433,1.491,-1.387,-0.081,-0.86,-1.365,-1.311
-2.468,0.427,-0.215,-1.115,0.995,-1.013,-0.83,-0.44
-1.32,1.723,2.197,-0.943,-0.996,-1.459,-1.128,-1.521
-1.458,-0.528,0.351,-1.185,2.904,-2.23,-0.99,0.654
-0.447,0.314,0.967,0.363,0.04,-2.07,-0.741,-0.275
0.611,-1.14,-0.106,-0.745,0.85,-0.446,-1.383,0.509
0.246,-0.703,1.465,2.385,-0.111,0.088,-0.432,1.162
0.453,-1.442,0.54,0.874,0.711,0.482,-1.102,-0.153
1.68,-1.503,0.084,1.256,-1.011,0.343,-0.796,1.204
1.284,1.256,-1.475,1.153,0.131,0.046,0.116,1.441
0.462,0.183,-0.689,-0.281,-1.218,1.167,0.499,2.357
-0.941,0.704,-1.054,-1.024,-0.706,1.455,0.2,0.616
-1.398,-0.514,1.049,-0.827,-1.402,1.119,0.986,1.27
-1.068,1.629,1.205,0.486,-0.23,0.5,1.284,0.971
-0.035,0.783,0.444,-0.308,-0.595,-0.57,2.768,-0.094
1.342,1.262,2.754,-0.465,0.301,1.324,0.746,-1.199
1.309,0.879,-0.691,-0.178,-0.38,0.03,-0.119,0.571
2.101,0.558,1.49,-0.974,0.605,0.605,-2.209,0.742
1.5,0.672,-1.238,-1.178,-1.616,1.455,-0.058,1.31
2.272,0.249,0.688,-0.646,0.244,-0.644,0.124,1.06
2.138,-0.387,-1.807,1.352,-0.491,-0.66,-0.577,3.277
1.762,-1.213,-0.499,1.25,-0.347,0.189,-1.902,0.709
1.059,-1.449,-1.307,-0.189,-0.814,1.083,-0.29,0.674
0.762,0.186,0.8,0.054,-0.007,2.295,-0.502,0.861
1.32,0.938,0.068,0.788,0.32,1.731,0.469,0.953
1.596,-0.398,0.673,0.527,-0.208,0.566,0.528,-0.045
0.205,0.659,-0.173,0.727,-1.023,0.353,2.344,-0.442
