AR1410B.PV,DR1103.PV,DR1105.PV,DR1106.PV,DR1107.PV,DR1108.PV,DR1110.PV,FI1113.PV,FI1424.PV,FI1902.PV,FIC_1121.PV,FIC_1122.MV,FIC_1122.PV,FIC_1127.MV,FIC_1127.PV,FI_1127.PV,FRC1102.MV,FRC1107.MV,FRC1113.MV,FRC1113.PV,FRC1424.PV,FRCA1110.MV,FRCA1112.MV,FRQ1623.PV,FRSA1101.PV,FT_1121.PV,FT_1122.PV,LRCA1101.MV,LRCA1101.PV,PDI_1109.PV,PDR1103.PV,PDR1106.PV,PDR1401.PV,PDRCA1109.PV,PDRSA1104.PV,PIC1101A.PV,PI_1132A.PV,PI_1132B.PV,PI_1134.PV,PI_1138A.PV,PI_1180.PV,PI_1182.PV,PR1102A.PV,PRA1102.PV,TI1105A.PV,TI1132.PV,TI1133.PV,TIA2872.PV,TIA2873.PV,TIA2874.PV,TIA2875.PV,TIA2876.PV,TIA2877.PV,TIC_1101.MV,TIC_1101.PV,TIC_1101.SV,TIC_1155.MV,TI_1142.PV,TI_1145.PV,TRC1118A.MV
86.8,57.6,4.6516,57.525,287.2125,357.4424,571.3,2.6,4.565,174.69,342.96,72.5883,710.08,19.4625,600.0,600.0,9.9941,66.234,76.7881,2.6,4.565,11.1197,15.7189,9.1102,174.692,342.96,710.08,73.694,33.16,44.274,9.646,4.385,12.343,44.25,24.2575,15.223,0.1814,0.1293,0.1319,0.1293,0.2106,0.1319,0.1992,0.1249,542.4,273.65,355.75,84.5775,85.1325,85.2525,82.245,83.4075,81.99,44.8573,522.51,520.0,20.7696,515.57,487.1,12.9199
86.25,57.525,4.1422,57.6,287.145,357.8557,571.35,2.6,4.565,174.555,342.96,72.5876,710.16,19.4625,600.0,600.0,9.9941,66.2339,76.7881,2.6,4.565,11.1164,15.7189,9.1108,174.552,342.96,710.16,73.7646,33.165,44.304,9.645,4.384,12.344,44.274,24.274,15.2405,0.1814,0.1293,0.1319,0.1292,0.2106,0.1319,0.1992,0.1249,542.44,273.65,355.75,84.5775,85.0875,85.2075,82.215,83.415,82.0275,44.8434,522.54,520.0,20.77,515.6,487.13,12.9185
86.25,57.525,4.1422,57.6,287.145,357.8557,571.35,2.6,4.565,174.555,342.96,72.5873,710.16,19.4625,600.0,600.0,9.994,66.2338,76.7881,2.6,4.565,11.115,15.7189,9.1108,174.552,342.96,710.16,73.7852,33.165,44.304,9.645,4.384,12.344,44.304,24.274,15.2416,0.1814,0.1293,0.1319,0.1292,0.2106,0.1319,0.1992,0.1249,542.44,273.65,355.75,84.5775,85.0875,85.2075,82.215,83.415,82.0275,44.8256,522.6,520.0,20.7704,515.6,487.13,12.9279
86.25,57.525,4.1422,57.6,287.145,357.8557,571.35,2.6,4.565,174.555,342.96,72.5871,710.16,19.4625,600.0,600.0,9.9939,66.2337,76.7881,2.6,4.565,11.1136,15.7189,9.1108,174.552,342.96,710.16,73.8058,33.165,44.304,9.645,4.384,12.344,44.304,24.274,15.2343,0.1814,0.1293,0.1319,0.1292,0.2106,0.1319,0.1992,0.1249,542.44,273.65,355.75,84.5775,85.0875,85.2075,82.215,83.415,82.0275,44.8151,522.6,520.0,20.7708,515.6,487.13,12.9272
86.35,57.6,4.8078,57.6,287.0325,358.0967,571.3,2.6002,4.5675,174.474,342.96,72.5868,710.16,19.4618,600.06,600.06,9.9938,66.2329,76.7873,2.6002,4.5675,11.1184,15.7189,9.1108,174.482,342.96,710.16,73.8265,33.165,44.436,9.642,4.386,12.345,44.388,24.373,15.2271,0.1814,0.1292,0.1319,0.1292,0.2105,0.1318,0.1991,0.1248,542.56,273.65,355.7,84.555,85.1175,85.2075,82.2675,83.43,81.945,44.7971,522.66,520.0,20.756,515.66,487.19,12.9265
86.5,57.5625,4.3141,57.5625,286.695,357.3735,570.85,2.6002,4.5675,174.4605,342.96,72.5866,710.16,19.4615,600.06,600.06,9.9937,66.2325,76.7871,2.6002,4.5675,11.1167,15.7189,9.1108,174.454,342.96,710.16,73.8471,33.165,44.49,9.641,4.385,12.343,44.436,24.4005,15.2285,0.1813,0.1292,0.1319,0.1292,0.2104,0.1318,0.1991,0.1248,542.6,273.65,355.7,84.57,85.1325,85.215,82.29,83.46,81.9675,44.7826,522.69,520.0,20.7559,515.69,487.22,12.9259
86.5,57.6,4.2922,57.5625,287.055,358.0967,570.55,2.6002,4.5675,174.4605,342.96,72.5863,710.16,19.4613,600.06,600.06,9.9936,66.2322,76.7868,2.6002,4.5675,11.1166,15.7189,9.1108,174.468,342.96,710.16,73.8677,33.165,44.538,9.64,4.384,12.343,44.49,24.4335,15.2216,0.1813,0.1292,0.1318,0.1292,0.2104,0.1318,0.1991,0.1248,542.64,273.65,355.7,84.6225,85.1175,85.2525,82.32,83.5125,81.9675,44.768,522.72,520.0,20.7558,515.72,487.25,12.9252
86.075,57.6,4.5969,57.5625,287.1,357.959,571.2,2.6004,4.5675,174.4065,342.96,72.5861,710.16,19.461,600.06,600.12,9.9936,66.2319,76.7858,2.6004,4.5675,11.1164,15.7189,9.1108,174.398,342.96,710.16,73.8883,33.165,44.592,9.638,4.384,12.344,44.538,24.472,15.2232,0.1813,0.1292,0.1318,0.1292,0.2103,0.1318,0.199,0.1248,542.68,273.65,355.7,84.57,85.065,85.245,82.3275,83.5575,81.9525,44.7495,522.78,520.0,20.7557,515.75,487.25,12.9245
86.45,57.5625,4.3109,57.525,287.1675,358.1656,570.9,2.6004,4.57,174.4065,342.96,72.5858,710.16,19.46,600.12,600.12,9.9935,66.2315,76.7853,2.6004,4.57,11.1162,15.7189,9.1113,174.412,342.99,710.16,73.909,33.165,44.652,9.637,4.384,12.343,44.592,24.5105,15.2166,0.1813,0.1291,0.1318,0.1291,0.2102,0.1318,0.199,0.1247,542.72,273.65,355.7,84.57,85.0875,85.2225,82.3575,83.5125,81.9525,44.7345,522.81,520.0,20.7556,515.78,487.28,12.9239
86.45,57.5625,4.3109,57.525,287.1675,358.1656,570.9,2.6004,4.57,174.4065,342.99,72.5856,710.16,19.4595,600.12,600.12,9.9934,66.2312,76.7848,2.6004,4.57,11.116,15.7189,9.1113,174.412,342.99,710.16,73.9296,33.165,44.652,9.637,4.384,12.343,44.652,24.5105,15.2099,0.1813,0.1291,0.1318,0.1291,0.2102,0.1318,0.199,0.1247,542.72,273.65,355.7,84.57,85.0875,85.2225,82.3575,83.5125,81.9525,44.7156,522.87,520.0,20.7556,515.78,487.28,12.9232
86.575,57.5625,4.2328,57.5625,287.055,357.8212,571.2,2.6004,4.57,174.3525,342.99,72.5847,710.24,19.459,600.12,600.18,9.9926,66.2309,76.7843,2.6004,4.57,11.1159,15.7189,9.1113,174.356,342.99,710.24,73.9502,33.165,44.76,9.633,4.388,12.345,44.706,24.5765,15.2032,0.1813,0.1291,0.1317,0.1291,0.2102,0.1317,0.1988,0.1247,542.8,273.65,355.7,84.54,85.125,85.2375,82.3875,83.505,81.9225,44.7003,522.9,520.0,20.7555,515.84,487.34,12.9225
86.525,57.6,4.7781,57.5625,287.0325,358.2345,571.15,2.6,4.5725,174.2985,342.99,72.5843,710.24,19.4578,600.18,600.0,9.9922,66.2305,76.7853,2.6,4.5725,11.1157,15.7189,9.1113,174.286,342.99,710.24,73.9708,33.165,44.82,9.631,4.391,12.344,44.76,24.615,15.2052,0.1813,0.1291,0.1317,0.129,0.2101,0.1317,0.1988,0.1247,542.84,273.65,355.7,84.585,85.125,85.2,82.3725,83.475,81.915,44.6848,522.93,520.0,20.7554,515.84,487.37,12.9219
86.925,57.5625,3.8703,57.6,287.19,358.1656,570.7,2.6,4.5725,174.2985,342.99,72.5839,710.24,19.4593,600.0,600.06,9.9919,66.2302,76.7853,2.6,4.5725,11.1155,15.7189,9.1113,174.3,342.99,710.24,73.9914,33.165,44.874,9.629,4.395,12.342,44.82,24.6645,15.1988,0.1813,0.129,0.1317,0.129,0.2101,0.1316,0.1988,0.1246,542.92,273.65,355.7,84.5775,85.1625,85.26,82.4175,83.505,81.8775,44.6654,522.99,520.0,20.7553,515.87,487.37,12.9212
86.275,57.525,4.4875,57.5625,287.055,357.8557,571.45,2.6006,4.5725,174.2445,342.99,72.5848,710.08,19.4585,600.06,600.06,9.9916,66.2299,76.7831,2.6006,4.5725,11.1154,15.7189,9.1118,174.23,342.99,710.08,74.0121,33.165,44.928,9.627,4.396,12.343,44.874,24.7085,15.201,0.1813,0.129,0.1316,0.129,0.21,0.1316,0.1987,0.1246,542.96,273.65,355.7,84.5475,85.2,85.2225,82.395,83.5125,81.915,44.6459,523.05,520.0,20.7553,515.9,487.4,12.9205
86.275,57.525,4.4875,57.5625,287.055,357.8557,571.45,2.6006,4.5725,174.2445,342.99,72.5847,710.08,19.4583,600.06,600.06,9.9912,66.2295,76.7823,2.6006,4.5725,11.1152,15.7189,9.1118,174.23,342.99,710.08,74.0327,33.165,44.928,9.627,4.396,12.343,44.928,24.7085,15.1949,0.1813,0.129,0.1316,0.129,0.21,0.1316,0.1987,0.1246,542.96,273.65,355.7,84.5475,85.2,85.2225,82.395,83.5125,81.915,44.6298,523.08,520.0,20.7552,515.9,487.4,12.9199
86.05,57.6,4.7094,57.5625,286.7175,357.7179,570.95,2.6008,4.575,174.2175,343.02,72.5839,710.16,19.458,600.06,600.06,9.9909,66.2292,76.7808,2.6008,4.575,11.115,15.7189,9.1118,174.216,343.02,710.16,74.0533,33.165,45.024,9.624,4.401,12.343,44.982,24.78,15.1888,0.1813,0.129,0.1316,0.1289,0.2099,0.1316,0.1986,0.1246,543.08,273.65,355.7,84.5775,85.1925,85.185,82.35,83.52,82.005,44.6098,523.14,520.0,20.7551,515.96,487.46,12.9192
86.15,57.6,4.2078,57.525,286.6275,357.7523,570.55,2.6002,4.575,174.1905,343.02,72.5837,710.16,19.4578,600.06,600.12,9.9906,66.2288,76.7821,2.6002,4.575,11.1148,15.7189,9.1108,174.188,343.02,710.16,74.0739,33.165,45.072,9.622,4.403,12.345,45.024,24.813,15.1913,0.1813,0.1289,0.1316,0.1289,0.2098,0.1315,0.1986,0.1245,543.12,273.65,355.7,84.5475,85.2225,85.1925,82.2975,83.55,81.9525,44.5896,523.2,520.0,20.755,515.99,487.49,12.9185
86.15,57.6,4.2078,57.525,286.6275,357.7523,570.55,2.6002,4.575,174.1905,343.02,72.5834,710.16,19.4568,600.12,600.12,9.9902,66.2285,76.7818,2.6002,4.575,11.1147,15.7189,9.1108,174.188,343.02,710.16,74.0946,33.165,45.072,9.622,4.403,12.345,45.072,24.813,15.1855,0.1813,0.1289,0.1316,0.1289,0.2098,0.1315,0.1986,0.1245,543.12,273.65,355.7,84.5475,85.2225,85.1925,82.2975,83.55,81.9525,44.5729,523.23,520.0,20.755,515.99,487.49,12.9179
86.125,57.6,4.3531,57.525,287.145,357.7179,571.45,2.6002,4.575,174.1905,343.02,72.5832,710.16,19.4563,600.12,600.12,9.9899,66.2282,76.7816,2.6002,4.575,11.1145,15.7189,9.1108,174.188,343.02,710.16,74.1152,33.165,45.12,9.62,4.406,12.342,45.072,24.8515,15.1796,0.1813,0.1289,0.1315,0.1289,0.2098,0.1315,0.1985,0.1245,543.16,273.65,355.7,84.5775,85.1775,85.1625,82.26,83.5275,81.945,44.5599,523.23,520.0,20.7549,516.02,487.52,12.9172
86.85,57.525,3.9797,57.5625,287.1,357.7868,571.15,2.6004,4.5775,174.15,343.02,72.5829,710.16,19.4558,600.12,600.12,9.9896,66.2278,76.7806,2.6004,4.5775,11.1168,15.7189,9.1113,174.146,343.02,710.16,74.1358,33.165,45.156,9.618,4.408,12.343,45.12,24.89,15.1824,0.1813,0.1289,0.1315,0.1288,0.2098,0.1315,0.1985,0.1245,543.2,273.65,355.7,84.5325,85.2,85.125,82.2375,83.55,81.96,44.5393,523.29,520.0,20.7548,516.05,487.52,12.9165
86.65,57.5625,3.8484,57.6,286.65,357.5457,571.1,2.6004,4.5775,174.1095,343.02,72.5827,710.16,19.4553,600.12,600.12,9.99,66.2275,76.7801,2.6004,4.5775,11.1177,15.7189,9.1113,174.104,343.05,710.16,74.1564,33.165,45.222,9.615,4.409,12.344,45.156,24.945,15.1768,0.1813,0.1288,0.1315,0.1288,0.2098,0.1314,0.1984,0.1244,543.28,273.6,355.7,84.6,85.185,85.23,82.2225,83.52,81.975,44.5223,523.32,520.0,20.7397,516.08,487.58,12.9265
86.15,57.6,3.8734,57.5625,286.4475,358.2,571.05,2.6004,4.5775,174.1095,343.05,72.5824,710.16,19.4548,600.12,600.18,9.9899,66.2272,76.7795,2.6004,4.5775,11.1185,15.7189,9.1113,174.104,343.05,710.16,74.177,33.165,45.252,9.614,4.409,12.344,45.222,24.9725,15.1713,0.1813,0.1288,0.1315,0.1288,0.2098,0.1314,0.1984,0.1244,543.32,273.6,355.65,84.585,85.14,85.23,82.245,83.4675,82.02,44.4976,523.41,520.0,20.7392,516.11,487.61,12.9265
86.6,57.5625,4.35,57.6,286.4475,357.9245,571.5,2.6004,4.58,174.069,343.05,72.5816,710.24,19.4536,600.18,600.18,9.9898,66.2268,76.779,2.6004,4.58,11.1168,15.7189,9.1113,174.062,343.05,710.24,74.1977,33.165,45.27,9.612,4.41,12.344,45.252,24.9945,15.1657,0.1812,0.1288,0.1315,0.1288,0.2097,0.1314,0.1984,0.1244,543.36,273.65,355.65,84.6075,85.1325,85.2675,82.2225,83.445,82.035,44.48,523.44,520.0,20.7386,516.14,487.64,12.9265
86.75,57.5625,4.4688,57.5625,287.0775,357.3046,571.0,2.6,4.58,174.0285,343.05,72.5812,710.24,19.4528,600.18,600.0,9.9897,66.2265,76.78,2.6,4.58,11.1166,15.7189,9.1108,174.02,343.05,710.24,74.2183,33.165,45.294,9.611,4.41,12.344,45.27,25.0165,15.1688,0.1812,0.1288,0.1314,0.1288,0.2097,0.1314,0.1984,0.1244,543.4,273.65,355.7,84.57,85.1475,85.2675,82.2,83.4675,82.005,44.4624,523.47,520.0,20.738,516.17,487.67,12.9265
86.175,57.5625,3.9125,57.525,286.515,357.7179,570.75,2.6,4.58,173.988,343.05,72.5808,710.24,19.4543,600.0,600.0,9.9896,66.2262,76.78,2.6,4.58,11.1165,15.7189,9.1113,173.992,343.05,710.24,74.2389,33.165,45.318,9.61,4.41,12.342,45.294,25.044,15.1635,0.1812,0.1288,0.1314,0.1287,0.2097,0.1314,0.1984,0.1244,543.44,273.65,355.7,84.6075,85.1775,85.32,82.2225,83.4975,82.02,44.4446,523.5,520.0,20.7375,516.2,487.7,12.9265
86.0,57.6,4.2234,57.6,286.245,357.3391,570.85,2.6,4.58,173.988,343.05,72.5804,710.24,19.4543,600.0,600.0,9.9896,66.2258,76.78,2.6,4.58,11.1163,15.7189,9.1113,173.978,343.05,710.24,74.2595,33.165,45.336,9.609,4.41,12.343,45.318,25.066,15.1668,0.1812,0.1288,0.1314,0.1287,0.2097,0.1314,0.1984,0.1244,543.48,273.65,355.7,84.6375,85.2075,85.35,82.2675,83.475,82.0425,44.4267,523.53,520.0,20.7369,516.23,487.7,12.9265
86.775,57.5625,4.5297,57.6,287.19,357.4768,570.65,2.6006,4.58,173.961,343.05,72.5801,710.24,19.4543,600.0,600.0,9.9895,66.2255,76.7778,2.6006,4.58,11.1161,15.7189,9.1118,173.964,343.05,710.24,74.2802,33.165,45.354,9.608,4.408,12.344,45.336,25.0825,15.1618,0.1811,0.1288,0.1314,0.1287,0.2096,0.1314,0.1984,0.1244,543.48,273.65,355.7,84.6225,85.1775,85.3125,82.245,83.52,82.035,44.4087,523.56,520.0,20.7363,516.26,487.73,12.9265
86.7,57.5625,4.6516,57.525,287.1225,357.5113,571.35,2.6006,4.58,173.9475,343.05,72.5797,710.24,19.4543,600.0,600.0,9.9894,66.2252,76.777,2.6006,4.58,11.116,15.7189,9.1118,173.95,343.05,710.24,74.3008,33.165,45.366,9.607,4.405,12.343,45.354,25.0935,15.1568,0.1811,0.1288,0.1314,0.1287,0.2096,0.1314,0.1984,0.1244,543.52,273.65,355.7,84.5775,85.125,85.29,82.2675,83.5275,81.9825,44.3905,523.59,520.0,20.7358,516.29,487.76,12.9265
86.5,57.5625,3.8937,57.5625,286.605,358.0623,570.8,2.6,4.58,173.907,343.05,72.5793,710.24,19.4543,600.0,600.0,9.9893,66.2248,76.7785,2.6,4.58,11.1158,15.7189,9.1113,173.908,343.05,710.24,74.3214,33.165,45.378,9.606,4.404,12.345,45.366,25.1045,15.1518,0.1811,0.1288,0.1314,0.1287,0.2096,0.1314,0.1984,0.1244,543.56,273.65,355.75,84.5775,85.1625,85.2675,82.23,83.535,81.9825,44.376,523.59,520.0,20.7352,516.32,487.79,12.9265
86.5,57.5625,3.8937,57.5625,286.605,358.0623,570.8,2.6,4.58,173.907,343.05,72.5789,710.24,19.4543,600.0,600.0,9.9892,66.2245,76.7785,2.6,4.58,11.1156,15.7189,9.1113,173.908,343.05,710.24,74.342,33.165,45.378,9.606,4.404,12.345,45.378,25.1045,15.1554,0.1811,0.1288,0.1314,0.1287,0.2096,0.1314,0.1984,0.1244,543.56,273.65,355.75,84.5775,85.1625,85.2675,82.23,83.535,81.9825,44.3578,523.62,520.0,20.7346,516.32,487.79,12.9265
86.5,57.5625,3.8937,57.5625,286.605,358.0623,570.8,2.6,4.58,173.907,343.05,72.5786,710.24,19.4543,600.0,600.0,9.9891,66.2241,76.7785,2.6,4.58,11.1154,15.7189,9.1113,173.908,343.05,710.24,74.3626,33.165,45.378,9.606,4.404,12.345,45.378,25.1045,15.1507,0.1811,0.1288,0.1314,0.1287,0.2096,0.1314,0.1984,0.1244,543.56,273.65,355.75,84.5775,85.1625,85.2675,82.23,83.535,81.9825,44.3431,523.62,520.0,20.734,516.32,487.79,12.9265
86.5,57.5625,3.8937,57.5625,286.605,358.0623,570.8,2.6,4.58,173.907,343.05,72.5782,710.24,19.4543,600.0,600.0,9.9891,66.2238,76.7785,2.6,4.58,11.1153,15.7189,9.1113,173.908,343.05,710.24,74.3833,33.165,45.378,9.606,4.404,12.345,45.378,25.1045,15.146,0.1811,0.1288,0.1314,0.1287,0.2096,0.1314,0.1984,0.1244,543.56,273.65,355.75,84.5775,85.1625,85.2675,82.23,83.535,81.9825,44.3285,523.62,520.0,20.7335,516.32,487.79,12.9265
86.5,57.5625,3.8937,57.5625,286.605,358.0623,570.8,2.6,4.58,173.907,343.05,72.5778,710.24,19.4543,600.0,600.0,9.989,66.2235,76.7785,2.6,4.58,11.1151,15.7189,9.1113,173.908,343.05,710.24,74.4039,33.165,45.378,9.606,4.404,12.345,45.378,25.1045,15.1413,0.1811,0.1288,0.1314,0.1287,0.2096,0.1314,0.1984,0.1244,543.56,273.65,355.75,84.5775,85.1625,85.2675,82.23,83.535,81.9825,44.3139,523.62,520.0,20.7329,516.32,487.79,12.9265
86.175,57.5625,4.4969,57.5625,286.7175,357.959,570.75,2.6,4.58,173.826,343.05,72.5787,710.08,19.4543,600.0,600.06,9.9889,66.2239,76.7785,2.6,4.58,11.1149,15.7189,9.1108,173.824,343.05,710.08,74.4245,33.165,45.396,9.605,4.402,12.343,45.378,25.121,15.1366,0.1811,0.1287,0.1314,0.1287,0.2096,0.1314,0.1984,0.1244,543.56,273.65,355.75,84.6225,85.2,85.305,82.26,83.5125,82.005,44.2993,523.62,520.0,20.7323,516.35,487.82,12.9265
86.2,57.6,4.3094,57.525,286.92,358.0623,570.95,2.6,4.58,173.799,343.05,72.5786,710.08,19.4536,600.06,600.06,9.9888,66.2238,76.7785,2.6,4.58,11.1148,15.7189,9.1108,173.796,343.05,710.08,74.4451,33.165,45.42,9.605,4.4,12.342,45.396,25.1485,15.1318,0.181,0.1287,0.1314,0.1287,0.2096,0.1314,0.1983,0.1243,543.56,273.7,355.75,84.66,85.2375,85.2525,82.2825,83.4975,81.9675,44.2846,523.62,520.0,20.7318,516.35,487.85,12.9265
86.2,57.5625,4.2109,57.525,286.6725,357.8557,571.25,2.6,4.58,173.7585,343.05,72.5785,710.08,19.4533,600.06,600.06,9.9887,66.2237,76.7785,2.6,4.58,11.1146,15.7189,9.1108,173.768,343.05,710.08,74.4658,33.165,45.45,9.604,4.397,12.341,45.42,25.1705,15.1357,0.1809,0.1287,0.1314,0.1287,0.2095,0.1314,0.1983,0.1243,543.56,273.7,355.75,84.615,85.2,85.2975,82.3275,83.4525,81.93,44.27,523.62,520.0,20.7312,516.38,487.85,12.9265
86.675,57.6,4.7391,57.5625,286.335,357.8212,570.8,2.6002,4.5825,173.7585,343.05,72.5783,710.08,19.4531,600.06,600.06,9.9887,66.2236,76.7778,2.6002,4.5825,11.1169,15.7189,9.1108,173.768,343.05,710.08,74.4864,33.165,45.48,9.603,4.39,12.341,45.45,25.1925,15.1313,0.1808,0.1287,0.1314,0.1287,0.2095,0.1314,0.1983,0.1243,543.56,273.7,355.75,84.6,85.1475,85.2675,82.32,83.4525,81.9225,44.2516,523.65,520.0,20.7306,516.41,487.88,12.9265
86.075,57.6,4.4953,57.6375,286.605,357.9245,571.35,2.6002,4.5825,173.7315,343.05,72.5782,710.08,19.4528,600.06,600.06,9.9886,66.2236,76.7775,2.6002,4.5825,11.1177,15.7189,9.1108,173.726,343.08,710.08,74.4564,33.16,45.54,9.601,4.381,12.341,45.48,25.242,15.1354,0.1807,0.1287,0.1313,0.1287,0.2095,0.1313,0.1982,0.1243,543.6,273.7,355.75,84.615,85.125,85.2975,82.2675,83.505,81.9975,44.2369,523.65,520.0,20.7301,516.47,487.94,12.9265
86.3,57.6,4.425,57.5625,286.335,357.8901,570.55,2.6002,4.5825,173.7315,343.08,72.5775,710.16,19.4526,600.06,600.06,9.9885,66.2235,76.7773,2.6002,4.5825,11.1161,15.7189,9.1108,173.726,343.08,710.16,74.4764,33.16,45.57,9.6,4.379,12.342,45.54,25.264,15.1313,0.1807,0.1287,0.1313,0.1286,0.2094,0.1313,0.1982,0.1243,543.6,273.7,355.75,84.5625,85.125,85.2975,82.26,83.5275,82.0125,44.2221,523.65,520.0,20.7295,516.5,487.97,12.9265
86.0,57.5625,4.4094,57.525,286.695,357.8212,570.65,2.6002,4.5825,173.7315,343.08,72.5772,710.16,19.4523,600.06,600.06,9.9877,66.2234,76.777,2.6002,4.5825,11.1159,15.7189,9.1113,173.726,343.08,710.16,74.4964,33.16,45.6,9.599,4.379,12.344,45.57,25.2805,15.1271,0.1807,0.1286,0.1313,0.1286,0.2094,0.1313,0.1982,0.1243,543.6,273.7,355.75,84.5325,85.1325,85.3425,82.2975,83.49,81.9975,44.2036,523.68,520.0,20.7289,516.53,488.0,12.9372
86.525,57.5625,3.8875,57.5625,287.01,357.5801,570.6,2.6002,4.5825,173.691,343.08,72.577,710.16,19.4521,600.06,600.12,9.9873,66.2233,76.7768,2.6002,4.5825,11.1157,15.7189,9.1113,173.684,343.08,710.16,74.5164,33.16,45.636,9.598,4.379,12.344,45.6,25.297,15.1229,0.1807,0.1286,0.1313,0.1286,0.2094,0.1313,0.1982,0.1242,543.64,273.7,355.75,84.585,85.1175,85.335,82.29,83.46,81.9825,44.1888,523.68,520.0,20.7284,516.56,488.0,12.9379
86.525,57.5625,4.6484,57.5625,287.01,357.5801,570.6,2.6002,4.5825,173.691,343.08,72.5767,710.16,19.4511,600.12,600.12,9.987,66.2232,76.7765,2.6002,4.5825,11.1156,15.7189,9.1113,173.684,343.08,710.16,74.4857,33.155,45.636,9.598,4.379,12.344,45.636,25.297,15.1274,0.1807,0.1286,0.1313,0.1286,0.2094,0.1313,0.1982,0.1242,543.64,273.7,355.75,84.585,85.1175,85.335,82.29,83.46,81.9825,44.1739,523.68,520.0,20.7278,516.56,488.0,12.9385
86.65,57.525,4.1234,57.5625,287.235,357.649,570.95,2.6004,4.585,173.664,343.08,72.5765,710.16,19.4506,600.12,600.12,9.9867,66.2224,76.7755,2.6004,4.585,11.1154,15.7189,9.1113,173.67,343.08,710.16,74.5051,33.155,45.702,9.596,4.38,12.343,45.666,25.3465,15.1235,0.1807,0.1286,0.1313,0.1286,0.2094,0.1312,0.1981,0.1242,543.64,273.7,355.8,84.6375,85.0875,85.3575,82.305,83.4225,82.005,44.1553,523.71,520.0,20.7119,516.59,488.06,12.9392
86.325,57.5625,4.5219,57.525,286.8525,358.2,570.8,2.6004,4.585,173.6505,343.08,72.5762,710.16,19.4501,600.12,600.12,9.9863,66.2221,76.775,2.6004,4.585,11.1152,15.7189,9.1113,173.642,343.08,710.16,74.5245,33.155,45.732,9.595,4.38,12.342,45.702,25.374,15.1196,0.1807,0.1286,0.1312,0.1286,0.2093,0.1312,0.1981,0.1242,543.68,273.7,355.8,84.675,85.05,85.3725,82.2675,83.4225,82.0125,44.1403,523.71,520.0,20.7109,516.62,488.09,12.9399
86.5,57.525,4.4625,57.6,286.6725,357.959,570.7,2.6004,4.585,173.6505,343.08,72.576,710.16,19.4496,600.12,600.12,9.986,66.2217,76.7745,2.6004,4.585,11.115,15.7189,9.1113,173.642,343.08,710.16,74.5439,33.155,45.762,9.593,4.38,12.343,45.732,25.396,15.1157,0.1806,0.1286,0.1312,0.1285,0.2093,0.1312,0.1981,0.1242,543.68,273.75,355.8,84.6975,85.0575,85.41,82.29,83.475,82.05,44.1215,523.74,520.0,20.7098,516.65,488.12,12.9405
86.5,57.525,4.4625,57.6,286.6725,357.959,570.7,2.6004,4.585,173.6505,343.08,72.5757,710.16,19.4491,600.12,600.12,9.9856,66.2214,76.774,2.6004,4.585,11.1149,15.7189,9.1113,173.642,343.08,710.16,74.5126,33.15,45.762,9.593,4.38,12.343,45.762,25.396,15.1118,0.1806,0.1286,0.1312,0.1285,0.2093,0.1312,0.1981,0.1242,543.68,273.75,355.8,84.6975,85.0575,85.41,82.29,83.475,82.05,44.1064,523.74,520.0,20.7088,516.65,488.12,12.9412
86.725,57.5625,4.0687,57.5625,287.1,357.3391,571.2,2.6004,4.585,173.61,343.08,72.5754,710.16,19.4501,600.0,600.0,9.9853,66.221,76.7735,2.6004,4.585,11.1147,15.7189,9.1113,173.6,343.08,710.16,74.5313,33.15,45.822,9.591,4.38,12.343,45.792,25.4345,15.1079,0.1806,0.1285,0.1312,0.1285,0.2092,0.1312,0.198,0.1242,543.68,273.75,355.85,84.69,85.1025,85.3575,82.2825,83.505,82.0275,44.0913,523.74,520.0,20.7077,516.71,488.15,12.9419
86.85,57.5625,4.3656,57.525,286.47,358.3034,571.0,2.6,4.5875,173.583,343.08,72.5752,710.16,19.4501,600.0,600.18,9.985,66.2207,76.7745,2.6,4.5875,11.117,15.7189,9.1108,173.586,343.11,710.16,74.5501,33.15,45.852,9.59,4.38,12.343,45.822,25.4565,15.1127,0.1806,0.1285,0.1312,0.1285,0.2092,0.1311,0.198,0.1241,543.72,273.75,355.85,84.7125,85.1025,85.38,82.245,83.55,82.05,44.0725,523.77,520.0,20.7066,516.74,488.18,12.9425
86.0,57.5625,4.2922,57.5625,287.1675,357.5801,571.3,2.6,4.5875,173.583,343.11,72.5749,710.16,19.4478,600.18,600.18,9.9846,66.2204,76.7745,2.6,4.5875,11.1179,15.7189,9.1108,173.586,343.11,710.16,74.5689,33.15,45.876,9.589,4.379,12.341,45.852,25.484,15.1091,0.1806,0.1285,0.1312,0.1285,0.2092,0.1311,0.198,0.1241,543.72,273.75,355.85,84.675,85.095,85.3575,82.245,83.55,82.05,44.0572,523.77,520.0,20.7056,516.74,488.21,12.9432
86.75,57.5625,3.9453,57.5625,287.055,358.3378,571.4,2.6,4.5875,173.5425,343.11,72.5747,710.16,19.4471,600.18,600.0,9.9851,66.22,76.7745,2.6,4.5875,11.1162,15.7189,9.1108,173.544,343.11,710.16,74.5876,33.15,45.9,9.588,4.379,12.342,45.876,25.5005,15.1141,0.1805,0.1285,0.1311,0.1285,0.2092,0.1311,0.1979,0.1241,543.72,273.75,355.85,84.705,85.1025,85.3725,82.215,83.535,82.005,44.0382,523.8,520.0,20.7045,516.77,488.24,12.9439
86.75,57.5625,3.9453,57.5625,287.055,358.3378,571.4,2.6,4.5875,173.5425,343.11,72.5744,710.16,19.4486,600.0,600.0,9.985,66.2197,76.7745,2.6,4.5875,11.116,15.7189,9.1108,173.544,343.11,710.16,74.5558,33.145,45.9,9.588,4.379,12.342,45.9,25.5005,15.1107,0.1805,0.1285,0.1311,0.1285,0.2092,0.1311,0.1979,0.1241,543.72,273.75,355.85,84.705,85.1025,85.3725,82.215,83.535,82.005,44.0229,523.8,520.0,20.7035,516.77,488.24,12.9445
86.275,57.525,3.8484,57.525,286.3125,357.5801,571.45,2.6,4.5875,173.529,343.11,72.5748,710.08,19.4478,600.06,600.06,9.9849,66.2194,76.7745,2.6,4.5875,11.1158,15.7189,9.1108,173.53,343.11,710.08,74.5739,33.145,45.942,9.586,4.378,12.344,45.924,25.5335,15.1074,0.1805,0.1285,0.1311,0.1284,0.2091,0.1311,0.1979,0.1241,543.76,273.75,355.85,84.6525,85.125,85.35,82.2225,83.5275,82.02,44.0075,523.8,520.0,20.7024,516.83,488.27,12.9452
86.3,57.5625,3.9047,57.6,286.47,357.7179,570.6,2.6,4.5875,173.502,343.11,72.5747,710.08,19.4476,600.06,600.06,9.9848,66.2198,76.7745,2.6,4.5875,11.1157,15.7189,9.1102,173.502,343.11,710.08,74.592,33.145,45.966,9.585,4.377,12.344,45.942,25.5445,15.1041,0.1805,0.1285,0.1311,0.1284,0.2091,0.1311,0.1979,0.1241,543.76,273.8,355.85,84.645,85.1325,85.305,82.215,83.535,81.9825,43.9922,523.8,520.0,20.7013,516.86,488.3,12.9459
86.375,57.5625,4.3453,57.6,287.145,358.0967,570.75,2.6,4.5875,173.502,343.11,72.5746,710.08,19.4473,600.06,600.06,9.9847,66.2197,76.7745,2.6,4.5875,11.1155,15.7189,9.1108,173.502,343.11,710.08,74.6101,33.145,45.984,9.584,4.375,12.343,45.966,25.561,15.1007,0.1805,0.1284,0.1311,0.1284,0.2091,0.131,0.1979,0.1241,543.76,273.8,355.9,84.6375,85.08,85.3275,82.2375,83.49,82.005,43.9768,523.8,520.0,20.7003,516.89,488.33,12.9465
86.375,57.5625,4.3453,57.6,287.145,358.0967,570.75,2.6,4.5875,173.502,343.11,72.5744,710.08,19.4471,600.06,600.06,9.9846,66.2196,76.7745,2.6,4.5875,11.1153,15.7189,9.1108,173.502,343.11,710.08,74.5776,33.14,45.984,9.584,4.375,12.343,45.984,25.561,15.0974,0.1805,0.1284,0.1311,0.1284,0.2091,0.131,0.1979,0.1241,543.76,273.8,355.9,84.6375,85.08,85.3275,82.2375,83.49,82.005,43.9577,523.83,520.0,20.6992,516.89,488.33,12.9472
86.5,57.6,4.4516,57.6,287.2575,357.8901,570.6,2.6,4.5875,173.502,343.11,72.5743,710.08,19.4468,600.06,600.06,9.9846,66.2195,76.7745,2.6,4.5875,11.1152,15.7189,9.1108,173.502,343.11,710.08,74.5951,33.14,45.996,9.583,4.374,12.342,45.996,25.5775,15.0941,0.1804,0.1284,0.1311,0.1284,0.209,0.131,0.1979,0.1241,543.76,273.8,355.9,84.6675,85.0575,85.3125,82.26,83.5125,81.9975,43.9422,523.83,520.0,20.6982,516.92,488.36,12.9585
86.075,57.5625,3.9531,57.5625,287.145,357.8901,570.8,2.6,4.5875,173.4885,343.11,72.5742,710.08,19.4466,600.06,600.06,9.9845,66.2195,76.7745,2.6,4.5875,11.115,15.7189,9.1108,173.488,343.11,710.08,74.6126,33.14,46.008,9.583,4.373,12.342,46.008,25.5885,15.0907,0.1804,0.1284,0.1311,0.1284,0.209,0.131,0.1979,0.1241,543.76,273.8,355.9,84.645,85.05,85.3425,82.2375,83.49,81.975,43.9267,523.83,520.0,20.6971,516.92,488.36,12.9599
86.8,57.525,4.1484,57.5625,286.56,357.5457,571.35,2.6002,4.59,173.4075,343.11,72.5741,710.08,19.4463,600.06,600.06,9.9844,66.2194,76.7738,2.6002,4.59,11.1148,15.7189,9.1108,173.404,343.11,710.08,74.6301,33.14,46.038,9.581,4.371,12.342,46.02,25.6105,15.0874,0.1804,0.1284,0.1311,0.1284,0.209,0.131,0.1979,0.124,543.76,273.8,355.9,84.6375,85.0875,85.3425,82.215,83.4825,81.9225,43.9113,523.83,520.0,20.696,516.98,488.42,12.9612
86.85,57.6,4.125,57.525,286.6275,357.8901,571.1,2.6002,4.59,173.3805,343.11,72.574,710.08,19.4461,600.06,600.06,9.9843,66.2193,76.7735,2.6002,4.59,11.1171,15.7189,9.1108,173.376,343.11,710.08,74.597,33.135,46.068,9.581,4.37,12.341,46.038,25.6215,15.0927,0.1803,0.1284,0.1311,0.1284,0.209,0.131,0.1978,0.124,543.76,273.8,355.9,84.6,85.11,85.335,82.185,83.49,81.8925,43.8958,523.83,520.0,20.695,517.01,488.45,12.9625
86.0,57.6,4.1766,57.6,286.3575,357.4768,570.9,2.6002,4.59,173.3805,343.11,72.5738,710.08,19.4458,600.06,600.12,9.9842,66.2192,76.7733,2.6002,4.59,11.118,15.7189,9.1108,173.39,343.11,710.08,74.6139,33.135,46.104,9.58,4.368,12.34,46.068,25.6435,15.0896,0.1803,0.1284,0.1311,0.1284,0.209,0.131,0.1978,0.124,543.76,273.85,355.95,84.555,85.08,85.29,82.2375,83.4675,81.915,43.8803,523.83,520.0,20.6939,517.04,488.48,12.9639
86.85,57.5625,4.4906,57.6,286.74,358.3034,571.25,2.6002,4.59,173.367,343.11,72.5737,710.08,19.4448,600.12,600.12,9.9842,66.2191,76.773,2.6002,4.59,11.1163,15.7189,9.1108,173.362,343.11,710.08,74.6308,33.135,46.134,9.579,4.364,12.341,46.104,25.6655,15.0866,0.1802,0.1284,0.131,0.1284,0.209,0.131,0.1978,0.124,543.8,273.85,355.95,84.6,85.1025,85.335,82.26,83.4675,81.8775,43.8648,523.83,520.0,20.6779,517.04,488.48,12.9652
86.15,57.525,4.4984,57.525,286.9425,358.3723,571.6,2.6002,4.59,173.367,343.11,72.5736,710.08,19.4443,600.12,600.12,9.9841,66.219,76.7728,2.6002,4.59,11.1161,15.7189,9.1108,173.362,343.14,710.08,74.597,33.13,46.164,9.578,4.361,12.341,46.134,25.682,15.0835,0.1802,0.1283,0.131,0.1283,0.2089,0.131,0.1977,0.124,543.8,273.85,356.0,84.6225,85.1325,85.3575,82.2225,83.5125,81.855,43.8494,523.83,520.0,20.6763,517.07,488.51,12.9665
86.5,57.6,4.0781,57.5625,286.83,357.8901,571.5,2.6002,4.59,173.3265,343.14,72.5735,710.08,19.4438,600.12,599.94,9.984,66.2189,76.7725,2.6002,4.59,11.116,15.7189,9.1113,173.32,343.14,710.08,74.6133,33.13,46.194,9.577,4.361,12.341,46.164,25.6985,15.0891,0.1802,0.1283,0.131,0.1283,0.2089,0.131,0.1977,0.124,543.8,273.9,356.0,84.6225,85.1475,85.3875,82.2,83.4975,81.8925,43.8301,523.86,520.0,20.6747,517.1,488.54,12.9679
86.875,57.6,4.7734,57.6,286.92,357.8212,570.85,2.6002,4.5925,173.3265,343.14,72.5727,710.16,19.4456,599.94,600.0,9.9839,66.2189,76.7723,2.6002,4.5925,11.1158,15.7189,9.1113,173.32,343.14,710.16,74.6295,33.13,46.218,9.576,4.361,12.34,46.194,25.7205,15.0863,0.1802,0.1283,0.131,0.1283,0.2089,0.131,0.1977,0.124,543.8,273.9,356.0,84.6675,85.125,85.3575,82.2,83.4975,81.93,43.8145,523.86,520.0,20.6732,517.13,488.57,12.9692
86.875,57.6,4.7734,57.6,286.92,357.8212,570.85,2.6002,4.5925,173.3265,343.14,72.5725,710.16,19.4451,600.0,600.12,9.9838,66.2188,76.772,2.6002,4.5925,11.1156,15.7189,9.1113,173.32,343.14,710.16,74.6458,33.13,46.218,9.576,4.361,12.34,46.218,25.7425,15.0835,0.1802,0.1283,0.131,0.1283,0.2089,0.131,0.1977,0.124,543.8,273.9,356.0,84.705,85.125,85.38,82.1775,83.5275,81.93,43.7989,523.86,520.0,20.6716,517.13,488.57,12.9705
86.65,57.6,4.2984,57.5625,287.1225,358.0623,570.85,2.6002,4.5925,173.286,343.14,72.5722,710.16,19.4436,600.12,600.12,9.9837,66.2187,76.7718,2.6002,4.5925,11.1154,15.7189,9.1113,173.278,343.14,710.16,74.662,33.13,46.242,9.574,4.362,12.34,46.218,25.7425,15.0807,0.1802,0.1283,0.131,0.1283,0.2088,0.131,0.1976,0.1239,543.8,273.9,356.05,84.705,85.125,85.38,82.1775,83.5275,81.93,43.7833,523.86,520.0,20.6701,517.16,488.57,12.9719
86.775,57.6,4.0828,57.525,286.425,358.2345,571.0,2.6004,4.5925,173.232,343.14,72.572,710.16,19.4431,600.12,600.0,9.9837,66.2186,76.7708,2.6004,4.5925,11.1153,15.7189,9.1113,173.222,343.14,710.16,74.6277,33.125,46.29,9.572,4.361,12.342,46.242,25.7645,15.0779,0.1801,0.1283,0.1309,0.1283,0.2088,0.1309,0.1976,0.1239,543.8,273.9,356.05,84.72,85.1175,85.4175,82.155,83.5725,82.02,43.7678,523.86,520.0,20.6685,517.19,488.63,12.9732
86.775,57.6,4.0828,57.525,286.425,358.2345,571.0,2.6004,4.5925,173.232,343.14,72.5717,710.16,19.4441,600.0,600.0,9.9836,66.2185,76.7703,2.6004,4.5925,11.1151,15.7189,9.1113,173.222,343.14,710.16,74.6433,33.125,46.29,9.572,4.361,12.342,46.29,25.7645,15.0752,0.1801,0.1283,0.1309,0.1283,0.2088,0.1309,0.1976,0.1239,543.8,273.9,356.05,84.72,85.1175,85.4175,82.155,83.5725,82.02,43.7522,523.86,520.0,20.667,517.19,488.63,12.9745
86.575,57.5625,4.2484,57.6,287.145,357.6146,570.9,2.6004,4.5925,173.232,343.14,72.5715,710.16,19.4441,600.0,600.0,9.9827,66.2177,76.7698,2.6004,4.5925,11.1149,15.7189,9.1113,173.222,343.14,710.16,74.6589,33.125,46.344,9.571,4.36,12.34,46.29,25.781,15.0724,0.1801,0.1283,0.1309,0.1283,0.2087,0.1309,0.1975,0.1239,543.84,273.9,356.05,84.72,85.065,85.455,82.2075,83.595,82.0425,43.7366,523.86,520.0,20.6654,517.22,488.63,12.9759
86.425,57.5625,4.7578,57.5625,286.875,357.4424,570.7,2.6004,4.595,173.205,343.14,72.5712,710.16,19.4441,600.0,600.06,9.9824,66.2174,76.7693,2.6004,4.595,11.1148,15.7189,9.1118,173.208,343.14,710.16,74.6239,33.12,46.392,9.57,4.358,12.341,46.344,25.803,15.0696,0.18,0.1282,0.1309,0.1282,0.2086,0.1309,0.1975,0.1239,543.84,273.95,356.1,84.69,85.095,85.4475,82.23,83.5575,82.0725,43.7172,523.89,520.0,20.6639,517.25,488.66,12.9772
86.9,57.5625,4.1062,57.525,287.145,357.4768,571.35,2.6004,4.595,173.1915,343.14,72.571,710.16,19.4433,600.06,600.06,9.9821,66.217,76.7688,2.6004,4.595,11.1146,15.7189,9.1118,173.194,343.17,710.16,74.6389,33.12,46.47,9.567,4.356,12.34,46.392,25.858,15.0668,0.18,0.1282,0.1308,0.1282,0.2086,0.1308,0.1974,0.1238,543.84,273.95,356.1,84.6675,85.035,85.41,82.2825,83.58,81.9975,43.7015,523.89,520.0,20.6623,517.28,488.72,12.9785
86.65,57.525,4.2312,57.6,286.5825,357.959,570.85,2.6,4.595,173.178,343.17,72.5707,710.16,19.4431,600.06,600.06,9.9817,66.2167,76.7698,2.6,4.595,11.1175,15.7189,9.1113,173.166,343.17,710.16,74.6033,33.115,46.506,9.566,4.357,12.339,46.47,25.8855,15.0641,0.18,0.1282,0.1308,0.1282,0.2086,0.1308,0.1974,0.1238,543.88,273.95,356.1,84.615,85.05,85.38,82.275,83.6175,82.035,43.682,523.92,520.0,20.6608,517.31,488.72,12.9799
86.25,57.6,4.7,57.6,286.965,358.3378,570.9,2.6,4.595,173.151,343.17,72.5698,710.24,19.4428,600.06,600.06,9.9814,66.2164,76.7698,2.6,4.595,11.1186,15.7189,9.1113,173.152,343.17,710.24,74.6176,33.115,46.536,9.564,4.359,12.338,46.506,25.913,15.0699,0.18,0.1282,0.1308,0.1282,0.2086,0.1308,0.1974,0.1238,543.88,273.95,356.1,84.5775,85.0275,85.3575,82.305,83.58,81.99,43.6624,523.95,520.0,20.6592,517.34,488.75,12.9919
86.25,57.6,4.7,57.6,286.965,358.3378,570.9,2.6,4.595,173.151,343.17,72.5695,710.24,19.4426,600.06,600.06,9.9811,66.216,76.7698,2.6,4.595,11.1197,15.7189,9.1113,173.152,343.17,710.24,74.632,33.115,46.536,9.564,4.359,12.338,46.536,25.913,15.0674,0.18,0.1282,0.1308,0.1282,0.2086,0.1308,0.1974,0.1238,543.88,273.95,356.1,84.5775,85.0275,85.3575,82.305,83.58,81.99,43.6465,523.95,520.0,20.6577,517.34,488.75,12.9939
86.15,57.6,4.6297,57.6,286.8975,357.7179,570.95,2.6,4.5975,173.1375,343.17,72.5691,710.24,19.4423,600.06,600.12,9.9807,66.2157,76.7698,2.6,4.5975,11.1177,15.7189,9.1113,173.124,343.17,710.24,74.6464,33.115,46.572,9.562,4.363,12.338,46.536,25.957,15.0649,0.18,0.1281,0.1308,0.1281,0.2085,0.1307,0.1973,0.1238,543.92,274.0,356.15,84.57,85.0875,85.335,82.275,83.595,81.9825,43.6305,523.95,520.0,20.6561,517.37,488.81,12.9959
86.475,57.525,4.1156,57.6,286.425,358.1656,571.0,2.6002,4.5975,173.097,343.17,72.57,710.08,19.4413,600.12,600.12,9.9804,66.2153,76.769,2.6002,4.5975,11.1144,15.7189,9.1113,173.082,343.17,710.08,74.6102,33.11,46.584,9.561,4.362,12.338,46.572,25.968,15.0624,0.18,0.1281,0.1308,0.1281,0.2085,0.1307,0.1973,0.1238,543.92,274.0,356.15,84.54,85.0725,85.365,82.2825,83.625,81.96,43.6108,523.98,520.0,20.6546,517.4,488.81,12.9979
86.75,57.525,4.6484,57.5625,286.47,358.1656,571.15,2.6002,4.5975,173.097,343.17,72.5698,710.08,19.4408,600.12,600.12,9.9801,66.215,76.7688,2.6002,4.5975,11.1129,15.7189,9.1113,173.082,343.17,710.08,74.6239,33.11,46.596,9.56,4.361,12.337,46.584,25.979,15.0599,0.1799,0.1281,0.1308,0.1281,0.2085,0.1307,0.1973,0.1238,543.92,274.05,356.2,84.5475,85.0575,85.3275,82.32,83.655,81.9975,43.5947,523.98,520.0,20.653,517.43,488.84,12.9999
86.5,57.525,4.0922,57.525,287.1225,358.4067,571.5,2.6002,4.5975,173.07,343.17,72.5697,710.08,19.4403,600.12,600.12,9.9797,66.2147,76.7685,2.6002,4.5975,11.1178,15.7189,9.1113,173.068,343.17,710.08,74.6376,33.11,46.602,9.559,4.36,12.338,46.596,25.9845,15.0574,0.1799,0.1281,0.1308,0.1281,0.2085,0.1307,0.1973,0.1238,543.92,274.05,356.25,84.5625,85.08,85.335,82.335,83.67,82.035,43.5786,523.98,520.0,20.6515,517.43,488.87,13.0019
86.5,57.525,4.0922,57.525,287.1225,358.4067,571.5,2.6002,4.5975,173.07,343.17,72.5696,710.08,19.4398,600.12,600.12,9.9794,66.2143,76.7682,2.6002,4.5975,11.1188,15.7189,9.1113,173.068,343.17,710.08,74.6514,33.11,46.602,9.559,4.36,12.338,46.602,25.9845,15.0549,0.1799,0.1281,0.1308,0.1281,0.2085,0.1307,0.1973,0.1238,543.92,274.05,356.25,84.5625,85.08,85.335,82.335,83.67,82.035,43.5625,523.98,520.0,20.6499,517.43,488.87,13.0039
86.1,57.525,4.7078,57.5625,286.47,357.4768,571.4,2.6002,4.5975,173.043,343.17,72.5695,710.08,19.4393,600.12,600.12,9.9791,66.214,76.768,2.6002,4.5975,11.1199,15.7189,9.1118,173.04,343.17,710.08,74.6651,33.11,46.602,9.558,4.356,12.337,46.602,26.001,15.0524,0.1798,0.1281,0.1308,0.1281,0.2085,0.1307,0.1973,0.1238,543.92,274.1,356.3,84.5325,85.08,85.38,82.2675,83.67,81.975,43.5465,523.98,520.0,20.6484,517.49,488.9,13.0059
86.1,57.525,4.7078,57.5625,286.47,357.4768,571.4,2.6002,4.5975,173.043,343.17,72.5694,710.08,19.4388,600.12,600.12,9.9787,66.2137,76.7677,2.6002,4.5975,11.121,15.7189,9.1118,173.04,343.17,710.08,74.6283,33.105,46.602,9.558,4.356,12.337,46.602,26.001,15.0499,0.1798,0.1281,0.1308,0.1281,0.2085,0.1307,0.1973,0.1238,543.92,274.1,356.3,84.5325,85.08,85.38,82.2675,83.67,81.975,43.5304,523.98,520.0,20.6468,517.49,488.9,13.0079
86.475,57.6,4.8109,57.5625,287.0775,358.2345,571.35,2.6002,4.5975,173.0025,343.17,72.5692,710.08,19.4383,600.12,600.0,9.9791,66.2141,76.7675,2.6002,4.5975,11.119,15.7189,9.1108,172.998,343.17,710.08,74.6414,33.105,46.644,9.557,4.349,12.336,46.602,26.0065,15.0474,0.1797,0.1281,0.1307,0.1281,0.2084,0.1307,0.1973,0.1237,543.92,274.1,356.3,84.555,85.125,85.3425,82.2675,83.6025,82.0425,43.5143,523.98,520.0,20.6302,517.52,488.96,13.0099
86.65,57.5625,4.8406,57.5625,286.7625,358.0279,570.85,2.6002,4.5975,172.989,343.17,72.5691,710.08,19.4393,600.0,600.0,9.9791,66.214,76.7672,2.6002,4.5975,11.1157,15.7189,9.1113,172.984,343.2,710.08,74.6039,33.1,46.68,9.556,4.344,12.336,46.644,26.023,15.0535,0.1796,0.1281,0.1307,0.1281,0.2084,0.1307,0.1973,0.1237,543.92,274.15,356.35,84.51,85.125,85.35,82.3125,83.6025,81.9975,43.502,523.95,520.0,20.6282,517.55,488.96,13.0119
86.25,57.6,4.3875,57.5625,286.56,358.0623,571.45,2.6002,4.5975,172.989,343.2,72.569,710.08,19.4393,600.0,600.0,9.979,66.2139,76.767,2.6002,4.5975,11.1142,15.7189,9.1113,172.984,343.2,710.08,74.6164,33.1,46.71,9.555,4.34,12.335,46.68,26.045,15.0513,0.1796,0.128,0.1307,0.128,0.2083,0.1306,0.1972,0.1237,543.92,274.15,356.35,84.4725,85.095,85.3425,82.2975,83.5875,81.9825,43.486,523.95,520.0,20.6261,517.58,488.99,13.0139
86.375,57.6,4.0563,57.5625,286.965,358.1656,571.35,2.6002,4.6,172.962,343.2,72.5689,710.08,19.4393,600.0,600.0,9.9789,66.2138,76.7667,2.6002,4.6,11.1191,15.7189,9.1113,172.97,343.2,710.08,74.6289,33.1,46.74,9.554,4.339,12.335,46.71,26.067,15.0491,0.1796,0.128,0.1307,0.128,0.2083,0.1306,0.1972,0.1237,543.92,274.15,356.35,84.48,85.1175,85.3125,82.26,83.6175,81.9675,43.4701,523.95,520.0,20.6241,517.61,489.02,13.0159
86.825,57.5625,4.0969,57.6,286.4925,357.4768,571.5,2.6002,4.6,172.962,343.2,72.5687,710.08,19.4393,600.0,600.0,9.9788,66.2138,76.7665,2.6002,4.6,11.1202,15.7189,9.1113,172.97,343.2,710.08,74.5907,33.095,46.758,9.553,4.338,12.336,46.74,26.078,15.0468,0.1796,0.128,0.1307,0.128,0.2083,0.1306,0.1972,0.1237,543.92,274.15,356.35,84.4725,85.065,85.2675,82.3125,83.6025,81.9825,43.4541,523.95,520.0,20.622,517.61,489.02,13.0179
86.575,57.5625,4.6031,57.5625,287.1225,357.5457,571.25,2.6002,4.6,172.908,343.2,72.5686,710.08,19.4393,600.0,600.0,9.9787,66.2137,76.7662,2.6002,4.6,11.1181,15.7189,9.1113,172.9,343.2,710.08,74.6026,33.095,46.776,9.552,4.339,12.336,46.758,26.089,15.0446,0.1796,0.128,0.1307,0.128,0.2082,0.1306,0.1971,0.1237,543.92,274.15,356.4,84.465,85.08,85.2675,82.29,83.625,81.9525,43.4381,523.95,520.0,20.62,517.64,489.05,13.0199
86.75,57.5625,3.8625,57.6375,287.0775,357.7179,570.9,2.6004,4.6,172.881,343.2,72.5679,710.16,19.4393,600.0,600.0,9.9787,66.2136,76.7652,2.6004,4.6,11.1148,15.7189,9.1113,172.886,343.2,710.16,74.6145,33.095,46.8,9.551,4.339,12.335,46.776,26.1055,15.0424,0.1796,0.128,0.1306,0.128,0.2082,0.1306,0.1971,0.1236,543.92,274.2,356.4,84.495,85.035,85.29,82.2525,83.6175,81.9525,43.4222,523.95,520.0,20.6179,517.67,489.08,13.0219
86.575,57.525,3.9203,57.5625,287.01,358.2345,571.2,2.6004,4.6,172.881,343.2,72.5676,710.16,19.4393,600.0,600.06,9.9786,66.2135,76.7647,2.6004,4.6,11.1134,15.7189,9.1113,172.886,343.2,710.16,74.5757,33.09,46.824,9.551,4.339,12.334,46.8,26.122,15.0402,0.1795,0.128,0.1306,0.128,0.2082,0.1306,0.1971,0.1236,543.92,274.2,356.4,84.4725,85.0875,85.2825,82.2825,83.6175,81.96,43.4062,523.95,520.0,20.6159,517.67,489.08,13.0239
86.05,57.5625,4.3812,57.5625,286.8075,358.1656,571.6,2.6004,4.6,172.8405,343.2,72.5674,710.16,19.4386,600.06,600.06,9.9785,66.2134,76.7642,2.6004,4.6,11.1182,15.7189,9.1118,172.844,343.2,710.16,74.587,33.09,46.848,9.55,4.337,12.334,46.824,26.1385,15.0379,0.1795,0.128,0.1306,0.128,0.2082,0.1306,0.1971,0.1236,543.92,274.2,356.45,84.45,85.1025,85.2675,82.29,83.6325,81.915,43.3903,523.95,520.0,20.6139,517.7,489.11,13.0259
86.275,57.6,4.0844,57.6,287.0775,358.3034,570.85,2.6004,4.6025,172.8405,343.2,72.5671,710.16,19.4383,600.06,600.06,9.9784,66.2133,76.7637,2.6004,4.6025,11.1193,15.7189,9.1118,172.844,343.2,710.16,74.5983,33.09,46.878,9.549,4.335,12.334,46.848,26.155,15.0357,0.1795,0.1279,0.1306,0.1279,0.2082,0.1306,0.197,0.1236,543.92,274.2,356.45,84.4575,85.0725,85.23,82.3275,83.6175,81.915,43.3743,523.95,520.0,20.6118,517.73,489.14,13.0279
86.775,57.6,4.1906,57.525,286.5375,357.649,570.8,2.6,4.6025,172.8,343.2,72.5669,710.16,19.4381,600.06,600.06,9.9783,66.2132,76.7647,2.6,4.6025,11.1173,15.7189,9.1113,172.802,343.2,710.16,74.5589,33.085,46.908,9.548,4.334,12.334,46.878,26.166,15.0335,0.1794,0.1279,0.1306,0.1279,0.2082,0.1306,0.197,0.1236,543.92,274.2,356.45,84.4875,85.0875,85.2375,82.365,83.6025,81.9,43.3583,523.95,520.0,20.6098,517.76,489.14,13.0405
86.55,57.525,4.3859,57.6375,286.65,358.4067,571.15,2.6,4.6025,172.8,343.2,72.5666,710.16,19.4378,600.06,600.06,9.9782,66.2124,76.7647,2.6,4.6025,11.1171,15.7189,9.1113,172.802,343.23,710.16,74.5695,33.085,46.932,9.547,4.333,12.333,46.908,26.188,15.0399,0.1794,0.1279,0.1306,0.1279,0.2081,0.1306,0.197,0.1236,543.92,274.2,356.45,84.48,85.11,85.2675,82.38,83.5425,81.915,43.3424,523.95,520.0,20.6077,517.76,489.17,13.0432
86.175,57.5625,4.0109,57.525,286.515,358.2689,571.0,2.6,4.6025,172.7595,343.23,72.5664,710.16,19.4376,600.06,600.06,9.9782,66.2121,76.7647,2.6,4.6025,11.1169,15.7189,9.1113,172.76,343.23,710.16,74.5801,33.085,46.956,9.545,4.333,12.333,46.932,26.2045,15.0379,0.1794,0.1279,0.1305,0.1279,0.2081,0.1305,0.197,0.1236,543.92,274.25,356.5,84.5175,85.1325,85.3125,82.395,83.5575,81.975,43.3264,523.95,520.0,20.6057,517.79,489.17,13.0459
86.575,57.525,4.1578,57.6,287.28,357.5801,571.45,2.6,4.6025,172.773,343.23,72.5661,710.16,19.4373,600.06,600.12,9.9781,66.2117,76.7647,2.6,4.6025,11.1167,15.7189,9.1113,172.76,343.23,710.16,74.5401,33.08,46.986,9.544,4.332,12.333,46.956,26.221,15.036,0.1794,0.1279,0.1305,0.1279,0.2081,0.1305,0.1969,0.1236,543.92,274.25,356.5,84.57,85.11,85.35,82.38,83.5575,81.9525,43.3067,523.98,520.0,20.6036,517.82,489.2,13.0485
86.8,57.5625,4.3984,57.5625,286.425,358.3723,571.4,2.6,4.6025,172.7325,343.23,72.5659,710.16,19.4363,600.12,600.12,9.978,66.2114,76.7647,2.6,4.6025,11.1166,15.7189,9.1113,172.718,343.23,710.16,74.5501,33.08,47.01,9.543,4.332,12.333,46.986,26.2375,15.0341,0.1793,0.1279,0.1305,0.1279,0.208,0.1305,0.1969,0.1235,543.92,274.3,356.55,84.54,85.095,85.395,82.3275,83.5875,81.9225,43.2906,523.98,520.0,20.6016,517.82,489.23,13.0512
86.05,57.5625,4.5109,57.6,286.8525,358.1312,571.2,2.6,4.605,172.7325,343.23,72.5656,710.16,19.4358,600.12,600.12,9.9772,66.2111,76.7647,2.6,4.605,11.1164,15.7189,9.1113,172.718,343.23,710.16,74.5601,33.08,47.034,9.542,4.331,12.333,47.01,26.2485,15.0321,0.1793,0.1278,0.1305,0.1278,0.208,0.1305,0.1969,0.1235,543.92,274.3,356.55,84.5925,85.11,85.3425,82.3725,83.535,81.945,43.2745,523.98,520.0,20.5995,517.85,489.23,13.0539
86.0,57.5625,4.7844,57.6,286.515,358.1312,571.6,2.6,4.605,172.692,343.23,72.5654,710.16,19.4353,600.12,600.12,9.9768,66.2107,76.7647,2.6,4.605,11.1162,15.7189,9.1113,172.676,343.23,710.16,74.5195,33.075,47.058,9.541,4.33,12.333,47.034,26.2595,15.0302,0.1793,0.1278,0.1305,0.1278,0.208,0.1305,0.1969,0.1235,543.92,274.35,356.6,84.57,85.0575,85.32,82.38,83.5125,81.945,43.2585,523.98,520.0,20.5975,517.88,489.26,13.0565
86.8,57.525,4.8078,57.5625,286.7625,358.2,571.3,2.6,4.605,172.665,343.23,72.5651,710.16,19.4348,600.12,600.12,9.9765,66.2104,76.7647,2.6,4.605,11.1161,15.7189,9.1113,172.662,343.23,710.16,74.5289,33.075,47.088,9.54,4.329,12.332,47.058,26.2815,15.0282,0.1793,0.1278,0.1305,0.1278,0.2079,0.1305,0.1968,0.1235,543.92,274.35,356.65,84.615,85.1025,85.3575,82.41,83.5275,81.9225,43.2424,523.98,520.0,20.5955,517.88,489.29,13.0592
86.675,57.525,4.0984,57.525,287.235,358.0623,571.25,2.6002,4.605,172.665,343.23,72.5642,710.24,19.4343,600.12,600.12,9.9762,66.2101,76.764,2.6002,4.605,11.1159,15.7189,9.1118,172.662,343.23,710.24,74.5383,33.075,47.112,9.539,4.328,12.332,47.088,26.2925,15.0263,0.1793,0.1278,0.1305,0.1278,0.2079,0.1304,0.1968,0.1235,543.92,274.4,356.65,84.6075,85.0575,85.365,82.4325,83.565,81.885,43.2263,523.98,520.0,20.5934,517.91,489.29,13.0619
86.75,57.5625,4.3656,57.6,287.37,357.649,571.7,2.6002,4.605,172.6515,343.23,72.5639,710.24,19.4338,600.12,600.0,9.9758,66.2097,76.7637,2.6002,4.605,11.1157,15.7189,9.1118,172.648,343.23,710.24,74.497,33.07,47.13,9.538,4.327,12.332,47.112,26.309,15.0243,0.1792,0.1278,0.1304,0.1278,0.2079,0.1304,0.1968,0.1235,543.96,274.4,356.7,84.63,85.0275,85.3875,82.3875,83.535,81.93,43.2102,523.98,520.0,20.5914,517.94,489.32,13.0645
86.05,57.5625,4.4016,57.6,287.325,358.2345,571.65,2.6002,4.605,172.611,343.23,72.5647,710.08,19.4348,600.0,600.0,9.9755,66.2094,76.7635,2.6002,4.605,11.1155,15.7196,9.1118,172.606,343.23,710.08,74.5058,33.07,47.148,9.537,4.325,12.33,47.13,26.3255,15.0224,0.1792,0.1278,0.1304,0.1278,0.2078,0.1304,0.1968,0.1235,543.96,274.45,356.75,84.6,85.0125,85.4025,82.4325,83.58,81.9525,43.1942,523.98,520.0,20.5893,517.94,489.35,13.0672
86.225,57.5625,3.9828,57.6,286.8975,358.0967,570.85,2.6002,4.605,172.611,343.23,72.5646,710.08,19.4348,600.0,600.0,9.9752,66.2098,76.7632,2.6002,4.605,11.1154,15.7198,9.1113,172.606,343.26,710.08,74.5145,33.07,47.19,9.536,4.325,12.329,47.148,26.342,15.0204,0.1792,0.1278,0.1304,0.1278,0.2078,0.1304,0.1967,0.1234,543.96,274.45,356.75,84.585,85.0125,85.3875,82.38,83.6175,81.9825,43.1781,523.98,520.0,20.5873,517.97,489.35,13.0699
86.3,57.5625,4.5578,57.6,287.235,357.7523,571.2,2.6002,4.6075,172.584,343.26,72.5645,710.08,19.4348,600.0,600.06,9.9748,66.2097,76.763,2.6002,4.6075,11.1152,15.7201,9.1113,172.578,343.26,710.08,74.4726,33.065,47.22,9.535,4.323,12.33,47.19,26.364,15.0185,0.1791,0.1277,0.1304,0.1277,0.2078,0.1304,0.1967,0.1234,543.96,274.45,356.75,84.57,85.0125,85.3875,82.32,83.5875,81.96,43.162,523.98,520.0,20.5852,517.97,489.38,13.0725
86.35,57.6,4.6062,57.6,287.01,358.1312,571.5,2.6002,4.6075,172.584,343.26,72.5644,710.08,19.4341,600.06,600.06,9.9745,66.2096,76.7627,2.6002,4.6075,11.115,15.7203,9.1113,172.578,343.26,710.08,74.4808,33.065,47.238,9.534,4.322,12.33,47.22,26.3805,15.0166,0.1791,0.1277,0.1304,0.1277,0.2078,0.1303,0.1967,0.1234,543.96,274.45,356.8,84.57,84.9975,85.38,82.335,83.61,81.9975,43.1459,523.98,520.0,20.5832,518.0,489.38,13.0752
86.6,57.5625,4.7156,57.6,287.28,358.3723,571.65,2.6002,4.6075,172.5435,343.26,72.5642,710.08,19.4338,600.06,600.06,9.9749,66.2096,76.7625,2.6002,4.6075,11.1148,15.7181,9.1113,172.536,343.26,710.08,74.4889,33.065,47.256,9.533,4.321,12.329,47.238,26.397,15.0146,0.1791,0.1277,0.1304,0.1277,0.2078,0.1303,0.1966,0.1234,543.96,274.5,356.8,84.5775,84.9675,85.3575,82.35,83.5725,81.9825,43.1261,524.01,520.0,20.5811,518.03,489.41,13.0779
86.75,57.5625,4.6203,57.525,286.785,358.3723,571.3,2.6002,4.6075,172.5435,343.26,72.5641,710.08,19.4336,600.06,600.06,9.9748,66.2095,76.7622,2.6002,4.6075,11.1147,15.7173,9.1113,172.536,343.26,710.08,74.497,33.065,47.274,9.532,4.32,12.328,47.256,26.4135,15.0127,0.1791,0.1277,0.1304,0.1277,0.2078,0.1303,0.1966,0.1234,543.96,274.5,356.85,84.6225,84.9525,85.3575,82.32,83.58,81.96,43.1099,524.01,520.0,20.5641,518.03,489.44,13.0805
86.875,57.5625,4.2328,57.5625,286.4925,357.8557,571.2,2.6002,4.6075,172.53,343.26,72.564,710.08,19.4333,600.06,600.06,9.9747,66.2094,76.762,2.6002,4.6075,11.1176,15.7191,9.1113,172.522,343.26,710.08,74.4545,33.06,47.28,9.531,4.321,12.328,47.274,26.4245,15.0107,0.1791,0.1277,0.1303,0.1277,0.2078,0.1303,0.1966,0.1234,543.96,274.55,356.85,84.585,84.99,85.3425,82.3275,83.5725,81.9375,43.0937,524.01,520.0,20.5616,518.06,489.44,13.0832
86.875,57.5625,4.2328,57.5625,286.4925,357.8557,571.2,2.6002,4.6075,172.53,343.26,72.5639,710.08,19.4331,600.06,600.06,9.9747,66.2093,76.7617,2.6002,4.6075,11.1187,15.7193,9.1113,172.522,343.26,710.08,74.462,33.06,47.28,9.531,4.321,12.328,47.28,26.4245,15.0088,0.1791,0.1277,0.1303,0.1277,0.2078,0.1303,0.1966,0.1234,543.96,274.55,356.85,84.585,84.99,85.3425,82.3275,83.5725,81.9375,43.0775,524.01,520.0,20.559,518.06,489.44,13.0859
86.7,57.6375,4.1766,57.6,286.5825,358.4411,571.25,2.6004,4.6075,172.4895,343.26,72.5638,710.08,19.4328,600.06,600.06,9.9746,66.2092,76.7607,2.6004,4.6075,11.1167,15.7196,9.1113,172.48,343.26,710.08,74.4695,33.06,47.322,9.53,4.32,12.327,47.28,26.4465,15.0068,0.179,0.1277,0.1303,0.1277,0.2077,0.1303,0.1966,0.1234,543.96,274.55,356.9,84.6675,84.9675,85.26,82.3575,83.565,81.87,43.0613,524.01,520.0,20.5565,518.09,489.47,13.0885
86.2,57.6,4.7719,57.525,287.1,357.6835,571.1,2.6004,4.6075,172.4625,343.26,72.5636,710.08,19.4326,600.06,600.06,9.9745,66.2091,76.7602,2.6004,4.6075,11.1165,15.7198,9.1108,172.466,343.26,710.08,74.4264,33.055,47.352,9.529,4.316,12.326,47.322,26.463,15.0135,0.1789,0.1277,0.1303,0.1277,0.2077,0.1302,0.1966,0.1233,543.96,274.55,356.9,84.66,84.975,85.2225,82.3125,83.595,81.84,43.0488,523.98,520.0,20.5539,518.12,489.5,13.0912
86.025,57.6,4.225,57.6,286.8525,357.7523,571.65,2.6004,4.61,172.4625,343.26,72.5629,710.16,19.4323,600.06,600.06,9.9744,66.2091,76.7597,2.6004,4.61,11.1169,15.7201,9.1108,172.466,343.26,710.16,74.4333,33.055,47.376,9.528,4.313,12.327,47.352,26.474,15.0118,0.1789,0.1276,0.1303,0.1276,0.2076,0.1302,0.1966,0.1233,543.96,274.6,356.95,84.675,84.9825,85.2225,82.305,83.55,81.8475,43.0328,523.98,520.0,20.5514,518.15,489.53,13.0939
86.6,57.5625,4.3172,57.5625,287.235,357.8212,570.95,2.6004,4.61,172.422,343.26,72.5626,710.16,19.4321,600.06,600.12,9.9743,66.209,76.7592,2.6004,4.61,11.117,15.7203,9.1102,172.424,343.26,710.16,74.4401,33.055,47.4,9.527,4.31,12.327,47.376,26.4905,15.0102,0.1788,0.1276,0.1303,0.1276,0.2076,0.1302,0.1965,0.1233,543.96,274.6,356.95,84.66,84.99,85.2075,82.335,83.565,81.8475,43.0167,523.98,520.0,20.5489,518.15,489.53,13.0965
86.075,57.5625,4.0797,57.6,287.1,357.7523,571.15,2.6,4.61,172.4085,343.26,72.5624,710.16,19.4311,600.12,600.12,9.9742,66.2089,76.7602,2.6,4.61,11.1171,15.7181,9.1091,172.396,343.29,710.16,74.3964,33.05,47.43,9.526,4.308,12.327,47.4,26.5015,15.0085,0.1788,0.1276,0.1303,0.1276,0.2076,0.1302,0.1965,0.1233,543.96,274.6,356.95,84.615,85.035,85.245,82.35,83.5575,81.8175,43.0006,523.98,520.0,20.5463,518.18,489.56,13.1099
86.75,57.6,3.9875,57.6,287.28,358.2345,570.95,2.6,4.61,172.4085,343.29,72.5621,710.16,19.4306,600.12,600.12,9.9742,66.2088,76.7602,2.6,4.61,11.1172,15.7173,9.1091,172.396,343.29,710.16,74.4026,33.05,47.46,9.525,4.308,12.327,47.43,26.5125,15.0068,0.1788,0.1276,0.1302,0.1276,0.2075,0.1302,0.1965,0.1233,543.96,274.6,357.0,84.5625,85.05,85.2525,82.35,83.52,81.885,42.9845,523.98,520.0,20.5438,518.18,489.56,13.1132
86.75,57.6,3.9875,57.6,287.28,358.2345,570.95,2.6,4.61,172.4085,343.29,72.5619,710.16,19.4301,600.12,600.12,9.9741,66.2087,76.7602,2.6,4.61,11.1173,15.7166,9.1091,172.396,343.29,710.16,74.4089,33.05,47.46,9.525,4.308,12.327,47.46,26.5125,15.0052,0.1788,0.1276,0.1302,0.1276,0.2075,0.1302,0.1965,0.1233,543.96,274.6,357.0,84.5625,85.05,85.2525,82.35,83.52,81.885,42.9684,523.98,520.0,20.5413,518.18,489.56,13.1165
86.175,57.5625,4.2625,57.6,286.9425,358.4067,571.85,2.6006,4.61,172.3815,343.29,72.5616,710.16,19.4296,600.12,600.12,9.974,66.2079,76.7579,2.6006,4.61,11.1173,15.7183,9.1091,172.382,343.29,710.16,74.4151,33.05,47.49,9.523,4.307,12.326,47.46,26.5455,15.0035,0.1788,0.1276,0.1302,0.1276,0.2075,0.1302,0.1964,0.1233,543.96,274.7,357.05,84.5925,85.08,85.23,82.32,83.49,81.9075,42.9524,523.98,520.0,20.5387,518.24,489.59,13.1199
86.175,57.5625,4.2625,57.6,286.9425,358.4067,571.85,2.6006,4.61,172.3815,343.29,72.5614,710.16,19.4291,600.12,600.12,9.9739,66.2076,76.7572,2.6006,4.61,11.1174,15.7186,9.1091,172.382,343.29,710.16,74.3707,33.045,47.49,9.523,4.307,12.326,47.49,26.5455,15.0018,0.1788,0.1276,0.1302,0.1276,0.2075,0.1302,0.1964,0.1233,543.96,274.7,357.05,84.5925,85.08,85.23,82.32,83.49,81.9075,42.9363,523.98,520.0,20.5362,518.24,489.59,13.1232
86.7,57.5625,4.125,57.525,286.875,357.7868,571.85,2.6,4.6125,172.341,343.29,72.5611,710.16,19.4286,600.12,600.0,9.9738,66.2072,76.7587,2.6,4.6125,11.1175,15.7188,9.1086,172.34,343.29,710.16,74.3764,33.045,47.508,9.521,4.307,12.326,47.49,26.562,15.0002,0.1788,0.1276,0.1302,0.1276,0.2074,0.1302,0.1964,0.1233,543.96,274.75,357.1,84.675,85.0575,85.2525,82.29,83.4975,81.9225,42.9202,523.98,520.0,20.5336,518.27,489.65,13.1265
86.025,57.6,4.0156,57.6,287.0325,357.7868,570.95,2.6,4.6125,172.341,343.29,72.5609,710.16,19.4296,600.0,600.0,9.9737,66.2069,76.7587,2.6,4.6125,11.1176,15.7191,9.1086,172.34,343.29,710.16,74.382,33.045,47.532,9.521,4.307,12.325,47.508,26.573,14.9985,0.1787,0.1275,0.1302,0.1275,0.2074,0.1302,0.1964,0.1232,543.92,274.75,357.15,84.6525,85.0275,85.2825,82.275,83.505,81.93,42.9041,523.98,520.0,20.5311,518.27,489.65,13.1299
86.025,57.6,4.0156,57.6,287.0325,357.7868,570.95,2.6,4.6125,172.341,343.29,72.5606,710.16,19.4296,600.0,600.0,9.9737,66.2066,76.7587,2.6,4.6125,11.1177,15.7193,9.1086,172.34,343.29,710.16,74.337,33.04,47.532,9.521,4.307,12.325,47.532,26.573,14.9968,0.1787,0.1275,0.1302,0.1275,0.2074,0.1302,0.1964,0.1232,543.92,274.75,357.15,84.6525,85.0275,85.2825,82.275,83.505,81.93,42.888,523.98,520.0,20.5286,518.27,489.65,13.1332
86.5,57.525,4.1891,57.6,287.0325,358.2,571.6,2.6,4.6125,172.3005,343.29,72.5604,710.16,19.4296,600.0,600.0,9.9736,66.2062,76.7587,2.6,4.6125,11.1177,15.7196,9.1091,172.298,343.29,710.16,74.342,33.04,47.58,9.519,4.302,12.323,47.532,26.595,14.9952,0.1786,0.1275,0.1302,0.1275,0.2074,0.1302,0.1964,0.1232,543.92,274.8,357.2,84.705,85.035,85.3425,82.32,83.5425,81.9525,42.872,523.98,520.0,20.526,518.33,489.68,13.1365
86.325,57.6,4.6953,57.525,286.515,357.8212,571.8,2.6002,4.6125,172.3005,343.29,72.5601,710.16,19.4296,600.0,600.0,9.9735,66.2059,76.758,2.6002,4.6125,11.1178,15.7198,9.1091,172.298,343.29,710.16,74.347,33.04,47.604,9.518,4.299,12.324,47.58,26.6115,14.9935,0.1786,0.1275,0.1301,0.1275,0.2074,0.1301,0.1963,0.1232,543.92,274.8,357.25,84.645,85.08,85.365,82.3575,83.5275,81.9975,42.8596,523.95,520.0,20.5235,518.33,489.71,13.1399
86.225,57.6,4.3438,57.6,286.9875,357.8212,571.65,2.6002,4.6125,172.3005,343.29,72.5599,710.16,19.4296,600.0,600.0,9.9734,66.2055,76.7577,2.6002,4.6125,11.1179,15.7201,9.1091,172.298,343.29,710.16,74.3014,33.035,47.622,9.517,4.296,12.323,47.604,26.628,14.9918,0.1785,0.1275,0.1301,0.1275,0.2074,0.1301,0.1963,0.1232,543.92,274.85,357.25,84.5925,85.1175,85.4025,82.38,83.5575,82.035,42.8437,523.95,520.0,20.521,518.36,489.71,13.1432
86.75,57.5625,4.5625,57.5625,287.0775,357.7523,570.9,2.6002,4.6125,172.3005,343.29,72.5596,710.16,19.4296,600.0,600.0,9.9733,66.2052,76.7575,2.6002,4.6125,11.118,15.7203,9.1091,172.298,343.29,710.16,74.3057,33.035,47.628,9.516,4.295,12.322,47.622,26.6445,14.9902,0.1785,0.1275,0.1301,0.1275,0.2074,0.1301,0.1963,0.1232,543.92,274.85,357.3,84.5925,85.125,85.38,82.38,83.5275,82.05,42.8277,523.95,520.0,20.5184,518.36,489.74,13.1465
86.05,57.525,4.7297,57.5625,287.01,358.3723,571.45,2.6002,4.6125,172.2735,343.29,72.56,710.08,19.4296,600.0,600.0,9.9732,66.2049,76.7572,2.6002,4.6125,11.118,15.7181,9.1091,172.27,343.32,710.08,74.3101,33.035,47.622,9.516,4.295,12.322,47.628,26.6555,14.9885,0.1785,0.1275,0.1301,0.1275,0.2074,0.1301,0.1963,0.1232,543.88,274.9,357.3,84.57,85.14,85.3575,82.425,83.4975,81.9975,42.8118,523.95,520.0,20.5159,518.39,489.74,13.1499
86.525,57.6,4.0344,57.6,287.2575,357.959,571.75,2.6002,4.6125,172.2735,343.32,72.5599,710.08,19.4296,600.0,600.0,9.9732,66.2045,76.757,2.6002,4.6125,11.1181,15.7173,9.1091,172.27,343.32,710.08,74.2639,33.03,47.616,9.515,4.295,12.322,47.622,26.6555,14.9868,0.1785,0.1275,0.1301,0.1275,0.2074,0.1301,0.1963,0.1232,543.88,274.9,357.35,84.6225,85.1175,85.335,82.3875,83.4675,82.035,42.7996,523.92,520.0,20.5134,518.39,489.77,13.1532
86.725,57.6,4.2031,57.5625,286.6275,358.1312,571.85,2.6002,4.6125,172.26,343.32,72.5597,710.08,19.4296,600.0,600.0,9.9731,66.205,76.7567,2.6002,4.6125,11.1182,15.7191,9.1086,172.256,343.32,710.08,74.2676,33.03,47.616,9.515,4.295,12.322,47.616,26.6555,14.9852,0.1785,0.1275,0.1301,0.1275,0.2074,0.1301,0.1963,0.1232,543.88,274.95,357.4,84.645,85.1025,85.3125,82.395,83.43,82.005,42.7837,523.92,520.0,20.5108,518.42,489.77,13.1565
86.725,57.6,4.2031,57.5625,286.6275,358.1312,571.85,2.6002,4.6125,172.26,343.32,72.5596,710.08,19.4296,600.0,600.0,9.973,66.2049,76.7564,2.6002,4.6125,11.1183,15.7193,9.1086,172.256,343.32,710.08,74.2714,33.03,47.616,9.515,4.295,12.322,47.616,26.6555,14.9921,0.1785,0.1275,0.1301,0.1275,0.2074,0.1301,0.1963,0.1232,543.88,274.95,357.4,84.645,85.1025,85.3125,82.395,83.43,82.005,42.7716,523.89,520.0,20.5083,518.42,489.77,13.1599
86.925,57.5625,4.0734,57.5625,286.92,358.0279,571.05,2.6002,4.6125,172.26,343.32,72.5595,710.08,19.4296,600.0,600.06,9.9729,66.2048,76.7562,2.6002,4.6125,11.1184,15.7196,9.1086,172.256,343.32,710.08,74.2751,33.03,47.64,9.515,4.292,12.321,47.616,26.6555,14.9907,0.1784,0.1275,0.1301,0.1275,0.2074,0.1301,0.1963,0.1232,543.84,274.95,357.4,84.5925,85.14,85.3575,82.3875,83.475,82.02,42.7559,523.89,520.0,20.5057,518.42,489.8,13.1632
86.575,57.6,4.7953,57.6,286.515,358.0623,571.2,2.6002,4.6125,172.233,343.32,72.5594,710.08,19.4288,600.06,600.06,9.9721,66.2047,76.7559,2.6002,4.6125,11.1184,15.7198,9.1091,172.228,343.32,710.08,74.2789,33.03,47.664,9.514,4.284,12.322,47.64,26.6665,14.9893,0.1784,0.1274,0.1301,0.1275,0.2073,0.1301,0.1963,0.1232,543.84,274.95,357.45,84.6825,85.05,85.3425,82.365,83.445,82.0125,42.7402,523.89,520.0,20.5032,518.45,489.83,13.1665
86.575,57.6,4.7953,57.6,286.515,358.0623,571.2,2.6002,4.6125,172.233,343.32,72.5592,710.08,19.4286,600.06,600.06,9.9717,66.2046,76.7557,2.6002,4.6125,11.1185,15.7201,9.1091,172.228,343.32,710.08,74.232,33.025,47.664,9.514,4.284,12.322,47.664,26.6665,14.9793,0.1784,0.1274,0.1301,0.1275,0.2073,0.1301,0.1963,0.1232,543.84,274.95,357.45,84.6825,85.05,85.3425,82.365,83.445,82.0125,42.7282,523.86,520.0,20.5007,518.45,489.83,13.1699
86.575,57.6,4.5047,57.5625,286.8075,357.7179,571.1,2.6002,4.615,172.1925,343.32,72.5591,710.08,19.4283,600.06,600.06,9.9714,66.2045,76.7554,2.6002,4.615,11.1186,15.7203,9.1091,172.186,343.32,710.08,74.2351,33.025,47.694,9.513,4.279,12.322,47.664,26.6775,14.9777,0.1783,0.1274,0.1301,0.1275,0.2073,0.1301,0.1962,0.1231,543.8,275.0,357.5,84.615,85.0875,85.3275,82.4025,83.4075,82.0425,42.7127,523.86,520.0,20.4981,518.51,489.86,13.1732
86.65,57.6,4.7516,57.5625,287.0325,358.3034,571.6,2.6002,4.615,172.1925,343.32,72.559,710.08,19.4281,600.06,600.06,9.9711,66.2045,76.7552,2.6002,4.615,11.1187,15.7206,9.1096,172.186,343.32,710.08,74.1876,33.02,47.724,9.512,4.278,12.318,47.694,26.6995,14.9846,0.1783,0.1274,0.1301,0.1274,0.2072,0.13,0.1962,0.1231,543.76,275.05,357.5,84.57,85.0425,85.2825,82.35,83.385,82.035,42.7008,523.83,520.0,20.4956,518.51,489.86,13.1765
86.65,57.6,4.7516,57.5625,287.0325,358.3034,571.6,2.6002,4.615,172.1925,343.32,72.5589,710.08,19.4278,600.06,600.06,9.9707,66.2044,76.7549,2.6002,4.615,11.1187,15.7208,9.1096,172.186,343.32,710.08,74.1901,33.02,47.724,9.512,4.278,12.318,47.724,26.6995,14.9832,0.1783,0.1274,0.1301,0.1274,0.2072,0.13,0.1962,0.1231,543.76,275.05,357.5,84.57,85.0425,85.2825,82.35,83.385,82.035,42.6853,523.83,520.0,20.4931,518.51,489.86,13.1799
86.275,57.6,4.0422,57.525,286.9425,358.3034,571.95,2.6002,4.615,172.179,343.32,72.5588,710.08,19.4276,600.06,600.06,9.9704,66.2043,76.7547,2.6002,4.615,11.1188,15.7192,9.1102,172.172,343.32,710.08,74.1926,33.02,47.754,9.51,4.274,12.319,47.724,26.727,14.9818,0.1782,0.1274,0.13,0.1274,0.2072,0.13,0.1962,0.1231,543.76,275.05,357.55,84.57,85.05,85.275,82.35,83.43,82.0575,42.6699,523.83,520.0,20.4905,518.54,489.89,13.1832
86.075,57.525,4.325,57.5625,286.695,358.3378,571.5,2.5998,4.615,172.179,343.32,72.5586,710.08,19.4273,600.06,600.06,9.9701,66.2042,76.7559,2.5998,4.615,11.1189,15.7187,9.1096,172.172,343.32,710.08,74.1445,33.015,47.76,9.51,4.274,12.32,47.754,26.7325,14.9804,0.1782,0.1274,0.13,0.1274,0.2072,0.13,0.1962,0.1231,543.76,275.1,357.6,84.5775,85.0725,85.26,82.2975,83.4075,82.0875,42.6581,523.8,520.0,20.488,518.57,489.92,13.1865
86.8,57.5625,3.8453,57.6,287.01,357.7179,571.1,2.5998,4.615,172.1655,343.32,72.5585,710.08,19.4271,600.06,600.06,9.9697,66.2041,76.7562,2.5998,4.615,11.119,15.7182,9.1102,172.172,343.32,710.08,74.1464,33.015,47.76,9.509,4.274,12.319,47.76,26.738,14.979,0.1782,0.1274,0.13,0.1274,0.2072,0.13,0.1961,0.1231,543.72,275.1,357.6,84.6075,85.11,85.2525,82.3275,83.4675,82.095,42.6465,523.77,520.0,20.4855,518.57,489.92,13.1899
86.8,57.5625,3.8453,57.6,287.01,357.7179,571.1,2.5998,4.615,172.1655,343.32,72.5584,710.08,19.4268,600.06,600.06,9.9694,66.204,76.7564,2.5998,4.615,11.1191,15.7177,9.1102,172.172,343.32,710.08,74.1483,33.015,47.76,9.509,4.274,12.319,47.76,26.738,14.9777,0.1782,0.1274,0.13,0.1274,0.2072,0.13,0.1961,0.1231,543.72,275.1,357.6,84.6075,85.11,85.2525,82.3275,83.4675,82.095,42.6313,523.77,520.0,20.4829,518.57,489.92,13.1932
86.75,57.6,4.7547,57.6,286.6725,358.2345,571.25,2.6002,4.615,172.1655,343.32,72.5583,710.08,19.4266,600.06,600.06,9.9691,66.2039,76.7552,2.6002,4.615,11.1191,15.7191,9.1108,172.172,343.32,710.08,74.1501,33.015,47.76,9.509,4.272,12.318,47.76,26.7435,14.9763,0.1781,0.1274,0.13,0.1274,0.2072,0.13,0.1962,0.1231,543.68,275.15,357.65,84.6075,85.1175,85.26,82.32,83.475,82.1175,42.6161,523.77,520.0,20.4804,518.6,489.95,13.1965
86.75,57.6,4.7547,57.6,286.6725,358.2345,571.25,2.6002,4.615,172.1655,343.32,72.5582,710.08,19.4263,600.06,600.06,9.9687,66.2039,76.7549,2.6002,4.615,11.1192,15.7193,9.1108,172.172,343.32,710.08,74.1014,33.01,47.76,9.509,4.272,12.318,47.76,26.7435,14.9749,0.1781,0.1274,0.13,0.1274,0.2072,0.13,0.1962,0.1231,543.68,275.15,357.65,84.6075,85.1175,85.26,82.32,83.475,82.1175,42.6084,523.71,520.0,20.4778,518.6,489.95,13.2105
86.85,57.5625,4.6391,57.6,287.4825,358.4411,571.3,2.6002,4.615,172.1655,343.32,72.558,710.08,19.4261,600.06,600.06,9.9692,66.2038,76.7547,2.6002,4.615,11.1193,15.7196,9.1108,172.158,343.32,710.08,74.1026,33.01,47.76,9.508,4.269,12.318,47.76,26.7435,14.9735,0.1781,0.1274,0.13,0.1274,0.2072,0.13,0.1961,0.1231,543.68,275.15,357.7,84.5625,85.065,85.26,82.2675,83.4675,82.11,42.5934,523.71,520.0,20.4603,518.6,489.98,13.2145
86.075,57.6,4.8047,57.525,286.56,357.7868,571.25,2.6002,4.615,172.1655,343.32,72.5579,710.08,19.4258,600.06,600.06,9.9691,66.2037,76.7544,2.6002,4.615,11.1194,15.7198,9.1108,172.158,343.32,710.08,74.1039,33.01,47.766,9.508,4.266,12.318,47.76,26.7435,14.9721,0.1781,0.1274,0.13,0.1274,0.2072,0.13,0.1961,0.1231,543.64,275.2,357.7,84.5325,85.0425,85.215,82.26,83.4375,82.1325,42.5784,523.71,520.0,20.4572,518.63,489.98,13.2185
86.45,57.5625,4.5531,57.525,287.1675,357.7868,571.75,2.5998,4.615,172.1385,343.32,72.5578,710.08,19.4256,600.06,600.06,9.969,66.2036,76.7557,2.5998,4.615,11.1194,15.7207,9.1108,172.144,343.32,710.08,74.0545,33.005,47.766,9.508,4.26,12.317,47.766,26.749,14.9707,0.178,0.1274,0.13,0.1274,0.2072,0.13,0.1961,0.1231,543.6,275.25,357.8,84.555,84.99,85.1475,82.2675,83.475,82.0875,42.5672,523.68,520.0,20.4542,518.66,490.01,13.2225
86.45,57.5625,4.5531,57.525,287.1675,357.7868,571.75,2.5998,4.615,172.1385,343.32,72.5577,710.08,19.4253,600.06,600.06,9.9689,66.2035,76.7559,2.5998,4.615,11.1195,15.7212,9.1108,172.144,343.32,710.08,74.0552,33.005,47.766,9.508,4.26,12.317,47.766,26.749,14.9693,0.178,0.1274,0.13,0.1274,0.2072,0.13,0.1961,0.1231,543.6,275.25,357.8,84.555,84.99,85.1475,82.2675,83.475,82.0875,42.5598,523.62,520.0,20.4512,518.66,490.01,13.2265
86.45,57.6,4.7281,57.6,286.965,358.2,571.3,2.5998,4.615,172.1385,343.32,72.5575,710.08,19.4251,600.06,600.12,9.9688,66.2034,76.7562,2.5998,4.615,11.1196,15.7217,9.1108,172.144,343.32,710.08,74.0558,33.005,47.796,9.508,4.257,12.317,47.766,26.7545,14.9679,0.1779,0.1273,0.13,0.1274,0.2071,0.13,0.1961,0.1231,543.56,275.3,357.85,84.51,84.9825,85.14,82.32,83.4675,82.0575,42.5452,523.62,520.0,20.4482,518.66,490.01,13.2305
86.125,57.6,4.5766,57.6,286.9875,357.8212,571.7,2.6004,4.615,172.1385,343.32,72.5574,710.08,19.4241,600.12,600.12,9.9687,66.2034,76.7542,2.6004,4.615,11.1197,15.7197,9.1113,172.144,343.32,710.08,74.0058,33.0,47.82,9.507,4.251,12.315,47.796,26.771,14.9665,0.1779,0.1273,0.13,0.1274,0.2071,0.1299,0.1961,0.1231,543.52,275.35,357.95,84.6,85.065,85.2075,82.3275,83.4825,82.0725,42.5343,523.59,520.0,20.4451,518.69,490.04,13.2345
86.4,57.5625,4.4969,57.525,287.145,358.5789,571.65,2.6004,4.615,172.125,343.32,72.5573,710.08,19.4236,600.12,599.94,9.9687,66.2033,76.7537,2.6004,4.615,11.1198,15.7192,9.1113,172.116,343.32,710.08,74.0058,33.0,47.82,9.506,4.25,12.315,47.82,26.7765,14.9652,0.1779,0.1273,0.13,0.1274,0.2071,0.1299,0.1961,0.1231,543.48,275.4,358.0,84.5925,85.0425,85.2075,82.3275,83.475,82.0425,42.5236,523.56,520.0,20.4421,518.72,490.07,13.2385
86.4,57.5625,4.4969,57.525,287.145,358.5789,571.65,2.6004,4.615,172.125,343.32,72.5572,710.08,19.4253,599.94,599.94,9.9686,66.2032,76.7532,2.6004,4.615,11.1198,15.7187,9.1113,172.116,343.32,710.08,74.0058,33.0,47.82,9.506,4.25,12.315,47.82,26.7765,14.9638,0.1779,0.1273,0.13,0.1274,0.2071,0.1299,0.1961,0.1231,543.48,275.4,358.0,84.5925,85.0425,85.2075,82.3275,83.475,82.0425,42.5129,523.53,520.0,20.4391,518.72,490.07,13.2425
86.225,57.525,4.4109,57.6375,286.5375,357.7179,571.75,2.5998,4.615,172.098,343.32,72.5571,710.08,19.4256,599.94,600.12,9.9685,66.2031,76.7549,2.5998,4.615,11.1199,15.7207,9.1113,172.102,343.35,710.08,74.0058,33.0,47.838,9.506,4.249,12.315,47.82,26.7875,14.9624,0.1778,0.1273,0.13,0.1274,0.2071,0.1299,0.1961,0.1231,543.44,275.4,358.05,84.5325,85.02,85.23,82.32,83.4375,82.02,42.4987,523.53,520.0,20.436,518.72,490.07,13.2465
86.225,57.525,4.4109,57.6375,286.5375,357.7179,571.75,2.5998,4.615,172.098,343.35,72.5569,710.08,19.4236,600.12,600.12,9.9684,66.203,76.7552,2.5998,4.615,11.12,15.7212,9.1113,172.102,343.35,710.08,73.9551,32.995,47.838,9.506,4.249,12.315,47.838,26.7875,14.961,0.1778,0.1273,0.13,0.1274,0.2071,0.1299,0.1961,0.1231,543.44,275.4,358.05,84.5325,85.02,85.23,82.32,83.4375,82.02,42.4882,523.5,520.0,20.433,518.72,490.07,13.2505
86.675,57.6,4.6453,57.5625,286.83,358.2345,571.2,2.5998,4.6175,172.098,343.35,72.5568,710.08,19.4231,600.12,600.12,9.9683,66.2029,76.7554,2.5998,4.6175,11.1201,15.7217,9.1113,172.102,343.35,710.08,73.9545,32.995,47.862,9.505,4.247,12.314,47.838,26.793,14.9596,0.1778,0.1273,0.1299,0.1274,0.2071,0.1299,0.1961,0.1231,543.44,275.45,358.05,84.5175,85.035,85.275,82.32,83.4,82.0425,42.474,523.5,520.0,20.43,518.75,490.1,13.2545
86.725,57.6,4.3906,57.6,286.8075,358.3378,571.9,2.5998,4.6175,172.0845,343.35,72.5567,710.08,19.4226,600.12,599.94,9.9682,66.2029,76.7557,2.5998,4.6175,11.1202,15.7197,9.1113,172.074,343.35,710.08,73.9539,32.995,47.874,9.505,4.246,12.314,47.862,26.7985,14.9582,0.1778,0.1273,0.1299,0.1273,0.207,0.1299,0.1961,0.1231,543.4,275.5,358.1,84.5325,85.035,85.32,82.32,83.4075,82.0875,42.4636,523.47,520.0,20.427,518.75,490.1,13.2585
86.925,57.525,3.8734,57.5625,286.8075,358.51,571.7,2.6004,4.6175,172.0575,343.35,72.5566,710.08,19.4243,599.94,600.0,9.9682,66.2028,76.7537,2.6004,4.6175,11.1177,15.7192,9.1124,172.06,343.35,710.08,73.9026,32.99,47.898,9.504,4.243,12.314,47.874,26.815,14.9568,0.1777,0.1273,0.1299,0.1273,0.207,0.1299,0.196,0.123,543.36,275.55,358.2,84.4725,85.065,85.395,82.305,83.385,82.0425,42.4496,523.47,520.0,20.4239,518.78,490.13,13.2625
86.925,57.525,3.8734,57.5625,286.8075,358.51,571.7,2.6004,4.6175,172.0575,343.35,72.5564,710.08,19.4238,600.0,600.0,9.9681,66.2027,76.7532,2.6004,4.6175,11.1168,15.7187,9.1124,172.06,343.35,710.08,73.9014,32.99,47.898,9.504,4.243,12.314,47.898,26.815,14.9641,0.1777,0.1273,0.1299,0.1273,0.207,0.1299,0.196,0.123,543.36,275.55,358.2,84.4725,85.065,85.395,82.305,83.385,82.0425,42.4394,523.44,520.0,20.4209,518.78,490.13,13.2665
86.375,57.6,4.8031,57.5625,286.695,358.3378,571.65,2.6004,4.6175,172.0575,343.35,72.5563,710.08,19.4238,600.0,600.0,9.968,66.2026,76.7527,2.6004,4.6175,11.1159,15.7182,9.1124,172.06,343.35,710.08,73.9001,32.99,47.916,9.503,4.242,12.313,47.898,26.826,14.9629,0.1777,0.1273,0.1299,0.1273,0.207,0.1299,0.196,0.123,543.36,275.55,358.2,84.525,85.0425,85.365,82.32,83.4075,81.9975,42.4255,523.44,520.0,20.4179,518.78,490.13,13.2705
86.45,57.5625,4.8187,57.525,286.56,358.4756,571.8,2.5998,4.6175,172.0575,343.35,72.5562,710.08,19.4238,600.0,600.0,9.9679,66.2025,76.7544,2.5998,4.6175,11.1175,15.7202,9.1118,172.06,343.35,710.08,73.8483,32.985,47.934,9.502,4.24,12.314,47.916,26.837,14.9618,0.1777,0.1273,0.1299,0.1273,0.207,0.1298,0.196,0.123,543.32,275.6,358.25,84.5175,85.0275,85.26,82.275,83.4,81.99,42.4153,523.41,520.0,20.4148,518.81,490.16,13.2745
86.975,57.6,4.2812,57.525,286.5825,357.8212,572.0,2.5998,4.6175,172.017,343.35,72.5561,710.08,19.4238,600.0,600.0,9.9678,66.2024,76.7547,2.5998,4.6175,11.1175,15.7207,9.1118,172.018,343.35,710.08,73.8464,32.985,47.928,9.502,4.239,12.313,47.934,26.837,14.9521,0.1776,0.1273,0.1299,0.1273,0.207,0.1298,0.196,0.123,543.32,275.6,358.3,84.5325,85.005,85.2525,82.2825,83.4075,82.0275,42.4053,523.38,520.0,20.4118,518.81,490.16,13.2785
86.975,57.6,4.2812,57.525,286.5825,357.8212,572.0,2.5998,4.6175,172.017,343.35,72.556,710.08,19.4238,600.0,600.0,9.9677,66.2024,76.7549,2.5998,4.6175,11.1176,15.7212,9.1118,172.018,343.35,710.08,73.7939,32.98,47.928,9.502,4.239,12.313,47.928,26.837,14.9507,0.1776,0.1273,0.1299,0.1273,0.207,0.1298,0.196,0.123,543.32,275.6,358.3,84.5325,85.005,85.2525,82.2825,83.4075,82.0275,42.3954,523.35,520.0,20.4088,518.81,490.16,13.2825
86.25,57.6,4.3531,57.525,286.5825,358.4756,571.9,2.6,4.6175,172.017,343.35,72.5552,710.16,19.4238,600.0,600.0,9.9677,66.2023,76.7544,2.6,4.6175,11.1177,15.7217,9.1118,172.018,343.35,710.16,73.7914,32.98,47.964,9.502,4.238,12.313,47.928,26.837,14.9493,0.1776,0.1272,0.1299,0.1273,0.207,0.1298,0.1959,0.123,543.28,275.65,358.3,84.555,84.9825,85.305,82.305,83.445,82.02,42.3819,523.35,520.0,20.4058,518.84,490.19,13.2865
86.175,57.5625,4.2203,57.6,287.1675,358.5789,571.7,2.6,4.6175,172.017,343.35,72.555,710.16,19.4238,600.0,600.0,9.9676,66.2022,76.7544,2.6,4.6175,11.1184,15.7197,9.1118,172.018,343.35,710.16,73.7889,32.98,47.988,9.501,4.235,12.313,47.964,26.8425,14.9479,0.1776,0.1272,0.1299,0.1273,0.207,0.1298,0.1959,0.123,543.28,275.65,358.35,84.5175,85.0275,85.26,82.2975,83.4975,82.005,42.3683,523.35,520.0,20.4027,518.84,490.19,13.2905
86.95,57.6,4.1266,57.5625,286.74,358.5444,571.3,2.6,4.6175,172.044,343.35,72.5547,710.16,19.4238,600.0,600.0,9.9675,66.2021,76.7544,2.6,4.6175,11.1187,15.7192,9.1118,172.032,343.35,710.16,73.7864,32.98,48.006,9.5,4.232,12.31,47.988,26.881,14.9465,0.1776,0.1272,0.1298,0.1273,0.207,0.1298,0.1959,0.123,543.24,275.7,358.4,84.5175,85.065,85.2375,82.3725,83.49,82.05,42.3548,523.35,520.0,20.3997,518.87,490.22,13.2945
86.95,57.6,4.1266,57.5625,286.74,358.5444,571.3,2.6,4.6175,172.044,343.35,72.5545,710.16,19.4238,600.0,600.0,9.9674,66.202,76.7544,2.6,4.6175,11.1191,15.7187,9.1118,172.032,343.35,710.16,73.7332,32.975,48.006,9.5,4.232,12.31,48.006,26.881,14.9538,0.1776,0.1272,0.1298,0.1273,0.207,0.1298,0.1959,0.123,543.24,275.7,358.4,84.5175,85.065,85.2375,82.3725,83.49,82.05,42.3488,523.29,520.0,20.3967,518.87,490.22,13.2985
86.925,57.5625,4.8391,57.6,287.01,358.3723,571.3,2.6,4.6175,172.0305,343.35,72.5542,710.16,19.4238,600.0,600.0,9.9673,66.2019,76.7544,2.6,4.6175,11.1194,15.7182,9.1118,172.032,343.35,710.16,73.7301,32.975,47.994,9.499,4.234,12.31,48.006,26.8865,14.9527,0.1776,0.1272,0.1298,0.1273,0.207,0.1298,0.1959,0.123,543.24,275.7,358.45,84.5475,85.035,85.2375,82.335,83.535,82.0725,42.3355,523.29,520.0,20.3936,518.87,490.22,13.3025
86.025,57.5625,4.65,57.5625,286.695,358.2345,571.7,2.6,4.6175,172.017,343.35,72.5552,710.0,19.4238,600.0,600.0,9.9672,66.2019,76.7544,2.6,4.6175,11.1197,15.7202,9.1118,172.004,343.35,710.0,73.727,32.975,47.976,9.499,4.234,12.31,47.994,26.8865,14.9516,0.1776,0.1272,0.1299,0.1273,0.207,0.1298,0.1959,0.123,543.2,275.75,358.45,84.585,84.99,85.23,82.3125,83.5575,82.02,42.3222,523.29,520.0,20.3906,518.9,490.22,13.3065
86.425,57.5625,3.9812,57.6,287.4375,358.0279,571.85,2.6,4.6175,172.017,343.35,72.5552,710.0,19.4238,600.0,600.0,9.9672,66.2018,76.7544,2.6,4.6175,11.12,15.7207,9.1118,172.004,343.35,710.0,73.7239,32.975,47.964,9.499,4.231,12.31,47.976,26.87,14.9504,0.1775,0.1272,0.1299,0.1273,0.207,0.1298,0.1959,0.123,543.16,275.8,358.55,84.645,84.9825,85.3125,82.3575,83.55,81.9375,42.3126,523.26,520.0,20.3876,518.9,490.25,13.3105
86.725,57.6,4.7812,57.6,287.055,358.3723,571.85,2.6,4.6175,171.99,343.35,72.5539,710.16,19.4238,600.0,600.0,9.9671,66.2017,76.7544,2.6,4.6175,11.1204,15.7187,9.1113,171.99,343.35,710.16,73.6701,32.97,47.964,9.499,4.227,12.31,47.964,26.8645,14.9493,0.1775,0.1272,0.1299,0.1273,0.207,0.1298,0.1959,0.123,543.16,275.8,358.55,84.66,84.9525,85.3275,82.305,83.565,81.9675,42.3032,523.23,520.0,20.3845,518.93,490.25,13.3145
86.725,57.6,4.7812,57.6,287.055,358.3723,571.85,2.6,4.6175,171.99,343.35,72.5537,710.16,19.4238,600.0,600.0,9.967,66.2016,76.7544,2.6,4.6175,11.1207,15.7182,9.1113,171.99,343.35,710.16,73.6663,32.97,47.964,9.499,4.227,12.31,47.964,26.8645,14.9396,0.1775,0.1272,0.1299,0.1273,0.207,0.1298,0.1959,0.123,543.16,275.8,358.55,84.66,84.9525,85.3275,82.305,83.565,81.9675,42.2939,523.2,520.0,20.3815,518.93,490.25,13.3185
86.575,57.6,4.3859,57.5625,286.605,358.3723,572.05,2.6,4.6175,171.99,343.35,72.5534,710.16,19.4238,600.0,600.0,9.9669,66.2015,76.7544,2.6,4.6175,11.121,15.7177,9.1113,171.99,343.35,710.16,73.6626,32.97,47.988,9.499,4.222,12.31,47.964,26.859,14.9382,0.1774,0.1272,0.1299,0.1273,0.207,0.1298,0.1959,0.123,543.12,275.85,358.6,84.6675,84.93,85.32,82.2675,83.58,81.9975,42.281,523.2,520.0,20.3785,518.93,490.28,13.3225
86.4,57.6,4.0078,57.525,286.7625,358.6133,571.25,2.6,4.6175,171.99,343.35,72.5544,710.0,19.4238,600.0,600.0,9.9668,66.2014,76.7544,2.6,4.6175,11.1182,15.7197,9.1113,171.99,343.35,710.0,73.6588,32.97,48.0,9.499,4.218,12.31,47.988,26.8645,14.9368,0.1773,0.1272,0.1298,0.1273,0.2069,0.1298,0.1959,0.123,543.08,275.85,358.6,84.615,84.975,85.3575,82.2225,83.565,82.005,42.2718,523.17,520.0,20.3755,518.93,490.28,13.3265
86.925,57.5625,4.475,57.5625,287.415,357.8557,571.2,2.6,4.6175,171.99,343.35,72.5544,710.0,19.4238,600.0,600.0,9.9667,66.2013,76.7544,2.6,4.6175,11.1173,15.7202,9.1113,171.99,343.35,710.0,73.6551,32.97,48.012,9.499,4.215,12.306,48.0,26.881,14.9441,0.1773,0.1272,0.1298,0.1273,0.2069,0.1298,0.1959,0.123,543.08,275.9,358.65,84.6525,84.96,85.3575,82.275,83.5725,82.05,42.2628,523.14,520.0,20.3724,518.93,490.28,13.3305
86.2,57.5625,4.225,57.5625,287.2125,358.2345,571.65,2.6,4.6175,171.99,343.35,72.5544,710.0,19.4238,600.0,600.0,9.9667,66.2013,76.7544,2.6,4.6175,11.1164,15.7207,9.1118,171.99,343.35,710.0,73.6007,32.965,48.012,9.498,4.213,12.307,48.012,26.8975,14.9429,0.1773,0.1272,0.1298,0.1272,0.2069,0.1298,0.1959,0.123,543.04,275.95,358.7,84.5925,84.975,85.2825,82.2975,83.565,82.08,42.2501,523.14,520.0,20.3694,518.96,490.31,13.3345
86.2,57.5625,4.225,57.5625,287.2125,358.2345,571.65,2.6,4.6175,171.99,343.35,72.5544,710.0,19.4238,600.0,600.0,9.9666,66.2012,76.7544,2.6,4.6175,11.1155,15.7212,9.1118,171.99,343.35,710.0,73.5964,32.965,48.012,9.498,4.213,12.307,48.012,26.8975,14.9418,0.1773,0.1272,0.1298,0.1272,0.2069,0.1298,0.1959,0.123,543.04,275.95,358.7,84.5925,84.975,85.2825,82.2975,83.565,82.08,42.2449,523.08,520.0,20.3664,518.96,490.31,13.3385
86.675,57.6,4.7875,57.525,286.92,358.7166,572.0,2.6,4.6175,171.99,343.35,72.5544,710.0,19.4238,600.0,600.0,9.9665,66.2011,76.7544,2.6,4.6175,11.1177,15.7198,9.1118,171.99,343.35,710.0,73.592,32.965,48.006,9.498,4.214,12.307,48.012,26.8975,14.9407,0.1773,0.1272,0.1298,0.1272,0.2069,0.1298,0.1959,0.123,543.0,275.95,358.75,84.6,84.9525,85.29,82.3275,83.5125,82.0275,42.2325,523.08,520.0,20.3633,518.96,490.31,13.3425
86.2,57.6,3.9344,57.6,286.8975,358.2345,571.3,2.6,4.6175,171.99,343.35,72.5544,710.0,19.4238,600.0,600.0,9.9664,66.201,76.7544,2.6,4.6175,11.118,15.7196,9.1118,171.976,343.35,710.0,73.537,32.96,48.006,9.498,4.212,12.307,48.006,26.8865,14.9396,0.1772,0.1272,0.1298,0.1272,0.2069,0.1298,0.1959,0.123,542.96,276.0,358.8,84.585,85.02,85.2525,82.4025,83.5125,82.02,42.2238,523.05,520.0,20.3603,518.99,490.34,13.3465
86.2,57.6,3.9344,57.6,286.8975,358.2345,571.3,2.6,4.6175,171.99,343.35,72.5544,710.0,19.4238,600.0,600.0,9.9663,66.2009,76.7544,2.6,4.6175,11.1183,15.7193,9.1118,171.976,343.35,710.0,73.532,32.96,48.006,9.498,4.212,12.307,48.006,26.8865,14.9385,0.1772,0.1272,0.1298,0.1272,0.2069,0.1298,0.1959,0.123,542.96,276.0,358.8,84.585,85.02,85.2525,82.4025,83.5125,82.02,42.2152,523.02,520.0,20.3573,518.99,490.34,13.3505
86.6,57.6,4.7641,57.6,287.46,358.5444,571.35,2.6,4.6175,171.99,343.35,72.5544,710.0,19.4238,600.0,600.0,9.9663,66.2008,76.7544,2.6,4.6175,11.1187,15.7191,9.1118,171.976,343.35,710.0,73.527,32.96,48.006,9.498,4.209,12.307,48.006,26.8865,14.9374,0.1772,0.1272,0.1298,0.1272,0.2069,0.1298,0.1959,0.123,542.92,276.0,358.85,84.585,84.9825,85.275,82.3875,83.5275,81.975,42.203,523.02,520.0,20.3543,518.99,490.34,13.3545
86.05,57.525,4.1156,57.5625,286.74,358.3723,572.0,2.6,4.6175,171.9765,343.35,72.5544,710.0,19.4238,600.0,600.0,9.9662,66.2008,76.7544,2.6,4.6175,11.119,15.7207,9.1118,171.976,343.35,710.0,73.522,32.96,48.012,9.498,4.207,12.307,48.006,26.881,14.9363,0.1772,0.1272,0.1298,0.1272,0.2069,0.1298,0.1959,0.123,542.88,276.05,358.85,84.57,84.975,85.305,82.3725,83.5725,82.02,42.1946,522.99,520.0,20.3512,518.99,490.34,13.3585
86.6,57.5625,4.1047,57.5625,286.7175,358.2345,572.1,2.6,4.6175,171.9765,343.35,72.5544,710.0,19.4238,600.0,600.0,9.9661,66.2007,76.7544,2.6,4.6175,11.1193,15.7212,9.1118,171.976,343.35,710.0,73.4664,32.955,48.012,9.498,4.204,12.306,48.012,26.8865,14.9352,0.1772,0.1272,0.1298,0.1272,0.2069,0.1298,0.1959,0.123,542.88,276.05,358.9,84.5925,84.9525,85.32,82.3875,83.52,81.975,42.1863,522.96,520.0,20.3482,519.02,490.34,13.3625
86.175,57.5625,3.8594,57.5625,286.74,357.7868,571.45,2.6,4.6175,171.9765,343.35,72.5544,710.0,19.4238,600.0,600.0,9.966,66.2006,76.7544,2.6,4.6175,11.1196,15.7217,9.1118,171.976,343.35,710.0,73.4607,32.955,48.012,9.498,4.202,12.306,48.012,26.8865,14.9341,0.1771,0.1272,0.1298,0.1272,0.2069,0.1298,0.1959,0.123,542.84,276.1,358.9,84.5625,84.9825,85.3575,82.4025,83.535,81.99,42.1781,522.93,520.0,20.3452,519.02,490.37,13.3665
86.425,57.5625,3.8781,57.525,287.1675,357.7868,571.2,2.6,4.6175,172.0035,343.35,72.5544,710.0,19.4238,600.0,600.0,9.9659,66.2005,76.7544,2.6,4.6175,11.12,15.7203,9.1118,172.004,343.38,710.0,73.4551,32.955,48.006,9.498,4.198,12.305,48.012,26.8865,14.9329,0.1771,0.1272,0.1298,0.1272,0.2069,0.1298,0.1959,0.123,542.8,276.15,359.0,84.6,84.9825,85.4025,82.305,83.5425,81.975,42.17,522.9,520.0,20.3421,519.02,490.37,13.3705
86.425,57.5625,3.8781,57.525,287.1675,357.7868,571.2,2.6,4.6175,172.0035,343.38,72.5544,710.0,19.4238,600.0,600.0,9.9658,66.2004,76.7544,2.6,4.6175,11.1203,15.72,9.1118,172.004,343.38,710.0,73.3989,32.95,48.006,9.498,4.198,12.305,48.006,26.8865,14.9318,0.1771,0.1272,0.1298,0.1272,0.2069,0.1298,0.1959,0.123,542.8,276.15,359.0,84.6,84.9825,85.4025,82.305,83.5425,81.975,42.1658,522.84,520.0,20.3391,519.02,490.37,13.3745
86.45,57.6,3.9516,57.5625,287.145,357.9934,571.75,2.6,4.6175,172.0035,343.38,72.5544,710.0,19.4238,600.0,600.0,9.9658,66.2003,76.7544,2.6,4.6175,11.1206,15.7198,9.1118,171.99,343.38,710.0,73.3926,32.95,48.0,9.498,4.197,12.304,48.006,26.8865,14.9307,0.1771,0.1272,0.1298,0.1272,0.2069,0.1298,0.1959,0.123,542.76,276.15,359.0,84.6075,85.02,85.3575,82.3275,83.5575,81.99,42.1543,522.84,520.0,20.3361,519.05,490.37,13.3785
86.15,57.525,4.1859,57.6,287.325,358.1656,571.9,2.6,4.6175,172.0035,343.38,72.5544,710.0,19.4238,600.0,600.0,9.9657,66.2003,76.7544,2.6,4.6175,11.1178,15.7196,9.1118,171.99,343.35,710.0,73.3864,32.95,47.994,9.498,4.196,12.304,48.0,26.881,14.9296,0.1771,0.1272,0.1298,0.1272,0.2069,0.1298,0.1959,0.123,542.72,276.2,359.05,84.6075,85.035,85.305,82.3575,83.565,81.9825,42.1466,522.81,520.0,20.3331,519.05,490.37,13.3825
86.275,57.6,3.9594,57.6,286.83,358.51,571.6,2.6,4.6175,172.0035,343.35,72.5544,710.0,19.4238,600.0,600.0,9.9656,66.2002,76.7544,2.6,4.6175,11.1169,15.7193,9.1118,171.99,343.35,710.0,73.3801,32.95,47.994,9.498,4.193,12.304,47.994,26.881,14.9285,0.177,0.1272,0.1298,0.1272,0.2069,0.1298,0.1959,0.123,542.68,276.2,359.1,84.6,85.0875,85.29,82.365,83.58,82.005,42.139,522.78,520.0,20.33,519.05,490.4,13.3865
86.475,57.6,4.0031,57.6,286.875,357.9245,571.75,2.6,4.6175,172.017,343.35,72.5544,710.0,19.4238,600.0,600.0,9.9655,66.2001,76.7544,2.6,4.6175,11.116,15.7215,9.1118,172.018,343.35,710.0,73.3739,32.95,48.0,9.498,4.191,12.304,47.994,26.8755,14.9274,0.177,0.1272,0.1298,0.1272,0.2069,0.1298,0.1959,0.123,542.68,276.2,359.1,84.615,85.1325,85.26,82.305,83.5275,82.005,42.1278,522.78,520.0,20.327,519.05,490.4,13.3905
86.125,57.6,4.4344,57.6,287.2575,358.0623,571.9,2.6,4.6175,172.017,343.35,72.5544,710.0,19.4238,600.0,600.0,9.9654,66.2,76.7544,2.6,4.6175,11.1182,15.7223,9.1118,172.018,343.35,710.0,73.317,32.945,47.994,9.498,4.189,12.304,48.0,26.8755,14.9263,0.177,0.1272,0.1298,0.1273,0.207,0.1298,0.1959,0.123,542.64,276.25,359.15,84.63,85.14,85.245,82.3425,83.4825,81.975,42.1203,522.75,520.0,20.324,519.05,490.4,13.3945
86.625,57.5625,4.2703,57.525,286.65,358.5789,572.15,2.6,4.6175,172.017,343.35,72.5544,710.0,19.4238,600.0,600.0,9.9653,66.1999,76.7544,2.6,4.6175,11.1185,15.723,9.1118,172.018,343.35,710.0,73.3101,32.945,47.982,9.498,4.188,12.303,47.994,26.8755,14.9252,0.177,0.1272,0.1298,0.1273,0.207,0.1298,0.1959,0.123,542.6,276.25,359.15,84.63,85.155,85.2225,82.3875,83.4825,82.02,42.1129,522.72,520.0,20.3209,519.08,490.4,13.3985
86.225,57.6,3.9047,57.6,286.965,358.3034,571.4,2.6,4.6175,172.0305,343.35,72.5544,710.0,19.4238,600.0,600.0,9.9653,66.1998,76.7544,2.6,4.6175,11.1188,15.7213,9.1118,172.032,343.35,710.0,73.3033,32.945,47.982,9.498,4.187,12.302,47.982,26.87,14.9241,0.177,0.1272,0.1298,0.1273,0.207,0.1298,0.1959,0.123,542.56,276.3,359.2,84.645,85.1325,85.1925,82.395,83.5125,81.99,42.1057,522.69,520.0,20.3179,519.08,490.4,13.4025
86.075,57.5625,4.6828,57.5625,286.9425,358.6478,571.7,2.5998,4.6175,172.0305,343.35,72.5544,710.0,19.4238,600.0,600.0,9.9652,66.1998,76.7552,2.5998,4.6175,11.1192,15.721,9.1118,172.032,343.35,710.0,73.2964,32.945,47.964,9.499,4.182,12.302,47.982,26.8645,14.9229,0.1769,0.1272,0.1298,0.1273,0.207,0.1298,0.1959,0.123,542.52,276.35,359.25,84.585,85.095,85.1475,82.4475,83.46,81.9525,42.1024,522.63,520.0,20.3149,519.08,490.43,13.4065
86.075,57.5625,4.6828,57.5625,286.9425,358.6478,571.7,2.5998,4.6175,172.0305,343.35,72.5544,710.0,19.4238,600.0,600.0,9.9651,66.1997,76.7554,2.5998,4.6175,11.1195,15.7208,9.1118,172.032,343.35,710.0,73.2389,32.94,47.964,9.499,4.182,12.302,47.964,26.8645,14.9218,0.1769,0.1272,0.1298,0.1273,0.207,0.1298,0.1959,0.123,542.52,276.35,359.25,84.585,85.095,85.1475,82.4475,83.46,81.9525,42.0992,522.57,520.0,20.3119,519.08,490.43,13.4212
86.725,57.5625,4.1984,57.5625,286.74,358.7166,571.55,2.5998,4.6175,172.0575,343.35,72.5544,710.0,19.4238,600.0,600.0,9.965,66.2003,76.7557,2.5998,4.6175,11.1198,15.7205,9.1113,172.046,343.35,710.0,73.2314,32.94,47.964,9.499,4.18,12.302,47.964,26.859,14.9207,0.1769,0.1272,0.1298,0.1273,0.207,0.1298,0.1959,0.123,542.48,276.35,359.3,84.6225,85.08,85.1175,82.4475,83.415,81.915,42.0889,522.57,520.0,20.3088,519.08,490.43,13.4258
86.35,57.6375,4.3,57.6375,286.785,358.3378,571.95,2.6004,4.6175,172.071,343.35,72.5544,710.0,19.4238,600.0,600.0,9.9649,66.2005,76.7537,2.6004,4.6175,11.1202,15.7203,9.1113,172.074,343.35,710.0,73.2239,32.94,47.958,9.499,4.178,12.301,47.964,26.859,14.9196,0.1769,0.1272,0.1298,0.1273,0.207,0.1298,0.1959,0.123,542.44,276.4,359.3,84.615,85.0875,85.1325,82.4775,83.415,81.9375,42.0822,522.54,520.0,20.3058,519.11,490.43,13.4305
86.8,57.525,4.2016,57.6,287.145,357.9245,571.65,2.6004,4.6175,172.071,343.35,72.5544,710.0,19.4238,600.0,600.0,9.9648,66.2007,76.7532,2.6004,4.6175,11.1205,15.72,9.1118,172.06,343.35,710.0,73.2164,32.94,47.94,9.5,4.176,12.301,47.958,26.8535,14.9185,0.1768,0.1272,0.1298,0.1273,0.207,0.1298,0.196,0.123,542.4,276.45,359.35,84.63,85.11,85.1175,82.455,83.46,81.9675,42.0757,522.51,520.0,20.3028,519.11,490.43,13.4352
86.425,57.5625,4.4266,57.5625,287.5725,358.7511,572.15,2.6004,4.6175,172.071,343.35,72.5551,709.92,19.4238,600.0,600.0,9.9648,66.2001,76.7527,2.6004,4.6175,11.1208,15.7198,9.1124,172.06,343.35,709.92,73.1582,32.935,47.922,9.5,4.175,12.301,47.94,26.848,14.9174,0.1768,0.1272,0.1298,0.1273,0.207,0.1298,0.196,0.1231,542.36,276.45,359.4,84.5925,85.1175,85.11,82.4175,83.4225,81.93,42.0693,522.48,520.0,20.2997,519.11,490.43,13.4398
86.775,57.5625,4.1125,57.6,287.0325,358.0279,572.0,2.6004,4.6175,172.071,343.35,72.5552,709.92,19.4238,600.0,600.0,9.9647,66.2,76.7522,2.6004,4.6175,11.1211,15.7196,9.1124,172.06,343.35,709.92,73.1501,32.935,47.928,9.5,4.173,12.3,47.922,26.8425,14.9249,0.1768,0.1272,0.1298,0.1273,0.207,0.1298,0.196,0.1231,542.32,276.5,359.45,84.6075,85.1625,85.1625,82.3875,83.4525,81.945,42.0631,522.45,520.0,20.2967,519.11,490.46,13.4445
86.25,57.5625,3.9703,57.5625,287.2125,358.6133,572.2,2.5998,4.6175,172.1115,343.35,72.5553,709.92,19.4238,600.0,600.0,9.9653,66.1999,76.7539,2.5998,4.6175,11.119,15.7218,9.1118,172.102,343.35,709.92,73.142,32.935,47.922,9.501,4.167,12.3,47.928,26.837,14.9241,0.1768,0.1272,0.1298,0.1273,0.207,0.1298,0.196,0.1231,542.28,276.55,359.55,84.5925,85.1025,85.155,82.38,83.4225,82.0275,42.0569,522.42,520.0,20.2937,519.11,490.46,13.4492
86.25,57.5625,3.9703,57.5625,287.2125,358.6133,572.2,2.5998,4.6175,172.1115,343.35,72.5554,709.92,19.4238,600.0,600.0,9.9655,66.1998,76.7542,2.5998,4.6175,11.1183,15.7225,9.1118,172.102,343.35,709.92,73.1339,32.935,47.922,9.501,4.167,12.3,47.922,26.837,14.9232,0.1768,0.1272,0.1298,0.1273,0.207,0.1298,0.196,0.1231,542.28,276.55,359.55,84.5925,85.1025,85.155,82.38,83.4225,82.0275,42.0584,522.33,520.0,20.2907,519.11,490.46,13.4538
86.75,57.6375,4.0859,57.525,287.0325,358.4411,571.95,2.5998,4.615,172.125,343.35,72.5543,710.08,19.4238,600.0,600.0,9.9657,66.1998,76.7544,2.5998,4.615,11.1176,15.7233,9.1118,172.116,343.35,710.08,73.1257,32.935,47.904,9.501,4.166,12.3,47.922,26.837,14.9224,0.1767,0.1272,0.1298,0.1273,0.207,0.1298,0.196,0.1231,542.24,276.6,359.6,84.6,85.0725,85.185,82.4025,83.4675,82.0125,42.049,522.33,520.0,20.2876,519.11,490.46,13.4585
86.2,57.525,3.9359,57.6,287.01,358.3723,571.7,2.5998,4.615,172.125,343.35,72.5542,710.08,19.4238,600.0,600.0,9.9658,66.1997,76.7547,2.5998,4.615,11.117,15.724,9.1118,172.116,343.35,710.08,73.067,32.93,47.88,9.502,4.164,12.3,47.904,26.8205,14.9129,0.1767,0.1272,0.1299,0.1273,0.207,0.1298,0.196,0.1231,542.2,276.65,359.65,84.5925,85.035,85.17,82.4025,83.4225,82.02,42.0434,522.3,520.0,20.2846,519.11,490.46,13.4632
86.825,57.5625,4.5234,57.6375,287.4825,358.4067,572.0,2.5998,4.615,172.1385,343.35,72.5541,710.08,19.4238,600.0,600.0,9.9653,66.2003,76.7549,2.5998,4.615,11.1188,15.7223,9.1113,172.144,343.35,710.08,73.0583,32.93,47.862,9.502,4.163,12.3,47.88,26.8095,14.9118,0.1767,0.1273,0.1299,0.1273,0.207,0.1298,0.196,0.1231,542.16,276.65,359.65,84.5775,85.065,85.185,82.3875,83.3925,82.065,42.0378,522.27,520.0,20.2816,519.14,490.46,13.4678
86.3,57.525,4.375,57.5625,287.235,357.8557,571.6,2.5998,4.615,172.179,343.35,72.5552,709.92,19.4238,600.0,599.94,9.9652,66.2005,76.7552,2.5998,4.615,11.1197,15.722,9.1108,172.172,343.35,709.92,73.0495,32.93,47.844,9.503,4.159,12.3,47.862,26.782,14.9107,0.1767,0.1273,0.1299,0.1273,0.2071,0.1298,0.1961,0.1231,542.08,276.7,359.75,84.615,85.0725,85.185,82.4475,83.4675,82.05,42.0362,522.21,520.0,20.2785,519.14,490.46,13.4725
86.3,57.525,4.375,57.5625,287.235,357.8557,571.6,2.5998,4.615,172.179,343.35,72.5553,709.92,19.4246,599.94,599.94,9.9651,66.2007,76.7554,2.5998,4.615,11.1203,15.7218,9.1108,172.172,343.35,709.92,72.9901,32.925,47.844,9.503,4.159,12.3,47.844,26.782,14.9096,0.1767,0.1273,0.1299,0.1273,0.2071,0.1298,0.1961,0.1231,542.08,276.7,359.75,84.615,85.0725,85.185,82.4475,83.4675,82.05,42.0348,522.15,520.0,20.2755,519.14,490.46,13.4772
86.275,57.5625,3.9891,57.5625,286.83,357.9934,571.65,2.5998,4.615,172.179,343.35,72.5554,709.92,19.4248,599.94,599.94,9.965,66.2008,76.7557,2.5998,4.615,11.1209,15.7215,9.1108,172.172,343.35,709.92,72.9808,32.925,47.832,9.504,4.156,12.298,47.844,26.782,14.9085,0.1767,0.1273,0.1299,0.1273,0.2071,0.1298,0.1961,0.1231,542.04,276.75,359.8,84.6225,85.065,85.1625,82.4625,83.505,82.0425,42.0261,522.15,520.0,20.2725,519.14,490.46,13.4818
86.125,57.5625,3.8844,57.525,287.1225,358.0279,571.8,2.6002,4.615,172.1925,343.35,72.5543,710.08,19.4251,599.94,599.94,9.9649,66.2003,76.7544,2.6002,4.615,11.1184,15.7213,9.1124,172.2,343.35,710.08,72.9714,32.925,47.814,9.504,4.153,12.298,47.832,26.7765,14.916,0.1767,0.1273,0.1299,0.1273,0.2071,0.1298,0.1961,0.1231,542.0,276.8,359.85,84.6525,85.095,85.125,82.425,83.46,82.05,42.0249,522.09,520.0,20.2695,519.14,490.46,13.4865
86.725,57.6,3.9125,57.6,287.595,358.4756,571.8,2.6002,4.615,172.1925,343.35,72.5542,710.08,19.4253,599.94,599.94,9.9648,66.2002,76.7542,2.6002,4.615,11.1177,15.7217,9.1124,172.2,343.35,710.08,72.962,32.925,47.79,9.505,4.151,12.297,47.814,26.771,14.9152,0.1767,0.1273,0.1299,0.1274,0.2071,0.1298,0.1961,0.1231,541.92,276.8,359.85,84.6825,85.1175,85.11,82.3725,83.415,82.0275,42.0202,522.06,520.0,20.2664,519.14,490.49,13.4912
86.425,57.6375,4.1531,57.6,287.0325,357.9934,571.85,2.6002,4.615,172.233,343.35,72.5541,710.08,19.4256,599.94,600.12,9.9648,66.2001,76.7539,2.6002,4.615,11.117,15.7217,9.1118,172.228,343.35,710.08,72.9526,32.925,47.784,9.506,4.15,12.297,47.79,26.76,14.9143,0.1766,0.1273,0.1299,0.1274,0.2071,0.1298,0.1961,0.1232,541.88,276.85,359.9,84.63,85.1175,85.1475,82.38,83.46,82.035,42.0156,522.03,520.0,20.2634,519.14,490.49,13.4958
86.625,57.5625,3.9688,57.525,287.595,358.4756,572.05,2.6002,4.6125,172.233,343.35,72.5539,710.08,19.4236,600.12,600.12,9.9647,66.2,76.7537,2.6002,4.6125,11.1163,15.7217,9.1118,172.228,343.35,710.08,72.8926,32.92,47.766,9.506,4.147,12.299,47.784,26.7435,14.9135,0.1766,0.1273,0.1299,0.1274,0.2072,0.1299,0.1961,0.1232,541.84,276.85,359.95,84.6525,85.0875,85.1925,82.3425,83.4225,82.05,42.015,521.97,520.0,20.2604,519.14,490.49,13.5005
86.25,57.6,4.3391,57.525,287.145,358.51,571.95,2.5996,4.6125,172.2735,343.35,72.5551,709.92,19.4231,600.12,600.06,9.9653,66.1999,76.7557,2.5996,4.6125,11.1188,15.721,9.1113,172.27,343.35,709.92,72.8826,32.92,47.748,9.507,4.145,12.298,47.766,26.7325,14.9127,0.1766,0.1273,0.1299,0.1274,0.2072,0.1299,0.1961,0.1232,541.8,276.9,359.95,84.69,85.0425,85.1625,82.305,83.475,82.065,42.0108,521.94,520.0,20.2573,519.14,490.49,13.5052
86.1,57.5625,3.8516,57.5625,287.3025,358.6133,571.45,2.5996,4.6125,172.2735,343.35,72.5552,709.92,19.4233,600.06,600.06,9.9655,66.1998,76.7562,2.5996,4.6125,11.1194,15.7208,9.1113,172.27,343.35,709.92,72.8726,32.92,47.718,9.507,4.143,12.297,47.748,26.7215,14.9118,0.1766,0.1273,0.1299,0.1274,0.2072,0.1299,0.1962,0.1232,541.76,276.9,360.0,84.6375,85.0725,85.2225,82.3125,83.4375,82.0125,42.0104,521.88,520.0,20.2543,519.14,490.49,13.5098
86.45,57.525,4.1609,57.6,287.145,358.0279,571.55,2.5996,4.615,172.3005,343.35,72.5553,709.92,19.4231,600.06,600.0,9.9657,66.1998,76.7567,2.5996,4.615,12.2118,16.9662,9.1113,172.298,343.35,709.92,72.8626,32.92,35.556,9.508,4.142,12.297,47.718,26.7105,14.911,0.1764,0.1273,0.1299,0.1273,0.207,0.1298,0.196,0.1231,541.72,276.95,360.05,84.6675,85.1025,85.245,82.3125,83.445,82.005,42.0066,521.85,520.0,20.2513,519.14,490.49,13.5145
86.725,57.5625,4.8281,57.6,286.7175,358.0279,570.9,2.6002,4.62,172.3275,343.35,72.5542,710.08,19.4236,600.0,600.12,9.9651,66.1989,76.7549,2.6002,4.62,0.0,17.7217,9.1124,172.326,343.41,710.08,72.7514,32.91,21.654,9.506,4.13,12.108,35.556,22.195,13.6013,0.1759,0.127,0.1296,0.127,0.2066,0.1295,0.1956,0.1229,539.96,277.0,360.1,84.6525,85.08,85.2675,82.26,83.415,82.05,42.2095,520.17,520.0,20.2482,519.14,490.49,13.4978
86.7,57.5625,4.6422,57.6,287.2125,358.51,571.4,2.6016,4.6375,172.4085,343.41,72.5509,710.48,19.4221,600.12,600.48,9.9635,66.1986,76.7494,2.6016,4.6375,0.0,18.4221,9.1146,172.41,343.56,710.48,0.0,32.9,6.144,9.496,4.11,11.763,21.654,14.7535,11.3452,0.1679,0.1258,0.1289,0.1264,0.2058,0.1288,0.1947,0.1223,535.88,277.05,360.15,84.615,85.1025,85.26,82.275,83.4525,82.095,42.7011,516.24,520.0,20.2452,519.11,490.49,5.0
86.7,57.6375,4.0219,57.5625,287.055,358.5444,572.5,2.604,4.6725,172.53,343.56,72.5452,711.12,19.4171,600.48,601.14,9.9614,66.196,76.7384,2.604,4.6725,0.0,19.1572,9.1201,172.522,343.83,711.12,0.0,32.87,0.0,9.471,3.536,11.271,6.144,5.2,8.3202,0.139,0.1224,0.1274,0.125,0.2041,0.1274,0.193,0.1211,527.52,277.1,360.2,84.5625,85.125,85.29,82.245,83.4375,82.095,43.7233,508.2,520.0,20.2572,519.05,490.46,5.0
86.55,57.5625,4.5453,57.6,288.45,359.8531,573.45,2.6162,4.86,0.0,343.83,72.5178,714.4,19.4068,601.14,609.66,9.9386,66.1822,76.6877,2.6162,4.86,0.0,19.0226,9.1476,0.0,343.89,714.4,0.0,32.78,0.0,9.417,1.391,10.673,0.0,-4.9695,4.831,0.1138,0.1138,0.1272,0.1221,1.4085,0.1271,0.1699,0.1138,513.36,276.75,360.25,84.5775,85.1625,85.32,82.2975,83.4,82.11,45.4769,494.58,520.0,20.2697,519.02,490.4,5.0
86.775,57.525,4.3375,57.5625,289.0575,360.783,575.9,2.568,4.075,0.0,343.89,72.6141,701.2,19.2956,609.66,616.32,9.9138,66.2248,76.8482,2.568,4.075,0.0,19.4571,9.0387,0.0,339.81,701.2,0.0,32.785,0.012,9.029,0.0,9.459,0.0,-6.9275,1.8818,0.1406,0.1405,0.1478,0.145,1.4087,0.1478,0.1516,0.1406,513.16,276.45,359.85,84.6075,85.185,85.2825,82.335,83.4075,82.0725,45.6059,494.37,520.0,20.2827,518.99,490.37,5.0
86.575,57.5625,4.6531,57.6,290.0475,361.2996,576.65,2.6042,4.6925,0.0,339.81,72.5484,711.36,19.1721,616.32,623.22,9.8827,66.1987,76.7524,2.6042,4.6925,0.0,19.7109,9.1212,0.0,344.46,711.36,0.0,32.785,2.352,7.061,0.0,8.795,0.012,-41.0,0.0,0.1203,0.1203,0.1242,0.1227,1.4088,0.1242,0.1321,0.1203,512.92,276.1,359.4,84.6,85.14,85.29,82.3425,83.4375,82.11,45.7396,494.13,520.0,20.2961,518.99,490.34,5.0
86.7,57.525,4.525,57.6,289.575,361.644,577.7,2.6508,5.39,0.0,344.46,72.4419,724.72,19.0178,623.22,629.28,9.8406,66.1462,76.5724,2.6508,5.39,0.0,20.0296,9.2317,0.0,350.31,724.72,0.0,32.785,14.772,7.119,0.0,7.615,2.352,-37.1225,0.0,0.0905,0.0905,0.0943,0.0928,1.4089,0.0942,0.104,0.0905,516.08,275.8,359.0,84.6375,85.1325,85.3125,82.3125,83.4,82.065,45.4608,497.19,520.0,20.3101,518.96,490.34,5.0
86.45,57.5625,4.7641,57.525,290.115,361.4029,577.4,2.7124,6.0425,0.0,350.31,72.2896,741.28,18.8453,629.28,643.08,9.779,66.0661,76.2779,2.7124,6.0425,0.0,20.5074,9.3703,0.0,357.0,741.28,0.0,32.785,40.554,6.242,0.0,6.045,14.772,-17.1355,0.0,0.0563,0.0551,0.0593,0.0576,1.409,0.0593,0.0644,0.055,524.52,275.5,358.6,84.6525,85.17,85.2825,82.32,83.4,82.05,44.5347,505.32,520.0,20.3095,518.93,490.31,5.0
86.275,57.6,4.7047,57.525,289.08,361.0929,576.75,2.766,6.4675,0.0,357.0,72.1376,754.48,18.5508,643.08,644.64,9.7202,65.9782,75.9364,2.766,6.4675,0.0,20.8312,9.4847,0.0,361.98,754.48,0.0,32.81,62.1,4.942,0.105,5.467,40.554,7.367,0.0,0.0331,0.0279,0.033,0.0308,1.409,0.033,0.0319,0.0274,537.52,275.2,358.2,84.6375,85.1175,85.29,82.2675,83.3625,82.0725,43.0308,517.8,520.0,20.309,518.9,490.28,5.0
86.075,57.6,3.9719,57.525,288.8325,360.8518,575.2,2.7888,6.6575,0.0,361.98,72.0249,760.0,18.3518,644.64,649.98,9.6613,65.9004,75.6434,2.7888,6.6575,0.0,21.3463,9.5353,0.0,364.47,760.0,0.0,32.86,69.072,3.466,0.439,4.704,62.1,25.6215,0.0,0.0197,0.0142,0.0196,0.0174,1.4091,0.0196,0.0159,0.0137,551.72,274.9,357.8,84.615,85.1625,85.2525,82.2525,83.3925,82.0875,41.3263,531.48,520.0,20.3234,518.9,490.25,5.0
86.4,57.5625,3.9719,57.6,289.1475,360.0942,574.6,2.746,6.725,0.0,364.47,71.9962,753.68,18.0991,649.98,636.0,9.6213,65.8451,75.5679,2.746,6.725,0.0,21.6539,9.4787,0.0,365.4,753.68,0.0,32.915,67.356,2.365,0.465,4.229,69.072,31.1435,0.0,0.0142,0.0089,0.0145,0.0122,1.4092,0.0145,0.0098,0.0085,564.92,274.6,357.4,84.615,85.2,85.2825,82.305,83.4375,82.0875,39.6942,544.14,520.0,20.3233,518.93,490.25,5.0
86.975,57.525,4.5812,57.6,287.8875,359.1299,574.25,2.7482,6.74,0.0,365.4,71.9292,753.52,18.0656,636.0,636.54,9.5732,65.7825,75.3772,2.7482,6.74,0.0,22.1672,9.4825,0.0,365.64,753.52,0.0,32.965,62.01,1.768,0.446,3.792,67.356,29.2405,0.0,0.013,0.0076,0.0133,0.0109,1.4094,0.0132,0.0082,0.0071,575.72,274.3,357.0,84.63,85.23,85.3125,82.29,83.4225,82.0875,38.2928,554.55,520.0,20.3383,518.96,490.28,5.0
86.825,57.525,4.7578,57.5625,288.1125,359.1299,573.45,2.6808,6.74,0.0,365.64,71.9274,745.04,17.9088,636.54,620.94,9.5426,65.7417,75.4447,2.6808,6.74,0.0,22.4718,9.3874,0.0,365.64,745.04,0.0,33.015,56.106,1.52,0.459,3.388,62.01,24.4225,0.0,0.0132,0.0074,0.0133,0.0109,1.4094,0.0133,0.0081,0.0069,584.96,274.0,356.6,84.615,85.2525,85.26,82.29,83.4225,82.035,37.0409,563.43,520.0,20.3387,518.99,490.31,5.0
86.9,57.525,4.1766,57.525,287.82,359.0266,572.55,2.68,6.7325,0.0,365.64,71.8783,744.32,17.9516,620.94,620.76,9.501,65.6881,75.3467,2.68,6.7325,0.0,22.9832,9.3852,0.0,365.52,744.32,0.0,33.065,50.214,1.407,0.483,3.014,56.106,19.214,0.0,0.0139,0.0079,0.014,0.0115,1.4095,0.0139,0.0086,0.0074,592.24,273.7,356.2,84.645,85.245,85.2225,82.32,83.475,82.08,35.9862,570.45,520.0,20.3391,519.05,490.34,5.0
86.425,57.6,4.4203,57.6,287.3025,357.8212,571.65,2.671,6.7225,0.0,365.52,71.8359,742.88,17.8666,620.76,619.5,9.4662,65.6415,75.2804,2.671,6.7225,0.0,23.4774,9.3671,0.0,365.34,742.88,0.0,33.12,44.808,1.369,0.51,2.667,50.214,14.0385,0.0,0.0149,0.0085,0.0148,0.0122,1.4096,0.0148,0.0094,0.008,598.52,273.4,355.8,84.6075,85.2,85.26,82.2975,83.4525,82.0725,35.0271,576.48,520.0,20.3545,519.14,490.4,5.0
86.175,57.5625,4.1484,57.5625,286.47,357.4768,571.35,2.6568,6.7125,0.0,365.34,71.8058,740.16,17.7958,619.5,615.3,9.4388,65.6042,75.2449,2.6568,6.7125,0.0,23.8699,9.3362,0.0,365.19,740.16,0.0,33.175,40.014,1.357,0.537,2.347,44.808,9.303,0.0,0.0159,0.0093,0.0156,0.013,1.4097,0.0156,0.0103,0.0087,603.8,273.15,355.4,84.6375,85.2375,85.2675,82.29,83.4375,82.065,34.1639,581.55,520.0,20.3554,519.23,490.46,5.0
86.3,57.6375,4.1594,57.6,286.47,357.5801,570.85,2.6458,6.7025,0.0,365.19,71.7749,738.08,17.7671,615.3,612.12,9.4095,65.5656,75.2152,2.6458,6.7025,0.0,24.3402,9.3153,0.0,365.04,738.08,0.0,33.235,35.808,1.354,0.561,2.054,40.014,5.1065,0.0,0.0169,0.01,0.0164,0.0138,1.4098,0.0164,0.0112,0.0094,608.16,272.85,355.0,84.6825,85.245,85.29,82.32,83.46,82.1025,33.3929,585.72,520.0,20.3714,519.32,490.55,5.0
86.8,57.525,4.5766,57.5625,286.8525,357.3046,569.95,2.6448,6.6925,0.0,365.04,71.7348,737.6,17.7431,612.12,611.82,9.3769,65.5222,75.1617,2.6448,6.6925,0.0,24.9822,9.3126,0.0,364.92,737.6,0.0,33.29,32.166,1.357,0.584,1.787,35.808,1.4545,0.0,0.0179,0.0107,0.0171,0.0145,1.4098,0.0171,0.0121,0.0101,611.92,272.55,354.65,84.7125,85.2375,85.2825,82.2975,83.4675,82.08,32.6727,589.35,520.0,20.3878,519.41,490.64,5.0
86.825,57.525,4.5672,57.525,286.1775,357.0636,569.65,2.633,6.685,0.0,364.92,71.7111,735.12,17.6963,611.82,608.16,9.3543,65.4897,75.1499,2.633,6.685,0.0,25.4916,9.2873,0.0,364.83,735.12,0.0,33.35,29.112,1.363,0.606,1.544,32.166,-1.6915,0.0,0.0187,0.0113,0.0177,0.015,1.4099,0.0177,0.0128,0.0107,615.28,272.25,354.25,84.735,85.2375,85.29,82.335,83.4975,82.08,31.9866,592.59,520.0,20.3897,519.53,490.73,5.0
86.75,57.5625,4.5469,57.6,286.605,356.9947,569.35,2.632,6.6775,0.0,364.83,71.6743,734.8,17.6928,608.16,607.92,9.3248,65.4511,75.1124,2.632,6.6775,0.0,26.2322,9.2856,0.0,364.71,734.8,0.0,33.41,26.538,1.368,0.625,1.325,29.112,-4.304,0.0,0.0195,0.0119,0.0182,0.0156,1.41,0.0182,0.0136,0.0113,618.16,272.0,353.85,84.69,85.245,85.335,82.335,83.46,82.05,31.3477,595.35,520.0,20.4066,519.65,490.85,5.0
86.625,57.6,4.2422,57.6,285.5025,357.1324,569.45,2.6288,6.67,0.0,364.71,71.6456,733.52,17.6618,607.92,606.9,9.3004,65.416,75.0844,2.6288,6.67,0.0,26.9584,9.2758,0.0,364.65,733.52,0.0,33.47,24.444,1.375,0.642,1.129,26.538,-6.4875,0.0,0.0203,0.0124,0.0186,0.016,1.4101,0.0186,0.0142,0.0118,620.8,271.7,353.5,84.645,85.1925,85.3125,82.3575,83.4375,82.0125,30.7238,597.9,520.0,20.409,519.77,490.94,5.0
86.25,57.6,4.4859,57.525,286.1775,356.547,569.4,2.621,6.665,0.0,364.65,71.6244,731.52,17.6416,606.9,604.98,9.2808,65.3884,75.0777,2.621,6.665,0.0,27.5934,9.2559,0.0,364.59,731.52,0.0,33.53,22.782,1.381,0.657,0.956,24.444,-8.242,0.0,0.0208,0.0129,0.019,0.0164,1.4102,0.019,0.0148,0.0122,623.2,271.4,353.1,84.675,85.1325,85.35,82.38,83.4825,82.005,30.1235,600.18,520.0,20.4264,519.89,491.06,5.0
86.525,57.525,4.6094,57.6,285.39,356.1337,568.6,2.6168,6.66,0.0,364.59,71.6014,730.16,17.6368,604.98,603.84,9.2603,65.3591,75.0672,2.6168,6.66,0.0,28.3379,9.2455,0.0,364.53,730.16,0.0,33.595,21.468,1.387,0.67,0.806,22.782,-9.617,0.0,0.0213,0.0132,0.0192,0.0167,1.4102,0.0192,0.0152,0.0126,625.28,271.15,352.75,84.675,85.1175,85.395,82.4175,83.475,82.005,29.544,602.22,520.0,20.4443,520.01,491.18,5.0
86.275,57.6,4.2391,57.525,285.165,356.6158,568.0,2.6164,6.655,0.0,364.53,71.5712,730.0,17.6303,603.84,603.72,9.2367,65.3262,75.0477,2.6164,6.655,0.0,29.2914,9.2449,0.0,364.47,730.0,0.0,33.655,20.436,1.392,0.681,0.679,21.468,-10.684,0.0,0.0218,0.0136,0.0195,0.017,1.4103,0.0194,0.0157,0.0129,627.24,270.85,352.35,84.6375,85.11,85.4175,82.4325,83.4525,81.9675,28.9788,604.08,520.0,20.4477,520.16,491.3,5.0
86.075,57.525,4.5906,57.525,285.525,355.5827,567.8,2.6128,6.6525,0.0,364.47,71.5462,729.2,17.6158,603.72,602.94,9.2161,65.2987,75.0407,2.6128,6.6525,0.0,30.2094,9.2356,0.0,364.44,729.2,0.0,33.72,19.65,1.398,0.691,0.575,20.436,-11.5145,0.0,0.0221,0.0138,0.0197,0.0172,1.4104,0.0197,0.016,0.0131,629.08,270.6,352.0,84.675,85.1175,85.38,82.4025,83.4825,82.0125,28.4174,605.85,520.0,20.4661,520.31,491.45,5.0
86.1,57.5625,4.7156,57.525,285.5925,355.376,567.85,2.611,6.65,0.0,364.44,71.5268,727.84,17.6101,602.94,602.46,9.1995,65.2751,75.0314,2.611,6.65,0.0,31.0837,9.2246,0.0,364.41,727.84,0.0,33.78,19.056,1.403,0.699,0.49,19.65,-12.1305,0.0,0.0225,0.0141,0.0199,0.0174,1.4105,0.0199,0.0163,0.0134,630.76,270.3,351.65,84.69,85.0875,85.3725,82.4175,83.5125,81.99,27.8677,607.47,520.0,20.485,520.43,491.57,5.0
86.175,57.6,4.2875,57.6,285.3,355.376,567.2,2.6108,6.6475,0.0,364.41,71.4996,727.76,17.6038,602.46,602.4,9.1797,65.2465,75.0184,2.6108,6.6475,0.0,32.2273,9.224,0.0,364.38,727.76,0.0,33.845,18.588,1.407,0.706,0.427,19.056,-12.587,0.0,0.0227,0.0143,0.0201,0.0176,1.4106,0.0201,0.0166,0.0135,632.36,270.05,351.25,84.7125,85.0875,85.335,82.395,83.475,81.9825,27.3226,609.0,520.0,20.4893,520.58,491.72,5.0
86.15,57.5625,3.9672,57.5625,284.9625,355.5138,566.9,2.608,6.645,0.0,364.38,71.4849,726.08,17.5943,602.4,601.62,9.1653,65.2254,75.0154,2.608,6.645,0.0,33.1774,9.2125,0.0,364.35,726.08,0.0,33.91,18.234,1.411,0.712,0.38,18.588,-12.9335,0.0,0.0229,0.0144,0.0203,0.0178,1.4106,0.0202,0.0168,0.0137,633.84,269.75,350.9,84.7125,85.095,85.29,82.38,83.5125,81.9675,26.7826,610.44,520.0,20.5087,520.73,491.84,5.0
86.35,57.5625,4.5344,57.5625,285.2775,355.8238,566.7,2.6078,6.6425,0.0,364.35,71.4604,726.0,17.5941,601.62,601.56,9.1478,65.1993,75.0062,2.6078,6.6425,0.0,34.4399,9.2119,0.0,364.32,726.0,0.0,33.97,17.928,1.415,0.716,0.346,18.234,-13.192,0.0,0.0231,0.0146,0.0204,0.018,1.4107,0.0204,0.017,0.0138,635.24,269.5,350.55,84.75,85.0575,85.3125,82.3875,83.4825,81.9825,26.2481,611.79,520.0,20.5286,520.88,491.99,5.0
86.3,57.5625,4.2438,57.6,284.985,355.135,567.0,2.6052,6.64,0.0,364.32,71.4467,724.56,17.5881,601.56,600.84,9.1349,65.18,75.0062,2.6052,6.64,0.0,35.5324,9.2015,0.0,364.29,724.56,0.0,34.035,17.682,1.418,0.72,0.321,17.928,-13.401,0.0,0.0233,0.0147,0.0206,0.0181,1.4108,0.0206,0.0172,0.014,636.6,269.25,350.2,84.705,85.0425,85.305,82.4175,83.5125,82.0125,25.7157,613.08,520.0,20.5339,521.06,492.14,5.0
86.775,57.6,3.8984,57.5625,285.03,354.7561,566.3,2.605,6.64,0.0,364.29,71.4246,724.48,17.5906,600.84,600.78,9.1186,65.1562,75.0004,2.605,6.64,0.0,36.9258,9.2009,0.0,364.26,724.48,0.0,34.1,17.454,1.421,0.722,0.302,17.682,-13.566,0.0,0.0234,0.0148,0.0207,0.0182,1.4109,0.0206,0.0173,0.0141,637.84,269.0,349.85,84.6675,84.9975,85.275,82.455,83.55,82.0575,25.1893,614.28,520.0,20.5542,521.21,492.29,5.0
86.4,57.5625,4.4203,57.5625,284.67,354.6184,565.75,2.6038,6.6375,0.0,364.26,71.4101,723.44,17.5878,600.78,600.6,9.1068,65.1383,74.9987,2.6038,6.6375,0.0,38.1694,9.1927,0.0,364.23,723.44,0.0,34.165,17.256,1.425,0.725,0.286,17.454,-13.7145,0.0,0.0235,0.0149,0.0208,0.0183,1.411,0.0208,0.0175,0.0142,639.08,268.75,349.5,84.6975,85.02,85.305,82.47,83.5875,82.0875,24.6581,615.48,520.0,20.5751,521.36,492.41,5.0
86.725,57.6,4.6125,57.525,284.13,354.9283,566.35,2.6038,6.6375,0.0,364.23,71.3891,723.44,17.5868,600.6,600.54,9.0919,65.1165,74.9939,2.6038,6.6375,0.0,39.7037,9.1927,0.0,364.23,723.44,0.0,34.23,17.064,1.427,0.726,0.271,17.256,-13.841,0.0,0.0236,0.015,0.0209,0.0184,1.411,0.0209,0.0176,0.0143,640.24,268.45,349.15,84.6825,85.0425,85.275,82.4925,83.58,82.05,24.137,616.56,520.0,20.5814,521.51,492.56,5.0
86.775,57.5625,4.7203,57.5625,283.9725,354.584,566.1,2.6038,6.6375,0.0,364.23,71.3718,722.96,17.5851,600.54,600.66,9.0793,65.0969,74.9892,2.6038,6.6375,0.0,41.2399,9.1899,0.0,364.2,722.96,0.0,34.295,16.884,1.43,0.727,0.257,17.064,-13.962,0.0,0.0237,0.015,0.021,0.0185,1.4111,0.021,0.0177,0.0143,641.32,268.2,348.8,84.6375,85.05,85.3125,82.44,83.61,82.035,23.6116,617.64,520.0,20.6028,521.69,492.71,5.0
86.325,57.525,3.9344,57.6,283.86,354.6528,565.45,2.6026,6.635,0.0,364.2,71.3597,721.92,17.5813,600.66,600.48,9.069,65.0811,74.9889,2.6026,6.635,0.0,42.7254,9.1828,0.0,364.17,721.92,0.0,34.355,16.728,1.433,0.728,0.242,16.884,-14.072,0.0,0.0238,0.0151,0.0211,0.0186,1.4112,0.0211,0.0179,0.0144,642.4,267.95,348.5,84.6075,85.0125,85.32,82.3875,83.625,82.0575,23.0893,618.66,520.0,20.6246,521.84,492.89,5.0
86.825,57.525,4.4141,57.6,283.7925,354.274,565.2,2.6026,6.635,0.0,364.17,71.3411,721.92,17.5808,600.48,600.42,9.0562,65.0618,74.9857,2.6026,6.635,0.0,44.4903,9.1823,0.0,364.17,721.92,0.0,34.42,16.572,1.435,0.728,0.228,16.728,-14.1655,0.0,0.0238,0.0152,0.0212,0.0186,1.4113,0.0212,0.0179,0.0145,643.4,267.75,348.15,84.555,85.05,85.3575,82.4025,83.625,82.0125,22.5705,619.62,520.0,20.6469,522.02,493.04,5.0
86.375,57.525,4.6344,57.525,283.9725,353.4819,565.0,2.6016,6.635,0.0,364.17,71.3312,720.8,17.5796,600.42,600.24,9.0478,65.0477,74.9862,2.6016,6.635,0.0,46.1407,9.1751,0.0,364.14,720.8,0.0,34.485,16.44,1.438,0.728,0.215,16.572,-14.259,0.0,0.0239,0.0152,0.0213,0.0187,1.4114,0.0213,0.018,0.0145,644.36,267.5,347.85,84.585,85.005,85.32,82.35,83.5875,82.005,22.0515,620.55,520.0,20.6547,522.17,493.19,5.0
86.55,57.5625,4.3031,57.6375,283.1175,353.2753,564.3,2.6014,6.6325,0.0,364.14,71.3149,720.72,17.5801,600.24,600.24,9.0365,65.0301,74.9849,2.6014,6.6325,0.0,48.0669,9.1751,0.0,364.14,720.72,0.0,34.55,16.296,1.44,0.727,0.202,16.44,-14.336,0.0,0.0239,0.0153,0.0214,0.0188,1.4114,0.0214,0.0181,0.0146,645.24,267.25,347.5,84.5775,84.975,85.365,82.3875,83.5725,82.0125,21.5363,621.42,520.0,20.6776,522.35,493.34,5.0
86.85,57.5625,4.4797,57.525,283.14,353.3786,563.85,2.6014,6.6325,0.0,364.14,71.3051,719.84,17.5791,600.24,600.0,9.0282,65.017,74.9832,2.6014,6.6325,0.0,49.9179,9.1701,0.0,364.14,719.84,0.0,34.615,16.164,1.443,0.726,0.189,16.296,-14.4185,0.0,0.0239,0.0153,0.0214,0.0188,1.4115,0.0214,0.0182,0.0146,646.16,267.05,347.2,84.555,84.975,85.4025,82.3725,83.6025,81.99,21.0213,622.26,520.0,20.7009,522.53,493.49,5.0
86.8,57.5625,4.5766,57.6,283.2075,353.6197,564.25,2.6014,6.6325,0.0,364.14,71.2916,719.6,17.5811,600.0,600.18,9.0193,65.0024,74.9814,2.6014,6.6325,0.0,51.9434,9.1679,0.0,364.11,719.6,0.0,34.68,16.038,1.445,0.725,0.176,16.164,-14.4955,0.0,0.024,0.0154,0.0215,0.0189,1.4115,0.0214,0.0183,0.0147,646.96,266.8,346.9,84.5475,84.9975,85.41,82.35,83.5875,81.9675,20.5104,623.04,520.0,20.7097,522.68,493.67,5.0
86.15,57.525,4.725,57.5625,283.1625,353.1031,563.0,2.6014,6.6325,0.0,364.11,71.2766,719.6,17.5788,600.18,600.12,9.0095,64.9868,74.9797,2.6014,6.6325,0.0,54.1363,9.1679,0.0,364.11,719.6,0.0,34.74,15.9,1.447,0.723,0.164,16.038,-14.567,0.0,0.024,0.0154,0.0215,0.019,1.4116,0.0215,0.0184,0.0147,647.76,266.6,346.6,84.585,84.96,85.35,82.3425,83.6025,81.9975,20.0001,623.79,520.0,20.7335,522.86,493.82,5.0
86.525,57.6375,4.3109,57.5625,283.14,352.8276,563.45,2.6008,6.63,0.0,364.11,71.2672,718.88,17.5788,600.12,600.12,9.0027,64.975,74.9802,2.6008,6.63,0.0,56.3005,9.163,0.0,364.08,718.88,0.0,34.805,15.78,1.449,0.721,0.149,15.9,-14.6385,0.0,0.024,0.0155,0.0216,0.019,1.4117,0.0215,0.0184,0.0148,648.52,266.4,346.35,84.585,84.9975,85.29,82.305,83.5875,81.9975,19.4868,624.54,520.0,20.7578,523.01,493.97,5.0
86.1,57.6,4.75,57.525,282.735,352.8965,562.8,2.6008,6.63,0.0,364.08,71.2539,718.8,17.5783,600.12,600.12,8.9938,64.9607,74.9792,2.6008,6.63,0.0,58.6813,9.163,0.0,364.08,718.8,0.0,34.87,15.648,1.451,0.717,0.135,15.78,-14.7045,0.0,0.024,0.0155,0.0216,0.0191,1.4118,0.0216,0.0185,0.0148,649.24,266.2,346.05,84.585,84.975,85.32,82.32,83.6025,81.9825,18.978,625.23,520.0,20.7676,523.19,494.15,5.0
86.575,57.6,3.8969,57.5625,282.6225,351.8977,562.65,2.6004,6.63,0.0,364.08,71.2464,718.0,17.5778,600.12,599.88,8.988,64.9501,74.9797,2.6004,6.63,0.0,61.047,9.158,0.0,364.08,718.0,0.0,34.935,15.534,1.453,0.714,0.12,15.648,-14.7705,0.0,0.024,0.0156,0.0217,0.0191,1.4118,0.0217,0.0186,0.0149,649.96,266.0,345.8,84.5925,84.9825,85.2825,82.2975,83.61,81.9675,18.4664,625.92,520.0,20.7923,523.37,494.3,5.0
86.075,57.5625,4.7891,57.5625,282.0375,351.8977,561.45,2.6002,6.63,0.0,364.08,71.2346,717.92,17.5803,599.88,599.88,8.9802,64.937,74.9799,2.6002,6.63,0.0,63.5812,9.158,0.0,364.08,717.92,0.0,34.995,15.414,1.455,0.709,0.106,15.534,-14.831,0.0,0.024,0.0156,0.0217,0.0192,1.4119,0.0217,0.0187,0.0149,650.6,265.8,345.5,84.5625,84.9975,85.2675,82.26,83.6025,82.0125,17.9596,626.55,520.0,20.8176,523.52,494.45,5.0
86.575,57.5625,4.0797,57.5625,281.925,351.8633,561.1,2.6002,6.6275,0.0,364.08,71.2278,717.2,17.5808,599.88,599.88,8.9746,64.9269,74.9797,2.6002,6.6275,0.0,66.1097,9.1542,0.0,364.05,717.2,0.0,35.06,15.3,1.457,0.703,0.092,15.414,-14.8915,0.0,0.0239,0.0157,0.0218,0.0192,1.412,0.0218,0.0188,0.015,651.24,265.6,345.25,84.585,85.02,85.26,82.2525,83.5575,81.99,17.4539,627.15,520.0,20.8434,523.7,494.63,5.0
86.375,57.6,3.8125,57.6,281.9025,351.0367,560.4,2.6002,6.6275,0.0,364.05,71.2178,717.04,17.5813,599.88,600.0,8.9683,64.9163,74.9794,2.6002,6.6275,0.0,68.7343,9.1531,0.0,364.05,717.04,0.0,35.125,15.186,1.459,0.696,0.08,15.3,-14.941,0.0,0.0239,0.0157,0.0218,0.0192,1.4121,0.0218,0.0188,0.015,651.84,265.4,345.0,84.585,84.9825,85.2525,82.2075,83.5425,81.975,16.9496,627.72,520.0,20.8546,523.88,494.78,5.0
86.9,57.6,3.8312,57.5625,281.0925,351.0712,560.35,2.6002,6.6275,0.0,364.05,71.2099,716.64,17.5803,600.0,600.0,8.9622,64.9062,74.9792,2.6002,6.6275,0.0,71.4039,9.1503,0.0,364.05,716.64,0.0,35.185,15.078,1.461,0.688,0.069,15.186,-14.996,0.0,0.0238,0.0157,0.0219,0.0193,1.4121,0.0218,0.0189,0.015,652.4,265.2,344.7,84.6075,85.0425,85.2525,82.185,83.5125,82.005,16.4467,628.26,520.0,20.8809,524.03,494.93,5.0
86.9,57.6,4.5828,57.525,280.665,350.4168,559.5,2.6002,6.6275,0.0,364.05,71.1996,716.64,17.5803,600.0,599.94,8.9556,64.8952,74.9789,2.6002,6.6275,0.0,74.1261,9.1503,0.0,364.02,716.64,0.0,35.245,14.964,1.463,0.678,0.059,15.078,-15.04,0.0,0.0237,0.0158,0.0219,0.0193,1.4122,0.0219,0.019,0.0151,652.92,265.0,344.45,84.63,84.9975,85.275,82.2375,83.5425,82.0275,15.9454,628.77,520.0,20.9077,524.21,495.08,5.0
86.25,57.5625,4.6953,57.6,281.25,350.4168,559.55,2.6002,6.625,0.0,364.02,71.1929,716.16,17.5811,599.94,599.94,8.9505,64.8871,74.9787,2.6002,6.625,0.0,76.8437,9.1476,0.0,364.02,716.16,0.0,35.31,14.862,1.465,0.666,0.05,14.964,-15.095,0.0,0.0236,0.0158,0.0219,0.0194,1.4122,0.0219,0.0191,0.0151,653.44,264.8,344.2,84.6225,85.0575,85.2675,82.215,83.535,82.065,15.4421,629.28,520.0,20.9199,524.36,495.26,5.0
86.775,57.5625,4.425,57.6,280.755,349.8658,558.5,2.6002,6.625,0.0,364.02,71.1833,716.16,17.5813,599.94,599.94,8.9444,64.877,74.9784,2.6002,6.625,0.0,79.6107,9.1476,0.0,364.02,716.16,0.0,35.37,14.754,1.467,0.652,0.044,14.862,-15.1335,0.0,0.0234,0.0158,0.022,0.0194,1.4123,0.022,0.0191,0.0152,653.92,264.6,343.95,84.6675,85.0125,85.2675,82.2225,83.5425,82.0275,14.9404,629.76,520.0,20.9472,524.54,495.41,5.0
86.675,57.6,4.4516,57.525,280.17,349.6936,557.85,2.6002,6.625,0.0,364.02,71.1756,715.92,17.5816,599.94,599.88,8.9391,64.8677,74.9782,2.6002,6.625,0.0,82.3814,9.1465,0.0,364.02,715.92,0.0,35.43,14.652,1.469,0.636,0.038,14.754,-15.183,0.0,0.0231,0.0158,0.022,0.0194,1.4124,0.022,0.0192,0.0152,654.4,264.45,343.7,84.645,85.065,85.2825,82.185,83.5275,82.035,14.4406,630.21,520.0,20.9749,524.69,495.56,5.0
86.875,57.5625,4.0703,57.5625,279.9,349.1082,557.25,2.6002,6.625,0.0,364.02,71.1701,715.44,17.5826,599.88,599.88,8.9348,64.8608,74.9779,2.6002,6.625,0.0,85.1602,9.1432,0.0,364.02,715.44,0.0,35.49,14.556,1.471,0.615,0.034,14.652,-15.227,0.0,0.0229,0.0158,0.0221,0.0195,1.4124,0.022,0.0192,0.0153,654.84,264.25,343.45,84.63,85.065,85.26,82.185,83.4975,82.02,13.9427,630.63,520.0,20.9881,524.84,495.71,5.0
86.225,57.5625,4.0156,57.6,280.125,349.2115,556.8,2.6,6.625,0.0,364.02,71.1616,715.44,17.5831,599.88,599.88,8.9294,64.852,74.9784,2.6,6.625,0.0,87.9649,9.1432,0.0,363.99,715.44,0.0,35.545,14.454,1.472,0.59,0.03,14.556,-15.2655,0.0,0.0225,0.0159,0.0221,0.0195,1.4125,0.0221,0.0193,0.0153,655.28,264.05,343.2,84.6675,85.065,85.2675,82.2375,83.475,82.02,13.4468,631.02,520.0,21.0164,525.02,495.86,5.0
86.35,57.5625,3.9609,57.5625,279.4725,348.6949,556.85,2.6,6.6225,0.0,363.99,71.1556,715.12,17.5836,599.88,599.82,8.9256,64.8439,74.9784,2.6,6.6225,0.0,90.7731,9.1416,0.0,363.99,715.12,0.0,35.605,14.352,1.474,0.559,0.027,14.454,-15.304,0.0,0.022,0.0159,0.0221,0.0196,1.4126,0.0221,0.0194,0.0153,655.68,263.9,342.95,84.6825,85.0875,85.2525,82.275,83.4675,82.0125,12.9494,631.41,520.0,21.0451,525.14,496.01,5.0
86.975,57.525,4.6469,57.6,279.1575,348.3849,555.9,2.6,6.6225,0.0,363.99,71.1494,714.88,17.5848,599.82,599.82,8.9223,64.8376,74.9784,2.6,6.6225,0.0,93.5861,9.1393,0.0,363.99,714.88,0.0,35.655,14.262,1.476,0.517,0.025,14.352,-15.348,0.0,0.0214,0.0158,0.0222,0.0196,1.4126,0.0222,0.0194,0.0154,656.04,263.7,342.7,84.6975,85.1175,85.2525,82.275,83.49,82.035,12.4542,631.77,520.0,21.0593,525.29,496.13,5.0
86.725,57.5625,4.5891,57.6,279.1125,347.6961,555.0,2.6,6.6225,0.0,363.99,71.1424,714.8,17.5856,599.82,599.82,8.9179,64.8297,74.9784,2.6,6.6225,0.0,96.4152,9.1393,0.0,363.99,714.8,0.0,35.71,14.166,1.477,0.466,0.023,14.262,-15.381,0.0,0.0206,0.0158,0.0222,0.0196,1.4127,0.0222,0.0195,0.0154,656.36,263.5,342.5,84.705,85.155,85.2375,82.26,83.4675,82.0275,11.9613,632.1,520.0,21.0885,525.41,496.28,5.0
86.575,57.525,4.4875,57.525,279.0225,347.4206,554.9,2.6,6.6225,0.0,363.99,71.1381,714.4,17.5863,599.82,599.76,8.9143,64.8242,74.9784,2.6,6.6225,0.0,99.2433,9.1366,0.0,363.96,714.4,0.0,35.755,14.076,1.479,0.404,0.021,14.166,-15.425,0.0,0.0197,0.0158,0.0222,0.0197,1.4127,0.0222,0.0196,0.0154,656.68,263.35,342.25,84.645,85.14,85.2525,82.2375,83.4825,81.9825,11.4708,632.4,520.0,21.1182,525.53,496.4,5.0
86.45,57.5625,4.3203,57.6,278.28,347.6961,554.75,2.6,6.6225,0.0,363.96,71.1312,714.4,17.5878,599.76,599.76,8.9103,64.8171,74.9784,2.6,6.6225,0.0,100.0,9.1366,0.0,363.96,714.4,0.0,35.8,13.98,1.481,0.327,0.02,14.076,-15.458,0.0,0.0187,0.0157,0.0223,0.0197,1.4128,0.0222,0.0196,0.0155,656.96,263.15,342.0,84.6225,85.0875,85.29,82.275,83.49,82.02,10.9828,632.67,520.0,21.1485,525.62,496.49,5.0
86.025,57.5625,3.8875,57.5625,278.6175,347.0074,554.45,2.6,6.62,0.0,363.96,71.1281,713.92,17.5888,599.76,599.94,8.9077,64.8122,74.9784,2.6,6.62,0.0,100.0,9.1344,0.0,363.96,713.92,0.0,35.84,13.896,1.482,0.254,0.018,13.98,-15.4965,0.0,0.018,0.0157,0.0223,0.0197,1.4129,0.0223,0.0197,0.0155,657.24,263.0,341.75,84.585,85.0875,85.245,82.23,83.505,82.0125,10.4937,632.94,520.0,21.1642,525.71,496.58,5.0
86.725,57.525,4.3297,57.6,277.7175,346.7663,553.15,2.5998,6.62,0.0,363.96,71.1219,713.92,17.5876,599.94,599.88,8.9041,64.8059,74.9792,2.5998,6.62,0.0,100.0,9.1344,0.0,363.96,713.92,0.0,35.87,13.806,1.484,0.189,0.017,13.896,-15.5295,0.0,0.0175,0.0157,0.0224,0.0198,1.413,0.0223,0.0197,0.0156,657.48,262.8,341.55,84.6225,85.1025,85.2225,82.2225,83.4675,82.0275,10.0111,633.15,520.0,21.1948,525.8,496.67,5.0
86.125,57.6375,4.2641,57.5625,277.9425,346.1808,553.5,2.5998,6.62,0.0,363.96,71.1183,713.6,17.5886,599.88,599.88,8.9013,64.8003,74.9794,2.5998,6.62,0.0,100.0,9.1327,0.0,363.93,713.6,0.0,35.9,13.716,1.486,0.152,0.016,13.806,-15.5735,0.0,0.0173,0.0157,0.0224,0.0198,1.413,0.0223,0.0198,0.0156,657.72,262.65,341.3,84.66,85.11,85.2225,82.2375,83.5125,82.0425,9.5239,633.39,520.0,21.226,525.86,496.73,5.0
86.65,57.525,4.5844,57.5625,277.065,346.3186,552.55,2.5998,6.62,0.0,363.93,71.1127,713.6,17.5891,599.88,599.88,8.8987,64.7942,74.9797,2.5998,6.62,0.0,100.0,9.1327,0.0,363.93,713.6,0.0,35.93,13.626,1.487,0.135,0.015,13.716,-15.612,0.0,0.0174,0.0158,0.0224,0.0199,1.413,0.0224,0.0199,0.0156,657.88,262.5,341.1,84.6525,85.08,85.2675,82.245,83.5425,81.9975,9.0432,633.57,520.0,21.2427,525.92,496.79,5.0
0.0,57.6,4.0297,57.6,277.6275,346.4908,551.9,2.5998,6.62,0.0,363.93,71.1089,713.36,17.5896,599.88,599.82,8.8963,64.7896,74.9799,2.5998,6.62,0.0,100.0,9.1311,0.0,363.93,713.36,0.0,35.955,13.548,1.489,0.137,0.014,13.626,-15.6505,0.0,0.0174,0.0158,0.0225,0.0199,1.4131,0.0224,0.0199,0.0157,658.08,262.3,340.85,84.6975,85.1325,85.305,82.275,83.565,82.0425,8.5656,633.72,520.0,21.2744,525.98,496.88,5.0
0.0,57.5625,4.2906,57.6,277.38,345.5265,551.7,2.5998,6.6175,0.0,363.93,71.1043,713.28,17.5908,599.82,599.82,8.8935,64.7841,74.9802,2.5998,6.6175,0.0,100.0,9.1311,0.0,363.93,713.28,0.0,35.985,13.464,1.491,0.136,0.014,13.548,-15.689,0.0,0.0174,0.0158,0.0225,0.0199,1.4132,0.0225,0.02,0.0157,658.2,262.15,340.65,84.6825,85.095,85.35,82.3125,83.5875,82.0275,8.0873,633.87,520.0,21.3066,526.07,496.94,5.0
0.0,57.5625,4.4609,57.525,277.1325,345.9742,551.0,2.5996,6.6175,0.0,363.93,71.1011,713.04,17.5916,599.82,599.82,8.8914,64.7807,74.9812,2.5996,6.6175,0.0,100.0,9.1289,0.0,363.93,713.04,0.0,36.01,13.392,1.493,0.133,0.013,13.464,-15.7275,0.0,0.0173,0.0159,0.0225,0.02,1.4133,0.0225,0.02,0.0158,658.36,262.0,340.4,84.6525,85.065,85.335,82.3275,83.5725,82.0425,7.6122,633.99,520.0,21.3242,526.13,497.0,5.0
0.0,57.6,4.5766,57.5625,276.345,345.0443,550.75,2.5996,6.6175,0.0,363.93,71.0963,713.04,17.5923,599.82,599.76,8.8896,64.7759,74.9817,2.5996,6.6175,0.0,100.0,9.1289,0.0,363.9,713.04,0.0,36.04,13.314,1.494,0.118,0.012,13.392,-15.7605,0.0,0.0171,0.0159,0.0226,0.02,1.4134,0.0226,0.0201,0.0158,658.44,261.85,340.2,84.6825,85.035,85.3425,82.2825,83.5725,82.02,7.1403,634.08,520.0,21.3569,526.19,497.06,5.0
0.0,57.5625,4.6594,57.6,276.705,345.3887,551.15,2.6002,6.6175,0.0,363.9,71.0941,712.72,17.5938,599.76,599.94,8.888,64.7718,74.9799,2.6002,6.6175,0.0,100.0,9.1272,0.0,363.9,712.72,0.0,36.065,13.242,1.496,0.103,0.012,13.314,-15.7935,0.0,0.0169,0.0159,0.0226,0.0201,1.4134,0.0226,0.0201,0.0158,658.52,261.65,340.0,84.675,84.9975,85.3575,82.2675,83.58,82.065,6.6681,634.17,520.0,21.3901,526.22,497.12,5.0
0.0,57.6,3.9141,57.6,276.345,344.39,549.95,2.6002,6.6175,0.0,363.9,71.0898,712.72,17.5926,599.94,599.94,8.8859,64.7672,74.9797,2.6002,6.6175,0.0,100.0,9.1272,0.0,363.9,712.72,0.0,36.085,13.17,1.497,0.087,0.011,13.242,-15.8265,0.0,0.0169,0.0159,0.0226,0.0201,1.4134,0.0226,0.0202,0.0158,658.6,261.5,339.75,84.645,85.0275,85.395,82.2975,83.535,82.1025,6.1993,634.23,520.0,21.4237,526.28,497.15,5.0
0.0,57.525,4.0625,57.5625,276.345,345.0788,550.35,2.6,6.6175,0.0,363.9,71.0868,712.56,17.5928,599.94,599.94,8.8846,64.7634,74.9802,2.6,6.6175,0.0,100.0,9.1267,0.0,363.9,712.56,0.0,36.105,13.104,1.499,0.079,0.011,13.17,-15.8595,0.0,0.0168,0.0159,0.0227,0.0201,1.4135,0.0226,0.0202,0.0159,658.64,261.35,339.55,84.645,85.05,85.4175,82.3125,83.505,82.05,5.734,634.26,520.0,21.4428,526.34,497.21,5.0
0.0,57.6,4.1266,57.6,275.715,344.3211,549.4,2.6,6.615,0.0,363.9,71.0828,712.56,17.5931,599.94,599.88,8.8828,64.7591,74.9802,2.6,6.615,0.0,100.0,9.1267,0.0,363.9,712.56,0.0,36.125,13.038,1.5,0.071,0.01,13.104,-15.887,0.0,0.0168,0.016,0.0227,0.0202,1.4136,0.0226,0.0203,0.0159,658.64,261.2,339.35,84.5925,85.005,85.425,82.35,83.4675,82.02,5.2724,634.26,520.0,21.477,526.37,497.24,5.0
0.0,57.6,4.4656,57.5625,275.5575,343.9423,549.65,2.5994,6.615,0.0,363.9,71.0801,712.4,17.5941,599.88,599.88,8.8809,64.7555,74.9824,2.5994,6.615,0.0,100.0,9.125,0.0,363.87,712.4,0.0,36.145,12.978,1.501,0.068,0.01,13.038,-15.9145,0.0,0.0167,0.016,0.0227,0.0202,1.4136,0.0227,0.0203,0.0159,658.64,261.05,339.15,84.5475,84.9825,85.3725,82.395,83.43,82.0125,4.8107,634.26,520.0,21.5116,526.4,497.3,5.0
0.0,57.525,4.6328,57.525,275.6475,344.0112,548.8,2.6,6.615,0.0,363.87,71.0776,712.24,17.5946,599.88,599.88,8.8798,64.7529,74.9809,2.6,6.615,0.0,100.0,9.124,0.0,363.87,712.24,0.0,36.165,12.924,1.503,0.061,0.009,12.978,-15.942,0.0,0.0166,0.016,0.0228,0.0202,1.4137,0.0227,0.0204,0.016,658.64,260.9,338.95,84.57,84.945,85.365,82.335,83.3925,81.975,4.3491,634.26,520.0,21.5317,526.46,497.33,5.0
0.0,57.525,4.4031,57.5625,275.715,343.6668,549.3,2.6,6.615,0.0,363.87,71.0741,712.24,17.5951,599.88,599.88,8.8783,64.7493,74.9809,2.6,6.615,0.0,100.0,9.124,0.0,363.87,712.24,0.0,36.185,12.864,1.504,0.055,0.009,12.924,-15.9695,0.0,0.0166,0.016,0.0228,0.0202,1.4138,0.0228,0.0204,0.016,658.56,260.75,338.75,84.5325,84.9375,85.3425,82.38,83.4,81.9825,3.8949,634.2,520.0,21.5669,526.49,497.36,5.0
0.0,57.5625,4.2922,57.6,275.175,343.529,548.4,2.6,6.615,0.0,363.87,71.0718,712.08,17.5956,599.88,599.82,8.8767,64.7465,74.9809,2.6,6.615,0.0,100.0,9.1234,0.0,363.87,712.08,0.0,36.2,12.81,1.505,0.049,0.009,12.864,-15.997,0.0,0.0165,0.016,0.0228,0.0203,1.4138,0.0228,0.0205,0.016,658.52,260.6,338.55,84.5775,84.9375,85.3575,82.4175,83.385,81.9975,3.441,634.14,520.0,21.6025,526.52,497.39,5.0
0.0,57.5625,3.8953,57.6,275.7375,344.08,548.0,2.6,6.615,0.0,363.87,71.0698,711.92,17.5968,599.82,600.0,8.8758,64.7431,74.9809,2.6,6.615,0.0,100.0,9.1223,0.0,363.87,711.92,0.0,36.215,12.756,1.506,0.04,0.008,12.81,-16.019,0.0,0.0165,0.0161,0.0228,0.0203,1.4138,0.0228,0.0205,0.016,658.44,260.45,338.35,84.6,84.9075,85.32,82.365,83.385,82.035,2.9874,634.08,520.0,21.6236,526.55,497.42,5.0
0.0,57.525,4.0875,57.6,275.5575,343.3913,548.35,2.5998,6.615,0.0,363.87,71.0668,711.92,17.5953,600.0,600.0,8.8745,64.7398,74.9817,2.5998,6.615,0.0,100.0,9.1223,0.0,363.84,711.92,0.0,36.23,12.702,1.507,0.034,0.008,12.756,-16.041,0.0,0.0164,0.0161,0.0229,0.0203,1.4139,0.0229,0.0205,0.016,658.32,260.3,338.15,84.585,84.9675,85.335,82.32,83.415,82.02,2.5415,633.96,520.0,21.6597,526.58,497.45,5.0
0.0,57.525,4.6531,57.525,275.625,343.0469,548.15,2.5998,6.615,0.0,363.84,71.0651,711.76,17.5953,600.0,600.0,8.8732,64.7372,74.9819,2.5998,6.615,0.0,100.0,9.1217,0.0,363.84,711.76,0.0,36.245,12.654,1.508,0.031,0.008,12.702,-16.0685,0.0,0.0164,0.0161,0.0229,0.0203,1.414,0.0229,0.0205,0.0161,658.2,260.15,337.95,84.54,85.02,85.365,82.32,83.4375,81.99,2.0961,633.84,520.0,21.6963,526.58,497.48,5.0
0.0,57.6,3.8578,57.525,275.0175,343.1158,547.75,2.5998,6.6125,0.0,363.84,71.0623,711.76,17.5953,600.0,600.0,8.8718,64.7341,74.9822,2.5998,6.6125,0.0,100.0,9.1217,0.0,363.84,711.76,0.0,36.255,12.606,1.509,0.026,0.007,12.654,-16.0905,0.0,0.0164,0.0161,0.0229,0.0203,1.4141,0.0229,0.0206,0.0161,658.04,260.0,337.75,84.585,85.005,85.38,82.2825,83.445,81.9675,1.6549,633.69,520.0,21.7184,526.61,497.48,5.0
0.0,57.525,4.4313,57.525,274.7025,342.978,547.75,2.5998,6.6125,0.0,363.84,71.0608,711.6,17.5953,600.0,599.94,8.8713,64.7326,74.9824,2.5998,6.6125,0.0,100.0,9.1201,0.0,363.84,711.6,0.0,36.27,12.564,1.51,0.022,0.007,12.606,-16.107,0.0,0.0163,0.0161,0.023,0.0204,1.4141,0.023,0.0206,0.0161,657.88,259.85,337.55,84.5925,85.035,85.4175,82.305,83.4075,82.005,1.2143,633.54,520.0,21.7555,526.61,497.51,5.0
0.0,57.5625,4.0219,57.5625,275.3775,342.9436,546.9,2.5998,6.6125,0.0,363.84,71.0583,711.6,17.5961,599.94,599.94,8.8702,64.73,74.9827,2.5998,6.6125,0.0,100.0,9.1201,0.0,363.84,711.6,0.0,36.28,12.522,1.511,0.017,0.007,12.564,-16.129,0.0,0.0163,0.0161,0.023,0.0204,1.4142,0.023,0.0207,0.0161,657.68,259.7,337.35,84.5775,85.0125,85.4175,82.2825,83.37,81.9825,0.7781,633.36,520.0,21.7931,526.64,497.51,5.0
0.0,57.6,3.9891,57.6,274.95,342.4958,547.7,2.5998,6.6125,0.0,363.84,71.0558,711.6,17.5963,599.94,599.94,8.8691,64.7274,74.9829,2.5998,6.6125,0.0,100.0,9.1201,0.0,363.84,711.6,0.0,36.29,12.48,1.512,0.015,0.007,12.522,-16.151,0.0,0.0163,0.0162,0.023,0.0204,1.4142,0.023,0.0207,0.0162,657.48,259.55,337.2,84.54,85.0275,85.4325,82.3125,83.415,82.005,0.3426,633.18,520.0,21.8162,526.64,497.54,5.0
0.0,57.525,4.2766,57.5625,275.0175,343.1502,546.9,2.5998,6.6125,0.0,363.84,71.0546,711.44,17.5966,599.94,599.94,8.868,64.7255,74.9832,2.5998,6.6125,0.0,100.0,9.119,0.0,363.81,711.44,0.0,36.295,12.438,1.513,0.011,0.006,12.48,-16.1675,0.0,0.0163,0.0162,0.023,0.0204,1.4143,0.023,0.0207,0.0162,657.28,259.45,337.0,84.495,85.02,85.4175,82.35,83.43,81.96,0.0,632.97,520.0,21.8542,526.64,497.54,5.0
0.0,57.5625,4.4562,57.6,274.9275,343.1846,547.25,2.5998,6.6125,0.0,363.81,71.0529,711.36,17.5968,599.94,599.94,8.8669,64.724,74.9835,2.5998,6.6125,0.0,100.0,9.1185,0.0,363.81,711.36,0.0,36.305,12.402,1.514,0.01,0.006,12.438,-16.1895,0.0,0.0163,0.0162,0.0231,0.0205,1.4143,0.023,0.0208,0.0162,657.0,259.3,336.8,84.51,85.02,85.4475,82.3725,83.4225,81.93,0.0,632.7,520.0,21.8928,526.64,497.54,5.0
0.0,57.6,3.8922,57.525,274.95,342.5647,546.45,2.5998,6.6125,0.0,363.81,71.0514,711.28,17.5971,599.94,599.94,8.8666,64.7219,74.9837,2.5998,6.6125,0.0,100.0,9.1185,0.0,363.81,711.28,0.0,36.315,12.366,1.514,0.009,0.006,12.402,-16.206,0.0,0.0163,0.0162,0.0231,0.0205,1.4144,0.023,0.0208,0.0162,656.76,259.15,336.65,84.5475,85.0275,85.4025,82.38,83.4375,81.8925,0.0,632.46,520.0,21.9169,526.67,497.57,5.0
0.0,57.525,4.4609,57.6375,274.7475,342.2548,547.0,2.5998,6.6125,0.0,363.81,71.0501,711.2,17.5973,599.94,599.88,8.8658,64.7198,74.984,2.5998,6.6125,0.0,100.0,9.1179,0.0,363.81,711.2,0.0,36.32,12.33,1.515,0.005,0.006,12.366,-16.2225,0.0,0.0162,0.0162,0.0231,0.0205,1.4145,0.0231,0.0208,0.0162,656.44,259.05,336.45,84.5775,85.08,85.38,82.4025,83.445,81.9225,0.0,632.16,520.0,21.956,526.64,497.57,5.0
0.0,57.5625,4.5312,57.525,274.5,342.8058,546.9,2.5996,6.6125,0.0,363.81,71.0482,711.2,17.5983,599.88,599.88,8.8649,64.7185,74.985,2.5996,6.6125,0.0,100.0,9.1173,0.0,363.81,711.2,0.0,36.325,12.3,1.516,0.002,0.005,12.33,-16.239,0.0,0.0162,0.0162,0.0232,0.0205,1.4145,0.0231,0.0209,0.0162,656.16,258.9,336.25,84.6,85.0575,85.3725,82.365,83.4225,81.8925,0.0,631.89,520.0,21.9955,526.64,497.57,5.0
0.0,57.525,3.9312,57.5625,274.9275,342.0482,546.3,2.5996,6.6125,0.0,363.81,71.0463,711.2,17.5988,599.88,599.88,8.8641,64.7166,74.9855,2.5996,6.6125,0.0,100.0,9.1173,0.0,363.81,711.2,0.0,36.325,12.264,1.517,0.001,0.005,12.3,-16.2555,0.0,0.0163,0.0163,0.0232,0.0206,1.4146,0.0231,0.0209,0.0163,655.88,258.75,336.1,84.645,85.1025,85.35,82.35,83.4525,81.855,0.0,631.59,520.0,22.0206,526.64,497.54,5.0
0.0,57.6375,4.2344,57.5625,274.68,342.6681,546.35,2.5996,6.61,0.0,363.81,71.0451,711.12,17.5993,599.88,599.88,8.8633,64.7148,74.986,2.5996,6.61,0.0,100.0,9.1163,0.0,363.78,711.12,0.0,36.33,12.234,1.517,0.001,0.005,12.264,-16.272,0.0,0.0163,0.0163,0.0232,0.0206,1.4146,0.0232,0.0209,0.0163,655.56,258.65,335.9,84.6,85.1475,85.3125,82.365,83.4225,81.825,0.0,631.32,520.0,22.0606,526.64,497.54,5.0
0.0,57.5625,3.8453,57.5625,274.1625,342.5992,546.25,2.5996,6.61,0.0,363.78,71.0439,711.04,17.5998,599.88,599.88,8.8632,64.713,74.9865,2.5996,6.61,0.0,100.0,9.1163,0.0,363.78,711.04,0.0,36.335,12.204,1.518,0.002,0.005,12.234,-16.2885,0.0,0.0163,0.0163,0.0232,0.0206,1.4146,0.0232,0.0209,0.0163,655.28,258.5,335.75,84.5775,85.185,85.3575,82.3425,83.4525,81.8175,0.0,631.05,520.0,22.1012,526.64,497.54,5.0
0.0,57.6375,4.1953,57.6,274.275,342.5303,546.05,2.6002,6.61,0.0,363.78,71.0423,711.04,17.6003,599.88,599.88,8.8626,64.7111,74.9847,2.6002,6.61,0.0,100.0,9.1168,0.0,363.78,711.04,0.0,36.34,12.174,1.519,0.004,0.005,12.204,-16.305,0.0,0.0163,0.0163,0.0233,0.0206,1.4147,0.0232,0.0209,0.0163,655.0,258.4,335.55,84.5475,85.1925,85.335,82.3275,83.4225,81.795,0.0,630.75,520.0,22.1272,526.64,497.54,5.0
0.0,57.6,3.7812,57.525,274.41,342.117,545.85,2.6002,6.61,0.0,363.78,71.0413,710.96,17.6008,599.88,599.88,8.862,64.7101,74.9845,2.6002,6.61,0.0,100.0,9.1163,0.0,363.78,710.96,0.0,36.345,12.144,1.52,0.004,0.004,12.174,-16.3215,0.0,0.0163,0.0163,0.0233,0.0206,1.4148,0.0233,0.021,0.0163,654.68,258.25,335.4,84.5325,85.2075,85.3575,82.2975,83.4075,81.825,0.0,630.48,520.0,22.1682,526.64,497.54,5.0
0.0,57.525,4.4688,57.6,273.825,342.3237,545.85,2.6,6.61,0.0,363.78,71.0404,710.88,17.6013,599.88,600.0,8.8614,64.7085,74.985,2.6,6.61,0.0,100.0,9.1157,0.0,363.78,710.88,0.0,36.35,12.12,1.52,0.002,0.004,12.144,-16.338,0.0,0.0163,0.0163,0.0233,0.0207,1.4148,0.0233,0.021,0.0163,654.4,258.15,335.25,84.5025,85.155,85.365,82.275,83.4375,81.84,0.0,630.18,520.0,22.2098,526.61,497.54,5.0
0.0,57.6,4.5516,57.525,273.8025,341.8071,546.0,2.5996,6.61,0.0,363.78,71.0391,710.88,17.6003,600.0,600.0,8.8608,64.7069,74.9865,2.5996,6.61,0.0,100.0,9.1151,0.0,363.78,710.88,0.0,36.355,12.09,1.521,0.001,0.004,12.12,-16.3545,0.0,0.0164,0.0164,0.0233,0.0207,1.4149,0.0233,0.021,0.0164,654.08,258.0,335.05,84.54,85.1175,85.4025,82.275,83.415,81.8925,0.0,629.91,520.0,22.2368,526.61,497.54,5.0
0.0,57.6,3.7937,57.525,274.6125,342.3581,545.55,2.5996,6.61,0.0,363.78,71.0383,710.8,17.6003,600.0,600.0,8.8603,64.7053,74.987,2.5996,6.61,0.0,100.0,9.1151,0.0,363.75,710.8,0.0,36.355,12.066,1.522,0.001,0.004,12.09,-16.371,0.0,0.0164,0.0164,0.0234,0.0207,1.415,0.0234,0.021,0.0164,653.8,257.9,334.9,84.54,85.1025,85.35,82.245,83.4675,81.8625,0.0,629.61,520.0,22.2788,526.61,497.51,5.0
0.0,57.5625,3.7922,57.525,274.005,342.0482,545.75,2.5996,6.61,0.0,363.75,71.0371,710.8,17.6003,600.0,600.0,8.8597,64.7045,74.9875,2.5996,6.61,0.0,100.0,9.1146,0.0,363.75,710.8,0.0,36.36,12.042,1.522,0.001,0.004,12.066,-16.382,0.0,0.0164,0.0164,0.0234,0.0207,1.415,0.0234,0.0211,0.0164,653.52,257.75,334.75,84.51,85.095,85.3725,82.2375,83.4975,81.8775,0.0,629.34,520.0,22.3213,526.61,497.51,5.0
0.0,57.6,4.6141,57.5625,274.3425,342.2203,545.9,2.6,6.61,0.0,363.75,71.0364,710.72,17.6003,600.0,600.0,8.8591,64.7031,74.9865,2.6,6.61,0.0,100.0,9.1151,0.0,363.75,710.72,0.0,36.365,12.024,1.523,0.002,0.004,12.042,-16.3985,0.0,0.0164,0.0164,0.0234,0.0208,1.415,0.0234,0.0211,0.0164,653.2,257.65,334.6,84.5625,85.05,85.3725,82.2,83.4975,81.9225,0.0,629.04,520.0,22.3493,526.61,497.51,5.0
0.0,57.6,4.6141,57.5625,274.3425,342.2203,545.9,2.6,6.61,0.0,363.75,71.0353,710.72,17.6003,600.0,600.0,8.8585,64.7018,74.9865,2.6,6.61,0.0,100.0,9.1151,0.0,363.75,710.72,0.0,36.37,12.024,1.523,0.002,0.004,12.024,-16.3985,0.0,0.0164,0.0164,0.0234,0.0208,1.415,0.0234,0.0211,0.0164,653.2,257.65,334.6,84.5625,85.05,85.3725,82.2,83.4975,81.9225,0.0,628.77,520.0,22.3773,526.61,497.51,5.0
0.0,57.5625,3.7594,57.6,273.735,341.6349,545.45,2.6,6.61,0.0,363.75,71.0342,710.72,17.6003,600.0,600.0,8.8579,64.7005,74.9865,2.6,6.61,0.0,100.0,9.1151,0.0,363.75,710.72,0.0,36.37,12.0,1.524,0.003,0.003,12.024,-16.4095,0.0,0.0164,0.0164,0.0234,0.0208,1.4151,0.0234,0.0211,0.0164,652.92,257.55,334.45,84.555,85.0575,85.365,82.2,83.5425,81.96,0.0,628.77,520.0,22.4203,526.61,497.51,5.0
0.0,57.6,4.2484,57.5625,274.23,342.1859,546.1,2.6,6.61,0.0,363.75,71.0331,710.72,17.6003,600.0,600.0,8.8581,64.6999,74.9865,2.6,6.61,0.0,100.0,9.114,0.0,363.75,710.72,0.0,36.375,11.982,1.524,0.002,0.003,12.0,-16.426,0.0,0.0164,0.0164,0.0235,0.0208,1.4151,0.0234,0.0211,0.0164,652.6,257.4,334.3,84.5925,85.0425,85.38,82.185,83.5275,81.99,0.0,628.47,520.0,22.4638,526.58,497.51,5.0
0.0,57.6375,4.3828,57.6,274.635,342.427,546.0,2.6,6.61,0.0,363.75,71.0326,710.64,17.6003,600.0,600.0,8.8578,64.6988,74.9865,2.6,6.61,0.0,100.0,9.114,0.0,363.75,710.64,0.0,36.375,11.964,1.525,0.001,0.003,11.982,-16.437,0.0,0.0164,0.0164,0.0235,0.0208,1.4152,0.0234,0.0211,0.0164,652.32,257.3,334.1,84.6075,85.02,85.35,82.2,83.565,81.99,0.0,628.2,520.0,22.4928,526.58,497.51,5.0
0.0,57.6,4.2516,57.525,273.915,341.9448,545.55,2.6,6.61,0.0,363.75,71.0322,710.56,17.6003,600.0,600.0,8.8574,64.6977,74.9865,2.6,6.61,0.0,100.0,9.114,0.0,363.72,710.56,0.0,36.38,11.946,1.525,0.001,0.003,11.964,-16.448,0.0,0.0164,0.0164,0.0235,0.0208,1.4153,0.0235,0.0212,0.0164,652.04,257.2,333.95,84.6225,85.005,85.395,82.2,83.5575,81.96,0.0,627.9,520.0,22.5368,526.58,497.48,5.0
0.0,57.6,4.3953,57.5625,274.005,342.2548,546.05,2.6,6.61,0.0,363.72,71.0313,710.56,17.6003,600.0,599.94,8.8571,64.6974,74.9865,2.6,6.61,0.0,100.0,9.1129,0.0,363.72,710.56,0.0,36.38,11.934,1.526,0.001,0.003,11.946,-16.459,0.0,0.0165,0.0165,0.0236,0.0209,1.4153,0.0235,0.0212,0.0165,651.72,257.1,333.8,84.6075,84.9675,85.3575,82.2525,83.52,81.9375,0.0,627.63,520.0,22.5813,526.58,497.48,5.0
0.0,57.6,4.6328,57.6,273.9825,342.4614,545.9,2.6,6.61,0.0,363.72,71.0304,710.56,17.6011,599.94,599.94,8.8568,64.6965,74.9865,2.6,6.61,0.0,100.0,9.1129,0.0,363.72,710.56,0.0,36.385,11.916,1.526,0.001,0.003,11.934,-16.47,0.0,0.0165,0.0165,0.0236,0.0209,1.4154,0.0235,0.0212,0.0165,651.44,256.95,333.65,84.585,84.96,85.395,82.29,83.505,81.9825,0.0,627.33,520.0,22.6113,526.58,497.48,5.0
0.0,57.5625,4.225,57.6,274.545,342.117,545.65,2.6,6.6075,0.0,363.72,71.0296,710.56,17.6013,599.94,599.94,8.8564,64.6957,74.9865,2.6,6.6075,0.0,100.0,9.1129,0.0,363.72,710.56,0.0,36.39,11.904,1.527,0.002,0.002,11.916,-16.4755,0.0,0.0165,0.0165,0.0236,0.0209,1.4154,0.0236,0.0212,0.0165,651.12,256.85,333.5,84.6,84.9825,85.395,82.335,83.55,81.93,0.0,627.06,520.0,22.6562,526.55,497.48,5.0
0.0,57.6,3.8031,57.525,273.6225,342.4614,545.4,2.6,6.6075,0.0,363.72,71.0287,710.56,17.6016,599.94,599.94,8.8561,64.6949,74.9865,2.6,6.6075,0.0,100.0,9.1129,0.0,363.72,710.56,0.0,36.395,11.892,1.527,0.001,0.002,11.904,-16.4865,0.0,0.0165,0.0165,0.0236,0.0209,1.4154,0.0236,0.0212,0.0165,650.84,256.75,333.35,84.615,85.0125,85.4025,82.3425,83.55,81.96,0.0,626.76,520.0,22.7017,526.55,497.48,5.0
0.0,57.6,3.8031,57.525,273.6225,342.4614,545.4,2.6,6.6075,0.0,363.72,71.0278,710.56,17.6018,599.94,599.94,8.8558,64.694,74.9865,2.6,6.6075,0.0,100.0,9.1129,0.0,363.72,710.56,0.0,36.395,11.892,1.527,0.001,0.002,11.892,-16.4865,0.0,0.0165,0.0165,0.0236,0.0209,1.4154,0.0236,0.0212,0.0165,650.84,256.75,333.35,84.615,85.0125,85.4025,82.3425,83.55,81.96,0.0,626.49,520.0,22.7327,526.55,497.48,5.0
0.0,57.5625,4.1594,57.5625,273.915,341.8071,545.95,2.6,6.6075,0.0,363.72,71.0276,710.48,17.6021,599.94,599.94,8.8554,64.6932,74.9865,2.6,6.6075,0.0,100.0,9.1129,0.0,363.72,710.48,0.0,36.395,11.88,1.528,0.001,0.002,11.892,-16.4975,0.0,0.0165,0.0165,0.0237,0.0209,1.4155,0.0236,0.0212,0.0165,650.52,256.65,333.25,84.63,85.005,85.395,82.365,83.55,82.0125,0.0,626.49,520.0,22.7636,526.55,497.45,5.0
0.0,57.525,3.7547,57.6,274.455,342.0137,545.25,2.6,6.6075,0.0,363.72,71.0274,710.4,17.6023,599.94,599.94,8.8551,64.6931,74.9865,2.6,6.6075,0.0,100.0,9.1124,0.0,363.72,710.4,0.0,36.4,11.868,1.528,0.001,0.002,11.88,-16.503,0.0,0.0165,0.0165,0.0237,0.021,1.4155,0.0237,0.0212,0.0165,650.24,256.55,333.1,84.5775,84.99,85.3875,82.3725,83.5575,82.035,0.0,626.19,520.0,22.8096,526.55,497.45,5.0
0.0,57.6,4.6437,57.6,274.275,341.7382,545.95,2.5998,6.6075,0.0,363.72,71.0268,710.4,17.6026,599.94,599.94,8.8548,64.6926,74.9872,2.5998,6.6075,0.0,100.0,9.1124,0.0,363.69,710.4,0.0,36.405,11.856,1.529,0.001,0.002,11.868,-16.514,0.0,0.0165,0.0165,0.0237,0.021,1.4156,0.0237,0.0212,0.0165,649.92,256.45,332.95,84.585,85.0425,85.3425,82.38,83.535,82.065,0.0,625.89,520.0,22.856,526.52,497.45,5.0
0.0,57.525,4.6766,57.6,273.69,341.566,545.9,2.5998,6.6075,0.0,363.69,71.0262,710.4,17.6028,599.94,599.94,8.8544,64.692,74.9875,2.5998,6.6075,0.0,100.0,9.1124,0.0,363.69,710.4,0.0,36.405,11.85,1.529,0.001,0.002,11.856,-16.5195,0.0,0.0165,0.0165,0.0237,0.021,1.4157,0.0237,0.0212,0.0165,649.64,256.3,332.8,84.6225,85.0575,85.365,82.38,83.58,82.095,0.0,625.62,520.0,22.888,526.52,497.45,5.0
0.0,57.5625,3.8344,57.6,274.3875,342.4958,545.25,2.5998,6.6075,0.0,363.69,71.0256,710.4,17.6031,599.94,599.94,8.8541,64.6914,74.9877,2.5998,6.6075,0.0,100.0,9.1124,0.0,363.69,710.4,0.0,36.41,11.844,1.529,0.001,0.002,11.85,-16.525,0.0,0.0165,0.0165,0.0237,0.021,1.4157,0.0237,0.0212,0.0165,649.32,256.2,332.65,84.615,85.0725,85.365,82.4175,83.565,82.05,0.0,625.32,520.0,22.9349,526.52,497.42,5.0
0.0,57.6,4.6344,57.525,273.8475,342.0826,545.6,2.5998,6.6075,0.0,363.69,71.0249,710.4,17.6033,599.94,599.94,8.8538,64.6908,74.988,2.5998,6.6075,0.0,100.0,9.1124,0.0,363.69,710.4,0.0,36.415,11.844,1.529,0.001,0.002,11.844,-16.525,0.0,0.0165,0.0165,0.0238,0.021,1.4158,0.0238,0.0213,0.0165,649.04,256.1,332.55,84.63,85.095,85.395,82.3875,83.6025,82.0875,0.0,625.05,520.0,22.9673,526.52,497.42,5.0
0.0,57.6,3.7547,57.525,273.8475,341.6004,545.3,2.5998,6.6075,0.0,363.69,71.0243,710.4,17.6036,599.94,599.94,8.8542,64.6902,74.9882,2.5998,6.6075,0.0,100.0,9.1124,0.0,363.69,710.4,0.0,36.415,11.838,1.529,0.001,0.001,11.844,-16.5305,0.0,0.0165,0.0165,0.0238,0.021,1.4158,0.0238,0.0213,0.0165,648.72,256.0,332.4,84.63,85.0875,85.3575,82.3575,83.6325,82.1325,0.0,624.75,520.0,23.0148,526.49,497.42,5.0
0.0,57.5625,4.1219,57.5625,274.365,342.117,546.2,2.5998,6.6075,0.0,363.69,71.0237,710.4,17.6038,599.94,599.94,8.8541,64.6897,74.9885,2.5998,6.6075,0.0,100.0,9.1124,0.0,363.69,710.4,0.0,36.42,11.838,1.529,0.0,0.001,11.838,-16.5305,0.0,0.0165,0.0165,0.0238,0.021,1.4158,0.0238,0.0213,0.0165,648.44,255.9,332.25,84.66,85.065,85.305,82.3125,83.67,82.1175,0.0,624.45,520.0,23.0627,526.49,497.42,5.0
0.0,57.5625,4.0969,57.525,274.4775,342.0826,546.35,2.5998,6.6075,0.0,363.69,71.0243,710.24,17.6041,599.94,599.94,8.854,64.6891,74.9887,2.5998,6.6075,0.0,100.0,9.1118,0.0,363.69,710.24,0.0,36.42,11.838,1.53,0.0,0.001,11.838,-16.536,0.0,0.0165,0.0165,0.0238,0.0211,1.4159,0.0238,0.0213,0.0165,648.12,255.8,332.15,84.63,85.02,85.335,82.29,83.6175,82.08,0.0,624.18,520.0,23.0961,526.49,497.39,5.0
0.0,57.5625,4.0969,57.525,274.4775,342.0826,546.35,2.5998,6.6075,0.0,363.69,71.0239,710.24,17.6043,599.94,599.94,8.8539,64.6885,74.989,2.5998,6.6075,0.0,100.0,9.1118,0.0,363.69,710.24,0.0,36.425,11.838,1.53,0.0,0.001,11.838,-16.536,0.0,0.0165,0.0165,0.0238,0.0211,1.4159,0.0238,0.0213,0.0165,648.12,255.8,332.15,84.63,85.02,85.335,82.29,83.6175,82.08,0.0,623.88,520.0,23.1295,526.49,497.39,5.0
0.0,57.6,4.6734,57.525,273.96,341.8071,545.85,2.5998,6.6075,0.0,363.69,71.0236,710.24,17.6046,599.94,599.94,8.8538,64.6879,74.9892,2.5998,6.6075,0.0,100.0,9.1118,0.0,363.66,710.24,0.0,36.425,11.832,1.53,0.0,0.001,11.838,-16.536,0.0,0.0165,0.0165,0.0239,0.0211,1.4159,0.0238,0.0213,0.0165,647.84,255.7,332.0,84.6375,85.05,85.3425,82.245,83.595,82.05,0.0,623.88,520.0,23.178,526.46,497.39,5.0
0.0,57.6,4.3625,57.6,273.915,342.0826,546.05,2.5998,6.6075,0.0,363.66,71.0232,710.24,17.6048,599.94,599.94,8.8538,64.6881,74.9895,2.5998,6.6075,0.0,100.0,9.1113,0.0,363.66,710.24,0.0,36.425,11.832,1.53,0.001,0.001,11.832,-16.536,0.0,0.0165,0.0165,0.0239,0.0211,1.416,0.0238,0.0213,0.0165,647.52,255.65,331.85,84.6375,85.035,85.335,82.2825,83.55,82.0725,0.0,623.61,520.0,23.2269,526.46,497.39,5.0
0.0,57.525,4.2953,57.6,273.825,341.7382,545.55,2.5998,6.6075,0.0,363.66,71.0228,710.24,17.6051,599.94,599.94,8.8537,64.6877,74.9897,2.5998,6.6075,0.0,100.0,9.1113,0.0,363.66,710.24,0.0,36.43,11.832,1.53,0.001,0.001,11.832,-16.5415,0.0,0.0165,0.0165,0.0239,0.0211,1.416,0.0238,0.0213,0.0165,647.24,255.55,331.75,84.645,85.0575,85.3275,82.3275,83.5275,82.0425,0.0,623.31,520.0,23.2613,526.46,497.39,5.0
0.0,57.6,4.1844,57.5625,273.8025,341.6693,545.5,2.5998,6.6075,0.0,363.66,71.0224,710.24,17.6053,599.94,599.94,8.8536,64.6874,74.99,2.5998,6.6075,0.0,100.0,9.1113,0.0,363.66,710.24,0.0,36.435,11.832,1.53,0.001,0.001,11.832,-16.5415,0.0,0.0165,0.0165,0.0239,0.0212,1.4161,0.0239,0.0213,0.0165,646.92,255.45,331.6,84.645,85.1025,85.2825,82.29,83.5575,82.0425,0.0,623.01,520.0,23.3107,526.46,497.36,5.0
0.0,57.5625,4.1609,57.5625,274.2975,342.3925,546.35,2.5998,6.6075,0.0,363.66,71.0221,710.24,17.6056,599.94,600.12,8.8535,64.6871,74.9902,2.5998,6.6075,0.0,100.0,9.1113,0.0,363.66,710.24,0.0,36.435,11.832,1.53,0.0,0.001,11.832,-16.5415,0.0,0.0165,0.0165,0.0239,0.0212,1.4161,0.0239,0.0213,0.0165,646.64,255.35,331.5,84.6,85.1175,85.32,82.2675,83.5125,82.0875,0.0,622.74,520.0,23.3456,526.43,497.36,5.0
0.0,57.6,4.0344,57.525,274.5,342.6681,545.85,2.5998,6.6075,0.0,363.66,71.0217,710.24,17.6035,600.12,600.12,8.8534,64.6867,74.9905,2.5998,6.6075,0.0,100.0,9.1113,0.0,363.66,710.24,0.0,36.44,11.832,1.53,0.0,0.001,11.832,-16.547,0.0,0.0165,0.0165,0.024,0.0212,1.4162,0.0239,0.0213,0.0165,646.32,255.25,331.35,84.5775,85.125,85.3125,82.305,83.46,82.035,0.0,622.44,520.0,23.3955,526.43,497.36,5.0
0.0,57.5625,3.7734,57.6,274.3425,342.2203,546.0,2.5998,6.6075,0.0,363.66,71.0213,710.24,17.6031,600.12,600.12,8.8533,64.6864,74.9908,2.5998,6.6075,0.0,100.0,9.1113,0.0,363.63,710.24,0.0,36.44,11.832,1.53,0.0,0.001,11.832,-16.547,0.0,0.0165,0.0165,0.024,0.0212,1.4162,0.024,0.0213,0.0165,646.04,255.15,331.25,84.57,85.125,85.2825,82.275,83.4225,82.0425,0.0,622.14,520.0,23.4459,526.43,497.33,5.0
0.0,57.6,3.7453,57.6,274.05,341.8071,546.35,2.6004,6.6075,0.0,363.63,71.0209,710.24,17.6026,600.12,599.94,8.8533,64.6861,74.9888,2.6004,6.6075,0.0,100.0,9.1118,0.0,363.63,710.24,0.0,36.445,11.832,1.53,0.0,0.001,11.832,-16.547,0.0,0.0165,0.0165,0.024,0.0212,1.4162,0.024,0.0213,0.0165,645.72,255.1,331.15,84.5775,85.155,85.23,82.2975,83.415,82.0425,0.0,621.87,520.0,23.4817,526.4,497.33,5.0
0.0,57.5625,3.7812,57.525,273.9825,342.2548,546.25,2.6004,6.6075,0.0,363.63,71.0206,710.24,17.6043,599.94,599.94,8.8532,64.6857,74.9883,2.6004,6.6075,0.0,100.0,9.1118,0.0,363.63,710.24,0.0,36.445,11.838,1.53,0.0,0.0,11.832,-16.547,0.0,0.0165,0.0165,0.024,0.0212,1.4163,0.024,0.0213,0.0165,645.44,255.0,331.0,84.63,85.14,85.245,82.305,83.4375,82.05,0.0,621.57,520.0,23.5326,526.4,497.33,5.0
0.0,57.5625,3.8906,57.5625,274.2525,342.3925,546.35,2.6004,6.6075,0.0,363.63,71.0202,710.24,17.6045,599.94,599.94,8.8531,64.6854,74.9877,2.6004,6.6075,0.0,100.0,9.1118,0.0,363.63,710.24,0.0,36.45,11.838,1.53,0.0,0.0,11.838,-16.547,0.0,0.0165,0.0165,0.0241,0.0212,1.4163,0.024,0.0213,0.0165,645.12,254.9,330.9,84.6525,85.1025,85.215,82.29,83.415,82.0725,0.0,621.27,520.0,23.584,526.4,497.3,5.0
0.0,57.6,4.7078,57.6,273.915,342.8058,546.55,2.5998,6.6075,0.0,363.63,71.0198,710.24,17.6048,599.94,599.94,8.853,64.6851,74.9895,2.5998,6.6075,0.0,100.0,9.1113,0.0,363.63,710.24,0.0,36.45,11.838,1.53,0.0,0.0,11.838,-16.547,0.0,0.0165,0.0165,0.0241,0.0213,1.4164,0.0241,0.0213,0.0165,644.84,254.8,330.8,84.69,85.095,85.2225,82.3275,83.415,82.065,0.0,621.0,520.0,23.6209,526.37,497.3,5.0
0.0,57.6,4.3219,57.6,274.59,342.2203,546.55,2.5998,6.6075,0.0,363.63,71.0194,710.24,17.605,599.94,599.94,8.8529,64.6847,74.9897,2.5998,6.6075,0.0,100.0,9.1113,0.0,363.63,710.24,0.0,36.455,11.844,1.53,0.0,0.003,11.838,-16.5525,0.0,0.0165,0.0165,0.0241,0.0213,1.4164,0.0241,0.0213,0.0165,644.52,254.75,330.65,84.6975,85.1175,85.2,82.3275,83.43,82.0725,0.0,620.7,520.0,23.6728,526.37,497.3,5.0
0.0,57.5625,3.8062,57.5625,274.0725,342.427,546.65,2.5998,6.6075,0.0,363.63,71.0191,710.24,17.6053,599.94,599.94,8.8528,64.6844,74.99,2.5998,6.6075,0.0,100.0,9.1113,0.0,363.63,710.24,0.0,36.455,11.85,1.53,0.0,0.0,11.844,-16.5525,0.0,0.0165,0.0165,0.0241,0.0213,1.4165,0.0241,0.0213,0.0165,644.24,254.65,330.55,84.7125,85.0875,85.2375,82.3425,83.4525,82.1025,0.0,620.4,520.0,23.7101,526.37,497.3,5.0
0.0,57.5625,3.8062,57.5625,274.0725,342.427,546.65,2.5998,6.6075,0.0,363.63,71.0187,710.24,17.6055,599.94,599.94,8.8528,64.6841,74.9902,2.5998,6.6075,0.0,100.0,9.1113,0.0,363.63,710.24,0.0,36.46,11.85,1.53,0.0,0.0,11.85,-16.5525,0.0,0.0165,0.0165,0.0241,0.0213,1.4165,0.0241,0.0213,0.0165,644.24,254.65,330.55,84.7125,85.0875,85.2375,82.3425,83.4525,82.1025,0.0,620.13,520.0,23.7475,526.37,497.3,5.0
0.0,57.5625,4.6344,57.525,274.05,341.9448,546.1,2.5998,6.6075,0.0,363.63,71.0196,710.08,17.6058,599.94,600.12,8.8527,64.6837,74.9905,2.5998,6.6075,0.0,100.0,9.1113,0.0,363.63,710.08,0.0,36.46,11.85,1.53,0.0,0.0,11.85,-16.547,0.0,0.0165,0.0165,0.0241,0.0213,1.4165,0.0241,0.0213,0.0165,643.92,254.55,330.45,84.6975,85.08,85.26,82.3425,83.46,82.125,0.0,620.13,520.0,23.7998,526.34,497.27,5.0
0.0,57.525,3.875,57.5625,274.545,342.2203,546.4,2.5998,6.6075,0.0,363.63,71.0195,710.08,17.6038,600.12,600.12,8.8526,64.6834,74.9908,2.5998,6.6075,0.0,100.0,9.1102,0.0,363.6,710.08,0.0,36.46,11.856,1.53,0.0,0.002,11.85,-16.5525,0.0,0.0165,0.0165,0.0242,0.0213,1.4166,0.0242,0.0213,0.0165,643.6,254.5,330.3,84.7275,85.0575,85.23,82.3425,83.4375,82.1325,0.0,619.83,520.0,23.8527,526.34,497.27,5.0
0.0,57.5625,3.9359,57.6,274.3875,342.2548,546.55,2.6004,6.6075,0.0,363.6,71.0193,710.08,17.6033,600.12,600.12,8.8525,64.683,74.9888,2.6004,6.6075,0.0,100.0,9.1108,0.0,363.6,710.08,0.0,36.46,11.856,1.53,0.0,0.0,11.856,-16.5525,0.0,0.0165,0.0165,0.0242,0.0213,1.4166,0.0242,0.0213,0.0165,643.32,254.4,330.2,84.7125,85.0875,85.26,82.35,83.4225,82.0875,0.0,619.53,520.0,23.891,526.31,497.27,5.0
0.0,57.5625,3.9359,57.6,274.3875,342.2548,546.55,2.6004,6.6075,0.0,363.6,71.0192,710.08,17.6028,600.12,600.12,8.8524,64.6827,74.9883,2.6004,6.6075,0.0,100.0,9.1108,0.0,363.6,710.08,0.0,36.465,11.856,1.53,0.0,0.0,11.856,-16.5525,0.0,0.0165,0.0165,0.0242,0.0213,1.4166,0.0242,0.0213,0.0165,643.32,254.4,330.2,84.7125,85.0875,85.26,82.35,83.4225,82.0875,0.0,619.26,520.0,23.9294,526.31,497.27,5.0
0.0,57.525,4.1906,57.525,274.8375,342.0482,546.65,2.6004,6.6075,0.0,363.6,71.0191,710.08,17.6023,600.12,599.94,8.8523,64.6824,74.9877,2.6004,6.6075,0.0,100.0,9.1108,0.0,363.6,710.08,0.0,36.465,11.862,1.53,0.0,0.0,11.856,-16.5525,0.0,0.0165,0.0165,0.0242,0.0213,1.4166,0.0242,0.0213,0.0165,643.0,254.3,330.1,84.6525,85.08,85.2975,82.3725,83.46,82.0425,0.0,619.26,520.0,23.9827,526.31,497.24,5.0
0.0,57.525,3.9937,57.5625,274.6125,342.7025,546.1,2.6004,6.6075,0.0,363.6,71.019,710.08,17.604,599.94,599.94,8.8523,64.682,74.9872,2.6004,6.6075,0.0,100.0,9.1113,0.0,363.6,710.08,0.0,36.465,11.868,1.53,0.0,0.0,11.862,-16.5525,0.0,0.0165,0.0165,0.0242,0.0214,1.4166,0.0242,0.0213,0.0165,642.72,254.25,330.0,84.675,85.0425,85.3275,82.3725,83.49,82.065,0.0,618.96,520.0,24.0215,526.31,497.24,5.0
0.0,57.525,3.9937,57.5625,274.6125,342.7025,546.1,2.6004,6.6075,0.0,363.6,71.0188,710.08,17.6043,599.94,599.94,8.8522,64.6817,74.9867,2.6004,6.6075,0.0,100.0,9.1113,0.0,363.6,710.08,0.0,36.47,11.868,1.53,0.0,0.0,11.868,-16.5525,0.0,0.0165,0.0165,0.0242,0.0214,1.4166,0.0242,0.0213,0.0165,642.72,254.25,330.0,84.675,85.0425,85.3275,82.3725,83.49,82.065,0.0,618.66,520.0,24.0604,526.31,497.24,5.0
0.0,57.5625,4.0187,57.5625,274.815,342.1859,546.3,2.5998,6.6075,0.0,363.6,71.0187,710.08,17.6045,599.94,599.94,8.8521,64.6814,74.9885,2.5998,6.6075,0.0,100.0,9.1108,0.0,363.6,710.08,0.0,36.47,11.874,1.53,0.0,0.0,11.868,-16.5525,0.0,0.0165,0.0165,0.0243,0.0214,1.4167,0.0242,0.0213,0.0165,642.4,254.15,329.9,84.69,85.0875,85.2825,82.3725,83.4975,82.0875,0.0,618.66,520.0,24.1142,526.28,497.21,5.0
