DR1103.PV,TRCA1130.SV,FV1105.OUT,TI_1140.PV,PDR1106.PV,AO_P1201A.OUT,FT_1122.PV,TIA2977.PV,FI1902.PV,TI_1149A.PV,PDRCA1109.MV,FRC1108.SV,TI_1141.PV,TI1132.PV,CCSFI1401A.PV,TI1112.PV,FI_1125.PV,AO_P1201B.OUT,TIA1102.PV,FT_1121.PV,CCSPDIC1402.MV,FV1106.OUT,CCSPDIC1402.PV,FI1105.PV,CCSLIA2790.PV,FI1108.PV,FIC_1123.MV,FRC1213.SV,FV1110.OUT,PVI1101B.PV,FI_1120.PV,FRC1213.MV,TI1118A.PV,TIC_1101.MV,PISA2961B.PV,HV1403.OUT,LI_1139.PV,FI1112.PV,TI_1154A.PV,LI1101.PV,TIA1161A.PV,TIC1130A.PV,TIA1160A.PV,TI1111.PV,PDRCA1109.SV,CCSTIA2892.PV,TIA1161C.PV,FV1424.OUT,FRC1105.SV,P1201ADL.PV,TIA1127.PV,PDI_1133.OUT,FRQ1623.PV,TIA2976.PV,CCSFV1402B.OUT,FIC_1123.SV,TI1120.PV,TI_1143A.PV,WI20005.PV,PV1170.OUT,FRC1105.PV,CCSFV1403.OUT,FI1121.PV,CCSTIA2991.PV,CCSPIC2702.MV,FV1001.PV,PDRCA1109.PV,TIA1161B.PV,CCSPIC2702.PV,TI1113.PV,PI1130.PV,FRC1106.MV,FRCA1111.SV,TV1118A.OUT,FIC_1127.PV,PI_1132B.PV,FRC1103.SV,CCSFIC1402B.PV,TI1105B.PV,TI1116A.PV,TIA2891.PV,PIC1170.MV,CCSPISL2794.PV,PIC1101B.MV,FI1111.PV,PVI1101A.PV,TI_1153A.PV,TI1118B.PV,PDR1121.PV,TI1130.PV,CCSPISL2660B.PV,CCSFV1402A.OUT,PIK1101B.OUT,FI_1124.PV,CCSFIC1402A.PV,FI1104.PV,PI_1180.PV,PV1130.OUT,FRCA1112.MV,TDRCA1117A.OUT,XCV1403.OUT,PRCA1101B.MV,FRC104.PV,CCSFI1401C.PV,PIK1101A.OUT,TI_1143C.PV,PIC_1130.MV,CCSPISA2761.PV,TI1119D.PV,TI_1181.PV,TIA2973.PV,FRC1106.PV,FI1424.PV,TRC1118A.PV,FRC1108.MV,DR1102.PV,CCSPISL2662.PV,TI_1147.PV,PRCA1101B.PV,CCSFIC1402A.MV,FRC104.SV,CCSPRC1415.PV,CCSPV2702.OUT,FV1104.OUT,FI1118.PV,TRCA1130.MV,FRSA1101.PV,CCSPISA2961.PV,FRC1102.PV,FRC1104.PV,TI1110A.PV,CCSPI1404.PV,TIA2872.PV,TI1119A.PV,FV1122.OUT,CCSPIC2602.MV,TI1115A.PV,PDR1108.PV,FIC_1122.PV,FT_1123.PV,TI_1151A.PV,FV1121.OUT,PISA2861.PV,PI_1136.PV,FI1102.PV,PI1170.PV,CCSFI1401B.PV,TI1105A.PV,TV1101.OUT,TI1117A.PV,TI1117B.PV,TI101.PV,PDRA1107.PV,FRC104.MV,PI_1132A.PV,PDR1105.PV,CCSTIA2791.PV,FI1106.PV,CCSPIC2602.SV,FRC1213.PV,TI1104.PV,FI1115.PV,PDR1401.PV,FRC1113.SV,CCSTIA2690.PV,PI_1138A.PV,FRC1102.SV,PI_1183.PV,FV1107.OUT,DR1110.PV,TI1154AF2.PV,WR1104.PV,FRCA1110.SV,FI104.PV,CCSFIC1402B.MV,PR1102A.PV,FI_1127.PV,FV1111.OUT,AR1403.PV,FRCA1112.SV,TIA2972.PV,PDRSA1104.PV,TI1119C.PV,TIA1160C.PV,CCSPDI1402A.PV,PDI_1140.PV,FRC1106.SV,PDIC_1133.SV,FRCA1112.PV,DR1107.PV,CCSLIA2692.PV,FIC_1122.MV,FRC1103.MV,FI1107.PV,FI1119.PV,CCSPIC1415.PV,FRCA1110.MV,TIC_1155.MV,PIC1101B.PV,FIC_1121.PV,CCSPI1407B.PV,TI_1143D.PV,FV1127.OUT,PIC_1130.SV,TZI_1155A.PV,CCSFIC1401.MV,WVI1101.PV,FRC1113.PV,CCSPISL2691.PV,TI_1180.PV,FRC1424.MV,LRCA1101.SV,CCSPV1415.OUT,TI_1148.PV,AR1402.PV,FRCA1111.PV,FI1117.PV,TI1119B.PV,FRCA1111.MV,CCSTIA2692.PV,PI_1181.PV,TI1133.PV,TI1135.PV,DR1106.PV,FRCA1110.PV,FI1213.PV,PI1110.PV,TIC1130B.MV,PR1102B.PV,AR1410B.PV,FRC1103.PV,FV1108.OUT,PDI_1137.PV,TI1151AF2.PV,DR1104.PV,FRC1113.MV,PISA2961.PV,FI1103.PV,PI_1182.PV,FRC1105.MV,TIA2975.PV,CCSPISL2661.PV,TRA1401A.PV,PV1101A.OUT,TI1611.PV,CCSPISA2760B.PV,FRC1424.PV,WRA1103.PV,FIC_1121.MV,TIA2877.PV,CCSTIA2992.PV,TRA1401B.PV,FV_1123.OUT,FRC1108.PV,PI_1141.PV,PI_1138B.PV,FRC1104.SV,CCSPIC2702.SV,TV1155.OUT,TI1117AF2.PV,PV1611.OUT,CCSFIC1401.SV,PIC_1130.PV,CCSPV2801.OUT,ZI1102.PV,FV1103.OUT,PDI_1109.PV,PIC1170.SV,CCSFIC1401.PV,CCSPIC1415.MV,CCSPIC1415.SV,TIC_1155.PV,PRA1102.PV,PI_1134.PV,FI1113.PV,TRCA1130.PV,TI1110B.PV,TI_1145.PV,CCSPV2701.OUT,TIC_1101.PV,DR1108.PV,TIA1608.PV,FRC1107.PV,AI_P1201A.PV,TIA1160B.PV,FV1102.OUT,TIA2892.PV,CCSXCV1404.OUT,TIC_1101.SV,TIA2873.PV,TI1212.PV,CCSKI2681.PV,PIC1170.PV,CCSTIA2790.PV,TIA2874.PV,FI1214.PV,FV1112.OUT,TIA2974.PV,XCV1401.OUT,CCSPV2901.OUT,CCSPIC2602.PV,TI1103.PV,TIA2876.PV,FIC_1127.SV,FRC1107.MV,TI_1152A.PV,TI_1150A.PV,TIC1130A.MV,CCSFRCA1407.PV,FIC_1121.SV,FRC1104.MV,TV1130A.OUT,FRC1102.MV,CCSPDIC1402.SV,TIC1130B.PV,AI_P1201B.PV,AR1401.PV,FV_1002.OUT,TIA1114.PV,PIC1101A.MV,PDIC_1133.MV,ZI1103.PV,CCSPISA2861.PV,PDR1103.PV,PIC1101A.PV,CCSPV2602.OUT,CCSPV2601.OUT,LRCA1101.PV,PDIC_1133.PV,TV1130B.OUT,CCSPISA2660.PV,TI_1146.PV,PDV1101C.PV,FIC_1123.PV,TI_1142.PV,CCSTIA2891.PV,FV104.OUT,HV1102.OUT,DR1105.PV,TIA2992.PV,FV1113.OUT,FRC1424.SV,TIA2875.PV,FIC_1122.SV,FIC_1127.MV,LV1101.OUT,CCSPISA2760.PV,PRCA1101B.SV,PISA2861B.PV,TIC_1155.SV,TRC1118A.MV,TI1115B.PV,FI1122.PV,CCSPISL2663.PV,PI1101.PV,FRC1107.SV,TIA1164.PV,LRCA1101.MV,PR1401.PV,FI1110.PV,TI1116B.PV,TI_1144.PV,TRC1118A.SV,TI_1143B.PV
57.6,210.4,0.0,210.4,4.385,75.6313,710.08,24.9975,174.69,522.54,44.882,0.0,110.0,273.65,186428.0,488.07,88.0,0.0,0.0,342.96,0.0,0.0,9.9998,0.0,96.08,0.0,50.0,180.0,11.1197,0.0,0.0,75.6313,679.9,44.8573,0.0,100.0,0.0,3000.0,589.9725,33.165,183.885,100.0,183.885,485.145,44.25,25.48,183.885,100.0,0.0,0.0,0.0,0.0,9.1102,24.9975,100.0,1771.9199,0.0,515.57,-1.0,0.0,0.0,60.0,50000.0,25.04,0.0,0.0,44.25,183.885,0.0,486.09,0.4632,0.0,5000.0,12.9199,600.0,0.1293,0.0,100.0,543.4,515.55,49.92,0.0,0.0,15.2405,5000.04,0.0,589.9725,681.65,0.0,210.4,0.037,100.0,15.2405,94.32,100.0,993.6,0.2106,100.0,15.7189,3.3,100.0,15.2405,0.0,186428.0,15.2405,515.57,100.0,0.0,679.9,250.0,24.9975,0.0,4.565,679.9,0.0,0.0,0.037,686.0375,0.1492,100.0,0.0,0.3792,0.0,10.9069,0.0,100.0,174.692,0.0,1000.2,999.9,0.0,0.294,84.5775,686.0,72.5883,0.0,670.05,0.0,710.08,1771.9199,522.54,50.0,0.3151,0.2435,1000.2,0.7,186428.0,542.4,44.8573,676.6,679.85,0.0,0.0,0.0,0.1814,0.681,0.0,0.0,0.037,180.0,0.0,0.0,12.343,2.6,26.555,0.1293,1000.0,1.0,66.234,571.3,50.0,145.552,5000.0,0.0,100.0,0.1992,600.0,28.0944,0.0,3000.0,24.9975,24.2575,679.9,183.885,9.9998,0.0,0.0,0.0,3000.0,287.2125,96.08,72.5883,0.0,2.6003,0.0,0.3792,11.1197,20.7696,15.223,342.96,0.2997,515.57,19.4625,0.5,0.0,0.0,0.0,2.6,0.0,250.0,100.0,33.0,0.0,50.0,0.0,5000.04,2200.0,686.0,28.0944,26.91,1.76,355.75,355.75,57.525,5000.3247,180.0,0.9984,0.0,0.1293,86.8,0.0,0.0,0.0,50.0,0.0,76.7881,0.0,0.0,0.1319,0.0,24.9975,0.037,661.8,15.2405,251.625,0.0,4.565,148.5225,50.0,81.99,25.0,650.4,50.0,0.0,0.0,0.1249,1000.0,0.0,20.7696,0.0,100.0,186439.0,0.4632,20.0,0.0,0.0,44.274,0.5,186439.0,0.0,0.3792,589.9725,0.1249,0.1319,2.6,210.4,0.0,487.1,0.0,522.51,357.4424,0.0,2.6003,75.625,183.885,9.9941,26.49,100.0,520.0,85.1325,61.2,5999.7334,0.7,26.91,85.2525,0.0,15.7189,24.9975,100.0,0.0,0.037,0.0,83.4075,600.0,66.234,589.9725,522.54,100.0,186375.0,342.96,10.9069,100.0,9.9941,9.9998,0.0,0.0,0.0,100.0,661.8,15.2405,20.7694,0.0,0.275,9.646,15.223,0.0,0.0,33.16,0.0,0.0,0.037,686.0,100.0,1771.9199,515.57,25.99,0.0,38.0,4.6516,0.0,76.7881,4.565,82.245,710.0,19.4625,73.694,0.0,0.15,0.3151,590.0,12.9199,673.3,0.0,0.037,0.1492,2.6,183.885,73.694,0.1492,5000.3247,515.55,515.57,680.0,515.57
57.525,210.42,0.0,210.42,4.384,75.6313,710.16,24.9975,174.555,522.6,44.8573,0.0,110.0,273.65,186428.0,488.07,88.0,0.0,0.0,342.96,0.0,0.0,9.9998,0.0,96.08,0.0,50.0,180.0,11.1164,0.0,0.0,75.6313,679.95,44.8434,0.0,100.0,0.0,3000.0,589.9725,33.165,183.885,100.0,183.885,485.145,44.274,25.48,183.885,100.0,0.0,0.0,0.0,0.0,9.1108,24.9975,100.0,1771.9199,0.0,515.605,-1.0,0.0,0.0,60.0,50000.0,25.04,0.0,0.0,44.274,183.885,0.0,486.135,0.4632,0.0,5000.0,12.9185,600.0,0.1293,0.0,100.0,543.44,515.6,49.92,0.0,0.0,15.2416,5000.04,0.0,589.9725,681.65,0.0,210.42,0.037,100.0,15.2416,94.32,100.0,993.6,0.2106,100.0,15.7189,3.35,100.0,15.2416,0.0,186428.0,15.2416,515.605,100.0,0.0,679.95,250.0,24.9975,0.0,4.565,679.9,0.0,0.0,0.037,686.0375,0.1492,100.0,0.0,0.3792,0.0,10.907,0.0,100.0,174.552,0.0,1000.2,999.9,0.0,0.294,84.5775,686.0,72.5876,0.0,670.05,0.0,710.16,1771.9199,522.6,50.0,0.3151,0.2435,1000.2,0.7,186428.0,542.44,44.8434,676.6,679.85,0.0,0.0,0.0,0.1814,0.681,0.0,0.0,0.037,180.0,0.0,0.0,12.344,2.6,26.555,0.1292,1000.0,1.0,66.2339,571.35,50.0,145.552,5000.0,0.0,100.0,0.1992,600.0,28.0944,0.0,3000.0,24.9975,24.274,679.95,183.885,9.9998,0.0,0.0,0.0,3000.0,287.145,96.08,72.5876,0.0,2.6003,0.0,0.3792,11.1164,20.77,15.2405,342.96,0.2997,515.605,19.4625,0.5,0.0,0.0,0.0,2.6,0.0,250.0,100.0,33.0,0.0,50.0,0.0,5000.04,2200.0,686.0,28.0944,26.91,1.76,355.75,355.75,57.6,5002.6997,180.0,0.9984,0.0,0.1293,86.25,0.0,0.0,0.0,50.0,0.0,76.7881,0.0,0.0,0.1319,0.0,24.9975,0.037,661.8,15.2416,251.65,0.0,4.565,148.5225,50.0,82.0275,25.0,650.4,50.0,0.0,0.0,0.1249,1000.0,0.0,20.77,0.0,100.0,186428.0,0.4632,20.0,0.0,0.0,44.304,0.5,186428.0,0.0,0.3792,589.9725,0.1249,0.1319,2.6,210.42,0.0,487.13,0.0,522.54,357.8557,0.0,2.6003,75.625,183.885,9.9941,26.49,100.0,520.0,85.0875,61.2,5999.7334,0.7,26.91,85.2075,0.0,15.7189,24.9975,100.0,0.0,0.037,0.0,83.415,600.0,66.2339,589.9725,522.6,100.0,186375.0,342.96,10.907,100.0,9.9941,9.9998,0.0,0.0,0.0,100.0,661.8,15.2416,20.7698,0.0,0.275,9.645,15.2405,0.0,0.0,33.165,0.0,0.0,0.037,686.04,100.0,1771.9199,515.6,25.99,0.0,38.0,4.1422,0.0,76.7881,4.565,82.215,710.0,19.4625,73.7646,0.0,0.15,0.3151,590.0,12.9185,673.3,0.0,0.037,0.1492,2.6,183.885,73.7646,0.1492,5002.6997,515.6,515.6,680.0,515.605
57.525,210.42,0.0,210.42,4.384,75.6313,710.16,24.9975,174.555,522.6,44.8434,0.0,110.0,273.65,186428.0,488.07,88.0,0.0,0.0,342.96,0.0,0.0,9.9998,0.0,96.08,0.0,50.0,180.0,11.115,0.0,0.0,75.6313,679.95,44.8256,0.0,100.0,0.0,3000.0,589.9725,33.165,183.885,100.0,183.885,485.145,44.304,25.48,183.885,100.0,0.0,0.0,0.0,0.0,9.1108,24.9975,100.0,1771.9199,0.0,515.605,-1.0,0.0,0.0,60.0,50000.0,25.04,0.0,0.0,44.304,183.885,0.0,486.135,0.4632,0.0,5000.0,12.9279,600.0,0.1293,0.0,100.0,543.44,515.6,49.92,0.0,0.0,15.2343,5000.04,0.0,589.9725,681.65,0.0,210.42,0.037,100.0,15.2343,94.32,100.0,993.6,0.2106,100.0,15.7189,3.35,100.0,15.2343,0.0,186428.0,15.2343,515.605,100.0,0.0,679.95,250.0,24.9975,0.0,4.565,679.95,0.0,0.0,0.037,686.0375,0.1492,100.0,0.0,0.3792,0.0,10.907,0.0,100.0,174.552,0.0,1000.2,999.9,0.0,0.294,84.5775,686.0,72.5873,0.0,670.05,0.0,710.16,1771.9199,522.6,50.0,0.3151,0.2435,1000.2,0.7,186428.0,542.44,44.8256,676.6,679.85,0.0,0.0,0.0,0.1814,0.681,0.0,0.0,0.037,180.0,0.0,0.0,12.344,2.6,26.555,0.1292,1000.0,1.0,66.2338,571.35,50.0,145.552,5000.0,0.0,100.0,0.1992,600.0,28.0943,0.0,3000.0,24.9975,24.274,679.95,183.885,9.9998,0.0,0.0,0.0,3000.0,287.145,96.08,72.5873,0.0,2.6003,0.0,0.3792,11.115,20.7704,15.2416,342.96,0.2997,515.605,19.4625,0.5,0.0,0.0,0.0,2.6,0.0,250.0,100.0,33.0,0.0,50.0,0.0,5000.04,2200.0,686.0,28.0943,26.91,1.76,355.75,355.75,57.6,5002.6997,180.0,0.9984,0.0,0.1293,86.25,0.0,0.0,0.0,50.0,0.0,76.7881,0.0,0.0,0.1319,0.0,24.9975,0.037,661.8,15.2343,251.65,0.0,4.565,148.5225,50.0,82.0275,25.0,650.4,50.0,0.0,0.0,0.1249,1000.0,0.0,20.7704,0.0,100.0,186428.0,0.4632,20.0,0.0,0.0,44.304,0.5,186428.0,0.0,0.3792,589.9725,0.1249,0.1319,2.6,210.42,0.0,487.13,0.0,522.6,357.8557,0.0,2.6003,75.625,183.885,9.994,26.49,100.0,520.0,85.0875,61.2,5999.7334,0.7,26.91,85.2075,0.0,15.7189,24.9975,100.0,0.0,0.037,0.0,83.415,600.0,66.2338,589.9725,522.6,100.0,186375.0,342.96,10.907,100.0,9.994,9.9998,0.0,0.0,0.0,100.0,661.8,15.2343,20.7702,0.0,0.275,9.645,15.2416,0.0,0.0,33.165,0.0,0.0,0.037,686.04,100.0,1771.9199,515.6,25.99,0.0,38.0,4.1422,0.0,76.7881,4.565,82.215,710.0,19.4625,73.7852,0.0,0.15,0.3151,590.0,12.9279,673.3,0.0,0.037,0.1492,2.6,183.885,73.7852,0.1492,5002.6997,515.6,515.6,680.0,515.605
57.525,210.42,0.0,210.42,4.384,75.6313,710.16,24.9975,174.555,522.6,44.8256,0.0,110.0,273.65,186428.0,488.07,88.0,0.0,0.0,342.96,0.0,0.0,9.9998,0.0,96.08,0.0,50.0,180.0,11.1136,0.0,0.0,75.6313,679.95,44.8151,0.0,100.0,0.0,3000.0,589.9725,33.165,183.885,100.0,183.885,485.145,44.304,25.48,183.885,100.0,0.0,0.0,0.0,0.0,9.1108,24.9975,100.0,1771.9199,0.0,515.605,-1.0,0.0,0.0,60.0,50000.0,25.04,0.0,0.0,44.304,183.885,0.0,486.135,0.4632,0.0,5000.0,12.9272,600.0,0.1293,0.0,100.0,543.44,515.6,49.92,0.0,0.0,15.2271,5000.04,0.0,589.9725,681.65,0.0,210.42,0.037,100.0,15.2271,94.32,100.0,993.6,0.2106,100.0,15.7189,3.35,100.0,15.2271,0.0,186428.0,15.2271,515.605,100.0,0.0,679.95,250.0,24.9975,0.0,4.565,679.95,0.0,0.0,0.037,686.0375,0.1492,100.0,0.0,0.3792,0.0,10.9071,0.0,100.0,174.552,0.0,1000.2,999.9,0.0,0.294,84.5775,686.0,72.5871,0.0,670.05,0.0,710.16,1771.9199,522.6,50.0,0.3151,0.2435,1000.2,0.7,186428.0,542.44,44.8151,676.6,679.85,0.0,0.0,0.0,0.1814,0.681,0.0,0.0,0.037,180.0,0.0,0.0,12.344,2.6,26.555,0.1292,1000.0,1.0,66.2337,571.35,50.0,145.552,5000.0,0.0,100.0,0.1992,600.0,28.0943,0.0,3000.0,24.9975,24.274,679.95,183.885,9.9998,0.0,0.0,0.0,3000.0,287.145,96.08,72.5871,0.0,2.6003,0.0,0.3792,11.1136,20.7708,15.2343,342.96,0.2997,515.605,19.4625,0.5,0.0,0.0,0.0,2.6,0.0,250.0,100.0,33.0,0.0,50.0,0.0,5000.04,2200.0,686.0,28.0943,26.91,1.76,355.75,355.75,57.6,5002.6997,180.0,0.9984,0.0,0.1293,86.25,0.0,0.0,0.0,50.0,0.0,76.7881,0.0,0.0,0.1319,0.0,24.9975,0.037,661.8,15.2271,251.65,0.0,4.565,148.5225,50.0,82.0275,25.0,650.4,50.0,0.0,0.0,0.1249,1000.0,0.0,20.7708,0.0,100.0,186428.0,0.4632,20.0,0.0,0.0,44.304,0.5,186428.0,0.0,0.3792,589.9725,0.1249,0.1319,2.6,210.42,0.0,487.13,0.0,522.6,357.8557,0.0,2.6003,75.625,183.885,9.9939,26.49,100.0,520.0,85.0875,61.2,5999.7334,0.7,26.91,85.2075,0.0,15.7189,24.9975,100.0,0.0,0.037,0.0,83.415,600.0,66.2337,589.9725,522.6,100.0,186375.0,342.96,10.9071,100.0,9.9939,9.9998,0.0,0.0,0.0,100.0,661.8,15.2271,20.7706,0.0,0.275,9.645,15.2343,0.0,0.0,33.165,0.0,0.0,0.037,686.04,100.0,1771.9199,515.6,25.99,0.0,38.0,4.1422,0.0,76.7881,4.565,82.215,710.0,19.4625,73.8058,0.0,0.15,0.3151,590.0,12.9272,673.3,0.0,0.037,0.1492,2.6,183.885,73.8058,0.1492,5002.6997,515.6,515.6,680.0,515.605
57.6,210.44,0.0,210.44,4.386,75.6313,710.16,24.9975,174.474,522.69,44.8151,0.0,110.0,273.65,186417.0,488.16,88.0,0.0,0.0,342.96,0.0,0.0,9.9998,0.0,96.08,0.0,50.0,180.0,11.1184,0.0,0.0,75.6313,679.95,44.7971,0.0,100.0,0.0,3000.0,590.005,33.165,183.885,100.0,183.885,485.235,44.388,25.48,183.885,100.0,0.0,0.0,0.0,0.0,9.1108,24.9975,100.0,1771.9199,0.0,515.675,-1.0,0.0,0.0,60.0,50000.0,25.04,0.0,0.0,44.388,183.885,0.0,486.18,0.4632,0.0,5000.0,12.9265,600.06,0.1292,0.0,100.0,543.56,515.65,49.92,0.0,0.0,15.2285,5000.04,0.0,590.005,681.7,0.0,210.44,0.037,100.0,15.2285,94.32,100.0,993.6,0.2105,100.0,15.7189,3.35,100.0,15.2285,0.0,186417.0,15.2285,515.675,100.0,0.0,679.95,250.0,24.9975,0.0,4.5675,679.95,0.0,0.0,0.037,686.0375,0.1493,100.0,0.0,0.3792,0.0,10.9071,0.0,100.0,174.482,0.0,1000.2,999.9,0.0,0.294,84.555,686.05,72.5868,0.0,670.05,0.0,710.16,1771.9199,522.69,50.0,0.3151,0.2436,1000.2,0.7,186417.0,542.56,44.7971,676.6,679.85,0.0,0.0,0.0,0.1814,0.681,0.0,0.0,0.037,180.0,0.0,0.0,12.345,2.6,26.555,0.1292,1000.0,1.0,66.2329,571.3,50.0,145.552,5000.0,0.0,100.0,0.1991,600.06,28.0943,0.0,3000.0,24.9975,24.373,679.95,183.885,9.9998,0.0,0.0,0.0,3000.0,287.0325,96.08,72.5868,0.0,2.601,0.0,0.3792,11.1184,20.756,15.2271,342.96,0.2997,515.675,19.4618,0.5,0.0,0.0,0.0,2.6002,0.0,250.0,100.0,33.0,0.0,50.0,0.0,5000.04,2200.0,686.05,28.0943,26.91,1.76,355.7,355.7,57.6,4998.4248,180.0,0.9986,0.0,0.1292,86.35,0.0,0.0,0.0,50.0,0.0,76.7873,0.0,0.0,0.1318,0.0,24.9975,0.037,661.8,15.2285,251.65,0.0,4.5675,148.5225,50.0,81.945,25.0,650.4,50.0,0.0,0.0,0.1248,1000.0,0.0,20.756,0.0,100.0,186417.0,0.4632,20.0,0.0,0.0,44.436,0.5,186417.0,0.0,0.3792,590.005,0.1248,0.1319,2.6002,210.44,0.0,487.19,0.0,522.66,358.0967,0.0,2.601,75.625,183.885,9.9938,26.49,100.0,520.0,85.1175,61.2,5999.7334,0.7,26.91,85.2075,0.0,15.7189,24.9975,100.0,0.0,0.037,0.0,83.43,600.0,66.2329,590.005,522.69,100.0,186375.0,342.96,10.9071,100.0,9.9938,9.9998,0.0,0.0,0.0,100.0,661.8,15.2285,20.756,0.0,0.275,9.642,15.2271,0.0,0.0,33.165,0.0,0.0,0.037,686.04,100.0,1771.9199,515.66,25.99,0.0,38.0,4.8078,0.0,76.7873,4.5675,82.2675,710.0,19.4618,73.8265,0.0,0.15,0.3151,590.0,12.9265,673.3,0.0,0.037,0.1493,2.6,183.885,73.8265,0.1493,4998.4248,515.65,515.66,680.0,515.675
57.5625,210.44,0.0,210.44,4.385,75.6313,710.16,24.9975,174.4605,522.72,44.7971,0.0,110.0,273.65,186406.0,488.205,88.0,0.0,0.0,342.96,0.0,0.0,9.9998,0.0,96.08,0.0,50.0,180.0,11.1167,0.0,0.0,75.6313,679.95,44.7826,0.0,100.0,0.0,3000.0,590.005,33.165,183.885,100.0,183.885,485.235,44.436,25.48,183.885,100.0,0.0,0.0,0.0,0.0,9.1108,24.9975,100.0,1771.9199,0.0,515.71,-1.0,0.0,0.0,60.0,50000.0,25.04,0.0,0.0,44.436,183.885,0.0,486.225,0.4632,0.0,5000.0,12.9259,600.06,0.1292,0.0,100.0,543.6,515.7,49.92,0.0,0.0,15.2216,5000.04,0.0,590.005,681.7,0.0,210.44,0.037,100.0,15.2216,94.32,100.0,993.6,0.2104,100.0,15.7189,3.35,100.0,15.2216,0.0,186406.0,15.2216,515.71,100.0,0.0,679.95,250.0,24.9975,0.0,4.5675,679.95,0.0,0.0,0.037,686.0375,0.1493,100.0,0.0,0.3792,0.0,10.9072,0.0,100.0,174.454,0.0,1000.2,999.9,0.0,0.294,84.57,686.05,72.5866,0.0,670.05,0.0,710.16,1771.9199,522.72,50.0,0.3151,0.2436,1000.2,0.7,186406.0,542.6,44.7826,676.6,679.9,0.0,0.0,0.0,0.1813,0.681,0.0,0.0,0.037,180.0,0.0,0.0,12.343,2.6,26.555,0.1292,1000.0,1.0,66.2325,570.85,50.0,145.552,5000.0,0.0,100.0,0.1991,600.06,28.0943,0.0,3000.0,24.9975,24.4005,679.95,183.885,9.9998,0.0,0.0,0.0,3000.0,286.695,96.08,72.5866,0.0,2.601,0.0,0.3792,11.1167,20.7559,15.2285,342.96,0.2997,515.71,19.4615,0.5,0.0,0.0,0.0,2.6002,0.0,250.0,100.0,33.0,0.0,50.0,0.0,5000.04,2200.0,686.05,28.0943,26.91,1.76,355.7,355.7,57.5625,5000.3247,180.0,0.9987,0.0,0.1292,86.5,0.0,0.0,0.0,50.0,0.0,76.7871,0.0,0.0,0.1318,0.0,24.9975,0.037,661.8,15.2216,251.65,0.0,4.5675,148.5225,50.0,81.9675,25.0,650.4,50.0,0.0,0.0,0.1248,1000.0,0.0,20.7559,0.0,100.0,186417.0,0.4632,20.0,0.0,0.0,44.49,0.5,186417.0,0.0,0.3792,590.005,0.1248,0.1319,2.6002,210.44,0.0,487.22,0.0,522.69,357.3735,0.0,2.601,75.625,183.885,9.9937,26.49,100.0,520.0,85.1325,61.2,5999.7334,0.7,26.91,85.215,0.0,15.7189,24.9975,100.0,0.0,0.037,0.0,83.46,600.0,66.2325,590.005,522.72,100.0,186375.0,342.96,10.9072,100.0,9.9937,9.9998,0.0,0.0,0.0,100.0,661.8,15.2216,20.7559,0.0,0.275,9.641,15.2285,0.0,0.0,33.165,0.0,0.0,0.037,686.04,100.0,1771.9199,515.69,25.99,0.0,38.0,4.3141,0.0,76.7871,4.5675,82.29,710.0,19.4615,73.8471,0.0,0.15,0.3151,590.0,12.9259,673.3,0.0,0.037,0.1493,2.6,183.885,73.8471,0.1493,5000.3247,515.7,515.69,680.0,515.71
57.6,210.46,0.0,210.46,4.384,75.6313,710.16,24.9975,174.4605,522.78,44.7826,0.0,110.0,273.65,186406.0,488.205,88.0,0.0,0.0,342.96,0.0,0.0,9.9998,0.0,96.08,0.0,50.0,180.0,11.1166,0.0,0.0,75.6313,679.95,44.768,0.0,100.0,0.0,3000.0,590.005,33.165,183.885,100.0,183.885,485.28,44.49,25.48,183.885,100.0,0.0,0.0,0.0,0.0,9.1108,24.9975,100.0,1771.9199,0.0,515.71,-1.0,0.0,0.0,60.0,50000.0,25.04,0.0,0.0,44.49,183.885,0.0,486.27,0.4632,0.0,5000.0,12.9252,600.06,0.1292,0.0,100.0,543.64,515.7,49.92,0.0,0.0,15.2232,5000.04,0.0,590.005,681.7,0.0,210.46,0.037,100.0,15.2232,94.32,100.0,993.6,0.2104,100.0,15.7189,3.35,100.0,15.2232,0.0,186406.0,15.2232,515.71,100.0,0.0,679.95,250.0,24.9975,0.0,4.5675,679.95,0.0,0.0,0.037,686.0375,0.1493,100.0,0.0,0.3792,0.0,10.9073,0.0,100.0,174.468,0.0,1000.2,999.9,0.0,0.294,84.6225,686.05,72.5863,0.0,670.05,0.0,710.16,1771.9199,522.78,50.0,0.3151,0.2436,1000.2,0.7,186406.0,542.64,44.768,676.6,679.9,0.0,0.0,0.0,0.1813,0.681,0.0,0.0,0.037,180.0,0.0,0.0,12.343,2.6,26.555,0.1292,1000.0,1.0,66.2322,570.55,50.0,145.552,5000.0,0.0,100.0,0.1991,600.06,28.0943,0.0,3000.0,24.9975,24.4335,679.95,183.885,9.9998,0.0,0.0,0.0,3000.0,287.055,96.08,72.5863,0.0,2.601,0.0,0.3792,11.1166,20.7558,15.2216,342.96,0.2997,515.71,19.4613,0.5,0.0,0.0,0.0,2.6002,0.0,250.0,100.0,33.0,0.0,50.0,0.0,5000.04,2200.0,686.05,28.0943,26.91,1.76,355.7,355.7,57.5625,5000.3247,180.0,0.9987,0.0,0.1292,86.5,0.0,0.0,0.0,50.0,0.0,76.7868,0.0,0.0,0.1318,0.0,24.9975,0.037,661.8,15.2232,251.675,0.0,4.5675,148.5225,50.0,81.9675,25.0,650.4,50.0,0.0,0.0,0.1248,1000.0,0.0,20.7558,0.0,100.0,186406.0,0.4632,20.0,0.0,0.0,44.538,0.5,186406.0,0.0,0.3792,590.005,0.1248,0.1318,2.6002,210.46,0.0,487.25,0.0,522.72,358.0967,0.0,2.601,75.625,183.885,9.9936,26.49,100.0,520.0,85.1175,61.2,5999.7334,0.7,26.91,85.2525,0.0,15.7189,24.9975,100.0,0.0,0.037,0.0,83.5125,600.0,66.2322,590.005,522.78,100.0,186375.0,342.96,10.9073,100.0,9.9936,9.9998,0.0,0.0,0.0,100.0,661.8,15.2232,20.7558,0.0,0.275,9.64,15.2216,0.0,0.0,33.165,0.0,0.0,0.037,686.04,100.0,1771.9199,515.72,25.99,0.0,38.0,4.2922,0.0,76.7868,4.5675,82.32,710.0,19.4613,73.8677,0.0,0.15,0.3151,590.0,12.9252,673.35,0.0,0.037,0.1493,2.6,183.885,73.8677,0.1493,5000.3247,515.7,515.72,680.0,515.71
57.6,210.46,0.0,210.46,4.384,75.6313,710.16,24.9975,174.4065,522.81,44.768,0.0,110.0,273.65,186406.0,488.25,88.0,0.0,0.0,342.96,0.0,0.0,9.9998,0.0,96.08,0.0,50.0,180.0,11.1164,0.0,0.0,75.6313,679.95,44.7495,0.0,100.0,0.0,3000.0,590.005,33.165,183.885,100.0,183.885,485.28,44.538,25.48,183.885,100.0,0.0,0.0,0.0,0.0,9.1108,24.9975,100.0,1771.9199,0.0,515.745,-1.0,0.0,0.0,60.0,50000.0,25.04,0.0,0.0,44.538,183.885,0.0,486.27,0.4632,0.0,5000.0,12.9245,600.06,0.1292,0.0,100.0,543.68,515.75,49.92,0.0,0.0,15.2166,5000.04,0.0,590.005,681.7,0.0,210.46,0.037,100.0,15.2166,94.32,100.0,993.6,0.2103,100.0,15.7189,3.35,100.0,15.2166,0.0,186406.0,15.2166,515.745,100.0,0.0,679.95,250.0,24.9975,0.0,4.5675,679.95,0.0,0.0,0.037,686.0375,0.1493,100.0,0.0,0.3792,0.0,10.9073,0.0,100.0,174.398,0.0,1000.2,999.9,0.0,0.294,84.57,686.05,72.5861,0.0,670.05,0.0,710.16,1771.9199,522.81,50.0,0.3151,0.2436,1000.2,0.7,186406.0,542.68,44.7495,676.6,679.9,0.0,0.0,0.0,0.1813,0.681,0.0,0.0,0.037,180.0,0.0,0.0,12.344,2.6,26.555,0.1292,1000.0,1.0,66.2319,571.2,50.0,145.552,5000.0,0.0,100.0,0.199,600.12,28.0943,0.0,3000.0,24.9975,24.472,679.95,183.885,9.9998,0.0,0.0,0.0,3000.0,287.1,96.08,72.5861,0.0,2.601,0.0,0.3792,11.1164,20.7557,15.2232,342.96,0.2997,515.745,19.461,0.5,0.0,0.0,0.0,2.6004,0.0,250.0,100.0,33.0,0.0,50.0,0.0,5000.04,2200.0,686.05,28.0943,26.91,1.76,355.7,355.7,57.5625,5000.3247,180.0,0.9989,0.0,0.1292,86.075,0.0,0.0,0.0,50.0,0.0,76.7858,0.0,0.0,0.1318,0.0,24.9975,0.037,661.8,15.2166,251.675,0.0,4.5675,148.5225,50.0,81.9525,25.0,650.4,50.0,0.0,0.0,0.1248,1000.0,0.0,20.7557,0.0,100.0,186406.0,0.4632,20.0,0.0,0.0,44.592,0.5,186406.0,0.0,0.3792,590.005,0.1248,0.1318,2.6004,210.46,0.0,487.25,0.0,522.78,357.959,0.0,2.601,75.625,183.885,9.9936,26.49,100.0,520.0,85.065,61.2,5999.7334,0.7,26.91,85.245,0.0,15.7189,24.9975,100.0,0.0,0.037,0.0,83.5575,600.0,66.2319,590.005,522.81,100.0,186375.0,342.96,10.9073,100.0,9.9936,9.9998,0.0,0.0,0.0,100.0,661.8,15.2166,20.7558,0.0,0.275,9.638,15.2232,0.0,0.0,33.165,0.0,0.0,0.037,686.04,100.0,1771.9199,515.75,25.99,0.0,38.0,4.5969,0.0,76.7858,4.5675,82.3275,710.0,19.461,73.8883,0.0,0.15,0.3151,590.0,12.9245,673.35,0.0,0.037,0.1493,2.6,183.885,73.8883,0.1493,5000.3247,515.75,515.75,680.0,515.745
57.5625,210.46,0.0,210.46,4.384,75.6313,710.16,24.9975,174.4065,522.87,44.7495,0.0,110.0,273.65,186406.0,488.25,88.0,0.0,0.0,342.99,0.0,0.0,9.9998,0.0,96.08,0.0,50.0,180.0,11.1162,0.0,0.0,75.6313,679.95,44.7345,0.0,100.0,0.0,3000.0,590.005,33.165,183.885,100.0,183.885,485.325,44.592,25.48,183.885,100.0,0.0,0.0,0.0,0.0,9.1113,24.9975,100.0,1771.9199,0.0,515.78,-1.0,0.0,0.0,60.0,50000.0,25.04,0.0,0.0,44.592,183.885,0.0,486.315,0.4632,0.0,5000.0,12.9239,600.12,0.1291,0.0,100.0,543.72,515.75,49.92,0.0,0.0,15.2099,5000.04,0.0,590.005,681.7,0.0,210.46,0.037,100.0,15.2099,94.34,100.0,993.6,0.2102,100.0,15.7189,3.35,100.0,15.2099,0.0,186406.0,15.2099,515.78,100.0,0.0,679.95,250.0,24.9975,0.0,4.57,679.95,0.0,0.0,0.037,686.0375,0.1493,100.0,0.0,0.3792,0.0,10.9074,0.0,100.0,174.412,0.0,1000.2,999.9,0.0,0.294,84.57,686.05,72.5858,0.0,670.05,0.0,710.16,1772.1,522.87,50.0,0.3151,0.2436,1000.2,0.7,186406.0,542.72,44.7345,676.6,679.9,0.0,0.0,0.0,0.1813,0.681,0.0,0.0,0.037,180.0,0.0,0.0,12.343,2.6,26.555,0.1291,1000.0,1.0,66.2315,570.9,50.0,145.552,5000.0,0.0,100.0,0.199,600.12,28.0943,0.0,3000.0,24.9975,24.5105,679.95,183.885,9.9998,0.0,0.0,0.0,3000.0,287.1675,96.08,72.5858,0.0,2.601,0.0,0.3792,11.1162,20.7556,15.2166,342.96,0.2997,515.78,19.46,0.5,0.0,0.0,0.0,2.6004,0.0,250.0,100.0,33.0,0.0,50.0,0.0,5000.04,2200.0,686.05,28.0943,26.91,1.76,355.7,355.7,57.525,5000.3247,180.0,0.999,0.0,0.1291,86.45,0.0,0.0,0.0,50.0,0.0,76.7853,0.0,0.0,0.1318,0.0,24.9975,0.037,661.8,15.2099,251.675,0.0,4.57,148.5225,50.0,81.9525,25.0,650.4,50.0,0.0,0.0,0.1247,1000.0,0.0,20.7556,0.0,100.0,186406.0,0.4632,20.0,0.0,0.0,44.652,0.5,186406.0,0.0,0.3792,590.005,0.1247,0.1318,2.6004,210.46,0.0,487.28,0.0,522.81,358.1656,0.0,2.601,75.625,183.885,9.9935,26.49,100.0,520.0,85.0875,61.2,5999.7334,0.7,26.91,85.2225,0.0,15.7189,24.9975,100.0,0.0,0.037,0.0,83.5125,600.0,66.2315,590.005,522.87,100.0,186375.0,342.96,10.9074,100.0,9.9935,9.9998,0.0,0.0,0.0,100.0,661.8,15.2099,20.7557,0.0,0.275,9.637,15.2166,0.0,0.0,33.165,0.0,0.0,0.037,686.04,100.0,1771.9199,515.78,25.99,0.0,38.0,4.3109,0.0,76.7853,4.57,82.3575,710.0,19.46,73.909,0.0,0.15,0.3151,590.0,12.9239,673.35,0.0,0.037,0.1493,2.6,183.885,73.909,0.1493,5000.3247,515.75,515.78,680.0,515.78
57.5625,210.46,0.0,210.46,4.384,75.6313,710.16,24.9975,174.4065,522.87,44.7345,0.0,110.0,273.65,186406.0,488.25,88.0,0.0,0.0,342.99,0.0,0.0,9.9998,0.0,96.08,0.0,50.0,180.0,11.116,0.0,0.0,75.6313,679.95,44.7156,0.0,100.0,0.0,3000.0,590.005,33.165,183.885,100.0,183.885,485.325,44.652,25.48,183.885,100.0,0.0,0.0,0.0,0.0,9.1113,24.9975,100.0,1772.1,0.0,515.78,-1.0,0.0,0.0,60.0,50000.0,25.04,0.0,0.0,44.652,183.885,0.0,486.315,0.4632,0.0,5000.0,12.9232,600.12,0.1291,0.0,100.0,543.72,515.75,49.92,0.0,0.0,15.2032,5000.04,0.0,590.005,681.7,0.0,210.46,0.037,100.0,15.2032,94.34,100.0,993.6,0.2102,100.0,15.7189,3.35,100.0,15.2032,0.0,186406.0,15.2032,515.78,100.0,0.0,679.95,250.0,24.9975,0.0,4.57,679.95,0.0,0.0,0.037,686.0375,0.1493,100.0,0.0,0.3792,0.0,10.9074,0.0,100.0,174.412,0.0,1000.2,999.9,0.0,0.294,84.57,686.05,72.5856,0.0,670.05,0.0,710.16,1772.1,522.87,50.0,0.3151,0.2436,1000.2,0.7,186406.0,542.72,44.7156,676.6,679.9,0.0,0.0,0.0,0.1813,0.681,0.0,0.0,0.037,180.0,0.0,0.0,12.343,2.6,26.555,0.1291,1000.0,1.0,66.2312,570.9,50.0,145.552,5000.0,0.0,100.0,0.199,600.12,28.0943,0.0,3000.0,24.9975,24.5105,679.95,183.885,9.9998,0.0,0.0,0.0,3000.0,287.1675,96.08,72.5856,0.0,2.601,0.0,0.3792,11.116,20.7556,15.2099,342.99,0.2997,515.78,19.4595,0.5,0.0,0.0,0.0,2.6004,0.0,250.0,100.0,33.0,0.0,50.0,0.0,5000.04,2200.0,686.05,28.0943,26.91,1.76,355.7,355.7,57.525,5000.3247,180.0,0.999,0.0,0.1291,86.45,0.0,0.0,0.0,50.0,0.0,76.7848,0.0,0.0,0.1318,0.0,24.9975,0.037,661.8,15.2032,251.675,0.0,4.57,148.5225,50.0,81.9525,25.0,650.4,50.0,0.0,0.0,0.1247,1000.0,0.0,20.7556,0.0,100.0,186406.0,0.4632,20.0,0.0,0.0,44.652,0.5,186406.0,0.0,0.3792,590.005,0.1247,0.1318,2.6004,210.46,0.0,487.28,0.0,522.87,358.1656,0.0,2.601,75.625,183.885,9.9934,26.49,100.0,520.0,85.0875,61.2,5999.7334,0.7,26.91,85.2225,0.0,15.7189,24.9975,100.0,0.0,0.037,0.0,83.5125,600.0,66.2312,590.005,522.87,100.0,186375.0,342.99,10.9074,100.0,9.9934,9.9998,0.0,0.0,0.0,100.0,661.8,15.2032,20.7556,0.0,0.275,9.637,15.2099,0.0,0.0,33.165,0.0,0.0,0.037,686.04,100.0,1772.1,515.78,25.99,0.0,38.0,4.3109,0.0,76.7848,4.57,82.3575,710.0,19.4595,73.9296,0.0,0.15,0.3151,590.0,12.9232,673.35,0.0,0.037,0.1493,2.6,183.885,73.9296,0.1493,5000.3247,515.75,515.78,680.0,515.78
57.5625,210.48,0.0,210.48,4.388,75.6313,710.24,24.9975,174.3525,522.93,44.7156,0.0,110.0,273.65,186395.0,488.295,88.0,0.0,0.0,342.99,0.0,0.0,9.9998,0.0,96.08,0.0,50.0,180.0,11.1159,0.0,0.0,75.6313,679.95,44.7003,0.0,100.0,0.0,3000.0,590.005,33.165,183.885,100.0,183.885,485.37,44.706,25.48,183.885,100.0,0.0,0.0,0.0,0.0,9.1113,24.9975,100.0,1772.1,0.0,515.815,-1.0,0.0,0.0,60.0,50000.0,25.04,0.0,0.0,44.706,183.885,0.0,486.36,0.4632,0.0,5000.0,12.9225,600.12,0.1291,0.0,100.0,543.8,515.8,49.92,0.0,0.0,15.2052,5000.04,0.0,590.005,681.7,0.0,210.48,0.037,100.0,15.2052,94.34,100.0,994.05,0.2102,100.0,15.7189,3.35,100.0,15.2052,0.0,186395.0,15.2052,515.815,100.0,0.0,679.95,250.0,24.9975,0.0,4.57,679.95,0.0,0.0,0.037,686.0375,0.1493,100.0,0.0,0.3792,0.0,10.9075,0.0,100.0,174.356,0.0,1000.8,999.9,0.0,0.294,84.54,686.05,72.5847,0.0,670.05,0.0,710.24,1772.1,522.93,50.0,0.3151,0.2436,1000.8,0.7,186395.0,542.8,44.7003,676.6,679.9,0.0,0.0,0.0,0.1813,0.681,0.0,0.0,0.037,180.0,0.0,0.0,12.345,2.6,26.555,0.1291,1000.0,1.0,66.2309,571.2,50.0,145.552,5000.0,0.0,100.0,0.1988,600.18,28.0942,0.0,3000.0,24.9975,24.5765,679.95,183.885,9.9998,0.0,0.0,0.0,3000.0,287.055,96.08,72.5847,0.0,2.601,0.0,0.3792,11.1159,20.7555,15.2032,342.99,0.2997,515.815,19.459,0.5,0.0,0.0,0.0,2.6004,0.0,250.0,100.0,33.0,0.0,50.0,0.0,5000.04,2200.0,686.05,28.0942,26.91,1.76,355.7,355.7,57.5625,5000.3247,180.0,0.9991,0.0,0.1291,86.575,0.0,0.0,0.0,50.0,0.0,76.7843,0.0,0.0,0.1317,0.0,24.9975,0.037,661.8,15.2052,251.675,0.0,4.57,148.5225,50.0,81.9225,25.0,650.4,50.0,0.0,0.0,0.1247,1000.0,0.0,20.7555,0.0,100.0,186406.0,0.4632,20.0,0.0,0.0,44.76,0.5,186406.0,0.0,0.3792,590.005,0.1247,0.1317,2.6004,210.48,0.0,487.34,0.0,522.9,357.8212,0.0,2.601,75.625,183.885,9.9926,26.49,100.0,520.0,85.125,61.2,5999.7334,0.7,26.91,85.2375,0.0,15.7189,24.9975,100.0,0.0,0.037,0.0,83.505,600.0,66.2309,590.005,522.93,100.0,186375.0,342.99,10.9075,100.0,9.9926,9.9998,0.0,0.0,0.0,100.0,661.8,15.2052,20.7555,0.0,0.275,9.633,15.2032,0.0,0.0,33.165,0.0,0.0,0.037,686.04,100.0,1772.1,515.84,25.99,0.0,38.0,4.2328,0.0,76.7843,4.57,82.3875,710.0,19.459,73.9502,0.0,0.15,0.3151,590.0,12.9225,673.35,0.0,0.037,0.1493,2.6,183.885,73.9502,0.1493,5000.3247,515.8,515.84,680.0,515.815
57.6,210.5,0.0,210.5,4.391,75.6313,710.24,24.9975,174.2985,522.99,44.7003,0.0,110.0,273.65,186395.0,488.34,88.0,0.0,0.0,342.99,0.0,0.0,9.9998,0.0,96.08,0.0,50.0,180.0,11.1157,0.0,0.0,75.6313,679.95,44.6848,0.0,100.0,0.0,3000.0,590.005,33.165,183.885,100.0,183.885,485.37,44.76,25.48,183.885,100.0,0.0,0.0,0.0,0.0,9.1113,24.9975,100.0,1772.1,0.0,515.85,-1.0,0.0,0.0,60.0,50000.0,25.04,0.0,0.0,44.76,183.885,0.0,486.36,0.4632,0.0,5000.0,12.9219,600.18,0.1291,0.0,100.0,543.84,515.85,49.92,0.0,0.0,15.1988,5000.04,0.0,590.005,681.7,0.0,210.5,0.037,100.0,15.1988,94.34,100.0,994.05,0.2101,100.0,15.7189,3.35,100.0,15.1988,0.0,186395.0,15.1988,515.85,100.0,0.0,679.95,250.0,24.9975,0.0,4.5725,679.95,0.0,0.0,0.037,686.0375,0.1493,100.0,0.0,0.3792,0.0,10.9075,0.0,100.0,174.286,0.0,1000.8,999.9,0.0,0.294,84.585,686.05,72.5843,0.0,670.05,0.0,710.24,1772.1,522.99,50.0,0.3151,0.2436,1000.8,0.7,186395.0,542.84,44.6848,676.6,679.9,0.0,0.0,0.0,0.1813,0.681,0.0,0.0,0.037,180.0,0.0,0.0,12.344,2.6,26.555,0.129,1000.0,1.0,66.2305,571.15,50.0,145.552,5000.0,0.0,100.0,0.1988,600.0,28.0942,0.0,3000.0,24.9975,24.615,679.95,183.885,9.9998,0.0,0.0,0.0,3000.0,287.0325,96.08,72.5843,0.0,2.601,0.0,0.3792,11.1157,20.7554,15.2052,342.99,0.2997,515.85,19.4578,0.5,0.0,0.0,0.0,2.6,0.0,250.0,100.0,33.0,0.0,50.0,0.0,5000.04,2200.0,686.05,28.0942,26.91,1.76,355.7,355.7,57.5625,5000.3247,180.0,0.9991,0.0,0.1291,86.525,0.0,0.0,0.0,50.0,0.0,76.7853,0.0,0.0,0.1317,0.0,24.9975,0.037,661.8,15.1988,251.7,0.0,4.5725,148.5225,50.0,81.915,25.0,650.4,50.0,0.0,0.0,0.1247,1000.0,0.0,20.7554,0.0,100.0,186395.0,0.4632,20.0,0.0,0.0,44.82,0.5,186395.0,0.0,0.3792,590.005,0.1247,0.1317,2.6,210.5,0.0,487.37,0.0,522.93,358.2345,0.0,2.601,75.625,183.885,9.9922,26.49,100.0,520.0,85.125,61.2,5999.7334,0.7,26.91,85.2,0.0,15.7189,24.9975,100.0,0.0,0.037,0.0,83.475,600.0,66.2305,590.005,522.99,100.0,186375.0,342.99,10.9075,100.0,9.9922,9.9998,0.0,0.0,0.0,100.0,661.8,15.1988,20.7555,0.0,0.275,9.631,15.2052,0.0,0.0,33.165,0.0,0.0,0.037,686.04,100.0,1772.1,515.84,25.99,0.0,38.0,4.7781,0.0,76.7853,4.5725,82.3725,710.0,19.4578,73.9708,0.0,0.15,0.3151,590.0,12.9219,673.35,0.0,0.037,0.1493,2.6,183.885,73.9708,0.1493,5000.3247,515.85,515.84,680.0,515.85
57.5625,210.5,0.0,210.5,4.395,75.6313,710.24,24.9975,174.2985,523.05,44.6848,0.0,110.0,273.65,186395.0,488.34,88.0,0.0,0.0,342.99,0.0,0.0,9.9998,0.0,96.08,0.0,50.0,180.0,11.1155,0.0,0.0,75.6313,679.95,44.6654,0.0,100.0,0.0,3000.0,590.005,33.165,183.885,100.0,183.885,485.415,44.82,25.48,183.885,100.0,0.0,0.0,0.0,0.0,9.1113,24.9975,100.0,1772.1,0.0,515.885,-1.0,0.0,0.0,60.0,50000.0,25.04,0.0,0.0,44.82,183.885,0.0,486.405,0.4632,0.0,5000.0,12.9212,600.0,0.129,0.0,100.0,543.92,515.85,49.92,0.0,0.0,15.201,5000.04,0.0,590.005,681.7,0.0,210.5,0.037,100.0,15.201,94.34,100.0,994.05,0.2101,100.0,15.7189,3.35,100.0,15.201,0.0,186395.0,15.201,515.885,100.0,0.0,679.95,250.0,24.9975,0.0,4.5725,679.95,0.0,0.0,0.037,686.075,0.1493,100.0,0.0,0.3793,0.0,10.9076,0.0,100.0,174.3,0.0,1000.8,999.9,0.0,0.294,84.5775,686.05,72.5839,0.0,670.05,0.0,710.24,1772.1,523.05,50.0,0.3151,0.2436,1000.8,0.7,186395.0,542.92,44.6654,676.6,679.9,0.0,0.0,0.0,0.1813,0.681,0.0,0.0,0.037,180.0,0.0,0.0,12.342,2.6,26.555,0.129,1000.0,1.0,66.2302,570.7,50.0,145.552,5000.0,0.0,100.0,0.1988,600.06,28.0942,0.0,3000.0,24.9975,24.6645,679.95,183.885,9.9998,0.0,0.0,0.0,3000.0,287.19,96.08,72.5839,0.0,2.601,0.0,0.3792,11.1155,20.7553,15.1988,342.99,0.2997,515.885,19.4593,0.5,0.0,0.0,0.0,2.6,0.0,250.0,100.0,33.0,0.0,50.0,0.0,5000.04,2200.0,686.05,28.0942,26.91,1.76,355.7,355.7,57.6,5000.3247,180.0,0.9992,0.0,0.129,86.925,0.0,0.0,0.0,50.0,0.0,76.7853,0.0,0.0,0.1316,0.0,24.9975,0.037,661.8,15.201,251.7,0.0,4.5725,148.5225,50.0,81.8775,25.0,650.4,50.0,0.0,0.0,0.1246,1000.0,0.0,20.7553,0.0,100.0,186395.0,0.4632,20.0,0.0,0.0,44.874,0.5,186395.0,0.0,0.3792,590.005,0.1246,0.1317,2.6,210.5,0.0,487.37,0.0,522.99,358.1656,0.0,2.601,75.625,183.885,9.9919,26.49,100.0,520.0,85.1625,61.2,5999.7334,0.7,26.91,85.26,0.0,15.7189,24.9975,100.0,0.0,0.037,0.0,83.505,600.0,66.2302,590.005,523.05,100.0,186375.0,342.99,10.9076,100.0,9.9919,9.9998,0.0,0.0,0.0,100.0,661.8,15.201,20.7554,0.0,0.275,9.629,15.1988,0.0,0.0,33.165,0.0,0.0,0.037,686.04,100.0,1772.1,515.87,25.99,0.0,38.0,3.8703,0.0,76.7853,4.5725,82.4175,710.0,19.4593,73.9914,0.0,0.15,0.3151,590.0,12.9212,673.35,0.0,0.037,0.1493,2.6,183.885,73.9914,0.1493,5000.3247,515.85,515.87,680.0,515.885
57.525,210.5,0.0,210.5,4.396,75.6313,710.08,24.9975,174.2445,523.08,44.6654,0.0,110.0,273.65,186384.0,488.385,88.0,0.0,0.0,342.99,0.0,0.0,9.9998,0.0,96.08,0.0,50.0,180.0,11.1154,0.0,0.0,75.6313,679.95,44.6459,0.0,100.0,0.0,3000.0,590.005,33.165,183.885,100.0,183.885,485.415,44.874,25.48,183.885,100.0,0.0,0.0,0.0,0.0,9.1118,24.9975,100.0,1772.1,0.0,515.92,-1.0,0.0,0.0,60.0,50000.0,25.04,0.0,0.0,44.874,183.885,0.0,486.405,0.4632,0.0,5000.0,12.9205,600.06,0.129,0.0,100.0,543.96,515.9,49.92,0.0,0.0,15.1949,5000.04,0.0,590.005,681.7,0.0,210.5,0.037,100.0,15.1949,94.34,100.0,994.05,0.21,100.0,15.7189,3.35,100.0,15.1949,0.0,186384.0,15.1949,515.92,100.0,0.0,679.95,250.0,24.9975,0.0,4.5725,679.95,0.0,0.0,0.037,686.075,0.1493,100.0,0.0,0.3793,0.0,10.9076,0.0,100.0,174.23,0.0,1000.8,999.9,0.0,0.294,84.5475,686.05,72.5848,0.0,670.05,0.0,710.08,1772.1,523.08,50.0,0.3151,0.2436,1000.8,0.7,186384.0,542.96,44.6459,676.6,679.9,0.0,0.0,0.0,0.1813,0.681,0.0,0.0,0.037,180.0,0.0,0.0,12.343,2.6,26.555,0.129,1000.0,1.0,66.2299,571.45,50.0,145.552,5000.0,0.0,100.0,0.1987,600.06,28.0942,0.0,3000.0,24.9975,24.7085,679.95,183.885,9.9998,0.0,0.0,0.0,3000.0,287.055,96.08,72.5848,0.0,2.601,0.0,0.3793,11.1154,20.7553,15.201,342.99,0.2998,515.92,19.4585,0.5,0.0,0.0,0.0,2.6006,0.0,250.0,100.0,33.0,0.0,50.0,0.0,5000.04,2200.0,686.05,28.0942,26.91,1.76,355.7,355.7,57.5625,5000.3247,180.0,0.9994,0.0,0.129,86.275,0.0,0.0,0.0,50.0,0.0,76.7831,0.0,0.0,0.1316,0.0,24.9975,0.037,661.8,15.1949,251.7,0.0,4.5725,148.5225,50.0,81.915,25.0,650.4,50.0,0.0,0.0,0.1246,1000.0,0.0,20.7553,0.0,100.0,186395.0,0.4632,20.0,0.0,0.0,44.928,0.5,186395.0,0.0,0.3793,590.005,0.1246,0.1316,2.6006,210.5,0.0,487.4,0.0,523.05,357.8557,0.0,2.601,75.625,183.885,9.9916,26.49,100.0,520.0,85.2,61.2,5999.7334,0.7,26.91,85.2225,0.0,15.7189,24.9975,100.0,0.0,0.037,0.0,83.5125,600.0,66.2299,590.005,523.08,100.0,186375.0,342.99,10.9076,100.0,9.9916,9.9998,0.0,0.0,0.0,100.0,661.8,15.1949,20.7553,0.0,0.275,9.627,15.201,0.0,0.0,33.165,0.0,0.0,0.037,686.04,100.0,1772.1,515.9,25.99,0.0,38.0,4.4875,0.0,76.7831,4.5725,82.395,710.0,19.4585,74.0121,0.0,0.15,0.3151,590.0,12.9205,673.35,0.0,0.037,0.1493,2.6,183.885,74.0121,0.1493,5000.3247,515.9,515.9,680.0,515.92
57.525,210.5,0.0,210.5,4.396,75.6313,710.08,24.9975,174.2445,523.08,44.6459,0.0,110.0,273.65,186384.0,488.385,88.0,0.0,0.0,342.99,0.0,0.0,9.9998,0.0,96.08,0.0,50.0,180.0,11.1152,0.0,0.0,75.6313,679.95,44.6298,0.0,100.0,0.0,3000.0,590.005,33.165,183.885,100.0,183.885,485.415,44.928,25.48,183.885,100.0,0.0,0.0,0.0,0.0,9.1118,24.9975,100.0,1772.1,0.0,515.92,-1.0,0.0,0.0,60.0,50000.0,25.04,0.0,0.0,44.928,183.885,0.0,486.405,0.4632,0.0,5000.0,12.9199,600.06,0.129,0.0,100.0,543.96,515.9,49.92,0.0,0.0,15.1888,5000.04,0.0,590.005,681.7,0.0,210.5,0.037,100.0,15.1888,94.34,100.0,994.05,0.21,100.0,15.7189,3.35,100.0,15.1888,0.0,186384.0,15.1888,515.92,100.0,0.0,679.95,250.0,24.9975,0.0,4.5725,679.95,0.0,0.0,0.037,686.075,0.1493,100.0,0.0,0.3793,0.0,10.9077,0.0,100.0,174.23,0.0,1000.8,999.9,0.0,0.294,84.5475,686.05,72.5847,0.0,670.05,0.0,710.08,1772.1,523.08,50.0,0.3151,0.2436,1000.8,0.7,186384.0,542.96,44.6298,676.6,679.9,0.0,0.0,0.0,0.1813,0.681,0.0,0.0,0.037,180.0,0.0,0.0,12.343,2.6,26.555,0.129,1000.0,1.0,66.2295,571.45,50.0,145.552,5000.0,0.0,100.0,0.1987,600.06,28.0942,0.0,3000.0,24.9975,24.7085,679.95,183.885,9.9998,0.0,0.0,0.0,3000.0,287.055,96.08,72.5847,0.0,2.601,0.0,0.3793,11.1152,20.7552,15.1949,342.99,0.2998,515.92,19.4583,0.5,0.0,0.0,0.0,2.6006,0.0,250.0,100.0,33.0,0.0,50.0,0.0,5000.04,2200.0,686.05,28.0942,26.91,1.76,355.7,355.7,57.5625,5000.3247,180.0,0.9994,0.0,0.129,86.275,0.0,0.0,0.0,50.0,0.0,76.7823,0.0,0.0,0.1316,0.0,24.9975,0.037,661.8,15.1888,251.7,0.0,4.5725,148.5225,50.0,81.915,25.0,650.4,50.0,0.0,0.0,0.1246,1000.0,0.0,20.7552,0.0,100.0,186384.0,0.4632,20.0,0.0,0.0,44.928,0.5,186384.0,0.0,0.3793,590.005,0.1246,0.1316,2.6006,210.5,0.0,487.4,0.0,523.08,357.8557,0.0,2.601,75.625,183.885,9.9912,26.49,100.0,520.0,85.2,61.2,5999.7334,0.7,26.91,85.2225,0.0,15.7189,24.9975,100.0,0.0,0.037,0.0,83.5125,600.0,66.2295,590.005,523.08,100.0,186375.0,342.99,10.9077,100.0,9.9912,9.9998,0.0,0.0,0.0,100.0,661.8,15.1888,20.7552,0.0,0.275,9.627,15.1949,0.0,0.0,33.165,0.0,0.0,0.037,686.04,100.0,1772.1,515.9,25.99,0.0,38.0,4.4875,0.0,76.7823,4.5725,82.395,710.0,19.4583,74.0327,0.0,0.15,0.3151,590.0,12.9199,673.35,0.0,0.037,0.1493,2.6,183.885,74.0327,0.1493,5000.3247,515.9,515.9,680.0,515.92
57.6,210.52,0.0,210.52,4.401,75.6313,710.16,24.9975,174.2175,523.2,44.6298,0.0,110.0,273.65,186384.0,488.43,88.0,0.0,0.0,343.02,0.0,0.0,9.9998,0.0,96.08,0.0,50.0,180.0,11.115,0.0,0.0,75.6313,679.95,44.6098,0.0,100.0,0.0,3000.0,590.005,33.165,183.95,100.0,183.95,485.505,44.982,25.48,183.95,100.0,0.0,0.0,0.0,0.0,9.1118,24.9975,100.0,1772.2799,0.0,515.955,-1.0,0.0,0.0,60.0,50000.0,25.04,0.0,0.0,44.982,183.95,0.0,486.45,0.4632,0.0,5000.0,12.9192,600.06,0.129,0.0,100.0,544.04,515.95,49.92,0.0,0.0,15.1913,5000.04,0.0,590.005,681.7,0.0,210.52,0.037,100.0,15.1913,94.34,100.0,994.05,0.2099,100.0,15.7189,3.35,100.0,15.1913,0.0,186384.0,15.1913,515.955,100.0,0.0,679.95,250.0,24.9975,0.0,4.575,679.95,0.0,0.0,0.037,686.075,0.1494,100.0,0.0,0.3793,0.0,10.9078,0.0,100.0,174.216,0.0,1000.8,999.9,0.0,0.294,84.5775,686.05,72.5839,0.0,670.05,0.0,710.16,1772.2799,523.2,50.0,0.3151,0.2437,1000.8,0.7,186384.0,543.08,44.6098,676.6,679.9,0.0,0.0,0.0,0.1813,0.681,0.0,0.0,0.037,180.0,0.0,0.0,12.343,2.6,26.555,0.1289,1000.0,1.0,66.2292,570.95,50.0,145.552,5000.0,0.0,100.0,0.1986,600.06,28.0942,0.0,3000.0,24.9975,24.78,679.95,183.95,9.9998,0.0,0.0,0.0,3000.0,286.7175,96.08,72.5839,0.0,2.601,0.0,0.3793,11.115,20.7551,15.1888,343.02,0.2998,515.955,19.458,0.5,0.0,0.0,0.0,2.6008,0.0,250.0,100.0,33.0,0.0,50.0,0.0,5000.04,2200.0,686.05,28.0942,26.91,1.76,355.7,355.7,57.5625,5000.3247,180.0,0.9995,0.0,0.1289,86.05,0.0,0.0,0.0,50.0,0.0,76.7808,0.0,0.0,0.1316,0.0,24.9975,0.037,661.8,15.1913,251.7,0.0,4.575,148.5225,50.0,82.005,25.0,650.4,50.0,0.0,0.0,0.1246,1000.0,0.0,20.7551,0.0,100.0,186384.0,0.4632,20.0,0.0,0.0,45.024,0.5,186384.0,0.0,0.3793,590.005,0.1246,0.1316,2.6008,210.52,0.0,487.46,0.0,523.14,357.7179,0.0,2.601,75.625,183.95,9.9909,26.49,100.0,520.0,85.1925,61.2,5999.7334,0.7,26.91,85.185,0.0,15.7189,24.9975,100.0,0.0,0.037,0.0,83.52,600.0,66.2292,590.005,523.2,100.0,186375.0,343.02,10.9078,100.0,9.9909,9.9998,0.0,0.0,0.0,100.0,661.8,15.1913,20.7552,0.0,0.275,9.624,15.1888,0.0,0.0,33.165,0.0,0.0,0.037,686.08,100.0,1772.2799,515.96,25.99,0.0,38.0,4.7094,0.0,76.7808,4.575,82.35,710.0,19.458,74.0533,0.0,0.15,0.3151,590.0,12.9192,673.35,0.0,0.037,0.1494,2.6,183.95,74.0533,0.1494,5000.3247,515.95,515.96,680.0,515.955
57.6,210.52,0.0,210.52,4.403,75.6313,710.16,24.9975,174.1905,523.23,44.6098,0.0,110.0,273.65,186384.0,488.475,88.0,0.0,0.0,343.02,0.0,0.0,9.9998,0.0,96.08,0.0,50.0,180.0,11.1148,0.0,0.0,75.6313,679.95,44.5896,0.0,100.0,0.0,3000.0,590.005,33.165,183.95,100.0,183.95,485.505,45.024,25.48,183.95,100.0,0.0,0.0,0.0,0.0,9.1108,24.9975,100.0,1772.2799,0.0,515.99,-1.0,0.0,0.0,60.0,50000.0,25.04,0.0,0.0,45.024,183.95,0.0,486.495,0.4632,0.0,5000.0,12.9185,600.06,0.1289,0.0,100.0,544.12,516.0,49.92,0.0,0.0,15.1855,5000.04,0.0,590.005,681.7,0.0,210.52,0.037,100.0,15.1855,94.34,100.0,994.05,0.2098,100.0,15.7189,3.3,100.0,15.1855,0.0,186384.0,15.1855,515.99,100.0,0.0,679.95,250.0,24.9975,0.0,4.575,679.95,0.0,0.0,0.037,686.075,0.1494,100.0,0.0,0.3793,0.0,10.9078,0.0,100.0,174.188,0.0,1000.8,999.9,0.0,0.294,84.5475,686.05,72.5837,0.0,670.1,0.0,710.16,1772.2799,523.23,50.0,0.3151,0.2437,1000.8,0.7,186384.0,543.12,44.5896,676.65,679.9,0.0,0.0,0.0,0.1813,0.681,0.0,0.0,0.037,180.0,0.0,0.0,12.345,2.6,26.555,0.1289,1000.0,1.0,66.2288,570.55,50.0,145.552,5000.0,0.0,100.0,0.1986,600.12,28.0942,0.0,3000.0,24.9975,24.813,679.95,183.95,9.9998,0.0,0.0,0.0,3000.0,286.6275,96.08,72.5837,0.0,2.601,0.0,0.3793,11.1148,20.755,15.1913,343.02,0.2998,515.99,19.4578,0.5,0.0,0.0,0.0,2.6002,0.0,250.0,100.0,33.0,0.0,50.0,0.0,5000.04,2200.0,686.05,28.0942,26.91,1.76,355.7,355.7,57.525,5000.3247,180.0,0.9996,0.0,0.1289,86.15,0.0,0.0,0.0,50.0,0.0,76.7821,0.0,0.0,0.1315,0.0,24.9975,0.037,661.8,15.1855,251.725,0.0,4.575,148.5225,50.0,81.9525,25.0,650.4,50.0,0.0,0.0,0.1245,1000.0,0.0,20.755,0.0,100.0,186384.0,0.4632,20.0,0.0,0.0,45.072,0.5,186384.0,0.0,0.3793,590.005,0.1245,0.1316,2.6002,210.52,0.0,487.49,0.0,523.2,357.7523,0.0,2.601,75.625,183.95,9.9906,26.49,100.0,520.0,85.2225,61.2,5999.7334,0.7,26.91,85.1925,0.0,15.7189,24.9975,100.0,0.0,0.037,0.0,83.55,600.0,66.2288,590.005,523.23,100.0,186375.0,343.02,10.9078,100.0,9.9906,9.9998,0.0,0.0,0.0,100.0,661.8,15.1855,20.7551,0.0,0.275,9.622,15.1913,0.0,0.0,33.165,0.0,0.0,0.037,686.08,100.0,1772.2799,515.99,25.99,0.0,38.0,4.2078,0.0,76.7821,4.575,82.2975,710.0,19.4578,74.0739,0.0,0.15,0.3151,590.0,12.9185,673.35,0.0,0.037,0.1494,2.6,183.95,74.0739,0.1494,5000.3247,516.0,515.99,680.0,515.99
57.6,210.52,0.0,210.52,4.403,75.6313,710.16,24.9975,174.1905,523.23,44.5896,0.0,110.0,273.65,186384.0,488.475,88.0,0.0,0.0,343.02,0.0,0.0,9.9998,0.0,96.08,0.0,50.0,180.0,11.1147,0.0,0.0,75.6313,679.95,44.5729,0.0,100.0,0.0,3000.0,590.005,33.165,183.95,100.0,183.95,485.505,45.072,25.48,183.95,100.0,0.0,0.0,0.0,0.0,9.1108,24.9975,100.0,1772.2799,0.0,515.99,-1.0,0.0,0.0,60.0,50000.0,25.04,0.0,0.0,45.072,183.95,0.0,486.495,0.4632,0.0,5000.0,12.9179,600.12,0.1289,0.0,100.0,544.12,516.0,49.92,0.0,0.0,15.1796,5000.04,0.0,590.005,681.7,0.0,210.52,0.037,100.0,15.1796,94.34,100.0,994.05,0.2098,100.0,15.7189,3.3,100.0,15.1796,0.0,186384.0,15.1796,515.99,100.0,0.0,679.95,250.0,24.9975,0.0,4.575,679.95,0.0,0.0,0.037,686.075,0.1494,100.0,0.0,0.3793,0.0,10.9079,0.0,100.0,174.188,0.0,1000.8,999.9,0.0,0.294,84.5475,686.05,72.5834,0.0,670.1,0.0,710.16,1772.2799,523.23,50.0,0.3151,0.2437,1000.8,0.7,186384.0,543.12,44.5729,676.65,679.9,0.0,0.0,0.0,0.1813,0.681,0.0,0.0,0.037,180.0,0.0,0.0,12.345,2.6,26.555,0.1289,1000.0,1.0,66.2285,570.55,50.0,145.552,5000.0,0.0,100.0,0.1986,600.12,28.0942,0.0,3000.0,24.9975,24.813,679.95,183.95,9.9998,0.0,0.0,0.0,3000.0,286.6275,96.08,72.5834,0.0,2.601,0.0,0.3793,11.1147,20.755,15.1855,343.02,0.2998,515.99,19.4568,0.5,0.0,0.0,0.0,2.6002,0.0,250.0,100.0,33.0,0.0,50.0,0.0,5000.04,2200.0,686.05,28.0942,26.91,1.76,355.7,355.7,57.525,5000.3247,180.0,0.9996,0.0,0.1289,86.15,0.0,0.0,0.0,50.0,0.0,76.7818,0.0,0.0,0.1315,0.0,24.9975,0.037,661.8,15.1796,251.725,0.0,4.575,148.5225,50.0,81.9525,25.0,650.4,50.0,0.0,0.0,0.1245,1000.0,0.0,20.755,0.0,100.0,186384.0,0.4632,20.0,0.0,0.0,45.072,0.5,186384.0,0.0,0.3793,590.005,0.1245,0.1316,2.6002,210.52,0.0,487.49,0.0,523.23,357.7523,0.0,2.601,75.625,183.95,9.9902,26.49,100.0,520.0,85.2225,61.2,5999.7334,0.7,26.91,85.1925,0.0,15.7189,24.9975,100.0,0.0,0.037,0.0,83.55,600.0,66.2285,590.005,523.23,100.0,186375.0,343.02,10.9079,100.0,9.9902,9.9998,0.0,0.0,0.0,100.0,661.8,15.1796,20.755,0.0,0.275,9.622,15.1855,0.0,0.0,33.165,0.0,0.0,0.037,686.08,100.0,1772.2799,515.99,25.99,0.0,38.0,4.2078,0.0,76.7818,4.575,82.2975,710.0,19.4568,74.0946,0.0,0.15,0.3151,590.0,12.9179,673.35,0.0,0.037,0.1494,2.6,183.95,74.0946,0.1494,5000.3247,516.0,515.99,680.0,515.99
57.6,210.54,0.0,210.54,4.406,75.6313,710.16,24.9975,174.1905,523.29,44.5729,0.0,110.0,273.65,186373.0,488.475,88.0,0.0,0.0,343.02,0.0,0.0,9.9998,0.0,96.08,0.0,50.0,180.0,11.1145,0.0,0.0,75.6313,679.95,44.5599,0.0,100.0,0.0,3000.0,590.005,33.165,183.95,100.0,183.95,485.55,45.072,25.48,183.95,100.0,0.0,0.0,0.0,0.0,9.1108,24.9975,100.0,1772.2799,0.0,516.025,-1.0,0.0,0.0,60.0,50000.0,25.04,0.0,0.0,45.072,183.95,0.0,486.54,0.4632,0.0,5000.0,12.9172,600.12,0.1289,0.0,100.0,544.16,516.0,49.92,0.0,0.0,15.1824,5000.04,0.0,590.005,681.7,0.0,210.54,0.037,100.0,15.1824,94.34,100.0,994.05,0.2098,100.0,15.7189,3.3,100.0,15.1824,0.0,186373.0,15.1824,516.025,100.0,0.0,679.95,250.0,24.9975,0.0,4.575,679.95,0.0,0.0,0.037,686.075,0.1494,100.0,0.0,0.3793,0.0,10.9079,0.0,100.0,174.188,0.0,1000.8,999.9,0.0,0.294,84.5775,686.05,72.5832,0.0,670.1,0.0,710.16,1772.2799,523.29,50.0,0.3151,0.2437,1000.8,0.7,186373.0,543.16,44.5599,676.65,679.9,0.0,0.0,0.0,0.1813,0.681,0.0,0.0,0.037,180.0,0.0,0.0,12.342,2.6,26.555,0.1289,1000.0,1.0,66.2282,571.45,50.0,145.552,5000.0,0.0,100.0,0.1985,600.12,28.0942,0.0,3000.0,24.9975,24.8515,679.95,183.95,9.9998,0.0,0.0,0.0,3000.0,287.145,96.08,72.5832,0.0,2.601,0.0,0.3793,11.1145,20.7549,15.1796,343.02,0.2998,516.025,19.4563,0.5,0.0,0.0,0.0,2.6002,0.0,250.0,100.0,33.0,0.0,50.0,0.0,5000.04,2200.0,686.05,28.0942,26.91,1.76,355.7,355.7,57.525,5000.3247,180.0,0.9996,0.0,0.1289,86.125,0.0,0.0,0.0,50.0,0.0,76.7816,0.0,0.0,0.1315,0.0,24.9975,0.037,661.85,15.1824,251.725,0.0,4.575,148.5225,50.0,81.945,25.0,650.4,50.0,0.0,0.0,0.1245,1000.0,0.0,20.7549,0.0,100.0,186384.0,0.4632,20.0,0.0,0.0,45.12,0.5,186384.0,0.0,0.3793,590.005,0.1245,0.1315,2.6002,210.54,0.0,487.52,0.0,523.23,357.7179,0.0,2.601,75.625,183.95,9.9899,26.49,100.0,520.0,85.1775,61.2,5999.7334,0.7,26.91,85.1625,0.0,15.7189,24.9975,100.0,0.0,0.037,0.0,83.5275,600.0,66.2282,590.005,523.29,100.0,186375.0,343.02,10.9079,100.0,9.9899,9.9998,0.0,0.0,0.0,100.0,661.85,15.1824,20.7549,0.0,0.275,9.62,15.1796,0.0,0.0,33.165,0.0,0.0,0.037,686.08,100.0,1772.2799,516.02,25.99,0.0,38.0,4.3531,0.0,76.7816,4.575,82.26,710.0,19.4563,74.1152,0.0,0.15,0.3151,590.0,12.9172,673.35,0.0,0.037,0.1494,2.6,183.95,74.1152,0.1494,5000.3247,516.0,516.02,680.0,516.025
57.525,210.54,0.0,210.54,4.408,75.6313,710.16,24.9975,174.15,523.32,44.5599,0.0,110.0,273.65,186373.0,488.52,88.0,0.0,0.0,343.02,0.0,0.0,9.9998,0.0,96.08,0.0,50.0,180.0,11.1168,0.0,0.0,75.6313,680.0,44.5393,0.0,100.0,0.0,3000.0,590.005,33.165,183.95,100.0,183.95,485.55,45.12,25.48,183.95,100.0,0.0,0.0,0.0,0.0,9.1113,24.9975,100.0,1772.2799,0.0,516.025,-1.0,0.0,0.0,60.0,50000.0,25.04,0.0,0.0,45.12,183.95,0.0,486.54,0.4632,0.0,5000.0,12.9165,600.12,0.1289,0.0,100.0,544.2,516.05,49.92,0.0,0.0,15.1768,5000.04,0.0,590.005,681.75,0.0,210.54,0.037,100.0,15.1768,94.34,100.0,994.05,0.2098,100.0,15.7189,3.35,100.0,15.1768,0.0,186373.0,15.1768,516.025,100.0,0.0,680.0,250.0,24.9975,0.0,4.5775,679.95,0.0,0.0,0.037,686.075,0.1494,100.0,0.0,0.3793,0.0,10.908,0.0,100.0,174.146,0.0,1000.8,999.9,0.0,0.294,84.5325,686.05,72.5829,0.0,670.1,0.0,710.16,1772.2799,523.32,50.0,0.3151,0.2437,1000.8,0.7,186373.0,543.2,44.5393,676.65,679.9,0.0,0.0,0.0,0.1813,0.681,0.0,0.0,0.037,180.0,0.0,0.0,12.343,2.6,26.555,0.1288,1000.0,1.0,66.2278,571.15,50.0,145.552,5000.0,0.0,100.0,0.1985,600.12,28.0941,0.0,3000.0,24.9975,24.89,680.0,183.95,9.9998,0.0,0.0,0.0,3000.0,287.1,96.08,72.5829,0.0,2.601,0.0,0.3793,11.1168,20.7548,15.1824,343.02,0.2998,516.025,19.4558,0.5,0.0,0.0,0.0,2.6004,0.0,250.0,100.0,33.0,0.0,50.0,0.0,5000.04,2200.0,686.05,28.0941,26.91,1.76,355.7,355.7,57.5625,4998.4248,180.0,0.9997,0.0,0.1289,86.85,0.0,0.0,0.0,50.0,0.0,76.7806,0.0,0.0,0.1315,0.0,24.9975,0.037,661.85,15.1768,251.725,0.0,4.5775,148.5225,50.0,81.96,25.0,650.4,50.0,0.0,0.0,0.1245,1000.0,0.0,20.7548,0.0,100.0,186373.0,0.4632,20.0,0.0,0.0,45.156,0.5,186373.0,0.0,0.3793,590.005,0.1245,0.1315,2.6004,210.54,0.0,487.52,0.0,523.29,357.7868,0.0,2.601,75.625,183.95,9.9896,26.49,100.0,520.0,85.2,61.2,5999.7334,0.7,26.91,85.125,0.0,15.7189,24.9975,100.0,0.0,0.037,0.0,83.55,600.0,66.2278,590.005,523.32,100.0,186375.0,343.02,10.908,100.0,9.9896,9.9998,0.0,0.0,0.0,100.0,661.85,15.1768,20.7548,0.0,0.275,9.618,15.1824,0.0,0.0,33.165,0.0,0.0,0.037,686.08,100.0,1772.2799,516.05,25.99,0.0,38.0,3.9797,0.0,76.7806,4.5775,82.2375,710.0,19.4558,74.1358,0.0,0.15,0.3151,590.0,12.9165,673.35,0.0,0.037,0.1494,2.6,183.95,74.1358,0.1494,4998.4248,516.05,516.05,680.0,516.025
57.5625,210.56,0.0,210.56,4.409,75.6313,710.16,24.9975,174.1095,523.41,44.5393,0.0,110.0,273.6,186373.0,488.565,88.0,0.0,0.0,343.05,0.0,0.0,9.9998,0.0,96.08,0.0,50.0,180.0,11.1177,0.0,0.0,75.6313,680.0,44.5223,0.0,100.0,0.0,3000.0,590.0375,33.165,183.95,100.0,183.95,485.595,45.156,25.48,183.95,100.0,0.0,0.0,0.0,0.0,9.1113,24.9975,100.0,1772.2799,0.0,516.095,-1.0,0.0,0.0,60.0,50000.0,25.04,0.0,0.0,45.156,183.95,0.0,486.585,0.4632,0.0,5000.0,12.9265,600.12,0.1288,0.0,100.0,544.28,516.1,49.92,0.0,0.0,15.1713,5000.04,0.0,590.0375,681.75,0.0,210.56,0.037,100.0,15.1713,94.34,100.0,994.05,0.2098,100.0,15.7189,3.35,100.0,15.1713,0.0,186373.0,15.1713,516.095,100.0,0.0,680.0,250.0,24.9975,0.0,4.5775,680.0,0.0,0.0,0.037,686.075,0.1494,100.0,0.0,0.3793,0.0,10.908,0.0,100.0,174.104,0.0,1000.2,999.9,0.0,0.294,84.6,686.1,72.5827,0.0,670.1,0.0,710.16,1772.2799,523.41,50.0,0.3151,0.2437,1000.2,0.7,186373.0,543.28,44.5223,676.65,679.9,0.0,0.0,0.0,0.1813,0.681,0.0,0.0,0.037,180.0,0.0,0.0,12.344,2.6,26.555,0.1288,1000.0,1.0,66.2275,571.1,50.0,145.552,5000.0,0.0,100.0,0.1984,600.12,28.0941,0.0,3000.0,24.9975,24.945,680.0,183.95,9.9998,0.0,0.0,0.0,3000.0,286.65,96.08,72.5827,0.0,2.601,0.0,0.3793,11.1177,20.7397,15.1768,343.02,0.2998,516.095,19.4553,0.5,0.0,0.0,0.0,2.6004,0.0,250.0,100.0,33.0,0.0,50.0,0.0,5000.04,2200.0,686.1,28.0941,26.91,1.76,355.7,355.7,57.6,4998.4248,180.0,0.9999,0.0,0.1288,86.65,0.0,0.0,0.0,50.0,0.0,76.7801,0.0,0.0,0.1314,0.0,24.9975,0.037,661.85,15.1713,251.725,0.0,4.5775,148.5225,50.0,81.975,25.0,650.4,50.0,0.0,0.0,0.1244,1000.0,0.0,20.7397,0.0,100.0,186373.0,0.4632,20.0,0.0,0.0,45.222,0.5,186373.0,0.0,0.3793,590.0375,0.1244,0.1315,2.6004,210.56,0.0,487.58,0.0,523.32,357.5457,0.0,2.601,75.625,183.95,9.99,26.49,100.0,520.0,85.185,61.2,5999.7334,0.7,26.91,85.23,0.0,15.7189,24.9975,100.0,0.0,0.037,0.0,83.52,600.0,66.2275,590.0375,523.41,100.0,186375.0,343.02,10.908,100.0,9.99,9.9998,0.0,0.0,0.0,100.0,661.85,15.1713,20.7548,0.0,0.275,9.615,15.1768,0.0,0.0,33.165,0.0,0.0,0.037,686.08,100.0,1772.2799,516.08,25.99,0.0,38.0,3.8484,0.0,76.7801,4.5775,82.2225,710.0,19.4553,74.1564,0.0,0.15,0.3151,590.0,12.9265,673.35,0.0,0.037,0.1494,2.6,183.95,74.1564,0.1494,4998.4248,516.1,516.08,680.0,516.095
57.6,210.56,0.0,210.56,4.409,75.6313,710.16,24.9975,174.1095,523.44,44.5223,0.0,110.0,273.6,186373.0,488.565,88.0,0.0,0.0,343.05,0.0,0.0,9.9998,0.0,96.08,0.0,50.0,180.0,11.1185,0.0,0.0,75.6313,680.0,44.4976,0.0,100.0,0.0,3000.0,590.0375,33.165,183.95,100.0,183.95,485.64,45.222,25.48,183.95,100.0,0.0,0.0,0.0,0.0,9.1113,24.9975,100.0,1772.2799,0.0,516.13,-1.0,0.0,0.0,60.0,50000.0,25.04,0.0,0.0,45.222,183.95,0.0,486.63,0.4632,0.0,5000.0,12.9265,600.12,0.1288,0.0,100.0,544.32,516.1,49.92,0.0,0.0,15.1657,5000.04,0.0,590.0375,681.75,0.0,210.56,0.037,100.0,15.1657,94.34,100.0,994.05,0.2098,100.0,15.7189,3.35,100.0,15.1657,0.0,186373.0,15.1657,516.13,100.0,0.0,680.0,250.0,24.9975,0.0,4.5775,680.0,0.0,0.0,0.037,686.075,0.1494,100.0,0.0,0.3793,0.0,10.9081,0.0,100.0,174.104,0.0,1000.2,999.9,0.0,0.294,84.585,686.1,72.5824,0.0,670.1,0.0,710.16,1772.2799,523.44,50.0,0.3151,0.2437,1000.2,0.7,186373.0,543.32,44.4976,676.65,679.9,0.0,0.0,0.0,0.1813,0.681,0.0,0.0,0.037,180.0,0.0,0.0,12.344,2.6,26.555,0.1288,1000.0,1.0,66.2272,571.05,50.0,145.552,5000.0,0.0,100.0,0.1984,600.18,28.0941,0.0,3000.0,24.9975,24.9725,680.0,183.95,9.9998,0.0,0.0,0.0,3000.0,286.4475,96.08,72.5824,0.0,2.601,0.0,0.3793,11.1185,20.7392,15.1713,343.05,0.2998,516.13,19.4548,0.5,0.0,0.0,0.0,2.6004,0.0,250.0,100.0,33.0,0.0,50.0,0.0,5000.04,2200.0,686.1,28.0941,26.91,1.76,355.65,355.65,57.5625,4998.4248,180.0,1.0,0.0,0.1288,86.15,0.0,0.0,0.0,50.0,0.0,76.7795,0.0,0.0,0.1314,0.0,24.9975,0.037,661.85,15.1657,251.75,0.0,4.5775,148.5225,50.0,82.02,25.0,650.4,50.0,0.0,0.0,0.1244,1000.0,0.0,20.7392,0.0,100.0,186373.0,0.4632,20.0,0.0,0.0,45.252,0.5,186373.0,0.0,0.3793,590.0375,0.1244,0.1315,2.6004,210.56,0.0,487.61,0.0,523.41,358.2,0.0,2.601,75.625,183.95,9.9899,26.49,100.0,520.0,85.14,61.2,5999.7334,0.7,26.91,85.23,0.0,15.7189,24.9975,100.0,0.0,0.037,0.0,83.4675,600.0,66.2272,590.0375,523.44,100.0,186375.0,343.05,10.9081,100.0,9.9899,9.9998,0.0,0.0,0.0,100.0,661.85,15.1657,20.7394,0.0,0.275,9.614,15.1713,0.0,0.0,33.165,0.0,0.0,0.037,686.08,100.0,1772.2799,516.11,25.99,0.0,38.0,3.8734,0.0,76.7795,4.5775,82.245,710.0,19.4548,74.177,0.0,0.15,0.3151,590.0,12.9265,673.35,0.0,0.037,0.1494,2.6,183.95,74.177,0.1494,4998.4248,516.1,516.11,680.0,516.13
57.5625,210.58,0.0,210.58,4.41,75.6313,710.24,24.9975,174.069,523.47,44.4976,0.0,110.0,273.65,186362.0,488.61,88.0,0.0,0.0,343.05,0.0,0.0,9.9998,0.0,96.08,0.0,50.0,180.0,11.1168,0.0,0.0,75.6313,680.0,44.48,0.0,100.0,0.0,3000.0,590.0375,33.165,183.95,100.0,183.95,485.685,45.252,25.48,183.95,100.0,0.0,0.0,0.0,0.0,9.1113,24.9975,100.0,1772.2799,0.0,516.13,-1.0,0.0,0.0,60.0,50000.0,25.04,0.0,0.0,45.252,183.95,0.0,486.63,0.4632,0.0,5000.0,12.9265,600.18,0.1288,0.0,100.0,544.36,516.15,49.92,0.0,0.0,15.1688,5000.04,0.0,590.0375,681.75,0.0,210.58,0.037,100.0,15.1688,94.34,100.0,994.05,0.2097,100.0,15.7189,3.35,100.0,15.1688,0.0,186362.0,15.1688,516.13,100.0,0.0,680.0,250.0,24.9975,0.0,4.58,680.0,0.0,0.0,0.037,686.075,0.1494,100.0,0.0,0.3793,0.0,10.9081,0.0,100.0,174.062,0.0,1000.2,999.9,0.0,0.294,84.6075,686.1,72.5816,0.0,670.1,0.0,710.24,1772.2799,523.47,50.0,0.3151,0.2437,1000.2,0.7,186362.0,543.36,44.48,676.65,679.9,0.0,0.0,0.0,0.1812,0.681,0.0,0.0,0.037,180.0,0.0,0.0,12.344,2.6,26.555,0.1288,1000.0,1.0,66.2268,571.5,50.0,145.552,5000.0,0.0,100.0,0.1984,600.18,28.0941,0.0,3000.0,24.9975,24.9945,680.0,183.95,9.9998,0.0,0.0,0.0,3000.0,286.4475,96.08,72.5816,0.0,2.601,0.0,0.3793,11.1168,20.7386,15.1657,343.05,0.2998,516.13,19.4536,0.5,0.0,0.0,0.0,2.6004,0.0,250.0,100.0,33.0,0.0,50.0,0.0,5000.04,2200.0,686.1,28.0941,26.91,1.76,355.65,355.65,57.6,5000.3247,180.0,1.0,0.0,0.1288,86.6,0.0,0.0,0.0,50.0,0.0,76.779,0.0,0.0,0.1314,0.0,24.9975,0.037,661.85,15.1688,251.75,0.0,4.58,148.5225,50.0,82.035,25.0,650.4,50.0,0.0,0.0,0.1244,1000.0,0.0,20.7386,0.0,100.0,186373.0,0.4632,20.0,0.0,0.0,45.27,0.5,186373.0,0.0,0.3793,590.0375,0.1244,0.1315,2.6004,210.58,0.0,487.64,0.0,523.44,357.9245,0.0,2.601,75.625,183.95,9.9898,26.49,100.0,520.0,85.1325,61.2,5999.7334,0.7,26.91,85.2675,0.0,15.7189,24.9975,100.0,0.0,0.037,0.0,83.445,600.0,66.2268,590.0375,523.47,100.0,186300.0,343.05,10.9081,100.0,9.9898,9.9998,0.0,0.0,0.0,100.0,661.85,15.1688,20.7389,0.0,0.275,9.612,15.1657,0.0,0.0,33.165,0.0,0.0,0.037,686.08,100.0,1772.2799,516.14,25.99,0.0,38.0,4.35,0.0,76.779,4.58,82.2225,710.0,19.4536,74.1977,0.0,0.15,0.3151,590.0,12.9265,673.35,0.0,0.037,0.1494,2.6,183.95,74.1977,0.1494,5000.3247,516.15,516.14,680.0,516.13
57.5625,210.58,0.0,210.58,4.41,75.6298,710.24,24.9975,174.0285,523.5,44.48,0.0,110.0,273.65,186362.0,488.655,88.0,0.0,0.0,343.05,0.0,0.0,9.9998,0.0,96.08,0.0,50.0,180.0,11.1166,0.0,0.0,75.6298,680.0,44.4624,0.0,100.0,0.0,3000.0,590.0375,33.165,183.95,100.0,183.95,485.685,45.27,25.48,183.95,100.0,0.0,0.0,0.0,0.0,9.1108,24.9975,100.0,1772.2799,0.0,516.165,-1.0,0.0,0.0,60.0,50000.0,25.04,0.0,0.0,45.27,183.95,0.0,486.675,0.4632,0.0,5000.0,12.9265,600.18,0.1288,0.0,100.0,544.4,516.15,49.92,0.0,0.0,15.1635,5000.04,0.0,590.0375,681.75,0.0,210.58,0.037,100.0,15.1635,94.34,100.0,994.05,0.2097,100.0,15.7189,3.35,100.0,15.1635,0.0,186362.0,15.1635,516.165,100.0,0.0,680.0,250.0,24.9975,0.0,4.58,680.0,0.0,0.0,0.037,686.075,0.1494,100.0,0.0,0.3793,0.0,10.9082,0.0,100.0,174.02,0.0,1000.2,999.9,0.0,0.294,84.57,686.1,72.5812,0.0,670.1,0.0,710.24,1772.46,523.5,50.0,0.3151,0.2437,1000.2,0.7,186362.0,543.4,44.4624,676.65,679.9,0.0,0.0,0.0,0.1812,0.681,0.0,0.0,0.037,180.0125,0.0,0.0,12.344,2.6,26.555,0.1288,1000.0,1.0,66.2265,571.0,50.0,145.552,5000.0,0.0,100.0,0.1984,600.0,28.0941,0.0,3000.0,24.9975,25.0165,680.0,183.95,9.9998,0.0,0.0,0.0,3000.0,287.0775,96.08,72.5812,0.0,2.601,0.0,0.3793,11.1166,20.738,15.1688,343.05,0.2998,516.165,19.4528,0.5,0.0,0.0,0.0,2.6,0.0,250.0,100.0,33.0,0.0,50.0,0.0,5000.04,2200.0,686.1,28.0941,26.91,1.76,355.7,355.7,57.5625,5000.3247,180.0125,1.0001,0.0,0.1288,86.75,0.0,0.0,0.0,50.0,0.0,76.78,0.0,0.0,0.1314,0.0,24.9975,0.037,661.85,15.1635,251.75,0.0,4.58,148.5225,50.0,82.005,25.0,650.45,50.0,0.0,0.0,0.1244,1000.0,0.0,20.738,0.0,100.0,186362.0,0.4632,20.0,0.0,0.0,45.294,0.5,186362.0,0.0,0.3793,590.0375,0.1244,0.1314,2.6,210.58,0.0,487.67,0.0,523.47,357.3046,0.0,2.601,75.625,183.95,9.9897,26.49,100.0,520.0,85.1475,61.2,5999.7334,0.7,26.91,85.2675,0.0,15.7189,24.9975,100.0,0.0,0.037,0.0,83.4675,600.0,66.2265,590.0375,523.5,100.0,186300.0,343.05,10.9082,100.0,9.9897,9.9998,0.0,0.0,0.0,100.0,661.85,15.1635,20.7383,0.0,0.275,9.611,15.1688,0.0,0.0,33.165,0.0,0.0,0.037,686.08,100.0,1772.2799,516.17,25.99,0.0,38.0,4.4688,0.0,76.78,4.58,82.2,710.0,19.4528,74.2183,0.0,0.15,0.3151,590.0,12.9265,673.35,0.0,0.037,0.1494,2.6,183.95,74.2183,0.1494,5000.3247,516.15,516.17,680.0,516.165
57.5625,210.58,0.0,210.58,4.41,75.6293,710.24,24.9975,173.988,523.53,44.4624,0.0,110.0,273.65,186362.0,488.655,88.0,0.0,0.0,343.05,0.0,0.0,9.9998,0.0,96.08,0.0,50.0,180.0,11.1165,0.0,0.0,75.6293,680.0,44.4446,0.0,100.0,0.0,3000.0,590.0375,33.165,183.95,100.0,183.95,485.73,45.294,25.48,183.95,100.0,0.0,0.0,0.0,0.0,9.1113,24.9975,100.0,1772.46,0.0,516.2,-1.0,0.0,0.0,60.0,50000.0,25.04,0.0,0.0,45.294,183.95,0.0,486.675,0.4632,0.0,5000.0,12.9265,600.0,0.1288,0.0,100.0,544.44,516.2,49.92,0.0,0.0,15.1668,5000.04,0.0,590.0375,681.75,0.0,210.58,0.037,100.0,15.1668,94.36,100.0,994.05,0.2097,100.0,15.7189,3.35,100.0,15.1668,0.0,186362.0,15.1668,516.2,100.0,0.0,680.0,250.0,24.9975,0.0,4.58,680.0,0.0,0.0,0.037,686.1125,0.1495,100.0,0.0,0.3793,0.0,10.9083,0.0,100.0,173.992,0.0,1000.2,999.9,0.0,0.294,84.6075,686.1,72.5808,0.0,670.1,0.0,710.24,1772.46,523.53,50.0,0.3151,0.2437,1000.2,0.7,186362.0,543.44,44.4446,676.65,679.95,0.0,0.0,0.0,0.1812,0.681,0.0,0.0,0.037,180.0125,0.0,0.0,12.342,2.6,26.555,0.1287,1000.0,1.0,66.2262,570.75,50.0,145.552,5000.0,0.0,100.0,0.1984,600.0,28.0941,0.0,3000.0,24.9975,25.044,680.0,183.95,9.9998,0.0,0.0,0.0,3000.0,286.515,96.08,72.5808,0.0,2.601,0.0,0.3793,11.1165,20.7375,15.1635,343.05,0.2998,516.2,19.4543,0.5,0.0,0.0,0.0,2.6,0.0,250.0,100.0,33.0,0.0,50.0,0.0,5000.04,2200.0,686.1,28.0941,26.91,1.76,355.7,355.7,57.525,5000.3247,180.0125,1.0002,0.0,0.1288,86.175,0.0,0.0,0.0,50.0,0.0,76.78,0.0,0.0,0.1314,0.0,24.9975,0.037,661.85,15.1668,251.75,0.0,4.58,148.5225,50.0,82.02,25.0,650.45,50.0,0.0,0.0,0.1244,1000.0,0.0,20.7375,0.0,100.0,186362.0,0.4632,20.0,0.0,0.0,45.318,0.5,186362.0,0.0,0.3793,590.0375,0.1244,0.1314,2.6,210.58,0.0,487.7,0.0,523.5,357.7179,0.0,2.601,75.625,183.95,9.9896,26.49,100.0,520.0,85.1775,61.2,5999.7334,0.7,26.91,85.32,0.0,15.7189,24.9975,100.0,0.0,0.037,0.0,83.4975,600.0,66.2262,590.0375,523.53,100.0,186300.0,343.05,10.9083,100.0,9.9896,9.9998,0.0,0.0,0.0,100.0,661.85,15.1668,20.7377,0.0,0.275,9.61,15.1635,0.0,0.0,33.165,0.0,0.0,0.037,686.08,100.0,1772.46,516.2,25.99,0.0,38.0,3.9125,0.0,76.78,4.58,82.2225,710.0,19.4543,74.2389,0.0,0.15,0.3151,590.0,12.9265,673.35,0.0,0.037,0.1495,2.6,183.95,74.2389,0.1495,5000.3247,516.2,516.2,680.0,516.2
57.6,210.6,0.0,210.6,4.41,75.6288,710.24,24.9975,173.988,523.56,44.4446,0.0,110.0,273.65,186362.0,488.7,88.0,0.0,0.0,343.05,0.0,0.0,9.9998,0.0,96.08,0.0,50.0,180.0,11.1163,0.0,0.0,75.6288,680.0,44.4267,0.0,100.0,0.0,3000.0,590.0375,33.165,183.95,100.0,183.95,485.73,45.318,25.48,183.95,100.0,0.0,0.0,0.0,0.0,9.1113,24.9975,100.0,1772.46,0.0,516.235,-1.0,0.0,0.0,60.0,50000.0,25.04,0.0,0.0,45.318,183.95,0.0,486.72,0.4632,0.0,5000.0,12.9265,600.0,0.1288,0.0,100.0,544.48,516.2,49.92,0.0,0.0,15.1618,5000.04,0.0,590.0375,681.75,0.0,210.6,0.037,100.0,15.1618,94.36,100.0,994.05,0.2097,100.0,15.7189,3.35,100.0,15.1618,0.0,186362.0,15.1618,516.235,100.0,0.0,680.0,250.0,24.9975,0.0,4.58,680.0,0.0,0.0,0.037,686.1125,0.1495,100.0,0.0,0.3793,0.0,10.9083,0.0,100.0,173.978,0.0,1000.2,999.9,0.0,0.294,84.6375,686.1,72.5804,0.0,670.1,0.0,710.24,1772.46,523.56,50.0,0.3151,0.2437,1000.2,0.7,186362.0,543.48,44.4267,676.65,679.95,0.0,0.0,0.0,0.1812,0.681,0.0,0.0,0.037,180.0125,0.0,0.0,12.343,2.6,26.555,0.1287,1000.0,1.0,66.2258,570.85,50.0,145.552,5000.0,0.0,100.0,0.1984,600.0,28.0941,0.0,3000.0,24.9975,25.066,680.0,183.95,9.9998,0.0,0.0,0.0,3000.0,286.245,96.08,72.5804,0.0,2.601,0.0,0.3793,11.1163,20.7369,15.1668,343.05,0.2998,516.235,19.4543,0.5,0.0,0.0,0.0,2.6,0.0,250.0,100.0,33.0,0.0,50.0,0.0,5000.04,2200.0,686.1,28.0941,26.91,1.76,355.7,355.7,57.6,5000.3247,180.0125,1.0002,0.0,0.1288,86.0,0.0,0.0,0.0,50.0,0.0,76.78,0.0,0.0,0.1314,0.0,24.9975,0.037,661.85,15.1618,251.75,0.0,4.58,148.5225,50.0,82.0425,25.0,650.45,50.0,0.0,0.0,0.1244,1000.0,0.0,20.7369,0.0,100.0,186362.0,0.4632,20.0,0.0,0.0,45.336,0.5,186362.0,0.0,0.3793,590.0375,0.1244,0.1314,2.6,210.6,0.0,487.7,0.0,523.53,357.3391,0.0,2.601,75.625,183.95,9.9896,26.49,100.0,520.0,85.2075,61.2,5999.7334,0.7,26.91,85.35,0.0,15.7189,24.9975,100.0,0.0,0.037,0.0,83.475,600.0,66.2258,590.0375,523.56,100.0,186300.0,343.05,10.9083,100.0,9.9896,9.9998,0.0,0.0,0.0,100.0,661.85,15.1618,20.7372,0.0,0.275,9.609,15.1668,0.0,0.0,33.165,0.0,0.0,0.037,686.08,100.0,1772.46,516.23,25.99,0.0,38.0,4.2234,0.0,76.78,4.58,82.2675,710.0,19.4543,74.2595,0.0,0.15,0.3151,590.0,12.9265,673.4,0.0,0.037,0.1495,2.6,183.95,74.2595,0.1495,5000.3247,516.2,516.23,680.0,516.235
57.5625,210.6,0.0,210.6,4.408,75.6298,710.24,24.9975,173.961,523.59,44.4267,0.0,110.0,273.65,186362.0,488.7,88.0,0.0,0.0,343.05,0.0,0.0,9.9998,0.0,96.08,0.0,50.0,180.0,11.1161,0.0,0.0,75.6298,680.0,44.4087,0.0,100.0,0.0,3000.0,590.0375,33.165,183.95,100.0,183.95,485.775,45.336,25.48,183.95,100.0,0.0,0.0,0.0,0.0,9.1118,24.9975,100.0,1772.46,0.0,516.27,-1.0,0.0,0.0,60.0,50000.0,25.04,0.0,0.0,45.336,183.95,0.0,486.765,0.4632,0.0,5000.0,12.9265,600.0,0.1288,0.0,100.0,544.48,516.25,49.92,0.0,0.0,15.1568,5000.04,0.0,590.0375,681.75,0.0,210.6,0.037,100.0,15.1568,94.36,100.0,994.05,0.2096,100.0,15.7189,3.35,100.0,15.1568,0.0,186362.0,15.1568,516.27,100.0,0.0,680.0,250.0,24.9975,0.0,4.58,680.0,0.0,0.0,0.037,686.1125,0.1495,100.0,0.0,0.3793,0.0,10.9084,0.0,100.0,173.964,0.0,1000.2,999.9,0.0,0.294,84.6225,686.1,72.5801,0.0,670.1,0.0,710.24,1772.46,523.59,50.0,0.3151,0.2437,1000.2,0.7,186362.0,543.48,44.4087,676.65,679.95,0.0,0.0,0.0,0.1811,0.681,0.0,0.0,0.037,180.0,0.0,0.0,12.344,2.6,26.555,0.1287,1000.0,1.0,66.2255,570.65,50.0,145.552,5000.0,0.0,100.0,0.1984,600.0,28.0941,0.0,3000.0,24.9975,25.0825,680.0,183.95,9.9998,0.0,0.0,0.0,3000.0,287.19,96.08,72.5801,0.0,2.601,0.0,0.3793,11.1161,20.7363,15.1618,343.05,0.2998,516.27,19.4543,0.5,0.0,0.0,0.0,2.6006,0.0,250.0,100.0,33.0,0.0,50.0,0.0,5000.04,2200.0,686.1,28.0941,26.91,1.76,355.7,355.7,57.6,5000.3247,180.0,1.0004,0.0,0.1288,86.775,0.0,0.0,0.0,50.0,0.0,76.7778,0.0,0.0,0.1314,0.0,24.9975,0.037,661.85,15.1568,251.775,0.0,4.58,148.5225,50.0,82.035,25.0,650.45,50.0,0.0,0.0,0.1244,1000.0,0.0,20.7363,0.0,100.0,186362.0,0.4632,20.0,0.0,0.0,45.354,0.5,186362.0,0.0,0.3793,590.0375,0.1244,0.1314,2.6006,210.6,0.0,487.73,0.0,523.56,357.4768,0.0,2.601,75.625,183.95,9.9895,26.49,100.0,520.0,85.1775,61.2,5999.7334,0.7,26.91,85.3125,0.0,15.7189,24.9975,100.0,0.0,0.037,0.0,83.52,600.0,66.2255,590.0375,523.59,100.0,186300.0,343.05,10.9084,100.0,9.9895,9.9998,0.0,0.0,0.0,100.0,661.85,15.1568,20.7366,0.0,0.275,9.608,15.1618,0.0,0.0,33.165,0.0,0.0,0.037,686.08,100.0,1772.46,516.26,25.99,0.0,38.0,4.5297,0.0,76.7778,4.58,82.245,710.0,19.4543,74.2802,0.0,0.15,0.3151,590.0,12.9265,673.4,0.0,0.037,0.1495,2.6,183.95,74.2802,0.1495,5000.3247,516.25,516.26,680.0,516.27
57.5625,210.6,0.0,210.6,4.405,75.6298,710.24,24.9975,173.9475,523.59,44.4087,0.0,110.0,273.65,186351.0,488.745,88.0,0.0,0.0,343.05,0.0,0.0,9.9998,0.0,96.08,0.0,50.0,180.0,11.116,0.0,0.0,75.6298,680.0,44.3905,0.0,100.0,0.0,3000.0,590.0375,33.165,183.95,100.0,183.95,485.775,45.354,25.48,183.95,100.0,0.0,0.0,0.0,0.0,9.1118,24.9975,100.0,1772.46,0.0,516.27,-1.0,0.0,0.0,60.0,50000.0,25.04,0.0,0.0,45.354,183.95,0.0,486.765,0.4632,0.0,5000.0,12.9265,600.0,0.1288,0.0,100.0,544.52,516.25,49.92,0.0,0.0,15.1518,5000.04,0.0,590.0375,681.75,0.0,210.6,0.037,100.0,15.1518,94.36,100.0,994.05,0.2096,100.0,15.7189,3.35,100.0,15.1518,0.0,186351.0,15.1518,516.27,100.0,0.0,680.0,250.0,24.9975,0.0,4.58,680.0,0.0,0.0,0.037,686.1125,0.1495,100.0,0.0,0.3793,0.0,10.9084,0.0,100.0,173.95,0.0,1000.2,999.9,0.0,0.294,84.5775,686.1,72.5797,0.0,670.1,0.0,710.24,1772.46,523.59,50.0,0.3151,0.2437,1000.2,0.7,186351.0,543.52,44.3905,676.65,679.95,0.0,0.0,0.0,0.1811,0.681,0.0,0.0,0.037,180.0,0.0,0.0,12.343,2.6,26.555,0.1287,1000.0,1.0,66.2252,571.35,50.0,145.552,5000.0,0.0,100.0,0.1984,600.0,28.0941,0.0,3000.0,24.9975,25.0935,680.0,183.95,9.9998,0.0,0.0,0.0,3000.0,287.1225,96.08,72.5797,0.0,2.601,0.0,0.3793,11.116,20.7358,15.1568,343.05,0.2998,516.27,19.4543,0.5,0.0,0.0,0.0,2.6006,0.0,250.0,100.0,33.0,0.0,50.0,0.0,5000.04,2200.0,686.1,28.0941,26.91,1.76,355.7,355.7,57.525,5000.3247,180.0,1.0005,0.0,0.1288,86.7,0.0,0.0,0.0,50.0,0.0,76.777,0.0,0.0,0.1314,0.0,24.9975,0.037,661.85,15.1518,251.775,0.0,4.58,148.5225,50.0,81.9825,25.0,650.45,50.0,0.0,0.0,0.1244,1000.0,0.0,20.7358,0.0,100.0,186362.0,0.4632,20.0,0.0,0.0,45.366,0.5,186362.0,0.0,0.3793,590.0375,0.1244,0.1314,2.6006,210.6,0.0,487.76,0.0,523.59,357.5113,0.0,2.601,75.625,183.95,9.9894,26.49,100.0,520.0,85.125,61.2,5999.7334,0.7,26.91,85.29,0.0,15.7189,24.9975,100.0,0.0,0.037,0.0,83.5275,600.0,66.2252,590.0375,523.59,100.0,186300.0,343.05,10.9084,100.0,9.9894,9.9998,0.0,0.0,0.0,100.0,661.85,15.1518,20.736,0.0,0.275,9.607,15.1568,0.0,0.0,33.165,0.0,0.0,0.037,686.12,100.0,1772.46,516.29,25.99,0.0,38.0,4.6516,0.0,76.777,4.58,82.2675,710.0,19.4543,74.3008,0.0,0.15,0.3151,590.0,12.9265,673.4,0.0,0.037,0.1495,2.6,183.95,74.3008,0.1495,5000.3247,516.25,516.29,680.0,516.27
57.5625,210.62,0.0,210.62,4.404,75.6298,710.24,24.9975,173.907,523.62,44.3905,0.0,110.0,273.65,186351.0,488.745,88.0,0.0,0.0,343.05,0.0,0.0,9.9998,0.0,96.08,0.0,50.0,180.0,11.1158,0.0,0.0,75.6298,680.0,44.376,0.0,100.0,0.0,3000.0,590.0375,33.165,183.95,100.0,183.95,485.82,45.366,25.48,183.95,100.0,0.0,0.0,0.0,0.0,9.1113,24.9975,100.0,1772.46,0.0,516.305,-1.0,0.0,0.0,60.0,50000.0,25.04,0.0,0.0,45.366,183.95,0.0,486.81,0.4632,0.0,5000.0,12.9265,600.0,0.1288,0.0,100.0,544.56,516.3,49.92,0.0,0.0,15.1554,5000.04,0.0,590.0375,681.75,0.0,210.62,0.037,100.0,15.1554,94.36,100.0,994.05,0.2096,100.0,15.7189,3.35,100.0,15.1554,0.0,186351.0,15.1554,516.305,100.0,0.0,680.0,250.0,24.9975,0.0,4.58,680.0,0.0,0.0,0.037,686.1125,0.1495,100.0,0.0,0.3793,0.0,10.9085,0.0,100.0,173.908,0.0,1000.2,999.9,0.0,0.294,84.5775,686.1,72.5793,0.0,670.1,0.0,710.24,1772.46,523.62,50.0,0.3151,0.2437,1000.2,0.7,186351.0,543.56,44.376,676.65,679.95,0.0,0.0,0.0,0.1811,0.681,0.0,0.0,0.037,180.0,0.0,0.0,12.345,2.6,26.555,0.1287,1000.0,1.0,66.2248,570.8,50.0,145.552,5000.0,0.0,100.0,0.1984,600.0,28.094,0.0,3000.0,24.9975,25.1045,680.0,183.95,9.9998,0.0,0.0,0.0,3000.0,286.605,96.08,72.5793,0.0,2.601,0.0,0.3793,11.1158,20.7352,15.1518,343.05,0.2998,516.305,19.4543,0.5,0.0,0.0,0.0,2.6,0.0,250.0,100.0,33.0,0.0,50.0,0.0,5000.04,2200.0,686.1,28.094,26.91,1.76,355.75,355.75,57.5625,5000.3247,180.0,1.0005,0.0,0.1288,86.5,0.0,0.0,0.0,50.0,0.0,76.7785,0.0,0.0,0.1314,0.0,24.9975,0.037,661.85,15.1554,251.775,0.0,4.58,148.5225,50.0,81.9825,25.0,650.45,50.0,0.0,0.0,0.1244,1000.0,0.0,20.7352,0.0,100.0,186351.0,0.4632,20.0,0.0,0.0,45.378,0.5,186351.0,0.0,0.3793,590.0375,0.1244,0.1314,2.6,210.62,0.0,487.79,0.0,523.59,358.0623,0.0,2.601,75.625,183.95,9.9893,26.49,100.0,520.0,85.1625,61.2,5999.7334,0.7,26.91,85.2675,0.0,15.7189,24.9975,100.0,0.0,0.037,0.0,83.535,600.0,66.2248,590.0375,523.62,100.0,186300.0,343.05,10.9085,100.0,9.9893,9.9998,0.0,0.0,0.0,100.0,661.85,15.1554,20.7355,0.0,0.275,9.606,15.1518,0.0,0.0,33.165,0.0,0.0,0.037,686.12,100.0,1772.46,516.32,25.99,0.0,38.0,3.8937,0.0,76.7785,4.58,82.23,710.0,19.4543,74.3214,0.0,0.15,0.3151,590.0,12.9265,673.4,0.0,0.037,0.1495,2.6,183.95,74.3214,0.1495,5000.3247,516.3,516.32,680.0,516.305
57.5625,210.62,0.0,210.62,4.404,75.6298,710.24,24.9975,173.907,523.62,44.376,0.0,110.0,273.65,186351.0,488.745,88.0,0.0,0.0,343.05,0.0,0.0,9.9998,0.0,96.08,0.0,50.0,180.0,11.1156,0.0,0.0,75.6298,680.0,44.3578,0.0,100.0,0.0,3000.0,590.0375,33.165,183.95,100.0,183.95,485.82,45.378,25.48,183.95,100.0,0.0,0.0,0.0,0.0,9.1113,24.9975,100.0,1772.46,0.0,516.305,-1.0,0.0,0.0,60.0,50000.0,25.04,0.0,0.0,45.378,183.95,0.0,486.81,0.4632,0.0,5000.0,12.9265,600.0,0.1288,0.0,100.0,544.56,516.3,49.92,0.0,0.0,15.1507,5000.04,0.0,590.0375,681.75,0.0,210.62,0.037,100.0,15.1507,94.36,100.0,994.05,0.2096,100.0,15.7189,3.35,100.0,15.1507,0.0,186351.0,15.1507,516.305,100.0,0.0,680.0,250.0,24.9975,0.0,4.58,680.0,0.0,0.0,0.037,686.1125,0.1495,100.0,0.0,0.3793,0.0,10.9085,0.0,100.0,173.908,0.0,1000.2,999.9,0.0,0.294,84.5775,686.1,72.5789,0.0,670.1,0.0,710.24,1772.46,523.62,50.0,0.3151,0.2437,1000.2,0.7,186351.0,543.56,44.3578,676.65,679.95,0.0,0.0,0.0,0.1811,0.681,0.0,0.0,0.037,180.0,0.0,0.0,12.345,2.6,26.555,0.1287,1000.0,1.0,66.2245,570.8,50.0,145.552,5000.0,0.0,100.0,0.1984,600.0,28.094,0.0,3000.0,24.9975,25.1045,680.0,183.95,9.9998,0.0,0.0,0.0,3000.0,286.605,96.08,72.5789,0.0,2.601,0.0,0.3793,11.1156,20.7346,15.1554,343.05,0.2998,516.305,19.4543,0.5,0.0,0.0,0.0,2.6,0.0,250.0,100.0,33.0,0.0,50.0,0.0,5000.04,2200.0,686.1,28.094,26.91,1.76,355.75,355.75,57.5625,5000.3247,180.0,1.0005,0.0,0.1288,86.5,0.0,0.0,0.0,50.0,0.0,76.7785,0.0,0.0,0.1314,0.0,24.9975,0.037,661.85,15.1507,251.775,0.0,4.58,148.5225,50.0,81.9825,25.0,650.45,50.0,0.0,0.0,0.1244,1000.0,0.0,20.7346,0.0,100.0,186351.0,0.4632,20.0,0.0,0.0,45.378,0.5,186351.0,0.0,0.3793,590.0375,0.1244,0.1314,2.6,210.62,0.0,487.79,0.0,523.62,358.0623,0.0,2.601,75.625,183.95,9.9892,26.49,100.0,520.0,85.1625,61.2,5999.7334,0.7,26.91,85.2675,0.0,15.7189,24.9975,100.0,0.0,0.037,0.0,83.535,600.0,66.2245,590.0375,523.62,100.0,186300.0,343.05,10.9085,100.0,9.9892,9.9998,0.0,0.0,0.0,100.0,661.85,15.1507,20.7349,0.0,0.275,9.606,15.1554,0.0,0.0,33.165,0.0,0.0,0.037,686.12,100.0,1772.46,516.32,25.99,0.0,38.0,3.8937,0.0,76.7785,4.58,82.23,710.0,19.4543,74.342,0.0,0.15,0.3151,590.0,12.9265,673.4,0.0,0.037,0.1495,2.6,183.95,74.342,0.1495,5000.3247,516.3,516.32,680.0,516.305
57.5625,210.62,0.0,210.62,4.404,75.6298,710.24,24.9975,173.907,523.62,44.3578,0.0,110.0,273.65,186351.0,488.745,88.0,0.0,0.0,343.05,0.0,0.0,9.9998,0.0,96.08,0.0,50.0,180.0,11.1154,0.0,0.0,75.6298,680.0,44.3431,0.0,100.0,0.0,3000.0,590.0375,33.165,183.95,100.0,183.95,485.82,45.378,25.48,183.95,100.0,0.0,0.0,0.0,0.0,9.1113,24.9975,100.0,1772.46,0.0,516.305,-1.0,0.0,0.0,60.0,50000.0,25.04,0.0,0.0,45.378,183.95,0.0,486.81,0.4632,0.0,5000.0,12.9265,600.0,0.1288,0.0,100.0,544.56,516.3,49.92,0.0,0.0,15.146,5000.04,0.0,590.0375,681.75,0.0,210.62,0.037,100.0,15.146,94.36,100.0,994.05,0.2096,100.0,15.7189,3.35,100.0,15.146,0.0,186351.0,15.146,516.305,100.0,0.0,680.0,250.0,24.9975,0.0,4.58,680.0,0.0,0.0,0.037,686.1125,0.1495,100.0,0.0,0.3793,0.0,10.9086,0.0,100.0,173.908,0.0,1000.2,999.9,0.0,0.294,84.5775,686.1,72.5786,0.0,670.1,0.0,710.24,1772.46,523.62,50.0,0.3151,0.2437,1000.2,0.7,186351.0,543.56,44.3431,676.65,679.95,0.0,0.0,0.0,0.1811,0.681,0.0,0.0,0.037,180.0,0.0,0.0,12.345,2.6,26.555,0.1287,1000.0,1.0,66.2241,570.8,50.0,145.552,5000.0,0.0,100.0,0.1984,600.0,28.094,0.0,3000.0,24.9975,25.1045,680.0,183.95,9.9998,0.0,0.0,0.0,3000.0,286.605,96.08,72.5786,0.0,2.601,0.0,0.3793,11.1154,20.734,15.1507,343.05,0.2998,516.305,19.4543,0.5,0.0,0.0,0.0,2.6,0.0,250.0,100.0,33.0,0.0,50.0,0.0,5000.04,2200.0,686.1,28.094,26.91,1.76,355.75,355.75,57.5625,5000.3247,180.0,1.0005,0.0,0.1288,86.5,0.0,0.0,0.0,50.0,0.0,76.7785,0.0,0.0,0.1314,0.0,24.9975,0.037,661.85,15.146,251.775,0.0,4.58,148.5225,50.0,81.9825,25.0,650.45,50.0,0.0,0.0,0.1244,1000.0,0.0,20.734,0.0,100.0,186351.0,0.4632,20.0,0.0,0.0,45.378,0.5,186351.0,0.0,0.3793,590.0375,0.1244,0.1314,2.6,210.62,0.0,487.79,0.0,523.62,358.0623,0.0,2.601,75.625,183.95,9.9891,26.49,100.0,520.0,85.1625,61.2,5999.7334,0.7,26.91,85.2675,0.0,15.7189,24.9975,100.0,0.0,0.037,0.0,83.535,600.0,66.2241,590.0375,523.62,100.0,186300.0,343.05,10.9086,100.0,9.9891,9.9998,0.0,0.0,0.0,100.0,661.85,15.146,20.7343,0.0,0.275,9.606,15.1507,0.0,0.0,33.165,0.0,0.0,0.037,686.12,100.0,1772.46,516.32,25.99,0.0,38.0,3.8937,0.0,76.7785,4.58,82.23,710.0,19.4543,74.3626,0.0,0.15,0.3151,590.0,12.9265,673.4,0.0,0.037,0.1495,2.6,183.95,74.3626,0.1495,5000.3247,516.3,516.32,680.0,516.305
57.5625,210.62,0.0,210.62,4.404,75.6298,710.24,24.9975,173.907,523.62,44.3431,0.0,110.0,273.65,186351.0,488.745,88.0,0.0,0.0,343.05,0.0,0.0,9.9998,0.0,96.08,0.0,50.0,180.0,11.1153,0.0,0.0,75.6298,680.0,44.3285,0.0,100.0,0.0,3000.0,590.0375,33.165,183.95,100.0,183.95,485.82,45.378,25.48,183.95,100.0,0.0,0.0,0.0,0.0,9.1113,24.9975,100.0,1772.46,0.0,516.305,-1.0,0.0,0.0,60.0,50000.0,25.04,0.0,0.0,45.378,183.95,0.0,486.81,0.4632,0.0,5000.0,12.9265,600.0,0.1288,0.0,100.0,544.56,516.3,49.92,0.0,0.0,15.1413,5000.04,0.0,590.0375,681.75,0.0,210.62,0.037,100.0,15.1413,94.36,100.0,994.05,0.2096,100.0,15.7189,3.35,100.0,15.1413,0.0,186351.0,15.1413,516.305,100.0,0.0,680.0,250.0,24.9975,0.0,4.58,680.0,0.0,0.0,0.037,686.1125,0.1495,100.0,0.0,0.3793,0.0,10.9086,0.0,100.0,173.908,0.0,1000.2,999.9,0.0,0.294,84.5775,686.1,72.5782,0.0,670.1,0.0,710.24,1772.46,523.62,50.0,0.3151,0.2437,1000.2,0.7,186351.0,543.56,44.3285,676.65,679.95,0.0,0.0,0.0,0.1811,0.681,0.0,0.0,0.037,180.0,0.0,0.0,12.345,2.6,26.555,0.1287,1000.0,1.0,66.2238,570.8,50.0,145.552,5000.0,0.0,100.0,0.1984,600.0,28.094,0.0,3000.0,24.9975,25.1045,680.0,183.95,9.9998,0.0,0.0,0.0,3000.0,286.605,96.08,72.5782,0.0,2.601,0.0,0.3793,11.1153,20.7335,15.146,343.05,0.2998,516.305,19.4543,0.5,0.0,0.0,0.0,2.6,0.0,250.0,100.0,33.0,0.0,50.0,0.0,5000.04,2200.0,686.1,28.094,26.91,1.76,355.75,355.75,57.5625,5000.3247,180.0,1.0005,0.0,0.1288,86.5,0.0,0.0,0.0,50.0,0.0,76.7785,0.0,0.0,0.1314,0.0,24.9975,0.037,661.85,15.1413,251.775,0.0,4.58,148.5225,50.0,81.9825,25.0,650.45,50.0,0.0,0.0,0.1244,1000.0,0.0,20.7335,0.0,100.0,186351.0,0.4632,20.0,0.0,0.0,45.378,0.5,186351.0,0.0,0.3793,590.0375,0.1244,0.1314,2.6,210.62,0.0,487.79,0.0,523.62,358.0623,0.0,2.601,75.625,183.95,9.9891,26.49,100.0,520.0,85.1625,61.2,5999.7334,0.7,26.91,85.2675,0.0,15.7189,24.9975,100.0,0.0,0.037,0.0,83.535,600.0,66.2238,590.0375,523.62,100.0,186300.0,343.05,10.9086,100.0,9.9891,9.9998,0.0,0.0,0.0,100.0,661.85,15.1413,20.7338,0.0,0.275,9.606,15.146,0.0,0.0,33.165,0.0,0.0,0.037,686.12,100.0,1772.46,516.32,25.99,0.0,38.0,3.8937,0.0,76.7785,4.58,82.23,710.0,19.4543,74.3833,0.0,0.15,0.3151,590.0,12.9265,673.4,0.0,0.037,0.1495,2.6,183.95,74.3833,0.1495,5000.3247,516.3,516.32,680.0,516.305
57.5625,210.62,0.0,210.62,4.404,75.6298,710.24,24.9975,173.907,523.62,44.3285,0.0,110.0,273.65,186351.0,488.745,88.0,0.0,0.0,343.05,0.0,0.0,9.9998,0.0,96.08,0.0,50.0,180.0,11.1151,0.0,0.0,75.6298,680.0,44.3139,0.0,100.0,0.0,3000.0,590.0375,33.165,183.95,100.0,183.95,485.82,45.378,25.48,183.95,100.0,0.0,0.0,0.0,0.0,9.1113,24.9975,100.0,1772.46,0.0,516.305,-1.0,0.0,0.0,60.0,50000.0,25.04,0.0,0.0,45.378,183.95,0.0,486.81,0.4632,0.0,5000.0,12.9265,600.0,0.1288,0.0,100.0,544.56,516.3,49.92,0.0,0.0,15.1366,5000.04,0.0,590.0375,681.75,0.0,210.62,0.037,100.0,15.1366,94.36,100.0,994.05,0.2096,100.0,15.7189,3.35,100.0,15.1366,0.0,186351.0,15.1366,516.305,100.0,0.0,680.0,250.0,24.9975,0.0,4.58,680.0,0.0,0.0,0.037,686.1125,0.1495,100.0,0.0,0.3793,0.0,10.9087,0.0,100.0,173.908,0.0,1000.2,999.9,0.0,0.294,84.5775,686.1,72.5778,0.0,670.1,0.0,710.24,1772.46,523.62,50.0,0.3151,0.2437,1000.2,0.7,186351.0,543.56,44.3139,676.65,679.95,0.0,0.0,0.0,0.1811,0.681,0.0,0.0,0.037,180.0,0.0,0.0,12.345,2.6,26.555,0.1287,1000.0,1.0,66.2235,570.8,50.0,145.552,5000.0,0.0,100.0,0.1984,600.0,28.094,0.0,3000.0,24.9975,25.1045,680.0,183.95,9.9998,0.0,0.0,0.0,3000.0,286.605,96.08,72.5778,0.0,2.601,0.0,0.3793,11.1151,20.7329,15.1413,343.05,0.2998,516.305,19.4543,0.5,0.0,0.0,0.0,2.6,0.0,250.0,100.0,33.0,0.0,50.0,0.0,5000.04,2200.0,686.1,28.094,26.91,1.76,355.75,355.75,57.5625,5000.3247,180.0,1.0005,0.0,0.1288,86.5,0.0,0.0,0.0,50.0,0.0,76.7785,0.0,0.0,0.1314,0.0,24.9975,0.037,661.85,15.1366,251.775,0.0,4.58,148.5225,50.0,81.9825,25.0,650.45,50.0,0.0,0.0,0.1244,1000.0,0.0,20.7329,0.0,100.0,186351.0,0.4632,20.0,0.0,0.0,45.378,0.5,186351.0,0.0,0.3793,590.0375,0.1244,0.1314,2.6,210.62,0.0,487.79,0.0,523.62,358.0623,0.0,2.601,75.625,183.95,9.989,26.49,100.0,520.0,85.1625,61.2,5999.7334,0.7,26.91,85.2675,0.0,15.7189,24.9975,100.0,0.0,0.037,0.0,83.535,600.0,66.2235,590.0375,523.62,100.0,186300.0,343.05,10.9087,100.0,9.989,9.9998,0.0,0.0,0.0,100.0,661.85,15.1366,20.7332,0.0,0.275,9.606,15.1413,0.0,0.0,33.165,0.0,0.0,0.037,686.12,100.0,1772.46,516.32,25.99,0.0,38.0,3.8937,0.0,76.7785,4.58,82.23,710.0,19.4543,74.4039,0.0,0.15,0.3151,590.0,12.9265,673.4,0.0,0.037,0.1495,2.6,183.95,74.4039,0.1495,5000.3247,516.3,516.32,680.0,516.305
57.5625,210.62,0.0,210.62,4.402,75.6298,710.08,24.9975,173.826,523.62,44.3139,0.0,110.0,273.65,186351.0,488.79,88.0,0.0,0.0,343.05,0.0,0.0,9.9998,0.0,96.08,0.0,50.0,180.0,11.1149,0.0,0.0,75.6298,680.0,44.2993,0.0,100.0,0.0,3000.0,590.0375,33.165,183.95,100.0,183.95,485.82,45.378,25.48,183.95,100.0,0.0,0.0,0.0,0.0,9.1108,24.9975,100.0,1772.46,0.0,516.34,-1.0,0.0,0.0,60.0,50000.0,25.04,0.0,0.0,45.378,183.95,0.0,486.81,0.4632,0.0,5000.0,12.9265,600.0,0.1287,0.0,100.0,544.56,516.35,49.92,0.0,0.0,15.1318,5000.04,0.0,590.0375,681.75,0.0,210.62,0.037,100.0,15.1318,94.36,100.0,994.05,0.2096,100.0,15.7189,3.35,100.0,15.1318,0.0,186351.0,15.1318,516.34,100.0,0.0,680.0,250.0,24.9975,0.0,4.58,680.0,0.0,0.0,0.037,686.1125,0.1495,100.0,0.0,0.3793,0.0,10.9088,0.0,100.0,173.824,0.0,1000.2,999.9,0.0,0.294,84.6225,686.1,72.5787,0.0,670.1,0.0,710.08,1772.46,523.62,50.0,0.3151,0.2438,1000.2,0.7,186351.0,543.56,44.2993,676.65,679.95,0.0,0.0,0.0,0.1811,0.681,0.0,0.0,0.037,180.0,0.0,0.0,12.343,2.6,26.555,0.1287,1000.0,1.0,66.2239,570.75,50.0,145.552,5000.0,0.0,100.0,0.1984,600.06,28.094,0.0,3000.0,24.9975,25.121,680.0,183.95,9.9998,0.0,0.0,0.0,3000.0,286.7175,96.08,72.5787,0.0,2.6003,0.0,0.3793,11.1149,20.7323,15.1366,343.05,0.2998,516.34,19.4543,0.5,0.0,0.0,0.0,2.6,0.0,250.0,100.0,33.0,0.0,50.0,0.0,5000.04,2200.0,686.1,28.094,26.91,1.76,355.75,355.75,57.5625,5000.3247,180.0,1.0006,0.0,0.1287,86.175,0.0,0.0,0.0,50.0,0.0,76.7785,0.0,0.0,0.1314,0.0,24.9975,0.037,661.85,15.1318,251.775,0.0,4.58,148.5225,50.0,82.005,25.0,650.45,50.0,0.0,0.0,0.1243,1000.0,0.0,20.7323,0.0,100.0,186351.0,0.4632,20.0,0.0,0.0,45.396,0.5,186351.0,0.0,0.3793,590.0375,0.1244,0.1314,2.6,210.62,0.0,487.82,0.0,523.62,357.959,0.0,2.6003,75.625,183.95,9.9889,26.49,100.0,520.0,85.2,61.2,5999.7334,0.7,26.91,85.305,0.0,15.7189,24.9975,100.0,0.0,0.037,0.0,83.5125,600.0,66.2239,590.0375,523.62,100.0,186300.0,343.05,10.9088,100.0,9.9889,9.9998,0.0,0.0,0.0,100.0,661.85,15.1318,20.7326,0.0,0.275,9.605,15.1366,0.0,0.0,33.165,0.0,0.0,0.037,686.12,100.0,1772.46,516.35,25.99,0.0,38.0,4.4969,0.0,76.7785,4.58,82.26,710.0,19.4543,74.4245,0.0,0.15,0.3151,590.0,12.9265,673.4,0.0,0.037,0.1495,2.6,183.95,74.4245,0.1495,5000.3247,516.35,516.35,680.0,516.34
57.6,210.64,0.0,210.64,4.4,75.6298,710.08,24.9975,173.799,523.62,44.2993,0.0,110.0,273.7,186351.0,488.835,88.0,0.0,0.0,343.05,0.0,0.0,9.9998,0.0,96.08,0.0,50.0,180.0,11.1148,0.0,0.0,75.6298,680.0,44.2846,0.0,100.0,0.0,3000.0,590.0375,33.165,183.95,100.0,183.95,485.865,45.396,25.48,183.95,100.0,0.0,0.0,0.0,0.0,9.1108,24.9975,100.0,1772.46,0.0,516.375,-1.0,0.0,0.0,60.0,50000.0,25.04,0.0,0.0,45.396,183.95,0.0,486.855,0.4632,0.0,5000.0,12.9265,600.06,0.1287,0.0,100.0,544.56,516.35,49.92,0.0,0.0,15.1357,5000.04,0.0,590.0375,681.75,0.0,210.64,0.037,100.0,15.1357,94.36,100.0,994.05,0.2096,100.0,15.7189,3.35,100.0,15.1357,0.0,186351.0,15.1357,516.375,100.0,0.0,680.0,250.0,24.9975,0.0,4.58,680.0,0.0,0.0,0.037,686.1125,0.1495,100.0,0.0,0.3793,0.0,10.9088,0.0,100.0,173.796,0.0,1000.2,999.9,0.0,0.294,84.66,686.1,72.5786,0.0,670.1,0.0,710.08,1772.46,523.62,50.0,0.3151,0.2438,1000.2,0.7,186351.0,543.56,44.2846,676.65,679.95,0.0,0.0,0.0,0.181,0.681,0.0,0.0,0.037,180.0,0.0,0.0,12.342,2.6,26.555,0.1287,1000.0,1.0,66.2238,570.95,50.0,145.552,5000.0,0.0,100.0,0.1983,600.06,28.094,0.0,3000.0,24.9975,25.1485,680.0,183.95,9.9998,0.0,0.0,0.0,3000.0,286.92,96.08,72.5786,0.0,2.6003,0.0,0.3793,11.1148,20.7318,15.1318,343.05,0.2998,516.375,19.4536,0.5,0.0,0.0,0.0,2.6,0.0,250.0,100.0,33.0,0.0,50.0,0.0,5000.04,2200.0,686.1,28.094,26.91,1.76,355.75,355.75,57.525,5000.3247,180.0,1.0007,0.0,0.1287,86.2,0.0,0.0,0.0,50.0,0.0,76.7785,0.0,0.0,0.1314,0.0,24.9975,0.037,661.85,15.1357,251.8,0.0,4.58,148.5225,50.0,81.9675,25.0,650.45,50.0,0.0,0.0,0.1243,1000.0,0.0,20.7318,0.0,100.0,186351.0,0.4632,20.0,0.0,0.0,45.42,0.5,186351.0,0.0,0.3793,590.0375,0.1243,0.1314,2.6,210.64,0.0,487.85,0.0,523.62,358.0623,0.0,2.6003,75.625,183.95,9.9888,26.49,100.0,520.0,85.2375,61.2,5999.7334,0.7,26.91,85.2525,0.0,15.7189,24.9975,100.0,0.0,0.037,0.0,83.4975,600.0,66.2238,590.0375,523.62,100.0,186300.0,343.05,10.9088,100.0,9.9888,9.9998,0.0,0.0,0.0,100.0,661.85,15.1357,20.7321,0.0,0.275,9.605,15.1318,0.0,0.0,33.165,0.0,0.0,0.037,686.12,100.0,1772.46,516.35,25.99,0.0,38.0,4.3094,0.0,76.7785,4.58,82.2825,710.0,19.4536,74.4451,0.0,0.15,0.3151,590.0,12.9265,673.4,0.0,0.037,0.1495,2.6,183.95,74.4451,0.1495,5000.3247,516.35,516.35,680.0,516.375
57.5625,210.64,0.0,210.64,4.397,75.6298,710.08,24.9975,173.7585,523.65,44.2846,0.0,110.0,273.7,186340.0,488.835,88.0,0.0,0.0,343.05,0.0,0.0,9.9998,0.0,96.08,0.0,50.0,180.0,11.1146,0.0,0.0,75.6298,680.0,44.27,0.0,100.0,0.0,3000.0,590.0375,33.165,183.95,100.0,183.95,485.91,45.42,25.48,183.95,100.0,0.0,0.0,0.0,0.0,9.1108,24.9975,100.0,1772.46,0.0,516.375,-1.0,0.0,0.0,60.0,50000.0,25.04,0.0,0.0,45.42,183.95,0.0,486.855,0.4632,0.0,5000.0,12.9265,600.06,0.1287,0.0,100.0,544.56,516.4,49.92,0.0,0.0,15.1313,5000.04,0.0,590.0375,681.75,0.0,210.64,0.037,100.0,15.1313,94.36,100.0,994.05,0.2095,100.0,15.7189,3.35,100.0,15.1313,0.0,186340.0,15.1313,516.375,100.0,0.0,680.0,250.0,24.9975,0.0,4.58,680.0,0.0,0.0,0.037,686.1125,0.1495,100.0,0.0,0.3793,0.0,10.9089,0.0,100.0,173.768,0.0,1000.2,999.9,0.0,0.294,84.615,686.1,72.5785,0.0,670.1,0.0,710.08,1772.46,523.65,50.0,0.3151,0.2438,1000.2,0.7,186340.0,543.56,44.27,676.65,679.95,0.0,0.0,0.0,0.1809,0.681,0.0,0.0,0.037,180.0,0.0,0.0,12.341,2.6,26.555,0.1287,1000.0,1.0,66.2237,571.25,50.0,145.552,5000.0,0.0,100.0,0.1983,600.06,28.094,0.0,3000.0,24.9975,25.1705,680.0,183.95,9.9998,0.0,0.0,0.0,3000.0,286.6725,96.08,72.5785,0.0,2.6003,0.0,0.3793,11.1146,20.7312,15.1357,343.05,0.2999,516.375,19.4533,0.5,0.0,0.0,0.0,2.6,0.0,250.0,100.0,33.0,0.0,50.0,0.0,5000.04,2200.0,686.1,28.094,26.91,1.76,355.75,355.75,57.525,5000.3247,180.0,1.0007,0.0,0.1287,86.2,0.0,0.0,0.0,50.0,0.0,76.7785,0.0,0.0,0.1314,0.0,24.9975,0.037,661.85,15.1313,251.8,0.0,4.58,148.5225,50.0,81.93,25.0,650.45,50.0,0.0,0.0,0.1243,1000.0,0.0,20.7312,0.0,100.0,186351.0,0.4632,20.0,0.0,0.0,45.45,0.5,186351.0,0.0,0.3793,590.0375,0.1243,0.1314,2.6,210.64,0.0,487.85,0.0,523.62,357.8557,0.0,2.6003,75.625,183.95,9.9887,26.49,100.0,520.0,85.2,61.2,5999.7334,0.7,26.91,85.2975,0.0,15.7189,24.9975,100.0,0.0,0.037,0.0,83.4525,600.0,66.2237,590.0375,523.65,100.0,186300.0,343.05,10.9089,100.0,9.9887,9.9998,0.0,0.0,0.0,100.0,661.85,15.1313,20.7315,0.0,0.275,9.604,15.1357,0.0,0.0,33.165,0.0,0.0,0.037,686.12,100.0,1772.46,516.38,25.99,0.0,38.0,4.2109,0.0,76.7785,4.58,82.3275,710.0,19.4533,74.4658,0.0,0.15,0.3151,590.0,12.9265,673.4,0.0,0.037,0.1495,2.6,183.95,74.4658,0.1495,5000.3247,516.4,516.38,680.0,516.375
57.6,210.64,0.0,210.64,4.39,75.6298,710.08,24.9975,173.7585,523.65,44.27,0.0,110.0,273.7,186340.0,488.88,88.0,0.0,0.0,343.05,0.0,0.0,9.9998,0.0,96.08,0.0,50.0,180.0,11.1169,0.0,0.0,75.6298,680.0,44.2516,0.0,100.0,0.0,3000.0,590.0375,33.16,183.95,100.0,183.95,485.91,45.45,25.48,183.95,100.0,0.0,0.0,0.0,0.0,9.1108,24.9975,100.0,1772.46,0.0,516.41,-1.0,0.0,0.0,60.0,50000.0,25.04,0.0,0.0,45.45,183.95,0.0,486.9,0.4632,0.0,5000.0,12.9265,600.06,0.1287,0.0,100.0,544.56,516.4,49.92,0.0,0.0,15.1354,5000.04,0.0,590.0375,681.75,0.0,210.64,0.037,100.0,15.1354,94.36,100.0,994.5,0.2095,100.0,15.7189,3.35,100.0,15.1354,0.0,186340.0,15.1354,516.41,100.0,0.0,680.0,250.0,24.9975,0.0,4.5825,680.0,0.0,0.0,0.037,686.1125,0.1496,100.0,0.0,0.3794,0.0,10.9089,0.0,100.0,173.768,0.0,1000.2,999.9,0.0,0.294,84.6,686.1,72.5783,0.0,670.1,0.0,710.08,1772.46,523.65,50.0,0.3151,0.2438,1000.2,0.7,186340.0,543.56,44.2516,676.65,679.95,0.0,0.0,0.0,0.1808,0.681,0.0,0.0,0.037,180.0,0.0,0.0,12.341,2.6,26.555,0.1287,1000.0,1.0,66.2236,570.8,50.0,145.552,5000.0,0.0,100.0,0.1983,600.06,28.094,0.0,3000.0,24.9975,25.1925,680.0,183.95,9.9998,0.0,0.0,0.0,3000.0,286.335,96.08,72.5783,0.0,2.6003,0.0,0.3793,11.1169,20.7306,15.1313,343.05,0.2999,516.41,19.4531,0.5,0.0,0.0,0.0,2.6002,0.0,250.0,100.0,33.0,0.0,50.0,0.0,5000.04,2200.0,686.1,28.094,26.91,1.76,355.75,355.75,57.5625,4998.4248,180.0,1.0009,0.0,0.1287,86.675,0.0,0.0,0.0,50.0,0.0,76.7778,0.0,0.0,0.1314,0.0,24.9975,0.037,661.85,15.1354,251.8,0.0,4.5825,148.5225,50.0,81.9225,25.0,650.45,50.0,0.0,0.0,0.1243,1000.0,0.0,20.7306,0.0,100.0,186340.0,0.4632,20.0,0.0,0.0,45.48,0.5,186340.0,0.0,0.3793,590.0375,0.1243,0.1314,2.6002,210.64,0.0,487.88,0.0,523.65,357.8212,0.0,2.6003,75.625,183.95,9.9887,26.49,100.0,520.0,85.1475,61.2,5999.7334,0.7,26.91,85.2675,0.0,15.7189,24.9975,100.0,0.0,0.037,0.0,83.4525,600.0,66.2236,590.0375,523.65,100.0,186300.0,343.05,10.9089,100.0,9.9887,9.9998,0.0,0.0,0.0,100.0,661.85,15.1354,20.7309,0.0,0.275,9.603,15.1313,0.0,0.0,33.165,0.0,0.0,0.037,686.12,100.0,1772.46,516.41,25.99,0.0,38.0,4.7391,0.0,76.7778,4.5825,82.32,710.0,19.4531,74.4864,0.0,0.15,0.3151,590.0,12.9265,673.4,0.0,0.037,0.1496,2.6,183.95,74.4864,0.1496,4998.4248,516.4,516.41,680.0,516.41
57.6,210.66,0.0,210.66,4.381,75.6298,710.08,24.9975,173.7315,523.65,44.2516,0.0,110.0,273.7,186329.0,488.925,88.0,0.0,0.0,343.08,0.0,0.0,9.9998,0.0,96.08,0.0,50.0,180.0,11.1177,0.0,0.0,75.6298,680.0,44.2369,0.0,100.0,0.0,3000.0,590.0375,33.16,183.95,100.0,183.95,485.955,45.48,25.48,183.95,100.0,0.0,0.0,0.0,0.0,9.1108,24.9975,100.0,1772.46,0.0,516.48,-1.0,0.0,0.0,60.0,50000.0,25.04,0.0,0.0,45.48,183.95,0.0,486.945,0.4632,0.0,5000.0,12.9265,600.06,0.1287,0.0,100.0,544.6,516.45,49.92,0.0,0.0,15.1313,5000.04,0.0,590.0375,681.75,0.0,210.66,0.037,100.0,15.1313,94.36,100.0,994.5,0.2095,100.0,15.7189,3.3,100.0,15.1313,0.0,186329.0,15.1313,516.48,100.0,0.0,680.0,250.0,24.9975,0.0,4.5825,680.0,0.0,0.0,0.037,686.1125,0.1496,100.0,0.0,0.3794,0.0,10.909,0.0,100.0,173.726,0.0,1000.2,999.9,0.0,0.294,84.615,686.1,72.5782,0.0,670.15,0.0,710.08,1772.46,523.65,50.0,0.3151,0.2438,1000.2,0.7,186329.0,543.6,44.2369,676.7,679.95,0.0,0.0,0.0,0.1807,0.681,0.0,0.0,0.037,180.0,0.0,0.0,12.341,2.6,26.555,0.1287,1000.0,1.0,66.2236,571.35,50.0,145.552,5000.0,0.0,100.0,0.1982,600.06,28.0939,0.0,3000.0,24.9975,25.242,680.0,183.95,9.9998,0.0,0.0,0.0,3000.0,286.605,96.08,72.5782,0.0,2.6003,0.0,0.3794,11.1177,20.7301,15.1354,343.05,0.2999,516.48,19.4528,0.5,0.0,0.0,0.0,2.6002,0.0,250.0,100.0,33.0,0.0,50.0,0.0,5000.04,2200.0,686.1,28.0939,26.91,1.76,355.75,355.75,57.6375,4998.4248,180.0,1.0011,0.0,0.1287,86.075,0.0,0.0,0.0,50.0,0.0,76.7775,0.0,0.0,0.1313,0.0,24.9975,0.037,661.85,15.1313,251.8,0.0,4.5825,148.5225,50.0,81.9975,25.0,650.45,50.0,0.0,0.0,0.1243,1000.0,0.0,20.7301,0.0,100.0,186340.0,0.4632,20.0,0.0,0.0,45.54,0.5,186340.0,0.0,0.3794,590.0375,0.1243,0.1313,2.6002,210.66,0.0,487.94,0.0,523.65,357.9245,0.0,2.6003,75.625,183.95,9.9886,26.49,100.0,520.0,85.125,61.2,5999.7334,0.7,26.91,85.2975,0.0,15.7189,24.9975,100.0,0.0,0.037,0.0,83.505,600.0,66.2236,590.0375,523.65,100.0,186300.0,343.05,10.909,100.0,9.9886,9.9998,0.0,0.0,0.0,100.0,661.85,15.1313,20.7304,0.0,0.275,9.601,15.1354,0.0,0.0,33.16,0.0,0.0,0.037,686.12,100.0,1772.46,516.47,25.99,0.0,38.0,4.4953,0.0,76.7775,4.5825,82.2675,710.0,19.4528,74.4564,0.0,0.15,0.3151,590.0,12.9265,673.4,0.0,0.037,0.1496,2.6,183.95,74.4564,0.1496,4998.4248,516.45,516.47,680.0,516.48
57.6,210.66,0.0,210.66,4.379,75.6298,710.16,24.9975,173.7315,523.68,44.2369,0.0,110.0,273.7,186329.0,488.925,88.0,0.0,0.0,343.08,0.0,0.0,9.9998,0.0,96.08,0.0,50.0,180.0,11.1161,0.0,0.0,75.6298,680.05,44.2221,0.0,100.0,0.0,3000.0,590.0375,33.16,183.95,100.0,183.95,486.0,45.54,25.48,183.95,100.0,0.0,0.0,0.0,0.0,9.1108,24.9975,100.0,1772.46,0.0,516.48,-1.0,0.0,0.0,60.0,50000.0,25.04,0.0,0.0,45.54,183.95,0.0,486.99,0.4632,0.0,5000.0,12.9265,600.06,0.1287,0.0,100.0,544.6,516.5,49.92,0.0,0.0,15.1271,5000.04,0.0,590.0375,681.8,0.0,210.66,0.037,100.0,15.1271,94.36,100.0,994.5,0.2094,100.0,15.7189,3.35,100.0,15.1271,0.0,186329.0,15.1271,516.48,100.0,0.0,680.05,250.0,24.9975,0.0,4.5825,680.0,0.0,0.0,0.037,686.1125,0.1496,100.0,0.0,0.3794,0.0,10.909,0.0,100.0,173.726,0.0,1000.2,999.9,0.0,0.294,84.5625,686.1,72.5775,0.0,670.15,0.0,710.16,1772.46,523.68,50.0,0.3151,0.2438,1000.2,0.7,186329.0,543.6,44.2221,676.7,679.95,0.0,0.0,0.0,0.1807,0.681,0.0,0.0,0.037,180.0,0.0,0.0,12.342,2.6,26.555,0.1286,1000.0,1.0,66.2235,570.55,50.0,145.552,5000.0,0.0,100.0,0.1982,600.06,28.0939,0.0,3000.0,24.9975,25.264,680.05,183.95,9.9998,0.0,0.0,0.0,3000.0,286.335,96.08,72.5775,0.0,2.6003,0.0,0.3794,11.1161,20.7295,15.1313,343.08,0.2999,516.48,19.4526,0.5,0.0,0.0,0.0,2.6002,0.0,250.0,100.0,33.0,0.0,50.0,0.0,5000.04,2200.0,686.1,28.0939,26.91,1.76,355.75,355.75,57.5625,5000.3247,180.0,1.0011,0.0,0.1286,86.3,0.0,0.0,0.0,50.0,0.0,76.7773,0.0,0.0,0.1313,0.0,24.9975,0.037,661.85,15.1271,251.825,0.0,4.5825,148.5225,50.0,82.0125,25.0,650.45,50.0,0.0,0.0,0.1243,1000.0,0.0,20.7295,0.0,100.0,186329.0,0.4632,20.0,0.0,0.0,45.57,0.5,186329.0,0.0,0.3794,590.0375,0.1243,0.1313,2.6002,210.66,0.0,487.97,0.0,523.65,357.8901,0.0,2.6003,75.625,183.95,9.9885,26.49,100.0,520.0,85.125,61.2,5999.7334,0.7,26.91,85.2975,0.0,15.7189,24.9975,100.0,0.0,0.037,0.0,83.5275,600.0,66.2235,590.0375,523.68,100.0,186300.0,343.08,10.909,100.0,9.9885,9.9998,0.0,0.0,0.0,100.0,661.85,15.1271,20.7298,0.0,0.275,9.6,15.1313,0.0,0.0,33.16,0.0,0.0,0.037,686.12,100.0,1772.46,516.5,25.99,0.0,38.0,4.425,0.0,76.7773,4.5825,82.26,710.0,19.4526,74.4764,0.0,0.15,0.3151,590.0,12.9265,673.4,0.0,0.037,0.1496,2.6,183.95,74.4764,0.1496,5000.3247,516.5,516.5,680.0,516.48
57.5625,210.68,0.0,210.68,4.379,75.6283,710.16,24.9975,173.7315,523.68,44.2221,0.0,110.0,273.7,186329.0,488.97,88.0,0.0,0.0,343.08,0.0,0.0,9.9998,0.0,96.08,0.0,50.0,180.0,11.1159,0.0,0.0,75.6283,680.05,44.2036,0.0,100.0,0.0,3000.0,590.0375,33.16,183.95,100.0,183.95,486.0,45.57,25.48,183.95,100.0,0.0,0.0,0.0,0.0,9.1113,24.9975,100.0,1772.46,0.0,516.515,-1.0,0.0,0.0,60.0,50000.0,25.04,0.0,0.0,45.57,183.95,0.0,486.99,0.4632,0.0,5000.0,12.9372,600.06,0.1286,0.0,100.0,544.6,516.5,49.92,0.0,0.0,15.1229,5000.04,0.0,590.0375,681.8,0.0,210.68,0.037,100.0,15.1229,94.36,100.0,994.5,0.2094,100.0,15.7189,3.35,100.0,15.1229,0.0,186329.0,15.1229,516.515,100.0,0.0,680.05,250.0,24.9975,0.0,4.5825,680.05,0.0,0.0,0.037,686.15,0.1496,100.0,0.0,0.3794,0.0,10.9091,0.0,100.0,173.726,0.0,1000.8,999.9,0.0,0.294,84.5325,686.15,72.5772,0.0,670.15,0.0,710.16,1772.46,523.68,50.0,0.3151,0.2438,1000.8,0.7,186329.0,543.6,44.2036,676.7,679.95,0.0,0.0,0.0,0.1807,0.681,0.0,0.0,0.037,180.0125,0.0,0.0,12.344,2.6,26.555,0.1286,1000.0,1.0,66.2234,570.65,50.0,145.552,5000.0,0.0,100.0,0.1982,600.06,28.0939,0.0,3000.0,24.9975,25.2805,680.05,183.95,9.9998,0.0,0.0,0.0,3000.0,286.695,96.08,72.5772,0.0,2.6003,0.0,0.3794,11.1159,20.7289,15.1271,343.08,0.2999,516.515,19.4523,0.5,0.0,0.0,0.0,2.6002,0.0,250.0,100.0,33.0,0.0,50.0,0.0,5000.04,2200.0,686.15,28.0939,26.91,1.76,355.75,355.75,57.525,5000.3247,180.0125,1.0013,0.0,0.1286,86.0,0.0,0.0,0.0,50.0,0.0,76.777,0.0,0.0,0.1313,0.0,24.9975,0.037,661.9,15.1229,251.825,0.0,4.5825,148.5225,50.0,81.9975,25.0,650.45,50.0,0.0,0.0,0.1243,1000.0,0.0,20.7289,0.0,100.0,186329.0,0.4632,20.0,0.0,0.0,45.6,0.5,186329.0,0.0,0.3794,590.0375,0.1243,0.1313,2.6002,210.68,0.0,488.0,0.0,523.68,357.8212,0.0,2.6003,75.625,183.95,9.9877,26.49,100.0,520.0,85.1325,61.2,5999.7334,0.7,26.91,85.3425,0.0,15.7189,24.9975,100.0,0.0,0.037,0.0,83.49,600.0,66.2234,590.0375,523.68,100.0,186300.0,343.08,10.9091,100.0,9.9877,9.9998,0.0,0.0,0.0,100.0,661.9,15.1229,20.7292,0.0,0.275,9.599,15.1271,0.0,0.0,33.16,0.0,0.0,0.037,686.12,100.0,1772.46,516.53,25.99,0.0,38.0,4.4094,0.0,76.777,4.5825,82.2975,710.0,19.4523,74.4964,0.0,0.15,0.3151,590.0,12.9372,673.4,0.0,0.037,0.1496,2.6,183.95,74.4964,0.1496,5000.3247,516.5,516.53,680.0,516.515
57.5625,210.68,0.0,210.68,4.379,75.6278,710.16,24.9975,173.691,523.68,44.2036,0.0,110.0,273.7,186329.0,488.97,88.0,0.0,0.0,343.08,0.0,0.0,9.9998,0.0,96.08,0.0,50.0,180.0,11.1157,0.0,0.0,75.6278,680.05,44.1888,0.0,100.0,0.0,3000.0,590.0375,33.155,183.95,100.0,183.95,486.045,45.6,25.48,183.95,100.0,0.0,0.0,0.0,0.0,9.1113,24.9975,100.0,1772.46,0.0,516.55,-1.0,0.0,0.0,60.0,50000.0,25.04,0.0,0.0,45.6,183.95,0.0,487.035,0.4632,0.0,5000.0,12.9379,600.06,0.1286,0.0,100.0,544.64,516.55,49.92,0.0,0.0,15.1274,5000.04,0.0,590.0375,681.8,0.0,210.68,0.037,100.0,15.1274,94.36,100.0,994.5,0.2094,100.0,15.7189,3.35,100.0,15.1274,0.0,186329.0,15.1274,516.55,100.0,0.0,680.05,250.0,24.9975,0.0,4.5825,680.05,0.0,0.0,0.037,686.15,0.1496,100.0,0.0,0.3794,0.0,10.9091,0.0,100.0,173.684,0.0,1000.8,999.9,0.0,0.294,84.585,686.15,72.577,0.0,670.15,0.0,710.16,1772.46,523.68,50.0,0.3151,0.2438,1000.8,0.7,186329.0,543.64,44.1888,676.7,679.95,0.0,0.0,0.0,0.1807,0.681,0.0,0.0,0.037,180.0125,0.0,0.0,12.344,2.6,26.555,0.1286,1000.0,1.0,66.2233,570.6,50.0,145.552,5000.0,0.0,100.0,0.1982,600.12,28.0939,0.0,3000.0,24.9975,25.297,680.05,183.95,9.9998,0.0,0.0,0.0,3000.0,287.01,96.08,72.577,0.0,2.6003,0.0,0.3794,11.1157,20.7284,15.1229,343.08,0.2999,516.55,19.4521,0.5,0.0,0.0,0.0,2.6002,0.0,250.0,100.0,33.0,0.0,50.0,0.0,5000.04,2200.0,686.15,28.0939,26.91,1.76,355.75,355.75,57.5625,5000.3247,180.0125,1.0014,0.0,0.1286,86.525,0.0,0.0,0.0,50.0,0.0,76.7768,0.0,0.0,0.1313,0.0,24.9975,0.037,661.9,15.1274,251.825,0.0,4.5825,148.5225,50.0,81.9825,25.0,650.45,50.0,0.0,0.0,0.1242,1000.0,0.0,20.7284,0.0,100.0,186329.0,0.4632,20.0,0.0,0.0,45.636,0.5,186329.0,0.0,0.3794,590.0375,0.1242,0.1313,2.6002,210.68,0.0,488.0,0.0,523.68,357.5801,0.0,2.6003,75.625,183.95,9.9873,26.49,100.0,520.0,85.1175,61.2,5999.7334,0.7,26.91,85.335,0.0,15.7189,24.9975,100.0,0.0,0.037,0.0,83.46,600.0,66.2233,590.0375,523.68,100.0,186300.0,343.08,10.9091,100.0,9.9873,9.9998,0.0,0.0,0.0,100.0,661.9,15.1274,20.7286,0.0,0.275,9.598,15.1229,0.0,0.0,33.16,0.0,0.0,0.037,686.12,100.0,1772.46,516.56,25.99,0.0,38.0,3.8875,0.0,76.7768,4.5825,82.29,710.0,19.4521,74.5164,0.0,0.15,0.3151,590.0,12.9379,673.4,0.0,0.037,0.1496,2.6,183.95,74.5164,0.1496,5000.3247,516.55,516.56,680.0,516.55
57.5625,210.68,0.0,210.68,4.379,75.6273,710.16,24.9975,173.691,523.68,44.1888,0.0,110.0,273.7,186329.0,488.97,88.0,0.0,0.0,343.08,0.0,0.0,9.9998,0.0,96.08,0.0,50.0,180.0,11.1156,0.0,0.0,75.6273,680.05,44.1739,0.0,100.0,0.0,3000.0,590.0375,33.155,183.95,100.0,183.95,486.045,45.636,25.48,183.95,100.0,0.0,0.0,0.0,0.0,9.1113,24.9975,100.0,1772.46,0.0,516.55,-1.0,0.0,0.0,60.0,50000.0,25.04,0.0,0.0,45.636,183.95,0.0,487.035,0.4632,0.0,5000.0,12.9385,600.12,0.1286,0.0,100.0,544.64,516.55,49.92,0.0,0.0,15.1235,5000.04,0.0,590.0375,681.8,0.0,210.68,0.037,100.0,15.1235,94.36,100.0,994.5,0.2094,100.0,15.7189,3.35,100.0,15.1235,0.0,186329.0,15.1235,516.55,100.0,0.0,680.05,250.0,24.9975,0.0,4.5825,680.05,0.0,0.0,0.037,686.15,0.1496,100.0,0.0,0.3794,0.0,10.9092,0.0,100.0,173.684,0.0,1000.8,999.9,0.0,0.294,84.585,686.15,72.5767,0.0,670.15,0.0,710.16,1772.46,523.68,50.0,0.3151,0.2438,1000.8,0.7,186329.0,543.64,44.1739,676.7,679.95,0.0,0.0,0.0,0.1807,0.681,0.0,0.0,0.037,180.0125,0.0,0.0,12.344,2.6,26.555,0.1286,1000.0,1.0,66.2232,570.6,50.0,145.552,5000.0,0.0,100.0,0.1982,600.12,28.0939,0.0,3000.0,24.9975,25.297,680.05,183.95,9.9998,0.0,0.0,0.0,3000.0,287.01,96.08,72.5767,0.0,2.6003,0.0,0.3794,11.1156,20.7278,15.1274,343.08,0.2999,516.55,19.4511,0.5,0.0,0.0,0.0,2.6002,0.0,250.0,100.0,33.0,0.0,50.0,0.0,5000.04,2200.0,686.15,28.0939,26.91,1.76,355.75,355.75,57.5625,5000.3247,180.0125,1.0014,0.0,0.1286,86.525,0.0,0.0,0.0,50.0,0.0,76.7765,0.0,0.0,0.1313,0.0,24.9975,0.037,661.9,15.1235,251.825,0.0,4.5825,148.5225,50.0,81.9825,25.0,650.45,50.0,0.0,0.0,0.1242,1000.0,0.0,20.7278,0.0,100.0,186329.0,0.4632,20.0,0.0,0.0,45.636,0.5,186329.0,0.0,0.3794,590.0375,0.1242,0.1313,2.6002,210.68,0.0,488.0,0.0,523.68,357.5801,0.0,2.6003,75.625,183.95,9.987,26.49,100.0,520.0,85.1175,61.2,5999.7334,0.7,26.91,85.335,0.0,15.7189,24.9975,100.0,0.0,0.037,0.0,83.46,600.0,66.2232,590.0375,523.68,100.0,186300.0,343.08,10.9092,100.0,9.987,9.9998,0.0,0.0,0.0,100.0,661.9,15.1235,20.7281,0.0,0.275,9.598,15.1274,0.0,0.0,33.155,0.0,0.0,0.037,686.12,100.0,1772.46,516.56,25.99,0.0,38.0,4.6484,0.0,76.7765,4.5825,82.29,710.0,19.4511,74.4857,0.0,0.15,0.3151,590.0,12.9385,673.4,0.0,0.037,0.1496,2.6,183.95,74.4857,0.1496,5000.3247,516.55,516.56,680.0,516.55
57.525,210.7,0.0,210.7,4.38,75.6268,710.16,24.9975,173.664,523.71,44.1739,0.0,110.0,273.7,186329.0,489.06,88.0,0.0,0.0,343.08,0.0,0.0,9.9998,0.0,96.08,0.0,50.0,180.0,11.1154,0.0,0.0,75.6268,680.05,44.1553,0.0,100.0,0.0,3000.0,590.07,33.155,183.95,100.0,183.95,486.09,45.666,25.48,183.95,100.0,0.0,0.0,0.0,0.0,9.1113,24.9975,100.0,1772.64,0.0,516.585,-1.0,0.0,0.0,60.0,50000.0,25.04,0.0,0.0,45.666,183.95,0.0,487.08,0.4632,0.0,5000.0,12.9392,600.12,0.1286,0.0,100.0,544.64,516.6,49.92,0.0,0.0,15.1196,5000.04,0.0,590.07,681.8,0.0,210.7,0.037,100.0,15.1196,94.36,100.0,994.5,0.2094,100.0,15.7189,3.35,100.0,15.1196,0.0,186329.0,15.1196,516.585,100.0,0.0,680.05,250.0,24.9975,0.0,4.585,680.05,0.0,0.0,0.037,686.15,0.1496,100.0,0.0,0.3794,0.0,10.9092,0.0,100.0,173.67,0.0,1000.8,999.9,0.0,0.294,84.6375,686.15,72.5765,0.0,670.15,0.0,710.16,1772.64,523.71,50.0,0.3151,0.2438,1000.8,0.7,186329.0,543.64,44.1553,676.7,679.95,0.0,0.0,0.0,0.1807,0.681,0.0,0.0,0.037,180.0125,0.0,0.0,12.343,2.6,26.555,0.1286,1000.0,1.0,66.2224,570.95,50.0,145.563,5000.0,0.0,100.0,0.1981,600.12,28.0939,0.0,3000.0,24.9975,25.3465,680.05,183.95,9.9998,0.0,0.0,0.0,3000.0,287.235,96.08,72.5765,0.0,2.601,0.0,0.3794,11.1154,20.7119,15.1235,343.08,0.2999,516.585,19.4506,0.5,0.0,0.0,0.0,2.6004,0.0,250.0,100.0,33.0,0.0,50.0,0.0,5000.04,2200.0,686.15,28.0939,26.91,1.76,355.8,355.8,57.5625,5000.3247,180.0125,1.0016,0.0,0.1286,86.65,0.0,0.0,0.0,50.0,0.0,76.7755,0.0,0.0,0.1312,0.0,24.9975,0.037,661.9,15.1196,251.825,0.0,4.585,148.5338,50.0,82.005,25.0,650.45,50.0,0.0,0.0,0.1242,1000.0,0.0,20.7119,0.0,100.0,186329.0,0.4632,20.0,0.0,0.0,45.702,0.5,186329.0,0.0,0.3794,590.07,0.1242,0.1313,2.6004,210.7,0.0,488.06,0.0,523.71,357.649,0.0,2.601,75.625,183.95,9.9867,26.49,100.0,520.0,85.0875,61.2,5999.7334,0.7,26.91,85.3575,0.0,15.7189,24.9975,100.0,0.0,0.037,0.0,83.4225,600.0,66.2224,590.07,523.71,100.0,186300.0,343.08,10.9092,100.0,9.9867,9.9998,0.0,0.0,0.0,100.0,661.9,15.1196,20.7125,0.0,0.275,9.596,15.1235,0.0,0.0,33.155,0.0,0.0,0.037,686.16,100.0,1772.64,516.59,25.99,0.0,38.0,4.1234,0.0,76.7755,4.585,82.305,710.0,19.4506,74.5051,0.0,0.15,0.3151,590.0,12.9392,673.4,0.0,0.037,0.1496,2.6,183.95,74.5051,0.1496,5000.3247,516.6,516.59,680.0,516.585
57.5625,210.7,0.0,210.7,4.38,75.6263,710.16,24.9975,173.6505,523.74,44.1553,0.0,110.0,273.7,186318.0,489.06,88.0,0.0,0.0,343.08,0.0,0.0,9.9998,0.0,96.08,0.0,50.0,180.0,11.1152,0.0,0.0,75.6263,680.05,44.1403,0.0,100.0,0.0,3000.0,590.07,33.155,183.95,100.0,183.95,486.135,45.702,25.48,183.95,100.0,0.0,0.0,0.0,0.0,9.1113,24.9975,100.0,1772.64,0.0,516.62,-1.0,0.0,0.0,60.0,50000.0,25.04,0.0,0.0,45.702,183.95,0.0,487.08,0.4632,0.0,5000.0,12.9399,600.12,0.1286,0.0,100.0,544.64,516.6,49.92,0.0,0.0,15.1157,5000.04,0.0,590.07,681.8,0.0,210.7,0.037,100.0,15.1157,94.36,100.0,994.5,0.2093,100.0,15.7189,3.35,100.0,15.1157,0.0,186318.0,15.1157,516.62,100.0,0.0,680.05,250.0,24.9975,0.0,4.585,680.05,0.0,0.0,0.037,686.15,0.1496,100.0,0.0,0.3794,0.0,10.9093,0.0,100.0,173.642,0.0,1000.8,999.9,0.0,0.294,84.675,686.15,72.5762,0.0,670.15,0.0,710.16,1772.64,523.74,50.0,0.3151,0.2438,1000.8,0.7,186318.0,543.68,44.1403,676.7,679.95,0.0,0.0,0.0,0.1807,0.681,0.0,0.0,0.037,180.0125,0.0,0.0,12.342,2.6,26.555,0.1286,1000.0,1.0,66.2221,570.8,50.0,145.563,5000.0,0.0,100.0,0.1981,600.12,28.0939,0.0,3000.0,24.9975,25.374,680.05,183.95,9.9998,0.0,0.0,0.0,3000.0,286.8525,96.08,72.5762,0.0,2.601,0.0,0.3794,11.1152,20.7109,15.1196,343.08,0.2999,516.62,19.4501,0.5,0.0,0.0,0.0,2.6004,0.0,250.0,100.0,33.0,0.0,50.0,0.0,5000.04,2200.0,686.15,28.0939,26.91,1.76,355.8,355.8,57.525,5000.3247,180.0125,1.0016,0.0,0.1286,86.325,0.0,0.0,0.0,50.0,0.0,76.775,0.0,0.0,0.1312,0.0,24.9975,0.037,661.9,15.1157,251.85,0.0,4.585,148.5338,50.0,82.0125,25.0,650.45,50.0,0.0,0.0,0.1242,1000.0,0.0,20.7109,0.0,100.0,186329.0,0.4632,20.0,0.0,0.0,45.732,0.5,186329.0,0.0,0.3794,590.07,0.1242,0.1312,2.6004,210.7,0.0,488.09,0.0,523.71,358.2,0.0,2.601,75.625,183.95,9.9863,26.49,100.0,520.0,85.05,61.2,5999.7334,0.7,26.91,85.3725,0.0,15.7189,24.9975,100.0,0.0,0.037,0.0,83.4225,600.0,66.2221,590.07,523.74,100.0,186300.0,343.08,10.9093,100.0,9.9863,9.9998,0.0,0.0,0.0,100.0,661.9,15.1157,20.7114,0.0,0.275,9.595,15.1196,0.0,0.0,33.155,0.0,0.0,0.037,686.16,100.0,1772.64,516.62,25.99,0.0,38.0,4.5219,0.0,76.775,4.585,82.2675,710.0,19.4501,74.5245,0.0,0.15,0.3151,590.0,12.9399,673.4,0.0,0.037,0.1496,2.6,183.95,74.5245,0.1496,5000.3247,516.6,516.62,680.0,516.62
57.525,210.72,0.0,210.72,4.38,75.6258,710.16,24.9975,173.6505,523.74,44.1403,0.0,110.0,273.75,186318.0,489.105,88.0,0.0,0.0,343.08,0.0,0.0,9.9998,0.0,96.08,0.0,50.0,180.0,11.115,0.0,0.0,75.6258,680.05,44.1215,0.0,100.0,0.0,3000.0,590.07,33.15,183.95,100.0,183.95,486.135,45.732,25.48,183.95,100.0,0.0,0.0,0.0,0.0,9.1113,24.9975,100.0,1772.64,0.0,516.655,-1.0,0.0,0.0,60.0,50000.0,25.04,0.0,0.0,45.732,183.95,0.0,487.125,0.4632,0.0,5000.0,12.9405,600.12,0.1286,0.0,100.0,544.68,516.65,49.92,0.0,0.0,15.1118,5000.04,0.0,590.07,681.8,0.0,210.72,0.037,100.0,15.1118,94.36,100.0,994.5,0.2093,100.0,15.7189,3.35,100.0,15.1118,0.0,186318.0,15.1118,516.655,100.0,0.0,680.05,250.0,24.9975,0.0,4.585,680.05,0.0,0.0,0.037,686.15,0.1496,100.0,0.0,0.3794,0.0,10.9094,0.0,100.0,173.642,0.0,1000.8,999.9,0.0,0.294,84.6975,686.15,72.576,0.0,670.15,0.0,710.16,1772.64,523.74,50.0,0.3151,0.2438,1000.8,0.7,186318.0,543.68,44.1215,676.7,679.95,0.0,0.0,0.0,0.1806,0.681,0.0,0.0,0.037,180.0125,0.0,0.0,12.343,2.6,26.555,0.1285,1000.0,1.0,66.2217,570.7,50.0,145.563,5000.0,0.0,100.0,0.1981,600.12,28.0939,0.0,3000.0,24.9975,25.396,680.05,183.95,9.9998,0.0,0.0,0.0,3000.0,286.6725,96.08,72.576,0.0,2.601,0.0,0.3794,11.115,20.7098,15.1157,343.08,0.2999,516.655,19.4496,0.5,0.0,0.0,0.0,2.6004,0.0,250.0,100.0,33.0,0.0,50.0,0.0,5000.04,2200.0,686.15,28.0939,26.91,1.76,355.8,355.8,57.6,5000.3247,180.0125,1.0017,0.0,0.1286,86.5,0.0,0.0,0.0,50.0,0.0,76.7745,0.0,0.0,0.1312,0.0,24.9975,0.037,661.9,15.1118,251.85,0.0,4.585,148.5338,50.0,82.05,25.0,650.45,50.0,0.0,0.0,0.1242,1000.0,0.0,20.7098,0.0,100.0,186318.0,0.4632,20.0,0.0,0.0,45.762,0.5,186318.0,0.0,0.3794,590.07,0.1242,0.1312,2.6004,210.72,0.0,488.12,0.0,523.74,357.959,0.0,2.601,75.625,183.95,9.986,26.49,100.0,520.0,85.0575,61.2,5999.7334,0.7,26.91,85.41,0.0,15.7189,24.9975,100.0,0.0,0.037,0.0,83.475,600.0,66.2217,590.07,523.74,100.0,186300.0,343.08,10.9094,100.0,9.986,9.9998,0.0,0.0,0.0,100.0,661.9,15.1118,20.7104,0.0,0.275,9.593,15.1157,0.0,0.0,33.155,0.0,0.0,0.037,686.16,100.0,1772.64,516.65,25.99,0.0,38.0,4.4625,0.0,76.7745,4.585,82.29,710.0,19.4496,74.5439,0.0,0.15,0.3151,590.0,12.9405,673.4,0.0,0.037,0.1496,2.6,183.95,74.5439,0.1496,5000.3247,516.65,516.65,680.0,516.655
57.525,210.72,0.0,210.72,4.38,75.6253,710.16,24.9975,173.6505,523.74,44.1215,0.0,110.0,273.75,186318.0,489.105,88.0,0.0,0.0,343.08,0.0,0.0,9.9998,0.0,96.08,0.0,50.0,180.0,11.1149,0.0,0.0,75.6253,680.05,44.1064,0.0,100.0,0.0,3000.0,590.07,33.15,183.95,100.0,183.95,486.135,45.762,25.48,183.95,100.0,0.0,0.0,0.0,0.0,9.1113,24.9975,100.0,1772.64,0.0,516.655,-1.0,0.0,0.0,60.0,50000.0,25.04,0.0,0.0,45.762,183.95,0.0,487.125,0.4632,0.0,5000.0,12.9412,600.12,0.1286,0.0,100.0,544.68,516.65,49.92,0.0,0.0,15.1079,5000.04,0.0,590.07,681.8,0.0,210.72,0.037,100.0,15.1079,94.36,100.0,994.5,0.2093,100.0,15.7189,3.35,100.0,15.1079,0.0,186318.0,15.1079,516.655,100.0,0.0,680.05,250.0,24.9975,0.0,4.585,680.05,0.0,0.0,0.037,686.15,0.1496,100.0,0.0,0.3794,0.0,10.9094,0.0,100.0,173.642,0.0,1000.8,999.9,0.0,0.294,84.6975,686.15,72.5757,0.0,670.15,0.0,710.16,1772.64,523.74,50.0,0.3151,0.2438,1000.8,0.7,186318.0,543.68,44.1064,676.7,679.95,0.0,0.0,0.0,0.1806,0.681,0.0,0.0,0.037,180.0125,0.0,0.0,12.343,2.6,26.555,0.1285,1000.0,1.0,66.2214,570.7,50.0,145.563,5000.0,0.0,100.0,0.1981,600.12,28.0938,0.0,3000.0,24.9975,25.396,680.05,183.95,9.9998,0.0,0.0,0.0,3000.0,286.6725,96.08,72.5757,0.0,2.601,0.0,0.3794,11.1149,20.7088,15.1118,343.08,0.2999,516.655,19.4491,0.5,0.0,0.0,0.0,2.6004,0.0,250.0,100.0,33.0,0.0,50.0,0.0,5000.04,2200.0,686.15,28.0938,26.91,1.76,355.8,355.8,57.6,5000.3247,180.0125,1.0017,0.0,0.1286,86.5,0.0,0.0,0.0,50.0,0.0,76.774,0.0,0.0,0.1312,0.0,24.9975,0.037,661.9,15.1079,251.85,0.0,4.585,148.5338,50.0,82.05,25.0,650.45,50.0,0.0,0.0,0.1242,1000.0,0.0,20.7088,0.0,100.0,186318.0,0.4632,20.0,0.0,0.0,45.762,0.5,186318.0,0.0,0.3794,590.07,0.1242,0.1312,2.6004,210.72,0.0,488.12,0.0,523.74,357.959,0.0,2.601,75.625,183.95,9.9856,26.49,100.0,520.0,85.0575,61.2,5999.7334,0.7,26.91,85.41,0.0,15.7189,24.9975,100.0,0.0,0.037,0.0,83.475,600.0,66.2214,590.07,523.74,100.0,186300.0,343.08,10.9094,100.0,9.9856,9.9998,0.0,0.0,0.0,100.0,661.9,15.1079,20.7093,0.0,0.275,9.593,15.1118,0.0,0.0,33.15,0.0,0.0,0.037,686.16,100.0,1772.64,516.65,25.99,0.0,38.0,4.4625,0.0,76.774,4.585,82.29,710.0,19.4491,74.5126,0.0,0.15,0.3151,590.0,12.9412,673.4,0.0,0.037,0.1496,2.6,183.95,74.5126,0.1496,5000.3247,516.65,516.65,680.0,516.655
57.5625,210.72,0.0,210.72,4.38,75.6248,710.16,24.9975,173.61,523.77,44.1064,0.0,110.0,273.75,186318.0,489.15,88.0,0.0,0.0,343.08,0.0,0.0,9.9998,0.0,96.08,0.0,50.0,180.0,11.1147,0.0,0.0,75.6248,680.05,44.0913,0.0,100.0,0.0,3000.0,590.07,33.15,183.95,100.0,183.95,486.18,45.792,25.48,183.95,100.0,0.0,0.0,0.0,0.0,9.1113,24.9975,100.0,1772.64,0.0,516.69,-1.0,0.0,0.0,60.0,50000.0,25.04,0.0,0.0,45.792,183.95,0.0,487.17,0.4632,0.0,5000.0,12.9419,600.0,0.1285,0.0,100.0,544.68,516.7,49.92,0.0,0.0,15.1127,5000.04,0.0,590.07,681.8,0.0,210.72,0.037,100.0,15.1127,94.36,100.0,994.5,0.2092,100.0,15.7189,3.35,100.0,15.1127,0.0,186318.0,15.1127,516.69,100.0,0.0,680.05,250.0,24.9975,0.0,4.585,680.05,0.0,0.0,0.037,686.15,0.1496,100.0,0.0,0.3794,0.0,10.9095,0.0,100.0,173.6,0.0,1000.8,999.9,0.0,0.294,84.69,686.15,72.5754,0.0,670.15,0.0,710.16,1772.64,523.77,50.0,0.3151,0.2438,1000.8,0.7,186318.0,543.68,44.0913,676.7,680.0,0.0,0.0,0.0,0.1806,0.681,0.0,0.0,0.037,180.0125,0.0,0.0,12.343,2.6,26.555,0.1285,1000.0,1.0,66.221,571.2,50.0,145.563,5000.0,0.0,100.0,0.198,600.0,28.0938,0.0,3000.0,24.9975,25.4345,680.05,183.95,9.9998,0.0,0.0,0.0,3000.0,287.1,96.08,72.5754,0.0,2.601,0.0,0.3794,11.1147,20.7077,15.1079,343.08,0.2999,516.69,19.4501,0.5,0.0,0.0,0.0,2.6004,0.0,250.0,100.0,33.0,0.0,50.0,0.0,5000.04,2200.0,686.15,28.0938,26.91,1.76,355.85,355.85,57.5625,5000.3247,180.0125,1.002,0.0,0.1285,86.725,0.0,0.0,0.0,50.0,0.0,76.7735,0.0,0.0,0.1312,0.0,24.9975,0.037,661.9,15.1127,251.85,0.0,4.585,148.5338,50.0,82.0275,25.0,650.45,50.0,0.0,0.0,0.1242,1000.0,0.0,20.7077,0.0,100.0,186318.0,0.4632,20.0,0.0,0.0,45.822,0.5,186318.0,0.0,0.3794,590.07,0.1242,0.1312,2.6004,210.72,0.0,488.15,0.0,523.74,357.3391,0.0,2.601,75.625,183.95,9.9853,26.49,100.0,520.0,85.1025,61.2,5999.7334,0.7,26.91,85.3575,0.0,15.7189,24.9975,100.0,0.0,0.037,0.0,83.505,600.0,66.221,590.07,523.77,100.0,186300.0,343.08,10.9095,100.0,9.9853,9.9998,0.0,0.0,0.0,100.0,661.9,15.1127,20.7082,0.0,0.275,9.591,15.1079,0.0,0.0,33.15,0.0,0.0,0.037,686.16,100.0,1772.64,516.71,25.99,0.0,38.0,4.0687,0.0,76.7735,4.585,82.2825,710.0,19.4501,74.5313,0.0,0.15,0.3151,590.0,12.9419,673.45,0.0,0.037,0.1496,2.6,183.95,74.5313,0.1496,5000.3247,516.7,516.71,680.0,516.69
57.5625,210.74,0.0,210.74,4.38,75.6228,710.16,24.9975,173.583,523.77,44.0913,0.0,110.0,273.75,186318.0,489.15,88.0,0.0,0.0,343.11,0.0,0.0,9.9998,0.0,96.08,0.0,50.0,180.0,11.117,0.0,0.0,75.6228,680.05,44.0725,0.0,100.0,0.0,3000.0,590.07,33.15,183.95,100.0,183.95,486.225,45.822,25.48,183.95,100.0,0.0,0.0,0.0,0.0,9.1108,24.9975,100.0,1772.64,0.0,516.725,-1.0,0.0,0.0,60.0,50000.0,25.04,0.0,0.0,45.822,183.95,0.0,487.215,0.4632,0.0,5000.0,12.9425,600.0,0.1285,0.0,100.0,544.72,516.7,49.92,0.0,0.0,15.1091,5000.04,0.0,590.07,681.8,0.0,210.74,0.037,100.0,15.1091,94.36,100.0,994.5,0.2092,100.0,15.7189,3.35,100.0,15.1091,0.0,186318.0,15.1091,516.725,100.0,0.0,680.05,250.0,24.9975,0.0,4.5875,680.05,0.0,0.0,0.037,686.15,0.1496,100.0,0.0,0.3794,0.0,10.9095,0.0,100.0,173.586,0.0,1000.8,999.9,0.0,0.294,84.7125,686.15,72.5752,0.0,670.15,0.0,710.16,1772.64,523.77,50.0,0.3151,0.2438,1000.8,0.7,186318.0,543.72,44.0725,676.7,680.0,0.0,0.0,0.0,0.1806,0.681,0.0,0.0,0.037,180.025,0.0,0.0,12.343,2.6,26.555,0.1285,1000.0,1.0,66.2207,571.0,50.0,145.563,5000.0,0.0,100.0,0.198,600.18,28.0938,0.0,3000.0,24.9975,25.4565,680.05,183.95,9.9998,0.0,0.0,0.0,3000.0,286.47,96.08,72.5752,0.0,2.601,0.0,0.3794,11.117,20.7066,15.1127,343.08,0.2999,516.725,19.4501,0.5,0.0,0.0,0.0,2.6,0.0,250.0,100.0,33.0,0.0,50.0,0.0,5000.04,2200.0,686.15,28.0938,26.91,1.76,355.85,355.85,57.525,4998.4248,180.025,1.002,0.0,0.1285,86.85,0.0,0.0,0.0,50.0,0.0,76.7745,0.0,0.0,0.1311,0.0,24.9975,0.037,661.9,15.1091,251.85,0.0,4.5875,148.5338,50.0,82.05,25.0,650.5,50.0,0.0,0.0,0.1241,1000.0,0.0,20.7066,0.0,100.0,186318.0,0.4632,20.0,0.0,0.0,45.852,0.5,186318.0,0.0,0.3794,590.07,0.1241,0.1312,2.6,210.74,0.0,488.18,0.0,523.77,358.3034,0.0,2.601,75.625,183.95,9.985,26.49,100.0,520.0,85.1025,61.2,5999.7334,0.7,26.91,85.38,0.0,15.7189,24.9975,100.0,0.0,0.037,0.0,83.55,600.0,66.2207,590.07,523.77,100.0,186300.0,343.08,10.9095,100.0,9.985,9.9998,0.0,0.0,0.0,100.0,661.9,15.1091,20.7072,0.0,0.275,9.59,15.1127,0.0,0.0,33.15,0.0,0.0,0.037,686.16,100.0,1772.64,516.74,25.99,0.0,38.0,4.3656,0.0,76.7745,4.5875,82.245,710.0,19.4501,74.5501,0.0,0.15,0.3151,590.0,12.9425,673.45,0.0,0.037,0.1496,2.6,183.95,74.5501,0.1496,4998.4248,516.7,516.74,680.0,516.725
57.5625,210.74,0.0,210.74,4.379,75.6218,710.16,24.9975,173.583,523.8,44.0725,0.0,110.0,273.75,186318.0,489.195,88.0,0.0,0.0,343.11,0.0,0.0,9.9998,0.0,96.08,0.0,50.0,180.0,11.1179,0.0,0.0,75.6218,680.05,44.0572,0.0,100.0,0.0,3000.0,590.07,33.15,183.95,100.0,183.95,486.225,45.852,25.48,183.95,100.0,0.0,0.0,0.0,0.0,9.1108,24.9975,100.0,1772.64,0.0,516.76,-1.0,0.0,0.0,60.0,50000.0,25.04,0.0,0.0,45.852,183.95,0.0,487.215,0.4632,0.0,5000.0,12.9432,600.18,0.1285,0.0,100.0,544.72,516.75,49.92,0.0,0.0,15.1141,5000.04,0.0,590.07,681.8,0.0,210.74,0.037,100.0,15.1141,94.36,100.0,994.5,0.2092,100.0,15.7189,3.35,100.0,15.1141,0.0,186318.0,15.1141,516.76,100.0,0.0,680.05,250.0,24.9975,0.0,4.5875,680.05,0.0,0.0,0.037,686.15,0.1496,100.0,0.0,0.3794,0.0,10.9096,0.0,100.0,173.586,0.0,1000.8,999.9,0.0,0.294,84.675,686.15,72.5749,0.0,670.15,0.0,710.16,1772.64,523.8,50.0,0.3151,0.2439,1000.8,0.7,186318.0,543.72,44.0572,676.7,680.0,0.0,0.0,0.0,0.1806,0.681,0.0,0.0,0.037,180.025,0.0,0.0,12.341,2.6,26.555,0.1285,1000.0,1.0,66.2204,571.3,50.0,145.563,5000.0,0.0,100.0,0.198,600.18,28.0938,0.0,3000.0,24.9975,25.484,680.05,183.95,9.9998,0.0,0.0,0.0,3000.0,287.1675,96.08,72.5749,0.0,2.601,0.0,0.3794,11.1179,20.7056,15.1091,343.11,0.2999,516.76,19.4478,0.5,0.0,0.0,0.0,2.6,0.0,250.0,100.0,33.0,0.0,50.0,0.0,5000.04,2200.0,686.15,28.0938,26.91,1.76,355.85,355.85,57.5625,4998.4248,180.025,1.0021,0.0,0.1285,86.0,0.0,0.0,0.0,50.0,0.0,76.7745,0.0,0.0,0.1311,0.0,24.9975,0.037,661.9,15.1141,251.875,0.0,4.5875,148.5338,50.0,82.05,25.0,650.5,50.0,0.0,0.0,0.1241,1000.0,0.0,20.7056,0.0,100.0,186318.0,0.4632,20.0,0.0,0.0,45.876,0.5,186318.0,0.0,0.3794,590.07,0.1241,0.1312,2.6,210.74,0.0,488.21,0.0,523.77,357.5801,0.0,2.601,75.62,183.95,9.9846,26.49,100.0,520.0,85.095,61.2,5999.7334,0.7,26.91,85.3575,0.0,15.7189,24.9975,100.0,0.0,0.037,0.0,83.55,600.0,66.2204,590.07,523.8,100.0,186300.0,343.11,10.9096,100.0,9.9846,9.9998,0.0,0.0,0.0,100.0,661.9,15.1141,20.7061,0.0,0.275,9.589,15.1091,0.0,0.0,33.15,0.0,0.0,0.037,686.16,100.0,1772.64,516.74,25.99,0.0,38.0,4.2922,0.0,76.7745,4.5875,82.245,710.0,19.4478,74.5689,0.0,0.15,0.3151,590.0,12.9432,673.45,0.0,0.037,0.1496,2.6,183.95,74.5689,0.1496,4998.4248,516.75,516.74,680.0,516.76
57.5625,210.74,0.0,210.74,4.379,75.6223,710.16,24.9975,173.5425,523.8,44.0572,0.0,110.0,273.75,186307.0,489.195,88.0,0.0,0.0,343.11,0.0,0.0,9.9998,0.0,96.08,0.0,50.0,180.0,11.1162,0.0,0.0,75.6223,680.05,44.0382,0.0,100.0,0.0,3000.0,590.07,33.145,183.95,100.0,183.95,486.27,45.876,25.48,183.95,100.0,0.0,0.0,0.0,0.0,9.1108,24.9975,100.0,1772.64,0.0,516.795,-1.0,0.0,0.0,60.0,50000.0,25.04,0.0,0.0,45.876,183.95,0.0,487.26,0.4632,0.0,5000.0,12.9439,600.18,0.1285,0.0,100.0,544.72,516.75,49.92,0.0,0.0,15.1107,5000.04,0.0,590.07,681.8,0.0,210.74,0.037,100.0,15.1107,94.36,100.0,994.5,0.2092,100.0,15.7189,3.35,100.0,15.1107,0.0,186307.0,15.1107,516.795,100.0,0.0,680.05,250.0,24.9975,0.0,4.5875,680.05,0.0,0.0,0.037,686.15,0.1496,100.0,0.0,0.3794,0.0,10.9096,0.0,100.0,173.544,0.0,1000.2,999.9,0.0,0.294,84.705,686.15,72.5747,0.0,670.15,0.0,710.16,1772.64,523.8,50.0,0.3151,0.2439,1000.2,0.7,186307.0,543.72,44.0382,676.7,680.0,0.0,0.0,0.0,0.1805,0.681,0.0,0.0,0.037,180.0125,0.0,0.0,12.342,2.6,26.555,0.1285,1000.0,1.0,66.22,571.4,50.0,145.563,5000.0,0.0,100.0,0.1979,600.0,28.0938,0.0,3000.0,24.9975,25.5005,680.05,183.95,9.9998,0.0,0.0,0.0,3000.0,287.055,96.08,72.5747,0.0,2.601,0.0,0.3794,11.1162,20.7045,15.1141,343.11,0.2999,516.795,19.4471,0.5,0.0,0.0,0.0,2.6,0.0,250.0,100.0,33.0,0.0,50.0,0.0,5000.04,2200.0,686.15,28.0938,26.91,1.76,355.85,355.85,57.5625,5000.3247,180.0125,1.0022,0.0,0.1285,86.75,0.0,0.0,0.0,50.0,0.0,76.7745,0.0,0.0,0.1311,0.0,24.9975,0.037,661.9,15.1107,251.875,0.0,4.5875,148.5338,50.0,82.005,25.0,650.5,50.0,0.0,0.0,0.1241,1000.0,0.0,20.7045,0.0,100.0,186318.0,0.4632,20.0,0.0,0.0,45.9,0.5,186318.0,0.0,0.3794,590.07,0.1241,0.1311,2.6,210.74,0.0,488.24,0.0,523.8,358.3378,0.0,2.601,75.62,183.95,9.9851,26.49,100.0,520.0,85.1025,61.2,5999.7334,0.7,26.91,85.3725,0.0,15.7189,24.9975,100.0,0.0,0.037,0.0,83.535,600.0,66.22,590.07,523.8,100.0,186300.0,343.11,10.9096,100.0,9.9851,9.9998,0.0,0.0,0.0,100.0,661.9,15.1107,20.7051,0.0,0.275,9.588,15.1141,0.0,0.0,33.15,0.0,0.0,0.037,686.16,100.0,1772.64,516.77,25.99,0.0,38.0,3.9453,0.0,76.7745,4.5875,82.215,710.0,19.4471,74.5876,0.0,0.15,0.3151,590.0,12.9439,673.45,0.0,0.037,0.1496,2.6,183.95,74.5876,0.1496,5000.3247,516.75,516.77,680.0,516.795
57.5625,210.74,0.0,210.74,4.379,75.6218,710.16,24.9975,173.5425,523.8,44.0382,0.0,110.0,273.75,186307.0,489.195,88.0,0.0,0.0,343.11,0.0,0.0,9.9998,0.0,96.08,0.0,50.0,180.0,11.116,0.0,0.0,75.6218,680.05,44.0229,0.0,100.0,0.0,3000.0,590.07,33.145,183.95,100.0,183.95,486.27,45.9,25.48,183.95,100.0,0.0,0.0,0.0,0.0,9.1108,24.9975,100.0,1772.64,0.0,516.795,-1.0,0.0,0.0,60.0,50000.0,25.04,0.0,0.0,45.9,183.95,0.0,487.26,0.4632,0.0,5000.0,12.9445,600.0,0.1285,0.0,100.0,544.72,516.75,49.92,0.0,0.0,15.1074,5000.04,0.0,590.07,681.8,0.0,210.74,0.037,100.0,15.1074,94.36,100.0,994.5,0.2092,100.0,15.7189,3.35,100.0,15.1074,0.0,186307.0,15.1074,516.795,100.0,0.0,680.05,250.0,24.9975,0.0,4.5875,680.05,0.0,0.0,0.037,686.15,0.1496,100.0,0.0,0.3794,0.0,10.9097,0.0,100.0,173.544,0.0,1000.2,999.9,0.0,0.294,84.705,686.15,72.5744,0.0,670.15,0.0,710.16,1772.64,523.8,50.0,0.3151,0.2439,1000.2,0.7,186307.0,543.72,44.0229,676.7,680.0,0.0,0.0,0.0,0.1805,0.681,0.0,0.0,0.037,180.0125,0.0,0.0,12.342,2.6,26.555,0.1285,1000.0,1.0,66.2197,571.4,50.0,145.563,5000.0,0.0,100.0,0.1979,600.0,28.0938,0.0,3000.0,24.9975,25.5005,680.05,183.95,9.9998,0.0,0.0,0.0,3000.0,287.055,96.08,72.5744,0.0,2.601,0.0,0.3794,11.116,20.7035,15.1107,343.11,0.2999,516.795,19.4486,0.5,0.0,0.0,0.0,2.6,0.0,250.0,100.0,33.0,0.0,50.0,0.0,5000.04,2200.0,686.15,28.0938,26.91,1.76,355.85,355.85,57.5625,5000.3247,180.0125,1.0022,0.0,0.1285,86.75,0.0,0.0,0.0,50.0,0.0,76.7745,0.0,0.0,0.1311,0.0,24.9975,0.037,661.9,15.1074,251.875,0.0,4.5875,148.5338,50.0,82.005,25.0,650.5,50.0,0.0,0.0,0.1241,1000.0,0.0,20.7035,0.0,100.0,186307.0,0.4632,20.0,0.0,0.0,45.9,0.5,186307.0,0.0,0.3794,590.07,0.1241,0.1311,2.6,210.74,0.0,488.24,0.0,523.8,358.3378,0.0,2.601,75.62,183.95,9.985,26.49,100.0,520.0,85.1025,61.2,5999.7334,0.7,26.91,85.3725,0.0,15.7189,24.9975,100.0,0.0,0.037,0.0,83.535,600.0,66.2197,590.07,523.8,100.0,186300.0,343.11,10.9097,100.0,9.985,9.9998,0.0,0.0,0.0,100.0,661.9,15.1074,20.704,0.0,0.275,9.588,15.1107,0.0,0.0,33.145,0.0,0.0,0.037,686.16,100.0,1772.64,516.77,25.99,0.0,38.0,3.9453,0.0,76.7745,4.5875,82.215,710.0,19.4486,74.5558,0.0,0.15,0.3151,590.0,12.9445,673.45,0.0,0.037,0.1496,2.6,183.95,74.5558,0.1496,5000.3247,516.75,516.77,680.0,516.795
57.525,210.76,0.0,210.76,4.378,75.6213,710.08,24.9975,173.529,523.8,44.0229,0.0,110.0,273.75,186307.0,489.24,88.0,0.0,0.0,343.11,0.0,0.0,9.9998,0.0,96.08,0.0,50.0,180.0,11.1158,0.0,0.0,75.6213,680.05,44.0075,0.0,100.0,0.0,3000.0,590.07,33.145,183.95,100.0,183.95,486.315,45.924,25.48,183.95,100.0,0.0,0.0,0.0,0.0,9.1108,24.9975,100.0,1772.64,0.0,516.83,-1.0,0.0,0.0,60.0,50000.0,25.04,0.0,0.0,45.924,183.95,0.0,487.305,0.4632,0.0,5000.0,12.9452,600.06,0.1285,0.0,100.0,544.76,516.8,49.92,0.0,0.0,15.1041,5000.04,0.0,590.07,681.8,0.0,210.76,0.037,100.0,15.1041,94.36,100.0,994.5,0.2091,100.0,15.7189,3.35,100.0,15.1041,0.0,186307.0,15.1041,516.83,100.0,0.0,680.05,250.0,24.9975,0.0,4.5875,680.05,0.0,0.0,0.037,686.1875,0.1496,100.0,0.0,0.3794,0.0,10.9097,0.0,100.0,173.53,0.0,1000.2,999.9,0.0,0.294,84.6525,686.15,72.5748,0.0,670.15,0.0,710.08,1772.64,523.8,50.0,0.3151,0.2439,1000.2,0.7,186307.0,543.76,44.0075,676.7,680.0,0.0,0.0,0.0,0.1805,0.681,0.0,0.0,0.037,180.0125,0.0,0.0,12.344,2.6,26.555,0.1284,1000.0,1.0,66.2194,571.45,50.0,145.563,5000.0,0.0,100.0,0.1979,600.06,28.0938,0.0,3000.0,24.9975,25.5335,680.05,183.95,9.9998,0.0,0.0,0.0,3000.0,286.3125,96.08,72.5748,0.0,2.601,0.0,0.3794,11.1158,20.7024,15.1074,343.11,0.2999,516.83,19.4478,0.5,0.0,0.0,0.0,2.6,0.0,250.0,100.0,33.0,0.0,50.0,0.0,5000.04,2200.0,686.15,28.0938,26.91,1.76,355.85,355.85,57.525,5000.3247,180.0125,1.0024,0.0,0.1285,86.275,0.0,0.0,0.0,50.0,0.0,76.7745,0.0,0.0,0.1311,0.0,24.9975,0.037,661.9,15.1041,251.875,0.0,4.5875,148.5338,50.0,82.02,25.0,650.5,50.0,0.0,0.0,0.1241,1000.0,0.0,20.7024,0.0,100.0,186307.0,0.4632,20.0,0.0,0.0,45.942,0.5,186307.0,0.0,0.3794,590.07,0.1241,0.1311,2.6,210.76,0.0,488.27,0.0,523.8,357.5801,0.0,2.601,75.62,183.95,9.9849,26.49,100.0,520.0,85.125,61.2,5999.7334,0.7,26.91,85.35,0.0,15.7189,24.9975,100.0,0.0,0.037,0.0,83.5275,600.0,66.2194,590.07,523.8,100.0,186300.0,343.11,10.9097,100.0,9.9849,9.9998,0.0,0.0,0.0,100.0,661.9,15.1041,20.7029,0.0,0.275,9.586,15.1074,0.0,0.0,33.145,0.0,0.0,0.037,686.16,100.0,1772.64,516.83,25.99,0.0,38.0,3.8484,0.0,76.7745,4.5875,82.2225,710.0,19.4478,74.5739,0.0,0.15,0.3151,590.0,12.9452,673.45,0.0,0.037,0.1496,2.6,183.95,74.5739,0.1496,5000.3247,516.8,516.83,680.0,516.83
57.5625,210.76,0.0,210.76,4.377,75.6208,710.08,24.9975,173.502,523.8,44.0075,0.0,110.0,273.8,186307.0,489.285,88.0,0.0,0.0,343.11,0.0,0.0,9.9998,0.0,96.08,0.0,50.0,180.0,11.1157,0.0,0.0,75.6208,680.05,43.9922,0.0,100.0,0.0,3000.0,590.07,33.145,183.95,100.0,183.95,486.315,45.942,25.48,183.95,100.0,0.0,0.0,0.0,0.0,9.1102,24.9975,100.0,1772.64,0.0,516.865,-1.0,0.0,0.0,60.0,50000.0,25.04,0.0,0.0,45.942,183.95,0.0,487.305,0.4632,0.0,5000.0,12.9459,600.06,0.1285,0.0,100.0,544.76,516.85,49.92,0.0,0.0,15.1007,5000.04,0.0,590.07,681.8,0.0,210.76,0.037,100.0,15.1007,94.36,100.0,994.5,0.2091,100.0,15.7189,3.35,100.0,15.1007,0.0,186307.0,15.1007,516.865,100.0,0.0,680.05,250.0,24.9975,0.0,4.5875,680.05,0.0,0.0,0.037,686.1875,0.1496,100.0,0.0,0.3794,0.0,10.9098,0.0,100.0,173.502,0.0,1000.2,999.9,0.0,0.294,84.645,686.15,72.5747,0.0,670.15,0.0,710.08,1772.64,523.8,50.0,0.3151,0.2439,1000.2,0.7,186307.0,543.76,43.9922,676.7,680.0,0.0,0.0,0.0,0.1805,0.681,0.0,0.0,0.037,180.0125,0.0,0.0,12.344,2.6,26.555,0.1284,1000.0,1.0,66.2198,570.6,50.0,145.563,5000.0,0.0,100.0,0.1979,600.06,28.0938,0.0,3000.0,24.9975,25.5445,680.05,183.95,9.9998,0.0,0.0,0.0,3000.0,286.47,96.08,72.5747,0.0,2.6003,0.0,0.3794,11.1157,20.7013,15.1041,343.11,0.2999,516.865,19.4476,0.5,0.0,0.0,0.0,2.6,0.0,250.0,100.0,33.0,0.0,50.0,0.0,5000.04,2200.0,686.15,28.0938,26.91,1.76,355.85,355.85,57.6,5000.3247,180.0125,1.0025,0.0,0.1285,86.3,0.0,0.0,0.0,50.0,0.0,76.7745,0.0,0.0,0.1311,0.0,24.9975,0.037,661.9,15.1007,251.875,0.0,4.5875,148.5338,50.0,81.9825,25.0,650.5,50.0,0.0,0.0,0.1241,1000.0,0.0,20.7013,0.0,100.0,186307.0,0.4632,20.0,0.0,0.0,45.966,0.5,186307.0,0.0,0.3794,590.07,0.1241,0.1311,2.6,210.76,0.0,488.3,0.0,523.8,357.7179,0.0,2.6003,75.62,183.95,9.9848,26.49,100.0,520.0,85.1325,61.2,5999.7334,0.7,26.91,85.305,0.0,15.7189,24.9975,100.0,0.0,0.037,0.0,83.535,600.0,66.2198,590.07,523.8,100.0,186300.0,343.11,10.9098,100.0,9.9848,9.9998,0.0,0.0,0.0,100.0,661.9,15.1007,20.7019,0.0,0.275,9.585,15.1041,0.0,0.0,33.145,0.0,0.0,0.037,686.16,100.0,1772.64,516.86,25.99,0.0,38.0,3.9047,0.0,76.7745,4.5875,82.215,710.0,19.4476,74.592,0.0,0.15,0.3151,590.0,12.9459,673.45,0.0,0.037,0.1496,2.6,183.95,74.592,0.1496,5000.3247,516.85,516.86,680.0,516.865
57.5625,210.78,0.0,210.78,4.375,75.6203,710.08,24.9975,173.502,523.83,43.9922,0.0,110.0,273.8,186307.0,489.285,88.0,0.0,0.0,343.11,0.0,0.0,9.9998,0.0,96.08,0.0,50.0,180.0,11.1155,0.0,0.0,75.6203,680.05,43.9768,0.0,100.0,0.0,3000.0,590.07,33.14,184.015,100.0,184.015,486.36,45.966,25.48,184.015,100.0,0.0,0.0,0.0,0.0,9.1108,24.9975,100.0,1772.64,0.0,516.865,-1.0,0.0,0.0,60.0,50000.0,25.04,0.0,0.0,45.966,184.015,0.0,487.35,0.4632,0.0,5000.0,12.9465,600.06,0.1284,0.0,100.0,544.76,516.85,49.92,0.0,0.0,15.0974,5000.04,0.0,590.07,681.8,0.0,210.78,0.037,100.0,15.0974,94.36,100.0,994.5,0.2091,100.0,15.7189,3.35,100.0,15.0974,0.0,186307.0,15.0974,516.865,100.0,0.0,680.05,250.0,24.9975,0.0,4.5875,680.05,0.0,0.0,0.037,686.1875,0.1496,100.0,0.0,0.3794,0.0,10.9099,0.0,100.0,173.502,0.0,1000.2,999.9,0.0,0.294,84.6375,686.15,72.5746,0.0,670.15,0.0,710.08,1772.64,523.83,50.0,0.3151,0.2439,1000.2,0.7,186307.0,543.76,43.9768,676.7,680.0,0.0,0.0,0.0,0.1805,0.681,0.0,0.0,0.037,180.0125,0.0,0.0,12.343,2.6,26.555,0.1284,1000.0,1.0,66.2197,570.75,50.0,145.574,5000.0,0.0,100.0,0.1979,600.06,28.0938,0.0,3000.0,24.9975,25.561,680.05,184.015,9.9998,0.0,0.0,0.0,3000.0,287.145,96.08,72.5746,0.0,2.6003,0.0,0.3794,11.1155,20.7003,15.1007,343.11,0.2999,516.865,19.4473,0.5,0.0,0.0,0.0,2.6,0.0,250.0,100.0,33.0,0.0,50.0,0.0,5000.04,2200.0,686.15,28.0938,26.91,1.76,355.9,355.9,57.6,5000.3247,180.0125,1.0026,0.0,0.1284,86.375,0.0,0.0,0.0,50.0,0.0,76.7745,0.0,0.0,0.131,0.0,24.9975,0.037,661.9,15.0974,251.9,0.0,4.5875,148.545,50.0,82.005,25.0,650.5,50.0,0.0,0.0,0.1241,1000.0,0.0,20.7003,0.0,100.0,186307.0,0.4632,20.0,0.0,0.0,45.984,0.5,186307.0,0.0,0.3794,590.07,0.1241,0.1311,2.6,210.78,0.0,488.33,0.0,523.8,358.0967,0.0,2.6003,75.62,184.015,9.9847,26.49,100.0,520.0,85.08,61.2,5999.7334,0.7,26.91,85.3275,0.0,15.7189,24.9975,100.0,0.0,0.037,0.0,83.49,600.0,66.2197,590.07,523.83,100.0,186300.0,343.11,10.9099,100.0,9.9847,9.9998,0.0,0.0,0.0,100.0,661.9,15.0974,20.7008,0.0,0.275,9.584,15.1007,0.0,0.0,33.145,0.0,0.0,0.037,686.16,100.0,1772.64,516.89,25.99,0.0,38.0,4.3453,0.0,76.7745,4.5875,82.2375,710.0,19.4473,74.6101,0.0,0.15,0.3151,590.0,12.9465,673.45,0.0,0.037,0.1496,2.6,184.015,74.6101,0.1496,5000.3247,516.85,516.89,680.0,516.865
57.5625,210.78,0.0,210.78,4.375,75.6198,710.08,24.9975,173.502,523.83,43.9768,0.0,110.0,273.8,186307.0,489.285,88.0,0.0,0.0,343.11,0.0,0.0,9.9998,0.0,96.08,0.0,50.0,180.0,11.1153,0.0,0.0,75.6198,680.05,43.9577,0.0,100.0,0.0,3000.0,590.07,33.14,184.015,100.0,184.015,486.36,45.984,25.48,184.015,100.0,0.0,0.0,0.0,0.0,9.1108,24.9975,100.0,1772.64,0.0,516.865,-1.0,0.0,0.0,60.0,50000.0,25.04,0.0,0.0,45.984,184.015,0.0,487.35,0.4632,0.0,5000.0,12.9472,600.06,0.1284,0.0,100.0,544.76,516.85,49.92,0.0,0.0,15.0941,5000.04,0.0,590.07,681.8,0.0,210.78,0.037,100.0,15.0941,94.36,100.0,994.5,0.2091,100.0,15.7189,3.35,100.0,15.0941,0.0,186307.0,15.0941,516.865,100.0,0.0,680.05,250.0,24.9975,0.0,4.5875,680.05,0.0,0.0,0.037,686.1875,0.1496,100.0,0.0,0.3794,0.0,10.9099,0.0,100.0,173.502,0.0,1000.2,999.9,0.0,0.294,84.6375,686.15,72.5744,0.0,670.15,0.0,710.08,1772.64,523.83,50.0,0.3151,0.2439,1000.2,0.7,186307.0,543.76,43.9577,676.7,680.0,0.0,0.0,0.0,0.1805,0.681,0.0,0.0,0.037,180.0125,0.0,0.0,12.343,2.6,26.555,0.1284,1000.0,1.0,66.2196,570.75,50.0,145.574,5000.0,0.0,100.0,0.1979,600.06,28.0937,0.0,3000.0,24.9975,25.561,680.05,184.015,9.9998,0.0,0.0,0.0,3000.0,287.145,96.08,72.5744,0.0,2.6003,0.0,0.3794,11.1153,20.6992,15.0974,343.11,0.2999,516.865,19.4471,0.5,0.0,0.0,0.0,2.6,0.0,250.0,100.0,33.0,0.0,50.0,0.0,5000.04,2200.0,686.15,28.0937,26.91,1.76,355.9,355.9,57.6,5000.3247,180.0125,1.0026,0.0,0.1284,86.375,0.0,0.0,0.0,50.0,0.0,76.7745,0.0,0.0,0.131,0.0,24.9975,0.037,661.9,15.0941,251.9,0.0,4.5875,148.545,50.0,82.005,25.0,650.5,50.0,0.0,0.0,0.1241,1000.0,0.0,20.6992,0.0,100.0,186307.0,0.4632,20.0,0.0,0.0,45.984,0.5,186307.0,0.0,0.3794,590.07,0.1241,0.1311,2.6,210.78,0.0,488.33,0.0,523.83,358.0967,0.0,2.6003,75.62,184.015,9.9846,26.49,100.0,520.0,85.08,61.2,5999.7334,0.7,26.91,85.3275,0.0,15.7189,24.9975,100.0,0.0,0.037,0.0,83.49,600.0,66.2196,590.07,523.83,100.0,186300.0,343.11,10.9099,100.0,9.9846,9.9998,0.0,0.0,0.0,100.0,661.9,15.0941,20.6997,0.0,0.275,9.584,15.0974,0.0,0.0,33.14,0.0,0.0,0.037,686.16,100.0,1772.64,516.89,25.99,0.0,38.0,4.3453,0.0,76.7745,4.5875,82.2375,710.0,19.4471,74.5776,0.0,0.15,0.3151,590.0,12.9472,673.45,0.0,0.037,0.1496,2.6,184.015,74.5776,0.1496,5000.3247,516.85,516.89,680.0,516.865
57.6,210.78,0.0,210.78,4.374,75.6193,710.08,24.9975,173.502,523.83,43.9577,0.0,110.0,273.8,186307.0,489.33,88.0,0.0,0.0,343.11,0.0,0.0,9.9998,0.0,96.08,0.0,50.0,180.0,11.1152,0.0,0.0,75.6193,680.1,43.9422,0.0,100.0,0.0,3000.0,590.07,33.14,184.015,100.0,184.015,486.36,45.996,25.48,184.015,100.0,0.0,0.0,0.0,0.0,9.1108,24.9975,100.0,1772.8199,0.0,516.9,-1.0,0.0,0.0,60.0,50000.0,25.04,0.0,0.0,45.996,184.015,0.0,487.35,0.4632,0.0,5000.0,12.9585,600.06,0.1284,0.0,100.0,544.76,516.9,49.92,0.0,0.0,15.0907,5000.04,0.0,590.07,681.85,0.0,210.78,0.037,100.0,15.0907,94.36,100.0,994.5,0.209,100.0,15.7189,3.4,100.0,15.0907,0.0,186307.0,15.0907,516.9,100.0,0.0,680.1,250.0,24.9975,0.0,4.5875,680.1,0.0,0.0,0.037,686.1875,0.1496,100.0,0.0,0.3794,0.0,10.91,0.0,100.0,173.502,0.0,1000.2,999.9,0.0,0.294,84.6675,686.15,72.5743,0.0,670.15,0.0,710.08,1772.8199,523.83,50.0,0.3151,0.2439,1000.2,0.7,186307.0,543.76,43.9422,676.7,680.0,0.0,0.0,0.0,0.1804,0.681,0.0,0.0,0.037,180.0125,0.0,0.0,12.342,2.6,26.555,0.1284,1000.0,1.0,66.2195,570.6,50.0,145.574,5000.0,0.0,100.0,0.1979,600.06,28.0937,0.0,3000.0,24.9975,25.5775,680.1,184.015,9.9998,0.0,0.0,0.0,3000.0,287.2575,96.08,72.5743,0.0,2.6003,0.0,0.3794,11.1152,20.6982,15.0941,343.11,0.2999,516.9,19.4468,0.5,0.0,0.0,0.0,2.6,0.0,250.0,100.0,33.0,0.0,50.0,0.0,5000.04,2200.0,686.15,28.0937,26.91,1.76,355.9,355.9,57.6,5000.3247,180.0125,1.0026,0.0,0.1284,86.5,0.0,0.0,0.0,50.0,0.0,76.7745,0.0,0.0,0.131,0.0,24.9975,0.037,661.9,15.0907,251.9,0.0,4.5875,148.545,50.0,81.9975,25.0,650.5,50.0,0.0,0.0,0.1241,1000.0,0.0,20.6982,0.0,100.0,186307.0,0.4632,20.0,0.0,0.0,45.996,0.5,186307.0,0.0,0.3794,590.07,0.1241,0.1311,2.6,210.78,0.0,488.36,0.0,523.83,357.8901,0.0,2.6003,75.62,184.015,9.9846,26.49,100.0,520.0,85.0575,61.2,5999.7334,0.7,26.91,85.3125,0.0,15.7189,24.9975,100.0,0.0,0.037,0.0,83.5125,600.0,66.2195,590.07,523.83,100.0,186300.0,343.11,10.91,100.0,9.9846,9.9998,0.0,0.0,0.0,100.0,661.9,15.0907,20.6987,0.0,0.275,9.583,15.0941,0.0,0.0,33.14,0.0,0.0,0.037,686.16,100.0,1772.8199,516.92,25.99,0.0,38.0,4.4516,0.0,76.7745,4.5875,82.26,710.0,19.4468,74.5951,0.0,0.15,0.3151,590.0,12.9585,673.45,0.0,0.037,0.1496,2.6,184.015,74.5951,0.1496,5000.3247,516.9,516.92,680.0,516.9
57.5625,210.8,0.0,210.8,4.373,75.6173,710.08,24.9975,173.4885,523.83,43.9422,0.0,110.0,273.8,186307.0,489.33,88.0,0.0,0.0,343.11,0.0,0.0,9.9998,0.0,96.08,0.0,50.0,180.0,11.115,0.0,0.0,75.6173,680.1,43.9267,0.0,100.0,0.0,3000.0,590.07,33.14,184.015,100.0,184.015,486.405,46.008,25.48,184.015,100.0,0.0,0.0,0.0,0.0,9.1108,24.9975,100.0,1772.8199,0.0,516.935,-1.0,0.0,0.0,60.0,50000.0,25.04,0.0,0.0,46.008,184.015,0.0,487.395,0.4632,0.0,5000.0,12.9599,600.06,0.1284,0.0,100.0,544.76,516.9,49.92,0.0,0.0,15.0874,5000.04,0.0,590.07,681.85,0.0,210.8,0.037,100.0,15.0874,94.36,100.0,994.5,0.209,100.0,15.7189,3.35,100.0,15.0874,0.0,186307.0,15.0874,516.935,100.0,0.0,680.1,250.0,24.9975,0.0,4.5875,680.1,0.0,0.0,0.037,686.1875,0.1496,100.0,0.0,0.3794,0.0,10.91,0.0,100.0,173.488,0.0,1000.2,999.9,0.0,0.294,84.645,686.15,72.5742,0.0,670.2,0.0,710.08,1772.8199,523.83,50.0,0.3151,0.2439,1000.2,0.7,186307.0,543.76,43.9267,676.75,680.0,0.0,0.0,0.0,0.1804,0.681,0.0,0.0,0.037,180.025,0.0,0.0,12.342,2.6,26.555,0.1284,1000.0,1.0,66.2195,570.8,50.0,145.574,5000.0,0.0,100.0,0.1979,600.06,28.0937,0.0,3000.0,24.9975,25.5885,680.1,184.015,9.9998,0.0,0.0,0.0,3000.0,287.145,96.08,72.5742,0.0,2.6003,0.0,0.3794,11.115,20.6971,15.0907,343.11,0.2999,516.935,19.4466,0.5,0.0,0.0,0.0,2.6,0.0,250.0,100.0,33.0,0.0,50.0,0.0,5000.04,2200.0,686.15,28.0937,26.91,1.76,355.9,355.9,57.5625,5000.3247,180.025,1.0027,0.0,0.1284,86.075,0.0,0.0,0.0,50.0,0.0,76.7745,0.0,0.0,0.131,0.0,24.9975,0.037,661.9,15.0874,251.9,0.0,4.5875,148.545,50.0,81.975,25.0,650.5,50.0,0.0,0.0,0.1241,1000.0,0.0,20.6971,0.0,100.0,186307.0,0.4632,20.0,0.0,0.0,46.008,0.5,186307.0,0.0,0.3794,590.07,0.1241,0.1311,2.6,210.8,0.0,488.36,0.0,523.83,357.8901,0.0,2.6003,75.62,184.015,9.9845,26.49,100.0,520.0,85.05,61.2,5999.7334,0.7,26.91,85.3425,0.0,15.7189,24.9975,100.0,0.0,0.037,0.0,83.49,600.0,66.2195,590.07,523.83,100.0,186300.0,343.11,10.91,100.0,9.9845,9.9998,0.0,0.0,0.0,100.0,661.9,15.0874,20.6976,0.0,0.275,9.583,15.0907,0.0,0.0,33.14,0.0,0.0,0.037,686.16,100.0,1772.8199,516.92,25.99,0.0,38.0,3.9531,0.0,76.7745,4.5875,82.2375,710.0,19.4466,74.6126,0.0,0.15,0.3151,590.0,12.9599,673.45,0.0,0.037,0.1496,2.6,184.015,74.6126,0.1496,5000.3247,516.9,516.92,680.0,516.935
57.525,210.8,0.0,210.8,4.371,75.6178,710.08,24.9975,173.4075,523.83,43.9267,0.0,110.0,273.8,186307.0,489.375,88.0,0.0,0.0,343.11,0.0,0.0,9.9998,0.0,96.08,0.0,50.0,180.0,11.1148,0.0,0.0,75.6178,680.1,43.9113,0.0,100.0,0.0,3000.0,590.07,33.135,184.015,100.0,184.015,486.45,46.02,25.48,184.015,100.0,0.0,0.0,0.0,0.0,9.1108,24.9975,100.0,1772.8199,0.0,516.97,-1.0,0.0,0.0,60.0,50000.0,25.04,0.0,0.0,46.02,184.015,0.0,487.44,0.4632,0.0,5000.0,12.9612,600.06,0.1284,0.0,100.0,544.76,516.95,49.92,0.0,0.0,15.0927,5000.04,0.0,590.07,681.85,0.0,210.8,0.037,100.0,15.0927,94.36,100.0,994.5,0.209,100.0,15.7189,3.35,100.0,15.0927,0.0,186307.0,15.0927,516.97,100.0,0.0,680.1,250.0,24.9975,0.0,4.59,680.1,0.0,0.0,0.037,686.1875,0.1497,100.0,0.0,0.3794,0.0,10.9101,0.0,100.0,173.404,0.0,1000.2,999.9,0.0,0.294,84.6375,686.2,72.5741,0.0,670.2,0.0,710.08,1772.8199,523.83,50.0,0.3151,0.2439,1000.2,0.7,186307.0,543.76,43.9113,676.75,680.0,0.0,0.0,0.0,0.1804,0.681,0.0,0.0,0.037,180.0125,0.0,0.0,12.342,2.6,26.555,0.1284,1000.0,1.0,66.2194,571.35,50.0,145.574,5000.0,0.0,100.0,0.1979,600.06,28.0937,0.0,3000.0,24.9975,25.6105,680.1,184.015,9.9998,0.0,0.0,0.0,3000.0,286.56,96.08,72.5741,0.0,2.6003,0.0,0.3794,11.1148,20.696,15.0874,343.11,0.2999,516.97,19.4463,0.5,0.0,0.0,0.0,2.6002,0.0,250.0,100.0,33.0,0.0,50.0,0.0,5000.04,2200.0,686.2,28.0937,26.91,1.76,355.9,355.9,57.5625,5000.3247,180.0125,1.003,0.0,0.1284,86.8,0.0,0.0,0.0,50.0,0.0,76.7738,0.0,0.0,0.131,0.0,24.9975,0.037,661.9,15.0927,251.9,0.0,4.59,148.545,50.0,81.9225,25.0,650.5,50.0,0.0,0.0,0.124,1000.0,0.0,20.696,0.0,100.0,186307.0,0.4632,20.0,0.0,0.0,46.038,0.5,186307.0,0.0,0.3794,590.07,0.124,0.1311,2.6002,210.8,0.0,488.42,0.0,523.83,357.5457,0.0,2.6003,75.615,184.015,9.9844,26.49,100.0,520.0,85.0875,61.2,5999.7334,0.7,26.91,85.3425,0.0,15.7189,24.9975,100.0,0.0,0.037,0.0,83.4825,600.0,66.2194,590.07,523.83,100.0,186300.0,343.11,10.9101,100.0,9.9844,9.9998,0.0,0.0,0.0,100.0,661.9,15.0927,20.6966,0.0,0.275,9.581,15.0874,0.0,0.0,33.14,0.0,0.0,0.037,686.2,100.0,1772.8199,516.98,25.99,0.0,38.0,4.1484,0.0,76.7738,4.59,82.215,710.0,19.4463,74.6301,0.0,0.15,0.3151,590.0,12.9612,673.45,0.0,0.037,0.1497,2.6,184.015,74.6301,0.1497,5000.3247,516.95,516.98,680.0,516.97
57.6,210.82,0.0,210.82,4.37,75.6173,710.08,24.9975,173.3805,523.83,43.9113,0.0,110.0,273.8,186307.0,489.42,88.0,0.0,0.0,343.11,0.0,0.0,9.9998,0.0,96.08,0.0,50.0,180.0,11.1171,0.0,0.0,75.6173,680.1,43.8958,0.0,100.0,0.0,3000.0,590.07,33.135,184.015,100.0,184.015,486.45,46.038,25.48,184.015,100.0,0.0,0.0,0.0,0.0,9.1108,24.9975,100.0,1772.8199,0.0,517.005,-1.0,0.0,0.0,60.0,50000.0,25.04,0.0,0.0,46.038,184.015,0.0,487.44,0.4632,0.0,5000.0,12.9625,600.06,0.1284,0.0,100.0,544.76,517.0,49.92,0.0,0.0,15.0896,5000.04,0.0,590.07,681.85,0.0,210.82,0.037,100.0,15.0896,94.38,100.0,994.95,0.209,100.0,15.7189,3.35,100.0,15.0896,0.0,186307.0,15.0896,517.005,100.0,0.0,680.1,250.0,24.9975,0.0,4.59,680.1,0.0,0.0,0.037,686.1875,0.1497,100.0,0.0,0.3794,0.0,10.9101,0.0,100.0,173.376,0.0,1000.2,999.9,0.0,0.294,84.6,686.2,72.574,0.0,670.2,0.0,710.08,1772.8199,523.83,50.0,0.3151,0.2439,1000.2,0.7,186307.0,543.76,43.8958,676.75,680.0,0.0,0.0,0.0,0.1803,0.681,0.0,0.0,0.037,180.0125,0.0,0.0,12.341,2.6,26.555,0.1284,1000.0,1.0,66.2193,571.1,50.0,145.574,5000.0,0.0,100.0,0.1978,600.06,28.0937,0.0,3000.0,24.9975,25.6215,680.1,184.015,9.9998,0.0,0.0,0.0,3000.0,286.6275,96.08,72.574,0.0,2.6003,0.0,0.3794,11.1171,20.695,15.0927,343.11,0.2999,517.005,19.4461,0.5,0.0,0.0,0.0,2.6002,0.0,250.0,100.0,33.0,0.0,50.0,0.0,5000.04,2200.0,686.2,28.0937,26.91,1.76,355.9,355.9,57.525,4998.4248,180.0125,1.003,0.0,0.1284,86.85,0.0,0.0,0.0,50.0,0.0,76.7735,0.0,0.0,0.131,0.0,24.9975,0.037,661.95,15.0896,251.925,0.0,4.59,148.545,50.0,81.8925,25.0,650.5,50.0,0.0,0.0,0.124,1000.0,0.0,20.695,0.0,100.0,186307.0,0.4632,20.0,0.0,0.0,46.068,0.5,186307.0,0.0,0.3794,590.07,0.124,0.1311,2.6002,210.82,0.0,488.45,0.0,523.83,357.8901,0.0,2.6003,75.615,184.015,9.9843,26.49,100.0,520.0,85.11,61.2,5999.7334,0.7,26.91,85.335,0.0,15.7189,24.9975,100.0,0.0,0.037,0.0,83.49,600.0,66.2193,590.07,523.83,100.0,186300.0,343.11,10.9101,100.0,9.9843,9.9998,0.0,0.0,0.0,100.0,661.95,15.0896,20.6955,0.0,0.275,9.581,15.0927,0.0,0.0,33.135,0.0,0.0,0.037,686.2,100.0,1772.8199,517.01,25.99,0.0,38.0,4.125,0.0,76.7735,4.59,82.185,710.0,19.4461,74.597,0.0,0.15,0.3151,590.0,12.9625,673.45,0.0,0.037,0.1497,2.6,184.015,74.597,0.1497,4998.4248,517.0,517.01,680.0,517.005
57.6,210.82,0.0,210.82,4.368,75.6168,710.08,24.9975,173.3805,523.83,43.8958,0.0,110.0,273.85,186296.0,489.42,88.0,0.0,0.0,343.11,0.0,0.0,9.9998,0.0,96.08,0.0,50.0,180.0,11.118,0.0,0.0,75.6168,680.1,43.8803,0.0,100.0,0.0,3000.0,590.07,33.135,184.015,100.0,184.015,486.495,46.068,25.48,184.015,100.0,0.0,0.0,0.0,0.0,9.1108,24.9975,100.0,1772.8199,0.0,517.04,-1.0,0.0,0.0,60.0,50000.0,25.04,0.0,0.0,46.068,184.015,0.0,487.485,0.4632,0.0,5000.0,12.9639,600.06,0.1284,0.0,100.0,544.76,517.0,49.92,0.0,0.0,15.0866,5000.04,0.0,590.07,681.85,0.0,210.82,0.037,100.0,15.0866,94.38,100.0,994.95,0.209,100.0,15.7189,3.35,100.0,15.0866,0.0,186296.0,15.0866,517.04,100.0,0.0,680.1,250.0,24.9975,0.0,4.59,680.1,0.0,0.0,0.037,686.1875,0.1497,100.0,0.0,0.3794,0.0,10.9102,0.0,100.0,173.39,0.0,1000.2,999.9,0.0,0.294,84.555,686.2,72.5738,0.0,670.2,0.0,710.08,1772.8199,523.83,50.0,0.3151,0.2439,1000.2,0.7,186296.0,543.76,43.8803,676.75,680.0,0.0,0.0,0.0,0.1803,0.681,0.0,0.0,0.037,180.0125,0.0,0.0,12.34,2.6,26.555,0.1284,1000.0,1.0,66.2192,570.9,50.0,145.574,5000.0,0.0,100.0,0.1978,600.12,28.0937,0.0,3000.0,24.9975,25.6435,680.1,184.015,9.9998,0.0,0.0,0.0,3000.0,286.3575,96.08,72.5738,0.0,2.6003,0.0,0.3794,11.118,20.6939,15.0896,343.11,0.2999,517.04,19.4458,0.5,0.0,0.0,0.0,2.6002,0.0,250.0,100.0,33.0,0.0,50.0,0.0,5000.04,2200.0,686.2,28.0937,26.91,1.76,355.95,355.95,57.6,4998.4248,180.0125,1.0031,0.0,0.1284,86.0,0.0,0.0,0.0,50.0,0.0,76.7733,0.0,0.0,0.131,0.0,24.9975,0.037,661.95,15.0866,251.925,0.0,4.59,148.545,50.0,81.915,25.0,650.5,50.0,0.0,0.0,0.124,1000.0,0.0,20.6939,0.0,100.0,186307.0,0.4632,20.0,0.0,0.0,46.104,0.5,186307.0,0.0,0.3794,590.07,0.124,0.1311,2.6002,210.82,0.0,488.48,0.0,523.83,357.4768,0.0,2.6003,75.615,184.015,9.9842,26.49,100.0,520.0,85.08,61.2,5999.7334,0.7,26.91,85.29,0.0,15.7189,24.9975,100.0,0.0,0.037,0.0,83.4675,600.0,66.2192,590.07,523.83,100.0,186300.0,343.11,10.9102,100.0,9.9842,9.9998,0.0,0.0,0.0,100.0,661.95,15.0866,20.6944,0.0,0.275,9.58,15.0896,0.0,0.0,33.135,0.0,0.0,0.037,686.2,100.0,1772.8199,517.04,25.99,0.0,38.0,4.1766,0.0,76.7733,4.59,82.2375,710.0,19.4458,74.6139,0.0,0.15,0.3151,590.0,12.9639,673.45,0.0,0.037,0.1497,2.6,184.015,74.6139,0.1497,4998.4248,517.0,517.04,680.0,517.04
57.5625,210.82,0.0,210.82,4.364,75.6163,710.08,24.9975,173.367,523.83,43.8803,0.0,110.0,273.85,186296.0,489.465,88.0,0.0,0.0,343.11,0.0,0.0,9.9998,0.0,96.08,0.0,50.0,180.0,11.1163,0.0,0.0,75.6163,680.1,43.8648,0.0,100.0,0.0,3000.0,590.1025,33.13,184.015,100.0,184.015,486.495,46.104,25.48,184.015,100.0,0.0,0.0,0.0,0.0,9.1108,24.9975,100.0,1772.8199,0.0,517.04,-1.0,0.0,0.0,60.0,50000.0,25.04,0.0,0.0,46.104,184.015,0.0,487.485,0.4632,0.0,5000.0,12.9652,600.12,0.1284,0.0,100.0,544.8,517.05,49.92,0.0,0.0,15.0835,5000.04,0.0,590.1025,681.85,0.0,210.82,0.037,100.0,15.0835,94.38,100.0,994.95,0.209,100.0,15.7189,3.35,100.0,15.0835,0.0,186296.0,15.0835,517.04,100.0,0.0,680.1,250.0,24.9975,0.0,4.59,680.1,0.0,0.0,0.037,686.1875,0.1497,100.0,0.0,0.3794,0.0,10.9102,0.0,100.0,173.362,0.0,1000.2,999.9,0.0,0.294,84.6,686.2,72.5737,0.0,670.2,0.0,710.08,1772.8199,523.83,50.0,0.3151,0.2439,1000.2,0.7,186296.0,543.8,43.8648,676.75,680.0,0.0,0.0,0.0,0.1802,0.681,0.0,0.0,0.037,180.0125,0.0,0.0,12.341,2.6,26.555,0.1284,1000.0,1.0,66.2191,571.25,50.0,145.574,5000.0,0.0,100.0,0.1978,600.12,28.0937,0.0,3000.0,24.9975,25.6655,680.1,184.015,9.9998,0.0,0.0,0.0,3000.0,286.74,96.08,72.5737,0.0,2.6003,0.0,0.3794,11.1163,20.6779,15.0866,343.11,0.2999,517.04,19.4448,0.5,0.0,0.0,0.0,2.6002,0.0,250.0,100.0,33.0,0.0,50.0,0.0,5000.04,2200.0,686.2,28.0937,26.91,1.76,355.95,355.95,57.6,5000.3247,180.0125,1.0033,0.0,0.1284,86.85,0.0,0.0,0.0,50.0,0.0,76.773,0.0,0.0,0.131,0.0,24.9975,0.037,661.95,15.0835,251.925,0.0,4.59,148.545,50.0,81.8775,25.0,650.5,50.0,0.0,0.0,0.124,1000.0,0.0,20.6779,0.0,100.0,186296.0,0.4632,20.0,0.0,0.0,46.134,0.5,186296.0,0.0,0.3794,590.1025,0.124,0.131,2.6002,210.82,0.0,488.48,0.0,523.83,358.3034,0.0,2.6003,75.615,184.015,9.9842,26.49,100.0,520.0,85.1025,61.2,5999.7334,0.7,26.91,85.335,0.0,15.7189,24.9975,100.0,0.0,0.037,0.0,83.4675,600.0,66.2191,590.1025,523.83,100.0,186300.0,343.11,10.9102,100.0,9.9842,9.9998,0.0,0.0,0.0,100.0,661.95,15.0835,20.6934,0.0,0.275,9.579,15.0866,0.0,0.0,33.135,0.0,0.0,0.037,686.2,100.0,1772.8199,517.04,25.99,0.0,38.0,4.4906,0.0,76.773,4.59,82.26,710.0,19.4448,74.6308,0.0,0.15,0.3151,590.0,12.9652,673.45,0.0,0.037,0.1497,2.6,184.015,74.6308,0.1497,5000.3247,517.05,517.04,680.0,517.04
57.525,210.84,0.0,210.84,4.361,75.6158,710.08,24.9975,173.367,523.86,43.8648,0.0,110.0,273.85,186296.0,489.51,88.0,0.0,0.0,343.14,0.0,0.0,9.9998,0.0,96.08,0.0,50.0,180.0,11.1161,0.0,0.0,75.6158,680.1,43.8494,0.0,100.0,0.0,3000.0,590.1025,33.13,184.015,100.0,184.015,486.54,46.134,25.48,184.015,100.0,0.0,0.0,0.0,0.0,9.1108,24.9975,100.0,1772.8199,0.0,517.075,-1.0,0.0,0.0,60.0,50000.0,25.04,0.0,0.0,46.134,184.015,0.0,487.53,0.4632,0.0,5000.0,12.9665,600.12,0.1283,0.0,100.0,544.8,517.05,49.92,0.0,0.0,15.0891,5000.04,0.0,590.1025,681.85,0.0,210.84,0.037,100.0,15.0891,94.38,100.0,995.4,0.2089,100.0,15.7189,3.35,100.0,15.0891,0.0,186296.0,15.0891,517.075,100.0,0.0,680.1,250.0,24.9975,0.0,4.59,680.1,0.0,0.0,0.037,686.1875,0.1497,100.0,0.0,0.3794,0.0,10.9103,0.0,100.0,173.362,0.0,1000.2,999.9,0.0,0.294,84.6225,686.2,72.5736,0.0,670.2,0.0,710.08,1772.8199,523.86,50.0,0.3151,0.2439,1000.2,0.7,186296.0,543.8,43.8494,676.75,680.0,0.0,0.0,0.0,0.1802,0.681,0.0,0.0,0.037,180.0125,0.0,0.0,12.341,2.6,26.555,0.1283,1000.0,1.0,66.219,571.6,50.0,145.574,5000.0,0.0,100.0,0.1977,600.12,28.0937,0.0,3000.0,24.9975,25.682,680.1,184.015,9.9998,0.0,0.0,0.0,3000.0,286.9425,96.08,72.5736,0.0,2.6003,0.0,0.3794,11.1161,20.6763,15.0835,343.11,0.2999,517.075,19.4443,0.5,0.0,0.0,0.0,2.6002,0.0,250.0,100.0,33.0,0.0,50.0,0.0,5000.04,2200.0,686.2,28.0937,26.91,1.76,356.0,356.0,57.525,5000.3247,180.0125,1.0034,0.0,0.1283,86.15,0.0,0.0,0.0,50.0,0.0,76.7728,0.0,0.0,0.131,0.0,24.9975,0.037,661.95,15.0891,251.925,0.0,4.59,148.545,50.0,81.855,25.0,650.5,50.0,0.0,0.0,0.124,1000.0,0.0,20.6763,0.0,100.0,186296.0,0.4632,20.0,0.0,0.0,46.164,0.5,186296.0,0.0,0.3794,590.1025,0.124,0.131,2.6002,210.84,0.0,488.51,0.0,523.83,358.3723,0.0,2.6003,75.615,184.015,9.9841,26.49,100.0,520.0,85.1325,61.2,5999.7334,0.7,26.91,85.3575,0.0,15.7189,24.9975,100.0,0.0,0.037,0.0,83.5125,600.0,66.219,590.1025,523.86,100.0,186300.0,343.11,10.9103,100.0,9.9841,9.9998,0.0,0.0,0.0,100.0,661.95,15.0891,20.6771,0.0,0.275,9.578,15.0835,0.0,0.0,33.13,0.0,0.0,0.037,686.2,100.0,1772.8199,517.07,25.99,0.0,38.0,4.4984,0.0,76.7728,4.59,82.2225,710.0,19.4443,74.597,0.0,0.15,0.3151,590.0,12.9665,673.45,0.0,0.037,0.1497,2.6,184.015,74.597,0.1497,5000.3247,517.05,517.07,680.0,517.075
57.6,210.84,0.0,210.84,4.361,75.6153,710.08,24.9975,173.3265,523.86,43.8494,0.0,110.0,273.9,186296.0,489.51,88.0,0.0,0.0,343.14,0.0,0.0,9.9998,0.0,96.08,0.0,50.0,180.0,11.116,0.0,0.0,75.6153,680.1,43.8301,0.0,100.0,0.0,3000.0,590.1025,33.13,184.015,100.0,184.015,486.54,46.164,25.48,184.015,100.0,0.0,0.0,0.0,0.0,9.1113,24.9975,100.0,1772.8199,0.0,517.11,-1.0,0.0,0.0,60.0,50000.0,25.04,0.0,0.0,46.164,184.015,0.0,487.53,0.4632,0.0,5000.0,12.9679,600.12,0.1283,0.0,100.0,544.8,517.1,49.925,0.0,0.0,15.0863,5000.04,0.0,590.1025,681.85,0.0,210.84,0.037,100.0,15.0863,94.38,100.0,995.4,0.2089,100.0,15.7189,3.35,100.0,15.0863,0.0,186296.0,15.0863,517.11,100.0,0.0,680.1,250.0,24.9975,0.0,4.59,680.1,0.0,0.0,0.037,686.1875,0.1497,100.0,0.0,0.3794,0.0,10.9104,0.0,100.0,173.32,0.0,1000.2,999.9,0.0,0.294,84.6225,686.2,72.5735,0.0,670.2,0.0,710.08,1772.8199,523.86,50.0,0.3151,0.2439,1000.2,0.7,186296.0,543.8,43.8301,676.75,680.05,0.0,0.0,0.0,0.1802,0.681,0.0,0.0,0.037,180.0125,0.0,0.0,12.341,2.6,26.555,0.1283,1000.0,1.0,66.2189,571.5,50.0,145.574,5000.0,0.0,100.0,0.1977,599.94,28.0937,0.0,3000.0,24.9975,25.6985,680.1,184.015,9.9998,0.0,0.0,0.0,3000.0,286.83,96.08,72.5735,0.0,2.6003,0.0,0.3794,11.116,20.6747,15.0891,343.14,0.2999,517.11,19.4438,0.5,0.0,0.0,0.0,2.6002,0.0,250.0,100.0,33.0,0.0,50.0,0.0,5000.04,2200.0,686.2,28.0937,26.91,1.76,356.0,356.0,57.5625,5000.3247,180.0125,1.0034,0.0,0.1283,86.5,0.0,0.0,0.0,50.0,0.0,76.7725,0.0,0.0,0.131,0.0,24.9975,0.037,661.95,15.0863,251.925,0.0,4.59,148.545,50.0,81.8925,25.0,650.5,50.0,0.0,0.0,0.124,1000.0,0.0,20.6747,0.0,100.0,186296.0,0.4632,20.0,0.0,0.0,46.194,0.5,186296.0,0.0,0.3794,590.1025,0.124,0.131,2.6002,210.84,0.0,488.54,0.0,523.86,357.8901,0.0,2.6003,75.615,184.015,9.984,26.49,100.0,520.0,85.1475,61.2,5999.7334,0.7,26.91,85.3875,0.0,15.7189,24.9975,100.0,0.0,0.037,0.0,83.4975,600.0,66.2189,590.1025,523.86,100.0,186300.0,343.14,10.9104,100.0,9.984,9.9998,0.0,0.0,0.0,100.0,661.95,15.0863,20.6755,0.0,0.275,9.577,15.0891,0.0,0.0,33.13,0.0,0.0,0.037,686.2,100.0,1772.8199,517.1,25.99,0.0,38.0,4.0781,0.0,76.7725,4.59,82.2,710.0,19.4438,74.6133,0.0,0.15,0.3151,590.0,12.9679,673.45,0.0,0.037,0.1497,2.6,184.015,74.6133,0.1497,5000.3247,517.1,517.1,680.0,517.11
57.6,210.84,0.0,210.84,4.361,75.6133,710.16,24.9975,173.3265,523.86,43.8301,0.0,110.0,273.9,186296.0,489.555,88.0,0.0,0.0,343.14,0.0,0.0,9.9998,0.0,96.08,0.0,50.0,180.0,11.1158,0.0,0.0,75.6133,680.1,43.8145,0.0,100.0,0.0,3000.0,590.1025,33.13,184.015,100.0,184.015,486.585,46.194,25.48,184.015,100.0,0.0,0.0,0.0,0.0,9.1113,24.9975,100.0,1772.8199,0.0,517.11,-1.0,0.0,0.0,60.0,50000.0,25.04,0.0,0.0,46.194,184.015,0.0,487.575,0.4632,0.0,5000.0,12.9692,599.94,0.1283,0.0,100.0,544.8,517.1,49.925,0.0,0.0,15.0835,5000.04,0.0,590.1025,681.85,0.0,210.84,0.037,100.0,15.0835,94.38,100.0,995.4,0.2089,100.0,15.7189,3.35,100.0,15.0835,0.0,186296.0,15.0835,517.11,100.0,0.0,680.1,250.0,24.9975,0.0,4.5925,680.1,0.0,0.0,0.037,686.1875,0.1497,100.0,0.0,0.3794,0.0,10.9104,0.0,100.0,173.32,0.0,1000.2,999.9,0.0,0.294,84.6675,686.2,72.5727,0.0,670.2,0.0,710.16,1772.8199,523.86,50.0,0.3151,0.2439,1000.2,0.7,186296.0,543.8,43.8145,676.75,680.05,0.0,0.0,0.0,0.1802,0.681,0.0,0.0,0.037,180.025,0.0,0.0,12.34,2.6,26.555,0.1283,1000.0,1.0,66.2189,570.85,50.0,145.585,5000.0,0.0,100.0,0.1977,600.0,28.0936,0.0,3000.0,24.9975,25.7205,680.1,184.015,9.9998,0.0,0.0,0.0,3000.0,286.92,96.08,72.5727,0.0,2.6003,0.0,0.3794,11.1158,20.6732,15.0863,343.14,0.2999,517.11,19.4456,0.5,0.0,0.0,0.0,2.6002,0.0,250.0,100.0,33.0,0.0,50.0,0.0,5000.04,2200.0,686.2,28.0936,26.91,1.76,356.0,356.0,57.6,5000.3247,180.025,1.0035,0.0,0.1283,86.875,0.0,0.0,0.0,50.0,0.0,76.7723,0.0,0.0,0.131,0.0,24.9975,0.037,661.95,15.0835,251.925,0.0,4.5925,148.5562,50.0,81.93,25.0,650.5,50.0,0.0,0.0,0.124,1000.0,0.0,20.6732,0.0,100.0,186296.0,0.4632,20.0,0.0,0.0,46.218,0.5,186296.0,0.0,0.3794,590.1025,0.124,0.131,2.6002,210.84,0.0,488.57,0.0,523.86,357.8212,0.0,2.6003,75.615,184.015,9.9839,26.49,100.0,520.0,85.125,61.2,5999.7334,0.7,26.91,85.3575,0.0,15.7189,24.9975,100.0,0.0,0.037,0.0,83.4975,600.0,66.2189,590.1025,523.86,100.0,186300.0,343.14,10.9104,100.0,9.9839,9.9998,0.0,0.0,0.0,100.0,661.95,15.0835,20.674,0.0,0.275,9.576,15.0863,0.0,0.0,33.13,0.0,0.0,0.037,686.2,100.0,1772.8199,517.13,25.99,0.0,38.0,4.7734,0.0,76.7723,4.5925,82.2,710.0,19.4456,74.6295,0.0,0.15,0.3151,590.0,12.9692,673.5,0.0,0.037,0.1497,2.6,184.015,74.6295,0.1497,5000.3247,517.1,517.13,680.0,517.11
57.6,210.84,0.0,210.84,4.361,75.6123,710.16,24.9975,173.3265,523.86,43.8145,0.0,110.0,273.9,186296.0,489.555,88.0,0.0,0.0,343.14,0.0,0.0,9.9998,0.0,96.08,0.0,50.0,180.0,11.1156,0.0,0.0,75.6123,680.1,43.7989,0.0,100.0,0.0,3000.0,590.1025,33.13,184.015,100.0,184.015,486.585,46.218,25.48,184.015,100.0,0.0,0.0,0.0,0.0,9.1113,24.9975,100.0,1772.8199,0.0,517.11,-1.0,0.0,0.0,60.0,50000.0,25.04,0.0,0.0,46.218,184.015,0.0,487.575,0.4632,0.0,5000.0,12.9705,600.0,0.1283,0.0,100.0,544.8,517.15,49.925,0.0,0.0,15.0807,5000.04,0.0,590.1025,681.85,0.0,210.84,0.037,100.0,15.0807,94.38,100.0,995.4,0.2089,100.0,15.7189,3.35,100.0,15.0807,0.0,186296.0,15.0807,517.11,100.0,0.0,680.1,250.0,24.9975,0.0,4.5925,680.1,0.0,0.0,0.037,686.1875,0.1497,100.0,0.0,0.3794,0.0,10.9105,0.0,100.0,173.32,0.0,1000.2,999.9,0.0,0.294,84.705,686.2,72.5725,0.0,670.2,0.0,710.16,1772.8199,523.86,50.0,0.3151,0.2439,1000.2,0.7,186296.0,543.8,43.7989,676.75,680.05,0.0,0.0,0.0,0.1802,0.681,0.0,0.0,0.037,180.025,0.0,0.0,12.34,2.6,26.555,0.1283,1000.0,1.0,66.2188,570.85,50.0,145.585,5000.0,0.0,100.0,0.1977,600.12,28.0936,0.0,3000.0,24.9975,25.7425,680.1,184.015,9.9998,0.0,0.0,0.0,3000.0,286.92,96.08,72.5725,0.0,2.6003,0.0,0.3794,11.1156,20.6716,15.0835,343.14,0.2999,517.11,19.4451,0.5,0.0,0.0,0.0,2.6002,0.0,250.0,100.0,33.0,0.0,50.0,0.0,5000.04,2200.0,686.2,28.0936,26.91,1.76,356.0,356.0,57.6,5000.3247,180.025,1.0035,0.0,0.1283,86.875,0.0,0.0,0.0,50.0,0.0,76.772,0.0,0.0,0.131,0.0,24.9975,0.037,661.95,15.0807,251.925,0.0,4.5925,148.5562,50.0,81.93,25.0,650.5,50.0,0.0,0.0,0.124,1000.0,0.0,20.6716,0.0,100.0,186296.0,0.4632,20.0,0.0,0.0,46.218,0.5,186296.0,0.0,0.3794,590.1025,0.124,0.131,2.6002,210.84,0.0,488.57,0.0,523.86,357.8212,0.0,2.6003,75.615,184.015,9.9838,26.49,100.0,520.0,85.125,61.2,5999.7334,0.7,26.91,85.38,0.0,15.7189,24.9975,100.0,0.0,0.037,0.0,83.5275,600.0,66.2188,590.1025,523.86,100.0,186300.0,343.14,10.9105,100.0,9.9838,9.9998,0.0,0.0,0.0,100.0,661.95,15.0807,20.6724,0.0,0.275,9.576,15.0835,0.0,0.0,33.13,0.0,0.0,0.037,686.2,100.0,1772.8199,517.13,25.99,0.0,38.0,4.7734,0.0,76.772,4.5925,82.1775,710.0,19.4451,74.6458,0.0,0.15,0.3151,590.0,12.9705,673.5,0.0,0.037,0.1497,2.6,184.015,74.6458,0.1497,5000.3247,517.15,517.13,680.0,517.11
57.6,210.86,0.0,210.86,4.362,75.6113,710.16,24.9975,173.286,523.86,43.7989,0.0,110.0,273.9,186296.0,489.555,88.0,0.0,0.0,343.14,0.0,0.0,9.9998,0.0,96.08,0.0,50.0,180.0,11.1154,0.0,0.0,75.6113,680.1,43.7833,0.0,100.0,0.0,3000.0,590.1025,33.125,184.015,100.0,184.015,486.585,46.218,25.48,184.015,100.0,0.0,0.0,0.0,0.0,9.1113,24.9975,100.0,1772.8199,0.0,517.145,-1.0,0.0,0.0,60.0,50000.0,25.04,0.0,0.0,46.218,184.015,0.0,487.575,0.4632,0.0,5000.0,12.9719,600.12,0.1283,0.0,100.0,544.8,517.15,49.925,0.0,0.0,15.0779,5000.04,0.0,590.1025,681.85,0.0,210.86,0.037,100.0,15.0779,94.38,100.0,995.4,0.2088,100.0,15.7189,3.35,100.0,15.0779,0.0,186296.0,15.0779,517.145,100.0,0.0,680.1,250.0,24.9975,0.0,4.5925,680.1,0.0,0.0,0.037,686.225,0.1497,100.0,0.0,0.3794,0.0,10.9105,0.0,100.0,173.278,0.0,1000.2,999.9,0.0,0.294,84.705,686.2,72.5722,0.0,670.2,0.0,710.16,1772.8199,523.86,50.0,0.3151,0.2439,1000.2,0.7,186296.0,543.8,43.7833,676.75,680.05,0.0,0.0,0.0,0.1802,0.681,0.0,0.0,0.037,180.025,0.0,0.0,12.34,2.6,26.555,0.1283,1000.0,1.0,66.2187,570.85,50.0,145.585,5000.0,0.0,100.0,0.1976,600.12,28.0936,0.0,3000.0,24.9975,25.7425,680.1,184.015,9.9998,0.0,0.0,0.0,3000.0,287.1225,96.08,72.5722,0.0,2.6003,0.0,0.3794,11.1154,20.6701,15.0807,343.14,0.2999,517.145,19.4436,0.5,0.0,0.0,0.0,2.6002,0.0,250.0,100.0,33.0,0.0,50.0,0.0,5000.04,2200.0,686.2,28.0936,26.91,1.76,356.05,356.05,57.5625,5000.3247,180.025,1.0036,0.0,0.1283,86.65,0.0,0.0,0.0,50.0,0.0,76.7718,0.0,0.0,0.131,0.0,24.9975,0.037,661.95,15.0779,251.95,0.0,4.5925,148.5562,50.0,81.93,25.0,650.5,50.0,0.0,0.0,0.1239,1000.0,0.0,20.6701,0.0,100.0,186296.0,0.4632,20.0,0.0,0.0,46.242,0.5,186296.0,0.0,0.3794,590.1025,0.1239,0.131,2.6002,210.86,0.0,488.57,0.0,523.86,358.0623,0.0,2.6003,75.615,184.015,9.9837,26.49,100.0,520.0,85.125,61.2,5999.7334,0.7,26.91,85.38,0.0,15.7189,24.9975,100.0,0.0,0.037,0.0,83.5275,600.0,66.2187,590.1025,523.86,100.0,186300.0,343.14,10.9105,100.0,9.9837,9.9998,0.0,0.0,0.0,100.0,661.95,15.0779,20.6709,0.0,0.275,9.574,15.0807,0.0,0.0,33.13,0.0,0.0,0.037,686.2,100.0,1772.8199,517.16,25.99,0.0,38.0,4.2984,0.0,76.7718,4.5925,82.1775,710.0,19.4436,74.662,0.0,0.15,0.3151,590.0,12.9719,673.5,0.0,0.037,0.1497,2.6,184.015,74.662,0.1497,5000.3247,517.15,517.16,680.0,517.145
57.6,210.86,0.0,210.86,4.361,75.6118,710.16,24.9975,173.232,523.86,43.7833,0.0,110.0,273.9,186296.0,489.6,88.0,0.0,0.0,343.14,0.0,0.0,9.9998,0.0,96.08,0.0,50.0,180.0,11.1153,0.0,0.0,75.6118,680.1,43.7678,0.0,100.0,0.0,3000.0,590.1025,33.125,184.015,100.0,184.015,486.63,46.242,25.48,184.015,100.0,0.0,0.0,0.0,0.0,9.1113,24.9975,100.0,1772.8199,0.0,517.18,-1.0,0.0,0.0,60.0,50000.0,25.04,0.0,0.0,46.242,184.015,0.0,487.62,0.4632,0.0,5000.0,12.9732,600.12,0.1283,0.0,100.0,544.8,517.2,49.925,0.0,0.0,15.0752,5000.04,0.0,590.1025,681.85,0.0,210.86,0.037,100.0,15.0752,94.38,100.0,995.4,0.2088,100.0,15.7189,3.35,100.0,15.0752,0.0,186296.0,15.0752,517.18,100.0,0.0,680.1,250.0,24.9975,0.0,4.5925,680.1,0.0,0.0,0.037,686.225,0.1497,100.0,0.0,0.3794,0.0,10.9106,0.0,100.0,173.222,0.0,1000.2,999.9,0.0,0.294,84.72,686.2,72.572,0.0,670.2,0.0,710.16,1772.8199,523.86,50.0,0.3151,0.2439,1000.2,0.7,186296.0,543.8,43.7678,676.75,680.05,0.0,0.0,0.0,0.1801,0.681,0.0,0.0,0.037,180.0125,0.0,0.0,12.342,2.6,26.555,0.1283,1000.0,1.0,66.2186,571.0,50.0,145.585,5000.0,0.0,100.0,0.1976,600.0,28.0936,0.0,3000.0,24.9975,25.7645,680.1,184.015,9.9998,0.0,0.0,0.0,3000.0,286.425,96.08,72.572,0.0,2.6003,0.0,0.3794,11.1153,20.6685,15.0779,343.14,0.2999,517.18,19.4431,0.5,0.0,0.0,0.0,2.6004,0.0,250.0,100.0,33.0,0.0,50.0,0.0,5000.04,2200.0,686.2,28.0936,26.91,1.76,356.05,356.05,57.525,5000.3247,180.0125,1.0037,0.0,0.1283,86.775,0.0,0.0,0.0,50.0,0.0,76.7708,0.0,0.0,0.1309,0.0,24.9975,0.037,661.95,15.0752,251.95,0.0,4.5925,148.5562,50.0,82.02,25.0,650.5,50.0,0.0,0.0,0.1239,1000.0,0.0,20.6685,0.0,100.0,186296.0,0.4632,20.0,0.0,0.0,46.29,0.5,186296.0,0.0,0.3794,590.1025,0.1239,0.1309,2.6004,210.86,0.0,488.63,0.0,523.86,358.2345,0.0,2.6003,75.61,184.015,9.9837,26.49,100.0,520.0,85.1175,61.2,5999.7334,0.7,26.91,85.4175,0.0,15.7189,24.9975,100.0,0.0,0.037,0.0,83.5725,600.0,66.2186,590.1025,523.86,100.0,186300.0,343.14,10.9106,100.0,9.9837,9.9998,0.0,0.0,0.0,100.0,661.95,15.0752,20.6693,0.0,0.275,9.572,15.0779,0.0,0.0,33.125,0.0,0.0,0.037,686.2,100.0,1772.8199,517.19,25.99,0.0,38.0,4.0828,0.0,76.7708,4.5925,82.155,710.0,19.4431,74.6277,0.0,0.15,0.3151,590.0,12.9732,673.5,0.0,0.037,0.1497,2.6,184.015,74.6277,0.1497,5000.3247,517.2,517.19,680.0,517.18
57.6,210.86,0.0,210.86,4.361,75.6113,710.16,24.9975,173.232,523.86,43.7678,0.0,110.0,273.9,186296.0,489.6,88.0,0.0,0.0,343.14,0.0,0.0,9.9998,0.0,96.08,0.0,50.0,180.0,11.1151,0.0,0.0,75.6113,680.1,43.7522,0.0,100.0,0.0,3000.0,590.1025,33.125,184.015,100.0,184.015,486.63,46.29,25.48,184.015,100.0,0.0,0.0,0.0,0.0,9.1113,24.9975,100.0,1772.8199,0.0,517.18,-1.0,0.0,0.0,60.0,50000.0,25.04,0.0,0.0,46.29,184.015,0.0,487.62,0.4632,0.0,5000.0,12.9745,600.0,0.1283,0.0,100.0,544.8,517.2,49.925,0.0,0.0,15.0724,5000.04,0.0,590.1025,681.85,0.0,210.86,0.037,100.0,15.0724,94.38,100.0,995.4,0.2088,100.0,15.7189,3.35,100.0,15.0724,0.0,186296.0,15.0724,517.18,100.0,0.0,680.1,250.0,24.9975,0.0,4.5925,680.1,0.0,0.0,0.037,686.225,0.1497,100.0,0.0,0.3794,0.0,10.9106,0.0,100.0,173.222,0.0,1000.2,999.9,0.0,0.294,84.72,686.2,72.5717,0.0,670.2,0.0,710.16,1772.8199,523.86,50.0,0.3151,0.2439,1000.2,0.7,186296.0,543.8,43.7522,676.75,680.05,0.0,0.0,0.0,0.1801,0.681,0.0,0.0,0.037,180.0125,0.0,0.0,12.342,2.6,26.555,0.1283,1000.0,1.0,66.2185,571.0,50.0,145.585,5000.0,0.0,100.0,0.1976,600.0,28.0936,0.0,3000.0,24.9975,25.7645,680.1,184.015,9.9998,0.0,0.0,0.0,3000.0,286.425,96.08,72.5717,0.0,2.6003,0.0,0.3794,11.1151,20.667,15.0752,343.14,0.2999,517.18,19.4441,0.5,0.0,0.0,0.0,2.6004,0.0,250.0,100.0,33.0,0.0,50.0,0.0,5000.04,2200.0,686.2,28.0936,26.91,1.76,356.05,356.05,57.525,5000.3247,180.0125,1.0037,0.0,0.1283,86.775,0.0,0.0,0.0,50.0,0.0,76.7703,0.0,0.0,0.1309,0.0,24.9975,0.037,661.95,15.0724,251.95,0.0,4.5925,148.5562,50.0,82.02,25.0,650.5,50.0,0.0,0.0,0.1239,1000.0,0.0,20.667,0.0,100.0,186296.0,0.4632,20.0,0.0,0.0,46.29,0.5,186296.0,0.0,0.3794,590.1025,0.1239,0.1309,2.6004,210.86,0.0,488.63,0.0,523.86,358.2345,0.0,2.6003,75.61,184.015,9.9836,26.49,100.0,520.0,85.1175,61.2,5999.7334,0.7,26.91,85.4175,0.0,15.7189,24.9975,100.0,0.0,0.037,0.0,83.5725,600.0,66.2185,590.1025,523.86,100.0,186300.0,343.14,10.9106,100.0,9.9836,9.9998,0.0,0.0,0.0,100.0,661.95,15.0724,20.6678,0.0,0.275,9.572,15.0752,0.0,0.0,33.125,0.0,0.0,0.037,686.2,100.0,1772.8199,517.19,25.99,0.0,38.0,4.0828,0.0,76.7703,4.5925,82.155,710.0,19.4441,74.6433,0.0,0.15,0.3151,590.0,12.9745,673.5,0.0,0.037,0.1497,2.6,184.015,74.6433,0.1497,5000.3247,517.2,517.19,680.0,517.18
57.5625,210.88,0.0,210.88,4.36,75.6108,710.16,24.9975,173.232,523.89,43.7522,0.0,110.0,273.9,186296.0,489.6,88.0,0.0,0.0,343.14,0.0,0.0,9.9998,0.0,96.08,0.0,50.0,180.0,11.1149,0.0,0.0,75.6108,680.1,43.7366,0.0,100.0,0.0,3000.0,590.1025,33.12,184.015,100.0,184.015,486.675,46.29,25.48,184.015,100.0,0.0,0.0,0.0,0.0,9.1113,24.9975,100.0,1772.8199,0.0,517.215,-1.0,0.0,0.0,60.0,50000.0,25.04,0.0,0.0,46.29,184.015,0.0,487.665,0.4632,0.0,5000.0,12.9759,600.0,0.1283,0.0,100.0,544.8,517.2,49.925,0.0,0.0,15.0696,5000.04,0.0,590.1025,681.85,0.0,210.88,0.037,100.0,15.0696,94.38,100.0,995.4,0.2087,100.0,15.7189,3.35,100.0,15.0696,0.0,186296.0,15.0696,517.215,100.0,0.0,680.1,250.0,24.9975,0.0,4.5925,680.1,0.0,0.0,0.037,686.225,0.1497,100.0,0.0,0.3794,0.0,10.9107,0.0,100.0,173.222,0.0,1000.8,999.9,0.0,0.294,84.72,686.2,72.5715,0.0,670.2,0.0,710.16,1773.0,523.89,50.0,0.3151,0.2439,1000.8,0.7,186296.0,543.84,43.7366,676.75,680.05,0.0,0.0,0.0,0.1801,0.681,0.0,0.0,0.037,180.0125,0.0,0.0,12.34,2.6,26.555,0.1283,1000.0,1.0,66.2177,570.9,50.0,145.585,5000.0,0.0,100.0,0.1975,600.0,28.0936,0.0,3000.0,24.9975,25.781,680.1,184.015,9.9998,0.0,0.0,0.0,3000.0,287.145,96.08,72.5715,0.0,2.601,0.0,0.3794,11.1149,20.6654,15.0724,343.14,0.2999,517.215,19.4441,0.5,0.0,0.0,0.0,2.6004,0.0,250.0,100.0,33.0,0.0,50.0,0.0,5000.04,2200.0,686.2,28.0936,26.91,1.76,356.05,356.05,57.6,5000.3247,180.0125,1.0039,0.0,0.1283,86.575,0.0,0.0,0.0,50.0,0.0,76.7698,0.0,0.0,0.1309,0.0,24.9975,0.037,661.95,15.0696,251.95,0.0,4.5925,148.5562,50.0,82.0425,25.0,650.55,50.0,0.0,0.0,0.1239,1000.0,0.0,20.6654,0.0,100.0,186296.0,0.4632,20.0,0.0,0.0,46.344,0.5,186296.0,0.0,0.3794,590.1025,0.1239,0.1309,2.6004,210.88,0.0,488.63,0.0,523.86,357.6146,0.0,2.601,75.61,184.015,9.9827,26.49,100.0,520.0,85.065,61.2,5999.7334,0.7,26.91,85.455,0.0,15.7189,24.9975,100.0,0.0,0.037,0.0,83.595,600.0,66.2177,590.1025,523.89,100.0,186300.0,343.14,10.9107,100.0,9.9827,9.9998,0.0,0.0,0.0,100.0,661.95,15.0696,20.6662,0.0,0.275,9.571,15.0724,0.0,0.0,33.125,0.0,0.0,0.037,686.2,100.0,1772.8199,517.22,25.99,0.0,38.0,4.2484,0.0,76.7698,4.5925,82.2075,710.0,19.4441,74.6589,0.0,0.15,0.3151,590.0,12.9759,673.5,0.0,0.037,0.1497,2.6,184.015,74.6589,0.1497,5000.3247,517.2,517.22,680.0,517.215
57.5625,210.88,0.0,210.88,4.358,75.6103,710.16,24.9975,173.205,523.89,43.7366,0.0,110.0,273.95,186296.0,489.645,88.0,0.0,0.0,343.14,0.0,0.0,9.9998,0.0,96.08,0.0,50.0,180.0,11.1148,0.0,0.0,75.6103,680.1,43.7172,0.0,100.0,0.0,3000.0,590.1025,33.12,184.015,100.0,184.015,486.675,46.344,25.48,184.015,100.0,0.0,0.0,0.0,0.0,9.1118,24.9975,100.0,1773.0,0.0,517.25,-1.0,0.0,0.0,60.0,50000.0,25.04,0.0,0.0,46.344,184.015,0.0,487.665,0.4632,0.0,5000.0,12.9772,600.0,0.1282,0.0,100.0,544.84,517.25,49.925,0.0,0.0,15.0668,5000.04,0.0,590.1025,681.85,0.0,210.88,0.037,100.0,15.0668,94.38,100.0,995.4,0.2086,100.0,15.7189,3.35,100.0,15.0668,0.0,186296.0,15.0668,517.25,100.0,0.0,680.1,250.0,24.9975,0.0,4.595,680.1,0.0,0.0,0.037,686.225,0.1497,100.0,0.0,0.3794,0.0,10.9107,0.0,100.0,173.208,0.0,1000.8,999.9,0.0,0.294,84.69,686.2,72.5712,0.0,670.2,0.0,710.16,1773.0,523.89,50.0,0.3151,0.2439,1000.8,0.7,186296.0,543.84,43.7172,676.75,680.05,0.0,0.0,0.0,0.18,0.681,0.0,0.0,0.037,180.0125,0.0,0.0,12.341,2.6,26.555,0.1282,1000.0,1.0,66.2174,570.7,50.0,145.585,5000.0,0.0,100.0,0.1975,600.06,28.0936,0.0,3000.0,24.9975,25.803,680.1,184.015,9.9998,0.0,0.0,0.0,3000.0,286.875,96.08,72.5712,0.0,2.601,0.0,0.3794,11.1148,20.6639,15.0696,343.14,0.2999,517.25,19.4441,0.5,0.0,0.0,0.0,2.6004,0.0,250.0,100.0,33.0,0.0,50.0,0.0,5000.04,2200.0,686.2,28.0936,26.91,1.76,356.1,356.1,57.5625,5000.3247,180.0125,1.004,0.0,0.1282,86.425,0.0,0.0,0.0,50.0,0.0,76.7693,0.0,0.0,0.1309,0.0,24.9975,0.037,661.95,15.0668,251.95,0.0,4.595,148.5562,50.0,82.0725,25.0,650.55,50.0,0.0,0.0,0.1239,1000.0,0.0,20.6639,0.0,100.0,186296.0,0.4632,20.0,0.0,0.0,46.392,0.5,186296.0,0.0,0.3794,590.1025,0.1239,0.1309,2.6004,210.88,0.0,488.66,0.0,523.89,357.4424,0.0,2.601,75.61,184.015,9.9824,26.49,100.0,520.0,85.095,61.2,5999.7334,0.7,26.91,85.4475,0.0,15.7189,24.9975,100.0,0.0,0.037,0.0,83.5575,600.0,66.2174,590.1025,523.89,100.0,186300.0,343.14,10.9107,100.0,9.9824,9.9998,0.0,0.0,0.0,100.0,661.95,15.0668,20.6647,0.0,0.275,9.57,15.0696,0.0,0.0,33.12,0.0,0.0,0.037,686.2,100.0,1773.0,517.25,25.99,0.0,38.0,4.7578,0.0,76.7693,4.595,82.23,710.0,19.4441,74.6239,0.0,0.15,0.3151,590.0,12.9772,673.5,0.0,0.037,0.1497,2.6,184.015,74.6239,0.1497,5000.3247,517.25,517.25,680.0,517.25
57.5625,210.9,0.0,210.9,4.356,75.6083,710.16,24.9975,173.1915,523.92,43.7172,0.0,110.0,273.95,186296.0,489.69,88.0,0.0,0.0,343.17,0.0,0.0,9.9998,0.0,96.08,0.0,50.0,180.0,11.1146,0.0,0.0,75.6083,680.1,43.7015,0.0,100.0,0.0,3000.0,590.1025,33.115,184.015,100.0,184.015,486.72,46.392,25.48,184.015,100.0,0.0,0.0,0.0,0.0,9.1118,24.9975,100.0,1773.0,0.0,517.285,-1.0,0.0,0.0,60.0,50000.0,25.04,0.0,0.0,46.392,184.015,0.0,487.71,0.4632,0.0,5000.0,12.9785,600.06,0.1282,0.0,100.0,544.84,517.3,49.925,0.0,0.0,15.0641,5000.04,0.0,590.1025,681.85,0.0,210.9,0.037,100.0,15.0641,94.38,100.0,995.4,0.2086,100.0,15.7189,3.35,100.0,15.0641,0.0,186296.0,15.0641,517.285,100.0,0.0,680.1,250.0,24.9975,0.0,4.595,680.1,0.0,0.0,0.037,686.225,0.1497,100.0,0.0,0.3794,0.0,10.9108,0.0,100.0,173.194,0.0,1000.8,999.9,0.0,0.294,84.6675,686.2,72.571,0.0,670.2,0.0,710.16,1773.0,523.92,50.0,0.3151,0.2439,1000.8,0.7,186296.0,543.84,43.7015,676.75,680.05,0.0,0.0,0.0,0.18,0.681,0.0,0.0,0.037,180.025,0.0,0.0,12.34,2.6,26.555,0.1282,1000.0,1.0,66.217,571.35,50.0,145.585,5000.0,0.0,100.0,0.1974,600.06,28.0936,0.0,3000.0,24.9975,25.858,680.1,184.015,9.9998,0.0,0.0,0.0,3000.0,287.145,96.08,72.571,0.0,2.601,0.0,0.3794,11.1146,20.6623,15.0668,343.14,0.2999,517.285,19.4433,0.5,0.0,0.0,0.0,2.6004,0.0,250.0,100.0,33.0,0.0,50.0,0.0,5000.04,2200.0,686.2,28.0936,26.91,1.76,356.1,356.1,57.525,5000.3247,180.025,1.0041,0.0,0.1282,86.9,0.0,0.0,0.0,50.0,0.0,76.7688,0.0,0.0,0.1308,0.0,24.9975,0.037,661.95,15.0641,251.975,0.0,4.595,148.5562,50.0,81.9975,25.0,650.55,50.0,0.0,0.0,0.1238,1000.0,0.0,20.6623,0.0,100.0,186296.0,0.4632,20.0,0.0,0.0,46.47,0.5,186296.0,0.0,0.3794,590.1025,0.1238,0.1308,2.6004,210.9,0.0,488.72,0.0,523.89,357.4768,0.0,2.601,75.61,184.015,9.9821,26.49,100.0,520.0,85.035,61.2,5999.7334,0.7,26.91,85.41,0.0,15.7189,24.9975,100.0,0.0,0.037,0.0,83.58,600.0,66.217,590.1025,523.92,100.0,186300.0,343.14,10.9108,100.0,9.9821,9.9998,0.0,0.0,0.0,100.0,661.95,15.0641,20.6631,0.0,0.275,9.567,15.0668,0.0,0.0,33.12,0.0,0.0,0.037,686.24,100.0,1773.0,517.28,25.99,0.0,38.0,4.1062,0.0,76.7688,4.595,82.2825,710.0,19.4433,74.6389,0.0,0.15,0.3151,590.0,12.9785,673.5,0.0,0.037,0.1497,2.6,184.015,74.6389,0.1497,5000.3247,517.3,517.28,680.0,517.285
57.525,210.9,0.0,210.9,4.357,75.6073,710.16,24.9975,173.178,523.95,43.7015,0.0,110.0,273.95,186296.0,489.69,88.0,0.0,0.0,343.17,0.0,0.0,9.9998,0.0,96.08,0.0,50.0,180.0,11.1175,0.0,0.0,75.6073,680.15,43.682,0.0,100.0,0.0,3000.0,590.1025,33.115,184.015,100.0,184.015,486.765,46.47,25.48,184.015,100.0,0.0,0.0,0.0,0.0,9.1113,24.9975,100.0,1773.0,0.0,517.32,-1.0,0.0,0.0,60.0,50000.0,25.04,0.0,0.0,46.47,184.015,0.0,487.755,0.4632,0.0,5000.0,12.9799,600.06,0.1282,0.0,100.0,544.88,517.3,49.925,0.0,0.0,15.0699,5000.04,0.0,590.1025,681.85,0.0,210.9,0.037,100.0,15.0699,94.38,100.0,995.4,0.2086,100.0,15.7189,3.4,100.0,15.0699,0.0,186296.0,15.0699,517.32,100.0,0.0,680.15,250.0,24.9975,0.0,4.595,680.1,0.0,0.0,0.037,686.225,0.1497,100.0,0.0,0.3795,0.0,10.9109,0.0,100.0,173.166,0.0,1000.8,999.9,0.0,0.294,84.615,686.2,72.5707,0.0,670.2,0.0,710.16,1773.0,523.95,50.0,0.3151,0.2439,1000.8,0.7,186296.0,543.88,43.682,676.75,680.05,0.0,0.0,0.0,0.18,0.681,0.0,0.0,0.037,180.025,0.0,0.0,12.339,2.6,26.555,0.1282,1000.0,1.0,66.2167,570.85,50.0,145.585,5000.0,0.0,100.0,0.1974,600.06,28.0935,0.0,3000.0,24.9975,25.8855,680.15,184.015,9.9998,0.0,0.0,0.0,3000.0,286.5825,96.08,72.5707,0.0,2.601,0.0,0.3794,11.1175,20.6608,15.0641,343.17,0.2999,517.32,19.4431,0.5,0.0,0.0,0.0,2.6,0.0,250.0,100.0,33.0,0.0,50.0,0.0,5000.04,2200.0,686.2,28.0935,26.91,1.76,356.1,356.1,57.6,4997.9497,180.025,1.0042,0.0,0.1282,86.65,0.0,0.0,0.0,50.0,0.0,76.7698,0.0,0.0,0.1308,0.0,24.9975,0.037,661.95,15.0699,251.975,0.0,4.595,148.5562,50.0,82.035,25.0,650.55,50.0,0.0,0.0,0.1238,1000.0,0.0,20.6608,0.0,100.0,186296.0,0.4632,20.0,0.0,0.0,46.506,0.5,186296.0,0.0,0.3794,590.1025,0.1238,0.1308,2.6,210.9,0.0,488.72,0.0,523.92,357.959,0.0,2.601,75.61,184.015,9.9817,26.49,100.0,520.0,85.05,61.2,5999.7334,0.7,26.91,85.38,0.0,15.7189,24.9975,100.0,0.0,0.037,0.0,83.6175,600.0,66.2167,590.1025,523.95,100.0,186300.0,343.17,10.9109,100.0,9.9817,9.9998,0.0,0.0,0.0,100.0,661.95,15.0699,20.6615,0.0,0.275,9.566,15.0641,0.0,0.0,33.115,0.0,0.0,0.037,686.24,100.0,1773.0,517.31,25.99,0.0,38.0,4.2312,0.0,76.7698,4.595,82.275,710.0,19.4431,74.6033,0.0,0.15,0.3151,590.0,12.9799,673.5,0.0,0.037,0.1497,2.6,184.015,74.6033,0.1497,4997.9497,517.3,517.31,680.0,517.32
57.6,210.9,0.0,210.9,4.359,75.6078,710.24,24.9975,173.151,523.95,43.682,0.0,110.0,273.95,186296.0,489.735,88.0,0.0,0.0,343.17,0.0,0.0,9.9998,0.0,96.08,0.0,50.0,180.0,11.1186,0.0,0.0,75.6078,680.15,43.6624,0.0,100.0,0.0,3000.0,590.1025,33.115,184.015,100.0,184.015,486.765,46.506,25.48,184.015,100.0,0.0,0.0,0.0,0.0,9.1113,24.9975,100.0,1773.0,0.0,517.32,-1.0,0.0,0.0,60.0,50000.0,25.04,0.0,0.0,46.506,184.015,0.0,487.755,0.4632,0.0,5000.0,12.9919,600.06,0.1282,0.0,100.0,544.88,517.3,49.925,0.0,0.0,15.0674,5000.04,0.0,590.1025,681.9,0.0,210.9,0.037,100.0,15.0674,94.38,100.0,995.4,0.2086,100.0,15.7189,3.35,100.0,15.0674,0.0,186296.0,15.0674,517.32,100.0,0.0,680.15,250.0,24.9975,0.0,4.595,680.15,0.0,0.0,0.037,686.225,0.1497,100.0,0.0,0.3795,0.0,10.9109,0.0,100.0,173.152,0.0,1000.8,999.9,0.0,0.294,84.5775,686.2,72.5698,0.0,670.25,0.0,710.24,1773.0,523.95,50.0,0.3151,0.2439,1000.8,0.7,186296.0,543.88,43.6624,676.8,680.05,0.0,0.0,0.0,0.18,0.681,0.0,0.0,0.037,180.0125,0.0,0.0,12.338,2.6,26.555,0.1282,1000.0,1.0,66.2164,570.9,50.0,145.596,5000.0,0.0,100.0,0.1974,600.06,28.0935,0.0,3000.0,24.9975,25.913,680.15,184.015,9.9998,0.0,0.0,0.0,3000.0,286.965,96.08,72.5698,0.0,2.601,0.0,0.3795,11.1186,20.6592,15.0699,343.17,0.2999,517.32,19.4428,0.5,0.0,0.0,0.0,2.6,0.0,250.0,100.0,33.0,0.0,50.0,0.0,5000.04,2200.0,686.2,28.0935,26.91,1.76,356.1,356.1,57.6,4997.9497,180.0125,1.0042,0.0,0.1282,86.25,0.0,0.0,0.0,50.0,0.0,76.7698,0.0,0.0,0.1308,0.0,24.9975,0.037,661.95,15.0674,251.975,0.0,4.595,148.5675,50.0,81.99,25.0,650.55,50.0,0.0,0.0,0.1238,1000.0,0.0,20.6592,0.0,100.0,186296.0,0.4632,20.0,0.0,0.0,46.536,0.5,186296.0,0.0,0.3795,590.1025,0.1238,0.1308,2.6,210.9,0.0,488.75,0.0,523.95,358.3378,0.0,2.601,75.605,184.015,9.9814,26.49,100.0,520.0,85.0275,61.2,5999.7334,0.7,26.91,85.3575,0.0,15.7189,24.9975,100.0,0.0,0.037,0.0,83.58,600.0,66.2164,590.1025,523.95,100.0,186225.0,343.17,10.9109,100.0,9.9814,9.9998,0.0,0.0,0.0,100.0,661.95,15.0674,20.66,0.0,0.275,9.564,15.0699,0.0,0.0,33.115,0.0,0.0,0.037,686.24,100.0,1773.0,517.34,25.99,0.0,38.0,4.7,0.0,76.7698,4.595,82.305,710.0,19.4428,74.6176,0.0,0.15,0.3151,590.0,12.9919,673.5,0.0,0.037,0.1497,2.6,184.015,74.6176,0.1497,4997.9497,517.3,517.34,680.0,517.32
57.6,210.9,0.0,210.9,4.359,75.6073,710.24,24.9975,173.151,523.95,43.6624,0.0,110.0,273.95,186296.0,489.735,88.0,0.0,0.0,343.17,0.0,0.0,9.9998,0.0,96.08,0.0,50.0,180.0,11.1197,0.0,0.0,75.6073,680.15,43.6465,0.0,100.0,0.0,3000.0,590.1025,33.115,184.015,100.0,184.015,486.765,46.536,25.48,184.015,100.0,0.0,0.0,0.0,0.0,9.1113,24.9975,100.0,1773.0,0.0,517.32,-1.0,0.0,0.0,60.0,50000.0,25.04,0.0,0.0,46.536,184.015,0.0,487.755,0.4632,0.0,5000.0,12.9939,600.06,0.1282,0.0,100.0,544.88,517.3,49.925,0.0,0.0,15.0649,5000.04,0.0,590.1025,681.9,0.0,210.9,0.037,100.0,15.0649,94.38,100.0,995.4,0.2086,100.0,15.7189,3.35,100.0,15.0649,0.0,186296.0,15.0649,517.32,100.0,0.0,680.15,250.0,24.9975,0.0,4.595,680.15,0.0,0.0,0.037,686.225,0.1497,100.0,0.0,0.3795,0.0,10.911,0.0,100.0,173.152,0.0,1000.8,999.9,0.0,0.294,84.5775,686.2,72.5695,0.0,670.25,0.0,710.24,1773.0,523.95,50.0,0.3151,0.2439,1000.8,0.7,186296.0,543.88,43.6465,676.8,680.05,0.0,0.0,0.0,0.18,0.681,0.0,0.0,0.037,180.0125,0.0,0.0,12.338,2.6,26.555,0.1282,1000.0,1.0,66.216,570.9,50.0,145.596,5000.0,0.0,100.0,0.1974,600.06,28.0935,0.0,3000.0,24.9975,25.913,680.15,184.015,9.9998,0.0,0.0,0.0,3000.0,286.965,96.08,72.5695,0.0,2.601,0.0,0.3795,11.1197,20.6577,15.0674,343.17,0.2999,517.32,19.4426,0.5,0.0,0.0,0.0,2.6,0.0,250.0,100.0,33.0,0.0,50.0,0.0,5000.04,2200.0,686.2,28.0935,26.91,1.76,356.1,356.1,57.6,4997.9497,180.0125,1.0042,0.0,0.1282,86.25,0.0,0.0,0.0,50.0,0.0,76.7698,0.0,0.0,0.1308,0.0,24.9975,0.037,661.95,15.0649,251.975,0.0,4.595,148.5675,50.0,81.99,25.0,650.55,50.0,0.0,0.0,0.1238,1000.0,0.0,20.6577,0.0,100.0,186296.0,0.4632,20.0,0.0,0.0,46.536,0.5,186296.0,0.0,0.3795,590.1025,0.1238,0.1308,2.6,210.9,0.0,488.75,0.0,523.95,358.3378,0.0,2.601,75.605,184.015,9.9811,26.49,100.0,520.0,85.0275,61.2,5999.7334,0.7,26.91,85.3575,0.0,15.7189,24.9975,100.0,0.0,0.037,0.0,83.58,600.0,66.216,590.1025,523.95,100.0,186225.0,343.17,10.911,100.0,9.9811,9.9998,0.0,0.0,0.0,100.0,661.95,15.0649,20.6584,0.0,0.275,9.564,15.0674,0.0,0.0,33.115,0.0,0.0,0.037,686.24,100.0,1773.0,517.34,25.99,0.0,38.0,4.7,0.0,76.7698,4.595,82.305,710.0,19.4426,74.632,0.0,0.15,0.3151,590.0,12.9939,673.5,0.0,0.037,0.1497,2.6,184.015,74.632,0.1497,4997.9497,517.3,517.34,680.0,517.32
57.6,210.92,0.0,210.92,4.363,75.6068,710.24,24.9975,173.1375,523.98,43.6465,0.0,110.0,274.0,186296.0,489.78,88.0,0.0,0.0,343.17,0.0,0.0,9.9998,0.0,96.08,0.0,50.0,180.0,11.1177,0.0,0.0,75.6068,680.15,43.6305,0.0,100.0,0.0,3000.0,590.1025,33.11,184.015,100.0,184.015,486.81,46.536,25.48,184.015,100.0,0.0,0.0,0.0,0.0,9.1113,24.9975,100.0,1773.0,0.0,517.39,-1.0,0.0,0.0,60.0,50000.0,25.04,0.0,0.0,46.536,184.015,0.0,487.8,0.4632,0.0,5000.0,12.9959,600.06,0.1281,0.0,100.0,544.92,517.35,49.925,0.0,0.0,15.0624,5000.04,0.0,590.1025,681.9,0.0,210.92,0.037,100.0,15.0624,94.38,100.0,995.4,0.2085,100.0,15.7189,3.35,100.0,15.0624,0.0,186296.0,15.0624,517.39,100.0,0.0,680.15,250.0,24.9975,0.0,4.5975,680.15,0.0,0.0,0.037,686.225,0.1497,100.0,0.0,0.3795,0.0,10.911,0.0,100.0,173.124,0.0,1000.8,999.9,0.0,0.294,84.57,686.25,72.5691,0.0,670.25,0.0,710.24,1773.0,523.98,50.0,0.3151,0.2439,1000.8,0.7,186296.0,543.92,43.6305,676.8,680.05,0.0,0.0,0.0,0.18,0.681,0.0,0.0,0.037,180.0125,0.0,0.0,12.338,2.6,26.555,0.1281,1000.0,1.0,66.2157,570.95,50.0,145.596,5000.0,0.0,100.0,0.1973,600.12,28.0935,0.0,3000.0,24.9975,25.957,680.15,184.015,9.9998,0.0,0.0,0.0,3000.0,286.8975,96.08,72.5691,0.0,2.601,0.0,0.3795,11.1177,20.6561,15.0649,343.17,0.2999,517.39,19.4423,0.5,0.0,0.0,0.0,2.6,0.0,250.0,100.0,33.0,0.0,50.0,0.0,5000.04,2200.0,686.25,28.0935,26.91,1.76,356.15,356.15,57.6,5000.3247,180.0125,1.0045,0.0,0.1281,86.15,0.0,0.0,0.0,50.0,0.0,76.7698,0.0,0.0,0.1307,0.0,24.9975,0.037,661.95,15.0624,252.0,0.0,4.5975,148.5675,50.0,81.9825,25.0,650.55,50.0,0.0,0.0,0.1238,1000.0,0.0,20.6561,0.0,100.0,186296.0,0.4632,20.0,0.0,0.0,46.572,0.5,186296.0,0.0,0.3795,590.1025,0.1238,0.1308,2.6,210.92,0.0,488.81,0.0,523.95,357.7179,0.0,2.601,75.605,184.015,9.9807,26.49,100.0,520.0,85.0875,61.2,5999.7334,0.7,26.91,85.335,0.0,15.7189,24.9975,100.0,0.0,0.037,0.0,83.595,600.0,66.2157,590.1025,523.98,100.0,186225.0,343.17,10.911,100.0,9.9807,9.9998,0.0,0.0,0.0,100.0,661.95,15.0624,20.6569,0.0,0.275,9.562,15.0649,0.0,0.0,33.115,0.0,0.0,0.037,686.24,100.0,1773.0,517.37,25.99,0.0,38.0,4.6297,0.0,76.7698,4.5975,82.275,710.0,19.4423,74.6464,0.0,0.15,0.3151,590.0,12.9959,673.5,0.0,0.037,0.1497,2.6,184.015,74.6464,0.1497,5000.3247,517.35,517.37,680.0,517.39
57.525,210.94,0.0,210.94,4.362,75.6063,710.08,24.9975,173.097,523.98,43.6305,0.0,110.0,274.0,186296.0,489.78,88.0,0.0,0.0,343.17,0.0,0.0,9.9998,0.0,96.08,0.0,50.0,180.0,11.1144,0.0,0.0,75.6063,680.15,43.6108,0.0,100.0,0.0,3000.0,590.1025,33.11,184.015,100.0,184.015,486.855,46.572,25.48,184.015,100.0,0.0,0.0,0.0,0.0,9.1113,24.9975,100.0,1773.0,0.0,517.39,-1.0,0.0,0.0,60.0,50000.0,25.04,0.0,0.0,46.572,184.015,0.0,487.845,0.4632,0.0,5000.0,12.9979,600.12,0.1281,0.0,100.0,544.92,517.4,49.925,0.0,0.0,15.0599,5000.04,0.0,590.1025,681.9,0.0,210.94,0.037,100.0,15.0599,94.38,100.0,995.4,0.2085,100.0,15.7189,3.35,100.0,15.0599,0.0,186296.0,15.0599,517.39,100.0,0.0,680.15,250.0,24.9975,0.0,4.5975,680.15,0.0,0.0,0.037,686.225,0.1497,100.0,0.0,0.3795,0.0,10.9111,0.0,100.0,173.082,0.0,1000.8,999.9,0.0,0.294,84.54,686.25,72.57,0.0,670.25,0.0,710.08,1773.0,523.98,50.0,0.3151,0.2439,1000.8,0.7,186296.0,543.92,43.6108,676.8,680.05,0.0,0.0,0.0,0.18,0.681,0.0,0.0,0.037,180.0125,0.0,0.0,12.338,2.6,26.555,0.1281,1000.0,1.0,66.2153,571.0,50.0,145.596,5000.0,0.0,100.0,0.1973,600.12,28.0935,0.0,3000.0,24.9975,25.968,680.15,184.015,9.9998,0.0,0.0,0.0,3000.0,286.425,96.08,72.57,0.0,2.601,0.0,0.3795,11.1144,20.6546,15.0624,343.17,0.2999,517.39,19.4413,0.5,0.0,0.0,0.0,2.6002,0.0,250.0,100.0,33.0,0.0,50.0,0.0,5000.04,2200.0,686.25,28.0935,26.91,1.76,356.15,356.15,57.6,5002.6997,180.0125,1.0045,0.0,0.1281,86.475,0.0,0.0,0.0,50.0,0.0,76.769,0.0,0.0,0.1307,0.0,24.9975,0.037,661.95,15.0599,252.0,0.0,4.5975,148.5675,50.0,81.96,25.0,650.55,50.0,0.0,0.0,0.1238,1000.0,0.0,20.6546,0.0,100.0,186296.0,0.4632,20.0,0.0,0.0,46.584,0.5,186296.0,0.0,0.3795,590.1025,0.1238,0.1308,2.6002,210.94,0.0,488.81,0.0,523.98,358.1656,0.0,2.601,75.605,184.015,9.9804,26.49,100.0,520.0,85.0725,61.2,5999.7334,0.7,26.91,85.365,0.0,15.7189,24.9975,100.0,0.0,0.037,0.0,83.625,600.0,66.2153,590.1025,523.98,100.0,186225.0,343.17,10.9111,100.0,9.9804,9.9998,0.0,0.0,0.0,100.0,661.95,15.0599,20.6553,0.0,0.275,9.561,15.0624,0.0,0.0,33.11,0.0,0.0,0.037,686.24,100.0,1773.0,517.4,25.99,0.0,38.0,4.1156,0.0,76.769,4.5975,82.2825,710.0,19.4413,74.6102,0.0,0.15,0.3151,590.0,12.9979,673.5,0.0,0.037,0.1497,2.6,184.015,74.6102,0.1497,5002.6997,517.4,517.4,680.0,517.39
57.525,210.94,0.0,210.94,4.361,75.6043,710.08,24.9975,173.097,523.98,43.6108,0.0,110.0,274.05,186296.0,489.825,88.0,0.0,0.0,343.17,0.0,0.0,9.9998,0.0,96.08,0.0,50.0,180.0,11.1129,0.0,0.0,75.6043,680.15,43.5947,0.0,100.0,0.0,3000.0,590.1025,33.11,184.015,100.0,184.015,486.855,46.584,25.48,184.015,100.0,0.0,0.0,0.0,0.0,9.1113,24.9975,100.0,1773.0,0.0,517.425,-1.0,0.0,0.0,60.0,50000.0,25.04,0.0,0.0,46.584,184.015,0.0,487.845,0.4632,0.0,5000.0,12.9999,600.12,0.1281,0.0,100.0,544.92,517.4,49.925,0.0,0.0,15.0574,5000.04,0.0,590.1025,681.9,0.0,210.94,0.037,100.0,15.0574,94.38,100.0,995.4,0.2085,100.0,15.7189,3.35,100.0,15.0574,0.0,186296.0,15.0574,517.425,100.0,0.0,680.15,250.0,24.9975,0.0,4.5975,680.15,0.0,0.0,0.037,686.225,0.1497,100.0,0.0,0.3795,0.0,10.9111,0.0,100.0,173.082,0.0,1000.8,999.9,0.0,0.294,84.5475,686.25,72.5698,0.0,670.25,0.0,710.08,1773.0,523.98,50.0,0.3151,0.2439,1000.8,0.7,186296.0,543.92,43.5947,676.8,680.05,0.0,0.0,0.0,0.1799,0.681,0.0,0.0,0.037,180.025,0.0,0.0,12.337,2.6,26.555,0.1281,1000.0,1.0,66.215,571.15,50.0,145.596,5000.0,0.0,100.0,0.1973,600.12,28.0935,0.0,3000.0,24.9975,25.979,680.15,184.015,9.9998,0.0,0.0,0.0,3000.0,286.47,96.08,72.5698,0.0,2.601,0.0,0.3795,11.1129,20.653,15.0599,343.17,0.2999,517.425,19.4408,0.5,0.0,0.0,0.0,2.6002,0.0,250.0,100.0,33.0,0.0,50.0,0.0,5000.04,2200.0,686.25,28.0935,26.91,1.76,356.2,356.2,57.5625,5002.6997,180.025,1.0046,0.0,0.1281,86.75,0.0,0.0,0.0,50.0,0.0,76.7688,0.0,0.0,0.1307,0.0,24.9975,0.037,661.95,15.0574,252.0,0.0,4.5975,148.5675,50.0,81.9975,25.0,650.55,50.0,0.0,0.0,0.1237,1000.0,0.0,20.653,0.0,100.0,186296.0,0.4632,20.0,0.0,0.0,46.596,0.5,186296.0,0.0,0.3795,590.1025,0.1238,0.1308,2.6002,210.94,0.0,488.84,0.0,523.98,358.1656,0.0,2.601,75.605,184.015,9.9801,26.49,100.0,520.0,85.0575,61.2,5999.7334,0.7,26.91,85.3275,0.0,15.7189,24.9975,100.0,0.0,0.037,0.0,83.655,600.0,66.215,590.1025,523.98,100.0,186225.0,343.17,10.9111,100.0,9.9801,9.9998,0.0,0.0,0.0,100.0,661.95,15.0574,20.6538,0.0,0.275,9.56,15.0599,0.0,0.0,33.11,0.0,0.0,0.037,686.24,100.0,1773.0,517.43,25.99,0.0,38.0,4.6484,0.0,76.7688,4.5975,82.32,710.0,19.4408,74.6239,0.0,0.15,0.3151,590.0,12.9999,673.5,0.0,0.037,0.1497,2.6,184.015,74.6239,0.1497,5002.6997,517.4,517.43,680.0,517.425
57.525,210.94,0.0,210.94,4.36,75.6033,710.08,24.9975,173.07,523.98,43.5947,0.0,110.0,274.05,186296.0,489.825,88.0,0.0,0.0,343.17,0.0,0.0,9.9998,0.0,96.08,0.0,50.0,180.0,11.1178,0.0,0.0,75.6033,680.15,43.5786,0.0,100.0,0.0,3000.0,590.1025,33.11,184.015,100.0,184.015,486.9,46.596,25.48,184.015,100.0,0.0,0.0,0.0,0.0,9.1113,24.9975,100.0,1773.0,0.0,517.425,-1.0,0.0,0.0,60.0,50000.0,25.04,0.0,0.0,46.596,184.015,0.0,487.89,0.4632,0.0,5000.0,13.0019,600.12,0.1281,0.0,100.0,544.92,517.45,49.925,0.0,0.0,15.0549,5000.04,0.0,590.1025,681.9,0.0,210.94,0.037,100.0,15.0549,94.38,100.0,995.4,0.2085,100.0,15.7189,3.35,100.0,15.0549,0.0,186296.0,15.0549,517.425,100.0,0.0,680.15,250.0,24.9975,0.0,4.5975,680.15,0.0,0.0,0.037,686.225,0.1497,100.0,0.0,0.3795,0.0,10.9112,0.0,100.0,173.068,0.0,1000.8,999.9,0.0,0.294,84.5625,686.25,72.5697,0.0,670.25,0.0,710.08,1773.0,523.98,50.0,0.3151,0.2439,1000.8,0.7,186296.0,543.92,43.5786,676.8,680.05,0.0,0.0,0.0,0.1799,0.681,0.0,0.0,0.037,180.025,0.0,0.0,12.338,2.6,26.555,0.1281,1000.0,1.0,66.2147,571.5,50.0,145.596,5000.0,0.0,100.0,0.1973,600.12,28.0935,0.0,3000.0,24.9975,25.9845,680.15,184.015,9.9998,0.0,0.0,0.0,3000.0,287.1225,96.08,72.5697,0.0,2.601,0.0,0.3795,11.1178,20.6515,15.0574,343.17,0.2999,517.425,19.4403,0.5,0.0,0.0,0.0,2.6002,0.0,250.0,100.0,33.0,0.0,50.0,0.0,5000.04,2200.0,686.25,28.0935,26.91,1.76,356.25,356.25,57.525,4997.9497,180.025,1.0048,0.0,0.1281,86.5,0.0,0.0,0.0,50.0,0.0,76.7685,0.0,0.0,0.1307,0.0,24.9975,0.037,661.95,15.0549,252.0,0.0,4.5975,148.5675,50.0,82.035,25.0,650.55,50.0,0.0,0.0,0.1237,1000.0,0.0,20.6515,0.0,100.0,186296.0,0.4632,20.0,0.0,0.0,46.602,0.5,186296.0,0.0,0.3795,590.1025,0.1238,0.1308,2.6002,210.94,0.0,488.87,0.0,523.98,358.4067,0.0,2.601,75.605,184.015,9.9797,26.49,100.0,520.0,85.08,61.2,5999.7334,0.7,26.91,85.335,0.0,15.7189,24.9975,100.0,0.0,0.037,0.0,83.67,600.0,66.2147,590.1025,523.98,100.0,186225.0,343.17,10.9112,100.0,9.9797,9.9998,0.0,0.0,0.0,100.0,661.95,15.0549,20.6522,0.0,0.275,9.559,15.0574,0.0,0.0,33.11,0.0,0.0,0.037,686.24,100.0,1773.0,517.43,25.99,0.0,38.0,4.0922,0.0,76.7685,4.5975,82.335,710.0,19.4403,74.6376,0.0,0.15,0.3151,590.0,13.0019,673.5,0.0,0.037,0.1497,2.6,184.015,74.6376,0.1497,4997.9497,517.45,517.43,680.0,517.425
57.525,210.94,0.0,210.94,4.36,75.6023,710.08,24.9975,173.07,523.98,43.5786,0.0,110.0,274.05,186296.0,489.825,88.0,0.0,0.0,343.17,0.0,0.0,9.9998,0.0,96.08,0.0,50.0,180.0,11.1188,0.0,0.0,75.6023,680.15,43.5625,0.0,100.0,0.0,3000.0,590.1025,33.11,184.015,100.0,184.015,486.9,46.602,25.48,184.015,100.0,0.0,0.0,0.0,0.0,9.1113,24.9975,100.0,1773.0,0.0,517.425,-1.0,0.0,0.0,60.0,50000.0,25.04,0.0,0.0,46.602,184.015,0.0,487.89,0.4632,0.0,5000.0,13.0039,600.12,0.1281,0.0,100.0,544.92,517.45,49.925,0.0,0.0,15.0524,5000.04,0.0,590.1025,681.9,0.0,210.94,0.037,100.0,15.0524,94.38,100.0,995.4,0.2085,100.0,15.7189,3.35,100.0,15.0524,0.0,186296.0,15.0524,517.425,100.0,0.0,680.15,250.0,24.9975,0.0,4.5975,680.15,0.0,0.0,0.037,686.225,0.1497,100.0,0.0,0.3795,0.0,10.9112,0.0,100.0,173.068,0.0,1000.8,999.9,0.0,0.294,84.5625,686.25,72.5696,0.0,670.25,0.0,710.08,1773.0,523.98,50.0,0.3151,0.2439,1000.8,0.7,186296.0,543.92,43.5625,676.8,680.05,0.0,0.0,0.0,0.1799,0.681,0.0,0.0,0.037,180.025,0.0,0.0,12.338,2.6,26.555,0.1281,1000.0,1.0,66.2143,571.5,50.0,145.596,5000.0,0.0,100.0,0.1973,600.12,28.0935,0.0,3000.0,24.9975,25.9845,680.15,184.015,9.9998,0.0,0.0,0.0,3000.0,287.1225,96.08,72.5696,0.0,2.601,0.0,0.3795,11.1188,20.6499,15.0549,343.17,0.2999,517.425,19.4398,0.5,0.0,0.0,0.0,2.6002,0.0,250.0,100.0,33.0,0.0,50.0,0.0,5000.04,2200.0,686.25,28.0935,26.91,1.76,356.25,356.25,57.525,4997.9497,180.025,1.0048,0.0,0.1281,86.5,0.0,0.0,0.0,50.0,0.0,76.7682,0.0,0.0,0.1307,0.0,24.9975,0.037,661.95,15.0524,252.0,0.0,4.5975,148.5675,50.0,82.035,25.0,650.55,50.0,0.0,0.0,0.1237,1000.0,0.0,20.6499,0.0,100.0,186296.0,0.4632,20.0,0.0,0.0,46.602,0.5,186296.0,0.0,0.3795,590.1025,0.1238,0.1308,2.6002,210.94,0.0,488.87,0.0,523.98,358.4067,0.0,2.601,75.605,184.015,9.9794,26.49,100.0,520.0,85.08,61.2,5999.7334,0.7,26.91,85.335,0.0,15.7189,24.9975,100.0,0.0,0.037,0.0,83.67,600.0,66.2143,590.1025,523.98,100.0,186225.0,343.17,10.9112,100.0,9.9794,9.9998,0.0,0.0,0.0,100.0,661.95,15.0524,20.6507,0.0,0.275,9.559,15.0549,0.0,0.0,33.11,0.0,0.0,0.037,686.24,100.0,1773.0,517.43,25.99,0.0,38.0,4.0922,0.0,76.7682,4.5975,82.335,710.0,19.4398,74.6514,0.0,0.15,0.3151,590.0,13.0039,673.5,0.0,0.037,0.1497,2.6,184.015,74.6514,0.1497,4997.9497,517.45,517.43,680.0,517.425
57.525,210.96,0.0,210.96,4.356,75.6028,710.08,24.9975,173.043,523.98,43.5625,0.0,110.0,274.1,186285.0,489.87,88.0,0.0,0.0,343.17,0.0,0.0,9.9998,0.0,96.08,0.0,50.0,180.0,11.1199,0.0,0.0,75.6028,680.15,43.5465,0.0,100.0,0.0,3000.0,590.1025,33.105,184.015,100.0,184.015,486.945,46.602,25.48,184.015,100.0,0.0,0.0,0.0,0.0,9.1118,24.9975,100.0,1773.0,0.0,517.495,-1.0,0.0,0.0,60.0,50000.0,25.04,0.0,0.0,46.602,184.015,0.0,487.89,0.4632,0.0,5000.0,13.0059,600.12,0.1281,0.0,100.0,544.92,517.5,49.925,0.0,0.0,15.0499,5000.04,0.0,590.1025,681.9,0.0,210.96,0.037,100.0,15.0499,94.38,100.0,995.4,0.2085,100.0,15.7189,3.35,100.0,15.0499,0.0,186285.0,15.0499,517.495,100.0,0.0,680.15,250.0,24.9975,0.0,4.5975,680.15,0.0,0.0,0.037,686.2625,0.1497,100.0,0.0,0.3795,0.0,10.9113,0.0,100.0,173.04,0.0,1000.8,999.9,0.0,0.294,84.5325,686.25,72.5695,0.0,670.25,0.0,710.08,1773.0,523.98,50.0,0.3151,0.2439,1000.8,0.7,186285.0,543.92,43.5465,676.8,680.05,0.0,0.0,0.0,0.1798,0.681,0.0,0.0,0.037,180.0125,0.0,0.0,12.337,2.6,26.555,0.1281,1000.0,1.0,66.214,571.4,50.0,145.596,5000.0,0.0,100.0,0.1973,600.12,28.0935,0.0,3000.0,24.9975,26.001,680.15,184.015,9.9998,0.0,0.0,0.0,3000.0,286.47,96.08,72.5695,0.0,2.601,0.0,0.3795,11.1199,20.6484,15.0524,343.17,0.2999,517.495,19.4393,0.5,0.0,0.0,0.0,2.6002,0.0,250.0,100.0,33.0,0.0,50.0,0.0,5000.04,2200.0,686.25,28.0935,26.91,1.76,356.3,356.3,57.5625,4997.9497,180.0125,1.0049,0.0,0.1281,86.1,0.0,0.0,0.0,50.0,0.0,76.768,0.0,0.0,0.1307,0.0,24.9975,0.037,662.0,15.0499,252.0,0.0,4.5975,148.5675,50.0,81.975,25.0,650.55,50.0,0.0,0.0,0.1237,1000.0,0.0,20.6484,0.0,100.0,186296.0,0.4632,20.0,0.0,0.0,46.602,0.5,186296.0,0.0,0.3795,590.1025,0.1238,0.1308,2.6002,210.96,0.0,488.9,0.0,523.98,357.4768,0.0,2.601,75.6,184.015,9.9791,26.49,100.0,520.0,85.08,61.2,5999.7334,0.7,26.91,85.38,0.0,15.7189,24.9975,100.0,0.0,0.037,0.0,83.67,600.0,66.214,590.1025,523.98,100.0,186225.0,343.17,10.9113,100.0,9.9791,9.9998,0.0,0.0,0.0,100.0,662.0,15.0499,20.6491,0.0,0.275,9.558,15.0524,0.0,0.0,33.11,0.0,0.0,0.037,686.24,100.0,1773.0,517.49,25.99,0.0,38.0,4.7078,0.0,76.768,4.5975,82.2675,710.0,19.4393,74.6651,0.0,0.15,0.3151,590.0,13.0059,673.5,0.0,0.037,0.1497,2.6,184.015,74.6651,0.1497,4997.9497,517.5,517.49,680.0,517.495
57.525,210.96,0.0,210.96,4.356,75.6023,710.08,24.9975,173.043,523.98,43.5465,0.0,110.0,274.1,186285.0,489.87,88.0,0.0,0.0,343.17,0.0,0.0,9.9998,0.0,96.08,0.0,50.0,180.0,11.121,0.0,0.0,75.6023,680.15,43.5304,0.0,100.0,0.0,3000.0,590.1025,33.105,184.015,100.0,184.015,486.945,46.602,25.48,184.015,100.0,0.0,0.0,0.0,0.0,9.1118,24.9975,100.0,1773.0,0.0,517.495,-1.0,0.0,0.0,60.0,50000.0,25.04,0.0,0.0,46.602,184.015,0.0,487.89,0.4632,0.0,5000.0,13.0079,600.12,0.1281,0.0,100.0,544.92,517.5,49.925,0.0,0.0,15.0474,5000.04,0.0,590.1025,681.9,0.0,210.96,0.037,100.0,15.0474,94.38,100.0,995.4,0.2085,100.0,15.7189,3.35,100.0,15.0474,0.0,186285.0,15.0474,517.495,100.0,0.0,680.15,250.0,24.9975,0.0,4.5975,680.15,0.0,0.0,0.037,686.2625,0.1497,100.0,0.0,0.3795,0.0,10.9114,0.0,100.0,173.04,0.0,1000.8,999.9,0.0,0.294,84.5325,686.25,72.5694,0.0,670.25,0.0,710.08,1773.0,523.98,50.0,0.3151,0.2439,1000.8,0.7,186285.0,543.92,43.5304,676.8,680.05,0.0,0.0,0.0,0.1798,0.681,0.0,0.0,0.037,180.0125,0.0,0.0,12.337,2.6,26.555,0.1281,1000.0,1.0,66.2137,571.4,50.0,145.596,5000.0,0.0,100.0,0.1973,600.12,28.0934,0.0,3000.0,24.9975,26.001,680.15,184.015,9.9998,0.0,0.0,0.0,3000.0,286.47,96.08,72.5694,0.0,2.601,0.0,0.3795,11.121,20.6468,15.0499,343.17,0.2999,517.495,19.4388,0.5,0.0,0.0,0.0,2.6002,0.0,250.0,100.0,33.0,0.0,50.0,0.0,5000.04,2200.0,686.25,28.0934,26.91,1.76,356.3,356.3,57.5625,4997.9497,180.0125,1.0049,0.0,0.1281,86.1,0.0,0.0,0.0,50.0,0.0,76.7677,0.0,0.0,0.1307,0.0,24.9975,0.037,662.0,15.0474,252.0,0.0,4.5975,148.5675,50.0,81.975,25.0,650.55,50.0,0.0,0.0,0.1237,1000.0,0.0,20.6468,0.0,100.0,186285.0,0.4632,20.0,0.0,0.0,46.602,0.5,186285.0,0.0,0.3795,590.1025,0.1238,0.1308,2.6002,210.96,0.0,488.9,0.0,523.98,357.4768,0.0,2.601,75.6,184.015,9.9787,26.49,100.0,520.0,85.08,61.2,5999.7334,0.7,26.91,85.38,0.0,15.7189,24.9975,100.0,0.0,0.037,0.0,83.67,600.0,66.2137,590.1025,523.98,100.0,186225.0,343.17,10.9114,100.0,9.9787,9.9998,0.0,0.0,0.0,100.0,662.0,15.0474,20.6476,0.0,0.275,9.558,15.0499,0.0,0.0,33.105,0.0,0.0,0.037,686.24,100.0,1773.0,517.49,25.99,0.0,38.0,4.7078,0.0,76.7677,4.5975,82.2675,710.0,19.4388,74.6283,0.0,0.15,0.3151,590.0,13.0079,673.5,0.0,0.037,0.1497,2.6,184.015,74.6283,0.1497,4997.9497,517.5,517.49,680.0,517.495
57.6,210.98,0.0,210.98,4.349,75.6018,710.08,24.9975,173.0025,523.95,43.5304,0.0,110.0,274.1,186285.0,489.915,88.0,0.0,0.0,343.17,0.0,0.0,9.9998,0.0,96.08,0.0,50.0,180.0,11.119,0.0,0.0,75.6018,680.15,43.5143,0.0,100.0,0.0,3000.0,590.135,33.1,184.015,100.0,184.015,486.99,46.602,25.48,184.015,100.0,0.0,0.0,0.0,0.0,9.1108,24.9975,100.0,1773.0,0.0,517.53,-1.0,0.0,0.0,60.0,50000.0,25.04,0.0,0.0,46.602,184.015,0.0,487.935,0.4632,0.0,5000.0,13.0099,600.12,0.1281,0.0,100.0,544.92,517.5,49.925,0.0,0.0,15.0535,5000.04,0.0,590.135,681.9,0.0,210.98,0.037,100.0,15.0535,94.38,100.0,995.4,0.2084,100.0,15.7189,3.35,100.0,15.0535,0.0,186285.0,15.0535,517.53,100.0,0.0,680.15,250.0,24.9975,0.0,4.5975,680.15,0.0,0.0,0.037,686.2625,0.1498,100.0,0.0,0.3795,0.0,10.9114,0.0,100.0,172.998,0.0,1000.2,999.9,0.0,0.294,84.555,686.25,72.5692,0.0,670.25,0.0,710.08,1773.1799,523.95,50.0,0.3151,0.2439,1000.2,0.7,186285.0,543.92,43.5143,676.8,680.1,0.0,0.0,0.0,0.1797,0.681,0.0,0.0,0.037,180.0125,0.0,0.0,12.336,2.6,26.555,0.1281,1000.0,1.0,66.2141,571.35,50.0,145.607,5000.0,0.0,100.0,0.1973,600.0,28.0934,0.0,3000.0,24.9975,26.0065,680.15,184.015,9.9998,0.0,0.0,0.0,3000.0,287.0775,96.08,72.5692,0.0,2.6003,0.0,0.3795,11.119,20.6302,15.0474,343.17,0.2999,517.53,19.4383,0.5,0.0,0.0,0.0,2.6002,0.0,250.0,100.0,33.0,0.0,50.0,0.0,5000.04,2200.0,686.25,28.0934,26.91,1.76,356.3,356.3,57.5625,5000.3247,180.0125,1.005,0.0,0.1281,86.475,0.0,0.0,0.0,50.0,0.0,76.7675,0.0,0.0,0.1307,0.0,24.9975,0.037,662.0,15.0535,252.025,0.0,4.5975,148.5788,50.0,82.0425,25.0,650.55,50.0,0.0,0.0,0.1237,1000.0,0.0,20.6302,0.0,100.0,186285.0,0.4632,20.0,0.0,0.0,46.644,0.5,186285.0,0.0,0.3795,590.135,0.1237,0.1307,2.6002,210.98,0.0,488.96,0.0,523.98,358.2345,0.0,2.6003,75.6,184.015,9.9791,26.49,100.0,520.0,85.125,61.2,5999.7334,0.7,26.91,85.3425,0.0,15.7189,24.9975,100.0,0.0,0.037,0.0,83.6025,600.0,66.2141,590.135,523.95,100.0,186225.0,343.17,10.9114,100.0,9.9791,9.9998,0.0,0.0,0.0,100.0,662.0,15.0535,20.646,0.0,0.275,9.557,15.0474,0.0,0.0,33.105,0.0,0.0,0.037,686.24,100.0,1773.0,517.52,25.99,0.0,38.0,4.8109,0.0,76.7675,4.5975,82.2675,710.0,19.4383,74.6414,0.0,0.15,0.3151,590.0,13.0099,673.55,0.0,0.037,0.1498,2.6,184.015,74.6414,0.1498,5000.3247,517.5,517.52,680.0,517.53
57.5625,210.98,0.0,210.98,4.344,75.6012,710.08,24.9975,172.989,523.95,43.5143,0.0,110.0,274.15,186285.0,489.96,88.0,0.0,0.0,343.2,0.0,0.0,9.9998,0.0,96.08,0.0,50.0,180.0,11.1157,0.0,0.0,75.6012,680.15,43.502,0.0,100.0,0.0,3000.0,590.135,33.1,184.015,100.0,184.015,486.99,46.644,25.48,184.015,100.0,0.0,0.0,0.0,0.0,9.1113,24.9975,100.0,1773.1799,0.0,517.565,-1.0,0.0,0.0,60.0,50000.0,25.04,0.0,0.0,46.644,184.015,0.0,487.98,0.4632,0.0,5000.0,13.0119,600.0,0.1281,0.0,100.0,544.92,517.55,49.925,0.0,0.0,15.0513,5000.04,0.0,590.135,681.9,0.0,210.98,0.037,100.0,15.0513,94.38,100.0,995.4,0.2084,100.0,15.7189,3.35,100.0,15.0513,0.0,186285.0,15.0513,517.565,100.0,0.0,680.15,250.0,24.9975,0.0,4.5975,680.15,0.0,0.0,0.037,686.2625,0.1498,100.0,0.0,0.3795,0.0,10.9115,0.0,100.0,172.984,0.0,1000.2,999.9,0.0,0.294,84.51,686.25,72.5691,0.0,670.25,0.0,710.08,1773.1799,523.95,50.0,0.3151,0.2439,1000.2,0.7,186285.0,543.92,43.502,676.8,680.1,0.0,0.0,0.0,0.1796,0.681,0.0,0.0,0.037,180.0125,0.0,0.0,12.336,2.6,26.555,0.1281,1000.0,1.0,66.214,570.85,50.0,145.607,5000.0,0.0,100.0,0.1973,600.0,28.0934,0.0,3000.0,24.9975,26.023,680.15,184.015,9.9998,0.0,0.0,0.0,3000.0,286.7625,96.08,72.5691,0.0,2.6003,0.0,0.3795,11.1157,20.6282,15.0535,343.17,0.2999,517.565,19.4393,0.5,0.0,0.0,0.0,2.6002,0.0,250.0,100.0,33.0,0.0,50.0,0.0,5000.04,2200.0,686.25,28.0934,26.91,1.76,356.35,356.35,57.5625,5002.6997,180.0125,1.0051,0.0,0.128,86.65,0.0,0.0,0.0,50.0,0.0,76.7672,0.0,0.0,0.1307,0.0,24.9975,0.037,662.0,15.0513,252.025,0.0,4.5975,148.5788,50.0,81.9975,25.0,650.55,50.0,0.0,0.0,0.1237,1000.0,0.0,20.6282,0.0,100.0,186285.0,0.4632,20.0,0.0,0.0,46.68,0.5,186285.0,0.0,0.3795,590.135,0.1237,0.1307,2.6002,210.98,0.0,488.96,0.0,523.95,358.0279,0.0,2.6003,75.6,184.015,9.9791,26.49,100.0,520.0,85.125,61.2,5999.7334,0.7,26.91,85.35,0.0,15.7189,24.9975,100.0,0.0,0.037,0.0,83.6025,600.0,66.214,590.135,523.95,100.0,186225.0,343.17,10.9115,100.0,9.9791,9.9998,0.0,0.0,0.0,100.0,662.0,15.0513,20.6292,0.0,0.275,9.556,15.0535,0.0,0.0,33.1,0.0,0.0,0.037,686.24,100.0,1773.1799,517.55,25.99,0.0,38.0,4.8406,0.0,76.7672,4.5975,82.3125,710.0,19.4393,74.6039,0.0,0.15,0.3151,590.0,13.0119,673.55,0.0,0.037,0.1498,2.6,184.015,74.6039,0.1498,5002.6997,517.55,517.55,680.0,517.565
57.6,210.98,0.0,210.98,4.34,75.5993,710.08,24.9975,172.989,523.95,43.502,0.0,110.0,274.15,186285.0,489.96,88.0,0.0,0.0,343.2,0.0,0.0,9.9998,0.0,96.08,0.0,50.0,180.0,11.1142,0.0,0.0,75.5993,680.15,43.486,0.0,100.0,0.0,3000.0,590.135,33.1,184.015,100.0,184.015,486.99,46.68,25.48,184.015,100.0,0.0,0.0,0.0,0.0,9.1113,24.9975,100.0,1773.1799,0.0,517.565,-1.0,0.0,0.0,60.0,50000.0,25.04,0.0,0.0,46.68,184.015,0.0,487.98,0.4632,0.0,5000.0,13.0139,600.0,0.128,0.0,100.0,544.92,517.55,49.925,0.0,0.0,15.0491,5000.04,0.0,590.135,681.9,0.0,210.98,0.037,100.0,15.0491,94.38,100.0,995.4,0.2083,100.0,15.7189,3.35,100.0,15.0491,0.0,186285.0,15.0491,517.565,100.0,0.0,680.15,250.0,24.9975,0.0,4.5975,680.15,0.0,0.0,0.037,686.2625,0.1498,100.0,0.0,0.3795,0.0,10.9115,0.0,100.0,172.984,0.0,1000.2,999.9,0.0,0.294,84.4725,686.25,72.569,0.0,670.25,0.0,710.08,1773.1799,523.95,50.0,0.3151,0.2439,1000.2,0.7,186285.0,543.92,43.486,676.8,680.1,0.0,0.0,0.0,0.1796,0.681,0.0,0.0,0.037,180.025,0.0,0.0,12.335,2.6,26.555,0.128,1000.0,1.0,66.2139,571.45,50.0,145.607,5000.0,0.0,100.0,0.1972,600.0,28.0934,0.0,3000.0,24.9975,26.045,680.15,184.015,9.9998,0.0,0.0,0.0,3000.0,286.56,96.08,72.569,0.0,2.6003,0.0,0.3795,11.1142,20.6261,15.0513,343.2,0.2999,517.565,19.4393,0.5,0.0,0.0,0.0,2.6002,0.0,250.0,100.0,33.0,0.0,50.0,0.0,5000.04,2200.0,686.25,28.0934,26.91,1.76,356.35,356.35,57.5625,5002.6997,180.025,1.0052,0.0,0.128,86.25,0.0,0.0,0.0,50.0,0.0,76.767,0.0,0.0,0.1306,0.0,24.9975,0.037,662.0,15.0491,252.025,0.0,4.5975,148.5788,50.0,81.9825,25.0,650.55,50.0,0.0,0.0,0.1237,1000.0,0.0,20.6261,0.0,100.0,186285.0,0.4632,20.0,0.0,0.0,46.71,0.5,186285.0,0.0,0.3795,590.135,0.1237,0.1307,2.6002,210.98,0.0,488.99,0.0,523.95,358.0623,0.0,2.6003,75.6,184.015,9.979,26.49,100.0,520.0,85.095,61.2,5999.7334,0.7,26.91,85.3425,0.0,15.7189,24.9975,100.0,0.0,0.037,0.0,83.5875,600.0,66.2139,590.135,523.95,100.0,186225.0,343.2,10.9115,100.0,9.979,9.9998,0.0,0.0,0.0,100.0,662.0,15.0491,20.6271,0.0,0.275,9.555,15.0513,0.0,0.0,33.1,0.0,0.0,0.037,686.24,100.0,1773.1799,517.58,25.99,0.0,38.0,4.3875,0.0,76.767,4.5975,82.2975,710.0,19.4393,74.6164,0.0,0.15,0.3151,590.0,13.0139,673.55,0.0,0.037,0.1498,2.6,184.015,74.6164,0.1498,5002.6997,517.55,517.58,680.0,517.565
57.6,211.0,0.0,211.0,4.339,75.5983,710.08,24.9975,172.962,523.95,43.486,0.0,110.0,274.15,186285.0,490.005,88.0,0.0,0.0,343.2,0.0,0.0,9.9998,0.0,96.08,0.0,50.0,180.0,11.1191,0.0,0.0,75.5983,680.15,43.4701,0.0,100.0,0.0,3000.0,590.135,33.095,184.015,100.0,184.015,487.035,46.71,25.48,184.015,100.0,0.0,0.0,0.0,0.0,9.1113,24.9975,100.0,1773.1799,0.0,517.6,-1.0,0.0,0.0,60.0,50000.0,25.04,0.0,0.0,46.71,184.015,0.0,488.025,0.4632,0.0,5000.0,13.0159,600.0,0.128,0.0,100.0,544.92,517.6,49.925,0.0,0.0,15.0468,5000.04,0.0,590.135,681.9,0.0,211.0,0.037,100.0,15.0468,94.4,100.0,995.4,0.2083,100.0,15.7189,3.35,100.0,15.0468,0.0,186285.0,15.0468,517.6,100.0,0.0,680.15,250.0,24.9975,0.0,4.6,680.15,0.0,0.0,0.037,686.2625,0.1498,100.0,0.0,0.3795,0.0,10.9116,0.0,100.0,172.97,0.0,1000.2,999.9,0.0,0.294,84.48,686.25,72.5689,0.0,670.25,0.0,710.08,1773.1799,523.95,50.0,0.3151,0.2439,1000.2,0.7,186285.0,543.92,43.4701,676.8,680.1,0.0,0.0,0.0,0.1796,0.681,0.0,0.0,0.037,180.025,0.0,0.0,12.335,2.6,26.555,0.128,1000.0,1.0,66.2138,571.35,50.0,145.607,5000.0,0.0,100.0,0.1972,600.0,28.0934,0.0,3000.0,24.9975,26.067,680.15,184.015,9.9998,0.0,0.0,0.0,3000.0,286.965,96.08,72.5689,0.0,2.6003,0.0,0.3795,11.1191,20.6241,15.0491,343.2,0.2999,517.6,19.4393,0.5,0.0,0.0,0.0,2.6002,0.0,250.0,100.0,33.0,0.0,50.0,0.0,5000.04,2200.0,686.25,28.0934,26.91,1.76,356.35,356.35,57.5625,4997.9497,180.025,1.0052,0.0,0.128,86.375,0.0,0.0,0.0,50.0,0.0,76.7667,0.0,0.0,0.1306,0.0,24.9975,0.037,662.0,15.0468,252.025,0.0,4.6,148.5788,50.0,81.9675,25.0,650.55,50.0,0.0,0.0,0.1237,1000.0,0.0,20.6241,0.0,100.0,186285.0,0.4632,20.0,0.0,0.0,46.74,0.5,186285.0,0.0,0.3795,590.135,0.1237,0.1307,2.6002,211.0,0.0,489.02,0.0,523.95,358.1656,0.0,2.6003,75.6,184.015,9.9789,26.49,100.0,520.0,85.1175,61.2,5999.7334,0.7,26.91,85.3125,0.0,15.7189,24.9975,100.0,0.0,0.037,0.0,83.6175,600.0,66.2138,590.135,523.95,100.0,186225.0,343.2,10.9116,100.0,9.9789,9.9998,0.0,0.0,0.0,100.0,662.0,15.0468,20.6251,0.0,0.275,9.554,15.0491,0.0,0.0,33.1,0.0,0.0,0.037,686.28,100.0,1773.1799,517.61,25.99,0.0,38.0,4.0563,0.0,76.7667,4.6,82.26,710.0,19.4393,74.6289,0.0,0.15,0.3151,590.0,13.0159,673.55,0.0,0.037,0.1498,2.6,184.015,74.6289,0.1498,4997.9497,517.6,517.61,680.0,517.6
57.5625,211.0,0.0,211.0,4.338,75.5973,710.08,24.9975,172.962,523.95,43.4701,0.0,110.0,274.15,186285.0,490.005,88.0,0.0,0.0,343.2,0.0,0.0,9.9998,0.0,96.08,0.0,50.0,180.0,11.1202,0.0,0.0,75.5973,680.15,43.4541,0.0,100.0,0.0,3000.0,590.135,33.095,184.015,100.0,184.015,487.035,46.74,25.48,184.015,100.0,0.0,0.0,0.0,0.0,9.1113,24.9975,100.0,1773.1799,0.0,517.6,-1.0,0.0,0.0,60.0,50000.0,25.04,0.0,0.0,46.74,184.015,0.0,488.025,0.4632,0.0,5000.0,13.0179,600.0,0.128,0.0,100.0,544.92,517.6,49.925,0.0,0.0,15.0446,5000.04,0.0,590.135,681.9,0.0,211.0,0.037,100.0,15.0446,94.4,100.0,995.4,0.2083,100.0,15.7189,3.35,100.0,15.0446,0.0,186285.0,15.0446,517.6,100.0,0.0,680.15,250.0,24.9975,0.0,4.6,680.15,0.0,0.0,0.037,686.2625,0.1498,100.0,0.0,0.3795,0.0,10.9116,0.0,100.0,172.97,0.0,1000.2,999.9,0.0,0.294,84.4725,686.25,72.5687,0.0,670.25,0.0,710.08,1773.1799,523.95,50.0,0.3151,0.2439,1000.2,0.7,186285.0,543.92,43.4541,676.8,680.1,0.0,0.0,0.0,0.1796,0.681,0.0,0.0,0.037,180.025,0.0,0.0,12.336,2.6,26.555,0.128,1000.0,1.0,66.2138,571.5,50.0,145.607,5000.0,0.0,100.0,0.1972,600.0,28.0934,0.0,3000.0,24.9975,26.078,680.15,184.015,9.9998,0.0,0.0,0.0,3000.0,286.4925,96.08,72.5687,0.0,2.6003,0.0,0.3795,11.1202,20.622,15.0468,343.2,0.2999,517.6,19.4393,0.5,0.0,0.0,0.0,2.6002,0.0,250.0,100.0,33.0,0.0,50.0,0.0,5000.04,2200.0,686.25,28.0934,26.91,1.76,356.35,356.35,57.6,4997.9497,180.025,1.0054,0.0,0.128,86.825,0.0,0.0,0.0,50.0,0.0,76.7665,0.0,0.0,0.1306,0.0,24.9975,0.037,662.0,15.0446,252.025,0.0,4.6,148.5788,50.0,81.9825,25.0,650.55,50.0,0.0,0.0,0.1237,1000.0,0.0,20.622,0.0,100.0,186285.0,0.4632,20.0,0.0,0.0,46.758,0.5,186285.0,0.0,0.3795,590.135,0.1237,0.1307,2.6002,211.0,0.0,489.02,0.0,523.95,357.4768,0.0,2.6003,75.595,184.015,9.9788,26.49,100.0,520.0,85.065,61.2,5999.7334,0.7,26.91,85.2675,0.0,15.7189,24.9975,100.0,0.0,0.037,0.0,83.6025,600.0,66.2138,590.135,523.95,100.0,186225.0,343.2,10.9116,100.0,9.9788,9.9998,0.0,0.0,0.0,100.0,662.0,15.0446,20.6231,0.0,0.275,9.553,15.0468,0.0,0.0,33.095,0.0,0.0,0.037,686.28,100.0,1773.1799,517.61,25.99,0.0,38.0,4.0969,0.0,76.7665,4.6,82.3125,710.0,19.4393,74.5907,0.0,0.15,0.3151,590.0,13.0179,673.55,0.0,0.037,0.1498,2.6,184.015,74.5907,0.1498,4997.9497,517.6,517.61,680.0,517.6
57.5625,211.0,0.0,211.0,4.339,75.5978,710.08,24.9975,172.908,523.95,43.4541,0.0,110.0,274.15,186285.0,490.005,88.0,0.0,0.0,343.2,0.0,0.0,9.9998,0.0,96.08,0.0,50.0,180.0,11.1181,0.0,0.0,75.5978,680.15,43.4381,0.0,100.0,0.0,3000.0,590.135,33.095,184.015,100.0,184.015,487.08,46.758,25.48,184.015,100.0,0.0,0.0,0.0,0.0,9.1113,24.9975,100.0,1773.1799,0.0,517.635,-1.0,0.0,0.0,60.0,50000.0,25.04,0.0,0.0,46.758,184.015,0.0,488.07,0.4632,0.0,5000.0,13.0199,600.0,0.128,0.0,100.0,544.92,517.65,49.925,0.0,0.0,15.0424,5000.04,0.0,590.135,681.9,0.0,211.0,0.037,100.0,15.0424,94.4,100.0,995.85,0.2082,100.0,15.7189,3.35,100.0,15.0424,0.0,186285.0,15.0424,517.635,100.0,0.0,680.15,250.0,24.9975,0.0,4.6,680.15,0.0,0.0,0.037,686.2625,0.1498,100.0,0.0,0.3795,0.0,10.9117,0.0,100.0,172.9,0.0,1000.2,999.9,0.0,0.294,84.465,686.25,72.5686,0.0,670.25,0.0,710.08,1773.1799,523.95,50.0,0.3151,0.2439,1000.2,0.7,186285.0,543.92,43.4381,676.8,680.1,0.0,0.0,0.0,0.1796,0.681,0.0,0.0,0.037,180.0125,0.0,0.0,12.336,2.6,26.555,0.128,1000.0,1.0,66.2137,571.25,50.0,145.607,5000.0,0.0,100.0,0.1971,600.0,28.0934,0.0,3000.0,24.9975,26.089,680.15,184.015,9.9998,0.0,0.0,0.0,3000.0,287.1225,96.08,72.5686,0.0,2.6003,0.0,0.3795,11.1181,20.62,15.0446,343.2,0.2999,517.635,19.4393,0.5,0.0,0.0,0.0,2.6002,0.0,250.0,100.0,33.0,0.0,50.0,0.0,5000.04,2200.0,686.25,28.0934,26.91,1.76,356.4,356.4,57.5625,5000.3247,180.0125,1.0054,0.0,0.128,86.575,0.0,0.0,0.0,50.0,0.0,76.7662,0.0,0.0,0.1306,0.0,24.9975,0.037,662.0,15.0424,252.05,0.0,4.6,148.5788,50.0,81.9525,25.0,650.55,50.0,0.0,0.0,0.1237,1000.0,0.0,20.62,0.0,100.0,186285.0,0.4632,20.0,0.0,0.0,46.776,0.5,186285.0,0.0,0.3795,590.135,0.1237,0.1307,2.6002,211.0,0.0,489.05,0.0,523.95,357.5457,0.0,2.6003,75.595,184.015,9.9787,26.49,100.0,520.0,85.08,61.2,5999.7334,0.7,26.91,85.2675,0.0,15.7189,24.9975,100.0,0.0,0.037,0.0,83.625,600.0,66.2137,590.135,523.95,100.0,186225.0,343.2,10.9117,100.0,9.9787,9.9998,0.0,0.0,0.0,100.0,662.0,15.0424,20.621,0.0,0.275,9.552,15.0446,0.0,0.0,33.095,0.0,0.0,0.037,686.28,100.0,1773.1799,517.64,25.99,0.0,38.0,4.6031,0.0,76.7662,4.6,82.29,710.0,19.4393,74.6026,0.0,0.15,0.3151,590.0,13.0199,673.55,0.0,0.037,0.1498,2.6,184.015,74.6026,0.1498,5000.3247,517.65,517.64,680.0,517.635
57.5625,211.02,0.0,211.02,4.339,75.5973,710.16,24.9975,172.881,523.95,43.4381,0.0,110.0,274.2,186285.0,490.05,88.0,0.0,0.0,343.2,0.0,0.0,9.9998,0.0,96.08,0.0,50.0,180.0,11.1148,0.0,0.0,75.5973,680.15,43.4222,0.0,100.0,0.0,3000.0,590.135,33.09,184.015,100.0,184.015,487.08,46.776,25.48,184.015,100.0,0.0,0.0,0.0,0.0,9.1113,24.9975,100.0,1773.1799,0.0,517.67,-1.0,0.0,0.0,60.0,50000.0,25.04,0.0,0.0,46.776,184.015,0.0,488.07,0.4632,0.0,5000.0,13.0219,600.0,0.128,0.0,100.0,544.92,517.65,49.925,0.0,0.0,15.0402,5000.04,0.0,590.135,681.9,0.0,211.02,0.037,100.0,15.0402,94.4,100.0,995.85,0.2082,100.0,15.7189,3.35,100.0,15.0402,0.0,186285.0,15.0402,517.67,100.0,0.0,680.15,250.0,24.9975,0.0,4.6,680.15,0.0,0.0,0.037,686.2625,0.1498,100.0,0.0,0.3795,0.0,10.9117,0.0,100.0,172.886,0.0,1000.2,999.9,0.0,0.294,84.495,686.25,72.5679,0.0,670.25,0.0,710.16,1773.1799,523.95,50.0,0.3151,0.2439,1000.2,0.7,186285.0,543.92,43.4222,676.8,680.1,0.0,0.0,0.0,0.1796,0.681,0.0,0.0,0.037,180.0125,0.0,0.0,12.335,2.6,26.555,0.128,1000.0,1.0,66.2136,570.9,50.0,145.607,5000.0,0.0,100.0,0.1971,600.0,28.0934,0.0,3000.0,24.9975,26.1055,680.15,184.015,9.9998,0.0,0.0,0.0,3000.0,287.0775,96.08,72.5679,0.0,2.6003,0.0,0.3795,11.1148,20.6179,15.0424,343.2,0.2999,517.67,19.4393,0.5,0.0,0.0,0.0,2.6004,0.0,250.0,100.0,33.0,0.0,50.0,0.0,5000.04,2200.0,686.25,28.0934,26.91,1.76,356.4,356.4,57.6375,5002.6997,180.0125,1.0055,0.0,0.128,86.75,0.0,0.0,0.0,50.0,0.0,76.7652,0.0,0.0,0.1306,0.0,24.9975,0.037,662.0,15.0402,252.05,0.0,4.6,148.5788,50.0,81.9525,25.0,650.55,50.0,0.0,0.0,0.1236,1000.0,0.0,20.6179,0.0,100.0,186285.0,0.4632,20.0,0.0,0.0,46.8,0.5,186285.0,0.0,0.3795,590.135,0.1236,0.1306,2.6004,211.02,0.0,489.08,0.0,523.95,357.7179,0.0,2.6003,75.595,184.015,9.9787,26.49,100.0,520.0,85.035,61.2,5999.7334,0.7,26.91,85.29,0.0,15.7189,24.9975,100.0,0.0,0.037,0.0,83.6175,600.0,66.2136,590.135,523.95,100.0,186225.0,343.2,10.9117,100.0,9.9787,9.9998,0.0,0.0,0.0,100.0,662.0,15.0402,20.619,0.0,0.275,9.551,15.0424,0.0,0.0,33.095,0.0,0.0,0.037,686.28,100.0,1773.1799,517.67,25.99,0.0,38.0,3.8625,0.0,76.7652,4.6,82.2525,710.0,19.4393,74.6145,0.0,0.15,0.3151,590.0,13.0219,673.55,0.0,0.037,0.1498,2.6,184.015,74.6145,0.1498,5002.6997,517.65,517.67,680.0,517.67
57.525,211.02,0.0,211.02,4.339,75.5967,710.16,24.9975,172.881,523.95,43.4222,0.0,110.0,274.2,186285.0,490.05,88.0,0.0,0.0,343.2,0.0,0.0,9.9998,0.0,96.08,0.0,50.0,180.0,11.1134,0.0,0.0,75.5967,680.15,43.4062,0.0,100.0,0.0,3000.0,590.135,33.09,184.015,100.0,184.015,487.125,46.8,25.48,184.015,100.0,0.0,0.0,0.0,0.0,9.1113,24.9975,100.0,1773.1799,0.0,517.67,-1.0,0.0,0.0,60.0,50000.0,25.04,0.0,0.0,46.8,184.015,0.0,488.115,0.4632,0.0,5000.0,13.0239,600.0,0.128,0.0,100.0,544.92,517.65,49.925,0.0,0.0,15.0379,5000.04,0.0,590.135,681.9,0.0,211.02,0.037,100.0,15.0379,94.4,100.0,995.85,0.2082,100.0,15.7189,3.35,100.0,15.0379,0.0,186285.0,15.0379,517.67,100.0,0.0,680.15,250.0,24.9975,0.0,4.6,680.15,0.0,0.0,0.037,686.2625,0.1498,100.0,0.0,0.3795,0.0,10.9118,0.0,100.0,172.886,0.0,1000.2,999.9,0.0,0.294,84.4725,686.25,72.5676,0.0,670.25,0.0,710.16,1773.1799,523.95,50.0,0.3151,0.2439,1000.2,0.7,186285.0,543.92,43.4062,676.8,680.1,0.0,0.0,0.0,0.1795,0.681,0.0,0.0,0.037,180.0125,0.0,0.0,12.334,2.6,26.555,0.128,1000.0,1.0,66.2135,571.2,50.0,145.607,5000.0,0.0,100.0,0.1971,600.06,28.0934,0.0,3000.0,24.9975,26.122,680.15,184.015,9.9998,0.0,0.0,0.0,3000.0,287.01,96.08,72.5676,0.0,2.6003,0.0,0.3795,11.1134,20.6159,15.0402,343.2,0.2999,517.67,19.4393,0.5,0.0,0.0,0.0,2.6004,0.0,250.0,100.0,33.0,0.0,50.0,0.0,5000.04,2200.0,686.25,28.0934,26.91,1.76,356.4,356.4,57.5625,5002.6997,180.0125,1.0056,0.0,0.128,86.575,0.0,0.0,0.0,50.0,0.0,76.7647,0.0,0.0,0.1306,0.0,24.9975,0.037,662.0,15.0379,252.05,0.0,4.6,148.5788,50.0,81.96,25.0,650.55,50.0,0.0,0.0,0.1236,1000.0,0.0,20.6159,0.0,100.0,186285.0,0.4632,20.0,0.0,0.0,46.824,0.5,186285.0,0.0,0.3795,590.135,0.1236,0.1306,2.6004,211.02,0.0,489.08,0.0,523.95,358.2345,0.0,2.6003,75.595,184.015,9.9786,26.49,100.0,520.0,85.0875,61.2,5999.7334,0.7,26.91,85.2825,0.0,15.7189,24.9975,100.0,0.0,0.037,0.0,83.6175,600.0,66.2135,590.135,523.95,100.0,186225.0,343.2,10.9118,100.0,9.9786,9.9998,0.0,0.0,0.0,100.0,662.0,15.0379,20.6169,0.0,0.275,9.551,15.0402,0.0,0.0,33.09,0.0,0.0,0.037,686.28,100.0,1773.1799,517.67,25.99,0.0,38.0,3.9203,0.0,76.7647,4.6,82.2825,710.0,19.4393,74.5757,0.0,0.15,0.3151,590.0,13.0239,673.55,0.0,0.037,0.1498,2.6,184.015,74.5757,0.1498,5002.6997,517.65,517.67,680.0,517.67
57.5625,211.02,0.0,211.02,4.337,75.5962,710.16,24.9975,172.8405,523.95,43.4062,0.0,110.0,274.2,186285.0,490.095,88.0,0.0,0.0,343.2,0.0,0.0,9.9998,0.0,96.08,0.0,50.0,180.0,11.1182,0.0,0.0,75.5962,680.15,43.3903,0.0,100.0,0.0,3000.0,590.135,33.09,184.015,100.0,184.015,487.125,46.824,25.48,184.015,100.0,0.0,0.0,0.0,0.0,9.1118,24.9975,100.0,1773.1799,0.0,517.705,-1.0,0.0,0.0,60.0,50000.0,25.04,0.0,0.0,46.824,184.015,0.0,488.115,0.4632,0.0,5000.0,13.0259,600.06,0.128,0.0,100.0,544.92,517.7,49.925,0.0,0.0,15.0357,5000.04,0.0,590.135,681.9,0.0,211.02,0.037,100.0,15.0357,94.4,100.0,995.85,0.2082,100.0,15.7189,3.35,100.0,15.0357,0.0,186285.0,15.0357,517.705,100.0,0.0,680.15,250.0,24.9975,0.0,4.6,680.15,0.0,0.0,0.037,686.2625,0.1498,100.0,0.0,0.3795,0.0,10.9118,0.0,100.0,172.844,0.0,1000.2,999.9,0.0,0.294,84.45,686.25,72.5674,0.0,670.25,0.0,710.16,1773.1799,523.95,50.0,0.3151,0.2439,1000.2,0.7,186285.0,543.92,43.3903,676.8,680.1,0.0,0.0,0.0,0.1795,0.681,0.0,0.0,0.037,180.0125,0.0,0.0,12.334,2.6,26.555,0.128,1000.0,1.0,66.2134,571.6,50.0,145.618,5000.0,0.0,100.0,0.1971,600.06,28.0933,0.0,3000.0,24.9975,26.1385,680.15,184.015,9.9998,0.0,0.0,0.0,3000.0,286.8075,96.08,72.5674,0.0,2.6003,0.0,0.3795,11.1182,20.6139,15.0379,343.2,0.2999,517.705,19.4386,0.5,0.0,0.0,0.0,2.6004,0.0,250.0,100.0,33.0,0.0,50.0,0.0,5000.04,2200.0,686.25,28.0933,26.91,1.76,356.45,356.45,57.5625,4997.9497,180.0125,1.0056,0.0,0.1279,86.05,0.0,0.0,0.0,50.0,0.0,76.7642,0.0,0.0,0.1306,0.0,24.9975,0.037,662.0,15.0357,252.05,0.0,4.6,148.59,50.0,81.915,25.0,650.6,50.0,0.0,0.0,0.1236,1000.0,0.0,20.6139,0.0,100.0,186285.0,0.4632,20.0,0.0,0.0,46.848,0.5,186285.0,0.0,0.3795,590.135,0.1236,0.1306,2.6004,211.02,0.0,489.11,0.0,523.95,358.1656,0.0,2.6003,75.595,184.015,9.9785,26.49,100.0,520.0,85.1025,61.2,5999.7334,0.7,26.91,85.2675,0.0,15.7189,24.9975,100.0,0.0,0.037,0.0,83.6325,600.0,66.2134,590.135,523.95,100.0,186225.0,343.2,10.9118,100.0,9.9785,9.9998,0.0,0.0,0.0,100.0,662.0,15.0357,20.6149,0.0,0.275,9.55,15.0379,0.0,0.0,33.09,0.0,0.0,0.037,686.28,100.0,1773.1799,517.7,25.99,0.0,38.0,4.3812,0.0,76.7642,4.6,82.29,710.0,19.4386,74.587,0.0,0.15,0.3151,590.0,13.0259,673.55,0.0,0.037,0.1498,2.6,184.015,74.587,0.1498,4997.9497,517.7,517.7,680.0,517.705
57.6,211.02,0.0,211.02,4.335,75.5942,710.16,24.9975,172.8405,523.95,43.3903,0.0,110.0,274.2,186285.0,490.095,88.0,0.0,0.0,343.2,0.0,0.0,9.9998,0.0,96.08,0.0,50.0,180.0,11.1193,0.0,0.0,75.5942,680.2,43.3743,0.0,100.0,0.0,3000.0,590.135,33.085,184.015,100.0,184.015,487.17,46.848,25.48,184.015,100.0,0.0,0.0,0.0,0.0,9.1118,24.9975,100.0,1773.1799,0.0,517.705,-1.0,0.0,0.0,60.0,50000.0,25.04,0.0,0.0,46.848,184.015,0.0,488.115,0.4632,0.0,5000.0,13.0279,600.06,0.1279,0.0,100.0,544.92,517.7,49.925,0.0,0.0,15.0335,5000.04,0.0,590.135,681.9,0.0,211.02,0.037,100.0,15.0335,94.4,100.0,995.85,0.2082,100.0,15.7189,3.35,100.0,15.0335,0.0,186285.0,15.0335,517.705,100.0,0.0,680.2,250.0,24.9975,0.0,4.6025,680.15,0.0,0.0,0.037,686.2625,0.1498,100.0,0.0,0.3795,0.0,10.9119,0.0,100.0,172.844,0.0,1000.2,999.9,0.0,0.294,84.4575,686.25,72.5671,0.0,670.3,0.0,710.16,1773.1799,523.95,50.0,0.3151,0.2439,1000.2,0.7,186285.0,543.92,43.3743,676.85,680.1,0.0,0.0,0.0,0.1795,0.681,0.0,0.0,0.037,180.025,0.0,0.0,12.334,2.6,26.555,0.1279,1000.0,1.0,66.2133,570.85,50.0,145.618,5000.0,0.0,100.0,0.197,600.06,28.0933,0.0,3000.0,24.9975,26.155,680.2,184.015,9.9998,0.0,0.0,0.0,3000.0,287.0775,96.08,72.5671,0.0,2.6003,0.0,0.3795,11.1193,20.6118,15.0357,343.2,0.2999,517.705,19.4383,0.5,0.0,0.0,0.0,2.6004,0.0,250.0,100.0,33.0,0.0,50.0,0.0,5000.04,2200.0,686.25,28.0933,26.91,1.76,356.45,356.45,57.6,4997.9497,180.025,1.0057,0.0,0.1279,86.275,0.0,0.0,0.0,50.0,0.0,76.7637,0.0,0.0,0.1306,0.0,24.9975,0.037,662.0,15.0335,252.05,0.0,4.6025,148.59,50.0,81.915,25.0,650.6,50.0,0.0,0.0,0.1236,1000.0,0.0,20.6118,0.0,100.0,186285.0,0.4632,20.0,0.0,0.0,46.878,0.5,186285.0,0.0,0.3795,590.135,0.1236,0.1306,2.6004,211.02,0.0,489.14,0.0,523.95,358.3034,0.0,2.6003,75.595,184.015,9.9784,26.49,100.0,520.0,85.0725,61.2,5999.7334,0.7,26.91,85.23,0.0,15.7189,24.9975,100.0,0.0,0.037,0.0,83.6175,600.0,66.2133,590.135,523.95,100.0,186225.0,343.2,10.9119,100.0,9.9784,9.9998,0.0,0.0,0.0,100.0,662.0,15.0335,20.6128,0.0,0.275,9.549,15.0357,0.0,0.0,33.09,0.0,0.0,0.037,686.28,100.0,1773.1799,517.73,25.99,0.0,38.0,4.0844,0.0,76.7637,4.6025,82.3275,710.0,19.4383,74.5983,0.0,0.15,0.3151,590.0,13.0279,673.55,0.0,0.037,0.1498,2.6,184.015,74.5983,0.1498,4997.9497,517.7,517.73,680.0,517.705
57.6,211.04,0.0,211.04,4.334,75.5932,710.16,24.9975,172.8,523.95,43.3743,0.0,110.0,274.2,186285.0,490.14,88.0,0.0,0.0,343.2,0.0,0.0,9.9998,0.0,96.08,0.0,50.0,180.0,11.1173,0.0,0.0,75.5932,680.2,43.3583,0.0,100.0,0.0,3000.0,590.135,33.085,184.015,100.0,184.015,487.17,46.878,25.48,184.015,100.0,0.0,0.0,0.0,0.0,9.1113,24.9975,100.0,1773.1799,0.0,517.74,-1.0,0.0,0.0,60.0,50000.0,25.04,0.0,0.0,46.878,184.015,0.0,488.16,0.4632,0.0,5000.0,13.0405,600.06,0.1279,0.0,100.0,544.92,517.75,49.925,0.0,0.0,15.0399,5000.04,0.0,590.135,681.95,0.0,211.04,0.037,100.0,15.0399,94.4,100.0,995.85,0.2082,100.0,15.7189,3.35,100.0,15.0399,0.0,186285.0,15.0399,517.74,100.0,0.0,680.2,250.0,24.9975,0.0,4.6025,680.2,0.0,0.0,0.037,686.2625,0.1498,100.0,0.0,0.3795,0.0,10.912,0.0,100.0,172.802,0.0,1000.2,999.9,0.0,0.294,84.4875,686.25,72.5669,0.0,670.3,0.0,710.16,1773.1799,523.95,50.0,0.3151,0.2439,1000.2,0.7,186285.0,543.92,43.3583,676.85,680.1,0.0,0.0,0.0,0.1794,0.681,0.0,0.0,0.037,180.025,0.0,0.0,12.334,2.6,26.555,0.1279,1000.0,1.0,66.2132,570.8,50.0,145.618,5000.0,0.0,100.0,0.197,600.06,28.0933,0.0,3000.0,24.9975,26.166,680.2,184.015,9.9998,0.0,0.0,0.0,3000.0,286.5375,96.08,72.5669,0.0,2.6003,0.0,0.3795,11.1173,20.6098,15.0335,343.2,0.2999,517.74,19.4381,0.5,0.0,0.0,0.0,2.6,0.0,250.0,100.0,33.0,0.0,50.0,0.0,5000.04,2200.0,686.25,28.0933,26.91,1.76,356.45,356.45,57.525,5000.3247,180.025,1.0057,0.0,0.1279,86.775,0.0,0.0,0.0,50.0,0.0,76.7647,0.0,0.0,0.1306,0.0,24.9975,0.037,662.0,15.0399,252.075,0.0,4.6025,148.59,50.0,81.9,25.0,650.6,50.0,0.0,0.0,0.1236,1000.0,0.0,20.6098,0.0,100.0,186285.0,0.4632,20.0,0.0,0.0,46.908,0.5,186285.0,0.0,0.3795,590.135,0.1236,0.1306,2.6,211.04,0.0,489.14,0.0,523.95,357.649,0.0,2.6003,75.595,184.015,9.9783,26.49,100.0,520.0,85.0875,61.2,5999.7334,0.7,26.91,85.2375,0.0,15.7189,24.9975,100.0,0.0,0.037,0.0,83.6025,600.0,66.2132,590.135,523.95,100.0,186225.0,343.2,10.912,100.0,9.9783,9.9998,0.0,0.0,0.0,100.0,662.0,15.0399,20.6108,0.0,0.275,9.548,15.0335,0.0,0.0,33.085,0.0,0.0,0.037,686.28,100.0,1773.1799,517.76,25.99,0.0,38.0,4.1906,0.0,76.7647,4.6025,82.365,710.0,19.4381,74.5589,0.0,0.15,0.3151,590.0,13.0405,673.55,0.0,0.037,0.1498,2.6,184.015,74.5589,0.1498,5000.3247,517.75,517.76,680.0,517.74
57.525,211.04,0.0,211.04,4.333,75.5922,710.16,24.9975,172.8,523.95,43.3583,0.0,110.0,274.2,186285.0,490.14,88.0,0.0,0.0,343.23,0.0,0.0,9.9998,0.0,96.08,0.0,50.0,180.0,11.1171,0.0,0.0,75.5922,680.2,43.3424,0.0,100.0,0.0,3000.0,590.135,33.085,184.015,100.0,184.015,487.17,46.908,25.48,184.015,100.0,0.0,0.0,0.0,0.0,9.1113,24.9975,100.0,1773.1799,0.0,517.775,-1.0,0.0,0.0,60.0,50000.0,25.04,0.0,0.0,46.908,184.015,0.0,488.16,0.4632,0.0,5000.0,13.0432,600.06,0.1279,0.0,100.0,544.92,517.75,49.925,0.0,0.0,15.0379,5000.04,0.0,590.135,681.95,0.0,211.04,0.037,100.0,15.0379,94.4,100.0,995.85,0.2081,100.0,15.7189,3.35,100.0,15.0379,0.0,186285.0,15.0379,517.775,100.0,0.0,680.2,250.0,24.9975,0.0,4.6025,680.2,0.0,0.0,0.037,686.3,0.1498,100.0,0.0,0.3795,0.0,10.912,0.0,100.0,172.802,0.0,1000.2,999.9,0.0,0.294,84.48,686.3,72.5666,0.0,670.3,0.0,710.16,1773.36,523.95,50.0,0.3151,0.2439,1000.2,0.7,186285.0,543.92,43.3424,676.85,680.1,0.0,0.0,0.0,0.1794,0.681,0.0,0.0,0.037,180.025,0.0,0.0,12.333,2.6,26.555,0.1279,1000.0,1.0,66.2124,571.15,50.0,145.618,5000.0,0.0,100.0,0.197,600.06,28.0933,0.0,3000.0,24.9975,26.188,680.2,184.015,9.9998,0.0,0.0,0.0,3000.0,286.65,96.08,72.5666,0.0,2.601,0.0,0.3795,11.1171,20.6077,15.0399,343.2,0.2999,517.775,19.4378,0.5,0.0,0.0,0.0,2.6,0.0,250.0,100.0,33.0,0.0,50.0,0.0,5000.04,2200.0,686.3,28.0933,26.91,1.76,356.45,356.45,57.6375,5000.3247,180.025,1.0059,0.0,0.1279,86.55,0.0,0.0,0.0,50.0,0.0,76.7647,0.0,0.0,0.1306,0.0,24.9975,0.037,662.0,15.0379,252.075,0.0,4.6025,148.59,50.0,81.915,25.0,650.6,50.0,0.0,0.0,0.1236,1000.0,0.0,20.6077,0.0,100.0,186285.0,0.4632,20.0,0.0,0.0,46.932,0.5,186285.0,0.0,0.3795,590.135,0.1236,0.1306,2.6,211.04,0.0,489.17,0.0,523.95,358.4067,0.0,2.601,75.585,184.015,9.9782,26.49,100.0,520.0,85.11,61.2,5999.7334,0.7,26.91,85.2675,0.0,15.7189,24.9975,100.0,0.0,0.037,0.0,83.5425,600.0,66.2124,590.135,523.95,100.0,186225.0,343.2,10.912,100.0,9.9782,9.9998,0.0,0.0,0.0,100.0,662.0,15.0379,20.6087,0.0,0.275,9.547,15.0399,0.0,0.0,33.085,0.0,0.0,0.037,686.28,100.0,1773.1799,517.76,25.99,0.0,38.0,4.3859,0.0,76.7647,4.6025,82.38,710.0,19.4378,74.5695,0.0,0.15,0.3151,590.0,13.0432,673.55,0.0,0.037,0.1498,2.6,184.015,74.5695,0.1498,5000.3247,517.75,517.76,680.0,517.775
57.5625,211.04,0.0,211.04,4.333,75.5928,710.16,24.9975,172.7595,523.98,43.3424,0.0,110.0,274.25,186285.0,490.14,88.0,0.0,0.0,343.23,0.0,0.0,9.9998,0.0,96.08,0.0,50.0,180.0,11.1169,0.0,0.0,75.5928,680.2,43.3264,0.0,100.0,0.0,3000.0,590.135,33.08,184.015,100.0,184.015,487.215,46.932,25.48,184.015,100.0,0.0,0.0,0.0,0.0,9.1113,24.9975,100.0,1773.36,0.0,517.775,-1.0,0.0,0.0,60.0,50000.0,25.04,0.0,0.0,46.932,184.015,0.0,488.205,0.4632,0.0,5000.0,13.0459,600.06,0.1279,0.0,100.0,544.92,517.8,49.925,0.0,0.0,15.036,5000.04,0.0,590.135,681.95,0.0,211.04,0.037,100.0,15.036,94.4,100.0,995.85,0.2081,100.0,15.7189,3.35,100.0,15.036,0.0,186285.0,15.036,517.775,100.0,0.0,680.2,250.0,24.9975,0.0,4.6025,680.2,0.0,0.0,0.037,686.3,0.1498,100.0,0.0,0.3795,0.0,10.9121,0.0,100.0,172.76,0.0,1000.2,999.9,0.0,0.294,84.5175,686.3,72.5664,0.0,670.3,0.0,710.16,1773.36,523.98,50.0,0.3151,0.2439,1000.2,0.7,186285.0,543.92,43.3264,676.85,680.1,0.0,0.0,0.0,0.1794,0.681,0.0,0.0,0.037,180.0125,0.0,0.0,12.333,2.6,26.555,0.1279,1000.0,1.0,66.2121,571.0,50.0,145.618,5000.0,0.0,100.0,0.197,600.06,28.0933,0.0,3000.0,24.9975,26.2045,680.2,184.015,9.9998,0.0,0.0,0.0,3000.0,286.515,96.08,72.5664,0.0,2.601,0.0,0.3795,11.1169,20.6057,15.0379,343.23,0.2999,517.775,19.4376,0.5,0.0,0.0,0.0,2.6,0.0,250.0,100.0,33.0,0.0,50.0,0.0,5000.04,2200.0,686.3,28.0933,26.91,1.76,356.5,356.5,57.525,5000.3247,180.0125,1.0059,0.0,0.1279,86.175,0.0,0.0,0.0,50.0,0.0,76.7647,0.0,0.0,0.1305,0.0,24.9975,0.037,662.0,15.036,252.075,0.0,4.6025,148.59,50.0,81.975,25.0,650.6,50.0,0.0,0.0,0.1236,1000.0,0.0,20.6057,0.0,100.0,186285.0,0.4632,20.0,0.0,0.0,46.956,0.5,186285.0,0.0,0.3795,590.135,0.1236,0.1305,2.6,211.04,0.0,489.17,0.0,523.95,358.2689,0.0,2.601,75.585,184.015,9.9782,26.49,100.0,520.0,85.1325,61.2,5999.7334,0.7,26.91,85.3125,0.0,15.7189,24.9975,100.0,0.0,0.037,0.0,83.5575,600.0,66.2121,590.135,523.98,100.0,186225.0,343.23,10.9121,100.0,9.9782,9.9998,0.0,0.0,0.0,100.0,662.0,15.036,20.6067,0.0,0.275,9.545,15.0379,0.0,0.0,33.085,0.0,0.0,0.037,686.28,100.0,1773.36,517.79,25.99,0.0,38.0,4.0109,0.0,76.7647,4.6025,82.395,710.0,19.4376,74.5801,0.0,0.15,0.3151,590.0,13.0459,673.55,0.0,0.037,0.1498,2.6,184.015,74.5801,0.1498,5000.3247,517.8,517.79,680.0,517.775
57.525,211.06,0.0,211.06,4.332,75.5922,710.16,24.9975,172.773,523.98,43.3264,0.0,110.0,274.25,186285.0,490.185,88.0,0.0,0.0,343.23,0.0,0.0,9.9998,0.0,96.08,0.0,50.0,180.0,11.1167,0.0,0.0,75.5922,680.2,43.3067,0.0,100.0,0.0,3000.0,590.135,33.08,184.015,100.0,184.015,487.215,46.956,25.48,184.015,100.0,0.0,0.0,0.0,0.0,9.1113,24.9975,100.0,1773.36,0.0,517.81,-1.0,0.0,0.0,60.0,50000.0,25.04,0.0,0.0,46.956,184.015,0.0,488.205,0.4632,0.0,5000.0,13.0485,600.06,0.1279,0.0,100.0,544.92,517.8,49.925,0.0,0.0,15.0341,5000.04,0.0,590.135,681.95,0.0,211.06,0.037,100.0,15.0341,94.4,100.0,995.85,0.2081,100.0,15.7189,3.35,100.0,15.0341,0.0,186285.0,15.0341,517.81,100.0,0.0,680.2,250.0,24.9975,0.0,4.6025,680.2,0.0,0.0,0.037,686.3,0.1498,100.0,0.0,0.3795,0.0,10.9121,0.0,100.0,172.76,0.0,1000.2,999.9,0.0,0.294,84.57,686.3,72.5661,0.0,670.3,0.0,710.16,1773.36,523.98,50.0,0.3151,0.2439,1000.2,0.7,186285.0,543.92,43.3067,676.85,680.1,0.0,0.0,0.0,0.1794,0.681,0.0,0.0,0.037,180.0125,0.0,0.0,12.333,2.6,26.555,0.1279,1000.0,1.0,66.2117,571.45,50.0,145.618,5000.0,0.0,100.0,0.1969,600.12,28.0933,0.0,3000.0,24.9975,26.221,680.2,184.015,9.9998,0.0,0.0,0.0,3000.0,287.28,96.08,72.5661,0.0,2.601,0.0,0.3795,11.1167,20.6036,15.036,343.23,0.2999,517.81,19.4373,0.5,0.0,0.0,0.0,2.6,0.0,250.0,100.0,33.0,0.0,50.0,0.0,5000.04,2200.0,686.3,28.0933,26.91,1.76,356.5,356.5,57.6,5000.3247,180.0125,1.006,0.0,0.1279,86.575,0.0,0.0,0.0,50.0,0.0,76.7647,0.0,0.0,0.1305,0.0,24.9975,0.037,662.0,15.0341,252.075,0.0,4.6025,148.59,50.0,81.9525,25.0,650.6,50.0,0.0,0.0,0.1235,1000.0,0.0,20.6036,0.0,100.0,186285.0,0.4632,20.0,0.0,0.0,46.986,0.5,186285.0,0.0,0.3795,590.135,0.1236,0.1305,2.6,211.06,0.0,489.2,0.0,523.98,357.5801,0.0,2.601,75.585,184.015,9.9781,26.49,100.0,520.0,85.11,61.2,5999.7334,0.7,26.91,85.35,0.0,15.7189,24.9975,100.0,0.0,0.037,0.0,83.5575,600.0,66.2117,590.135,523.98,100.0,186225.0,343.23,10.9121,100.0,9.9781,9.9998,0.0,0.0,0.0,100.0,662.0,15.0341,20.6047,0.0,0.275,9.544,15.036,0.0,0.0,33.08,0.0,0.0,0.037,686.28,100.0,1773.36,517.82,25.99,0.0,38.0,4.1578,0.0,76.7647,4.6025,82.38,710.0,19.4373,74.5401,0.0,0.15,0.3151,590.0,13.0485,673.55,0.0,0.037,0.1498,2.6,184.015,74.5401,0.1498,5000.3247,517.8,517.82,680.0,517.81
57.5625,211.06,0.0,211.06,4.332,75.5917,710.16,24.9975,172.7325,523.98,43.3067,0.0,110.0,274.3,186285.0,490.185,88.0,0.0,0.0,343.23,0.0,0.0,9.9998,0.0,96.08,0.0,50.0,180.0,11.1166,0.0,0.0,75.5917,680.2,43.2906,0.0,100.0,0.0,3000.0,590.135,33.08,184.015,100.0,184.015,487.26,46.986,25.48,184.015,100.0,0.0,0.0,0.0,0.0,9.1113,24.9975,100.0,1773.36,0.0,517.81,-1.0,0.0,0.0,60.0,50000.0,25.04,0.0,0.0,46.986,184.015,0.0,488.25,0.4632,0.0,5000.0,13.0512,600.12,0.1279,0.0,100.0,544.92,517.8,49.925,0.0,0.0,15.0321,5000.04,0.0,590.135,681.95,0.0,211.06,0.037,100.0,15.0321,94.4,100.0,995.85,0.208,100.0,15.7189,3.35,100.0,15.0321,0.0,186285.0,15.0321,517.81,100.0,0.0,680.2,250.0,24.9975,0.0,4.6025,680.2,0.0,0.0,0.037,686.3,0.1498,100.0,0.0,0.3795,0.0,10.9122,0.0,100.0,172.718,0.0,1000.2,999.9,0.0,0.294,84.54,686.3,72.5659,0.0,670.3,0.0,710.16,1773.36,523.98,50.0,0.3151,0.2439,1000.2,0.7,186285.0,543.92,43.2906,676.85,680.1,0.0,0.0,0.0,0.1793,0.681,0.0,0.0,0.037,180.0125,0.0,0.0,12.333,2.6,26.555,0.1279,1000.0,1.0,66.2114,571.4,50.0,145.618,5000.0,0.0,100.0,0.1969,600.12,28.0933,0.0,3000.0,24.9975,26.2375,680.2,184.015,9.9998,0.0,0.0,0.0,3000.0,286.425,96.08,72.5659,0.0,2.601,0.0,0.3795,11.1166,20.6016,15.0341,343.23,0.2999,517.81,19.4363,0.5,0.0,0.0,0.0,2.6,0.0,250.0,100.0,33.0,0.0,50.0,0.0,5000.04,2200.0,686.3,28.0933,26.91,1.76,356.55,356.55,57.5625,5000.3247,180.0125,1.006,0.0,0.1279,86.8,0.0,0.0,0.0,50.0,0.0,76.7647,0.0,0.0,0.1305,0.0,24.9975,0.037,662.0,15.0321,252.075,0.0,4.6025,148.59,50.0,81.9225,25.0,650.6,50.0,0.0,0.0,0.1235,1000.0,0.0,20.6016,0.0,100.0,186285.0,0.4632,20.0,0.0,0.0,47.01,0.5,186285.0,0.0,0.3795,590.135,0.1235,0.1305,2.6,211.06,0.0,489.23,0.0,523.98,358.3723,0.0,2.601,75.585,184.015,9.978,26.49,100.0,520.0,85.095,61.2,5999.7334,0.7,26.91,85.395,0.0,15.7189,24.9975,100.0,0.0,0.037,0.0,83.5875,600.0,66.2114,590.135,523.98,100.0,186225.0,343.23,10.9122,100.0,9.978,9.9998,0.0,0.0,0.0,100.0,662.0,15.0321,20.6026,0.0,0.275,9.543,15.0341,0.0,0.0,33.08,0.0,0.0,0.037,686.28,100.0,1773.36,517.82,25.99,0.0,38.0,4.3984,0.0,76.7647,4.6025,82.3275,710.0,19.4363,74.5501,0.0,0.15,0.3151,590.0,13.0512,673.55,0.0,0.037,0.1498,2.6,184.015,74.5501,0.1498,5000.3247,517.8,517.82,680.0,517.81
57.5625,211.06,0.0,211.06,4.331,75.5912,710.16,24.9975,172.7325,523.98,43.2906,0.0,110.0,274.3,186285.0,490.23,88.0,0.0,0.0,343.23,0.0,0.0,9.9998,0.0,96.08,0.0,50.0,180.0,11.1164,0.0,0.0,75.5912,680.2,43.2745,0.0,100.0,0.0,3000.0,590.135,33.075,184.015,100.0,184.015,487.26,47.01,25.48,184.015,100.0,0.0,0.0,0.0,0.0,9.1113,24.9975,100.0,1773.36,0.0,517.845,-1.0,0.0,0.0,60.0,50000.0,25.04,0.0,0.0,47.01,184.015,0.0,488.25,0.4632,0.0,5000.0,13.0539,600.12,0.1278,0.0,100.0,544.92,517.85,49.925,0.0,0.0,15.0302,5000.04,0.0,590.135,681.95,0.0,211.06,0.037,100.0,15.0302,94.4,100.0,995.85,0.208,100.0,15.7189,3.35,100.0,15.0302,0.0,186285.0,15.0302,517.845,100.0,0.0,680.2,250.0,24.9975,0.0,4.605,680.2,0.0,0.0,0.037,686.3,0.1498,100.0,0.0,0.3795,0.0,10.9122,0.0,100.0,172.718,0.0,1000.8,999.9,0.0,0.294,84.5925,686.3,72.5656,0.0,670.3,0.0,710.16,1773.36,523.98,50.0,0.3151,0.2439,1000.8,0.7,186285.0,543.92,43.2745,676.85,680.1,0.0,0.0,0.0,0.1793,0.681,0.0,0.0,0.037,180.0125,0.0,0.0,12.333,2.6,26.555,0.1278,1000.0,1.0,66.2111,571.2,50.0,145.618,5000.0,0.0,100.0,0.1969,600.12,28.0933,0.0,3000.0,24.9975,26.2485,680.2,184.015,9.9998,0.0,0.0,0.0,3000.0,286.8525,96.08,72.5656,0.0,2.601,0.0,0.3795,11.1164,20.5995,15.0321,343.23,0.2999,517.845,19.4358,0.5,0.0,0.0,0.0,2.6,0.0,250.0,100.0,33.0,0.0,50.0,0.0,5000.04,2200.0,686.3,28.0933,26.91,1.76,356.55,356.55,57.6,5000.3247,180.0125,1.0061,0.0,0.1278,86.05,0.0,0.0,0.0,50.0,0.0,76.7647,0.0,0.0,0.1305,0.0,24.9975,0.037,662.0,15.0302,252.075,0.0,4.605,148.59,50.0,81.945,25.0,650.6,50.0,0.0,0.0,0.1235,1000.0,0.0,20.5995,0.0,100.0,186285.0,0.4632,20.0,0.0,0.0,47.034,0.5,186285.0,0.0,0.3795,590.135,0.1235,0.1305,2.6,211.06,0.0,489.23,0.0,523.98,358.1312,0.0,2.601,75.585,184.015,9.9772,26.49,100.0,520.0,85.11,61.2,5999.7334,0.7,26.91,85.3425,0.0,15.7189,24.9975,100.0,0.0,0.037,0.0,83.535,600.0,66.2111,590.135,523.98,100.0,186225.0,343.23,10.9122,100.0,9.9772,9.9998,0.0,0.0,0.0,100.0,662.0,15.0302,20.6006,0.0,0.275,9.542,15.0321,0.0,0.0,33.08,0.0,0.0,0.037,686.28,100.0,1773.36,517.85,25.99,0.0,38.0,4.5109,0.0,76.7647,4.605,82.3725,710.0,19.4358,74.5601,0.0,0.15,0.3151,590.0,13.0539,673.55,0.0,0.037,0.1498,2.6,184.015,74.5601,0.1498,5000.3247,517.85,517.85,680.0,517.845
57.5625,211.08,0.0,211.08,4.33,75.5892,710.16,24.9975,172.692,523.98,43.2745,0.0,110.0,274.35,186285.0,490.23,88.0,0.0,0.0,343.23,0.0,0.0,9.9998,0.0,96.08,0.0,50.0,180.0,11.1162,0.0,0.0,75.5892,680.2,43.2585,0.0,100.0,0.0,3000.0,590.135,33.075,184.015,100.0,184.015,487.26,47.034,25.48,184.015,100.0,0.0,0.0,0.0,0.0,9.1113,24.9975,100.0,1773.36,0.0,517.88,-1.0,0.0,0.0,60.0,50000.0,25.04,0.0,0.0,47.034,184.015,0.0,488.25,0.4632,0.0,5000.0,13.0565,600.12,0.1278,0.0,100.0,544.92,517.85,49.925,0.0,0.0,15.0282,5000.04,0.0,590.135,681.95,0.0,211.08,0.037,100.0,15.0282,94.4,100.0,995.85,0.208,100.0,15.7189,3.35,100.0,15.0282,0.0,186285.0,15.0282,517.88,100.0,0.0,680.2,250.0,24.9975,0.0,4.605,680.2,0.0,0.0,0.037,686.3,0.1498,100.0,0.0,0.3795,0.0,10.9123,0.0,100.0,172.676,0.0,1000.8,999.9,0.0,0.294,84.57,686.3,72.5654,0.0,670.3,0.0,710.16,1773.36,523.98,50.0,0.3151,0.2439,1000.8,0.7,186285.0,543.92,43.2585,676.85,680.1,0.0,0.0,0.0,0.1793,0.681,0.0,0.0,0.037,180.025,0.0,0.0,12.333,2.6,26.555,0.1278,1000.0,1.0,66.2107,571.6,50.0,145.629,5000.0,0.0,100.0,0.1969,600.12,28.0933,0.0,3000.0,24.9975,26.2595,680.2,184.015,9.9998,0.0,0.0,0.0,3000.0,286.515,96.08,72.5654,0.0,2.601,0.0,0.3795,11.1162,20.5975,15.0302,343.23,0.2999,517.88,19.4353,0.5,0.0,0.0,0.0,2.6,0.0,250.0,100.0,33.0,0.0,50.0,0.0,5000.04,2200.0,686.3,28.0933,26.91,1.76,356.6,356.6,57.6,5000.3247,180.025,1.0061,0.0,0.1278,86.0,0.0,0.0,0.0,50.0,0.0,76.7647,0.0,0.0,0.1305,0.0,24.9975,0.037,662.0,15.0282,252.1,0.0,4.605,148.6012,50.0,81.945,25.0,650.6,50.0,0.0,0.0,0.1235,1000.0,0.0,20.5975,0.0,100.0,186285.0,0.4632,20.0,0.0,0.0,47.058,0.5,186285.0,0.0,0.3795,590.135,0.1235,0.1305,2.6,211.08,0.0,489.26,0.0,523.98,358.1312,0.0,2.601,75.585,184.015,9.9768,26.49,100.0,520.0,85.0575,61.2,5999.7334,0.7,26.91,85.32,0.0,15.7189,24.9975,100.0,0.0,0.037,0.0,83.5125,600.0,66.2107,590.135,523.98,100.0,186225.0,343.23,10.9123,100.0,9.9768,9.9998,0.0,0.0,0.0,100.0,662.0,15.0282,20.5985,0.0,0.275,9.541,15.0302,0.0,0.0,33.075,0.0,0.0,0.037,686.28,100.0,1773.36,517.88,25.99,0.0,38.0,4.7844,0.0,76.7647,4.605,82.38,710.0,19.4353,74.5195,0.0,0.15,0.3151,590.0,13.0565,673.55,0.0,0.037,0.1498,2.6,184.015,74.5195,0.1498,5000.3247,517.85,517.88,680.0,517.88
57.525,211.08,0.0,211.08,4.329,75.5882,710.16,24.9975,172.665,523.98,43.2585,0.0,110.0,274.35,186285.0,490.275,88.0,0.0,0.0,343.23,0.0,0.0,9.9998,0.0,96.08,0.0,50.0,180.0,11.1161,0.0,0.0,75.5882,680.2,43.2424,0.0,100.0,0.0,3000.0,590.135,33.075,184.015,100.0,184.015,487.305,47.058,25.48,184.015,100.0,0.0,0.0,0.0,0.0,9.1113,24.9975,100.0,1773.36,0.0,517.88,-1.0,0.0,0.0,60.0,50000.0,25.04,0.0,0.0,47.058,184.015,0.0,488.295,0.4632,0.0,5000.0,13.0592,600.12,0.1278,0.0,100.0,544.92,517.9,49.925,0.0,0.0,15.0263,5000.04,0.0,590.135,681.95,0.0,211.08,0.037,100.0,15.0263,94.4,100.0,995.85,0.2079,100.0,15.7189,3.35,100.0,15.0263,0.0,186285.0,15.0263,517.88,100.0,0.0,680.2,250.0,24.9975,0.0,4.605,680.2,0.0,0.0,0.037,686.3,0.1498,100.0,0.0,0.3795,0.0,10.9123,0.0,100.0,172.662,0.0,1000.8,999.9,0.0,0.294,84.615,686.3,72.5651,0.0,670.3,0.0,710.16,1773.36,523.98,50.0,0.3151,0.2439,1000.8,0.7,186285.0,543.92,43.2424,676.85,680.15,0.0,0.0,0.0,0.1793,0.681,0.0,0.0,0.037,180.025,0.0,0.0,12.332,2.6,26.555,0.1278,1000.0,1.0,66.2104,571.3,50.0,145.629,5000.0,0.0,100.0,0.1968,600.12,28.0932,0.0,3000.0,24.9975,26.2815,680.2,184.015,9.9998,0.0,0.0,0.0,3000.0,286.7625,96.08,72.5651,0.0,2.601,0.0,0.3795,11.1161,20.5955,15.0282,343.23,0.2999,517.88,19.4348,0.5,0.0,0.0,0.0,2.6,0.0,250.0,100.0,33.0,0.0,50.0,0.0,5000.04,2200.0,686.3,28.0932,26.91,1.76,356.65,356.65,57.5625,5000.3247,180.025,1.0063,0.0,0.1278,86.8,0.0,0.0,0.0,50.0,0.0,76.7647,0.0,0.0,0.1305,0.0,24.9975,0.037,662.0,15.0263,252.1,0.0,4.605,148.6012,50.0,81.9225,25.0,650.6,50.0,0.0,0.0,0.1235,1000.0,0.0,20.5955,0.0,100.0,186285.0,0.4632,20.0,0.0,0.0,47.088,0.5,186285.0,0.0,0.3795,590.135,0.1235,0.1305,2.6,211.08,0.0,489.29,0.0,523.98,358.2,0.0,2.601,75.585,184.015,9.9765,26.49,100.0,520.0,85.1025,61.2,5999.7334,0.7,26.91,85.3575,0.0,15.7189,24.9975,100.0,0.0,0.037,0.0,83.5275,600.0,66.2104,590.135,523.98,100.0,186225.0,343.23,10.9123,100.0,9.9765,9.9998,0.0,0.0,0.0,100.0,662.0,15.0263,20.5965,0.0,0.275,9.54,15.0282,0.0,0.0,33.075,0.0,0.0,0.037,686.28,100.0,1773.36,517.88,25.99,0.0,38.0,4.8078,0.0,76.7647,4.605,82.41,710.0,19.4348,74.5289,0.0,0.15,0.3151,590.0,13.0592,673.55,0.0,0.037,0.1498,2.6,184.015,74.5289,0.1498,5000.3247,517.9,517.88,680.0,517.88
57.525,211.08,0.0,211.08,4.328,75.5872,710.24,24.9975,172.665,523.98,43.2424,0.0,110.0,274.4,186285.0,490.275,88.0,0.0,0.0,343.23,0.0,0.0,9.9998,0.0,96.08,0.0,50.0,180.0,11.1159,0.0,0.0,75.5872,680.2,43.2263,0.0,100.0,0.0,3000.0,590.135,33.07,184.015,100.0,184.015,487.305,47.088,25.48,184.015,100.0,0.0,0.0,0.0,0.0,9.1118,24.9975,100.0,1773.36,0.0,517.915,-1.0,0.0,0.0,60.0,50000.0,25.04,0.0,0.0,47.088,184.015,0.0,488.295,0.4632,0.0,5000.0,13.0619,600.12,0.1278,0.0,100.0,544.92,517.9,49.925,0.0,0.0,15.0243,5000.04,0.0,590.135,681.95,0.0,211.08,0.037,100.0,15.0243,94.4,100.0,995.85,0.2079,100.0,15.7189,3.35,100.0,15.0243,0.0,186285.0,15.0243,517.915,100.0,0.0,680.2,250.0,24.9975,0.0,4.605,680.2,0.0,0.0,0.037,686.3,0.1498,100.0,0.0,0.3795,0.0,10.9124,0.0,100.0,172.662,0.0,1000.8,999.9,0.0,0.294,84.6075,686.3,72.5642,0.0,670.3,0.0,710.24,1773.36,523.98,50.0,0.3151,0.2439,1000.8,0.7,186285.0,543.92,43.2263,676.85,680.15,0.0,0.0,0.0,0.1793,0.681,0.0,0.0,0.037,180.025,0.0,0.0,12.332,2.6,26.555,0.1278,1000.0,1.0,66.2101,571.25,50.0,145.629,5000.0,0.0,100.0,0.1968,600.12,28.0932,0.0,3000.0,24.9975,26.2925,680.2,184.015,9.9998,0.0,0.0,0.0,3000.0,287.235,96.08,72.5642,0.0,2.601,0.0,0.3795,11.1159,20.5934,15.0263,343.23,0.2999,517.915,19.4343,0.5,0.0,0.0,0.0,2.6002,0.0,250.0,100.0,33.0,0.0,50.0,0.0,5000.04,2200.0,686.3,28.0932,26.91,1.76,356.65,356.65,57.525,5000.3247,180.025,1.0063,0.0,0.1278,86.675,0.0,0.0,0.0,50.0,0.0,76.764,0.0,0.0,0.1304,0.0,24.9975,0.037,662.05,15.0243,252.1,0.0,4.605,148.6012,50.0,81.885,25.0,650.6,50.0,0.0,0.0,0.1235,1000.0,0.0,20.5934,0.0,100.0,186285.0,0.4632,20.0,0.0,0.0,47.112,0.5,186285.0,0.0,0.3795,590.135,0.1235,0.1305,2.6002,211.08,0.0,489.29,0.0,523.98,358.0623,0.0,2.601,75.585,184.015,9.9762,26.49,100.0,520.0,85.0575,61.2,5999.7334,0.7,26.91,85.365,0.0,15.7189,24.9975,100.0,0.0,0.037,0.0,83.565,600.0,66.2101,590.135,523.98,100.0,186225.0,343.23,10.9124,100.0,9.9762,9.9998,0.0,0.0,0.0,100.0,662.05,15.0243,20.5944,0.0,0.275,9.539,15.0263,0.0,0.0,33.075,0.0,0.0,0.037,686.28,100.0,1773.36,517.91,25.99,0.0,38.0,4.0984,0.0,76.764,4.605,82.4325,710.0,19.4343,74.5383,0.0,0.15,0.3151,590.0,13.0619,673.6,0.0,0.037,0.1498,2.6,184.015,74.5383,0.1498,5000.3247,517.9,517.91,680.0,517.915
57.5625,211.1,0.0,211.1,4.327,75.5877,710.24,24.9975,172.6515,523.98,43.2263,0.0,110.0,274.4,186285.0,490.275,88.0,0.0,0.0,343.23,0.0,0.0,9.9998,0.0,96.08,0.0,50.0,180.0,11.1157,0.0,0.0,75.5877,680.2,43.2102,0.0,100.0,0.0,3000.0,590.135,33.07,184.015,100.0,184.015,487.35,47.112,25.48,184.015,100.0,0.0,0.0,0.0,0.0,9.1118,24.9975,100.0,1773.36,0.0,517.915,-1.0,0.0,0.0,60.0,50000.0,25.04,0.0,0.0,47.112,184.015,0.0,488.34,0.4632,0.0,5000.0,13.0645,600.12,0.1278,0.0,100.0,544.92,517.9,49.925,0.0,0.0,15.0224,5000.04,0.0,590.135,681.95,0.0,211.1,0.037,100.0,15.0224,94.4,100.0,995.85,0.2079,100.0,15.7189,3.35,100.0,15.0224,0.0,186285.0,15.0224,517.915,100.0,0.0,680.2,250.0,24.9975,0.0,4.605,680.2,0.0,0.0,0.037,686.3,0.1498,100.0,0.0,0.3795,0.0,10.9125,0.0,100.0,172.648,0.0,1000.8,999.9,0.0,0.294,84.63,686.3,72.5639,0.0,670.3,0.0,710.24,1773.36,523.98,50.0,0.3151,0.2439,1000.8,0.7,186285.0,543.96,43.2102,676.85,680.15,0.0,0.0,0.0,0.1792,0.681,0.0,0.0,0.037,180.0125,0.0,0.0,12.332,2.6,26.555,0.1278,1000.0,1.0,66.2097,571.7,50.0,145.629,5000.0,0.0,100.0,0.1968,600.0,28.0932,0.0,3000.0,24.9975,26.309,680.2,184.015,9.9998,0.0,0.0,0.0,3000.0,287.37,96.08,72.5639,0.0,2.601,0.0,0.3795,11.1157,20.5914,15.0243,343.23,0.2999,517.915,19.4338,0.5,0.0,0.0,0.0,2.6002,0.0,250.0,100.0,33.0,0.0,50.0,0.0,5000.04,2200.0,686.3,28.0932,26.91,1.76,356.7,356.7,57.6,5000.3247,180.0125,1.0063,0.0,0.1278,86.75,0.0,0.0,0.0,50.0,0.0,76.7637,0.0,0.0,0.1304,0.0,24.9975,0.037,662.05,15.0224,252.1,0.0,4.605,148.6012,50.0,81.93,25.0,650.6,50.0,0.0,0.0,0.1235,1000.0,0.0,20.5914,0.0,100.0,186285.0,0.4632,20.0,0.0,0.0,47.13,0.5,186285.0,0.0,0.3795,590.135,0.1235,0.1304,2.6002,211.1,0.0,489.32,0.0,523.98,357.649,0.0,2.601,75.585,184.015,9.9758,26.49,100.0,520.0,85.0275,61.2,5999.7334,0.7,26.91,85.3875,0.0,15.7189,24.9975,100.0,0.0,0.037,0.0,83.535,600.0,66.2097,590.135,523.98,100.0,186225.0,343.23,10.9125,100.0,9.9758,9.9998,0.0,0.0,0.0,100.0,662.05,15.0224,20.5924,0.0,0.275,9.538,15.0243,0.0,0.0,33.07,0.0,0.0,0.037,686.28,100.0,1773.36,517.94,25.99,0.0,38.0,4.3656,0.0,76.7637,4.605,82.3875,710.0,19.4338,74.497,0.0,0.15,0.3151,590.0,13.0645,673.6,0.0,0.037,0.1498,2.6,184.015,74.497,0.1498,5000.3247,517.9,517.94,680.0,517.915
57.5625,211.1,0.0,211.1,4.325,75.5872,710.08,24.9975,172.611,523.98,43.2102,0.0,110.0,274.45,186285.0,490.32,88.0,0.0,0.0,343.23,0.0,0.0,9.9998,0.0,96.08,0.0,50.0,180.0,11.1155,0.0,0.0,75.5872,680.2,43.1942,0.0,100.0,0.0,2999.75,590.135,33.07,184.015,100.0,184.015,487.35,47.13,25.48,184.015,100.0,0.0,0.0,0.0,0.0,9.1118,24.9975,100.0,1773.36,0.0,517.95,-1.0,0.0,0.0,60.0,50000.0,25.04,0.0,0.0,47.13,184.015,0.0,488.34,0.4632,0.0,5000.0,13.0672,600.0,0.1278,0.0,100.0,544.92,517.95,49.925,0.0,0.0,15.0204,5000.04,0.0,590.135,681.95,0.0,211.1,0.037,100.0,15.0204,94.4,100.0,995.85,0.2078,100.0,15.7196,3.35,100.0,15.0204,0.0,186285.0,15.0204,517.95,100.0,0.0,680.2,250.0,24.9975,0.0,4.605,680.2,0.0,0.0,0.037,686.3,0.1498,100.0,0.0,0.3795,0.0,10.9125,0.0,100.0,172.606,0.0,1000.8,999.9,0.0,0.294,84.6,686.3,72.5647,0.0,670.3,0.0,710.08,1773.36,523.98,50.0,0.3151,0.2439,1000.8,0.7,186285.0,543.96,43.1942,676.85,680.15,0.0,0.0,0.0,0.1792,0.681,0.0,0.0,0.037,180.0125,0.0,0.0,12.33,2.6,26.555,0.1278,1000.0,1.0,66.2094,571.65,50.0,145.629,5000.0,0.0,100.0,0.1968,600.0,28.0932,0.0,3000.0,24.9975,26.3255,680.2,184.015,9.9998,0.0,0.0,0.0,2999.75,287.325,96.08,72.5647,0.0,2.601,0.0,0.3795,11.1155,20.5893,15.0224,343.23,0.2999,517.95,19.4348,0.5,0.0,0.0,0.0,2.6002,0.0,250.0,100.0,33.0,0.0,50.0,0.0,5000.04,2200.0,686.3,28.0932,26.91,1.76,356.75,356.75,57.6,5000.3247,180.0125,1.0064,0.0,0.1278,86.05,0.0,0.0,0.0,50.0,0.0,76.7635,0.0,0.0,0.1304,0.0,24.9975,0.037,662.05,15.0204,252.1,0.0,4.605,148.6012,50.0,81.9525,25.0,650.6,50.0,0.0,0.0,0.1234,1000.0,0.0,20.5893,0.0,100.0,186285.0,0.4632,20.0,0.0,0.0,47.148,0.5,186285.0,0.0,0.3795,590.135,0.1235,0.1304,2.6002,211.1,0.0,489.35,0.0,523.98,358.2345,0.0,2.601,75.585,184.015,9.9755,26.49,100.0,520.0,85.0125,61.2,5999.7334,0.7,26.91,85.4025,0.0,15.7196,24.9975,100.0,0.0,0.037,0.0,83.58,600.0,66.2094,590.135,523.98,100.0,186225.0,343.23,10.9125,100.0,9.9755,9.9998,0.0,0.0,0.0,100.0,662.05,15.0204,20.5903,0.0,0.275,9.537,15.0224,0.0,0.0,33.07,0.0,0.0,0.037,686.32,100.0,1773.36,517.94,25.99,0.0,38.0,4.4016,0.0,76.7635,4.605,82.4325,710.0,19.4348,74.5058,0.0,0.15,0.3151,590.0,13.0672,673.6,0.0,0.037,0.1498,2.6,184.015,74.5058,0.1498,5000.3247,517.95,517.94,680.0,517.95
57.5625,211.1,0.0,211.1,4.325,75.5852,710.08,24.9975,172.611,523.98,43.1942,0.0,110.0,274.45,186285.0,490.32,88.0,0.0,0.0,343.26,0.0,0.0,9.9998,0.0,96.08,0.0,50.0,180.0,11.1154,0.0,0.0,75.5852,680.2,43.1781,0.0,100.0,0.0,2999.75,590.135,33.065,184.015,100.0,184.015,487.395,47.148,25.48,184.015,100.0,0.0,0.0,0.0,0.0,9.1113,24.9975,100.0,1773.36,0.0,517.95,-1.0,0.0,0.0,60.0,50000.0,25.04,0.0,0.0,47.148,184.015,0.0,488.34,0.4632,0.0,5000.0,13.0699,600.0,0.1278,0.0,100.0,544.96,517.95,49.925,0.0,0.0,15.0185,5000.04,0.0,590.135,681.95,0.0,211.1,0.037,100.0,15.0185,94.4,100.0,995.85,0.2078,100.0,15.7198,3.35,100.0,15.0185,0.0,186285.0,15.0185,517.95,100.0,0.0,680.2,250.0,24.9975,0.0,4.605,680.2,0.0,0.0,0.037,686.3,0.1498,100.0,0.0,0.3795,0.0,10.9126,0.0,100.0,172.606,0.0,1000.8,999.9,0.0,0.294,84.585,686.3,72.5646,0.0,670.3,0.0,710.08,1773.36,523.98,50.0,0.3151,0.2439,1000.8,0.7,186285.0,543.96,43.1781,676.85,680.15,0.0,0.0,0.0,0.1792,0.681,0.0,0.0,0.037,180.025,0.0,0.0,12.329,2.6,26.555,0.1278,1000.0,1.0,66.2098,570.85,50.0,145.629,5000.0,0.0,100.0,0.1967,600.0,28.0932,0.0,3000.0,24.9975,26.342,680.2,184.015,9.9998,0.0,0.0,0.0,2999.75,286.8975,96.08,72.5646,0.0,2.6003,0.0,0.3795,11.1154,20.5873,15.0204,343.23,0.2999,517.95,19.4348,0.5,0.0,0.0,0.0,2.6002,0.0,250.0,100.0,33.0,0.0,50.0,0.0,5000.04,2200.0,686.3,28.0932,26.91,1.76,356.75,356.75,57.6,5000.3247,180.025,1.0064,0.0,0.1277,86.225,0.0,0.0,0.0,50.0,0.0,76.7632,0.0,0.0,0.1304,0.0,24.9975,0.037,662.05,15.0185,252.1,0.0,4.605,148.6012,50.0,81.9825,25.0,650.6,50.0,0.0,0.0,0.1234,1000.0,0.0,20.5873,0.0,100.0,186285.0,0.4632,20.0,0.0,0.0,47.19,0.5,186285.0,0.0,0.3795,590.135,0.1234,0.1304,2.6002,211.1,0.0,489.35,0.0,523.98,358.0967,0.0,2.6003,75.585,184.015,9.9752,26.49,100.0,520.0,85.0125,61.2,5999.7334,0.7,26.91,85.3875,0.0,15.7198,24.9975,100.0,0.0,0.037,0.0,83.6175,600.0,66.2098,590.135,523.98,100.0,186225.0,343.23,10.9126,100.0,9.9752,9.9998,0.0,0.0,0.0,100.0,662.05,15.0185,20.5883,0.0,0.275,9.536,15.0204,0.0,0.0,33.07,0.0,0.0,0.037,686.32,100.0,1773.36,517.97,25.99,0.0,38.0,3.9828,0.0,76.7632,4.605,82.38,710.0,19.4348,74.5145,0.0,0.15,0.3151,590.0,13.0699,673.6,0.0,0.037,0.1498,2.6,184.015,74.5145,0.1498,5000.3247,517.95,517.97,680.0,517.95
57.5625,211.12,0.0,211.12,4.323,75.5842,710.08,24.9975,172.584,523.98,43.1781,0.0,110.0,274.45,186285.0,490.365,88.0,0.0,0.0,343.26,0.0,0.0,9.9998,0.0,96.08,0.0,50.0,180.0,11.1152,0.0,0.0,75.5842,680.2,43.162,0.0,100.0,0.0,2999.75,590.135,33.065,184.015,100.0,184.015,487.395,47.19,25.48,184.015,100.0,0.0,0.0,0.0,0.0,9.1113,24.9975,100.0,1773.36,0.0,517.985,-1.0,0.0,0.0,60.0,50000.0,25.04,0.0,0.0,47.19,184.015,0.0,488.385,0.4632,0.0,5000.0,13.0725,600.0,0.1277,0.0,100.0,544.96,517.95,49.925,0.0,0.0,15.0166,5000.04,0.0,590.135,681.95,0.0,211.12,0.037,100.0,15.0166,94.4,100.0,995.85,0.2078,100.0,15.7201,3.35,50.0,15.0166,0.0,186285.0,15.0166,517.985,100.0,0.0,680.2,250.0,24.9975,0.0,4.6075,680.2,0.0,0.0,0.037,686.3,0.1498,100.0,0.0,0.3795,0.0,10.9126,0.0,100.0,172.578,0.0,1000.8,999.9,0.0,0.294,84.57,686.3,72.5645,0.0,670.3,0.0,710.08,1773.36,523.98,50.0,0.3151,0.2439,1000.8,0.7,186285.0,543.96,43.162,676.85,680.15,0.0,0.0,0.0,0.1791,0.681,0.0,0.0,0.037,180.025,0.0,0.0,12.33,2.6,26.555,0.1277,1000.0,1.0,66.2097,571.2,50.0,145.629,5000.0,0.0,100.0,0.1967,600.06,28.0932,0.0,3000.0,24.9975,26.364,680.2,184.015,9.9998,0.0,0.0,0.0,2999.75,287.235,96.08,72.5645,0.0,2.6003,0.0,0.3795,11.1152,20.5852,15.0185,343.26,0.2999,517.985,19.4348,0.5,0.0,0.0,0.0,2.6002,0.0,250.0,100.0,33.0,0.0,50.0,0.0,5000.04,2200.0,686.3,28.0932,26.91,1.76,356.75,356.75,57.6,5000.3247,180.025,1.0065,0.0,0.1277,86.3,0.0,0.0,0.0,50.0,0.0,76.763,0.0,0.0,0.1304,0.0,24.9975,0.037,662.05,15.0166,252.1,0.0,4.6075,148.6012,50.0,81.96,25.0,650.6,50.0,0.0,0.0,0.1234,1000.0,0.0,20.5852,0.0,100.0,186285.0,0.4632,20.0,0.0,0.0,47.22,0.5,186285.0,0.0,0.3795,590.135,0.1234,0.1304,2.6002,211.12,0.0,489.38,0.0,523.98,357.7523,0.0,2.6003,75.585,184.015,9.9748,26.49,100.0,520.0,85.0125,61.2,5999.7334,0.7,26.91,85.3875,0.0,15.7201,24.9975,100.0,0.0,0.037,0.0,83.5875,600.0,66.2097,590.135,523.98,100.0,186225.0,343.26,10.9126,100.0,9.9748,9.9998,0.0,0.0,0.0,100.0,662.05,15.0166,20.5863,0.0,0.275,9.535,15.0185,0.0,0.0,33.065,0.0,0.0,0.037,686.32,100.0,1773.36,517.97,25.99,0.0,38.0,4.5578,0.0,76.763,4.6075,82.32,710.0,19.4348,74.4726,0.0,0.15,0.3151,590.0,13.0725,673.6,0.0,0.037,0.1498,2.6,184.015,74.4726,0.1498,5000.3247,517.95,517.97,680.0,517.985
57.6,211.12,0.0,211.12,4.322,75.5832,710.08,24.9975,172.584,524.01,43.162,0.0,110.0,274.45,186285.0,490.365,88.0,0.0,0.0,343.26,0.0,0.0,9.9998,0.0,96.08,0.0,50.0,180.0,11.115,0.0,0.0,75.5832,680.2,43.1459,0.0,100.0,0.0,2999.75,590.135,33.065,184.015,100.0,184.015,487.395,47.22,25.48,184.015,100.0,0.0,0.0,0.0,0.0,9.1113,24.9975,100.0,1773.36,0.0,517.985,-1.0,0.0,0.0,60.0,50000.0,25.04,0.0,0.0,47.22,184.015,0.0,488.385,0.4632,0.0,5000.0,13.0752,600.06,0.1277,0.0,100.0,544.96,518.0,49.925,0.0,0.0,15.0146,5000.04,0.0,590.135,681.95,0.0,211.12,0.037,100.0,15.0146,94.4,100.0,995.85,0.2078,100.0,15.7203,3.35,50.0,15.0146,0.0,186285.0,15.0146,517.985,100.0,0.0,680.2,250.0,24.9975,0.0,4.6075,680.2,0.0,0.0,0.037,686.3,0.1498,100.0,0.0,0.3795,0.0,10.9127,0.0,100.0,172.578,0.0,1000.8,999.9,0.0,0.294,84.57,686.3,72.5644,0.0,670.3,0.0,710.08,1773.5399,524.01,50.0,0.3151,0.2439,1000.8,0.7,186285.0,543.96,43.1459,676.85,680.15,0.0,0.0,0.0,0.1791,0.681,0.0,0.0,0.037,180.025,0.0,0.0,12.33,2.6,26.555,0.1277,1000.0,1.0,66.2096,571.5,50.0,145.629,5000.0,0.0,100.0,0.1967,600.06,28.0932,0.0,3000.0,24.9975,26.3805,680.2,184.015,9.9998,0.0,0.0,0.0,2999.75,287.01,96.08,72.5644,0.0,2.6003,0.0,0.3795,11.115,20.5832,15.0166,343.26,0.2999,517.985,19.4341,0.5,0.0,0.0,0.0,2.6002,0.0,250.0,100.0,33.0,0.0,50.0,0.0,5000.04,2200.0,686.3,28.0932,26.91,1.76,356.8,356.8,57.6,5000.3247,180.025,1.0065,0.0,0.1277,86.35,0.0,0.0,0.0,50.0,0.0,76.7627,0.0,0.0,0.1303,0.0,24.9975,0.037,662.05,15.0146,252.125,0.0,4.6075,148.6012,50.0,81.9975,25.0,650.6,50.0,0.0,0.0,0.1234,1000.0,0.0,20.5832,0.0,100.0,186285.0,0.4632,20.0,0.0,0.0,47.238,0.5,186285.0,0.0,0.3795,590.135,0.1234,0.1304,2.6002,211.12,0.0,489.38,0.0,523.98,358.1312,0.0,2.6003,75.585,184.015,9.9745,26.49,100.0,520.0,84.9975,61.2,5999.7334,0.7,26.91,85.38,0.0,15.7203,24.9975,100.0,0.0,0.037,0.0,83.61,600.0,66.2096,590.135,524.01,100.0,186225.0,343.26,10.9127,100.0,9.9745,9.9998,0.0,0.0,0.0,100.0,662.05,15.0146,20.5842,0.0,0.275,9.534,15.0166,0.0,0.0,33.065,0.0,0.0,0.037,686.32,100.0,1773.36,518.0,25.99,0.0,38.0,4.6062,0.0,76.7627,4.6075,82.335,710.0,19.4341,74.4808,0.0,0.15,0.3151,590.0,13.0752,673.6,0.0,0.037,0.1498,2.6,184.015,74.4808,0.1498,5000.3247,518.0,518.0,680.0,517.985
57.5625,211.12,0.0,211.12,4.321,75.5837,710.08,24.9975,172.5435,524.01,43.1459,0.0,110.0,274.5,186285.0,490.365,88.0,0.0,0.0,343.26,0.0,0.0,9.9998,0.0,96.08,0.0,50.0,180.0,11.1148,0.0,0.0,75.5837,680.2,43.1261,0.0,100.0,0.0,3000.75,590.135,33.065,184.015,100.0,184.015,487.44,47.238,25.48,184.015,100.0,0.0,0.0,0.0,0.0,9.1113,24.9975,100.0,1773.5399,0.0,518.02,-1.0,0.0,0.0,60.0,50000.0,25.04,0.0,0.0,47.238,184.015,0.0,488.43,0.4632,0.0,5000.0,13.0779,600.06,0.1277,0.0,100.0,544.96,518.0,49.925,0.0,0.0,15.0127,4999.1797,0.0,590.135,681.95,0.0,211.12,0.037,100.0,15.0127,94.4,100.0,995.85,0.2078,100.0,15.7181,3.35,50.0,15.0127,0.0,186285.0,15.0127,518.02,100.0,0.0,680.2,250.0,24.9975,0.0,4.6075,680.2,0.0,0.0,0.037,686.3,0.1498,100.0,0.0,0.3795,0.0,10.9127,0.0,100.0,172.536,0.0,1000.2,999.9,0.0,0.294,84.5775,686.3,72.5642,0.0,670.3,0.0,710.08,1773.5399,524.01,50.0,0.3151,0.2439,1000.2,0.7,186285.0,543.96,43.1261,676.85,680.15,0.0,0.0,0.0,0.1791,0.681,0.0,0.0,0.037,180.0125,0.0,0.0,12.329,2.6,26.555,0.1277,1000.0,1.0,66.2096,571.65,50.0,145.629,5000.0,0.0,100.0,0.1966,600.06,28.0938,0.0,3000.0,24.9975,26.397,680.2,184.015,9.9998,0.0,0.0,0.0,3000.75,287.28,96.08,72.5642,0.0,2.6003,0.0,0.3795,11.1148,20.5811,15.0146,343.26,0.2999,518.02,19.4338,0.5,0.0,0.0,0.0,2.6002,0.0,250.0,100.0,33.0,0.0,50.0,0.0,4999.1797,2200.0,686.3,28.0938,26.91,1.76,356.8,356.8,57.6,5000.3247,180.0125,1.0065,0.0,0.1277,86.6,0.0,0.0,0.0,50.0,0.0,76.7625,0.0,0.0,0.1303,0.0,24.9975,0.037,662.05,15.0127,252.125,0.0,4.6075,148.6012,50.0,81.9825,25.0,650.6,50.0,0.0,0.0,0.1234,1000.0,0.0,20.5811,0.0,100.0,186285.0,0.4632,20.0,0.0,0.0,47.256,0.5,186285.0,0.0,0.3795,590.135,0.1234,0.1304,2.6002,211.12,0.0,489.41,0.0,524.01,358.3723,0.0,2.6003,75.58,184.015,9.9749,26.49,100.0,520.0,84.9675,61.2,5999.7334,0.7,26.91,85.3575,0.0,15.7181,24.9975,100.0,0.0,0.037,0.0,83.5725,600.0,66.2096,590.135,524.01,100.0,186225.0,343.26,10.9127,100.0,9.9749,9.9998,0.0,0.0,0.0,100.0,662.05,15.0127,20.5822,0.0,0.275,9.533,15.0146,0.0,0.0,33.065,0.0,0.0,0.037,686.32,100.0,1773.5399,518.03,25.99,0.0,38.0,4.7156,0.0,76.7625,4.6075,82.35,710.0,19.4338,74.4889,0.0,0.15,0.3151,590.0,13.0779,673.6,0.0,0.037,0.1498,2.6,184.015,74.4889,0.1498,5000.3247,518.0,518.03,680.0,518.02
57.5625,211.12,0.0,211.12,4.32,75.5832,710.08,24.9975,172.5435,524.01,43.1261,0.0,110.0,274.5,186285.0,490.41,88.0,0.0,0.0,343.26,0.0,0.0,9.9998,0.0,96.08,0.0,50.0,180.0,11.1147,0.0,0.0,75.5832,680.2,43.1099,0.0,100.0,0.0,3000.75,590.1675,33.06,184.015,100.0,184.015,487.44,47.256,25.48,184.015,100.0,0.0,0.0,0.0,0.0,9.1113,24.9975,100.0,1773.5399,0.0,518.055,-1.0,0.0,0.0,60.0,50000.0,25.04,0.0,0.0,47.256,184.015,0.0,488.43,0.4632,0.0,5000.0,13.0805,600.06,0.1277,0.0,100.0,544.96,518.05,49.925,0.0,0.0,15.0107,4999.1797,0.0,590.1675,681.95,0.0,211.12,0.037,100.0,15.0107,94.4,100.0,995.85,0.2078,100.0,15.7173,3.35,50.0,15.0107,0.0,186285.0,15.0107,518.055,100.0,0.0,680.2,250.0,24.9975,0.0,4.6075,680.2,0.0,0.0,0.037,686.3,0.1498,100.0,0.0,0.3795,0.0,10.9128,0.0,100.0,172.536,0.0,1000.2,999.9,0.0,0.294,84.6225,686.3,72.5641,0.0,670.3,0.0,710.08,1773.5399,524.01,50.0,0.3151,0.2439,1000.2,0.7,186285.0,543.96,43.1099,676.85,680.15,0.0,0.0,0.0,0.1791,0.681,0.0,0.0,0.037,180.0125,0.0,0.0,12.328,2.6,26.555,0.1277,1000.0,1.0,66.2095,571.3,50.0,145.64,5000.0,0.0,100.0,0.1966,600.06,28.094,0.0,3000.0,24.9975,26.4135,680.2,184.015,9.9998,0.0,0.0,0.0,3000.75,286.785,96.08,72.5641,0.0,2.6003,0.0,0.3795,11.1147,20.5641,15.0127,343.26,0.2999,518.055,19.4336,0.5,0.0,0.0,0.0,2.6002,0.0,250.0,100.0,33.0,0.0,50.0,0.0,4999.1797,2200.0,686.3,28.094,26.91,1.76,356.85,356.85,57.525,5000.3247,180.0125,1.0066,0.0,0.1277,86.75,0.0,0.0,0.0,50.0,0.0,76.7622,0.0,0.0,0.1303,0.0,24.9975,0.037,662.05,15.0107,252.125,0.0,4.6075,148.6125,50.0,81.96,25.0,650.6,50.0,0.0,0.0,0.1234,1000.0,0.0,20.5641,0.0,100.0,186285.0,0.4632,20.0,0.0,0.0,47.274,0.5,186285.0,0.0,0.3795,590.1675,0.1234,0.1304,2.6002,211.12,0.0,489.44,0.0,524.01,358.3723,0.0,2.6003,75.58,184.015,9.9748,26.49,100.0,520.0,84.9525,61.2,5999.7334,0.7,26.91,85.3575,0.0,15.7173,24.9975,100.0,0.0,0.037,0.0,83.58,600.0,66.2095,590.1675,524.01,100.0,186225.0,343.26,10.9128,100.0,9.9748,9.9998,0.0,0.0,0.0,100.0,662.05,15.0107,20.5801,0.0,0.275,9.532,15.0127,0.0,0.0,33.065,0.0,0.0,0.037,686.32,100.0,1773.5399,518.03,25.99,0.0,38.0,4.6203,0.0,76.7622,4.6075,82.32,710.0,19.4336,74.497,0.0,0.15,0.3151,590.0,13.0805,673.6,0.0,0.037,0.1498,2.6,184.015,74.497,0.1498,5000.3247,518.05,518.03,680.0,518.055
57.5625,211.14,0.0,211.14,4.321,75.5827,710.08,24.9975,172.53,524.01,43.1099,0.0,110.0,274.55,186285.0,490.41,88.0,0.0,0.0,343.26,0.0,0.0,9.9998,0.0,96.08,0.0,50.0,180.0,11.1176,0.0,0.0,75.5827,680.2,43.0937,0.0,100.0,0.0,2999.75,590.1675,33.06,184.015,100.0,184.015,487.485,47.274,25.48,184.015,100.0,0.0,0.0,0.0,0.0,9.1113,24.9975,100.0,1773.5399,0.0,518.055,-1.0,0.0,0.0,60.0,50000.0,25.04,0.0,0.0,47.274,184.015,0.0,488.43,0.4632,0.0,5000.0,13.0832,600.06,0.1277,0.0,100.0,544.96,518.05,49.925,0.0,0.0,15.0088,5000.04,0.0,590.1675,681.95,0.0,211.14,0.037,100.0,15.0088,94.4,100.0,995.85,0.2078,100.0,15.7191,3.35,50.0,15.0088,0.0,186285.0,15.0088,518.055,100.0,0.0,680.2,250.0,24.9975,0.0,4.6075,680.2,0.0,0.0,0.037,686.3,0.1498,100.0,0.0,0.3795,0.0,10.9128,0.0,100.0,172.522,0.0,1000.2,999.9,0.0,0.294,84.585,686.3,72.564,0.0,670.3,0.0,710.08,1773.5399,524.01,50.0,0.3151,0.2439,1000.2,0.7,186285.0,543.96,43.0937,676.85,680.15,0.0,0.0,0.0,0.1791,0.681,0.0,0.0,0.037,180.0125,0.0,0.0,12.328,2.6,26.555,0.1277,1000.0,1.0,66.2094,571.2,50.0,145.64,5000.0,0.0,100.0,0.1966,600.06,28.0936,0.0,3000.0,24.9975,26.4245,680.2,184.015,9.9998,0.0,0.0,0.0,2999.75,286.4925,96.08,72.564,0.0,2.6003,0.0,0.3795,11.1176,20.5616,15.0107,343.26,0.2999,518.055,19.4333,0.5,0.0,0.0,0.0,2.6002,0.0,250.0,100.0,33.0,0.0,50.0,0.0,5000.04,2200.0,686.3,28.0936,26.91,1.76,356.85,356.85,57.5625,4997.9497,180.0125,1.0066,0.0,0.1277,86.875,0.0,0.0,0.0,50.0,0.0,76.762,0.0,0.0,0.1303,0.0,24.9975,0.037,662.05,15.0088,252.125,0.0,4.6075,148.6125,50.0,81.9375,25.0,650.6,50.0,0.0,0.0,0.1234,1000.0,0.0,20.5616,0.0,100.0,186285.0,0.4632,20.0,0.0,0.0,47.28,0.5,186285.0,0.0,0.3795,590.1675,0.1234,0.1303,2.6002,211.14,0.0,489.44,0.0,524.01,357.8557,0.0,2.6003,75.58,184.015,9.9747,26.49,100.0,520.0,84.99,61.2,5999.7334,0.7,26.91,85.3425,0.0,15.7191,24.9975,100.0,0.0,0.037,0.0,83.5725,600.0,66.2094,590.1675,524.01,100.0,186225.0,343.26,10.9128,100.0,9.9747,9.9998,0.0,0.0,0.0,100.0,662.05,15.0088,20.5628,0.0,0.275,9.531,15.0107,0.0,0.0,33.06,0.0,0.0,0.037,686.32,100.0,1773.5399,518.06,25.99,0.0,38.0,4.2328,0.0,76.762,4.6075,82.3275,710.0,19.4333,74.4545,0.0,0.15,0.3151,590.0,13.0832,673.6,0.0,0.037,0.1498,2.6,184.015,74.4545,0.1498,4997.9497,518.05,518.06,680.0,518.055
57.5625,211.14,0.0,211.14,4.321,75.5822,710.08,24.9975,172.53,524.01,43.0937,0.0,110.0,274.55,186285.0,490.41,88.0,0.0,0.0,343.26,0.0,0.0,9.9998,0.0,96.08,0.0,50.0,180.0,11.1187,0.0,0.0,75.5822,680.2,43.0775,0.0,100.0,0.0,2999.75,590.1675,33.06,184.015,100.0,184.015,487.485,47.28,25.48,184.015,100.0,0.0,0.0,0.0,0.0,9.1113,24.9975,100.0,1773.5399,0.0,518.055,-1.0,0.0,0.0,60.0,50000.0,25.04,0.0,0.0,47.28,184.015,0.0,488.43,0.4632,0.0,5000.0,13.0859,600.06,0.1277,0.0,100.0,544.96,518.05,49.925,0.0,0.0,15.0068,5000.04,0.0,590.1675,681.95,0.0,211.14,0.037,100.0,15.0068,94.4,100.0,995.85,0.2078,100.0,15.7193,3.35,50.0,15.0068,0.0,186285.0,15.0068,518.055,100.0,0.0,680.2,250.0,24.9975,0.0,4.6075,680.2,0.0,0.0,0.037,686.3,0.1498,100.0,0.0,0.3795,0.0,10.9129,0.0,100.0,172.522,0.0,1000.2,999.9,0.0,0.294,84.585,686.3,72.5639,0.0,670.3,0.0,710.08,1773.5399,524.01,50.0,0.3151,0.2439,1000.2,0.7,186285.0,543.96,43.0775,676.85,680.15,0.0,0.0,0.0,0.1791,0.681,0.0,0.0,0.037,180.0125,0.0,0.0,12.328,2.6,26.555,0.1277,1000.0,1.0,66.2093,571.2,50.0,145.64,5000.0,0.0,100.0,0.1966,600.06,28.0936,0.0,3000.0,24.9975,26.4245,680.2,184.015,9.9998,0.0,0.0,0.0,2999.75,286.4925,96.08,72.5639,0.0,2.6003,0.0,0.3795,11.1187,20.559,15.0088,343.26,0.2999,518.055,19.4331,0.5,0.0,0.0,0.0,2.6002,0.0,250.0,100.0,33.0,0.0,50.0,0.0,5000.04,2200.0,686.3,28.0936,26.91,1.76,356.85,356.85,57.5625,4997.9497,180.0125,1.0066,0.0,0.1277,86.875,0.0,0.0,0.0,50.0,0.0,76.7617,0.0,0.0,0.1303,0.0,24.9975,0.037,662.05,15.0068,252.125,0.0,4.6075,148.6125,50.0,81.9375,25.0,650.6,50.0,0.0,0.0,0.1234,1000.0,0.0,20.559,0.0,100.0,186285.0,0.4632,20.0,0.0,0.0,47.28,0.5,186285.0,0.0,0.3795,590.1675,0.1234,0.1303,2.6002,211.14,0.0,489.44,0.0,524.01,357.8557,0.0,2.6003,75.58,184.015,9.9747,26.49,100.0,520.0,84.99,61.2,5999.7334,0.7,26.91,85.3425,0.0,15.7193,24.9975,100.0,0.0,0.037,0.0,83.5725,600.0,66.2093,590.1675,524.01,100.0,186225.0,343.26,10.9129,100.0,9.9747,9.9998,0.0,0.0,0.0,100.0,662.05,15.0068,20.5603,0.0,0.275,9.531,15.0088,0.0,0.0,33.06,0.0,0.0,0.037,686.32,100.0,1773.5399,518.06,25.99,0.0,38.0,4.2328,0.0,76.7617,4.6075,82.3275,710.0,19.4331,74.462,0.0,0.15,0.3151,590.0,13.0859,673.6,0.0,0.037,0.1498,2.6,184.015,74.462,0.1498,4997.9497,518.05,518.06,680.0,518.055
57.6375,211.14,0.0,211.14,4.32,75.5802,710.08,24.9975,172.4895,523.98,43.0775,0.0,110.0,274.55,186285.0,490.455,88.0,0.0,0.0,343.26,0.0,0.0,9.9998,0.0,96.08,0.0,50.0,180.0,11.1167,0.0,0.0,75.5802,680.2,43.0613,0.0,100.0,0.0,2999.75,590.1675,33.055,184.015,100.0,184.015,487.485,47.28,25.48,184.015,100.0,0.0,0.0,0.0,0.0,9.1113,24.9975,100.0,1773.5399,0.0,518.09,-1.0,0.0,0.0,60.0,50000.0,25.04,0.0,0.0,47.28,184.015,0.0,488.475,0.4632,0.0,5000.0,13.0885,600.06,0.1277,0.0,100.0,544.96,518.1,49.925,0.0,0.0,15.0135,4999.1797,0.0,590.1675,681.95,0.0,211.14,0.037,100.0,15.0135,94.42,100.0,995.85,0.2077,100.0,15.7196,3.3,50.0,15.0135,0.0,186285.0,15.0135,518.09,100.0,0.0,680.2,250.0,24.9975,0.0,4.6075,680.2,0.0,0.0,0.037,686.3375,0.1498,100.0,0.0,0.3795,0.0,10.913,0.0,100.0,172.48,0.0,1000.2,999.9,0.0,0.294,84.6675,686.3,72.5638,0.0,670.35,0.0,710.08,1773.5399,523.98,50.0,0.3151,0.2439,1000.2,0.7,186285.0,543.96,43.0613,676.9,680.15,0.0,0.0,0.0,0.179,0.681,0.0,0.0,0.037,180.025,0.0,0.0,12.327,2.6,26.555,0.1277,1000.0,1.0,66.2092,571.25,50.0,145.64,5000.0,0.0,100.0,0.1966,600.06,28.0942,0.0,3000.0,24.9975,26.4465,680.2,184.015,9.9998,0.0,0.0,0.0,2999.75,286.5825,96.08,72.5638,0.0,2.6003,0.0,0.3795,11.1167,20.5565,15.0068,343.26,0.2999,518.09,19.4328,0.5,0.0,0.0,0.0,2.6004,0.0,250.0,100.0,33.0,0.0,50.0,0.0,4999.1797,2200.0,686.3,28.0942,26.91,1.76,356.9,356.9,57.6,5000.3247,180.025,1.0067,0.0,0.1277,86.7,0.0,0.0,0.0,50.0,0.0,76.7607,0.0,0.0,0.1303,0.0,24.9975,0.037,662.05,15.0135,252.125,0.0,4.6075,148.6125,50.0,81.87,25.0,650.6,50.0,0.0,0.0,0.1234,1000.0,0.0,20.5565,0.0,100.0,186285.0,0.4632,20.0,0.0,0.0,47.322,0.5,186285.0,0.0,0.3795,590.1675,0.1234,0.1303,2.6004,211.14,0.0,489.47,0.0,524.01,358.4411,0.0,2.6003,75.58,184.015,9.9746,26.49,100.0,520.0,84.9675,330.32,5999.7334,0.7,26.91,85.26,0.0,15.7196,24.9975,100.0,0.0,0.037,0.0,83.565,600.0,66.2092,590.1675,523.98,100.0,186225.0,343.26,10.913,100.0,9.9746,9.9998,0.0,0.0,0.0,100.0,662.05,15.0135,20.5577,0.0,0.275,9.53,15.0068,0.0,0.0,33.06,0.0,0.0,0.037,686.32,100.0,1773.5399,518.09,25.99,0.0,38.0,4.1766,0.0,76.7607,4.6075,82.3575,710.0,19.4328,74.4695,0.0,0.15,0.3151,590.0,13.0885,673.6,0.0,0.037,0.1498,2.6,184.015,74.4695,0.1498,5000.3247,518.1,518.09,680.0,518.09
57.6,211.16,0.0,211.16,4.316,75.5792,710.08,24.9975,172.4625,523.98,43.0613,0.0,110.0,274.55,186285.0,490.455,88.0,0.0,0.0,343.26,0.0,0.0,9.9998,0.0,96.08,0.0,50.0,180.0,11.1165,0.0,0.0,75.5792,680.2,43.0488,0.0,100.0,0.0,2999.75,590.1675,33.055,184.015,100.0,184.015,487.53,47.322,25.48,184.015,100.0,0.0,0.0,0.0,0.0,9.1108,24.9975,100.0,1773.5399,0.0,518.125,-1.0,0.0,0.0,60.0,50000.0,25.04,0.0,0.0,47.322,184.015,0.0,488.52,0.4632,0.0,5000.0,13.0912,600.06,0.1277,0.0,100.0,544.96,518.1,49.925,0.0,0.0,15.0118,4999.1797,0.0,590.1675,681.95,0.0,211.16,0.037,100.0,15.0118,94.42,100.0,995.85,0.2077,100.0,15.7198,3.3,50.0,15.0118,0.0,186285.0,15.0118,518.125,100.0,0.0,680.2,250.0,24.9975,0.0,4.6075,680.2,0.0,0.0,0.037,686.3375,0.1498,100.0,0.0,0.3795,0.0,10.913,0.0,100.0,172.466,0.0,1000.2,999.9,0.0,0.294,84.66,686.3,72.5636,0.0,670.35,0.0,710.08,1773.5399,523.98,50.0,0.3151,0.2439,1000.2,0.7,186285.0,543.96,43.0488,676.9,680.15,0.0,0.0,0.0,0.1789,0.681,0.0,0.0,0.037,180.025,0.0,0.0,12.326,2.6,26.555,0.1277,1000.0,1.0,66.2091,571.1,50.0,145.64,5000.0,0.0,100.0,0.1966,600.06,28.0945,0.0,3000.0,24.9975,26.463,680.2,184.015,9.9998,0.0,0.0,0.0,2999.75,287.1,96.08,72.5636,0.0,2.6003,0.0,0.3795,11.1165,20.5539,15.0135,343.26,0.2999,518.125,19.4326,0.5,0.0,0.0,0.0,2.6004,0.0,250.0,100.0,33.0,0.0,50.0,0.0,4999.1797,2200.0,686.3,28.0945,26.91,1.76,356.9,356.9,57.525,5000.3247,180.025,1.0067,0.0,0.1277,86.2,0.0,0.0,0.0,50.0,0.0,76.7602,0.0,0.0,0.1302,0.0,24.9975,0.037,662.05,15.0118,252.15,0.0,4.6075,148.6125,50.0,81.84,25.0,650.6,50.0,0.0,0.0,0.1233,1000.0,0.0,20.5539,0.0,100.0,186285.0,0.4632,20.0,0.0,0.0,47.352,0.5,186285.0,0.0,0.3795,590.1675,0.1233,0.1303,2.6004,211.16,0.0,489.5,0.0,523.98,357.6835,0.0,2.6003,75.58,184.015,9.9745,26.49,100.0,520.0,84.975,330.32,5999.7334,0.7,26.91,85.2225,0.0,15.7198,24.9975,100.0,0.0,0.037,0.0,83.595,600.0,66.2091,590.1675,523.98,100.0,186225.0,343.26,10.913,100.0,9.9745,9.9998,0.0,0.0,0.0,100.0,662.05,15.0118,20.5552,0.0,0.275,9.529,15.0135,0.0,0.0,33.055,0.0,0.0,0.037,686.32,100.0,1773.5399,518.12,25.99,0.0,38.0,4.7719,0.0,76.7602,4.6075,82.3125,710.0,19.4326,74.4264,0.0,0.15,0.3151,590.0,13.0912,673.6,0.0,0.037,0.1498,2.6,184.015,74.4264,0.1498,5000.3247,518.1,518.12,680.0,518.125
57.6,211.16,0.0,211.16,4.313,75.5782,710.16,24.9975,172.4625,523.98,43.0488,0.0,110.0,274.6,186285.0,490.5,88.0,0.0,0.0,343.26,0.0,0.0,9.9998,0.0,96.08,0.0,50.0,180.0,11.1169,0.0,0.0,75.5782,680.2,43.0328,0.0,100.0,0.0,2999.75,590.1675,33.055,184.015,100.0,184.015,487.53,47.352,25.48,184.015,100.0,0.0,0.0,0.0,0.0,9.1108,24.9975,100.0,1773.5399,0.0,518.125,-1.0,0.0,0.0,60.0,50000.0,25.04,0.0,0.0,47.352,184.015,0.0,488.52,0.4632,0.0,5000.0,13.0939,600.06,0.1276,0.0,100.0,544.96,518.15,49.925,0.0,0.0,15.0102,4999.1797,0.0,590.1675,681.95,0.0,211.16,0.037,100.0,15.0102,94.42,100.0,996.3,0.2076,100.0,15.7201,3.3,50.0,15.0102,0.0,186285.0,15.0102,518.125,100.0,0.0,680.2,250.0,24.9975,0.0,4.61,680.2,0.0,0.0,0.037,686.3375,0.1498,100.0,0.0,0.3795,0.0,10.9131,0.0,100.0,172.466,0.0,1000.2,999.9,0.0,0.294,84.675,686.3,72.5629,0.0,670.35,0.0,710.16,1773.5399,523.98,50.0,0.3151,0.2439,1000.2,0.7,186285.0,543.96,43.0328,676.9,680.15,0.0,0.0,0.0,0.1789,0.681,0.0,0.0,0.037,180.025,0.0,0.0,12.327,2.6,26.555,0.1276,1000.0,1.0,66.2091,571.65,50.0,145.64,5000.0,0.0,100.0,0.1966,600.06,28.0947,0.0,3000.0,24.9975,26.474,680.2,184.015,9.9998,0.0,0.0,0.0,2999.75,286.8525,96.08,72.5629,0.0,2.6003,0.0,0.3795,11.1169,20.5514,15.0118,343.26,0.2999,518.125,19.4323,0.5,0.0,0.0,0.0,2.6004,0.0,250.0,100.0,33.0,0.0,50.0,0.0,4999.1797,2200.0,686.3,28.0947,26.91,1.76,356.95,356.95,57.6,4999.8501,180.025,1.0067,0.0,0.1276,86.025,0.0,0.0,0.0,50.0,0.0,76.7597,0.0,0.0,0.1302,0.0,24.9975,0.037,662.05,15.0102,252.15,0.0,4.61,148.6125,50.0,81.8475,25.0,650.6,50.0,0.0,0.0,0.1233,1000.0,0.0,20.5514,0.0,100.0,186285.0,0.4632,20.0,0.0,0.0,47.376,0.5,186285.0,0.0,0.3795,590.1675,0.1233,0.1303,2.6004,211.16,0.0,489.53,0.0,523.98,357.7523,0.0,2.6003,75.58,184.015,9.9744,26.49,100.0,520.0,84.9825,330.32,5999.7334,0.7,26.91,85.2225,0.0,15.7201,24.9975,100.0,0.0,0.037,0.0,83.55,600.0,66.2091,590.1675,523.98,100.0,186225.0,343.26,10.9131,100.0,9.9744,9.9998,0.0,0.0,0.0,100.0,662.05,15.0102,20.5527,0.0,0.275,9.528,15.0118,0.0,0.0,33.055,0.0,0.0,0.037,686.32,100.0,1773.5399,518.15,25.99,0.0,38.0,4.225,0.0,76.7597,4.61,82.305,710.0,19.4323,74.4333,0.0,0.15,0.3151,590.0,13.0939,673.6,0.0,0.037,0.1498,2.6,184.015,74.4333,0.1498,4999.8501,518.15,518.15,680.0,518.125
57.5625,211.16,0.0,211.16,4.31,75.5787,710.16,24.9975,172.422,523.98,43.0328,0.0,110.0,274.6,186285.0,490.5,88.0,0.0,0.0,343.26,0.0,0.0,9.9998,0.0,96.08,0.0,50.0,180.0,11.117,0.0,0.0,75.5787,680.25,43.0167,0.0,100.0,0.0,2999.75,590.1675,33.05,184.015,100.0,184.015,487.575,47.376,25.48,184.015,100.0,0.0,0.0,0.0,0.0,9.1102,24.9975,100.0,1773.5399,0.0,518.16,-1.0,0.0,0.0,60.0,50000.0,25.04,0.0,0.0,47.376,184.015,0.0,488.52,0.4632,0.0,5000.0,13.0965,600.06,0.1276,0.0,100.0,544.96,518.15,49.925,0.0,0.0,15.0085,4999.1797,0.0,590.1675,681.95,0.0,211.16,0.037,100.0,15.0085,94.42,100.0,996.3,0.2076,100.0,15.7203,3.35,50.0,15.0085,0.0,186285.0,15.0085,518.16,100.0,0.0,680.25,250.0,24.9975,0.0,4.61,680.2,0.0,0.0,0.037,686.3375,0.1498,100.0,0.0,0.3795,0.0,10.9131,0.0,100.0,172.424,0.0,1000.2,999.9,0.0,0.294,84.66,686.3,72.5626,0.0,670.35,0.0,710.16,1773.5399,523.98,50.0,0.3151,0.2439,1000.2,0.7,186285.0,543.96,43.0167,676.9,680.15,0.0,0.0,0.0,0.1788,0.681,0.0,0.0,0.037,180.0125,0.0,0.0,12.327,2.6,26.555,0.1276,1000.0,1.0,66.209,570.95,50.0,145.64,5000.0,0.0,100.0,0.1965,600.12,28.095,0.0,3000.0,24.9975,26.4905,680.25,184.015,9.9998,0.0,0.0,0.0,2999.75,287.235,96.08,72.5626,0.0,2.6003,0.0,0.3795,11.117,20.5489,15.0102,343.26,0.2999,518.16,19.4321,0.5,0.0,0.0,0.0,2.6004,0.0,250.0,100.0,33.0,0.0,50.0,0.0,4999.1797,2200.0,686.3,28.095,26.91,1.76,356.95,356.95,57.5625,4999.8501,180.0125,1.0067,0.0,0.1276,86.6,0.0,0.0,0.0,50.0,0.0,76.7592,0.0,0.0,0.1302,0.0,24.9975,0.037,662.05,15.0085,252.15,0.0,4.61,148.6125,50.0,81.8475,25.0,650.6,50.0,0.0,0.0,0.1233,1000.0,0.0,20.5489,0.0,100.0,186285.0,0.4632,20.0,0.0,0.0,47.4,0.5,186285.0,0.0,0.3795,590.1675,0.1233,0.1303,2.6004,211.16,0.0,489.53,0.0,523.98,357.8212,0.0,2.6003,75.57,184.015,9.9743,26.49,100.0,520.0,84.99,330.36,5999.7334,0.7,26.91,85.2075,0.0,15.7203,24.9975,100.0,0.0,0.037,0.0,83.565,600.0,66.209,590.1675,523.98,100.0,186225.0,343.26,10.9131,100.0,9.9743,9.9998,0.0,0.0,0.0,100.0,662.05,15.0085,20.5501,0.0,0.275,9.527,15.0102,0.0,0.0,33.055,0.0,0.0,0.037,686.32,100.0,1773.5399,518.15,25.99,0.0,38.0,4.3172,0.0,76.7592,4.61,82.335,710.0,19.4321,74.4401,0.0,0.15,0.3151,590.0,13.0965,673.6,0.0,0.037,0.1498,2.6,184.015,74.4401,0.1498,4999.8501,518.15,518.15,680.0,518.16
57.5625,211.18,0.0,211.18,4.308,75.5782,710.16,24.9975,172.4085,523.98,43.0167,0.0,110.0,274.6,186285.0,490.545,88.0,0.0,0.0,343.29,0.0,0.0,9.9998,0.0,96.08,0.0,50.0,180.0,11.1171,0.0,0.0,75.5782,680.25,43.0006,0.0,100.0,0.0,3000.75,590.1675,33.05,184.015,100.0,184.015,487.575,47.4,25.48,184.015,100.0,0.0,0.0,0.0,0.0,9.1091,24.9975,100.0,1773.5399,0.0,518.16,-1.0,0.0,0.0,60.0,50100.0,25.04,0.0,0.0,47.4,184.015,0.0,488.565,0.4632,0.0,5000.0,13.1099,600.12,0.1276,0.0,100.0,544.96,518.15,49.925,0.0,0.0,15.0068,4999.1797,0.0,590.1675,682.0,0.0,211.18,0.037,100.0,15.0068,94.42,100.0,996.3,0.2076,100.0,15.7181,3.35,50.0,15.0068,0.0,186285.0,15.0068,518.16,100.0,0.0,680.25,250.0,24.9975,0.0,4.61,680.25,0.0,0.0,0.037,686.3375,0.1498,100.0,0.0,0.3795,0.0,10.9132,0.0,100.0,172.396,0.0,1000.2,999.9,0.0,0.294,84.615,686.3,72.5624,0.0,670.35,0.0,710.16,1773.5399,523.98,50.0,0.3151,0.2439,1000.2,0.7,186285.0,543.96,43.0006,676.9,680.15,0.0,0.0,0.0,0.1788,0.681,0.0,0.0,0.037,180.0125,0.0,0.0,12.327,2.6,26.555,0.1276,1000.0,1.0,66.2089,571.15,50.0,145.64,5000.0,0.0,100.0,0.1965,600.12,28.0952,0.0,3000.0,24.9975,26.5015,680.25,184.015,9.9998,0.0,0.0,0.0,3000.75,287.1,96.08,72.5624,0.0,2.6003,0.0,0.3795,11.1171,20.5463,15.0085,343.26,0.2999,518.16,19.4311,0.5,0.0,0.0,0.0,2.6,0.0,250.0,100.0,33.0,0.0,50.0,0.0,4999.1797,2200.0,686.3,28.0952,26.91,1.76,356.95,356.95,57.6,4999.8501,180.0125,1.0067,0.0,0.1276,86.075,0.0,0.0,0.0,50.0,0.0,76.7602,0.0,0.0,0.1302,0.0,24.9975,0.037,662.05,15.0068,252.15,0.0,4.61,148.6125,50.0,81.8175,25.0,650.6,50.0,0.0,0.0,0.1233,1000.0,0.0,20.5463,0.0,100.0,186285.0,0.4632,20.0,0.0,0.0,47.43,0.5,186285.0,0.0,0.3795,590.1675,0.1233,0.1303,2.6,211.18,0.0,489.56,0.0,523.98,357.7523,0.0,2.6003,75.57,184.015,9.9742,26.49,100.0,520.0,85.035,330.36,5999.7334,0.7,26.91,85.245,0.0,15.7181,24.9975,100.0,0.0,0.037,0.0,83.5575,600.0,66.2089,590.1675,523.98,100.0,186225.0,343.26,10.9132,100.0,9.9742,9.9998,0.0,0.0,0.0,100.0,662.05,15.0068,20.5476,0.0,0.275,9.526,15.0085,0.0,0.0,33.05,0.0,0.0,0.037,686.32,100.0,1773.5399,518.18,25.99,0.0,38.0,4.0797,0.0,76.7602,4.61,82.35,710.0,19.4311,74.3964,0.0,0.15,0.3151,590.0,13.1099,673.6,0.0,0.037,0.1498,2.6,184.015,74.3964,0.1498,4999.8501,518.15,518.18,680.0,518.16
57.6,211.18,0.0,211.18,4.308,75.5777,710.16,24.9975,172.4085,523.98,43.0006,0.0,110.0,274.6,186285.0,490.545,88.0,0.0,0.0,343.29,0.0,0.0,9.9998,0.0,96.08,0.0,50.0,180.0,11.1172,0.0,0.0,75.5777,680.25,42.9845,0.0,100.0,0.0,3000.75,590.1675,33.05,184.015,100.0,184.015,487.575,47.43,25.48,184.015,100.0,0.0,0.0,0.0,0.0,9.1091,24.9975,100.0,1773.5399,0.0,518.195,-1.0,0.0,0.0,60.0,50100.0,25.04,0.0,0.0,47.43,184.015,0.0,488.565,0.4632,0.0,5000.0,13.1132,600.12,0.1276,0.0,100.0,544.96,518.2,49.925,0.0,0.0,15.0052,4999.1797,0.0,590.1675,682.0,0.0,211.18,0.037,100.0,15.0052,94.42,100.0,996.3,0.2075,100.0,15.7173,3.35,50.0,15.0052,0.0,186285.0,15.0052,518.195,100.0,0.0,680.25,250.0,24.9975,0.0,4.61,680.25,0.0,0.0,0.037,686.3375,0.1498,100.0,0.0,0.3795,0.0,10.9132,0.0,100.0,172.396,0.0,1000.2,999.9,0.0,0.294,84.5625,686.3,72.5621,0.0,670.35,0.0,710.16,1773.5399,523.98,50.0,0.3151,0.2439,1000.2,0.7,186285.0,543.96,42.9845,676.9,680.15,0.0,0.0,0.0,0.1788,0.681,0.0,0.0,0.037,180.0125,0.0,0.0,12.327,2.6,26.555,0.1276,1000.0,1.0,66.2088,570.95,50.0,145.651,5000.0,0.0,100.0,0.1965,600.12,28.0954,0.0,3000.0,24.9975,26.5125,680.25,184.015,9.9998,0.0,0.0,0.0,3000.75,287.28,96.08,72.5621,0.0,2.6003,0.0,0.3795,11.1172,20.5438,15.0068,343.29,0.2999,518.195,19.4306,0.5,0.0,0.0,0.0,2.6,0.0,250.0,100.0,33.0,0.0,50.0,0.0,4999.1797,2200.0,686.3,28.0954,26.91,1.76,357.0,357.0,57.6,4999.8501,180.0125,1.0069,0.0,0.1276,86.75,0.0,0.0,0.0,50.0,0.0,76.7602,0.0,0.0,0.1302,0.0,24.9975,0.037,662.05,15.0052,252.15,0.0,4.61,148.6237,50.0,81.885,25.0,650.6,50.0,0.0,0.0,0.1233,1000.0,0.0,20.5438,0.0,100.0,186285.0,0.4632,20.0,0.0,0.0,47.46,0.5,186285.0,0.0,0.3795,590.1675,0.1233,0.1302,2.6,211.18,0.0,489.56,0.0,523.98,358.2345,0.0,2.6003,75.57,184.015,9.9742,26.49,100.0,520.0,85.05,330.36,5999.7334,0.7,26.91,85.2525,0.0,15.7173,24.9975,100.0,0.0,0.037,0.0,83.52,600.0,66.2088,590.1675,523.98,100.0,186225.0,343.29,10.9132,100.0,9.9742,9.9998,0.0,0.0,0.0,100.0,662.05,15.0052,20.5451,0.0,0.275,9.525,15.0068,0.0,0.0,33.05,0.0,0.0,0.037,686.32,100.0,1773.5399,518.18,25.99,0.0,38.0,3.9875,0.0,76.7602,4.61,82.35,710.0,19.4306,74.4026,0.0,0.15,0.3151,590.0,13.1132,673.6,0.0,0.037,0.1498,2.6,184.015,74.4026,0.1498,4999.8501,518.2,518.18,680.0,518.195
57.6,211.18,0.0,211.18,4.308,75.5772,710.16,24.9975,172.4085,523.98,42.9845,0.0,110.0,274.6,186285.0,490.545,88.0,0.0,0.0,343.29,0.0,0.0,9.9998,0.0,96.08,0.0,50.0,180.0,11.1173,0.0,0.0,75.5772,680.25,42.9684,0.0,100.0,0.0,3000.75,590.1675,33.05,184.015,100.0,184.015,487.575,47.46,25.48,184.015,100.0,0.0,0.0,0.0,0.0,9.1091,24.9975,100.0,1773.5399,0.0,518.195,-1.0,0.0,0.0,60.0,50100.0,25.04,0.0,0.0,47.46,184.015,0.0,488.565,0.4632,0.0,5000.0,13.1165,600.12,0.1276,0.0,100.0,544.96,518.2,49.925,0.0,0.0,15.0035,4999.1797,0.0,590.1675,682.0,0.0,211.18,0.037,100.0,15.0035,94.42,100.0,996.3,0.2075,100.0,15.7166,3.35,50.0,15.0035,0.0,186285.0,15.0035,518.195,100.0,0.0,680.25,250.0,24.9975,0.0,4.61,680.25,0.0,0.0,0.037,686.3375,0.1498,100.0,0.0,0.3795,0.0,10.9133,0.0,100.0,172.396,0.0,1000.2,999.9,0.0,0.294,84.5625,686.3,72.5619,0.0,670.35,0.0,710.16,1773.5399,523.98,50.0,0.3151,0.2439,1000.2,0.7,186285.0,543.96,42.9684,676.9,680.15,0.0,0.0,0.0,0.1788,0.681,0.0,0.0,0.037,180.0125,0.0,0.0,12.327,2.6,26.555,0.1276,1000.0,1.0,66.2087,570.95,50.0,145.651,5000.0,0.0,100.0,0.1965,600.12,28.0957,0.0,3000.0,24.9975,26.5125,680.25,184.015,9.9998,0.0,0.0,0.0,3000.75,287.28,96.08,72.5619,0.0,2.6003,0.0,0.3795,11.1173,20.5413,15.0052,343.29,0.2999,518.195,19.4301,0.5,0.0,0.0,0.0,2.6,0.0,250.0,100.0,33.0,0.0,50.0,0.0,4999.1797,2200.0,686.3,28.0957,26.91,1.76,357.0,357.0,57.6,4999.8501,180.0125,1.0069,0.0,0.1276,86.75,0.0,0.0,0.0,50.0,0.0,76.7602,0.0,0.0,0.1302,0.0,24.9975,0.037,662.05,15.0035,252.15,0.0,4.61,148.6237,50.0,81.885,25.0,650.6,50.0,0.0,0.0,0.1233,1000.0,0.0,20.5413,0.0,100.0,186285.0,0.4632,20.0,0.0,0.0,47.46,0.5,186285.0,0.0,0.3795,590.1675,0.1233,0.1302,2.6,211.18,0.0,489.56,0.0,523.98,358.2345,0.0,2.6003,75.57,184.015,9.9741,26.49,100.0,520.0,85.05,330.36,5999.7334,0.7,26.91,85.2525,0.0,15.7166,24.9975,100.0,0.0,0.037,0.0,83.52,600.0,66.2087,590.1675,523.98,100.0,186225.0,343.29,10.9133,100.0,9.9741,9.9998,0.0,0.0,0.0,100.0,662.05,15.0035,20.5425,0.0,0.275,9.525,15.0052,0.0,0.0,33.05,0.0,0.0,0.037,686.32,100.0,1773.5399,518.18,25.99,0.0,38.0,3.9875,0.0,76.7602,4.61,82.35,710.0,19.4301,74.4089,0.0,0.15,0.3151,590.0,13.1165,673.6,0.0,0.037,0.1498,2.6,184.015,74.4089,0.1498,4999.8501,518.2,518.18,680.0,518.195
57.5625,211.18,0.0,211.18,4.307,75.5767,710.16,24.9975,172.3815,523.98,42.9684,0.0,110.0,274.7,186285.0,490.59,88.0,0.0,0.0,343.29,0.0,0.0,9.9998,0.0,96.08,0.0,50.0,180.0,11.1173,0.0,0.0,75.5767,680.25,42.9524,0.0,100.0,0.0,2999.75,590.1675,33.045,184.015,100.0,184.015,487.62,47.46,25.48,184.015,100.0,0.0,0.0,0.0,0.0,9.1091,24.9975,100.0,1773.5399,0.0,518.23,-1.0,0.0,0.0,60.0,50100.0,25.04,0.0,0.0,47.46,184.015,0.0,488.61,0.4632,0.0,5000.0,13.1199,600.12,0.1276,0.0,100.0,544.96,518.2,49.925,0.0,0.0,15.0018,5000.04,0.0,590.1675,682.0,0.0,211.18,0.037,100.0,15.0018,94.42,100.0,996.3,0.2075,100.0,15.7183,3.35,50.0,15.0018,0.0,186285.0,15.0018,518.23,100.0,0.0,680.25,250.0,24.9975,0.0,4.61,680.25,0.0,0.0,0.037,686.3375,0.1498,100.0,0.0,0.3795,0.0,10.9133,0.0,100.0,172.382,0.0,1000.2,999.9,0.0,0.294,84.5925,686.35,72.5616,0.0,670.35,0.0,710.16,1773.72,523.98,50.0,0.3151,0.2439,1000.2,0.7,186285.0,543.96,42.9524,676.9,680.15,0.0,0.0,0.0,0.1788,0.681,0.0,0.0,0.037,180.0125,0.0,0.0,12.326,2.6,26.555,0.1276,1000.0,1.0,66.2079,571.85,50.0,145.651,5000.0,0.0,100.0,0.1964,600.12,28.0953,0.0,3000.0,24.9975,26.5455,680.25,184.015,9.9998,0.0,0.0,0.0,2999.75,286.9425,96.08,72.5616,0.0,2.601,0.0,0.3795,11.1173,20.5387,15.0035,343.29,0.2999,518.23,19.4296,0.5,0.0,0.0,0.0,2.6006,0.0,250.0,100.0,33.0,0.0,50.0,0.0,5000.04,2200.0,686.35,28.0953,26.91,1.76,357.05,357.05,57.6,4999.8501,180.0125,1.0069,0.0,0.1276,86.175,0.0,0.0,0.0,50.0,0.0,76.7579,0.0,0.0,0.1302,0.0,24.9975,0.037,662.05,15.0018,252.15,0.0,4.61,148.6237,50.0,81.9075,25.0,650.65,50.0,0.0,0.0,0.1233,1000.0,0.0,20.5387,0.0,100.0,186285.0,0.4632,20.0,0.0,0.0,47.49,0.5,186285.0,0.0,0.3795,590.1675,0.1233,0.1302,2.6006,211.18,0.0,489.59,0.0,523.98,358.4067,0.0,2.601,75.57,184.015,9.974,26.49,100.0,520.0,85.08,330.4,5999.7334,0.7,26.91,85.23,0.0,15.7183,24.9975,100.0,0.0,0.037,0.0,83.49,600.0,66.2079,590.1675,523.98,100.0,186225.0,343.29,10.9133,100.0,9.974,9.9998,0.0,0.0,0.0,100.0,662.05,15.0018,20.54,0.0,0.275,9.523,15.0035,0.0,0.0,33.05,0.0,0.0,0.037,686.32,100.0,1773.5399,518.24,25.99,0.0,38.0,4.2625,0.0,76.7579,4.61,82.32,710.0,19.4296,74.4151,0.0,0.15,0.3151,590.0,13.1199,673.6,0.0,0.037,0.1498,2.6,184.015,74.4151,0.1498,4999.8501,518.2,518.24,680.0,518.23
57.5625,211.18,0.0,211.18,4.307,75.5762,710.16,24.9975,172.3815,523.98,42.9524,0.0,110.0,274.7,186285.0,490.59,88.0,0.0,0.0,343.29,0.0,0.0,9.9998,0.0,96.08,0.0,50.0,180.0,11.1174,0.0,0.0,75.5762,680.25,42.9363,0.0,100.0,0.0,2999.75,590.1675,33.045,184.015,100.0,184.015,487.62,47.49,25.48,184.015,100.0,0.0,0.0,0.0,0.0,9.1091,24.9975,100.0,1773.72,0.0,518.23,-1.0,0.0,0.0,60.0,50100.0,25.04,0.0,0.0,47.49,184.015,0.0,488.61,0.4632,0.0,5000.0,13.1232,600.12,0.1276,0.0,100.0,544.96,518.2,49.925,0.0,0.0,15.0002,5000.04,0.0,590.1675,682.0,0.0,211.18,0.037,100.0,15.0002,94.42,100.0,996.3,0.2075,100.0,15.7186,3.35,50.0,15.0002,0.0,186285.0,15.0002,518.23,100.0,0.0,680.25,250.0,24.9975,0.0,4.61,680.25,0.0,0.0,0.037,686.3375,0.1498,100.0,0.0,0.3795,0.0,10.9134,0.0,100.0,172.382,0.0,1000.2,999.9,0.0,0.294,84.5925,686.35,72.5614,0.0,670.35,0.0,710.16,1773.72,523.98,50.0,0.3151,0.2439,1000.2,0.7,186285.0,543.96,42.9363,676.9,680.15,0.0,0.0,0.0,0.1788,0.681,0.0,0.0,0.037,180.0125,0.0,0.0,12.326,2.6,26.555,0.1276,1000.0,1.0,66.2076,571.85,50.0,145.651,5000.0,0.0,100.0,0.1964,600.12,28.0953,0.0,3000.0,24.9975,26.5455,680.25,184.015,9.9998,0.0,0.0,0.0,2999.75,286.9425,96.08,72.5614,0.0,2.601,0.0,0.3795,11.1174,20.5362,15.0018,343.29,0.2999,518.23,19.4291,0.5,0.0,0.0,0.0,2.6006,0.0,250.0,100.0,33.0,0.0,50.0,0.0,5000.04,2200.0,686.35,28.0953,26.91,1.76,357.05,357.05,57.6,4999.8501,180.0125,1.0069,0.0,0.1276,86.175,0.0,0.0,0.0,50.0,0.0,76.7572,0.0,0.0,0.1302,0.0,24.9975,0.037,662.05,15.0002,252.15,0.0,4.61,148.6237,50.0,81.9075,25.0,650.65,50.0,0.0,0.0,0.1233,1000.0,0.0,20.5362,0.0,100.0,186285.0,0.4632,20.0,0.0,0.0,47.49,0.5,186285.0,0.0,0.3795,590.1675,0.1233,0.1302,2.6006,211.18,0.0,489.59,0.0,523.98,358.4067,0.0,2.601,75.57,184.015,9.9739,26.49,100.0,520.0,85.08,330.4,5999.7334,0.7,26.91,85.23,0.0,15.7186,24.9975,100.0,0.0,0.037,0.0,83.49,600.0,66.2076,590.1675,523.98,100.0,186225.0,343.29,10.9134,100.0,9.9739,9.9998,0.0,0.0,0.0,100.0,662.05,15.0002,20.5375,0.0,0.275,9.523,15.0018,0.0,0.0,33.045,0.0,0.0,0.037,686.32,100.0,1773.72,518.24,25.99,0.0,38.0,4.2625,0.0,76.7572,4.61,82.32,710.0,19.4291,74.3707,0.0,0.15,0.3151,590.0,13.1232,673.6,0.0,0.037,0.1498,2.6,184.015,74.3707,0.1498,4999.8501,518.2,518.24,680.0,518.23
57.5625,211.2,0.0,211.2,4.307,75.5757,710.16,24.9975,172.341,523.98,42.9363,0.0,110.0,274.75,186285.0,490.635,88.0,0.0,0.0,343.29,0.0,0.0,9.9998,0.0,96.08,0.0,50.0,180.0,11.1175,0.0,0.0,75.5757,680.25,42.9202,0.0,100.0,0.0,2999.75,590.1675,33.045,184.015,100.0,184.015,487.665,47.49,25.48,184.015,100.0,0.0,0.0,0.0,0.0,9.1086,24.9975,100.0,1773.72,0.0,518.265,-1.0,0.0,0.0,60.0,50200.0,25.04,0.0,0.0,47.49,184.015,0.0,488.655,0.4632,0.0,5000.0,13.1265,600.12,0.1276,0.0,100.0,544.96,518.25,49.925,0.0,0.0,14.9985,5000.04,0.0,590.1675,682.0,0.0,211.2,0.037,100.0,14.9985,94.42,100.0,996.3,0.2074,100.0,15.7188,3.35,50.0,14.9985,0.0,186285.0,14.9985,518.265,100.0,0.0,680.25,250.0,24.9975,0.0,4.6125,680.25,0.0,0.0,0.037,686.3375,0.1498,100.0,0.0,0.3795,0.0,10.9135,0.0,100.0,172.34,0.0,1000.2,999.9,0.0,0.294,84.675,686.35,72.5611,0.0,670.35,0.0,710.16,1773.72,523.98,50.0,0.3151,0.2439,1000.2,0.7,186285.0,543.96,42.9202,676.9,680.2,0.0,0.0,0.0,0.1788,0.681,0.0,0.0,0.037,180.0125,0.0,0.0,12.326,2.6,26.555,0.1276,1000.0,1.0,66.2072,571.85,50.0,145.651,5000.0,0.0,100.0,0.1964,600.0,28.0953,0.0,3000.0,24.9975,26.562,680.25,184.015,9.9998,0.0,0.0,0.0,2999.75,286.875,96.08,72.5611,0.0,2.601,0.0,0.3795,11.1175,20.5336,15.0002,343.29,0.2999,518.265,19.4286,0.5,0.0,0.0,0.0,2.6,0.0,250.0,100.0,33.0,0.0,50.0,0.0,5000.04,2200.0,686.35,28.0953,26.91,1.76,357.1,357.1,57.525,4999.8501,180.0125,1.0069,0.0,0.1276,86.7,0.0,0.0,0.0,50.0,0.0,76.7587,0.0,0.0,0.1302,0.0,24.9975,0.037,662.05,14.9985,252.175,0.0,4.6125,148.6237,50.0,81.9225,25.0,650.65,50.0,0.0,0.0,0.1232,1000.0,0.0,20.5336,0.0,100.0,186285.0,0.4632,20.0,0.0,0.0,47.508,0.5,186285.0,0.0,0.3795,590.1675,0.1233,0.1302,2.6,211.2,0.0,489.65,0.0,523.98,357.7868,0.0,2.601,75.57,184.015,9.9738,26.49,100.0,520.0,85.0575,330.4,5999.7334,0.7,26.91,85.2525,0.0,15.7188,24.9975,100.0,0.0,0.037,0.0,83.4975,600.0,66.2072,590.1675,523.98,100.0,186225.0,343.29,10.9135,100.0,9.9738,9.9998,0.0,0.0,0.0,100.0,662.05,14.9985,20.5349,0.0,0.275,9.521,15.0002,0.0,0.0,33.045,0.0,0.0,0.037,686.32,100.0,1773.72,518.27,25.99,0.0,38.0,4.125,0.0,76.7587,4.6125,82.29,710.0,19.4286,74.3764,0.0,0.15,0.3151,590.0,13.1265,673.6,0.0,0.037,0.1498,2.6,184.015,74.3764,0.1498,4999.8501,518.25,518.27,680.0,518.265
57.6,211.2,0.0,211.2,4.307,75.5752,710.16,24.9975,172.341,523.98,42.9202,0.0,110.0,274.75,186285.0,490.635,88.0,0.0,0.0,343.29,0.0,0.0,9.9998,0.0,96.08,0.0,50.0,180.0,11.1176,0.0,0.0,75.5752,680.25,42.9041,0.0,100.0,0.0,2999.75,590.1675,33.04,184.015,100.0,184.015,487.665,47.508,25.48,184.015,100.0,0.0,0.0,0.0,0.0,9.1086,24.9975,100.0,1773.72,0.0,518.265,-1.0,0.0,0.0,60.0,50200.0,25.04,0.0,0.0,47.508,184.015,0.0,488.655,0.4632,0.0,5000.0,13.1299,600.0,0.1275,0.0,100.0,544.92,518.25,49.925,0.0,0.0,14.9968,5000.04,0.0,590.1675,682.0,0.0,211.2,0.037,100.0,14.9968,94.42,100.0,996.3,0.2074,100.0,15.7191,3.35,50.0,14.9968,0.0,186285.0,14.9968,518.265,100.0,0.0,680.25,250.0,24.9975,0.0,4.6125,680.25,0.0,0.0,0.037,686.3375,0.1498,100.0,0.0,0.3795,0.0,10.9135,0.0,100.0,172.34,0.0,1000.2,999.9,0.0,0.294,84.6525,686.35,72.5609,0.0,670.35,0.0,710.16,1773.72,523.98,50.0,0.3151,0.2439,1000.2,0.7,186285.0,543.92,42.9041,676.9,680.2,0.0,0.0,0.0,0.1787,0.681,0.0,0.0,0.037,180.0125,0.0,0.0,12.325,2.6,26.555,0.1275,1000.0,1.0,66.2069,570.95,50.0,145.651,5000.0,0.0,100.0,0.1964,600.0,28.0953,0.0,3000.0,24.9975,26.573,680.25,184.015,9.9998,0.0,0.0,0.0,2999.75,287.0325,96.08,72.5609,0.0,2.601,0.0,0.3795,11.1176,20.5311,14.9985,343.29,0.2999,518.265,19.4296,0.5,0.0,0.0,0.0,2.6,0.0,250.0,100.0,33.0,0.0,50.0,0.0,5000.04,2200.0,686.35,28.0953,26.91,1.76,357.15,357.15,57.6,4999.8501,180.0125,1.0069,0.0,0.1275,86.025,0.0,0.0,0.0,50.0,0.0,76.7587,0.0,0.0,0.1302,0.0,24.9975,0.037,662.05,14.9968,252.175,0.0,4.6125,148.6237,50.0,81.93,25.0,650.65,50.0,0.0,0.0,0.1232,1000.0,0.0,20.5311,0.0,100.0,186285.0,0.4632,20.0,0.0,0.0,47.532,0.5,186285.0,0.0,0.3795,590.1675,0.1232,0.1302,2.6,211.2,0.0,489.65,0.0,523.98,357.7868,0.0,2.601,75.57,184.015,9.9737,26.49,100.0,520.0,85.0275,330.4,5999.7334,0.7,26.91,85.2825,0.0,15.7191,24.9975,100.0,0.0,0.037,0.0,83.505,600.0,66.2069,590.1675,523.98,100.0,186225.0,343.29,10.9135,100.0,9.9737,9.9998,0.0,0.0,0.0,100.0,662.05,14.9968,20.5324,0.0,0.275,9.521,14.9985,0.0,0.0,33.045,0.0,0.0,0.037,686.32,100.0,1773.72,518.27,25.99,0.0,38.0,4.0156,0.0,76.7587,4.6125,82.275,710.0,19.4296,74.382,0.0,0.15,0.3151,590.0,13.1299,673.65,0.0,0.037,0.1498,2.6,184.015,74.382,0.1498,4999.8501,518.25,518.27,680.0,518.265
57.6,211.2,0.0,211.2,4.307,75.5747,710.16,24.9975,172.341,523.98,42.9041,0.0,110.0,274.75,186285.0,490.635,88.0,0.0,0.0,343.29,0.0,0.0,9.9998,0.0,96.08,0.0,50.0,180.0,11.1177,0.0,0.0,75.5747,680.25,42.888,0.0,100.0,0.0,2999.75,590.1675,33.04,184.015,100.0,184.015,487.665,47.532,25.48,184.015,100.0,0.0,0.0,0.0,0.0,9.1086,24.9975,100.0,1773.72,0.0,518.265,-1.0,0.0,0.0,60.0,50200.0,25.04,0.0,0.0,47.532,184.015,0.0,488.655,0.4632,0.0,5000.0,13.1332,600.0,0.1275,0.0,100.0,544.92,518.25,49.925,0.0,0.0,14.9952,5000.04,0.0,590.1675,682.0,0.0,211.2,0.037,100.0,14.9952,94.42,100.0,996.3,0.2074,100.0,15.7193,3.35,50.0,14.9952,0.0,186285.0,14.9952,518.265,100.0,0.0,680.25,250.0,24.9975,0.0,4.6125,680.25,0.0,0.0,0.037,686.3375,0.1498,100.0,0.0,0.3795,0.0,10.9136,0.0,100.0,172.34,0.0,1000.2,999.9,0.0,0.294,84.6525,686.35,72.5606,0.0,670.35,0.0,710.16,1773.72,523.98,50.0,0.3151,0.2439,1000.2,0.7,186285.0,543.92,42.888,676.9,680.2,0.0,0.0,0.0,0.1787,0.681,0.0,0.0,0.037,180.0125,0.0,0.0,12.325,2.6,26.555,0.1275,1000.0,1.0,66.2066,570.95,50.0,145.651,5000.0,0.0,100.0,0.1964,600.0,28.0953,0.0,3000.0,24.9975,26.573,680.25,184.015,9.9998,0.0,0.0,0.0,2999.75,287.0325,96.08,72.5606,0.0,2.601,0.0,0.3795,11.1177,20.5286,14.9968,343.29,0.2999,518.265,19.4296,0.5,0.0,0.0,0.0,2.6,0.0,250.0,100.0,33.0,0.0,50.0,0.0,5000.04,2200.0,686.35,28.0953,26.91,1.76,357.15,357.15,57.6,4999.8501,180.0125,1.0069,0.0,0.1275,86.025,0.0,0.0,0.0,50.0,0.0,76.7587,0.0,0.0,0.1302,0.0,24.9975,0.037,662.05,14.9952,252.175,0.0,4.6125,148.6237,50.0,81.93,25.0,650.65,50.0,0.0,0.0,0.1232,1000.0,0.0,20.5286,0.0,100.0,186285.0,0.4632,20.0,0.0,0.0,47.532,0.5,186285.0,0.0,0.3795,590.1675,0.1232,0.1302,2.6,211.2,0.0,489.65,0.0,523.98,357.7868,0.0,2.601,75.57,184.015,9.9737,26.49,100.0,520.0,85.0275,330.4,5999.7334,0.7,26.91,85.2825,0.0,15.7193,24.9975,100.0,0.0,0.037,0.0,83.505,600.0,66.2066,590.1675,523.98,100.0,186225.0,343.29,10.9136,100.0,9.9737,9.9998,0.0,0.0,0.0,100.0,662.05,14.9952,20.5298,0.0,0.275,9.521,14.9968,0.0,0.0,33.04,0.0,0.0,0.037,686.32,100.0,1773.72,518.27,25.99,0.0,38.0,4.0156,0.0,76.7587,4.6125,82.275,710.0,19.4296,74.337,0.0,0.15,0.3151,590.0,13.1332,673.65,0.0,0.037,0.1498,2.6,184.015,74.337,0.1498,4999.8501,518.25,518.27,680.0,518.265
57.525,211.22,0.0,211.22,4.302,75.5742,710.16,24.9975,172.3005,523.95,42.888,0.0,110.0,274.8,186285.0,490.68,88.0,0.0,0.0,343.29,0.0,0.0,9.9998,0.0,96.08,0.0,50.0,180.0,11.1177,0.0,0.0,75.5742,680.25,42.872,0.0,100.0,0.0,2999.75,590.1675,33.04,184.015,100.0,184.015,487.71,47.532,25.48,184.015,100.0,0.0,0.0,0.0,0.0,9.1091,24.9975,100.0,1773.72,0.0,518.3,-1.0,0.0,0.0,60.0,50300.0,25.04,0.0,0.0,47.532,184.015,0.0,488.7,0.4632,0.0,5000.0,13.1365,600.0,0.1275,0.0,100.0,544.92,518.3,49.925,0.0,0.0,14.9935,5000.04,0.0,590.1675,682.0,0.0,211.22,0.037,100.0,14.9935,94.42,100.0,996.3,0.2074,100.0,15.7196,3.35,50.0,14.9935,0.0,186285.0,14.9935,518.3,100.0,0.0,680.25,250.0,24.9975,0.0,4.6125,680.25,0.0,0.0,0.037,686.3375,0.1498,100.0,0.0,0.3795,0.0,10.9136,0.0,100.0,172.298,0.0,1000.2,999.9,0.0,0.294,84.705,686.35,72.5604,0.0,670.35,0.0,710.16,1773.72,523.95,50.0,0.3151,0.2439,1000.2,0.7,186285.0,543.92,42.872,676.9,680.2,0.0,0.0,0.0,0.1786,0.681,0.0,0.0,0.037,180.0125,0.0,0.0,12.323,2.6,26.555,0.1275,1000.0,1.0,66.2062,571.6,50.0,145.651,5000.0,0.0,100.0,0.1964,600.0,28.0952,0.0,3000.0,24.9975,26.595,680.25,184.015,9.9998,0.0,0.0,0.0,2999.75,287.0325,96.08,72.5604,0.0,2.601,0.0,0.3795,11.1177,20.526,14.9952,343.29,0.2999,518.3,19.4296,0.5,0.0,0.0,0.0,2.6,0.0,250.0,100.0,33.0,0.0,50.0,0.0,5000.04,2200.0,686.35,28.0952,26.91,1.76,357.2,357.2,57.6,4999.8501,180.0125,1.007,0.0,0.1275,86.5,0.0,0.0,0.0,50.0,0.0,76.7587,0.0,0.0,0.1302,0.0,24.9975,0.037,662.05,14.9935,252.175,0.0,4.6125,148.6237,50.0,81.9525,25.0,650.65,50.0,0.0,0.0,0.1232,1000.0,0.0,20.526,0.0,100.0,186285.0,0.4632,20.0,0.0,0.0,47.58,0.5,186285.0,0.0,0.3795,590.1675,0.1232,0.1302,2.6,211.22,0.0,489.68,0.0,523.98,358.2,0.0,2.601,75.57,184.015,9.9736,26.49,100.0,520.0,85.035,330.44,5999.7334,0.7,26.91,85.3425,0.0,15.7196,24.9975,100.0,0.0,0.037,0.0,83.5425,600.0,66.2062,590.1675,523.95,100.0,186225.0,343.29,10.9136,100.0,9.9736,9.9998,0.0,0.0,0.0,100.0,662.05,14.9935,20.5273,0.0,0.275,9.519,14.9952,0.0,0.0,33.04,0.0,0.0,0.037,686.36,100.0,1773.72,518.33,25.99,0.0,38.0,4.1891,0.0,76.7587,4.6125,82.32,710.0,19.4296,74.342,0.0,0.15,0.3151,590.0,13.1365,673.65,0.0,0.037,0.1498,2.6,184.015,74.342,0.1498,4999.8501,518.3,518.33,680.0,518.3
57.6,211.22,0.0,211.22,4.299,75.5737,710.16,24.9975,172.3005,523.95,42.872,0.0,110.0,274.8,186285.0,490.68,88.0,0.0,0.0,343.29,0.0,0.0,9.9998,0.0,96.08,0.0,50.0,180.0,11.1178,0.0,0.0,75.5737,680.25,42.8596,0.0,100.0,0.0,2999.75,590.1675,33.035,184.015,100.0,184.015,487.71,47.58,25.48,184.015,100.0,0.0,0.0,0.0,0.0,9.1091,24.9975,100.0,1773.72,0.0,518.335,-1.0,0.0,0.0,60.0,50300.0,25.04,0.0,0.0,47.58,184.015,0.0,488.7,0.4632,0.0,5000.0,13.1399,600.0,0.1275,0.0,100.0,544.92,518.3,49.925,0.0,0.0,14.9918,5000.04,0.0,590.1675,682.0,0.0,211.22,0.037,100.0,14.9918,94.42,100.0,996.3,0.2074,100.0,15.7198,3.35,50.0,14.9918,0.0,186285.0,14.9918,518.335,100.0,0.0,680.25,250.0,24.9975,0.0,4.6125,680.25,0.0,0.0,0.037,686.3375,0.1498,100.0,0.0,0.3795,0.0,10.9137,0.0,100.0,172.298,0.0,1000.2,999.9,0.0,0.294,84.645,686.35,72.5601,0.0,670.35,0.0,710.16,1773.72,523.95,50.0,0.3151,0.2439,1000.2,0.7,186285.0,543.92,42.8596,676.9,680.2,0.0,0.0,0.0,0.1786,0.681,0.0,0.0,0.037,180.0125,0.0,0.0,12.324,2.6,26.555,0.1275,1000.0,1.0,66.2059,571.8,50.0,145.651,5000.0,0.0,100.0,0.1963,600.0,28.0952,0.0,3000.0,24.9975,26.6115,680.25,184.015,9.9998,0.0,0.0,0.0,2999.75,286.515,96.08,72.5601,0.0,2.601,0.0,0.3795,11.1178,20.5235,14.9935,343.29,0.2999,518.335,19.4296,0.5,0.0,0.0,0.0,2.6002,0.0,250.0,100.0,33.0,0.0,50.0,0.0,5000.04,2200.0,686.35,28.0952,26.91,1.76,357.25,357.25,57.525,4999.8501,180.0125,1.007,0.0,0.1275,86.325,0.0,0.0,0.0,50.0,0.0,76.758,0.0,0.0,0.1301,0.0,24.9975,0.037,662.05,14.9918,252.175,0.0,4.6125,148.6237,50.0,81.9975,25.0,650.65,50.0,0.0,0.0,0.1232,1000.0,0.0,20.5235,0.0,100.0,186285.0,0.4632,20.0,0.0,0.0,47.604,0.5,186285.0,0.0,0.3795,590.1675,0.1232,0.1301,2.6002,211.22,0.0,489.71,0.0,523.95,357.8212,0.0,2.601,75.57,184.015,9.9735,26.49,100.0,520.0,85.08,330.44,5999.7334,0.7,26.91,85.365,0.0,15.7198,24.9975,100.0,0.0,0.037,0.0,83.5275,600.0,66.2059,590.1675,523.95,100.0,186225.0,343.29,10.9137,100.0,9.9735,9.9998,0.0,0.0,0.0,100.0,662.05,14.9918,20.5248,0.0,0.275,9.518,14.9935,0.0,0.0,33.04,0.0,0.0,0.037,686.36,100.0,1773.72,518.33,25.99,0.0,38.0,4.6953,0.0,76.758,4.6125,82.3575,710.0,19.4296,74.347,0.0,0.15,0.3151,590.0,13.1399,673.65,0.0,0.037,0.1498,2.6,184.015,74.347,0.1498,4999.8501,518.3,518.33,680.0,518.335
57.6,211.22,0.0,211.22,4.296,75.5732,710.16,24.9975,172.3005,523.95,42.8596,0.0,110.0,274.85,186285.0,490.68,88.0,0.0,0.0,343.29,0.0,0.0,9.9998,0.0,96.08,0.0,50.0,180.0,11.1179,0.0,0.0,75.5732,680.25,42.8437,0.0,100.0,0.0,2999.75,590.1675,33.035,184.015,100.0,184.015,487.755,47.604,25.48,184.015,100.0,0.0,0.0,0.0,0.0,9.1091,24.9975,100.0,1773.72,0.0,518.335,-1.0,0.0,0.0,60.0,50300.0,25.04,0.0,0.0,47.604,184.015,0.0,488.745,0.4632,0.0,5000.0,13.1432,600.0,0.1275,0.0,100.0,544.92,518.35,49.925,0.0,0.0,14.9902,5000.04,0.0,590.1675,682.0,0.0,211.22,0.037,100.0,14.9902,94.42,100.0,996.3,0.2074,100.0,15.7201,3.35,50.0,14.9902,0.0,186285.0,14.9902,518.335,100.0,0.0,680.25,250.0,24.9975,0.0,4.6125,680.25,0.0,0.0,0.037,686.3375,0.1498,100.0,0.0,0.3795,0.0,10.9137,0.0,100.0,172.298,0.0,1000.2,999.9,0.0,0.294,84.5925,686.35,72.5599,0.0,670.35,0.0,710.16,1773.72,523.95,50.0,0.3151,0.2439,1000.2,0.7,186285.0,543.92,42.8437,676.9,680.2,0.0,0.0,0.0,0.1785,0.681,0.0,0.0,0.037,180.0125,0.0,0.0,12.323,2.6,26.555,0.1275,1000.0,1.0,66.2055,571.65,50.0,145.662,5000.0,0.0,100.0,0.1963,600.0,28.0952,0.0,3000.0,24.9975,26.628,680.25,184.015,9.9998,0.0,0.0,0.0,2999.75,286.9875,96.08,72.5599,0.0,2.601,0.0,0.3795,11.1179,20.521,14.9918,343.29,0.2999,518.335,19.4296,0.5,0.0,0.0,0.0,2.6002,0.0,250.0,100.0,33.0,0.0,50.0,0.0,5000.04,2200.0,686.35,28.0952,26.91,1.76,357.25,357.25,57.6,4999.8501,180.0125,1.007,0.0,0.1275,86.225,0.0,0.0,0.0,50.0,0.0,76.7577,0.0,0.0,0.1301,0.0,24.9975,0.037,662.05,14.9902,252.175,0.0,4.6125,148.635,50.0,82.035,25.0,650.65,50.0,0.0,0.0,0.1232,1000.0,0.0,20.521,0.0,100.0,186285.0,0.4632,20.0,0.0,0.0,47.622,0.5,186285.0,0.0,0.3795,590.1675,0.1232,0.1301,2.6002,211.22,0.0,489.71,0.0,523.95,357.8212,0.0,2.601,75.57,184.015,9.9734,26.49,100.0,520.0,85.1175,330.44,5999.7334,0.7,26.91,85.4025,0.0,15.7201,24.9975,100.0,0.0,0.037,0.0,83.5575,600.0,66.2055,590.1675,523.95,100.0,186225.0,343.29,10.9137,100.0,9.9734,9.9998,0.0,0.0,0.0,100.0,662.05,14.9902,20.5222,0.0,0.275,9.517,14.9918,0.0,0.0,33.035,0.0,0.0,0.037,686.36,100.0,1773.72,518.36,25.99,0.0,38.0,4.3438,0.0,76.7577,4.6125,82.38,710.0,19.4296,74.3014,0.0,0.15,0.3151,590.0,13.1432,673.65,0.0,0.037,0.1498,2.6,184.015,74.3014,0.1498,4999.8501,518.35,518.36,680.0,518.335
57.5625,211.24,0.0,211.24,4.295,75.5727,710.16,24.9975,172.3005,523.95,42.8437,0.0,110.0,274.85,186285.0,490.725,88.0,0.0,0.0,343.29,0.0,0.0,9.9998,0.0,96.08,0.0,50.0,180.0,11.118,0.0,0.0,75.5727,680.25,42.8277,0.0,100.0,0.0,2999.75,590.1675,33.035,184.015,100.0,184.015,487.755,47.622,25.48,184.015,100.0,0.0,0.0,0.0,0.0,9.1091,24.9975,100.0,1773.72,0.0,518.37,-1.0,0.0,0.0,60.0,50300.0,25.04,0.0,0.0,47.622,184.015,0.0,488.745,0.4632,0.0,5000.0,13.1465,600.0,0.1275,0.0,100.0,544.92,518.35,49.925,0.0,0.0,14.9885,5000.04,0.0,590.1675,682.0,0.0,211.24,0.037,100.0,14.9885,94.42,100.0,996.3,0.2074,100.0,15.7203,3.35,50.0,14.9885,0.0,186285.0,14.9885,518.37,100.0,0.0,680.25,250.0,24.9975,0.0,4.6125,680.25,0.0,0.0,0.037,686.3375,0.1498,100.0,0.0,0.3795,0.0,10.9138,0.0,100.0,172.298,0.0,1000.2,999.9,0.0,0.294,84.5925,686.35,72.5596,0.0,670.35,0.0,710.16,1773.72,523.95,50.0,0.3151,0.2439,1000.2,0.7,186285.0,543.92,42.8277,676.9,680.2,0.0,0.0,0.0,0.1785,0.681,0.0,0.0,0.037,180.0125,0.0,0.0,12.322,2.6,26.555,0.1275,1000.0,1.0,66.2052,570.9,50.0,145.662,5000.0,0.0,100.0,0.1963,600.0,28.0952,0.0,3000.0,24.9975,26.6445,680.25,184.015,9.9998,0.0,0.0,0.0,2999.75,287.0775,96.08,72.5596,0.0,2.601,0.0,0.3795,11.118,20.5184,14.9902,343.29,0.2999,518.37,19.4296,0.5,0.0,0.0,0.0,2.6002,0.0,250.0,100.0,33.0,0.0,50.0,0.0,5000.04,2200.0,686.35,28.0952,26.91,1.76,357.3,357.3,57.5625,4999.8501,180.0125,1.007,0.0,0.1275,86.75,0.0,0.0,0.0,50.0,0.0,76.7575,0.0,0.0,0.1301,0.0,24.9975,0.037,662.05,14.9885,252.2,0.0,4.6125,148.635,50.0,82.05,25.0,650.65,50.0,0.0,0.0,0.1232,1000.0,0.0,20.5184,0.0,100.0,186285.0,0.4632,20.0,0.0,0.0,47.628,0.5,186285.0,0.0,0.3795,590.1675,0.1232,0.1301,2.6002,211.24,0.0,489.74,0.0,523.95,357.7523,0.0,2.601,75.57,184.015,9.9733,26.49,100.0,520.0,85.125,330.48,5999.7334,0.7,26.91,85.38,0.0,15.7203,24.9975,100.0,0.0,0.037,0.0,83.5275,600.0,66.2052,590.1675,523.95,100.0,186225.0,343.29,10.9138,100.0,9.9733,9.9998,0.0,0.0,0.0,100.0,662.05,14.9885,20.5197,0.0,0.275,9.516,14.9902,0.0,0.0,33.035,0.0,0.0,0.037,686.36,100.0,1773.72,518.36,25.99,0.0,38.0,4.5625,0.0,76.7575,4.6125,82.38,710.0,19.4296,74.3057,0.0,0.15,0.3151,590.0,13.1465,673.65,0.0,0.037,0.1498,2.6,184.015,74.3057,0.1498,4999.8501,518.35,518.36,680.0,518.37
57.525,211.24,0.0,211.24,4.295,75.5722,710.08,24.9975,172.2735,523.92,42.8277,0.0,110.0,274.9,186285.0,490.725,88.0,0.0,0.0,343.32,0.0,0.0,9.9998,0.0,96.08,0.0,50.0,180.0,11.118,0.0,0.0,75.5722,680.25,42.8118,0.0,100.0,0.0,3000.75,590.1675,33.03,184.015,100.0,184.015,487.755,47.628,25.48,184.015,100.0,0.0,0.0,0.0,0.0,9.1091,24.9975,100.0,1773.72,0.0,518.37,-1.0,0.0,0.0,60.0,50200.0,25.04,0.0,0.0,47.628,184.015,0.0,488.745,0.4632,0.0,5000.0,13.1499,600.0,0.1275,0.0,100.0,544.88,518.35,49.925,0.0,0.0,14.9868,5000.04,0.0,590.1675,682.0,0.0,211.24,0.037,100.0,14.9868,94.42,100.0,996.3,0.2074,100.0,15.7181,3.35,50.0,14.9868,0.0,186285.0,14.9868,518.37,100.0,0.0,680.25,250.0,24.9975,0.0,4.6125,680.25,0.0,0.0,0.037,686.3375,0.1498,100.0,0.0,0.3795,0.0,10.9138,0.0,100.0,172.27,0.0,1000.2,999.9,0.0,0.294,84.57,686.35,72.56,0.0,670.35,0.0,710.08,1773.72,523.92,50.0,0.3151,0.2439,1000.2,0.7,186285.0,543.88,42.8118,676.9,680.2,0.0,0.0,0.0,0.1785,0.681,0.0,0.0,0.037,180.0125,0.0,0.0,12.322,2.6,26.555,0.1275,1000.0,1.0,66.2049,571.45,50.0,145.662,5000.0,0.0,100.0,0.1963,600.0,28.0952,0.0,3000.0,24.9975,26.6555,680.25,184.015,9.9998,0.0,0.0,0.0,3000.75,287.01,96.08,72.56,0.0,2.601,0.0,0.3795,11.118,20.5159,14.9885,343.29,0.2999,518.37,19.4296,0.5,0.0,0.0,0.0,2.6002,0.0,250.0,100.0,33.0,0.0,50.0,0.0,5000.04,2200.0,686.35,28.0952,26.91,1.76,357.3,357.3,57.5625,4999.8501,180.0125,1.007,0.0,0.1275,86.05,0.0,0.0,0.0,50.0,0.0,76.7572,0.0,0.0,0.1301,0.0,24.9975,0.037,662.1,14.9868,252.2,0.0,4.6125,148.635,50.0,81.9975,25.0,650.65,50.0,0.0,0.0,0.1232,1000.0,0.0,20.5159,0.0,100.0,186285.0,0.4632,20.0,0.0,0.0,47.622,0.5,186285.0,0.0,0.3795,590.1675,0.1232,0.1301,2.6002,211.24,0.0,489.74,0.0,523.95,358.3723,0.0,2.601,75.57,184.015,9.9732,26.49,100.0,520.0,85.14,330.48,5999.7334,0.7,26.91,85.3575,0.0,15.7181,24.9975,100.0,0.0,0.037,0.0,83.4975,600.0,66.2049,590.1675,523.92,100.0,186225.0,343.29,10.9138,100.0,9.9732,9.9998,0.0,0.0,0.0,100.0,662.1,14.9868,20.5172,0.0,0.275,9.516,14.9885,0.0,0.0,33.035,0.0,0.0,0.037,686.36,100.0,1773.72,518.39,25.99,0.0,38.0,4.7297,0.0,76.7572,4.6125,82.425,710.0,19.4296,74.3101,0.0,0.15,0.3151,590.0,13.1499,673.65,0.0,0.037,0.1498,2.6,184.015,74.3101,0.1498,4999.8501,518.35,518.39,680.0,518.37
57.6,211.24,0.0,211.24,4.295,75.5717,710.08,24.9975,172.2735,523.92,42.8118,0.0,110.0,274.9,186285.0,490.725,88.0,0.0,0.0,343.32,0.0,0.0,9.9998,0.0,96.08,0.0,50.0,180.0,11.1181,0.0,0.0,75.5717,680.25,42.7996,0.0,100.0,0.0,3000.75,590.1675,33.03,184.015,100.0,184.015,487.8,47.622,25.48,184.015,100.0,0.0,0.0,0.0,0.0,9.1091,24.9975,100.0,1773.72,0.0,518.405,-1.0,0.0,0.0,60.0,50200.0,25.04,0.0,0.0,47.622,184.015,0.0,488.79,0.4632,0.0,5000.0,13.1532,600.0,0.1275,0.0,100.0,544.88,518.4,49.925,0.0,0.0,14.9852,5000.04,0.0,590.1675,682.0,0.0,211.24,0.037,100.0,14.9852,94.42,100.0,996.3,0.2074,100.0,15.7173,3.35,50.0,14.9852,0.0,186285.0,14.9852,518.405,100.0,0.0,680.25,250.0,24.9975,0.0,4.6125,680.25,0.0,0.0,0.037,686.3375,0.1498,100.0,0.0,0.3795,0.0,10.9139,0.0,100.0,172.27,0.0,1000.2,999.9,0.0,0.294,84.6225,686.35,72.5599,0.0,670.35,0.0,710.08,1773.72,523.92,50.0,0.3151,0.2439,1000.2,0.7,186285.0,543.88,42.7996,676.9,680.2,0.0,0.0,0.0,0.1785,0.681,0.0,0.0,0.037,180.0125,0.0,0.0,12.322,2.6,26.555,0.1275,1000.0,1.0,66.2045,571.75,50.0,145.662,5000.0,0.0,100.0,0.1963,600.0,28.0952,0.0,3000.0,24.9975,26.6555,680.25,184.015,9.9998,0.0,0.0,0.0,3000.75,287.2575,96.08,72.5599,0.0,2.601,0.0,0.3795,11.1181,20.5134,14.9868,343.32,0.2999,518.405,19.4296,0.5,0.0,0.0,0.0,2.6002,0.0,250.0,100.0,33.0,0.0,50.0,0.0,5000.04,2200.0,686.35,28.0952,26.91,1.76,357.35,357.35,57.6,4999.8501,180.0125,1.0071,0.0,0.1275,86.525,0.0,0.0,0.0,50.0,0.0,76.757,0.0,0.0,0.1301,0.0,24.9975,0.037,662.1,14.9852,252.2,0.0,4.6125,148.635,50.0,82.035,25.0,650.65,50.0,0.0,0.0,0.1232,1000.0,0.0,20.5134,0.0,100.0,186285.0,0.4632,20.0,0.0,0.0,47.616,0.5,186285.0,0.0,0.3795,590.1675,0.1232,0.1301,2.6002,211.24,0.0,489.77,0.0,523.92,357.959,0.0,2.601,75.57,184.015,9.9732,26.49,100.0,520.0,85.1175,330.48,5999.7334,0.7,26.91,85.335,0.0,15.7173,24.9975,100.0,0.0,0.037,0.0,83.4675,600.0,66.2045,590.1675,523.92,100.0,186225.0,343.32,10.9139,100.0,9.9732,9.9998,0.0,0.0,0.0,100.0,662.1,14.9852,20.5146,0.0,0.275,9.515,14.9868,0.0,0.0,33.03,0.0,0.0,0.037,686.36,100.0,1773.72,518.39,25.99,0.0,38.0,4.0344,0.0,76.757,4.6125,82.3875,710.0,19.4296,74.2639,0.0,0.15,0.3151,590.0,13.1532,673.65,0.0,0.037,0.1498,2.6,184.015,74.2639,0.1498,4999.8501,518.4,518.39,680.0,518.405
57.6,211.24,0.0,211.24,4.295,75.5712,710.08,24.9975,172.26,523.89,42.7996,0.0,110.0,274.95,186285.0,490.77,88.0,0.0,0.0,343.32,0.0,0.0,9.9998,0.0,96.08,0.0,50.0,180.0,11.1182,0.0,0.0,75.5712,680.25,42.7837,0.0,100.0,0.0,2999.75,590.1675,33.03,184.015,100.0,184.015,487.8,47.616,25.48,184.015,100.0,0.0,0.0,0.0,0.0,9.1086,24.9975,100.0,1773.72,0.0,518.405,-1.0,0.0,0.0,60.0,50200.0,25.04,0.0,0.0,47.616,184.015,0.0,488.79,0.4632,0.0,5000.0,13.1565,600.0,0.1275,0.0,100.0,544.88,518.4,49.925,0.0,0.0,14.9921,5000.04,0.0,590.1675,682.0,0.0,211.24,0.037,100.0,14.9921,94.42,100.0,996.3,0.2074,100.0,15.7191,3.35,50.0,14.9921,0.0,186285.0,14.9921,518.405,100.0,0.0,680.25,250.0,24.9975,0.0,4.6125,680.25,0.0,0.0,0.037,686.3375,0.1498,100.0,0.0,0.3795,0.0,10.914,0.0,100.0,172.256,0.0,1000.2,999.9,0.0,0.294,84.645,686.35,72.5597,0.0,670.35,0.0,710.08,1773.72,523.89,50.0,0.3151,0.2439,1000.2,0.7,186285.0,543.88,42.7837,676.9,680.2,0.0,0.0,0.0,0.1785,0.681,0.0,0.0,0.037,180.0125,0.0,0.0,12.322,2.6,26.555,0.1275,1000.0,1.0,66.205,571.85,50.0,145.662,5000.0,0.0,100.0,0.1963,600.0,28.0952,0.0,3000.0,24.9975,26.6555,680.25,184.015,9.9998,0.0,0.0,0.0,2999.75,286.6275,96.08,72.5597,0.0,2.6003,0.0,0.3795,11.1182,20.5108,14.9852,343.32,0.2999,518.405,19.4296,0.5,0.0,0.0,0.0,2.6002,0.0,250.0,100.0,33.0,0.0,50.0,0.0,5000.04,2200.0,686.35,28.0952,26.91,1.76,357.4,357.4,57.5625,4999.8501,180.0125,1.0071,0.0,0.1275,86.725,0.0,0.0,0.0,50.0,0.0,76.7567,0.0,0.0,0.1301,0.0,24.9975,0.037,662.1,14.9921,252.2,0.0,4.6125,148.635,50.0,82.005,25.0,650.65,50.0,0.0,0.0,0.1232,1000.0,0.0,20.5108,0.0,100.0,186285.0,0.4632,20.0,0.0,0.0,47.616,0.5,186285.0,0.0,0.3795,590.1675,0.1232,0.1301,2.6002,211.24,0.0,489.77,0.0,523.92,358.1312,0.0,2.6003,75.57,184.015,9.9731,26.49,100.0,520.0,85.1025,330.48,5999.7334,0.7,26.91,85.3125,0.0,15.7191,24.9975,100.0,0.0,0.037,0.0,83.43,600.0,66.205,590.1675,523.89,100.0,186225.0,343.32,10.914,100.0,9.9731,9.9998,0.0,0.0,0.0,100.0,662.1,14.9921,20.5121,0.0,0.275,9.515,14.9852,0.0,0.0,33.03,0.0,0.0,0.037,686.36,100.0,1773.72,518.42,25.99,0.0,38.0,4.2031,0.0,76.7567,4.6125,82.395,710.0,19.4296,74.2676,0.0,0.15,0.3151,590.0,13.1565,673.65,0.0,0.037,0.1498,2.6,184.015,74.2676,0.1498,4999.8501,518.4,518.42,680.0,518.405
57.6,211.24,0.0,211.24,4.295,75.5707,710.08,24.9975,172.26,523.89,42.7837,0.0,110.0,274.95,186285.0,490.77,88.0,0.0,0.0,343.32,0.0,0.0,9.9998,0.0,96.08,0.0,50.0,180.0,11.1183,0.0,0.0,75.5707,680.25,42.7716,0.0,100.0,0.0,2999.75,590.1675,33.03,184.015,100.0,184.015,487.8,47.616,25.48,184.015,100.0,0.0,0.0,0.0,0.0,9.1086,24.9975,100.0,1773.72,0.0,518.405,-1.0,0.0,0.0,60.0,50200.0,25.04,0.0,0.0,47.616,184.015,0.0,488.79,0.4632,0.0,5000.0,13.1599,600.0,0.1275,0.0,100.0,544.88,518.4,49.925,0.0,0.0,14.9907,5000.04,0.0,590.1675,682.0,0.0,211.24,0.037,100.0,14.9907,94.42,100.0,996.3,0.2074,100.0,15.7193,3.35,50.0,14.9907,0.0,186285.0,14.9907,518.405,100.0,0.0,680.25,250.0,24.9975,0.0,4.6125,680.25,0.0,0.0,0.037,686.3375,0.1498,100.0,0.0,0.3795,0.0,10.914,0.0,100.0,172.256,0.0,1000.2,999.9,0.0,0.294,84.645,686.35,72.5596,0.0,670.35,0.0,710.08,1773.72,523.89,50.0,0.3151,0.2439,1000.2,0.7,186285.0,543.88,42.7716,676.9,680.2,0.0,0.0,0.0,0.1785,0.681,0.0,0.0,0.037,180.0125,0.0,0.0,12.322,2.6,26.555,0.1275,1000.0,1.0,66.2049,571.85,50.0,145.662,5000.0,0.0,100.0,0.1963,600.0,28.0952,0.0,3000.0,24.9975,26.6555,680.25,184.015,9.9998,0.0,0.0,0.0,2999.75,286.6275,96.08,72.5596,0.0,2.6003,0.0,0.3795,11.1183,20.5083,14.9921,343.32,0.2999,518.405,19.4296,0.5,0.0,0.0,0.0,2.6002,0.0,250.0,100.0,33.0,0.0,50.0,0.0,5000.04,2200.0,686.35,28.0952,26.91,1.76,357.4,357.4,57.5625,4999.8501,180.0125,1.0071,0.0,0.1275,86.725,0.0,0.0,0.0,50.0,0.0,76.7564,0.0,0.0,0.1301,0.0,24.9975,0.037,662.1,14.9907,252.2,0.0,4.6125,148.635,50.0,82.005,25.0,650.65,50.0,0.0,0.0,0.1232,1000.0,0.0,20.5083,0.0,100.0,186285.0,0.4632,20.0,0.0,0.0,47.616,0.5,186285.0,0.0,0.3795,590.1675,0.1232,0.1301,2.6002,211.24,0.0,489.77,0.0,523.89,358.1312,0.0,2.6003,75.57,184.015,9.973,26.49,100.0,520.0,85.1025,330.48,5999.7334,0.7,26.91,85.3125,0.0,15.7193,24.9975,100.0,0.0,0.037,0.0,83.43,600.0,66.2049,590.1675,523.89,100.0,186225.0,343.32,10.914,100.0,9.973,9.9998,0.0,0.0,0.0,100.0,662.1,14.9907,20.5096,0.0,0.275,9.515,14.9921,0.0,0.0,33.03,0.0,0.0,0.037,686.36,100.0,1773.72,518.42,25.99,0.0,38.0,4.2031,0.0,76.7564,4.6125,82.395,710.0,19.4296,74.2714,0.0,0.15,0.3151,590.0,13.1599,673.65,0.0,0.037,0.1498,2.6,184.015,74.2714,0.1498,4999.8501,518.4,518.42,680.0,518.405
57.5625,211.26,0.0,211.26,4.292,75.5702,710.08,24.9975,172.26,523.89,42.7716,0.0,110.0,274.95,186285.0,490.77,88.0,0.0,0.0,343.32,0.0,0.0,9.9998,0.0,96.08,0.0,50.0,180.0,11.1184,0.0,0.0,75.5702,680.25,42.7559,0.0,100.0,0.0,2999.75,590.1675,33.03,184.015,100.0,184.015,487.8,47.616,25.48,184.015,100.0,0.0,0.0,0.0,0.0,9.1086,24.9975,100.0,1773.72,0.0,518.44,-1.0,0.0,0.0,60.0,50200.0,25.04,0.0,0.0,47.616,184.015,0.0,488.79,0.4632,0.0,5000.0,13.1632,600.0,0.1275,0.0,100.0,544.84,518.4,49.925,0.0,0.0,14.9893,5000.04,0.0,590.1675,682.0,0.0,211.26,0.037,100.0,14.9893,94.42,100.0,996.3,0.2074,100.0,15.7196,3.35,50.0,14.9893,0.0,186285.0,14.9893,518.44,100.0,0.0,680.25,250.0,24.9975,0.0,4.6125,680.25,0.0,0.0,0.037,686.3375,0.1498,100.0,0.0,0.3795,0.0,10.9141,0.0,100.0,172.256,0.0,1000.2,999.9,0.0,0.294,84.5925,686.35,72.5595,0.0,670.35,0.0,710.08,1773.72,523.89,50.0,0.3151,0.2439,1000.2,0.7,186285.0,543.84,42.7559,676.9,680.2,0.0,0.0,0.0,0.1784,0.681,0.0,0.0,0.037,180.0125,0.0,0.0,12.321,2.6,26.555,0.1275,1000.0,1.0,66.2048,571.05,50.0,145.662,5000.0,0.0,100.0,0.1963,600.06,28.0952,0.0,3000.0,24.9975,26.6555,680.25,184.015,9.9998,0.0,0.0,0.0,2999.75,286.92,96.08,72.5595,0.0,2.6003,0.0,0.3795,11.1184,20.5057,14.9907,343.32,0.2999,518.44,19.4296,0.5,0.0,0.0,0.0,2.6002,0.0,250.0,100.0,33.0,0.0,50.0,0.0,5000.04,2200.0,686.35,28.0952,26.91,1.76,357.4,357.4,57.5625,4999.8501,180.0125,1.0071,0.0,0.1275,86.925,0.0,0.0,0.0,50.0,0.0,76.7562,0.0,0.0,0.1301,0.0,24.9975,0.037,662.1,14.9893,252.2,0.0,4.6125,148.635,50.0,82.02,25.0,650.65,50.0,0.0,0.0,0.1232,1000.0,0.0,20.5057,0.0,100.0,186285.0,0.4632,20.0,0.0,0.0,47.64,0.5,186285.0,0.0,0.3795,590.1675,0.1232,0.1301,2.6002,211.26,0.0,489.8,0.0,523.89,358.0279,0.0,2.6003,75.57,184.015,9.9729,26.49,100.0,520.0,85.14,330.48,5999.7334,0.7,26.91,85.3575,0.0,15.7196,24.9975,100.0,0.0,0.037,0.0,83.475,600.0,66.2048,590.1675,523.89,100.0,186225.0,343.32,10.9141,100.0,9.9729,9.9998,0.0,0.0,0.0,100.0,662.1,14.9893,20.507,0.0,0.275,9.515,14.9907,0.0,0.0,33.03,0.0,0.0,0.037,686.36,100.0,1773.72,518.42,25.99,0.0,38.0,4.0734,0.0,76.7562,4.6125,82.3875,710.0,19.4296,74.2751,0.0,0.15,0.3151,590.0,13.1632,673.65,0.0,0.037,0.1498,2.6,184.015,74.2751,0.1498,4999.8501,518.4,518.42,680.0,518.44
57.6,211.26,0.0,211.26,4.284,75.5682,710.08,24.9975,172.233,523.86,42.7559,0.0,110.0,274.95,186285.0,490.815,88.0,0.0,0.0,343.32,0.0,0.0,9.9998,0.0,96.08,0.0,50.0,180.0,11.1184,0.0,0.0,75.5682,680.25,42.7402,0.0,100.0,0.0,2999.75,590.1675,33.025,184.015,100.0,184.015,487.845,47.64,25.48,184.015,100.0,0.0,0.0,0.0,0.0,9.1091,24.9975,100.0,1773.72,0.0,518.475,-1.0,0.0,0.0,60.0,50100.0,25.04,0.0,0.0,47.64,184.015,0.0,488.835,0.4632,0.0,5000.0,13.1665,600.06,0.1274,0.0,100.0,544.8,518.45,49.925,0.0,0.0,14.9793,5000.04,0.0,590.1675,682.0,0.0,211.26,0.037,100.0,14.9793,94.42,100.0,996.3,0.2073,100.0,15.7198,3.3,50.0,14.9793,0.0,186285.0,14.9793,518.475,100.0,0.0,680.25,250.0,24.9975,0.0,4.6125,680.25,0.0,0.0,0.037,686.375,0.1498,100.0,0.0,0.3795,0.0,10.9141,0.0,100.0,172.228,0.0,1000.8,999.9,0.0,0.294,84.6825,686.35,72.5594,0.0,670.4,0.0,710.08,1773.72,523.86,50.0,0.3151,0.2439,1000.8,0.7,186285.0,543.84,42.7402,676.95,680.2,0.0,0.0,0.0,0.1784,0.681,0.0,0.0,0.037,180.025,0.0,0.0,12.322,2.6,26.555,0.1275,1000.0,1.0,66.2047,571.2,50.0,145.662,5000.0,0.0,100.0,0.1963,600.06,28.0951,0.0,3000.0,24.9975,26.6665,680.25,184.015,9.9998,0.0,0.0,0.0,2999.75,286.515,96.08,72.5594,0.0,2.6003,0.0,0.3795,11.1184,20.5032,14.9893,343.32,0.2999,518.475,19.4288,0.5,0.0,0.0,0.0,2.6002,0.0,250.0,100.0,33.0,0.0,50.0,0.0,5000.04,2200.0,686.35,28.0951,26.91,1.76,357.45,357.45,57.6,4999.8501,180.025,1.0071,0.0,0.1274,86.575,0.0,0.0,0.0,50.0,0.0,76.7559,0.0,0.0,0.1301,0.0,24.9975,0.037,662.1,14.9793,252.2,0.0,4.6125,148.635,50.0,82.0125,25.0,650.65,50.0,0.0,0.0,0.1232,1000.0,0.0,20.5032,0.0,100.0,186285.0,0.4632,20.0,0.0,0.0,47.664,0.5,186285.0,0.0,0.3795,590.1675,0.1232,0.1301,2.6002,211.26,0.0,489.83,0.0,523.89,358.0623,0.0,2.6003,75.57,184.015,9.9721,26.49,100.0,520.0,85.05,61.56,5999.7334,0.7,26.91,85.3425,0.0,15.7198,24.9975,100.0,0.0,0.037,0.0,83.445,600.0,66.2047,590.1675,523.86,100.0,186225.0,343.32,10.9141,100.0,9.9721,9.9998,0.0,0.0,0.0,100.0,662.1,14.9793,20.5045,0.0,0.275,9.514,14.9893,0.0,0.0,33.03,0.0,0.0,0.037,686.36,100.0,1773.72,518.45,25.99,0.0,38.0,4.7953,0.0,76.7559,4.6125,82.365,710.0,19.4288,74.2789,0.0,0.15,0.3151,590.0,13.1665,673.65,0.0,0.037,0.1498,2.6,184.015,74.2789,0.1498,4999.8501,518.45,518.45,680.0,518.475
57.6,211.26,0.0,211.26,4.284,75.5672,710.08,24.9975,172.233,523.86,42.7402,0.0,110.0,274.95,186285.0,490.815,88.0,0.0,0.0,343.32,0.0,0.0,9.9998,0.0,96.08,0.0,50.0,180.0,11.1185,0.0,0.0,75.5672,680.25,42.7282,0.0,100.0,0.0,2999.75,590.1675,33.025,184.015,100.0,184.015,487.845,47.664,25.48,184.015,100.0,0.0,0.0,0.0,0.0,9.1091,24.9975,100.0,1773.72,0.0,518.475,-1.0,0.0,0.0,60.0,50100.0,25.04,0.0,0.0,47.664,184.015,0.0,488.835,0.4632,0.0,5000.0,13.1699,600.06,0.1274,0.0,100.0,544.8,518.45,49.925,0.0,0.0,14.9777,5000.04,0.0,590.1675,682.0,0.0,211.26,0.037,100.0,14.9777,94.42,100.0,996.3,0.2073,100.0,15.7201,3.3,50.0,14.9777,0.0,186285.0,14.9777,518.475,100.0,0.0,680.25,250.0,24.9975,0.0,4.6125,680.25,0.0,0.0,0.037,686.375,0.1498,100.0,0.0,0.3795,0.0,10.9142,0.0,100.0,172.228,0.0,1000.8,999.9,0.0,0.294,84.6825,686.35,72.5592,0.0,670.4,0.0,710.08,1773.72,523.86,50.0,0.3151,0.2439,1000.8,0.7,186285.0,543.84,42.7282,676.95,680.2,0.0,0.0,0.0,0.1784,0.681,0.0,0.0,0.037,180.025,0.0,0.0,12.322,2.6,26.555,0.1275,1000.0,1.0,66.2046,571.2,50.0,145.662,5000.0,0.0,100.0,0.1963,600.06,28.0951,0.0,3000.0,24.9975,26.6665,680.25,184.015,9.9998,0.0,0.0,0.0,2999.75,286.515,96.08,72.5592,0.0,2.6003,0.0,0.3795,11.1185,20.5007,14.9793,343.32,0.2999,518.475,19.4286,0.5,0.0,0.0,0.0,2.6002,0.0,250.0,100.0,33.0,0.0,50.0,0.0,5000.04,2200.0,686.35,28.0951,26.91,1.76,357.45,357.45,57.6,4999.8501,180.025,1.0071,0.0,0.1274,86.575,0.0,0.0,0.0,50.0,0.0,76.7557,0.0,0.0,0.1301,0.0,24.9975,0.037,662.1,14.9777,252.2,0.0,4.6125,148.635,50.0,82.0125,25.0,650.65,50.0,0.0,0.0,0.1232,1000.0,0.0,20.5007,0.0,100.0,186285.0,0.4632,20.0,0.0,0.0,47.664,0.5,186285.0,0.0,0.3795,590.1675,0.1232,0.1301,2.6002,211.26,0.0,489.83,0.0,523.86,358.0623,0.0,2.6003,75.57,184.015,9.9717,26.49,100.0,520.0,85.05,61.56,5999.7334,0.7,26.91,85.3425,0.0,15.7201,24.9975,100.0,0.0,0.037,0.0,83.445,600.0,66.2046,590.1675,523.86,100.0,186225.0,343.32,10.9142,100.0,9.9717,9.9998,0.0,0.0,0.0,100.0,662.1,14.9777,20.5019,0.0,0.275,9.514,14.9793,0.0,0.0,33.025,0.0,0.0,0.037,686.36,100.0,1773.72,518.45,25.99,0.0,38.0,4.7953,0.0,76.7557,4.6125,82.365,710.0,19.4286,74.232,0.0,0.15,0.3151,590.0,13.1699,673.65,0.0,0.037,0.1498,2.6,184.015,74.232,0.1498,4999.8501,518.45,518.45,680.0,518.475
57.6,211.28,0.0,211.28,4.279,75.5677,710.08,24.9975,172.1925,523.83,42.7282,0.0,110.0,275.0,186285.0,490.815,88.0,0.0,0.0,343.32,0.0,0.0,9.9998,0.0,96.08,0.0,50.0,180.0,11.1186,0.0,0.0,75.5677,680.25,42.7127,0.0,100.0,0.0,2999.75,590.1675,33.02,184.015,100.0,184.015,487.89,47.664,25.48,184.015,100.0,0.0,0.0,0.0,0.0,9.1091,24.9975,100.0,1773.72,0.0,518.51,-1.0,0.0,0.0,60.0,50100.0,25.04,0.0,0.0,47.664,184.015,0.0,488.88,0.4632,0.0,5000.0,13.1732,600.06,0.1274,0.0,100.0,544.8,518.5,49.925,0.0,0.0,14.9846,5000.04,0.0,590.1675,682.0,0.0,211.28,0.037,100.0,14.9846,94.42,100.0,996.3,0.2073,100.0,15.7203,3.3,50.0,14.9846,0.0,186285.0,14.9846,518.51,100.0,0.0,680.25,250.0,24.9975,0.0,4.615,680.25,0.0,0.0,0.037,686.375,0.1498,100.0,0.0,0.3795,0.0,10.9142,0.0,100.0,172.186,0.0,1000.8,999.9,0.0,0.294,84.615,686.35,72.5591,0.0,670.4,0.0,710.08,1773.72,523.83,50.0,0.3151,0.2439,1000.8,0.7,186285.0,543.8,42.7127,676.95,680.2,0.0,0.0,0.0,0.1783,0.681,0.0,0.0,0.037,180.0125,0.0,0.0,12.322,2.6,26.555,0.1275,1000.0,1.0,66.2045,571.1,50.0,145.673,5000.0,0.0,100.0,0.1962,600.06,28.0951,0.0,3000.0,24.9975,26.6775,680.25,184.015,9.9998,0.0,0.0,0.0,2999.75,286.8075,96.08,72.5591,0.0,2.6003,0.0,0.3795,11.1186,20.4981,14.9777,343.32,0.2999,518.51,19.4283,0.5,0.0,0.0,0.0,2.6002,0.0,250.0,100.0,33.0,0.0,50.0,0.0,5000.04,2200.0,686.35,28.0951,26.91,1.76,357.5,357.5,57.5625,4999.8501,180.0125,1.0072,0.0,0.1274,86.575,0.0,0.0,0.0,50.0,0.0,76.7554,0.0,0.0,0.1301,0.0,24.9975,0.037,662.1,14.9846,252.225,0.0,4.615,148.6462,50.0,82.0425,25.0,650.65,50.0,0.0,0.0,0.1231,1000.0,0.0,20.4981,0.0,100.0,186285.0,0.4632,20.0,0.0,0.0,47.694,0.5,186285.0,0.0,0.3795,590.1675,0.1231,0.1301,2.6002,211.28,0.0,489.86,0.0,523.86,357.7179,0.0,2.6003,75.565,184.015,9.9714,26.49,100.0,520.0,85.0875,61.56,5999.7334,0.7,26.91,85.3275,0.0,15.7203,24.9975,100.0,0.0,0.037,0.0,83.4075,600.0,66.2045,590.1675,523.83,100.0,186225.0,343.32,10.9142,100.0,9.9714,9.9998,0.0,0.0,0.0,100.0,662.1,14.9846,20.4994,0.0,0.275,9.513,14.9777,0.0,0.0,33.025,0.0,0.0,0.037,686.36,100.0,1773.72,518.51,25.99,0.0,38.0,4.5047,0.0,76.7554,4.615,82.4025,710.0,19.4283,74.2351,0.0,0.15,0.3151,590.0,13.1732,673.65,0.0,0.037,0.1498,2.6,184.015,74.2351,0.1498,4999.8501,518.5,518.51,680.0,518.51
57.6,211.28,0.0,211.28,4.278,75.5672,710.08,24.9975,172.1925,523.83,42.7127,0.0,110.0,275.05,186285.0,490.86,88.0,0.0,0.0,343.32,0.0,0.0,9.9998,0.0,96.08,0.0,50.0,180.0,11.1187,0.0,0.0,75.5672,680.25,42.7008,0.0,100.0,0.0,2999.75,590.1675,33.02,184.015,100.0,184.015,487.89,47.694,25.48,184.015,100.0,0.0,0.0,0.0,0.0,9.1096,24.9975,100.0,1773.72,0.0,518.51,-1.0,0.0,0.0,60.0,50000.0,25.04,0.0,0.0,47.694,184.015,0.0,488.88,0.4632,0.0,5000.0,13.1765,600.06,0.1274,0.0,100.0,544.76,518.5,49.925,0.0,0.0,14.9832,5000.04,0.0,590.1675,682.0,0.0,211.28,0.037,100.0,14.9832,94.42,100.0,996.3,0.2072,100.0,15.7206,3.3,50.0,14.9832,0.0,186285.0,14.9832,518.51,100.0,0.0,680.25,250.0,24.9975,0.0,4.615,680.25,0.0,0.0,0.037,686.375,0.1498,100.0,0.0,0.3795,0.0,10.9143,0.0,100.0,172.186,0.0,1000.8,999.9,0.0,0.294,84.57,686.35,72.559,0.0,670.4,0.0,710.08,1773.72,523.83,50.0,0.3151,0.2439,1000.8,0.7,186285.0,543.76,42.7008,676.95,680.2,0.0,0.0,0.0,0.1783,0.681,0.0,0.0,0.037,180.0125,0.0,0.0,12.318,2.6,26.555,0.1274,1000.0,1.0,66.2045,571.6,50.0,145.673,5000.0,0.0,100.0,0.1962,600.06,28.0951,0.0,3000.0,24.9975,26.6995,680.25,184.015,9.9998,0.0,0.0,0.0,2999.75,287.0325,96.08,72.559,0.0,2.6003,0.0,0.3795,11.1187,20.4956,14.9846,343.32,0.2999,518.51,19.4281,0.5,0.0,0.0,0.0,2.6002,0.0,250.0,100.0,33.0,0.0,50.0,0.0,5000.04,2200.0,686.35,28.0951,26.91,1.76,357.5,357.5,57.5625,4999.8501,180.0125,1.0072,0.0,0.1274,86.65,0.0,0.0,0.0,50.0,0.0,76.7552,0.0,0.0,0.13,0.0,24.9975,0.037,662.1,14.9832,252.225,0.0,4.615,148.6462,50.0,82.035,25.0,650.65,50.0,0.0,0.0,0.1231,1000.0,0.0,20.4956,0.0,100.0,186285.0,0.4632,20.0,0.0,0.0,47.724,0.5,186285.0,0.0,0.3795,590.1675,0.1231,0.1301,2.6002,211.28,0.0,489.86,0.0,523.83,358.3034,0.0,2.6003,75.565,184.015,9.9711,26.49,100.0,520.0,85.0425,61.56,5999.7334,0.7,26.91,85.2825,0.0,15.7206,24.9975,100.0,0.0,0.037,0.0,83.385,600.0,66.2045,590.1675,523.83,100.0,186225.0,343.32,10.9143,100.0,9.9711,9.9998,0.0,0.0,0.0,100.0,662.1,14.9832,20.4969,0.0,0.275,9.512,14.9846,0.0,0.0,33.02,0.0,0.0,0.037,686.36,100.0,1773.72,518.51,25.99,0.0,38.0,4.7516,0.0,76.7552,4.615,82.35,710.0,19.4281,74.1876,0.0,0.15,0.3151,590.0,13.1765,673.65,0.0,0.037,0.1498,2.6,184.015,74.1876,0.1498,4999.8501,518.5,518.51,680.0,518.51
57.6,211.28,0.0,211.28,4.278,75.5667,710.08,24.9975,172.1925,523.83,42.7008,0.0,110.0,275.05,186285.0,490.86,88.0,0.0,0.0,343.32,0.0,0.0,9.9998,0.0,96.08,0.0,50.0,180.0,11.1187,0.0,0.0,75.5667,680.25,42.6853,0.0,100.0,0.0,2999.75,590.1675,33.02,184.015,100.0,184.015,487.89,47.724,25.48,184.015,100.0,0.0,0.0,0.0,0.0,9.1096,24.9975,100.0,1773.72,0.0,518.51,-1.0,0.0,0.0,60.0,50000.0,25.04,0.0,0.0,47.724,184.015,0.0,488.88,0.4632,0.0,5000.0,13.1799,600.06,0.1274,0.0,100.0,544.76,518.5,49.925,0.0,0.0,14.9818,5000.04,0.0,590.1675,682.0,0.0,211.28,0.037,100.0,14.9818,94.42,100.0,996.3,0.2072,100.0,15.7208,3.3,50.0,14.9818,0.0,186285.0,14.9818,518.51,100.0,0.0,680.25,250.0,24.9975,0.0,4.615,680.25,0.0,0.0,0.037,686.375,0.1498,100.0,0.0,0.3795,0.0,10.9143,0.0,100.0,172.186,0.0,1000.8,999.9,0.0,0.294,84.57,686.35,72.5589,0.0,670.4,0.0,710.08,1773.72,523.83,50.0,0.3151,0.2439,1000.8,0.7,186285.0,543.76,42.6853,676.95,680.2,0.0,0.0,0.0,0.1783,0.681,0.0,0.0,0.037,180.0125,0.0,0.0,12.318,2.6,26.555,0.1274,1000.0,1.0,66.2044,571.6,50.0,145.673,5000.0,0.0,100.0,0.1962,600.06,28.0951,0.0,3000.0,24.9975,26.6995,680.25,184.015,9.9998,0.0,0.0,0.0,2999.75,287.0325,96.08,72.5589,0.0,2.6003,0.0,0.3795,11.1187,20.4931,14.9832,343.32,0.2999,518.51,19.4278,0.5,0.0,0.0,0.0,2.6002,0.0,250.0,100.0,33.0,0.0,50.0,0.0,5000.04,2200.0,686.35,28.0951,26.91,1.76,357.5,357.5,57.5625,4999.8501,180.0125,1.0072,0.0,0.1274,86.65,0.0,0.0,0.0,50.0,0.0,76.7549,0.0,0.0,0.13,0.0,24.9975,0.037,662.1,14.9818,252.225,0.0,4.615,148.6462,50.0,82.035,25.0,650.65,50.0,0.0,0.0,0.1231,1000.0,0.0,20.4931,0.0,100.0,186285.0,0.4632,20.0,0.0,0.0,47.724,0.5,186285.0,0.0,0.3795,590.1675,0.1231,0.1301,2.6002,211.28,0.0,489.86,0.0,523.83,358.3034,0.0,2.6003,75.565,184.015,9.9707,26.49,100.0,520.0,85.0425,61.56,5999.7334,0.7,26.91,85.2825,0.0,15.7208,24.9975,100.0,0.0,0.037,0.0,83.385,600.0,66.2044,590.1675,523.83,100.0,186225.0,343.32,10.9143,100.0,9.9707,9.9998,0.0,0.0,0.0,100.0,662.1,14.9818,20.4943,0.0,0.275,9.512,14.9832,0.0,0.0,33.02,0.0,0.0,0.037,686.36,100.0,1773.72,518.51,25.99,0.0,38.0,4.7516,0.0,76.7549,4.615,82.35,710.0,19.4278,74.1901,0.0,0.15,0.3151,590.0,13.1799,673.65,0.0,0.037,0.1498,2.6,184.015,74.1901,0.1498,4999.8501,518.5,518.51,680.0,518.51
57.6,211.3,0.0,211.3,4.274,75.5647,710.08,24.9975,172.179,523.8,42.6853,0.0,110.0,275.05,186285.0,490.86,88.0,0.0,0.0,343.32,0.0,0.0,9.9998,0.0,96.08,0.0,50.0,180.0,11.1188,0.0,0.0,75.5647,680.25,42.6699,0.0,100.0,0.0,3000.5,590.1675,33.015,184.015,100.0,184.015,487.935,47.724,25.48,184.015,100.0,0.0,0.0,0.0,0.0,9.1102,24.9975,100.0,1773.72,0.0,518.545,-1.0,0.0,0.0,60.0,50000.0,25.04,0.0,0.0,47.724,184.015,0.0,488.925,0.4632,0.0,5000.0,13.1832,600.06,0.1274,0.0,100.0,544.76,518.55,49.925,0.0,0.0,14.9804,5000.04,0.0,590.1675,682.0,0.0,211.3,0.037,100.0,14.9804,94.42,100.0,996.3,0.2072,100.0,15.7192,3.3,50.0,14.9804,0.0,186285.0,14.9804,518.545,100.0,0.0,680.25,250.0,24.9975,0.0,4.615,680.25,0.0,0.0,0.037,686.375,0.1498,100.0,0.0,0.3795,0.0,10.9144,0.0,100.0,172.172,0.0,1000.8,999.9,0.0,0.294,84.57,686.35,72.5588,0.0,670.4,0.0,710.08,1773.8999,523.8,50.0,0.3151,0.2439,1000.8,0.7,186285.0,543.76,42.6699,676.95,680.2,0.0,0.0,0.0,0.1782,0.681,0.0,0.0,0.037,180.025,0.0,0.0,12.319,2.6,26.555,0.1274,1000.0,1.0,66.2043,571.95,50.0,145.673,5000.0,0.0,100.0,0.1962,600.06,28.0951,0.0,3000.0,24.9975,26.727,680.25,184.015,9.9998,0.0,0.0,0.0,3000.5,286.9425,96.08,72.5588,0.0,2.6003,0.0,0.3795,11.1188,20.4905,14.9818,343.32,0.2999,518.545,19.4276,0.5,0.0,0.0,0.0,2.6002,0.0,250.0,100.0,33.0,0.0,50.0,0.0,5000.04,2200.0,686.35,28.0951,26.91,1.76,357.55,357.55,57.525,4999.8501,180.025,1.0074,0.0,0.1274,86.275,0.0,0.0,0.0,50.0,0.0,76.7547,0.0,0.0,0.13,0.0,24.9975,0.037,662.1,14.9804,252.225,0.0,4.615,148.6462,50.0,82.0575,25.0,650.65,50.0,0.0,0.0,0.1231,1000.0,0.0,20.4905,0.0,100.0,186285.0,0.4632,20.0,0.0,0.0,47.754,0.5,186285.0,0.0,0.3795,590.1675,0.1231,0.13,2.6002,211.3,0.0,489.89,0.0,523.83,358.3034,0.0,2.6003,75.565,184.015,9.9704,26.49,100.0,520.0,85.05,61.56,5999.7334,0.7,26.91,85.275,0.0,15.7192,24.9975,100.0,0.0,0.037,0.0,83.43,600.0,66.2043,590.1675,523.8,100.0,186225.0,343.32,10.9144,100.0,9.9704,9.9998,0.0,0.0,0.0,100.0,662.1,14.9804,20.4918,0.0,0.275,9.51,14.9818,0.0,0.0,33.02,0.0,0.0,0.037,686.36,100.0,1773.72,518.54,25.99,0.0,38.0,4.0422,0.0,76.7547,4.615,82.35,710.0,19.4276,74.1926,0.0,0.15,0.3151,590.0,13.1832,673.65,0.0,0.037,0.1498,2.6,184.015,74.1926,0.1498,4999.8501,518.55,518.54,680.0,518.545
57.525,211.3,0.0,211.3,4.274,75.5637,710.08,24.9975,172.179,523.77,42.6699,0.0,110.0,275.1,186285.0,490.905,88.0,0.0,0.0,343.32,0.0,0.0,9.9998,0.0,96.08,0.0,50.0,180.0,11.1189,0.0,0.0,75.5637,680.25,42.6581,0.0,100.0,0.0,3000.5,590.1675,33.015,184.015,100.0,184.015,487.935,47.754,25.48,184.015,100.0,0.0,0.0,0.0,0.0,9.1096,24.9975,100.0,1773.8999,0.0,518.545,-1.0,0.0,0.0,60.0,50000.0,25.04,0.0,0.0,47.754,184.015,0.0,488.925,0.4632,0.0,5000.0,13.1865,600.06,0.1274,0.0,100.0,544.76,518.55,49.925,0.0,0.0,14.979,5000.04,0.0,590.1675,682.0,0.0,211.3,0.037,100.0,14.979,94.42,100.0,996.3,0.2072,100.0,15.7187,3.3,50.0,14.979,0.0,186285.0,14.979,518.545,100.0,0.0,680.25,250.0,24.9975,0.0,4.615,680.25,0.0,0.0,0.037,686.375,0.1498,100.0,0.0,0.3795,0.0,10.9144,0.0,100.0,172.172,0.0,1000.8,999.9,0.0,0.294,84.5775,686.35,72.5586,0.0,670.4,0.0,710.08,1773.8999,523.77,50.0,0.3151,0.2439,1000.8,0.7,186285.0,543.76,42.6581,676.95,680.2,0.0,0.0,0.0,0.1782,0.681,0.0,0.0,0.037,180.025,0.0,0.0,12.32,2.6,26.555,0.1274,1000.0,1.0,66.2042,571.5,50.0,145.673,5000.0,0.0,100.0,0.1962,600.06,28.0951,0.0,3000.0,24.9975,26.7325,680.25,184.015,9.9998,0.0,0.0,0.0,3000.5,286.695,96.08,72.5586,0.0,2.6003,0.0,0.3795,11.1189,20.488,14.9804,343.32,0.2999,518.545,19.4273,0.5,0.0,0.0,0.0,2.5998,0.0,250.0,100.0,33.0,0.0,50.0,0.0,5000.04,2200.0,686.35,28.0951,26.91,1.76,357.6,357.6,57.5625,4999.8501,180.025,1.0074,0.0,0.1274,86.075,0.0,0.0,0.0,50.0,0.0,76.7559,0.0,0.0,0.13,0.0,24.9975,0.037,662.1,14.979,252.225,0.0,4.615,148.6462,50.0,82.0875,25.0,650.65,50.0,0.0,0.0,0.1231,1000.0,0.0,20.488,0.0,100.0,186285.0,0.4632,20.0,0.0,0.0,47.76,0.5,186285.0,0.0,0.3795,590.1675,0.1231,0.13,2.5998,211.3,0.0,489.92,0.0,523.8,358.3378,0.0,2.6003,75.565,184.015,9.9701,26.49,100.0,520.0,85.0725,61.56,5999.7334,0.7,26.91,85.26,0.0,15.7187,24.9975,100.0,0.0,0.037,0.0,83.4075,600.0,66.2042,590.1675,523.77,100.0,186225.0,343.32,10.9144,100.0,9.9701,9.9998,0.0,0.0,0.0,100.0,662.1,14.979,20.4893,0.0,0.275,9.51,14.9804,0.0,0.0,33.015,0.0,0.0,0.037,686.36,100.0,1773.8999,518.57,25.99,0.0,38.0,4.325,0.0,76.7559,4.615,82.2975,710.0,19.4273,74.1445,0.0,0.15,0.3151,590.0,13.1865,673.65,0.0,0.037,0.1498,2.6,184.015,74.1445,0.1498,4999.8501,518.55,518.57,680.0,518.545
57.5625,211.3,0.0,211.3,4.274,75.5627,710.08,24.9975,172.1655,523.77,42.6581,0.0,110.0,275.1,186285.0,490.905,88.0,0.0,0.0,343.32,0.0,0.0,9.9998,0.0,96.08,0.0,50.0,180.0,11.119,0.0,0.0,75.5627,680.25,42.6465,0.0,100.0,0.0,3000.5,590.1675,33.015,184.015,100.0,184.015,487.935,47.76,25.48,184.015,100.0,0.0,0.0,0.0,0.0,9.1102,24.9975,100.0,1773.8999,0.0,518.58,-1.0,0.0,0.0,60.0,50000.0,25.04,0.0,0.0,47.76,184.015,0.0,488.925,0.4632,0.0,5000.0,13.1899,600.06,0.1274,0.0,100.0,544.72,518.55,49.925,0.0,0.0,14.9777,5000.04,0.0,590.1675,682.0,0.0,211.3,0.037,100.0,14.9777,94.42,100.0,996.3,0.2072,100.0,15.7182,3.3,50.0,14.9777,0.0,186285.0,14.9777,518.58,100.0,0.0,680.25,250.0,24.9975,0.0,4.615,680.25,0.0,0.0,0.037,686.375,0.1498,100.0,0.0,0.3795,0.0,10.9145,0.0,100.0,172.172,0.0,1000.8,999.9,0.0,0.294,84.6075,686.35,72.5585,0.0,670.4,0.0,710.08,1773.8999,523.77,50.0,0.3151,0.2439,1000.8,0.7,186285.0,543.72,42.6465,676.95,680.2,0.0,0.0,0.0,0.1782,0.681,0.0,0.0,0.037,180.025,0.0,0.0,12.319,2.6,26.555,0.1274,1000.0,1.0,66.2041,571.1,50.0,145.673,5000.0,0.0,100.0,0.1961,600.06,28.0951,0.0,3000.0,24.9975,26.738,680.25,184.015,9.9998,0.0,0.0,0.0,3000.5,287.01,96.08,72.5585,0.0,2.6003,0.0,0.3795,11.119,20.4855,14.979,343.32,0.2999,518.58,19.4271,0.5,0.0,0.0,0.0,2.5998,0.0,250.0,100.0,33.0,0.0,50.0,0.0,5000.04,2200.0,686.35,28.0951,26.91,1.76,357.6,357.6,57.6,4999.8501,180.025,1.0074,0.0,0.1274,86.8,0.0,0.0,0.0,50.0,0.0,76.7562,0.0,0.0,0.13,0.0,24.9975,0.037,662.1,14.9777,252.225,0.0,4.615,148.6462,50.0,82.095,25.0,650.65,50.0,0.0,0.0,0.1231,1000.0,0.0,20.4855,0.0,100.0,186285.0,0.4632,20.0,0.0,0.0,47.76,0.5,186285.0,0.0,0.3795,590.1675,0.1231,0.13,2.5998,211.3,0.0,489.92,0.0,523.77,357.7179,0.0,2.6003,75.56,184.015,9.9697,26.49,100.0,520.0,85.11,61.56,5999.7334,0.7,26.91,85.2525,0.0,15.7182,24.9975,100.0,0.0,0.037,0.0,83.4675,600.0,66.2041,590.1675,523.77,100.0,186225.0,343.32,10.9145,100.0,9.9697,9.9998,0.0,0.0,0.0,100.0,662.1,14.9777,20.4867,0.0,0.275,9.509,14.979,0.0,0.0,33.015,0.0,0.0,0.037,686.36,100.0,1773.8999,518.57,25.99,0.0,38.0,3.8453,0.0,76.7562,4.615,82.3275,710.0,19.4271,74.1464,0.0,0.15,0.3151,590.0,13.1899,673.65,0.0,0.037,0.1498,2.6,184.015,74.1464,0.1498,4999.8501,518.55,518.57,680.0,518.58
57.5625,211.3,0.0,211.3,4.274,75.5617,710.08,24.9975,172.1655,523.77,42.6465,0.0,110.0,275.1,186285.0,490.905,88.0,0.0,0.0,343.32,0.0,0.0,9.9998,0.0,96.08,0.0,50.0,180.0,11.1191,0.0,0.0,75.5617,680.25,42.6313,0.0,100.0,0.0,3000.5,590.1675,33.015,184.015,100.0,184.015,487.935,47.76,25.48,184.015,100.0,0.0,0.0,0.0,0.0,9.1102,24.9975,100.0,1773.8999,0.0,518.58,-1.0,0.0,0.0,60.0,50000.0,25.04,0.0,0.0,47.76,184.015,0.0,488.925,0.4632,0.0,5000.0,13.1932,600.06,0.1274,0.0,100.0,544.72,518.55,49.925,0.0,0.0,14.9763,5000.04,0.0,590.1675,682.0,0.0,211.3,0.037,100.0,14.9763,94.42,100.0,996.3,0.2072,100.0,15.7177,3.3,50.0,14.9763,0.0,186285.0,14.9763,518.58,100.0,0.0,680.25,250.0,24.9975,0.0,4.615,680.25,0.0,0.0,0.037,686.375,0.1498,100.0,0.0,0.3795,0.0,10.9146,0.0,100.0,172.172,0.0,1000.8,999.9,0.0,0.294,84.6075,686.35,72.5584,0.0,670.4,0.0,710.08,1773.8999,523.77,50.0,0.3151,0.2439,1000.8,0.7,186285.0,543.72,42.6313,676.95,680.2,0.0,0.0,0.0,0.1782,0.681,0.0,0.0,0.037,180.025,0.0,0.0,12.319,2.6,26.555,0.1274,1000.0,1.0,66.204,571.1,50.0,145.673,5000.0,0.0,100.0,0.1961,600.06,28.095,0.0,3000.0,24.9975,26.738,680.25,184.015,9.9998,0.0,0.0,0.0,3000.5,287.01,96.08,72.5584,0.0,2.6003,0.0,0.3795,11.1191,20.4829,14.9777,343.32,0.2999,518.58,19.4268,0.5,0.0,0.0,0.0,2.5998,0.0,250.0,100.0,33.0,0.0,50.0,0.0,5000.04,2200.0,686.35,28.095,26.91,1.76,357.6,357.6,57.6,4999.8501,180.025,1.0074,0.0,0.1274,86.8,0.0,0.0,0.0,50.0,0.0,76.7564,0.0,0.0,0.13,0.0,24.9975,0.037,662.1,14.9763,252.225,0.0,4.615,148.6462,50.0,82.095,25.0,650.65,50.0,0.0,0.0,0.1231,1000.0,0.0,20.4829,0.0,100.0,186285.0,0.4632,20.0,0.0,0.0,47.76,0.5,186285.0,0.0,0.3795,590.1675,0.1231,0.13,2.5998,211.3,0.0,489.92,0.0,523.77,357.7179,0.0,2.6003,75.56,184.015,9.9694,26.49,100.0,520.0,85.11,61.56,5999.7334,0.7,26.91,85.2525,0.0,15.7177,24.9975,100.0,0.0,0.037,0.0,83.4675,600.0,66.204,590.1675,523.77,100.0,186225.0,343.32,10.9146,100.0,9.9694,9.9998,0.0,0.0,0.0,100.0,662.1,14.9763,20.4842,0.0,0.275,9.509,14.9777,0.0,0.0,33.015,0.0,0.0,0.037,686.36,100.0,1773.8999,518.57,25.99,0.0,38.0,3.8453,0.0,76.7564,4.615,82.3275,710.0,19.4268,74.1483,0.0,0.15,0.3151,590.0,13.1932,673.65,0.0,0.037,0.1498,2.6,184.015,74.1483,0.1498,4999.8501,518.55,518.57,680.0,518.58
57.6,211.32,0.0,211.32,4.272,75.5622,710.08,24.9975,172.1655,523.71,42.6313,0.0,110.0,275.15,186285.0,490.95,88.0,0.0,0.0,343.32,0.0,0.0,9.9998,0.0,96.08,0.0,50.0,180.0,11.1191,0.0,0.0,75.5622,680.3,42.6161,0.0,100.0,0.0,2999.75,590.1675,33.01,184.015,100.0,184.015,487.98,47.76,25.48,184.015,100.0,0.0,0.0,0.0,0.0,9.1108,24.9975,100.0,1773.8999,0.0,518.615,-1.0,0.0,0.0,60.0,50000.0,25.04,0.0,0.0,47.76,184.015,0.0,488.97,0.4632,0.0,5000.0,13.1965,600.06,0.1274,0.0,100.0,544.68,518.6,49.925,0.0,0.0,14.9749,5000.04,0.0,590.1675,682.0,0.0,211.32,0.037,100.0,14.9749,94.42,100.0,996.3,0.2072,100.0,15.7191,3.35,50.0,14.9749,0.0,186285.0,14.9749,518.615,100.0,0.0,680.3,250.0,24.9975,0.0,4.615,680.25,0.0,0.0,0.037,686.375,0.1498,100.0,0.0,0.3795,0.0,10.9146,0.0,100.0,172.172,0.0,1000.8,999.9,0.0,0.294,84.6075,686.35,72.5583,0.0,670.4,0.0,710.08,1773.8999,523.71,50.0,0.3151,0.2439,1000.8,0.7,186285.0,543.68,42.6161,676.95,680.2,0.0,0.0,0.0,0.1781,0.681,0.0,0.0,0.037,180.0125,0.0,0.0,12.318,2.6,26.555,0.1274,1000.0,1.0,66.2039,571.25,50.0,145.673,5000.0,0.0,100.0,0.1962,600.06,28.095,0.0,3000.0,24.9975,26.7435,680.3,184.015,9.9998,0.0,0.0,0.0,2999.75,286.6725,96.08,72.5583,0.0,2.6003,0.0,0.3795,11.1191,20.4804,14.9763,343.32,0.2999,518.615,19.4266,0.5,0.0,0.0,0.0,2.6002,0.0,250.0,100.0,33.0,0.0,50.0,0.0,5000.04,2200.0,686.35,28.095,26.91,1.76,357.65,357.65,57.6,4999.8501,180.0125,1.0075,0.0,0.1274,86.75,0.0,0.0,0.0,50.0,0.0,76.7552,0.0,0.0,0.13,0.0,24.9975,0.037,662.1,14.9749,252.225,0.0,4.615,148.6462,50.0,82.1175,25.0,650.65,50.0,0.0,0.0,0.1231,1000.0,0.0,20.4804,0.0,100.0,186285.0,0.4632,20.0,0.0,0.0,47.76,0.5,186285.0,0.0,0.3795,590.1675,0.1231,0.13,2.6002,211.32,0.0,489.95,0.0,523.77,358.2345,0.0,2.6003,75.56,184.015,9.9691,26.49,100.0,520.0,85.1175,61.52,5999.7334,0.7,26.91,85.26,0.0,15.7191,24.9975,100.0,0.0,0.037,0.0,83.475,600.0,66.2039,590.1675,523.71,100.0,186225.0,343.32,10.9146,100.0,9.9691,9.9998,0.0,0.0,0.0,100.0,662.1,14.9749,20.4816,0.0,0.275,9.509,14.9763,0.0,0.0,33.015,0.0,0.0,0.037,686.36,100.0,1773.8999,518.6,25.99,0.0,38.0,4.7547,0.0,76.7552,4.615,82.32,710.0,19.4266,74.1501,0.0,0.15,0.3151,590.0,13.1965,673.65,0.0,0.037,0.1498,2.6,184.015,74.1501,0.1498,4999.8501,518.6,518.6,680.0,518.615
57.6,211.32,0.0,211.32,4.272,75.5617,710.08,24.9975,172.1655,523.71,42.6161,0.0,110.0,275.15,186285.0,490.95,88.0,0.0,0.0,343.32,0.0,0.0,9.9998,0.0,96.08,0.0,50.0,180.0,11.1192,0.0,0.0,75.5617,680.3,42.6084,0.0,100.0,0.0,2999.75,590.1675,33.01,184.015,100.0,184.015,487.98,47.76,25.48,184.015,100.0,0.0,0.0,0.0,0.0,9.1108,24.9975,100.0,1773.8999,0.0,518.615,-1.0,0.0,0.0,60.0,50000.0,25.04,0.0,0.0,47.76,184.015,0.0,488.97,0.4632,0.0,5000.0,13.2105,600.06,0.1274,0.0,100.0,544.68,518.6,49.925,0.0,0.0,14.9735,5000.04,0.0,590.1675,682.0,0.0,211.32,0.037,100.0,14.9735,94.42,100.0,996.3,0.2072,100.0,15.7193,3.35,50.0,14.9735,0.0,186285.0,14.9735,518.615,100.0,0.0,680.3,250.0,24.9975,0.0,4.615,680.3,0.0,0.0,0.037,686.375,0.1498,100.0,0.0,0.3795,0.0,10.9147,0.0,100.0,172.172,0.0,1000.8,999.9,0.0,0.294,84.6075,686.35,72.5582,0.0,670.4,0.0,710.08,1773.8999,523.71,50.0,0.3151,0.2439,1000.8,0.7,186285.0,543.68,42.6084,676.95,680.2,0.0,0.0,0.0,0.1781,0.681,0.0,0.0,0.037,180.0125,0.0,0.0,12.318,2.6,26.555,0.1274,1000.0,1.0,66.2039,571.25,50.0,145.673,5000.0,0.0,100.0,0.1962,600.06,28.095,0.0,3000.0,24.9975,26.7435,680.3,184.015,9.9998,0.0,0.0,0.0,2999.75,286.6725,96.08,72.5582,0.0,2.6003,0.0,0.3795,11.1192,20.4778,14.9749,343.32,0.2999,518.615,19.4263,0.5,0.0,0.0,0.0,2.6002,0.0,250.0,100.0,33.0,0.0,50.0,0.0,5000.04,2200.0,686.35,28.095,26.91,1.76,357.65,357.65,57.6,4999.8501,180.0125,1.0075,0.0,0.1274,86.75,0.0,0.0,0.0,50.0,0.0,76.7549,0.0,0.0,0.13,0.0,24.9975,0.037,662.1,14.9735,252.225,0.0,4.615,148.6462,50.0,82.1175,25.0,650.65,50.0,0.0,0.0,0.1231,1000.0,0.0,20.4778,0.0,100.0,186285.0,0.4632,20.0,0.0,0.0,47.76,0.5,186285.0,0.0,0.3795,590.1675,0.1231,0.13,2.6002,211.32,0.0,489.95,0.0,523.71,358.2345,0.0,2.6003,75.56,184.015,9.9687,26.49,100.0,520.0,85.1175,61.52,5999.7334,0.7,26.91,85.26,0.0,15.7193,24.9975,100.0,0.0,0.037,0.0,83.475,600.0,66.2039,590.1675,523.71,100.0,186225.0,343.32,10.9147,100.0,9.9687,9.9998,0.0,0.0,0.0,100.0,662.1,14.9735,20.4791,0.0,0.275,9.509,14.9749,0.0,0.0,33.01,0.0,0.0,0.037,686.36,100.0,1773.8999,518.6,25.99,0.0,38.0,4.7547,0.0,76.7549,4.615,82.32,710.0,19.4263,74.1014,0.0,0.15,0.3151,590.0,13.2105,673.65,0.0,0.037,0.1498,2.6,184.015,74.1014,0.1498,4999.8501,518.6,518.6,680.0,518.615
57.5625,211.32,0.0,211.32,4.269,75.5597,710.08,24.9975,172.1655,523.71,42.6084,0.0,110.0,275.15,186285.0,490.95,88.0,0.0,0.0,343.32,0.0,0.0,9.9998,0.0,96.08,0.0,50.0,180.0,11.1193,0.0,0.0,75.5597,680.3,42.5934,0.0,100.0,0.0,2999.75,590.2,33.01,184.015,100.0,184.015,487.98,47.76,25.48,184.015,100.0,0.0,0.0,0.0,0.0,9.1108,24.9975,100.0,1773.8999,0.0,518.615,-1.0,0.0,0.0,60.0,50000.0,25.04,0.0,0.0,47.76,184.015,0.0,488.97,0.4632,0.0,5000.0,13.2145,600.06,0.1274,0.0,100.0,544.68,518.6,49.925,0.0,0.0,14.9721,5000.04,0.0,590.2,682.0,0.0,211.32,0.037,100.0,14.9721,94.42,100.0,996.3,0.2072,100.0,15.7196,3.35,50.0,14.9721,0.0,186285.0,14.9721,518.615,100.0,0.0,680.3,250.0,24.9975,0.0,4.615,680.3,0.0,0.0,0.037,686.375,0.1498,100.0,0.0,0.3795,0.0,10.9147,0.0,100.0,172.158,0.0,1000.2,999.9,0.0,0.294,84.5625,686.35,72.558,0.0,670.4,0.0,710.08,1773.8999,523.71,50.0,0.3151,0.2439,1000.2,0.7,186285.0,543.68,42.5934,676.95,680.25,0.0,0.0,0.0,0.1781,0.681,0.0,0.0,0.037,180.025,0.0,0.0,12.318,2.6,26.555,0.1274,1000.0,1.0,66.2038,571.3,50.0,145.684,5000.0,0.0,100.0,0.1961,600.06,28.095,0.0,3000.0,24.9975,26.7435,680.3,184.015,9.9998,0.0,0.0,0.0,2999.75,287.4825,96.08,72.558,0.0,2.6003,0.0,0.3795,11.1193,20.4603,14.9735,343.32,0.2999,518.615,19.4261,0.5,0.0,0.0,0.0,2.6002,0.0,250.0,100.0,33.0,0.0,50.0,0.0,5000.04,2200.0,686.35,28.095,26.91,1.76,357.7,357.7,57.6,4999.8501,180.025,1.0075,0.0,0.1274,86.85,0.0,0.0,0.0,50.0,0.0,76.7547,0.0,0.0,0.13,0.0,24.9975,0.037,662.1,14.9721,252.25,0.0,4.615,148.6575,50.0,82.11,25.0,650.65,50.0,0.0,0.0,0.1231,1000.0,0.0,20.4603,0.0,100.0,186285.0,0.4632,20.0,0.0,0.0,47.76,0.5,186285.0,0.0,0.3795,590.2,0.1231,0.13,2.6002,211.32,0.0,489.98,0.0,523.71,358.4411,0.0,2.6003,75.56,184.015,9.9692,26.49,100.0,520.0,85.065,61.52,5999.7334,0.7,26.91,85.26,0.0,15.7196,24.9975,100.0,0.0,0.037,0.0,83.4675,600.0,66.2038,590.2,523.71,100.0,186225.0,343.32,10.9147,100.0,9.9692,9.9998,0.0,0.0,0.0,100.0,662.1,14.9721,20.4766,0.0,0.275,9.508,14.9735,0.0,0.0,33.01,0.0,0.0,0.037,686.36,100.0,1773.8999,518.6,25.99,0.0,38.0,4.6391,0.0,76.7547,4.615,82.2675,710.0,19.4261,74.1026,0.0,0.15,0.3151,590.0,13.2145,673.65,0.0,0.037,0.1498,2.6,184.015,74.1026,0.1498,4999.8501,518.6,518.6,680.0,518.615
57.6,211.32,0.0,211.32,4.266,75.5587,710.08,24.9975,172.1655,523.68,42.5934,0.0,110.0,275.2,186285.0,490.95,88.0,0.0,0.0,343.32,0.0,0.0,9.9998,0.0,96.08,0.0,50.0,180.0,11.1194,0.0,0.0,75.5587,680.3,42.5784,0.0,100.0,0.0,2999.75,590.2,33.005,184.015,100.0,184.015,487.98,47.76,25.48,184.015,100.0,0.0,0.0,0.0,0.0,9.1108,24.9975,100.0,1773.8999,0.0,518.615,-1.0,0.0,0.0,60.0,50000.0,25.04,0.0,0.0,47.76,184.015,0.0,488.97,0.4632,0.0,5000.0,13.2185,600.06,0.1274,0.0,100.0,544.64,518.6,49.925,0.0,0.0,14.9707,5000.04,0.0,590.2,682.0,0.0,211.32,0.037,100.0,14.9707,94.42,100.0,996.3,0.2072,100.0,15.7198,3.35,50.0,14.9707,0.0,186285.0,14.9707,518.615,100.0,0.0,680.3,250.0,24.9975,0.0,4.615,680.3,0.0,0.0,0.037,686.375,0.1498,100.0,0.0,0.3795,0.0,10.9148,0.0,100.0,172.158,0.0,1000.2,999.9,0.0,0.294,84.5325,686.35,72.5579,0.0,670.4,0.0,710.08,1773.8999,523.68,50.0,0.3151,0.2439,1000.2,0.7,186285.0,543.64,42.5784,676.95,680.25,0.0,0.0,0.0,0.1781,0.681,0.0,0.0,0.037,180.025,0.0,0.0,12.318,2.6,26.555,0.1274,1000.0,1.0,66.2037,571.25,50.0,145.684,5000.0,0.0,100.0,0.1961,600.06,28.095,0.0,3000.0,24.9975,26.7435,680.3,184.015,9.9998,0.0,0.0,0.0,2999.75,286.56,96.08,72.5579,0.0,2.6003,0.0,0.3795,11.1194,20.4572,14.9721,343.32,0.2999,518.615,19.4258,0.5,0.0,0.0,0.0,2.6002,0.0,250.0,100.0,33.0,0.0,50.0,0.0,5000.04,2200.0,686.35,28.095,26.91,1.76,357.7,357.7,57.525,4999.8501,180.025,1.0076,0.0,0.1274,86.075,0.0,0.0,0.0,50.0,0.0,76.7544,0.0,0.0,0.13,0.0,24.9975,0.037,662.1,14.9707,252.25,0.0,4.615,148.6575,50.0,82.1325,25.0,650.65,50.0,0.0,0.0,0.1231,1000.0,0.0,20.4572,0.0,100.0,186285.0,0.4632,20.0,0.0,0.0,47.766,0.5,186285.0,0.0,0.3795,590.2,0.1231,0.13,2.6002,211.32,0.0,489.98,0.0,523.71,357.7868,0.0,2.6003,75.56,184.015,9.9691,26.49,100.0,520.0,85.0425,61.52,5999.7334,0.7,26.91,85.215,0.0,15.7198,24.9975,100.0,0.0,0.037,0.0,83.4375,600.0,66.2037,590.2,523.68,100.0,186225.0,343.32,10.9148,100.0,9.9691,9.9998,0.0,0.0,0.0,100.0,662.1,14.9707,20.4588,0.0,0.275,9.508,14.9721,0.0,0.0,33.01,0.0,0.0,0.037,686.36,100.0,1773.8999,518.63,25.99,0.0,38.0,4.8047,0.0,76.7544,4.615,82.26,710.0,19.4258,74.1039,0.0,0.15,0.3151,590.0,13.2185,673.65,0.0,0.037,0.1498,2.6,184.015,74.1039,0.1498,4999.8501,518.6,518.63,680.0,518.615
57.5625,211.32,0.0,211.32,4.26,75.5592,710.08,24.9975,172.1385,523.62,42.5784,0.0,110.0,275.25,186285.0,490.995,88.0,0.0,0.0,343.32,0.0,0.0,9.9998,0.0,96.08,0.0,50.0,180.0,11.1194,0.0,0.0,75.5592,680.3,42.5672,0.0,100.0,0.0,2999.5,590.2,33.005,184.015,100.0,184.015,488.025,47.766,25.48,184.015,100.0,0.0,0.0,0.0,0.0,9.1108,24.9975,100.0,1773.8999,0.0,518.65,-1.0,0.0,0.0,60.0,50000.0,25.04,0.0,0.0,47.766,184.015,0.0,489.015,0.4632,0.0,5000.0,13.2225,600.06,0.1274,0.0,100.0,544.6,518.65,49.925,0.0,0.0,14.9693,5000.04,0.0,590.2,682.0,0.0,211.32,0.037,100.0,14.9693,94.42,100.0,996.3,0.2072,100.0,15.7207,3.35,20.0,14.9693,0.0,186285.0,14.9693,518.65,100.0,0.0,680.3,250.0,24.9975,0.0,4.615,680.3,0.0,0.0,0.037,686.375,0.1498,100.0,0.0,0.3795,0.0,10.9148,0.0,100.0,172.144,0.0,1000.2,999.9,0.0,0.294,84.555,686.35,72.5578,0.0,670.4,0.0,710.08,1773.8999,523.62,50.0,0.3151,0.2439,1000.2,0.7,186285.0,543.6,42.5672,676.95,680.25,0.0,0.0,0.0,0.178,0.681,0.0,0.0,0.037,180.0125,0.0,0.0,12.317,2.6,26.555,0.1274,1000.0,1.0,66.2036,571.75,50.0,145.684,5000.0,0.0,100.0,0.1961,600.06,28.095,0.0,3000.0,24.9975,26.749,680.3,184.015,9.9998,0.0,0.0,0.0,2999.5,287.1675,96.08,72.5578,0.0,2.6003,0.0,0.3795,11.1194,20.4542,14.9707,343.32,0.2999,518.65,19.4256,0.5,0.0,0.0,0.0,2.5998,0.0,250.0,100.0,33.0,0.0,50.0,0.0,5000.04,2200.0,686.35,28.095,26.91,1.76,357.8,357.8,57.525,4999.8501,180.0125,1.0076,0.0,0.1274,86.45,0.0,0.0,0.0,50.0,0.0,76.7557,0.0,0.0,0.13,0.0,24.9975,0.037,662.1,14.9693,252.25,0.0,4.615,148.6575,50.0,82.0875,25.0,650.65,50.0,0.0,0.0,0.1231,1000.0,0.0,20.4542,0.0,100.0,186285.0,0.4632,20.0,0.0,0.0,47.766,0.5,186285.0,0.0,0.3795,590.2,0.1231,0.13,2.5998,211.32,0.0,490.01,0.0,523.68,357.7868,0.0,2.6003,75.555,184.015,9.969,26.49,100.0,520.0,84.99,61.52,5999.7334,0.7,26.91,85.1475,0.0,15.7207,24.9975,100.0,0.0,0.037,0.0,83.475,600.0,66.2036,590.2,523.62,100.0,186225.0,343.32,10.9148,100.0,9.969,9.9998,0.0,0.0,0.0,100.0,662.1,14.9693,20.4557,0.0,0.275,9.508,14.9707,0.0,0.0,33.005,0.0,0.0,0.037,686.36,100.0,1773.8999,518.66,25.99,0.0,38.0,4.5531,0.0,76.7557,4.615,82.2675,710.0,19.4256,74.0545,0.0,0.15,0.3151,590.0,13.2225,673.7,0.0,0.037,0.1498,2.6,184.015,74.0545,0.1498,4999.8501,518.65,518.66,680.0,518.65
57.5625,211.32,0.0,211.32,4.26,75.5587,710.08,24.9975,172.1385,523.62,42.5672,0.0,110.0,275.25,186285.0,490.995,88.0,0.0,0.0,343.32,0.0,0.0,9.9998,0.0,96.08,0.0,50.0,180.0,11.1195,0.0,0.0,75.5587,680.3,42.5598,0.0,100.0,0.0,2999.5,590.2,33.005,184.015,100.0,184.015,488.025,47.766,25.48,184.015,100.0,0.0,0.0,0.0,0.0,9.1108,24.9975,100.0,1773.8999,0.0,518.65,-1.0,0.0,0.0,60.0,50000.0,25.04,0.0,0.0,47.766,184.015,0.0,489.015,0.4632,0.0,5000.0,13.2265,600.06,0.1274,0.0,100.0,544.6,518.65,49.925,0.0,0.0,14.9679,5000.04,0.0,590.2,682.0,0.0,211.32,0.037,100.0,14.9679,94.42,100.0,996.3,0.2072,100.0,15.7212,3.35,20.0,14.9679,0.0,186285.0,14.9679,518.65,100.0,0.0,680.3,250.0,24.9975,0.0,4.615,680.3,0.0,0.0,0.037,686.375,0.1498,100.0,0.0,0.3795,0.0,10.9149,0.0,100.0,172.144,0.0,1000.2,999.9,0.0,0.294,84.555,686.35,72.5577,0.0,670.4,0.0,710.08,1773.8999,523.62,50.0,0.3151,0.2439,1000.2,0.7,186285.0,543.6,42.5598,676.95,680.25,0.0,0.0,0.0,0.178,0.681,0.0,0.0,0.037,180.0125,0.0,0.0,12.317,2.6,26.555,0.1274,1000.0,1.0,66.2035,571.75,50.0,145.684,5000.0,0.0,100.0,0.1961,600.06,28.095,0.0,3000.0,24.9975,26.749,680.3,184.015,9.9998,0.0,0.0,0.0,2999.5,287.1675,96.08,72.5577,0.0,2.6003,0.0,0.3795,11.1195,20.4512,14.9693,343.32,0.2999,518.65,19.4253,0.5,0.0,0.0,0.0,2.5998,0.0,250.0,100.0,33.0,0.0,50.0,0.0,5000.04,2200.0,686.35,28.095,26.91,1.76,357.8,357.8,57.525,4999.8501,180.0125,1.0076,0.0,0.1274,86.45,0.0,0.0,0.0,50.0,0.0,76.7559,0.0,0.0,0.13,0.0,24.9975,0.037,662.1,14.9679,252.25,0.0,4.615,148.6575,50.0,82.0875,25.0,650.65,50.0,0.0,0.0,0.1231,1000.0,0.0,20.4512,0.0,100.0,186285.0,0.4632,20.0,0.0,0.0,47.766,0.5,186285.0,0.0,0.3795,590.2,0.1231,0.13,2.5998,211.32,0.0,490.01,0.0,523.62,357.7868,0.0,2.6003,75.555,184.015,9.9689,26.49,100.0,520.0,84.99,61.52,5999.7334,0.7,26.91,85.1475,0.0,15.7212,24.9975,100.0,0.0,0.037,0.0,83.475,600.0,66.2035,590.2,523.62,100.0,186225.0,343.32,10.9149,100.0,9.9689,9.9998,0.0,0.0,0.0,100.0,662.1,14.9679,20.4527,0.0,0.275,9.508,14.9693,0.0,0.0,33.005,0.0,0.0,0.037,686.36,100.0,1773.8999,518.66,25.99,0.0,38.0,4.5531,0.0,76.7559,4.615,82.2675,710.0,19.4253,74.0552,0.0,0.15,0.3151,590.0,13.2265,673.7,0.0,0.037,0.1498,2.6,184.015,74.0552,0.1498,4999.8501,518.65,518.66,680.0,518.65
57.6,211.34,0.0,211.34,4.257,75.5582,710.08,24.9975,172.1385,523.59,42.5598,0.0,110.0,275.3,186285.0,490.995,88.0,0.0,0.0,343.32,0.0,0.0,9.9998,0.0,96.08,0.0,50.0,180.0,11.1196,0.0,0.0,75.5582,680.3,42.5452,0.0,100.0,0.0,2999.5,590.2,33.0,184.015,100.0,184.015,488.025,47.766,25.48,184.015,100.0,0.0,0.0,0.0,0.0,9.1108,24.9975,100.0,1773.8999,0.0,518.65,-1.0,0.0,0.0,60.0,50000.0,25.04,0.0,0.0,47.766,184.015,0.0,489.015,0.4632,0.0,5000.0,13.2305,600.06,0.1273,0.0,100.0,544.56,518.65,49.925,0.0,0.0,14.9665,5000.04,0.0,590.2,682.05,0.0,211.34,0.037,100.0,14.9665,94.42,100.0,996.3,0.2071,100.0,15.7217,3.35,20.0,14.9665,0.0,186285.0,14.9665,518.65,100.0,0.0,680.3,250.0,24.9975,0.0,4.615,680.3,0.0,0.0,0.037,686.375,0.1498,100.0,0.0,0.3795,0.0,10.9149,0.0,100.0,172.144,0.0,1000.2,999.9,0.0,0.294,84.51,686.35,72.5575,0.0,670.4,0.0,710.08,1773.8999,523.59,50.0,0.3151,0.2439,1000.2,0.7,186285.0,543.56,42.5452,676.95,680.25,0.0,0.0,0.0,0.1779,0.681,0.0,0.0,0.037,180.0125,0.0,0.0,12.317,2.6,26.555,0.1274,1000.0,1.0,66.2034,571.3,50.0,145.684,5000.0,0.0,100.0,0.1961,600.12,28.095,0.0,3000.0,24.9975,26.7545,680.3,184.015,9.9998,0.0,0.0,0.0,2999.5,286.965,96.08,72.5575,0.0,2.6003,0.0,0.3795,11.1196,20.4482,14.9679,343.32,0.2999,518.65,19.4251,0.5,0.0,0.0,0.0,2.5998,0.0,250.0,100.0,33.0,0.0,50.0,0.0,5000.04,2200.0,686.35,28.095,26.91,1.76,357.85,357.85,57.6,4999.8501,180.0125,1.0076,0.0,0.1274,86.45,0.0,0.0,0.0,50.0,0.0,76.7562,0.0,0.0,0.13,0.0,24.9975,0.037,662.1,14.9665,252.25,0.0,4.615,148.6575,50.0,82.0575,25.0,650.65,50.0,0.0,0.0,0.1231,1000.0,0.0,20.4482,0.0,100.0,186285.0,0.4632,20.0,0.0,0.0,47.796,0.5,186285.0,0.0,0.3795,590.2,0.1231,0.13,2.5998,211.34,0.0,490.01,0.0,523.62,358.2,0.0,2.6003,75.555,184.015,9.9688,26.49,100.0,520.0,84.9825,61.52,5999.7334,0.7,26.91,85.14,0.0,15.7217,24.9975,100.0,0.0,0.037,0.0,83.4675,600.0,66.2034,590.2,523.59,100.0,186225.0,343.32,10.9149,100.0,9.9688,9.9998,0.0,0.0,0.0,100.0,662.1,14.9665,20.4497,0.0,0.275,9.508,14.9679,0.0,0.0,33.005,0.0,0.0,0.037,686.36,100.0,1773.8999,518.66,25.99,0.0,38.0,4.7281,0.0,76.7562,4.615,82.32,710.0,19.4251,74.0558,0.0,0.15,0.3151,590.0,13.2305,673.7,0.0,0.037,0.1498,2.6,184.015,74.0558,0.1498,4999.8501,518.65,518.66,680.0,518.65
57.6,211.34,0.0,211.34,4.251,75.5577,710.08,24.9975,172.1385,523.56,42.5452,0.0,110.0,275.35,186285.0,491.04,88.0,0.0,0.0,343.32,0.0,0.0,9.9998,0.0,96.08,0.0,50.0,180.0,11.1197,0.0,0.0,75.5577,680.3,42.5343,0.0,100.0,0.0,3000.5,590.2,33.0,184.015,100.0,184.015,488.07,47.796,25.48,184.015,100.0,0.0,0.0,0.0,0.0,9.1113,24.9975,100.0,1773.8999,0.0,518.685,-1.0,0.0,0.0,60.0,50000.0,25.04,0.0,0.0,47.796,184.015,0.0,489.06,0.4632,0.0,5000.0,13.2345,600.12,0.1273,0.0,100.0,544.52,518.7,49.925,0.0,0.0,14.9652,4999.1797,0.0,590.2,682.05,0.0,211.34,0.037,100.0,14.9652,94.42,100.0,996.3,0.2071,100.0,15.7197,3.35,20.0,14.9652,0.0,186285.0,14.9652,518.685,100.0,0.0,680.3,250.0,24.9975,0.0,4.615,680.3,0.0,0.0,0.037,686.375,0.1498,100.0,0.0,0.3795,0.0,10.915,0.0,100.0,172.144,0.0,1000.2,999.9,0.0,0.294,84.6,686.35,72.5574,0.0,670.4,0.0,710.08,1773.8999,523.56,50.0,0.3151,0.2439,1000.2,0.7,186285.0,543.52,42.5343,676.95,680.25,0.0,0.0,0.0,0.1779,0.681,0.0,0.0,0.037,180.0125,0.0,0.0,12.315,2.6,26.555,0.1274,1000.0,1.0,66.2034,571.7,50.0,145.684,5000.0,0.0,100.0,0.1961,600.12,28.0956,0.0,3000.0,24.9975,26.771,680.3,184.015,9.9998,0.0,0.0,0.0,3000.5,286.9875,96.08,72.5574,0.0,2.6003,0.0,0.3795,11.1197,20.4451,14.9665,343.32,0.2999,518.685,19.4241,0.5,0.0,0.0,0.0,2.6004,0.0,250.0,100.0,33.0,0.0,50.0,0.0,4999.1797,2200.0,686.35,28.0956,26.91,1.76,357.95,357.95,57.6,4999.8501,180.0125,1.0075,0.0,0.1273,86.125,0.0,0.0,0.0,50.0,0.0,76.7542,0.0,0.0,0.1299,0.0,24.9975,0.037,662.1,14.9652,252.25,0.0,4.615,148.6575,50.0,82.0725,25.0,650.65,50.0,0.0,0.0,0.1231,1000.0,0.0,20.4451,0.0,100.0,186285.0,0.4632,20.0,0.0,0.0,47.82,0.5,186285.0,0.0,0.3795,590.2,0.1231,0.13,2.6004,211.34,0.0,490.04,0.0,523.59,357.8212,0.0,2.6003,75.555,184.015,9.9687,26.49,100.0,520.0,85.065,61.52,5999.7334,0.7,26.91,85.2075,0.0,15.7197,24.9975,100.0,0.0,0.037,0.0,83.4825,600.0,66.2034,590.2,523.56,100.0,186225.0,343.32,10.915,100.0,9.9687,9.9998,0.0,0.0,0.0,100.0,662.1,14.9652,20.4466,0.0,0.275,9.507,14.9665,0.0,0.0,33.0,0.0,0.0,0.037,686.36,100.0,1773.8999,518.69,25.99,0.0,38.0,4.5766,0.0,76.7542,4.615,82.3275,710.0,19.4241,74.0058,0.0,0.15,0.3151,590.0,13.2345,673.7,0.0,0.037,0.1498,2.6,184.015,74.0058,0.1498,4999.8501,518.7,518.69,680.0,518.685
57.5625,211.34,0.0,211.34,4.25,75.5572,710.08,24.9975,172.125,523.53,42.5343,0.0,110.0,275.4,186285.0,491.04,88.0,0.0,0.0,343.32,0.0,0.0,9.9998,0.0,96.08,0.0,50.0,180.0,11.1198,0.0,0.0,75.5572,680.3,42.5236,0.0,100.0,0.0,3000.5,590.2,33.0,184.015,100.0,184.015,488.07,47.82,25.48,184.015,100.0,0.0,0.0,0.0,0.0,9.1113,24.9975,100.0,1773.8999,0.0,518.72,-1.0,0.0,0.0,60.0,50100.0,25.04,0.0,0.0,47.82,184.015,0.0,489.06,0.4632,0.0,5000.0,13.2385,600.12,0.1273,0.0,100.0,544.48,518.7,49.925,0.0,0.0,14.9638,4999.1797,0.0,590.2,682.05,0.0,211.34,0.037,100.0,14.9638,94.42,100.0,996.3,0.2071,100.0,15.7192,3.35,20.0,14.9638,0.0,186285.0,14.9638,518.72,100.0,0.0,680.3,250.0,24.9975,0.0,4.615,680.3,0.0,0.0,0.037,686.375,0.1498,100.0,0.0,0.3795,0.0,10.9151,0.0,100.0,172.116,0.0,1000.2,999.9,0.0,0.294,84.5925,686.4,72.5573,0.0,670.4,0.0,710.08,1773.8999,523.53,50.0,0.3151,0.2439,1000.2,0.7,186285.0,543.48,42.5236,676.95,680.25,0.0,0.0,0.0,0.1779,0.681,0.0,0.0,0.037,180.0125,0.0,0.0,12.315,2.6,26.555,0.1274,1000.0,1.0,66.2033,571.65,50.0,145.684,5000.0,0.0,100.0,0.1961,599.94,28.0958,0.0,3000.0,24.9975,26.7765,680.3,184.015,9.9998,0.0,0.0,0.0,3000.5,287.145,96.08,72.5573,0.0,2.6003,0.0,0.3795,11.1198,20.4421,14.9652,343.32,0.2999,518.72,19.4236,0.5,0.0,0.0,0.0,2.6004,0.0,250.0,100.0,33.0,0.0,50.0,0.0,4999.1797,2200.0,686.4,28.0958,26.91,1.76,358.0,358.0,57.525,4999.8501,180.0125,1.0075,0.0,0.1273,86.4,0.0,0.0,0.0,50.0,0.0,76.7537,0.0,0.0,0.1299,0.0,24.9975,0.037,662.1,14.9638,252.25,0.0,4.615,148.6575,50.0,82.0425,25.0,650.65,50.0,0.0,0.0,0.1231,1000.0,0.0,20.4421,0.0,100.0,186285.0,0.4632,20.0,0.0,0.0,47.82,0.5,186285.0,0.0,0.3795,590.2,0.1231,0.13,2.6004,211.34,0.0,490.07,0.0,523.56,358.5789,0.0,2.6003,75.555,184.015,9.9687,26.49,100.0,520.0,85.0425,61.52,5999.7334,0.7,26.91,85.2075,0.0,15.7192,24.9975,100.0,0.0,0.037,0.0,83.475,600.0,66.2033,590.2,523.53,100.0,186225.0,343.32,10.9151,100.0,9.9687,9.9998,0.0,0.0,0.0,100.0,662.1,14.9638,20.4436,0.0,0.275,9.506,14.9652,0.0,0.0,33.0,0.0,0.0,0.037,686.4,100.0,1773.8999,518.72,25.99,0.0,38.0,4.4969,0.0,76.7537,4.615,82.3275,710.0,19.4236,74.0058,0.0,0.15,0.3151,590.0,13.2385,673.7,0.0,0.037,0.1498,2.6,184.015,74.0058,0.1498,4999.8501,518.7,518.72,680.0,518.72
57.5625,211.34,0.0,211.34,4.25,75.5567,710.08,24.9975,172.125,523.53,42.5236,0.0,110.0,275.4,186285.0,491.04,88.0,0.0,0.0,343.32,0.0,0.0,9.9998,0.0,96.08,0.0,50.0,180.0,11.1198,0.0,0.0,75.5567,680.3,42.5129,0.0,100.0,0.0,3000.5,590.2,33.0,184.015,100.0,184.015,488.07,47.82,25.48,184.015,100.0,0.0,0.0,0.0,0.0,9.1113,24.9975,100.0,1773.8999,0.0,518.72,-1.0,0.0,0.0,60.0,50100.0,25.04,0.0,0.0,47.82,184.015,0.0,489.06,0.4632,0.0,5000.0,13.2425,599.94,0.1273,0.0,100.0,544.48,518.7,49.925,0.0,0.0,14.9624,4999.1797,0.0,590.2,682.05,0.0,211.34,0.037,100.0,14.9624,94.42,100.0,996.3,0.2071,100.0,15.7187,3.35,20.0,14.9624,0.0,186285.0,14.9624,518.72,100.0,0.0,680.3,250.0,24.9975,0.0,4.615,680.3,0.0,0.0,0.037,686.375,0.1498,100.0,0.0,0.3795,0.0,10.9151,0.0,100.0,172.116,0.0,1000.2,999.9,0.0,0.294,84.5925,686.4,72.5572,0.0,670.4,0.0,710.08,1773.8999,523.53,50.0,0.3151,0.2439,1000.2,0.7,186285.0,543.48,42.5129,676.95,680.25,0.0,0.0,0.0,0.1779,0.681,0.0,0.0,0.037,180.0125,0.0,0.0,12.315,2.6,26.555,0.1274,1000.0,1.0,66.2032,571.65,50.0,145.684,5000.0,0.0,100.0,0.1961,599.94,28.0961,0.0,3000.0,24.9975,26.7765,680.3,184.015,9.9998,0.0,0.0,0.0,3000.5,287.145,96.08,72.5572,0.0,2.6003,0.0,0.3795,11.1198,20.4391,14.9638,343.32,0.2999,518.72,19.4253,0.5,0.0,0.0,0.0,2.6004,0.0,250.0,100.0,33.0,0.0,50.0,0.0,4999.1797,2200.0,686.4,28.0961,26.91,1.76,358.0,358.0,57.525,4999.8501,180.0125,1.0075,0.0,0.1273,86.4,0.0,0.0,0.0,50.0,0.0,76.7532,0.0,0.0,0.1299,0.0,24.9975,0.037,662.1,14.9624,252.25,0.0,4.615,148.6575,50.0,82.0425,25.0,650.65,50.0,0.0,0.0,0.1231,1000.0,0.0,20.4391,0.0,100.0,186285.0,0.4632,20.0,0.0,0.0,47.82,0.5,186285.0,0.0,0.3795,590.2,0.1231,0.13,2.6004,211.34,0.0,490.07,0.0,523.53,358.5789,0.0,2.6003,75.555,184.015,9.9686,26.49,100.0,520.0,85.0425,61.52,5999.7334,0.7,26.91,85.2075,0.0,15.7187,24.9975,100.0,0.0,0.037,0.0,83.475,600.0,66.2032,590.2,523.53,100.0,186225.0,343.32,10.9151,100.0,9.9686,9.9998,0.0,0.0,0.0,100.0,662.1,14.9624,20.4406,0.0,0.275,9.506,14.9638,0.0,0.0,33.0,0.0,0.0,0.037,686.4,100.0,1773.8999,518.72,25.99,0.0,38.0,4.4969,0.0,76.7532,4.615,82.3275,710.0,19.4253,74.0058,0.0,0.15,0.3151,590.0,13.2425,673.7,0.0,0.037,0.1498,2.6,184.015,74.0058,0.1498,4999.8501,518.7,518.72,680.0,518.72
57.525,211.36,0.0,211.36,4.249,75.5547,710.08,24.9975,172.098,523.5,42.5129,0.0,110.0,275.4,186285.0,491.085,88.0,0.0,0.0,343.35,0.0,0.0,9.9998,0.0,96.08,0.0,50.0,180.0,11.1199,0.0,0.0,75.5547,680.3,42.4987,0.0,100.0,0.0,2999.5,590.2,32.995,184.015,100.0,184.015,488.115,47.82,25.48,184.015,100.0,0.0,0.0,0.0,0.0,9.1113,24.9975,100.0,1773.8999,0.0,518.72,-1.0,0.0,0.0,60.0,50100.0,25.04,0.0,0.0,47.82,184.015,0.0,489.105,0.4632,0.0,5000.0,13.2465,599.94,0.1273,0.0,100.0,544.44,518.7,49.925,0.0,0.0,14.961,5000.04,0.0,590.2,682.05,0.0,211.36,0.037,100.0,14.961,94.44,100.0,996.75,0.2071,100.0,15.7207,3.35,20.0,14.961,0.0,186285.0,14.961,518.72,100.0,0.0,680.3,250.0,24.9975,0.0,4.615,680.3,0.0,0.0,0.037,686.375,0.1498,100.0,0.0,0.3795,0.0,10.9152,0.0,100.0,172.102,0.0,1000.2,999.9,0.0,0.294,84.5325,686.4,72.5571,0.0,670.4,0.0,710.08,1773.8999,523.5,50.0,0.3151,0.2439,1000.2,0.7,186285.0,543.44,42.4987,676.95,680.25,0.0,0.0,0.0,0.1778,0.681,0.0,0.0,0.037,180.025,0.0,0.0,12.315,2.6,26.555,0.1274,1000.0,1.0,66.2031,571.75,50.0,145.695,5000.0,0.0,100.0,0.1961,600.12,28.0957,0.0,3000.0,24.9975,26.7875,680.3,184.015,9.9998,0.0,0.0,0.0,2999.5,286.5375,96.08,72.5571,0.0,2.6003,0.0,0.3795,11.1199,20.436,14.9624,343.32,0.2999,518.72,19.4256,0.5,0.0,0.0,0.0,2.5998,0.0,250.0,100.0,33.0,0.0,50.0,0.0,5000.04,2200.0,686.4,28.0957,26.91,1.76,358.05,358.05,57.6375,4999.8501,180.025,1.0074,0.0,0.1273,86.225,0.0,0.0,0.0,50.0,0.0,76.7549,0.0,0.0,0.1299,0.0,24.9975,0.037,662.1,14.961,252.275,0.0,4.615,148.6687,50.0,82.02,25.0,650.7,50.0,0.0,0.0,0.1231,1000.0,0.0,20.436,0.0,100.0,186285.0,0.4632,20.0,0.0,0.0,47.838,0.5,186285.0,0.0,0.3795,590.2,0.1231,0.13,2.5998,211.36,0.0,490.07,0.0,523.53,357.7179,0.0,2.6003,75.555,184.015,9.9685,26.49,100.0,520.0,85.02,61.52,5999.7334,0.7,26.91,85.23,0.0,15.7207,24.9975,100.0,0.0,0.037,0.0,83.4375,600.0,66.2031,590.2,523.5,100.0,186225.0,343.32,10.9152,100.0,9.9685,9.9998,0.0,0.0,0.0,100.0,662.1,14.961,20.4376,0.0,0.275,9.506,14.9624,0.0,0.0,33.0,0.0,0.0,0.037,686.4,100.0,1773.8999,518.72,25.99,0.0,38.0,4.4109,0.0,76.7549,4.615,82.32,710.0,19.4256,74.0058,0.0,0.15,0.3151,590.0,13.2465,673.7,0.0,0.037,0.1498,2.6,184.015,74.0058,0.1498,4999.8501,518.7,518.72,680.0,518.72
57.525,211.36,0.0,211.36,4.249,75.5537,710.08,24.9975,172.098,523.5,42.4987,0.0,110.0,275.4,186285.0,491.085,88.0,0.0,0.0,343.35,0.0,0.0,9.9998,0.0,96.08,0.0,50.0,180.0,11.12,0.0,0.0,75.5537,680.3,42.4882,0.0,100.0,0.0,2999.5,590.2,32.995,184.015,100.0,184.015,488.115,47.838,25.48,184.015,100.0,0.0,0.0,0.0,0.0,9.1113,24.9975,100.0,1773.8999,0.0,518.72,-1.0,0.0,0.0,60.0,50100.0,25.04,0.0,0.0,47.838,184.015,0.0,489.105,0.4632,0.0,5000.0,13.2505,600.12,0.1273,0.0,100.0,544.44,518.7,49.925,0.0,0.0,14.9596,5000.04,0.0,590.2,682.05,0.0,211.36,0.037,100.0,14.9596,94.44,100.0,996.75,0.2071,100.0,15.7212,3.35,20.0,14.9596,0.0,186285.0,14.9596,518.72,100.0,0.0,680.3,250.0,24.9975,0.0,4.615,680.3,0.0,0.0,0.037,686.375,0.1498,100.0,0.0,0.3795,0.0,10.9152,0.0,100.0,172.102,0.0,1000.2,999.9,0.0,0.294,84.5325,686.4,72.5569,0.0,670.4,0.0,710.08,1773.8999,523.5,50.0,0.3151,0.2439,1000.2,0.7,186285.0,543.44,42.4882,676.95,680.25,0.0,0.0,0.0,0.1778,0.681,0.0,0.0,0.037,180.025,0.0,0.0,12.315,2.6,26.555,0.1274,1000.0,1.0,66.203,571.75,50.0,145.695,5000.0,0.0,100.0,0.1961,600.12,28.0957,0.0,3000.0,24.9975,26.7875,680.3,184.015,9.9998,0.0,0.0,0.0,2999.5,286.5375,96.08,72.5569,0.0,2.6003,0.0,0.3795,11.12,20.433,14.961,343.35,0.2999,518.72,19.4236,0.5,0.0,0.0,0.0,2.5998,0.0,250.0,100.0,33.0,0.0,50.0,0.0,5000.04,2200.0,686.4,28.0957,26.91,1.76,358.05,358.05,57.6375,4999.8501,180.025,1.0074,0.0,0.1273,86.225,0.0,0.0,0.0,50.0,0.0,76.7552,0.0,0.0,0.1299,0.0,24.9975,0.037,662.1,14.9596,252.275,0.0,4.615,148.6687,50.0,82.02,25.0,650.7,50.0,0.0,0.0,0.1231,1000.0,0.0,20.433,0.0,100.0,186285.0,0.4632,20.0,0.0,0.0,47.838,0.5,186285.0,0.0,0.3795,590.2,0.1231,0.13,2.5998,211.36,0.0,490.07,0.0,523.5,357.7179,0.0,2.6003,75.555,184.015,9.9684,26.49,100.0,520.0,85.02,61.52,5999.7334,0.7,26.91,85.23,0.0,15.7212,24.9975,100.0,0.0,0.037,0.0,83.4375,600.0,66.203,590.2,523.5,100.0,186225.0,343.35,10.9152,100.0,9.9684,9.9998,0.0,0.0,0.0,100.0,662.1,14.9596,20.4345,0.0,0.275,9.506,14.961,0.0,0.0,32.995,0.0,0.0,0.037,686.4,100.0,1773.8999,518.72,25.99,0.0,38.0,4.4109,0.0,76.7552,4.615,82.32,710.0,19.4236,73.9551,0.0,0.15,0.3151,590.0,13.2505,673.7,0.0,0.037,0.1498,2.6,184.015,73.9551,0.1498,4999.8501,518.7,518.72,680.0,518.72
57.6,211.36,0.0,211.36,4.247,75.5527,710.08,24.9975,172.098,523.47,42.4882,0.0,110.0,275.45,186285.0,491.085,88.0,0.0,0.0,343.35,0.0,0.0,9.9998,0.0,96.08,0.0,50.0,180.0,11.1201,0.0,0.0,75.5527,680.3,42.474,0.0,100.0,0.0,2999.5,590.2,32.995,184.015,100.0,184.015,488.115,47.838,25.48,184.015,100.0,0.0,0.0,0.0,0.0,9.1113,24.9975,100.0,1773.8999,0.0,518.755,-1.0,0.0,0.0,60.0,50100.0,25.04,0.0,0.0,47.838,184.015,0.0,489.105,0.4632,0.0,5000.0,13.2545,600.12,0.1273,0.0,100.0,544.44,518.75,49.925,0.0,0.0,14.9582,5000.04,0.0,590.2,682.05,0.0,211.36,0.037,100.0,14.9582,94.44,100.0,996.75,0.2071,100.0,15.7217,3.35,20.0,14.9582,0.0,186285.0,14.9582,518.755,100.0,0.0,680.3,250.0,24.9975,0.0,4.6175,680.3,0.0,0.0,0.037,686.375,0.1498,100.0,0.0,0.3795,0.0,10.9153,0.0,100.0,172.102,0.0,1000.2,999.9,0.0,0.294,84.5175,686.4,72.5568,0.0,670.4,0.0,710.08,1773.8999,523.47,50.0,0.3151,0.2439,1000.2,0.7,186285.0,543.44,42.474,676.95,680.25,0.0,0.0,0.0,0.1778,0.681,0.0,0.0,0.037,180.025,0.0,0.0,12.314,2.6,26.555,0.1274,1000.0,1.0,66.2029,571.2,50.0,145.695,5000.0,0.0,100.0,0.1961,600.12,28.0957,0.0,3000.0,24.9975,26.793,680.3,184.015,9.9998,0.0,0.0,0.0,2999.5,286.83,96.08,72.5568,0.0,2.6003,0.0,0.3795,11.1201,20.43,14.9596,343.35,0.2999,518.755,19.4231,0.5,0.0,0.0,0.0,2.5998,0.0,250.0,100.0,33.0,0.0,50.0,0.0,5000.04,2200.0,686.4,28.0957,26.91,1.76,358.05,358.05,57.5625,4999.8501,180.025,1.0074,0.0,0.1273,86.675,0.0,0.0,0.0,50.0,0.0,76.7554,0.0,0.0,0.1299,0.0,24.9975,0.037,662.1,14.9582,252.275,0.0,4.6175,148.6687,50.0,82.0425,25.0,650.7,50.0,0.0,0.0,0.1231,1000.0,0.0,20.43,0.0,100.0,186285.0,0.4632,20.0,0.0,0.0,47.862,0.5,186285.0,0.0,0.3795,590.2,0.1231,0.1299,2.5998,211.36,0.0,490.1,0.0,523.5,358.2345,0.0,2.6003,75.555,184.015,9.9683,26.49,100.0,520.0,85.035,61.52,5999.7334,0.7,26.91,85.275,0.0,15.7217,24.9975,100.0,0.0,0.037,0.0,83.4,600.0,66.2029,590.2,523.47,100.0,186225.0,343.35,10.9153,100.0,9.9683,9.9998,0.0,0.0,0.0,100.0,662.1,14.9582,20.4315,0.0,0.275,9.505,14.9596,0.0,0.0,32.995,0.0,0.0,0.037,686.4,100.0,1773.8999,518.75,25.99,0.0,38.0,4.6453,0.0,76.7554,4.6175,82.32,710.0,19.4231,73.9545,0.0,0.15,0.3151,590.0,13.2545,673.7,0.0,0.037,0.1498,2.6,184.015,73.9545,0.1498,4999.8501,518.75,518.75,680.0,518.755
57.6,211.36,0.0,211.36,4.246,75.5532,710.08,24.9975,172.0845,523.47,42.474,0.0,110.0,275.5,186285.0,491.085,88.0,0.0,0.0,343.35,0.0,0.0,9.9998,0.0,96.08,0.0,50.0,180.0,11.1202,0.0,0.0,75.5532,680.3,42.4636,0.0,100.0,0.0,3000.5,590.2,32.99,184.015,100.0,184.015,488.115,47.862,25.48,184.015,100.0,0.0,0.0,0.0,0.0,9.1113,24.9975,100.0,1773.8999,0.0,518.755,-1.0,0.0,0.0,60.0,50100.0,25.04,0.0,0.0,47.862,184.015,0.0,489.105,0.4632,0.0,5000.0,13.2585,600.12,0.1273,0.0,100.0,544.4,518.75,49.925,0.0,0.0,14.9568,5000.04,0.0,590.2,682.05,0.0,211.36,0.037,100.0,14.9568,94.44,100.0,996.75,0.207,100.0,15.7197,3.35,20.0,14.9568,0.0,186285.0,14.9568,518.755,100.0,0.0,680.3,250.0,24.9975,0.0,4.6175,680.3,0.0,0.0,0.037,686.375,0.1498,100.0,0.0,0.3795,0.0,10.9153,0.0,100.0,172.074,0.0,1000.2,999.9,0.0,0.294,84.5325,686.4,72.5567,0.0,670.4,0.0,710.08,1773.8999,523.47,50.0,0.3151,0.2439,1000.2,0.7,186285.0,543.4,42.4636,676.95,680.25,0.0,0.0,0.0,0.1778,0.681,0.0,0.0,0.037,180.0125,0.0,0.0,12.314,2.6,26.555,0.1273,1000.0,1.0,66.2029,571.9,50.0,145.695,5000.0,0.0,100.0,0.1961,599.94,28.0956,0.0,3000.0,24.9975,26.7985,680.3,184.015,9.9998,0.0,0.0,0.0,3000.5,286.8075,96.08,72.5567,0.0,2.6003,0.0,0.3795,11.1202,20.427,14.9582,343.35,0.2999,518.755,19.4226,0.5,0.0,0.0,0.0,2.5998,0.0,250.0,100.0,33.0,0.0,50.0,0.0,5000.04,2200.0,686.4,28.0956,26.91,1.76,358.1,358.1,57.6,4999.8501,180.0125,1.0074,0.0,0.1273,86.725,0.0,0.0,0.0,50.0,0.0,76.7557,0.0,0.0,0.1299,0.0,24.9975,0.037,662.1,14.9568,252.275,0.0,4.6175,148.6687,50.0,82.0875,25.0,650.7,50.0,0.0,0.0,0.1231,1000.0,0.0,20.427,0.0,100.0,186285.0,0.4632,20.0,0.0,0.0,47.874,0.5,186285.0,0.0,0.3795,590.2,0.1231,0.1299,2.5998,211.36,0.0,490.1,0.0,523.47,358.3378,0.0,2.6003,75.55,184.015,9.9682,26.49,100.0,520.0,85.035,61.52,5999.7334,0.7,26.91,85.32,0.0,15.7197,24.9975,100.0,0.0,0.037,0.0,83.4075,600.0,66.2029,590.2,523.47,100.0,186225.0,343.35,10.9153,100.0,9.9682,9.9998,0.0,0.0,0.0,100.0,662.1,14.9568,20.4285,0.0,0.275,9.505,14.9582,0.0,0.0,32.995,0.0,0.0,0.037,686.4,100.0,1773.8999,518.75,25.99,0.0,38.0,4.3906,0.0,76.7557,4.6175,82.32,710.0,19.4226,73.9539,0.0,0.15,0.3151,590.0,13.2585,673.7,0.0,0.037,0.1498,2.6,184.015,73.9539,0.1498,4999.8501,518.75,518.75,680.0,518.755
57.525,211.38,0.0,211.38,4.243,75.5527,710.08,24.9975,172.0575,523.44,42.4636,0.0,110.0,275.55,186285.0,491.13,88.0,0.0,0.0,343.35,0.0,0.0,9.9998,0.0,96.08,0.0,50.0,180.0,11.1177,0.0,0.0,75.5527,680.3,42.4496,0.0,100.0,0.0,3000.5,590.2,32.99,184.015,100.0,184.015,488.16,47.874,25.48,184.015,100.0,0.0,0.0,0.0,0.0,9.1124,24.9975,100.0,1773.8999,0.0,518.79,-1.0,0.0,0.0,60.0,50100.0,25.04,0.0,0.0,47.874,184.015,0.0,489.15,0.4632,0.0,5000.0,13.2625,599.94,0.1273,0.0,100.0,544.36,518.75,49.925,0.0,0.0,14.9641,5000.04,0.0,590.2,682.05,0.0,211.38,0.037,100.0,14.9641,94.44,100.0,996.75,0.207,100.0,15.7192,3.35,20.0,14.9641,0.0,186285.0,14.9641,518.79,100.0,0.0,680.3,250.0,24.9975,0.0,4.6175,680.3,0.0,0.0,0.037,686.375,0.1499,100.0,0.0,0.3795,0.0,10.9154,0.0,100.0,172.06,0.0,1000.2,999.9,0.0,0.294,84.4725,686.4,72.5566,0.0,670.4,0.0,710.08,1773.8999,523.44,50.0,0.3151,0.2439,1000.2,0.7,186285.0,543.36,42.4496,676.95,680.25,0.0,0.0,0.0,0.1777,0.681,0.0,0.0,0.037,180.0125,0.0,0.0,12.314,2.6,26.555,0.1273,1000.0,1.0,66.2028,571.7,50.0,145.695,5000.0,0.0,100.0,0.196,600.0,28.0956,0.0,3000.0,24.9975,26.815,680.3,184.015,9.9998,0.0,0.0,0.0,3000.5,286.8075,96.08,72.5566,0.0,2.6003,0.0,0.3795,11.1177,20.4239,14.9568,343.35,0.2999,518.79,19.4243,0.5,0.0,0.0,0.0,2.6004,0.0,250.0,100.0,33.0,0.0,50.0,0.0,5000.04,2200.0,686.4,28.0956,26.91,1.76,358.2,358.2,57.5625,5001.75,180.0125,1.0072,0.0,0.1273,86.925,0.0,0.0,0.0,50.0,0.0,76.7537,0.0,0.0,0.1299,0.0,24.9975,0.037,662.1,14.9641,252.275,0.0,4.6175,148.6687,50.0,82.0425,25.0,650.7,50.0,0.0,0.0,0.123,1000.0,0.0,20.4239,0.0,100.0,186285.0,0.4632,20.0,0.0,0.0,47.898,0.5,186285.0,0.0,0.3795,590.2,0.123,0.1299,2.6004,211.38,0.0,490.13,0.0,523.47,358.51,0.0,2.6003,75.55,184.015,9.9682,26.49,100.0,520.0,85.065,61.52,5999.7334,0.7,26.91,85.395,0.0,15.7192,24.9975,100.0,0.0,0.037,0.0,83.385,600.0,66.2028,590.2,523.44,100.0,186225.0,343.35,10.9154,100.0,9.9682,9.9998,0.0,0.0,0.0,100.0,662.1,14.9641,20.4254,0.0,0.275,9.504,14.9568,0.0,0.0,32.99,0.0,0.0,0.037,686.4,100.0,1773.8999,518.78,25.99,0.0,38.0,3.8734,0.0,76.7537,4.6175,82.305,710.0,19.4243,73.9026,0.0,0.15,0.3151,590.0,13.2625,673.7,0.0,0.037,0.1499,2.6,184.015,73.9026,0.1499,5001.75,518.75,518.78,680.0,518.79
57.525,211.38,0.0,211.38,4.243,75.5522,710.08,24.9975,172.0575,523.44,42.4496,0.0,110.0,275.55,186285.0,491.13,88.0,0.0,0.0,343.35,0.0,0.0,9.9998,0.0,96.08,0.0,50.0,180.0,11.1168,0.0,0.0,75.5522,680.3,42.4394,0.0,100.0,0.0,3000.5,590.2,32.99,184.015,100.0,184.015,488.16,47.898,25.48,184.015,100.0,0.0,0.0,0.0,0.0,9.1124,24.9975,100.0,1773.8999,0.0,518.79,-1.0,0.0,0.0,60.0,50100.0,25.04,0.0,0.0,47.898,184.015,0.0,489.15,0.4632,0.0,5000.0,13.2665,600.0,0.1273,0.0,100.0,544.36,518.75,49.925,0.0,0.0,14.9629,5000.04,0.0,590.2,682.05,0.0,211.38,0.037,100.0,14.9629,94.44,100.0,996.75,0.207,100.0,15.7187,3.35,20.0,14.9629,0.0,186285.0,14.9629,518.79,100.0,0.0,680.3,250.0,24.9975,0.0,4.6175,680.3,0.0,0.0,0.037,686.375,0.1499,100.0,0.0,0.3795,0.0,10.9154,0.0,100.0,172.06,0.0,1000.2,999.9,0.0,0.294,84.4725,686.4,72.5564,0.0,670.4,0.0,710.08,1773.8999,523.44,50.0,0.3151,0.2439,1000.2,0.7,186285.0,543.36,42.4394,676.95,680.25,0.0,0.0,0.0,0.1777,0.681,0.0,0.0,0.037,180.0125,0.0,0.0,12.314,2.6,26.555,0.1273,1000.0,1.0,66.2027,571.7,50.0,145.695,5000.0,0.0,100.0,0.196,600.0,28.0956,0.0,3000.0,24.9975,26.815,680.3,184.015,9.9998,0.0,0.0,0.0,3000.5,286.8075,96.08,72.5564,0.0,2.6003,0.0,0.3795,11.1168,20.4209,14.9641,343.35,0.2999,518.79,19.4238,0.5,0.0,0.0,0.0,2.6004,0.0,250.0,100.0,33.0,0.0,50.0,0.0,5000.04,2200.0,686.4,28.0956,26.91,1.76,358.2,358.2,57.5625,5001.75,180.0125,1.0072,0.0,0.1273,86.925,0.0,0.0,0.0,50.0,0.0,76.7532,0.0,0.0,0.1299,0.0,24.9975,0.037,662.1,14.9629,252.275,0.0,4.6175,148.6687,50.0,82.0425,25.0,650.7,50.0,0.0,0.0,0.123,1000.0,0.0,20.4209,0.0,100.0,186285.0,0.4632,20.0,0.0,0.0,47.898,0.5,186285.0,0.0,0.3795,590.2,0.123,0.1299,2.6004,211.38,0.0,490.13,0.0,523.44,358.51,0.0,2.6003,75.55,184.015,9.9681,26.49,100.0,520.0,85.065,61.52,5999.7334,0.7,26.91,85.395,0.0,15.7187,24.9975,100.0,0.0,0.037,0.0,83.385,600.0,66.2027,590.2,523.44,100.0,186225.0,343.35,10.9154,100.0,9.9681,9.9998,0.0,0.0,0.0,100.0,662.1,14.9629,20.4224,0.0,0.275,9.504,14.9641,0.0,0.0,32.99,0.0,0.0,0.037,686.4,100.0,1773.8999,518.78,25.99,0.0,38.0,3.8734,0.0,76.7532,4.6175,82.305,710.0,19.4238,73.9014,0.0,0.15,0.3151,590.0,13.2665,673.7,0.0,0.037,0.1499,2.6,184.015,73.9014,0.1499,5001.75,518.75,518.78,680.0,518.79
57.6,211.38,0.0,211.38,4.242,75.5517,710.08,24.9975,172.0575,523.41,42.4394,0.0,110.0,275.55,186285.0,491.13,88.0,0.0,0.0,343.35,0.0,0.0,9.9998,0.0,96.08,0.0,50.0,180.0,11.1159,0.0,0.0,75.5517,680.3,42.4255,0.0,100.0,0.0,3000.5,590.2,32.985,184.015,100.0,184.015,488.16,47.898,25.48,184.015,100.0,0.0,0.0,0.0,0.0,9.1124,24.9975,100.0,1773.8999,0.0,518.79,-1.0,0.0,0.0,60.0,50100.0,25.04,0.0,0.0,47.898,184.015,0.0,489.15,0.4632,0.0,5000.0,13.2705,600.0,0.1273,0.0,100.0,544.36,518.8,49.925,0.0,0.0,14.9618,5000.04,0.0,590.2,682.05,0.0,211.38,0.037,100.0,14.9618,94.44,100.0,996.75,0.207,100.0,15.7182,3.35,20.0,14.9618,0.0,186285.0,14.9618,518.79,100.0,0.0,680.3,250.0,24.9975,0.0,4.6175,680.3,0.0,0.0,0.037,686.375,0.1499,100.0,0.0,0.3795,0.0,10.9155,0.0,100.0,172.06,0.0,1000.2,999.9,0.0,0.294,84.525,686.4,72.5563,0.0,670.4,0.0,710.08,1773.8999,523.41,50.0,0.3151,0.2439,1000.2,0.7,186285.0,543.36,42.4255,676.95,680.25,0.0,0.0,0.0,0.1777,0.681,0.0,0.0,0.037,180.0125,0.0,0.0,12.313,2.6,26.555,0.1273,1000.0,1.0,66.2026,571.65,50.0,145.695,5000.0,0.0,100.0,0.196,600.0,28.0956,0.0,3000.0,24.9975,26.826,680.3,184.015,9.9998,0.0,0.0,0.0,3000.5,286.695,96.08,72.5563,0.0,2.6003,0.0,0.3795,11.1159,20.4179,14.9629,343.35,0.2999,518.79,19.4238,0.5,0.0,0.0,0.0,2.6004,0.0,250.0,100.0,33.0,0.0,50.0,0.0,5000.04,2200.0,686.4,28.0956,26.91,1.76,358.2,358.2,57.5625,5001.75,180.0125,1.0072,0.0,0.1273,86.375,0.0,0.0,0.0,50.0,0.0,76.7527,0.0,0.0,0.1299,0.0,24.9975,0.037,662.1,14.9618,252.275,0.0,4.6175,148.6687,50.0,81.9975,25.0,650.7,50.0,0.0,0.0,0.123,1000.0,0.0,20.4179,0.0,100.0,186285.0,0.4632,20.0,0.0,0.0,47.916,0.5,186285.0,0.0,0.3795,590.2,0.123,0.1299,2.6004,211.38,0.0,490.13,0.0,523.44,358.3378,0.0,2.6003,75.55,184.015,9.968,26.49,100.0,520.0,85.0425,61.52,5999.7334,0.7,26.91,85.365,0.0,15.7182,24.9975,100.0,0.0,0.037,0.0,83.4075,600.0,66.2026,590.2,523.41,100.0,186225.0,343.35,10.9155,100.0,9.968,9.9998,0.0,0.0,0.0,100.0,662.1,14.9618,20.4194,0.0,0.275,9.503,14.9629,0.0,0.0,32.99,0.0,0.0,0.037,686.4,100.0,1773.8999,518.78,25.99,0.0,38.0,4.8031,0.0,76.7527,4.6175,82.32,710.0,19.4238,73.9001,0.0,0.15,0.3151,590.0,13.2705,673.7,0.0,0.037,0.1499,2.6,184.015,73.9001,0.1499,5001.75,518.8,518.78,680.0,518.79
57.5625,211.38,0.0,211.38,4.24,75.5512,710.08,24.9975,172.0575,523.38,42.4255,0.0,110.0,275.6,186296.0,491.13,88.0,0.0,0.0,343.35,0.0,0.0,9.9998,0.0,96.08,0.0,50.0,180.0,11.1175,0.0,0.0,75.5512,680.3,42.4153,0.0,100.0,0.0,2999.5,590.2,32.985,184.015,100.0,184.015,488.16,47.916,25.48,184.015,100.0,0.0,0.0,0.0,0.0,9.1118,24.9975,100.0,1773.8999,0.0,518.825,-1.0,0.0,0.0,60.0,50100.0,25.04,0.0,0.0,47.916,184.015,0.0,489.15,0.4632,0.0,5000.0,13.2745,600.0,0.1273,0.0,100.0,544.32,518.8,49.925,0.0,0.0,14.9521,5000.04,0.0,590.2,682.05,0.0,211.38,0.037,100.0,14.9521,94.44,100.0,996.75,0.207,100.0,15.7202,3.3,20.0,14.9521,0.0,186296.0,14.9521,518.825,100.0,0.0,680.3,250.0,24.9975,0.0,4.6175,680.3,0.0,0.0,0.037,686.375,0.1498,100.0,0.0,0.3795,0.0,10.9156,0.0,100.0,172.06,0.0,1000.2,999.9,0.0,0.294,84.5175,686.4,72.5562,0.0,670.45,0.0,710.08,1773.8999,523.38,50.0,0.3151,0.2439,1000.2,0.7,186296.0,543.32,42.4153,677.0,680.25,0.0,0.0,0.0,0.1777,0.681,0.0,0.0,0.037,180.0125,0.0,0.0,12.314,2.6,26.555,0.1273,1000.0,1.0,66.2025,571.8,50.0,145.706,5000.0,0.0,100.0,0.196,600.0,28.0956,0.0,3000.0,24.9975,26.837,680.3,184.015,9.9998,0.0,0.0,0.0,2999.5,286.56,96.08,72.5562,0.0,2.6003,0.0,0.3795,11.1175,20.4148,14.9618,343.35,0.2999,518.825,19.4238,0.5,0.0,0.0,0.0,2.5998,0.0,250.0,100.0,33.0,0.0,50.0,0.0,5000.04,2200.0,686.4,28.0956,26.91,1.76,358.25,358.25,57.525,4999.8501,180.0125,1.0071,0.0,0.1273,86.45,0.0,0.0,0.0,50.0,0.0,76.7544,0.0,0.0,0.1298,0.0,24.9975,0.037,662.1,14.9521,252.275,0.0,4.6175,148.6687,50.0,81.99,25.0,650.7,50.0,0.0,0.0,0.123,1000.0,0.0,20.4148,0.0,100.0,186285.0,0.4632,20.0,0.0,0.0,47.934,0.5,186285.0,0.0,0.3795,590.2,0.123,0.1299,2.5998,211.38,0.0,490.16,0.0,523.41,358.4756,0.0,2.6003,75.55,184.015,9.9679,26.49,100.0,520.0,85.0275,61.52,5999.7334,0.7,26.91,85.26,0.0,15.7202,24.9975,100.0,0.0,0.037,0.0,83.4,600.0,66.2025,590.2,523.38,100.0,186225.0,343.35,10.9156,100.0,9.9679,9.9998,0.0,0.0,0.0,100.0,662.1,14.9521,20.4164,0.0,0.275,9.502,14.9618,0.0,0.0,32.985,0.0,0.0,0.037,686.4,100.0,1773.8999,518.81,25.99,0.0,38.0,4.8187,0.0,76.7544,4.6175,82.275,710.0,19.4238,73.8483,0.0,0.15,0.3151,590.0,13.2745,673.7,0.0,0.037,0.1498,2.6,184.015,73.8483,0.1498,4999.8501,518.8,518.81,680.0,518.825
57.6,211.4,0.0,211.4,4.239,75.5507,710.08,24.9975,172.017,523.35,42.4153,0.0,110.0,275.6,186296.0,491.13,88.0,0.0,0.0,343.35,0.0,0.0,9.9998,0.0,96.08,0.0,50.0,180.0,11.1175,0.0,0.0,75.5507,680.3,42.4053,0.0,100.0,0.0,2999.5,590.2,32.98,184.015,100.0,184.015,488.205,47.934,25.48,184.015,100.0,0.0,0.0,0.0,0.0,9.1118,24.9975,100.0,1773.8999,0.0,518.825,-1.0,0.0,0.0,60.0,50100.0,25.04,0.0,0.0,47.934,184.015,0.0,489.195,0.4632,0.0,5000.0,13.2785,600.0,0.1273,0.0,100.0,544.32,518.8,49.925,0.0,0.0,14.9507,5000.04,0.0,590.2,682.05,0.0,211.4,0.037,100.0,14.9507,94.44,100.0,996.75,0.207,100.0,15.7207,3.3,20.0,14.9507,0.0,186296.0,14.9507,518.825,100.0,0.0,680.3,250.0,24.9975,0.0,4.6175,680.3,0.0,0.0,0.037,686.375,0.1498,100.0,0.0,0.3795,0.0,10.9156,0.0,100.0,172.018,0.0,1000.2,999.9,0.0,0.294,84.5325,686.4,72.5561,0.0,670.45,0.0,710.08,1773.8999,523.35,50.0,0.3151,0.2439,1000.2,0.7,186296.0,543.32,42.4053,677.0,680.25,0.0,0.0,0.0,0.1776,0.681,0.0,0.0,0.037,180.0125,0.0,0.0,12.313,2.6,26.555,0.1273,1000.0,1.0,66.2024,572.0,50.0,145.706,5000.0,0.0,100.0,0.196,600.0,28.0956,0.0,3000.0,24.9975,26.837,680.3,184.015,9.9998,0.0,0.0,0.0,2999.5,286.5825,96.08,72.5561,0.0,2.6003,0.0,0.3795,11.1175,20.4118,14.9521,343.35,0.2999,518.825,19.4238,0.5,0.0,0.0,0.0,2.5998,0.0,250.0,100.0,33.0,0.0,50.0,0.0,5000.04,2200.0,686.4,28.0956,26.91,1.76,358.3,358.3,57.525,4999.8501,180.0125,1.007,0.0,0.1273,86.975,0.0,0.0,0.0,50.0,0.0,76.7547,0.0,0.0,0.1298,0.0,24.9975,0.037,662.1,14.9507,252.3,0.0,4.6175,148.68,50.0,82.0275,25.0,650.7,50.0,0.0,0.0,0.123,1000.0,0.0,20.4118,0.0,100.0,186296.0,0.4632,20.0,0.0,0.0,47.928,0.5,186296.0,0.0,0.3795,590.2,0.123,0.1299,2.5998,211.4,0.0,490.16,0.0,523.38,357.8212,0.0,2.6003,75.55,184.015,9.9678,26.49,100.0,520.0,85.005,61.52,5999.7334,0.7,26.91,85.2525,0.0,15.7207,24.9975,100.0,0.0,0.037,0.0,83.4075,600.0,66.2024,590.2,523.35,100.0,186225.0,343.35,10.9156,100.0,9.9678,9.9998,0.0,0.0,0.0,100.0,662.1,14.9507,20.4133,0.0,0.275,9.502,14.9521,0.0,0.0,32.985,0.0,0.0,0.037,686.4,100.0,1773.8999,518.81,25.99,0.0,38.0,4.2812,0.0,76.7547,4.6175,82.2825,710.0,19.4238,73.8464,0.0,0.15,0.3151,590.0,13.2785,673.7,0.0,0.037,0.1498,2.6,184.015,73.8464,0.1498,4999.8501,518.8,518.81,680.0,518.825
57.6,211.4,0.0,211.4,4.239,75.5502,710.08,24.9975,172.017,523.35,42.4053,0.0,110.0,275.6,186296.0,491.13,88.0,0.0,0.0,343.35,0.0,0.0,9.9998,0.0,96.08,0.0,50.0,180.0,11.1176,0.0,0.0,75.5502,680.3,42.3954,0.0,100.0,0.0,2999.5,590.2,32.98,184.015,100.0,184.015,488.205,47.928,25.48,184.015,100.0,0.0,0.0,0.0,0.0,9.1118,24.9975,100.0,1773.8999,0.0,518.825,-1.0,0.0,0.0,60.0,50100.0,25.04,0.0,0.0,47.928,184.015,0.0,489.195,0.4632,0.0,5000.0,13.2825,600.0,0.1273,0.0,100.0,544.32,518.8,49.925,0.0,0.0,14.9493,5000.04,0.0,590.2,682.05,0.0,211.4,0.037,100.0,14.9493,94.44,100.0,996.75,0.207,100.0,15.7212,3.3,20.0,14.9493,0.0,186296.0,14.9493,518.825,100.0,0.0,680.3,250.0,24.9975,0.0,4.6175,680.3,0.0,0.0,0.037,686.375,0.1498,100.0,0.0,0.3795,0.0,10.9157,0.0,100.0,172.018,0.0,1000.2,999.9,0.0,0.294,84.5325,686.4,72.556,0.0,670.45,0.0,710.08,1773.8999,523.35,50.0,0.3151,0.2439,1000.2,0.7,186296.0,543.32,42.3954,677.0,680.25,0.0,0.0,0.0,0.1776,0.681,0.0,0.0,0.037,180.0125,0.0,0.0,12.313,2.6,26.555,0.1273,1000.0,1.0,66.2024,572.0,50.0,145.706,5000.0,0.0,100.0,0.196,600.0,28.0956,0.0,3000.0,24.9975,26.837,680.3,184.015,9.9998,0.0,0.0,0.0,2999.5,286.5825,96.08,72.556,0.0,2.6003,0.0,0.3795,11.1176,20.4088,14.9507,343.35,0.2999,518.825,19.4238,0.5,0.0,0.0,0.0,2.5998,0.0,250.0,100.0,33.0,0.0,50.0,0.0,5000.04,2200.0,686.4,28.0956,26.91,1.76,358.3,358.3,57.525,4999.8501,180.0125,1.007,0.0,0.1273,86.975,0.0,0.0,0.0,50.0,0.0,76.7549,0.0,0.0,0.1298,0.0,24.9975,0.037,662.1,14.9493,252.3,0.0,4.6175,148.68,50.0,82.0275,25.0,650.7,50.0,0.0,0.0,0.123,1000.0,0.0,20.4088,0.0,100.0,186296.0,0.4632,20.0,0.0,0.0,47.928,0.5,186296.0,0.0,0.3795,590.2,0.123,0.1299,2.5998,211.4,0.0,490.16,0.0,523.35,357.8212,0.0,2.6003,75.55,184.015,9.9677,26.49,100.0,520.0,85.005,61.52,5999.7334,0.7,26.91,85.2525,0.0,15.7212,24.9975,100.0,0.0,0.037,0.0,83.4075,600.0,66.2024,590.2,523.35,100.0,186225.0,343.35,10.9157,100.0,9.9677,9.9998,0.0,0.0,0.0,100.0,662.1,14.9493,20.4103,0.0,0.275,9.502,14.9507,0.0,0.0,32.98,0.0,0.0,0.037,686.4,100.0,1773.8999,518.81,25.99,0.0,38.0,4.2812,0.0,76.7549,4.6175,82.2825,710.0,19.4238,73.7939,0.0,0.15,0.3151,590.0,13.2825,673.7,0.0,0.037,0.1498,2.6,184.015,73.7939,0.1498,4999.8501,518.8,518.81,680.0,518.825
57.6,211.4,0.0,211.4,4.238,75.5482,710.16,24.9975,172.017,523.35,42.3954,0.0,110.0,275.65,186296.0,491.175,88.0,0.0,0.0,343.35,0.0,0.0,9.9998,0.0,96.08,0.0,50.0,180.0,11.1177,0.0,0.0,75.5482,680.3,42.3819,0.0,100.0,0.0,2999.5,590.2,32.98,184.015,100.0,184.015,488.205,47.928,25.48,184.015,100.0,0.0,0.0,0.0,0.0,9.1118,24.9975,100.0,1773.8999,0.0,518.825,-1.0,0.0,0.0,60.0,50100.0,25.04,0.0,0.0,47.928,184.015,0.0,489.195,0.4632,0.0,5000.0,13.2865,600.0,0.1272,0.0,100.0,544.28,518.85,49.925,0.0,0.0,14.9479,5000.04,0.0,590.2,682.05,0.0,211.4,0.037,100.0,14.9479,94.44,100.0,997.2,0.207,100.0,15.7217,3.3,20.0,14.9479,0.0,186296.0,14.9479,518.825,100.0,0.0,680.3,250.0,24.9975,0.0,4.6175,680.3,0.0,0.0,0.037,686.375,0.1498,100.0,0.0,0.3795,0.0,10.9157,0.0,100.0,172.018,0.0,1000.2,999.9,0.0,0.294,84.555,686.4,72.5552,0.0,670.45,0.0,710.16,1773.8999,523.35,50.0,0.3151,0.2439,1000.2,0.7,186296.0,543.28,42.3819,677.0,680.25,0.0,0.0,0.0,0.1776,0.681,0.0,0.0,0.037,180.025,0.0,0.0,12.313,2.6,26.555,0.1273,1000.0,1.0,66.2023,571.9,50.0,145.706,5000.0,0.0,100.0,0.1959,600.0,28.0956,0.0,3000.0,24.9975,26.837,680.3,184.015,9.9998,0.0,0.0,0.0,2999.5,286.5825,96.08,72.5552,0.0,2.6003,0.0,0.3795,11.1177,20.4058,14.9493,343.35,0.2999,518.825,19.4238,0.5,0.0,0.0,0.0,2.6,0.0,250.0,100.0,33.0,0.0,50.0,0.0,5000.04,2200.0,686.4,28.0956,26.91,1.76,358.3,358.3,57.525,4999.8501,180.025,1.007,0.0,0.1272,86.25,0.0,0.0,0.0,50.0,0.0,76.7544,0.0,0.0,0.1298,0.0,24.9975,0.037,662.1,14.9479,252.3,0.0,4.6175,148.68,50.0,82.02,25.0,650.7,50.0,0.0,0.0,0.123,1000.0,0.0,20.4058,0.0,100.0,186296.0,0.4632,20.0,0.0,0.0,47.964,0.5,186296.0,0.0,0.3795,590.2,0.123,0.1299,2.6,211.4,0.0,490.19,0.0,523.35,358.4756,0.0,2.6003,75.55,184.015,9.9677,26.49,100.0,520.0,84.9825,61.52,5999.7334,0.7,26.91,85.305,0.0,15.7217,24.9975,100.0,0.0,0.037,0.0,83.445,600.0,66.2023,590.2,523.35,100.0,186225.0,343.35,10.9157,100.0,9.9677,9.9998,0.0,0.0,0.0,100.0,662.1,14.9479,20.4073,0.0,0.275,9.502,14.9493,0.0,0.0,32.98,0.0,0.0,0.037,686.4,100.0,1773.8999,518.84,25.99,0.0,38.0,4.3531,0.0,76.7544,4.6175,82.305,710.0,19.4238,73.7914,0.0,0.15,0.3151,590.0,13.2865,673.7,0.0,0.037,0.1498,2.6,184.015,73.7914,0.1498,4999.8501,518.85,518.84,680.0,518.825
57.5625,211.4,0.0,211.4,4.235,75.5472,710.16,24.9975,172.017,523.35,42.3819,0.0,110.0,275.65,186296.0,491.175,88.0,0.0,0.0,343.35,0.0,0.0,9.9998,0.0,96.08,0.0,50.0,180.0,11.1184,0.0,0.0,75.5472,680.3,42.3683,0.0,100.0,0.0,3000.5,590.2,32.98,184.015,100.0,184.015,488.205,47.964,25.48,184.015,100.0,0.0,0.0,0.0,0.0,9.1118,24.9975,100.0,1773.8999,0.0,518.86,-1.0,0.0,0.0,60.0,50100.0,25.04,0.0,0.0,47.964,184.015,0.0,489.195,0.4632,0.0,5000.0,13.2905,600.0,0.1272,0.0,100.0,544.28,518.85,49.925,0.0,0.0,14.9465,5000.04,0.0,590.2,682.05,0.0,211.4,0.037,100.0,14.9465,94.44,100.0,997.2,0.207,100.0,15.7197,3.3,20.0,14.9465,0.0,186296.0,14.9465,518.86,100.0,0.0,680.3,250.0,24.9975,0.0,4.6175,680.3,0.0,0.0,0.037,686.4125,0.1498,100.0,0.0,0.3794,0.0,10.9158,0.0,100.0,172.018,0.0,1000.2,999.9,0.0,0.294,84.5175,686.4,72.555,0.0,670.45,0.0,710.16,1773.8999,523.35,50.0,0.3151,0.2439,1000.2,0.7,186296.0,543.28,42.3683,677.0,680.25,0.0,0.0,0.0,0.1776,0.681,0.0,0.0,0.037,180.025,0.0,0.0,12.313,2.6,26.555,0.1273,1000.0,1.0,66.2022,571.7,50.0,145.706,5000.0,0.0,100.0,0.1959,600.0,28.0956,0.0,3000.0,24.9975,26.8425,680.3,184.015,9.9998,0.0,0.0,0.0,3000.5,287.1675,96.08,72.555,0.0,2.6003,0.0,0.3795,11.1184,20.4027,14.9479,343.35,0.2999,518.86,19.4238,0.5,0.0,0.0,0.0,2.6,0.0,250.0,100.0,33.0,0.0,50.0,0.0,5000.04,2200.0,686.4,28.0956,26.91,1.76,358.35,358.35,57.6,4999.375,180.025,1.007,0.0,0.1272,86.175,0.0,0.0,0.0,50.0,0.0,76.7544,0.0,0.0,0.1298,0.0,24.9975,0.037,662.15,14.9465,252.3,0.0,4.6175,148.68,50.0,82.005,25.0,650.7,50.0,0.0,0.0,0.123,1000.0,0.0,20.4027,0.0,100.0,186296.0,0.4632,20.0,0.0,0.0,47.988,0.5,186296.0,0.0,0.3795,590.2,0.123,0.1299,2.6,211.4,0.0,490.19,0.0,523.35,358.5789,0.0,2.6003,75.55,184.015,9.9676,26.49,100.0,520.0,85.0275,330.84,5999.7334,0.7,26.91,85.26,0.0,15.7197,24.9975,100.0,0.0,0.037,0.0,83.4975,600.0,66.2022,590.2,523.35,100.0,186225.0,343.35,10.9158,100.0,9.9676,9.9998,0.0,0.0,0.0,100.0,662.15,14.9465,20.4042,0.0,0.275,9.501,14.9479,0.0,0.0,32.98,0.0,0.0,0.037,686.4,100.0,1773.8999,518.84,25.99,0.0,38.0,4.2203,0.0,76.7544,4.6175,82.2975,710.0,19.4238,73.7889,0.0,0.15,0.3151,590.0,13.2905,673.7,0.0,0.037,0.1498,2.6,184.015,73.7889,0.1498,4999.375,518.85,518.84,680.0,518.86
57.6,211.4,0.0,211.4,4.232,75.5477,710.16,24.9975,172.044,523.29,42.3683,0.0,110.0,275.7,186296.0,491.175,88.0,0.0,0.0,343.35,0.0,0.0,9.9998,0.0,96.08,0.0,50.0,180.0,11.1187,0.0,0.0,75.5477,680.3,42.3548,0.0,100.0,0.0,3000.5,590.2,32.975,184.015,100.0,184.015,488.25,47.988,25.48,184.015,100.0,0.0,0.0,0.0,0.0,9.1118,24.9975,100.0,1773.8999,0.0,518.86,-1.0,0.0,0.0,60.0,50100.0,25.04,0.0,0.0,47.988,184.015,0.0,489.195,0.4632,0.0,5000.0,13.2945,600.0,0.1272,0.0,100.0,544.24,518.85,49.925,0.0,0.0,14.9538,5000.04,0.0,590.2,682.05,0.0,211.4,0.037,100.0,14.9538,94.44,100.0,997.2,0.207,100.0,15.7192,3.3,10.0,14.9538,0.0,186296.0,14.9538,518.86,100.0,0.0,680.3,250.0,24.9975,0.0,4.6175,680.3,0.0,0.0,0.037,686.4125,0.1499,100.0,0.0,0.3794,0.0,10.9158,0.0,100.0,172.032,0.0,1000.2,999.9,0.0,0.294,84.5175,686.4,72.5547,0.0,670.45,0.0,710.16,1774.08,523.29,50.0,0.3151,0.2439,1000.2,0.7,186296.0,543.24,42.3548,677.0,680.25,0.0,0.0,0.0,0.1776,0.681,0.0,0.0,0.037,180.0125,0.0,0.0,12.31,2.6,26.555,0.1273,1000.0,1.0,66.2021,571.3,50.0,145.706,5000.0,0.0,100.0,0.1959,600.0,28.0955,0.0,3000.0,24.9975,26.881,680.3,184.015,9.9998,0.0,0.0,0.0,3000.5,286.74,96.08,72.5547,0.0,2.6003,0.0,0.3794,11.1187,20.3997,14.9465,343.35,0.2999,518.86,19.4238,0.5,0.0,0.0,0.0,2.6,0.0,250.0,100.0,33.0,0.0,50.0,0.0,5000.04,2200.0,686.4,28.0955,26.91,1.76,358.4,358.4,57.5625,4999.375,180.0125,1.0069,0.0,0.1272,86.95,0.0,0.0,0.0,50.0,0.0,76.7544,0.0,0.0,0.1298,0.0,24.9975,0.037,662.15,14.9538,252.3,0.0,4.6175,148.68,50.0,82.05,25.0,650.7,50.0,0.0,0.0,0.123,1000.0,0.0,20.3997,0.0,100.0,186296.0,0.4632,20.0,0.0,0.0,48.006,0.5,186296.0,0.0,0.3794,590.2,0.123,0.1298,2.6,211.4,0.0,490.22,0.0,523.35,358.5444,0.0,2.6003,75.545,184.015,9.9675,26.49,100.0,520.0,85.065,330.88,5999.7334,0.7,26.91,85.2375,0.0,15.7192,24.9975,100.0,0.0,0.037,0.0,83.49,600.0,66.2021,590.2,523.29,100.0,186225.0,343.35,10.9158,100.0,9.9675,9.9998,0.0,0.0,0.0,100.0,662.15,14.9538,20.4012,0.0,0.275,9.5,14.9465,0.0,0.0,32.98,0.0,0.0,0.037,686.4,100.0,1773.8999,518.87,25.99,0.0,38.0,4.1266,0.0,76.7544,4.6175,82.3725,710.0,19.4238,73.7864,0.0,0.15,0.3151,590.0,13.2945,673.7,0.0,0.037,0.1499,2.6,184.015,73.7864,0.1499,4999.375,518.85,518.87,680.0,518.86
57.6,211.4,0.0,211.4,4.232,75.5472,710.16,24.9975,172.044,523.29,42.3548,0.0,110.0,275.7,186296.0,491.175,88.0,0.0,0.0,343.35,0.0,0.0,9.9998,0.0,96.08,0.0,50.0,180.0,11.1191,0.0,0.0,75.5472,680.3,42.3488,0.0,100.0,0.0,3000.5,590.2,32.975,184.015,100.0,184.015,488.25,48.006,25.48,184.015,100.0,0.0,0.0,0.0,0.0,9.1118,24.9975,100.0,1774.08,0.0,518.86,-1.0,0.0,0.0,60.0,50100.0,25.04,0.0,0.0,48.006,184.015,0.0,489.195,0.4632,0.0,5000.0,13.2985,600.0,0.1272,0.0,100.0,544.24,518.85,49.925,0.0,0.0,14.9527,5000.04,0.0,590.2,682.05,0.0,211.4,0.037,100.0,14.9527,94.44,100.0,997.2,0.207,100.0,15.7187,3.3,10.0,14.9527,0.0,186296.0,14.9527,518.86,100.0,0.0,680.3,250.0,24.9975,0.0,4.6175,680.3,0.0,0.0,0.037,686.4125,0.1499,100.0,0.0,0.3794,0.0,10.9159,0.0,100.0,172.032,0.0,1000.2,999.9,0.0,0.294,84.5175,686.4,72.5545,0.0,670.45,0.0,710.16,1774.08,523.29,50.0,0.3151,0.2439,1000.2,0.7,186296.0,543.24,42.3488,677.0,680.25,0.0,0.0,0.0,0.1776,0.681,0.0,0.0,0.037,180.0125,0.0,0.0,12.31,2.6,26.555,0.1273,1000.0,1.0,66.202,571.3,50.0,145.706,5000.0,0.0,100.0,0.1959,600.0,28.0955,0.0,3000.0,24.9975,26.881,680.3,184.015,9.9998,0.0,0.0,0.0,3000.5,286.74,96.08,72.5545,0.0,2.6003,0.0,0.3794,11.1191,20.3967,14.9538,343.35,0.2999,518.86,19.4238,0.5,0.0,0.0,0.0,2.6,0.0,250.0,100.0,33.0,0.0,50.0,0.0,5000.04,2200.0,686.4,28.0955,26.91,1.76,358.4,358.4,57.5625,4999.375,180.0125,1.0069,0.0,0.1272,86.95,0.0,0.0,0.0,50.0,0.0,76.7544,0.0,0.0,0.1298,0.0,24.9975,0.037,662.15,14.9527,252.3,0.0,4.6175,148.68,50.0,82.05,25.0,650.7,50.0,0.0,0.0,0.123,1000.0,0.0,20.3967,0.0,100.0,186296.0,0.4632,20.0,0.0,0.0,48.006,0.5,186296.0,0.0,0.3794,590.2,0.123,0.1298,2.6,211.4,0.0,490.22,0.0,523.29,358.5444,0.0,2.6003,75.545,184.015,9.9674,26.49,100.0,520.0,85.065,330.88,5999.7334,0.7,26.91,85.2375,0.0,15.7187,24.9975,100.0,0.0,0.037,0.0,83.49,600.0,66.202,590.2,523.29,100.0,186225.0,343.35,10.9159,100.0,9.9674,9.9998,0.0,0.0,0.0,100.0,662.15,14.9527,20.3982,0.0,0.275,9.5,14.9538,0.0,0.0,32.975,0.0,0.0,0.037,686.4,100.0,1774.08,518.87,25.99,0.0,38.0,4.1266,0.0,76.7544,4.6175,82.3725,710.0,19.4238,73.7332,0.0,0.15,0.3151,590.0,13.2985,673.7,0.0,0.037,0.1499,2.6,184.015,73.7332,0.1499,4999.375,518.85,518.87,680.0,518.86
57.5625,211.42,0.0,211.42,4.234,75.5467,710.16,24.9975,172.0305,523.29,42.3488,0.0,110.0,275.7,186296.0,491.22,88.0,0.0,0.0,343.35,0.0,0.0,9.9998,0.0,96.08,0.0,50.0,180.0,11.1194,0.0,0.0,75.5467,680.3,42.3355,0.0,100.0,0.0,3000.5,590.2,32.975,184.015,100.0,184.015,488.25,48.006,25.48,184.015,100.0,0.0,0.0,0.0,0.0,9.1118,24.9975,100.0,1774.08,0.0,518.86,-1.0,0.0,0.0,60.0,50100.0,25.04,0.0,0.0,48.006,184.015,0.0,489.24,0.4632,0.0,5000.0,13.3025,600.0,0.1272,0.0,100.0,544.24,518.85,49.925,0.0,0.0,14.9516,5000.04,0.0,590.2,682.05,0.0,211.42,0.037,100.0,14.9516,94.44,100.0,997.2,0.207,100.0,15.7182,3.3,10.0,14.9516,0.0,186296.0,14.9516,518.86,100.0,0.0,680.3,250.0,24.9975,0.0,4.6175,680.3,0.0,0.0,0.037,686.4125,0.1499,100.0,0.0,0.3794,0.0,10.9159,0.0,100.0,172.032,0.0,1000.2,999.9,0.0,0.294,84.5475,686.4,72.5542,0.0,670.45,0.0,710.16,1774.08,523.29,50.0,0.3151,0.2439,1000.2,0.7,186296.0,543.24,42.3355,677.0,680.25,0.0,0.0,0.0,0.1776,0.681,0.0,0.0,0.037,180.0125,0.0,0.0,12.31,2.6,26.555,0.1273,1000.0,1.0,66.2019,571.3,50.0,145.706,5000.0,0.0,100.0,0.1959,600.0,28.0955,0.0,3000.0,24.9975,26.8865,680.3,184.015,9.9998,0.0,0.0,0.0,3000.5,287.01,96.08,72.5542,0.0,2.6003,0.0,0.3794,11.1194,20.3936,14.9527,343.35,0.2999,518.86,19.4238,0.5,0.0,0.0,0.0,2.6,0.0,250.0,100.0,33.0,0.0,50.0,0.0,5000.04,2200.0,686.4,28.0955,26.91,1.76,358.45,358.45,57.6,4999.375,180.0125,1.0067,0.0,0.1272,86.925,0.0,0.0,0.0,50.0,0.0,76.7544,0.0,0.0,0.1298,0.0,24.9975,0.037,662.15,14.9516,252.3,0.0,4.6175,148.68,50.0,82.0725,25.0,650.7,50.0,0.0,0.0,0.123,1000.0,0.0,20.3936,0.0,100.0,186296.0,0.4632,20.0,0.0,0.0,47.994,0.5,186296.0,0.0,0.3794,590.2,0.123,0.1298,2.6,211.42,0.0,490.22,0.0,523.29,358.3723,0.0,2.6003,75.545,184.015,9.9673,26.49,100.0,520.0,85.035,330.88,5999.7334,0.7,26.91,85.2375,0.0,15.7182,24.9975,100.0,0.0,0.037,0.0,83.535,600.0,66.2019,590.2,523.29,100.0,186225.0,343.35,10.9159,100.0,9.9673,9.9998,0.0,0.0,0.0,100.0,662.15,14.9516,20.3951,0.0,0.275,9.499,14.9527,0.0,0.0,32.975,0.0,0.0,0.037,686.4,100.0,1774.08,518.87,25.99,0.0,38.0,4.8391,0.0,76.7544,4.6175,82.335,710.0,19.4238,73.7301,0.0,0.15,0.3151,590.0,13.3025,673.7,0.0,0.037,0.1499,2.6,184.015,73.7301,0.1499,4999.375,518.85,518.87,680.0,518.86
57.5625,211.42,0.0,211.42,4.234,75.5462,710.0,24.9975,172.017,523.26,42.3355,0.0,110.0,275.75,186296.0,491.22,88.0,0.0,0.0,343.35,0.0,0.0,9.9998,0.0,96.08,0.0,50.0,180.0,11.1197,0.0,0.0,75.5462,680.3,42.3222,0.0,100.0,0.0,2999.5,590.2,32.975,184.015,100.0,184.015,488.25,47.994,25.48,184.015,100.0,0.0,0.0,0.0,0.0,9.1118,24.9975,100.0,1774.08,0.0,518.895,-1.0,0.0,0.0,60.0,50100.0,25.04,0.0,0.0,47.994,184.015,0.0,489.24,0.4632,0.0,5000.0,13.3065,600.0,0.1272,0.0,100.0,544.2,518.9,49.925,0.0,0.0,14.9504,5000.04,0.0,590.2,682.05,0.0,211.42,0.037,100.0,14.9504,94.44,100.0,997.2,0.207,100.0,15.7202,3.3,10.0,14.9504,0.0,186296.0,14.9504,518.895,100.0,0.0,680.3,250.0,24.9975,0.0,4.6175,680.3,0.0,0.0,0.037,686.4125,0.1499,100.0,0.0,0.3794,0.0,10.916,0.0,100.0,172.004,0.0,1000.2,999.9,0.0,0.294,84.585,686.4,72.5552,0.0,670.45,0.0,710.0,1774.08,523.26,50.0,0.3151,0.2439,1000.2,0.7,186296.0,543.2,42.3222,677.0,680.25,0.0,0.0,0.0,0.1776,0.681,0.0,0.0,0.037,180.0125,0.0,0.0,12.31,2.6,26.555,0.1273,1000.0,1.0,66.2019,571.7,50.0,145.706,5000.0,0.0,100.0,0.1959,600.0,28.0955,0.0,3000.0,24.9975,26.8865,680.3,184.015,9.9998,0.0,0.0,0.0,2999.5,286.695,96.08,72.5552,0.0,2.6003,0.0,0.3794,11.1197,20.3906,14.9516,343.35,0.2999,518.895,19.4238,0.5,0.0,0.0,0.0,2.6,0.0,250.0,100.0,33.0,0.0,50.0,0.0,5000.04,2200.0,686.4,28.0955,26.91,1.76,358.45,358.45,57.5625,4999.375,180.0125,1.0067,0.0,0.1272,86.025,0.0,0.0,0.0,50.0,0.0,76.7544,0.0,0.0,0.1298,0.0,24.9975,0.037,662.15,14.9504,252.3,0.0,4.6175,148.68,50.0,82.02,25.0,650.7,50.0,0.0,0.0,0.123,1000.0,0.0,20.3906,0.0,100.0,186296.0,0.4632,20.0,0.0,0.0,47.976,0.5,186296.0,0.0,0.3794,590.2,0.123,0.1299,2.6,211.42,0.0,490.22,0.0,523.29,358.2345,0.0,2.6003,75.545,184.015,9.9672,26.49,100.0,520.0,84.99,61.56,5999.7334,0.7,26.91,85.23,0.0,15.7202,24.9975,100.0,0.0,0.037,0.0,83.5575,600.0,66.2019,590.2,523.26,100.0,186225.0,343.35,10.916,100.0,9.9672,9.9998,0.0,0.0,0.0,100.0,662.15,14.9504,20.3921,0.0,0.275,9.499,14.9516,0.0,0.0,32.975,0.0,0.0,0.037,686.4,100.0,1774.08,518.9,25.99,0.0,38.0,4.65,0.0,76.7544,4.6175,82.3125,710.0,19.4238,73.727,0.0,0.15,0.3151,590.0,13.3065,673.7,0.0,0.037,0.1499,2.6,184.015,73.727,0.1499,4999.375,518.9,518.9,680.0,518.895
57.5625,211.42,0.0,211.42,4.231,75.5456,710.0,24.9975,172.017,523.23,42.3222,0.0,110.0,275.8,186296.0,491.22,88.0,0.0,0.0,343.35,0.0,0.0,9.9998,0.0,96.08,0.0,50.0,180.0,11.12,0.0,0.0,75.5456,680.3,42.3126,0.0,100.0,0.0,2999.5,590.2,32.97,184.015,100.0,184.015,488.25,47.976,25.48,184.015,100.0,0.0,0.0,0.0,0.0,9.1118,24.9975,100.0,1774.08,0.0,518.895,-1.0,0.0,0.0,60.0,50100.0,25.04,0.0,0.0,47.976,184.015,0.0,489.24,0.4632,0.0,5000.0,13.3105,600.0,0.1272,0.0,100.0,544.16,518.9,49.925,0.0,0.0,14.9493,5000.04,0.0,590.2,682.05,0.0,211.42,0.037,100.0,14.9493,94.44,100.0,997.2,0.207,100.0,15.7207,3.3,10.0,14.9493,0.0,186296.0,14.9493,518.895,100.0,0.0,680.3,250.0,24.9975,0.0,4.6175,680.3,0.0,0.0,0.037,686.4125,0.1499,100.0,0.0,0.3794,0.0,10.9161,0.0,100.0,172.004,0.0,1000.2,999.9,0.0,0.294,84.645,686.4,72.5552,0.0,670.45,0.0,710.0,1774.08,523.23,50.0,0.3151,0.2439,1000.2,0.7,186296.0,543.16,42.3126,677.0,680.25,0.0,0.0,0.0,0.1775,0.681,0.0,0.0,0.037,180.0125,0.0,0.0,12.31,2.6,26.555,0.1273,1000.0,1.0,66.2018,571.85,50.0,145.706,5000.0,0.0,100.0,0.1959,600.0,28.0955,0.0,3000.0,24.9975,26.87,680.3,184.015,9.9998,0.0,0.0,0.0,2999.5,287.4375,96.08,72.5552,0.0,2.6003,0.0,0.3794,11.12,20.3876,14.9504,343.35,0.2999,518.895,19.4238,0.5,0.0,0.0,0.0,2.6,0.0,250.0,100.0,33.0,0.0,50.0,0.0,5000.04,2200.0,686.4,28.0955,26.91,1.76,358.55,358.55,57.6,4999.375,180.0125,1.0066,0.0,0.1272,86.425,0.0,0.0,0.0,50.0,0.0,76.7544,0.0,0.0,0.1298,0.0,24.9975,0.037,662.15,14.9493,252.3,0.0,4.6175,148.68,50.0,81.9375,25.0,650.7,50.0,0.0,0.0,0.123,1000.0,0.0,20.3876,0.0,100.0,186296.0,0.4632,20.0,0.0,0.0,47.964,0.5,186296.0,0.0,0.3794,590.2,0.123,0.1299,2.6,211.42,0.0,490.25,0.0,523.26,358.0279,0.0,2.6003,75.545,184.015,9.9672,26.49,100.0,520.0,84.9825,61.56,5999.7334,0.7,26.91,85.3125,0.0,15.7207,24.9975,100.0,0.0,0.037,0.0,83.55,600.0,66.2018,590.2,523.23,100.0,186225.0,343.35,10.9161,100.0,9.9672,9.9998,0.0,0.0,0.0,100.0,662.15,14.9493,20.3891,0.0,0.275,9.499,14.9504,0.0,0.0,32.975,0.0,0.0,0.037,686.4,100.0,1774.08,518.9,25.99,0.0,38.0,3.9812,0.0,76.7544,4.6175,82.3575,710.0,19.4238,73.7239,0.0,0.15,0.3151,590.0,13.3105,673.7,0.0,0.037,0.1499,2.6,184.015,73.7239,0.1499,4999.375,518.9,518.9,680.0,518.895
57.6,211.42,0.0,211.42,4.227,75.5451,710.16,24.9975,171.99,523.2,42.3126,0.0,110.0,275.8,186296.0,491.22,88.0,0.0,0.0,343.35,0.0,0.0,9.9998,0.0,96.08,0.0,50.0,180.0,11.1204,0.0,0.0,75.5451,680.3,42.3032,0.0,100.0,0.0,3000.5,590.2,32.97,184.015,100.0,184.015,488.295,47.964,25.48,184.015,100.0,0.0,0.0,0.0,0.0,9.1113,24.9975,100.0,1774.08,0.0,518.93,-1.0,0.0,0.0,60.0,50100.0,25.04,0.0,0.0,47.964,184.015,0.0,489.285,0.4632,0.0,5000.0,13.3145,600.0,0.1272,0.0,100.0,544.12,518.9,49.925,0.0,0.0,14.9396,5000.04,0.0,590.2,682.05,0.0,211.42,0.037,100.0,14.9396,94.44,100.0,997.2,0.207,100.0,15.7187,3.3,10.0,14.9396,0.0,186296.0,14.9396,518.93,100.0,0.0,680.3,250.0,24.9975,0.0,4.6175,680.3,0.0,0.0,0.037,686.4125,0.1498,100.0,0.0,0.3794,0.0,10.9161,0.0,100.0,171.99,0.0,1000.2,999.9,0.0,0.294,84.66,686.4,72.5539,0.0,670.45,0.0,710.16,1774.08,523.2,50.0,0.3151,0.2439,1000.2,0.7,186296.0,543.16,42.3032,677.0,680.25,0.0,0.0,0.0,0.1775,0.681,0.0,0.0,0.037,180.0125,0.0,0.0,12.31,2.6,26.555,0.1273,1000.0,1.0,66.2017,571.85,50.0,145.717,5000.0,0.0,100.0,0.1959,600.0,28.0955,0.0,3000.0,24.9975,26.8645,680.3,184.015,9.9998,0.0,0.0,0.0,3000.5,287.055,96.08,72.5539,0.0,2.6003,0.0,0.3794,11.1204,20.3845,14.9493,343.35,0.2999,518.93,19.4238,0.5,0.0,0.0,0.0,2.6,0.0,250.0,100.0,33.0,0.0,50.0,0.0,5000.04,2200.0,686.4,28.0955,26.91,1.76,358.55,358.55,57.6,4999.375,180.0125,1.0065,0.0,0.1272,86.725,0.0,0.0,0.0,50.0,0.0,76.7544,0.0,0.0,0.1298,0.0,24.9975,0.037,662.15,14.9396,252.325,0.0,4.6175,148.6913,50.0,81.9675,25.0,650.7,50.0,0.0,0.0,0.123,1000.0,0.0,20.3845,0.0,100.0,186296.0,0.4632,20.0,0.0,0.0,47.964,0.5,186296.0,0.0,0.3794,590.2,0.123,0.1299,2.6,211.42,0.0,490.25,0.0,523.23,358.3723,0.0,2.6003,75.545,184.015,9.9671,26.49,100.0,520.0,84.9525,61.56,5999.7334,0.7,26.91,85.3275,0.0,15.7187,24.9975,100.0,0.0,0.037,0.0,83.565,600.0,66.2017,590.2,523.2,100.0,186300.0,343.35,10.9161,100.0,9.9671,9.9998,0.0,0.0,0.0,100.0,662.15,14.9396,20.3861,0.0,0.275,9.499,14.9493,0.0,0.0,32.97,0.0,0.0,0.037,686.4,100.0,1774.08,518.93,25.99,0.0,38.0,4.7812,0.0,76.7544,4.6175,82.305,710.0,19.4238,73.6701,0.0,0.15,0.3151,590.0,13.3145,673.7,0.0,0.037,0.1498,2.6,184.015,73.6701,0.1498,4999.375,518.9,518.93,680.0,518.93
57.6,211.42,0.0,211.42,4.227,75.5446,710.16,24.9975,171.99,523.2,42.3032,0.0,110.0,275.8,186296.0,491.22,88.0,0.0,0.0,343.35,0.0,0.0,9.9998,0.0,96.08,0.0,50.0,180.0,11.1207,0.0,0.0,75.5446,680.3,42.2939,0.0,100.0,0.0,3000.5,590.2,32.97,184.015,100.0,184.015,488.295,47.964,25.48,184.015,100.0,0.0,0.0,0.0,0.0,9.1113,24.9975,100.0,1774.08,0.0,518.93,-1.0,0.0,0.0,60.0,50100.0,25.04,0.0,0.0,47.964,184.015,0.0,489.285,0.4632,0.0,5000.0,13.3185,600.0,0.1272,0.0,100.0,544.12,518.9,49.925,0.0,0.0,14.9382,5000.04,0.0,590.2,682.05,0.0,211.42,0.037,100.0,14.9382,94.44,100.0,997.2,0.207,100.0,15.7182,3.3,10.0,14.9382,0.0,186296.0,14.9382,518.93,100.0,0.0,680.3,250.0,24.9975,0.0,4.6175,680.3,0.0,0.0,0.037,686.4125,0.1498,100.0,0.0,0.3794,0.0,10.9162,0.0,100.0,171.99,0.0,1000.2,999.9,0.0,0.294,84.66,686.4,72.5537,0.0,670.45,0.0,710.16,1774.08,523.2,50.0,0.3151,0.2439,1000.2,0.7,186296.0,543.16,42.2939,677.0,680.25,0.0,0.0,0.0,0.1775,0.681,0.0,0.0,0.037,180.0125,0.0,0.0,12.31,2.6,26.555,0.1273,1000.0,1.0,66.2016,571.85,50.0,145.717,5000.0,0.0,100.0,0.1959,600.0,28.0955,0.0,3000.0,24.9975,26.8645,680.3,184.015,9.9998,0.0,0.0,0.0,3000.5,287.055,96.08,72.5537,0.0,2.6003,0.0,0.3794,11.1207,20.3815,14.9396,343.35,0.2999,518.93,19.4238,0.5,0.0,0.0,0.0,2.6,0.0,250.0,100.0,33.0,0.0,50.0,0.0,5000.04,2200.0,686.4,28.0955,26.91,1.76,358.55,358.55,57.6,4999.375,180.0125,1.0065,0.0,0.1272,86.725,0.0,0.0,0.0,50.0,0.0,76.7544,0.0,0.0,0.1298,0.0,24.9975,0.037,662.15,14.9382,252.325,0.0,4.6175,148.6913,50.0,81.9675,25.0,650.7,50.0,0.0,0.0,0.123,1000.0,0.0,20.3815,0.0,100.0,186296.0,0.4632,20.0,0.0,0.0,47.964,0.5,186296.0,0.0,0.3794,590.2,0.123,0.1299,2.6,211.42,0.0,490.25,0.0,523.2,358.3723,0.0,2.6003,75.545,184.015,9.967,26.49,100.0,520.0,84.9525,61.56,5999.7334,0.7,26.91,85.3275,0.0,15.7182,24.9975,100.0,0.0,0.037,0.0,83.565,600.0,66.2016,590.2,523.2,100.0,186300.0,343.35,10.9162,100.0,9.967,9.9998,0.0,0.0,0.0,100.0,662.15,14.9382,20.383,0.0,0.275,9.499,14.9396,0.0,0.0,32.97,0.0,0.0,0.037,686.4,100.0,1774.08,518.93,25.99,0.0,38.0,4.7812,0.0,76.7544,4.6175,82.305,710.0,19.4238,73.6663,0.0,0.15,0.3151,590.0,13.3185,673.7,0.0,0.037,0.1498,2.6,184.015,73.6663,0.1498,4999.375,518.9,518.93,680.0,518.93
57.6,211.44,0.0,211.44,4.222,75.5441,710.16,24.9975,171.99,523.17,42.2939,0.0,110.0,275.85,186296.0,491.265,88.0,0.0,0.0,343.35,0.0,0.0,9.9998,0.0,96.08,0.0,50.0,180.0,11.121,0.0,0.0,75.5441,680.3,42.281,0.0,100.0,0.0,3000.5,590.2,32.97,184.015,100.0,184.015,488.295,47.964,25.48,184.015,100.0,0.0,0.0,0.0,0.0,9.1113,24.9975,100.0,1774.08,0.0,518.93,-1.0,0.0,0.0,60.0,50200.0,25.04,0.0,0.0,47.964,184.015,0.0,489.285,0.4632,0.0,5000.0,13.3225,600.0,0.1272,0.0,100.0,544.12,518.9,49.925,0.0,0.0,14.9368,5000.04,0.0,590.2,682.05,0.0,211.44,0.037,100.0,14.9368,94.44,100.0,997.2,0.207,100.0,15.7177,3.3,10.0,14.9368,0.0,186296.0,14.9368,518.93,100.0,0.0,680.3,250.0,24.9975,0.0,4.6175,680.3,0.0,0.0,0.037,686.4125,0.1498,100.0,0.0,0.3794,0.0,10.9162,0.0,100.0,171.99,0.0,1000.2,999.9,0.0,0.294,84.6675,686.4,72.5534,0.0,670.45,0.0,710.16,1774.08,523.17,50.0,0.3151,0.2439,1000.2,0.7,186296.0,543.12,42.281,677.0,680.25,0.0,0.0,0.0,0.1774,0.681,0.0,0.0,0.037,180.0125,0.0,0.0,12.31,2.6,26.555,0.1273,1000.0,1.0,66.2015,572.05,50.0,145.717,5000.0,0.0,100.0,0.1959,600.0,28.0955,0.0,3000.0,24.9975,26.859,680.3,184.015,9.9998,0.0,0.0,0.0,3000.5,286.605,96.08,72.5534,0.0,2.6003,0.0,0.3794,11.121,20.3785,14.9382,343.35,0.2999,518.93,19.4238,0.5,0.0,0.0,0.0,2.6,0.0,250.0,100.0,33.0,0.0,50.0,0.0,5000.04,2200.0,686.4,28.0955,26.91,1.76,358.6,358.6,57.5625,4999.375,180.0125,1.0065,0.0,0.1272,86.575,0.0,0.0,0.0,50.0,0.0,76.7544,0.0,0.0,0.1298,0.0,24.9975,0.037,662.15,14.9368,252.325,0.0,4.6175,148.6913,50.0,81.9975,25.0,650.7,50.0,0.0,0.0,0.123,1000.0,0.0,20.3785,0.0,100.0,186296.0,0.4632,20.0,0.0,0.0,47.988,0.5,186296.0,0.0,0.3794,590.2,0.123,0.1299,2.6,211.44,0.0,490.28,0.0,523.2,358.3723,0.0,2.6003,75.545,184.015,9.9669,26.49,100.0,520.0,84.93,61.56,5999.7334,0.7,26.91,85.32,0.0,15.7177,24.9975,100.0,0.0,0.037,0.0,83.58,600.0,66.2015,590.2,523.17,100.0,186300.0,343.35,10.9162,100.0,9.9669,9.9998,0.0,0.0,0.0,100.0,662.15,14.9368,20.38,0.0,0.275,9.499,14.9382,0.0,0.0,32.97,0.0,0.0,0.037,686.4,100.0,1774.08,518.93,25.99,0.0,38.0,4.3859,0.0,76.7544,4.6175,82.2675,710.0,19.4238,73.6626,0.0,0.15,0.3151,590.0,13.3225,673.7,0.0,0.037,0.1498,2.6,184.015,73.6626,0.1498,4999.375,518.9,518.93,680.0,518.93
57.6,211.44,0.0,211.44,4.218,75.5436,710.0,24.9975,171.99,523.14,42.281,0.0,110.0,275.85,186296.0,491.265,88.0,0.0,0.0,343.35,0.0,0.0,9.9998,0.0,96.08,0.0,50.0,180.0,11.1182,0.0,0.0,75.5436,680.3,42.2718,0.0,100.0,0.0,2999.5,590.2,32.97,184.015,100.0,184.015,488.295,47.988,25.48,184.015,100.0,0.0,0.0,0.0,0.0,9.1113,24.9975,100.0,1774.08,0.0,518.93,-1.0,0.0,0.0,60.0,50200.0,25.04,0.0,0.0,47.988,184.015,0.0,489.285,0.4632,0.0,5000.0,13.3265,600.0,0.1272,0.0,100.0,544.08,518.95,49.925,0.0,0.0,14.9441,5000.04,0.0,590.2,682.05,0.0,211.44,0.037,100.0,14.9441,94.44,100.0,997.2,0.2069,100.0,15.7197,3.3,10.0,14.9441,0.0,186296.0,14.9441,518.93,100.0,0.0,680.3,250.0,24.9975,0.0,4.6175,680.3,0.0,0.0,0.037,686.4125,0.1499,100.0,0.0,0.3794,0.0,10.9163,0.0,100.0,171.99,0.0,1000.2,999.9,0.0,0.294,84.615,686.4,72.5544,0.0,670.45,0.0,710.0,1774.08,523.14,50.0,0.3151,0.2439,1000.2,0.7,186296.0,543.08,42.2718,677.0,680.3,0.0,0.0,0.0,0.1773,0.681,0.0,0.0,0.037,180.0125,0.0,0.0,12.31,2.6,26.555,0.1273,1000.0,1.0,66.2014,571.25,50.0,145.717,5000.0,0.0,100.0,0.1959,600.0,28.0954,0.0,3000.0,24.9975,26.8645,680.3,184.015,9.9998,0.0,0.0,0.0,2999.5,286.7625,96.08,72.5544,0.0,2.6003,0.0,0.3794,11.1182,20.3755,14.9368,343.35,0.2999,518.93,19.4238,0.5,0.0,0.0,0.0,2.6,0.0,250.0,100.0,33.0,0.0,50.0,0.0,5000.04,2200.0,686.4,28.0954,26.91,1.76,358.6,358.6,57.525,5001.75,180.0125,1.0064,0.0,0.1272,86.4,0.0,0.0,0.0,50.0,0.0,76.7544,0.0,0.0,0.1298,0.0,24.9975,0.037,662.15,14.9441,252.325,0.0,4.6175,148.6913,50.0,82.005,25.0,650.7,50.0,0.0,0.0,0.123,1000.0,0.0,20.3755,0.0,100.0,186296.0,0.4632,20.0,0.0,0.0,48.0,0.5,186296.0,0.0,0.3794,590.2,0.123,0.1298,2.6,211.44,0.0,490.28,0.0,523.17,358.6133,0.0,2.6003,75.545,184.015,9.9668,26.49,100.0,520.0,84.975,61.56,5999.7334,0.7,26.91,85.3575,0.0,15.7197,24.9975,100.0,0.0,0.037,0.0,83.565,600.0,66.2014,590.2,523.14,100.0,186300.0,343.35,10.9163,100.0,9.9668,9.9998,0.0,0.0,0.0,100.0,662.15,14.9441,20.377,0.0,0.275,9.499,14.9368,0.0,0.0,32.97,0.0,0.0,0.037,686.4,100.0,1774.08,518.93,25.99,0.0,38.0,4.0078,0.0,76.7544,4.6175,82.2225,710.0,19.4238,73.6588,0.0,0.15,0.3151,590.0,13.3265,673.7,0.0,0.037,0.1499,2.6,184.015,73.6588,0.1499,5001.75,518.95,518.93,680.0,518.93
57.5625,211.44,0.0,211.44,4.215,75.5431,710.0,24.9975,171.99,523.14,42.2718,0.0,110.0,275.9,186296.0,491.265,88.0,0.0,0.0,343.35,0.0,0.0,9.9998,0.0,96.08,0.0,50.0,180.0,11.1173,0.0,0.0,75.5431,680.3,42.2628,0.0,100.0,0.0,2999.5,590.2,32.965,184.015,100.0,184.015,488.295,48.0,25.48,184.015,100.0,0.0,0.0,0.0,0.0,9.1113,24.9975,100.0,1774.08,0.0,518.93,-1.0,0.0,0.0,60.0,50200.0,25.04,0.0,0.0,48.0,184.015,0.0,489.285,0.4632,0.0,5000.0,13.3305,600.0,0.1272,0.0,100.0,544.08,518.95,49.925,0.0,0.0,14.9429,5000.04,0.0,590.2,682.05,0.0,211.44,0.037,100.0,14.9429,94.44,100.0,997.2,0.2069,100.0,15.7202,3.3,10.0,14.9429,0.0,186296.0,14.9429,518.93,100.0,0.0,680.3,250.0,24.9975,0.0,4.6175,680.3,0.0,0.0,0.037,686.4125,0.1499,100.0,0.0,0.3794,0.0,10.9163,0.0,100.0,171.99,0.0,1000.2,999.9,0.0,0.294,84.6525,686.4,72.5544,0.0,670.45,0.0,710.0,1774.08,523.14,50.0,0.3151,0.2439,1000.2,0.7,186296.0,543.08,42.2628,677.0,680.3,0.0,0.0,0.0,0.1773,0.681,0.0,0.0,0.037,180.0125,0.0,0.0,12.306,2.6,26.555,0.1273,1000.0,1.0,66.2013,571.2,50.0,145.717,5000.0,0.0,100.0,0.1959,600.0,28.0954,0.0,3000.0,24.9975,26.881,680.3,184.015,9.9998,0.0,0.0,0.0,2999.5,287.415,96.08,72.5544,0.0,2.6003,0.0,0.3794,11.1173,20.3724,14.9441,343.35,0.2999,518.93,19.4238,0.5,0.0,0.0,0.0,2.6,0.0,250.0,100.0,33.0,0.0,50.0,0.0,5000.04,2200.0,686.4,28.0954,26.91,1.76,358.65,358.65,57.5625,5001.75,180.0125,1.0064,0.0,0.1272,86.925,0.0,0.0,0.0,50.0,0.0,76.7544,0.0,0.0,0.1298,0.0,24.9975,0.037,662.15,14.9429,252.325,0.0,4.6175,148.6913,50.0,82.05,25.0,650.7,50.0,0.0,0.0,0.123,1000.0,0.0,20.3724,0.0,100.0,186296.0,0.4632,20.0,0.0,0.0,48.012,0.5,186296.0,0.0,0.3794,590.2,0.123,0.1298,2.6,211.44,0.0,490.28,0.0,523.14,357.8557,0.0,2.6003,75.54,184.015,9.9667,26.49,100.0,520.0,84.96,61.56,5999.7334,0.7,26.91,85.3575,0.0,15.7202,24.9975,100.0,0.0,0.037,0.0,83.5725,600.0,66.2013,590.2,523.14,100.0,186300.0,343.35,10.9163,100.0,9.9667,9.9998,0.0,0.0,0.0,100.0,662.15,14.9429,20.3739,0.0,0.275,9.499,14.9441,0.0,0.0,32.97,0.0,0.0,0.037,686.4,100.0,1774.08,518.93,25.99,0.0,38.0,4.475,0.0,76.7544,4.6175,82.275,710.0,19.4238,73.6551,0.0,0.15,0.3151,590.0,13.3305,673.7,0.0,0.037,0.1499,2.6,184.015,73.6551,0.1499,5001.75,518.95,518.93,680.0,518.93
57.5625,211.44,0.0,211.44,4.213,75.5426,710.0,24.9975,171.99,523.08,42.2628,0.0,110.0,275.95,186296.0,491.265,88.0,0.0,0.0,343.35,0.0,0.0,9.9998,0.0,96.08,0.0,50.0,180.0,11.1164,0.0,0.0,75.5426,680.3,42.2501,0.0,100.0,0.0,2999.5,590.2,32.965,184.015,100.0,184.015,488.34,48.012,25.48,184.015,100.0,0.0,0.0,0.0,0.0,9.1118,24.9975,100.0,1774.08,0.0,518.965,-1.0,0.0,0.0,60.0,50100.0,25.04,0.0,0.0,48.012,184.015,0.0,489.33,0.4632,0.0,5000.0,13.3345,600.0,0.1272,0.0,100.0,544.04,518.95,49.925,0.0,0.0,14.9418,5000.04,0.0,590.2,682.05,0.0,211.44,0.037,100.0,14.9418,94.44,100.0,997.2,0.2069,100.0,15.7207,3.3,10.0,14.9418,0.0,186296.0,14.9418,518.965,100.0,0.0,680.3,250.0,24.9975,0.0,4.6175,680.3,0.0,0.0,0.037,686.4125,0.1499,100.0,0.0,0.3794,0.0,10.9164,0.0,100.0,171.99,0.0,1000.2,999.9,0.0,0.294,84.5925,686.4,72.5544,0.0,670.45,0.0,710.0,1774.08,523.08,50.0,0.3151,0.2439,1000.2,0.7,186296.0,543.04,42.2501,677.0,680.3,0.0,0.0,0.0,0.1773,0.681,0.0,0.0,0.037,180.0125,0.0,0.0,12.307,2.6,26.555,0.1272,1000.0,1.0,66.2013,571.65,50.0,145.717,5000.0,0.0,100.0,0.1959,600.0,28.0954,0.0,3000.0,24.9975,26.8975,680.3,184.015,9.9998,0.0,0.0,0.0,2999.5,287.2125,96.08,72.5544,0.0,2.6003,0.0,0.3794,11.1164,20.3694,14.9429,343.35,0.2999,518.965,19.4238,0.5,0.0,0.0,0.0,2.6,0.0,250.0,100.0,33.0,0.0,50.0,0.0,5000.04,2200.0,686.4,28.0954,26.91,1.76,358.7,358.7,57.5625,5001.75,180.0125,1.0063,0.0,0.1272,86.2,0.0,0.0,0.0,50.0,0.0,76.7544,0.0,0.0,0.1298,0.0,24.9975,0.037,662.15,14.9418,252.325,0.0,4.6175,148.6913,50.0,82.08,25.0,650.7,50.0,0.0,0.0,0.123,1000.0,0.0,20.3694,0.0,100.0,186296.0,0.4632,20.0,0.0,0.0,48.012,0.5,186296.0,0.0,0.3794,590.2,0.123,0.1298,2.6,211.44,0.0,490.31,0.0,523.14,358.2345,0.0,2.6003,75.54,184.015,9.9667,26.49,100.0,520.0,84.975,61.56,5999.7334,0.7,26.91,85.2825,0.0,15.7207,24.9975,100.0,0.0,0.037,0.0,83.565,600.0,66.2013,590.2,523.08,100.0,186225.0,343.35,10.9164,100.0,9.9667,9.9998,0.0,0.0,0.0,100.0,662.15,14.9418,20.3709,0.0,0.275,9.498,14.9429,0.0,0.0,32.965,0.0,0.0,0.037,686.4,100.0,1774.08,518.96,25.99,0.0,38.0,4.225,0.0,76.7544,4.6175,82.2975,710.0,19.4238,73.6007,0.0,0.15,0.3151,590.0,13.3345,673.7,0.0,0.037,0.1499,2.6,184.015,73.6007,0.1499,5001.75,518.95,518.96,680.0,518.965
57.5625,211.44,0.0,211.44,4.213,75.5421,710.0,24.9975,171.99,523.08,42.2501,0.0,110.0,275.95,186296.0,491.265,88.0,0.0,0.0,343.35,0.0,0.0,9.9998,0.0,96.08,0.0,50.0,180.0,11.1155,0.0,0.0,75.5421,680.3,42.2449,0.0,100.0,0.0,2999.5,590.2,32.965,184.015,100.0,184.015,488.34,48.012,25.48,184.015,100.0,0.0,0.0,0.0,0.0,9.1118,24.9975,100.0,1774.08,0.0,518.965,-1.0,0.0,0.0,60.0,50100.0,25.04,0.0,0.0,48.012,184.015,0.0,489.33,0.4632,0.0,5000.0,13.3385,600.0,0.1272,0.0,100.0,544.04,518.95,49.925,0.0,0.0,14.9407,5000.04,0.0,590.2,682.05,0.0,211.44,0.037,100.0,14.9407,94.44,100.0,997.2,0.2069,100.0,15.7212,3.3,10.0,14.9407,0.0,186296.0,14.9407,518.965,100.0,0.0,680.3,250.0,24.9975,0.0,4.6175,680.3,0.0,0.0,0.037,686.4125,0.1499,100.0,0.0,0.3794,0.0,10.9164,0.0,100.0,171.99,0.0,1000.2,999.9,0.0,0.294,84.5925,686.4,72.5544,0.0,670.45,0.0,710.0,1774.08,523.08,50.0,0.3151,0.2439,1000.2,0.7,186296.0,543.04,42.2449,677.0,680.3,0.0,0.0,0.0,0.1773,0.681,0.0,0.0,0.037,180.0125,0.0,0.0,12.307,2.6,26.555,0.1272,1000.0,1.0,66.2012,571.65,50.0,145.717,5000.0,0.0,100.0,0.1959,600.0,28.0954,0.0,3000.0,24.9975,26.8975,680.3,184.015,9.9998,0.0,0.0,0.0,2999.5,287.2125,96.08,72.5544,0.0,2.6003,0.0,0.3794,11.1155,20.3664,14.9418,343.35,0.2999,518.965,19.4238,0.5,0.0,0.0,0.0,2.6,0.0,250.0,100.0,33.0,0.0,50.0,0.0,5000.04,2200.0,686.4,28.0954,26.91,1.76,358.7,358.7,57.5625,5001.75,180.0125,1.0063,0.0,0.1272,86.2,0.0,0.0,0.0,50.0,0.0,76.7544,0.0,0.0,0.1298,0.0,24.9975,0.037,662.15,14.9407,252.325,0.0,4.6175,148.6913,50.0,82.08,25.0,650.7,50.0,0.0,0.0,0.123,1000.0,0.0,20.3664,0.0,100.0,186296.0,0.4632,20.0,0.0,0.0,48.012,0.5,186296.0,0.0,0.3794,590.2,0.123,0.1298,2.6,211.44,0.0,490.31,0.0,523.08,358.2345,0.0,2.6003,75.54,184.015,9.9666,26.49,100.0,520.0,84.975,61.56,5999.7334,0.7,26.91,85.2825,0.0,15.7212,24.9975,100.0,0.0,0.037,0.0,83.565,600.0,66.2012,590.2,523.08,100.0,186225.0,343.35,10.9164,100.0,9.9666,9.9998,0.0,0.0,0.0,100.0,662.15,14.9407,20.3679,0.0,0.275,9.498,14.9418,0.0,0.0,32.965,0.0,0.0,0.037,686.4,100.0,1774.08,518.96,25.99,0.0,38.0,4.225,0.0,76.7544,4.6175,82.2975,710.0,19.4238,73.5964,0.0,0.15,0.3151,590.0,13.3385,673.7,0.0,0.037,0.1499,2.6,184.015,73.5964,0.1499,5001.75,518.95,518.96,680.0,518.965
57.6,211.46,0.0,211.46,4.214,75.5416,710.0,24.9975,171.99,523.05,42.2449,0.0,110.0,275.95,186296.0,491.31,88.0,0.0,0.0,343.35,0.0,0.0,9.9998,0.0,96.08,0.0,50.0,180.0,11.1177,0.0,0.0,75.5416,680.3,42.2325,0.0,100.0,0.0,3000.25,590.2,32.96,184.015,100.0,184.015,488.34,48.012,25.48,184.015,100.0,0.0,0.0,0.0,0.0,9.1118,24.9975,100.0,1774.08,0.0,518.965,-1.0,0.0,0.0,60.0,50100.0,25.04,0.0,0.0,48.012,184.015,0.0,489.33,0.4632,0.0,5000.0,13.3425,600.0,0.1272,0.0,100.0,544.0,518.95,49.925,0.0,0.0,14.9396,5000.04,0.0,590.2,682.05,0.0,211.46,0.037,100.0,14.9396,94.44,100.0,997.2,0.2069,100.0,15.7198,3.3,10.0,14.9396,0.0,186296.0,14.9396,518.965,100.0,0.0,680.3,250.0,24.9975,0.0,4.6175,680.3,0.0,0.0,0.037,686.4125,0.1499,100.0,0.0,0.3794,0.0,10.9165,0.0,100.0,171.99,0.0,1000.2,999.9,0.0,0.294,84.6,686.4,72.5544,0.0,670.45,0.0,710.0,1774.08,523.05,50.0,0.3151,0.2439,1000.2,0.7,186296.0,543.0,42.2325,677.0,680.3,0.0,0.0,0.0,0.1773,0.681,0.0,0.0,0.037,180.0125,0.0,0.0,12.307,2.6,26.555,0.1272,1000.0,1.0,66.2011,572.0,50.0,145.717,5000.0,0.0,100.0,0.1959,600.0,28.0954,0.0,3000.0,24.9975,26.8975,680.3,184.015,9.9998,0.0,0.0,0.0,3000.25,286.92,96.08,72.5544,0.0,2.6003,0.0,0.3794,11.1177,20.3633,14.9407,343.35,0.2999,518.965,19.4238,0.5,0.0,0.0,0.0,2.6,0.0,250.0,100.0,33.0,0.0,50.0,0.0,5000.04,2200.0,686.4,28.0954,26.91,1.76,358.75,358.75,57.525,4999.375,180.0125,1.0063,0.0,0.1272,86.675,0.0,0.0,0.0,50.0,0.0,76.7544,0.0,0.0,0.1298,0.0,24.9975,0.037,662.15,14.9396,252.325,0.0,4.6175,148.6913,50.0,82.0275,25.0,650.7,50.0,0.0,0.0,0.123,1000.0,0.0,20.3633,0.0,100.0,186296.0,0.4632,20.0,0.0,0.0,48.006,0.5,186296.0,0.0,0.3794,590.2,0.123,0.1298,2.6,211.46,0.0,490.31,0.0,523.08,358.7166,0.0,2.6003,75.54,184.015,9.9665,26.49,100.0,520.0,84.9525,61.56,5999.7334,0.7,26.91,85.29,0.0,15.7198,24.9975,100.0,0.0,0.037,0.0,83.5125,600.0,66.2011,590.2,523.05,100.0,186225.0,343.35,10.9165,100.0,9.9665,9.9998,0.0,0.0,0.0,100.0,662.15,14.9396,20.3649,0.0,0.275,9.498,14.9407,0.0,0.0,32.965,0.0,0.0,0.037,686.4,100.0,1774.08,518.96,25.99,0.0,38.0,4.7875,0.0,76.7544,4.6175,82.3275,710.0,19.4238,73.592,0.0,0.15,0.3151,590.0,13.3425,673.75,0.0,0.037,0.1499,2.6,184.015,73.592,0.1499,4999.375,518.95,518.96,680.0,518.965
57.6,211.46,0.0,211.46,4.212,75.5411,710.0,24.9975,171.99,523.02,42.2325,0.0,110.0,276.0,186296.0,491.31,88.0,0.0,0.0,343.35,0.0,0.0,9.9998,0.0,96.08,0.0,50.0,180.0,11.118,0.0,0.0,75.5411,680.3,42.2238,0.0,100.0,0.0,3000.25,590.2,32.96,184.015,100.0,184.015,488.34,48.006,25.48,184.015,100.0,0.0,0.0,0.0,0.0,9.1118,24.9975,100.0,1774.08,0.0,519.0,-1.0,0.0,0.0,60.0,50100.0,25.04,0.0,0.0,48.006,184.015,0.0,489.33,0.4632,0.0,5000.0,13.3465,600.0,0.1272,0.0,100.0,543.96,519.0,49.925,0.0,0.0,14.9385,5000.04,0.0,590.2,682.05,0.0,211.46,0.037,100.0,14.9385,94.44,100.0,997.2,0.2069,100.0,15.7196,3.3,10.0,14.9385,0.0,186296.0,14.9385,519.0,100.0,0.0,680.3,250.0,24.9975,0.0,4.6175,680.3,0.0,0.0,0.037,686.4125,0.1499,100.0,0.0,0.3794,0.0,10.9166,0.0,100.0,171.976,0.0,1000.2,999.9,0.0,0.294,84.585,686.4,72.5544,0.0,670.45,0.0,710.0,1774.08,523.02,50.0,0.3151,0.2439,1000.2,0.7,186296.0,542.96,42.2238,677.0,680.3,0.0,0.0,0.0,0.1772,0.681,0.0,0.0,0.037,180.0125,0.0,0.0,12.307,2.6,26.555,0.1272,1000.0,1.0,66.201,571.3,50.0,145.717,5000.0,0.0,100.0,0.1959,600.0,28.0954,0.0,3000.0,24.9975,26.8865,680.3,184.015,9.9998,0.0,0.0,0.0,3000.25,286.8975,96.08,72.5544,0.0,2.6003,0.0,0.3794,11.118,20.3603,14.9396,343.35,0.2999,519.0,19.4238,0.5,0.0,0.0,0.0,2.6,0.0,250.0,100.0,33.0,0.0,50.0,0.0,5000.04,2200.0,686.4,28.0954,26.91,1.76,358.8,358.8,57.6,4999.375,180.0125,1.0061,0.0,0.1272,86.2,0.0,0.0,0.0,50.0,0.0,76.7544,0.0,0.0,0.1298,0.0,24.9975,0.037,662.15,14.9385,252.325,0.0,4.6175,148.6913,50.0,82.02,25.0,650.7,50.0,0.0,0.0,0.123,1000.0,0.0,20.3603,0.0,100.0,186296.0,0.4632,20.0,0.0,0.0,48.006,0.5,186296.0,0.0,0.3794,590.2,0.123,0.1298,2.6,211.46,0.0,490.34,0.0,523.05,358.2345,0.0,2.6003,75.54,184.015,9.9664,26.49,100.0,520.0,85.02,61.56,5999.7334,0.7,26.91,85.2525,0.0,15.7196,24.9975,100.0,0.0,0.037,0.0,83.5125,600.0,66.201,590.2,523.02,100.0,186300.0,343.35,10.9166,100.0,9.9664,9.9998,0.0,0.0,0.0,100.0,662.15,14.9385,20.3618,0.0,0.275,9.498,14.9396,0.0,0.0,32.96,0.0,0.0,0.037,686.4,100.0,1774.08,518.99,25.99,0.0,38.0,3.9344,0.0,76.7544,4.6175,82.4025,710.0,19.4238,73.537,0.0,0.15,0.3151,590.0,13.3465,673.75,0.0,0.037,0.1499,2.6,184.015,73.537,0.1499,4999.375,519.0,518.99,680.0,519.0
57.6,211.46,0.0,211.46,4.212,75.5406,710.0,24.9975,171.99,523.02,42.2238,0.0,110.0,276.0,186296.0,491.31,88.0,0.0,0.0,343.35,0.0,0.0,9.9998,0.0,96.08,0.0,50.0,180.0,11.1183,0.0,0.0,75.5406,680.3,42.2152,0.0,100.0,0.0,3000.25,590.2,32.96,184.015,100.0,184.015,488.34,48.006,25.48,184.015,100.0,0.0,0.0,0.0,0.0,9.1118,24.9975,100.0,1774.08,0.0,519.0,-1.0,0.0,0.0,60.0,50100.0,25.04,0.0,0.0,48.006,184.015,0.0,489.33,0.4632,0.0,5000.0,13.3505,600.0,0.1272,0.0,100.0,543.96,519.0,49.925,0.0,0.0,14.9374,5000.04,0.0,590.2,682.05,0.0,211.46,0.037,100.0,14.9374,94.44,100.0,997.2,0.2069,100.0,15.7193,3.3,10.0,14.9374,0.0,186296.0,14.9374,519.0,100.0,0.0,680.3,250.0,24.9975,0.0,4.6175,680.3,0.0,0.0,0.037,686.4125,0.1499,100.0,0.0,0.3794,0.0,10.9166,0.0,100.0,171.976,0.0,1000.2,999.9,0.0,0.294,84.585,686.4,72.5544,0.0,670.45,0.0,710.0,1774.08,523.02,50.0,0.3151,0.2439,1000.2,0.7,186296.0,542.96,42.2152,677.0,680.3,0.0,0.0,0.0,0.1772,0.681,0.0,0.0,0.037,180.0125,0.0,0.0,12.307,2.6,26.555,0.1272,1000.0,1.0,66.2009,571.3,50.0,145.717,5000.0,0.0,100.0,0.1959,600.0,28.0954,0.0,3000.0,24.9975,26.8865,680.3,184.015,9.9998,0.0,0.0,0.0,3000.25,286.8975,96.08,72.5544,0.0,2.6003,0.0,0.3794,11.1183,20.3573,14.9385,343.35,0.2999,519.0,19.4238,0.5,0.0,0.0,0.0,2.6,0.0,250.0,100.0,33.0,0.0,50.0,0.0,5000.04,2200.0,686.4,28.0954,26.91,1.76,358.8,358.8,57.6,4999.375,180.0125,1.0061,0.0,0.1272,86.2,0.0,0.0,0.0,50.0,0.0,76.7544,0.0,0.0,0.1298,0.0,24.9975,0.037,662.15,14.9374,252.325,0.0,4.6175,148.6913,50.0,82.02,25.0,650.7,50.0,0.0,0.0,0.123,1000.0,0.0,20.3573,0.0,100.0,186296.0,0.4632,20.0,0.0,0.0,48.006,0.5,186296.0,0.0,0.3794,590.2,0.123,0.1298,2.6,211.46,0.0,490.34,0.0,523.02,358.2345,0.0,2.6003,75.54,184.015,9.9663,26.49,100.0,520.0,85.02,61.56,5999.7334,0.7,26.91,85.2525,0.0,15.7193,24.9975,100.0,0.0,0.037,0.0,83.5125,600.0,66.2009,590.2,523.02,100.0,186300.0,343.35,10.9166,100.0,9.9663,9.9998,0.0,0.0,0.0,100.0,662.15,14.9374,20.3588,0.0,0.275,9.498,14.9385,0.0,0.0,32.96,0.0,0.0,0.037,686.4,100.0,1774.08,518.99,25.99,0.0,38.0,3.9344,0.0,76.7544,4.6175,82.4025,710.0,19.4238,73.532,0.0,0.15,0.3151,590.0,13.3505,673.75,0.0,0.037,0.1499,2.6,184.015,73.532,0.1499,4999.375,519.0,518.99,680.0,519.0
57.6,211.46,0.0,211.46,4.209,75.5401,710.0,24.9975,171.99,522.99,42.2152,0.0,110.0,276.0,186296.0,491.31,88.0,0.0,0.0,343.35,0.0,0.0,9.9998,0.0,96.08,0.0,50.0,180.0,11.1187,0.0,0.0,75.5401,680.3,42.203,0.0,100.0,0.0,3000.25,590.2,32.96,184.015,100.0,184.015,488.34,48.006,25.48,184.015,100.0,0.0,0.0,0.0,0.0,9.1118,24.9975,100.0,1774.08,0.0,519.0,-1.0,0.0,0.0,60.0,50100.0,25.04,0.0,0.0,48.006,184.015,0.0,489.33,0.4632,0.0,5000.0,13.3545,600.0,0.1272,0.0,100.0,543.92,519.0,49.925,0.0,0.0,14.9363,5000.04,0.0,590.2,682.05,0.0,211.46,0.037,100.0,14.9363,94.44,100.0,997.2,0.2069,100.0,15.7191,3.3,10.0,14.9363,0.0,186296.0,14.9363,519.0,100.0,0.0,680.3,250.0,24.9975,0.0,4.6175,680.3,0.0,0.0,0.037,686.4125,0.1499,100.0,0.0,0.3794,0.0,10.9167,0.0,100.0,171.976,0.0,1000.2,999.9,0.0,0.294,84.585,686.4,72.5544,0.0,670.45,0.0,710.0,1774.08,522.99,50.0,0.3151,0.2439,1000.2,0.7,186296.0,542.92,42.203,677.0,680.3,0.0,0.0,0.0,0.1772,0.681,0.0,0.0,0.037,180.0125,0.0,0.0,12.307,2.6,26.555,0.1272,1000.0,1.0,66.2008,571.35,50.0,145.728,5000.0,0.0,100.0,0.1959,600.0,28.0954,0.0,3000.0,24.9975,26.8865,680.3,184.015,9.9998,0.0,0.0,0.0,3000.25,287.46,96.08,72.5544,0.0,2.6003,0.0,0.3794,11.1187,20.3543,14.9374,343.35,0.2999,519.0,19.4238,0.5,0.0,0.0,0.0,2.6,0.0,250.0,100.0,33.0,0.0,50.0,0.0,5000.04,2200.0,686.4,28.0954,26.91,1.76,358.85,358.85,57.6,4999.375,180.0125,1.006,0.0,0.1272,86.6,0.0,0.0,0.0,50.0,0.0,76.7544,0.0,0.0,0.1298,0.0,24.9975,0.037,662.15,14.9363,252.325,0.0,4.6175,148.6913,50.0,81.975,25.0,650.7,50.0,0.0,0.0,0.123,1000.0,0.0,20.3543,0.0,100.0,186296.0,0.4632,20.0,0.0,0.0,48.006,0.5,186296.0,0.0,0.3794,590.2,0.123,0.1298,2.6,211.46,0.0,490.34,0.0,523.02,358.5444,0.0,2.6003,75.54,184.015,9.9663,26.49,100.0,520.0,84.9825,61.52,5999.7334,0.7,26.91,85.275,0.0,15.7191,24.9975,100.0,0.0,0.037,0.0,83.5275,600.0,66.2008,590.2,522.99,100.0,186300.0,343.35,10.9167,100.0,9.9663,9.9998,0.0,0.0,0.0,100.0,662.15,14.9363,20.3558,0.0,0.275,9.498,14.9374,0.0,0.0,32.96,0.0,0.0,0.037,686.4,100.0,1774.08,518.99,25.99,0.0,38.0,4.7641,0.0,76.7544,4.6175,82.3875,710.0,19.4238,73.527,0.0,0.15,0.3151,590.0,13.3545,673.75,0.0,0.037,0.1499,2.6,184.015,73.527,0.1499,4999.375,519.0,518.99,680.0,519.0
57.525,211.46,0.0,211.46,4.207,75.5396,710.0,24.9975,171.9765,522.96,42.203,0.0,110.0,276.05,186296.0,491.31,88.0,0.0,0.0,343.35,0.0,0.0,9.9998,0.0,96.08,0.0,50.0,180.0,11.119,0.0,0.0,75.5396,680.3,42.1946,0.0,100.0,0.0,2999.5,590.2,32.955,184.015,100.0,184.015,488.34,48.006,25.48,184.015,100.0,0.0,0.0,0.0,0.0,9.1118,24.9975,100.0,1774.08,0.0,519.0,-1.0,0.0,0.0,60.0,50100.0,25.04,0.0,0.0,48.006,184.015,0.0,489.33,0.4632,0.0,5000.0,13.3585,600.0,0.1272,0.0,100.0,543.88,519.0,49.925,0.0,0.0,14.9352,5000.04,0.0,590.2,682.05,0.0,211.46,0.037,100.0,14.9352,94.44,100.0,997.2,0.2069,100.0,15.7207,3.3,10.0,14.9352,0.0,186296.0,14.9352,519.0,100.0,0.0,680.3,250.0,24.9975,0.0,4.6175,680.3,0.0,0.0,0.037,686.4125,0.1499,100.0,0.0,0.3794,0.0,10.9167,0.0,100.0,171.976,0.0,1000.2,999.9,0.0,0.294,84.57,686.4,72.5544,0.0,670.45,0.0,710.0,1774.08,522.96,50.0,0.3151,0.2439,1000.2,0.7,186296.0,542.88,42.1946,677.0,680.3,0.0,0.0,0.0,0.1772,0.681,0.0,0.0,0.037,180.0125,0.0,0.0,12.307,2.6,26.555,0.1272,1000.0,1.0,66.2008,572.0,50.0,145.728,5000.0,0.0,100.0,0.1959,600.0,28.0954,0.0,3000.0,24.9975,26.881,680.3,184.015,9.9998,0.0,0.0,0.0,2999.5,286.74,96.08,72.5544,0.0,2.6003,0.0,0.3794,11.119,20.3512,14.9363,343.35,0.2999,519.0,19.4238,0.5,0.0,0.0,0.0,2.6,0.0,250.0,100.0,33.0,0.0,50.0,0.0,5000.04,2200.0,686.4,28.0954,26.91,1.76,358.85,358.85,57.5625,4999.375,180.0125,1.006,0.0,0.1272,86.05,0.0,0.0,0.0,50.0,0.0,76.7544,0.0,0.0,0.1298,0.0,24.9975,0.037,662.15,14.9352,252.35,0.0,4.6175,148.7025,50.0,82.02,25.0,650.7,50.0,0.0,0.0,0.123,1000.0,0.0,20.3512,0.0,100.0,186296.0,0.4632,20.0,0.0,0.0,48.012,0.5,186296.0,0.0,0.3794,590.2,0.123,0.1298,2.6,211.46,0.0,490.34,0.0,522.99,358.3723,0.0,2.6003,75.54,184.015,9.9662,26.49,100.0,520.0,84.975,61.52,5999.7334,0.7,26.91,85.305,0.0,15.7207,24.9975,100.0,0.0,0.037,0.0,83.5725,600.0,66.2008,590.2,522.96,100.0,186300.0,343.35,10.9167,100.0,9.9662,9.9998,0.0,0.0,0.0,100.0,662.15,14.9352,20.3527,0.0,0.275,9.498,14.9363,0.0,0.0,32.96,0.0,0.0,0.037,686.4,100.0,1774.08,518.99,25.99,0.0,38.0,4.1156,0.0,76.7544,4.6175,82.3725,710.0,19.4238,73.522,0.0,0.15,0.3151,590.0,13.3585,673.75,0.0,0.037,0.1499,2.6,184.015,73.522,0.1499,4999.375,519.0,518.99,680.0,519.0
57.5625,211.46,0.0,211.46,4.204,75.5391,710.0,24.9975,171.9765,522.93,42.1946,0.0,110.0,276.05,186296.0,491.31,88.0,0.0,0.0,343.35,0.0,0.0,9.9998,0.0,96.08,0.0,50.0,180.0,11.1193,0.0,0.0,75.5391,680.3,42.1863,0.0,100.0,0.0,2999.5,590.2,32.955,184.015,100.0,184.015,488.385,48.012,25.48,184.015,100.0,0.0,0.0,0.0,0.0,9.1118,24.9975,100.0,1774.08,0.0,519.0,-1.0,0.0,0.0,60.0,50100.0,25.04,0.0,0.0,48.012,184.015,0.0,489.375,0.4632,0.0,5000.0,13.3625,600.0,0.1272,0.0,100.0,543.88,519.0,49.925,0.0,0.0,14.9341,5000.04,0.0,590.2,682.05,0.0,211.46,0.037,100.0,14.9341,94.44,100.0,997.2,0.2069,100.0,15.7212,3.3,10.0,14.9341,0.0,186296.0,14.9341,519.0,100.0,0.0,680.3,250.0,24.9975,0.0,4.6175,680.3,0.0,0.0,0.037,686.4125,0.1499,100.0,0.0,0.3794,0.0,10.9168,0.0,100.0,171.976,0.0,1000.2,999.9,0.0,0.294,84.5925,686.4,72.5544,0.0,670.45,0.0,710.0,1774.08,522.93,50.0,0.3151,0.2439,1000.2,0.7,186296.0,542.88,42.1863,677.0,680.3,0.0,0.0,0.0,0.1772,0.681,0.0,0.0,0.037,180.0125,0.0,0.0,12.306,2.6,26.555,0.1272,1000.0,1.0,66.2007,572.1,50.0,145.728,5000.0,0.0,100.0,0.1959,600.0,28.0953,0.0,3000.0,24.9975,26.8865,680.3,184.015,9.9998,0.0,0.0,0.0,2999.5,286.7175,96.08,72.5544,0.0,2.6003,0.0,0.3794,11.1193,20.3482,14.9352,343.35,0.2999,519.0,19.4238,0.5,0.0,0.0,0.0,2.6,0.0,250.0,100.0,33.0,0.0,50.0,0.0,5000.04,2200.0,686.4,28.0953,26.91,1.76,358.9,358.9,57.5625,4999.375,180.0125,1.0059,0.0,0.1272,86.6,0.0,0.0,0.0,50.0,0.0,76.7544,0.0,0.0,0.1298,0.0,24.9975,0.037,662.15,14.9341,252.35,0.0,4.6175,148.7025,50.0,81.975,25.0,650.7,50.0,0.0,0.0,0.123,1000.0,0.0,20.3482,0.0,100.0,186296.0,0.4632,20.0,0.0,0.0,48.012,0.5,186296.0,0.0,0.3794,590.2,0.123,0.1298,2.6,211.46,0.0,490.34,0.0,522.96,358.2345,0.0,2.6003,75.54,184.015,9.9661,26.49,100.0,520.0,84.9525,61.52,5999.7334,0.7,26.91,85.32,0.0,15.7212,24.9975,100.0,0.0,0.037,0.0,83.52,600.0,66.2007,590.2,522.93,100.0,186300.0,343.35,10.9168,100.0,9.9661,9.9998,0.0,0.0,0.0,100.0,662.15,14.9341,20.3497,0.0,0.275,9.498,14.9352,0.0,0.0,32.955,0.0,0.0,0.037,686.4,100.0,1774.08,519.02,25.99,0.0,38.0,4.1047,0.0,76.7544,4.6175,82.3875,710.0,19.4238,73.4664,0.0,0.15,0.3151,590.0,13.3625,673.75,0.0,0.037,0.1499,2.6,184.015,73.4664,0.1499,4999.375,519.0,519.02,680.0,519.0
57.5625,211.48,0.0,211.48,4.202,75.5386,710.0,24.9975,171.9765,522.9,42.1863,0.0,110.0,276.1,186296.0,491.355,88.0,0.0,0.0,343.35,0.0,0.0,9.9998,0.0,96.08,0.0,50.0,180.0,11.1196,0.0,0.0,75.5386,680.3,42.1781,0.0,100.0,0.0,2999.5,590.2,32.955,184.015,100.0,184.015,488.385,48.012,25.48,184.015,100.0,0.0,0.0,0.0,0.0,9.1118,24.9975,100.0,1774.08,0.0,519.0,-1.0,0.0,0.0,60.0,50100.0,25.04,0.0,0.0,48.012,184.015,0.0,489.375,0.4632,0.0,5000.0,13.3665,600.0,0.1272,0.0,100.0,543.84,519.0,49.925,0.0,0.0,14.9329,5000.04,0.0,590.2,682.05,0.0,211.48,0.037,100.0,14.9329,94.44,100.0,997.2,0.2069,100.0,15.7217,3.3,10.0,14.9329,0.0,186296.0,14.9329,519.0,100.0,0.0,680.3,250.0,24.9975,0.0,4.6175,680.3,0.0,0.0,0.037,686.4125,0.1499,100.0,0.0,0.3794,0.0,10.9168,0.0,100.0,171.976,0.0,1000.2,999.9,0.0,0.294,84.5625,686.4,72.5544,0.0,670.45,0.0,710.0,1774.08,522.9,50.0,0.3151,0.2439,1000.2,0.7,186296.0,542.84,42.1781,677.0,680.3,0.0,0.0,0.0,0.1771,0.681,0.0,0.0,0.037,180.0125,0.0,0.0,12.306,2.6,26.555,0.1272,1000.0,1.0,66.2006,571.45,50.0,145.728,5000.0,0.0,100.0,0.1959,600.0,28.0953,0.0,3000.0,24.9975,26.8865,680.3,184.015,9.9998,0.0,0.0,0.0,2999.5,286.74,96.08,72.5544,0.0,2.6003,0.0,0.3794,11.1196,20.3452,14.9341,343.35,0.2999,519.0,19.4238,0.5,0.0,0.0,0.0,2.6,0.0,250.0,100.0,33.0,0.0,50.0,0.0,5000.04,2200.0,686.4,28.0953,26.91,1.76,358.9,358.9,57.5625,4999.375,180.0125,1.0059,0.0,0.1272,86.175,0.0,0.0,0.0,50.0,0.0,76.7544,0.0,0.0,0.1298,0.0,24.9975,0.037,662.15,14.9329,252.35,0.0,4.6175,148.7025,50.0,81.99,25.0,650.7,50.0,0.0,0.0,0.123,1000.0,0.0,20.3452,0.0,100.0,186296.0,0.4632,20.0,0.0,0.0,48.012,0.5,186296.0,0.0,0.3794,590.2,0.123,0.1298,2.6,211.48,0.0,490.37,0.0,522.93,357.7868,0.0,2.6003,75.535,184.015,9.966,26.49,100.0,520.0,84.9825,61.52,5999.7334,0.7,26.91,85.3575,0.0,15.7217,24.9975,100.0,0.0,0.037,0.0,83.535,600.0,66.2006,590.2,522.9,100.0,186300.0,343.35,10.9168,100.0,9.966,9.9998,0.0,0.0,0.0,100.0,662.15,14.9329,20.3467,0.0,0.275,9.498,14.9341,0.0,0.0,32.955,0.0,0.0,0.037,686.4,100.0,1774.08,519.02,25.99,0.0,38.0,3.8594,0.0,76.7544,4.6175,82.4025,710.0,19.4238,73.4607,0.0,0.15,0.3151,590.0,13.3665,673.75,0.0,0.037,0.1499,2.6,184.015,73.4607,0.1499,4999.375,519.0,519.02,680.0,519.0
57.5625,211.48,0.0,211.48,4.198,75.5396,710.0,24.9975,172.0035,522.84,42.1781,0.0,110.0,276.15,186296.0,491.355,88.0,0.0,0.0,343.38,0.0,0.0,9.9998,0.0,96.08,0.0,50.0,180.0,11.12,0.0,0.0,75.5396,680.3,42.17,0.0,100.0,0.0,3000.25,590.2,32.95,184.015,100.0,184.015,488.385,48.012,25.48,184.015,100.0,0.0,0.0,0.0,0.0,9.1118,24.9975,100.0,1774.08,0.0,519.035,-1.0,0.0,0.0,60.0,50100.0,25.04,0.0,0.0,48.012,184.015,0.0,489.375,0.4632,0.0,5000.0,13.3705,600.0,0.1272,0.0,100.0,543.8,519.0,49.925,0.0,0.0,14.9318,5000.04,0.0,590.2,682.05,0.0,211.48,0.037,100.0,14.9318,94.44,100.0,997.2,0.2069,100.0,15.7203,3.3,10.0,14.9318,0.0,186296.0,14.9318,519.035,100.0,0.0,680.3,250.0,24.9975,0.0,4.6175,680.3,0.0,0.0,0.037,686.4125,0.1499,100.0,0.0,0.3794,0.0,10.9169,0.0,100.0,172.004,0.0,1000.2,999.9,0.0,0.294,84.6,686.4,72.5544,0.0,670.45,0.0,710.0,1774.08,522.84,50.0,0.3151,0.2439,1000.2,0.7,186296.0,542.8,42.17,677.0,680.3,0.0,0.0,0.0,0.1771,0.681,0.0,0.0,0.037,180.0,0.0,0.0,12.305,2.6,26.555,0.1272,1000.0,1.0,66.2005,571.2,50.0,145.728,5000.0,0.0,100.0,0.1959,600.0,28.0953,0.0,3000.0,24.9975,26.8865,680.3,184.015,9.9998,0.0,0.0,0.0,3000.25,287.1675,96.08,72.5544,0.0,2.6003,0.0,0.3794,11.12,20.3421,14.9329,343.35,0.2999,519.035,19.4238,0.5,0.0,0.0,0.0,2.6,0.0,250.0,100.0,33.0,0.0,50.0,0.0,5000.04,2200.0,686.4,28.0953,26.91,1.76,359.0,359.0,57.525,4999.375,180.0,1.0057,0.0,0.1272,86.425,0.0,0.0,0.0,50.0,0.0,76.7544,0.0,0.0,0.1298,0.0,24.9975,0.037,662.15,14.9318,252.35,0.0,4.6175,148.7025,50.0,81.975,25.0,650.7,50.0,0.0,0.0,0.123,1000.0,0.0,20.3421,0.0,100.0,186296.0,0.4632,20.0,0.0,0.0,48.006,0.5,186296.0,0.0,0.3794,590.2,0.123,0.1298,2.6,211.48,0.0,490.37,0.0,522.9,357.7868,0.0,2.6003,75.535,184.015,9.9659,26.49,100.0,520.0,84.9825,61.52,5999.7334,0.7,26.91,85.4025,0.0,15.7203,24.9975,100.0,0.0,0.037,0.0,83.5425,600.0,66.2005,590.2,522.84,100.0,186300.0,343.35,10.9169,100.0,9.9659,9.9998,0.0,0.0,0.0,100.0,662.15,14.9318,20.3437,0.0,0.275,9.498,14.9329,0.0,0.0,32.955,0.0,0.0,0.037,686.4,100.0,1774.08,519.02,25.99,0.0,38.0,3.8781,0.0,76.7544,4.6175,82.305,710.0,19.4238,73.4551,0.0,0.15,0.3151,590.0,13.3705,673.75,0.0,0.037,0.1499,2.6,184.015,73.4551,0.1499,4999.375,519.0,519.02,680.0,519.035
57.5625,211.48,0.0,211.48,4.198,75.5396,710.0,24.9975,172.0035,522.84,42.17,0.0,110.0,276.15,186296.0,491.355,88.0,0.0,0.0,343.38,0.0,0.0,9.9998,0.0,96.08,0.0,50.0,180.0,11.1203,0.0,0.0,75.5396,680.3,42.1658,0.0,100.0,0.0,3000.25,590.2,32.95,184.015,100.0,184.015,488.385,48.006,25.48,184.015,100.0,0.0,0.0,0.0,0.0,9.1118,24.9975,100.0,1774.08,0.0,519.035,-1.0,0.0,0.0,60.0,50100.0,25.04,0.0,0.0,48.006,184.015,0.0,489.375,0.4632,0.0,5000.0,13.3745,600.0,0.1272,0.0,100.0,543.8,519.0,49.925,0.0,0.0,14.9307,5000.04,0.0,590.2,682.05,0.0,211.48,0.037,100.0,14.9307,94.44,100.0,997.2,0.2069,100.0,15.72,3.3,10.0,14.9307,0.0,186296.0,14.9307,519.035,100.0,0.0,680.3,250.0,24.9975,0.0,4.6175,680.3,0.0,0.0,0.037,686.4125,0.1499,100.0,0.0,0.3794,0.0,10.9169,0.0,100.0,172.004,0.0,1000.2,999.9,0.0,0.294,84.6,686.4,72.5544,0.0,670.45,0.0,710.0,1774.08,522.84,50.0,0.3151,0.2439,1000.2,0.7,186296.0,542.8,42.1658,677.0,680.3,0.0,0.0,0.0,0.1771,0.681,0.0,0.0,0.037,180.0,0.0,0.0,12.305,2.6,26.555,0.1272,1000.0,1.0,66.2004,571.2,50.0,145.728,5000.0,0.0,100.0,0.1959,600.0,28.0953,0.0,3000.0,24.9975,26.8865,680.3,184.015,9.9998,0.0,0.0,0.0,3000.25,287.1675,96.08,72.5544,0.0,2.6003,0.0,0.3794,11.1203,20.3391,14.9318,343.38,0.2999,519.035,19.4238,0.5,0.0,0.0,0.0,2.6,0.0,250.0,100.0,33.0,0.0,50.0,0.0,5000.04,2200.0,686.4,28.0953,26.91,1.76,359.0,359.0,57.525,4999.375,180.0,1.0057,0.0,0.1272,86.425,0.0,0.0,0.0,50.0,0.0,76.7544,0.0,0.0,0.1298,0.0,24.9975,0.037,662.15,14.9307,252.35,0.0,4.6175,148.7025,50.0,81.975,25.0,650.7,50.0,0.0,0.0,0.123,1000.0,0.0,20.3391,0.0,100.0,186296.0,0.4632,20.0,0.0,0.0,48.006,0.5,186296.0,0.0,0.3794,590.2,0.123,0.1298,2.6,211.48,0.0,490.37,0.0,522.84,357.7868,0.0,2.6003,75.535,184.015,9.9658,26.49,100.0,520.0,84.9825,61.52,5999.7334,0.7,26.91,85.4025,0.0,15.72,24.9975,100.0,0.0,0.037,0.0,83.5425,600.0,66.2004,590.2,522.84,100.0,186300.0,343.38,10.9169,100.0,9.9658,9.9998,0.0,0.0,0.0,100.0,662.15,14.9307,20.3406,0.0,0.275,9.498,14.9318,0.0,0.0,32.95,0.0,0.0,0.037,686.4,100.0,1774.08,519.02,25.99,0.0,38.0,3.8781,0.0,76.7544,4.6175,82.305,710.0,19.4238,73.3989,0.0,0.15,0.3151,590.0,13.3745,673.75,0.0,0.037,0.1499,2.6,184.015,73.3989,0.1499,4999.375,519.0,519.02,680.0,519.035
57.6,211.48,0.0,211.48,4.197,75.5396,710.0,24.9975,172.0035,522.81,42.1658,0.0,110.0,276.15,186296.0,491.355,88.0,0.0,0.0,343.38,0.0,0.0,9.9998,0.0,96.08,0.0,50.0,180.0,11.1206,0.0,0.0,75.5396,680.3,42.1543,0.0,100.0,0.0,3000.25,590.2,32.95,184.015,100.0,184.015,488.385,48.006,25.48,184.015,100.0,0.0,0.0,0.0,0.0,9.1118,24.9975,100.0,1774.08,0.0,519.035,-1.0,0.0,0.0,60.0,50100.0,25.04,0.0,0.0,48.006,184.015,0.0,489.375,0.4632,0.0,5000.0,13.3785,600.0,0.1272,0.0,100.0,543.76,519.05,49.925,0.0,0.0,14.9296,5000.04,0.0,590.2,682.05,0.0,211.48,0.037,100.0,14.9296,94.44,100.0,997.2,0.2069,100.0,15.7198,3.3,10.0,14.9296,0.0,186296.0,14.9296,519.035,100.0,0.0,680.3,250.0,24.9975,0.0,4.6175,680.3,0.0,0.0,0.037,686.4125,0.1499,100.0,0.0,0.3794,0.0,10.917,0.0,100.0,171.99,0.0,1000.2,999.9,0.0,0.294,84.6075,686.4,72.5544,0.0,670.45,0.0,710.0,1774.08,522.81,50.0,0.3151,0.2439,1000.2,0.7,186296.0,542.76,42.1543,677.0,680.3,0.0,0.0,0.0,0.1771,0.681,0.0,0.0,0.037,180.0,0.0,0.0,12.304,2.6,26.555,0.1272,1000.0,1.0,66.2003,571.75,50.0,145.728,5000.0,0.0,100.0,0.1959,600.0,28.0953,0.0,3000.0,24.9975,26.8865,680.3,184.015,9.9998,0.0,0.0,0.0,3000.25,287.145,96.08,72.5544,0.0,2.6003,0.0,0.3794,11.1206,20.3361,14.9307,343.38,0.2999,519.035,19.4238,0.5,0.0,0.0,0.0,2.6,0.0,250.0,100.0,33.0,0.0,50.0,0.0,5000.04,2200.0,686.4,28.0953,26.91,1.76,359.0,359.0,57.5625,4999.375,180.0,1.0057,0.0,0.1272,86.45,0.0,0.0,0.0,50.0,0.0,76.7544,0.0,0.0,0.1298,0.0,24.9975,0.037,662.15,14.9296,252.35,0.0,4.6175,148.7025,50.0,81.99,25.0,650.7,50.0,0.0,0.0,0.123,1000.0,0.0,20.3361,0.0,100.0,186296.0,0.4632,20.0,0.0,0.0,48.0,0.5,186296.0,0.0,0.3794,590.2,0.123,0.1298,2.6,211.48,0.0,490.37,0.0,522.84,357.9934,0.0,2.6003,75.535,184.015,9.9658,26.49,100.0,520.0,85.02,61.52,5999.7334,0.7,26.91,85.3575,0.0,15.7198,24.9975,100.0,0.0,0.037,0.0,83.5575,600.0,66.2003,590.2,522.81,100.0,186300.0,343.38,10.917,100.0,9.9658,9.9998,0.0,0.0,0.0,100.0,662.15,14.9296,20.3376,0.0,0.275,9.498,14.9307,0.0,0.0,32.95,0.0,0.0,0.037,686.4,100.0,1774.08,519.05,25.99,0.0,38.0,3.9516,0.0,76.7544,4.6175,82.3275,710.0,19.4238,73.3926,0.0,0.15,0.3151,590.0,13.3785,673.75,0.0,0.037,0.1499,2.6,184.015,73.3926,0.1499,4999.375,519.05,519.05,680.0,519.035
57.525,211.48,0.0,211.48,4.196,75.5396,710.0,24.9975,172.0035,522.78,42.1543,0.0,110.0,276.2,186296.0,491.355,88.0,0.0,0.0,343.35,0.0,0.0,9.9998,0.0,96.08,0.0,50.0,180.0,11.1178,0.0,0.0,75.5396,680.3,42.1466,0.0,100.0,0.0,3000.25,590.2,32.95,184.015,100.0,184.015,488.385,48.0,25.48,184.015,100.0,0.0,0.0,0.0,0.0,9.1118,24.9975,100.0,1774.08,0.0,519.035,-1.0,0.0,0.0,60.0,50100.0,25.04,0.0,0.0,48.0,184.015,0.0,489.375,0.4632,0.0,5000.0,13.3825,600.0,0.1272,0.0,100.0,543.72,519.05,49.925,0.0,0.0,14.9285,5000.04,0.0,590.2,682.05,0.0,211.48,0.037,100.0,14.9285,94.44,100.0,997.2,0.2069,100.0,15.7196,3.3,10.0,14.9285,0.0,186296.0,14.9285,519.035,100.0,0.0,680.3,250.0,24.9975,0.0,4.6175,680.3,0.0,0.0,0.037,686.4125,0.1499,100.0,0.0,0.3794,0.0,10.917,0.0,100.0,171.99,0.0,1000.2,999.9,0.0,0.294,84.6075,686.4,72.5544,0.0,670.45,0.0,710.0,1774.08,522.78,50.0,0.3151,0.2439,1000.2,0.7,186296.0,542.72,42.1466,677.0,680.3,0.0,0.0,0.0,0.1771,0.681,0.0,0.0,0.037,180.0,0.0,0.0,12.304,2.6,26.555,0.1272,1000.0,1.0,66.2003,571.9,50.0,145.728,5000.0,0.0,100.0,0.1959,600.0,28.0953,0.0,3000.0,24.9975,26.881,680.3,184.015,9.9998,0.0,0.0,0.0,3000.25,287.325,96.08,72.5544,0.0,2.6003,0.0,0.3794,11.1178,20.3331,14.9296,343.38,0.2999,519.035,19.4238,0.5,0.0,0.0,0.0,2.6,0.0,250.0,100.0,33.0,0.0,50.0,0.0,5000.04,2200.0,686.4,28.0953,26.91,1.76,359.05,359.05,57.6,5001.75,180.0,1.0056,0.0,0.1272,86.15,0.0,0.0,0.0,50.0,0.0,76.7544,0.0,0.0,0.1298,0.0,24.9975,0.037,662.15,14.9285,252.35,0.0,4.6175,148.7025,50.0,81.9825,25.0,650.7,50.0,0.0,0.0,0.123,1000.0,0.0,20.3331,0.0,100.0,186296.0,0.4632,20.0,0.0,0.0,47.994,0.5,186296.0,0.0,0.3794,590.2,0.123,0.1298,2.6,211.48,0.0,490.37,0.0,522.81,358.1656,0.0,2.6003,75.535,184.015,9.9657,26.49,100.0,520.0,85.035,61.52,5999.7334,0.7,26.91,85.305,0.0,15.7196,24.9975,100.0,0.0,0.037,0.0,83.565,600.0,66.2003,590.2,522.78,100.0,186300.0,343.38,10.917,100.0,9.9657,9.9998,0.0,0.0,0.0,100.0,662.15,14.9285,20.3346,0.0,0.275,9.498,14.9296,0.0,0.0,32.95,0.0,0.0,0.037,686.4,100.0,1774.08,519.05,25.99,0.0,38.0,4.1859,0.0,76.7544,4.6175,82.3575,710.0,19.4238,73.3864,0.0,0.15,0.3151,590.0,13.3825,673.75,0.0,0.037,0.1499,2.6,184.015,73.3864,0.1499,5001.75,519.05,519.05,680.0,519.035
57.6,211.48,0.0,211.48,4.193,75.5396,710.0,24.9975,172.0035,522.78,42.1466,0.0,110.0,276.2,186296.0,491.355,88.0,0.0,0.0,343.35,0.0,0.0,9.9998,0.0,96.08,0.0,50.0,180.0,11.1169,0.0,0.0,75.5396,680.3,42.139,0.0,100.0,0.0,3000.25,590.2,32.95,184.015,100.0,184.015,488.385,47.994,25.48,184.015,100.0,0.0,0.0,0.0,0.0,9.1118,24.9975,100.0,1774.08,0.0,519.035,-1.0,0.0,0.0,60.0,50100.0,25.04,0.0,0.0,47.994,184.015,0.0,489.375,0.4632,0.0,5000.0,13.3865,600.0,0.1272,0.0,100.0,543.68,519.05,49.925,0.0,0.0,14.9274,5000.04,0.0,590.2,682.05,0.0,211.48,0.037,100.0,14.9274,94.44,100.0,997.2,0.2069,100.0,15.7193,3.3,10.0,14.9274,0.0,186296.0,14.9274,519.035,100.0,0.0,680.3,250.0,24.9975,0.0,4.6175,680.3,0.0,0.0,0.037,686.4125,0.1499,100.0,0.0,0.3794,0.0,10.9171,0.0,100.0,171.99,0.0,1000.2,999.9,0.0,0.294,84.6,686.4,72.5544,0.0,670.45,0.0,710.0,1774.08,522.78,50.0,0.3151,0.2439,1000.2,0.7,186296.0,542.68,42.139,677.0,680.3,0.0,0.0,0.0,0.177,0.681,0.0,0.0,0.037,180.0,0.0,0.0,12.304,2.6,26.555,0.1272,1000.0,1.0,66.2002,571.6,50.0,145.728,5000.0,0.0,100.0,0.1959,600.0,28.0953,0.0,3000.0,24.9975,26.881,680.3,184.015,9.9998,0.0,0.0,0.0,3000.25,286.83,96.08,72.5544,0.0,2.6003,0.0,0.3794,11.1169,20.33,14.9285,343.35,0.2999,519.035,19.4238,0.5,0.0,0.0,0.0,2.6,0.0,250.0,100.0,33.0,0.0,50.0,0.0,5000.04,2200.0,686.4,28.0953,26.91,1.76,359.1,359.1,57.6,5001.75,180.0,1.0056,0.0,0.1272,86.275,0.0,0.0,0.0,50.0,0.0,76.7544,0.0,0.0,0.1298,0.0,24.9975,0.037,662.15,14.9274,252.35,0.0,4.6175,148.7025,50.0,82.005,25.0,650.7,50.0,0.0,0.0,0.123,1000.0,0.0,20.33,0.0,100.0,186296.0,0.4632,20.0,0.0,0.0,47.994,0.5,186296.0,0.0,0.3794,590.2,0.123,0.1298,2.6,211.48,0.0,490.4,0.0,522.78,358.51,0.0,2.6003,75.535,184.015,9.9656,26.49,100.0,520.0,85.0875,61.52,5999.7334,0.7,26.91,85.29,0.0,15.7193,24.9975,100.0,0.0,0.037,0.0,83.58,600.0,66.2002,590.2,522.78,100.0,186300.0,343.35,10.9171,100.0,9.9656,9.9998,0.0,0.0,0.0,100.0,662.15,14.9274,20.3315,0.0,0.275,9.498,14.9285,0.0,0.0,32.95,0.0,0.0,0.037,686.4,100.0,1774.08,519.05,25.99,0.0,38.0,3.9594,0.0,76.7544,4.6175,82.365,710.0,19.4238,73.3801,0.0,0.15,0.3151,590.0,13.3865,673.75,0.0,0.037,0.1499,2.6,184.015,73.3801,0.1499,5001.75,519.05,519.05,680.0,519.035
57.6,211.5,0.0,211.5,4.191,75.5396,710.0,24.9975,172.017,522.75,42.139,0.0,110.0,276.2,186296.0,491.355,88.0,0.0,0.0,343.35,0.0,0.0,9.9998,0.0,96.08,0.0,50.0,180.0,11.116,0.0,0.0,75.5396,680.3,42.1278,0.0,100.0,0.0,2999.25,590.2,32.945,184.015,100.0,184.015,488.43,47.994,25.48,184.015,100.0,0.0,0.0,0.0,0.0,9.1118,24.9975,100.0,1774.08,0.0,519.07,-1.0,0.0,0.0,60.0,50100.0,25.04,0.0,0.0,47.994,184.015,0.0,489.42,0.4632,0.0,5000.0,13.3905,600.0,0.1272,0.0,100.0,543.68,519.05,49.925,0.0,0.0,14.9263,5000.04,0.0,590.2,682.05,0.0,211.5,0.037,100.0,14.9263,94.44,100.0,997.2,0.2069,100.0,15.7215,3.3,1.0,14.9263,0.0,186296.0,14.9263,519.07,100.0,0.0,680.3,250.0,24.9975,0.0,4.6175,680.3,0.0,0.0,0.037,686.4125,0.1499,100.0,0.0,0.3794,0.0,10.9172,0.0,100.0,172.018,0.0,1000.2,999.9,0.0,0.294,84.615,686.4,72.5544,0.0,670.45,0.0,710.0,1774.08,522.75,50.0,0.3151,0.2439,1000.2,0.7,186296.0,542.68,42.1278,677.0,680.3,0.0,0.0,0.0,0.177,0.681,0.0,0.0,0.037,180.0,0.0,0.0,12.304,2.6,26.555,0.1272,1000.0,1.0,66.2001,571.75,50.0,145.728,5000.0,0.0,100.0,0.1959,600.0,28.0953,0.0,3000.0,24.9975,26.8755,680.3,184.015,9.9998,0.0,0.0,0.0,2999.25,286.875,96.08,72.5544,0.0,2.6003,0.0,0.3794,11.116,20.327,14.9274,343.35,0.2999,519.07,19.4238,0.5,0.0,0.0,0.0,2.6,0.0,250.0,100.0,33.0,0.0,50.0,0.0,5000.04,2200.0,686.4,28.0953,26.91,1.76,359.1,359.1,57.6,5001.75,180.0,1.0055,0.0,0.1272,86.475,0.0,0.0,0.0,50.0,0.0,76.7544,0.0,0.0,0.1298,0.0,24.9975,0.037,662.15,14.9263,252.35,0.0,4.6175,148.7025,50.0,82.005,25.0,650.7,50.0,0.0,0.0,0.123,1000.0,0.0,20.327,0.0,100.0,186296.0,0.4632,20.0,0.0,0.0,48.0,0.5,186296.0,0.0,0.3794,590.2,0.123,0.1298,2.6,211.5,0.0,490.4,0.0,522.78,357.9245,0.0,2.6003,75.535,184.015,9.9655,26.49,100.0,520.0,85.1325,61.52,5999.7334,0.7,26.91,85.26,0.0,15.7215,24.9975,100.0,0.0,0.037,0.0,83.5275,600.0,66.2001,590.2,522.75,100.0,186300.0,343.35,10.9172,100.0,9.9655,9.9998,0.0,0.0,0.0,100.0,662.15,14.9263,20.3285,0.0,0.275,9.498,14.9274,0.0,0.0,32.95,0.0,0.0,0.037,686.4,100.0,1774.08,519.05,25.99,0.0,38.0,4.0031,0.0,76.7544,4.6175,82.305,710.0,19.4238,73.3739,0.0,0.15,0.3151,590.0,13.3905,673.75,0.0,0.037,0.1499,2.6,184.015,73.3739,0.1499,5001.75,519.05,519.05,680.0,519.07
57.6,211.5,0.0,211.5,4.189,75.5396,710.0,24.9975,172.017,522.72,42.1278,0.0,110.0,276.25,186296.0,491.4,88.0,0.0,0.0,343.35,0.0,0.0,9.9998,0.0,96.08,0.0,50.0,180.0,11.1182,0.0,0.0,75.5396,680.3,42.1203,0.0,100.0,0.0,2999.25,590.2,32.945,184.015,100.0,184.015,488.43,48.0,25.48,184.015,100.0,0.0,0.0,0.0,0.0,9.1118,24.9975,100.0,1774.08,0.0,519.07,-1.0,0.0,0.0,60.0,50100.0,25.04,0.0,0.0,48.0,184.015,0.0,489.42,0.4632,0.0,5000.0,13.3945,600.0,0.1272,0.0,100.0,543.64,519.05,49.925,0.0,0.0,14.9252,5000.04,0.0,590.2,682.05,0.0,211.5,0.037,100.0,14.9252,94.44,100.0,997.2,0.207,100.0,15.7223,3.3,1.0,14.9252,0.0,186296.0,14.9252,519.07,100.0,0.0,680.3,250.0,24.9975,0.0,4.6175,680.3,0.0,0.0,0.037,686.4125,0.1499,100.0,0.0,0.3794,0.0,10.9172,0.0,100.0,172.018,0.0,1000.2,999.9,0.0,0.294,84.63,686.4,72.5544,0.0,670.45,0.0,710.0,1774.08,522.72,50.0,0.3151,0.2439,1000.2,0.7,186296.0,542.64,42.1203,677.0,680.3,0.0,0.0,0.0,0.177,0.681,0.0,0.0,0.037,180.0,0.0,0.0,12.304,2.6,26.555,0.1273,1000.0,1.0,66.2,571.9,50.0,145.728,5000.0,0.0,100.0,0.1959,600.0,28.0953,0.0,3000.0,24.9975,26.8755,680.3,184.015,9.9998,0.0,0.0,0.0,2999.25,287.2575,96.08,72.5544,0.0,2.6003,0.0,0.3794,11.1182,20.324,14.9263,343.35,0.2999,519.07,19.4238,0.5,0.0,0.0,0.0,2.6,0.0,250.0,100.0,33.0,0.0,50.0,0.0,5000.04,2200.0,686.4,28.0953,26.91,1.76,359.15,359.15,57.6,4999.375,180.0,1.0055,0.0,0.1272,86.125,0.0,0.0,0.0,50.0,0.0,76.7544,0.0,0.0,0.1298,0.0,24.9975,0.037,662.15,14.9252,252.35,0.0,4.6175,148.7025,50.0,81.975,25.0,650.7,50.0,0.0,0.0,0.123,1000.0,0.0,20.324,0.0,100.0,186296.0,0.4632,20.0,0.0,0.0,47.994,0.5,186296.0,0.0,0.3794,590.2,0.123,0.1298,2.6,211.5,0.0,490.4,0.0,522.75,358.0623,0.0,2.6003,75.535,184.015,9.9654,26.49,100.0,520.0,85.14,61.52,5999.7334,0.7,26.91,85.245,0.0,15.7223,24.9975,100.0,0.0,0.037,0.0,83.4825,600.0,66.2,590.2,522.72,100.0,186300.0,343.35,10.9172,100.0,9.9654,9.9998,0.0,0.0,0.0,100.0,662.15,14.9252,20.3255,0.0,0.275,9.498,14.9263,0.0,0.0,32.945,0.0,0.0,0.037,686.4,100.0,1774.08,519.05,25.99,0.0,38.0,4.4344,0.0,76.7544,4.6175,82.3425,710.0,19.4238,73.317,0.0,0.15,0.3151,590.0,13.3945,673.75,0.0,0.037,0.1499,2.6,184.015,73.317,0.1499,4999.375,519.05,519.05,680.0,519.07
57.5625,211.5,0.0,211.5,4.188,75.5396,710.0,24.9975,172.017,522.69,42.1203,0.0,110.0,276.25,186296.0,491.4,88.0,0.0,0.0,343.35,0.0,0.0,9.9998,0.0,96.08,0.0,50.0,180.0,11.1185,0.0,0.0,75.5396,680.3,42.1129,0.0,100.0,0.0,2999.25,590.2,32.945,184.015,100.0,184.015,488.43,47.994,25.48,184.015,100.0,0.0,0.0,0.0,0.0,9.1118,24.9975,100.0,1774.08,0.0,519.07,-1.0,0.0,0.0,60.0,50100.0,25.04,0.0,0.0,47.994,184.015,0.0,489.42,0.4632,0.0,5000.0,13.3985,600.0,0.1272,0.0,100.0,543.6,519.05,49.925,0.0,0.0,14.9241,5000.04,0.0,590.2,682.05,0.0,211.5,0.037,100.0,14.9241,94.44,100.0,997.2,0.207,100.0,15.723,3.3,1.0,14.9241,0.0,186296.0,14.9241,519.07,100.0,0.0,680.3,250.0,24.9975,0.0,4.6175,680.3,0.0,0.0,0.037,686.4125,0.1499,100.0,0.0,0.3794,0.0,10.9173,0.0,100.0,172.018,0.0,1000.2,999.9,0.0,0.294,84.63,686.4,72.5544,0.0,670.45,0.0,710.0,1774.08,522.69,50.0,0.3151,0.2439,1000.2,0.7,186296.0,542.6,42.1129,677.0,680.3,0.0,0.0,0.0,0.177,0.681,0.0,0.0,0.037,180.0,0.0,0.0,12.303,2.6,26.555,0.1273,1000.0,1.0,66.1999,572.15,50.0,145.739,5000.0,0.0,100.0,0.1959,600.0,28.0952,0.0,3000.0,24.9975,26.8755,680.3,184.015,9.9998,0.0,0.0,0.0,2999.25,286.65,96.08,72.5544,0.0,2.6003,0.0,0.3794,11.1185,20.3209,14.9252,343.35,0.2999,519.07,19.4238,0.5,0.0,0.0,0.0,2.6,0.0,250.0,100.0,33.0,0.0,50.0,0.0,5000.04,2200.0,686.4,28.0952,26.91,1.76,359.15,359.15,57.525,4999.375,180.0,1.0054,0.0,0.1272,86.625,0.0,0.0,0.0,50.0,0.0,76.7544,0.0,0.0,0.1298,0.0,24.9975,0.037,662.15,14.9241,252.35,0.0,4.6175,148.7137,50.0,82.02,25.0,650.7,50.0,0.0,0.0,0.123,1000.0,0.0,20.3209,0.0,100.0,186296.0,0.4632,20.0,0.0,0.0,47.982,0.5,186296.0,0.0,0.3794,590.2,0.123,0.1298,2.6,211.5,0.0,490.4,0.0,522.72,358.5789,0.0,2.6003,75.535,184.015,9.9653,26.49,100.0,520.0,85.155,61.52,5999.7334,0.7,26.91,85.2225,0.0,15.723,24.9975,100.0,0.0,0.037,0.0,83.4825,600.0,66.1999,590.2,522.69,100.0,186300.0,343.35,10.9173,100.0,9.9653,9.9998,0.0,0.0,0.0,100.0,662.15,14.9241,20.3225,0.0,0.275,9.498,14.9252,0.0,0.0,32.945,0.0,0.0,0.037,686.4,100.0,1774.08,519.08,25.99,0.0,38.0,4.2703,0.0,76.7544,4.6175,82.3875,710.0,19.4238,73.3101,0.0,0.15,0.3151,590.0,13.3985,673.75,0.0,0.037,0.1499,2.6,184.015,73.3101,0.1499,4999.375,519.05,519.08,680.0,519.07
57.6,211.5,0.0,211.5,4.187,75.5396,710.0,24.9975,172.0305,522.63,42.1129,0.0,110.0,276.3,186296.0,491.4,88.0,0.0,0.0,343.35,0.0,0.0,9.9998,0.0,96.08,0.0,50.0,180.0,11.1188,0.0,0.0,75.5396,680.3,42.1057,0.0,100.0,0.0,3000.25,590.2,32.945,184.015,100.0,184.015,488.43,47.982,25.48,184.015,100.0,0.0,0.0,0.0,0.0,9.1118,24.9975,100.0,1774.08,0.0,519.07,-1.0,0.0,0.0,60.0,50100.0,25.04,0.0,0.0,47.982,184.015,0.0,489.42,0.4632,0.0,5000.0,13.4025,600.0,0.1272,0.0,100.0,543.56,519.05,49.925,0.0,0.0,14.9229,5000.04,0.0,590.2,682.05,0.0,211.5,0.037,100.0,14.9229,94.44,100.0,997.2,0.207,100.0,15.7213,3.3,1.0,14.9229,0.0,186296.0,14.9229,519.07,100.0,0.0,680.3,250.0,24.9975,0.0,4.6175,680.3,0.0,0.0,0.037,686.4125,0.1499,100.0,0.0,0.3794,0.0,10.9173,0.0,100.0,172.032,0.0,1000.2,999.9,0.0,0.294,84.645,686.4,72.5544,0.0,670.45,0.0,710.0,1774.08,522.63,50.0,0.3151,0.2439,1000.2,0.7,186296.0,542.56,42.1057,677.0,680.3,0.0,0.0,0.0,0.177,0.681,0.0,0.0,0.037,180.0,0.0,0.0,12.302,2.6,26.555,0.1273,1000.0,1.0,66.1998,571.4,50.0,145.739,5000.0,0.0,100.0,0.1959,600.0,28.0952,0.0,3000.0,24.9975,26.87,680.3,184.015,9.9998,0.0,0.0,0.0,3000.25,286.965,96.08,72.5544,0.0,2.6003,0.0,0.3794,11.1188,20.3179,14.9241,343.35,0.2999,519.07,19.4238,0.5,0.0,0.0,0.0,2.6,0.0,250.0,100.0,33.0,0.0,50.0,0.0,5000.04,2200.0,686.4,28.0952,26.91,1.76,359.2,359.2,57.6,4999.375,180.0,1.0054,0.0,0.1272,86.225,0.0,0.0,0.0,50.0,0.0,76.7544,0.0,0.0,0.1298,0.0,24.9975,0.037,662.15,14.9229,252.375,0.0,4.6175,148.7137,50.0,81.99,25.0,650.7,50.0,0.0,0.0,0.123,1000.0,0.0,20.3179,0.0,100.0,186296.0,0.4632,20.0,0.0,0.0,47.982,0.5,186296.0,0.0,0.3794,590.2,0.123,0.1298,2.6,211.5,0.0,490.4,0.0,522.69,358.3034,0.0,2.6003,75.535,184.015,9.9653,26.49,100.0,520.0,85.1325,61.52,5999.7334,0.7,26.91,85.1925,0.0,15.7213,24.9975,100.0,0.0,0.037,0.0,83.5125,600.0,66.1998,590.2,522.63,100.0,186300.0,343.35,10.9173,100.0,9.9653,9.9998,0.0,0.0,0.0,100.0,662.15,14.9229,20.3194,0.0,0.275,9.498,14.9241,0.0,0.0,32.945,0.0,0.0,0.037,686.4,100.0,1774.08,519.08,25.99,0.0,38.0,3.9047,0.0,76.7544,4.6175,82.395,710.0,19.4238,73.3033,0.0,0.15,0.3151,590.0,13.4025,673.75,0.0,0.037,0.1499,2.6,184.015,73.3033,0.1499,4999.375,519.05,519.08,680.0,519.07
57.5625,211.5,0.0,211.5,4.182,75.5396,710.0,24.9975,172.0305,522.57,42.1057,0.0,110.0,276.35,186296.0,491.4,88.0,0.0,0.0,343.35,0.0,0.0,9.9998,0.0,96.08,0.0,50.0,180.0,11.1192,0.0,0.0,75.5396,680.35,42.1024,0.0,100.0,0.0,3000.25,590.2,32.94,184.015,100.0,184.015,488.43,47.982,25.48,184.015,100.0,0.0,0.0,0.0,0.0,9.1118,24.9975,100.0,1774.08,0.0,519.07,-1.0,0.0,0.0,60.0,50000.0,25.04,0.0,0.0,47.982,184.015,0.0,489.42,0.4632,0.0,5000.0,13.4065,600.0,0.1272,0.0,100.0,543.52,519.1,49.925,0.0,0.0,14.9218,5000.04,0.0,590.2,682.05,0.0,211.5,0.037,100.0,14.9218,94.44,100.0,997.2,0.207,100.0,15.721,3.35,1.0,14.9218,0.0,186296.0,14.9218,519.07,100.0,0.0,680.35,250.0,24.9975,0.0,4.6175,680.3,0.0,0.0,0.037,686.4125,0.1499,100.0,0.0,0.3794,0.0,10.9174,0.0,100.0,172.032,0.0,1000.2,999.9,0.0,0.294,84.585,686.4,72.5544,0.0,670.45,0.0,710.0,1774.08,522.57,50.0,0.3151,0.2439,1000.2,0.7,186296.0,542.52,42.1024,677.0,680.3,0.0,0.0,0.0,0.1769,0.681,0.0,0.0,0.037,180.0,0.0,0.0,12.302,2.6,26.555,0.1273,1000.0,1.0,66.1998,571.7,50.0,145.739,5000.0,0.0,100.0,0.1959,600.0,28.0952,0.0,3000.0,24.9975,26.8645,680.35,184.015,9.9998,0.0,0.0,0.0,3000.25,286.9425,96.08,72.5544,0.0,2.6003,0.0,0.3794,11.1192,20.3149,14.9229,343.35,0.2999,519.07,19.4238,0.5,0.0,0.0,0.0,2.5998,0.0,250.0,100.0,33.0,0.0,50.0,0.0,5000.04,2200.0,686.4,28.0952,26.91,1.76,359.25,359.25,57.5625,4999.375,180.0,1.0052,0.0,0.1272,86.075,0.0,0.0,0.0,50.0,0.0,76.7552,0.0,0.0,0.1298,0.0,24.9975,0.037,662.15,14.9218,252.375,0.0,4.6175,148.7137,50.0,81.9525,25.0,650.7,50.0,0.0,0.0,0.123,1000.0,0.0,20.3149,0.0,100.0,186296.0,0.4632,20.0,0.0,0.0,47.964,0.5,186296.0,0.0,0.3794,590.2,0.123,0.1298,2.5998,211.5,0.0,490.43,0.0,522.63,358.6478,0.0,2.6003,75.535,184.015,9.9652,26.49,100.0,520.0,85.095,61.52,5999.7334,0.7,26.91,85.1475,0.0,15.721,24.9975,100.0,0.0,0.037,0.0,83.46,600.0,66.1998,590.2,522.57,100.0,186300.0,343.35,10.9174,100.0,9.9652,9.9998,0.0,0.0,0.0,100.0,662.15,14.9218,20.3164,0.0,0.275,9.499,14.9229,0.0,0.0,32.945,0.0,0.0,0.037,686.4,100.0,1774.08,519.08,25.99,0.0,38.0,4.6828,0.0,76.7552,4.6175,82.4475,710.0,19.4238,73.2964,0.0,0.15,0.3151,590.0,13.4065,673.75,0.0,0.037,0.1499,2.6,184.015,73.2964,0.1499,4999.375,519.1,519.08,680.0,519.07
57.5625,211.5,0.0,211.5,4.182,75.5396,710.0,24.9975,172.0305,522.57,42.1024,0.0,110.0,276.35,186296.0,491.4,88.0,0.0,0.0,343.35,0.0,0.0,9.9998,0.0,96.08,0.0,50.0,180.0,11.1195,0.0,0.0,75.5396,680.35,42.0992,0.0,100.0,0.0,3000.25,590.2,32.94,184.015,100.0,184.015,488.43,47.964,25.48,184.015,100.0,0.0,0.0,0.0,0.0,9.1118,24.9975,100.0,1774.08,0.0,519.07,-1.0,0.0,0.0,60.0,50000.0,25.04,0.0,0.0,47.964,184.015,0.0,489.42,0.4632,0.0,5000.0,13.4212,600.0,0.1272,0.0,100.0,543.52,519.1,49.925,0.0,0.0,14.9207,5000.04,0.0,590.2,682.05,0.0,211.5,0.037,100.0,14.9207,94.44,100.0,997.2,0.207,100.0,15.7208,3.35,1.0,14.9207,0.0,186296.0,14.9207,519.07,100.0,0.0,680.35,250.0,24.9975,0.0,4.6175,680.35,0.0,0.0,0.037,686.4125,0.1499,100.0,0.0,0.3794,0.0,10.9174,0.0,100.0,172.032,0.0,1000.2,999.9,0.0,0.294,84.585,686.4,72.5544,0.0,670.45,0.0,710.0,1774.08,522.57,50.0,0.3151,0.2439,1000.2,0.7,186296.0,542.52,42.0992,677.0,680.3,0.0,0.0,0.0,0.1769,0.681,0.0,0.0,0.037,180.0,0.0,0.0,12.302,2.6,26.555,0.1273,1000.0,1.0,66.1997,571.7,50.0,145.739,5000.0,0.0,100.0,0.1959,600.0,28.0952,0.0,3000.0,24.9975,26.8645,680.35,184.015,9.9998,0.0,0.0,0.0,3000.25,286.9425,96.08,72.5544,0.0,2.6003,0.0,0.3794,11.1195,20.3119,14.9218,343.35,0.2999,519.07,19.4238,0.5,0.0,0.0,0.0,2.5998,0.0,250.0,100.0,33.0,0.0,50.0,0.0,5000.04,2200.0,686.4,28.0952,26.91,1.76,359.25,359.25,57.5625,4999.375,180.0,1.0052,0.0,0.1272,86.075,0.0,0.0,0.0,50.0,0.0,76.7554,0.0,0.0,0.1298,0.0,24.9975,0.037,662.15,14.9207,252.375,0.0,4.6175,148.7137,50.0,81.9525,25.0,650.7,50.0,0.0,0.0,0.123,1000.0,0.0,20.3119,0.0,100.0,186296.0,0.4632,20.0,0.0,0.0,47.964,0.5,186296.0,0.0,0.3794,590.2,0.123,0.1298,2.5998,211.5,0.0,490.43,0.0,522.57,358.6478,0.0,2.6003,75.535,184.015,9.9651,26.49,100.0,520.0,85.095,61.52,5999.7334,0.7,26.91,85.1475,0.0,15.7208,24.9975,100.0,0.0,0.037,0.0,83.46,600.0,66.1997,590.2,522.57,100.0,186300.0,343.35,10.9174,100.0,9.9651,9.9998,0.0,0.0,0.0,100.0,662.15,14.9207,20.3134,0.0,0.275,9.499,14.9218,0.0,0.0,32.94,0.0,0.0,0.037,686.4,100.0,1774.08,519.08,25.99,0.0,38.0,4.6828,0.0,76.7554,4.6175,82.4475,710.0,19.4238,73.2389,0.0,0.15,0.3151,590.0,13.4212,673.75,0.0,0.037,0.1499,2.6,184.015,73.2389,0.1499,4999.375,519.1,519.08,680.0,519.07
57.5625,211.52,0.0,211.52,4.18,75.5396,710.0,24.9975,172.0575,522.54,42.0992,0.0,110.0,276.35,186296.0,491.4,88.0,0.0,0.0,343.35,0.0,0.0,9.9998,0.0,96.08,0.0,50.0,180.0,11.1198,0.0,0.0,75.5396,680.35,42.0889,0.0,100.0,0.0,3000.25,590.2,32.94,184.015,100.0,184.015,488.43,47.964,25.48,184.015,100.0,0.0,0.0,0.0,0.0,9.1113,24.9975,100.0,1774.08,0.0,519.105,-1.0,0.0,0.0,60.0,50000.0,25.04,0.0,0.0,47.964,184.015,0.0,489.42,0.4632,0.0,5000.0,13.4258,600.0,0.1272,0.0,100.0,543.48,519.1,49.925,0.0,0.0,14.9196,4999.1797,0.0,590.2,682.05,0.0,211.52,0.037,100.0,14.9196,94.44,100.0,997.2,0.207,100.0,15.7205,3.35,1.0,14.9196,0.0,186296.0,14.9196,519.105,100.0,0.0,680.35,250.0,24.9975,0.0,4.6175,680.35,0.0,0.0,0.037,686.4125,0.1499,100.0,0.0,0.3794,0.0,10.9175,0.0,100.0,172.046,0.0,1000.2,999.9,0.0,0.294,84.6225,686.4,72.5544,0.0,670.45,0.0,710.0,1774.08,522.54,50.0,0.3151,0.2439,1000.2,0.7,186296.0,542.48,42.0889,677.0,680.3,0.0,0.0,0.0,0.1769,0.681,0.0,0.0,0.037,180.0,0.0,0.0,12.302,2.6,26.555,0.1273,1000.0,1.0,66.2003,571.55,50.0,145.739,5000.0,0.0,100.0,0.1959,600.0,28.0958,0.0,3000.0,24.9975,26.859,680.35,184.015,9.9998,0.0,0.0,0.0,3000.25,286.74,96.08,72.5544,0.0,2.5995,0.0,0.3794,11.1198,20.3088,14.9207,343.35,0.2999,519.105,19.4238,0.5,0.0,0.0,0.0,2.5998,0.0,250.0,100.0,33.0,0.0,50.0,0.0,4999.1797,2200.0,686.4,28.0958,26.91,1.76,359.3,359.3,57.5625,4999.375,180.0,1.0051,0.0,0.1272,86.725,0.0,0.0,0.0,50.0,0.0,76.7557,0.0,0.0,0.1298,0.0,24.9975,0.037,662.15,14.9196,252.375,0.0,4.6175,148.7137,50.0,81.915,25.0,650.7,50.0,0.0,0.0,0.123,1000.0,0.0,20.3088,0.0,100.0,186296.0,0.4632,20.0,0.0,0.0,47.964,0.5,186296.0,0.0,0.3794,590.2,0.123,0.1298,2.5998,211.52,0.0,490.43,0.0,522.57,358.7166,0.0,2.5995,75.535,184.015,9.965,26.49,100.0,520.0,85.08,61.52,5999.7334,0.7,26.91,85.1175,0.0,15.7205,24.9975,100.0,0.0,0.037,0.0,83.415,600.0,66.2003,590.2,522.54,100.0,186300.0,343.35,10.9175,100.0,9.965,9.9998,0.0,0.0,0.0,100.0,662.15,14.9196,20.3103,0.0,0.275,9.499,14.9207,0.0,0.0,32.94,0.0,0.0,0.037,686.4,100.0,1774.08,519.08,25.99,0.0,38.0,4.1984,0.0,76.7557,4.6175,82.4475,710.0,19.4238,73.2314,0.0,0.15,0.3151,590.0,13.4258,673.75,0.0,0.037,0.1499,2.6,184.015,73.2314,0.1499,4999.375,519.1,519.08,680.0,519.105
57.6375,211.52,0.0,211.52,4.178,75.5396,710.0,24.9975,172.071,522.51,42.0889,0.0,110.0,276.4,186296.0,491.4,88.0,0.0,0.0,343.35,0.0,0.0,9.9998,0.0,96.08,0.0,50.0,180.0,11.1202,0.0,0.0,75.5396,680.35,42.0822,0.0,100.0,0.0,3000.25,590.2,32.94,184.015,100.0,184.015,488.43,47.964,25.48,184.015,100.0,0.0,0.0,0.0,0.0,9.1113,24.9975,100.0,1774.08,0.0,519.105,-1.0,0.0,0.0,60.0,50000.0,25.04,0.0,0.0,47.964,184.015,0.0,489.42,0.4632,0.0,5000.0,13.4305,600.0,0.1272,0.0,100.0,543.44,519.1,49.925,0.0,0.0,14.9185,4999.1797,0.0,590.2,682.05,0.0,211.52,0.037,100.0,14.9185,94.44,100.0,997.2,0.207,100.0,15.7203,3.35,1.0,14.9185,0.0,186296.0,14.9185,519.105,100.0,0.0,680.35,250.0,24.9975,0.0,4.6175,680.35,0.0,0.0,0.037,686.4125,0.1499,100.0,0.0,0.3794,0.0,10.9175,0.0,100.0,172.074,0.0,1000.2,999.9,0.0,0.294,84.615,686.4,72.5544,0.0,670.45,0.0,710.0,1774.08,522.51,50.0,0.3151,0.2439,1000.2,0.7,186296.0,542.44,42.0822,677.0,680.3,0.0,0.0,0.0,0.1769,0.681,0.0,0.0,0.037,180.0,0.0,0.0,12.301,2.6,26.555,0.1273,1000.0,1.0,66.2005,571.95,50.0,145.739,5000.0,0.0,100.0,0.1959,600.0,28.0961,0.0,3000.0,24.9975,26.859,680.35,184.015,9.9998,0.0,0.0,0.0,3000.25,286.785,96.08,72.5544,0.0,2.5995,0.0,0.3794,11.1202,20.3058,14.9196,343.35,0.2999,519.105,19.4238,0.5,0.0,0.0,0.0,2.6004,0.0,250.0,100.0,33.0,0.0,50.0,0.0,4999.1797,2200.0,686.4,28.0961,26.91,1.76,359.3,359.3,57.6375,4999.375,180.0,1.0051,0.0,0.1272,86.35,0.0,0.0,0.0,50.0,0.0,76.7537,0.0,0.0,0.1298,0.0,24.9975,0.037,662.15,14.9185,252.375,0.0,4.6175,148.7137,50.0,81.9375,25.0,650.7,50.0,0.0,0.0,0.123,1000.0,0.0,20.3058,0.0,100.0,186296.0,0.4632,20.0,0.0,0.0,47.958,0.5,186296.0,0.0,0.3794,590.2,0.123,0.1298,2.6004,211.52,0.0,490.43,0.0,522.54,358.3378,0.0,2.5995,75.535,184.015,9.9649,26.49,100.0,520.0,85.0875,61.52,5999.7334,0.7,26.91,85.1325,0.0,15.7203,24.9975,100.0,0.0,0.037,0.0,83.415,600.0,66.2005,590.2,522.51,100.0,186300.0,343.35,10.9175,100.0,9.9649,9.9998,0.0,0.0,0.0,100.0,662.15,14.9185,20.3073,0.0,0.275,9.499,14.9196,0.0,0.0,32.94,0.0,0.0,0.037,686.4,100.0,1774.08,519.11,25.99,0.0,38.0,4.3,0.0,76.7537,4.6175,82.4775,710.0,19.4238,73.2239,0.0,0.15,0.3151,590.0,13.4305,673.75,0.0,0.037,0.1499,2.6,184.015,73.2239,0.1499,4999.375,519.1,519.11,680.0,519.105
57.525,211.52,0.0,211.52,4.176,75.5396,710.0,24.9975,172.071,522.48,42.0822,0.0,110.0,276.45,186296.0,491.4,88.0,0.0,0.0,343.35,0.0,0.0,9.9998,0.0,96.08,0.0,50.0,180.0,11.1205,0.0,0.0,75.5396,680.35,42.0757,0.0,100.0,0.0,3000.25,590.2,32.935,184.015,100.0,184.015,488.475,47.958,25.48,184.015,100.0,0.0,0.0,0.0,0.0,9.1118,24.9975,100.0,1774.08,0.0,519.105,-1.0,0.0,0.0,60.0,50000.0,25.04,0.0,0.0,47.958,184.015,0.0,489.42,0.4632,0.0,5000.0,13.4352,600.0,0.1272,0.0,100.0,543.4,519.1,49.925,0.0,0.0,14.9174,4999.1797,0.0,590.2,682.05,0.0,211.52,0.037,100.0,14.9174,94.44,100.0,997.2,0.207,100.0,15.72,3.3,1.0,14.9174,0.0,186296.0,14.9174,519.105,100.0,0.0,680.35,250.0,24.9975,0.0,4.6175,680.35,0.0,0.0,0.037,686.4125,0.1499,100.0,0.0,0.3794,0.0,10.9176,0.0,100.0,172.06,0.0,1000.2,999.9,0.0,0.294,84.63,686.4,72.5544,0.0,670.45,0.0,710.0,1774.08,522.48,50.0,0.3151,0.2439,1000.2,0.7,186296.0,542.4,42.0757,677.05,680.3,0.0,0.0,0.0,0.1768,0.681,0.0,0.0,0.037,180.0,0.0,0.0,12.301,2.6,26.555,0.1273,1000.0,1.0,66.2007,571.65,50.0,145.739,5000.0,0.0,100.0,0.196,600.0,28.0963,0.0,3000.0,24.9975,26.8535,680.35,184.015,9.9998,0.0,0.0,0.0,3000.25,287.145,96.08,72.5544,0.0,2.5995,0.0,0.3794,11.1205,20.3028,14.9185,343.35,0.2999,519.105,19.4238,0.5,0.0,0.0,0.0,2.6004,0.0,250.0,100.0,33.0,0.0,50.0,0.0,4999.1797,2200.0,686.4,28.0963,26.91,1.76,359.35,359.35,57.6,4999.375,180.0,1.005,0.0,0.1272,86.8,0.0,0.0,0.0,50.0,0.0,76.7532,0.0,0.0,0.1298,0.0,24.9975,0.037,662.15,14.9174,252.375,0.0,4.6175,148.7137,50.0,81.9675,25.0,650.7,50.0,0.0,0.0,0.123,1000.0,0.0,20.3028,0.0,100.0,186296.0,0.4632,20.0,0.0,0.0,47.94,0.5,186296.0,0.0,0.3794,590.2,0.123,0.1298,2.6004,211.52,0.0,490.43,0.0,522.51,357.9245,0.0,2.5995,75.535,184.015,9.9648,26.49,100.0,520.0,85.11,61.52,5999.7334,0.7,26.91,85.1175,0.0,15.72,24.9975,100.0,0.0,0.037,0.0,83.46,600.0,66.2007,590.2,522.48,100.0,186300.0,343.35,10.9176,100.0,9.9648,9.9998,0.0,0.0,0.0,100.0,662.15,14.9174,20.3043,0.0,0.275,9.5,14.9185,0.0,0.0,32.94,0.0,0.0,0.037,686.4,100.0,1774.08,519.11,25.99,0.0,38.0,4.2016,0.0,76.7532,4.6175,82.455,710.0,19.4238,73.2164,0.0,0.15,0.3151,590.0,13.4352,673.75,0.0,0.037,0.1499,2.6,184.015,73.2164,0.1499,4999.375,519.1,519.11,680.0,519.105
57.5625,211.52,0.0,211.52,4.175,75.5396,709.92,24.9975,172.071,522.45,42.0757,0.0,110.0,276.45,186296.0,491.445,88.0,0.0,0.0,343.35,0.0,0.0,9.9998,0.0,96.08,0.0,50.0,180.0,11.1208,0.0,0.0,75.5396,680.35,42.0693,0.0,100.0,0.0,3000.25,590.2,32.935,184.015,100.0,184.015,488.475,47.94,25.48,184.015,100.0,0.0,0.0,0.0,0.0,9.1124,24.9975,100.0,1774.08,0.0,519.105,-1.0,0.0,0.0,60.0,50000.0,25.04,0.0,0.0,47.94,184.015,0.0,489.465,0.4632,0.0,5000.0,13.4398,600.0,0.1272,0.0,100.0,543.36,519.1,49.925,0.0,0.0,14.9249,4999.1797,0.0,590.2,682.05,0.0,211.52,0.037,100.0,14.9249,94.44,100.0,997.2,0.207,100.0,15.7198,3.3,1.0,14.9249,0.0,186296.0,14.9249,519.105,100.0,0.0,680.35,250.0,24.9975,0.0,4.6175,680.35,0.0,0.0,0.037,686.4125,0.1499,100.0,0.0,0.3794,0.0,10.9177,0.0,100.0,172.06,0.0,1000.2,999.9,0.0,0.294,84.5925,686.4,72.5551,0.0,670.45,0.0,709.92,1774.08,522.45,50.0,0.3151,0.2439,1000.2,0.7,186296.0,542.36,42.0693,677.05,680.3,0.0,0.0,0.0,0.1768,0.681,0.0,0.0,0.037,180.0,0.0,0.0,12.301,2.6,26.555,0.1273,1000.0,1.0,66.2001,572.15,50.0,145.739,5000.0,0.0,100.0,0.196,600.0,28.0965,0.0,3000.0,24.9975,26.848,680.35,184.015,9.9998,0.0,0.0,0.0,3000.25,287.5725,96.08,72.5551,0.0,2.6003,0.0,0.3794,11.1208,20.2997,14.9174,343.35,0.2999,519.105,19.4238,0.5,0.0,0.0,0.0,2.6004,0.0,250.0,100.0,33.0,0.0,50.0,0.0,4999.1797,2200.0,686.4,28.0965,26.91,1.76,359.4,359.4,57.5625,4999.375,180.0,1.005,0.0,0.1272,86.425,0.0,0.0,0.0,50.0,0.0,76.7527,0.0,0.0,0.1298,0.0,24.9975,0.037,662.15,14.9249,252.375,0.0,4.6175,148.7137,50.0,81.93,25.0,650.7,50.0,0.0,0.0,0.1231,1000.0,0.0,20.2997,0.0,100.0,186296.0,0.4632,20.0,0.0,0.0,47.922,0.5,186296.0,0.0,0.3794,590.2,0.1231,0.1298,2.6004,211.52,0.0,490.43,0.0,522.48,358.7511,0.0,2.6003,75.535,184.015,9.9648,26.49,100.0,520.0,85.1175,61.52,5999.7334,0.7,26.91,85.11,0.0,15.7198,24.9975,100.0,0.0,0.037,0.0,83.4225,600.0,66.2001,590.2,522.45,100.0,186300.0,343.35,10.9177,100.0,9.9648,9.9998,0.0,0.0,0.0,100.0,662.15,14.9249,20.3013,0.0,0.275,9.5,14.9174,0.0,0.0,32.935,0.0,0.0,0.037,686.4,100.0,1774.08,519.11,25.99,0.0,38.0,4.4266,0.0,76.7527,4.6175,82.4175,710.0,19.4238,73.1582,0.0,0.15,0.3151,590.0,13.4398,673.75,0.0,0.037,0.1499,2.6,184.015,73.1582,0.1499,4999.375,519.1,519.11,680.0,519.105
57.5625,211.52,0.0,211.52,4.173,75.5396,709.92,24.9975,172.071,522.42,42.0693,0.0,110.0,276.5,186296.0,491.445,88.0,0.0,0.0,343.35,0.0,0.0,9.9998,0.0,96.08,0.0,50.0,180.0,11.1211,0.0,0.0,75.5396,680.35,42.0631,0.0,100.0,0.0,3000.25,590.2,32.935,184.015,100.0,184.015,488.475,47.922,25.48,184.015,100.0,0.0,0.0,0.0,0.0,9.1124,24.9975,100.0,1774.08,0.0,519.105,-1.0,0.0,0.0,60.0,50000.0,25.04,0.0,0.0,47.922,184.015,0.0,489.465,0.4632,0.0,5000.0,13.4445,600.0,0.1272,0.0,100.0,543.32,519.1,49.925,0.0,0.0,14.9241,4999.1797,0.0,590.2,682.05,0.0,211.52,0.037,100.0,14.9241,94.44,100.0,997.2,0.207,100.0,15.7196,3.3,1.0,14.9241,0.0,186296.0,14.9241,519.105,100.0,0.0,680.35,250.0,24.9975,0.0,4.6175,680.35,0.0,0.0,0.037,686.4125,0.1499,100.0,0.0,0.3794,0.0,10.9177,0.0,100.0,172.06,0.0,1000.2,999.9,0.0,0.294,84.6075,686.4,72.5552,0.0,670.45,0.0,709.92,1774.08,522.42,50.0,0.3151,0.2439,1000.2,0.7,186296.0,542.32,42.0631,677.05,680.3,0.0,0.0,0.0,0.1768,0.681,0.0,0.0,0.037,180.0,0.0,0.0,12.3,2.6,26.555,0.1273,1000.0,1.0,66.2,572.0,50.0,145.739,5000.0,0.0,100.0,0.196,600.0,28.0968,0.0,3000.0,24.9975,26.8425,680.35,184.015,9.9998,0.0,0.0,0.0,3000.25,287.0325,96.08,72.5552,0.0,2.6003,0.0,0.3794,11.1211,20.2967,14.9249,343.35,0.2999,519.105,19.4238,0.5,0.0,0.0,0.0,2.6004,0.0,250.0,100.0,33.0,0.0,50.0,0.0,4999.1797,2200.0,686.4,28.0968,26.91,1.76,359.45,359.45,57.6,4999.375,180.0,1.005,0.0,0.1272,86.775,0.0,0.0,0.0,50.0,0.0,76.7522,0.0,0.0,0.1298,0.0,24.9975,0.037,662.15,14.9241,252.375,0.0,4.6175,148.7137,50.0,81.945,25.0,650.7,50.0,0.0,0.0,0.1231,1000.0,0.0,20.2967,0.0,100.0,186296.0,0.4632,20.0,0.0,0.0,47.928,0.5,186296.0,0.0,0.3794,590.2,0.1231,0.1298,2.6004,211.52,0.0,490.46,0.0,522.45,358.0279,0.0,2.6003,75.535,184.015,9.9647,26.49,100.0,520.0,85.1625,61.52,5999.7334,0.7,26.91,85.1625,0.0,15.7196,24.9975,100.0,0.0,0.037,0.0,83.4525,600.0,66.2,590.2,522.42,100.0,186300.0,343.35,10.9177,100.0,9.9647,9.9998,0.0,0.0,0.0,100.0,662.15,14.9241,20.2982,0.0,0.275,9.5,14.9249,0.0,0.0,32.935,0.0,0.0,0.037,686.4,100.0,1774.08,519.11,25.99,0.0,38.0,4.1125,0.0,76.7522,4.6175,82.3875,710.0,19.4238,73.1501,0.0,0.15,0.3151,590.0,13.4445,673.75,0.0,0.037,0.1499,2.6,184.015,73.1501,0.1499,4999.375,519.1,519.11,680.0,519.105
57.5625,211.52,0.0,211.52,4.167,75.5396,709.92,24.9975,172.1115,522.33,42.0631,0.0,110.0,276.55,186296.0,491.445,88.0,0.0,0.0,343.35,0.0,0.0,9.9998,0.0,96.08,0.0,50.0,180.0,11.119,0.0,0.0,75.5396,680.35,42.0569,0.0,100.0,0.0,2999.25,590.2,32.935,184.015,100.0,184.015,488.475,47.928,25.48,184.015,100.0,0.0,0.0,0.0,0.0,9.1118,24.9975,100.0,1774.08,0.0,519.105,-1.0,0.0,0.0,60.0,50000.0,25.04,0.0,0.0,47.928,184.015,0.0,489.465,0.4632,0.0,5000.0,13.4492,600.0,0.1272,0.0,100.0,543.24,519.1,49.925,0.0,0.0,14.9232,4999.1797,0.0,590.2,682.05,0.0,211.52,0.037,100.0,14.9232,94.44,100.0,997.2,0.207,100.0,15.7218,3.3,1.0,14.9232,0.0,186296.0,14.9232,519.105,100.0,0.0,680.35,250.0,24.9975,0.0,4.6175,680.35,0.0,0.0,0.037,686.4125,0.1499,100.0,0.0,0.3794,0.0,10.9178,0.0,100.0,172.102,0.0,999.6,999.9,0.0,0.294,84.5925,686.4,72.5553,0.0,670.5,0.0,709.92,1774.08,522.33,50.0,0.3151,0.2439,999.6,0.7,186296.0,542.28,42.0569,677.05,680.3,0.0,0.0,0.0,0.1768,0.681,0.0,0.0,0.037,180.0,0.0,0.0,12.3,2.6,26.555,0.1273,1000.0,1.0,66.1999,572.2,50.0,145.75,5000.0,0.0,100.0,0.196,600.0,28.097,0.0,3000.0,24.9975,26.837,680.35,184.015,9.9998,0.0,0.0,0.0,2999.25,287.2125,96.08,72.5553,0.0,2.6003,0.0,0.3794,11.119,20.2937,14.9241,343.35,0.2999,519.105,19.4238,0.5,0.0,0.0,0.0,2.5998,0.0,250.0,100.0,33.0,0.0,50.0,0.0,4999.1797,2200.0,686.4,28.097,26.91,1.76,359.55,359.55,57.5625,5001.2749,180.0,1.0049,0.0,0.1272,86.25,0.0,0.0,0.0,50.0,0.0,76.7539,0.0,0.0,0.1298,0.0,24.9975,0.037,662.15,14.9232,252.375,0.0,4.6175,148.7137,50.0,82.0275,25.0,650.7,50.0,0.0,0.0,0.1231,1000.0,0.0,20.2937,0.0,100.0,186296.0,0.4632,20.0,0.0,0.0,47.922,0.5,186296.0,0.0,0.3794,590.2,0.1231,0.1298,2.5998,211.52,0.0,490.46,0.0,522.42,358.6133,0.0,2.6003,75.535,184.015,9.9653,26.49,100.0,520.0,85.1025,61.52,5999.7334,0.7,26.91,85.155,0.0,15.7218,24.9975,100.0,0.0,0.037,0.0,83.4225,600.0,66.1999,590.2,522.33,100.0,186300.0,343.35,10.9178,100.0,9.9653,9.9998,0.0,0.0,0.0,100.0,662.15,14.9232,20.2952,0.0,0.275,9.501,14.9241,0.0,0.0,32.935,0.0,0.0,0.037,686.4,100.0,1774.08,519.11,25.99,0.0,38.0,3.9703,0.0,76.7539,4.6175,82.38,710.0,19.4238,73.142,0.0,0.15,0.3151,590.0,13.4492,673.75,0.0,0.037,0.1499,2.6,184.015,73.142,0.1499,5001.2749,519.1,519.11,680.0,519.105
57.5625,211.52,0.0,211.52,4.167,75.5396,709.92,24.9975,172.1115,522.33,42.0569,0.0,110.0,276.55,186296.0,491.445,88.0,0.0,0.0,343.35,0.0,0.0,9.9998,0.0,96.08,0.0,50.0,180.0,11.1183,0.0,0.0,75.5396,680.35,42.0584,0.0,100.0,0.0,2999.25,590.2,32.935,184.015,100.0,184.015,488.475,47.922,25.48,184.015,100.0,0.0,0.0,0.0,0.0,9.1118,24.9975,100.0,1774.08,0.0,519.105,-1.0,0.0,0.0,60.0,50000.0,25.04,0.0,0.0,47.922,184.015,0.0,489.465,0.4632,0.0,5000.0,13.4538,600.0,0.1272,0.0,100.0,543.24,519.1,49.925,0.0,0.0,14.9224,4999.1797,0.0,590.2,682.05,0.0,211.52,0.037,100.0,14.9224,94.44,100.0,997.2,0.207,100.0,15.7225,3.3,1.0,14.9224,0.0,186296.0,14.9224,519.105,100.0,0.0,680.35,250.0,24.9975,0.0,4.6175,680.35,0.0,0.0,0.037,686.4125,0.1499,100.0,0.0,0.3794,0.0,10.9178,0.0,100.0,172.102,0.0,999.6,999.9,0.0,0.294,84.5925,686.4,72.5554,0.0,670.5,0.0,709.92,1774.08,522.33,50.0,0.3151,0.2439,999.6,0.7,186296.0,542.28,42.0584,677.05,680.3,0.0,0.0,0.0,0.1768,0.681,0.0,0.0,0.037,180.0,0.0,0.0,12.3,2.6,26.555,0.1273,1000.0,1.0,66.1998,572.2,50.0,145.75,5000.0,0.0,100.0,0.196,600.0,28.0973,0.0,3000.0,24.9975,26.837,680.35,184.015,9.9998,0.0,0.0,0.0,2999.25,287.2125,96.08,72.5554,0.0,2.6003,0.0,0.3794,11.1183,20.2907,14.9232,343.35,0.2999,519.105,19.4238,0.5,0.0,0.0,0.0,2.5998,0.0,250.0,100.0,33.0,0.0,50.0,0.0,4999.1797,2200.0,686.4,28.0973,26.91,1.76,359.55,359.55,57.5625,5001.2749,180.0,1.0049,0.0,0.1272,86.25,0.0,0.0,0.0,50.0,0.0,76.7542,0.0,0.0,0.1298,0.0,24.9975,0.037,662.15,14.9224,252.375,0.0,4.6175,148.7137,50.0,82.0275,25.0,650.7,50.0,0.0,0.0,0.1231,1000.0,0.0,20.2907,0.0,100.0,186296.0,0.4632,20.0,0.0,0.0,47.922,0.5,186296.0,0.0,0.3794,590.2,0.1231,0.1298,2.5998,211.52,0.0,490.46,0.0,522.33,358.6133,0.0,2.6003,75.535,184.015,9.9655,26.49,100.0,520.0,85.1025,61.52,5999.7334,0.7,26.91,85.155,0.0,15.7225,24.9975,100.0,0.0,0.037,0.0,83.4225,600.0,66.1998,590.2,522.33,100.0,186300.0,343.35,10.9178,100.0,9.9655,9.9998,0.0,0.0,0.0,100.0,662.15,14.9224,20.2922,0.0,0.275,9.501,14.9232,0.0,0.0,32.935,0.0,0.0,0.037,686.4,100.0,1774.08,519.11,25.99,0.0,38.0,3.9703,0.0,76.7542,4.6175,82.38,710.0,19.4238,73.1339,0.0,0.15,0.3151,590.0,13.4538,673.75,0.0,0.037,0.1499,2.6,184.015,73.1339,0.1499,5001.2749,519.1,519.11,680.0,519.105
57.6375,211.54,0.0,211.54,4.166,75.5396,710.08,24.9975,172.125,522.3,42.0584,0.0,110.0,276.6,186296.0,491.445,88.0,0.0,0.0,343.35,0.0,0.0,9.9998,0.0,96.08,0.0,50.0,180.0,11.1176,0.0,0.0,75.5396,680.35,42.049,0.0,100.0,0.0,2999.25,590.2,32.93,184.015,100.0,184.015,488.475,47.922,25.48,184.015,100.0,0.0,0.0,0.0,0.0,9.1118,24.9975,100.0,1774.08,0.0,519.105,-1.0,0.0,0.0,60.0,50000.0,25.04,0.0,0.0,47.922,184.015,0.0,489.465,0.4632,0.0,5000.0,13.4585,600.0,0.1272,0.0,100.0,543.24,519.1,49.925,0.0,0.0,14.9129,4999.1797,0.0,590.2,682.05,0.0,211.54,0.037,100.0,14.9129,94.44,100.0,996.75,0.207,100.0,15.7233,3.3,1.0,14.9129,0.0,186296.0,14.9129,519.105,100.0,0.0,680.35,250.0,24.9975,0.0,4.615,680.35,0.0,0.0,0.037,686.4125,0.1499,100.0,0.0,0.3794,0.0,10.9179,0.0,100.0,172.116,0.0,999.6,999.9,0.0,0.294,84.6,686.4,72.5543,0.0,670.5,0.0,710.08,1774.08,522.3,50.0,0.3151,0.2439,999.6,0.7,186296.0,542.24,42.049,677.05,680.3,0.0,0.0,0.0,0.1767,0.681,0.0,0.0,0.037,180.0,0.0,0.0,12.3,2.6,26.555,0.1273,1000.0,1.0,66.1998,571.95,50.0,145.75,5000.0,0.0,100.0,0.196,600.0,28.0975,0.0,3000.0,24.9975,26.837,680.35,184.015,9.9998,0.0,0.0,0.0,2999.25,287.0325,96.08,72.5543,0.0,2.6003,0.0,0.3794,11.1176,20.2876,14.9224,343.35,0.2999,519.105,19.4238,0.5,0.0,0.0,0.0,2.5998,0.0,250.0,100.0,33.0,0.0,50.0,0.0,4999.1797,2200.0,686.4,28.0975,26.91,1.76,359.6,359.6,57.525,5001.2749,180.0,1.0048,0.0,0.1272,86.75,0.0,0.0,0.0,50.0,0.0,76.7544,0.0,0.0,0.1298,0.0,24.9975,0.037,662.15,14.9129,252.375,0.0,4.615,148.725,50.0,82.0125,25.0,650.7,50.0,0.0,0.0,0.1231,1000.0,0.0,20.2876,0.0,100.0,186296.0,0.4632,20.0,0.0,0.0,47.904,0.5,186296.0,0.0,0.3794,590.2,0.1231,0.1298,2.5998,211.54,0.0,490.46,0.0,522.33,358.4411,0.0,2.6003,75.535,184.015,9.9657,26.49,100.0,520.0,85.0725,61.52,5999.7334,0.7,26.91,85.185,0.0,15.7233,24.9975,100.0,0.0,0.037,0.0,83.4675,600.0,66.1998,590.2,522.3,100.0,186300.0,343.35,10.9179,100.0,9.9657,9.9998,0.0,0.0,0.0,100.0,662.15,14.9129,20.2891,0.0,0.275,9.501,14.9224,0.0,0.0,32.935,0.0,0.0,0.037,686.4,100.0,1774.08,519.11,25.99,0.0,38.0,4.0859,0.0,76.7544,4.615,82.4025,710.0,19.4238,73.1257,0.0,0.15,0.3151,590.0,13.4585,673.75,0.0,0.037,0.1499,2.6,184.015,73.1257,0.1499,5001.2749,519.1,519.11,680.0,519.105
57.525,211.54,0.0,211.54,4.164,75.5396,710.08,24.9975,172.125,522.27,42.049,0.0,110.0,276.65,186296.0,491.445,88.0,0.0,0.0,343.35,0.0,0.0,9.9998,0.0,96.08,0.0,50.0,180.0,11.117,0.0,0.0,75.5396,680.35,42.0434,0.0,100.0,0.0,2999.25,590.2,32.93,184.015,100.0,184.015,488.475,47.904,25.48,184.015,100.0,0.0,0.0,0.0,0.0,9.1118,24.9975,100.0,1774.08,0.0,519.105,-1.0,0.0,0.0,60.0,50000.0,25.04,0.0,0.0,47.904,184.015,0.0,489.465,0.4632,0.0,5000.0,13.4632,600.0,0.1272,0.0,100.0,543.2,519.1,49.925,0.0,0.0,14.9118,4999.1797,0.0,590.2,682.05,0.0,211.54,0.037,100.0,14.9118,94.44,100.0,996.75,0.207,100.0,15.724,3.3,1.0,14.9118,0.0,186296.0,14.9118,519.105,100.0,0.0,680.35,250.0,24.9975,0.0,4.615,680.35,0.0,0.0,0.037,686.4125,0.1499,100.0,0.0,0.3794,0.0,10.9179,0.0,100.0,172.116,0.0,999.6,999.9,0.0,0.294,84.5925,686.4,72.5542,0.0,670.5,0.0,710.08,1774.08,522.27,50.0,0.3151,0.2439,999.6,0.7,186296.0,542.2,42.0434,677.05,680.3,0.0,0.0,0.0,0.1767,0.681,0.0,0.0,0.037,180.0,0.0,0.0,12.3,2.6,26.555,0.1273,1000.0,1.0,66.1997,571.7,50.0,145.75,5000.0,0.0,100.0,0.196,600.0,28.0977,0.0,3000.0,24.9975,26.8205,680.35,184.015,9.9998,0.0,0.0,0.0,2999.25,287.01,96.08,72.5542,0.0,2.6003,0.0,0.3794,11.117,20.2846,14.9129,343.35,0.2999,519.105,19.4238,0.5,0.0,0.0,0.0,2.5998,0.0,250.0,100.0,33.0,0.0,50.0,0.0,4999.1797,2200.0,686.4,28.0977,26.91,1.76,359.65,359.65,57.6,5001.2749,180.0,1.0048,0.0,0.1272,86.2,0.0,0.0,0.0,50.0,0.0,76.7547,0.0,0.0,0.1298,0.0,24.9975,0.037,662.15,14.9118,252.375,0.0,4.615,148.725,50.0,82.02,25.0,650.7,50.0,0.0,0.0,0.1231,1000.0,0.0,20.2846,0.0,100.0,186296.0,0.4632,20.0,0.0,0.0,47.88,0.5,186296.0,0.0,0.3794,590.2,0.1231,0.1299,2.5998,211.54,0.0,490.46,0.0,522.3,358.3723,0.0,2.6003,75.535,184.015,9.9658,26.49,100.0,520.0,85.035,61.52,5999.7334,0.7,26.91,85.17,0.0,15.724,24.9975,100.0,0.0,0.037,0.0,83.4225,600.0,66.1997,590.2,522.27,100.0,186300.0,343.35,10.9179,100.0,9.9658,9.9998,0.0,0.0,0.0,100.0,662.15,14.9118,20.2861,0.0,0.275,9.502,14.9129,0.0,0.0,32.93,0.0,0.0,0.037,686.4,100.0,1774.08,519.11,25.99,0.0,38.0,3.9359,0.0,76.7547,4.615,82.4025,710.0,19.4238,73.067,0.0,0.15,0.3151,590.0,13.4632,673.75,0.0,0.037,0.1499,2.6,184.015,73.067,0.1499,5001.2749,519.1,519.11,680.0,519.105
57.5625,211.54,0.0,211.54,4.163,75.5396,710.08,24.9975,172.1385,522.21,42.0434,0.0,110.0,276.65,186296.0,491.445,88.0,0.0,0.0,343.35,0.0,0.0,9.9998,0.0,96.08,0.0,50.0,180.0,11.1188,0.0,0.0,75.5396,680.35,42.0378,0.0,100.0,0.0,3000.25,590.2,32.93,184.015,100.0,184.015,488.475,47.88,25.48,184.015,100.0,0.0,0.0,0.0,0.0,9.1113,24.9975,100.0,1774.08,0.0,519.14,-1.0,0.0,0.0,60.0,50000.0,25.04,0.0,0.0,47.88,184.015,0.0,489.465,0.4632,0.0,5000.0,13.4678,600.0,0.1273,0.0,100.0,543.16,519.1,49.925,0.0,0.0,14.9107,4999.1797,0.0,590.2,682.05,0.0,211.54,0.037,100.0,14.9107,94.44,100.0,996.75,0.207,100.0,15.7223,3.3,1.0,14.9107,0.0,186296.0,14.9107,519.14,100.0,0.0,680.35,250.0,24.9975,0.0,4.615,680.35,0.0,0.0,0.037,686.4125,0.1499,100.0,0.0,0.3794,0.0,10.918,0.0,100.0,172.144,0.0,1000.2,999.9,0.0,0.294,84.5775,686.4,72.5541,0.0,670.5,0.0,710.08,1773.8999,522.21,50.0,0.3151,0.2439,1000.2,0.7,186296.0,542.16,42.0378,677.05,680.3,0.0,0.0,0.0,0.1767,0.681,0.0,0.0,0.037,180.0,0.0,0.0,12.3,2.6,26.555,0.1273,1000.0,1.0,66.2003,572.0,50.0,145.75,5000.0,0.0,100.0,0.196,600.0,28.098,0.0,3000.0,24.9975,26.8095,680.35,184.015,9.9998,0.0,0.0,0.0,3000.25,287.4825,96.08,72.5541,0.0,2.5995,0.0,0.3794,11.1188,20.2816,14.9118,343.35,0.2999,519.14,19.4238,0.5,0.0,0.0,0.0,2.5998,0.0,250.0,100.0,33.0,0.0,50.0,0.0,4999.1797,2200.0,686.4,28.098,26.91,1.76,359.65,359.65,57.6375,4999.375,180.0,1.0046,0.0,0.1273,86.825,0.0,0.0,0.0,50.0,0.0,76.7549,0.0,0.0,0.1298,0.0,24.9975,0.037,662.15,14.9107,252.375,0.0,4.615,148.725,50.0,82.065,25.0,650.7,50.0,0.0,0.0,0.1231,1000.0,0.0,20.2816,0.0,100.0,186296.0,0.4632,20.0,0.0,0.0,47.862,0.5,186296.0,0.0,0.3794,590.2,0.1231,0.1299,2.5998,211.54,0.0,490.46,0.0,522.27,358.4067,0.0,2.5995,75.535,184.015,9.9653,26.49,100.0,520.0,85.065,61.52,5999.7334,0.7,26.91,85.185,0.0,15.7223,24.9975,100.0,0.0,0.037,0.0,83.3925,600.0,66.2003,590.2,522.21,100.0,186300.0,343.35,10.918,100.0,9.9653,9.9998,0.0,0.0,0.0,100.0,662.15,14.9107,20.2831,0.0,0.275,9.502,14.9118,0.0,0.0,32.93,0.0,0.0,0.037,686.4,100.0,1774.08,519.14,25.99,0.0,38.0,4.5234,0.0,76.7549,4.615,82.3875,710.0,19.4238,73.0583,0.0,0.15,0.3151,590.0,13.4678,673.75,0.0,0.037,0.1499,2.6,184.015,73.0583,0.1499,4999.375,519.1,519.14,680.0,519.14
57.525,211.54,0.0,211.54,4.159,75.5396,709.92,24.9975,172.179,522.15,42.0378,0.0,110.0,276.7,186296.0,491.445,88.0,0.0,0.0,343.35,0.0,0.0,9.9998,0.0,96.08,0.0,50.0,180.0,11.1197,0.0,0.0,75.5396,680.35,42.0362,0.0,100.0,0.0,3000.25,590.2,32.925,184.015,100.0,184.015,488.475,47.862,25.48,184.015,100.0,0.0,0.0,0.0,0.0,9.1108,24.9975,100.0,1773.8999,0.0,519.14,-1.0,0.0,0.0,60.0,50000.0,25.04,0.0,0.0,47.862,184.015,0.0,489.465,0.4632,0.0,5000.0,13.4725,600.0,0.1273,0.0,100.0,543.04,519.1,49.925,0.0,0.0,14.9096,4999.1797,0.0,590.2,682.05,0.0,211.54,0.037,100.0,14.9096,94.44,100.0,996.75,0.2071,100.0,15.722,3.3,1.0,14.9096,0.0,186296.0,14.9096,519.14,100.0,0.0,680.35,250.0,24.9975,0.0,4.615,680.35,0.0,0.0,0.037,686.4125,0.1499,100.0,0.0,0.3794,0.0,10.918,0.0,100.0,172.172,0.0,1000.2,999.9,0.0,0.294,84.615,686.4,72.5552,0.0,670.5,0.0,709.92,1773.8999,522.15,50.0,0.3151,0.2439,1000.2,0.7,186296.0,542.08,42.0362,677.05,680.3,0.0,0.0,0.0,0.1767,0.681,0.0,0.0,0.037,180.0,0.0,0.0,12.3,2.6,26.555,0.1273,1000.0,1.0,66.2005,571.6,50.0,145.75,5000.0,0.0,100.0,0.1961,599.94,28.0982,0.0,3000.0,24.9975,26.782,680.35,184.015,9.9998,0.0,0.0,0.0,3000.25,287.235,96.08,72.5552,0.0,2.5995,0.0,0.3794,11.1197,20.2785,14.9107,343.35,0.2999,519.14,19.4238,0.5,0.0,0.0,0.0,2.5998,0.0,250.0,100.0,33.0,0.0,50.0,0.0,4999.1797,2200.0,686.4,28.0982,26.91,1.76,359.75,359.75,57.5625,4998.8999,180.0,1.0045,0.0,0.1273,86.3,0.0,0.0,0.0,50.0,0.0,76.7552,0.0,0.0,0.1298,0.0,24.9975,0.037,662.15,14.9096,252.4,0.0,4.615,148.725,50.0,82.05,25.0,650.7,50.0,0.0,0.0,0.1231,1000.0,0.0,20.2785,0.0,100.0,186296.0,0.4632,20.0,0.0,0.0,47.844,0.5,186296.0,0.0,0.3794,590.2,0.1231,0.1299,2.5998,211.54,0.0,490.46,0.0,522.21,357.8557,0.0,2.5995,75.535,184.015,9.9652,26.49,100.0,520.0,85.0725,61.52,5999.7334,0.7,26.91,85.185,0.0,15.722,24.9975,100.0,0.0,0.037,0.0,83.4675,600.0,66.2005,590.2,522.15,100.0,186300.0,343.35,10.918,100.0,9.9652,9.9998,0.0,0.0,0.0,100.0,662.15,14.9096,20.2801,0.0,0.275,9.503,14.9107,0.0,0.0,32.93,0.0,0.0,0.037,686.4,100.0,1773.8999,519.14,25.99,0.0,38.0,4.375,0.0,76.7552,4.615,82.4475,710.0,19.4238,73.0495,0.0,0.15,0.3151,590.0,13.4725,673.75,0.0,0.037,0.1499,2.6,184.015,73.0495,0.1499,4998.8999,519.1,519.14,680.0,519.14
57.525,211.54,0.0,211.54,4.159,75.5396,709.92,24.9975,172.179,522.15,42.0362,0.0,110.0,276.7,186296.0,491.445,88.0,0.0,0.0,343.35,0.0,0.0,9.9998,0.0,96.08,0.0,50.0,180.0,11.1203,0.0,0.0,75.5396,680.35,42.0348,0.0,100.0,0.0,3000.25,590.2,32.925,184.015,100.0,184.015,488.475,47.844,25.48,184.015,100.0,0.0,0.0,0.0,0.0,9.1108,24.9975,100.0,1773.8999,0.0,519.14,-1.0,0.0,0.0,60.0,50000.0,25.04,0.0,0.0,47.844,184.015,0.0,489.465,0.4632,0.0,5000.0,13.4772,599.94,0.1273,0.0,100.0,543.04,519.1,49.925,0.0,0.0,14.9085,4999.1797,0.0,590.2,682.05,0.0,211.54,0.037,100.0,14.9085,94.44,100.0,996.75,0.2071,100.0,15.7218,3.3,1.0,14.9085,0.0,186296.0,14.9085,519.14,100.0,0.0,680.35,250.0,24.9975,0.0,4.615,680.35,0.0,0.0,0.037,686.4125,0.1499,100.0,0.0,0.3794,0.0,10.9181,0.0,100.0,172.172,0.0,1000.2,999.9,0.0,0.294,84.615,686.4,72.5553,0.0,670.5,0.0,709.92,1773.8999,522.15,50.0,0.3151,0.2439,1000.2,0.7,186296.0,542.08,42.0348,677.05,680.3,0.0,0.0,0.0,0.1767,0.681,0.0,0.0,0.037,180.0,0.0,0.0,12.3,2.6,26.555,0.1273,1000.0,1.0,66.2007,571.6,50.0,145.75,5000.0,0.0,100.0,0.1961,599.94,28.0985,0.0,3000.0,24.9975,26.782,680.35,184.015,9.9998,0.0,0.0,0.0,3000.25,287.235,96.08,72.5553,0.0,2.5995,0.0,0.3794,11.1203,20.2755,14.9096,343.35,0.2999,519.14,19.4246,0.5,0.0,0.0,0.0,2.5998,0.0,250.0,100.0,33.0,0.0,50.0,0.0,4999.1797,2200.0,686.4,28.0985,26.91,1.76,359.75,359.75,57.5625,4998.8999,180.0,1.0045,0.0,0.1273,86.3,0.0,0.0,0.0,50.0,0.0,76.7554,0.0,0.0,0.1298,0.0,24.9975,0.037,662.15,14.9085,252.4,0.0,4.615,148.725,50.0,82.05,25.0,650.7,50.0,0.0,0.0,0.1231,1000.0,0.0,20.2755,0.0,100.0,186296.0,0.4632,20.0,0.0,0.0,47.844,0.5,186296.0,0.0,0.3794,590.2,0.1231,0.1299,2.5998,211.54,0.0,490.46,0.0,522.15,357.8557,0.0,2.5995,75.535,184.015,9.9651,26.49,100.0,520.0,85.0725,61.52,5999.7334,0.7,26.91,85.185,0.0,15.7218,24.9975,100.0,0.0,0.037,0.0,83.4675,600.0,66.2007,590.2,522.15,100.0,186300.0,343.35,10.9181,100.0,9.9651,9.9998,0.0,0.0,0.0,100.0,662.15,14.9085,20.277,0.0,0.275,9.503,14.9096,0.0,0.0,32.925,0.0,0.0,0.037,686.4,100.0,1773.8999,519.14,25.99,0.0,38.0,4.375,0.0,76.7554,4.615,82.4475,710.0,19.4246,72.9901,0.0,0.15,0.3151,590.0,13.4772,673.75,0.0,0.037,0.1499,2.6,184.015,72.9901,0.1499,4998.8999,519.1,519.14,680.0,519.14
57.5625,211.54,0.0,211.54,4.156,75.5396,709.92,24.9975,172.179,522.09,42.0348,0.0,110.0,276.75,186296.0,491.445,88.0,0.0,0.0,343.35,0.0,0.0,9.9998,0.0,96.08,0.0,50.0,180.0,11.1209,0.0,0.0,75.5396,680.35,42.0261,0.0,100.0,0.0,3000.25,590.2,32.925,184.015,100.0,184.015,488.475,47.844,25.48,184.015,100.0,0.0,0.0,0.0,0.0,9.1108,24.9975,100.0,1773.8999,0.0,519.14,-1.0,0.0,0.0,60.0,50000.0,25.04,0.0,0.0,47.844,184.015,0.0,489.465,0.4632,0.0,5000.0,13.4818,599.94,0.1273,0.0,100.0,543.0,519.1,49.925,0.0,0.0,14.916,4999.1797,0.0,590.2,682.05,0.0,211.54,0.037,100.0,14.916,94.44,100.0,996.75,0.2071,100.0,15.7215,3.3,1.0,14.916,0.0,186296.0,14.916,519.14,100.0,0.0,680.35,250.0,24.9975,0.0,4.615,680.35,0.0,0.0,0.037,686.4125,0.1499,100.0,0.0,0.3794,0.0,10.9182,0.0,100.0,172.172,0.0,1000.2,999.9,0.0,0.294,84.6225,686.4,72.5554,0.0,670.5,0.0,709.92,1773.8999,522.09,50.0,0.3151,0.2439,1000.2,0.7,186296.0,542.04,42.0261,677.05,680.3,0.0,0.0,0.0,0.1767,0.681,0.0,0.0,0.037,180.0,0.0,0.0,12.298,2.6,26.555,0.1273,1000.0,1.0,66.2008,571.65,50.0,145.75,5000.0,0.0,100.0,0.1961,599.94,28.0987,0.0,3000.0,24.9975,26.782,680.35,184.015,9.9998,0.0,0.0,0.0,3000.25,286.83,96.08,72.5554,0.0,2.5995,0.0,0.3794,11.1209,20.2725,14.9085,343.35,0.2999,519.14,19.4248,0.5,0.0,0.0,0.0,2.5998,0.0,250.0,100.0,33.0,0.0,50.0,0.0,4999.1797,2200.0,686.4,28.0987,26.91,1.76,359.8,359.8,57.5625,4998.8999,180.0,1.0045,0.0,0.1273,86.275,0.0,0.0,0.0,50.0,0.0,76.7557,0.0,0.0,0.1298,0.0,24.9975,0.037,662.15,14.916,252.4,0.0,4.615,148.725,50.0,82.0425,25.0,650.7,50.0,0.0,0.0,0.1231,1000.0,0.0,20.2725,0.0,100.0,186296.0,0.4632,20.0,0.0,0.0,47.832,0.5,186296.0,0.0,0.3794,590.2,0.1231,0.1299,2.5998,211.54,0.0,490.46,0.0,522.15,357.9934,0.0,2.5995,75.535,184.015,9.965,26.49,100.0,520.0,85.065,61.52,5999.7334,0.7,26.91,85.1625,0.0,15.7215,24.9975,100.0,0.0,0.037,0.0,83.505,600.0,66.2008,590.2,522.09,100.0,186300.0,343.35,10.9182,100.0,9.965,9.9998,0.0,0.0,0.0,100.0,662.15,14.916,20.274,0.0,0.275,9.504,14.9085,0.0,0.0,32.925,0.0,0.0,0.037,686.4,100.0,1773.8999,519.14,25.99,0.0,38.0,3.9891,0.0,76.7557,4.615,82.4625,710.0,19.4248,72.9808,0.0,0.15,0.3151,590.0,13.4818,673.75,0.0,0.037,0.1499,2.6,184.015,72.9808,0.1499,4998.8999,519.1,519.14,680.0,519.14
57.5625,211.54,0.0,211.54,4.153,75.5396,710.08,24.9975,172.1925,522.06,42.0261,0.0,110.0,276.8,186296.0,491.445,88.0,0.0,0.0,343.35,0.0,0.0,9.9998,0.0,96.08,0.0,50.0,180.0,11.1184,0.0,0.0,75.5396,680.35,42.0249,0.0,100.0,0.0,3000.25,590.2,32.925,184.015,100.0,184.015,488.475,47.832,25.48,184.015,100.0,0.0,0.0,0.0,0.0,9.1124,24.9975,100.0,1773.8999,0.0,519.14,-1.0,0.0,0.0,60.0,50000.0,25.04,0.0,0.0,47.832,184.015,0.0,489.465,0.4632,0.0,5000.0,13.4865,599.94,0.1273,0.0,100.0,542.96,519.15,49.925,0.0,0.0,14.9152,4999.1797,0.0,590.2,682.05,0.0,211.54,0.037,100.0,14.9152,94.44,100.0,996.75,0.2071,100.0,15.7213,3.3,1.0,14.9152,0.0,186296.0,14.9152,519.14,100.0,0.0,680.35,250.0,24.9975,0.0,4.615,680.35,0.0,0.0,0.037,686.4125,0.1499,100.0,0.0,0.3794,0.0,10.9182,0.0,100.0,172.2,0.0,1000.2,999.9,0.0,0.294,84.6525,686.4,72.5543,0.0,670.5,0.0,710.08,1773.8999,522.06,50.0,0.3151,0.2439,1000.2,0.7,186296.0,542.0,42.0249,677.05,680.3,0.0,0.0,0.0,0.1767,0.681,0.0,0.0,0.037,180.0,0.0,0.0,12.298,2.6,26.555,0.1273,1000.0,1.0,66.2003,571.8,50.0,145.75,5000.0,0.0,100.0,0.1961,599.94,28.0989,0.0,3000.0,24.9975,26.7765,680.35,184.015,9.9998,0.0,0.0,0.0,3000.25,287.1225,96.08,72.5543,0.0,2.6003,0.0,0.3794,11.1184,20.2695,14.916,343.35,0.2999,519.14,19.4251,0.5,0.0,0.0,0.0,2.6002,0.0,250.0,100.0,33.0,0.0,50.0,0.0,4999.1797,2200.0,686.4,28.0989,26.91,1.76,359.85,359.85,57.525,5001.2749,180.0,1.0044,0.0,0.1273,86.125,0.0,0.0,0.0,50.0,0.0,76.7544,0.0,0.0,0.1298,0.0,24.9975,0.037,662.15,14.9152,252.4,0.0,4.615,148.725,50.0,82.05,25.0,650.7,50.0,0.0,0.0,0.1231,1000.0,0.0,20.2695,0.0,100.0,186296.0,0.4632,20.0,0.0,0.0,47.814,0.5,186296.0,0.0,0.3794,590.2,0.1231,0.1299,2.6002,211.54,0.0,490.46,0.0,522.09,358.0279,0.0,2.6003,75.535,184.015,9.9649,26.49,100.0,520.0,85.095,61.52,5999.7334,0.7,26.91,85.125,0.0,15.7213,24.9975,100.0,0.0,0.037,0.0,83.46,600.0,66.2003,590.2,522.06,100.0,186300.0,343.35,10.9182,100.0,9.9649,9.9998,0.0,0.0,0.0,100.0,662.15,14.9152,20.271,0.0,0.275,9.504,14.916,0.0,0.0,32.925,0.0,0.0,0.037,686.4,100.0,1773.8999,519.14,25.99,0.0,38.0,3.8844,0.0,76.7544,4.615,82.425,710.0,19.4251,72.9714,0.0,0.15,0.3151,590.0,13.4865,673.75,0.0,0.037,0.1499,2.6,184.015,72.9714,0.1499,5001.2749,519.15,519.14,680.0,519.14
57.6,211.54,0.0,211.54,4.151,75.5396,710.08,24.9975,172.1925,522.03,42.0249,0.0,110.0,276.8,186296.0,491.445,88.0,0.0,0.0,343.35,0.0,0.0,9.9998,0.0,96.08,0.0,50.0,180.0,11.1177,0.0,0.0,75.5396,680.35,42.0202,0.0,100.0,0.0,3000.0,590.2,32.925,184.015,100.0,184.015,488.475,47.814,25.48,184.015,100.0,0.0,0.0,0.0,0.0,9.1124,24.9975,100.0,1773.8999,0.0,519.14,-1.0,0.0,0.0,60.0,50000.0,25.04,0.0,0.0,47.814,184.015,0.0,489.465,0.4632,0.0,5000.0,13.4912,599.94,0.1273,0.0,100.0,542.92,519.15,49.925,0.0,0.0,14.9143,4999.1797,0.0,590.2,682.05,0.0,211.54,0.037,100.0,14.9143,94.44,100.0,996.75,0.2071,100.0,15.7217,3.3,1.0,14.9143,0.0,186296.0,14.9143,519.14,100.0,0.0,680.35,250.0,24.9975,0.0,4.615,680.35,0.0,0.0,0.037,686.4125,0.1499,100.0,0.0,0.3794,0.0,10.9183,0.0,100.0,172.2,0.0,1000.2,999.9,0.0,0.294,84.6825,686.4,72.5542,0.0,670.5,0.0,710.08,1773.8999,522.03,50.0,0.3151,0.2439,1000.2,0.7,186296.0,541.92,42.0202,677.05,680.3,0.0,0.0,0.0,0.1767,0.681,0.0,0.0,0.037,180.0,0.0,0.0,12.297,2.6,26.555,0.1274,1000.0,1.0,66.2002,571.8,50.0,145.75,5000.0,0.0,100.0,0.1961,599.94,28.0992,0.0,3000.0,24.9975,26.771,680.35,184.015,9.9998,0.0,0.0,0.0,3000.0,287.595,96.08,72.5542,0.0,2.6003,0.0,0.3794,11.1177,20.2664,14.9152,343.35,0.2999,519.14,19.4253,0.5,0.0,0.0,0.0,2.6002,0.0,250.0,100.0,33.0,0.0,50.0,0.0,4999.1797,2200.0,686.4,28.0992,26.91,1.76,359.85,359.85,57.6,5001.2749,180.0,1.0044,0.0,0.1273,86.725,0.0,0.0,0.0,50.0,0.0,76.7542,0.0,0.0,0.1298,0.0,24.9975,0.037,662.15,14.9143,252.4,0.0,4.615,148.725,50.0,82.0275,25.0,650.7,50.0,0.0,0.0,0.1231,1000.0,0.0,20.2664,0.0,100.0,186296.0,0.4632,20.0,0.0,0.0,47.79,0.5,186296.0,0.0,0.3794,590.2,0.1231,0.1299,2.6002,211.54,0.0,490.49,0.0,522.06,358.4756,0.0,2.6003,75.535,184.015,9.9648,26.49,100.0,520.0,85.1175,61.52,5999.7334,0.7,26.91,85.11,0.0,15.7217,24.9975,100.0,0.0,0.037,0.0,83.415,600.0,66.2002,590.2,522.03,100.0,186300.0,343.35,10.9183,100.0,9.9648,9.9998,0.0,0.0,0.0,100.0,662.15,14.9143,20.2679,0.0,0.275,9.505,14.9152,0.0,0.0,32.925,0.0,0.0,0.037,686.4,100.0,1773.8999,519.14,25.99,0.0,38.0,3.9125,0.0,76.7542,4.615,82.3725,710.0,19.4253,72.962,0.0,0.15,0.3151,590.0,13.4912,673.75,0.0,0.037,0.1499,2.6,184.015,72.962,0.1499,5001.2749,519.15,519.14,680.0,519.14
57.6375,211.56,0.0,211.56,4.15,75.5396,710.08,24.9975,172.233,521.97,42.0202,0.0,110.0,276.85,186296.0,491.445,88.0,0.0,0.0,343.35,0.0,0.0,9.9998,0.0,96.08,0.0,50.0,180.0,11.117,0.0,0.0,75.5396,680.35,42.0156,0.0,100.0,0.0,3000.0,590.2,32.92,184.015,100.0,184.015,488.475,47.79,25.48,184.015,100.0,0.0,0.0,0.0,0.0,9.1118,24.9975,100.0,1773.8999,0.0,519.14,-1.0,0.0,0.0,60.0,50000.0,25.04,0.0,0.0,47.79,184.015,0.0,489.465,0.4632,0.0,5000.0,13.4958,599.94,0.1273,0.0,100.0,542.88,519.15,49.925,0.0,0.0,14.9135,4999.1797,0.0,590.2,682.05,0.0,211.56,0.037,100.0,14.9135,94.44,100.0,996.75,0.2071,100.0,15.7217,3.3,0.0,14.9135,0.0,186296.0,14.9135,519.14,100.0,0.0,680.35,250.0,24.9975,0.0,4.615,680.35,0.0,0.0,0.037,686.4125,0.1499,100.0,0.0,0.3794,0.0,10.9183,0.0,100.0,172.228,0.0,1000.2,999.9,0.0,0.294,84.63,686.4,72.5541,0.0,670.5,0.0,710.08,1773.8999,521.97,50.0,0.3151,0.2439,1000.2,0.7,186296.0,541.88,42.0156,677.05,680.3,0.0,0.0,0.0,0.1766,0.681,0.0,0.0,0.037,180.0,0.0,0.0,12.297,2.6,26.555,0.1274,1000.0,1.0,66.2001,571.85,50.0,145.75,5000.0,0.0,100.0,0.1961,600.12,28.0994,0.0,3000.0,24.9975,26.76,680.35,184.015,9.9998,0.0,0.0,0.0,3000.0,287.0325,96.08,72.5541,0.0,2.6003,0.0,0.3794,11.117,20.2634,14.9143,343.35,0.2999,519.14,19.4256,0.5,0.0,0.0,0.0,2.6002,0.0,250.0,100.0,33.0,0.0,50.0,0.0,4999.1797,2200.0,686.4,28.0994,26.91,1.76,359.9,359.9,57.6,5001.2749,180.0,1.0042,0.0,0.1273,86.425,0.0,0.0,0.0,50.0,0.0,76.7539,0.0,0.0,0.1298,0.0,24.9975,0.037,662.15,14.9135,252.4,0.0,4.615,148.725,50.0,82.035,25.0,650.7,50.0,0.0,0.0,0.1232,1000.0,0.0,20.2634,0.0,100.0,186296.0,0.4632,20.0,0.0,0.0,47.784,0.5,186296.0,0.0,0.3794,590.2,0.1232,0.1299,2.6002,211.56,0.0,490.49,0.0,522.03,357.9934,0.0,2.6003,75.535,184.015,9.9648,26.49,100.0,520.0,85.1175,61.52,5999.7334,0.7,26.91,85.1475,0.0,15.7217,24.9975,100.0,0.0,0.037,0.0,83.46,600.0,66.2001,590.2,521.97,100.0,186300.0,343.35,10.9183,100.0,9.9648,9.9998,0.0,0.0,0.0,100.0,662.15,14.9135,20.2649,0.0,0.275,9.506,14.9143,0.0,0.0,32.925,0.0,0.0,0.037,686.4,100.0,1773.8999,519.14,25.99,0.0,38.0,4.1531,0.0,76.7539,4.615,82.38,710.0,19.4256,72.9526,0.0,0.15,0.3151,590.0,13.4958,673.75,0.0,0.037,0.1499,2.6,184.015,72.9526,0.1499,5001.2749,519.15,519.14,680.0,519.14
57.5625,211.56,0.0,211.56,4.147,75.5396,710.08,24.9975,172.233,521.94,42.0156,0.0,110.0,276.85,186296.0,491.445,88.0,0.0,0.0,343.35,0.0,0.0,9.9998,0.0,96.08,0.0,50.0,180.0,11.1163,0.0,0.0,75.5396,680.35,42.015,0.0,100.0,0.0,3000.0,590.2,32.92,184.015,100.0,184.015,488.475,47.784,25.48,184.015,100.0,0.0,0.0,0.0,0.0,9.1118,24.9975,100.0,1773.8999,0.0,519.14,-1.0,0.0,0.0,60.0,50000.0,25.04,0.0,0.0,47.784,184.015,0.0,489.465,0.4632,0.0,5000.0,13.5005,600.12,0.1273,0.0,100.0,542.84,519.15,49.925,0.0,0.0,14.9127,4999.1797,0.0,590.2,682.05,0.0,211.56,0.037,100.0,14.9127,94.44,100.0,996.75,0.2072,100.0,15.7217,3.3,0.0,14.9127,0.0,186296.0,14.9127,519.14,100.0,0.0,680.35,250.0,24.9975,0.0,4.6125,680.35,0.0,0.0,0.037,686.4125,0.1499,100.0,0.0,0.3794,0.0,10.9184,0.0,100.0,172.228,0.0,1000.2,999.9,0.0,0.294,84.6525,686.4,72.5539,0.0,670.5,0.0,710.08,1773.8999,521.94,50.0,0.3151,0.2439,1000.2,0.7,186296.0,541.84,42.015,677.05,680.3,0.0,0.0,0.0,0.1766,0.681,0.0,0.0,0.037,180.0,0.0,0.0,12.299,2.6,26.555,0.1274,1000.0,1.0,66.2,572.05,50.0,145.75,5000.0,0.0,100.0,0.1961,600.12,28.0997,0.0,3000.0,24.9975,26.7435,680.35,184.015,9.9998,0.0,0.0,0.0,3000.0,287.595,96.08,72.5539,0.0,2.6003,0.0,0.3794,11.1163,20.2604,14.9135,343.35,0.2999,519.14,19.4236,0.5,0.0,0.0,0.0,2.6002,0.0,250.0,100.0,33.0,0.0,50.0,0.0,4999.1797,2200.0,686.4,28.0997,26.91,1.76,359.95,359.95,57.525,5001.2749,180.0,1.0042,0.0,0.1273,86.625,0.0,0.0,0.0,50.0,0.0,76.7537,0.0,0.0,0.1299,0.0,24.9975,0.037,662.15,14.9127,252.4,0.0,4.6125,148.725,50.0,82.05,25.0,650.7,50.0,0.0,0.0,0.1232,1000.0,0.0,20.2604,0.0,100.0,186296.0,0.4632,20.0,0.0,0.0,47.766,0.5,186296.0,0.0,0.3794,590.2,0.1232,0.1299,2.6002,211.56,0.0,490.49,0.0,521.97,358.4756,0.0,2.6003,75.535,184.015,9.9647,26.49,100.0,520.0,85.0875,61.52,5999.7334,0.7,26.91,85.1925,0.0,15.7217,24.9975,100.0,0.0,0.037,0.0,83.4225,600.0,66.2,590.2,521.94,100.0,186300.0,343.35,10.9184,100.0,9.9647,9.9998,0.0,0.0,0.0,100.0,662.15,14.9127,20.2619,0.0,0.275,9.506,14.9135,0.0,0.0,32.92,0.0,0.0,0.037,686.4,100.0,1773.8999,519.14,25.99,0.0,38.0,3.9688,0.0,76.7537,4.6125,82.3425,710.0,19.4236,72.8926,0.0,0.15,0.3151,590.0,13.5005,673.75,0.0,0.037,0.1499,2.6,184.015,72.8926,0.1499,5001.2749,519.15,519.14,680.0,519.14
57.6,211.56,0.0,211.56,4.145,75.5396,709.92,24.9975,172.2735,521.88,42.015,0.0,110.0,276.9,186296.0,491.445,88.0,0.0,0.0,343.35,0.0,0.0,9.9998,0.0,96.08,0.0,50.0,180.0,11.1188,0.0,0.0,75.5396,680.35,42.0108,0.0,100.0,0.0,3000.25,590.2,32.92,184.015,100.0,184.015,488.475,47.766,25.48,184.015,100.0,0.0,0.0,0.0,0.0,9.1113,24.9975,100.0,1773.8999,0.0,519.14,-1.0,0.0,0.0,60.0,50000.0,25.04,0.0,0.0,47.766,184.015,0.0,489.465,0.4632,0.0,5000.0,13.5052,600.12,0.1273,0.0,100.0,542.8,519.15,49.925,0.0,0.0,14.9118,4999.1797,0.0,590.2,682.05,0.0,211.56,0.037,100.0,14.9118,94.44,100.0,996.75,0.2072,100.0,15.721,3.3,0.0,14.9118,0.0,186296.0,14.9118,519.14,100.0,0.0,680.35,250.0,24.9975,0.0,4.6125,680.35,0.0,0.0,0.037,686.4125,0.1499,100.0,0.0,0.3794,0.0,10.9184,0.0,100.0,172.27,0.0,999.6,999.9,0.0,0.294,84.69,686.4,72.5551,0.0,670.5,0.0,709.92,1773.8999,521.88,50.0,0.3151,0.2439,999.6,0.7,186296.0,541.8,42.0108,677.05,680.3,0.0,0.0,0.0,0.1766,0.681,0.0,0.0,0.037,180.0,0.0,0.0,12.298,2.6,26.555,0.1274,1000.0,1.0,66.1999,571.95,50.0,145.761,5000.0,0.0,100.0,0.1961,600.06,28.0999,0.0,3000.0,24.9975,26.7325,680.35,184.015,9.9998,0.0,0.0,0.0,3000.25,287.145,96.08,72.5551,0.0,2.6003,0.0,0.3794,11.1188,20.2573,14.9127,343.35,0.2999,519.14,19.4231,0.5,0.0,0.0,0.0,2.5996,0.0,250.0,100.0,33.0,0.0,50.0,0.0,4999.1797,2200.0,686.4,28.0999,26.91,1.76,359.95,359.95,57.525,4998.8999,180.0,1.0041,0.0,0.1273,86.25,0.0,0.0,0.0,50.0,0.0,76.7557,0.0,0.0,0.1299,0.0,24.9975,0.037,662.15,14.9118,252.4,0.0,4.6125,148.7363,50.0,82.065,25.0,650.7,50.0,0.0,0.0,0.1232,1000.0,0.0,20.2573,0.0,100.0,186296.0,0.4632,20.0,0.0,0.0,47.748,0.5,186296.0,0.0,0.3794,590.2,0.1232,0.1299,2.5996,211.56,0.0,490.49,0.0,521.94,358.51,0.0,2.6003,75.535,184.015,9.9653,26.49,100.0,520.0,85.0425,61.52,5999.7334,0.7,26.91,85.1625,0.0,15.721,24.9975,100.0,0.0,0.037,0.0,83.475,600.0,66.1999,590.2,521.88,100.0,186300.0,343.35,10.9184,100.0,9.9653,9.9998,0.0,0.0,0.0,100.0,662.15,14.9118,20.2589,0.0,0.275,9.507,14.9127,0.0,0.0,32.92,0.0,0.0,0.037,686.4,100.0,1773.8999,519.14,25.99,0.0,38.0,4.3391,0.0,76.7557,4.6125,82.305,710.0,19.4231,72.8826,0.0,0.15,0.3151,590.0,13.5052,673.75,0.0,0.037,0.1499,2.6,184.015,72.8826,0.1499,4998.8999,519.15,519.14,680.0,519.14
57.5625,211.56,0.0,211.56,4.143,75.5396,709.92,24.9975,172.2735,521.85,42.0108,0.0,110.0,276.9,186296.0,491.445,88.0,0.0,0.0,343.35,0.0,0.0,9.9998,0.0,96.08,0.0,50.0,180.0,11.1194,0.0,0.0,75.5396,680.35,42.0104,0.0,100.0,0.0,3000.25,590.2,32.92,184.015,100.0,184.015,488.52,47.748,25.48,184.015,100.0,0.0,0.0,0.0,0.0,9.1113,24.9975,100.0,1773.8999,0.0,519.14,-1.0,0.0,0.0,60.0,50000.0,25.04,0.0,0.0,47.748,184.015,0.0,489.465,0.4632,0.0,5000.0,13.5098,600.06,0.1273,0.0,100.0,542.76,519.15,49.925,0.0,0.0,14.911,4999.1797,0.0,590.2,682.05,0.0,211.56,0.037,100.0,14.911,94.44,100.0,996.75,0.2072,100.0,15.7208,3.3,0.0,14.911,0.0,186296.0,14.911,519.14,100.0,0.0,680.35,250.0,24.9975,0.0,4.6125,680.35,0.0,0.0,0.037,686.4125,0.1499,100.0,0.0,0.3794,0.0,10.9185,0.0,100.0,172.27,0.0,999.6,999.9,0.0,0.294,84.6375,686.4,72.5552,0.0,670.5,0.0,709.92,1773.8999,521.85,50.0,0.3151,0.2439,999.6,0.7,186296.0,541.76,42.0104,677.05,680.3,0.0,0.0,0.0,0.1766,0.681,0.0,0.0,0.037,180.0,0.0,0.0,12.297,2.6,26.555,0.1274,1000.0,1.0,66.1998,571.45,50.0,145.761,5000.0,0.0,100.0,0.1962,600.06,28.1001,0.0,3000.0,24.9975,26.7215,680.35,184.015,9.9998,0.0,0.0,0.0,3000.25,287.3025,96.08,72.5552,0.0,2.6003,0.0,0.3794,11.1194,20.2543,14.9118,343.35,0.2999,519.14,19.4233,0.5,0.0,0.0,0.0,2.5996,0.0,250.0,100.0,33.0,0.0,50.0,0.0,4999.1797,2200.0,686.4,28.1001,26.91,1.76,360.0,360.0,57.5625,4998.8999,180.0,1.0041,0.0,0.1273,86.1,0.0,0.0,0.0,50.0,0.0,76.7562,0.0,0.0,0.1299,0.0,24.9975,0.037,662.15,14.911,252.4,0.0,4.6125,148.7363,50.0,82.0125,25.0,650.7,50.0,0.0,0.0,0.1232,1000.0,0.0,20.2543,0.0,100.0,186296.0,0.4632,20.0,0.0,0.0,47.718,0.5,186296.0,0.0,0.3794,590.2,0.1232,0.1299,2.5996,211.56,0.0,490.49,0.0,521.88,358.6133,0.0,2.6003,75.535,184.015,9.9655,26.49,100.0,520.0,85.0725,61.52,5999.7334,0.7,26.91,85.2225,0.0,15.7208,24.9975,100.0,0.0,0.037,0.0,83.4375,600.0,66.1998,590.2,521.85,100.0,186300.0,343.35,10.9185,100.0,9.9655,9.9998,0.0,0.0,0.0,100.0,662.15,14.911,20.2558,0.0,0.275,9.507,14.9118,0.0,0.0,32.92,0.0,0.0,0.037,686.4,100.0,1773.8999,519.14,25.99,0.0,38.0,3.8516,0.0,76.7562,4.6125,82.3125,710.0,19.4233,72.8726,0.0,0.15,0.3151,590.0,13.5098,673.75,0.0,0.037,0.1499,2.6,184.015,72.8726,0.1499,4998.8999,519.15,519.14,680.0,519.14
57.525,211.56,0.0,211.56,4.142,75.5396,709.92,24.9975,172.3005,520.17,42.0104,0.0,110.0,276.95,2398.0,491.445,88.0,0.0,0.0,343.35,0.0,0.0,9.9998,0.0,96.08,0.0,50.0,180.0,12.2118,0.0,0.0,75.5396,680.25,42.0066,0.0,100.0,0.0,2502.0,590.2,32.91,182.65,100.0,176.735,488.52,47.718,25.48,182.65,100.0,0.0,0.0,0.0,0.0,9.1113,24.9975,100.0,1773.8999,0.0,519.14,-1.0,0.0,0.0,60.0,50000.0,25.04,0.0,0.0,47.718,182.65,0.0,489.465,0.4632,0.0,5000.0,13.5145,600.06,0.1273,0.0,100.0,542.72,519.15,49.925,0.0,0.0,13.6013,4169.2798,0.0,590.2,681.9,0.0,211.56,0.037,100.0,13.6013,94.44,100.0,996.75,0.207,100.0,16.9662,3.2,0.0,13.6013,0.0,2398.0,13.6013,519.14,100.0,0.0,680.25,250.0,24.9975,0.0,4.615,680.35,0.0,0.0,0.037,686.4125,0.1454,100.0,0.0,0.3258,0.0,10.9185,0.0,100.0,172.298,0.0,999.6,999.9,0.0,0.294,84.6675,686.4,72.5553,0.0,670.5,0.0,709.92,1773.8999,520.17,50.0,0.3151,0.2316,999.6,0.7,2398.0,541.72,42.0066,677.05,680.3,0.0,0.0,0.0,0.1764,0.681,0.0,0.0,0.037,180.0,0.0,0.0,12.297,2.6,26.555,0.1273,1000.0,1.0,66.1998,571.55,50.0,145.761,5000.0,0.0,100.0,0.196,600.0,28.7035,0.0,3000.0,24.9975,26.7105,680.25,176.735,9.9998,0.0,0.0,0.0,2502.0,287.145,96.08,72.5553,0.0,2.6003,0.0,0.3794,12.2118,20.2513,14.911,343.35,0.4229,519.14,19.4231,0.5,0.0,0.0,0.0,2.5996,0.0,250.0,100.0,33.0,0.0,50.0,0.0,4169.2798,2200.0,686.4,28.7035,26.91,1.76,360.05,360.05,57.6,4169.0747,180.0,1.004,0.0,0.1273,86.45,0.0,0.0,0.0,50.0,0.0,76.7567,0.0,0.0,0.1298,0.0,24.9975,0.037,662.05,13.6013,252.4,0.0,4.615,145.6087,50.0,82.005,25.0,650.65,50.0,0.0,0.0,0.1231,1000.0,0.0,20.2513,0.0,100.0,186296.0,0.4632,20.0,0.0,0.0,35.556,0.5,186296.0,0.0,0.3794,590.2,0.1231,0.1299,2.5996,211.56,0.0,490.49,0.0,521.85,358.0279,0.0,2.6003,75.535,176.735,9.9657,26.49,100.0,520.0,85.1025,61.52,5999.7334,0.7,26.91,85.245,0.0,16.9662,24.9975,100.0,0.0,0.037,0.0,83.445,600.0,66.1998,590.2,520.17,100.0,25050.0,343.35,10.9185,100.0,9.9657,9.9998,0.0,0.0,0.0,100.0,662.05,13.6013,20.2528,0.0,0.275,9.508,14.911,0.0,0.0,32.92,0.0,0.0,0.037,686.4,100.0,1773.8999,519.14,25.99,0.0,38.0,4.1609,0.0,76.7567,4.615,82.3125,710.0,19.4231,72.8626,0.0,0.15,0.3151,590.0,13.5145,673.75,0.0,0.037,0.1454,2.6,176.735,72.8626,0.1454,4169.0747,519.15,519.14,680.0,519.14
57.5625,211.56,0.0,211.56,4.13,75.5396,710.08,24.9975,172.3275,516.24,42.0066,0.0,110.0,277.0,4609.0,491.445,88.0,0.0,0.0,343.41,0.0,0.0,9.9998,0.0,96.08,0.0,50.0,180.0,0.0,0.0,0.0,75.5396,680.15,42.2095,0.0,100.0,0.0,2399.0,590.2,32.9,182.455,100.0,179.985,488.52,35.556,25.48,182.455,100.0,0.0,0.0,0.0,0.0,9.1124,24.9975,100.0,1773.8999,0.0,519.14,-1.0,0.0,0.0,60.0,50000.0,25.04,0.0,0.0,35.556,182.455,0.0,489.51,0.4632,0.0,5000.0,5.0,600.0,0.127,0.0,100.0,540.96,519.15,49.925,0.0,0.0,11.3452,3998.1399,0.0,590.2,681.7,0.0,211.56,0.037,100.0,11.3452,94.46,100.0,997.2,0.2066,100.0,17.7217,3.1,0.0,11.3452,0.0,4609.0,11.3452,519.14,100.0,0.0,680.15,250.0,24.9975,0.0,4.62,680.25,0.0,0.0,0.037,686.375,0.1376,100.0,0.0,0.3059,0.0,100.0,0.0,100.0,172.326,0.0,1000.2,999.9,0.0,0.294,84.6525,686.4,72.5542,0.0,670.5,0.0,710.08,1774.26,516.24,50.0,0.3151,0.2172,1000.2,0.7,4609.0,539.96,42.2095,677.05,680.3,0.0,0.0,0.0,0.1759,0.681,0.0,0.0,0.037,180.0,0.0,0.0,12.108,2.6,26.555,0.127,1000.0,1.0,66.1989,570.9,50.0,145.64,3997.5999,0.0,100.0,0.1956,600.12,29.0694,0.0,3000.0,24.9975,22.195,680.15,179.985,9.9998,0.0,0.0,0.0,2399.0,286.7175,96.08,72.5542,0.0,2.601,0.0,0.3258,0.0,20.2482,13.6013,343.35,0.4361,519.14,19.4236,0.5,0.0,0.0,0.0,2.6002,0.0,250.0,100.0,33.0,0.0,50.0,0.0,3998.1399,2200.0,686.4,29.0694,26.91,1.76,360.1,360.1,57.6,3997.5999,180.0,1.004,0.0,0.127,86.725,0.0,0.0,0.0,50.0,0.0,76.7549,0.0,0.0,0.1295,0.0,24.9975,0.037,661.8,11.3452,252.4,0.0,4.62,142.4925,50.0,82.05,25.0,650.55,50.0,0.0,0.0,0.1229,999.9,0.0,20.2482,0.0,100.0,2398.0,0.4632,20.0,0.0,0.0,21.654,0.5,2398.0,0.0,0.3258,590.2,0.1229,0.1296,2.6002,211.56,0.0,490.49,0.0,520.17,358.0279,0.0,2.601,75.535,179.985,9.9651,26.49,100.0,520.0,85.08,61.52,5999.7334,0.7,26.91,85.2675,0.0,17.7217,24.9975,100.0,0.0,0.037,0.0,83.415,600.0,66.1989,590.2,516.24,100.0,2625.0,343.35,100.0,100.0,9.9651,9.9998,0.0,0.0,0.0,100.0,661.8,11.3452,20.2498,0.0,0.275,9.506,13.6013,0.0,0.0,32.91,0.0,0.0,0.037,686.4,100.0,1773.8999,519.14,25.99,0.0,38.0,4.8281,0.0,76.7549,4.62,82.26,710.0,19.4236,0.0,0.0,0.15,0.3151,590.0,13.4978,673.75,0.0,0.037,0.1376,2.6,179.985,72.7514,0.1376,3997.5999,519.15,519.14,680.0,519.14
57.5625,211.56,0.0,211.56,4.11,75.5396,710.48,24.9975,172.4085,508.2,42.2095,0.0,110.0,277.05,2563.0,491.445,88.0,0.0,0.0,343.56,0.0,0.0,9.9998,0.0,96.08,0.0,50.0,180.0,0.0,0.0,0.0,75.5396,680.05,42.7011,0.0,100.0,0.0,2359.25,590.2,32.87,182.455,100.0,182.455,488.475,21.654,25.48,182.455,100.0,0.0,0.0,0.0,0.0,9.1146,24.9975,100.0,1774.26,0.0,519.105,-1.0,0.0,0.0,60.0,50000.0,25.04,0.0,0.0,21.654,182.455,0.0,489.465,0.4632,0.0,5000.0,5.0,600.12,0.1258,0.0,100.0,536.88,519.1,49.925,0.0,0.0,8.3202,3931.9199,0.0,590.2,681.45,0.0,211.56,0.037,100.0,8.3202,94.48,100.0,998.1,0.2058,100.0,18.4221,3.0,0.0,8.3202,0.0,2563.0,8.3202,519.105,100.0,0.0,680.05,250.0,24.9975,0.0,4.6375,680.15,0.0,0.0,0.037,686.3,0.1275,100.0,0.0,0.289,0.0,100.0,0.0,100.0,172.41,0.0,1001.4,999.9,0.0,0.294,84.615,686.3,72.5509,0.0,670.5,0.0,710.48,1774.98,508.2,50.0,0.3151,0.2009,1001.4,0.7,2563.0,535.88,43.7233,677.05,680.3,0.0,0.0,0.0,0.1679,0.681,0.0,0.0,0.037,180.0,0.0,0.0,11.763,2.6,26.555,0.1264,1000.0,1.0,66.1986,571.4,50.0,145.651,3931.0999,0.0,100.0,0.1947,600.48,29.4087,0.0,3000.0,24.9975,14.7535,680.05,182.455,9.9998,0.0,0.0,0.0,2359.25,287.2125,96.08,72.5509,0.0,2.601,0.0,0.3059,0.0,20.2452,11.3452,343.41,0.4377,519.105,19.4221,0.5,0.0,0.0,0.0,2.6016,0.0,250.0,100.0,32.9,0.0,50.0,0.0,3931.9199,2200.0,686.3,29.4087,26.91,1.76,360.15,360.15,57.6,3931.0999,180.0,1.0039,0.0,0.1259,86.7,0.0,0.0,0.0,50.0,0.0,76.7494,0.0,0.0,0.1288,0.0,24.9975,0.037,661.45,8.3202,252.4,0.0,4.6375,139.3763,50.0,82.095,25.0,650.4,50.0,0.0,0.0,0.1223,999.9,0.0,20.2452,0.0,100.0,4609.0,0.4632,20.0,0.0,0.0,6.144,0.5,4609.0,0.0,0.3059,590.2,0.1223,0.1289,2.6016,211.56,0.0,490.49,0.0,516.24,358.51,0.0,2.601,75.535,182.455,9.9635,26.49,100.0,520.0,85.1025,61.52,5999.7334,0.7,26.91,85.26,0.0,18.4221,24.9975,100.0,0.0,0.037,0.0,83.4525,600.0,66.1986,590.2,508.2,100.0,450.0,343.41,100.0,100.0,9.9635,9.9998,0.0,0.0,0.0,100.0,661.45,8.3202,20.2467,0.0,0.275,9.496,11.3452,0.0,0.0,32.9,0.0,0.0,0.037,686.28,100.0,1774.26,519.11,25.99,0.0,38.0,4.6422,0.0,76.7494,4.6375,82.275,710.0,19.4221,0.0,0.0,0.15,0.3151,590.0,5.0,673.75,0.0,0.037,0.1275,2.6,182.455,0.0,0.1275,3931.0999,519.1,519.11,680.15,519.105
57.6375,211.56,0.0,211.56,3.536,75.5396,711.12,24.9975,172.53,494.58,42.7011,0.0,110.0,277.1,2585.0,491.445,88.0,0.0,0.0,343.83,0.0,0.0,9.9998,0.0,96.08,0.0,50.0,180.0,0.0,0.0,0.0,75.5396,679.9,43.7233,0.0,100.0,0.0,2321.5,590.1675,32.78,182.455,100.0,182.455,488.475,6.144,25.48,182.455,100.0,0.0,0.0,0.0,0.0,9.1201,24.9975,100.0,1774.98,0.0,519.035,-1.0,0.0,0.0,60.0,50000.0,25.04,0.0,0.0,6.144,182.455,0.0,489.465,0.4632,0.0,5000.0,5.0,600.48,0.1224,0.0,100.0,528.48,519.05,49.925,0.0,0.0,4.831,3869.1399,0.0,590.1675,681.2,0.0,211.56,0.037,100.0,4.831,94.56,100.0,999.45,0.2041,100.0,19.1572,2.85,0.0,4.831,0.0,2585.0,4.831,519.035,100.0,0.0,679.9,250.0,24.9975,0.0,4.6725,680.05,0.0,0.0,0.037,494.6,0.1161,100.0,0.0,0.2723,0.0,100.0,0.0,100.0,172.522,0.0,1002.6,999.9,0.0,0.294,84.5625,686.1,72.5452,0.0,670.5,0.0,711.12,1776.4199,494.58,50.0,0.3151,0.1844,1002.6,0.7,2585.0,527.52,45.4769,677.05,680.3,0.0,0.0,0.0,0.139,0.681,0.0,0.0,0.037,180.0,0.0,0.0,11.271,2.6,26.555,0.125,1000.0,1.0,66.196,572.5,50.0,145.849,3868.3999,0.0,100.0,0.193,601.14,29.7649,0.0,3000.0,24.9975,5.2,679.9,182.455,9.9998,0.0,0.0,0.0,2321.5,287.055,96.08,72.5452,0.0,2.6033,0.0,0.289,0.0,20.2572,8.3202,343.56,0.438,519.035,19.4171,0.5,0.0,0.0,0.0,2.604,0.0,250.0,100.0,32.87,0.0,50.0,0.0,3869.1399,2200.0,686.1,29.7649,26.91,1.76,360.2,360.2,57.5625,3868.3999,180.0,1.0039,0.0,0.1224,86.7,0.0,0.0,0.0,50.0,0.0,76.7384,0.0,0.0,0.1274,0.0,24.9975,0.037,661.0,4.831,252.4,0.0,4.6725,136.2487,50.0,82.095,25.0,650.2,50.0,0.0,0.0,0.1211,999.9,0.0,20.2572,0.0,100.0,2563.0,0.4632,20.0,0.0,0.0,0.0,0.5,2563.0,0.0,0.289,590.1675,0.1211,0.1274,2.604,211.56,0.0,490.46,0.0,508.2,358.5444,0.0,2.6033,75.535,182.455,9.9614,26.49,100.0,520.0,85.125,61.52,5999.7334,0.7,26.91,85.29,0.0,19.1572,24.9975,100.0,0.0,0.037,0.0,83.4375,600.0,66.196,590.1675,494.58,100.0,75.0,343.56,100.0,100.0,9.9614,9.9998,0.0,0.0,0.0,100.0,661.0,4.831,20.2437,0.0,0.275,9.471,8.3202,0.0,0.0,32.87,0.0,0.0,0.037,494.6,100.0,1774.98,519.05,25.99,0.0,38.0,4.0219,0.0,76.7384,4.6725,82.245,710.0,19.4171,0.0,0.0,0.15,0.3151,590.0,5.0,673.75,0.0,0.037,0.1161,2.6,182.455,0.0,0.1161,3868.3999,519.05,519.05,680.05,519.035
57.5625,211.56,0.0,211.56,1.391,75.5396,714.4,24.9975,0.0,494.37,43.7233,0.0,110.0,276.75,2277.0,491.4,88.0,0.0,0.0,343.89,0.0,0.0,9.9998,0.0,96.08,0.0,50.0,180.0,0.0,0.0,0.0,75.5396,679.75,45.4769,0.0,100.0,0.0,2646.75,590.135,32.785,182.0,100.0,177.19,488.43,0.0,25.48,182.0,100.0,0.0,0.0,0.0,0.0,9.1476,24.9975,100.0,1776.4199,0.0,519.0,-1.0,0.0,0.0,60.0,50000.0,25.04,0.0,0.0,0.0,182.0,0.0,489.42,0.4632,0.0,5000.0,5.0,601.14,0.1138,0.0,100.0,514.32,519.0,49.925,0.0,0.0,1.8818,3999.8599,0.0,590.135,680.95,0.0,211.56,0.037,100.0,1.8818,94.58,100.0,9315.4502,1.4085,100.0,19.0226,2.75,0.0,1.8818,0.0,2277.0,1.8818,519.0,100.0,0.0,679.75,250.0,24.9975,0.0,4.86,679.9,0.0,0.0,0.037,494.375,0.1069,100.0,0.0,0.2596,0.0,100.0,0.0,100.0,0.0,0.0,1020.0,999.9,0.0,0.294,84.5775,685.85,72.5178,0.0,670.45,0.0,714.4,1776.7799,494.37,50.0,0.3151,0.1699,1020.0,0.7,2277.0,513.36,45.4769,677.0,680.3,0.0,0.0,0.0,0.1138,0.681,0.0,0.0,0.037,180.0,0.0,0.0,10.673,2.6,26.555,0.1221,1000.0,1.0,66.1822,573.45,50.0,146.3,0.0,0.0,100.0,0.1699,609.66,29.9986,0.0,3000.0,24.9975,-4.9695,679.75,177.19,9.9998,0.0,0.0,0.0,2646.75,288.45,96.08,72.5178,0.0,2.616,0.0,0.2723,0.0,20.2697,4.831,343.83,0.438,519.0,19.4068,0.5,0.0,0.0,0.0,2.6162,0.0,250.0,100.0,32.78,0.0,50.0,0.0,3999.8599,2200.0,685.85,29.9986,26.91,1.76,360.25,360.25,57.6,0.0,180.0,1.0037,0.0,0.1138,86.55,0.0,0.0,0.0,50.0,0.0,76.6877,0.0,0.0,0.1271,0.0,24.9975,0.037,660.45,1.8818,252.4,0.0,4.86,133.1325,50.0,82.11,25.0,649.95,50.0,0.0,0.0,0.1138,999.9,0.0,20.2697,0.0,100.0,2585.0,0.4632,20.0,0.0,0.0,0.0,0.5,2585.0,0.0,0.2723,590.135,0.1138,0.1272,2.6162,211.56,0.0,490.4,0.0,494.58,359.8531,0.0,2.616,75.535,177.19,9.9386,26.49,100.0,520.0,85.1625,61.52,5999.7334,0.7,26.91,85.32,0.0,19.0226,24.9975,100.0,0.0,0.037,0.0,83.4,600.0,66.1822,590.135,494.37,100.0,0.0,343.83,100.0,100.0,9.9386,9.9998,0.0,0.0,0.0,100.0,660.45,1.8818,20.256,0.0,0.275,9.417,4.831,0.0,0.0,32.78,0.0,0.0,0.037,494.36,100.0,1776.4199,519.02,25.99,0.0,38.0,4.5453,0.0,76.6877,4.86,82.2975,710.0,19.4068,0.0,0.0,0.15,0.3151,590.0,5.0,673.75,0.0,0.037,0.1069,2.6,177.19,0.0,0.1069,0.0,519.0,519.02,679.9,519.0
57.525,211.56,0.0,211.56,0.0,75.5396,701.2,24.9975,0.0,494.13,45.4769,0.0,110.0,276.45,2882.0,491.355,88.0,0.0,0.0,339.81,0.0,0.0,9.9998,0.0,96.08,0.0,50.0,180.0,0.0,0.0,0.0,75.5396,679.6,45.6059,0.0,100.0,0.0,2614.25,590.1025,32.785,180.635,100.0,172.835,488.385,0.0,25.48,180.635,100.0,0.0,0.0,0.0,0.0,9.0387,24.9975,100.0,1776.7799,0.0,519.0,-1.0,0.0,0.0,60.0,50000.0,25.04,0.0,0.0,0.0,180.635,0.0,489.375,0.4632,0.0,5000.0,5.0,609.66,0.1405,0.0,100.0,514.08,519.0,49.925,0.0,0.0,0.0,3950.8398,0.0,590.1025,680.6,0.0,211.56,0.037,100.0,0.0,93.46,100.0,9439.6494,1.4087,100.0,19.4571,2.6,0.0,0.0,0.0,2882.0,0.0,519.0,100.0,0.0,679.6,250.0,24.9975,0.0,4.075,679.75,0.0,0.0,0.037,685.775,0.0947,100.0,0.0,0.2422,0.0,100.0,0.0,100.0,0.0,0.0,1033.2,999.9,0.0,0.294,84.6075,685.75,72.6141,0.0,670.45,0.0,701.2,1755.72,494.13,50.0,0.3151,0.1517,1033.2,0.7,2882.0,513.16,45.6059,677.0,680.3,0.0,0.0,0.0,0.1406,0.681,0.0,0.0,0.037,180.0,0.0,0.0,9.459,2.6,26.555,0.145,1000.0,1.0,66.2248,575.9,50.0,146.784,0.0,0.0,100.0,0.1516,616.32,30.325,0.0,3000.0,24.9975,-6.9275,679.6,172.835,9.9998,0.0,0.0,0.0,2614.25,289.0575,96.08,72.6141,0.0,2.568,0.0,0.2596,0.0,20.2827,1.8818,343.89,0.4381,519.0,19.2956,0.5,0.0,0.0,0.0,2.568,0.0,250.0,100.0,32.785,0.0,50.0,0.0,3950.8398,2200.0,685.75,30.325,26.91,1.76,359.85,359.85,57.5625,0.0,180.0,1.0037,0.0,0.1406,86.775,0.0,0.0,0.0,50.0,0.0,76.8482,0.0,0.0,0.1478,0.0,24.9975,0.037,659.75,0.0,252.425,0.0,4.075,130.0163,50.0,82.0725,25.0,649.6,50.0,0.0,0.0,0.1405,999.9,0.0,20.2827,0.0,100.0,2277.0,0.4632,20.0,0.0,0.0,0.012,0.5,2277.0,0.0,0.2596,590.1025,0.1406,0.1478,2.568,211.56,0.0,490.37,0.0,494.37,360.783,0.0,2.568,75.535,172.835,9.9138,26.49,100.0,520.0,85.185,61.52,5999.7334,0.7,26.91,85.2825,0.0,19.4571,24.9975,100.0,0.0,0.037,0.0,83.4075,600.0,66.2248,590.1025,494.13,100.0,0.0,343.89,100.0,100.0,9.9138,9.9998,0.0,0.0,0.0,100.0,659.75,0.0,20.2687,0.0,0.275,9.029,1.8818,0.0,0.0,32.785,0.0,0.0,0.037,685.76,100.0,1776.7799,518.99,25.99,0.0,38.0,4.3375,0.0,76.8482,4.075,82.335,710.0,19.2956,0.0,0.0,0.15,0.3151,590.0,5.0,673.75,0.0,0.037,0.0947,2.6,172.835,0.0,0.0947,0.0,519.0,518.99,679.75,519.0
57.5625,211.56,0.0,211.56,0.0,75.5396,711.36,24.9975,0.0,497.19,45.6059,0.0,110.0,276.1,2728.0,491.31,88.0,0.0,0.0,344.46,0.0,0.0,9.9998,0.0,96.08,0.0,50.0,180.0,0.0,0.0,0.0,75.5396,679.4,45.7396,0.0,100.0,0.0,2667.0,590.07,32.785,179.335,100.0,171.275,488.385,0.012,25.48,179.335,100.0,0.0,0.0,0.0,0.0,9.1212,24.9975,100.0,1755.72,0.0,518.965,-1.0,0.0,0.0,60.0,50000.0,25.04,0.0,0.0,0.012,179.335,0.0,489.33,0.4632,0.0,5000.0,5.0,616.32,0.1203,0.0,100.0,513.84,518.95,49.925,0.0,0.0,0.0,3922.46,0.0,590.07,680.2,0.0,211.56,0.037,100.0,0.0,94.74,100.0,9570.1494,1.4088,100.0,19.7109,2.4,0.0,0.0,0.0,2728.0,0.0,518.965,100.0,0.0,679.4,250.0,24.9975,0.0,4.6925,679.6,0.0,0.0,0.037,685.7,0.0832,100.0,0.0,0.2247,0.0,100.0,0.0,100.0,0.0,0.0,1047.0,999.9,0.0,0.294,84.6,685.7,72.5484,0.0,670.45,0.0,711.36,1779.84,497.19,50.0,0.3151,0.1345,1047.0,0.7,2728.0,512.92,45.7396,677.0,680.3,0.0,0.0,0.0,0.1203,0.681,0.0,0.0,0.037,180.0,0.0,0.0,8.795,2.6,26.555,0.1227,1000.0,1.0,66.1987,576.65,50.0,147.059,0.0,0.0,100.0,0.1321,623.22,30.6506,0.0,3000.0,24.9975,-41.0,679.4,171.275,9.9998,0.0,0.0,0.0,2667.0,290.0475,96.08,72.5484,0.0,2.6047,0.0,0.2422,0.0,20.2961,0.0,339.81,0.4381,518.965,19.1721,0.5,0.0,0.0,0.0,2.6042,0.0,250.0,100.0,32.785,0.0,50.0,0.0,3922.46,2200.0,685.7,30.6506,26.91,1.76,359.4,359.4,57.6,0.0,180.0,1.0036,0.0,0.1203,86.575,0.0,0.0,0.0,50.0,0.0,76.7524,0.0,0.0,0.1242,0.0,24.9975,0.037,658.9,0.0,252.425,0.0,4.6925,126.8887,50.0,82.11,25.0,649.2,50.0,0.0,0.0,0.1203,999.9,0.0,20.2961,0.0,100.0,2882.0,0.4632,20.0,0.0,0.0,2.352,0.5,2882.0,0.0,0.2422,590.07,0.1203,0.1242,2.6042,211.56,0.0,490.34,0.0,494.13,361.2996,0.0,2.6047,75.535,171.275,9.8827,26.49,100.0,520.0,85.14,61.52,5999.7334,0.7,26.91,85.29,0.0,19.7109,24.9975,100.0,0.0,0.037,0.0,83.4375,600.0,66.1987,590.07,497.19,100.0,0.0,339.81,100.0,100.0,9.8827,9.9998,0.0,0.0,0.0,100.0,658.9,0.0,20.2819,0.0,0.275,7.061,0.0,0.0,0.0,32.785,0.0,0.0,0.037,685.72,100.0,1755.72,518.99,25.99,0.0,38.0,4.6531,0.0,76.7524,4.6925,82.3425,710.0,19.1721,0.0,0.0,0.15,0.3151,590.0,5.0,673.75,0.0,0.037,0.0832,2.6,171.275,0.0,0.0832,0.0,518.95,518.99,679.6,518.965
57.525,211.56,0.0,211.56,0.0,75.5396,724.72,24.9975,0.0,505.32,45.7396,0.0,110.0,275.8,2497.0,491.31,88.0,0.0,0.0,350.31,0.0,0.0,9.9998,0.0,96.08,0.0,50.0,180.0,0.0,0.0,0.0,75.5396,679.2,45.4608,0.0,100.0,0.0,2672.75,590.0375,32.785,178.1,100.0,169.845,488.34,2.352,25.48,178.1,100.0,0.0,0.0,0.0,0.0,9.2317,24.9975,100.0,1779.84,0.0,518.965,-1.0,0.0,0.0,60.0,50000.0,25.04,0.0,0.0,2.352,178.1,0.0,489.33,0.4632,0.0,5000.0,5.0,623.22,0.0905,0.0,100.0,517.0,518.95,49.925,0.0,0.0,0.0,3913.0,0.0,590.0375,679.7,0.0,211.56,0.037,100.0,0.0,96.34,100.0,9756.0,1.4089,100.0,20.0296,2.2,0.0,0.0,0.0,2497.0,0.0,518.965,100.0,0.0,679.2,250.0,24.9975,0.0,5.39,679.4,0.0,0.0,0.037,685.6625,0.0733,100.0,0.0,0.2086,0.0,100.0,0.0,100.0,0.0,0.0,1065.0,999.9,0.0,0.294,84.6375,685.65,72.4419,0.0,670.45,0.0,724.72,1809.8999,505.32,50.0,0.3151,0.1188,1065.0,0.7,2497.0,516.08,45.4608,677.0,680.25,0.0,0.0,0.0,0.0905,0.681,0.0,0.0,0.037,180.0,0.0,0.0,7.615,2.6,26.555,0.0928,1000.0,1.0,66.1462,577.7,50.0,147.169,0.0,0.0,100.0,0.104,629.28,30.9707,0.0,3000.0,24.9975,-37.1225,679.2,169.845,9.9998,0.0,0.0,0.0,2672.75,289.575,96.08,72.4419,0.0,2.6558,0.0,0.2247,0.0,20.3101,0.0,344.46,0.4381,518.965,19.0178,0.5,0.0,0.0,0.0,2.6508,0.0,250.0,100.0,32.785,0.0,50.0,0.0,3913.0,2200.0,685.65,30.9707,26.91,1.76,359.0,359.0,57.6,0.0,180.0,1.0036,0.0,0.0905,86.7,0.0,0.0,0.0,50.0,0.0,76.5724,0.0,0.0,0.0942,0.0,24.9975,0.037,657.8,0.0,252.425,0.0,5.39,123.7725,50.0,82.065,25.0,648.7,50.0,0.0,0.0,0.0905,999.9,0.0,20.3101,0.0,100.0,2728.0,0.4632,20.0,0.0,0.0,14.772,0.5,2728.0,0.0,0.2247,590.0375,0.0905,0.0943,2.6508,211.56,0.0,490.34,0.0,497.19,361.644,0.0,2.6558,75.535,169.845,9.8406,26.49,100.0,520.0,85.1325,61.52,5999.7334,0.7,26.91,85.3125,0.0,20.0296,24.9975,100.0,0.0,0.037,0.0,83.4,600.0,66.1462,590.0375,505.32,100.0,0.0,344.46,100.0,100.0,9.8406,9.9998,0.0,0.0,0.0,100.0,657.8,0.0,20.2956,0.0,0.275,7.119,0.0,0.0,0.0,32.785,0.0,0.0,0.037,685.68,100.0,1779.84,518.96,25.99,0.0,38.0,4.525,0.0,76.5724,5.39,82.3125,710.0,19.0178,0.0,0.0,0.15,0.3151,590.0,5.0,673.7,0.0,0.037,0.0733,2.6,169.845,0.0,0.0733,0.0,518.95,518.96,679.4,518.965
57.5625,211.56,0.0,211.56,0.0,75.5396,741.28,24.9975,0.0,517.8,45.4608,0.0,110.0,275.5,2200.0,491.265,88.0,0.0,0.0,357.0,0.0,0.0,9.9998,0.0,96.08,0.0,50.0,180.0,0.0,0.0,0.0,75.5396,679.0,44.5347,0.0,100.0,0.0,2612.5,590.0375,32.81,177.385,100.0,171.795,488.34,14.772,25.48,177.385,100.0,0.0,0.0,0.0,0.0,9.3703,24.9975,100.0,1809.8999,0.0,518.93,-1.0,0.0,0.0,60.0,50000.0,25.04,0.0,0.0,14.772,177.385,0.0,489.33,0.4632,0.0,5000.0,5.0,629.28,0.0551,0.0,100.0,525.48,518.9,49.925,0.0,0.0,0.0,3824.4199,0.0,590.0375,679.2,0.0,211.56,0.037,100.0,0.0,98.2,100.0,9900.0,1.409,100.0,20.5074,2.0,0.0,0.0,0.0,2200.0,0.0,518.93,100.0,0.0,679.0,250.0,24.9975,0.0,6.0425,679.2,0.0,0.0,0.037,685.6625,0.0623,100.0,0.0,0.1943,0.0,100.0,0.0,100.0,0.0,0.0,1092.6,999.9,0.0,0.294,84.6525,685.65,72.2896,0.0,670.45,0.0,741.28,1844.46,517.8,50.0,0.3151,0.105,1092.6,0.7,2200.0,524.52,43.0308,677.0,680.25,0.0,0.0,0.0,0.0563,0.681,0.0,0.0,0.037,180.0,0.0,0.0,6.045,2.6,26.555,0.0576,1000.0,1.0,66.0661,577.4,50.0,147.125,0.0,0.0,100.0,0.0644,643.08,31.351,0.0,3000.0,24.9975,-17.1355,679.0,171.795,9.9998,0.0,0.0,0.0,2612.5,290.115,96.08,72.2896,0.0,2.7172,0.0,0.2086,0.0,20.3095,0.0,350.31,0.4381,518.93,18.8453,0.5,0.0,0.0,0.0,2.7124,0.0,250.0,100.0,32.785,0.0,50.0,0.0,3824.4199,2200.0,685.65,31.351,26.91,1.76,358.6,358.6,57.525,0.0,180.0,1.0035,0.0,0.0551,86.45,0.0,0.0,0.0,50.0,0.0,76.2779,0.0,0.0,0.0593,0.0,24.9975,0.037,656.6,0.0,252.425,0.0,6.0425,120.6562,50.0,82.05,25.0,648.15,50.0,0.0,0.0,0.055,999.9,0.0,20.3095,0.0,100.0,2497.0,0.4632,20.0,0.0,0.0,40.554,0.5,2497.0,0.0,0.2086,590.0375,0.055,0.0593,2.7124,211.56,0.0,490.31,0.0,505.32,361.4029,0.0,2.7172,75.535,171.795,9.779,26.49,100.0,520.0,85.17,61.52,5999.7334,0.7,26.91,85.2825,0.0,20.5074,24.9975,100.0,0.0,0.037,0.0,83.4,600.0,66.0661,590.0375,517.8,100.0,0.0,350.31,100.0,100.0,9.779,9.9998,0.0,0.0,0.0,100.0,656.6,0.0,20.3098,0.0,0.275,6.242,0.0,0.0,0.0,32.785,0.0,0.0,0.037,685.64,100.0,1809.8999,518.93,25.99,0.0,38.0,4.7641,0.0,76.2779,6.0425,82.32,710.0,18.8453,0.0,0.0,0.15,0.3151,590.0,5.0,673.7,0.0,0.037,0.0623,2.6,171.795,0.0,0.0623,0.0,518.9,518.93,679.2,518.93
57.6,211.56,0.0,211.56,0.105,75.5396,754.48,24.9975,0.0,531.48,44.5347,0.0,110.0,275.2,1727.0,491.265,88.0,0.0,0.0,361.98,0.0,0.0,9.9998,0.0,96.08,0.0,50.0,180.0,0.0,0.0,0.0,75.5396,678.8,43.0308,0.0,100.0,0.0,2638.0,590.0375,32.86,177.385,100.0,177.385,488.295,40.554,25.48,177.385,100.0,0.0,0.0,0.0,0.0,9.4847,24.9975,100.0,1844.46,0.0,518.895,-1.0,0.0,0.0,60.0,50000.0,25.04,0.0,0.0,40.554,177.385,0.0,489.285,0.4632,0.0,5000.0,5.0,643.08,0.0279,0.0,100.0,538.48,518.9,49.925,0.0,0.0,0.0,3812.3799,0.0,590.0375,678.75,0.0,211.56,0.037,100.0,0.0,99.56,100.0,9900.0,1.409,100.0,20.8312,1.8,0.0,0.0,0.0,1727.0,0.0,518.895,100.0,0.0,678.8,250.0,24.9975,0.0,6.4675,679.0,0.0,0.0,0.037,685.625,0.053,100.0,0.0,0.1826,0.0,100.0,0.0,100.0,0.0,0.0,1108.7999,999.9,0.0,0.294,84.6375,685.65,72.1376,0.0,670.45,0.0,754.48,1870.2,531.48,50.0,0.3151,0.094,1108.7999,0.7,1727.0,537.52,41.3263,677.0,680.25,0.0,0.0,0.0,0.0331,0.681,0.0,0.0,0.037,180.0,0.0,0.0,5.467,2.6,26.555,0.0308,1000.0,1.0,65.9782,576.75,50.0,146.949,0.0,0.0,100.0,0.0319,644.64,31.7015,0.0,3000.0,24.9975,7.367,678.8,177.385,9.9998,0.0,0.0,0.0,2638.0,289.08,96.08,72.1376,0.0,2.766,0.0,0.1943,0.0,20.309,0.0,357.0,0.4381,518.895,18.5508,0.5,0.0,0.0,0.0,2.766,0.0,250.0,100.0,32.81,0.0,50.0,0.0,3812.3799,2200.0,685.65,31.7015,26.91,1.76,358.2,358.2,57.525,0.0,180.0,1.0035,0.0,0.0279,86.275,0.0,0.0,0.0,50.0,0.0,75.9364,0.0,0.0,0.033,0.0,24.9975,0.037,655.35,0.0,252.425,0.0,6.4675,117.5287,50.0,82.0725,25.0,647.55,50.0,0.0,0.0,0.0274,999.9,0.0,20.309,0.0,100.0,2200.0,0.4632,20.0,0.0,0.0,62.1,0.5,2200.0,0.0,0.1943,590.0375,0.0274,0.033,2.766,211.56,0.0,490.28,0.0,517.8,361.0929,0.0,2.766,75.535,177.385,9.7202,26.49,100.0,520.0,85.1175,61.52,5999.7334,0.7,26.91,85.29,0.0,20.8312,24.9975,100.0,0.0,0.037,0.0,83.3625,600.0,65.9782,590.0375,531.48,100.0,0.0,357.0,100.0,100.0,9.7202,9.9998,0.0,0.0,0.0,100.0,655.35,0.0,20.3093,0.0,0.275,4.942,0.0,0.0,0.0,32.81,0.0,0.0,0.037,685.64,100.0,1844.46,518.9,25.99,0.0,38.0,4.7047,0.0,75.9364,6.4675,82.2675,710.0,18.5508,0.0,0.0,0.15,0.3151,590.0,5.0,673.7,0.0,0.037,0.053,2.6,177.385,0.0,0.053,0.0,518.9,518.9,679.0,518.895
57.6,211.56,0.0,211.56,0.439,75.5396,760.0,24.9975,0.0,544.14,43.0308,0.0,110.0,274.9,1430.0,491.22,88.0,0.0,0.0,364.47,0.0,0.0,9.9998,0.0,96.08,0.0,50.0,180.0,0.0,0.0,0.0,75.5396,678.6,41.3263,0.0,100.0,0.0,2576.75,590.005,32.915,177.385,100.0,177.385,488.25,60.0,25.48,177.385,100.0,0.0,0.0,0.0,0.0,9.5353,24.9975,100.0,1870.2,0.0,518.895,-1.0,0.0,0.0,60.0,50000.0,25.04,0.0,0.0,62.1,177.385,0.0,489.24,0.4632,0.0,5000.0,5.0,644.64,0.0142,0.0,100.0,552.76,518.9,49.925,0.0,0.0,0.0,3723.7998,0.0,590.005,678.3,0.0,211.56,0.037,100.0,0.0,100.24,100.0,9900.0,1.4091,100.0,21.3463,1.6,0.0,0.0,0.0,1430.0,0.0,518.895,100.0,0.0,678.6,250.0,24.9975,0.0,6.6575,678.8,0.0,0.0,0.037,685.625,0.0448,100.0,0.0,0.1731,0.0,100.0,0.0,100.0,0.0,0.0,1119.6,999.9,0.0,0.294,84.615,685.6,72.0249,0.0,670.45,0.0,760.0,1882.98,544.14,50.0,0.3151,0.085,1119.6,0.7,1430.0,551.72,39.6942,677.0,680.25,0.0,0.0,0.0,0.0197,0.681,0.0,0.0,0.037,180.0,0.0,0.0,4.704,2.6,26.555,0.0174,1000.0,1.0,65.9004,575.2,50.0,146.74,0.0,0.0,100.0,0.0159,649.98,32.1111,0.0,3000.0,24.9975,25.6215,678.6,177.385,9.9998,0.0,0.0,0.0,2576.75,288.8325,96.08,72.0249,0.0,2.7885,0.0,0.1826,0.0,20.3234,0.0,361.98,0.4381,518.895,18.3518,0.5,0.0,0.0,0.0,2.7888,0.0,250.0,100.0,32.86,0.0,50.0,0.0,3723.7998,2200.0,685.6,32.1111,26.91,1.76,357.8,357.8,57.525,0.0,180.0,1.0034,0.0,0.0142,86.075,0.0,0.0,0.0,50.0,0.0,75.6434,0.0,0.0,0.0196,0.0,24.9975,0.037,654.05,0.0,252.425,0.0,6.6575,114.4125,50.0,82.0875,25.0,646.95,50.0,0.0,0.0,0.0137,999.9,0.0,20.3234,0.0,100.0,1727.0,0.4632,20.0,0.0,0.0,69.072,0.5,1727.0,0.0,0.1826,590.005,0.0137,0.0196,2.7888,211.56,0.0,490.25,0.0,531.48,360.8518,0.0,2.7885,75.535,177.385,9.6613,26.49,100.0,520.0,85.1625,61.52,5999.7334,0.7,26.91,85.2525,0.0,21.3463,24.9975,100.0,0.0,0.037,0.0,83.3925,600.0,65.9004,590.005,544.14,100.0,0.0,361.98,100.0,100.0,9.6613,9.9998,0.0,0.0,0.0,100.0,654.05,0.0,20.3087,0.0,0.275,3.466,0.0,0.0,0.0,32.86,0.0,0.0,0.037,685.64,100.0,1870.2,518.9,25.99,0.0,38.0,3.9719,0.0,75.6434,6.6575,82.2525,710.0,18.3518,0.0,0.0,0.15,0.3151,590.0,5.0,673.7,0.0,0.037,0.0448,2.6,177.385,0.0,0.0448,0.0,518.9,518.9,678.8,518.895
57.5625,211.56,0.0,211.56,0.465,75.5396,753.68,24.9975,0.0,554.55,41.3263,0.0,110.0,274.6,1232.0,491.22,88.0,0.0,0.0,365.4,0.0,0.0,9.9998,0.0,96.08,0.0,50.0,180.0,0.0,0.0,0.0,75.5396,678.4,39.6942,0.0,100.0,0.0,2623.0,590.005,32.965,177.385,100.0,177.385,488.25,60.0,25.48,177.385,100.0,0.0,0.0,0.0,0.0,9.4787,24.9975,100.0,1882.98,0.0,518.93,-1.0,0.0,0.0,60.0,50000.0,25.04,0.0,0.0,69.072,177.385,0.0,489.24,0.4632,0.0,5000.0,5.0,649.98,0.0089,0.0,100.0,565.96,518.9,49.925,0.0,0.0,0.0,3723.7998,0.0,590.005,677.85,0.0,211.56,0.037,100.0,0.0,100.5,100.0,9900.0,1.4092,100.0,21.6539,1.4,0.0,0.0,0.0,1232.0,0.0,518.93,100.0,0.0,678.4,250.0,24.9975,0.0,6.725,678.6,0.0,0.0,0.037,685.625,0.0377,100.0,0.0,0.1647,0.0,100.0,0.0,100.0,0.0,0.0,1111.7999,999.9,0.0,0.294,84.615,685.6,71.9962,0.0,670.45,0.0,753.68,1887.84,554.55,50.0,0.3151,0.0771,1111.7999,0.7,1232.0,564.92,38.2928,677.0,680.25,0.0,0.0,0.0,0.0142,0.681,0.0,0.0,0.037,180.0,0.0,0.0,4.229,2.6,26.555,0.0122,1000.0,1.0,65.8451,574.6,50.0,146.52,0.0,0.0,100.0,0.0098,636.0,32.4821,0.0,3000.0,24.9975,31.1435,678.4,177.385,9.9998,0.0,0.0,0.0,2623.0,289.1475,96.08,71.9962,0.0,2.781,0.0,0.1731,0.0,20.3233,0.0,364.47,0.4381,518.93,18.0991,0.5,0.0,0.0,0.0,2.746,0.0,250.0,100.0,32.915,0.0,50.0,0.0,3723.7998,2200.0,685.6,32.4821,26.91,1.76,357.4,357.4,57.6,0.0,180.0,1.0034,0.0,0.0089,86.4,0.0,0.0,0.0,50.0,0.0,75.5679,0.0,0.0,0.0145,0.0,24.9975,0.037,652.7,0.0,252.425,0.0,6.725,111.2962,50.0,82.0875,25.0,646.3,50.0,0.0,0.0,0.0085,999.9,0.0,20.3233,0.0,100.0,1430.0,0.4632,20.0,0.0,0.0,67.356,0.5,1430.0,0.0,0.1731,590.005,0.0085,0.0145,2.746,211.56,0.0,490.25,0.0,544.14,360.0942,0.0,2.781,75.535,177.385,9.6213,26.49,100.0,520.0,85.2,61.52,5999.7334,0.7,26.91,85.2825,0.0,21.6539,24.9975,100.0,0.0,0.037,0.0,83.4375,600.0,65.8451,590.005,554.55,100.0,0.0,364.47,100.0,100.0,9.6213,9.9998,0.0,0.0,0.0,100.0,652.7,0.0,20.3234,0.0,0.275,2.365,0.0,0.0,0.0,32.915,0.0,0.0,0.037,685.6,100.0,1882.98,518.93,25.99,0.0,38.0,3.9719,0.0,75.5679,6.725,82.305,710.0,18.0991,0.0,0.0,0.15,0.3151,590.0,5.0,673.7,0.0,0.037,0.0377,2.6,177.385,0.0,0.0377,0.0,518.9,518.93,678.6,518.93
57.525,211.56,0.0,211.56,0.446,75.5396,753.52,24.9975,0.0,563.43,39.6942,0.0,110.0,274.3,1078.0,491.265,88.0,0.0,0.0,365.64,0.0,0.0,9.9998,0.0,96.08,0.0,50.0,180.0,0.0,0.0,0.0,75.5396,678.2,38.2928,0.0,100.0,0.0,2568.5,589.9725,33.015,177.385,100.0,177.385,488.295,60.0,25.48,177.385,100.0,0.0,0.0,0.0,0.0,9.4825,24.9975,100.0,1887.84,0.0,518.93,-1.0,0.0,0.0,60.0,50000.0,25.04,0.0,0.0,67.356,177.385,0.0,489.285,0.4632,0.0,5000.0,5.0,636.0,0.0076,0.0,100.0,576.8,518.95,49.925,0.0,0.0,0.0,3646.3999,0.0,589.9725,677.4,0.0,211.56,0.037,100.0,0.0,100.56,100.0,9900.0,1.4094,100.0,22.1672,1.2,0.0,0.0,0.0,1078.0,0.0,518.93,100.0,0.0,678.2,250.0,24.9975,0.0,6.74,678.4,0.0,0.0,0.037,685.5875,0.0315,100.0,0.0,0.1575,0.0,100.0,0.0,100.0,0.0,0.0,1113.0,999.9,0.0,0.294,84.63,685.6,71.9292,0.0,670.45,0.0,753.52,1889.1,563.43,50.0,0.3151,0.0703,1113.0,0.7,1078.0,575.72,37.0409,677.0,680.25,0.0,0.0,0.0,0.013,0.681,0.0,0.0,0.037,180.0,0.0,0.0,3.792,2.6,26.555,0.0109,1000.0,1.0,65.7825,574.25,50.0,146.289,0.0,0.0,100.0,0.0082,636.54,32.9094,0.0,3000.0,24.9975,29.2405,678.2,177.385,9.9998,0.0,0.0,0.0,2568.5,287.8875,96.08,71.9292,0.0,2.7832,0.0,0.1647,0.0,20.3383,0.0,365.4,0.4381,518.93,18.0656,0.5,0.0,0.0,0.0,2.7482,0.0,250.0,100.0,32.965,0.0,50.0,0.0,3646.3999,2200.0,685.6,32.9094,26.91,1.76,357.0,357.0,57.6,0.0,180.0,1.0033,0.0,0.0076,86.975,0.0,0.0,0.0,50.0,0.0,75.3772,0.0,0.0,0.0132,0.0,24.9975,0.037,651.35,0.0,252.425,0.0,6.74,108.1687,50.0,82.0875,25.0,645.65,50.0,0.0,0.0,0.0071,999.9,0.0,20.3383,0.0,100.0,1232.0,0.4632,20.0,0.0,0.0,62.01,0.5,1232.0,0.0,0.1647,589.9725,0.0071,0.0133,2.7482,211.56,0.0,490.28,0.0,554.55,359.1299,0.0,2.7832,75.535,177.385,9.5732,26.49,100.0,520.0,85.23,61.52,5999.7334,0.7,26.91,85.3125,0.0,22.1672,24.9975,100.0,0.0,0.037,0.0,83.4225,600.0,65.7825,589.9725,563.43,100.0,0.0,365.4,100.0,100.0,9.5732,9.9998,0.0,0.0,0.0,100.0,651.35,0.0,20.3233,0.0,0.275,1.768,0.0,0.0,0.0,32.965,0.0,0.0,0.037,685.6,100.0,1887.84,518.96,25.99,0.0,38.0,4.5812,0.0,75.3772,6.74,82.29,710.0,18.0656,0.0,0.0,0.15,0.3151,590.0,5.0,673.7,0.0,0.037,0.0315,2.6,177.385,0.0,0.0315,0.0,518.95,518.96,678.4,518.93
57.525,211.56,0.0,211.56,0.459,75.5396,745.04,24.9975,0.0,570.45,38.2928,0.0,110.0,274.0,946.0,491.265,88.0,0.0,0.0,365.64,0.0,0.0,9.9998,0.0,96.08,0.0,50.0,180.0,0.0,0.0,0.0,75.5396,677.95,37.0409,0.0,100.0,0.0,2619.25,589.9725,33.065,177.385,100.0,177.385,488.295,60.0,25.48,177.385,100.0,0.0,0.0,0.0,0.0,9.3874,24.9975,100.0,1889.1,0.0,519.0,-1.0,0.0,0.0,60.0,50000.0,25.04,0.0,0.0,62.01,177.385,0.0,489.285,0.4632,0.0,5000.0,5.0,636.54,0.0074,0.0,100.0,586.04,519.0,49.925,0.0,0.0,0.0,3658.4399,0.0,589.9725,676.95,0.0,211.56,0.037,100.0,0.0,100.56,100.0,9900.0,1.4094,100.0,22.4718,0.95,0.0,0.0,0.0,946.0,0.0,519.0,100.0,0.0,677.95,250.0,24.9975,0.0,6.74,678.2,0.0,0.0,0.037,685.5875,0.0261,100.0,0.0,0.1509,0.0,100.0,0.0,100.0,0.0,0.0,1099.7999,999.9,0.0,0.294,84.615,685.6,71.9274,0.0,670.4,0.0,745.04,1889.1,570.45,50.0,0.3151,0.0642,1099.7999,0.7,946.0,584.96,35.9862,677.0,680.25,0.0,0.0,0.0,0.0132,0.681,0.0,0.0,0.037,180.0,0.0,0.0,3.388,2.6,26.555,0.0109,1000.0,1.0,65.7417,573.45,50.0,146.08,0.0,0.0,100.0,0.0081,620.94,33.2941,0.0,3000.0,24.9975,24.4225,677.95,177.385,9.9998,0.0,0.0,0.0,2619.25,288.1125,96.08,71.9274,0.0,2.763,0.0,0.1575,0.0,20.3387,0.0,365.64,0.4381,519.0,17.9088,0.5,0.0,0.0,0.0,2.6808,0.0,250.0,100.0,33.015,0.0,50.0,0.0,3658.4399,2200.0,685.6,33.2941,26.91,1.76,356.6,356.6,57.5625,0.0,180.0,1.0033,0.0,0.0074,86.825,0.0,0.0,0.0,50.0,0.0,75.4447,0.0,0.0,0.0133,0.0,24.9975,0.037,649.9,0.0,252.425,0.0,6.74,105.0525,50.0,82.035,25.0,645.0,50.0,0.0,0.0,0.0069,999.9,0.0,20.3387,0.0,100.0,1078.0,0.4632,20.0,0.0,0.0,56.106,0.5,1078.0,0.0,0.1575,589.9725,0.0069,0.0133,2.6808,211.56,0.0,490.31,0.0,563.43,359.1299,0.0,2.763,75.535,177.385,9.5426,26.49,100.0,520.0,85.2525,61.52,5999.7334,0.7,26.91,85.26,0.0,22.4718,24.9975,100.0,0.0,0.037,0.0,83.4225,600.0,65.7417,589.9725,570.45,100.0,0.0,365.64,100.0,100.0,9.5426,9.9998,0.0,0.0,0.0,100.0,649.9,0.0,20.3385,0.0,0.275,1.52,0.0,0.0,0.0,33.015,0.0,0.0,0.037,685.6,100.0,1889.1,518.99,25.99,0.0,38.0,4.7578,0.0,75.4447,6.74,82.29,710.0,17.9088,0.0,0.0,0.15,0.3151,590.0,5.0,673.7,0.0,0.037,0.0261,2.6,177.385,0.0,0.0261,0.0,519.0,518.99,678.2,519.0
57.525,211.56,0.0,211.56,0.483,75.5396,744.32,24.9975,0.0,576.48,37.0409,0.0,110.0,273.7,880.0,491.31,88.0,0.0,0.0,365.52,0.0,0.0,9.9998,0.0,96.08,0.0,50.0,180.0,0.0,0.0,0.0,75.5396,677.75,35.9862,0.0,100.0,0.0,2567.0,589.9725,33.12,177.385,100.0,177.385,488.34,56.106,25.48,177.385,100.0,0.0,0.0,0.0,0.0,9.3852,24.9975,100.0,1889.1,0.0,519.07,-1.0,0.0,0.0,60.0,50000.0,25.04,0.0,0.0,56.106,177.385,0.0,489.33,0.4632,0.0,5000.0,5.0,620.94,0.0079,0.0,100.0,593.32,519.05,49.925,0.0,0.0,0.0,3586.2,0.0,589.9725,676.5,0.0,211.56,0.037,100.0,0.0,100.52,100.0,9900.0,1.4095,100.0,22.9832,0.8,0.0,0.0,0.0,880.0,0.0,519.07,100.0,0.0,677.75,250.0,24.9975,0.0,6.7325,677.95,0.0,0.0,0.037,685.55,0.0214,100.0,0.0,0.1451,0.0,100.0,0.0,100.0,0.0,0.0,1099.7999,999.9,0.0,0.294,84.645,685.55,71.8783,0.0,670.4,0.0,744.32,1888.38,576.48,50.0,0.3151,0.0589,1099.7999,0.7,880.0,592.24,35.9862,676.95,680.25,0.0,0.0,0.0,0.0139,0.681,0.0,0.0,0.037,180.0,0.0,0.0,3.014,2.6,26.555,0.0115,1000.0,1.0,65.6881,572.55,50.0,145.893,0.0,0.0,100.0,0.0086,620.76,33.7366,0.0,3000.0,24.9975,19.214,677.75,177.385,9.9998,0.0,0.0,0.0,2567.0,287.82,96.08,71.8783,0.0,2.7622,0.0,0.1509,0.0,20.3391,0.0,365.64,0.4381,519.07,17.9516,0.5,0.0,0.0,0.0,2.68,0.0,250.0,100.0,33.065,0.0,50.0,0.0,3586.2,2200.0,685.55,33.7366,26.91,1.76,356.2,356.2,57.525,0.0,180.0,1.0031,0.0,0.0079,86.9,0.0,0.0,0.0,50.0,0.0,75.3467,0.0,0.0,0.0139,0.0,24.9975,0.037,648.45,0.0,252.425,0.0,6.7325,101.9362,50.0,82.08,25.0,644.3,50.0,0.0,0.0,0.0074,999.9,0.0,20.3391,0.0,100.0,946.0,0.4632,20.0,0.0,0.0,50.214,0.5,946.0,0.0,0.1509,589.9725,0.0074,0.014,2.68,211.56,0.0,490.34,0.0,570.45,359.0266,0.0,2.7622,75.535,177.385,9.501,26.49,100.0,520.0,85.245,61.52,5999.7334,0.7,26.91,85.2225,0.0,22.9832,24.9975,100.0,0.0,0.037,0.0,83.475,600.0,65.6881,589.9725,576.48,100.0,0.0,365.64,100.0,100.0,9.501,9.9998,0.0,0.0,0.0,100.0,648.45,0.0,20.3389,0.0,0.275,1.407,0.0,0.0,0.0,33.065,0.0,0.0,0.037,685.56,100.0,1889.1,519.05,25.99,0.0,38.0,4.1766,0.0,75.3467,6.7325,82.32,710.0,17.9516,0.0,0.0,0.15,0.3151,590.0,5.0,673.7,0.0,0.037,0.0214,2.6,177.385,0.0,0.0214,0.0,519.05,519.05,677.95,519.07
57.6,211.56,0.0,211.56,0.51,75.5396,742.88,24.9975,0.0,581.55,35.9862,0.0,110.0,273.4,869.0,491.4,88.0,0.0,0.0,365.34,0.0,0.0,9.9998,0.0,96.08,0.0,50.0,180.0,0.0,0.0,0.0,75.5396,677.55,35.0271,0.0,100.0,0.0,2542.5,589.94,33.175,177.385,100.0,177.385,488.43,50.214,25.48,177.385,100.0,0.0,0.0,0.0,0.0,9.3671,24.9975,100.0,1888.38,0.0,519.14,-1.0,0.0,0.0,60.0,50000.0,25.04,0.0,0.0,50.214,177.385,0.0,489.42,0.4632,0.0,5000.0,5.0,620.76,0.0085,0.0,100.0,599.64,519.1,49.925,0.0,0.0,0.0,3545.78,0.0,589.94,676.05,0.0,211.56,0.037,100.0,0.0,100.48,100.0,9900.0,1.4096,100.0,23.4774,0.6,0.0,0.0,0.0,869.0,0.0,519.14,100.0,0.0,677.55,250.0,24.9975,0.0,6.7225,677.75,0.0,0.0,0.037,685.55,0.0173,100.0,0.0,0.1393,0.0,100.0,0.0,100.0,0.0,0.0,1094.4,999.9,0.0,0.294,84.6075,685.55,71.8359,0.0,670.4,0.0,742.88,1887.6599,581.55,50.0,0.3151,0.0543,1094.4,0.7,869.0,598.52,35.0271,676.95,680.25,0.0,0.0,0.0,0.0149,0.681,0.0,0.0,0.037,180.0,0.0,0.0,2.667,2.6,26.555,0.0122,1000.0,1.0,65.6415,571.65,50.0,145.717,0.0,0.0,100.0,0.0094,619.5,34.177,0.0,3000.0,24.9975,14.0385,677.55,177.385,9.9998,0.0,0.0,0.0,2542.5,287.3025,96.08,71.8359,0.0,2.7548,0.0,0.1451,0.0,20.3545,0.0,365.52,0.4381,519.14,17.8666,0.5,0.0,0.0,0.0,2.671,0.0,250.0,100.0,33.12,0.0,50.0,0.0,3545.78,2200.0,685.55,34.177,26.91,1.76,355.8,355.8,57.6,0.0,180.0,1.0031,0.0,0.0085,86.425,0.0,0.0,0.0,50.0,0.0,75.2804,0.0,0.0,0.0148,0.0,24.9975,0.037,646.95,0.0,252.425,0.0,6.7225,98.8087,50.0,82.0725,25.0,643.6,50.0,0.0,0.0,0.008,999.9,0.0,20.3545,0.0,100.0,880.0,0.4632,20.0,0.0,0.0,44.808,0.5,880.0,0.0,0.1451,589.94,0.008,0.0148,2.671,211.56,0.0,490.4,0.0,576.48,357.8212,0.0,2.7548,75.535,177.385,9.4662,26.49,100.0,520.0,85.2,61.52,5999.7334,0.7,26.91,85.26,0.0,23.4774,24.9975,100.0,0.0,0.037,0.0,83.4525,600.0,65.6415,589.94,581.55,100.0,0.0,365.52,100.0,100.0,9.4662,9.9998,0.0,0.0,0.0,100.0,646.95,0.0,20.3393,0.0,0.275,1.369,0.0,0.0,0.0,33.12,0.0,0.0,0.037,685.56,100.0,1888.38,519.14,25.99,0.0,38.0,4.4203,0.0,75.2804,6.7225,82.2975,710.0,17.8666,0.0,0.0,0.15,0.3151,590.0,5.0,673.7,0.0,0.037,0.0173,2.6,177.385,0.0,0.0173,0.0,519.1,519.14,677.75,519.14
57.5625,211.56,0.0,211.56,0.537,75.5411,740.16,24.9975,0.0,585.72,35.0271,0.0,110.0,273.15,869.0,491.445,88.0,0.0,0.0,365.19,0.0,0.0,9.9998,0.0,96.08,0.0,50.0,180.0,0.0,0.0,0.0,75.5411,677.35,34.1639,0.0,100.0,0.0,2568.5,589.94,33.235,177.385,100.0,177.385,488.475,44.808,25.48,177.385,100.0,0.0,0.0,0.0,0.0,9.3362,24.9975,100.0,1887.6599,0.0,519.21,-1.0,0.0,0.0,60.0,50000.0,25.04,0.0,0.0,44.808,177.385,0.0,489.465,0.4632,0.0,5000.0,5.0,619.5,0.0093,0.0,100.0,604.92,519.2,49.925,0.0,0.0,0.0,3538.8999,0.0,589.94,675.6,0.0,211.56,0.037,100.0,0.0,100.44,100.0,9900.0,1.4097,100.0,23.8699,0.4,0.0,0.0,0.0,869.0,0.0,519.21,100.0,0.0,677.35,250.0,24.9975,0.0,6.7125,677.55,0.0,0.0,0.037,685.55,0.0138,100.0,0.0,0.1335,0.0,100.0,0.0,100.0,0.0,0.0,1084.7999,999.9,0.0,0.294,84.6375,685.55,71.8058,0.0,670.4,0.0,740.16,1886.9399,585.72,50.0,0.3151,0.0503,1084.7999,0.7,869.0,603.8,34.1639,676.95,680.25,0.0,0.0,0.0,0.0159,0.681,0.0,0.0,0.037,179.9875,0.0,0.0,2.347,2.6,26.555,0.013,1000.0,1.0,65.6042,571.35,50.0,145.585,0.0,0.0,100.0,0.0103,615.3,34.6047,0.0,3000.0,24.9975,9.303,677.35,177.385,9.9998,0.0,0.0,0.0,2568.5,286.47,96.08,71.8058,0.0,2.7405,0.0,0.1393,0.0,20.3554,0.0,365.34,0.4381,519.21,17.7958,0.5,0.0,0.0,0.0,2.6568,0.0,250.0,100.0,33.175,0.0,50.0,0.0,3538.8999,2200.0,685.55,34.6047,26.91,1.76,355.4,355.4,57.5625,0.0,179.9875,1.003,0.0,0.0092,86.175,0.0,0.0,0.0,50.0,0.0,75.2449,0.0,0.0,0.0156,0.0,24.9975,0.037,645.45,0.0,252.45,0.0,6.7125,95.6925,50.0,82.065,25.0,642.85,50.0,0.0,0.0,0.0087,999.9,0.0,20.3554,0.0,100.0,869.0,0.4632,20.0,0.0,0.0,40.014,0.5,869.0,0.0,0.1393,589.94,0.0087,0.0156,2.6568,211.56,0.0,490.46,0.0,581.55,357.4768,0.0,2.7405,75.535,177.385,9.4388,26.49,100.0,520.0,85.2375,61.52,5999.7334,0.7,26.91,85.2675,0.0,23.8699,24.9975,100.0,0.0,0.037,0.0,83.4375,600.0,65.6042,589.94,585.72,100.0,0.0,365.34,100.0,100.0,9.4388,9.9998,0.0,0.0,0.0,100.0,645.45,0.0,20.355,0.0,0.275,1.357,0.0,0.0,0.0,33.175,0.0,0.0,0.037,685.52,100.0,1887.6599,519.23,25.99,0.0,38.0,4.1484,0.0,75.2449,6.7125,82.29,710.0,17.7958,0.0,0.0,0.15,0.3151,590.0,5.0,673.7,0.0,0.037,0.0138,2.6,177.385,0.0,0.0138,0.0,519.2,519.23,677.55,519.21
57.6375,211.56,0.0,211.56,0.561,75.5416,738.08,24.9975,0.0,589.35,34.1639,0.0,110.0,272.85,858.0,491.535,88.0,0.0,0.0,365.04,0.0,0.0,9.9998,0.0,96.08,0.0,50.0,180.0,0.0,0.0,0.0,75.5416,677.15,33.3929,0.0,100.0,0.0,2553.0,589.9075,33.29,177.385,100.0,177.385,488.565,40.014,25.48,177.385,100.0,0.0,0.0,0.0,0.0,9.3153,24.9975,100.0,1886.9399,0.0,519.315,-1.0,0.0,0.0,60.0,50000.0,25.04,0.0,0.0,40.014,177.385,0.0,489.555,0.4632,0.0,5000.0,5.0,615.3,0.01,0.0,100.0,609.28,519.3,49.925,0.0,0.0,0.0,3483.0,0.0,589.9075,675.15,0.0,211.56,0.037,100.0,0.0,100.4,100.0,9900.0,1.4098,100.0,24.3402,0.2,0.0,0.0,0.0,858.0,0.0,519.315,100.0,0.0,677.15,250.0,24.9975,0.0,6.7025,677.35,0.0,0.0,0.037,685.5125,0.0109,100.0,0.0,0.1277,0.0,100.0,0.0,100.0,0.0,0.0,1080.0,999.9,0.0,0.294,84.6825,685.5,71.7749,0.0,670.4,0.0,738.08,1886.0399,589.35,50.0,0.3151,0.047,1080.0,0.7,858.0,608.16,33.3929,676.95,680.2,0.0,0.0,0.0,0.0169,0.681,0.0,0.0,0.037,179.9875,0.0,0.0,2.054,2.6,26.555,0.0138,1000.0,1.0,65.5656,570.85,50.0,145.475,0.0,0.0,100.0,0.0112,612.12,35.0701,0.0,3000.0,24.9975,5.1065,677.15,177.385,9.9998,0.0,0.0,0.0,2553.0,286.47,96.08,71.7749,0.0,2.7322,0.0,0.1335,0.0,20.3714,0.0,365.19,0.4381,519.315,17.7671,0.5,0.0,0.0,0.0,2.6458,0.0,250.0,100.0,33.235,0.0,50.0,0.0,3483.0,2200.0,685.5,35.0701,26.91,1.76,355.0,355.0,57.6,0.0,179.9875,1.003,0.0,0.01,86.3,0.0,0.0,0.0,50.0,0.0,75.2152,0.0,0.0,0.0164,0.0,24.9975,0.037,643.85,0.0,252.45,0.0,6.7025,92.5762,50.0,82.1025,25.0,642.15,50.0,0.0,0.0,0.0094,999.9,0.0,20.3714,0.0,100.0,869.0,0.4632,20.0,0.0,0.0,35.808,0.5,869.0,0.0,0.1335,589.9075,0.0094,0.0164,2.6458,211.56,0.0,490.55,0.0,585.72,357.5801,0.0,2.7322,75.535,177.385,9.4095,26.49,100.0,520.0,85.245,61.52,5999.7334,0.7,26.91,85.29,0.0,24.3402,24.9975,100.0,0.0,0.037,0.0,83.46,600.0,65.5656,589.9075,589.35,100.0,0.0,365.19,100.0,100.0,9.4095,9.9998,0.0,0.0,0.0,100.0,643.85,0.0,20.3559,0.0,0.275,1.354,0.0,0.0,0.0,33.235,0.0,0.0,0.037,685.52,100.0,1886.9399,519.32,25.99,0.0,38.0,4.1594,0.0,75.2152,6.7025,82.32,710.0,17.7671,0.0,0.0,0.15,0.3151,590.0,5.0,673.7,0.0,0.037,0.0109,2.6,177.385,0.0,0.0109,0.0,519.3,519.32,677.35,519.315
57.525,211.56,0.0,211.56,0.584,75.5421,737.6,24.9975,0.0,592.59,33.3929,0.0,110.0,272.55,836.0,491.625,88.0,0.0,0.0,364.92,0.0,0.0,9.9998,0.0,96.08,0.0,50.0,180.0,0.0,0.0,0.0,75.5421,676.95,32.6727,0.0,100.0,0.0,2475.0,589.875,33.35,177.385,100.0,177.385,488.655,35.808,25.48,177.385,100.0,0.0,0.0,0.0,0.0,9.3126,24.9975,100.0,1886.0399,0.0,519.42,-1.0,0.0,0.0,60.0,50100.0,25.04,0.0,0.0,35.808,177.385,0.0,489.645,0.4632,0.0,5000.0,5.0,612.12,0.0107,0.0,100.0,613.04,519.4,49.925,0.0,0.0,0.0,3376.3599,0.0,589.875,674.7,0.0,211.56,0.037,100.0,0.0,100.36,100.0,9900.0,1.4098,100.0,24.9822,0.0,0.0,0.0,0.0,836.0,0.0,519.42,100.0,0.0,676.95,250.0,24.9975,0.0,6.6925,677.15,0.0,0.0,0.037,685.5125,0.0084,100.0,0.0,0.1223,0.0,100.0,0.0,100.0,0.0,0.0,1079.4,999.9,0.0,0.294,84.7125,685.5,71.7348,0.0,670.4,0.0,737.6,1885.5,592.59,50.0,0.3151,0.0442,1079.4,0.7,836.0,611.92,32.6727,676.95,680.2,0.0,0.0,0.0,0.0179,0.681,0.0,0.0,0.037,179.9875,0.0,0.0,1.787,2.6,26.555,0.0145,1000.0,1.0,65.5222,569.95,50.0,145.398,0.0,0.0,100.0,0.0121,611.82,35.5886,0.0,3000.0,24.9975,1.4545,676.95,177.385,9.9998,0.0,0.0,0.0,2475.0,286.8525,96.08,71.7348,0.0,2.7315,0.0,0.1277,0.0,20.3878,0.0,365.04,0.4381,519.42,17.7431,0.5,0.0,0.0,0.0,2.6448,0.0,250.0,100.0,33.29,0.0,50.0,0.0,3376.3599,2200.0,685.5,35.5886,26.91,1.76,354.65,354.65,57.5625,0.0,179.9875,1.0029,0.0,0.0107,86.8,0.0,0.0,0.0,50.0,0.0,75.1617,0.0,0.0,0.0171,0.0,24.9975,0.037,642.25,0.0,252.45,0.0,6.6925,89.4487,50.0,82.08,25.0,641.4,50.0,0.0,0.0,0.0101,999.9,0.0,20.3878,0.0,100.0,858.0,0.4632,20.0,0.0,0.0,32.166,0.5,858.0,0.0,0.1277,589.875,0.0101,0.0171,2.6448,211.56,0.0,490.64,0.0,589.35,357.3046,0.0,2.7315,75.54,177.385,9.3769,26.49,100.0,520.0,85.2375,331.56,5999.7334,0.7,26.91,85.2825,0.0,24.9822,24.9975,100.0,0.0,0.037,0.0,83.4675,600.0,65.5222,589.875,592.59,100.0,0.0,365.04,100.0,100.0,9.3769,9.9998,0.0,0.0,0.0,100.0,642.25,0.0,20.3721,0.0,0.275,1.357,0.0,0.0,0.0,33.29,0.0,0.0,0.037,685.48,100.0,1886.0399,519.41,25.99,0.0,38.0,4.5766,0.0,75.1617,6.6925,82.2975,710.0,17.7431,0.0,0.0,0.15,0.3151,590.0,5.0,673.65,0.0,0.037,0.0084,2.6,177.385,0.0,0.0084,0.0,519.4,519.41,677.15,519.42
57.525,211.56,0.0,211.56,0.606,75.5411,735.12,24.9975,0.0,595.35,32.6727,0.0,110.0,272.25,825.0,491.715,88.0,0.0,0.0,364.83,0.0,0.0,9.9998,0.0,96.08,0.0,50.0,180.0,0.0,0.0,0.0,75.5411,676.7,31.9866,0.0,100.0,0.0,2481.25,589.875,33.41,177.385,100.0,177.385,488.745,32.166,25.48,177.385,100.0,0.0,0.0,0.0,0.0,9.2873,24.9975,100.0,1885.5,0.0,519.525,-1.0,0.0,0.0,60.0,50100.0,25.04,0.0,0.0,32.166,177.385,0.0,489.735,0.4632,0.0,5000.0,5.0,611.82,0.0113,0.0,100.0,616.4,519.5,49.925,0.0,0.0,0.0,3343.6799,0.0,589.875,674.25,0.0,211.56,0.037,100.0,0.0,100.34,100.0,9900.0,1.4099,100.0,25.4916,0.0,0.0,0.0,0.0,825.0,0.0,519.525,100.0,0.0,676.7,250.0,24.9975,0.0,6.685,676.95,0.0,0.0,0.037,685.475,0.0064,100.0,0.0,0.1168,0.0,100.0,0.0,100.0,0.0,0.0,1071.0,999.9,0.0,0.294,84.735,685.45,71.7111,0.0,670.4,0.0,735.12,1884.96,595.35,50.0,0.3151,0.042,1071.0,0.7,825.0,615.28,31.9866,676.95,680.2,0.0,0.0,0.0,0.0187,0.681,0.0,0.0,0.037,180.0,0.0,0.0,1.544,2.6,26.555,0.015,1000.0,1.0,65.4897,569.65,50.0,145.31,0.0,0.0,100.0,0.0128,608.16,36.0843,0.0,3000.0,24.9975,-1.6915,676.7,177.385,9.9998,0.0,0.0,0.0,2481.25,286.1775,96.08,71.7111,0.0,2.7202,0.0,0.1223,0.0,20.3897,0.0,364.92,0.4381,519.525,17.6963,0.5,0.0,0.0,0.0,2.633,0.0,250.0,100.0,33.35,0.0,50.0,0.0,3343.6799,2200.0,685.45,36.0843,26.91,1.76,354.25,354.25,57.525,0.0,180.0,1.0029,0.0,0.0113,86.825,0.0,0.0,0.0,50.0,0.0,75.1499,0.0,0.0,0.0177,0.0,24.9975,0.037,640.6,0.0,252.45,0.0,6.685,86.3325,50.0,82.08,25.0,640.65,50.0,0.0,0.0,0.0107,999.9,0.0,20.3897,0.0,100.0,836.0,0.4632,20.0,0.0,0.0,29.112,0.5,836.0,0.0,0.1223,589.875,0.0107,0.0177,2.633,211.56,0.0,490.73,0.0,592.59,357.0636,0.0,2.7202,75.54,177.385,9.3543,26.49,100.0,520.0,85.2375,331.6,5999.7334,0.7,26.91,85.29,0.0,25.4916,24.9975,100.0,0.0,0.037,0.0,83.4975,600.0,65.4897,589.875,595.35,100.0,0.0,364.92,100.0,100.0,9.3543,9.9998,0.0,0.0,0.0,100.0,640.6,0.0,20.3887,0.0,0.275,1.363,0.0,0.0,0.0,33.35,0.0,0.0,0.037,685.48,100.0,1885.5,519.53,25.99,0.0,38.0,4.5672,0.0,75.1499,6.685,82.335,710.0,17.6963,0.0,0.0,0.15,0.3151,590.0,5.0,673.65,0.0,0.037,0.0064,2.6,177.385,0.0,0.0064,0.0,519.5,519.53,676.95,519.525
57.5625,211.56,0.0,211.56,0.625,75.5411,734.8,24.9975,0.0,597.9,31.9866,0.0,110.0,272.0,803.0,491.805,88.0,0.0,0.0,364.71,0.0,0.0,9.9998,0.0,96.08,0.0,50.0,180.0,0.0,0.0,0.0,75.5411,676.5,31.3477,0.0,100.0,0.0,2392.5,589.8425,33.47,177.385,100.0,177.385,488.835,29.112,25.48,177.385,100.0,0.0,0.0,0.0,0.0,9.2856,24.9975,100.0,1884.96,0.0,519.63,-1.0,0.0,0.0,60.0,50100.0,25.04,0.0,0.0,29.112,177.385,0.0,489.825,0.4632,0.0,5000.0,5.0,608.16,0.0119,0.0,100.0,619.32,519.65,49.925,0.0,0.0,0.0,3224.1399,0.0,589.8425,673.75,0.0,211.56,0.037,100.0,0.0,100.32,100.0,9900.0,1.41,100.0,26.2322,0.0,0.0,0.0,0.0,803.0,0.0,519.63,100.0,0.0,676.5,250.0,24.9975,0.0,6.6775,676.7,0.0,0.0,0.037,685.475,0.0048,100.0,0.0,0.1116,0.0,100.0,0.0,100.0,0.0,0.0,1071.0,999.9,0.0,0.294,84.69,685.45,71.6743,0.0,670.4,0.0,734.8,1884.4199,597.9,50.0,0.3151,0.0401,1071.0,0.7,803.0,618.16,31.3477,676.95,680.2,0.0,0.0,0.0,0.0195,0.681,0.0,0.0,0.037,180.0,0.0,0.0,1.325,2.6,26.555,0.0156,1000.0,1.0,65.4511,569.35,50.0,145.233,0.0,0.0,100.0,0.0136,607.92,36.6527,0.0,3000.0,24.9975,-4.304,676.5,177.385,9.9998,0.0,0.0,0.0,2392.5,286.605,96.08,71.6743,0.0,2.7188,0.0,0.1168,0.0,20.4066,0.0,364.83,0.4381,519.63,17.6928,0.5,0.0,0.0,0.0,2.632,0.0,250.0,100.0,33.41,0.0,50.0,0.0,3224.1399,2200.0,685.45,36.6527,26.91,1.76,353.85,353.85,57.6,0.0,180.0,1.0027,0.0,0.0119,86.75,0.0,0.0,0.0,50.0,0.0,75.1124,0.0,0.0,0.0182,0.0,24.9975,0.037,638.95,0.0,252.475,0.0,6.6775,83.2162,50.0,82.05,25.0,639.9,50.0,0.0,0.0,0.0113,999.9,0.0,20.4066,0.0,100.0,825.0,0.4632,20.0,0.0,0.0,26.538,0.5,825.0,0.0,0.1168,589.8425,0.0113,0.0182,2.632,211.56,0.0,490.85,0.0,595.35,356.9947,0.0,2.7188,75.54,177.385,9.3248,26.49,100.0,520.0,85.245,331.64,5999.7334,0.7,26.91,85.335,0.0,26.2322,24.9975,100.0,0.0,0.037,0.0,83.46,600.0,65.4511,589.8425,597.9,100.0,0.0,364.83,100.0,100.0,9.3248,9.9998,0.0,0.0,0.0,100.0,638.95,0.0,20.3906,0.0,0.275,1.368,0.0,0.0,0.0,33.41,0.0,0.0,0.037,685.48,100.0,1884.96,519.65,25.99,0.0,38.0,4.5469,0.0,75.1124,6.6775,82.335,710.0,17.6928,0.0,0.0,0.15,0.3151,590.0,5.0,673.65,0.0,0.037,0.0048,2.6,177.385,0.0,0.0048,0.0,519.65,519.65,676.7,519.63
57.6,211.56,0.0,211.56,0.642,75.5411,733.52,24.9975,0.0,600.18,31.3477,0.0,110.0,271.7,781.0,491.94,88.0,0.0,0.0,364.65,0.0,0.0,9.9998,0.0,96.08,0.0,50.0,180.0,0.0,0.0,0.0,75.5411,676.3,30.7238,0.0,100.0,0.0,2345.0,589.8425,33.53,177.385,100.0,177.385,488.97,26.538,25.48,177.385,100.0,0.0,0.0,0.0,0.0,9.2758,24.9975,100.0,1884.4199,0.0,519.77,-1.0,0.0,0.0,60.0,50100.0,25.04,0.0,0.0,26.538,177.385,0.0,489.96,0.4632,0.0,5000.0,5.0,607.92,0.0124,0.0,100.0,621.96,519.75,49.925,0.0,0.0,0.0,3141.5798,0.0,589.8425,673.3,0.0,211.56,0.037,100.0,0.0,100.3,100.0,9900.0,1.4101,100.0,26.9584,0.0,0.0,0.0,0.0,781.0,0.0,519.77,100.0,0.0,676.3,250.0,24.9975,0.0,6.67,676.5,0.0,0.0,0.037,685.4375,0.0035,100.0,0.0,0.1066,0.0,100.0,0.0,100.0,0.0,0.0,1066.7999,999.9,0.0,0.294,84.645,685.45,71.6456,0.0,670.4,0.0,733.52,1884.0599,600.18,50.0,0.3151,0.0387,1066.7999,0.7,781.0,620.8,30.7238,676.95,680.2,0.0,0.0,0.0,0.0203,0.681,0.0,0.0,0.037,180.0,0.0,0.0,1.129,2.6,26.555,0.016,1000.0,1.0,65.416,569.45,50.0,145.145,0.0,0.0,100.0,0.0142,606.9,37.2289,0.0,3000.0,24.9975,-6.4875,676.3,177.385,9.9998,0.0,0.0,0.0,2345.0,285.5025,96.08,71.6456,0.0,2.7142,0.0,0.1116,0.0,20.409,0.0,364.71,0.4381,519.77,17.6618,0.5,0.0,0.0,0.0,2.6288,0.0,250.0,100.0,33.47,0.0,50.0,0.0,3141.5798,2200.0,685.45,37.2289,26.91,1.76,353.5,353.5,57.6,0.0,180.0,1.0027,0.0,0.0124,86.625,0.0,0.0,0.0,50.0,0.0,75.0844,0.0,0.0,0.0186,0.0,24.9975,0.037,637.25,0.0,252.475,0.0,6.67,80.0887,50.0,82.0125,25.0,639.15,50.0,0.0,0.0,0.0118,999.9,0.0,20.409,0.0,100.0,803.0,0.4632,20.0,0.0,0.0,24.444,0.5,803.0,0.0,0.1116,589.8425,0.0118,0.0186,2.6288,211.56,0.0,490.94,0.0,597.9,357.1324,0.0,2.7142,75.54,177.385,9.3004,26.49,100.0,520.0,85.1925,331.68,5999.7334,0.7,26.91,85.3125,0.0,26.9584,24.9975,100.0,0.0,0.037,0.0,83.4375,600.0,65.416,589.8425,600.18,100.0,0.0,364.71,100.0,100.0,9.3004,9.9998,0.0,0.0,0.0,100.0,637.25,0.0,20.4078,0.0,0.275,1.375,0.0,0.0,0.0,33.47,0.0,0.0,0.037,685.44,100.0,1884.4199,519.77,25.99,0.0,38.0,4.2422,0.0,75.0844,6.67,82.3575,710.0,17.6618,0.0,0.0,0.15,0.3151,590.0,5.0,673.65,0.0,0.037,0.0035,2.6,177.385,0.0,0.0035,0.0,519.75,519.77,676.5,519.77
57.6,211.56,0.0,211.56,0.657,75.5411,731.52,24.9975,0.0,602.22,30.7238,0.0,110.0,271.4,770.0,492.03,88.0,0.0,0.0,364.59,0.0,0.0,9.9998,0.0,96.08,0.0,50.0,180.0,0.0,0.0,0.0,75.5411,676.1,30.1235,0.0,100.0,0.0,2353.0,589.81,33.595,177.385,100.0,177.385,489.06,24.444,25.48,177.385,100.0,0.0,0.0,0.0,0.0,9.2559,24.9975,100.0,1884.0599,0.0,519.875,-1.0,0.0,0.0,60.0,50100.0,25.04,0.0,0.0,24.444,177.385,0.0,490.05,0.4632,0.0,5000.0,5.0,606.9,0.0129,0.0,100.0,624.32,519.9,49.925,0.0,0.0,0.0,3094.28,0.0,589.81,672.85,0.0,211.56,0.037,100.0,0.0,100.28,100.0,9900.0,1.4102,100.0,27.5934,0.0,0.0,0.0,0.0,770.0,0.0,519.875,100.0,0.0,676.1,250.0,24.9975,0.0,6.665,676.3,0.0,0.0,0.037,685.4375,0.0026,100.0,0.0,0.1013,0.0,100.0,0.0,100.0,0.0,0.0,1060.2,999.9,0.0,0.294,84.675,685.4,71.6244,0.0,670.35,0.0,731.52,1883.7,602.22,50.0,0.3151,0.0375,1060.2,0.7,770.0,623.2,30.1235,676.9,680.2,0.0,0.0,0.0,0.0208,0.681,0.0,0.0,0.037,180.0,0.0,0.0,0.956,2.6,26.555,0.0164,1000.0,1.0,65.3884,569.4,50.0,145.057,0.0,0.0,100.0,0.0148,604.98,37.8035,0.0,3000.0,24.9975,-8.242,676.1,177.385,9.9998,0.0,0.0,0.0,2353.0,286.1775,96.08,71.6244,0.0,2.7037,0.0,0.1066,0.0,20.4264,0.0,364.65,0.4381,519.875,17.6416,0.5,0.0,0.0,0.0,2.621,0.0,250.0,100.0,33.53,0.0,50.0,0.0,3094.28,2200.0,685.4,37.8035,26.91,1.76,353.1,353.1,57.525,0.0,180.0,1.0026,0.0,0.0128,86.25,0.0,0.0,0.0,50.0,0.0,75.0777,0.0,0.0,0.019,0.0,24.9975,0.037,635.5,0.0,252.475,0.0,6.665,76.9725,50.0,82.005,25.0,638.4,50.0,0.0,0.0,0.0122,999.9,0.0,20.4264,0.0,100.0,781.0,0.4632,20.0,0.0,0.0,22.782,0.5,781.0,0.0,0.1066,589.81,0.0122,0.019,2.621,211.56,0.0,491.06,0.0,600.18,356.547,0.0,2.7037,75.54,177.385,9.2808,26.49,100.0,520.0,85.1325,331.68,5999.7334,0.7,26.91,85.35,0.0,27.5934,24.9975,100.0,0.0,0.037,0.0,83.4825,600.0,65.3884,589.81,602.22,100.0,0.0,364.65,100.0,100.0,9.2808,9.9998,0.0,0.0,0.0,100.0,635.5,0.0,20.4102,0.0,0.275,1.381,0.0,0.0,0.0,33.53,0.0,0.0,0.037,685.44,100.0,1884.0599,519.89,25.99,0.0,38.0,4.4859,0.0,75.0777,6.665,82.38,710.0,17.6416,0.0,0.0,0.15,0.3151,590.0,5.0,673.65,0.0,0.037,0.0026,2.6,177.385,0.0,0.0026,0.0,519.9,519.89,676.3,519.875
57.525,211.56,0.0,211.56,0.67,75.5411,730.16,24.9975,0.0,604.08,30.1235,0.0,110.0,271.15,759.0,492.165,88.0,0.0,0.0,364.53,0.0,0.0,9.9998,0.0,96.08,0.0,50.0,180.0,0.0,0.0,0.0,75.5411,675.85,29.544,0.0,100.0,0.0,2314.0,589.7775,33.655,177.385,100.0,177.385,489.195,22.782,25.48,177.385,100.0,0.0,0.0,0.0,0.0,9.2455,24.9975,100.0,1883.7,0.0,520.015,-1.0,0.0,0.0,60.0,50100.0,25.04,0.0,0.0,22.782,177.385,0.0,490.185,0.4632,0.0,5000.0,5.0,604.98,0.0132,0.0,100.0,626.44,520.0,49.925,0.0,0.0,0.0,3001.3999,0.0,589.7775,672.4,0.0,211.56,0.037,100.0,0.0,100.26,100.0,9900.0,1.4102,100.0,28.3379,0.0,0.0,0.0,0.0,759.0,0.0,520.015,100.0,0.0,675.85,250.0,24.9975,0.0,6.66,676.1,0.0,0.0,0.037,685.4,0.0019,100.0,0.0,0.0963,0.0,100.0,0.0,100.0,0.0,0.0,1056.6,999.9,0.0,0.294,84.675,685.4,71.6014,0.0,670.35,0.0,730.16,1883.34,604.08,50.0,0.3151,0.0367,1056.6,0.7,759.0,625.28,29.544,676.9,680.2,0.0,0.0,0.0,0.0213,0.681,0.0,0.0,0.037,180.0,0.0,0.0,0.806,2.6,26.555,0.0167,1000.0,1.0,65.3591,568.6,50.0,144.969,0.0,0.0,100.0,0.0152,603.84,38.425,0.0,3000.0,24.9975,-9.617,675.85,177.385,9.9998,0.0,0.0,0.0,2314.0,285.39,96.08,71.6014,0.0,2.6985,0.0,0.1013,0.0,20.4443,0.0,364.59,0.4381,520.015,17.6368,0.5,0.0,0.0,0.0,2.6168,0.0,250.0,100.0,33.595,0.0,50.0,0.0,3001.3999,2200.0,685.4,38.425,26.91,1.76,352.75,352.75,57.6,0.0,180.0,1.0026,0.0,0.0132,86.525,0.0,0.0,0.0,50.0,0.0,75.0672,0.0,0.0,0.0192,0.0,24.9975,0.037,633.75,0.0,252.5,0.0,6.66,73.8562,50.0,82.005,25.0,637.6,50.0,0.0,0.0,0.0125,999.9,0.0,20.4443,0.0,100.0,770.0,0.4632,20.0,0.0,0.0,21.468,0.5,770.0,0.0,0.1013,589.7775,0.0126,0.0192,2.6168,211.56,0.0,491.18,0.0,602.22,356.1337,0.0,2.6985,75.54,177.385,9.2603,26.49,100.0,520.0,85.1175,331.72,5999.7334,0.7,26.91,85.395,0.0,28.3379,24.9975,100.0,0.0,0.037,0.0,83.475,600.0,65.3591,589.7775,604.08,100.0,0.0,364.59,100.0,100.0,9.2603,9.9998,0.0,0.0,0.0,100.0,633.75,0.0,20.4278,0.0,0.275,1.387,0.0,0.0,0.0,33.595,0.0,0.0,0.037,685.4,100.0,1883.7,520.01,25.99,0.0,38.0,4.6094,0.0,75.0672,6.66,82.4175,710.0,17.6368,0.0,0.0,0.15,0.3151,590.0,5.0,673.65,0.0,0.037,0.0019,2.6,177.385,0.0,0.0019,0.0,520.0,520.01,676.1,520.015
57.6,211.56,0.0,211.56,0.681,75.5411,730.0,24.9975,0.0,605.85,29.544,0.0,110.0,270.85,726.0,492.3,88.0,0.0,0.0,364.47,0.0,0.0,9.9998,0.0,96.08,0.0,50.0,180.0,0.0,0.0,0.0,75.5411,675.65,28.9788,0.0,100.0,0.0,2207.0,589.7775,33.72,177.385,100.0,177.385,489.33,21.468,25.48,177.385,100.0,0.0,0.0,0.0,0.0,9.2449,24.9975,100.0,1883.34,0.0,520.155,-1.0,0.0,0.0,60.0,50100.0,25.04,0.0,0.0,21.468,177.385,0.0,490.32,0.4632,0.0,5000.0,5.0,603.84,0.0136,0.0,100.0,628.4,520.15,49.925,0.0,0.0,0.0,2862.0798,0.0,589.7775,671.95,0.0,211.56,0.037,100.0,0.0,100.24,100.0,9900.0,1.4103,100.0,29.2914,0.0,0.0,0.0,0.0,726.0,0.0,520.155,100.0,0.0,675.65,250.0,24.9975,0.0,6.655,675.85,0.0,0.0,0.037,685.4,0.0014,100.0,0.0,0.0918,0.0,100.0,0.0,100.0,0.0,0.0,1056.6,999.9,0.0,0.294,84.6375,685.4,71.5712,0.0,670.35,0.0,730.0,1883.1599,605.85,50.0,0.3151,0.0361,1056.6,0.7,726.0,627.24,28.9788,676.9,680.2,0.0,0.0,0.0,0.0218,0.681,0.0,0.0,0.037,180.0,0.0,0.0,0.679,2.6,26.555,0.017,1000.0,1.0,65.3262,568.0,50.0,144.892,0.0,0.0,100.0,0.0157,603.72,39.1072,0.0,3000.0,24.9975,-10.684,675.65,177.385,9.9998,0.0,0.0,0.0,2207.0,285.165,96.08,71.5712,0.0,2.6985,0.0,0.0963,0.0,20.4477,0.0,364.53,0.4381,520.155,17.6303,0.5,0.0,0.0,0.0,2.6164,0.0,250.0,100.0,33.655,0.0,50.0,0.0,2862.0798,2200.0,685.4,39.1072,26.91,1.76,352.35,352.35,57.525,0.0,180.0,1.0025,0.0,0.0136,86.275,0.0,0.0,0.0,50.0,0.0,75.0477,0.0,0.0,0.0194,0.0,24.9975,0.037,632.0,0.0,252.5,0.0,6.655,70.7287,50.0,81.9675,25.0,636.85,50.0,0.0,0.0,0.0129,999.9,0.0,20.4477,0.0,100.0,759.0,0.4632,20.0,0.0,0.0,20.436,0.5,759.0,0.0,0.0963,589.7775,0.0129,0.0195,2.6164,211.56,0.0,491.3,0.0,604.08,356.6158,0.0,2.6985,75.54,177.385,9.2367,26.49,100.0,520.0,85.11,331.76,5999.7334,0.7,26.91,85.4175,0.0,29.2914,24.9975,100.0,0.0,0.037,0.0,83.4525,600.0,65.3262,589.7775,605.85,100.0,0.0,364.53,100.0,100.0,9.2367,9.9998,0.0,0.0,0.0,100.0,632.0,0.0,20.446,0.0,0.275,1.392,0.0,0.0,0.0,33.655,0.0,0.0,0.037,685.4,100.0,1883.34,520.16,25.99,0.0,38.0,4.2391,0.0,75.0477,6.655,82.4325,710.0,17.6303,0.0,0.0,0.15,0.3151,590.0,5.0,673.65,0.0,0.037,0.0014,2.6,177.385,0.0,0.0014,0.0,520.15,520.16,675.85,520.155
57.525,211.56,0.0,211.56,0.691,75.5411,729.2,24.9975,0.0,607.47,28.9788,0.0,110.0,270.6,704.0,492.435,88.0,0.0,0.0,364.44,0.0,0.0,9.9998,0.0,96.08,0.0,50.0,180.0,0.0,0.0,0.0,75.5411,675.45,28.4174,0.0,100.0,0.0,2157.0,589.745,33.78,177.385,100.0,177.385,489.465,20.436,25.48,177.385,100.0,0.0,0.0,0.0,0.0,9.2356,24.9975,100.0,1883.1599,0.0,520.295,-1.0,0.0,0.0,60.0,50100.0,25.04,0.0,0.0,20.436,177.385,0.0,490.455,0.4632,0.0,5000.0,5.0,603.72,0.0138,0.0,100.0,630.24,520.3,49.925,0.0,0.0,0.0,2764.04,0.0,589.745,671.5,0.0,211.56,0.037,100.0,0.0,100.24,100.0,9900.0,1.4104,100.0,30.2094,0.0,0.0,0.0,0.0,704.0,0.0,520.295,100.0,0.0,675.45,250.0,24.9975,0.0,6.6525,675.65,0.0,0.0,0.037,685.3625,0.001,100.0,0.0,0.0873,0.0,100.0,0.0,100.0,0.0,0.0,1054.2,999.9,0.0,0.294,84.675,685.35,71.5462,0.0,670.35,0.0,729.2,1882.98,607.47,50.0,0.3151,0.0357,1054.2,0.7,704.0,629.08,28.4174,676.9,680.2,0.0,0.0,0.0,0.0221,0.681,0.0,0.0,0.037,180.0,0.0,0.0,0.575,2.6,26.555,0.0172,1000.0,1.0,65.2987,567.8,50.0,144.826,0.0,0.0,100.0,0.016,602.94,39.8,0.0,3000.0,24.9975,-11.5145,675.45,177.385,9.9998,0.0,0.0,0.0,2157.0,285.525,96.08,71.5462,0.0,2.6932,0.0,0.0918,0.0,20.4661,0.0,364.47,0.4381,520.295,17.6158,0.5,0.0,0.0,0.0,2.6128,0.0,250.0,100.0,33.72,0.0,50.0,0.0,2764.04,2200.0,685.35,39.8,26.91,1.76,352.0,352.0,57.525,0.0,180.0,1.0025,0.0,0.0138,86.075,0.0,0.0,0.0,50.0,0.0,75.0407,0.0,0.0,0.0197,0.0,24.9975,0.037,630.2,0.0,252.525,0.0,6.6525,67.6125,50.0,82.0125,25.0,636.1,50.0,0.0,0.0,0.0131,999.9,0.0,20.4661,0.0,100.0,726.0,0.4632,20.0,0.0,0.0,19.65,0.5,726.0,0.0,0.0918,589.745,0.0131,0.0197,2.6128,211.56,0.0,491.45,0.0,605.85,355.5827,0.0,2.6932,75.54,177.385,9.2161,26.49,100.0,520.0,85.1175,331.8,5999.7334,0.7,26.91,85.38,0.0,30.2094,24.9975,100.0,0.0,0.037,0.0,83.4825,600.0,65.2987,589.745,607.47,100.0,0.0,364.47,100.0,100.0,9.2161,9.9998,0.0,0.0,0.0,100.0,630.2,0.0,20.4494,0.0,0.275,1.398,0.0,0.0,0.0,33.72,0.0,0.0,0.037,685.36,100.0,1883.1599,520.31,25.99,0.0,38.0,4.5906,0.0,75.0407,6.6525,82.4025,710.0,17.6158,0.0,0.0,0.15,0.3151,590.0,5.0,673.65,0.0,0.037,0.001,2.6,177.385,0.0,0.001,0.0,520.3,520.31,675.65,520.295
57.5625,211.56,0.0,211.56,0.699,75.5411,727.84,24.9975,0.0,609.0,28.4174,0.0,110.0,270.3,682.0,492.57,88.0,0.0,0.0,364.41,0.0,0.0,9.9998,0.0,96.08,0.0,50.0,180.0,0.0,0.0,0.0,75.5411,675.25,27.8677,0.0,100.0,0.0,2144.5,589.7125,33.845,177.385,100.0,177.385,489.6,19.65,25.48,177.385,100.0,0.0,0.0,0.0,0.0,9.2246,24.9975,100.0,1882.98,0.0,520.435,-1.0,0.0,0.0,60.0,50100.0,25.04,0.0,0.0,19.65,177.385,0.0,490.59,0.4632,0.0,5000.0,5.0,602.94,0.0141,0.0,100.0,631.92,520.45,49.925,0.0,0.0,0.0,2699.54,0.0,589.7125,671.05,0.0,211.56,0.037,100.0,0.0,100.22,100.0,9900.0,1.4105,100.0,31.0837,0.0,0.0,0.0,0.0,682.0,0.0,520.435,100.0,0.0,675.25,250.0,24.9975,0.0,6.65,675.45,0.0,0.0,0.037,685.3625,0.0008,100.0,0.0,0.0828,0.0,100.0,0.0,100.0,0.0,0.0,1049.4,999.9,0.0,0.294,84.69,685.35,71.5268,0.0,670.35,0.0,727.84,1882.7999,609.0,50.0,0.3151,0.0354,1049.4,0.7,682.0,630.76,27.8677,676.9,680.15,0.0,0.0,0.0,0.0225,0.681,0.0,0.0,0.037,180.0,0.0,0.0,0.49,2.6,26.555,0.0174,1000.0,1.0,65.2751,567.85,50.0,144.749,0.0,0.0,100.0,0.0163,602.46,40.4968,0.0,3000.0,24.9975,-12.1305,675.25,177.385,9.9998,0.0,0.0,0.0,2144.5,285.5925,96.08,71.5268,0.0,2.6858,0.0,0.0873,0.0,20.485,0.0,364.44,0.4381,520.435,17.6101,0.5,0.0,0.0,0.0,2.611,0.0,250.0,100.0,33.78,0.0,50.0,0.0,2699.54,2200.0,685.35,40.4968,26.91,1.76,351.65,351.65,57.525,0.0,180.0,1.0024,0.0,0.014,86.1,0.0,0.0,0.0,50.0,0.0,75.0314,0.0,0.0,0.0199,0.0,24.9975,0.037,628.4,0.0,252.525,0.0,6.65,64.4962,50.0,81.99,25.0,635.35,50.0,0.0,0.0,0.0133,999.9,0.0,20.485,0.0,100.0,704.0,0.4632,20.0,0.0,0.0,19.056,0.5,704.0,0.0,0.0873,589.7125,0.0134,0.0199,2.611,211.56,0.0,491.57,0.0,607.47,355.376,0.0,2.6858,75.54,177.385,9.1995,26.49,100.0,520.0,85.0875,331.8,5999.7334,0.7,26.91,85.3725,0.0,31.0837,24.9975,100.0,0.0,0.037,0.0,83.5125,600.0,65.2751,589.7125,609.0,100.0,0.0,364.44,100.0,100.0,9.1995,9.9998,0.0,0.0,0.0,100.0,628.4,0.0,20.468,0.0,0.275,1.403,0.0,0.0,0.0,33.78,0.0,0.0,0.037,685.36,100.0,1882.98,520.43,25.99,0.0,38.0,4.7156,0.0,75.0314,6.65,82.4175,710.0,17.6101,0.0,0.0,0.15,0.3151,590.0,5.0,673.6,0.0,0.037,0.0008,2.6,177.385,0.0,0.0008,0.0,520.45,520.43,675.45,520.435
57.6,211.56,0.0,211.56,0.706,75.5411,727.76,24.9975,0.0,610.44,27.8677,0.0,110.0,270.05,660.0,492.705,88.0,0.0,0.0,364.38,0.0,0.0,9.9998,0.0,96.08,0.0,50.0,180.0,0.0,0.0,0.0,75.5411,675.0,27.3226,0.0,100.0,0.0,2029.25,589.7125,33.91,177.385,100.0,177.385,489.735,19.056,25.48,177.385,100.0,0.0,0.0,0.0,0.0,9.224,24.9975,100.0,1882.7999,0.0,520.575,-1.0,0.0,0.0,60.0,50100.0,25.04,0.0,0.0,19.056,177.385,0.0,490.725,0.4632,0.0,5000.0,5.0,602.46,0.0143,0.0,100.0,633.52,520.6,49.925,0.0,0.0,0.0,2554.2,0.0,589.7125,670.6,0.0,211.56,0.037,100.0,0.0,100.22,100.0,9900.0,1.4106,100.0,32.2273,0.0,0.0,0.0,0.0,660.0,0.0,520.575,100.0,0.0,675.0,250.0,24.9975,0.0,6.6475,675.25,0.0,0.0,0.037,685.3625,0.0006,100.0,0.0,0.0786,0.0,100.0,0.0,100.0,0.0,0.0,1048.7999,999.9,0.0,0.294,84.7125,685.35,71.4996,0.0,670.35,0.0,727.76,1882.62,610.44,50.0,0.3151,0.0352,1048.7999,0.7,660.0,632.36,27.3226,676.9,680.15,0.0,0.0,0.0,0.0227,0.681,0.0,0.0,0.037,180.0,0.0,0.0,0.427,2.6,26.555,0.0176,1000.0,1.0,65.2465,567.2,50.0,144.694,0.0,0.0,100.0,0.0166,602.4,41.2712,0.0,3000.0,24.9975,-12.587,675.0,177.385,9.9998,0.0,0.0,0.0,2029.25,285.3,96.08,71.4996,0.0,2.6858,0.0,0.0828,0.0,20.4893,0.0,364.41,0.4381,520.575,17.6038,0.5,0.0,0.0,0.0,2.6108,0.0,250.0,100.0,33.845,0.0,50.0,0.0,2554.2,2200.0,685.35,41.2712,26.91,1.76,351.25,351.25,57.6,0.0,180.0,1.0024,0.0,0.0143,86.175,0.0,0.0,0.0,50.0,0.0,75.0184,0.0,0.0,0.0201,0.0,24.9975,0.037,626.6,0.0,252.55,0.0,6.6475,61.3687,50.0,81.9825,25.0,634.6,50.0,0.0,0.0,0.0135,999.9,0.0,20.4893,0.0,100.0,682.0,0.4632,20.0,0.0,0.0,18.588,0.5,682.0,0.0,0.0828,589.7125,0.0135,0.0201,2.6108,211.56,0.0,491.72,0.0,609.0,355.376,0.0,2.6858,75.54,177.385,9.1797,26.49,100.0,520.0,85.0875,331.84,5999.7334,0.7,26.91,85.335,0.0,32.2273,24.9975,100.0,0.0,0.037,0.0,83.475,600.0,65.2465,589.7125,610.44,100.0,0.0,364.41,100.0,100.0,9.1797,9.9998,0.0,0.0,0.0,100.0,626.6,0.0,20.4871,0.0,0.275,1.407,0.0,0.0,0.0,33.845,0.0,0.0,0.037,685.36,100.0,1882.7999,520.58,25.99,0.0,38.0,4.2875,0.0,75.0184,6.6475,82.395,710.0,17.6038,0.0,0.0,0.15,0.3151,590.0,5.0,673.6,0.0,0.037,0.0006,2.6,177.385,0.0,0.0006,0.0,520.6,520.58,675.25,520.575
57.5625,211.56,0.0,211.56,0.712,75.5411,726.08,24.9975,0.0,611.79,27.3226,0.0,110.0,269.75,638.0,492.84,88.0,0.0,0.0,364.35,0.0,0.0,9.9998,0.0,96.08,0.0,50.0,180.0,0.0,0.0,0.0,75.5411,674.8,26.7826,0.0,100.0,0.0,2037.5,589.68,33.97,177.385,100.0,177.385,489.87,18.588,25.48,177.385,100.0,0.0,0.0,0.0,0.0,9.2125,24.9975,100.0,1882.62,0.0,520.75,-1.0,0.0,0.0,60.0,50100.0,25.04,0.0,0.0,18.588,177.385,0.0,490.86,0.4632,0.0,5000.0,5.0,602.4,0.0144,0.0,100.0,635.04,520.75,49.925,0.0,0.0,0.0,2487.98,0.0,589.68,670.15,0.0,211.56,0.037,100.0,0.0,100.2,100.0,9900.0,1.4106,100.0,33.1774,0.0,0.0,0.0,0.0,638.0,0.0,520.75,100.0,0.0,674.8,250.0,24.9975,0.0,6.645,675.0,0.0,0.0,0.037,685.325,0.0005,100.0,0.0,0.0745,0.0,100.0,0.0,100.0,0.0,0.0,1044.0,999.9,0.0,0.294,84.7125,685.3,71.4849,0.0,670.35,0.0,726.08,1882.4399,611.79,50.0,0.3151,0.0351,1044.0,0.7,638.0,633.84,26.7826,676.9,680.15,0.0,0.0,0.0,0.0229,0.681,0.0,0.0,0.037,180.0,0.0,0.0,0.38,2.6,26.555,0.0178,1000.0,1.0,65.2254,566.9,50.0,144.628,0.0,0.0,100.0,0.0168,601.62,42.0303,0.0,3000.0,24.9975,-12.9335,674.8,177.385,9.9998,0.0,0.0,0.0,2037.5,284.9625,96.08,71.4849,0.0,2.6782,0.0,0.0786,0.0,20.5087,0.0,364.38,0.4381,520.75,17.5943,0.5,0.0,0.0,0.0,2.608,0.0,250.0,100.0,33.91,0.0,50.0,0.0,2487.98,2200.0,685.3,42.0303,26.91,1.76,350.9,350.9,57.5625,0.0,180.0,1.0022,0.0,0.0144,86.15,0.0,0.0,0.0,50.0,0.0,75.0154,0.0,0.0,0.0202,0.0,24.9975,0.037,624.75,0.0,252.575,0.0,6.645,58.2525,50.0,81.9675,25.0,633.85,50.0,0.0,0.0,0.0137,999.9,0.0,20.5087,0.0,100.0,660.0,0.4632,20.0,0.0,0.0,18.234,0.5,660.0,0.0,0.0786,589.68,0.0137,0.0203,2.608,211.56,0.0,491.84,0.0,610.44,355.5138,0.0,2.6782,75.54,177.385,9.1653,26.49,100.0,520.0,85.095,331.88,5999.7334,0.7,26.91,85.29,0.0,33.1774,24.9975,100.0,0.0,0.037,0.0,83.5125,600.0,65.2254,589.68,611.79,100.0,0.0,364.38,100.0,100.0,9.1653,9.9998,0.0,0.0,0.0,100.0,624.75,0.0,20.4915,0.0,0.275,1.411,0.0,0.0,0.0,33.91,0.0,0.0,0.037,685.32,100.0,1882.62,520.73,25.99,0.0,38.0,3.9672,0.0,75.0154,6.645,82.38,710.0,17.5943,0.0,0.0,0.15,0.3151,590.0,5.0,673.6,0.0,0.037,0.0005,2.6,177.385,0.0,0.0005,0.0,520.75,520.73,675.0,520.75
57.5625,211.56,0.0,211.56,0.716,75.5411,726.0,24.9975,0.0,613.08,26.7826,0.0,110.0,269.5,605.0,492.975,88.0,0.0,0.0,364.32,0.0,0.0,9.9998,0.0,96.08,0.0,50.0,180.0,0.0,0.0,0.0,75.5411,674.6,26.2481,0.0,100.0,0.0,1917.5,589.6475,34.035,177.385,100.0,177.385,490.005,18.234,25.48,177.385,100.0,0.0,0.0,0.0,0.0,9.2119,24.9975,100.0,1882.4399,0.0,520.89,-1.0,0.0,0.0,60.0,50100.0,25.04,0.0,0.0,18.234,177.385,0.0,490.995,0.4632,0.0,5000.0,5.0,601.62,0.0146,0.0,100.0,636.4,520.9,49.925,0.0,0.0,0.0,2341.78,0.0,589.6475,669.7,0.0,211.56,0.037,100.0,0.0,100.2,100.0,9900.0,1.4107,100.0,34.4399,0.0,0.0,0.0,0.0,605.0,0.0,520.89,100.0,0.0,674.6,250.0,24.9975,0.0,6.6425,674.8,0.0,0.0,0.037,685.325,0.0004,100.0,0.0,0.0707,0.0,100.0,0.0,100.0,0.0,0.0,1043.4,999.9,0.0,0.294,84.75,685.3,71.4604,0.0,670.35,0.0,726.0,1882.26,613.08,50.0,0.3151,0.035,1043.4,0.7,605.0,635.24,26.2481,676.9,680.15,0.0,0.0,0.0,0.0231,0.681,0.0,0.0,0.037,180.0,0.0,0.0,0.346,2.6,26.555,0.018,1000.0,1.0,65.1993,566.7,50.0,144.562,0.0,0.0,100.0,0.017,601.56,42.8668,0.0,3000.0,24.9975,-13.192,674.6,177.385,9.9998,0.0,0.0,0.0,1917.5,285.2775,96.08,71.4604,0.0,2.6782,0.0,0.0745,0.0,20.5286,0.0,364.35,0.4381,520.89,17.5941,0.5,0.0,0.0,0.0,2.6078,0.0,250.0,100.0,33.97,0.0,50.0,0.0,2341.78,2200.0,685.3,42.8668,26.91,1.76,350.55,350.55,57.5625,0.0,180.0,1.0022,0.0,0.0146,86.35,0.0,0.0,0.0,50.0,0.0,75.0062,0.0,0.0,0.0204,0.0,24.9975,0.037,622.95,0.0,252.575,0.0,6.6425,55.1362,50.0,81.9825,25.0,633.05,50.0,0.0,0.0,0.0138,999.9,0.0,20.5286,0.0,100.0,638.0,0.4632,20.0,0.0,0.0,17.928,0.5,638.0,0.0,0.0745,589.6475,0.0138,0.0204,2.6078,211.56,0.0,491.99,0.0,611.79,355.8238,0.0,2.6782,75.54,177.385,9.1478,26.49,100.0,520.0,85.0575,331.92,5999.7334,0.7,26.91,85.3125,0.0,34.4399,24.9975,100.0,0.0,0.037,0.0,83.4825,600.0,65.1993,589.6475,613.08,100.0,0.0,364.35,100.0,100.0,9.1478,9.9998,0.0,0.0,0.0,100.0,622.95,0.0,20.5111,0.0,0.275,1.415,0.0,0.0,0.0,33.97,0.0,0.0,0.037,685.32,100.0,1882.4399,520.88,25.99,0.0,38.0,4.5344,0.0,75.0062,6.6425,82.3875,710.0,17.5941,0.0,0.0,0.15,0.3151,590.0,5.0,673.6,0.0,0.037,0.0004,2.6,177.385,0.0,0.0004,0.0,520.9,520.88,674.8,520.89
57.5625,211.56,0.0,211.56,0.72,75.5411,724.56,24.9975,0.0,614.28,26.2481,0.0,110.0,269.25,594.0,493.11,88.0,0.0,0.0,364.29,0.0,0.0,9.9998,0.0,96.08,0.0,50.0,180.0,0.0,0.0,0.0,75.5411,674.4,25.7157,0.0,100.0,0.0,1913.5,589.6475,34.1,177.385,100.0,177.385,490.14,17.928,25.48,177.385,100.0,0.0,0.0,0.0,0.0,9.2015,24.9975,100.0,1882.26,0.0,521.03,-1.0,0.0,0.0,60.0,50100.0,25.04,0.0,0.0,17.928,177.385,0.0,491.13,0.4632,0.0,5000.0,5.0,601.56,0.0147,0.0,100.0,637.76,521.05,49.925,0.0,0.0,0.0,2270.3999,0.0,589.6475,669.2,0.0,211.56,0.037,100.0,0.0,100.2,100.0,9900.0,1.4108,100.0,35.5324,0.0,0.0,0.0,0.0,594.0,0.0,521.03,100.0,0.0,674.4,250.0,24.9975,0.0,6.64,674.6,0.0,0.0,0.037,685.2875,0.0004,100.0,0.0,0.0668,0.0,100.0,0.0,100.0,0.0,0.0,1039.2,999.9,0.0,0.294,84.705,685.3,71.4467,0.0,670.3,0.0,724.56,1882.08,614.28,50.0,0.3151,0.0349,1039.2,0.7,594.0,636.6,25.7157,676.9,680.15,0.0,0.0,0.0,0.0233,0.681,0.0,0.0,0.037,180.0,0.0,0.0,0.321,2.6,26.555,0.0181,1000.0,1.0,65.18,567.0,50.0,144.496,0.0,0.0,100.0,0.0172,600.84,43.6914,0.0,3000.0,24.9975,-13.401,674.4,177.385,9.9998,0.0,0.0,0.0,1913.5,284.985,96.08,71.4467,0.0,2.6715,0.0,0.0707,0.0,20.5339,0.0,364.32,0.4381,521.03,17.5881,0.5,0.0,0.0,0.0,2.6052,0.0,250.0,100.0,34.035,0.0,50.0,0.0,2270.3999,2200.0,685.3,43.6914,26.91,1.76,350.2,350.2,57.6,0.0,180.0,1.0022,0.0,0.0147,86.3,0.0,0.0,0.0,50.0,0.0,75.0062,0.0,0.0,0.0206,0.0,24.9975,0.037,621.15,0.0,252.6,0.0,6.64,52.0087,50.0,82.0125,25.0,632.3,50.0,0.0,0.0,0.014,999.9,0.0,20.5339,0.0,100.0,605.0,0.4632,20.0,0.0,0.0,17.682,0.5,605.0,0.0,0.0707,589.6475,0.014,0.0206,2.6052,211.56,0.0,492.14,0.0,613.08,355.135,0.0,2.6715,75.54,177.385,9.1349,26.49,100.0,520.0,85.0425,331.96,5999.7334,0.7,26.91,85.305,0.0,35.5324,24.9975,100.0,0.0,0.037,0.0,83.5125,600.0,65.18,589.6475,614.28,100.0,0.0,364.32,100.0,100.0,9.1349,9.9998,0.0,0.0,0.0,100.0,621.15,0.0,20.5312,0.0,0.275,1.418,0.0,0.0,0.0,34.035,0.0,0.0,0.037,685.28,100.0,1882.26,521.06,25.99,0.0,38.0,4.2438,0.0,75.0062,6.64,82.4175,710.0,17.5881,0.0,0.0,0.15,0.3151,590.0,5.0,673.6,0.0,0.037,0.0004,2.6,177.385,0.0,0.0004,0.0,521.05,521.06,674.6,521.03
57.6,211.56,0.0,211.56,0.722,75.5411,724.48,24.9975,0.0,615.48,25.7157,0.0,110.0,269.0,561.0,493.245,88.0,0.0,0.0,364.26,0.0,0.0,9.9998,0.0,96.08,0.0,50.0,180.0,0.0,0.0,0.0,75.5411,674.15,25.1893,0.0,100.0,0.0,1790.75,589.615,34.165,177.385,100.0,177.385,490.275,17.682,25.48,177.385,100.0,0.0,0.0,0.0,0.0,9.2009,24.9975,100.0,1882.08,0.0,521.205,-1.0,0.0,0.0,60.0,50100.0,25.04,0.0,0.0,17.682,177.385,0.0,491.265,0.4632,0.0,5000.0,5.0,600.84,0.0148,0.0,100.0,639.04,521.2,49.925,0.0,0.0,0.0,2124.2,0.0,589.615,668.75,0.0,211.56,0.037,100.0,0.0,100.18,100.0,9900.0,1.4109,100.0,36.9258,0.0,0.0,0.0,0.0,561.0,0.0,521.205,100.0,0.0,674.15,250.0,24.9975,0.0,6.64,674.4,0.0,0.0,0.037,685.2875,0.0003,100.0,0.0,0.0635,0.0,100.0,0.0,100.0,0.0,0.0,1039.2,999.9,0.0,0.294,84.6675,685.25,71.4246,0.0,670.3,0.0,724.48,1882.08,615.48,50.0,0.3151,0.0348,1039.2,0.7,561.0,637.84,25.1893,676.85,680.15,0.0,0.0,0.0,0.0234,0.681,0.0,0.0,0.037,180.0,0.0,0.0,0.302,2.6,26.555,0.0182,1000.0,1.0,65.1562,566.3,50.0,144.419,0.0,0.0,100.0,0.0173,600.78,44.5911,0.0,3000.0,24.9975,-13.566,674.15,177.385,9.9998,0.0,0.0,0.0,1790.75,285.03,96.08,71.4246,0.0,2.6715,0.0,0.0668,0.0,20.5542,0.0,364.29,0.4381,521.205,17.5906,0.5,0.0,0.0,0.0,2.605,0.0,250.0,100.0,34.1,0.0,50.0,0.0,2124.2,2200.0,685.25,44.5911,26.91,1.76,349.85,349.85,57.5625,0.0,180.0,1.0021,0.0,0.0148,86.775,0.0,0.0,0.0,50.0,0.0,75.0004,0.0,0.0,0.0206,0.0,24.9975,0.037,619.35,0.0,252.625,0.0,6.64,48.8925,50.0,82.0575,25.0,631.55,50.0,0.0,0.0,0.0141,999.9,0.0,20.5542,0.0,100.0,594.0,0.4632,20.0,0.0,0.0,17.454,0.5,594.0,0.0,0.0668,589.615,0.0141,0.0207,2.605,211.56,0.0,492.29,0.0,614.28,354.7561,0.0,2.6715,75.54,177.385,9.1186,26.49,100.0,520.0,84.9975,332.0,5999.7334,0.7,26.91,85.275,0.0,36.9258,24.9975,100.0,0.0,0.037,0.0,83.55,600.0,65.1562,589.615,615.48,100.0,0.0,364.29,100.0,100.0,9.1186,9.9998,0.0,0.0,0.0,100.0,619.35,0.0,20.5366,0.0,0.275,1.421,0.0,0.0,0.0,34.1,0.0,0.0,0.037,685.28,100.0,1882.08,521.21,25.99,0.0,38.0,3.8984,0.0,75.0004,6.64,82.455,710.0,17.5906,0.0,0.0,0.15,0.3151,590.0,5.0,673.6,0.0,0.037,0.0003,2.6,177.385,0.0,0.0003,0.0,521.2,521.21,674.4,521.205
57.5625,211.56,0.0,211.56,0.725,75.5411,723.44,24.9975,0.0,616.56,25.1893,0.0,110.0,268.75,539.0,493.425,88.0,0.0,0.0,364.23,0.0,0.0,9.9998,0.0,96.08,0.0,50.0,180.0,0.0,0.0,0.0,75.5411,673.95,24.6581,0.0,100.0,0.0,1777.0,589.5825,34.23,177.385,100.0,177.385,490.41,17.454,25.48,177.385,100.0,0.0,0.0,0.0,0.0,9.1927,24.9975,100.0,1882.08,0.0,521.345,-1.0,0.0,0.0,60.0,50100.0,25.04,0.0,0.0,17.454,177.385,0.0,491.445,0.4632,0.0,5000.0,5.0,600.78,0.0149,0.0,100.0,640.28,521.35,49.925,0.0,0.0,0.0,2048.52,0.0,589.5825,668.3,0.0,211.56,0.037,100.0,0.0,100.18,100.0,9900.0,1.411,100.0,38.1694,0.0,0.0,0.0,0.0,539.0,0.0,521.345,100.0,0.0,673.95,250.0,24.9975,0.0,6.6375,674.15,0.0,0.0,0.037,685.25,0.0003,100.0,0.0,0.06,0.0,100.0,0.0,100.0,0.0,0.0,1035.6,999.9,0.0,0.294,84.6975,685.25,71.4101,0.0,670.3,0.0,723.44,1881.8999,616.56,50.0,0.3151,0.0348,1035.6,0.7,539.0,639.08,24.6581,676.85,680.15,0.0,0.0,0.0,0.0235,0.681,0.0,0.0,0.037,180.0,0.0,0.0,0.286,2.6,26.555,0.0183,1000.0,1.0,65.1383,565.75,50.0,144.342,0.0,0.0,100.0,0.0175,600.6,45.4821,0.0,3000.0,24.9975,-13.7145,673.95,177.385,9.9998,0.0,0.0,0.0,1777.0,284.67,96.08,71.4101,0.0,2.6655,0.0,0.0635,0.0,20.5751,0.0,364.26,0.4381,521.345,17.5878,0.5,0.0,0.0,0.0,2.6038,0.0,250.0,100.0,34.165,0.0,50.0,0.0,2048.52,2200.0,685.25,45.4821,26.91,1.76,349.5,349.5,57.5625,0.0,180.0,1.0021,0.0,0.0149,86.4,0.0,0.0,0.0,50.0,0.0,74.9987,0.0,0.0,0.0208,0.0,24.9975,0.037,617.55,0.0,252.625,0.0,6.6375,45.7762,50.0,82.0875,25.0,630.8,50.0,0.0,0.0,0.0142,999.9,0.0,20.5751,0.0,100.0,561.0,0.4632,20.0,0.0,0.0,17.256,0.5,561.0,0.0,0.0635,589.5825,0.0142,0.0208,2.6038,211.56,0.0,492.41,0.0,615.48,354.6184,0.0,2.6655,75.54,177.385,9.1068,26.49,100.0,520.0,85.02,332.04,5999.7334,0.7,26.91,85.305,0.0,38.1694,24.9975,100.0,0.0,0.037,0.0,83.5875,600.0,65.1383,589.5825,616.56,100.0,0.0,364.26,100.0,100.0,9.1068,9.9998,0.0,0.0,0.0,100.0,617.55,0.0,20.5572,0.0,0.275,1.425,0.0,0.0,0.0,34.165,0.0,0.0,0.037,685.28,100.0,1882.08,521.36,25.99,0.0,38.0,4.4203,0.0,74.9987,6.6375,82.47,710.0,17.5878,0.0,0.0,0.15,0.3151,590.0,5.0,673.6,0.0,0.037,0.0003,2.6,177.385,0.0,0.0003,0.0,521.35,521.36,674.15,521.345
57.6,211.56,0.0,211.56,0.726,75.5411,723.44,24.9975,0.0,617.64,24.6581,0.0,110.0,268.45,506.0,493.56,88.0,0.0,0.0,364.23,0.0,0.0,9.9998,0.0,96.08,0.0,50.0,180.0,0.0,0.0,0.0,75.5411,673.75,24.137,0.0,100.0,0.0,1652.5,589.5825,34.295,177.385,100.0,177.385,490.59,17.256,25.48,177.385,100.0,0.0,0.0,0.0,0.0,9.1927,24.9975,100.0,1881.8999,0.0,521.52,-1.0,0.0,0.0,60.0,50100.0,25.04,0.0,0.0,17.256,177.385,0.0,491.58,0.4632,0.0,5000.0,5.0,600.6,0.015,0.0,100.0,641.4,521.5,49.925,0.0,0.0,0.0,1904.8999,0.0,589.5825,667.85,0.0,211.56,0.037,100.0,0.0,100.18,100.0,9900.0,1.411,100.0,39.7037,0.0,0.0,0.0,0.0,506.0,0.0,521.52,100.0,0.0,673.75,250.0,24.9975,0.0,6.6375,673.95,0.0,0.0,0.037,685.25,0.0003,100.0,0.0,0.057,0.0,100.0,0.0,100.0,0.0,0.0,1035.6,999.9,0.0,0.294,84.6825,685.25,71.3891,0.0,670.3,0.0,723.44,1881.72,617.64,50.0,0.3151,0.0347,1035.6,0.7,506.0,640.24,24.137,676.85,680.15,0.0,0.0,0.0,0.0236,0.681,0.0,0.0,0.037,180.0,0.0,0.0,0.271,2.6,26.555,0.0184,1000.0,1.0,65.1165,566.35,50.0,144.265,0.0,0.0,100.0,0.0176,600.54,46.4445,0.0,3000.0,24.9975,-13.841,673.75,177.385,9.9998,0.0,0.0,0.0,1652.5,284.13,96.08,71.3891,0.0,2.6655,0.0,0.06,0.0,20.5814,0.0,364.23,0.4381,521.52,17.5868,0.5,0.0,0.0,0.0,2.6038,0.0,250.0,100.0,34.23,0.0,50.0,0.0,1904.8999,2200.0,685.25,46.4445,26.91,1.76,349.15,349.15,57.525,0.0,180.0,1.002,0.0,0.015,86.725,0.0,0.0,0.0,50.0,0.0,74.9939,0.0,0.0,0.0209,0.0,24.9975,0.037,615.75,0.0,252.65,0.0,6.6375,42.6488,50.0,82.05,25.0,630.05,50.0,0.0,0.0,0.0142,999.9,0.0,20.5814,0.0,100.0,539.0,0.4632,20.0,0.0,0.0,17.064,0.5,539.0,0.0,0.06,589.5825,0.0143,0.0209,2.6038,211.56,0.0,492.56,0.0,616.56,354.9283,0.0,2.6655,75.54,177.385,9.0919,26.49,100.0,520.0,85.0425,332.08,5999.7334,0.7,26.91,85.275,0.0,39.7037,24.9975,100.0,0.0,0.037,0.0,83.58,600.0,65.1165,589.5825,617.64,100.0,0.0,364.23,100.0,100.0,9.0919,9.9998,0.0,0.0,0.0,100.0,615.75,0.0,20.5783,0.0,0.275,1.427,0.0,0.0,0.0,34.23,0.0,0.0,0.037,685.24,100.0,1881.8999,521.51,25.99,0.0,38.0,4.6125,0.0,74.9939,6.6375,82.4925,710.0,17.5868,0.0,0.0,0.15,0.3151,590.0,5.0,673.6,0.0,0.037,0.0003,2.6,177.385,0.0,0.0003,0.0,521.5,521.51,673.95,521.52
57.5625,211.56,0.0,211.56,0.727,75.5411,722.96,24.9975,0.0,618.66,24.137,0.0,110.0,268.2,484.0,493.695,88.0,0.0,0.0,364.2,0.0,0.0,9.9998,0.0,96.08,0.0,50.0,180.0,0.0,0.0,0.0,75.5411,673.5,23.6116,0.0,100.0,0.0,1577.0,589.55,34.355,177.385,100.0,177.385,490.725,17.064,25.48,177.385,100.0,0.0,0.0,0.0,0.0,9.1899,24.9975,100.0,1881.72,0.0,521.695,-1.0,0.0,0.0,60.0,50100.0,25.04,0.0,0.0,17.064,177.385,0.0,491.715,0.4632,0.0,5000.0,5.0,600.54,0.015,0.0,100.0,642.52,521.7,49.925,0.0,0.0,0.0,1796.5399,0.0,589.55,667.4,0.0,211.56,0.037,100.0,0.0,100.16,100.0,9900.0,1.4111,100.0,41.2399,0.0,0.0,0.0,0.0,484.0,0.0,521.695,100.0,0.0,673.5,250.0,24.9975,0.0,6.6375,673.75,0.0,0.0,0.037,685.25,0.0002,100.0,0.0,0.0542,0.0,100.0,0.0,100.0,0.0,0.0,1033.7999,999.9,0.0,0.294,84.6375,685.25,71.3718,0.0,670.3,0.0,722.96,1881.72,618.66,50.0,0.3151,0.0346,1033.7999,0.7,484.0,641.32,23.6116,676.85,680.1,0.0,0.0,0.0,0.0237,0.681,0.0,0.0,0.037,180.0,0.0,0.0,0.257,2.6,26.555,0.0185,1000.0,1.0,65.0969,566.1,50.0,144.177,0.0,0.0,100.0,0.0177,600.66,47.423,0.0,3000.0,24.9975,-13.962,673.5,177.385,9.9998,0.0,0.0,0.0,1577.0,283.9725,96.08,71.3718,0.0,2.6632,0.0,0.057,0.0,20.6028,0.0,364.23,0.4381,521.695,17.5851,0.5,0.0,0.0,0.0,2.6038,0.0,250.0,100.0,34.295,0.0,50.0,0.0,1796.5399,2200.0,685.25,47.423,26.91,1.76,348.8,348.8,57.5625,0.0,180.0,1.002,0.0,0.015,86.775,0.0,0.0,0.0,50.0,0.0,74.9892,0.0,0.0,0.021,0.0,24.9975,0.037,613.95,0.0,252.675,0.0,6.6375,39.5325,50.0,82.035,25.0,629.3,50.0,0.0,0.0,0.0143,999.9,0.0,20.6028,0.0,100.0,506.0,0.4632,20.0,0.0,0.0,16.884,0.5,506.0,0.0,0.057,589.55,0.0143,0.021,2.6038,211.56,0.0,492.71,0.0,617.64,354.584,0.0,2.6632,75.54,177.385,9.0793,26.49,100.0,520.0,85.05,332.08,5999.7334,0.7,26.91,85.3125,0.0,41.2399,24.9975,100.0,0.0,0.037,0.0,83.61,600.0,65.0969,589.55,618.66,100.0,0.0,364.23,100.0,100.0,9.0793,9.9998,0.0,0.0,0.0,100.0,613.95,0.0,20.5846,0.0,0.275,1.43,0.0,0.0,0.0,34.295,0.0,0.0,0.037,685.24,100.0,1881.72,521.69,25.99,0.0,38.0,4.7203,0.0,74.9892,6.6375,82.44,710.0,17.5851,0.0,0.0,0.15,0.3151,590.0,5.0,673.6,0.0,0.037,0.0002,2.6,177.385,0.0,0.0002,0.0,521.7,521.69,673.75,521.695
57.525,211.56,0.0,211.56,0.728,75.5411,721.92,24.9975,0.0,619.62,23.6116,0.0,110.0,267.95,462.0,493.875,88.0,0.0,0.0,364.17,0.0,0.0,9.9998,0.0,96.08,0.0,50.0,180.0,0.0,0.0,0.0,75.5411,673.3,23.0893,0.0,100.0,0.0,1552.0,589.5175,34.42,177.385,100.0,177.385,490.905,16.884,25.48,177.385,100.0,0.0,0.0,0.0,0.0,9.1828,24.9975,100.0,1881.72,0.0,521.835,-1.0,0.0,0.0,60.0,50100.0,25.04,0.0,0.0,16.884,177.385,0.0,491.895,0.4632,0.0,5000.0,5.0,600.66,0.0151,0.0,100.0,643.6,521.85,49.925,0.0,0.0,0.0,1713.12,0.0,589.5175,666.95,0.0,211.56,0.037,100.0,0.0,100.16,100.0,9900.0,1.4112,100.0,42.7254,0.0,0.0,0.0,0.0,462.0,0.0,521.835,100.0,0.0,673.3,250.0,24.9975,0.0,6.635,673.5,0.0,0.0,0.037,685.2125,0.0002,100.0,0.0,0.0513,0.0,100.0,0.0,100.0,0.0,0.0,1030.7999,999.9,0.0,0.294,84.6075,685.2,71.3597,0.0,670.3,0.0,721.92,1881.5399,619.62,50.0,0.3151,0.0346,1030.7999,0.7,462.0,642.4,23.0893,676.85,680.1,0.0,0.0,0.0,0.0238,0.681,0.0,0.0,0.037,180.0,0.0,0.0,0.242,2.6,26.555,0.0186,1000.0,1.0,65.0811,565.45,50.0,144.1,0.0,0.0,100.0,0.0179,600.48,48.4148,0.0,3000.0,24.9975,-14.072,673.3,177.385,9.9998,0.0,0.0,0.0,1552.0,283.86,96.08,71.3597,0.0,2.658,0.0,0.0542,0.0,20.6246,0.0,364.2,0.4381,521.835,17.5813,0.5,0.0,0.0,0.0,2.6026,0.0,250.0,100.0,34.355,0.0,50.0,0.0,1713.12,2200.0,685.2,48.4148,26.91,1.76,348.5,348.5,57.6,0.0,180.0,1.0019,0.0,0.0151,86.325,0.0,0.0,0.0,50.0,0.0,74.9889,0.0,0.0,0.0211,0.0,24.9975,0.037,612.15,0.0,252.7,0.0,6.635,36.4162,50.0,82.0575,25.0,628.55,50.0,0.0,0.0,0.0144,999.9,0.0,20.6246,0.0,100.0,484.0,0.4632,20.0,0.0,0.0,16.728,0.5,484.0,0.0,0.0542,589.5175,0.0144,0.0211,2.6026,211.56,0.0,492.89,0.0,618.66,354.6528,0.0,2.658,75.54,177.385,9.069,26.49,100.0,520.0,85.0125,332.12,5999.7334,0.7,26.91,85.32,0.0,42.7254,24.9975,100.0,0.0,0.037,0.0,83.625,600.0,65.0811,589.5175,619.62,100.0,0.0,364.2,100.0,100.0,9.069,9.9998,0.0,0.0,0.0,100.0,612.15,0.0,20.6062,0.0,0.275,1.433,0.0,0.0,0.0,34.355,0.0,0.0,0.037,685.2,100.0,1881.72,521.84,25.99,0.0,38.0,3.9344,0.0,74.9889,6.635,82.3875,710.0,17.5813,0.0,0.0,0.15,0.3151,590.0,5.0,673.55,0.0,0.037,0.0002,2.6,177.385,0.0,0.0002,0.0,521.85,521.84,673.5,521.835
57.525,211.56,0.0,211.56,0.728,75.5411,721.92,24.9975,0.0,620.55,23.0893,0.0,110.0,267.75,429.0,494.01,88.0,0.0,0.0,364.17,0.0,0.0,9.9998,0.0,96.08,0.0,50.0,180.0,0.0,0.0,0.0,75.5411,673.1,22.5705,0.0,100.0,0.0,1425.25,589.485,34.485,177.385,100.0,177.385,491.04,16.728,25.48,177.385,100.0,0.0,0.0,0.0,0.0,9.1823,24.9975,100.0,1881.5399,0.0,522.01,-1.0,0.0,0.0,60.0,50100.0,25.04,0.0,0.0,16.728,177.385,0.0,492.03,0.4632,0.0,5000.0,5.0,600.48,0.0152,0.0,100.0,644.56,522.0,49.925,0.0,0.0,0.0,1572.9399,0.0,589.485,666.5,0.0,211.56,0.037,100.0,0.0,100.16,100.0,9900.0,1.4113,100.0,44.4903,0.0,0.0,0.0,0.0,429.0,0.0,522.01,100.0,0.0,673.1,250.0,24.9975,0.0,6.635,673.3,0.0,0.0,0.037,685.2125,0.0002,100.0,0.0,0.0489,0.0,100.0,0.0,100.0,0.0,0.0,1030.7999,999.9,0.0,0.294,84.555,685.2,71.3411,0.0,670.3,0.0,721.92,1881.5399,620.55,50.0,0.3151,0.0345,1030.7999,0.7,429.0,643.4,22.5705,676.85,680.1,0.0,0.0,0.0,0.0238,0.681,0.0,0.0,0.037,180.0,0.0,0.0,0.228,2.6,26.555,0.0186,1000.0,1.0,65.0618,565.2,50.0,144.023,0.0,0.0,100.0,0.0179,600.42,49.4722,0.0,3000.0,24.9975,-14.1655,673.1,177.385,9.9998,0.0,0.0,0.0,1425.25,283.7925,96.08,71.3411,0.0,2.658,0.0,0.0513,0.0,20.6469,0.0,364.17,0.4381,522.01,17.5808,0.5,0.0,0.0,0.0,2.6026,0.0,250.0,100.0,34.42,0.0,50.0,0.0,1572.9399,2200.0,685.2,49.4722,26.91,1.76,348.15,348.15,57.6,0.0,180.0,1.0019,0.0,0.0152,86.825,0.0,0.0,0.0,50.0,0.0,74.9857,0.0,0.0,0.0212,0.0,24.9975,0.037,610.35,0.0,252.7,0.0,6.635,33.2887,50.0,82.0125,25.0,627.75,50.0,0.0,0.0,0.0145,999.9,0.0,20.6469,0.0,100.0,462.0,0.4632,20.0,0.0,0.0,16.572,0.5,462.0,0.0,0.0513,589.485,0.0145,0.0212,2.6026,211.56,0.0,493.04,0.0,619.62,354.274,0.0,2.658,75.54,177.385,9.0562,26.49,100.0,520.0,85.05,332.16,5999.7334,0.7,26.91,85.3575,0.0,44.4903,24.9975,100.0,0.0,0.037,0.0,83.625,600.0,65.0618,589.485,620.55,100.0,0.0,364.17,100.0,100.0,9.0562,9.9998,0.0,0.0,0.0,100.0,610.35,0.0,20.6283,0.0,0.275,1.435,0.0,0.0,0.0,34.42,0.0,0.0,0.037,685.2,100.0,1881.5399,522.02,25.99,0.0,38.0,4.4141,0.0,74.9857,6.635,82.4025,710.0,17.5808,0.0,0.0,0.15,0.3151,590.0,5.0,673.55,0.0,0.037,0.0002,2.6,177.385,0.0,0.0002,0.0,522.0,522.02,673.3,522.01
57.525,211.56,0.0,211.56,0.728,75.5411,720.8,24.9975,0.0,621.42,22.5705,0.0,110.0,267.5,407.0,494.19,88.0,0.0,0.0,364.14,0.0,0.0,9.9998,0.0,96.08,0.0,50.0,180.0,0.0,0.0,0.0,75.5411,672.9,22.0515,0.0,100.0,0.0,1395.0,589.485,34.55,177.385,100.0,177.385,491.175,16.572,25.48,177.385,100.0,0.0,0.0,0.0,0.0,9.1751,24.9975,100.0,1881.5399,0.0,522.185,-1.0,0.0,0.0,60.0,50100.0,25.04,0.0,0.0,16.572,177.385,0.0,492.165,0.4632,0.0,5000.0,5.0,600.42,0.0152,0.0,100.0,645.56,522.15,49.925,0.0,0.0,0.0,1484.36,0.0,589.485,666.0,0.0,211.56,0.037,100.0,0.0,100.16,100.0,9900.0,1.4114,100.0,46.1407,0.0,0.0,0.0,0.0,407.0,0.0,522.185,100.0,0.0,672.9,250.0,24.9975,0.0,6.635,673.1,0.0,0.0,0.037,685.175,0.0002,100.0,0.0,0.0465,0.0,100.0,0.0,100.0,0.0,0.0,1027.2,999.9,0.0,0.294,84.585,685.2,71.3312,0.0,670.3,0.0,720.8,1881.36,621.42,50.0,0.3151,0.0345,1027.2,0.7,407.0,644.36,22.0515,676.85,680.1,0.0,0.0,0.0,0.0239,0.681,0.0,0.0,0.037,180.0,0.0,0.0,0.215,2.6,26.555,0.0187,1000.0,1.0,65.0477,565.0,50.0,143.946,0.0,0.0,100.0,0.018,600.24,50.5328,0.0,3000.0,24.9975,-14.259,672.9,177.385,9.9998,0.0,0.0,0.0,1395.0,283.9725,96.08,71.3312,0.0,2.6528,0.0,0.0489,0.0,20.6547,0.0,364.17,0.4381,522.185,17.5796,0.5,0.0,0.0,0.0,2.6016,0.0,250.0,100.0,34.485,0.0,50.0,0.0,1484.36,2200.0,685.2,50.5328,26.91,1.76,347.85,347.85,57.525,0.0,180.0,1.0017,0.0,0.0152,86.375,0.0,0.0,0.0,50.0,0.0,74.9862,0.0,0.0,0.0213,0.0,24.9975,0.037,608.6,0.0,252.725,0.0,6.635,30.1725,50.0,82.005,25.0,627.0,50.0,0.0,0.0,0.0145,999.9,0.0,20.6547,0.0,100.0,429.0,0.4632,20.0,0.0,0.0,16.44,0.5,429.0,0.0,0.0489,589.485,0.0145,0.0213,2.6016,211.56,0.0,493.19,0.0,620.55,353.4819,0.0,2.6528,75.54,177.385,9.0478,26.49,100.0,520.0,85.005,332.2,5999.7334,0.7,26.91,85.32,0.0,46.1407,24.9975,100.0,0.0,0.037,0.0,83.5875,600.0,65.0477,589.485,621.42,100.0,0.0,364.17,100.0,100.0,9.0478,9.9998,0.0,0.0,0.0,100.0,608.6,0.0,20.6508,0.0,0.275,1.438,0.0,0.0,0.0,34.485,0.0,0.0,0.037,685.2,100.0,1881.5399,522.17,25.99,0.0,38.0,4.6344,0.0,74.9862,6.635,82.35,710.0,17.5796,0.0,0.0,0.15,0.3151,590.0,5.0,673.55,0.0,0.037,0.0002,2.6,177.385,0.0,0.0002,0.0,522.15,522.17,673.1,522.185
57.5625,211.56,0.0,211.56,0.727,75.5411,720.72,24.9975,0.0,622.26,22.0515,0.0,110.0,267.25,385.0,494.325,88.0,0.0,0.0,364.14,0.0,0.0,9.9998,0.0,96.08,0.0,50.0,180.0,0.0,0.0,0.0,75.5411,672.65,21.5363,0.0,100.0,0.0,1266.5,589.4525,34.615,177.385,100.0,177.385,491.355,16.44,25.48,177.385,100.0,0.0,0.0,0.0,0.0,9.1751,24.9975,100.0,1881.36,0.0,522.36,-1.0,0.0,0.0,60.0,50100.0,25.04,0.0,0.0,16.44,177.385,0.0,492.345,0.4632,0.0,5000.0,5.0,600.24,0.0153,0.0,100.0,646.44,522.35,49.925,0.0,0.0,0.0,1347.62,0.0,589.4525,665.55,0.0,211.56,0.037,100.0,0.0,100.16,100.0,9900.0,1.4114,100.0,48.0669,0.0,0.0,0.0,0.0,385.0,0.0,522.36,100.0,0.0,672.65,250.0,24.9975,0.0,6.6325,672.9,0.0,0.0,0.037,685.175,0.0002,100.0,0.0,0.0445,0.0,100.0,0.0,100.0,0.0,0.0,1027.2,999.9,0.0,0.294,84.5775,685.15,71.3149,0.0,670.3,0.0,720.72,1881.36,622.26,50.0,0.3151,0.0344,1027.2,0.7,385.0,645.24,21.5363,676.85,680.1,0.0,0.0,0.0,0.0239,0.681,0.0,0.0,0.037,180.0,0.0,0.0,0.202,2.6,26.555,0.0188,1000.0,1.0,65.0301,564.3,50.0,143.869,0.0,0.0,100.0,0.0181,600.24,51.6542,0.0,3000.0,24.9975,-14.336,672.65,177.385,9.9998,0.0,0.0,0.0,1266.5,283.1175,96.08,71.3149,0.0,2.6528,0.0,0.0465,0.0,20.6776,0.0,364.14,0.4381,522.36,17.5801,0.5,0.0,0.0,0.0,2.6014,0.0,250.0,100.0,34.55,0.0,50.0,0.0,1347.62,2200.0,685.15,51.6542,26.91,1.76,347.5,347.5,57.6375,0.0,180.0,1.0017,0.0,0.0153,86.55,0.0,0.0,0.0,50.0,0.0,74.9849,0.0,0.0,0.0214,0.0,24.9975,0.037,606.8,0.0,252.75,0.0,6.6325,27.0562,50.0,82.0125,25.0,626.25,50.0,0.0,0.0,0.0146,999.9,0.0,20.6776,0.0,100.0,407.0,0.4632,20.0,0.0,0.0,16.296,0.5,407.0,0.0,0.0465,589.4525,0.0146,0.0214,2.6014,211.56,0.0,493.34,0.0,621.42,353.2753,0.0,2.6528,75.54,177.385,9.0365,26.49,100.0,520.0,84.975,332.24,5999.7334,0.7,26.91,85.365,0.0,48.0669,24.9975,100.0,0.0,0.037,0.0,83.5725,600.0,65.0301,589.4525,622.26,100.0,0.0,364.14,100.0,100.0,9.0365,9.9998,0.0,0.0,0.0,100.0,606.8,0.0,20.6586,0.0,0.275,1.44,0.0,0.0,0.0,34.55,0.0,0.0,0.037,685.16,100.0,1881.36,522.35,25.99,0.0,38.0,4.3031,0.0,74.9849,6.6325,82.3875,710.0,17.5801,0.0,0.0,0.15,0.3151,590.0,5.0,673.55,0.0,0.037,0.0002,2.6,177.385,0.0,0.0002,0.0,522.35,522.35,672.9,522.36
57.5625,211.56,0.0,211.56,0.726,75.5396,719.84,24.9975,0.0,623.04,21.5363,0.0,110.0,267.05,352.0,494.505,88.0,0.0,0.0,364.14,0.0,0.0,9.9998,0.0,96.08,0.0,50.0,180.0,0.0,0.0,0.0,75.5396,672.45,21.0213,0.0,100.0,0.0,1219.5,589.42,34.68,177.385,100.0,177.385,491.49,16.296,25.48,177.385,100.0,0.0,0.0,0.0,0.0,9.1701,24.9975,100.0,1881.36,0.0,522.5,-1.0,0.0,0.0,60.0,50000.0,25.04,0.0,0.0,16.296,177.385,0.0,492.48,0.4632,0.0,5000.0,5.0,600.24,0.0153,0.0,100.0,647.32,522.5,49.925,0.0,0.0,0.0,1254.74,0.0,589.42,665.1,0.0,211.56,0.037,100.0,0.0,100.14,100.0,9900.0,1.4115,100.0,49.9179,0.0,0.0,0.0,0.0,352.0,0.0,522.5,100.0,0.0,672.45,250.0,24.9975,0.0,6.6325,672.65,0.0,0.0,0.037,685.175,0.0001,100.0,0.0,0.0425,0.0,100.0,0.0,100.0,0.0,0.0,1024.7999,999.9,0.0,0.294,84.555,685.15,71.3051,0.0,670.25,0.0,719.84,1881.36,623.04,50.0,0.3151,0.0344,1024.7999,0.7,352.0,646.16,21.0213,676.8,680.1,0.0,0.0,0.0,0.0239,0.681,0.0,0.0,0.037,180.0125,0.0,0.0,0.189,2.6,26.555,0.0188,1000.0,1.0,65.017,563.85,50.0,143.792,0.0,0.0,100.0,0.0182,600.0,52.7834,0.0,3000.0,24.9975,-14.4185,672.45,177.385,9.9998,0.0,0.0,0.0,1219.5,283.14,96.08,71.3051,0.0,2.6482,0.0,0.0445,0.0,20.7009,0.0,364.14,0.4381,522.5,17.5791,0.5,0.0,0.0,0.0,2.6014,0.0,250.0,100.0,34.615,0.0,50.0,0.0,1254.74,2200.0,685.15,52.7834,26.91,1.76,347.2,347.2,57.525,0.0,180.0125,1.0016,0.0,0.0153,86.85,0.0,0.0,0.0,50.0,0.0,74.9832,0.0,0.0,0.0214,0.0,24.9975,0.037,605.0,0.0,252.775,0.0,6.6325,23.9287,50.0,81.99,25.0,625.5,50.0,0.0,0.0,0.0146,999.9,0.0,20.7009,0.0,100.0,385.0,0.4632,20.0,0.0,0.0,16.164,0.5,385.0,0.0,0.0445,589.42,0.0146,0.0214,2.6014,211.56,0.0,493.49,0.0,622.26,353.3786,0.0,2.6482,75.54,177.385,9.0282,26.49,100.0,520.0,84.975,332.24,5999.7334,0.7,26.91,85.4025,0.0,49.9179,24.9975,100.0,0.0,0.037,0.0,83.6025,600.0,65.017,589.42,623.04,100.0,0.0,364.14,100.0,100.0,9.0282,9.9998,0.0,0.0,0.0,100.0,605.0,0.0,20.6817,0.0,0.275,1.443,0.0,0.0,0.0,34.615,0.0,0.0,0.037,685.16,100.0,1881.36,522.53,25.99,0.0,38.0,4.4797,0.0,74.9832,6.6325,82.3725,710.0,17.5791,0.0,0.0,0.15,0.3151,590.0,5.0,673.55,0.0,0.037,0.0001,2.6,177.385,0.0,0.0001,0.0,522.5,522.53,672.65,522.5
57.5625,211.56,0.0,211.56,0.725,75.5391,719.6,24.9975,0.0,623.79,21.0213,0.0,110.0,266.8,330.0,494.64,88.0,0.0,0.0,364.11,0.0,0.0,9.9998,0.0,96.08,0.0,50.0,180.0,0.0,0.0,0.0,75.5391,672.25,20.5104,0.0,100.0,0.0,1121.5,589.42,34.74,177.385,100.0,177.385,491.67,16.164,25.48,177.385,100.0,0.0,0.0,0.0,0.0,9.1679,24.9975,100.0,1881.36,0.0,522.675,-1.0,0.0,0.0,60.0,50000.0,25.04,0.0,0.0,16.164,177.385,0.0,492.66,0.4632,0.0,5000.0,5.0,600.0,0.0154,0.0,100.0,648.16,522.65,49.925,0.0,0.0,0.0,1136.9199,0.0,589.42,664.65,0.0,211.56,0.037,100.0,0.0,100.14,100.0,9900.0,1.4115,100.0,51.9434,0.0,0.0,0.0,0.0,330.0,0.0,522.675,100.0,0.0,672.25,250.0,24.9975,0.0,6.6325,672.45,0.0,0.0,0.037,685.1375,0.0001,100.0,0.0,0.0409,0.0,100.0,0.0,100.0,0.0,0.0,1023.6,999.9,0.0,0.294,84.5475,685.15,71.2916,0.0,670.25,0.0,719.6,1881.1799,623.79,50.0,0.3151,0.0343,1023.6,0.7,330.0,646.96,20.5104,676.8,680.1,0.0,0.0,0.0,0.024,0.681,0.0,0.0,0.037,180.0125,0.0,0.0,0.176,2.6,26.555,0.0189,1000.0,1.0,65.0024,564.25,50.0,143.704,0.0,0.0,100.0,0.0183,600.18,53.9578,0.0,3000.0,24.9975,-14.4955,672.25,177.385,9.9998,0.0,0.0,0.0,1121.5,283.2075,96.08,71.2916,0.0,2.6467,0.0,0.0425,0.0,20.7097,0.0,364.14,0.4381,522.675,17.5811,0.5,0.0,0.0,0.0,2.6014,0.0,250.0,100.0,34.68,0.0,50.0,0.0,1136.9199,2200.0,685.15,53.9578,26.91,1.76,346.9,346.9,57.6,0.0,180.0125,1.0016,0.0,0.0154,86.8,0.0,0.0,0.0,50.0,0.0,74.9814,0.0,0.0,0.0214,0.0,24.9975,0.037,603.2,0.0,252.775,0.0,6.6325,20.8125,50.0,81.9675,25.0,624.75,50.0,0.0,0.0,0.0147,999.9,0.0,20.7097,0.0,100.0,352.0,0.4632,20.0,0.0,0.0,16.038,0.5,352.0,0.0,0.0425,589.42,0.0147,0.0215,2.6014,211.56,0.0,493.67,0.0,623.04,353.6197,0.0,2.6467,75.54,177.385,9.0193,26.49,100.0,520.0,84.9975,332.28,5999.7334,0.7,26.91,85.41,0.0,51.9434,24.9975,100.0,0.0,0.037,0.0,83.5875,600.0,65.0024,589.42,623.79,100.0,0.0,364.14,100.0,100.0,9.0193,9.9998,0.0,0.0,0.0,100.0,603.2,0.0,20.7053,0.0,0.275,1.445,0.0,0.0,0.0,34.68,0.0,0.0,0.037,685.16,100.0,1881.36,522.68,25.99,0.0,38.0,4.5766,0.0,74.9814,6.6325,82.35,710.0,17.5811,0.0,0.0,0.15,0.3151,590.0,5.0,673.55,0.0,0.037,0.0001,2.6,177.385,0.0,0.0001,0.0,522.65,522.68,672.45,522.675
57.525,211.56,0.0,211.56,0.723,75.5386,719.6,24.9975,0.0,624.54,20.5104,0.0,110.0,266.6,297.0,494.82,88.0,0.0,0.0,364.11,0.0,0.0,9.9998,0.0,96.08,0.0,50.0,180.0,0.0,0.0,0.0,75.5386,672.05,20.0001,0.0,100.0,0.0,995.75,589.3875,34.805,177.385,100.0,177.385,491.805,16.038,25.48,177.385,100.0,0.0,0.0,0.0,0.0,9.1679,24.9975,100.0,1881.1799,0.0,522.85,-1.0,0.0,0.0,60.0,50000.0,25.04,0.0,0.0,16.038,177.385,0.0,492.795,0.4632,0.0,5000.0,5.0,600.18,0.0154,0.0,100.0,648.96,522.85,49.925,0.0,0.0,0.0,1009.64,0.0,589.3875,664.2,0.0,211.56,0.037,100.0,0.0,100.14,100.0,9900.0,1.4116,100.0,54.1363,0.0,0.0,0.0,0.0,297.0,0.0,522.85,100.0,0.0,672.05,250.0,24.9975,0.0,6.6325,672.25,0.0,0.0,0.037,685.1375,0.0001,100.0,0.0,0.0395,0.0,100.0,0.0,100.0,0.0,0.0,1023.6,999.9,0.0,0.294,84.585,685.15,71.2766,0.0,670.25,0.0,719.6,1881.1799,624.54,50.0,0.3151,0.0343,1023.6,0.7,297.0,647.76,20.0001,676.8,680.1,0.0,0.0,0.0,0.024,0.681,0.0,0.0,0.037,180.0125,0.0,0.0,0.164,2.6,26.555,0.019,1000.0,1.0,64.9868,563.0,50.0,143.616,0.0,0.0,100.0,0.0184,600.12,55.1733,0.0,3000.0,24.9975,-14.567,672.05,177.385,9.9998,0.0,0.0,0.0,995.75,283.1625,96.08,71.2766,0.0,2.6467,0.0,0.0409,0.0,20.7335,0.0,364.11,0.4381,522.85,17.5788,0.5,0.0,0.0,0.0,2.6014,0.0,250.0,100.0,34.74,0.0,50.0,0.0,1009.64,2200.0,685.15,55.1733,26.91,1.76,346.6,346.6,57.5625,0.0,180.0125,1.0015,0.0,0.0154,86.15,0.0,0.0,0.0,50.0,0.0,74.9797,0.0,0.0,0.0215,0.0,24.9975,0.037,601.4,0.0,252.8,0.0,6.6325,17.6962,50.0,81.9975,25.0,624.0,50.0,0.0,0.0,0.0147,999.9,0.0,20.7335,0.0,100.0,330.0,0.4632,20.0,0.0,0.0,15.9,0.5,330.0,0.0,0.0409,589.3875,0.0147,0.0215,2.6014,211.56,0.0,493.82,0.0,623.79,353.1031,0.0,2.6467,75.535,177.385,9.0095,26.49,100.0,520.0,84.96,332.28,5999.7334,0.7,26.91,85.35,0.0,55.1384,24.9975,100.0,0.0,0.037,0.0,83.6025,600.0,64.9868,589.3875,624.54,100.0,0.0,364.11,100.0,100.0,9.0095,9.9998,0.0,0.0,0.0,100.0,601.4,0.0,20.7141,0.0,0.275,1.447,0.0,0.0,0.0,34.74,0.0,0.0,0.037,685.12,100.0,1881.1799,522.86,25.99,0.0,38.0,4.725,0.0,74.9797,6.6325,82.3425,710.0,17.5788,0.0,0.0,0.15,0.3151,590.0,5.0,673.55,0.0,0.037,0.0001,2.6,177.385,0.0,0.0001,0.0,522.85,522.86,672.25,522.85
57.6375,211.56,0.0,211.56,0.721,75.5411,718.88,24.9975,0.0,625.23,20.0001,0.0,110.0,266.4,275.0,494.955,88.0,0.0,0.0,364.08,0.0,0.0,9.9998,0.0,96.08,0.0,50.0,180.0,0.0,0.0,0.0,75.5411,671.85,19.4868,0.0,100.0,0.0,931.75,589.355,34.87,177.385,100.0,177.385,491.985,15.9,25.48,177.385,100.0,0.0,0.0,0.0,0.0,9.163,24.9975,100.0,1881.1799,0.0,523.025,-1.0,0.0,0.0,60.0,50000.0,25.04,0.0,0.0,15.9,177.385,0.0,492.975,0.4632,0.0,5000.0,5.0,600.12,0.0155,0.0,100.0,649.72,523.0,49.925,0.0,0.0,0.0,911.6,0.0,589.355,663.7,0.0,211.56,0.037,100.0,0.0,100.14,100.0,9900.0,1.4117,100.0,56.3005,0.0,0.0,0.0,0.0,275.0,0.0,523.025,100.0,0.0,671.85,250.0,24.9975,0.0,6.63,672.05,0.0,0.0,0.037,685.1375,0.0001,100.0,0.0,0.0382,0.0,100.0,0.0,100.0,0.0,0.0,1021.2,999.9,0.0,0.294,84.585,685.1,71.2672,0.0,670.25,0.0,718.88,1881.1799,625.23,50.0,0.3151,0.0342,1021.2,0.7,275.0,648.52,19.4868,676.8,680.1,0.0,0.0,0.0,0.024,0.681,0.0,0.0,0.037,179.9875,0.0,0.0,0.149,2.6,26.555,0.019,1000.0,1.0,64.975,563.45,50.0,143.517,0.0,0.0,100.0,0.0184,600.12,56.4045,0.0,3000.0,24.9975,-14.6385,671.85,177.385,9.9998,0.0,0.0,0.0,931.75,283.14,96.08,71.2672,0.0,2.643,0.0,0.0395,0.0,20.7578,0.0,364.11,0.4381,523.025,17.5788,0.5,0.0,0.0,0.0,2.6008,0.0,250.0,100.0,34.805,0.0,50.0,0.0,911.6,2200.0,685.1,56.4045,26.91,1.76,346.35,346.35,57.5625,0.0,179.9875,1.0015,0.0,0.0155,86.525,0.0,0.0,0.0,50.0,0.0,74.9802,0.0,0.0,0.0215,0.0,24.9975,0.037,599.6,0.0,252.8,0.0,6.63,14.5687,50.0,81.9975,25.0,623.25,50.0,0.0,0.0,0.0148,999.9,0.0,20.7578,0.0,100.0,297.0,0.4632,20.0,0.0,0.0,15.78,0.5,297.0,0.0,0.0395,589.355,0.0148,0.0216,2.6008,211.56,0.0,493.97,0.0,624.54,352.8276,0.0,2.643,75.535,177.385,9.0027,26.49,100.0,520.0,84.9975,332.28,5999.7334,0.7,26.91,85.29,0.0,57.3347,24.9975,100.0,0.0,0.037,0.0,83.5875,600.0,64.975,589.355,625.23,100.0,0.0,364.11,100.0,100.0,9.0027,9.9998,0.0,0.0,0.0,100.0,599.6,0.0,20.7381,0.0,0.275,1.449,0.0,0.0,0.0,34.805,0.0,0.0,0.037,685.12,100.0,1881.1799,523.01,25.99,0.0,38.0,4.3109,0.0,74.9802,6.63,82.305,710.0,17.5788,0.0,0.0,0.15,0.3151,590.0,5.0,673.55,0.0,0.037,0.0001,2.6,177.385,0.0,0.0001,0.0,523.0,523.01,672.05,523.025
57.6,211.56,0.0,211.56,0.717,75.5401,718.8,24.9975,0.0,625.92,19.4868,0.0,110.0,266.2,242.0,495.135,88.0,0.0,0.0,364.08,0.0,0.0,9.9998,0.0,96.08,0.0,50.0,180.0,0.0,0.0,0.0,75.5401,671.6,18.978,0.0,100.0,0.0,806.75,589.355,34.935,177.385,100.0,177.385,492.12,15.78,25.48,177.385,100.0,0.0,0.0,0.0,0.0,9.163,24.9975,100.0,1881.1799,0.0,523.2,-1.0,0.0,0.0,60.0,50000.0,25.04,0.0,0.0,15.78,177.385,0.0,493.155,0.4632,0.0,5000.0,5.0,600.12,0.0155,0.0,100.0,650.44,523.2,49.925,0.0,0.0,0.0,789.48,0.0,589.355,663.25,0.0,211.56,0.037,100.0,0.0,100.14,100.0,9900.0,1.4118,100.0,58.6813,0.0,0.0,0.0,0.0,242.0,0.0,523.2,100.0,0.0,671.6,250.0,24.9975,0.0,6.63,671.85,0.0,0.0,0.037,685.1,0.0001,100.0,0.0,0.0372,0.0,100.0,0.0,100.0,0.0,0.0,1021.2,999.9,0.0,0.294,84.585,685.1,71.2539,0.0,670.25,0.0,718.8,1881.0,625.92,50.0,0.3151,0.0342,1021.2,0.7,242.0,649.24,18.978,676.8,680.1,0.0,0.0,0.0,0.024,0.681,0.0,0.0,0.037,180.0,0.0,0.0,0.135,2.6,26.555,0.0191,1000.0,1.0,64.9607,562.8,50.0,143.418,0.0,0.0,100.0,0.0185,600.12,57.6818,0.0,3000.0,24.9975,-14.7045,671.6,177.385,9.9998,0.0,0.0,0.0,806.75,282.735,96.08,71.2539,0.0,2.643,0.0,0.0382,0.0,20.7676,0.0,364.08,0.4381,523.2,17.5783,0.5,0.0,0.0,0.0,2.6008,0.0,250.0,100.0,34.87,0.0,50.0,0.0,789.48,2200.0,685.1,57.6818,26.91,1.76,346.05,346.05,57.525,0.0,180.0,1.0014,0.0,0.0155,86.1,0.0,0.0,0.0,50.0,0.0,74.9792,0.0,0.0,0.0216,0.0,24.9975,0.037,597.8,0.0,252.825,0.0,6.63,11.4525,50.0,81.9825,25.0,622.5,50.0,0.0,0.0,0.0148,999.9,0.0,20.7676,0.0,100.0,275.0,0.4632,20.0,0.0,0.0,15.648,0.5,275.0,0.0,0.0382,589.355,0.0148,0.0216,2.6008,211.56,0.0,494.15,0.0,625.23,352.8965,0.0,2.643,75.535,177.385,8.9938,26.49,100.0,520.0,84.975,332.32,5999.7334,0.7,26.91,85.32,0.0,59.7779,24.9975,100.0,0.0,0.037,0.0,83.6025,600.0,64.9607,589.355,625.92,100.0,0.0,364.08,100.0,100.0,8.9938,9.9998,0.0,0.0,0.0,100.0,597.8,0.0,20.7627,0.0,0.275,1.451,0.0,0.0,0.0,34.87,0.0,0.0,0.037,685.12,100.0,1881.1799,523.19,25.99,0.0,38.0,4.75,0.0,74.9792,6.63,82.32,710.0,17.5783,0.0,0.0,0.15,0.3151,590.0,5.0,673.55,0.0,0.037,0.0001,2.6,177.385,0.0,0.0001,0.0,523.2,523.19,671.85,523.2
57.6,211.56,0.0,211.56,0.714,75.5416,718.0,24.9975,0.0,626.55,18.978,0.0,110.0,266.0,220.0,495.27,88.0,0.0,0.0,364.08,0.0,0.0,9.9998,0.0,96.08,0.0,50.0,180.0,0.0,0.0,0.0,75.5416,671.4,18.4664,0.0,100.0,0.0,737.75,589.3225,34.995,177.385,100.0,177.385,492.3,15.648,25.48,177.385,100.0,0.0,0.0,0.0,0.0,9.158,24.9975,100.0,1881.0,0.0,523.375,-1.0,0.0,0.0,60.0,50000.0,25.04,0.0,0.0,15.648,177.385,0.0,493.29,0.4632,0.0,5000.0,5.0,600.12,0.0156,0.0,100.0,651.16,523.35,49.925,0.0,0.0,0.0,694.88,0.0,589.3225,662.8,0.0,211.56,0.037,100.0,0.0,100.14,100.0,9900.0,1.4118,100.0,61.047,0.0,0.0,0.0,0.0,220.0,0.0,523.375,100.0,0.0,671.4,250.0,24.9975,0.0,6.63,671.6,0.0,0.0,0.037,685.1,0.0,100.0,0.0,0.0363,0.0,100.0,0.0,100.0,0.0,0.0,1018.8,999.9,0.0,0.294,84.5925,685.1,71.2464,0.0,670.25,0.0,718.0,1881.0,626.55,50.0,0.3151,0.0341,1018.8,0.7,220.0,649.96,18.4664,676.8,680.05,0.0,0.0,0.0,0.024,0.681,0.0,0.0,0.037,179.9875,0.0,0.0,0.12,2.6,26.555,0.0191,1000.0,1.0,64.9501,562.65,50.0,143.308,0.0,0.0,100.0,0.0186,599.88,58.9745,0.0,3000.0,24.9975,-14.7705,671.4,177.385,9.9998,0.0,0.0,0.0,737.75,282.6225,96.08,71.2464,0.0,2.6393,0.0,0.0372,0.0,20.7923,0.0,364.08,0.4381,523.375,17.5778,0.5,0.0,0.0,0.0,2.6004,0.0,250.0,100.0,34.935,0.0,50.0,0.0,694.88,2200.0,685.1,58.9745,26.91,1.76,345.8,345.8,57.5625,0.0,179.9875,1.0014,0.0,0.0156,86.575,0.0,0.0,0.0,50.0,0.0,74.9797,0.0,0.0,0.0217,0.0,24.9975,0.037,596.0,0.0,252.825,0.0,6.63,8.3362,50.0,81.9675,25.0,621.75,50.0,0.0,0.0,0.0149,999.9,0.0,20.7923,0.0,100.0,242.0,0.4632,20.0,0.0,0.0,15.534,0.5,242.0,0.0,0.0372,589.3225,0.0149,0.0217,2.6004,211.56,0.0,494.3,0.0,625.92,351.8977,0.0,2.6393,75.535,177.385,8.988,26.49,100.0,520.0,84.9825,332.32,5999.7334,0.7,26.91,85.2825,0.0,62.1782,24.9975,100.0,0.0,0.037,0.0,83.61,600.0,64.9501,589.3225,626.55,100.0,0.0,364.08,100.0,100.0,8.988,9.9998,0.0,0.0,0.0,100.0,596.0,0.0,20.7724,0.0,0.275,1.453,0.0,0.0,0.0,34.935,0.0,0.0,0.037,685.08,100.0,1881.0,523.37,25.99,0.0,38.0,3.8969,0.0,74.9797,6.63,82.2975,710.0,17.5778,0.0,0.0,0.15,0.3151,590.0,5.0,673.55,0.0,0.037,0.0,2.6,177.385,0.0,0.0,0.0,523.35,523.37,671.6,523.375
57.5625,211.56,0.0,211.56,0.709,75.5421,717.92,24.9975,0.0,627.15,18.4664,0.0,110.0,265.8,187.0,495.45,88.0,0.0,0.0,364.08,0.0,0.0,9.9998,0.0,96.08,0.0,50.0,180.0,0.0,0.0,0.0,75.5421,671.2,17.9596,0.0,100.0,0.0,629.0,589.29,35.06,177.385,100.0,177.385,492.435,15.534,25.48,177.385,100.0,0.0,0.0,0.0,0.0,9.158,24.9975,100.0,1881.0,0.0,523.515,-1.0,0.0,0.0,60.0,50000.0,25.04,0.0,0.0,15.534,177.385,0.0,493.47,0.4632,0.0,5000.0,5.0,599.88,0.0156,0.0,100.0,651.8,523.5,49.925,0.0,0.0,0.0,592.54,0.0,589.29,662.3,0.0,211.56,0.037,100.0,0.0,100.14,100.0,9900.0,1.4119,100.0,63.5812,0.0,0.0,0.0,0.0,187.0,0.0,523.515,100.0,0.0,671.2,250.0,24.9975,0.0,6.63,671.4,0.0,0.0,0.037,685.1,0.0,100.0,0.0,0.0357,0.0,100.0,0.0,100.0,0.0,0.0,1018.8,999.9,0.0,0.294,84.5625,685.1,71.2346,0.0,670.25,0.0,717.92,1881.0,627.15,50.0,0.3151,0.0341,1018.8,0.7,187.0,650.6,17.9596,676.8,680.05,0.0,0.0,0.0,0.024,0.681,0.0,0.0,0.037,179.9875,0.0,0.0,0.106,2.6,26.555,0.0192,1000.0,1.0,64.937,561.45,50.0,143.187,0.0,0.0,100.0,0.0187,599.88,60.3004,0.0,3000.0,24.9975,-14.831,671.2,177.385,9.9998,0.0,0.0,0.0,629.0,282.0375,96.08,71.2346,0.0,2.6393,0.0,0.0363,0.0,20.8176,0.0,364.08,0.4381,523.515,17.5803,0.5,0.0,0.0,0.0,2.6002,0.0,250.0,100.0,34.995,0.0,50.0,0.0,592.54,2200.0,685.1,60.3004,26.91,1.76,345.5,345.5,57.5625,0.0,179.9875,1.0013,0.0,0.0156,86.075,0.0,0.0,0.0,50.0,0.0,74.9799,0.0,0.0,0.0217,0.0,24.9975,0.037,594.2,0.0,252.825,0.0,6.63,5.2087,50.0,82.0125,25.0,621.05,50.0,0.0,0.0,0.0149,999.9,0.0,20.8176,0.0,100.0,220.0,0.4632,20.0,0.0,0.0,15.414,0.5,220.0,0.0,0.0363,589.29,0.0149,0.0217,2.6002,211.56,0.0,494.45,0.0,626.55,351.8977,0.0,2.6393,75.54,177.385,8.9802,26.49,100.0,520.0,84.9975,61.6,5999.7334,0.7,26.91,85.2675,0.0,64.7667,24.9975,100.0,0.0,0.037,0.0,83.6025,600.0,64.937,589.29,627.15,100.0,0.0,364.08,100.0,100.0,8.9802,9.9998,0.0,0.0,0.0,100.0,594.2,0.0,20.7975,0.0,0.275,1.455,0.0,0.0,0.0,34.995,0.0,0.0,0.037,685.08,100.0,1881.0,523.52,25.99,0.0,38.0,4.7891,0.0,74.9799,6.63,82.26,710.0,17.5803,0.0,0.0,0.15,0.3151,590.0,5.0,673.5,0.0,0.037,0.0,2.6,177.385,0.0,0.0,0.0,523.5,523.52,671.4,523.515
57.5625,211.56,0.0,211.56,0.703,75.5411,717.2,24.9975,0.0,627.72,17.9596,0.0,110.0,265.6,165.0,495.585,88.0,0.0,0.0,364.05,0.0,0.0,9.9998,0.0,96.08,0.0,50.0,180.0,0.0,0.0,0.0,75.5411,671.0,17.4539,0.0,100.0,0.0,566.0,589.2575,35.125,177.385,100.0,177.385,492.615,15.414,25.48,177.385,100.0,0.0,0.0,0.0,0.0,9.1542,24.9975,100.0,1881.0,0.0,523.69,-1.0,0.0,0.0,60.0,50000.0,25.04,0.0,0.0,15.414,177.385,0.0,493.605,0.4632,0.0,5000.0,5.0,599.88,0.0157,0.0,100.0,652.44,523.7,49.925,0.0,0.0,0.0,514.28,0.0,589.2575,661.85,0.0,211.56,0.037,100.0,0.0,100.12,100.0,9900.0,1.412,100.0,66.1097,0.0,0.0,0.0,0.0,165.0,0.0,523.69,100.0,0.0,671.0,250.0,24.9975,0.0,6.6275,671.2,0.0,0.0,0.037,685.0625,0.0,100.0,0.0,0.0351,0.0,100.0,0.0,100.0,0.0,0.0,1017.0,999.9,0.0,0.294,84.585,685.05,71.2278,0.0,670.25,0.0,717.2,1881.0,627.72,50.0,0.3151,0.0341,1017.0,0.7,165.0,651.24,17.4539,676.8,680.05,0.0,0.0,0.0,0.0239,0.681,0.0,0.0,0.037,180.0,0.0,0.0,0.092,2.6,26.555,0.0192,1000.0,1.0,64.9269,561.1,50.0,143.066,0.0,0.0,100.0,0.0188,599.88,61.6385,0.0,3000.0,24.9975,-14.8915,671.0,177.385,9.9998,0.0,0.0,0.0,566.0,281.925,96.08,71.2278,0.0,2.6363,0.0,0.0357,0.0,20.8434,0.0,364.08,0.4381,523.69,17.5808,0.5,0.0,0.0,0.0,2.6002,0.0,250.0,100.0,35.06,0.0,50.0,0.0,514.28,2200.0,685.05,61.6385,26.91,1.76,345.25,345.25,57.5625,0.0,180.0,1.0013,0.0,0.0157,86.575,0.0,0.0,0.0,50.0,0.0,74.9797,0.0,0.0,0.0218,0.0,24.9975,0.037,592.4,0.0,252.85,0.0,6.6275,2.0925,50.0,81.99,25.0,620.3,50.0,0.0,0.0,0.015,999.9,0.0,20.8434,0.0,100.0,187.0,0.4632,20.0,0.0,0.0,15.3,0.5,187.0,0.0,0.0357,589.2575,0.015,0.0218,2.6002,211.56,0.0,494.63,0.0,627.15,351.8633,0.0,2.6363,75.54,177.385,8.9746,26.49,100.0,520.0,85.02,61.6,5999.7334,0.7,26.91,85.26,0.0,67.3267,24.9975,100.0,0.0,0.037,0.0,83.5575,600.0,64.9269,589.2575,627.72,100.0,0.0,364.08,100.0,100.0,8.9746,9.9998,0.0,0.0,0.0,100.0,592.4,0.0,20.823,0.0,0.275,1.457,0.0,0.0,0.0,35.06,0.0,0.0,0.037,685.08,100.0,1881.0,523.7,25.99,0.0,38.0,4.0797,0.0,74.9797,6.6275,82.2525,710.0,17.5808,0.0,0.0,0.15,0.3151,590.0,5.0,673.5,0.0,0.037,0.0,2.6,177.385,0.0,0.0,0.0,523.7,523.7,671.2,523.69
57.6,211.56,0.0,211.56,0.696,75.5411,717.04,24.9975,0.0,628.26,17.4539,0.0,110.0,265.4,143.0,495.765,88.0,0.0,0.0,364.05,0.0,0.0,9.9998,0.0,96.08,0.0,50.0,180.0,0.0,0.0,0.0,75.5411,670.8,16.9496,0.0,100.0,0.0,489.75,589.2575,35.185,177.385,100.0,177.385,492.795,15.3,25.48,177.385,100.0,0.0,0.0,0.0,0.0,9.1531,24.9975,100.0,1881.0,0.0,523.865,-1.0,0.0,0.0,60.0,50000.0,25.04,0.0,0.0,15.3,177.385,0.0,493.785,0.4632,0.0,5000.0,5.0,599.88,0.0157,0.0,100.0,653.04,523.85,49.925,0.0,0.0,0.0,437.74,0.0,589.2575,661.35,0.0,211.56,0.037,100.0,0.0,100.12,100.0,9900.0,1.4121,100.0,68.7343,0.0,0.0,0.0,0.0,143.0,0.0,523.865,100.0,0.0,670.8,250.0,24.9975,0.0,6.6275,671.0,0.0,0.0,0.037,685.0625,0.0,100.0,0.0,0.0348,0.0,100.0,0.0,100.0,0.0,0.0,1016.4,999.9,0.0,0.294,84.585,685.05,71.2178,0.0,670.25,0.0,717.04,1881.0,628.26,50.0,0.3151,0.034,1016.4,0.7,143.0,651.84,16.9496,676.8,680.05,0.0,0.0,0.0,0.0239,0.681,0.0,0.0,0.037,180.0,0.0,0.0,0.08,2.6,26.555,0.0192,1000.0,1.0,64.9163,560.4,50.0,142.945,0.0,0.0,100.0,0.0188,600.0,62.9981,0.0,3000.0,24.9975,-14.941,670.8,177.385,9.9998,0.0,0.0,0.0,489.75,281.9025,96.08,71.2178,0.0,2.6347,0.0,0.0351,0.0,20.8546,0.0,364.05,0.4381,523.865,17.5813,0.5,0.0,0.0,0.0,2.6002,0.0,250.0,100.0,35.125,0.0,50.0,0.0,437.74,2200.0,685.05,62.9981,26.91,1.76,345.0,345.0,57.6,0.0,180.0,1.0013,0.0,0.0157,86.375,0.0,0.0,0.0,50.0,0.0,74.9794,0.0,0.0,0.0218,0.0,24.9975,0.037,590.6,0.0,252.85,0.0,6.6275,0.0,50.0,81.975,25.0,619.55,50.0,0.0,0.0,0.015,999.9,0.0,20.8546,0.0,100.0,165.0,0.4632,20.0,0.0,0.0,15.186,0.5,165.0,0.0,0.0351,589.2575,0.015,0.0218,2.6002,211.56,0.0,494.78,0.0,627.72,351.0367,0.0,2.6347,75.54,177.385,8.9683,26.49,100.0,520.0,84.9825,61.6,5999.7334,0.7,26.91,85.2525,0.0,69.9894,24.9975,100.0,0.0,0.037,0.0,83.5425,600.0,64.9163,589.2575,628.26,100.0,0.0,364.05,100.0,100.0,8.9683,9.9998,0.0,0.0,0.0,100.0,590.6,0.0,20.849,0.0,0.275,1.459,0.0,0.0,0.0,35.125,0.0,0.0,0.037,685.08,100.0,1881.0,523.88,25.99,0.0,38.0,3.8125,0.0,74.9794,6.6275,82.2075,710.0,17.5813,0.0,0.0,0.15,0.3151,590.0,5.0,673.5,0.0,0.037,0.0,2.6,177.385,0.0,0.0,0.0,523.85,523.88,671.0,523.865
57.6,211.56,0.0,211.56,0.688,75.5411,716.64,24.9975,0.0,628.77,16.9496,0.0,110.0,265.2,121.0,495.945,88.0,0.0,0.0,364.05,0.0,0.0,9.9998,0.0,96.08,0.0,50.0,180.0,0.0,0.0,0.0,75.5411,670.6,16.4467,0.0,100.0,0.0,426.0,589.225,35.245,177.385,100.0,177.385,492.93,15.186,25.48,177.385,100.0,0.0,0.0,0.0,0.0,9.1503,24.9975,100.0,1881.0,0.0,524.04,-1.0,0.0,0.0,60.0,50000.0,25.04,0.0,0.0,15.186,177.385,0.0,493.92,0.4632,0.0,5000.0,5.0,600.0,0.0157,0.0,100.0,653.6,524.05,49.925,0.0,0.0,0.0,373.24,0.0,589.225,660.9,0.0,211.56,0.037,100.0,0.0,100.12,100.0,9900.0,1.4121,100.0,71.4039,0.0,0.0,0.0,0.0,121.0,0.0,524.04,100.0,0.0,670.6,250.0,24.9975,0.0,6.6275,670.8,0.0,0.0,0.037,685.0625,0.0,100.0,0.0,0.0345,0.0,100.0,0.0,100.0,0.0,0.0,1015.8,999.9,0.0,0.294,84.6075,685.05,71.2099,0.0,670.25,0.0,716.64,1880.8199,628.77,50.0,0.3151,0.034,1015.8,0.7,121.0,652.4,16.4467,676.8,680.05,0.0,0.0,0.0,0.0238,0.681,0.0,0.0,0.037,180.0,0.0,0.0,0.069,2.6,26.555,0.0193,1000.0,1.0,64.9062,560.35,50.0,142.813,0.0,0.0,100.0,0.0189,600.0,64.3712,0.0,3000.0,24.9975,-14.996,670.6,177.385,9.9998,0.0,0.0,0.0,426.0,281.0925,96.08,71.2099,0.0,2.6332,0.0,0.0348,0.0,20.8809,0.0,364.05,0.4381,524.04,17.5803,0.5,0.0,0.0,0.0,2.6002,0.0,250.0,100.0,35.185,0.0,50.0,0.0,373.24,2200.0,685.05,64.3712,26.91,1.76,344.7,344.7,57.5625,0.0,180.0,1.0011,0.0,0.0157,86.9,0.0,0.0,0.0,50.0,0.0,74.9792,0.0,0.0,0.0218,0.0,24.9975,0.037,588.75,0.0,252.85,0.0,6.6275,0.0,50.0,82.005,25.0,618.8,50.0,0.0,0.0,0.015,999.9,0.0,20.8809,0.0,100.0,143.0,0.4632,20.0,0.0,0.0,15.078,0.5,143.0,0.0,0.0348,589.225,0.015,0.0219,2.6002,211.56,0.0,494.93,0.0,628.26,351.0712,0.0,2.6332,75.54,177.385,8.9622,26.49,100.0,520.0,85.0425,61.6,5999.7334,0.7,26.91,85.2525,0.0,72.6909,24.9975,100.0,0.0,0.037,0.0,83.5125,600.0,64.9062,589.225,628.77,100.0,0.0,364.05,100.0,100.0,8.9622,9.9998,0.0,0.0,0.0,100.0,588.75,0.0,20.8603,0.0,0.275,1.461,0.0,0.0,0.0,35.185,0.0,0.0,0.037,685.04,100.0,1881.0,524.03,25.99,0.0,38.0,3.8312,0.0,74.9792,6.6275,82.185,710.0,17.5803,0.0,0.0,0.15,0.3151,590.0,5.0,673.5,0.0,0.037,0.0,2.6,177.385,0.0,0.0,0.0,524.05,524.03,670.8,524.04
57.6,211.56,0.0,211.56,0.678,75.5411,716.64,24.9975,0.0,629.28,16.4467,0.0,110.0,265.0,99.0,496.08,88.0,0.0,0.0,364.02,0.0,0.0,9.9998,0.0,96.08,0.0,50.0,180.0,0.0,0.0,0.0,75.5411,670.4,15.9454,0.0,100.0,0.0,366.75,589.1925,35.31,177.385,100.0,177.385,493.11,15.078,25.48,177.385,100.0,0.0,0.0,0.0,0.0,9.1503,24.9975,100.0,1880.8199,0.0,524.215,-1.0,0.0,0.0,60.0,50000.0,25.04,0.0,0.0,15.078,177.385,0.0,494.1,0.4632,0.0,5000.0,5.0,600.0,0.0158,0.0,100.0,654.12,524.2,49.925,0.0,0.0,0.0,321.64,0.0,589.1925,660.4,0.0,211.56,0.037,100.0,0.0,100.12,100.0,9900.0,1.4122,100.0,74.1261,0.0,0.0,0.0,0.0,99.0,0.0,524.215,100.0,0.0,670.4,250.0,24.9975,0.0,6.6275,670.6,0.0,0.0,0.037,685.0625,0.0,100.0,0.0,0.0344,0.0,100.0,0.0,100.0,0.0,0.0,1015.8,999.9,0.0,0.294,84.63,685.05,71.1996,0.0,670.25,0.0,716.64,1880.8199,629.28,50.0,0.3151,0.0339,1015.8,0.7,99.0,652.92,15.9454,676.8,680.05,0.0,0.0,0.0,0.0237,0.681,0.0,0.0,0.037,180.0,0.0,0.0,0.059,2.6,26.555,0.0193,1000.0,1.0,64.8952,559.5,50.0,142.681,0.0,0.0,100.0,0.019,599.94,65.7537,0.0,3000.0,24.9975,-15.04,670.4,177.385,9.9998,0.0,0.0,0.0,366.75,280.665,96.08,71.1996,0.0,2.6332,0.0,0.0345,0.0,20.9077,0.0,364.05,0.4381,524.215,17.5803,0.5,0.0,0.0,0.0,2.6002,0.0,250.0,100.0,35.245,0.0,50.0,0.0,321.64,2200.0,685.05,65.7537,26.91,1.76,344.45,344.45,57.525,0.0,180.0,1.0011,0.0,0.0158,86.9,0.0,0.0,0.0,50.0,0.0,74.9789,0.0,0.0,0.0219,0.0,24.9975,0.037,586.95,0.0,252.85,0.0,6.6275,0.0,50.0,82.0275,25.0,618.1,50.0,0.0,0.0,0.0151,999.9,0.0,20.9077,0.0,100.0,121.0,0.4632,20.0,0.0,0.0,14.964,0.5,121.0,0.0,0.0345,589.1925,0.0151,0.0219,2.6002,211.56,0.0,495.08,0.0,628.77,350.4168,0.0,2.6332,75.54,177.385,8.9556,26.49,100.0,520.0,84.9975,61.6,5999.7334,0.7,26.91,85.275,0.0,75.4427,24.9975,100.0,0.0,0.037,0.0,83.5425,600.0,64.8952,589.1925,629.28,100.0,0.0,364.05,100.0,100.0,8.9556,9.9998,0.0,0.0,0.0,100.0,586.95,0.0,20.8868,0.0,0.275,1.463,0.0,0.0,0.0,35.245,0.0,0.0,0.037,685.04,100.0,1880.8199,524.21,25.99,0.0,38.0,4.5828,0.0,74.9789,6.6275,82.2375,710.0,17.5803,0.0,0.0,0.15,0.3151,590.0,5.0,673.5,0.0,0.037,0.0,2.6,177.385,0.0,0.0,0.0,524.2,524.21,670.6,524.215
57.5625,211.56,0.0,211.56,0.666,75.5411,716.16,24.9975,0.0,629.76,15.9454,0.0,110.0,264.8,77.0,496.26,88.0,0.0,0.0,364.02,0.0,0.0,9.9998,0.0,96.08,0.0,50.0,180.0,0.0,0.0,0.0,75.5411,670.2,15.4421,0.0,100.0,0.0,333.0,589.1925,35.37,177.385,100.0,177.385,493.245,14.964,25.48,177.385,100.0,0.0,0.0,0.0,0.0,9.1476,24.9975,100.0,1880.8199,0.0,524.355,-1.0,0.0,0.0,60.0,50000.0,25.04,0.0,0.0,14.964,177.385,0.0,494.235,0.4632,0.0,5000.0,5.0,599.94,0.0158,0.0,100.0,654.68,524.35,49.925,0.0,0.0,0.0,282.08,0.0,589.1925,659.95,0.0,211.56,0.037,100.0,0.0,100.12,100.0,9900.0,1.4122,100.0,76.8437,0.0,0.0,0.0,0.0,77.0,0.0,524.355,100.0,0.0,670.2,250.0,24.9975,0.0,6.625,670.4,0.0,0.0,0.037,685.025,0.0,100.0,0.0,0.0342,0.0,100.0,0.0,100.0,0.0,0.0,1014.6,999.9,0.0,0.294,84.6225,685.05,71.1929,0.0,670.25,0.0,716.16,1880.8199,629.76,50.0,0.3151,0.0339,1014.6,0.7,77.0,653.44,15.4421,676.8,680.05,0.0,0.0,0.0,0.0236,0.681,0.0,0.0,0.037,180.0,0.0,0.0,0.05,2.6,26.555,0.0194,1000.0,1.0,64.8871,559.55,50.0,142.538,0.0,0.0,100.0,0.0191,599.94,67.1424,0.0,3000.0,24.9975,-15.095,670.2,177.385,9.9998,0.0,0.0,0.0,333.0,281.25,96.08,71.1929,0.0,2.6302,0.0,0.0344,0.0,20.9199,0.0,364.02,0.4381,524.355,17.5811,0.5,0.0,0.0,0.0,2.6002,0.0,250.0,100.0,35.31,0.0,50.0,0.0,282.08,2200.0,685.05,67.1424,26.91,1.76,344.2,344.2,57.6,0.0,180.0,1.001,0.0,0.0158,86.25,0.0,0.0,0.0,50.0,0.0,74.9787,0.0,0.0,0.0219,0.0,24.9975,0.037,585.15,0.0,252.85,0.0,6.625,0.0,50.0,82.065,25.0,617.35,50.0,0.0,0.0,0.0151,999.9,0.0,20.9199,0.0,100.0,99.0,0.4632,20.0,0.0,0.0,14.862,0.5,99.0,0.0,0.0344,589.1925,0.0151,0.0219,2.6002,211.56,0.0,495.26,0.0,629.28,350.4168,0.0,2.6302,75.54,177.385,8.9505,26.49,100.0,520.0,85.0575,61.6,5999.7334,0.7,26.91,85.2675,0.0,78.1772,24.9975,100.0,0.0,0.037,0.0,83.535,600.0,64.8871,589.1925,629.76,100.0,0.0,364.02,100.0,100.0,8.9505,9.9998,0.0,0.0,0.0,100.0,585.15,0.0,20.9138,0.0,0.275,1.465,0.0,0.0,0.0,35.31,0.0,0.0,0.037,685.04,100.0,1880.8199,524.36,25.99,0.0,38.0,4.6953,0.0,74.9787,6.625,82.215,710.0,17.5811,0.0,0.0,0.15,0.3151,590.0,5.0,673.5,0.0,0.037,0.0,2.6,177.385,0.0,0.0,0.0,524.35,524.36,670.4,524.355
57.5625,211.56,0.0,211.56,0.652,75.5411,716.16,24.9975,0.0,630.21,15.4421,0.0,110.0,264.6,66.0,496.395,88.0,0.0,0.0,364.02,0.0,0.0,9.9998,0.0,96.08,0.0,50.0,180.0,0.0,0.0,0.0,75.5411,670.0,14.9404,0.0,100.0,0.0,293.0,589.16,35.43,177.385,100.0,177.385,493.38,14.862,25.48,177.385,100.0,0.0,0.0,0.0,0.0,9.1476,24.9975,100.0,1880.8199,0.0,524.53,-1.0,0.0,0.0,60.0,50100.0,25.04,0.0,0.0,14.862,177.385,0.0,494.415,0.4632,0.0,5000.0,5.0,599.94,0.0158,0.0,100.0,655.16,524.55,49.925,0.0,0.0,0.0,248.54,0.0,589.16,659.45,0.0,211.56,0.037,100.0,0.0,100.12,100.0,9900.0,1.4123,100.0,79.6107,0.0,0.0,0.0,0.0,66.0,0.0,524.53,100.0,0.0,670.0,250.0,24.9975,0.0,6.625,670.2,0.0,0.0,0.037,685.025,0.0,100.0,0.0,0.0341,0.0,100.0,0.0,100.0,0.0,0.0,1014.6,999.9,0.0,0.294,84.6675,685.05,71.1833,0.0,670.25,0.0,716.16,1880.8199,630.21,50.0,0.3151,0.0339,1014.6,0.7,66.0,653.92,14.9404,676.8,680.05,0.0,0.0,0.0,0.0234,0.681,0.0,0.0,0.037,180.0,0.0,0.0,0.044,2.6,26.555,0.0194,1000.0,1.0,64.877,558.5,50.0,142.406,0.0,0.0,100.0,0.0191,599.94,68.5383,0.0,3000.0,24.9975,-15.1335,670.0,177.385,9.9998,0.0,0.0,0.0,293.0,280.755,96.08,71.1833,0.0,2.6302,0.0,0.0342,0.0,20.9472,0.0,364.02,0.4381,524.53,17.5813,0.5,0.0,0.0,0.0,2.6002,0.0,250.0,100.0,35.37,0.0,50.0,0.0,248.54,2200.0,685.05,68.5383,26.91,1.76,343.95,343.95,57.6,0.0,180.0,1.001,0.0,0.0158,86.775,0.0,0.0,0.0,50.0,0.0,74.9784,0.0,0.0,0.022,0.0,24.9975,0.037,583.35,0.0,252.85,0.0,6.625,0.0,50.0,82.0275,25.0,616.65,50.0,0.0,0.0,0.0152,999.9,0.0,20.9472,0.0,100.0,77.0,0.4632,20.0,0.0,0.0,14.754,0.5,77.0,0.0,0.0342,589.16,0.0152,0.022,2.6002,211.56,0.0,495.41,0.0,629.76,349.8658,0.0,2.6302,75.54,177.385,8.9444,26.49,100.0,520.0,85.0125,61.6,5999.7334,0.7,26.91,85.2675,0.0,80.9642,24.9975,100.0,0.0,0.037,0.0,83.5425,600.0,64.877,589.16,630.21,100.0,0.0,364.02,100.0,100.0,8.9444,9.9998,0.0,0.0,0.0,100.0,583.35,0.0,20.926,0.0,0.275,1.467,0.0,0.0,0.0,35.37,0.0,0.0,0.037,685.04,100.0,1880.8199,524.54,25.99,0.0,38.0,4.425,0.0,74.9784,6.625,82.2225,710.0,17.5813,0.0,0.0,0.15,0.3151,590.0,5.0,673.5,0.0,0.037,0.0,2.6,177.385,0.0,0.0,0.0,524.55,524.54,670.2,524.53
57.6,211.56,0.0,211.56,0.636,75.5411,715.92,24.9975,0.0,630.63,14.9404,0.0,110.0,264.45,55.0,496.575,88.0,0.0,0.0,364.02,0.0,0.0,9.9998,0.0,96.08,0.0,50.0,180.0,0.0,0.0,0.0,75.5411,669.8,14.4406,0.0,100.0,0.0,267.5,589.1275,35.49,177.385,100.0,177.385,493.56,14.754,25.48,177.385,100.0,0.0,0.0,0.0,0.0,9.1465,24.9975,100.0,1880.8199,0.0,524.705,-1.0,0.0,0.0,60.0,50100.0,25.04,0.0,0.0,14.754,177.385,0.0,494.55,0.4632,0.0,5000.0,5.0,599.94,0.0158,0.0,100.0,655.6,524.7,49.925,0.0,0.0,0.0,222.74,0.0,589.1275,658.95,0.0,211.56,0.037,100.0,0.0,100.12,100.0,9900.0,1.4124,100.0,82.3814,0.0,0.0,0.0,0.0,55.0,0.0,524.705,100.0,0.0,669.8,250.0,24.9975,0.0,6.625,670.0,0.0,0.0,0.037,685.025,0.0,100.0,0.0,0.034,0.0,100.0,0.0,100.0,0.0,0.0,1014.0,999.9,0.0,0.294,84.645,685.0,71.1756,0.0,670.25,0.0,715.92,1880.6399,630.63,50.0,0.3151,0.0338,1014.0,0.7,55.0,654.4,14.4406,676.8,680.05,0.0,0.0,0.0,0.0231,0.681,0.0,0.0,0.037,180.0,0.0,0.0,0.038,2.6,26.555,0.0194,1000.0,1.0,64.8677,557.85,50.0,142.263,0.0,0.0,100.0,0.0192,599.88,69.9383,0.0,3000.0,24.9975,-15.183,669.8,177.385,9.9998,0.0,0.0,0.0,267.5,280.17,96.08,71.1756,0.0,2.6295,0.0,0.0341,0.0,20.9749,0.0,364.02,0.4381,524.705,17.5816,0.5,0.0,0.0,0.0,2.6002,0.0,250.0,100.0,35.43,0.0,50.0,0.0,222.74,2200.0,685.0,69.9383,26.91,1.76,343.7,343.7,57.525,0.0,180.0,1.001,0.0,0.0158,86.675,0.0,0.0,0.0,50.0,0.0,74.9782,0.0,0.0,0.022,0.0,24.9975,0.037,581.55,0.0,252.85,0.0,6.625,0.0,50.0,82.035,25.0,615.9,50.0,0.0,0.0,0.0152,999.9,0.0,20.9749,0.0,100.0,66.0,0.4632,20.0,0.0,0.0,14.652,0.5,66.0,0.0,0.0341,589.1275,0.0152,0.022,2.6002,211.56,0.0,495.56,0.0,630.21,349.6936,0.0,2.6295,75.54,177.385,8.9391,26.49,100.0,520.0,85.065,61.6,5999.7334,0.7,26.91,85.2825,0.0,83.7477,24.9975,100.0,0.0,0.037,0.0,83.5275,600.0,64.8677,589.1275,630.63,100.0,0.0,364.02,100.0,100.0,8.9391,9.9998,0.0,0.0,0.0,100.0,581.55,0.0,20.9535,0.0,0.275,1.469,0.0,0.0,0.0,35.43,0.0,0.0,0.037,685.04,100.0,1880.8199,524.69,25.99,0.0,38.0,4.4516,0.0,74.9782,6.625,82.185,710.0,17.5816,0.0,0.0,0.15,0.3151,590.0,5.0,673.5,0.0,0.037,0.0,2.6,177.385,0.0,0.0,0.0,524.7,524.69,670.0,524.705
57.5625,211.56,0.0,211.56,0.615,75.5411,715.44,24.9975,0.0,631.02,14.4406,0.0,110.0,264.25,44.0,496.71,88.0,0.0,0.0,364.02,0.0,0.0,9.9998,0.0,96.08,0.0,50.0,180.0,0.0,0.0,0.0,75.5411,669.55,13.9427,0.0,100.0,0.0,249.0,589.1275,35.545,177.385,100.0,177.385,493.695,14.652,25.48,177.385,100.0,0.0,0.0,0.0,0.0,9.1432,24.9975,100.0,1880.6399,0.0,524.845,-1.0,0.0,0.0,60.0,50100.0,25.04,0.0,0.0,14.652,177.385,0.0,494.685,0.4632,0.0,5000.0,5.0,599.88,0.0158,0.0,100.0,656.08,524.85,49.925,0.0,0.0,0.0,201.24,0.0,589.1275,658.5,0.0,211.56,0.037,100.0,0.0,100.12,100.0,9900.0,1.4124,100.0,85.1602,0.0,0.0,0.0,0.0,44.0,0.0,524.845,100.0,0.0,669.55,250.0,24.9975,0.0,6.625,669.8,0.0,0.0,0.037,685.025,0.0,100.0,0.0,0.0339,0.0,100.0,0.0,100.0,0.0,0.0,1012.8,999.9,0.0,0.294,84.63,685.0,71.1701,0.0,670.25,0.0,715.44,1880.6399,631.02,50.0,0.3151,0.0338,1012.8,0.7,44.0,654.84,13.9427,676.8,680.05,0.0,0.0,0.0,0.0229,0.681,0.0,0.0,0.037,180.0,0.0,0.0,0.034,2.6,26.555,0.0195,1000.0,1.0,64.8608,557.25,50.0,142.12,0.0,0.0,100.0,0.0192,599.88,71.3426,0.0,3000.0,24.9975,-15.227,669.55,177.385,9.9998,0.0,0.0,0.0,249.0,279.9,96.08,71.1701,0.0,2.6265,0.0,0.034,0.0,20.9881,0.0,364.02,0.4381,524.845,17.5826,0.5,0.0,0.0,0.0,2.6002,0.0,250.0,100.0,35.49,0.0,50.0,0.0,201.24,2200.0,685.0,71.3426,26.91,1.76,343.45,343.45,57.5625,0.0,180.0,1.0009,0.0,0.0158,86.875,0.0,0.0,0.0,50.0,0.0,74.9779,0.0,0.0,0.022,0.0,24.9975,0.037,579.75,0.0,252.85,0.0,6.625,0.0,50.0,82.02,25.0,615.2,50.0,0.0,0.0,0.0153,999.9,0.0,20.9881,0.0,100.0,55.0,0.4632,20.0,0.0,0.0,14.556,0.5,55.0,0.0,0.034,589.1275,0.0153,0.0221,2.6002,211.56,0.0,495.71,0.0,630.63,349.1082,0.0,2.6265,75.54,177.385,8.9348,26.49,100.0,520.0,85.065,61.6,5999.7334,0.7,26.91,85.26,0.0,86.5357,24.9975,100.0,0.0,0.037,0.0,83.4975,600.0,64.8608,589.1275,631.02,100.0,0.0,364.02,100.0,100.0,8.9348,9.9998,0.0,0.0,0.0,100.0,579.75,0.0,20.9815,0.0,0.275,1.471,0.0,0.0,0.0,35.49,0.0,0.0,0.037,685.0,100.0,1880.6399,524.84,25.99,0.0,38.0,4.0703,0.0,74.9779,6.625,82.185,710.0,17.5826,0.0,0.0,0.15,0.3151,590.0,5.0,673.5,0.0,0.037,0.0,2.6,177.385,0.0,0.0,0.0,524.85,524.84,669.8,524.845
57.5625,211.56,0.0,211.56,0.59,75.5426,715.44,24.9975,0.0,631.41,13.9427,0.0,110.0,264.05,33.0,496.845,88.0,0.0,0.0,363.99,0.0,0.0,9.9998,0.0,96.08,0.0,50.0,180.0,0.0,0.0,0.0,75.5426,669.35,13.4468,0.0,100.0,0.0,227.5,589.095,35.605,177.385,100.0,177.385,493.875,14.556,25.48,177.385,100.0,0.0,0.0,0.0,0.0,9.1432,24.9975,100.0,1880.6399,0.0,525.02,-1.0,0.0,0.0,60.0,50100.0,25.04,0.0,0.0,14.556,177.385,0.0,494.865,0.4632,0.0,5000.0,5.0,599.88,0.0159,0.0,100.0,656.48,525.0,49.925,0.0,0.0,0.0,184.04,0.0,589.095,658.0,0.0,211.56,0.037,100.0,0.0,100.12,100.0,9900.0,1.4125,100.0,87.9649,0.0,0.0,0.0,0.0,33.0,0.0,525.02,100.0,0.0,669.35,250.0,24.9975,0.0,6.625,669.55,0.0,0.0,0.037,684.9875,0.0,100.0,0.0,0.0338,0.0,100.0,0.0,100.0,0.0,0.0,1012.8,999.9,0.0,0.294,84.6675,685.0,71.1616,0.0,670.25,0.0,715.44,1880.6399,631.41,50.0,0.3151,0.0338,1012.8,0.7,33.0,655.28,13.4468,676.8,680.05,0.0,0.0,0.0,0.0225,0.681,0.0,0.0,0.037,179.9875,0.0,0.0,0.03,2.6,26.555,0.0195,1000.0,1.0,64.852,556.8,50.0,141.977,0.0,0.0,100.0,0.0193,599.88,72.7501,0.0,3000.0,24.9975,-15.2655,669.35,177.385,9.9998,0.0,0.0,0.0,227.5,280.125,96.08,71.1616,0.0,2.6265,0.0,0.0339,0.0,21.0164,0.0,364.02,0.4381,525.02,17.5831,0.5,0.0,0.0,0.0,2.6,0.0,250.0,100.0,35.545,0.0,50.0,0.0,184.04,2200.0,685.0,72.7501,26.91,1.76,343.2,343.2,57.6,0.0,179.9875,1.0009,0.0,0.0158,86.225,0.0,0.0,0.0,50.0,0.0,74.9784,0.0,0.0,0.0221,0.0,24.9975,0.037,577.95,0.0,252.85,0.0,6.625,0.0,50.0,82.02,25.0,614.45,50.0,0.0,0.0,0.0153,999.9,0.0,21.0164,0.0,100.0,44.0,0.4632,20.0,0.0,0.0,14.454,0.5,44.0,0.0,0.0339,589.095,0.0153,0.0221,2.6,211.56,0.0,495.86,0.0,631.02,349.2115,0.0,2.6265,75.54,177.385,8.9294,26.49,100.0,520.0,85.065,61.6,5999.7334,0.7,26.91,85.2675,0.0,89.3512,24.9975,100.0,0.0,0.037,0.0,83.475,600.0,64.852,589.095,631.41,100.0,0.0,364.02,100.0,100.0,8.9294,9.9998,0.0,0.0,0.0,100.0,577.95,0.0,20.9947,0.0,0.275,1.472,0.0,0.0,0.0,35.545,0.0,0.0,0.037,685.0,100.0,1880.6399,525.02,25.99,0.0,38.0,4.0156,0.0,74.9784,6.625,82.2375,710.0,17.5831,0.0,0.0,0.15,0.3151,590.0,5.0,673.5,0.0,0.037,0.0,2.6,177.385,0.0,0.0,0.0,525.0,525.02,669.55,525.02
57.5625,211.56,0.0,211.56,0.559,75.5431,715.12,24.9975,0.0,631.77,13.4468,0.0,110.0,263.9,33.0,496.98,88.0,0.0,0.0,363.99,0.0,0.0,9.9998,0.0,96.08,0.0,50.0,180.0,0.0,0.0,0.0,75.5431,669.15,12.9494,0.0,100.0,0.0,213.25,589.0625,35.655,177.385,100.0,177.385,494.01,14.454,25.48,177.385,100.0,0.0,0.0,0.0,0.0,9.1416,24.9975,100.0,1880.6399,0.0,525.16,-1.0,0.0,0.0,60.0,50100.0,25.04,0.0,0.0,14.454,177.385,0.0,495.0,0.4632,0.0,5000.0,5.0,599.88,0.0159,0.0,100.0,656.88,525.15,49.925,0.0,0.0,0.0,169.42,0.0,589.0625,657.55,0.0,211.56,0.037,100.0,0.0,100.12,100.0,9900.0,1.4126,100.0,90.7731,0.0,0.0,0.0,0.0,33.0,0.0,525.16,100.0,0.0,669.15,250.0,24.9975,0.0,6.6225,669.35,0.0,0.0,0.037,684.9875,0.0,100.0,0.0,0.0338,0.0,100.0,0.0,100.0,0.0,0.0,1011.6,999.9,0.0,0.294,84.6825,685.0,71.1556,0.0,670.25,0.0,715.12,1880.6399,631.77,50.0,0.3151,0.0337,1011.6,0.7,33.0,655.68,12.9494,676.8,680.05,0.0,0.0,0.0,0.022,0.681,0.0,0.0,0.037,179.9875,0.0,0.0,0.027,2.6,26.555,0.0196,1000.0,1.0,64.8439,556.85,50.0,141.834,0.0,0.0,100.0,0.0194,599.82,74.1607,0.0,3000.0,24.9975,-15.304,669.15,177.385,9.9998,0.0,0.0,0.0,213.25,279.4725,96.08,71.1556,0.0,2.6257,0.0,0.0338,0.0,21.0451,0.0,363.99,0.4381,525.16,17.5836,0.5,0.0,0.0,0.0,2.6,0.0,250.0,100.0,35.605,0.0,50.0,0.0,169.42,2200.0,685.0,74.1607,26.91,1.76,342.95,342.95,57.5625,0.0,179.9875,1.0009,0.0,0.0158,86.35,0.0,0.0,0.0,50.0,0.0,74.9784,0.0,0.0,0.0221,0.0,24.9975,0.037,576.15,0.0,252.85,0.0,6.6225,0.0,50.0,82.0125,25.0,613.75,50.0,0.0,0.0,0.0153,999.9,0.0,21.0451,0.0,100.0,33.0,0.4632,20.0,0.0,0.0,14.352,0.5,33.0,0.0,0.0338,589.0625,0.0153,0.0221,2.6,211.56,0.0,496.01,0.0,631.41,348.6949,0.0,2.6257,75.54,177.385,8.9256,26.49,100.0,520.0,85.0875,61.6,5999.7334,0.7,26.91,85.2525,0.0,92.1664,24.9975,100.0,0.0,0.037,0.0,83.4675,600.0,64.8439,589.0625,631.77,100.0,0.0,363.99,100.0,100.0,8.9256,9.9998,0.0,0.0,0.0,100.0,576.15,0.0,21.0232,0.0,0.275,1.474,0.0,0.0,0.0,35.605,0.0,0.0,0.037,685.0,100.0,1880.6399,525.14,25.99,0.0,38.0,3.9609,0.0,74.9784,6.6225,82.275,710.0,17.5836,0.0,0.0,0.15,0.3151,590.0,5.0,673.5,0.0,0.037,0.0,2.6,177.385,0.0,0.0,0.0,525.15,525.14,669.35,525.16
57.525,211.56,0.0,211.56,0.517,75.5436,714.88,24.9975,0.0,632.1,12.9494,0.0,110.0,263.7,22.0,497.115,88.0,0.0,0.0,363.99,0.0,0.0,9.9998,0.0,96.08,0.0,50.0,180.0,0.0,0.0,0.0,75.5436,668.95,12.4542,0.0,100.0,0.0,202.75,589.0625,35.71,177.385,100.0,177.385,494.145,14.352,25.48,177.385,100.0,0.0,0.0,0.0,0.0,9.1393,24.9975,100.0,1880.6399,0.0,525.3,-1.0,0.0,0.0,60.0,50100.0,25.04,0.0,0.0,14.352,177.385,0.0,495.135,0.4632,0.0,5000.0,5.0,599.82,0.0158,0.0,100.0,657.24,525.3,49.925,0.0,0.0,0.0,157.38,0.0,589.0625,657.05,0.0,211.56,0.037,100.0,0.0,100.1,100.0,9900.0,1.4126,100.0,93.5861,0.0,0.0,0.0,0.0,22.0,0.0,525.3,100.0,0.0,668.95,250.0,24.9975,0.0,6.6225,669.15,0.0,0.0,0.037,684.9875,0.0,100.0,0.0,0.0337,0.0,100.0,0.0,100.0,0.0,0.0,1010.4,999.9,0.0,0.294,84.6975,685.0,71.1494,0.0,670.2,0.0,714.88,1880.6399,632.1,50.0,0.3151,0.0337,1010.4,0.7,22.0,656.04,12.4542,676.75,680.05,0.0,0.0,0.0,0.0214,0.681,0.0,0.0,0.037,179.9875,0.0,0.0,0.025,2.6,26.555,0.0196,1000.0,1.0,64.8376,555.9,50.0,141.702,0.0,0.0,100.0,0.0194,599.82,75.5737,0.0,3000.0,24.9975,-15.348,668.95,177.385,9.9998,0.0,0.0,0.0,202.75,279.1575,96.08,71.1494,0.0,2.6235,0.0,0.0338,0.0,21.0593,0.0,363.99,0.4381,525.3,17.5848,0.5,0.0,0.0,0.0,2.6,0.0,250.0,100.0,35.655,0.0,50.0,0.0,157.38,2200.0,685.0,75.5737,26.91,1.76,342.7,342.7,57.6,0.0,179.9875,1.0007,0.0,0.0158,86.975,0.0,0.0,0.0,50.0,0.0,74.9784,0.0,0.0,0.0222,0.0,24.9975,0.037,574.35,0.0,252.85,0.0,6.6225,0.0,50.0,82.035,25.0,613.0,50.0,0.0,0.0,0.0154,999.9,0.0,21.0593,0.0,100.0,33.0,0.4632,20.0,0.0,0.0,14.262,0.5,33.0,0.0,0.0338,589.0625,0.0154,0.0222,2.6,211.56,0.0,496.13,0.0,631.77,348.3849,0.0,2.6235,75.54,177.385,8.9223,26.49,100.0,520.0,85.1175,61.6,5999.7334,0.7,26.91,85.2525,0.0,94.9847,24.9975,100.0,0.0,0.037,0.0,83.49,600.0,64.8376,589.0625,632.1,100.0,0.0,363.99,100.0,100.0,8.9223,9.9998,0.0,0.0,0.0,100.0,574.35,0.0,21.0522,0.0,0.275,1.476,0.0,0.0,0.0,35.655,0.0,0.0,0.037,685.0,100.0,1880.6399,525.29,25.99,0.0,38.0,4.6469,0.0,74.9784,6.6225,82.275,710.0,17.5848,0.0,0.0,0.15,0.3151,590.0,5.0,673.5,0.0,0.037,0.0,2.6,177.385,0.0,0.0,0.0,525.3,525.29,669.15,525.3
57.5625,211.56,0.0,211.56,0.466,75.5441,714.8,24.9975,0.0,632.4,12.4542,0.0,110.0,263.5,22.0,497.25,88.0,0.0,0.0,363.99,0.0,0.0,9.9998,0.0,96.08,0.0,50.0,180.0,0.0,0.0,0.0,75.5441,668.75,11.9613,0.0,100.0,0.0,190.0,589.03,35.755,177.385,100.0,177.385,494.28,14.262,25.48,177.385,100.0,0.0,0.0,0.0,0.0,9.1393,24.9975,100.0,1880.6399,0.0,525.405,-1.0,0.0,0.0,60.0,50100.0,25.04,0.0,0.0,14.262,177.385,0.0,495.27,0.4632,0.0,5000.0,5.0,599.82,0.0158,0.0,100.0,657.6,525.4,49.925,0.0,0.0,0.0,147.06,0.0,589.03,656.6,0.0,211.56,0.037,100.0,0.0,100.1,100.0,9900.0,1.4127,100.0,96.4152,0.0,0.0,0.0,0.0,22.0,0.0,525.405,100.0,0.0,668.75,250.0,24.9975,0.0,6.6225,668.95,0.0,0.0,0.037,684.9875,0.0,100.0,0.0,0.0337,0.0,100.0,0.0,100.0,0.0,0.0,1010.4,999.9,0.0,0.294,84.705,684.95,71.1424,0.0,670.2,0.0,714.8,1880.46,632.4,50.0,0.3151,0.0337,1010.4,0.7,22.0,656.36,11.9613,676.75,680.05,0.0,0.0,0.0,0.0206,0.681,0.0,0.0,0.037,179.9875,0.0,0.0,0.023,2.6,26.555,0.0196,1000.0,1.0,64.8297,555.0,50.0,141.57,0.0,0.0,100.0,0.0195,599.82,76.989,0.0,3000.0,24.9975,-15.381,668.75,177.385,9.9998,0.0,0.0,0.0,190.0,279.1125,96.08,71.1424,0.0,2.6235,0.0,0.0337,0.0,21.0885,0.0,363.99,0.4381,525.405,17.5856,0.5,0.0,0.0,0.0,2.6,0.0,250.0,100.0,35.71,0.0,50.0,0.0,147.06,2200.0,684.95,76.989,26.91,1.76,342.5,342.5,57.6,0.0,179.9875,1.0007,0.0,0.0158,86.725,0.0,0.0,0.0,50.0,0.0,74.9784,0.0,0.0,0.0222,0.0,24.9975,0.037,572.55,0.0,252.85,0.0,6.6225,0.0,50.0,82.0275,25.0,612.3,50.0,0.0,0.0,0.0154,999.9,0.0,21.0885,0.0,100.0,22.0,0.4632,20.0,0.0,0.0,14.166,0.5,22.0,0.0,0.0337,589.03,0.0154,0.0222,2.6,211.56,0.0,496.28,0.0,632.1,347.6961,0.0,2.6235,75.54,177.385,8.9179,26.49,100.0,520.0,85.155,61.6,5999.7334,0.7,26.91,85.2375,0.0,97.8202,24.9975,100.0,0.0,0.037,0.0,83.4675,600.0,64.8297,589.03,632.4,100.0,0.0,363.99,100.0,100.0,8.9179,9.9998,0.0,0.0,0.0,100.0,572.55,0.0,21.0664,0.0,0.275,1.477,0.0,0.0,0.0,35.71,0.0,0.0,0.037,684.96,100.0,1880.6399,525.41,25.99,0.0,38.0,4.5891,0.0,74.9784,6.6225,82.26,710.0,17.5856,0.0,0.0,0.15,0.3151,590.0,5.0,673.5,0.0,0.037,0.0,2.6,177.385,0.0,0.0,0.0,525.4,525.41,668.95,525.405
57.525,211.56,0.0,211.56,0.404,75.5461,714.4,24.9975,0.0,632.67,11.9613,0.0,110.0,263.35,22.0,497.385,88.0,0.0,0.0,363.96,0.0,0.0,9.9998,0.0,96.08,0.0,50.0,180.0,0.0,0.0,0.0,75.5461,668.55,11.4708,0.0,100.0,0.0,182.75,588.9975,35.8,177.385,100.0,177.385,494.37,14.166,25.48,177.385,100.0,0.0,0.0,0.0,0.0,9.1366,24.9975,100.0,1880.46,0.0,525.545,-1.0,0.0,0.0,60.0,50100.0,25.04,0.0,0.0,14.166,177.385,0.0,495.405,0.4632,0.0,5000.0,5.0,599.82,0.0158,0.0,100.0,657.92,525.5,49.925,0.0,0.0,0.0,138.46,0.0,588.9975,656.1,0.0,211.56,0.037,100.0,0.0,100.1,100.0,9900.0,1.4127,100.0,99.2433,0.0,0.0,0.0,0.0,22.0,0.0,525.545,100.0,0.0,668.55,250.0,24.9975,0.0,6.6225,668.75,0.0,0.0,0.037,684.9875,0.0,100.0,0.0,0.0336,0.0,100.0,0.0,100.0,0.0,0.0,1009.8,999.9,0.0,0.294,84.645,684.95,71.1381,0.0,670.2,0.0,714.4,1880.46,632.67,50.0,0.3151,0.0336,1009.8,0.7,22.0,656.68,11.4708,676.75,680.05,0.0,0.0,0.0,0.0197,0.681,0.0,0.0,0.037,179.975,0.0,0.0,0.021,2.6,26.555,0.0197,1000.0,1.0,64.8242,554.9,50.0,141.438,0.0,0.0,100.0,0.0196,599.76,78.406,0.0,3000.0,24.9975,-15.425,668.55,177.385,9.9998,0.0,0.0,0.0,182.75,279.0225,96.08,71.1381,0.0,2.6212,0.0,0.0337,0.0,21.1182,0.0,363.99,0.4381,525.545,17.5863,0.5,0.0,0.0,0.0,2.6,0.0,250.0,100.0,35.755,0.0,50.0,0.0,138.46,2200.0,684.95,78.406,26.91,1.76,342.25,342.25,57.525,0.0,179.975,1.0007,0.0,0.0158,86.575,0.0,0.0,0.0,50.0,0.0,74.9784,0.0,0.0,0.0222,0.0,24.9975,0.037,570.8,0.0,252.85,0.0,6.6225,0.0,50.0,81.9825,25.0,611.55,50.0,0.0,0.0,0.0154,999.9,0.0,21.1182,0.0,100.0,22.0,0.4632,20.0,0.0,0.0,14.076,0.5,22.0,0.0,0.0337,588.9975,0.0154,0.0222,2.6,211.56,0.0,496.4,0.0,632.4,347.4206,0.0,2.6212,75.54,177.385,8.9143,26.49,100.0,520.0,85.14,61.6,5999.7334,0.7,26.91,85.2525,0.0,99.2433,24.9975,100.0,0.0,0.037,0.0,83.4825,600.0,64.8242,588.9975,632.67,100.0,0.0,363.99,100.0,100.0,8.9143,9.9998,0.0,0.0,0.0,100.0,570.8,0.0,21.0959,0.0,0.275,1.479,0.0,0.0,0.0,35.755,0.0,0.0,0.037,684.96,100.0,1880.46,525.53,25.99,0.0,38.0,4.4875,0.0,74.9784,6.6225,82.2375,710.0,17.5863,0.0,0.0,0.15,0.3151,590.0,5.0,673.5,0.0,0.037,0.0,2.6,177.385,0.0,0.0,0.0,525.5,525.53,668.75,525.545
57.5625,211.56,0.0,211.56,0.327,75.5471,714.4,24.9975,0.0,632.94,11.4708,0.0,110.0,263.15,11.0,497.475,88.0,0.0,0.0,363.96,0.0,0.0,9.9998,0.0,96.08,0.0,50.0,180.0,0.0,0.0,0.0,75.5471,668.35,10.9828,0.0,100.0,0.0,173.25,588.965,35.84,177.385,100.0,177.385,494.505,14.076,25.48,177.385,100.0,0.0,0.0,0.0,0.0,9.1366,24.9975,100.0,1880.46,0.0,525.615,-1.0,0.0,0.0,60.0,50100.0,25.04,0.0,0.0,14.076,177.385,0.0,495.495,0.4632,0.0,5000.0,5.0,599.76,0.0157,0.0,100.0,658.2,525.6,49.925,0.0,0.0,0.0,130.72,0.0,588.965,655.65,0.0,211.56,0.037,100.0,0.0,100.1,100.0,9900.0,1.4128,100.0,100.0,0.0,0.0,0.0,0.0,11.0,0.0,525.615,100.0,0.0,668.35,250.0,24.9975,0.0,6.6225,668.55,0.0,0.0,0.037,684.95,0.0,100.0,0.0,0.0336,0.0,100.0,0.0,100.0,0.0,0.0,1009.8,999.9,0.0,0.294,84.6225,684.95,71.1312,0.0,670.2,0.0,714.4,1880.46,632.94,50.0,0.3151,0.0336,1009.8,0.7,11.0,656.96,10.9828,676.75,680.05,0.0,0.0,0.0,0.0187,0.681,0.0,0.0,0.037,179.975,0.0,0.0,0.02,2.6,26.555,0.0197,1000.0,1.0,64.8171,554.75,50.0,141.306,0.0,0.0,100.0,0.0196,599.76,79.8248,0.0,3000.0,24.9975,-15.458,668.35,177.385,9.9998,0.0,0.0,0.0,173.25,278.28,96.08,71.1312,0.0,2.6212,0.0,0.0336,0.0,21.1485,0.0,363.96,0.4381,525.615,17.5878,0.5,0.0,0.0,0.0,2.6,0.0,250.0,100.0,35.8,0.0,50.0,0.0,130.72,2200.0,684.95,79.8248,26.91,1.76,342.0,342.0,57.6,0.0,179.975,1.0007,0.0,0.0157,86.45,0.0,0.0,0.0,50.0,0.0,74.9784,0.0,0.0,0.0222,0.0,24.9975,0.037,569.0,0.0,252.85,0.0,6.6225,0.0,50.0,82.02,25.0,610.85,50.0,0.0,0.0,0.0155,999.9,0.0,21.1485,0.0,100.0,22.0,0.4632,20.0,0.0,0.0,13.98,0.5,22.0,0.0,0.0336,588.965,0.0155,0.0223,2.6,211.56,0.0,496.49,0.0,632.67,347.6961,0.0,2.6212,75.54,177.385,8.9103,26.49,100.0,520.0,85.0875,61.6,5999.7334,0.7,26.91,85.29,0.0,100.0,24.9975,100.0,0.0,0.037,0.0,83.49,600.0,64.8171,588.965,632.94,100.0,0.0,363.96,100.0,100.0,8.9103,9.9998,0.0,0.0,0.0,100.0,569.0,0.0,21.1258,0.0,0.275,1.481,0.0,0.0,0.0,35.8,0.0,0.0,0.037,684.96,100.0,1880.46,525.62,25.99,0.0,38.0,4.3203,0.0,74.9784,6.6225,82.275,710.0,17.5878,0.0,0.0,0.15,0.3151,590.0,5.0,673.5,0.0,0.037,0.0,2.6,177.385,0.0,0.0,0.0,525.6,525.62,668.55,525.615
57.5625,211.56,0.0,211.56,0.254,75.5481,713.92,24.9975,0.0,633.15,10.9828,0.0,110.0,263.0,11.0,497.565,88.0,0.0,0.0,363.96,0.0,0.0,9.9998,0.0,96.08,0.0,50.0,180.0,0.0,0.0,0.0,75.5481,668.15,10.4937,0.0,100.0,0.0,168.0,588.965,35.87,177.385,100.0,177.385,494.595,13.98,25.48,177.385,100.0,0.0,0.0,0.0,0.0,9.1344,24.9975,100.0,1880.46,0.0,525.72,-1.0,0.0,0.0,60.0,50100.0,25.04,0.0,0.0,13.98,177.385,0.0,495.585,0.4632,0.0,5000.0,5.0,599.76,0.0157,0.0,100.0,658.48,525.7,49.925,0.0,0.0,0.0,123.84,0.0,588.965,655.15,0.0,211.56,0.037,100.0,0.0,100.1,100.0,9900.0,1.4129,100.0,100.0,0.0,0.0,0.0,0.0,11.0,0.0,525.72,100.0,0.0,668.15,250.0,24.9975,0.0,6.62,668.35,0.0,0.0,0.037,684.95,0.0,100.0,0.0,0.0336,0.0,100.0,0.0,100.0,0.0,0.0,1008.6,999.9,0.0,0.294,84.585,684.95,71.1281,0.0,670.2,0.0,713.92,1880.46,633.15,50.0,0.3151,0.0336,1008.6,0.7,11.0,657.24,10.4937,676.75,680.05,0.0,0.0,0.0,0.018,0.681,0.0,0.0,0.037,179.975,0.0,0.0,0.018,2.6,26.555,0.0197,1000.0,1.0,64.8122,554.45,50.0,141.185,0.0,0.0,100.0,0.0197,599.94,81.2453,0.0,3000.0,24.9975,-15.4965,668.15,177.385,9.9998,0.0,0.0,0.0,168.0,278.6175,96.08,71.1281,0.0,2.619,0.0,0.0336,0.0,21.1642,0.0,363.96,0.4381,525.72,17.5888,0.5,0.0,0.0,0.0,2.6,0.0,250.0,100.0,35.84,0.0,50.0,0.0,123.84,2200.0,684.95,81.2453,26.91,1.76,341.75,341.75,57.5625,0.0,179.975,1.0006,0.0,0.0157,86.025,0.0,0.0,0.0,50.0,0.0,74.9784,0.0,0.0,0.0223,0.0,24.9975,0.037,567.25,0.0,252.85,0.0,6.62,0.0,50.0,82.0125,25.0,610.1,50.0,0.0,0.0,0.0155,999.9,0.0,21.1642,0.0,100.0,11.0,0.4632,20.0,0.0,0.0,13.896,0.5,11.0,0.0,0.0336,588.965,0.0155,0.0223,2.6,211.56,0.0,496.58,0.0,632.94,347.0074,0.0,2.619,75.54,177.385,8.9077,26.49,100.0,520.0,85.0875,61.6,5999.7334,0.7,26.91,85.245,0.0,100.0,24.9975,100.0,0.0,0.037,0.0,83.505,600.0,64.8122,588.965,633.15,100.0,0.0,363.96,100.0,100.0,8.9077,9.9998,0.0,0.0,0.0,100.0,567.25,0.0,21.1563,0.0,0.275,1.482,0.0,0.0,0.0,35.84,0.0,0.0,0.037,684.96,100.0,1880.46,525.71,25.99,0.0,38.0,3.8875,0.0,74.9784,6.62,82.23,710.0,17.5888,0.0,0.0,0.15,0.3151,590.0,5.0,673.5,0.0,0.037,0.0,2.6,177.385,0.0,0.0,0.0,525.7,525.71,668.35,525.72
57.525,211.56,0.0,211.56,0.189,75.5491,713.92,24.9975,0.0,633.39,10.4937,0.0,110.0,262.8,11.0,497.655,88.0,0.0,0.0,363.96,0.0,0.0,9.9998,0.0,96.08,0.0,50.0,180.0,0.0,0.0,0.0,75.5491,667.95,10.0111,0.0,100.0,0.0,160.75,588.9325,35.9,177.385,100.0,177.385,494.64,13.896,25.48,177.385,100.0,0.0,0.0,0.0,0.0,9.1344,24.9975,100.0,1880.46,0.0,525.79,-1.0,0.0,0.0,60.0,50100.0,25.04,0.0,0.0,13.896,177.385,0.0,495.675,0.4632,0.0,5000.0,5.0,599.94,0.0157,0.0,100.0,658.72,525.8,49.925,0.0,0.0,0.0,118.68,0.0,588.9325,654.65,0.0,211.56,0.037,100.0,0.0,100.1,100.0,9900.0,1.413,100.0,100.0,0.0,0.0,0.0,0.0,11.0,0.0,525.79,100.0,0.0,667.95,250.0,24.9975,0.0,6.62,668.15,0.0,0.0,0.037,684.95,0.0,100.0,0.0,0.0335,0.0,100.0,0.0,100.0,0.0,0.0,1008.6,999.9,0.0,0.294,84.6225,684.95,71.1219,0.0,670.2,0.0,713.92,1880.46,633.39,50.0,0.3151,0.0336,1008.6,0.7,11.0,657.48,10.0111,676.75,680.05,0.0,0.0,0.0,0.0175,0.681,0.0,0.0,0.037,179.975,0.0,0.0,0.017,2.6,26.555,0.0198,1000.0,1.0,64.8059,553.15,50.0,141.064,0.0,0.0,100.0,0.0197,599.88,82.6665,0.0,3000.0,24.9975,-15.5295,667.95,177.385,9.9998,0.0,0.0,0.0,160.75,277.7175,96.08,71.1219,0.0,2.619,0.0,0.0336,0.0,21.1948,0.0,363.96,0.4381,525.79,17.5876,0.5,0.0,0.0,0.0,2.5998,0.0,250.0,100.0,35.87,0.0,50.0,0.0,118.68,2200.0,684.95,82.6665,26.91,1.76,341.55,341.55,57.6,0.0,179.975,1.0006,0.0,0.0157,86.725,0.0,0.0,0.0,50.0,0.0,74.9792,0.0,0.0,0.0223,0.0,24.9975,0.037,565.5,0.0,252.85,0.0,6.62,0.0,50.0,82.0275,25.0,609.4,50.0,0.0,0.0,0.0156,999.9,0.0,21.1948,0.0,100.0,11.0,0.4632,20.0,0.0,0.0,13.806,0.5,11.0,0.0,0.0336,588.9325,0.0156,0.0224,2.5998,211.56,0.0,496.67,0.0,633.15,346.7663,0.0,2.619,75.545,177.385,8.9041,26.49,100.0,520.0,85.1025,61.6,5999.7334,0.7,26.91,85.2225,0.0,100.0,24.9975,100.0,0.0,0.037,0.0,83.4675,600.0,64.8059,588.9325,633.39,100.0,0.0,363.96,100.0,100.0,8.9041,9.9998,0.0,0.0,0.0,100.0,565.5,0.0,21.172,0.0,0.275,1.484,0.0,0.0,0.0,35.87,0.0,0.0,0.037,684.92,100.0,1880.46,525.8,25.99,0.0,38.0,4.3297,0.0,74.9792,6.62,82.2225,710.0,17.5876,0.0,0.0,0.15,0.3151,590.0,5.0,673.5,0.0,0.037,0.0,2.6,177.385,0.0,0.0,0.0,525.8,525.8,668.15,525.79
57.6375,211.56,0.0,211.56,0.152,75.5486,713.6,24.9975,0.0,633.57,10.0111,0.0,110.0,262.65,11.0,497.745,88.0,0.0,0.0,363.93,0.0,0.0,9.9998,0.0,96.08,0.0,50.0,180.0,0.0,0.0,0.0,75.5486,667.75,9.5239,0.0,100.0,0.0,154.5,588.9,35.93,177.385,100.0,177.385,494.73,13.806,25.48,177.385,100.0,0.0,0.0,0.0,0.0,9.1327,24.9975,100.0,1880.46,0.0,525.86,-1.0,0.0,0.0,60.0,50100.0,25.04,0.0,0.0,13.806,177.385,0.0,495.72,0.4632,0.0,5000.0,5.0,599.88,0.0157,0.0,100.0,658.92,525.85,49.925,0.0,0.0,0.0,115.24,0.0,588.9,654.2,0.0,211.56,0.037,100.0,0.0,100.1,100.0,9900.0,1.413,100.0,100.0,0.0,0.0,0.0,0.0,11.0,0.0,525.86,100.0,0.0,667.75,250.0,24.9975,0.0,6.62,667.95,0.0,0.0,0.037,684.9125,0.0,100.0,0.0,0.0335,0.0,100.0,0.0,100.0,0.0,0.0,1008.0,999.9,0.0,0.294,84.66,684.9,71.1183,0.0,670.2,0.0,713.6,1880.2799,633.57,50.0,0.3151,0.0335,1008.0,0.7,11.0,657.72,9.5239,676.75,680.05,0.0,0.0,0.0,0.0173,0.681,0.0,0.0,0.037,179.9875,0.0,0.0,0.016,2.6,26.555,0.0198,1000.0,1.0,64.8003,553.5,50.0,140.954,0.0,0.0,100.0,0.0198,599.88,84.088,0.0,3000.0,24.9975,-15.5735,667.75,177.385,9.9998,0.0,0.0,0.0,154.5,277.9425,96.08,71.1183,0.0,2.6182,0.0,0.0335,0.0,21.226,0.0,363.96,0.4381,525.86,17.5886,0.5,0.0,0.0,0.0,2.5998,0.0,250.0,100.0,35.9,0.0,50.0,0.0,115.24,2200.0,684.9,84.088,26.91,1.76,341.3,341.3,57.5625,0.0,179.9875,1.0006,0.0,0.0157,86.125,0.0,0.0,0.0,50.0,0.0,74.9794,0.0,0.0,0.0223,0.0,24.9975,0.037,563.7,0.0,252.85,0.0,6.62,0.0,50.0,82.0425,25.0,608.7,50.0,0.0,0.0,0.0156,999.9,0.0,21.226,0.0,100.0,11.0,0.4632,20.0,0.0,0.0,13.716,0.5,11.0,0.0,0.0335,588.9,0.0156,0.0224,2.5998,211.56,0.0,496.73,0.0,633.39,346.1808,0.0,2.6182,75.545,177.385,8.9013,26.49,100.0,520.0,85.11,61.6,5999.7334,0.7,26.91,85.2225,0.0,100.0,24.9975,100.0,0.0,0.037,0.0,83.5125,600.0,64.8003,588.9,633.57,100.0,0.0,363.96,100.0,100.0,8.9013,9.9998,0.0,0.0,0.0,100.0,563.7,0.0,21.2029,0.0,0.275,1.486,0.0,0.0,0.0,35.9,0.0,0.0,0.037,684.92,100.0,1880.46,525.86,25.99,0.0,38.0,4.2641,0.0,74.9794,6.62,82.2375,710.0,17.5886,0.0,0.0,0.15,0.3151,590.0,5.0,673.5,0.0,0.037,0.0,2.6,177.385,0.0,0.0,0.0,525.85,525.86,667.95,525.86
57.525,211.56,0.0,211.56,0.135,75.5491,713.6,24.9975,0.0,633.72,9.5239,0.0,110.0,262.5,0.0,497.79,88.0,0.0,0.0,363.93,0.0,0.0,9.9998,0.0,96.08,0.0,50.0,180.0,0.0,0.0,0.0,75.5491,667.55,9.0432,0.0,100.0,0.0,149.0,588.9,35.955,177.385,100.0,177.385,494.775,13.716,25.48,177.385,100.0,0.0,0.0,0.0,0.0,9.1327,24.9975,100.0,1880.2799,0.0,525.93,-1.0,0.0,0.0,60.0,50100.0,25.04,0.0,0.0,13.716,177.385,0.0,495.81,0.4632,0.0,5000.0,5.0,599.88,0.0158,0.0,100.0,659.12,525.9,49.925,0.0,0.0,0.0,111.8,0.0,588.9,653.7,0.0,211.56,0.037,100.0,0.0,100.1,100.0,9900.0,1.413,100.0,100.0,0.0,0.0,0.0,0.0,0.0,0.0,525.93,100.0,0.0,667.55,250.0,24.9975,0.0,6.62,667.75,0.0,0.0,0.037,684.9125,0.0,100.0,0.0,0.0335,0.0,100.0,0.0,100.0,0.0,0.0,1007.4,999.9,0.0,0.294,84.6525,684.9,71.1127,0.0,670.2,0.0,713.6,1880.2799,633.72,50.0,0.3151,0.0335,1007.4,0.7,0.0,657.88,9.0432,676.75,680.05,0.0,0.0,0.0,0.0174,0.681,0.0,0.0,0.037,179.9875,0.0,0.0,0.015,2.6,26.555,0.0199,1000.0,1.0,64.7942,552.55,50.0,140.844,0.0,0.0,100.0,0.0199,599.88,85.5105,0.0,3000.0,24.9975,-15.612,667.55,177.385,9.9998,0.0,0.0,0.0,149.0,277.065,96.08,71.1127,0.0,2.6182,0.0,0.0335,0.0,21.2427,0.0,363.93,0.4381,525.93,17.5891,0.5,0.0,0.0,0.0,2.5998,0.0,250.0,100.0,35.93,0.0,50.0,0.0,111.8,2200.0,684.9,85.5105,26.91,1.76,341.1,341.1,57.5625,0.0,179.9875,1.0006,0.0,0.0158,86.65,0.0,0.0,0.0,50.0,0.0,74.9797,0.0,0.0,0.0224,0.0,24.9975,0.037,561.95,0.0,252.85,0.0,6.62,0.0,50.0,81.9975,25.0,607.95,50.0,0.0,0.0,0.0156,999.9,0.0,21.2427,0.0,100.0,11.0,0.4632,20.0,0.0,0.0,13.626,0.5,11.0,0.0,0.0335,588.9,0.0156,0.0224,2.5998,211.56,0.0,496.79,0.0,633.57,346.3186,0.0,2.6182,75.545,177.385,8.8987,26.49,100.0,520.0,85.08,61.6,5999.7334,0.7,26.91,85.2675,0.0,100.0,24.9975,100.0,0.0,0.037,0.0,83.5425,600.0,64.7942,588.9,633.72,100.0,0.0,363.93,100.0,100.0,8.8987,9.9998,0.0,0.0,0.0,100.0,561.95,0.0,21.2344,0.0,0.275,1.487,0.0,0.0,0.0,35.93,0.0,0.0,0.037,684.92,100.0,1880.2799,525.92,25.99,0.0,38.0,4.5844,0.0,74.9797,6.62,82.245,710.0,17.5891,0.0,0.0,0.15,0.3151,590.0,5.0,673.5,0.0,0.037,0.0,2.6,177.385,0.0,0.0,0.0,525.9,525.92,667.75,525.93
57.6,211.56,0.0,211.56,0.137,75.5511,713.36,24.9975,0.0,633.87,9.0432,0.0,110.0,262.3,0.0,497.88,88.0,0.0,0.0,363.93,0.0,0.0,9.9998,0.0,96.08,0.0,50.0,180.0,0.0,0.0,0.0,75.5511,667.35,8.5656,0.0,100.0,0.0,142.5,588.8675,35.985,177.385,100.0,177.385,494.865,13.626,25.48,177.385,100.0,0.0,0.0,0.0,0.0,9.1311,24.9975,100.0,1880.2799,0.0,526.0,-1.0,0.0,0.0,60.0,50100.0,25.04,0.0,0.0,13.626,177.385,0.0,495.855,0.4632,0.0,5000.0,5.0,599.88,0.0158,0.0,100.0,659.28,526.0,49.925,0.0,0.0,0.0,110.08,0.0,588.8675,653.25,0.0,211.56,0.037,100.0,0.0,100.1,100.0,9900.0,1.4131,100.0,100.0,0.0,0.0,0.0,0.0,0.0,0.0,526.0,100.0,0.0,667.35,250.0,24.9975,0.0,6.62,667.55,0.0,0.0,0.037,684.9125,0.0,100.0,0.0,0.0335,0.0,100.0,0.0,100.0,0.0,0.0,1006.8,999.9,0.0,0.294,84.6975,684.9,71.1089,0.0,670.2,0.0,713.36,1880.2799,633.87,50.0,0.3151,0.0335,1006.8,0.7,0.0,658.08,8.5656,676.75,680.05,0.0,0.0,0.0,0.0174,0.681,0.0,0.0,0.037,179.975,0.0,0.0,0.014,2.6,26.555,0.0199,1000.0,1.0,64.7896,551.9,50.0,140.734,0.0,0.0,100.0,0.0199,599.82,86.9328,0.0,3000.0,24.9975,-15.6505,667.35,177.385,9.9998,0.0,0.0,0.0,142.5,277.6275,96.08,71.1089,0.0,2.6168,0.0,0.0335,0.0,21.2744,0.0,363.93,0.4381,526.0,17.5896,0.5,0.0,0.0,0.0,2.5998,0.0,250.0,100.0,35.955,0.0,50.0,0.0,110.08,2200.0,684.9,86.9328,26.91,1.76,340.85,340.85,57.6,0.0,179.975,1.0005,0.0,0.0158,0.0,0.0,0.0,0.0,50.0,0.0,74.9799,0.0,0.0,0.0224,0.0,24.9975,0.037,560.2,0.0,252.85,0.0,6.62,0.0,50.0,82.0425,25.0,607.25,50.0,0.0,0.0,0.0157,999.9,0.0,21.2744,0.0,100.0,0.0,0.4632,20.0,0.0,0.0,13.548,0.5,0.0,0.0,0.0335,588.8675,0.0157,0.0225,2.5998,211.56,0.0,496.88,0.0,633.72,346.4908,0.0,2.6168,75.545,177.385,8.8963,26.49,100.0,520.0,85.1325,61.6,5999.7334,0.7,26.91,85.305,0.0,100.0,24.9975,100.0,0.0,0.037,0.0,83.565,600.0,64.7896,588.8675,633.87,100.0,0.0,363.93,100.0,100.0,8.8963,9.9998,0.0,0.0,0.0,100.0,560.2,0.0,21.251,0.0,0.275,1.489,0.0,0.0,0.0,35.955,0.0,0.0,0.037,684.92,100.0,1880.2799,525.98,25.99,0.0,38.0,4.0297,0.0,74.9799,6.62,82.275,710.0,17.5896,0.0,0.0,0.15,0.3151,590.0,5.0,673.5,0.0,0.037,0.0,2.6,177.385,0.0,0.0,0.0,526.0,525.98,667.55,526.0
57.5625,211.56,0.0,211.56,0.136,75.5521,713.28,24.9975,0.0,633.99,8.5656,0.0,110.0,262.15,0.0,497.925,88.0,0.0,0.0,363.93,0.0,0.0,9.9998,0.0,96.08,0.0,50.0,180.0,0.0,0.0,0.0,75.5521,667.15,8.0873,0.0,100.0,0.0,138.5,588.835,36.01,177.385,100.0,177.385,494.91,13.548,25.48,177.385,100.0,0.0,0.0,0.0,0.0,9.1311,24.9975,100.0,1880.2799,0.0,526.07,-1.0,0.0,0.0,60.0,50000.0,25.04,0.0,0.0,13.548,177.385,0.0,495.945,0.4632,0.0,5000.0,5.0,599.82,0.0158,0.0,100.0,659.44,526.05,49.925,0.0,0.0,0.0,107.5,0.0,588.835,652.75,0.0,211.56,0.037,100.0,0.0,100.1,100.0,9900.0,1.4132,100.0,100.0,0.0,0.0,0.0,0.0,0.0,0.0,526.07,100.0,0.0,667.15,250.0,24.9975,0.0,6.6175,667.35,0.0,0.0,0.037,684.9125,0.0,100.0,0.0,0.0334,0.0,100.0,0.0,100.0,0.0,0.0,1006.8,999.9,0.0,0.294,84.6825,684.9,71.1043,0.0,670.2,0.0,713.28,1880.2799,633.99,50.0,0.3151,0.0334,1006.8,0.7,0.0,658.2,8.0873,676.75,680.05,0.0,0.0,0.0,0.0174,0.681,0.0,0.0,0.037,179.975,0.0,0.0,0.014,2.6,26.555,0.0199,1000.0,1.0,64.7841,551.7,50.0,140.635,0.0,0.0,100.0,0.02,599.82,88.3561,0.0,3000.0,24.9975,-15.689,667.15,177.385,9.9998,0.0,0.0,0.0,138.5,277.38,96.08,71.1043,0.0,2.6168,0.0,0.0335,0.0,21.3066,0.0,363.93,0.4381,526.07,17.5908,0.5,0.0,0.0,0.0,2.5998,0.0,250.0,100.0,35.985,0.0,50.0,0.0,107.5,2200.0,684.9,88.3561,26.91,1.76,340.65,340.65,57.6,0.0,179.975,1.0005,0.0,0.0158,0.0,0.0,0.0,0.0,50.0,0.0,74.9802,0.0,0.0,0.0225,0.0,24.9975,0.037,558.5,0.0,252.85,0.0,6.6175,0.0,50.0,82.0275,25.0,606.55,50.0,0.0,0.0,0.0157,999.9,0.0,21.3066,0.0,100.0,0.0,0.4632,20.0,0.0,0.0,13.464,0.5,0.0,0.0,0.0335,588.835,0.0157,0.0225,2.5998,211.56,0.0,496.94,0.0,633.87,345.5265,0.0,2.6168,75.545,177.385,8.8935,26.49,100.0,520.0,85.095,61.6,5999.7334,0.7,26.91,85.35,0.0,100.0,24.9975,100.0,0.0,0.037,0.0,83.5875,600.0,64.7841,588.835,633.99,100.0,0.0,363.93,100.0,100.0,8.8935,9.9998,0.0,0.0,0.0,100.0,558.5,0.0,21.283,0.0,0.275,1.491,0.0,0.0,0.0,35.985,0.0,0.0,0.037,684.88,100.0,1880.2799,526.07,25.99,0.0,38.0,4.2906,0.0,74.9802,6.6175,82.3125,710.0,17.5908,0.0,0.0,0.15,0.3151,590.0,5.0,673.5,0.0,0.037,0.0,2.6,177.385,0.0,0.0,0.0,526.05,526.07,667.35,526.07
57.5625,211.56,0.0,211.56,0.133,75.5531,713.04,24.9975,0.0,634.08,8.0873,0.0,110.0,262.0,0.0,497.97,88.0,0.0,0.0,363.93,0.0,0.0,9.9998,0.0,96.08,0.0,50.0,180.0,0.0,0.0,0.0,75.5531,666.95,7.6122,0.0,100.0,0.0,133.0,588.835,36.04,177.385,100.0,177.385,495.0,13.464,25.48,177.385,100.0,0.0,0.0,0.0,0.0,9.1289,24.9975,100.0,1880.2799,0.0,526.105,-1.0,0.0,0.0,60.0,50000.0,25.04,0.0,0.0,13.464,177.385,0.0,495.99,0.4632,0.0,5000.0,5.0,599.82,0.0159,0.0,100.0,659.56,526.1,49.925,0.0,0.0,0.0,106.64,0.0,588.835,652.3,0.0,211.56,0.037,100.0,0.0,100.1,100.0,9900.0,1.4133,100.0,100.0,0.0,0.0,0.0,0.0,0.0,0.0,526.105,100.0,0.0,666.95,250.0,24.9975,0.0,6.6175,667.15,0.0,0.0,0.037,684.875,0.0,100.0,0.0,0.0334,0.0,100.0,0.0,100.0,0.0,0.0,1006.2,999.9,0.0,0.294,84.6525,684.9,71.1011,0.0,670.2,0.0,713.04,1880.2799,634.08,50.0,0.3151,0.0334,1006.2,0.7,0.0,658.36,7.6122,676.75,680.05,0.0,0.0,0.0,0.0173,0.681,0.0,0.0,0.037,179.975,0.0,0.0,0.013,2.6,26.555,0.02,1000.0,1.0,64.7807,551.0,50.0,140.536,0.0,0.0,100.0,0.02,599.82,89.779,0.0,3000.0,24.9975,-15.7275,666.95,177.385,9.9998,0.0,0.0,0.0,133.0,277.1325,96.08,71.1011,0.0,2.6145,0.0,0.0334,0.0,21.3242,0.0,363.93,0.4381,526.105,17.5916,0.5,0.0,0.0,0.0,2.5996,0.0,250.0,100.0,36.01,0.0,50.0,0.0,106.64,2200.0,684.9,89.779,26.91,1.76,340.4,340.4,57.525,0.0,179.975,1.0005,0.0,0.0159,0.0,0.0,0.0,0.0,50.0,0.0,74.9812,0.0,0.0,0.0225,0.0,24.9975,0.037,556.75,0.0,252.85,0.0,6.6175,0.0,50.0,82.0425,25.0,605.85,50.0,0.0,0.0,0.0157,999.9,0.0,21.3242,0.0,100.0,0.0,0.4632,20.0,0.0,0.0,13.392,0.5,0.0,0.0,0.0334,588.835,0.0158,0.0225,2.5996,211.56,0.0,497.0,0.0,633.99,345.9742,0.0,2.6145,75.545,177.385,8.8914,26.49,100.0,520.0,85.065,61.6,5999.7334,0.7,26.91,85.335,0.0,100.0,24.9975,100.0,0.0,0.037,0.0,83.5725,600.0,64.7807,588.835,634.08,100.0,0.0,363.93,100.0,100.0,8.8914,9.9998,0.0,0.0,0.0,100.0,556.75,0.0,21.3154,0.0,0.275,1.493,0.0,0.0,0.0,36.01,0.0,0.0,0.037,684.88,100.0,1880.2799,526.13,25.99,0.0,38.0,4.4609,0.0,74.9812,6.6175,82.3275,710.0,17.5916,0.0,0.0,0.15,0.3151,590.0,5.0,673.5,0.0,0.037,0.0,2.6,177.385,0.0,0.0,0.0,526.1,526.13,667.15,526.105
57.6,211.56,0.0,211.56,0.118,75.5541,713.04,24.9975,0.0,634.17,7.6122,0.0,110.0,261.85,0.0,498.06,88.0,0.0,0.0,363.9,0.0,0.0,9.9998,0.0,96.08,0.0,50.0,180.0,0.0,0.0,0.0,75.5541,666.75,7.1403,0.0,100.0,0.0,129.75,588.8025,36.065,177.385,100.0,177.385,495.045,13.392,25.48,177.385,100.0,0.0,0.0,0.0,0.0,9.1289,24.9975,100.0,1880.2799,0.0,526.175,-1.0,0.0,0.0,60.0,50000.0,25.04,0.0,0.0,13.392,177.385,0.0,496.035,0.4632,0.0,5000.0,5.0,599.82,0.0159,0.0,100.0,659.68,526.15,49.925,0.0,0.0,0.0,104.06,0.0,588.8025,651.8,0.0,211.56,0.037,100.0,0.0,100.08,100.0,9900.0,1.4134,100.0,100.0,0.0,0.0,0.0,0.0,0.0,0.0,526.175,100.0,0.0,666.75,250.0,24.9975,0.0,6.6175,666.95,0.0,0.0,0.037,684.875,0.0,100.0,0.0,0.0334,0.0,100.0,0.0,100.0,0.0,0.0,1005.6,999.9,0.0,0.294,84.6825,684.85,71.0963,0.0,670.2,0.0,713.04,1880.1,634.17,50.0,0.3151,0.0334,1005.6,0.7,0.0,658.44,7.1403,676.75,680.05,0.0,0.0,0.0,0.0171,0.681,0.0,0.0,0.037,179.975,0.0,0.0,0.012,2.6,26.555,0.02,1000.0,1.0,64.7759,550.75,50.0,140.437,0.0,0.0,100.0,0.0201,599.76,91.2033,0.0,3000.0,24.9975,-15.7605,666.75,177.385,9.9998,0.0,0.0,0.0,129.75,276.345,96.08,71.0963,0.0,2.6145,0.0,0.0334,0.0,21.3569,0.0,363.93,0.4381,526.175,17.5923,0.5,0.0,0.0,0.0,2.5996,0.0,250.0,100.0,36.04,0.0,50.0,0.0,104.06,2200.0,684.85,91.2033,26.91,1.76,340.2,340.2,57.5625,0.0,179.975,1.0005,0.0,0.0159,0.0,0.0,0.0,0.0,50.0,0.0,74.9817,0.0,0.0,0.0226,0.0,24.9975,0.037,555.0,0.0,252.85,0.0,6.6175,0.0,50.0,82.02,25.0,605.1,50.0,0.0,0.0,0.0158,999.9,0.0,21.3569,0.0,100.0,0.0,0.4632,20.0,0.0,0.0,13.314,0.5,0.0,0.0,0.0334,588.8025,0.0158,0.0226,2.5996,211.56,0.0,497.06,0.0,634.08,345.0443,0.0,2.6145,75.55,177.385,8.8896,26.49,100.0,520.0,85.035,61.6,5999.7334,0.7,26.91,85.3425,0.0,100.0,24.9975,100.0,0.0,0.037,0.0,83.5725,600.0,64.7759,588.8025,634.17,100.0,0.0,363.93,100.0,100.0,8.8896,9.9998,0.0,0.0,0.0,100.0,555.0,0.0,21.3331,0.0,0.275,1.494,0.0,0.0,0.0,36.04,0.0,0.0,0.037,684.88,100.0,1880.2799,526.19,25.99,0.0,38.0,4.5766,0.0,74.9817,6.6175,82.2825,710.0,17.5923,0.0,0.0,0.15,0.3151,590.0,5.0,673.5,0.0,0.037,0.0,2.6,177.385,0.0,0.0,0.0,526.15,526.19,666.95,526.175
57.5625,211.56,0.0,211.56,0.103,75.5536,712.72,24.9975,0.0,634.23,7.1403,0.0,110.0,261.65,0.0,498.105,88.0,0.0,0.0,363.9,0.0,0.0,9.9998,0.0,96.08,0.0,50.0,180.0,0.0,0.0,0.0,75.5536,666.55,6.6681,0.0,100.0,0.0,125.25,588.77,36.085,177.385,100.0,177.385,495.09,13.314,25.48,177.385,100.0,0.0,0.0,0.0,0.0,9.1272,24.9975,100.0,1880.1,0.0,526.245,-1.0,0.0,0.0,60.0,50000.0,25.04,0.0,0.0,13.314,177.385,0.0,496.08,0.4632,0.0,5000.0,5.0,599.76,0.0159,0.0,100.0,659.76,526.2,49.925,0.0,0.0,0.0,104.06,0.0,588.77,651.35,0.0,211.56,0.037,100.0,0.0,100.08,100.0,9900.0,1.4134,100.0,100.0,0.0,0.0,0.0,0.0,0.0,0.0,526.245,100.0,0.0,666.55,250.0,24.9975,0.0,6.6175,666.75,0.0,0.0,0.037,684.875,0.0,100.0,0.0,0.0334,0.0,100.0,0.0,100.0,0.0,0.0,1005.0,999.9,0.0,0.294,84.675,684.85,71.0941,0.0,670.2,0.0,712.72,1880.1,634.23,50.0,0.3151,0.0334,1005.0,0.7,0.0,658.52,6.6681,676.75,680.05,0.0,0.0,0.0,0.0169,0.681,0.0,0.0,0.037,179.9875,0.0,0.0,0.012,2.6,26.555,0.0201,1000.0,1.0,64.7718,551.15,50.0,140.349,0.0,0.0,100.0,0.0201,599.94,92.6266,0.0,3000.0,24.9975,-15.7935,666.55,177.385,9.9998,0.0,0.0,0.0,125.25,276.705,96.08,71.0941,0.0,2.6137,0.0,0.0334,0.0,21.3901,0.0,363.9,0.4381,526.245,17.5938,0.5,0.0,0.0,0.0,2.6002,0.0,250.0,100.0,36.065,0.0,50.0,0.0,104.06,2200.0,684.85,92.6266,26.91,1.76,340.0,340.0,57.6,0.0,179.9875,1.0004,0.0,0.0159,0.0,0.0,0.0,0.0,50.0,0.0,74.9799,0.0,0.0,0.0226,0.0,24.9975,0.037,553.3,0.0,252.85,0.0,6.6175,0.0,50.0,82.065,25.0,604.4,50.0,0.0,0.0,0.0158,999.9,0.0,21.3901,0.0,100.0,0.0,0.4632,20.0,0.0,0.0,13.242,0.5,0.0,0.0,0.0334,588.77,0.0158,0.0226,2.6002,211.56,0.0,497.12,0.0,634.17,345.3887,0.0,2.6137,75.55,177.385,8.888,26.49,100.0,520.0,84.9975,61.6,5999.7334,0.7,26.91,85.3575,0.0,100.0,24.9975,100.0,0.0,0.037,0.0,83.58,600.0,64.7718,588.77,634.23,100.0,0.0,363.9,100.0,100.0,8.888,9.9998,0.0,0.0,0.0,100.0,553.3,0.0,21.366,0.0,0.275,1.496,0.0,0.0,0.0,36.065,0.0,0.0,0.037,684.84,100.0,1880.1,526.22,25.99,0.0,38.0,4.6594,0.0,74.9799,6.6175,82.2675,710.0,17.5938,0.0,0.0,0.15,0.3151,590.0,5.0,673.5,0.0,0.037,0.0,2.6,177.385,0.0,0.0,0.0,526.2,526.22,666.75,526.245
57.6,211.56,0.0,211.56,0.087,75.5541,712.72,24.9975,0.0,634.26,6.6681,0.0,110.0,261.5,0.0,498.15,88.0,0.0,0.0,363.9,0.0,0.0,9.9998,0.0,96.08,0.0,50.0,180.0,0.0,0.0,0.0,75.5541,666.35,6.1993,0.0,100.0,0.0,122.75,588.7375,36.105,177.385,100.0,177.385,495.135,13.242,25.48,177.385,100.0,0.0,0.0,0.0,0.0,9.1272,24.9975,100.0,1880.1,0.0,526.28,-1.0,0.0,0.0,60.0,50000.0,25.04,0.0,0.0,13.242,177.385,0.0,496.17,0.4632,0.0,5000.0,5.0,599.94,0.0159,0.0,100.0,659.8,526.25,49.925,0.0,0.0,0.0,101.48,0.0,588.7375,650.85,0.0,211.56,0.037,100.0,0.0,100.08,100.0,9900.0,1.4134,100.0,100.0,0.0,0.0,0.0,0.0,0.0,0.0,526.28,100.0,0.0,666.35,250.0,24.9975,0.0,6.6175,666.55,0.0,0.0,0.037,684.8375,0.0,100.0,0.0,0.0333,0.0,100.0,0.0,100.0,0.0,0.0,1005.0,999.9,0.0,0.294,84.645,684.85,71.0898,0.0,670.2,0.0,712.72,1880.1,634.26,50.0,0.3151,0.0334,1005.0,0.7,0.0,658.6,6.1993,676.75,680.05,0.0,0.0,0.0,0.0169,0.681,0.0,0.0,0.037,179.9875,0.0,0.0,0.011,2.6,26.555,0.0201,1000.0,1.0,64.7672,549.95,50.0,140.261,0.0,0.0,100.0,0.0202,599.94,94.0517,0.0,3000.0,24.9975,-15.8265,666.35,177.385,9.9998,0.0,0.0,0.0,122.75,276.345,96.08,71.0898,0.0,2.6137,0.0,0.0334,0.0,21.4237,0.0,363.9,0.4381,526.28,17.5926,0.5,0.0,0.0,0.0,2.6002,0.0,250.0,100.0,36.085,0.0,50.0,0.0,101.48,2200.0,684.85,94.0517,26.91,1.76,339.75,339.75,57.6,0.0,179.9875,1.0004,0.0,0.0159,0.0,0.0,0.0,0.0,50.0,0.0,74.9797,0.0,0.0,0.0226,0.0,24.9975,0.037,551.55,0.0,252.85,0.0,6.6175,0.0,50.0,82.1025,25.0,603.7,50.0,0.0,0.0,0.0158,999.9,0.0,21.4237,0.0,100.0,0.0,0.4632,20.0,0.0,0.0,13.17,0.5,0.0,0.0,0.0334,588.7375,0.0158,0.0226,2.6002,211.56,0.0,497.15,0.0,634.23,344.39,0.0,2.6137,75.55,177.385,8.8859,26.49,100.0,520.0,85.0275,61.6,5999.7334,0.7,26.91,85.395,0.0,100.0,24.9975,100.0,0.0,0.037,0.0,83.535,600.0,64.7672,588.7375,634.26,100.0,0.0,363.9,100.0,100.0,8.8859,9.9998,0.0,0.0,0.0,100.0,551.55,0.0,21.3994,0.0,0.275,1.497,0.0,0.0,0.0,36.085,0.0,0.0,0.037,684.84,100.0,1880.1,526.28,25.99,0.0,38.0,3.9141,0.0,74.9797,6.6175,82.2975,710.0,17.5926,0.0,0.0,0.15,0.3151,590.0,5.0,673.5,0.0,0.037,0.0,2.6,177.385,0.0,0.0,0.0,526.25,526.28,666.55,526.28
57.525,211.56,0.0,211.56,0.079,75.5546,712.56,24.9975,0.0,634.26,6.1993,0.0,110.0,261.35,0.0,498.195,88.0,0.0,0.0,363.9,0.0,0.0,9.9998,0.0,96.08,0.0,50.0,180.0,0.0,0.0,0.0,75.5546,666.15,5.734,0.0,100.0,0.0,118.75,588.7375,36.125,177.385,100.0,177.385,495.18,13.17,25.48,177.385,100.0,0.0,0.0,0.0,0.0,9.1267,24.9975,100.0,1880.1,0.0,526.315,-1.0,0.0,0.0,60.0,50000.0,25.04,0.0,0.0,13.17,177.385,0.0,496.215,0.4632,0.0,5000.0,5.0,599.94,0.0159,0.0,100.0,659.84,526.3,49.925,0.0,0.0,0.0,101.48,0.0,588.7375,650.4,0.0,211.56,0.037,100.0,0.0,100.08,100.0,9900.0,1.4135,100.0,100.0,0.0,0.0,0.0,0.0,0.0,0.0,526.315,100.0,0.0,666.15,250.0,24.9975,0.0,6.6175,666.35,0.0,0.0,0.037,684.8375,0.0,100.0,0.0,0.0333,0.0,100.0,0.0,100.0,0.0,0.0,1004.4,999.9,0.0,0.294,84.645,684.85,71.0868,0.0,670.2,0.0,712.56,1880.1,634.26,50.0,0.3151,0.0333,1004.4,0.7,0.0,658.64,5.734,676.75,680.05,0.0,0.0,0.0,0.0168,0.681,0.0,0.0,0.037,179.9875,0.0,0.0,0.011,2.6,26.555,0.0201,1000.0,1.0,64.7634,550.35,50.0,140.173,0.0,0.0,100.0,0.0202,599.94,95.4757,0.0,3000.0,24.9975,-15.8595,666.15,177.385,9.9998,0.0,0.0,0.0,118.75,276.345,96.08,71.0868,0.0,2.613,0.0,0.0333,0.0,21.4428,0.0,363.9,0.4381,526.315,17.5928,0.5,0.0,0.0,0.0,2.6,0.0,250.0,100.0,36.105,0.0,50.0,0.0,101.48,2200.0,684.85,95.4757,26.91,1.76,339.55,339.55,57.5625,0.0,179.9875,1.0004,0.0,0.0159,0.0,0.0,0.0,0.0,50.0,0.0,74.9802,0.0,0.0,0.0226,0.0,24.9975,0.037,549.85,0.0,252.85,0.0,6.6175,0.0,50.0,82.05,25.0,603.0,50.0,0.0,0.0,0.0159,999.9,0.0,21.4428,0.0,100.0,0.0,0.4632,20.0,0.0,0.0,13.104,0.5,0.0,0.0,0.0333,588.7375,0.0159,0.0227,2.6,211.56,0.0,497.21,0.0,634.26,345.0788,0.0,2.613,75.55,177.385,8.8846,26.49,100.0,520.0,85.05,61.6,5999.7334,0.7,26.91,85.4175,0.0,100.0,24.9975,100.0,0.0,0.037,0.0,83.505,600.0,64.7634,588.7375,634.26,100.0,0.0,363.9,100.0,100.0,8.8846,9.9998,0.0,0.0,0.0,100.0,549.85,0.0,21.4333,0.0,0.275,1.499,0.0,0.0,0.0,36.105,0.0,0.0,0.037,684.84,100.0,1880.1,526.34,25.99,0.0,38.0,4.0625,0.0,74.9802,6.6175,82.3125,710.0,17.5928,0.0,0.0,0.15,0.3151,590.0,5.0,673.5,0.0,0.037,0.0,2.6,177.385,0.0,0.0,0.0,526.3,526.34,666.35,526.315
57.6,211.56,0.0,211.56,0.071,75.5551,712.56,24.9975,0.0,634.26,5.734,0.0,110.0,261.2,0.0,498.24,88.0,0.0,0.0,363.9,0.0,0.0,9.9998,0.0,96.08,0.0,50.0,180.0,0.0,0.0,0.0,75.5551,665.95,5.2724,0.0,100.0,0.0,116.75,588.705,36.145,177.385,100.0,177.385,495.225,13.104,25.48,177.385,100.0,0.0,0.0,0.0,0.0,9.1267,24.9975,100.0,1880.1,0.0,526.35,-1.0,0.0,0.0,60.0,50000.0,25.04,0.0,0.0,13.104,177.385,0.0,496.26,0.4632,0.0,5000.0,5.0,599.94,0.016,0.0,100.0,659.84,526.35,49.925,0.0,0.0,0.0,99.76,0.0,588.705,649.9,0.0,211.56,0.037,100.0,0.0,100.08,100.0,9900.0,1.4136,100.0,100.0,0.0,0.0,0.0,0.0,0.0,0.0,526.35,100.0,0.0,665.95,250.0,24.9975,0.0,6.615,666.15,0.0,0.0,0.037,684.8375,0.0,100.0,0.0,0.0333,0.0,100.0,0.0,100.0,0.0,0.0,1004.4,999.9,0.0,0.294,84.5925,684.8,71.0828,0.0,670.2,0.0,712.56,1880.1,634.26,50.0,0.3151,0.0333,1004.4,0.7,0.0,658.64,5.2724,676.75,680.05,0.0,0.0,0.0,0.0168,0.681,0.0,0.0,0.037,179.9875,0.0,0.0,0.01,2.6,26.555,0.0202,1000.0,1.0,64.7591,549.4,50.0,140.096,0.0,0.0,100.0,0.0203,599.88,96.9009,0.0,3000.0,24.9975,-15.887,665.95,177.385,9.9998,0.0,0.0,0.0,116.75,275.715,96.08,71.0828,0.0,2.613,0.0,0.0333,0.0,21.477,0.0,363.9,0.4381,526.35,17.5931,0.5,0.0,0.0,0.0,2.6,0.0,250.0,100.0,36.125,0.0,50.0,0.0,99.76,2200.0,684.8,96.9009,26.91,1.76,339.35,339.35,57.6,0.0,179.9875,1.0002,0.0,0.016,0.0,0.0,0.0,0.0,50.0,0.0,74.9802,0.0,0.0,0.0226,0.0,24.9975,0.037,548.15,0.0,252.85,0.0,6.615,0.0,50.0,82.02,25.0,602.3,50.0,0.0,0.0,0.0159,999.9,0.0,21.477,0.0,100.0,0.0,0.4632,20.0,0.0,0.0,13.038,0.5,0.0,0.0,0.0333,588.705,0.0159,0.0227,2.6,211.56,0.0,497.24,0.0,634.26,344.3211,0.0,2.613,75.55,177.385,8.8828,26.49,100.0,520.0,85.005,61.6,5999.7334,0.7,26.91,85.425,0.0,100.0,24.9975,100.0,0.0,0.037,0.0,83.4675,600.0,64.7591,588.705,634.26,100.0,0.0,363.9,100.0,100.0,8.8828,9.9998,0.0,0.0,0.0,100.0,548.15,0.0,21.4524,0.0,0.275,1.5,0.0,0.0,0.0,36.125,0.0,0.0,0.037,684.8,100.0,1880.1,526.37,25.99,0.0,38.0,4.1266,0.0,74.9802,6.615,82.35,710.0,17.5931,0.0,0.0,0.15,0.3151,590.0,5.0,673.5,0.0,0.037,0.0,2.6,177.385,0.0,0.0,0.0,526.35,526.37,666.15,526.35
57.6,211.56,0.0,211.56,0.068,75.5556,712.4,24.9975,0.0,634.26,5.2724,0.0,110.0,261.05,0.0,498.285,88.0,0.0,0.0,363.87,0.0,0.0,9.9998,0.0,96.08,0.0,50.0,180.0,0.0,0.0,0.0,75.5556,665.75,4.8107,0.0,100.0,0.0,114.0,588.6725,36.165,177.385,100.0,177.385,495.27,13.038,25.48,177.385,100.0,0.0,0.0,0.0,0.0,9.125,24.9975,100.0,1880.1,0.0,526.42,-1.0,0.0,0.0,60.0,50100.0,25.04,0.0,0.0,13.038,177.385,0.0,496.26,0.4632,0.0,5000.0,5.0,599.88,0.016,0.0,100.0,659.84,526.4,49.925,0.0,0.0,0.0,98.9,0.0,588.6725,649.45,0.0,211.56,0.037,100.0,0.0,100.08,100.0,9900.0,1.4136,100.0,100.0,0.0,0.0,0.0,0.0,0.0,0.0,526.42,100.0,0.0,665.75,250.0,24.9975,0.0,6.615,665.95,0.0,0.0,0.037,684.8,0.0,100.0,0.0,0.0333,0.0,100.0,0.0,100.0,0.0,0.0,1004.4,999.9,0.0,0.294,84.5475,684.8,71.0801,0.0,670.2,0.0,712.4,1880.1,634.26,50.0,0.3151,0.0333,1004.4,0.7,0.0,658.64,4.8107,676.75,680.05,0.0,0.0,0.0,0.0167,0.681,0.0,0.0,0.037,179.9875,0.0,0.0,0.01,2.6,26.555,0.0202,1000.0,1.0,64.7555,549.65,50.0,140.019,0.0,0.0,100.0,0.0203,599.88,98.326,0.0,3000.0,24.9975,-15.9145,665.75,177.385,9.9998,0.0,0.0,0.0,114.0,275.5575,96.08,71.0801,0.0,2.6122,0.0,0.0333,0.0,21.5116,0.0,363.9,0.4381,526.42,17.5941,0.5,0.0,0.0,0.0,2.5994,0.0,250.0,100.0,36.145,0.0,50.0,0.0,98.9,2200.0,684.8,98.326,26.91,1.76,339.15,339.15,57.5625,0.0,179.9875,1.0002,0.0,0.016,0.0,0.0,0.0,0.0,50.0,0.0,74.9824,0.0,0.0,0.0227,0.0,24.9975,0.037,546.45,0.0,252.85,0.0,6.615,0.0,50.0,82.0125,25.0,601.55,50.0,0.0,0.0,0.0159,999.9,0.0,21.5116,0.0,100.0,0.0,0.4632,20.0,0.0,0.0,12.978,0.5,0.0,0.0,0.0333,588.6725,0.0159,0.0227,2.5994,211.56,0.0,497.3,0.0,634.26,343.9423,0.0,2.6122,75.55,177.385,8.8809,26.49,100.0,520.0,84.9825,61.6,5999.7334,0.7,26.91,85.3725,0.0,100.0,24.9975,100.0,0.0,0.037,0.0,83.43,600.0,64.7555,588.6725,634.26,100.0,0.0,363.9,100.0,100.0,8.8809,9.9998,0.0,0.0,0.0,100.0,546.45,0.0,21.4868,0.0,0.275,1.501,0.0,0.0,0.0,36.145,0.0,0.0,0.037,684.8,100.0,1880.1,526.4,25.99,0.0,38.0,4.4656,0.0,74.9824,6.615,82.395,710.0,17.5941,0.0,0.0,0.15,0.3151,590.0,5.0,673.5,0.0,0.037,0.0,2.6,177.385,0.0,0.0,0.0,526.4,526.4,665.95,526.42
57.525,211.56,0.0,211.56,0.061,75.5561,712.24,24.9975,0.0,634.2,4.8107,0.0,110.0,260.9,0.0,498.33,88.0,0.0,0.0,363.87,0.0,0.0,9.9998,0.0,96.08,0.0,50.0,180.0,0.0,0.0,0.0,75.5561,665.55,4.3491,0.0,100.0,0.0,110.75,588.6725,36.185,177.385,100.0,177.385,495.315,12.978,25.48,177.385,100.0,0.0,0.0,0.0,0.0,9.124,24.9975,100.0,1880.1,0.0,526.455,-1.0,0.0,0.0,60.0,50100.0,25.04,0.0,0.0,12.978,177.385,0.0,496.305,0.4632,0.0,5000.0,5.0,599.88,0.016,0.0,100.0,659.84,526.45,49.925,0.0,0.0,0.0,98.9,0.0,588.6725,648.95,0.0,211.56,0.037,100.0,0.0,100.08,100.0,9900.0,1.4137,100.0,100.0,0.0,0.0,0.0,0.0,0.0,0.0,526.455,100.0,0.0,665.55,250.0,24.9975,0.0,6.615,665.75,0.0,0.0,0.037,684.8,0.0,100.0,0.0,0.0333,0.0,100.0,0.0,100.0,0.0,0.0,1003.8,999.9,0.0,0.294,84.57,684.8,71.0776,0.0,670.2,0.0,712.24,1880.1,634.2,50.0,0.3151,0.0333,1003.8,0.7,0.0,658.64,4.3491,676.75,680.05,0.0,0.0,0.0,0.0166,0.681,0.0,0.0,0.037,179.9875,0.0,0.0,0.009,2.6,26.555,0.0202,1000.0,1.0,64.7529,548.8,50.0,139.953,0.0,0.0,100.0,0.0204,599.88,99.7508,0.0,3000.0,24.9975,-15.942,665.55,177.385,9.9998,0.0,0.0,0.0,110.75,275.6475,96.08,71.0776,0.0,2.6107,0.0,0.0333,0.0,21.5317,0.0,363.87,0.4381,526.455,17.5946,0.5,0.0,0.0,0.0,2.6,0.0,250.0,100.0,36.165,0.0,50.0,0.0,98.9,2200.0,684.8,99.7508,26.91,1.76,338.95,338.95,57.525,0.0,179.9875,1.0002,0.0,0.016,0.0,0.0,0.0,0.0,50.0,0.0,74.9809,0.0,0.0,0.0227,0.0,24.9975,0.037,544.75,0.0,252.85,0.0,6.615,0.0,50.0,81.975,25.0,600.85,50.0,0.0,0.0,0.016,999.9,0.0,21.5317,0.0,100.0,0.0,0.4632,20.0,0.0,0.0,12.924,0.5,0.0,0.0,0.0333,588.6725,0.016,0.0228,2.6,211.56,0.0,497.33,0.0,634.26,344.0112,0.0,2.6107,75.55,177.385,8.8798,26.49,100.0,520.0,84.945,61.6,5999.7334,0.7,26.91,85.365,0.0,100.0,24.9975,100.0,0.0,0.037,0.0,83.3925,600.0,64.7529,588.6725,634.2,100.0,0.0,363.87,100.0,100.0,8.8798,9.9998,0.0,0.0,0.0,100.0,544.75,0.0,21.5217,0.0,0.275,1.503,0.0,0.0,0.0,36.165,0.0,0.0,0.037,684.8,100.0,1880.1,526.46,25.99,0.0,38.0,4.6328,0.0,74.9809,6.615,82.335,710.0,17.5946,0.0,0.0,0.15,0.3151,590.0,5.0,673.5,0.0,0.037,0.0,2.6,177.385,0.0,0.0,0.0,526.45,526.46,665.75,526.455
57.525,211.56,0.0,211.56,0.055,75.5566,712.24,24.9975,0.0,634.14,4.3491,0.0,110.0,260.75,0.0,498.375,88.0,0.0,0.0,363.87,0.0,0.0,9.9998,0.0,96.08,0.0,50.0,180.0,0.0,0.0,0.0,75.5566,665.35,3.8949,0.0,100.0,0.0,109.25,588.64,36.2,177.385,100.0,177.385,495.36,12.924,25.48,177.385,100.0,0.0,0.0,0.0,0.0,9.124,24.9975,100.0,1880.1,0.0,526.49,-1.0,0.0,0.0,60.0,50100.0,25.04,0.0,0.0,12.924,177.385,0.0,496.35,0.4632,0.0,5000.0,5.0,599.88,0.016,0.0,100.0,659.8,526.45,49.925,0.0,0.0,0.0,98.04,0.0,588.64,648.5,0.0,211.56,0.037,100.0,0.0,100.08,100.0,9900.0,1.4138,100.0,100.0,0.0,0.0,0.0,0.0,0.0,0.0,526.49,100.0,0.0,665.35,250.0,24.9975,0.0,6.615,665.55,0.0,0.0,0.037,684.7625,0.0,100.0,0.0,0.0333,0.0,100.0,0.0,100.0,0.0,0.0,1003.8,999.9,0.0,0.294,84.5325,684.75,71.0741,0.0,670.2,0.0,712.24,1879.9199,634.14,50.0,0.3151,0.0333,1003.8,0.7,0.0,658.56,3.8949,676.75,680.05,0.0,0.0,0.0,0.0166,0.681,0.0,0.0,0.037,179.9875,0.0,0.0,0.009,2.6,26.555,0.0202,1000.0,1.0,64.7493,549.3,50.0,139.887,0.0,0.0,100.0,0.0204,599.88,100.0,0.0,3000.0,24.9975,-15.9695,665.35,177.385,9.9998,0.0,0.0,0.0,109.25,275.715,96.08,71.0741,0.0,2.6107,0.0,0.0333,0.0,21.5669,0.0,363.87,0.4381,526.49,17.5951,0.5,0.0,0.0,0.0,2.6,0.0,250.0,100.0,36.185,0.0,50.0,0.0,98.04,2200.0,684.75,100.0,26.91,1.76,338.75,338.75,57.5625,0.0,179.9875,1.0001,0.0,0.016,0.0,0.0,0.0,0.0,50.0,0.0,74.9809,0.0,0.0,0.0228,0.0,24.9975,0.037,543.05,0.0,252.85,0.0,6.615,0.0,50.0,81.9825,25.0,600.15,50.0,0.0,0.0,0.016,999.9,0.0,21.5669,0.0,100.0,0.0,0.4632,20.0,0.0,0.0,12.864,0.5,0.0,0.0,0.0333,588.64,0.016,0.0228,2.6,211.56,0.0,497.36,0.0,634.2,343.6668,0.0,2.6107,75.555,177.385,8.8783,26.49,100.0,520.0,84.9375,61.6,5999.7334,0.7,26.91,85.3425,0.0,100.0,24.9975,100.0,0.0,0.037,0.0,83.4,600.0,64.7493,588.64,634.14,100.0,0.0,363.87,100.0,100.0,8.8783,9.9998,0.0,0.0,0.0,100.0,543.05,0.0,21.5418,0.0,0.275,1.504,0.0,0.0,0.0,36.185,0.0,0.0,0.037,684.76,100.0,1880.1,526.49,25.99,0.0,38.0,4.4031,0.0,74.9809,6.615,82.38,710.0,17.5951,0.0,0.0,0.15,0.3151,590.0,5.0,673.5,0.0,0.037,0.0,2.6,177.385,0.0,0.0,0.0,526.45,526.49,665.55,526.49
57.5625,211.56,0.0,211.56,0.049,75.5556,712.08,24.9975,0.0,634.08,3.8949,0.0,110.0,260.6,0.0,498.375,88.0,0.0,0.0,363.87,0.0,0.0,9.9998,0.0,96.08,0.0,50.0,180.0,0.0,0.0,0.0,75.5556,665.15,3.441,0.0,100.0,0.0,107.25,588.6075,36.215,177.385,100.0,177.385,495.405,12.864,25.48,177.385,100.0,0.0,0.0,0.0,0.0,9.1234,24.9975,100.0,1879.9199,0.0,526.525,-1.0,0.0,0.0,60.0,50100.0,25.04,0.0,0.0,12.864,177.385,0.0,496.395,0.4632,0.0,5000.0,5.0,599.88,0.016,0.0,100.0,659.72,526.5,49.925,0.0,0.0,0.0,97.18,0.0,588.6075,648.0,0.0,211.56,0.037,100.0,0.0,100.08,100.0,9900.0,1.4138,100.0,100.0,0.0,0.0,0.0,0.0,0.0,0.0,526.525,100.0,0.0,665.15,250.0,24.9975,0.0,6.615,665.35,0.0,0.0,0.037,684.7625,0.0,100.0,0.0,0.0333,0.0,100.0,0.0,100.0,0.0,0.0,1003.8,999.9,0.0,0.294,84.5775,684.75,71.0718,0.0,670.2,0.0,712.08,1879.9199,634.08,50.0,0.3151,0.0333,1003.8,0.7,0.0,658.52,3.441,676.75,680.0,0.0,0.0,0.0,0.0165,0.681,0.0,0.0,0.037,180.0,0.0,0.0,0.009,2.6,26.555,0.0203,1000.0,1.0,64.7465,548.4,50.0,139.821,0.0,0.0,100.0,0.0205,599.82,100.0,0.0,3000.0,24.9975,-15.997,665.15,177.385,9.9998,0.0,0.0,0.0,107.25,275.175,96.08,71.0718,0.0,2.61,0.0,0.0333,0.0,21.6025,0.0,363.87,0.4381,526.525,17.5956,0.5,0.0,0.0,0.0,2.6,0.0,250.0,100.0,36.2,0.0,50.0,0.0,97.18,2200.0,684.75,100.0,26.91,1.76,338.55,338.55,57.6,0.0,180.0,1.0001,0.0,0.016,0.0,0.0,0.0,0.0,50.0,0.0,74.9809,0.0,0.0,0.0228,0.0,24.9975,0.037,541.35,0.0,252.85,0.0,6.615,0.0,50.0,81.9975,25.0,599.45,50.0,0.0,0.0,0.016,999.9,0.0,21.6025,0.0,100.0,0.0,0.4632,20.0,0.0,0.0,12.81,0.5,0.0,0.0,0.0333,588.6075,0.016,0.0228,2.6,211.56,0.0,497.39,0.0,634.14,343.529,0.0,2.61,75.555,177.385,8.8767,26.49,100.0,520.0,84.9375,61.6,5999.7334,0.7,26.91,85.3575,0.0,100.0,24.9975,100.0,0.0,0.037,0.0,83.385,600.0,64.7465,588.6075,634.08,100.0,0.0,363.87,100.0,100.0,8.8767,9.9998,0.0,0.0,0.0,100.0,541.35,0.0,21.5772,0.0,0.275,1.505,0.0,0.0,0.0,36.2,0.0,0.0,0.037,684.76,100.0,1879.9199,526.52,25.99,0.0,38.0,4.2922,0.0,74.9809,6.615,82.4175,710.0,17.5956,0.0,0.0,0.15,0.3151,590.0,5.0,673.5,0.0,0.037,0.0,2.6,177.385,0.0,0.0,0.0,526.5,526.52,665.35,526.525
57.5625,211.56,0.0,211.56,0.04,75.5556,711.92,24.9975,0.0,633.96,3.441,0.0,110.0,260.45,0.0,498.42,88.0,0.0,0.0,363.87,0.0,0.0,9.9998,0.0,96.08,0.0,50.0,180.0,0.0,0.0,0.0,75.5556,664.95,2.9874,0.0,100.0,0.0,104.5,588.6075,36.23,177.385,100.0,177.385,495.405,12.81,25.48,177.385,100.0,0.0,0.0,0.0,0.0,9.1223,24.9975,100.0,1879.9199,0.0,526.525,-1.0,0.0,0.0,60.0,50100.0,25.04,0.0,0.0,12.81,177.385,0.0,496.395,0.4632,0.0,5000.0,5.0,599.82,0.0161,0.0,100.0,659.64,526.55,49.925,0.0,0.0,0.0,97.18,0.0,588.6075,647.55,0.0,211.56,0.037,100.0,0.0,100.08,100.0,9900.0,1.4138,100.0,100.0,0.0,0.0,0.0,0.0,0.0,0.0,526.525,100.0,0.0,664.95,250.0,24.9975,0.0,6.615,665.15,0.0,0.0,0.037,684.7625,0.0,100.0,0.0,0.0333,0.0,100.0,0.0,100.0,0.0,0.0,1003.2,999.9,0.0,0.294,84.6,684.75,71.0698,0.0,670.2,0.0,711.92,1879.9199,633.96,50.0,0.3151,0.0333,1003.2,0.7,0.0,658.44,2.9874,676.75,680.0,0.0,0.0,0.0,0.0165,0.681,0.0,0.0,0.037,180.0,0.0,0.0,0.008,2.6,26.555,0.0203,1000.0,1.0,64.7431,548.0,50.0,139.755,0.0,0.0,100.0,0.0205,600.0,100.0,0.0,3000.0,24.9975,-16.019,664.95,177.385,9.9998,0.0,0.0,0.0,104.5,275.7375,96.08,71.0698,0.0,2.61,0.0,0.0333,0.0,21.6236,0.0,363.87,0.4381,526.525,17.5968,0.5,0.0,0.0,0.0,2.6,0.0,250.0,100.0,36.215,0.0,50.0,0.0,97.18,2200.0,684.75,100.0,26.91,1.76,338.35,338.35,57.6,0.0,180.0,1.0001,0.0,0.016,0.0,0.0,0.0,0.0,50.0,0.0,74.9809,0.0,0.0,0.0228,0.0,24.9975,0.037,539.7,0.0,252.85,0.0,6.615,0.0,50.0,82.035,25.0,598.75,50.0,0.0,0.0,0.016,999.9,0.0,21.6236,0.0,100.0,0.0,0.4632,20.0,0.0,0.0,12.756,0.5,0.0,0.0,0.0333,588.6075,0.016,0.0228,2.6,211.56,0.0,497.42,0.0,634.08,344.08,0.0,2.61,75.555,177.385,8.8758,26.49,100.0,520.0,84.9075,61.6,5999.7334,0.7,26.91,85.32,0.0,100.0,24.9975,100.0,0.0,0.037,0.0,83.385,600.0,64.7431,588.6075,633.96,100.0,0.0,363.87,100.0,100.0,8.8758,9.9998,0.0,0.0,0.0,100.0,539.7,0.0,21.6131,0.0,0.275,1.506,0.0,0.0,0.0,36.215,0.0,0.0,0.037,684.76,100.0,1879.9199,526.55,25.99,0.0,38.0,3.8953,0.0,74.9809,6.615,82.365,710.0,17.5968,0.0,0.0,0.15,0.3151,590.0,5.0,673.45,0.0,0.037,0.0,2.6,177.385,0.0,0.0,0.0,526.55,526.55,665.15,526.525
57.525,211.56,0.0,211.56,0.034,75.5556,711.92,24.9975,0.0,633.84,2.9874,0.0,110.0,260.3,0.0,498.465,88.0,0.0,0.0,363.84,0.0,0.0,9.9998,0.0,96.08,0.0,50.0,180.0,0.0,0.0,0.0,75.5556,664.75,2.5415,0.0,100.0,0.0,103.5,588.575,36.245,177.385,100.0,177.385,495.45,12.756,25.48,177.385,100.0,0.0,0.0,0.0,0.0,9.1223,24.9975,100.0,1879.9199,0.0,526.56,-1.0,0.0,0.0,60.0,50100.0,25.04,0.0,0.0,12.756,177.385,0.0,496.44,0.4632,0.0,5000.0,5.0,600.0,0.0161,0.0,100.0,659.52,526.55,49.925,0.0,0.0,0.0,96.32,0.0,588.575,647.05,0.0,211.56,0.037,100.0,0.0,100.08,100.0,9900.0,1.4139,100.0,100.0,0.0,0.0,0.0,0.0,0.0,0.0,526.56,100.0,0.0,664.75,250.0,24.9975,0.0,6.615,664.95,0.0,0.0,0.037,684.725,0.0,100.0,0.0,0.0333,0.0,100.0,0.0,100.0,0.0,0.0,1003.2,999.9,0.0,0.294,84.585,684.75,71.0668,0.0,670.2,0.0,711.92,1879.9199,633.84,50.0,0.3151,0.0332,1003.2,0.7,0.0,658.32,2.5415,676.75,680.0,0.0,0.0,0.0,0.0164,0.681,0.0,0.0,0.037,180.0,0.0,0.0,0.008,2.6,26.555,0.0203,1000.0,1.0,64.7398,548.35,50.0,139.7,0.0,0.0,100.0,0.0205,600.0,100.0,0.0,3000.0,24.9975,-16.041,664.75,177.385,9.9998,0.0,0.0,0.0,103.5,275.5575,96.08,71.0668,0.0,2.61,0.0,0.0333,0.0,21.6597,0.0,363.87,0.4381,526.56,17.5953,0.5,0.0,0.0,0.0,2.5998,0.0,250.0,100.0,36.23,0.0,50.0,0.0,96.32,2200.0,684.75,100.0,26.91,1.76,338.15,338.15,57.6,0.0,180.0,1.0,0.0,0.0161,0.0,0.0,0.0,0.0,50.0,0.0,74.9817,0.0,0.0,0.0229,0.0,24.9975,0.037,538.0,0.0,252.85,0.0,6.615,0.0,50.0,82.02,25.0,598.05,50.0,0.0,0.0,0.016,999.9,0.0,21.6597,0.0,100.0,0.0,0.4632,20.0,0.0,0.0,12.702,0.5,0.0,0.0,0.0333,588.575,0.016,0.0229,2.5998,211.56,0.0,497.45,0.0,633.96,343.3913,0.0,2.61,75.555,177.385,8.8745,26.49,100.0,520.0,84.9675,61.6,5999.7334,0.7,26.91,85.335,0.0,100.0,24.9975,100.0,0.0,0.037,0.0,83.415,600.0,64.7398,588.575,633.84,100.0,0.0,363.87,100.0,100.0,8.8745,9.9998,0.0,0.0,0.0,100.0,538.0,0.0,21.6341,0.0,0.275,1.507,0.0,0.0,0.0,36.23,0.0,0.0,0.037,684.72,100.0,1879.9199,526.58,25.99,0.0,38.0,4.0875,0.0,74.9817,6.615,82.32,710.0,17.5953,0.0,0.0,0.15,0.3151,590.0,5.0,673.45,0.0,0.037,0.0,2.6,177.385,0.0,0.0,0.0,526.55,526.58,664.95,526.56
57.525,211.56,0.0,211.56,0.031,75.5556,711.76,24.9975,0.0,633.69,2.5415,0.0,110.0,260.15,0.0,498.465,88.0,0.0,0.0,363.84,0.0,0.0,9.9998,0.0,96.08,0.0,50.0,180.0,0.0,0.0,0.0,75.5556,664.55,2.0961,0.0,100.0,0.0,102.25,588.5425,36.255,177.385,100.0,177.385,495.45,12.702,25.48,177.385,100.0,0.0,0.0,0.0,0.0,9.1217,24.9975,100.0,1879.9199,0.0,526.595,-1.0,0.0,0.0,60.0,50100.0,25.04,0.0,0.0,12.702,177.385,0.0,496.485,0.4632,0.0,5000.0,5.0,600.0,0.0161,0.0,100.0,659.4,526.6,49.925,0.0,0.0,0.0,95.46,0.0,588.5425,646.6,0.0,211.56,0.037,100.0,0.0,100.08,100.0,9900.0,1.414,100.0,100.0,0.0,0.0,0.0,0.0,0.0,0.0,526.595,100.0,0.0,664.55,250.0,24.9975,0.0,6.615,664.75,0.0,0.0,0.037,684.725,0.0,100.0,0.0,0.0332,0.0,100.0,0.0,100.0,0.0,0.0,1003.2,999.9,0.0,0.294,84.54,684.7,71.0651,0.0,670.2,0.0,711.76,1879.9199,633.69,50.0,0.3151,0.0332,1003.2,0.7,0.0,658.2,2.0961,676.75,680.0,0.0,0.0,0.0,0.0164,0.681,0.0,0.0,0.037,180.0,0.0,0.0,0.008,2.6,26.555,0.0203,1000.0,1.0,64.7372,548.15,50.0,139.645,0.0,0.0,100.0,0.0205,600.0,100.0,0.0,3000.0,24.9975,-16.0685,664.55,177.385,9.9998,0.0,0.0,0.0,102.25,275.625,96.08,71.0651,0.0,2.6092,0.0,0.0333,0.0,21.6963,0.0,363.84,0.4381,526.595,17.5953,0.5,0.0,0.0,0.0,2.5998,0.0,250.0,100.0,36.245,0.0,50.0,0.0,95.46,2200.0,684.7,100.0,26.91,1.76,337.95,337.95,57.525,0.0,180.0,1.0,0.0,0.0161,0.0,0.0,0.0,0.0,50.0,0.0,74.9819,0.0,0.0,0.0229,0.0,24.9975,0.037,536.35,0.0,252.85,0.0,6.615,0.0,50.0,81.99,25.0,597.35,50.0,0.0,0.0,0.0161,999.9,0.0,21.6963,0.0,100.0,0.0,0.4632,20.0,0.0,0.0,12.654,0.5,0.0,0.0,0.0333,588.5425,0.0161,0.0229,2.5998,211.56,0.0,497.48,0.0,633.84,343.0469,0.0,2.6092,75.555,177.385,8.8732,26.49,100.0,520.0,85.02,61.6,5999.7334,0.7,26.91,85.365,0.0,100.0,24.9975,100.0,0.0,0.037,0.0,83.4375,600.0,64.7372,588.5425,633.69,100.0,0.0,363.84,100.0,100.0,8.8732,9.9998,0.0,0.0,0.0,100.0,536.35,0.0,21.6705,0.0,0.275,1.508,0.0,0.0,0.0,36.245,0.0,0.0,0.037,684.72,100.0,1879.9199,526.58,25.99,0.0,38.0,4.6531,0.0,74.9819,6.615,82.32,710.0,17.5953,0.0,0.0,0.15,0.3151,590.0,5.0,673.45,0.0,0.037,0.0,2.6,177.385,0.0,0.0,0.0,526.6,526.58,664.75,526.595
57.6,211.56,0.0,211.56,0.026,75.5556,711.76,24.9975,0.0,633.54,2.0961,0.0,110.0,260.0,0.0,498.51,88.0,0.0,0.0,363.84,0.0,0.0,9.9998,0.0,96.08,0.0,50.0,180.0,0.0,0.0,0.0,75.5556,664.35,1.6549,0.0,100.0,0.0,101.25,588.5425,36.27,177.385,100.0,177.385,495.495,12.654,25.48,177.385,100.0,0.0,0.0,0.0,0.0,9.1217,24.9975,100.0,1879.9199,0.0,526.595,-1.0,0.0,0.0,60.0,50100.0,25.04,0.0,0.0,12.654,177.385,0.0,496.485,0.4632,0.0,5000.0,5.0,600.0,0.0161,0.0,100.0,659.28,526.6,49.925,0.0,0.0,0.0,93.74,0.0,588.5425,646.15,0.0,211.56,0.037,100.0,0.0,100.08,100.0,9900.0,1.4141,100.0,100.0,0.0,0.0,0.0,0.0,0.0,0.0,526.595,100.0,0.0,664.35,250.0,24.9975,0.0,6.6125,664.55,0.0,0.0,0.037,684.725,0.0,100.0,0.0,0.0332,0.0,100.0,0.0,100.0,0.0,0.0,1003.2,999.9,0.0,0.294,84.585,684.7,71.0623,0.0,670.2,0.0,711.76,1879.9199,633.54,50.0,0.3151,0.0332,1003.2,0.7,0.0,658.04,1.6549,676.75,680.0,0.0,0.0,0.0,0.0164,0.681,0.0,0.0,0.037,180.0,0.0,0.0,0.007,2.6,26.555,0.0203,1000.0,1.0,64.7341,547.75,50.0,139.59,0.0,0.0,100.0,0.0206,600.0,100.0,0.0,3000.0,24.9975,-16.0905,664.35,177.385,9.9998,0.0,0.0,0.0,101.25,275.0175,96.08,71.0623,0.0,2.6092,0.0,0.0332,0.0,21.7184,0.0,363.84,0.4381,526.595,17.5953,0.5,0.0,0.0,0.0,2.5998,0.0,250.0,100.0,36.255,0.0,50.0,0.0,93.74,2200.0,684.7,100.0,26.91,1.76,337.75,337.75,57.525,0.0,180.0,1.0,0.0,0.0161,0.0,0.0,0.0,0.0,50.0,0.0,74.9822,0.0,0.0,0.0229,0.0,24.9975,0.037,534.65,0.0,252.85,0.0,6.6125,0.0,50.0,81.9675,25.0,596.65,50.0,0.0,0.0,0.0161,999.9,0.0,21.7184,0.0,100.0,0.0,0.4632,20.0,0.0,0.0,12.606,0.5,0.0,0.0,0.0332,588.5425,0.0161,0.0229,2.5998,211.56,0.0,497.48,0.0,633.69,343.1158,0.0,2.6092,75.555,177.385,8.8718,26.49,100.0,520.0,85.005,61.6,5999.7334,0.7,26.91,85.38,0.0,100.0,24.9975,100.0,0.0,0.037,0.0,83.445,600.0,64.7341,588.5425,633.54,100.0,0.0,363.84,100.0,100.0,8.8718,9.9998,0.0,0.0,0.0,100.0,534.65,0.0,21.7074,0.0,0.275,1.509,0.0,0.0,0.0,36.255,0.0,0.0,0.037,684.72,100.0,1879.9199,526.61,25.99,0.0,38.0,3.8578,0.0,74.9822,6.6125,82.2825,710.0,17.5953,0.0,0.0,0.15,0.3151,590.0,5.0,673.45,0.0,0.037,0.0,2.6,177.385,0.0,0.0,0.0,526.6,526.61,664.55,526.595
57.525,211.56,0.0,211.56,0.022,75.5556,711.6,24.9975,0.0,633.36,1.6549,0.0,110.0,259.85,0.0,498.51,88.0,0.0,0.0,363.84,0.0,0.0,9.9998,0.0,96.08,0.0,50.0,180.0,0.0,0.0,0.0,75.5556,664.15,1.2143,0.0,100.0,0.0,100.25,588.51,36.28,177.385,100.0,177.385,495.495,12.606,25.48,177.385,100.0,0.0,0.0,0.0,0.0,9.1201,24.9975,100.0,1879.9199,0.0,526.63,-1.0,0.0,0.0,60.0,50100.0,25.04,0.0,0.0,12.606,177.385,0.0,496.485,0.4632,0.0,5000.0,5.0,600.0,0.0161,0.0,100.0,659.12,526.6,49.925,0.0,0.0,0.0,92.88,0.0,588.51,645.65,0.0,211.56,0.037,100.0,0.0,100.06,100.0,9900.0,1.4141,100.0,100.0,0.0,0.0,0.0,0.0,0.0,0.0,526.63,100.0,0.0,664.15,250.0,24.9975,0.0,6.6125,664.35,0.0,0.0,0.037,684.6875,0.0,100.0,0.0,0.0332,0.0,100.0,0.0,100.0,0.0,0.0,1002.6,999.9,0.0,0.294,84.5925,684.7,71.0608,0.0,670.2,0.0,711.6,1879.74,633.36,50.0,0.3151,0.0332,1002.6,0.7,0.0,657.88,1.2143,676.75,680.0,0.0,0.0,0.0,0.0163,0.681,0.0,0.0,0.037,180.0,0.0,0.0,0.007,2.6,26.555,0.0204,1000.0,1.0,64.7326,547.75,50.0,139.546,0.0,0.0,100.0,0.0206,599.94,100.0,0.0,3000.0,24.9975,-16.107,664.15,177.385,9.9998,0.0,0.0,0.0,100.25,274.7025,96.08,71.0608,0.0,2.6077,0.0,0.0332,0.0,21.7555,0.0,363.84,0.4381,526.63,17.5953,0.5,0.0,0.0,0.0,2.5998,0.0,250.0,100.0,36.27,0.0,50.0,0.0,92.88,2200.0,684.7,100.0,26.91,1.76,337.55,337.55,57.525,0.0,180.0,0.9999,0.0,0.0161,0.0,0.0,0.0,0.0,50.0,0.0,74.9824,0.0,0.0,0.023,0.0,24.9975,0.037,533.0,0.0,252.85,0.0,6.6125,0.0,50.0,82.005,25.0,595.95,50.0,0.0,0.0,0.0161,999.9,0.0,21.7555,0.0,100.0,0.0,0.4632,20.0,0.0,0.0,12.564,0.5,0.0,0.0,0.0332,588.51,0.0161,0.023,2.5998,211.56,0.0,497.51,0.0,633.54,342.978,0.0,2.6077,75.555,177.385,8.8713,26.49,100.0,520.0,85.035,61.6,5999.7334,0.7,26.91,85.4175,0.0,100.0,24.9975,100.0,0.0,0.037,0.0,83.4075,600.0,64.7326,588.51,633.36,100.0,0.0,363.84,100.0,100.0,8.8713,9.9998,0.0,0.0,0.0,100.0,533.0,0.0,21.7295,0.0,0.275,1.51,0.0,0.0,0.0,36.27,0.0,0.0,0.037,684.68,100.0,1879.9199,526.61,25.99,0.0,38.0,4.4313,0.0,74.9824,6.6125,82.305,710.0,17.5953,0.0,0.0,0.15,0.3151,590.0,5.0,673.45,0.0,0.037,0.0,2.6,177.385,0.0,0.0,0.0,526.6,526.61,664.35,526.63
57.5625,211.56,0.0,211.56,0.017,75.5556,711.6,24.9975,0.0,633.18,1.2143,0.0,110.0,259.7,0.0,498.51,88.0,0.0,0.0,363.84,0.0,0.0,9.9998,0.0,96.08,0.0,50.0,180.0,0.0,0.0,0.0,75.5556,663.95,0.7781,0.0,100.0,0.0,99.5,588.4775,36.29,177.385,100.0,177.385,495.495,12.564,25.48,177.385,100.0,0.0,0.0,0.0,0.0,9.1201,24.9975,100.0,1879.74,0.0,526.63,-1.0,0.0,0.0,60.0,50000.0,25.04,0.0,0.0,12.564,177.385,0.0,496.53,0.4632,0.0,5000.0,5.0,599.94,0.0161,0.0,100.0,658.92,526.6,49.925,0.0,0.0,0.0,92.02,0.0,588.4775,645.2,0.0,211.56,0.037,100.0,0.0,100.06,100.0,9900.0,1.4142,100.0,100.0,0.0,0.0,0.0,0.0,0.0,0.0,526.63,100.0,0.0,663.95,250.0,24.9975,0.0,6.6125,664.15,0.0,0.0,0.037,684.6875,0.0,100.0,0.0,0.0332,0.0,100.0,0.0,100.0,0.0,0.0,1002.6,999.9,0.0,0.294,84.5775,684.65,71.0583,0.0,670.2,0.0,711.6,1879.74,633.18,50.0,0.3151,0.0332,1002.6,0.7,0.0,657.68,0.7781,676.75,680.0,0.0,0.0,0.0,0.0163,0.681,0.0,0.0,0.037,180.0,0.0,0.0,0.007,2.6,26.555,0.0204,1000.0,1.0,64.73,546.9,50.0,139.502,0.0,0.0,100.0,0.0207,599.94,100.0,0.0,3000.0,24.9975,-16.129,663.95,177.385,9.9998,0.0,0.0,0.0,99.5,275.3775,96.08,71.0583,0.0,2.6077,0.0,0.0332,0.0,21.7931,0.0,363.84,0.4381,526.63,17.5961,0.5,0.0,0.0,0.0,2.5998,0.0,250.0,100.0,36.28,0.0,50.0,0.0,92.02,2200.0,684.65,100.0,26.91,1.76,337.35,337.35,57.5625,0.0,180.0,0.9999,0.0,0.0161,0.0,0.0,0.0,0.0,50.0,0.0,74.9827,0.0,0.0,0.023,0.0,24.9975,0.037,531.35,0.0,252.85,0.0,6.6125,0.0,50.0,81.9825,25.0,595.25,50.0,0.0,0.0,0.0161,999.9,0.0,21.7931,0.0,100.0,0.0,0.4632,20.0,0.0,0.0,12.522,0.5,0.0,0.0,0.0332,588.4775,0.0161,0.023,2.5998,211.56,0.0,497.51,0.0,633.36,342.9436,0.0,2.6077,75.555,177.385,8.8702,26.49,100.0,520.0,85.0125,61.6,5999.7334,0.7,26.91,85.4175,0.0,100.0,24.9975,100.0,0.0,0.037,0.0,83.37,600.0,64.73,588.4775,633.18,100.0,0.0,363.84,100.0,100.0,8.8702,9.9998,0.0,0.0,0.0,100.0,531.35,0.0,21.7668,0.0,0.275,1.511,0.0,0.0,0.0,36.28,0.0,0.0,0.037,684.68,100.0,1879.74,526.64,25.99,0.0,38.0,4.0219,0.0,74.9827,6.6125,82.2825,710.0,17.5961,0.0,0.0,0.15,0.3151,590.0,5.0,673.45,0.0,0.037,0.0,2.6,177.385,0.0,0.0,0.0,526.6,526.64,664.15,526.63
57.6,211.56,0.0,211.56,0.015,75.5556,711.6,24.9975,0.0,632.97,0.7781,0.0,110.0,259.55,0.0,498.51,88.0,0.0,0.0,363.84,0.0,0.0,9.9998,0.0,96.08,0.0,50.0,180.0,0.0,0.0,0.0,75.5556,663.75,0.3426,0.0,100.0,0.0,98.5,588.4775,36.295,177.385,100.0,177.385,495.54,12.522,25.48,177.385,100.0,0.0,0.0,0.0,0.0,9.1201,24.9975,100.0,1879.74,0.0,526.63,-1.0,0.0,0.0,60.0,50000.0,25.04,0.0,0.0,12.522,177.385,0.0,496.53,0.4632,0.0,5000.0,5.0,599.94,0.0162,0.0,100.0,658.72,526.65,49.925,0.0,0.0,0.0,92.02,0.0,588.4775,644.7,0.0,211.56,0.037,100.0,0.0,100.06,100.0,9900.0,1.4142,100.0,100.0,0.0,0.0,0.0,0.0,0.0,0.0,526.63,100.0,0.0,663.75,250.0,24.9975,0.0,6.6125,663.95,0.0,0.0,0.037,684.65,0.0,100.0,0.0,0.0332,0.0,100.0,0.0,100.0,0.0,0.0,1002.6,999.9,0.0,0.294,84.54,684.65,71.0558,0.0,670.2,0.0,711.6,1879.74,632.97,50.0,0.3151,0.0332,1002.6,0.7,0.0,657.48,0.3426,676.75,680.0,0.0,0.0,0.0,0.0163,0.681,0.0,0.0,0.037,180.0,0.0,0.0,0.007,2.6,26.555,0.0204,1000.0,1.0,64.7274,547.7,50.0,139.458,0.0,0.0,100.0,0.0207,599.94,100.0,0.0,3000.0,24.9975,-16.151,663.75,177.385,9.9998,0.0,0.0,0.0,98.5,274.95,96.08,71.0558,0.0,2.6077,0.0,0.0332,0.0,21.8162,0.0,363.84,0.4381,526.63,17.5963,0.5,0.0,0.0,0.0,2.5998,0.0,250.0,100.0,36.29,0.0,50.0,0.0,92.02,2200.0,684.65,100.0,26.91,1.76,337.2,337.2,57.6,0.0,180.0,0.9999,0.0,0.0162,0.0,0.0,0.0,0.0,50.0,0.0,74.9829,0.0,0.0,0.023,0.0,24.9975,0.037,529.7,0.0,252.875,0.0,6.6125,0.0,50.0,82.005,25.0,594.55,50.0,0.0,0.0,0.0162,999.9,0.0,21.8162,0.0,100.0,0.0,0.4632,20.0,0.0,0.0,12.48,0.5,0.0,0.0,0.0332,588.4775,0.0162,0.023,2.5998,211.56,0.0,497.54,0.0,633.18,342.4958,0.0,2.6077,75.555,177.385,8.8691,26.49,100.0,520.0,85.0275,61.6,5999.7334,0.7,26.91,85.4325,0.0,100.0,24.9975,100.0,0.0,0.037,0.0,83.415,600.0,64.7274,588.4775,632.97,100.0,0.0,363.84,100.0,100.0,8.8691,9.9998,0.0,0.0,0.0,100.0,529.7,0.0,21.8046,0.0,0.275,1.512,0.0,0.0,0.0,36.29,0.0,0.0,0.037,684.68,100.0,1879.74,526.64,25.99,0.0,38.0,3.9891,0.0,74.9829,6.6125,82.3125,710.0,17.5963,0.0,0.0,0.15,0.3151,590.0,5.0,673.45,0.0,0.037,0.0,2.6,177.385,0.0,0.0,0.0,526.65,526.64,663.95,526.63
57.525,211.56,0.0,211.56,0.011,75.5556,711.44,24.9975,0.0,632.7,0.3426,0.0,110.0,259.45,0.0,498.555,88.0,0.0,0.0,363.81,0.0,0.0,9.9998,0.0,96.08,0.0,50.0,180.0,0.0,0.0,0.0,75.5556,663.55,0.0,0.0,100.0,0.0,97.75,588.445,36.305,177.385,100.0,177.385,495.54,12.48,25.48,177.385,100.0,0.0,0.0,0.0,0.0,9.119,24.9975,100.0,1879.74,0.0,526.63,-1.0,0.0,0.0,60.0,50000.0,25.04,0.0,0.0,12.48,177.385,0.0,496.53,0.4632,0.0,5000.0,5.0,599.94,0.0162,0.0,100.0,658.48,526.65,49.925,0.0,0.0,0.0,91.16,0.0,588.445,644.25,0.0,211.56,0.037,100.0,0.0,100.06,100.0,9900.0,1.4143,100.0,100.0,0.0,0.0,0.0,0.0,0.0,0.0,526.63,100.0,0.0,663.55,250.0,24.9975,0.0,6.6125,663.75,0.0,0.0,0.037,684.65,0.0,100.0,0.0,0.0331,0.0,100.0,0.0,100.0,0.0,0.0,1002.6,999.9,0.0,0.294,84.495,684.65,71.0546,0.0,670.2,0.0,711.44,1879.74,632.7,50.0,0.3151,0.0332,1002.6,0.7,0.0,657.28,0.0,676.75,680.0,0.0,0.0,0.0,0.0163,0.681,0.0,0.0,0.037,180.0,0.0,0.0,0.006,2.6,26.555,0.0204,1000.0,1.0,64.7255,546.9,50.0,139.425,0.0,0.0,100.0,0.0207,599.94,100.0,0.0,3000.0,24.9975,-16.1675,663.55,177.385,9.9998,0.0,0.0,0.0,97.75,275.0175,96.08,71.0546,0.0,2.607,0.0,0.0332,0.0,21.8542,0.0,363.84,0.4381,526.63,17.5966,0.5,0.0,0.0,0.0,2.5998,0.0,250.0,100.0,36.295,0.0,50.0,0.0,91.16,2200.0,684.65,100.0,26.91,1.76,337.0,337.0,57.5625,0.0,180.0,0.9997,0.0,0.0162,0.0,0.0,0.0,0.0,50.0,0.0,74.9832,0.0,0.0,0.023,0.0,24.9975,0.037,528.05,0.0,252.875,0.0,6.6125,142.2675,50.0,81.96,25.0,593.85,50.0,0.0,0.0,0.0162,999.9,0.0,21.8542,0.0,100.0,0.0,0.4632,20.0,0.0,0.0,12.438,0.5,0.0,0.0,0.0332,588.445,0.0162,0.023,2.5998,211.56,0.0,497.54,0.0,632.97,343.1502,0.0,2.607,75.555,177.385,8.868,26.49,100.0,520.0,85.02,61.6,5999.7334,0.7,26.91,85.4175,0.0,100.0,24.9975,100.0,0.0,0.037,0.0,83.43,600.0,64.7255,588.445,632.7,100.0,0.0,363.84,100.0,100.0,8.868,9.9998,0.0,0.0,0.0,100.0,528.05,0.0,21.8277,0.0,0.275,1.513,0.0,0.0,0.0,36.295,0.0,0.0,0.037,684.64,100.0,1879.74,526.64,25.99,0.0,38.0,4.2766,0.0,74.9832,6.6125,82.35,710.0,17.5966,0.0,0.0,0.15,0.3151,590.0,5.0,673.45,0.0,0.037,0.0,2.6,177.385,0.0,0.0,0.0,526.65,526.64,663.75,526.63
57.5625,211.56,0.0,211.56,0.01,75.5556,711.36,24.9975,0.0,632.46,0.0,0.0,110.0,259.3,0.0,498.555,88.0,0.0,0.0,363.81,0.0,0.0,9.9998,0.0,96.08,0.0,50.0,180.0,0.0,0.0,0.0,75.5556,663.35,0.0,0.0,100.0,0.0,97.0,588.4125,36.315,177.385,100.0,177.385,495.54,12.438,25.48,177.385,100.0,0.0,0.0,0.0,0.0,9.1185,24.9975,100.0,1879.74,0.0,526.665,-1.0,0.0,0.0,60.0,50000.0,25.04,0.0,0.0,12.438,177.385,0.0,496.53,0.4632,0.0,5000.0,5.0,599.94,0.0162,0.0,100.0,658.24,526.65,49.925,0.0,0.0,0.0,90.3,0.0,588.4125,643.8,0.0,211.56,0.037,100.0,0.0,100.06,100.0,9900.0,1.4143,100.0,100.0,0.0,0.0,0.0,0.0,0.0,0.0,526.665,100.0,0.0,663.35,250.0,24.9975,0.0,6.6125,663.55,0.0,0.0,0.037,684.65,0.0,100.0,0.0,0.0331,0.0,100.0,0.0,100.0,0.0,0.0,1002.6,999.9,0.0,0.294,84.51,684.65,71.0529,0.0,670.2,0.0,711.36,1879.74,632.46,50.0,0.3151,0.0332,1002.6,0.7,0.0,657.0,0.0,676.75,680.0,0.0,0.0,0.0,0.0163,0.681,0.0,0.0,0.037,180.0,0.0,0.0,0.006,2.6,26.555,0.0205,1000.0,1.0,64.724,547.25,50.0,139.381,0.0,0.0,100.0,0.0208,599.94,100.0,0.0,3000.0,24.9975,-16.1895,663.35,177.385,9.9998,0.0,0.0,0.0,97.0,274.9275,96.08,71.0529,0.0,2.6063,0.0,0.0331,0.0,21.8928,0.0,363.81,0.4381,526.665,17.5968,0.5,0.0,0.0,0.0,2.5998,0.0,250.0,100.0,36.305,0.0,50.0,0.0,90.3,2200.0,684.65,100.0,26.91,1.76,336.8,336.8,57.6,0.0,180.0,0.9997,0.0,0.0162,0.0,0.0,0.0,0.0,50.0,0.0,74.9835,0.0,0.0,0.023,0.0,24.9975,0.037,526.4,0.0,252.875,0.0,6.6125,142.2337,50.0,81.93,25.0,593.15,50.0,0.0,0.0,0.0162,999.9,0.0,21.8928,0.0,100.0,0.0,0.4632,20.0,0.0,0.0,12.402,0.5,0.0,0.0,0.0331,588.4125,0.0162,0.0231,2.5998,211.56,0.0,497.54,0.0,632.7,343.1846,0.0,2.6063,75.555,177.385,8.8669,26.49,100.0,520.0,85.02,61.6,5999.7334,0.7,26.91,85.4475,0.0,100.0,24.9975,100.0,0.0,0.037,0.0,83.4225,600.0,64.724,588.4125,632.46,100.0,0.0,363.81,100.0,100.0,8.8669,9.9998,0.0,0.0,0.0,100.0,526.4,0.0,21.866,0.0,0.275,1.514,0.0,0.0,0.0,36.305,0.0,0.0,0.037,684.64,100.0,1879.74,526.64,25.99,0.0,38.0,4.4562,0.0,74.9835,6.6125,82.3725,710.0,17.5968,0.0,0.0,0.15,0.3151,590.0,5.0,673.45,0.0,0.037,0.0,2.6,177.385,0.0,0.0,0.0,526.65,526.64,663.55,526.665
57.6,211.56,0.0,211.56,0.009,75.5556,711.28,24.9975,0.0,632.16,0.0,0.0,110.0,259.15,0.0,498.555,88.0,0.0,0.0,363.81,0.0,0.0,9.9998,0.0,96.08,0.0,50.0,180.0,0.0,0.0,0.0,75.5556,663.15,0.0,0.0,100.0,0.0,96.25,588.4125,36.32,177.385,100.0,177.385,495.54,12.402,25.48,177.385,100.0,0.0,0.0,0.0,0.0,9.1185,24.9975,100.0,1879.74,0.0,526.665,-1.0,0.0,0.0,60.0,50000.0,25.04,0.0,0.0,12.402,177.385,0.0,496.53,0.4632,0.0,5000.0,5.0,599.94,0.0162,0.0,100.0,657.96,526.65,49.925,0.0,0.0,0.0,89.44,0.0,588.4125,643.3,0.0,211.56,0.037,100.0,0.0,100.06,100.0,9900.0,1.4144,100.0,100.0,0.0,0.0,0.0,0.0,0.0,0.0,526.665,100.0,0.0,663.15,250.0,24.9975,0.0,6.6125,663.35,0.0,0.0,0.037,684.6125,0.0,100.0,0.0,0.0331,0.0,100.0,0.0,100.0,0.0,0.0,1002.0,999.9,0.0,0.294,84.5475,684.6,71.0514,0.0,670.2,0.0,711.28,1879.74,632.16,50.0,0.3151,0.0332,1002.0,0.7,0.0,656.76,0.0,676.75,680.0,0.0,0.0,0.0,0.0163,0.681,0.0,0.0,0.037,180.0,0.0,0.0,0.006,2.6,26.555,0.0205,1000.0,1.0,64.7219,546.45,50.0,139.359,0.0,0.0,100.0,0.0208,599.94,100.0,0.0,3000.0,24.9975,-16.206,663.15,177.385,9.9998,0.0,0.0,0.0,96.25,274.95,96.08,71.0514,0.0,2.6063,0.0,0.0331,0.0,21.9169,0.0,363.81,0.4381,526.665,17.5971,0.5,0.0,0.0,0.0,2.5998,0.0,250.0,100.0,36.315,0.0,50.0,0.0,89.44,2200.0,684.6,100.0,26.91,1.76,336.65,336.65,57.525,0.0,180.0,0.9997,0.0,0.0162,0.0,0.0,0.0,0.0,50.0,0.0,74.9837,0.0,0.0,0.023,0.0,24.9975,0.037,524.8,0.0,252.875,0.0,6.6125,142.2,50.0,81.8925,25.0,592.45,50.0,0.0,0.0,0.0162,999.9,0.0,21.9169,0.0,100.0,0.0,0.4632,20.0,0.0,0.0,12.366,0.5,0.0,0.0,0.0331,588.4125,0.0162,0.0231,2.5998,211.56,0.0,497.57,0.0,632.46,342.5647,0.0,2.6063,75.555,177.385,8.8666,26.49,100.0,520.0,85.0275,61.6,5999.7334,0.7,26.91,85.4025,0.0,100.0,24.9975,100.0,0.0,0.037,0.0,83.4375,600.0,64.7219,588.4125,632.16,100.0,0.0,363.81,100.0,100.0,8.8666,9.9998,0.0,0.0,0.0,100.0,524.8,0.0,21.9049,0.0,0.275,1.514,0.0,0.0,0.0,36.315,0.0,0.0,0.037,684.6,100.0,1879.74,526.67,25.99,0.0,38.0,3.8922,0.0,74.9837,6.6125,82.38,710.0,17.5971,0.0,0.0,0.15,0.3151,590.0,5.0,673.45,0.0,0.037,0.0,2.6,177.385,0.0,0.0,0.0,526.65,526.67,663.35,526.665
57.525,211.56,0.0,211.56,0.005,75.5556,711.2,24.9975,0.0,631.89,0.0,0.0,110.0,259.05,0.0,498.555,88.0,0.0,0.0,363.81,0.0,0.0,9.9998,0.0,96.08,0.0,50.0,180.0,0.0,0.0,0.0,75.5556,662.95,0.0,0.0,100.0,0.0,95.75,588.38,36.325,177.385,100.0,177.385,495.54,12.366,25.48,177.385,100.0,0.0,0.0,0.0,0.0,9.1179,24.9975,100.0,1879.74,0.0,526.665,-1.0,0.0,0.0,60.0,50000.0,25.04,0.0,0.0,12.366,177.385,0.0,496.53,0.4632,0.0,5000.0,5.0,599.94,0.0162,0.0,100.0,657.68,526.65,49.925,0.0,0.0,0.0,88.58,0.0,588.38,642.85,0.0,211.56,0.037,100.0,0.0,100.06,100.0,9900.0,1.4145,100.0,100.0,0.0,0.0,0.0,0.0,0.0,0.0,526.665,100.0,0.0,662.95,250.0,24.9975,0.0,6.6125,663.15,0.0,0.0,0.037,684.6125,0.0,100.0,0.0,0.0331,0.0,100.0,0.0,100.0,0.0,0.0,1002.0,999.9,0.0,0.294,84.5775,684.6,71.0501,0.0,670.2,0.0,711.2,1879.74,631.89,50.0,0.3151,0.0332,1002.0,0.7,0.0,656.44,0.0,676.75,680.0,0.0,0.0,0.0,0.0162,0.681,0.0,0.0,0.037,180.0,0.0,0.0,0.006,2.6,26.555,0.0205,1000.0,1.0,64.7198,547.0,50.0,139.326,0.0,0.0,100.0,0.0208,599.88,100.0,0.0,3000.0,24.9975,-16.2225,662.95,177.385,9.9998,0.0,0.0,0.0,95.75,274.7475,96.08,71.0501,0.0,2.6063,0.0,0.0331,0.0,21.956,0.0,363.81,0.4381,526.665,17.5973,0.5,0.0,0.0,0.0,2.5998,0.0,250.0,100.0,36.32,0.0,50.0,0.0,88.58,2200.0,684.6,100.0,26.91,1.76,336.45,336.45,57.6375,0.0,180.0,0.9996,0.0,0.0162,0.0,0.0,0.0,0.0,50.0,0.0,74.984,0.0,0.0,0.0231,0.0,24.9975,0.037,523.15,0.0,252.875,0.0,6.6125,142.1662,50.0,81.9225,25.0,591.75,50.0,0.0,0.0,0.0162,999.9,0.0,21.956,0.0,100.0,0.0,0.4632,20.0,0.0,0.0,12.33,0.5,0.0,0.0,0.0331,588.38,0.0162,0.0231,2.5998,211.56,0.0,497.57,0.0,632.16,342.2548,0.0,2.6063,75.555,177.385,8.8658,26.49,100.0,520.0,85.08,61.6,5999.7334,0.7,26.91,85.38,0.0,100.0,24.9975,100.0,0.0,0.037,0.0,83.445,600.0,64.7198,588.38,631.89,100.0,0.0,363.81,100.0,100.0,8.8658,9.9998,0.0,0.0,0.0,100.0,523.15,0.0,21.9289,0.0,0.275,1.515,0.0,0.0,0.0,36.32,0.0,0.0,0.037,684.6,100.0,1879.74,526.64,25.99,0.0,38.0,4.4609,0.0,74.984,6.6125,82.4025,710.0,17.5973,0.0,0.0,0.15,0.3151,590.0,5.0,673.45,0.0,0.037,0.0,2.6,177.385,0.0,0.0,0.0,526.65,526.64,663.15,526.665
57.5625,211.56,0.0,211.56,0.002,75.5556,711.2,24.9975,0.0,631.59,0.0,0.0,110.0,258.9,0.0,498.555,88.0,0.0,0.0,363.81,0.0,0.0,9.9998,0.0,96.08,0.0,50.0,180.0,0.0,0.0,0.0,75.5556,662.75,0.0,0.0,100.0,0.0,95.0,588.3475,36.325,177.385,100.0,177.385,495.54,12.33,25.48,177.385,100.0,0.0,0.0,0.0,0.0,9.1173,24.9975,100.0,1879.74,0.0,526.63,-1.0,0.0,0.0,60.0,50000.0,25.04,0.0,0.0,12.33,177.385,0.0,496.53,0.4632,0.0,5000.0,5.0,599.88,0.0162,0.0,100.0,657.36,526.65,49.925,0.0,0.0,0.0,88.58,0.0,588.3475,642.35,0.0,211.56,0.037,100.0,0.0,100.06,100.0,9900.0,1.4145,100.0,100.0,0.0,0.0,0.0,0.0,0.0,0.0,526.63,100.0,0.0,662.75,250.0,24.9975,0.0,6.6125,662.95,0.0,0.0,0.037,684.575,0.0,100.0,0.0,0.0331,0.0,100.0,0.0,100.0,0.0,0.0,1002.0,999.9,0.0,0.294,84.6,684.6,71.0482,0.0,670.2,0.0,711.2,1879.5599,631.59,50.0,0.3151,0.0331,1002.0,0.7,0.0,656.16,0.0,676.75,680.0,0.0,0.0,0.0,0.0162,0.681,0.0,0.0,0.037,180.0,0.0,0.0,0.005,2.6,26.555,0.0205,1000.0,1.0,64.7185,546.9,50.0,139.293,0.0,0.0,100.0,0.0209,599.88,100.0,0.0,3000.0,24.9975,-16.239,662.75,177.385,9.9998,0.0,0.0,0.0,95.0,274.5,96.08,71.0482,0.0,2.6055,0.0,0.0331,0.0,21.9955,0.0,363.81,0.4381,526.63,17.5983,0.5,0.0,0.0,0.0,2.5996,0.0,250.0,100.0,36.325,0.0,50.0,0.0,88.58,2200.0,684.6,100.0,26.91,1.76,336.25,336.25,57.525,0.0,180.0,0.9996,0.0,0.0162,0.0,0.0,0.0,0.0,50.0,0.0,74.985,0.0,0.0,0.0231,0.0,24.9975,0.037,521.55,0.0,252.875,0.0,6.6125,142.1438,50.0,81.8925,25.0,591.05,50.0,0.0,0.0,0.0162,999.9,0.0,21.9955,0.0,100.0,0.0,0.4632,20.0,0.0,0.0,12.3,0.5,0.0,0.0,0.0331,588.3475,0.0162,0.0232,2.5996,211.56,0.0,497.57,0.0,631.89,342.8058,0.0,2.6055,75.555,177.385,8.8649,26.49,100.0,520.0,85.0575,61.6,5999.7334,0.7,26.91,85.3725,0.0,100.0,24.9975,100.0,0.0,0.037,0.0,83.4225,600.0,64.7185,588.3475,631.59,100.0,0.0,363.81,100.0,100.0,8.8649,9.9998,0.0,0.0,0.0,100.0,521.55,0.0,21.9682,0.0,0.275,1.516,0.0,0.0,0.0,36.325,0.0,0.0,0.037,684.6,100.0,1879.74,526.64,25.99,0.0,38.0,4.5312,0.0,74.985,6.6125,82.365,710.0,17.5983,0.0,0.0,0.15,0.3151,590.0,5.0,673.45,0.0,0.037,0.0,2.6,177.385,0.0,0.0,0.0,526.65,526.64,662.95,526.63
57.525,211.56,0.0,211.56,0.001,75.5556,711.2,24.9975,0.0,631.32,0.0,0.0,110.0,258.75,0.0,498.555,88.0,0.0,0.0,363.81,0.0,0.0,9.9998,0.0,96.08,0.0,50.0,180.0,0.0,0.0,0.0,75.5556,662.55,0.0,0.0,100.0,0.0,94.5,588.3475,36.33,177.385,100.0,177.385,495.54,12.3,25.48,177.385,100.0,0.0,0.0,0.0,0.0,9.1173,24.9975,100.0,1879.5599,0.0,526.63,-1.0,0.0,0.0,60.0,50000.0,25.04,0.0,0.0,12.3,177.385,0.0,496.53,0.4632,0.0,5000.0,5.0,599.88,0.0163,0.0,100.0,657.08,526.65,49.925,0.0,0.0,0.0,87.72,0.0,588.3475,641.9,0.0,211.56,0.037,100.0,0.0,100.06,100.0,9900.0,1.4146,100.0,100.0,0.0,0.0,0.0,0.0,0.0,0.0,526.63,100.0,0.0,662.55,250.0,24.9975,0.0,6.6125,662.75,0.0,0.0,0.037,684.575,0.0,100.0,0.0,0.0331,0.0,100.0,0.0,100.0,0.0,0.0,1002.0,999.9,0.0,0.294,84.645,684.55,71.0463,0.0,670.2,0.0,711.2,1879.5599,631.32,50.0,0.3151,0.0331,1002.0,0.7,0.0,655.88,0.0,676.75,680.0,0.0,0.0,0.0,0.0163,0.681,0.0,0.0,0.037,180.0,0.0,0.0,0.005,2.6,26.555,0.0206,1000.0,1.0,64.7166,546.3,50.0,139.271,0.0,0.0,100.0,0.0209,599.88,100.0,0.0,3000.0,24.9975,-16.2555,662.55,177.385,9.9998,0.0,0.0,0.0,94.5,274.9275,96.08,71.0463,0.0,2.6055,0.0,0.0331,0.0,22.0206,0.0,363.81,0.4381,526.63,17.5988,0.5,0.0,0.0,0.0,2.5996,0.0,250.0,100.0,36.325,0.0,50.0,0.0,87.72,2200.0,684.55,100.0,26.91,1.76,336.1,336.1,57.5625,0.0,180.0,0.9995,0.0,0.0163,0.0,0.0,0.0,0.0,50.0,0.0,74.9855,0.0,0.0,0.0231,0.0,24.9975,0.037,519.95,0.0,252.875,0.0,6.6125,142.11,50.0,81.855,25.0,590.35,50.0,0.0,0.0,0.0163,999.9,0.0,22.0206,0.0,100.0,0.0,0.4632,20.0,0.0,0.0,12.264,0.5,0.0,0.0,0.0331,588.3475,0.0163,0.0232,2.5996,211.56,0.0,497.54,0.0,631.59,342.0482,0.0,2.6055,75.555,177.385,8.8641,26.49,100.0,520.0,85.1025,61.6,5999.7334,0.7,26.91,85.35,0.0,100.0,24.9975,100.0,0.0,0.037,0.0,83.4525,600.0,64.7166,588.3475,631.32,100.0,0.0,363.81,100.0,100.0,8.8641,9.9998,0.0,0.0,0.0,100.0,519.95,0.0,22.0081,0.0,0.275,1.517,0.0,0.0,0.0,36.325,0.0,0.0,0.037,684.56,100.0,1879.5599,526.64,25.99,0.0,38.0,3.9312,0.0,74.9855,6.6125,82.35,710.0,17.5988,0.0,0.0,0.15,0.3151,590.0,5.0,673.45,0.0,0.037,0.0,2.6,177.385,0.0,0.0,0.0,526.65,526.64,662.75,526.63
57.6375,211.56,0.0,211.56,0.001,75.5556,711.12,24.9975,0.0,631.05,0.0,0.0,110.0,258.65,0.0,498.555,88.0,0.0,0.0,363.78,0.0,0.0,9.9998,0.0,96.08,0.0,50.0,180.0,0.0,0.0,0.0,75.5556,662.35,0.0,0.0,100.0,0.0,94.0,588.315,36.335,177.385,100.0,177.385,495.54,12.264,25.48,177.385,100.0,0.0,0.0,0.0,0.0,9.1163,24.9975,100.0,1879.5599,0.0,526.63,-1.0,0.0,0.0,60.0,50000.0,25.04,0.0,0.0,12.264,177.385,0.0,496.53,0.4632,0.0,5000.0,5.0,599.88,0.0163,0.0,100.0,656.8,526.65,49.925,0.0,0.0,0.0,87.72,0.0,588.315,641.45,0.0,211.56,0.037,100.0,0.0,100.06,100.0,9900.0,1.4146,100.0,100.0,0.0,0.0,0.0,0.0,0.0,0.0,526.63,100.0,0.0,662.35,250.0,24.9975,0.0,6.61,662.55,0.0,0.0,0.037,684.5375,0.0,100.0,0.0,0.0331,0.0,100.0,0.0,100.0,0.0,0.0,1002.0,999.9,0.0,0.294,84.6,684.55,71.0451,0.0,670.2,0.0,711.12,1879.5599,631.05,50.0,0.3151,0.0331,1002.0,0.7,0.0,655.56,0.0,676.75,680.0,0.0,0.0,0.0,0.0163,0.681,0.0,0.0,0.037,180.0,0.0,0.0,0.005,2.6,26.555,0.0206,1000.0,1.0,64.7148,546.35,50.0,139.249,0.0,0.0,100.0,0.0209,599.88,100.0,0.0,3000.0,24.9975,-16.272,662.35,177.385,9.9998,0.0,0.0,0.0,94.0,274.68,96.08,71.0451,0.0,2.6055,0.0,0.0331,0.0,22.0606,0.0,363.81,0.4381,526.63,17.5993,0.5,0.0,0.0,0.0,2.5996,0.0,250.0,100.0,36.33,0.0,50.0,0.0,87.72,2200.0,684.55,100.0,26.91,1.76,335.9,335.9,57.5625,0.0,180.0,0.9995,0.0,0.0163,0.0,0.0,0.0,0.0,50.0,0.0,74.986,0.0,0.0,0.0232,0.0,24.9975,0.037,518.3,0.0,252.875,0.0,6.61,142.0875,50.0,81.825,25.0,589.65,50.0,0.0,0.0,0.0163,999.9,0.0,22.0606,0.0,100.0,0.0,0.4632,20.0,0.0,0.0,12.234,0.5,0.0,0.0,0.0331,588.315,0.0163,0.0232,2.5996,211.56,0.0,497.54,0.0,631.32,342.6681,0.0,2.6055,75.555,177.385,8.8633,26.49,100.0,520.0,85.1475,61.6,5999.7334,0.7,26.91,85.3125,0.0,100.0,24.9975,100.0,0.0,0.037,0.0,83.4225,600.0,64.7148,588.315,631.05,100.0,0.0,363.81,100.0,100.0,8.8633,9.9998,0.0,0.0,0.0,100.0,518.3,0.0,22.0331,0.0,0.275,1.517,0.0,0.0,0.0,36.33,0.0,0.0,0.037,684.56,100.0,1879.5599,526.64,25.99,0.0,38.0,4.2344,0.0,74.986,6.61,82.365,710.0,17.5993,0.0,0.0,0.15,0.3151,590.0,5.0,673.45,0.0,0.037,0.0,2.6,177.385,0.0,0.0,0.0,526.65,526.64,662.55,526.63
57.5625,211.56,0.0,211.56,0.002,75.5556,711.04,24.9975,0.0,630.75,0.0,0.0,110.0,258.5,0.0,498.555,88.0,0.0,0.0,363.78,0.0,0.0,9.9998,0.0,96.08,0.0,50.0,180.0,0.0,0.0,0.0,75.5556,662.15,0.0,0.0,100.0,0.0,93.5,588.2825,36.34,177.385,100.0,177.385,495.54,12.234,25.48,177.385,100.0,0.0,0.0,0.0,0.0,9.1163,24.9975,100.0,1879.5599,0.0,526.63,-1.0,0.0,0.0,60.0,50000.0,25.04,0.0,0.0,12.234,177.385,0.0,496.53,0.4632,0.0,5000.0,5.0,599.88,0.0163,0.0,100.0,656.48,526.65,49.925,0.0,0.0,0.0,86.86,0.0,588.2825,640.95,0.0,211.56,0.037,100.0,0.0,100.06,100.0,9900.0,1.4146,100.0,100.0,0.0,0.0,0.0,0.0,0.0,0.0,526.63,100.0,0.0,662.15,250.0,24.9975,0.0,6.61,662.35,0.0,0.0,0.037,684.5375,0.0,100.0,0.0,0.0331,0.0,100.0,0.0,100.0,0.0,0.0,1001.4,999.9,0.0,0.294,84.5775,684.55,71.0439,0.0,670.2,0.0,711.04,1879.5599,630.75,50.0,0.3151,0.0331,1001.4,0.7,0.0,655.28,0.0,676.75,680.0,0.0,0.0,0.0,0.0163,0.681,0.0,0.0,0.037,180.0,0.0,0.0,0.005,2.6,26.555,0.0206,1000.0,1.0,64.713,546.25,50.0,139.227,0.0,0.0,100.0,0.0209,599.88,100.0,0.0,3000.0,24.9975,-16.2885,662.15,177.385,9.9998,0.0,0.0,0.0,93.5,274.1625,96.08,71.0439,0.0,2.6055,0.0,0.0331,0.0,22.1012,0.0,363.78,0.4381,526.63,17.5998,0.5,0.0,0.0,0.0,2.5996,0.0,250.0,100.0,36.335,0.0,50.0,0.0,86.86,2200.0,684.55,100.0,26.91,1.76,335.75,335.75,57.5625,0.0,180.0,0.9995,0.0,0.0163,0.0,0.0,0.0,0.0,50.0,0.0,74.9865,0.0,0.0,0.0232,0.0,24.9975,0.037,516.7,0.0,252.875,0.0,6.61,142.065,50.0,81.8175,25.0,589.0,50.0,0.0,0.0,0.0163,999.9,0.0,22.1012,0.0,100.0,0.0,0.4632,20.0,0.0,0.0,12.204,0.5,0.0,0.0,0.0331,588.2825,0.0163,0.0232,2.5996,211.56,0.0,497.54,0.0,631.05,342.5992,0.0,2.6055,75.555,177.385,8.8632,26.49,100.0,520.0,85.185,61.6,5999.7334,0.7,26.91,85.3575,0.0,100.0,24.9975,100.0,0.0,0.037,0.0,83.4525,600.0,64.713,588.2825,630.75,100.0,0.0,363.78,100.0,100.0,8.8632,9.9998,0.0,0.0,0.0,100.0,516.7,0.0,22.0734,0.0,0.275,1.518,0.0,0.0,0.0,36.335,0.0,0.0,0.037,684.52,100.0,1879.5599,526.64,25.99,0.0,38.0,3.8453,0.0,74.9865,6.61,82.3425,710.0,17.5998,0.0,0.0,0.15,0.3151,590.0,5.0,673.45,0.0,0.037,0.0,2.6,177.385,0.0,0.0,0.0,526.65,526.64,662.35,526.63
57.6375,211.56,0.0,211.56,0.004,75.5556,711.04,24.9975,0.0,630.48,0.0,0.0,110.0,258.4,0.0,498.555,88.0,0.0,0.0,363.78,0.0,0.0,9.9998,0.0,96.08,0.0,50.0,180.0,0.0,0.0,0.0,75.5556,661.95,0.0,0.0,100.0,0.0,93.0,588.2825,36.345,177.385,100.0,177.385,495.54,12.204,25.48,177.385,100.0,0.0,0.0,0.0,0.0,9.1168,24.9975,100.0,1879.5599,0.0,526.63,-1.0,0.0,0.0,60.0,50000.0,25.04,0.0,0.0,12.204,177.385,0.0,496.53,0.4632,0.0,5000.0,5.0,599.88,0.0163,0.0,100.0,656.2,526.6,49.925,0.0,0.0,0.0,86.0,0.0,588.2825,640.5,0.0,211.56,0.037,100.0,0.0,100.06,100.0,9900.0,1.4147,100.0,100.0,0.0,0.0,0.0,0.0,0.0,0.0,526.63,100.0,0.0,661.95,250.0,24.9975,0.0,6.61,662.15,0.0,0.0,0.037,684.5,0.0,100.0,0.0,0.0331,0.0,100.0,0.0,100.0,0.0,0.0,1001.4,999.9,0.0,0.294,84.5475,684.5,71.0423,0.0,670.2,0.0,711.04,1879.5599,630.48,50.0,0.3151,0.0331,1001.4,0.7,0.0,655.0,0.0,676.75,680.0,0.0,0.0,0.0,0.0163,0.681,0.0,0.0,0.037,180.0,0.0,0.0,0.005,2.6,26.555,0.0206,1000.0,1.0,64.7111,546.05,50.0,139.205,0.0,0.0,100.0,0.0209,599.88,100.0,0.0,3000.0,24.9975,-16.305,661.95,177.385,9.9998,0.0,0.0,0.0,93.0,274.275,96.08,71.0423,0.0,2.6055,0.0,0.0331,0.0,22.1272,0.0,363.78,0.4381,526.63,17.6003,0.5,0.0,0.0,0.0,2.6002,0.0,250.0,100.0,36.34,0.0,50.0,0.0,86.0,2200.0,684.5,100.0,26.91,1.76,335.55,335.55,57.6,0.0,180.0,0.9994,0.0,0.0163,0.0,0.0,0.0,0.0,50.0,0.0,74.9847,0.0,0.0,0.0232,0.0,24.9975,0.037,515.1,0.0,252.875,0.0,6.61,142.0425,50.0,81.795,25.0,588.3,50.0,0.0,0.0,0.0163,999.9,0.0,22.1272,0.0,100.0,0.0,0.4632,20.0,0.0,0.0,12.174,0.5,0.0,0.0,0.0331,588.2825,0.0163,0.0233,2.6002,211.56,0.0,497.54,0.0,630.75,342.5303,0.0,2.6055,75.555,177.385,8.8626,26.49,100.0,520.0,85.1925,61.6,5999.7334,0.7,26.91,85.335,0.0,100.0,24.9975,100.0,0.0,0.037,0.0,83.4225,600.0,64.7111,588.2825,630.48,100.0,0.0,363.78,100.0,100.0,8.8626,9.9998,0.0,0.0,0.0,100.0,515.1,0.0,22.1142,0.0,0.275,1.519,0.0,0.0,0.0,36.34,0.0,0.0,0.037,684.52,100.0,1879.5599,526.64,25.99,0.0,38.0,4.1953,0.0,74.9847,6.61,82.3275,710.0,17.6003,0.0,0.0,0.15,0.3151,590.0,5.0,673.45,0.0,0.037,0.0,2.6,177.385,0.0,0.0,0.0,526.6,526.64,662.15,526.63
57.6,211.56,0.0,211.56,0.004,75.5556,710.96,24.9975,0.0,630.18,0.0,0.0,110.0,258.25,0.0,498.555,88.0,0.0,0.0,363.78,0.0,0.0,9.9998,0.0,96.08,0.0,50.0,180.0,0.0,0.0,0.0,75.5556,661.75,0.0,0.0,100.0,0.0,92.5,588.25,36.35,177.385,100.0,177.385,495.54,12.174,25.48,177.385,100.0,0.0,0.0,0.0,0.0,9.1163,24.9975,100.0,1879.5599,0.0,526.63,-1.0,0.0,0.0,60.0,50000.0,25.04,0.0,0.0,12.174,177.385,0.0,496.53,0.4632,0.0,5000.0,5.0,599.88,0.0163,0.0,100.0,655.88,526.6,49.925,0.0,0.0,0.0,86.0,0.0,588.25,640.05,0.0,211.56,0.037,100.0,0.0,100.06,100.0,9900.0,1.4148,100.0,100.0,0.0,0.0,0.0,0.0,0.0,0.0,526.63,100.0,0.0,661.75,250.0,24.9975,0.0,6.61,661.95,0.0,0.0,0.037,684.5,0.0,100.0,0.0,0.0331,0.0,100.0,0.0,100.0,0.0,0.0,1001.4,999.9,0.0,0.294,84.5325,684.5,71.0413,0.0,670.2,0.0,710.96,1879.5599,630.18,50.0,0.3151,0.0331,1001.4,0.7,0.0,654.68,0.0,676.75,680.0,0.0,0.0,0.0,0.0163,0.681,0.0,0.0,0.037,180.0,0.0,0.0,0.004,2.6,26.555,0.0206,1000.0,1.0,64.7101,545.85,50.0,139.183,0.0,0.0,100.0,0.021,599.88,100.0,0.0,3000.0,24.9975,-16.3215,661.75,177.385,9.9998,0.0,0.0,0.0,92.5,274.41,96.08,71.0413,0.0,2.6047,0.0,0.0331,0.0,22.1682,0.0,363.78,0.4381,526.63,17.6008,0.5,0.0,0.0,0.0,2.6002,0.0,250.0,100.0,36.345,0.0,50.0,0.0,86.0,2200.0,684.5,100.0,26.91,1.76,335.4,335.4,57.525,0.0,180.0,0.9994,0.0,0.0163,0.0,0.0,0.0,0.0,50.0,0.0,74.9845,0.0,0.0,0.0233,0.0,24.9975,0.037,513.5,0.0,252.875,0.0,6.61,142.0312,50.0,81.825,25.0,587.6,50.0,0.0,0.0,0.0163,999.9,0.0,22.1682,0.0,100.0,0.0,0.4632,20.0,0.0,0.0,12.144,0.5,0.0,0.0,0.0331,588.25,0.0163,0.0233,2.6002,211.56,0.0,497.54,0.0,630.48,342.117,0.0,2.6047,75.555,177.385,8.862,26.49,100.0,520.0,85.2075,61.6,5999.7334,0.7,26.91,85.3575,0.0,100.0,24.9975,100.0,0.0,0.037,0.0,83.4075,600.0,64.7101,588.25,630.18,100.0,0.0,363.78,100.0,100.0,8.862,9.9998,0.0,0.0,0.0,100.0,513.5,0.0,22.1402,0.0,0.275,1.52,0.0,0.0,0.0,36.345,0.0,0.0,0.037,684.48,100.0,1879.5599,526.64,25.99,0.0,38.0,3.7812,0.0,74.9845,6.61,82.2975,710.0,17.6008,0.0,0.0,0.15,0.3151,590.0,5.0,673.45,0.0,0.037,0.0,2.6,177.385,0.0,0.0,0.0,526.6,526.64,661.95,526.63
57.525,211.56,0.0,211.56,0.002,75.5556,710.88,24.9975,0.0,629.91,0.0,0.0,110.0,258.15,0.0,498.51,88.0,0.0,0.0,363.78,0.0,0.0,9.9998,0.0,96.08,0.0,50.0,180.0,0.0,0.0,0.0,75.5556,661.55,0.0,0.0,100.0,0.0,92.25,588.2175,36.355,177.385,100.0,177.385,495.54,12.144,25.48,177.385,100.0,0.0,0.0,0.0,0.0,9.1157,24.9975,100.0,1879.5599,0.0,526.63,-1.0,0.0,0.0,60.0,50000.0,25.04,0.0,0.0,12.144,177.385,0.0,496.53,0.4632,0.0,5000.0,5.0,599.88,0.0163,0.0,100.0,655.6,526.6,49.925,0.0,0.0,0.0,86.0,0.0,588.2175,639.55,0.0,211.56,0.037,100.0,0.0,100.06,100.0,9900.0,1.4148,100.0,100.0,0.0,0.0,0.0,0.0,0.0,0.0,526.63,100.0,0.0,661.55,250.0,24.9975,0.0,6.61,661.75,0.0,0.0,0.037,684.5,0.0,100.0,0.0,0.0331,0.0,100.0,0.0,100.0,0.0,0.0,1001.4,999.9,0.0,0.294,84.5025,684.5,71.0404,0.0,670.2,0.0,710.88,1879.5599,629.91,50.0,0.3151,0.0331,1001.4,0.7,0.0,654.4,0.0,676.75,680.0,0.0,0.0,0.0,0.0163,0.681,0.0,0.0,0.037,180.0,0.0,0.0,0.004,2.6,26.555,0.0207,1000.0,1.0,64.7085,545.85,50.0,139.172,0.0,0.0,100.0,0.021,600.0,100.0,0.0,3000.0,24.9975,-16.338,661.55,177.385,9.9998,0.0,0.0,0.0,92.25,273.825,96.08,71.0404,0.0,2.6047,0.0,0.0331,0.0,22.2098,0.0,363.78,0.4381,526.63,17.6013,0.5,0.0,0.0,0.0,2.6,0.0,250.0,100.0,36.35,0.0,50.0,0.0,86.0,2200.0,684.5,100.0,26.91,1.76,335.25,335.25,57.6,0.0,180.0,0.9994,0.0,0.0163,0.0,0.0,0.0,0.0,50.0,0.0,74.985,0.0,0.0,0.0233,0.0,24.9975,0.037,511.95,0.0,252.9,0.0,6.61,142.0087,50.0,81.84,25.0,586.9,50.0,0.0,0.0,0.0163,999.9,0.0,22.2098,0.0,100.0,0.0,0.4632,20.0,0.0,0.0,12.12,0.5,0.0,0.0,0.0331,588.2175,0.0163,0.0233,2.6,211.56,0.0,497.54,0.0,630.18,342.3237,0.0,2.6047,75.555,177.385,8.8614,26.49,100.0,520.0,85.155,61.6,5999.7334,0.7,26.91,85.365,0.0,100.0,24.9975,100.0,0.0,0.037,0.0,83.4375,600.0,64.7085,588.2175,629.91,100.0,0.0,363.78,100.0,100.0,8.8614,9.9998,0.0,0.0,0.0,100.0,511.95,0.0,22.1815,0.0,0.275,1.52,0.0,0.0,0.0,36.35,0.0,0.0,0.037,684.48,100.0,1879.5599,526.61,25.99,0.0,38.0,4.4688,0.0,74.985,6.61,82.275,710.0,17.6013,0.0,0.0,0.15,0.3151,590.0,5.0,673.45,0.0,0.037,0.0,2.6,177.385,0.0,0.0,0.0,526.6,526.61,661.75,526.63
57.6,211.56,0.0,211.56,0.001,75.5556,710.88,24.9975,0.0,629.61,0.0,0.0,110.0,258.0,0.0,498.51,88.0,0.0,0.0,363.78,0.0,0.0,9.9998,0.0,96.08,0.0,50.0,180.0,0.0,0.0,0.0,75.5556,661.35,0.0,0.0,100.0,0.0,91.75,588.2175,36.355,177.385,100.0,177.385,495.495,12.12,25.48,177.385,100.0,0.0,0.0,0.0,0.0,9.1151,24.9975,100.0,1879.5599,0.0,526.63,-1.0,0.0,0.0,60.0,50000.0,25.04,0.0,0.0,12.12,177.385,0.0,496.53,0.4632,0.0,5000.0,5.0,600.0,0.0164,0.0,100.0,655.32,526.6,49.925,0.0,0.0,0.0,85.14,0.0,588.2175,639.1,0.0,211.56,0.037,100.0,0.0,100.06,100.0,9900.0,1.4149,100.0,100.0,0.0,0.0,0.0,0.0,0.0,0.0,526.63,100.0,0.0,661.35,250.0,24.9975,0.0,6.61,661.55,0.0,0.0,0.037,684.4625,0.0,100.0,0.0,0.0331,0.0,100.0,0.0,100.0,0.0,0.0,1001.4,999.9,0.0,0.294,84.54,684.45,71.0391,0.0,670.2,0.0,710.88,1879.38,629.61,50.0,0.3151,0.0331,1001.4,0.7,0.0,654.08,0.0,676.75,680.0,0.0,0.0,0.0,0.0164,0.681,0.0,0.0,0.037,180.0,0.0,0.0,0.004,2.6,26.555,0.0207,1000.0,1.0,64.7069,546.0,50.0,139.15,0.0,0.0,100.0,0.021,600.0,100.0,0.0,3000.0,24.9975,-16.3545,661.35,177.385,9.9998,0.0,0.0,0.0,91.75,273.8025,96.08,71.0391,0.0,2.6047,0.0,0.0331,0.0,22.2368,0.0,363.78,0.4381,526.63,17.6003,0.5,0.0,0.0,0.0,2.5996,0.0,250.0,100.0,36.355,0.0,50.0,0.0,85.14,2200.0,684.45,100.0,26.91,1.76,335.05,335.05,57.525,0.0,180.0,0.9992,0.0,0.0164,0.0,0.0,0.0,0.0,50.0,0.0,74.9865,0.0,0.0,0.0233,0.0,24.9975,0.037,510.35,0.0,252.9,0.0,6.61,141.9975,50.0,81.8925,25.0,586.2,50.0,0.0,0.0,0.0164,999.9,0.0,22.2368,0.0,100.0,0.0,0.4632,20.0,0.0,0.0,12.09,0.5,0.0,0.0,0.0331,588.2175,0.0164,0.0233,2.5996,211.56,0.0,497.54,0.0,629.91,341.8071,0.0,2.6047,75.555,177.385,8.8608,26.49,100.0,520.0,85.1175,61.6,5999.7334,0.7,26.91,85.4025,0.0,100.0,24.9975,100.0,0.0,0.037,0.0,83.415,600.0,64.7069,588.2175,629.61,100.0,0.0,363.78,100.0,100.0,8.8608,9.9998,0.0,0.0,0.0,100.0,510.35,0.0,22.2233,0.0,0.275,1.521,0.0,0.0,0.0,36.355,0.0,0.0,0.037,684.48,100.0,1879.5599,526.61,25.99,0.0,38.0,4.5516,0.0,74.9865,6.61,82.275,710.0,17.6003,0.0,0.0,0.15,0.3151,590.0,5.0,673.45,0.0,0.037,0.0,2.6,177.385,0.0,0.0,0.0,526.6,526.61,661.55,526.63
57.6,211.56,0.0,211.56,0.001,75.5556,710.8,24.9975,0.0,629.34,0.0,0.0,110.0,257.9,0.0,498.51,88.0,0.0,0.0,363.75,0.0,0.0,9.9998,0.0,96.08,0.0,50.0,180.0,0.0,0.0,0.0,75.5556,661.15,0.0,0.0,100.0,0.0,91.5,588.185,36.36,177.385,100.0,177.385,495.495,12.09,25.48,177.385,100.0,0.0,0.0,0.0,0.0,9.1151,24.9975,100.0,1879.38,0.0,526.595,-1.0,0.0,0.0,60.0,50000.0,25.04,0.0,0.0,12.09,177.385,0.0,496.53,0.4632,0.0,5000.0,5.0,600.0,0.0164,0.0,100.0,655.0,526.6,49.925,0.0,0.0,0.0,85.14,0.0,588.185,638.65,0.0,211.56,0.037,100.0,0.0,100.04,100.0,9900.0,1.415,100.0,100.0,0.0,0.0,0.0,0.0,0.0,0.0,526.595,100.0,0.0,661.15,250.0,24.9975,0.0,6.61,661.35,0.0,0.0,0.037,684.4625,0.0,100.0,0.0,0.0331,0.0,100.0,0.0,100.0,0.0,0.0,1001.4,999.9,0.0,0.294,84.54,684.45,71.0383,0.0,670.2,0.0,710.8,1879.38,629.34,50.0,0.3151,0.0331,1001.4,0.7,0.0,653.8,0.0,676.75,680.0,0.0,0.0,0.0,0.0164,0.681,0.0,0.0,0.037,180.0,0.0,0.0,0.004,2.6,26.555,0.0207,1000.0,1.0,64.7053,545.55,50.0,139.139,0.0,0.0,100.0,0.021,600.0,100.0,0.0,3000.0,24.9975,-16.371,661.15,177.385,9.9998,0.0,0.0,0.0,91.5,274.6125,96.08,71.0383,0.0,2.6047,0.0,0.0331,0.0,22.2788,0.0,363.78,0.4381,526.595,17.6003,0.5,0.0,0.0,0.0,2.5996,0.0,250.0,100.0,36.355,0.0,50.0,0.0,85.14,2200.0,684.45,100.0,26.91,1.76,334.9,334.9,57.525,0.0,180.0,0.9992,0.0,0.0164,0.0,0.0,0.0,0.0,50.0,0.0,74.987,0.0,0.0,0.0234,0.0,24.9975,0.037,508.75,0.0,252.9,0.0,6.61,141.9863,50.0,81.8625,25.0,585.55,50.0,0.0,0.0,0.0164,999.9,0.0,22.2788,0.0,100.0,0.0,0.4632,20.0,0.0,0.0,12.066,0.5,0.0,0.0,0.0331,588.185,0.0164,0.0234,2.5996,211.56,0.0,497.51,0.0,629.61,342.3581,0.0,2.6047,75.555,177.385,8.8603,26.49,100.0,520.0,85.1025,61.6,5999.7334,0.7,26.91,85.35,0.0,100.0,24.9975,100.0,0.0,0.037,0.0,83.4675,600.0,64.7053,588.185,629.34,100.0,0.0,363.78,100.0,100.0,8.8603,9.9998,0.0,0.0,0.0,100.0,508.75,0.0,22.2503,0.0,0.275,1.522,0.0,0.0,0.0,36.355,0.0,0.0,0.037,684.44,100.0,1879.38,526.61,25.99,0.0,38.0,3.7937,0.0,74.987,6.61,82.245,710.0,17.6003,0.0,0.0,0.15,0.3151,590.0,5.0,673.45,0.0,0.037,0.0,2.6,177.385,0.0,0.0,0.0,526.6,526.61,661.35,526.595
57.5625,211.56,0.0,211.56,0.001,75.5556,710.8,24.9975,0.0,629.04,0.0,0.0,110.0,257.75,0.0,498.51,88.0,0.0,0.0,363.75,0.0,0.0,9.9998,0.0,96.08,0.0,50.0,180.0,0.0,0.0,0.0,75.5556,660.95,0.0,0.0,100.0,0.0,91.0,588.1525,36.365,177.385,100.0,177.385,495.495,12.066,25.48,177.385,100.0,0.0,0.0,0.0,0.0,9.1146,24.9975,100.0,1879.38,0.0,526.595,-1.0,0.0,0.0,60.0,50100.0,25.04,0.0,0.0,12.066,177.385,0.0,496.485,0.4632,0.0,5000.0,5.0,600.0,0.0164,0.0,100.0,654.72,526.6,49.925,0.0,0.0,0.0,84.28,0.0,588.1525,638.15,0.0,211.56,0.037,100.0,0.0,100.04,100.0,9900.0,1.415,100.0,100.0,0.0,0.0,0.0,0.0,0.0,0.0,526.595,100.0,0.0,660.95,250.0,24.9975,0.0,6.61,661.15,0.0,0.0,0.037,684.425,0.0,100.0,0.0,0.0331,0.0,100.0,0.0,100.0,0.0,0.0,1001.4,999.9,0.0,0.294,84.51,684.4,71.0371,0.0,670.2,0.0,710.8,1879.38,629.04,50.0,0.3151,0.0331,1001.4,0.7,0.0,653.52,0.0,676.75,680.0,0.0,0.0,0.0,0.0164,0.681,0.0,0.0,0.037,180.0,0.0,0.0,0.004,2.6,26.555,0.0207,1000.0,1.0,64.7045,545.75,50.0,139.128,0.0,0.0,100.0,0.0211,600.0,100.0,0.0,3000.0,24.9975,-16.382,660.95,177.385,9.9998,0.0,0.0,0.0,91.0,274.005,96.08,71.0371,0.0,2.604,0.0,0.0331,0.0,22.3213,0.0,363.75,0.4381,526.595,17.6003,0.5,0.0,0.0,0.0,2.5996,0.0,250.0,100.0,36.36,0.0,50.0,0.0,84.28,2200.0,684.4,100.0,26.91,1.76,334.75,334.75,57.525,0.0,180.0,0.9991,0.0,0.0164,0.0,0.0,0.0,0.0,50.0,0.0,74.9875,0.0,0.0,0.0234,0.0,24.9975,0.037,507.2,0.0,252.9,0.0,6.61,141.9637,50.0,81.8775,25.0,584.85,50.0,0.0,0.0,0.0164,999.9,0.0,22.3213,0.0,100.0,0.0,0.4632,20.0,0.0,0.0,12.042,0.5,0.0,0.0,0.0331,588.1525,0.0164,0.0234,2.5996,211.56,0.0,497.51,0.0,629.34,342.0482,0.0,2.604,75.555,177.385,8.8597,26.49,100.0,520.0,85.095,61.6,5999.7334,0.7,26.91,85.3725,0.0,100.0,24.9975,100.0,0.0,0.037,0.0,83.4975,600.0,64.7045,588.1525,629.04,100.0,0.0,363.75,100.0,100.0,8.8597,9.9998,0.0,0.0,0.0,100.0,507.2,0.0,22.2926,0.0,0.275,1.522,0.0,0.0,0.0,36.36,0.0,0.0,0.037,684.44,100.0,1879.38,526.61,25.99,0.0,38.0,3.7922,0.0,74.9875,6.61,82.2375,710.0,17.6003,0.0,0.0,0.15,0.3151,590.0,5.0,673.45,0.0,0.037,0.0,2.6,177.385,0.0,0.0,0.0,526.6,526.61,661.15,526.595
57.6,211.56,0.0,211.56,0.002,75.5556,710.72,24.9975,0.0,628.77,0.0,0.0,110.0,257.65,0.0,498.51,88.0,0.0,0.0,363.75,0.0,0.0,9.9998,0.0,96.08,0.0,50.0,180.0,0.0,0.0,0.0,75.5556,660.75,0.0,0.0,100.0,0.0,90.75,588.1525,36.37,177.385,100.0,177.385,495.495,12.042,25.48,177.385,100.0,0.0,0.0,0.0,0.0,9.1151,24.9975,100.0,1879.38,0.0,526.595,-1.0,0.0,0.0,60.0,50100.0,25.04,0.0,0.0,12.042,177.385,0.0,496.485,0.4632,0.0,5000.0,5.0,600.0,0.0164,0.0,100.0,654.4,526.6,49.925,0.0,0.0,0.0,84.28,0.0,588.1525,637.7,0.0,211.56,0.037,100.0,0.0,100.04,100.0,9900.0,1.415,100.0,100.0,0.0,0.0,0.0,0.0,0.0,0.0,526.595,100.0,0.0,660.75,250.0,24.9975,0.0,6.61,660.95,0.0,0.0,0.037,684.425,0.0,100.0,0.0,0.0331,0.0,100.0,0.0,100.0,0.0,0.0,1001.4,999.9,0.0,0.294,84.5625,684.4,71.0364,0.0,670.15,0.0,710.72,1879.38,628.77,50.0,0.3151,0.0331,1001.4,0.7,0.0,653.2,0.0,676.7,680.0,0.0,0.0,0.0,0.0164,0.681,0.0,0.0,0.037,180.0,0.0,0.0,0.004,2.6,26.555,0.0208,1000.0,1.0,64.7031,545.9,50.0,139.117,0.0,0.0,100.0,0.0211,600.0,100.0,0.0,3000.0,24.9975,-16.3985,660.75,177.385,9.9998,0.0,0.0,0.0,90.75,274.3425,96.08,71.0364,0.0,2.604,0.0,0.0331,0.0,22.3493,0.0,363.75,0.4381,526.595,17.6003,0.5,0.0,0.0,0.0,2.6,0.0,250.0,100.0,36.365,0.0,50.0,0.0,84.28,2200.0,684.4,100.0,26.91,1.76,334.6,334.6,57.5625,0.0,180.0,0.9991,0.0,0.0164,0.0,0.0,0.0,0.0,50.0,0.0,74.9865,0.0,0.0,0.0234,0.0,24.9975,0.037,505.6,0.0,252.9,0.0,6.61,141.9525,50.0,81.9225,25.0,584.15,50.0,0.0,0.0,0.0164,999.9,0.0,22.3493,0.0,100.0,0.0,0.4632,20.0,0.0,0.0,12.024,0.5,0.0,0.0,0.0331,588.1525,0.0164,0.0234,2.6,211.56,0.0,497.51,0.0,629.04,342.2203,0.0,2.604,75.555,177.385,8.8591,26.49,100.0,520.0,85.05,61.6,5999.7334,0.7,26.91,85.3725,0.0,100.0,24.9975,100.0,0.0,0.037,0.0,83.4975,600.0,64.7031,588.1525,628.77,100.0,0.0,363.75,100.0,100.0,8.8591,9.9998,0.0,0.0,0.0,100.0,505.6,0.0,22.3353,0.0,0.275,1.523,0.0,0.0,0.0,36.365,0.0,0.0,0.037,684.4,100.0,1879.38,526.61,25.99,0.0,38.0,4.6141,0.0,74.9865,6.61,82.2,710.0,17.6003,0.0,0.0,0.15,0.3151,590.0,5.0,673.45,0.0,0.037,0.0,2.6,177.385,0.0,0.0,0.0,526.6,526.61,660.95,526.595
57.6,211.56,0.0,211.56,0.002,75.5556,710.72,24.9975,0.0,628.77,0.0,0.0,110.0,257.65,0.0,498.51,88.0,0.0,0.0,363.75,0.0,0.0,9.9998,0.0,96.08,0.0,50.0,180.0,0.0,0.0,0.0,75.5556,660.75,0.0,0.0,100.0,0.0,90.75,588.1525,36.37,177.385,100.0,177.385,495.495,12.024,25.48,177.385,100.0,0.0,0.0,0.0,0.0,9.1151,24.9975,100.0,1879.38,0.0,526.595,-1.0,0.0,0.0,60.0,50100.0,25.04,0.0,0.0,12.024,177.385,0.0,496.485,0.4632,0.0,5000.0,5.0,600.0,0.0164,0.0,100.0,654.4,526.6,49.925,0.0,0.0,0.0,84.28,0.0,588.1525,637.7,0.0,211.56,0.037,100.0,0.0,100.04,100.0,9900.0,1.415,100.0,100.0,0.0,0.0,0.0,0.0,0.0,0.0,526.595,100.0,0.0,660.75,250.0,24.9975,0.0,6.61,660.75,0.0,0.0,0.037,684.425,0.0,100.0,0.0,0.0331,0.0,100.0,0.0,100.0,0.0,0.0,1001.4,999.9,0.0,0.294,84.5625,684.4,71.0353,0.0,670.15,0.0,710.72,1879.38,628.77,50.0,0.3151,0.0331,1001.4,0.7,0.0,653.2,0.0,676.7,680.0,0.0,0.0,0.0,0.0164,0.681,0.0,0.0,0.037,180.0,0.0,0.0,0.004,2.6,26.555,0.0208,1000.0,1.0,64.7018,545.9,50.0,139.117,0.0,0.0,100.0,0.0211,600.0,100.0,0.0,3000.0,24.9975,-16.3985,660.75,177.385,9.9998,0.0,0.0,0.0,90.75,274.3425,96.08,71.0353,0.0,2.604,0.0,0.0331,0.0,22.3773,0.0,363.75,0.4381,526.595,17.6003,0.5,0.0,0.0,0.0,2.6,0.0,250.0,100.0,36.37,0.0,50.0,0.0,84.28,2200.0,684.4,100.0,26.91,1.76,334.6,334.6,57.5625,0.0,180.0,0.9991,0.0,0.0164,0.0,0.0,0.0,0.0,50.0,0.0,74.9865,0.0,0.0,0.0234,0.0,24.9975,0.037,505.6,0.0,252.9,0.0,6.61,141.9525,50.0,81.9225,25.0,584.15,50.0,0.0,0.0,0.0164,999.9,0.0,22.3773,0.0,100.0,0.0,0.4632,20.0,0.0,0.0,12.024,0.5,0.0,0.0,0.0331,588.1525,0.0164,0.0234,2.6,211.56,0.0,497.51,0.0,628.77,342.2203,0.0,2.604,75.555,177.385,8.8585,26.49,100.0,520.0,85.05,61.6,5999.7334,0.7,26.91,85.3725,0.0,100.0,24.9975,100.0,0.0,0.037,0.0,83.4975,600.0,64.7018,588.1525,628.77,100.0,0.0,363.75,100.0,100.0,8.8585,9.9998,0.0,0.0,0.0,100.0,505.6,0.0,22.3633,0.0,0.275,1.523,0.0,0.0,0.0,36.37,0.0,0.0,0.037,684.4,100.0,1879.38,526.61,25.99,0.0,38.0,4.6141,0.0,74.9865,6.61,82.2,710.0,17.6003,0.0,0.0,0.15,0.3151,590.0,5.0,673.45,0.0,0.037,0.0,2.6,177.385,0.0,0.0,0.0,526.6,526.61,660.75,526.595
57.5625,211.56,0.0,211.56,0.003,75.5556,710.72,24.9975,0.0,628.47,0.0,0.0,110.0,257.55,0.0,498.51,88.0,0.0,0.0,363.75,0.0,0.0,9.9998,0.0,96.08,0.0,50.0,180.0,0.0,0.0,0.0,75.5556,660.55,0.0,0.0,100.0,0.0,90.5,588.12,36.375,177.385,100.0,177.385,495.495,12.024,25.48,177.385,100.0,0.0,0.0,0.0,0.0,9.1151,24.9975,100.0,1879.38,0.0,526.595,-1.0,0.0,0.0,60.0,50100.0,25.04,0.0,0.0,12.024,177.385,0.0,496.485,0.4632,0.0,5000.0,5.0,600.0,0.0164,0.0,100.0,654.12,526.6,49.925,0.0,0.0,0.0,84.28,0.0,588.12,637.25,0.0,211.56,0.037,100.0,0.0,100.04,100.0,9900.0,1.4151,100.0,100.0,0.0,0.0,0.0,0.0,0.0,0.0,526.595,100.0,0.0,660.55,250.0,24.9975,0.0,6.61,660.75,0.0,0.0,0.037,684.3875,0.0,100.0,0.0,0.0331,0.0,100.0,0.0,100.0,0.0,0.0,1001.4,999.9,0.0,0.294,84.555,684.4,71.0342,0.0,670.15,0.0,710.72,1879.38,628.47,50.0,0.3151,0.0331,1001.4,0.7,0.0,652.92,0.0,676.7,680.0,0.0,0.0,0.0,0.0164,0.681,0.0,0.0,0.037,180.0,0.0,0.0,0.003,2.6,26.555,0.0208,1000.0,1.0,64.7005,545.45,50.0,139.106,0.0,0.0,100.0,0.0211,600.0,100.0,0.0,3000.0,24.9975,-16.4095,660.55,177.385,9.9998,0.0,0.0,0.0,90.5,273.735,96.08,71.0342,0.0,2.604,0.0,0.0331,0.0,22.4203,0.0,363.75,0.4381,526.595,17.6003,0.5,0.0,0.0,0.0,2.6,0.0,250.0,100.0,36.37,0.0,50.0,0.0,84.28,2200.0,684.4,100.0,26.91,1.76,334.45,334.45,57.6,0.0,180.0,0.9991,0.0,0.0164,0.0,0.0,0.0,0.0,50.0,0.0,74.9865,0.0,0.0,0.0234,0.0,24.9975,0.037,504.05,0.0,252.9,0.0,6.61,141.9525,50.0,81.96,25.0,583.45,50.0,0.0,0.0,0.0164,999.9,0.0,22.4203,0.0,100.0,0.0,0.4632,20.0,0.0,0.0,12.0,0.5,0.0,0.0,0.0331,588.12,0.0164,0.0234,2.6,211.56,0.0,497.51,0.0,628.77,341.6349,0.0,2.604,75.555,177.385,8.8579,26.49,100.0,520.0,85.0575,61.6,5999.7334,0.7,26.91,85.365,0.0,100.0,24.9975,100.0,0.0,0.037,0.0,83.5425,600.0,64.7005,588.12,628.47,100.0,0.0,363.75,100.0,100.0,8.8579,9.9998,0.0,0.0,0.0,100.0,504.05,0.0,22.3913,0.0,0.275,1.524,0.0,0.0,0.0,36.37,0.0,0.0,0.037,684.4,100.0,1879.38,526.61,25.99,0.0,38.0,3.7594,0.0,74.9865,6.61,82.2,710.0,17.6003,0.0,0.0,0.15,0.3151,590.0,5.0,673.45,0.0,0.037,0.0,2.6,177.385,0.0,0.0,0.0,526.6,526.61,660.75,526.595
57.6,211.56,0.0,211.56,0.002,75.5556,710.72,24.9975,0.0,628.2,0.0,0.0,110.0,257.4,0.0,498.51,88.0,0.0,0.0,363.75,0.0,0.0,9.9998,0.0,96.08,0.0,50.0,180.0,0.0,0.0,0.0,75.5556,660.35,0.0,0.0,100.0,0.0,90.25,588.0875,36.375,177.385,100.0,177.385,495.495,12.0,25.48,177.385,100.0,0.0,0.0,0.0,0.0,9.114,24.9975,100.0,1879.38,0.0,526.595,-1.0,0.0,0.0,60.0,50100.0,25.04,0.0,0.0,12.0,177.385,0.0,496.485,0.4632,0.0,5000.0,5.0,600.0,0.0164,0.0,100.0,653.84,526.6,49.925,0.0,0.0,0.0,83.42,0.0,588.0875,636.8,0.0,211.56,0.037,100.0,0.0,100.04,100.0,9900.0,1.4151,100.0,100.0,0.0,0.0,0.0,0.0,0.0,0.0,526.595,100.0,0.0,660.35,250.0,24.9975,0.0,6.61,660.55,0.0,0.0,0.037,684.3875,0.0,100.0,0.0,0.0331,0.0,100.0,0.0,100.0,0.0,0.0,1000.8,999.9,0.0,0.294,84.5925,684.35,71.0331,0.0,670.15,0.0,710.72,1879.38,628.2,50.0,0.3151,0.0331,1000.8,0.7,0.0,652.6,0.0,676.7,680.0,0.0,0.0,0.0,0.0164,0.681,0.0,0.0,0.037,180.0,0.0,0.0,0.003,2.6,26.555,0.0208,1000.0,1.0,64.6999,546.1,50.0,139.106,0.0,0.0,100.0,0.0211,600.0,100.0,0.0,3000.0,24.9975,-16.426,660.35,177.385,9.9998,0.0,0.0,0.0,90.25,274.23,96.08,71.0331,0.0,2.6033,0.0,0.0331,0.0,22.4638,0.0,363.75,0.4381,526.595,17.6003,0.5,0.0,0.0,0.0,2.6,0.0,250.0,100.0,36.375,0.0,50.0,0.0,83.42,2200.0,684.35,100.0,26.91,1.76,334.3,334.3,57.5625,0.0,180.0,0.999,0.0,0.0164,0.0,0.0,0.0,0.0,50.0,0.0,74.9865,0.0,0.0,0.0234,0.0,24.9975,0.037,502.5,0.0,252.9,0.0,6.61,141.9413,50.0,81.99,25.0,582.8,50.0,0.0,0.0,0.0164,999.9,0.0,22.4638,0.0,100.0,0.0,0.4632,20.0,0.0,0.0,11.982,0.5,0.0,0.0,0.0331,588.0875,0.0164,0.0235,2.6,211.56,0.0,497.51,0.0,628.47,342.1859,0.0,2.6033,75.555,177.385,8.8581,26.49,100.0,520.0,85.0425,61.6,5999.7334,0.7,26.91,85.38,0.0,100.0,24.9975,100.0,0.0,0.037,0.0,83.5275,600.0,64.6999,588.0875,628.2,100.0,0.0,363.75,100.0,100.0,8.8581,9.9998,0.0,0.0,0.0,100.0,502.5,0.0,22.4346,0.0,0.275,1.524,0.0,0.0,0.0,36.375,0.0,0.0,0.037,684.36,100.0,1879.38,526.58,25.99,0.0,38.0,4.2484,0.0,74.9865,6.61,82.185,710.0,17.6003,0.0,0.0,0.15,0.3151,590.0,5.0,673.45,0.0,0.037,0.0,2.6,177.385,0.0,0.0,0.0,526.6,526.58,660.55,526.595
57.6375,211.56,0.0,211.56,0.001,75.5556,710.64,24.9975,0.0,627.9,0.0,0.0,110.0,257.3,0.0,498.51,88.0,0.0,0.0,363.75,0.0,0.0,9.9998,0.0,96.08,0.0,50.0,180.0,0.0,0.0,0.0,75.5556,660.15,0.0,0.0,100.0,0.0,90.0,588.0875,36.38,177.385,100.0,177.385,495.495,11.982,25.48,177.385,100.0,0.0,0.0,0.0,0.0,9.114,24.9975,100.0,1879.38,0.0,526.595,-1.0,0.0,0.0,60.0,50100.0,25.04,0.0,0.0,11.982,177.385,0.0,496.485,0.4632,0.0,5000.0,5.0,600.0,0.0164,0.0,100.0,653.52,526.6,49.925,0.0,0.0,0.0,83.42,0.0,588.0875,636.3,0.0,211.56,0.037,100.0,0.0,100.04,100.0,9900.0,1.4152,100.0,100.0,0.0,0.0,0.0,0.0,0.0,0.0,526.595,100.0,0.0,660.15,250.0,24.9975,0.0,6.61,660.35,0.0,0.0,0.037,684.35,0.0,100.0,0.0,0.0331,0.0,100.0,0.0,100.0,0.0,0.0,1000.8,999.9,0.0,0.294,84.6075,684.35,71.0326,0.0,670.15,0.0,710.64,1879.38,627.9,50.0,0.3151,0.0331,1000.8,0.7,0.0,652.32,0.0,676.7,680.0,0.0,0.0,0.0,0.0164,0.681,0.0,0.0,0.037,180.0,0.0,0.0,0.003,2.6,26.555,0.0208,1000.0,1.0,64.6988,546.0,50.0,139.095,0.0,0.0,100.0,0.0211,600.0,100.0,0.0,3000.0,24.9975,-16.437,660.15,177.385,9.9998,0.0,0.0,0.0,90.0,274.635,96.08,71.0326,0.0,2.6033,0.0,0.0331,0.0,22.4928,0.0,363.75,0.4381,526.595,17.6003,0.5,0.0,0.0,0.0,2.6,0.0,250.0,100.0,36.375,0.0,50.0,0.0,83.42,2200.0,684.35,100.0,26.91,1.76,334.1,334.1,57.6,0.0,180.0,0.999,0.0,0.0164,0.0,0.0,0.0,0.0,50.0,0.0,74.9865,0.0,0.0,0.0234,0.0,24.9975,0.037,500.95,0.0,252.9,0.0,6.61,141.93,50.0,81.99,25.0,582.1,50.0,0.0,0.0,0.0164,999.9,0.0,22.4928,0.0,100.0,0.0,0.4632,20.0,0.0,0.0,11.964,0.5,0.0,0.0,0.0331,588.0875,0.0164,0.0235,2.6,211.56,0.0,497.51,0.0,628.2,342.427,0.0,2.6033,75.555,177.385,8.8578,26.49,100.0,520.0,85.02,61.6,5999.7334,0.7,26.91,85.35,0.0,100.0,24.9975,100.0,0.0,0.037,0.0,83.565,600.0,64.6988,588.0875,627.9,100.0,0.0,363.75,100.0,100.0,8.8578,9.9998,0.0,0.0,0.0,100.0,500.95,0.0,22.4783,0.0,0.275,1.525,0.0,0.0,0.0,36.375,0.0,0.0,0.037,684.36,100.0,1879.38,526.58,25.99,0.0,38.0,4.3828,0.0,74.9865,6.61,82.2,710.0,17.6003,0.0,0.0,0.15,0.3151,590.0,5.0,673.45,0.0,0.037,0.0,2.6,177.385,0.0,0.0,0.0,526.6,526.58,660.35,526.595
57.6,211.56,0.0,211.56,0.001,75.5556,710.56,24.9975,0.0,627.63,0.0,0.0,110.0,257.2,0.0,498.51,88.0,0.0,0.0,363.72,0.0,0.0,9.9998,0.0,96.08,0.0,50.0,180.0,0.0,0.0,0.0,75.5556,659.95,0.0,0.0,100.0,0.0,89.75,588.055,36.38,177.385,100.0,177.385,495.495,11.964,25.48,177.385,100.0,0.0,0.0,0.0,0.0,9.114,24.9975,100.0,1879.38,0.0,526.56,-1.0,0.0,0.0,60.0,50100.0,25.04,0.0,0.0,11.964,177.385,0.0,496.485,0.4632,0.0,5000.0,5.0,600.0,0.0164,0.0,100.0,653.24,526.55,49.925,0.0,0.0,0.0,83.42,0.0,588.055,635.85,0.0,211.56,0.037,100.0,0.0,100.04,100.0,9900.0,1.4153,100.0,100.0,0.0,0.0,0.0,0.0,0.0,0.0,526.56,100.0,0.0,659.95,250.0,24.9975,0.0,6.61,660.15,0.0,0.0,0.037,684.35,0.0,100.0,0.0,0.0331,0.0,100.0,0.0,100.0,0.0,0.0,1000.8,999.9,0.0,0.294,84.6225,684.35,71.0322,0.0,670.15,0.0,710.56,1879.2,627.63,50.0,0.3151,0.0331,1000.8,0.7,0.0,652.04,0.0,676.7,680.0,0.0,0.0,0.0,0.0164,0.681,0.0,0.0,0.037,180.0,0.0,0.0,0.003,2.6,26.555,0.0208,1000.0,1.0,64.6977,545.55,50.0,139.095,0.0,0.0,100.0,0.0212,600.0,100.0,0.0,3000.0,24.9975,-16.448,659.95,177.385,9.9998,0.0,0.0,0.0,89.75,273.915,96.08,71.0322,0.0,2.6033,0.0,0.0331,0.0,22.5368,0.0,363.75,0.4381,526.56,17.6003,0.5,0.0,0.0,0.0,2.6,0.0,250.0,100.0,36.38,0.0,50.0,0.0,83.42,2200.0,684.35,100.0,26.91,1.76,333.95,333.95,57.525,0.0,180.0,0.999,0.0,0.0164,0.0,0.0,0.0,0.0,50.0,0.0,74.9865,0.0,0.0,0.0235,0.0,24.9975,0.037,499.4,0.0,252.9,0.0,6.61,141.93,50.0,81.96,25.0,581.4,50.0,0.0,0.0,0.0164,999.9,0.0,22.5368,0.0,100.0,0.0,0.4632,20.0,0.0,0.0,11.946,0.5,0.0,0.0,0.0331,588.055,0.0164,0.0235,2.6,211.56,0.0,497.48,0.0,627.9,341.9448,0.0,2.6033,75.555,177.385,8.8574,26.49,100.0,520.0,85.005,61.6,5999.7334,0.7,26.91,85.395,0.0,100.0,24.9975,100.0,0.0,0.037,0.0,83.5575,600.0,64.6977,588.055,627.63,100.0,0.0,363.75,100.0,100.0,8.8574,9.9998,0.0,0.0,0.0,100.0,499.4,0.0,22.5073,0.0,0.275,1.525,0.0,0.0,0.0,36.38,0.0,0.0,0.037,684.36,100.0,1879.38,526.58,25.99,0.0,38.0,4.2516,0.0,74.9865,6.61,82.2,710.0,17.6003,0.0,0.0,0.15,0.3151,590.0,5.0,673.45,0.0,0.037,0.0,2.6,177.385,0.0,0.0,0.0,526.55,526.58,660.15,526.56
57.6,211.56,0.0,211.56,0.001,75.5556,710.56,24.9975,0.0,627.33,0.0,0.0,110.0,257.1,0.0,498.465,88.0,0.0,0.0,363.72,0.0,0.0,9.9998,0.0,96.08,0.0,50.0,180.0,0.0,0.0,0.0,75.5556,659.75,0.0,0.0,100.0,0.0,89.5,588.0225,36.385,177.385,100.0,177.385,495.45,11.946,25.48,177.385,100.0,0.0,0.0,0.0,0.0,9.1129,24.9975,100.0,1879.2,0.0,526.56,-1.0,0.0,0.0,60.0,50100.0,25.04,0.0,0.0,11.946,177.385,0.0,496.485,0.4632,0.0,5000.0,5.0,600.0,0.0165,0.0,100.0,652.92,526.55,49.925,0.0,0.0,0.0,83.42,0.0,588.0225,635.4,0.0,211.56,0.037,100.0,0.0,100.04,100.0,9900.0,1.4153,100.0,100.0,0.0,0.0,0.0,0.0,0.0,0.0,526.56,100.0,0.0,659.75,250.0,24.9975,0.0,6.61,659.95,0.0,0.0,0.037,684.3125,0.0,100.0,0.0,0.0331,0.0,100.0,0.0,100.0,0.0,0.0,1000.8,999.9,0.0,0.294,84.6075,684.3,71.0313,0.0,670.15,0.0,710.56,1879.2,627.33,50.0,0.3151,0.0331,1000.8,0.7,0.0,651.72,0.0,676.7,680.0,0.0,0.0,0.0,0.0165,0.681,0.0,0.0,0.037,180.0,0.0,0.0,0.003,2.6,26.555,0.0209,1000.0,1.0,64.6974,546.05,50.0,139.084,0.0,0.0,100.0,0.0212,599.94,100.0,0.0,3000.0,24.9975,-16.459,659.75,177.385,9.9998,0.0,0.0,0.0,89.5,274.005,96.08,71.0313,0.0,2.6025,0.0,0.0331,0.0,22.5813,0.0,363.72,0.4381,526.56,17.6003,0.5,0.0,0.0,0.0,2.6,0.0,250.0,100.0,36.38,0.0,50.0,0.0,83.42,2200.0,684.3,100.0,26.91,1.76,333.8,333.8,57.5625,0.0,180.0,0.9989,0.0,0.0164,0.0,0.0,0.0,0.0,50.0,0.0,74.9865,0.0,0.0,0.0235,0.0,24.9975,0.037,497.85,0.0,252.9,0.0,6.61,141.9187,50.0,81.9375,25.0,580.75,50.0,0.0,0.0,0.0165,999.9,0.0,22.5813,0.0,100.0,0.0,0.4632,20.0,0.0,0.0,11.934,0.5,0.0,0.0,0.0331,588.0225,0.0165,0.0236,2.6,211.56,0.0,497.48,0.0,627.63,342.2548,0.0,2.6025,75.555,177.385,8.8571,26.49,100.0,520.0,84.9675,61.6,5999.7334,0.7,26.91,85.3575,0.0,100.0,24.9975,100.0,0.0,0.037,0.0,83.52,600.0,64.6974,588.0225,627.33,100.0,0.0,363.72,100.0,100.0,8.8571,9.9998,0.0,0.0,0.0,100.0,497.85,0.0,22.5515,0.0,0.275,1.526,0.0,0.0,0.0,36.38,0.0,0.0,0.037,684.32,100.0,1879.2,526.58,25.99,0.0,38.0,4.3953,0.0,74.9865,6.61,82.2525,710.0,17.6003,0.0,0.0,0.15,0.3151,590.0,5.0,673.45,0.0,0.037,0.0,2.6,177.385,0.0,0.0,0.0,526.55,526.58,659.95,526.56
57.6,211.56,0.0,211.56,0.001,75.5556,710.56,24.9975,0.0,627.06,0.0,0.0,110.0,256.95,0.0,498.465,88.0,0.0,0.0,363.72,0.0,0.0,9.9998,0.0,96.08,0.0,50.0,180.0,0.0,0.0,0.0,75.5556,659.55,0.0,0.0,100.0,0.0,89.25,588.0225,36.39,177.385,100.0,177.385,495.45,11.934,25.48,177.385,100.0,0.0,0.0,0.0,0.0,9.1129,24.9975,100.0,1879.2,0.0,526.56,-1.0,0.0,0.0,60.0,50100.0,25.04,0.0,0.0,11.934,177.385,0.0,496.485,0.4632,0.0,5000.0,5.0,599.94,0.0165,0.0,100.0,652.64,526.55,49.925,0.0,0.0,0.0,82.56,0.0,588.0225,634.9,0.0,211.56,0.037,100.0,0.0,100.04,100.0,9900.0,1.4154,100.0,100.0,0.0,0.0,0.0,0.0,0.0,0.0,526.56,100.0,0.0,659.55,250.0,24.9975,0.0,6.61,659.75,0.0,0.0,0.037,684.3125,0.0,100.0,0.0,0.0331,0.0,100.0,0.0,100.0,0.0,0.0,1000.8,999.9,0.0,0.294,84.585,684.3,71.0304,0.0,670.15,0.0,710.56,1879.2,627.06,50.0,0.3151,0.0331,1000.8,0.7,0.0,651.44,0.0,676.7,680.0,0.0,0.0,0.0,0.0165,0.681,0.0,0.0,0.037,180.0,0.0,0.0,0.003,2.6,26.555,0.0209,1000.0,1.0,64.6965,545.9,50.0,139.084,0.0,0.0,100.0,0.0212,599.94,100.0,0.0,3000.0,24.9975,-16.47,659.55,177.385,9.9998,0.0,0.0,0.0,89.25,273.9825,96.08,71.0304,0.0,2.6025,0.0,0.0331,0.0,22.6113,0.0,363.72,0.4381,526.56,17.6011,0.5,0.0,0.0,0.0,2.6,0.0,250.0,100.0,36.385,0.0,50.0,0.0,82.56,2200.0,684.3,100.0,26.91,1.76,333.65,333.65,57.6,0.0,180.0,0.9989,0.0,0.0165,0.0,0.0,0.0,0.0,50.0,0.0,74.9865,0.0,0.0,0.0235,0.0,24.9975,0.037,496.3,0.0,252.9,0.0,6.61,141.9187,50.0,81.9825,25.0,580.05,50.0,0.0,0.0,0.0165,999.9,0.0,22.6113,0.0,100.0,0.0,0.4632,20.0,0.0,0.0,11.916,0.5,0.0,0.0,0.0331,588.0225,0.0165,0.0236,2.6,211.56,0.0,497.48,0.0,627.33,342.4614,0.0,2.6025,75.555,177.385,8.8568,26.49,100.0,520.0,84.96,61.6,5999.7334,0.7,26.91,85.395,0.0,100.0,24.9975,100.0,0.0,0.037,0.0,83.505,600.0,64.6965,588.0225,627.06,100.0,0.0,363.72,100.0,100.0,8.8568,9.9998,0.0,0.0,0.0,100.0,496.3,0.0,22.5963,0.0,0.275,1.526,0.0,0.0,0.0,36.385,0.0,0.0,0.037,684.32,100.0,1879.2,526.58,25.99,0.0,38.0,4.6328,0.0,74.9865,6.61,82.29,710.0,17.6011,0.0,0.0,0.15,0.3151,590.0,5.0,673.45,0.0,0.037,0.0,2.6,177.385,0.0,0.0,0.0,526.55,526.58,659.75,526.56
57.5625,211.56,0.0,211.56,0.002,75.5556,710.56,24.9975,0.0,626.76,0.0,0.0,110.0,256.85,0.0,498.465,88.0,0.0,0.0,363.72,0.0,0.0,9.9998,0.0,96.08,0.0,50.0,180.0,0.0,0.0,0.0,75.5556,659.35,0.0,0.0,100.0,0.0,89.0,587.99,36.395,177.385,100.0,177.385,495.45,11.916,25.48,177.385,100.0,0.0,0.0,0.0,0.0,9.1129,24.9975,100.0,1879.2,0.0,526.56,-1.0,0.0,0.0,60.0,50100.0,25.04,0.0,0.0,11.916,177.385,0.0,496.485,0.4632,0.0,5000.0,5.0,599.94,0.0165,0.0,100.0,652.32,526.55,49.925,0.0,0.0,0.0,82.56,0.0,587.99,634.45,0.0,211.56,0.037,100.0,0.0,100.04,100.0,9900.0,1.4154,100.0,100.0,0.0,0.0,0.0,0.0,0.0,0.0,526.56,100.0,0.0,659.35,250.0,24.9975,0.0,6.6075,659.55,0.0,0.0,0.037,684.275,0.0,100.0,0.0,0.0331,0.0,100.0,0.0,100.0,0.0,0.0,1000.8,999.9,0.0,0.294,84.6,684.3,71.0296,0.0,670.15,0.0,710.56,1879.2,626.76,50.0,0.3151,0.0331,1000.8,0.7,0.0,651.12,0.0,676.7,680.0,0.0,0.0,0.0,0.0165,0.681,0.0,0.0,0.037,180.0,0.0,0.0,0.002,2.6,26.555,0.0209,1000.0,1.0,64.6957,545.65,50.0,139.084,0.0,0.0,100.0,0.0212,599.94,100.0,0.0,3000.0,24.9975,-16.4755,659.35,177.385,9.9998,0.0,0.0,0.0,89.0,274.545,96.08,71.0296,0.0,2.6025,0.0,0.0331,0.0,22.6562,0.0,363.72,0.4381,526.56,17.6013,0.5,0.0,0.0,0.0,2.6,0.0,250.0,100.0,36.39,0.0,50.0,0.0,82.56,2200.0,684.3,100.0,26.91,1.76,333.5,333.5,57.6,0.0,180.0,0.9987,0.0,0.0165,0.0,0.0,0.0,0.0,50.0,0.0,74.9865,0.0,0.0,0.0236,0.0,24.9975,0.037,494.8,0.0,252.9,0.0,6.6075,141.9187,50.0,81.93,25.0,579.4,50.0,0.0,0.0,0.0165,999.9,0.0,22.6562,0.0,100.0,0.0,0.4632,20.0,0.0,0.0,11.904,0.5,0.0,0.0,0.0331,587.99,0.0165,0.0236,2.6,211.56,0.0,497.48,0.0,627.06,342.117,0.0,2.6025,75.555,177.385,8.8564,26.49,100.0,520.0,84.9825,61.6,5999.7334,0.7,26.91,85.395,0.0,100.0,24.9975,100.0,0.0,0.037,0.0,83.55,600.0,64.6957,587.99,626.76,100.0,0.0,363.72,100.0,100.0,8.8564,9.9998,0.0,0.0,0.0,100.0,494.8,0.0,22.6262,0.0,0.275,1.527,0.0,0.0,0.0,36.39,0.0,0.0,0.037,684.28,100.0,1879.2,526.55,25.99,0.0,38.0,4.225,0.0,74.9865,6.6075,82.335,710.0,17.6013,0.0,0.0,0.15,0.3151,590.0,5.0,673.45,0.0,0.037,0.0,2.6,177.385,0.0,0.0,0.0,526.55,526.55,659.55,526.56
57.6,211.56,0.0,211.56,0.001,75.5556,710.56,24.9975,0.0,626.49,0.0,0.0,110.0,256.75,0.0,498.465,88.0,0.0,0.0,363.72,0.0,0.0,9.9998,0.0,96.08,0.0,50.0,180.0,0.0,0.0,0.0,75.5556,659.15,0.0,0.0,100.0,0.0,88.75,587.9575,36.395,177.385,100.0,177.385,495.45,11.904,25.48,177.385,100.0,0.0,0.0,0.0,0.0,9.1129,24.9975,100.0,1879.2,0.0,526.56,-1.0,0.0,0.0,60.0,50100.0,25.04,0.0,0.0,11.904,177.385,0.0,496.44,0.4632,0.0,5000.0,5.0,599.94,0.0165,0.0,100.0,652.04,526.55,49.925,0.0,0.0,0.0,82.56,0.0,587.9575,634.0,0.0,211.56,0.037,100.0,0.0,100.04,100.0,9900.0,1.4154,100.0,100.0,0.0,0.0,0.0,0.0,0.0,0.0,526.56,100.0,0.0,659.15,250.0,24.9975,0.0,6.6075,659.35,0.0,0.0,0.037,684.275,0.0,100.0,0.0,0.0331,0.0,100.0,0.0,100.0,0.0,0.0,1000.8,999.9,0.0,0.294,84.615,684.25,71.0287,0.0,670.15,0.0,710.56,1879.2,626.49,50.0,0.3151,0.0331,1000.8,0.7,0.0,650.84,0.0,676.7,680.0,0.0,0.0,0.0,0.0165,0.681,0.0,0.0,0.037,180.0,0.0,0.0,0.002,2.6,26.555,0.0209,1000.0,1.0,64.6949,545.4,50.0,139.084,0.0,0.0,100.0,0.0212,599.94,100.0,0.0,3000.0,24.9975,-16.4865,659.15,177.385,9.9998,0.0,0.0,0.0,88.75,273.6225,96.08,71.0287,0.0,2.6025,0.0,0.0331,0.0,22.7017,0.0,363.72,0.4381,526.56,17.6016,0.5,0.0,0.0,0.0,2.6,0.0,250.0,100.0,36.395,0.0,50.0,0.0,82.56,2200.0,684.25,100.0,26.91,1.76,333.35,333.35,57.525,0.0,180.0,0.9987,0.0,0.0165,0.0,0.0,0.0,0.0,50.0,0.0,74.9865,0.0,0.0,0.0236,0.0,24.9975,0.037,493.25,0.0,252.9,0.0,6.6075,141.9187,50.0,81.96,25.0,578.7,50.0,0.0,0.0,0.0165,999.9,0.0,22.7017,0.0,100.0,0.0,0.4632,20.0,0.0,0.0,11.892,0.5,0.0,0.0,0.0331,587.9575,0.0165,0.0236,2.6,211.56,0.0,497.48,0.0,626.76,342.4614,0.0,2.6025,75.555,177.385,8.8561,26.49,100.0,520.0,85.0125,61.6,5999.7334,0.7,26.91,85.4025,0.0,100.0,24.9975,100.0,0.0,0.037,0.0,83.55,600.0,64.6949,587.9575,626.49,100.0,0.0,363.72,100.0,100.0,8.8561,9.9998,0.0,0.0,0.0,100.0,493.25,0.0,22.6715,0.0,0.275,1.527,0.0,0.0,0.0,36.395,0.0,0.0,0.037,684.28,100.0,1879.2,526.55,25.99,0.0,38.0,3.8031,0.0,74.9865,6.6075,82.3425,710.0,17.6016,0.0,0.0,0.15,0.3151,590.0,5.0,673.45,0.0,0.037,0.0,2.6,177.385,0.0,0.0,0.0,526.55,526.55,659.35,526.56
57.6,211.56,0.0,211.56,0.001,75.5556,710.56,24.9975,0.0,626.49,0.0,0.0,110.0,256.75,0.0,498.465,88.0,0.0,0.0,363.72,0.0,0.0,9.9998,0.0,96.08,0.0,50.0,180.0,0.0,0.0,0.0,75.5556,659.15,0.0,0.0,100.0,0.0,88.75,587.9575,36.395,177.385,100.0,177.385,495.45,11.892,25.48,177.385,100.0,0.0,0.0,0.0,0.0,9.1129,24.9975,100.0,1879.2,0.0,526.56,-1.0,0.0,0.0,60.0,50100.0,25.04,0.0,0.0,11.892,177.385,0.0,496.44,0.4632,0.0,5000.0,5.0,599.94,0.0165,0.0,100.0,652.04,526.55,49.925,0.0,0.0,0.0,82.56,0.0,587.9575,634.0,0.0,211.56,0.037,100.0,0.0,100.04,100.0,9900.0,1.4154,100.0,100.0,0.0,0.0,0.0,0.0,0.0,0.0,526.56,100.0,0.0,659.15,250.0,24.9975,0.0,6.6075,659.15,0.0,0.0,0.037,684.275,0.0,100.0,0.0,0.0331,0.0,100.0,0.0,100.0,0.0,0.0,1000.8,999.9,0.0,0.294,84.615,684.25,71.0278,0.0,670.15,0.0,710.56,1879.2,626.49,50.0,0.3151,0.0331,1000.8,0.7,0.0,650.84,0.0,676.7,680.0,0.0,0.0,0.0,0.0165,0.681,0.0,0.0,0.037,180.0,0.0,0.0,0.002,2.6,26.555,0.0209,1000.0,1.0,64.694,545.4,50.0,139.084,0.0,0.0,100.0,0.0212,599.94,100.0,0.0,3000.0,24.9975,-16.4865,659.15,177.385,9.9998,0.0,0.0,0.0,88.75,273.6225,96.08,71.0278,0.0,2.6025,0.0,0.0331,0.0,22.7327,0.0,363.72,0.4381,526.56,17.6018,0.5,0.0,0.0,0.0,2.6,0.0,250.0,100.0,36.395,0.0,50.0,0.0,82.56,2200.0,684.25,100.0,26.91,1.76,333.35,333.35,57.525,0.0,180.0,0.9987,0.0,0.0165,0.0,0.0,0.0,0.0,50.0,0.0,74.9865,0.0,0.0,0.0236,0.0,24.9975,0.037,493.25,0.0,252.9,0.0,6.6075,141.9187,50.0,81.96,25.0,578.7,50.0,0.0,0.0,0.0165,999.9,0.0,22.7327,0.0,100.0,0.0,0.4632,20.0,0.0,0.0,11.892,0.5,0.0,0.0,0.0331,587.9575,0.0165,0.0236,2.6,211.56,0.0,497.48,0.0,626.49,342.4614,0.0,2.6025,75.555,177.385,8.8558,26.49,100.0,520.0,85.0125,61.6,5999.7334,0.7,26.91,85.4025,0.0,100.0,24.9975,100.0,0.0,0.037,0.0,83.55,600.0,64.694,587.9575,626.49,100.0,0.0,363.72,100.0,100.0,8.8558,9.9998,0.0,0.0,0.0,100.0,493.25,0.0,22.7172,0.0,0.275,1.527,0.0,0.0,0.0,36.395,0.0,0.0,0.037,684.28,100.0,1879.2,526.55,25.99,0.0,38.0,3.8031,0.0,74.9865,6.6075,82.3425,710.0,17.6018,0.0,0.0,0.15,0.3151,590.0,5.0,673.45,0.0,0.037,0.0,2.6,177.385,0.0,0.0,0.0,526.55,526.55,659.15,526.56
57.5625,211.56,0.0,211.56,0.001,75.5556,710.48,24.9975,0.0,626.19,0.0,0.0,110.0,256.65,0.0,498.465,88.0,0.0,0.0,363.72,0.0,0.0,9.9998,0.0,96.08,0.0,50.0,180.0,0.0,0.0,0.0,75.5556,658.95,0.0,0.0,100.0,0.0,88.5,587.9575,36.4,177.385,100.0,177.385,495.45,11.892,25.48,177.385,100.0,0.0,0.0,0.0,0.0,9.1129,24.9975,100.0,1879.2,0.0,526.56,-1.0,0.0,0.0,60.0,50100.0,25.04,0.0,0.0,11.892,177.385,0.0,496.44,0.4632,0.0,5000.0,5.0,599.94,0.0165,0.0,100.0,651.72,526.55,49.925,0.0,0.0,0.0,82.56,0.0,587.9575,633.55,0.0,211.56,0.037,100.0,0.0,100.04,100.0,9900.0,1.4155,100.0,100.0,0.0,0.0,0.0,0.0,0.0,0.0,526.56,100.0,0.0,658.95,250.0,24.9975,0.0,6.6075,659.15,0.0,0.0,0.037,684.2375,0.0,100.0,0.0,0.0331,0.0,100.0,0.0,100.0,0.0,0.0,1000.8,999.9,0.0,0.294,84.63,684.25,71.0276,0.0,670.15,0.0,710.48,1879.2,626.19,50.0,0.3151,0.0331,1000.8,0.7,0.0,650.52,0.0,676.7,680.0,0.0,0.0,0.0,0.0165,0.681,0.0,0.0,0.037,180.0,0.0,0.0,0.002,2.6,26.555,0.0209,1000.0,1.0,64.6932,545.95,50.0,139.084,0.0,0.0,100.0,0.0212,599.94,100.0,0.0,3000.0,24.9975,-16.4975,658.95,177.385,9.9998,0.0,0.0,0.0,88.5,273.915,96.08,71.0276,0.0,2.6025,0.0,0.0331,0.0,22.7636,0.0,363.72,0.4381,526.56,17.6021,0.5,0.0,0.0,0.0,2.6,0.0,250.0,100.0,36.395,0.0,50.0,0.0,82.56,2200.0,684.25,100.0,26.91,1.76,333.25,333.25,57.5625,0.0,180.0,0.9987,0.0,0.0165,0.0,0.0,0.0,0.0,50.0,0.0,74.9865,0.0,0.0,0.0236,0.0,24.9975,0.037,491.75,0.0,252.9,0.0,6.6075,141.9187,50.0,82.0125,25.0,578.0,50.0,0.0,0.0,0.0165,999.9,0.0,22.7636,0.0,100.0,0.0,0.4632,20.0,0.0,0.0,11.88,0.5,0.0,0.0,0.0331,587.9575,0.0165,0.0237,2.6,211.56,0.0,497.45,0.0,626.49,341.8071,0.0,2.6025,75.555,177.385,8.8554,26.49,100.0,520.0,85.005,61.6,5999.7334,0.7,26.91,85.395,0.0,100.0,24.9975,100.0,0.0,0.037,0.0,83.55,600.0,64.6932,587.9575,626.19,100.0,0.0,363.72,100.0,100.0,8.8554,9.9998,0.0,0.0,0.0,100.0,491.75,0.0,22.7481,0.0,0.275,1.528,0.0,0.0,0.0,36.395,0.0,0.0,0.037,684.24,100.0,1879.2,526.55,25.99,0.0,38.0,4.1594,0.0,74.9865,6.6075,82.365,710.0,17.6021,0.0,0.0,0.15,0.3151,590.0,5.0,673.45,0.0,0.037,0.0,2.6,177.385,0.0,0.0,0.0,526.55,526.55,659.15,526.56
57.525,211.56,0.0,211.56,0.001,75.5556,710.4,24.9975,0.0,625.89,0.0,0.0,110.0,256.55,0.0,498.465,88.0,0.0,0.0,363.72,0.0,0.0,9.9998,0.0,96.08,0.0,50.0,180.0,0.0,0.0,0.0,75.5556,658.75,0.0,0.0,100.0,0.0,88.5,587.925,36.405,177.385,100.0,177.385,495.45,11.88,25.48,177.385,100.0,0.0,0.0,0.0,0.0,9.1124,24.9975,100.0,1879.2,0.0,526.525,-1.0,0.0,0.0,60.0,50100.0,25.04,0.0,0.0,11.88,177.385,0.0,496.44,0.4632,0.0,5000.0,5.0,599.94,0.0165,0.0,100.0,651.44,526.55,49.925,0.0,0.0,0.0,81.7,0.0,587.925,633.1,0.0,211.56,0.037,100.0,0.0,100.04,100.0,9900.0,1.4155,100.0,100.0,0.0,0.0,0.0,0.0,0.0,0.0,526.525,100.0,0.0,658.75,250.0,24.9975,0.0,6.6075,658.95,0.0,0.0,0.037,684.2375,0.0,100.0,0.0,0.0331,0.0,100.0,0.0,100.0,0.0,0.0,1000.8,999.9,0.0,0.294,84.5775,684.25,71.0274,0.0,670.15,0.0,710.4,1879.2,625.89,50.0,0.3151,0.0331,1000.8,0.7,0.0,650.24,0.0,676.7,680.0,0.0,0.0,0.0,0.0165,0.681,0.0,0.0,0.037,180.0,0.0,0.0,0.002,2.6,26.555,0.021,1000.0,1.0,64.6931,545.25,50.0,139.084,0.0,0.0,100.0,0.0212,599.94,100.0,0.0,3000.0,24.9975,-16.503,658.75,177.385,9.9998,0.0,0.0,0.0,88.5,274.455,96.08,71.0274,0.0,2.6017,0.0,0.0331,0.0,22.8096,0.0,363.72,0.4381,526.525,17.6023,0.5,0.0,0.0,0.0,2.6,0.0,250.0,100.0,36.4,0.0,50.0,0.0,81.7,2200.0,684.25,100.0,26.91,1.76,333.1,333.1,57.6,0.0,180.0,0.9986,0.0,0.0165,0.0,0.0,0.0,0.0,50.0,0.0,74.9865,0.0,0.0,0.0237,0.0,24.9975,0.037,490.2,0.0,252.9,0.0,6.6075,141.9187,50.0,82.035,25.0,577.35,50.0,0.0,0.0,0.0165,999.9,0.0,22.8096,0.0,100.0,0.0,0.4632,20.0,0.0,0.0,11.868,0.5,0.0,0.0,0.0331,587.925,0.0165,0.0237,2.6,211.56,0.0,497.45,0.0,626.19,342.0137,0.0,2.6017,75.555,177.385,8.8551,26.49,100.0,520.0,84.99,61.6,5999.7334,0.7,26.91,85.3875,0.0,100.0,24.9975,100.0,0.0,0.037,0.0,83.5575,600.0,64.6931,587.925,625.89,100.0,0.0,363.72,100.0,100.0,8.8551,9.9998,0.0,0.0,0.0,100.0,490.2,0.0,22.7791,0.0,0.275,1.528,0.0,0.0,0.0,36.4,0.0,0.0,0.037,684.24,100.0,1879.2,526.55,25.99,0.0,38.0,3.7547,0.0,74.9865,6.6075,82.3725,710.0,17.6023,0.0,0.0,0.15,0.3151,590.0,5.0,673.45,0.0,0.037,0.0,2.6,177.385,0.0,0.0,0.0,526.55,526.55,658.95,526.525
57.6,211.56,0.0,211.56,0.001,75.5556,710.4,24.9975,0.0,625.62,0.0,0.0,110.0,256.45,0.0,498.465,88.0,0.0,0.0,363.69,0.0,0.0,9.9998,0.0,96.08,0.0,50.0,180.0,0.0,0.0,0.0,75.5556,658.55,0.0,0.0,100.0,0.0,88.25,587.8925,36.405,177.385,100.0,177.385,495.45,11.868,25.48,177.385,100.0,0.0,0.0,0.0,0.0,9.1124,24.9975,100.0,1879.2,0.0,526.525,-1.0,0.0,0.0,60.0,50100.0,25.04,0.0,0.0,11.868,177.385,0.0,496.44,0.4632,0.0,5000.0,5.0,599.94,0.0165,0.0,100.0,651.12,526.5,49.925,0.0,0.0,0.0,81.7,0.0,587.8925,632.6,0.0,211.56,0.037,100.0,0.0,100.04,100.0,9900.0,1.4156,100.0,100.0,0.0,0.0,0.0,0.0,0.0,0.0,526.525,100.0,0.0,658.55,250.0,24.9975,0.0,6.6075,658.75,0.0,0.0,0.037,684.2,0.0,100.0,0.0,0.0331,0.0,100.0,0.0,100.0,0.0,0.0,1000.8,999.9,0.0,0.294,84.585,684.2,71.0268,0.0,670.15,0.0,710.4,1879.0199,625.62,50.0,0.3151,0.0331,1000.8,0.7,0.0,649.92,0.0,676.7,680.0,0.0,0.0,0.0,0.0165,0.681,0.0,0.0,0.037,180.0,0.0,0.0,0.002,2.6,26.555,0.021,1000.0,1.0,64.6926,545.95,50.0,139.084,0.0,0.0,100.0,0.0212,599.94,100.0,0.0,3000.0,24.9975,-16.514,658.55,177.385,9.9998,0.0,0.0,0.0,88.25,274.275,96.08,71.0268,0.0,2.6017,0.0,0.0331,0.0,22.856,0.0,363.72,0.4381,526.525,17.6026,0.5,0.0,0.0,0.0,2.5998,0.0,250.0,100.0,36.405,0.0,50.0,0.0,81.7,2200.0,684.2,100.0,26.91,1.76,332.95,332.95,57.6,0.0,180.0,0.9986,0.0,0.0165,0.0,0.0,0.0,0.0,50.0,0.0,74.9872,0.0,0.0,0.0237,0.0,24.9975,0.037,488.7,0.0,252.9,0.0,6.6075,141.9187,50.0,82.065,25.0,576.65,50.0,0.0,0.0,0.0165,999.9,0.0,22.856,0.0,100.0,0.0,0.4632,20.0,0.0,0.0,11.856,0.5,0.0,0.0,0.0331,587.8925,0.0165,0.0237,2.5998,211.56,0.0,497.45,0.0,625.89,341.7382,0.0,2.6017,75.555,177.385,8.8548,26.49,100.0,520.0,85.0425,61.6,5999.7334,0.7,26.91,85.3425,0.0,100.0,24.9975,100.0,0.0,0.037,0.0,83.535,600.0,64.6926,587.8925,625.62,100.0,0.0,363.72,100.0,100.0,8.8548,9.9998,0.0,0.0,0.0,100.0,488.7,0.0,22.8253,0.0,0.275,1.529,0.0,0.0,0.0,36.405,0.0,0.0,0.037,684.2,100.0,1879.2,526.52,25.99,0.0,38.0,4.6437,0.0,74.9872,6.6075,82.38,710.0,17.6026,0.0,0.0,0.15,0.3151,590.0,5.0,673.45,0.0,0.037,0.0,2.6,177.385,0.0,0.0,0.0,526.5,526.52,658.75,526.525
57.525,211.56,0.0,211.56,0.001,75.5556,710.4,24.9975,0.0,625.32,0.0,0.0,110.0,256.3,0.0,498.42,88.0,0.0,0.0,363.69,0.0,0.0,9.9998,0.0,96.08,0.0,50.0,180.0,0.0,0.0,0.0,75.5556,658.35,0.0,0.0,100.0,0.0,88.0,587.8925,36.41,177.385,100.0,177.385,495.405,11.856,25.48,177.385,100.0,0.0,0.0,0.0,0.0,9.1124,24.9975,100.0,1879.0199,0.0,526.525,-1.0,0.0,0.0,60.0,50100.0,25.04,0.0,0.0,11.856,177.385,0.0,496.44,0.4632,0.0,5000.0,5.0,599.94,0.0165,0.0,100.0,650.84,526.5,49.925,0.0,0.0,0.0,81.7,0.0,587.8925,632.15,0.0,211.56,0.037,100.0,0.0,100.02,100.0,9900.0,1.4157,100.0,100.0,0.0,0.0,0.0,0.0,0.0,0.0,526.525,100.0,0.0,658.35,250.0,24.9975,0.0,6.6075,658.55,0.0,0.0,0.037,684.2,0.0,100.0,0.0,0.0331,0.0,100.0,0.0,100.0,0.0,0.0,1000.8,999.9,0.0,0.294,84.6225,684.2,71.0262,0.0,670.15,0.0,710.4,1879.0199,625.32,50.0,0.3151,0.0331,1000.8,0.7,0.0,649.64,0.0,676.7,680.0,0.0,0.0,0.0,0.0165,0.681,0.0,0.0,0.037,180.0,0.0,0.0,0.002,2.6,26.555,0.021,1000.0,1.0,64.692,545.9,50.0,139.084,0.0,0.0,100.0,0.0212,599.94,100.0,0.0,3000.0,24.9975,-16.5195,658.35,177.385,9.9998,0.0,0.0,0.0,88.0,273.69,96.08,71.0262,0.0,2.6017,0.0,0.0331,0.0,22.888,0.0,363.69,0.4381,526.525,17.6028,0.5,0.0,0.0,0.0,2.5998,0.0,250.0,100.0,36.405,0.0,50.0,0.0,81.7,2200.0,684.2,100.0,26.91,1.76,332.8,332.8,57.6,0.0,180.0,0.9986,0.0,0.0165,0.0,0.0,0.0,0.0,50.0,0.0,74.9875,0.0,0.0,0.0237,0.0,24.9975,0.037,487.2,0.0,252.9,0.0,6.6075,141.9187,50.0,82.095,25.0,576.0,50.0,0.0,0.0,0.0165,999.9,0.0,22.888,0.0,100.0,0.0,0.4632,20.0,0.0,0.0,11.85,0.5,0.0,0.0,0.0331,587.8925,0.0165,0.0237,2.5998,211.56,0.0,497.45,0.0,625.62,341.566,0.0,2.6017,75.555,177.385,8.8544,26.49,100.0,520.0,85.0575,61.6,5999.7334,0.7,26.91,85.365,0.0,100.0,24.9975,100.0,0.0,0.037,0.0,83.58,600.0,64.692,587.8925,625.32,100.0,0.0,363.69,100.0,100.0,8.8544,9.9998,0.0,0.0,0.0,100.0,487.2,0.0,22.872,0.0,0.275,1.529,0.0,0.0,0.0,36.405,0.0,0.0,0.037,684.2,100.0,1879.0199,526.52,25.99,0.0,38.0,4.6766,0.0,74.9875,6.6075,82.38,710.0,17.6028,0.0,0.0,0.15,0.3151,590.0,5.0,673.45,0.0,0.037,0.0,2.6,177.385,0.0,0.0,0.0,526.5,526.52,658.55,526.525
57.5625,211.56,0.0,211.56,0.001,75.5556,710.4,24.9975,0.0,625.05,0.0,0.0,110.0,256.2,0.0,498.42,88.0,0.0,0.0,363.69,0.0,0.0,9.9998,0.0,96.08,0.0,50.0,180.0,0.0,0.0,0.0,75.5556,658.15,0.0,0.0,100.0,0.0,88.0,587.86,36.415,177.385,100.0,177.385,495.405,11.85,25.48,177.385,100.0,0.0,0.0,0.0,0.0,9.1124,24.9975,100.0,1879.0199,0.0,526.525,-1.0,0.0,0.0,60.0,50100.0,25.04,0.0,0.0,11.85,177.385,0.0,496.44,0.4632,0.0,5000.0,5.0,599.94,0.0165,0.0,100.0,650.52,526.5,49.925,0.0,0.0,0.0,81.7,0.0,587.86,631.7,0.0,211.56,0.037,100.0,0.0,100.02,100.0,9900.0,1.4157,100.0,100.0,0.0,0.0,0.0,0.0,0.0,0.0,526.525,100.0,0.0,658.15,250.0,24.9975,0.0,6.6075,658.35,0.0,0.0,0.037,684.1625,0.0,100.0,0.0,0.0331,0.0,100.0,0.0,100.0,0.0,0.0,1000.8,999.9,0.0,0.294,84.615,684.15,71.0256,0.0,670.15,0.0,710.4,1879.0199,625.05,50.0,0.3151,0.0331,1000.8,0.7,0.0,649.32,0.0,676.7,680.0,0.0,0.0,0.0,0.0165,0.681,0.0,0.0,0.037,180.0,0.0,0.0,0.002,2.6,26.555,0.021,1000.0,1.0,64.6914,545.25,50.0,139.084,0.0,0.0,100.0,0.0212,599.94,100.0,0.0,3000.0,24.9975,-16.525,658.15,177.385,9.9998,0.0,0.0,0.0,88.0,274.3875,96.08,71.0256,0.0,2.6017,0.0,0.0331,0.0,22.9349,0.0,363.69,0.4381,526.525,17.6031,0.5,0.0,0.0,0.0,2.5998,0.0,250.0,100.0,36.41,0.0,50.0,0.0,81.7,2200.0,684.15,100.0,26.91,1.76,332.65,332.65,57.6,0.0,180.0,0.9985,0.0,0.0165,0.0,0.0,0.0,0.0,50.0,0.0,74.9877,0.0,0.0,0.0237,0.0,24.9975,0.037,485.7,0.0,252.9,0.0,6.6075,141.93,50.0,82.05,25.0,575.3,50.0,0.0,0.0,0.0165,999.9,0.0,22.9349,0.0,100.0,0.0,0.4632,20.0,0.0,0.0,11.844,0.5,0.0,0.0,0.0331,587.86,0.0165,0.0237,2.5998,211.56,0.0,497.42,0.0,625.32,342.4958,0.0,2.6017,75.555,177.385,8.8541,26.49,100.0,520.0,85.0725,61.6,5999.7334,0.7,26.91,85.365,0.0,100.0,24.9975,100.0,0.0,0.037,0.0,83.565,600.0,64.6914,587.86,625.05,100.0,0.0,363.69,100.0,100.0,8.8541,9.9998,0.0,0.0,0.0,100.0,485.7,0.0,22.9039,0.0,0.275,1.529,0.0,0.0,0.0,36.41,0.0,0.0,0.037,684.16,100.0,1879.0199,526.52,25.99,0.0,38.0,3.8344,0.0,74.9877,6.6075,82.4175,710.0,17.6031,0.0,0.0,0.15,0.3151,590.0,5.0,673.45,0.0,0.037,0.0,2.6,177.385,0.0,0.0,0.0,526.5,526.52,658.35,526.525
57.6,211.56,0.0,211.56,0.001,75.5556,710.4,24.9975,0.0,624.75,0.0,0.0,110.0,256.1,0.0,498.42,88.0,0.0,0.0,363.69,0.0,0.0,9.9998,0.0,96.08,0.0,50.0,180.0,0.0,0.0,0.0,75.5556,657.95,0.0,0.0,100.0,0.0,87.75,587.86,36.415,177.385,100.0,177.385,495.405,11.844,25.48,177.385,100.0,0.0,0.0,0.0,0.0,9.1124,24.9975,100.0,1879.0199,0.0,526.49,-1.0,0.0,0.0,60.0,50100.0,25.04,0.0,0.0,11.844,177.385,0.0,496.395,0.4632,0.0,5000.0,5.0,599.94,0.0165,0.0,100.0,650.24,526.5,49.925,0.0,0.0,0.0,81.7,0.0,587.86,631.25,0.0,211.56,0.037,100.0,0.0,100.02,100.0,9900.0,1.4158,100.0,100.0,0.0,0.0,0.0,0.0,0.0,0.0,526.49,100.0,0.0,657.95,250.0,24.9975,0.0,6.6075,658.15,0.0,0.0,0.037,684.1625,0.0,100.0,0.0,0.0331,0.0,100.0,0.0,100.0,0.0,0.0,1000.8,999.9,0.0,0.294,84.63,684.15,71.0249,0.0,670.15,0.0,710.4,1879.0199,624.75,50.0,0.3151,0.0331,1000.8,0.7,0.0,649.04,0.0,676.7,680.0,0.0,0.0,0.0,0.0165,0.681,0.0,0.0,0.037,180.0,0.0,0.0,0.002,2.6,26.555,0.021,1000.0,1.0,64.6908,545.6,50.0,139.095,0.0,0.0,100.0,0.0213,599.94,100.0,0.0,3000.0,24.9975,-16.525,657.95,177.385,9.9998,0.0,0.0,0.0,87.75,273.8475,96.08,71.0249,0.0,2.6017,0.0,0.0331,0.0,22.9673,0.0,363.69,0.4381,526.49,17.6033,0.5,0.0,0.0,0.0,2.5998,0.0,250.0,100.0,36.415,0.0,50.0,0.0,81.7,2200.0,684.15,100.0,26.91,1.76,332.55,332.55,57.525,0.0,180.0,0.9985,0.0,0.0165,0.0,0.0,0.0,0.0,50.0,0.0,74.988,0.0,0.0,0.0238,0.0,24.9975,0.037,484.2,0.0,252.9,0.0,6.6075,141.93,50.0,82.0875,25.0,574.65,50.0,0.0,0.0,0.0165,999.9,0.0,22.9673,0.0,100.0,0.0,0.4632,20.0,0.0,0.0,11.844,0.5,0.0,0.0,0.0331,587.86,0.0165,0.0238,2.5998,211.56,0.0,497.42,0.0,625.05,342.0826,0.0,2.6017,75.555,177.385,8.8538,26.49,100.0,520.0,85.095,61.6,5999.7334,0.7,26.91,85.395,0.0,100.0,24.9975,100.0,0.0,0.037,0.0,83.6025,600.0,64.6908,587.86,624.75,100.0,0.0,363.69,100.0,100.0,8.8538,9.9998,0.0,0.0,0.0,100.0,484.2,0.0,22.9511,0.0,0.275,1.529,0.0,0.0,0.0,36.415,0.0,0.0,0.037,684.16,100.0,1879.0199,526.52,25.99,0.0,38.0,4.6344,0.0,74.988,6.6075,82.3875,710.0,17.6033,0.0,0.0,0.15,0.3151,590.0,5.0,673.45,0.0,0.037,0.0,2.6,177.385,0.0,0.0,0.0,526.5,526.52,658.15,526.49
57.6,211.56,0.0,211.56,0.001,75.5556,710.4,24.9975,0.0,624.45,0.0,0.0,110.0,256.0,0.0,498.42,88.0,0.0,0.0,363.69,0.0,0.0,9.9998,0.0,96.08,0.0,50.0,180.0,0.0,0.0,0.0,75.5556,657.75,0.0,0.0,100.0,0.0,87.75,587.8275,36.42,177.385,100.0,177.385,495.405,11.844,25.48,177.385,100.0,0.0,0.0,0.0,0.0,9.1124,24.9975,100.0,1879.0199,0.0,526.49,-1.0,0.0,0.0,60.0,50100.0,25.04,0.0,0.0,11.844,177.385,0.0,496.395,0.4632,0.0,5000.0,5.0,599.94,0.0165,0.0,100.0,649.92,526.5,49.925,0.0,0.0,0.0,81.7,0.0,587.8275,630.75,0.0,211.56,0.037,100.0,0.0,100.02,100.0,9900.0,1.4158,100.0,100.0,0.0,0.0,0.0,0.0,0.0,0.0,526.49,100.0,0.0,657.75,250.0,24.9975,0.0,6.6075,657.95,0.0,0.0,0.037,684.125,0.0,100.0,0.0,0.0331,0.0,100.0,0.0,100.0,0.0,0.0,1000.2,999.9,0.0,0.294,84.63,684.15,71.0243,0.0,670.15,0.0,710.4,1879.0199,624.45,50.0,0.3151,0.0331,1000.2,0.7,0.0,648.72,0.0,676.7,680.0,0.0,0.0,0.0,0.0165,0.681,0.0,0.0,0.037,180.0,0.0,0.0,0.001,2.6,26.555,0.021,1000.0,1.0,64.6902,545.3,50.0,139.095,0.0,0.0,100.0,0.0213,599.94,100.0,0.0,3000.0,24.9975,-16.5305,657.75,177.385,9.9998,0.0,0.0,0.0,87.75,273.8475,96.08,71.0243,0.0,2.6017,0.0,0.0331,0.0,23.0148,0.0,363.69,0.4381,526.49,17.6036,0.5,0.0,0.0,0.0,2.5998,0.0,250.0,100.0,36.415,0.0,50.0,0.0,81.7,2200.0,684.15,100.0,26.91,1.76,332.4,332.4,57.525,0.0,180.0,0.9984,0.0,0.0165,0.0,0.0,0.0,0.0,50.0,0.0,74.9882,0.0,0.0,0.0238,0.0,24.9975,0.037,482.7,0.0,252.9,0.0,6.6075,141.9413,50.0,82.1325,25.0,573.95,50.0,0.0,0.0,0.0165,999.9,0.0,23.0148,0.0,100.0,0.0,0.4632,20.0,0.0,0.0,11.838,0.5,0.0,0.0,0.0331,587.8275,0.0165,0.0238,2.5998,211.56,0.0,497.42,0.0,624.75,341.6004,0.0,2.6017,75.555,177.385,8.8542,26.49,100.0,520.0,85.0875,61.6,5999.7334,0.7,26.91,85.3575,0.0,100.0,24.9975,100.0,0.0,0.037,0.0,83.6325,600.0,64.6902,587.8275,624.45,100.0,0.0,363.69,100.0,100.0,8.8542,9.9998,0.0,0.0,0.0,100.0,482.7,0.0,22.9836,0.0,0.275,1.529,0.0,0.0,0.0,36.415,0.0,0.0,0.037,684.12,100.0,1879.0199,526.49,25.99,0.0,38.0,3.7547,0.0,74.9882,6.6075,82.3575,710.0,17.6036,0.0,0.0,0.15,0.3151,590.0,5.0,673.45,0.0,0.037,0.0,2.6,177.385,0.0,0.0,0.0,526.5,526.49,657.95,526.49
57.5625,211.56,0.0,211.56,0.0,75.5556,710.4,24.9975,0.0,624.18,0.0,0.0,110.0,255.9,0.0,498.42,88.0,0.0,0.0,363.69,0.0,0.0,9.9998,0.0,96.08,0.0,50.0,180.0,0.0,0.0,0.0,75.5556,657.55,0.0,0.0,100.0,0.0,87.5,587.795,36.42,177.385,100.0,177.385,495.405,11.838,25.48,177.385,100.0,0.0,0.0,0.0,0.0,9.1124,24.9975,100.0,1879.0199,0.0,526.49,-1.0,0.0,0.0,60.0,50100.0,25.04,0.0,0.0,11.838,177.385,0.0,496.395,0.4632,0.0,5000.0,5.0,599.94,0.0165,0.0,100.0,649.64,526.5,49.925,0.0,0.0,0.0,81.7,0.0,587.795,630.3,0.0,211.56,0.037,100.0,0.0,100.02,100.0,9900.0,1.4158,100.0,100.0,0.0,0.0,0.0,0.0,0.0,0.0,526.49,100.0,0.0,657.55,250.0,24.9975,0.0,6.6075,657.75,0.0,0.0,0.037,684.125,0.0,100.0,0.0,0.0331,0.0,100.0,0.0,100.0,0.0,0.0,1000.2,999.9,0.0,0.294,84.66,684.1,71.0237,0.0,670.15,0.0,710.4,1879.0199,624.18,50.0,0.3151,0.0331,1000.2,0.7,0.0,648.44,0.0,676.7,680.0,0.0,0.0,0.0,0.0165,0.681,0.0,0.0,0.037,180.0,0.0,0.0,0.001,2.6,26.555,0.021,1000.0,1.0,64.6897,546.2,50.0,139.106,0.0,0.0,100.0,0.0213,599.94,100.0,0.0,3000.0,24.9975,-16.5305,657.55,177.385,9.9998,0.0,0.0,0.0,87.5,274.365,96.08,71.0237,0.0,2.6017,0.0,0.0331,0.0,23.0627,0.0,363.69,0.4381,526.49,17.6038,0.5,0.0,0.0,0.0,2.5998,0.0,250.0,100.0,36.42,0.0,50.0,0.0,81.7,2200.0,684.1,100.0,26.91,1.76,332.25,332.25,57.5625,0.0,180.0,0.9984,0.0,0.0165,0.0,0.0,0.0,0.0,50.0,0.0,74.9885,0.0,0.0,0.0238,0.0,24.9975,0.037,481.2,0.0,252.9,0.0,6.6075,141.9413,50.0,82.1175,25.0,573.3,50.0,0.0,0.0,0.0165,999.9,0.0,23.0627,0.0,100.0,0.0,0.4632,20.0,0.0,0.0,11.838,0.5,0.0,0.0,0.0331,587.795,0.0165,0.0238,2.5998,211.56,0.0,497.42,0.0,624.45,342.117,0.0,2.6017,75.555,177.385,8.8541,26.49,100.0,520.0,85.065,61.6,5999.7334,0.7,26.91,85.305,0.0,100.0,24.9975,100.0,0.0,0.037,0.0,83.67,600.0,64.6897,587.795,624.18,100.0,0.0,363.69,100.0,100.0,8.8541,9.9998,0.0,0.0,0.0,100.0,481.2,0.0,23.0312,0.0,0.275,1.529,0.0,0.0,0.0,36.42,0.0,0.0,0.037,684.12,100.0,1879.0199,526.49,25.99,0.0,38.0,4.1219,0.0,74.9885,6.6075,82.3125,710.0,17.6038,0.0,0.0,0.15,0.3151,590.0,5.0,673.45,0.0,0.037,0.0,2.6,177.385,0.0,0.0,0.0,526.5,526.49,657.75,526.49
57.5625,211.56,0.0,211.56,0.0,75.5556,710.24,24.9975,0.0,623.88,0.0,0.0,110.0,255.8,0.0,498.42,88.0,0.0,0.0,363.69,0.0,0.0,9.9998,0.0,96.08,0.0,50.0,180.0,0.0,0.0,0.0,75.5556,657.35,0.0,0.0,100.0,0.0,87.5,587.795,36.425,177.385,100.0,177.385,495.405,11.838,25.48,177.385,100.0,0.0,0.0,0.0,0.0,9.1118,24.9975,100.0,1879.0199,0.0,526.49,-1.0,0.0,0.0,60.0,50100.0,25.04,0.0,0.0,11.838,177.385,0.0,496.395,0.4632,0.0,5000.0,5.0,599.94,0.0165,0.0,100.0,649.32,526.45,49.925,0.0,0.0,0.0,80.84,0.0,587.795,629.85,0.0,211.56,0.037,100.0,0.0,100.02,100.0,9900.0,1.4159,100.0,100.0,0.0,0.0,0.0,0.0,0.0,0.0,526.49,100.0,0.0,657.35,250.0,24.9975,0.0,6.6075,657.55,0.0,0.0,0.037,684.0875,0.0,100.0,0.0,0.0331,0.0,100.0,0.0,100.0,0.0,0.0,1000.2,999.9,0.0,0.294,84.63,684.1,71.0243,0.0,670.15,0.0,710.24,1879.0199,623.88,50.0,0.3151,0.0331,1000.2,0.7,0.0,648.12,0.0,676.7,680.0,0.0,0.0,0.0,0.0165,0.681,0.0,0.0,0.037,180.0,0.0,0.0,0.001,2.6,26.555,0.0211,1000.0,1.0,64.6891,546.35,50.0,139.106,0.0,0.0,100.0,0.0213,599.94,100.0,0.0,3000.0,24.9975,-16.536,657.35,177.385,9.9998,0.0,0.0,0.0,87.5,274.4775,96.08,71.0243,0.0,2.6017,0.0,0.0331,0.0,23.0961,0.0,363.69,0.4381,526.49,17.6041,0.5,0.0,0.0,0.0,2.5998,0.0,250.0,100.0,36.42,0.0,50.0,0.0,80.84,2200.0,684.1,100.0,26.91,1.76,332.15,332.15,57.525,0.0,180.0,0.9984,0.0,0.0165,0.0,0.0,0.0,0.0,50.0,0.0,74.9887,0.0,0.0,0.0238,0.0,24.9975,0.037,479.75,0.0,252.9,0.0,6.6075,141.9525,50.0,82.08,25.0,572.65,50.0,0.0,0.0,0.0165,999.9,0.0,23.0961,0.0,100.0,0.0,0.4632,20.0,0.0,0.0,11.838,0.5,0.0,0.0,0.0331,587.795,0.0165,0.0238,2.5998,211.56,0.0,497.39,0.0,624.18,342.0826,0.0,2.6017,75.555,177.385,8.854,26.49,100.0,520.0,85.02,61.6,5999.7334,0.7,26.91,85.335,0.0,100.0,24.9975,100.0,0.0,0.037,0.0,83.6175,600.0,64.6891,587.795,623.88,100.0,0.0,363.69,100.0,100.0,8.854,9.9998,0.0,0.0,0.0,100.0,479.75,0.0,23.0794,0.0,0.275,1.53,0.0,0.0,0.0,36.42,0.0,0.0,0.037,684.08,100.0,1879.0199,526.49,25.99,0.0,38.0,4.0969,0.0,74.9887,6.6075,82.29,710.0,17.6041,0.0,0.0,0.15,0.3151,590.0,5.0,673.45,0.0,0.037,0.0,2.6,177.385,0.0,0.0,0.0,526.45,526.49,657.55,526.49
57.5625,211.56,0.0,211.56,0.0,75.5556,710.24,24.9975,0.0,623.88,0.0,0.0,110.0,255.8,0.0,498.42,88.0,0.0,0.0,363.69,0.0,0.0,9.9998,0.0,96.08,0.0,50.0,180.0,0.0,0.0,0.0,75.5556,657.35,0.0,0.0,100.0,0.0,87.5,587.795,36.425,177.385,100.0,177.385,495.405,11.838,25.48,177.385,100.0,0.0,0.0,0.0,0.0,9.1118,24.9975,100.0,1879.0199,0.0,526.49,-1.0,0.0,0.0,60.0,50100.0,25.04,0.0,0.0,11.838,177.385,0.0,496.395,0.4632,0.0,5000.0,5.0,599.94,0.0165,0.0,100.0,649.32,526.45,49.925,0.0,0.0,0.0,80.84,0.0,587.795,629.85,0.0,211.56,0.037,100.0,0.0,100.02,100.0,9900.0,1.4159,100.0,100.0,0.0,0.0,0.0,0.0,0.0,0.0,526.49,100.0,0.0,657.35,250.0,24.9975,0.0,6.6075,657.35,0.0,0.0,0.037,684.0875,0.0,100.0,0.0,0.0331,0.0,100.0,0.0,100.0,0.0,0.0,1000.2,999.9,0.0,0.294,84.63,684.1,71.0239,0.0,670.15,0.0,710.24,1879.0199,623.88,50.0,0.3151,0.0331,1000.2,0.7,0.0,648.12,0.0,676.7,680.0,0.0,0.0,0.0,0.0165,0.681,0.0,0.0,0.037,180.0,0.0,0.0,0.001,2.6,26.555,0.0211,1000.0,1.0,64.6885,546.35,50.0,139.106,0.0,0.0,100.0,0.0213,599.94,100.0,0.0,3000.0,24.9975,-16.536,657.35,177.385,9.9998,0.0,0.0,0.0,87.5,274.4775,96.08,71.0239,0.0,2.6017,0.0,0.0331,0.0,23.1295,0.0,363.69,0.4381,526.49,17.6043,0.5,0.0,0.0,0.0,2.5998,0.0,250.0,100.0,36.425,0.0,50.0,0.0,80.84,2200.0,684.1,100.0,26.91,1.76,332.15,332.15,57.525,0.0,180.0,0.9984,0.0,0.0165,0.0,0.0,0.0,0.0,50.0,0.0,74.989,0.0,0.0,0.0238,0.0,24.9975,0.037,479.75,0.0,252.9,0.0,6.6075,141.9525,50.0,82.08,25.0,572.65,50.0,0.0,0.0,0.0165,999.9,0.0,23.1295,0.0,100.0,0.0,0.4632,20.0,0.0,0.0,11.838,0.5,0.0,0.0,0.0331,587.795,0.0165,0.0238,2.5998,211.56,0.0,497.39,0.0,623.88,342.0826,0.0,2.6017,75.555,177.385,8.8539,26.49,100.0,520.0,85.02,61.6,5999.7334,0.7,26.91,85.335,0.0,100.0,24.9975,100.0,0.0,0.037,0.0,83.6175,600.0,64.6885,587.795,623.88,100.0,0.0,363.69,100.0,100.0,8.8539,9.9998,0.0,0.0,0.0,100.0,479.75,0.0,23.1128,0.0,0.275,1.53,0.0,0.0,0.0,36.425,0.0,0.0,0.037,684.08,100.0,1879.0199,526.49,25.99,0.0,38.0,4.0969,0.0,74.989,6.6075,82.29,710.0,17.6043,0.0,0.0,0.15,0.3151,590.0,5.0,673.45,0.0,0.037,0.0,2.6,177.385,0.0,0.0,0.0,526.45,526.49,657.35,526.49
57.6,211.56,0.0,211.56,0.0,75.5556,710.24,24.9975,0.0,623.61,0.0,0.0,110.0,255.7,0.0,498.375,88.0,0.0,0.0,363.66,0.0,0.0,9.9998,0.0,96.08,0.0,50.0,180.0,0.0,0.0,0.0,75.5556,657.15,0.0,0.0,100.0,0.0,87.25,587.7625,36.425,177.385,100.0,177.385,495.36,11.838,25.48,177.385,100.0,0.0,0.0,0.0,0.0,9.1118,24.9975,100.0,1879.0199,0.0,526.455,-1.0,0.0,0.0,60.0,50100.0,25.04,0.0,0.0,11.838,177.385,0.0,496.395,0.4632,0.0,5000.0,5.0,599.94,0.0165,0.0,100.0,649.04,526.45,49.925,0.0,0.0,0.0,80.84,0.0,587.7625,629.4,0.0,211.56,0.037,100.0,0.0,100.02,100.0,9900.0,1.4159,100.0,100.0,0.0,0.0,0.0,0.0,0.0,0.0,526.455,100.0,0.0,657.15,250.0,24.9975,0.0,6.6075,657.35,0.0,0.0,0.037,684.0875,0.0,100.0,0.0,0.0331,0.0,100.0,0.0,100.0,0.0,0.0,1000.2,999.9,0.0,0.294,84.6375,684.1,71.0236,0.0,670.15,0.0,710.24,1879.0199,623.61,50.0,0.3151,0.0331,1000.2,0.7,0.0,647.84,0.0,676.7,680.0,0.0,0.0,0.0,0.0165,0.681,0.0,0.0,0.037,180.0,0.0,0.0,0.001,2.6,26.555,0.0211,1000.0,1.0,64.6879,545.85,50.0,139.117,0.0,0.0,100.0,0.0213,599.94,100.0,0.0,3000.0,24.9975,-16.536,657.15,177.385,9.9998,0.0,0.0,0.0,87.25,273.96,96.08,71.0236,0.0,2.6017,0.0,0.0331,0.0,23.178,0.0,363.69,0.4381,526.455,17.6046,0.5,0.0,0.0,0.0,2.5998,0.0,250.0,100.0,36.425,0.0,50.0,0.0,80.84,2200.0,684.1,100.0,26.91,1.76,332.0,332.0,57.525,0.0,180.0,0.9982,0.0,0.0165,0.0,0.0,0.0,0.0,50.0,0.0,74.9892,0.0,0.0,0.0238,0.0,24.9975,0.037,478.25,0.0,252.875,0.0,6.6075,141.9525,50.0,82.05,25.0,571.95,50.0,0.0,0.0,0.0165,999.9,0.0,23.178,0.0,100.0,0.0,0.4632,20.0,0.0,0.0,11.832,0.5,0.0,0.0,0.0331,587.7625,0.0165,0.0239,2.5998,211.56,0.0,497.39,0.0,623.88,341.8071,0.0,2.6017,75.555,177.385,8.8538,26.49,100.0,520.0,85.05,61.6,5999.7334,0.7,26.91,85.3425,0.0,100.0,24.9975,100.0,0.0,0.037,0.0,83.595,600.0,64.6879,587.7625,623.61,100.0,0.0,363.69,100.0,100.0,8.8538,9.9998,0.0,0.0,0.0,100.0,478.25,0.0,23.1462,0.0,0.275,1.53,0.0,0.0,0.0,36.425,0.0,0.0,0.037,684.08,100.0,1879.0199,526.46,25.99,0.0,38.0,4.6734,0.0,74.9892,6.6075,82.245,710.0,17.6046,0.0,0.0,0.15,0.3151,590.0,5.0,673.45,0.0,0.037,0.0,2.6,177.385,0.0,0.0,0.0,526.45,526.46,657.35,526.455
57.6,211.56,0.0,211.56,0.001,75.5556,710.24,24.9975,0.0,623.31,0.0,0.0,110.0,255.65,0.0,498.375,88.0,0.0,0.0,363.66,0.0,0.0,9.9998,0.0,96.08,0.0,50.0,180.0,0.0,0.0,0.0,75.5556,656.95,0.0,0.0,100.0,0.0,87.25,587.73,36.43,249.99,100.0,249.99,495.36,11.832,25.48,249.99,100.0,0.0,0.0,0.0,0.0,9.1113,24.9975,100.0,1879.0199,0.0,526.455,-1.0,0.0,0.0,60.0,50100.0,25.04,0.0,0.0,11.832,249.99,0.0,496.395,0.4632,0.0,5000.0,5.0,599.94,0.0165,0.0,100.0,648.72,526.45,49.925,0.0,0.0,0.0,80.84,0.0,587.73,628.95,0.0,211.56,0.037,100.0,0.0,100.02,100.0,9900.0,1.416,100.0,100.0,0.0,0.0,0.0,0.0,0.0,0.0,526.455,100.0,0.0,656.95,250.0,24.9975,0.0,6.6075,657.15,0.0,0.0,0.037,684.05,0.0,100.0,0.0,0.0331,0.0,100.0,0.0,100.0,0.0,0.0,1000.2,999.9,0.0,0.294,84.6375,684.05,71.0232,0.0,670.15,0.0,710.24,1879.0199,623.31,50.0,0.3151,0.0331,1000.2,0.7,0.0,647.52,0.0,676.7,680.0,0.0,0.0,0.0,0.0165,0.681,0.0,0.0,0.037,180.0,0.0,0.0,0.001,2.6,26.555,0.0211,1000.0,1.0,64.6881,546.05,50.0,139.128,0.0,0.0,100.0,0.0213,599.94,100.0,0.0,3000.0,24.9975,-16.536,656.95,249.99,9.9998,0.0,0.0,0.0,87.25,273.915,96.08,71.0232,0.0,2.601,0.0,0.0331,0.0,23.2269,0.0,363.66,0.4381,526.455,17.6048,0.5,0.0,0.0,0.0,2.5998,0.0,250.0,100.0,36.425,0.0,50.0,0.0,80.84,2200.0,684.05,100.0,26.91,1.76,331.85,331.85,57.6,0.0,180.0,0.9982,0.0,0.0165,0.0,0.0,0.0,0.0,50.0,0.0,74.9895,0.0,0.0,0.0238,0.0,24.9975,0.037,476.8,0.0,252.875,0.0,6.6075,141.9637,50.0,82.0725,25.0,571.3,50.0,0.0,0.0,0.0165,999.9,0.0,23.2269,0.0,100.0,0.0,0.4632,20.0,0.0,0.0,11.832,0.5,0.0,0.0,0.0331,587.73,0.0165,0.0239,2.5998,211.56,0.0,497.39,0.0,623.61,342.0826,0.0,2.601,75.555,249.99,8.8538,26.49,100.0,520.0,85.035,61.6,5999.7334,0.7,26.91,85.335,0.0,100.0,24.9975,100.0,0.0,0.037,0.0,83.55,600.0,64.6881,587.73,623.31,100.0,0.0,363.66,100.0,100.0,8.8538,9.9998,0.0,0.0,0.0,100.0,476.8,0.0,23.1949,0.0,0.275,1.53,0.0,0.0,0.0,36.425,0.0,0.0,0.037,684.08,100.0,1879.0199,526.46,25.99,0.0,38.0,4.3625,0.0,74.9895,6.6075,82.2825,710.0,17.6048,0.0,0.0,0.15,0.3151,590.0,5.0,673.45,0.0,0.037,0.0,2.6,249.99,0.0,0.0,0.0,526.45,526.46,657.15,526.455
57.525,211.56,0.0,211.56,0.001,75.5556,710.24,24.9975,0.0,623.01,0.0,0.0,110.0,255.55,0.0,498.375,88.0,0.0,0.0,363.66,0.0,0.0,9.9998,0.0,96.08,0.0,50.0,180.0,0.0,0.0,0.0,75.5556,656.75,0.0,0.0,100.0,0.0,87.25,587.73,36.435,249.99,100.0,249.99,495.36,11.832,25.48,249.99,100.0,0.0,0.0,0.0,0.0,9.1113,24.9975,100.0,1879.0199,0.0,526.455,-1.0,0.0,0.0,60.0,50100.0,25.04,0.0,0.0,11.832,249.99,0.0,496.35,0.4632,0.0,5000.0,5.0,599.94,0.0165,0.0,100.0,648.44,526.45,49.925,0.0,0.0,0.0,80.84,0.0,587.73,628.5,0.0,211.56,0.037,100.0,0.0,100.02,100.0,9900.0,1.416,100.0,100.0,0.0,0.0,0.0,0.0,0.0,0.0,526.455,100.0,0.0,656.75,250.0,24.9975,0.0,6.6075,656.95,0.0,0.0,0.037,684.05,0.0,100.0,0.0,0.0331,0.0,100.0,0.0,100.0,0.0,0.0,1000.2,999.9,0.0,0.294,84.645,684.05,71.0228,0.0,670.15,0.0,710.24,1878.84,623.01,50.0,0.3151,0.0331,1000.2,0.7,0.0,647.24,0.0,676.7,679.95,0.0,0.0,0.0,0.0165,0.681,0.0,0.0,0.037,180.0,0.0,0.0,0.001,2.6,26.555,0.0211,1000.0,1.0,64.6877,545.55,50.0,139.128,0.0,0.0,100.0,0.0213,599.94,100.0,0.0,3000.0,24.9975,-16.5415,656.75,249.99,9.9998,0.0,0.0,0.0,87.25,273.825,96.08,71.0228,0.0,2.601,0.0,0.0331,0.0,23.2613,0.0,363.66,0.4381,526.455,17.6051,0.5,0.0,0.0,0.0,2.5998,0.0,250.0,100.0,36.43,0.0,50.0,0.0,80.84,2200.0,684.05,100.0,26.91,1.76,331.75,331.75,57.6,0.0,180.0,0.9982,0.0,0.0165,0.0,0.0,0.0,0.0,50.0,0.0,74.9897,0.0,0.0,0.0238,0.0,24.9975,0.037,475.3,0.0,252.875,0.0,6.6075,141.975,50.0,82.0425,25.0,570.6,50.0,0.0,0.0,0.0165,999.9,0.0,23.2613,0.0,100.0,0.0,0.4632,20.0,0.0,0.0,11.832,0.5,0.0,0.0,0.0331,587.73,0.0165,0.0239,2.5998,211.56,0.0,497.39,0.0,623.31,341.7382,0.0,2.601,75.555,249.99,8.8537,26.49,100.0,520.0,85.0575,61.6,5999.7334,0.7,26.91,85.3275,0.0,100.0,24.9975,100.0,0.0,0.037,0.0,83.5275,600.0,64.6877,587.73,623.01,100.0,0.0,363.66,100.0,100.0,8.8537,9.9998,0.0,0.0,0.0,100.0,475.3,0.0,23.2441,0.0,0.275,1.53,0.0,0.0,0.0,36.43,0.0,0.0,0.037,684.04,100.0,1879.0199,526.46,25.99,0.0,38.0,4.2953,0.0,74.9897,6.6075,82.3275,710.0,17.6051,0.0,0.0,0.15,0.3151,590.0,5.0,673.45,0.0,0.037,0.0,2.6,249.99,0.0,0.0,0.0,526.45,526.46,656.95,526.455
57.6,211.56,0.0,211.56,0.001,75.5556,710.24,24.9975,0.0,622.74,0.0,0.0,110.0,255.45,0.0,498.375,88.0,0.0,0.0,363.66,0.0,0.0,9.9998,0.0,96.08,0.0,50.0,180.0,0.0,0.0,0.0,75.5556,656.55,0.0,0.0,100.0,0.0,87.0,587.6975,36.435,249.99,100.0,249.99,495.36,11.832,25.48,249.99,100.0,0.0,0.0,0.0,0.0,9.1113,24.9975,100.0,1878.84,0.0,526.455,-1.0,0.0,0.0,60.0,50100.0,25.04,0.0,0.0,11.832,249.99,0.0,496.35,0.4632,0.0,5000.0,5.0,599.94,0.0165,0.0,100.0,648.12,526.45,49.925,0.0,0.0,0.0,80.84,0.0,587.6975,628.05,0.0,211.56,0.037,100.0,0.0,100.02,100.0,9900.0,1.4161,100.0,100.0,0.0,0.0,0.0,0.0,0.0,0.0,526.455,100.0,0.0,656.55,250.0,24.9975,0.0,6.6075,656.75,0.0,0.0,0.037,684.0125,0.0,100.0,0.0,0.0331,0.0,100.0,0.0,100.0,0.0,0.0,1000.2,999.9,0.0,0.294,84.645,684.0,71.0224,0.0,670.15,0.0,710.24,1878.84,622.74,50.0,0.3151,0.0331,1000.2,0.7,0.0,646.92,0.0,676.7,679.95,0.0,0.0,0.0,0.0165,0.681,0.0,0.0,0.037,180.0,0.0,0.0,0.001,2.6,26.555,0.0212,1000.0,1.0,64.6874,545.5,50.0,139.139,0.0,0.0,100.0,0.0213,599.94,100.0,0.0,3000.0,24.9975,-16.5415,656.55,249.99,9.9998,0.0,0.0,0.0,87.0,273.8025,96.08,71.0224,0.0,2.601,0.0,0.0331,0.0,23.3107,0.0,363.66,0.4381,526.455,17.6053,0.5,0.0,0.0,0.0,2.5998,0.0,250.0,100.0,36.435,0.0,50.0,0.0,80.84,2200.0,684.0,100.0,26.91,1.76,331.6,331.6,57.5625,0.0,180.0,0.9981,0.0,0.0165,0.0,0.0,0.0,0.0,50.0,0.0,74.99,0.0,0.0,0.0239,0.0,24.9975,0.037,473.85,0.0,252.875,0.0,6.6075,141.975,50.0,82.0425,25.0,569.95,50.0,0.0,0.0,0.0165,999.9,0.0,23.3107,0.0,100.0,0.0,0.4632,20.0,0.0,0.0,11.832,0.5,0.0,0.0,0.0331,587.6975,0.0165,0.0239,2.5998,211.56,0.0,497.36,0.0,623.01,341.6693,0.0,2.601,75.555,249.99,8.8536,26.49,100.0,520.0,85.1025,61.6,5999.7334,0.7,26.91,85.2825,0.0,100.0,24.9975,100.0,0.0,0.037,0.0,83.5575,600.0,64.6874,587.6975,622.74,100.0,0.0,363.66,100.0,100.0,8.8536,9.9998,0.0,0.0,0.0,100.0,473.85,0.0,23.2785,0.0,0.275,1.53,0.0,0.0,0.0,36.435,0.0,0.0,0.037,684.04,100.0,1878.84,526.46,25.99,0.0,38.0,4.1844,0.0,74.99,6.6075,82.29,710.0,17.6053,0.0,0.0,0.15,0.3151,590.0,5.0,673.4,0.0,0.037,0.0,2.6,249.99,0.0,0.0,0.0,526.45,526.46,656.75,526.455
57.5625,211.56,0.0,211.56,0.0,75.5556,710.24,24.9975,0.0,622.44,0.0,0.0,110.0,255.35,0.0,498.375,88.0,0.0,0.0,363.66,0.0,0.0,9.9998,0.0,96.08,0.0,50.0,180.0,0.0,0.0,0.0,75.5556,656.35,0.0,0.0,100.0,0.0,87.0,587.6975,36.44,249.99,100.0,249.99,495.36,11.832,25.48,249.99,100.0,0.0,0.0,0.0,0.0,9.1113,24.9975,100.0,1878.84,0.0,526.42,-1.0,0.0,0.0,60.0,50100.0,25.04,0.0,0.0,11.832,249.99,0.0,496.35,0.4632,0.0,5000.0,5.0,599.94,0.0165,0.0,100.0,647.84,526.45,49.925,0.0,0.0,0.0,80.84,0.0,587.6975,627.55,0.0,211.56,0.037,100.0,0.0,100.02,100.0,9900.0,1.4161,100.0,100.0,0.0,0.0,0.0,0.0,0.0,0.0,526.42,100.0,0.0,656.35,250.0,24.9975,0.0,6.6075,656.55,0.0,0.0,0.037,684.0125,0.0,100.0,0.0,0.0331,0.0,100.0,0.0,100.0,0.0,0.0,1000.2,999.9,0.0,0.294,84.6,684.0,71.0221,0.0,670.15,0.0,710.24,1878.84,622.44,50.0,0.3151,0.0331,1000.2,0.7,0.0,646.64,0.0,676.7,679.95,0.0,0.0,0.0,0.0165,0.681,0.0,0.0,0.037,180.0,0.0,0.0,0.001,2.6,26.555,0.0212,1000.0,1.0,64.6871,546.35,50.0,139.15,0.0,0.0,100.0,0.0213,600.12,100.0,0.0,3000.0,24.9975,-16.5415,656.35,249.99,9.9998,0.0,0.0,0.0,87.0,274.2975,96.08,71.0221,0.0,2.601,0.0,0.0331,0.0,23.3456,0.0,363.66,0.4381,526.42,17.6056,0.5,0.0,0.0,0.0,2.5998,0.0,250.0,100.0,36.435,0.0,50.0,0.0,80.84,2200.0,684.0,100.0,26.91,1.76,331.5,331.5,57.5625,0.0,180.0,0.9981,0.0,0.0165,0.0,0.0,0.0,0.0,50.0,0.0,74.9902,0.0,0.0,0.0239,0.0,24.9975,0.037,472.4,0.0,252.875,0.0,6.6075,141.9863,50.0,82.0875,25.0,569.3,50.0,0.0,0.0,0.0165,999.9,0.0,23.3456,0.0,100.0,0.0,0.4632,20.0,0.0,0.0,11.832,0.5,0.0,0.0,0.0331,587.6975,0.0165,0.0239,2.5998,211.56,0.0,497.36,0.0,622.74,342.3925,0.0,2.601,75.555,249.99,8.8535,26.49,100.0,520.0,85.1175,61.6,5999.7334,0.7,26.91,85.32,0.0,100.0,24.9975,100.0,0.0,0.037,0.0,83.5125,600.0,64.6871,587.6975,622.44,100.0,0.0,363.66,100.0,100.0,8.8535,9.9998,0.0,0.0,0.0,100.0,472.4,0.0,23.3281,0.0,0.275,1.53,0.0,0.0,0.0,36.435,0.0,0.0,0.037,684.0,100.0,1878.84,526.43,25.99,0.0,38.0,4.1609,0.0,74.9902,6.6075,82.2675,710.0,17.6056,0.0,0.0,0.15,0.3151,590.0,5.0,673.4,0.0,0.037,0.0,2.6,249.99,0.0,0.0,0.0,526.45,526.43,656.55,526.42
57.6,211.56,0.0,211.56,0.0,75.5556,710.24,24.9975,0.0,622.14,0.0,0.0,110.0,255.25,0.0,498.33,88.0,0.0,0.0,363.66,0.0,0.0,9.9998,0.0,96.08,0.0,50.0,180.0,0.0,0.0,0.0,75.5556,656.15,0.0,0.0,100.0,0.0,87.0,587.665,36.44,249.99,100.0,249.99,495.36,11.832,25.48,249.99,100.0,0.0,0.0,0.0,0.0,9.1113,24.9975,100.0,1878.84,0.0,526.42,-1.0,0.0,0.0,60.0,50100.0,25.04,0.0,0.0,11.832,249.99,0.0,496.35,0.4632,0.0,5000.0,5.0,600.12,0.0165,0.0,100.0,647.52,526.4,49.925,0.0,0.0,0.0,80.84,0.0,587.665,627.1,0.0,211.56,0.037,100.0,0.0,100.02,100.0,9900.0,1.4162,100.0,100.0,0.0,0.0,0.0,0.0,0.0,0.0,526.42,100.0,0.0,656.15,250.0,24.9975,0.0,6.6075,656.35,0.0,0.0,0.037,683.975,0.0,100.0,0.0,0.0331,0.0,100.0,0.0,100.0,0.0,0.0,1000.2,999.9,0.0,0.294,84.5775,684.0,71.0217,0.0,670.15,0.0,710.24,1878.84,622.14,50.0,0.3151,0.0331,1000.2,0.7,0.0,646.32,0.0,676.7,679.95,0.0,0.0,0.0,0.0165,0.681,0.0,0.0,0.037,180.0,0.0,0.0,0.001,2.6,26.555,0.0212,1000.0,1.0,64.6867,545.85,50.0,139.161,0.0,0.0,100.0,0.0213,600.12,100.0,0.0,3000.0,24.9975,-16.547,656.15,249.99,9.9998,0.0,0.0,0.0,87.0,274.5,96.08,71.0217,0.0,2.601,0.0,0.0331,0.0,23.3955,0.0,363.66,0.4381,526.42,17.6035,0.5,0.0,0.0,0.0,2.5998,0.0,250.0,100.0,36.44,0.0,50.0,0.0,80.84,2200.0,684.0,100.0,26.91,1.76,331.35,331.35,57.525,0.0,180.0,0.9981,0.0,0.0165,0.0,0.0,0.0,0.0,50.0,0.0,74.9905,0.0,0.0,0.0239,0.0,24.9975,0.037,470.95,0.0,252.875,0.0,6.6075,141.9975,50.0,82.035,25.0,568.6,50.0,0.0,0.0,0.0165,999.9,0.0,23.3955,0.0,100.0,0.0,0.4632,20.0,0.0,0.0,11.832,0.5,0.0,0.0,0.0331,587.665,0.0165,0.024,2.5998,211.56,0.0,497.36,0.0,622.44,342.6681,0.0,2.601,75.555,249.99,8.8534,26.49,100.0,520.0,85.125,61.6,5999.7334,0.7,26.91,85.3125,0.0,100.0,24.9975,100.0,0.0,0.037,0.0,83.46,600.0,64.6867,587.665,622.14,100.0,0.0,363.66,100.0,100.0,8.8534,9.9998,0.0,0.0,0.0,100.0,470.95,0.0,23.363,0.0,0.275,1.53,0.0,0.0,0.0,36.44,0.0,0.0,0.037,684.0,100.0,1878.84,526.43,25.99,0.0,38.0,4.0344,0.0,74.9905,6.6075,82.305,710.0,17.6035,0.0,0.0,0.15,0.3151,590.0,5.0,673.4,0.0,0.037,0.0,2.6,249.99,0.0,0.0,0.0,526.4,526.43,656.35,526.42
57.5625,211.56,0.0,211.56,0.0,75.5556,710.24,24.9975,0.0,621.87,0.0,0.0,110.0,255.15,0.0,498.33,88.0,0.0,0.0,363.63,0.0,0.0,9.9998,0.0,96.08,0.0,50.0,180.0,0.0,0.0,0.0,75.5556,655.95,0.0,0.0,100.0,0.0,86.75,587.6325,36.445,249.99,100.0,249.99,495.315,11.832,25.48,249.99,100.0,0.0,0.0,0.0,0.0,9.1113,24.9975,100.0,1878.84,0.0,526.42,-1.0,0.0,0.0,60.0,50100.0,25.04,0.0,0.0,11.832,249.99,0.0,496.35,0.4632,0.0,5000.0,5.0,600.12,0.0165,0.0,100.0,647.24,526.4,49.925,0.0,0.0,0.0,80.84,0.0,587.6325,626.65,0.0,211.56,0.037,100.0,0.0,100.02,100.0,9900.0,1.4162,100.0,100.0,0.0,0.0,0.0,0.0,0.0,0.0,526.42,100.0,0.0,655.95,250.0,24.9975,0.0,6.6075,656.15,0.0,0.0,0.037,683.975,0.0,100.0,0.0,0.0331,0.0,100.0,0.0,100.0,0.0,0.0,1000.2,999.9,0.0,0.294,84.57,683.95,71.0213,0.0,670.15,0.0,710.24,1878.84,621.87,50.0,0.3151,0.0331,1000.2,0.7,0.0,646.04,0.0,676.7,679.95,0.0,0.0,0.0,0.0165,0.681,0.0,0.0,0.037,180.0,0.0,0.0,0.001,2.6,26.555,0.0212,1000.0,1.0,64.6864,546.0,50.0,139.172,0.0,0.0,100.0,0.0213,600.12,100.0,0.0,3000.0,24.9975,-16.547,655.95,249.99,9.9998,0.0,0.0,0.0,86.75,274.3425,96.08,71.0213,0.0,2.601,0.0,0.0331,0.0,23.4459,0.0,363.66,0.4381,526.42,17.6031,0.5,0.0,0.0,0.0,2.5998,0.0,250.0,100.0,36.44,0.0,50.0,0.0,80.84,2200.0,683.95,100.0,26.91,1.76,331.25,331.25,57.6,0.0,180.0,0.998,0.0,0.0165,0.0,0.0,0.0,0.0,50.0,0.0,74.9908,0.0,0.0,0.024,0.0,24.9975,0.037,469.5,0.0,252.875,0.0,6.6075,142.0087,50.0,82.0425,25.0,567.95,50.0,0.0,0.0,0.0165,999.9,0.0,23.4459,0.0,100.0,0.0,0.4632,20.0,0.0,0.0,11.832,0.5,0.0,0.0,0.0331,587.6325,0.0165,0.024,2.5998,211.56,0.0,497.33,0.0,622.14,342.2203,0.0,2.601,75.555,249.99,8.8533,26.49,100.0,520.0,85.125,332.72,5999.7334,0.7,26.91,85.2825,0.0,100.0,24.9975,100.0,0.0,0.037,0.0,83.4225,600.0,64.6864,587.6325,621.87,100.0,0.0,363.66,100.0,100.0,8.8533,9.9998,0.0,0.0,0.0,100.0,469.5,0.0,23.4132,0.0,0.275,1.53,0.0,0.0,0.0,36.44,0.0,0.0,0.037,683.96,100.0,1878.84,526.43,25.99,0.0,38.0,3.7734,0.0,74.9908,6.6075,82.275,710.0,17.6031,0.0,0.0,0.15,0.3151,590.0,5.0,673.4,0.0,0.037,0.0,2.6,249.99,0.0,0.0,0.0,526.4,526.43,656.15,526.42
57.6,211.56,0.0,211.56,0.0,75.5556,710.24,24.9975,0.0,621.57,0.0,0.0,110.0,255.1,0.0,498.33,88.0,0.0,0.0,363.63,0.0,0.0,9.9998,0.0,96.08,0.0,50.0,180.0,0.0,0.0,0.0,75.5556,655.75,0.0,0.0,100.0,0.0,86.5,587.6325,36.445,249.99,100.0,249.99,495.315,11.832,25.48,249.99,100.0,0.0,0.0,0.0,0.0,9.1118,24.9975,100.0,1878.84,0.0,526.42,-1.0,0.0,0.0,60.0,50100.0,25.04,0.0,0.0,11.832,249.99,0.0,496.305,0.4632,0.0,5000.0,5.0,600.12,0.0165,0.0,100.0,646.92,526.4,49.925,0.0,0.0,0.0,79.98,0.0,587.6325,626.2,0.0,211.56,0.037,100.0,0.0,100.02,100.0,9900.0,1.4162,100.0,100.0,0.0,0.0,0.0,0.0,0.0,0.0,526.42,100.0,0.0,655.75,250.0,24.9975,0.0,6.6075,655.95,0.0,0.0,0.037,683.9375,0.0,100.0,0.0,0.0331,0.0,100.0,0.0,100.0,0.0,0.0,1000.2,999.9,0.0,0.294,84.5775,683.95,71.0209,0.0,670.15,0.0,710.24,1878.84,621.57,50.0,0.3151,0.0331,1000.2,0.7,0.0,645.72,0.0,676.7,679.95,0.0,0.0,0.0,0.0165,0.681,0.0,0.0,0.037,180.0,0.0,0.0,0.001,2.6,26.555,0.0212,1000.0,1.0,64.6861,546.35,50.0,139.183,0.0,0.0,100.0,0.0213,599.94,100.0,0.0,3000.0,24.9975,-16.547,655.75,249.99,9.9998,0.0,0.0,0.0,86.5,274.05,96.08,71.0209,0.0,2.601,0.0,0.0331,0.0,23.4817,0.0,363.63,0.4381,526.42,17.6026,0.5,0.0,0.0,0.0,2.6004,0.0,250.0,100.0,36.445,0.0,50.0,0.0,79.98,2200.0,683.95,100.0,26.91,1.76,331.15,331.15,57.6,0.0,180.0,0.998,0.0,0.0165,0.0,0.0,0.0,0.0,50.0,0.0,74.9888,0.0,0.0,0.024,0.0,24.9975,0.037,468.05,0.0,252.875,0.0,6.6075,142.02,50.0,82.0425,25.0,567.3,50.0,0.0,0.0,0.0165,999.9,0.0,23.4817,0.0,100.0,0.0,0.4632,20.0,0.0,0.0,11.832,0.5,0.0,0.0,0.0331,587.6325,0.0165,0.024,2.6004,211.56,0.0,497.33,0.0,621.87,341.8071,0.0,2.601,75.555,249.99,8.8533,26.49,100.0,520.0,85.155,332.72,5999.7334,0.7,26.91,85.23,0.0,100.0,24.9975,100.0,0.0,0.037,0.0,83.415,600.0,64.6861,587.6325,621.57,100.0,0.0,363.63,100.0,100.0,8.8533,9.9998,0.0,0.0,0.0,100.0,468.05,0.0,23.4638,0.0,0.275,1.53,0.0,0.0,0.0,36.445,0.0,0.0,0.037,683.96,100.0,1878.84,526.4,25.99,0.0,38.0,3.7453,0.0,74.9888,6.6075,82.2975,710.0,17.6026,0.0,0.0,0.15,0.3151,590.0,5.0,673.4,0.0,0.037,0.0,2.6,249.99,0.0,0.0,0.0,526.4,526.4,655.95,526.42
57.5625,211.56,0.0,211.56,0.0,75.5556,710.24,24.9975,0.0,621.27,0.0,0.0,110.0,255.0,0.0,498.33,88.0,0.0,0.0,363.63,0.0,0.0,9.9998,0.0,96.08,0.0,50.0,180.0,0.0,0.0,0.0,75.5556,655.6,0.0,0.0,100.0,0.0,86.5,587.6,36.45,249.99,100.0,249.99,495.315,11.832,25.48,249.99,100.0,0.0,0.0,0.0,0.0,9.1118,24.9975,100.0,1878.84,0.0,526.385,-1.0,0.0,0.0,60.0,50100.0,25.04,0.0,0.0,11.832,249.99,0.0,496.305,0.4632,0.0,5000.0,5.0,599.94,0.0165,0.0,100.0,646.64,526.4,49.925,0.0,0.0,0.0,79.98,0.0,587.6,625.75,0.0,211.56,0.037,100.0,0.0,100.02,100.0,9900.0,1.4163,100.0,100.0,0.0,0.0,0.0,0.0,0.0,0.0,526.385,100.0,0.0,655.6,250.0,24.9975,0.0,6.6075,655.75,0.0,0.0,0.037,683.9375,0.0,100.0,0.0,0.0331,0.0,100.0,0.0,100.0,0.0,0.0,1000.2,999.9,0.0,0.294,84.63,683.9,71.0206,0.0,670.15,0.0,710.24,1878.84,621.27,50.0,0.3151,0.0331,1000.2,0.7,0.0,645.44,0.0,676.7,679.95,0.0,0.0,0.0,0.0165,0.681,0.0,0.0,0.037,180.0,0.0,0.0,0.0,2.6,26.555,0.0212,1000.0,1.0,64.6857,546.25,50.0,139.194,0.0,0.0,100.0,0.0213,599.94,100.0,0.0,3000.0,24.9975,-16.547,655.6,249.99,9.9998,0.0,0.0,0.0,86.5,273.9825,96.08,71.0206,0.0,2.601,0.0,0.0331,0.0,23.5326,0.0,363.63,0.4381,526.385,17.6043,0.5,0.0,0.0,0.0,2.6004,0.0,250.0,100.0,36.445,0.0,50.0,0.0,79.98,2200.0,683.9,100.0,26.91,1.76,331.0,331.0,57.525,0.0,180.0,0.998,0.0,0.0165,0.0,0.0,0.0,0.0,50.0,0.0,74.9883,0.0,0.0,0.024,0.0,24.9975,0.037,466.6,0.0,252.85,0.0,6.6075,142.0312,50.0,82.05,25.0,566.6,50.0,0.0,0.0,0.0165,999.9,0.0,23.5326,0.0,100.0,0.0,0.4632,20.0,0.0,0.0,11.838,0.5,0.0,0.0,0.0331,587.6,0.0165,0.024,2.6004,211.56,0.0,497.33,0.0,621.57,342.2548,0.0,2.601,75.555,249.99,8.8532,26.49,100.0,520.0,85.14,332.76,5999.7334,0.7,26.91,85.245,0.0,100.0,24.9975,100.0,0.0,0.037,0.0,83.4375,600.0,64.6857,587.6,621.27,100.0,0.0,363.63,100.0,100.0,8.8532,9.9998,0.0,0.0,0.0,100.0,466.6,0.0,23.4997,0.0,0.275,1.53,0.0,0.0,0.0,36.445,0.0,0.0,0.037,683.92,100.0,1878.84,526.4,25.99,0.0,38.0,3.7812,0.0,74.9883,6.6075,82.305,710.0,17.6043,0.0,0.0,0.15,0.3151,590.0,5.0,673.4,0.0,0.037,0.0,2.6,249.99,0.0,0.0,0.0,526.4,526.4,655.75,526.385
57.5625,211.56,0.0,211.56,0.0,75.5556,710.24,24.9975,0.0,621.0,0.0,0.0,110.0,254.9,0.0,498.33,88.0,0.0,0.0,363.63,0.0,0.0,9.9998,0.0,96.08,0.0,50.0,180.0,0.0,0.0,0.0,75.5556,655.4,0.0,0.0,100.0,0.0,86.25,587.5675,36.45,249.99,100.0,249.99,495.315,11.838,25.48,249.99,100.0,0.0,0.0,0.0,0.0,9.1118,24.9975,100.0,1878.84,0.0,526.385,-1.0,0.0,0.0,60.0,50100.0,25.04,0.0,0.0,11.838,249.99,0.0,496.305,0.4632,0.0,5000.0,5.0,599.94,0.0165,0.0,100.0,646.32,526.4,49.925,0.0,0.0,0.0,79.98,0.0,587.5675,625.3,0.0,211.56,0.037,100.0,0.0,100.02,100.0,9900.0,1.4163,100.0,100.0,0.0,0.0,0.0,0.0,0.0,0.0,526.385,100.0,0.0,655.4,250.0,24.9975,0.0,6.6075,655.6,0.0,0.0,0.037,683.9,0.0,100.0,0.0,0.0331,0.0,100.0,0.0,100.0,0.0,0.0,1000.2,999.9,0.0,0.294,84.6525,683.9,71.0202,0.0,670.15,0.0,710.24,1878.84,621.0,50.0,0.3151,0.0331,1000.2,0.7,0.0,645.12,0.0,676.7,679.95,0.0,0.0,0.0,0.0165,0.681,0.0,0.0,0.037,180.0,0.0,0.0,0.0,2.6,26.555,0.0212,1000.0,1.0,64.6854,546.35,50.0,139.205,0.0,0.0,100.0,0.0213,599.94,100.0,0.0,3000.0,24.9975,-16.547,655.4,249.99,9.9998,0.0,0.0,0.0,86.25,274.2525,96.08,71.0202,0.0,2.601,0.0,0.0331,0.0,23.584,0.0,363.63,0.4381,526.385,17.6045,0.5,0.0,0.0,0.0,2.6004,0.0,250.0,100.0,36.45,0.0,50.0,0.0,79.98,2200.0,683.9,100.0,26.91,1.76,330.9,330.9,57.5625,0.0,180.0,0.9979,0.0,0.0165,0.0,0.0,0.0,0.0,50.0,0.0,74.9877,0.0,0.0,0.024,0.0,24.9975,0.037,465.15,0.0,252.85,0.0,6.6075,142.0425,50.0,82.0725,25.0,565.95,50.0,0.0,0.0,0.0165,999.9,0.0,23.584,0.0,100.0,0.0,0.4632,20.0,0.0,0.0,11.838,0.5,0.0,0.0,0.0331,587.5675,0.0165,0.0241,2.6004,211.56,0.0,497.3,0.0,621.27,342.3925,0.0,2.601,75.555,249.99,8.8531,26.49,100.0,520.0,85.1025,332.76,5999.7334,0.7,26.91,85.215,0.0,100.0,24.9975,100.0,0.0,0.037,0.0,83.415,600.0,64.6854,587.5675,621.0,100.0,0.0,363.63,100.0,100.0,8.8531,9.9998,0.0,0.0,0.0,100.0,465.15,0.0,23.5508,0.0,0.275,1.53,0.0,0.0,0.0,36.45,0.0,0.0,0.037,683.92,100.0,1878.84,526.4,25.99,0.0,38.0,3.8906,0.0,74.9877,6.6075,82.29,710.0,17.6045,0.0,0.0,0.15,0.3151,590.0,5.0,673.4,0.0,0.037,0.0,2.6,249.99,0.0,0.0,0.0,526.4,526.4,655.6,526.385
57.6,211.56,0.0,211.56,0.0,75.5571,710.24,24.9975,0.0,620.7,0.0,0.0,110.0,254.8,0.0,498.285,88.0,0.0,0.0,363.63,0.0,0.0,9.9998,0.0,96.08,0.0,50.0,180.0,0.0,0.0,0.0,75.5571,655.2,0.0,0.0,100.0,0.0,87.25,587.5675,36.455,249.99,100.0,249.99,495.27,11.838,25.48,249.99,100.0,0.0,0.0,0.0,0.0,9.1113,24.9975,100.0,1878.84,0.0,526.385,-1.0,0.0,0.0,60.0,50100.0,25.04,0.0,0.0,11.838,249.99,0.0,496.305,0.4632,0.0,5000.0,5.0,599.94,0.0165,0.0,100.0,646.0,526.35,49.925,0.0,0.0,0.0,80.84,0.0,587.5675,624.85,0.0,211.56,0.037,100.0,0.0,100.02,100.0,9900.0,1.4164,100.0,100.0,0.0,0.0,0.0,0.0,0.0,0.0,526.385,100.0,0.0,655.2,250.0,24.9975,0.0,6.6075,655.4,0.0,0.0,0.037,683.9,0.0,100.0,0.0,0.0331,0.0,100.0,0.0,100.0,0.0,0.0,1000.2,999.9,0.0,0.294,84.69,683.9,71.0198,0.0,670.15,0.0,710.24,1878.6599,620.7,50.0,0.3151,0.0331,1000.2,0.7,0.0,644.84,0.0,676.7,679.95,0.0,0.0,0.0,0.0165,0.681,0.0,0.0,0.037,179.9875,0.0,0.0,0.0,2.6,26.555,0.0213,1000.0,1.0,64.6851,546.55,50.0,139.216,0.0,0.0,100.0,0.0213,599.94,100.0,0.0,3000.0,24.9975,-16.547,655.2,249.99,9.9998,0.0,0.0,0.0,87.25,273.915,96.08,71.0198,0.0,2.601,0.0,0.0331,0.0,23.6209,0.0,363.63,0.4381,526.385,17.6048,0.5,0.0,0.0,0.0,2.5998,0.0,250.0,100.0,36.45,0.0,50.0,0.0,80.84,2200.0,683.9,100.0,26.91,1.76,330.8,330.8,57.6,0.0,179.9875,0.9979,0.0,0.0165,0.0,0.0,0.0,0.0,50.0,0.0,74.9895,0.0,0.0,0.0241,0.0,24.9975,0.037,463.75,0.0,252.85,0.0,6.6075,142.0537,50.0,82.065,25.0,565.3,50.0,0.0,0.0,0.0165,999.9,0.0,23.6209,0.0,100.0,0.0,0.4632,20.0,0.0,0.0,11.838,0.5,0.0,0.0,0.0331,587.5675,0.0165,0.0241,2.5998,211.56,0.0,497.3,0.0,621.0,342.8058,0.0,2.601,75.555,249.99,8.853,26.49,100.0,520.0,85.095,332.76,5999.7334,0.7,26.91,85.2225,0.0,100.0,24.9975,100.0,0.0,0.037,0.0,83.415,600.0,64.6851,587.5675,620.7,100.0,0.0,363.63,100.0,100.0,8.853,9.9998,0.0,0.0,0.0,100.0,463.75,0.0,23.6024,0.0,0.275,1.53,0.0,0.0,0.0,36.45,0.0,0.0,0.037,683.88,100.0,1878.84,526.37,25.99,0.0,38.0,4.7078,0.0,74.9895,6.6075,82.3275,710.0,17.6048,0.0,0.0,0.15,0.3151,590.0,5.0,673.4,0.0,0.037,0.0,2.6,249.99,0.0,0.0,0.0,526.35,526.37,655.4,526.385
57.6,211.56,0.0,211.56,0.0,75.5576,710.24,24.9975,0.0,620.4,0.0,0.0,110.0,254.75,0.0,498.285,88.0,0.0,0.0,363.63,0.0,0.0,9.9998,0.0,96.08,0.0,50.0,180.0,0.0,0.0,0.0,75.5576,655.0,0.0,0.0,100.0,0.0,86.5,587.535,36.455,249.99,100.0,249.99,495.27,11.838,25.48,249.99,100.0,0.0,0.0,0.0,0.0,9.1113,24.9975,100.0,1878.6599,0.0,526.35,-1.0,0.0,0.0,60.0,50100.0,25.04,0.0,0.0,11.838,249.99,0.0,496.305,0.4632,0.0,5000.0,5.0,599.94,0.0165,0.0,100.0,645.72,526.35,49.925,0.0,0.0,0.0,79.98,0.0,587.535,624.4,0.0,211.56,0.037,100.0,0.0,100.02,100.0,9900.0,1.4164,100.0,100.0,0.0,0.0,0.0,0.0,0.0,0.0,526.35,100.0,0.0,655.0,250.0,24.9975,0.0,6.6075,655.2,0.0,0.0,0.037,683.8625,0.0,100.0,0.0,0.0331,0.0,100.0,0.0,100.0,0.0,0.0,1000.2,999.9,0.0,0.294,84.6975,683.85,71.0194,0.0,670.15,0.0,710.24,1878.6599,620.4,50.0,0.3151,0.0331,1000.2,0.7,0.0,644.52,0.0,676.7,679.95,0.0,0.0,0.0,0.0165,0.681,0.0,0.0,0.037,179.9875,0.0,0.0,0.003,2.6,26.555,0.0213,1000.0,1.0,64.6847,546.55,50.0,139.227,0.0,0.0,100.0,0.0213,599.94,100.0,0.0,3000.0,24.9975,-16.5525,655.0,249.99,9.9998,0.0,0.0,0.0,86.5,274.59,96.08,71.0194,0.0,2.601,0.0,0.0331,0.0,23.6728,0.0,363.63,0.4381,526.35,17.605,0.5,0.0,0.0,0.0,2.5998,0.0,250.0,100.0,36.455,0.0,50.0,0.0,79.98,2200.0,683.85,100.0,26.91,1.76,330.65,330.65,57.6,0.0,179.9875,0.9979,0.0,0.0165,0.0,0.0,0.0,0.0,50.0,0.0,74.9897,0.0,0.0,0.0241,0.0,24.9975,0.037,462.3,0.0,252.85,0.0,6.6075,142.065,50.0,82.0725,25.0,564.65,50.0,0.0,0.0,0.0165,999.9,0.0,23.6728,0.0,100.0,0.0,0.4632,20.0,0.0,0.0,11.844,0.5,0.0,0.0,0.0331,587.535,0.0165,0.0241,2.5998,211.56,0.0,497.3,0.0,620.7,342.2203,0.0,2.601,75.555,249.99,8.8529,26.49,100.0,520.0,85.1175,332.76,5999.7334,0.7,26.91,85.2,0.0,100.0,24.9975,100.0,0.0,0.037,0.0,83.43,600.0,64.6847,587.535,620.4,100.0,0.0,363.63,100.0,100.0,8.8529,9.9998,0.0,0.0,0.0,100.0,462.3,0.0,23.6393,0.0,0.275,1.53,0.0,0.0,0.0,36.455,0.0,0.0,0.037,683.88,100.0,1878.6599,526.37,25.99,0.0,38.0,4.3219,0.0,74.9897,6.6075,82.3275,710.0,17.605,0.0,0.0,0.15,0.3151,590.0,5.0,673.4,0.0,0.037,0.0,2.6,249.99,0.0,0.0,0.0,526.35,526.37,655.2,526.35
57.5625,211.56,0.0,211.56,0.0,75.5581,710.24,24.9975,0.0,620.13,0.0,0.0,110.0,254.65,0.0,498.285,88.0,0.0,0.0,363.63,0.0,0.0,9.9998,0.0,96.08,0.0,50.0,180.0,0.0,0.0,0.0,75.5581,654.8,0.0,0.0,100.0,0.0,86.25,587.535,36.46,249.99,100.0,249.99,495.27,11.844,25.48,249.99,100.0,0.0,0.0,0.0,0.0,9.1113,24.9975,100.0,1878.6599,0.0,526.35,-1.0,0.0,0.0,60.0,50100.0,25.04,0.0,0.0,11.844,249.99,0.0,496.26,0.4632,0.0,5000.0,5.0,599.94,0.0165,0.0,100.0,645.4,526.35,49.925,0.0,0.0,0.0,79.98,0.0,587.535,623.95,0.0,211.56,0.037,100.0,0.0,100.0,100.0,9900.0,1.4165,100.0,100.0,0.0,0.0,0.0,0.0,0.0,0.0,526.35,100.0,0.0,654.8,250.0,24.9975,0.0,6.6075,655.0,0.0,0.0,0.037,683.8625,0.0,100.0,0.0,0.0331,0.0,100.0,0.0,100.0,0.0,0.0,1000.2,999.9,0.0,0.294,84.7125,683.85,71.0191,0.0,670.15,0.0,710.24,1878.6599,620.13,50.0,0.3151,0.0331,1000.2,0.7,0.0,644.24,0.0,676.7,679.95,0.0,0.0,0.0,0.0165,0.681,0.0,0.0,0.037,179.9875,0.0,0.0,0.0,2.6,26.555,0.0213,1000.0,1.0,64.6844,546.65,50.0,139.238,0.0,0.0,100.0,0.0213,599.94,100.0,0.0,3000.0,24.9975,-16.5525,654.8,249.99,9.9998,0.0,0.0,0.0,86.25,274.0725,96.08,71.0191,0.0,2.601,0.0,0.0331,0.0,23.7101,0.0,363.63,0.4381,526.35,17.6053,0.5,0.0,0.0,0.0,2.5998,0.0,250.0,100.0,36.455,0.0,50.0,0.0,79.98,2200.0,683.85,100.0,26.91,1.76,330.55,330.55,57.5625,0.0,179.9875,0.9977,0.0,0.0165,0.0,0.0,0.0,0.0,50.0,0.0,74.99,0.0,0.0,0.0241,0.0,24.9975,0.037,460.9,0.0,252.85,0.0,6.6075,142.0762,50.0,82.1025,25.0,563.95,50.0,0.0,0.0,0.0165,999.9,0.0,23.7101,0.0,100.0,0.0,0.4632,20.0,0.0,0.0,11.85,0.5,0.0,0.0,0.0331,587.535,0.0165,0.0241,2.5998,211.56,0.0,497.3,0.0,620.4,342.427,0.0,2.601,75.555,249.99,8.8528,26.49,100.0,520.0,85.0875,332.76,5999.7334,0.7,26.91,85.2375,0.0,100.0,24.9975,100.0,0.0,0.037,0.0,83.4525,600.0,64.6844,587.535,620.13,100.0,0.0,363.63,100.0,100.0,8.8528,9.9998,0.0,0.0,0.0,100.0,460.9,0.0,23.6914,0.0,0.275,1.53,0.0,0.0,0.0,36.455,0.0,0.0,0.037,683.84,100.0,1878.6599,526.37,25.99,0.0,38.0,3.8062,0.0,74.99,6.6075,82.3425,710.0,17.6053,0.0,0.0,0.15,0.3151,590.0,5.0,673.4,0.0,0.037,0.0,2.6,249.99,0.0,0.0,0.0,526.35,526.37,655.0,526.35
57.5625,211.56,0.0,211.56,0.0,75.5586,710.24,24.9975,0.0,620.13,0.0,0.0,110.0,254.65,0.0,498.285,88.0,0.0,0.0,363.63,0.0,0.0,9.9998,0.0,96.08,0.0,50.0,180.0,0.0,0.0,0.0,75.5586,654.8,0.0,0.0,100.0,0.0,86.25,587.535,36.46,249.99,100.0,249.99,495.27,11.85,25.48,249.99,100.0,0.0,0.0,0.0,0.0,9.1113,24.9975,100.0,1878.6599,0.0,526.35,-1.0,0.0,0.0,60.0,50100.0,25.04,0.0,0.0,11.85,249.99,0.0,496.26,0.4632,0.0,5000.0,5.0,599.94,0.0165,0.0,100.0,645.4,526.35,49.925,0.0,0.0,0.0,79.98,0.0,587.535,623.95,0.0,211.56,0.037,100.0,0.0,100.0,100.0,9900.0,1.4165,100.0,100.0,0.0,0.0,0.0,0.0,0.0,0.0,526.35,100.0,0.0,654.8,250.0,24.9975,0.0,6.6075,654.8,0.0,0.0,0.037,683.8625,0.0,100.0,0.0,0.0331,0.0,100.0,0.0,100.0,0.0,0.0,1000.2,999.9,0.0,0.294,84.7125,683.85,71.0187,0.0,670.15,0.0,710.24,1878.6599,620.13,50.0,0.3151,0.0331,1000.2,0.7,0.0,644.24,0.0,676.7,679.95,0.0,0.0,0.0,0.0165,0.681,0.0,0.0,0.037,179.9875,0.0,0.0,0.0,2.6,26.555,0.0213,1000.0,1.0,64.6841,546.65,50.0,139.238,0.0,0.0,100.0,0.0213,599.94,100.0,0.0,3000.0,24.9975,-16.5525,654.8,249.99,9.9998,0.0,0.0,0.0,86.25,274.0725,96.08,71.0187,0.0,2.601,0.0,0.0331,0.0,23.7475,0.0,363.63,0.4381,526.35,17.6055,0.5,0.0,0.0,0.0,2.5998,0.0,250.0,100.0,36.46,0.0,50.0,0.0,79.98,2200.0,683.85,100.0,26.91,1.76,330.55,330.55,57.5625,0.0,179.9875,0.9977,0.0,0.0165,0.0,0.0,0.0,0.0,50.0,0.0,74.9902,0.0,0.0,0.0241,0.0,24.9975,0.037,460.9,0.0,252.85,0.0,6.6075,142.0762,50.0,82.1025,25.0,563.95,50.0,0.0,0.0,0.0165,999.9,0.0,23.7475,0.0,100.0,0.0,0.4632,20.0,0.0,0.0,11.85,0.5,0.0,0.0,0.0331,587.535,0.0165,0.0241,2.5998,211.56,0.0,497.3,0.0,620.13,342.427,0.0,2.601,75.555,249.99,8.8528,26.49,100.0,520.0,85.0875,332.76,5999.7334,0.7,26.91,85.2375,0.0,100.0,24.9975,100.0,0.0,0.037,0.0,83.4525,600.0,64.6841,587.535,620.13,100.0,0.0,363.63,100.0,100.0,8.8528,9.9998,0.0,0.0,0.0,100.0,460.9,0.0,23.7288,0.0,0.275,1.53,0.0,0.0,0.0,36.46,0.0,0.0,0.037,683.84,100.0,1878.6599,526.37,25.99,0.0,38.0,3.8062,0.0,74.9902,6.6075,82.3425,710.0,17.6055,0.0,0.0,0.15,0.3151,590.0,5.0,673.4,0.0,0.037,0.0,2.6,249.99,0.0,0.0,0.0,526.35,526.37,654.8,526.35
57.5625,211.56,0.0,211.56,0.0,75.5592,710.08,24.9975,0.0,619.83,0.0,0.0,110.0,254.55,0.0,498.285,88.0,0.0,0.0,363.63,0.0,0.0,9.9998,0.0,96.08,0.0,50.0,180.0,0.0,0.0,0.0,75.5592,654.6,0.0,0.0,100.0,0.0,87.0,587.5025,36.46,249.99,100.0,249.99,495.27,11.85,25.48,249.99,100.0,0.0,0.0,0.0,0.0,9.1113,24.9975,100.0,1878.6599,0.0,526.35,-1.0,0.0,0.0,60.0,50100.0,25.04,0.0,0.0,11.85,249.99,0.0,496.26,0.4632,0.0,5000.0,5.0,599.94,0.0165,0.0,100.0,645.12,526.35,49.925,0.0,0.0,0.0,80.84,0.0,587.5025,623.45,0.0,211.56,0.037,100.0,0.0,100.0,100.0,9900.0,1.4165,100.0,100.0,0.0,0.0,0.0,0.0,0.0,0.0,526.35,100.0,0.0,654.6,250.0,24.9975,0.0,6.6075,654.8,0.0,0.0,0.037,683.825,0.0,100.0,0.0,0.0331,0.0,100.0,0.0,100.0,0.0,0.0,1000.2,999.9,0.0,0.294,84.6975,683.85,71.0196,0.0,670.15,0.0,710.08,1878.6599,619.83,50.0,0.3151,0.0331,1000.2,0.7,0.0,643.92,0.0,676.7,679.95,0.0,0.0,0.0,0.0165,0.681,0.0,0.0,0.037,179.9875,0.0,0.0,0.0,2.6,26.555,0.0213,1000.0,1.0,64.6837,546.1,50.0,139.249,0.0,0.0,100.0,0.0213,600.12,100.0,0.0,3000.0,24.9975,-16.547,654.6,249.99,9.9998,0.0,0.0,0.0,87.0,274.05,96.08,71.0196,0.0,2.601,0.0,0.0331,0.0,23.7998,0.0,363.63,0.4381,526.35,17.6058,0.5,0.0,0.0,0.0,2.5998,0.0,250.0,100.0,36.46,0.0,50.0,0.0,80.84,2200.0,683.85,100.0,26.91,1.76,330.45,330.45,57.525,0.0,179.9875,0.9977,0.0,0.0165,0.0,0.0,0.0,0.0,50.0,0.0,74.9905,0.0,0.0,0.0241,0.0,24.9975,0.037,459.5,0.0,252.825,0.0,6.6075,142.0875,50.0,82.125,25.0,563.3,50.0,0.0,0.0,0.0165,999.9,0.0,23.7998,0.0,100.0,0.0,0.4632,20.0,0.0,0.0,11.85,0.5,0.0,0.0,0.0331,587.5025,0.0165,0.0241,2.5998,211.56,0.0,497.27,0.0,620.13,341.9448,0.0,2.601,75.555,249.99,8.8527,26.49,100.0,520.0,85.08,332.76,5999.7334,0.7,26.91,85.26,0.0,100.0,24.9975,100.0,0.0,0.037,0.0,83.46,600.0,64.6837,587.5025,619.83,100.0,0.0,363.63,100.0,100.0,8.8527,9.9998,0.0,0.0,0.0,100.0,459.5,0.0,23.7661,0.0,0.275,1.53,0.0,0.0,0.0,36.46,0.0,0.0,0.037,683.84,100.0,1878.6599,526.34,25.99,0.0,38.0,4.6344,0.0,74.9905,6.6075,82.3425,710.0,17.6058,0.0,0.0,0.15,0.3151,590.0,5.0,673.4,0.0,0.037,0.0,2.6,249.99,0.0,0.0,0.0,526.35,526.34,654.8,526.35
57.525,211.56,0.0,211.56,0.0,75.5597,710.08,24.9975,0.0,619.53,0.0,0.0,110.0,254.5,0.0,498.24,88.0,0.0,0.0,363.6,0.0,0.0,9.9998,0.0,96.08,0.0,50.0,180.0,0.0,0.0,0.0,75.5597,654.4,0.0,0.0,100.0,0.0,86.5,587.47,36.46,249.99,100.0,249.99,495.27,11.85,25.48,249.99,100.0,0.0,0.0,0.0,0.0,9.1102,24.9975,100.0,1878.6599,0.0,526.315,-1.0,0.0,0.0,60.0,50100.0,25.04,0.0,0.0,11.85,249.99,0.0,496.26,0.4632,0.0,5000.0,5.0,600.12,0.0165,0.0,100.0,644.8,526.3,49.925,0.0,0.0,0.0,80.84,0.0,587.47,623.0,0.0,211.56,0.037,100.0,0.0,100.0,100.0,9900.0,1.4166,100.0,100.0,0.0,0.0,0.0,0.0,0.0,0.0,526.315,100.0,0.0,654.4,250.0,24.9975,0.0,6.6075,654.6,0.0,0.0,0.037,683.825,0.0,100.0,0.0,0.0331,0.0,100.0,0.0,100.0,0.0,0.0,1000.2,999.9,0.0,0.294,84.7275,683.8,71.0195,0.0,670.15,0.0,710.08,1878.6599,619.53,50.0,0.3151,0.0331,1000.2,0.7,0.0,643.6,0.0,676.7,679.95,0.0,0.0,0.0,0.0165,0.681,0.0,0.0,0.037,179.9875,0.0,0.0,0.002,2.6,26.555,0.0213,1000.0,1.0,64.6834,546.4,50.0,139.26,0.0,0.0,100.0,0.0213,600.12,100.0,0.0,3000.0,24.9975,-16.5525,654.4,249.99,9.9998,0.0,0.0,0.0,86.5,274.545,96.08,71.0195,0.0,2.601,0.0,0.0331,0.0,23.8527,0.0,363.63,0.4381,526.315,17.6038,0.5,0.0,0.0,0.0,2.5998,0.0,250.0,100.0,36.46,0.0,50.0,0.0,80.84,2200.0,683.8,100.0,26.91,1.76,330.3,330.3,57.5625,0.0,179.9875,0.9977,0.0,0.0165,0.0,0.0,0.0,0.0,50.0,0.0,74.9908,0.0,0.0,0.0242,0.0,24.9975,0.037,458.05,0.0,252.825,0.0,6.6075,142.0987,50.0,82.1325,25.0,562.65,50.0,0.0,0.0,0.0165,999.9,0.0,23.8527,0.0,100.0,0.0,0.4632,20.0,0.0,0.0,11.856,0.5,0.0,0.0,0.0331,587.47,0.0165,0.0242,2.5998,211.56,0.0,497.27,0.0,619.83,342.2203,0.0,2.601,75.555,249.99,8.8526,26.49,100.0,520.0,85.0575,332.8,5999.7334,0.7,26.91,85.23,0.0,100.0,24.9975,100.0,0.0,0.037,0.0,83.4375,600.0,64.6834,587.47,619.53,100.0,0.0,363.63,100.0,100.0,8.8526,9.9998,0.0,0.0,0.0,100.0,458.05,0.0,23.8187,0.0,0.275,1.53,0.0,0.0,0.0,36.46,0.0,0.0,0.037,683.8,100.0,1878.6599,526.34,25.99,0.0,38.0,3.875,0.0,74.9908,6.6075,82.3425,710.0,17.6038,0.0,0.0,0.15,0.3151,590.0,5.0,673.4,0.0,0.037,0.0,2.6,249.99,0.0,0.0,0.0,526.3,526.34,654.6,526.315
57.5625,211.56,0.0,211.56,0.0,75.5602,710.08,24.9975,0.0,619.26,0.0,0.0,110.0,254.4,0.0,498.24,88.0,0.0,0.0,363.6,0.0,0.0,9.9998,0.0,96.08,0.0,50.0,180.0,0.0,0.0,0.0,75.5602,654.2,0.0,0.0,100.0,0.0,86.5,587.47,36.465,249.99,100.0,249.99,495.225,11.856,25.48,249.99,100.0,0.0,0.0,0.0,0.0,9.1108,24.9975,100.0,1878.6599,0.0,526.315,-1.0,0.0,0.0,60.0,50100.0,25.04,0.0,0.0,11.856,249.99,0.0,496.26,0.4632,0.0,5000.0,5.0,600.12,0.0165,0.0,100.0,644.52,526.3,49.925,0.0,0.0,0.0,79.98,0.0,587.47,622.55,0.0,211.56,0.037,100.0,0.0,100.0,100.0,9900.0,1.4166,100.0,100.0,0.0,0.0,0.0,0.0,0.0,0.0,526.315,100.0,0.0,654.2,250.0,24.9975,0.0,6.6075,654.4,0.0,0.0,0.037,683.7875,0.0,100.0,0.0,0.0331,0.0,100.0,0.0,100.0,0.0,0.0,1000.2,999.9,0.0,0.294,84.7125,683.8,71.0193,0.0,670.15,0.0,710.08,1878.6599,619.26,50.0,0.3151,0.0332,1000.2,0.7,0.0,643.32,0.0,676.7,679.95,0.0,0.0,0.0,0.0165,0.681,0.0,0.0,0.037,179.9875,0.0,0.0,0.0,2.6,26.555,0.0213,1000.0,1.0,64.683,546.55,50.0,139.271,0.0,0.0,100.0,0.0213,600.12,100.0,0.0,3000.0,24.9975,-16.5525,654.2,249.99,9.9998,0.0,0.0,0.0,86.5,274.3875,96.08,71.0193,0.0,2.601,0.0,0.0331,0.0,23.891,0.0,363.6,0.4381,526.315,17.6033,0.5,0.0,0.0,0.0,2.6004,0.0,250.0,100.0,36.46,0.0,50.0,0.0,79.98,2200.0,683.8,100.0,26.91,1.76,330.2,330.2,57.6,0.0,179.9875,0.9977,0.0,0.0165,0.0,0.0,0.0,0.0,50.0,0.0,74.9888,0.0,0.0,0.0242,0.0,24.9975,0.037,456.65,0.0,252.825,0.0,6.6075,142.11,50.0,82.0875,25.0,562.0,50.0,0.0,0.0,0.0165,999.9,0.0,23.891,0.0,100.0,0.0,0.4632,20.0,0.0,0.0,11.856,0.5,0.0,0.0,0.0331,587.47,0.0165,0.0242,2.6004,211.56,0.0,497.27,0.0,619.53,342.2548,0.0,2.601,75.555,249.99,8.8525,26.49,100.0,520.0,85.0875,332.8,5999.7334,0.7,26.91,85.26,0.0,100.0,24.9975,100.0,0.0,0.037,0.0,83.4225,600.0,64.683,587.47,619.26,100.0,0.0,363.6,100.0,100.0,8.8525,9.9998,0.0,0.0,0.0,100.0,456.65,0.0,23.8719,0.0,0.275,1.53,0.0,0.0,0.0,36.46,0.0,0.0,0.037,683.8,100.0,1878.6599,526.31,25.99,0.0,38.0,3.9359,0.0,74.9888,6.6075,82.35,710.0,17.6033,0.0,0.0,0.15,0.3151,590.0,5.0,673.4,0.0,0.037,0.0,2.6,249.99,0.0,0.0,0.0,526.3,526.31,654.4,526.315
57.5625,211.56,0.0,211.56,0.0,75.5607,710.08,24.9975,0.0,619.26,0.0,0.0,110.0,254.4,0.0,498.24,88.0,0.0,0.0,363.6,0.0,0.0,9.9998,0.0,96.08,0.0,50.0,180.0,0.0,0.0,0.0,75.5607,654.2,0.0,0.0,100.0,0.0,86.5,587.47,36.465,249.99,100.0,249.99,495.225,11.856,25.48,249.99,100.0,0.0,0.0,0.0,0.0,9.1108,24.9975,100.0,1878.6599,0.0,526.315,-1.0,0.0,0.0,60.0,50100.0,25.04,0.0,0.0,11.856,249.99,0.0,496.26,0.4632,0.0,5000.0,5.0,600.12,0.0165,0.0,100.0,644.52,526.3,49.925,0.0,0.0,0.0,79.98,0.0,587.47,622.55,0.0,211.56,0.037,100.0,0.0,100.0,100.0,9900.0,1.4166,100.0,100.0,0.0,0.0,0.0,0.0,0.0,0.0,526.315,100.0,0.0,654.2,250.0,24.9975,0.0,6.6075,654.2,0.0,0.0,0.037,683.7875,0.0,100.0,0.0,0.0331,0.0,100.0,0.0,100.0,0.0,0.0,1000.2,999.9,0.0,0.294,84.7125,683.8,71.0192,0.0,670.15,0.0,710.08,1878.6599,619.26,50.0,0.3151,0.0332,1000.2,0.7,0.0,643.32,0.0,676.7,679.95,0.0,0.0,0.0,0.0165,0.681,0.0,0.0,0.037,179.9875,0.0,0.0,0.0,2.6,26.555,0.0213,1000.0,1.0,64.6827,546.55,50.0,139.271,0.0,0.0,100.0,0.0213,600.12,100.0,0.0,3000.0,24.9975,-16.5525,654.2,249.99,9.9998,0.0,0.0,0.0,86.5,274.3875,96.08,71.0192,0.0,2.601,0.0,0.0331,0.0,23.9294,0.0,363.6,0.4381,526.315,17.6028,0.5,0.0,0.0,0.0,2.6004,0.0,250.0,100.0,36.465,0.0,50.0,0.0,79.98,2200.0,683.8,100.0,26.91,1.76,330.2,330.2,57.6,0.0,179.9875,0.9977,0.0,0.0165,0.0,0.0,0.0,0.0,50.0,0.0,74.9883,0.0,0.0,0.0242,0.0,24.9975,0.037,456.65,0.0,252.825,0.0,6.6075,142.11,50.0,82.0875,25.0,562.0,50.0,0.0,0.0,0.0165,999.9,0.0,23.9294,0.0,100.0,0.0,0.4632,20.0,0.0,0.0,11.856,0.5,0.0,0.0,0.0331,587.47,0.0165,0.0242,2.6004,211.56,0.0,497.27,0.0,619.26,342.2548,0.0,2.601,75.555,249.99,8.8524,26.49,100.0,520.0,85.0875,332.8,5999.7334,0.7,26.91,85.26,0.0,100.0,24.9975,100.0,0.0,0.037,0.0,83.4225,600.0,64.6827,587.47,619.26,100.0,0.0,363.6,100.0,100.0,8.8524,9.9998,0.0,0.0,0.0,100.0,456.65,0.0,23.9102,0.0,0.275,1.53,0.0,0.0,0.0,36.465,0.0,0.0,0.037,683.8,100.0,1878.6599,526.31,25.99,0.0,38.0,3.9359,0.0,74.9883,6.6075,82.35,710.0,17.6028,0.0,0.0,0.15,0.3151,590.0,5.0,673.4,0.0,0.037,0.0,2.6,249.99,0.0,0.0,0.0,526.3,526.31,654.2,526.315
57.525,211.56,0.0,211.56,0.0,75.5612,710.08,24.9975,0.0,618.96,0.0,0.0,110.0,254.3,0.0,498.24,88.0,0.0,0.0,363.6,0.0,0.0,9.9998,0.0,96.08,0.0,50.0,180.0,0.0,0.0,0.0,75.5612,654.0,0.0,0.0,100.0,0.0,86.5,587.4375,36.465,249.99,100.0,249.99,495.225,11.856,25.48,249.99,100.0,0.0,0.0,0.0,0.0,9.1108,24.9975,100.0,1878.6599,0.0,526.315,-1.0,0.0,0.0,60.0,50100.0,25.04,0.0,0.0,11.856,249.99,0.0,496.215,0.4632,0.0,5000.0,5.0,600.12,0.0165,0.0,100.0,644.2,526.3,49.925,0.0,0.0,0.0,79.98,0.0,587.4375,622.1,0.0,211.56,0.037,100.0,0.0,100.0,100.0,9900.0,1.4166,100.0,100.0,0.0,0.0,0.0,0.0,0.0,0.0,526.315,100.0,0.0,654.0,250.0,24.9975,0.0,6.6075,654.2,0.0,0.0,0.037,683.7875,0.0,100.0,0.0,0.0331,0.0,100.0,0.0,100.0,0.0,0.0,1000.2,999.9,0.0,0.294,84.6525,683.75,71.0191,0.0,670.15,0.0,710.08,1878.6599,618.96,50.0,0.3151,0.0332,1000.2,0.7,0.0,643.0,0.0,676.7,679.95,0.0,0.0,0.0,0.0165,0.681,0.0,0.0,0.037,179.9875,0.0,0.0,0.0,2.6,26.555,0.0213,1000.0,1.0,64.6824,546.65,50.0,139.282,0.0,0.0,100.0,0.0213,599.94,100.0,0.0,3000.0,24.9975,-16.5525,654.0,249.99,9.9998,0.0,0.0,0.0,86.5,274.8375,96.08,71.0191,0.0,2.601,0.0,0.0331,0.0,23.9827,0.0,363.6,0.4381,526.315,17.6023,0.5,0.0,0.0,0.0,2.6004,0.0,250.0,100.0,36.465,0.0,50.0,0.0,79.98,2200.0,683.75,100.0,26.91,1.76,330.1,330.1,57.525,0.0,179.9875,0.9976,0.0,0.0165,0.0,0.0,0.0,0.0,50.0,0.0,74.9877,0.0,0.0,0.0242,0.0,24.9975,0.037,455.25,0.0,252.825,0.0,6.6075,142.1212,50.0,82.0425,25.0,561.35,50.0,0.0,0.0,0.0165,999.9,0.0,23.9827,0.0,100.0,0.0,0.4632,20.0,0.0,0.0,11.862,0.5,0.0,0.0,0.0331,587.4375,0.0165,0.0242,2.6004,211.56,0.0,497.24,0.0,619.26,342.0482,0.0,2.601,75.555,249.99,8.8523,26.49,100.0,520.0,85.08,332.8,5999.7334,0.7,26.91,85.2975,0.0,100.0,24.9975,100.0,0.0,0.037,0.0,83.46,600.0,64.6824,587.4375,618.96,100.0,0.0,363.6,100.0,100.0,8.8523,9.9998,0.0,0.0,0.0,100.0,455.25,0.0,23.9485,0.0,0.275,1.53,0.0,0.0,0.0,36.465,0.0,0.0,0.037,683.76,100.0,1878.6599,526.31,25.99,0.0,38.0,4.1906,0.0,74.9877,6.6075,82.3725,710.0,17.6023,0.0,0.0,0.15,0.3151,590.0,5.0,673.4,0.0,0.037,0.0,2.6,249.99,0.0,0.0,0.0,526.3,526.31,654.2,526.315
57.525,211.56,0.0,211.56,0.0,75.5617,710.08,24.9975,0.0,618.66,0.0,0.0,110.0,254.25,0.0,498.24,88.0,0.0,0.0,363.6,0.0,0.0,9.9998,0.0,96.08,0.0,50.0,180.0,0.0,0.0,0.0,75.5617,653.8,0.0,0.0,100.0,0.0,86.5,587.4375,36.47,249.99,100.0,249.99,495.225,11.862,25.48,249.99,100.0,0.0,0.0,0.0,0.0,9.1113,24.9975,100.0,1878.6599,0.0,526.315,-1.0,0.0,0.0,60.0,50100.0,25.04,0.0,0.0,11.862,249.99,0.0,496.215,0.4632,0.0,5000.0,5.0,599.94,0.0165,0.0,100.0,643.88,526.3,49.925,0.0,0.0,0.0,79.98,0.0,587.4375,621.65,0.0,211.56,0.037,100.0,0.0,100.0,100.0,9900.0,1.4166,100.0,100.0,0.0,0.0,0.0,0.0,0.0,0.0,526.315,100.0,0.0,653.8,250.0,24.9975,0.0,6.6075,654.0,0.0,0.0,0.037,683.75,0.0,100.0,0.0,0.0331,0.0,100.0,0.0,100.0,0.0,0.0,1000.2,999.9,0.0,0.294,84.675,683.75,71.019,0.0,670.15,0.0,710.08,1878.6599,618.66,50.0,0.3151,0.0332,1000.2,0.7,0.0,642.72,0.0,676.7,679.95,0.0,0.0,0.0,0.0165,0.681,0.0,0.0,0.037,179.9875,0.0,0.0,0.0,2.6,26.555,0.0214,1000.0,1.0,64.682,546.1,50.0,139.293,0.0,0.0,100.0,0.0213,599.94,100.0,0.0,3000.0,24.9975,-16.5525,653.8,249.99,9.9998,0.0,0.0,0.0,86.5,274.6125,96.08,71.019,0.0,2.601,0.0,0.0331,0.0,24.0215,0.0,363.6,0.4381,526.315,17.604,0.5,0.0,0.0,0.0,2.6004,0.0,250.0,100.0,36.465,0.0,50.0,0.0,79.98,2200.0,683.75,100.0,26.91,1.76,330.0,330.0,57.5625,0.0,179.9875,0.9976,0.0,0.0165,0.0,0.0,0.0,0.0,50.0,0.0,74.9872,0.0,0.0,0.0242,0.0,24.9975,0.037,453.85,0.0,252.8,0.0,6.6075,142.1438,50.0,82.065,25.0,560.7,50.0,0.0,0.0,0.0165,999.9,0.0,24.0215,0.0,100.0,0.0,0.4632,20.0,0.0,0.0,11.868,0.5,0.0,0.0,0.0331,587.4375,0.0165,0.0242,2.6004,211.56,0.0,497.24,0.0,618.96,342.7025,0.0,2.601,75.56,249.99,8.8523,26.49,100.0,520.0,85.0425,332.8,5999.7334,0.7,26.91,85.3275,0.0,100.0,24.9975,100.0,0.0,0.037,0.0,83.49,600.0,64.682,587.4375,618.66,100.0,0.0,363.6,100.0,100.0,8.8523,9.9998,0.0,0.0,0.0,100.0,453.85,0.0,24.0021,0.0,0.275,1.53,0.0,0.0,0.0,36.465,0.0,0.0,0.037,683.76,100.0,1878.6599,526.31,25.99,0.0,38.0,3.9937,0.0,74.9872,6.6075,82.3725,710.0,17.604,0.0,0.0,0.15,0.3151,590.0,5.0,673.4,0.0,0.037,0.0,2.6,249.99,0.0,0.0,0.0,526.3,526.31,654.0,526.315
57.525,211.56,0.0,211.56,0.0,75.5622,710.08,24.9975,0.0,618.66,0.0,0.0,110.0,254.25,0.0,498.24,88.0,0.0,0.0,363.6,0.0,0.0,9.9998,0.0,96.08,0.0,50.0,180.0,0.0,0.0,0.0,75.5622,653.8,0.0,0.0,100.0,0.0,86.5,587.4375,36.47,249.99,100.0,249.99,495.225,11.868,25.48,249.99,100.0,0.0,0.0,0.0,0.0,9.1113,24.9975,100.0,1878.6599,0.0,526.315,-1.0,0.0,0.0,60.0,50100.0,25.04,0.0,0.0,11.868,249.99,0.0,496.215,0.4632,0.0,5000.0,5.0,599.94,0.0165,0.0,100.0,643.88,526.3,49.925,0.0,0.0,0.0,79.98,0.0,587.4375,621.65,0.0,211.56,0.037,100.0,0.0,100.0,100.0,9900.0,1.4166,100.0,100.0,0.0,0.0,0.0,0.0,0.0,0.0,526.315,100.0,0.0,653.8,250.0,24.9975,0.0,6.6075,653.8,0.0,0.0,0.037,683.75,0.0,100.0,0.0,0.0331,0.0,100.0,0.0,100.0,0.0,0.0,1000.2,999.9,0.0,0.294,84.675,683.75,71.0188,0.0,670.15,0.0,710.08,1878.6599,618.66,50.0,0.3151,0.0332,1000.2,0.7,0.0,642.72,0.0,676.7,679.95,0.0,0.0,0.0,0.0165,0.681,0.0,0.0,0.037,179.9875,0.0,0.0,0.0,2.6,26.555,0.0214,1000.0,1.0,64.6817,546.1,50.0,139.293,0.0,0.0,100.0,0.0213,599.94,100.0,0.0,3000.0,24.9975,-16.5525,653.8,249.99,9.9998,0.0,0.0,0.0,86.5,274.6125,96.08,71.0188,0.0,2.601,0.0,0.0331,0.0,24.0604,0.0,363.6,0.4381,526.315,17.6043,0.5,0.0,0.0,0.0,2.6004,0.0,250.0,100.0,36.47,0.0,50.0,0.0,79.98,2200.0,683.75,100.0,26.91,1.76,330.0,330.0,57.5625,0.0,179.9875,0.9976,0.0,0.0165,0.0,0.0,0.0,0.0,50.0,0.0,74.9867,0.0,0.0,0.0242,0.0,24.9975,0.037,453.85,0.0,252.8,0.0,6.6075,142.1438,50.0,82.065,25.0,560.7,50.0,0.0,0.0,0.0165,999.9,0.0,24.0604,0.0,100.0,0.0,0.4632,20.0,0.0,0.0,11.868,0.5,0.0,0.0,0.0331,587.4375,0.0165,0.0242,2.6004,211.56,0.0,497.24,0.0,618.66,342.7025,0.0,2.601,75.56,249.99,8.8522,26.49,100.0,520.0,85.0425,332.8,5999.7334,0.7,26.91,85.3275,0.0,100.0,24.9975,100.0,0.0,0.037,0.0,83.49,600.0,64.6817,587.4375,618.66,100.0,0.0,363.6,100.0,100.0,8.8522,9.9998,0.0,0.0,0.0,100.0,453.85,0.0,24.0409,0.0,0.275,1.53,0.0,0.0,0.0,36.47,0.0,0.0,0.037,683.76,100.0,1878.6599,526.31,25.99,0.0,38.0,3.9937,0.0,74.9867,6.6075,82.3725,710.0,17.6043,0.0,0.0,0.15,0.3151,590.0,5.0,673.4,0.0,0.037,0.0,2.6,249.99,0.0,0.0,0.0,526.3,526.31,653.8,526.315
57.5625,211.56,0.0,211.56,0.0,75.5612,710.08,24.9975,0.0,618.36,0.0,0.0,110.0,254.15,0.0,498.24,88.0,0.0,0.0,363.6,0.0,0.0,9.9998,0.0,96.08,0.0,50.0,180.0,0.0,0.0,0.0,75.5612,653.6,0.0,0.0,100.0,0.0,86.5,587.405,36.47,249.99,100.0,249.99,495.225,11.868,25.48,249.99,100.0,0.0,0.0,0.0,0.0,9.1108,24.9975,100.0,1878.6599,0.0,526.28,-1.0,0.0,0.0,60.0,50100.0,25.04,0.0,0.0,11.868,249.99,0.0,496.215,0.4632,0.0,5000.0,5.0,599.94,0.0165,0.0,100.0,643.6,526.3,49.925,0.0,0.0,0.0,79.98,0.0,587.405,621.2,0.0,211.56,0.037,100.0,0.0,100.0,100.0,9900.0,1.4167,100.0,100.0,0.0,0.0,0.0,0.0,0.0,0.0,526.28,100.0,0.0,653.6,250.0,24.9975,0.0,6.6075,653.8,0.0,0.0,0.037,683.75,0.0,100.0,0.0,0.0331,0.0,100.0,0.0,100.0,0.0,0.0,1000.2,999.9,0.0,0.294,84.69,683.75,71.0187,0.0,670.15,0.0,710.08,1878.48,618.36,50.0,0.3151,0.0332,1000.2,0.7,0.0,642.4,0.0,676.7,679.95,0.0,0.0,0.0,0.0165,0.681,0.0,0.0,0.037,180.0,0.0,0.0,0.0,2.6,26.555,0.0214,1000.0,1.0,64.6814,546.3,50.0,139.315,0.0,0.0,100.0,0.0213,599.94,100.0,0.0,3000.0,24.9975,-16.5525,653.6,249.99,9.9998,0.0,0.0,0.0,86.5,274.815,96.08,71.0187,0.0,2.601,0.0,0.0331,0.0,24.1142,0.0,363.6,0.4381,526.28,17.6045,0.5,0.0,0.0,0.0,2.5998,0.0,250.0,100.0,36.47,0.0,50.0,0.0,79.98,2200.0,683.75,100.0,26.91,1.76,329.9,329.9,57.5625,0.0,180.0,0.9976,0.0,0.0165,0.0,0.0,0.0,0.0,50.0,0.0,74.9885,0.0,0.0,0.0242,0.0,24.9975,0.037,452.5,0.0,252.8,0.0,6.6075,142.155,50.0,82.0875,25.0,560.7,50.0,0.0,0.0,0.0165,999.9,0.0,24.1142,0.0,100.0,0.0,0.4632,20.0,0.0,0.0,11.874,0.5,0.0,0.0,0.0331,587.405,0.0165,0.0243,2.5998,211.56,0.0,497.21,0.0,618.66,342.1859,0.0,2.601,75.56,249.99,8.8521,26.49,100.0,520.0,85.0875,332.8,5999.7334,0.7,26.91,85.2825,0.0,100.0,24.9975,100.0,0.0,0.037,0.0,83.4975,600.0,64.6814,587.405,618.36,100.0,0.0,363.6,100.0,100.0,8.8521,9.9998,0.0,0.0,0.0,100.0,452.5,0.0,24.0798,0.0,0.275,1.53,0.0,0.0,0.0,36.47,0.0,0.0,0.037,683.72,100.0,1878.6599,526.28,25.99,0.0,38.0,4.0187,0.0,74.9885,6.6075,82.3725,710.0,17.6045,0.0,0.0,0.15,0.3151,590.0,5.0,673.4,0.0,0.037,0.0,2.6,249.99,0.0,0.0,0.0,526.3,526.28,653.8,526.28
