LRCA1101.MV,LRCA1101.PV,PDR1103.PV,PDR1106.PV,PDR1401.PV,PDRCA1109.PV,PDRSA1104.PV,PIC1101A.PV,PI_1132A.PV,PI_1180.PV,PR1102A.PV,TI1105A.PV,TIA2872.PV,TIA2873.PV,TIA2874.PV,TIA2875.PV,TIA2876.PV,TIA2877.PV,TIC_1101.MV,TIC_1101.PV,TIC_1155.MV,TI_1145.PV
72.4364,33.015,9.534,4.311,12.302,47.004,26.4465,14.8969,0.179,0.2082,0.197,541.04,84.51,85.005,85.3425,82.2825,83.445,81.9675,42.7674,521.22,20.3444,488.99
72.4383,33.015,9.536,4.297,12.302,46.794,26.3695,14.8966,0.1789,0.2084,0.1972,541.04,84.54,85.0125,85.3575,82.305,83.4075,81.9525,42.7663,521.19,20.3443,488.99
72.4908,33.02,9.54,4.281,12.302,46.56,26.2815,14.8963,0.1788,0.2086,0.1974,541.04,84.51,85.05,85.395,82.335,83.4225,81.9375,42.7652,521.16,20.3442,488.99
72.4933,33.02,9.545,4.264,12.3,46.326,26.177,14.8961,0.1786,0.2089,0.1976,541,84.495,85.005,85.395,82.3575,83.475,81.9225,42.7718,521.07,20.3442,488.99
72.4958,33.02,9.55,4.242,12.3,45.924,26.056,14.9044,0.1785,0.2093,0.198,540.92,84.4875,85.02,85.365,82.335,83.505,81.9,42.7863,520.92,20.3441,488.99
72.4983,33.02,9.559,4.223,12.3,45.414,25.88,14.9044,0.1786,0.2098,0.1986,540.76,84.5025,85.0725,85.35,82.32,83.49,81.9,42.8051,520.74,20.344,489.02
72.5008,33.02,9.57,4.206,12.3,44.928,25.649,14.9044,0.1785,0.2102,0.1991,540.56,84.4875,85.0725,85.2975,82.365,83.4525,81.93,42.8322,520.5,20.3439,489.02
72.5033,33.02,9.583,4.178,12.301,44.592,25.3905,14.9044,0.178,0.2106,0.1994,540.32,84.4725,85.11,85.35,82.335,83.4675,81.9225,42.8602,520.26,20.3439,489.02
72.4552,33.015,9.595,4.126,12.302,44.856,25.1595,14.9044,0.177,0.2104,0.1991,540.08,84.525,85.125,85.38,82.3275,83.4375,81.975,42.8855,520.05,20.3438,489.02
72.4064,33.01,9.598,4.045,12.302,44.958,25.132,14.9044,0.1762,0.2102,0.1991,539.84,84.5325,85.08,85.365,82.335,83.4675,81.9675,42.8965,519.96,20.3437,489.02
72.4077,33.01,9.601,3.983,12.302,45.39,25.1595,14.9044,0.1758,0.2098,0.1986,539.76,84.54,85.08,85.3575,82.2975,83.445,81.96,42.908,519.87,20.3436,489.02
72.3583,33.005,9.597,3.963,12.302,45.702,25.297,14.9044,0.1759,0.2096,0.1983,539.68,84.5325,85.0425,85.38,82.2675,83.415,81.9975,42.9123,519.84,20.3435,489.02
72.3083,33,9.592,3.988,12.303,45.846,25.4565,14.9044,0.1766,0.2094,0.1982,539.64,84.5025,85.0125,85.3875,82.2375,83.4,81.99,42.9166,519.81,20.3435,489.02
72.3083,33,9.589,4.05,12.303,45.84,25.583,14.9044,0.1775,0.2094,0.1982,539.6,84.51,85.0275,85.395,82.29,83.37,82.035,42.9174,519.81,20.3434,489.02
72.3083,33,9.587,4.118,12.303,45.834,25.627,14.9044,0.178,0.2094,0.1982,539.6,84.48,84.99,85.4175,82.2525,83.4225,82.0275,42.9182,519.81,20.3433,489.02
72.3083,33,9.586,4.16,12.303,45.786,25.638,14.913,0.1782,0.2094,0.1982,539.6,84.465,84.975,85.4175,82.2975,83.4675,82.0275,42.9189,519.81,20.3432,489.02
72.3083,33,9.587,4.174,12.304,45.654,25.616,14.9133,0.1782,0.2095,0.1984,539.6,84.525,85.02,85.3875,82.32,83.505,82.0275,42.9197,519.81,20.3432,489.02
72.3083,33,9.589,4.173,12.304,45.51,25.561,14.9136,0.1782,0.2097,0.1985,539.6,84.5025,85.035,85.41,82.29,83.5425,82.0425,42.9205,519.81,20.3431,489.02
72.3083,33,9.592,4.163,12.306,45.42,25.473,14.9052,0.178,0.2098,0.1986,539.6,84.5025,84.9975,85.4175,82.3275,83.5725,82.05,42.9212,519.81,20.343,489.02
72.3083,33,9.595,4.145,12.306,45.558,25.4015,14.9052,0.1777,0.2096,0.1984,539.6,84.51,85.0425,85.395,82.29,83.535,82.065,42.9258,519.78,20.3429,489.02
72.3083,33,9.595,4.117,12.306,45.63,25.407,14.9052,0.1774,0.2095,0.1984,539.6,84.5025,85.0875,85.3425,82.2975,83.505,82.0125,42.9229,519.81,20.3429,488.99
72.2577,32.995,9.594,4.099,12.305,45.714,25.44,14.9052,0.1774,0.2096,0.1983,539.6,84.555,85.0575,85.305,82.29,83.4975,82.005,42.9274,519.78,20.3428,488.99
72.2571,32.995,9.593,4.098,12.305,45.624,25.473,14.9052,0.1776,0.2096,0.1984,539.56,84.5775,85.02,85.275,82.2975,83.5275,82.035,42.9321,519.75,20.3427,488.99
72.2564,32.995,9.594,4.116,12.305,45.462,25.473,14.9052,0.1779,0.2098,0.1985,539.52,84.57,85.0275,85.2825,82.3125,83.4975,82.0425,42.9406,519.69,20.3426,488.99
72.2558,32.995,9.596,4.139,12.305,45.276,25.418,14.9052,0.1782,0.2098,0.1987,539.48,84.585,85.005,85.2675,82.2975,83.4825,82.0125,42.9419,519.69,20.3426,488.99
72.2552,32.995,9.6,4.151,12.305,45.672,25.33,14.9052,0.1778,0.2096,0.1983,539.48,84.5475,85.065,85.2225,82.2975,83.52,81.99,42.9431,519.69,20.3425,488.99
72.2546,32.995,9.596,4.123,12.305,45.84,25.396,14.9052,0.1773,0.2094,0.1982,539.48,84.5475,85.0425,85.215,82.2525,83.5425,81.9675,42.9444,519.69,20.3424,488.99
72.2033,32.99,9.593,4.096,12.305,45.888,25.495,14.9052,0.1773,0.2094,0.1981,539.48,84.5775,85.035,85.2675,82.2675,83.5275,82.02,42.9456,519.69,20.3423,488.99
72.2021,32.99,9.591,4.101,12.305,45.762,25.55,14.9052,0.1777,0.2095,0.1982,539.48,84.6225,85.05,85.23,82.3125,83.49,81.9675,42.9506,519.66,20.3422,488.99
72.2008,32.99,9.592,4.133,12.304,45.636,25.5445,14.9052,0.1782,0.2096,0.1984,539.44,84.6225,85.0725,85.2225,82.35,83.5275,82.005,42.952,519.66,20.3422,488.99
72.1996,32.99,9.593,4.162,12.304,45.462,25.495,14.9052,0.1784,0.2097,0.1985,539.44,84.5775,85.08,85.185,82.3575,83.4825,81.99,42.9534,519.66,20.3421,488.99
72.1983,32.99,9.596,4.173,12.304,45.396,25.407,14.9052,0.1783,0.2098,0.1986,539.44,84.57,85.0425,85.245,82.32,83.5125,82.0425,42.9585,519.63,20.342,488.99
72.1971,32.99,9.598,4.161,12.304,45.27,25.3465,14.9052,0.1781,0.21,0.1987,539.4,84.5625,85.065,85.2525,82.29,83.5425,82.08,42.9675,519.57,20.3419,488.99
72.1958,32.99,9.602,4.141,12.304,45.078,25.2805,14.9052,0.178,0.2102,0.1989,539.36,84.6075,85.0275,85.26,82.245,83.49,82.035,42.9805,519.48,20.3419,488.99
72.1945,32.99,9.606,4.125,12.304,44.832,25.198,14.9052,0.178,0.2104,0.1992,539.24,84.6525,85.035,85.26,82.2675,83.475,82.02,42.9976,519.36,20.3418,488.99
72.1933,32.99,9.612,4.115,12.304,44.64,25.0825,14.9052,0.1779,0.2105,0.1993,539.16,84.6375,85.0875,85.2525,82.2525,83.43,82.0575,43.0077,519.3,20.3417,488.96
72.1414,32.985,9.618,4.101,12.304,45.324,24.9615,14.9052,0.1771,0.2099,0.1987,539.08,84.615,85.1325,85.305,82.2225,83.4225,82.05,43.0106,519.3,20.3416,488.96
72.1396,32.985,9.611,4.049,12.304,45.786,25.1155,14.9052,0.1764,0.2094,0.1982,539.08,84.6525,85.14,85.2975,82.2375,83.46,82.0425,43.0059,519.36,20.3416,488.96
72.0871,32.98,9.603,4.012,12.304,46.086,25.341,14.9052,0.1765,0.2091,0.1979,539.12,84.6975,85.11,85.305,82.2825,83.43,81.9825,42.9972,519.45,20.3415,488.96
72.0846,32.98,9.595,4.036,12.304,46.35,25.539,14.9052,0.1771,0.2089,0.1976,539.2,84.6825,85.1025,85.2675,82.2825,83.49,81.945,42.9844,519.57,20.3414,488.96
72.0821,32.98,9.587,4.097,12.303,46.59,25.7095,14.9052,0.1777,0.2086,0.1974,539.36,84.6675,85.0575,85.245,82.2525,83.5125,81.9525,42.9636,519.75,20.3413,488.96
72.0796,32.98,9.58,4.158,12.303,46.824,25.858,14.9052,0.1782,0.2083,0.1972,539.52,84.645,85.035,85.2375,82.2225,83.46,81.9525,42.9421,519.93,20.3413,488.96
72.1277,32.985,9.572,4.201,12.303,46.986,25.9845,14.9052,0.1784,0.2082,0.197,539.72,84.675,85.005,85.2,82.215,83.4375,81.975,42.9235,520.08,20.3412,488.96
72.1258,32.985,9.565,4.229,12.303,47.07,26.0945,14.9052,0.1786,0.2082,0.1969,539.88,84.6375,85.005,85.17,82.185,83.4525,81.975,42.9044,520.23,20.3411,488.96
72.1745,32.99,9.56,4.25,12.303,47.088,26.177,14.9052,0.1788,0.2082,0.1969,540.04,84.675,84.99,85.1475,82.1925,83.475,82.005,42.8885,520.35,20.341,488.96
72.1733,32.99,9.556,4.269,12.303,47.04,26.232,14.9052,0.1789,0.2082,0.1969,540.16,84.6525,85.02,85.2,82.215,83.5125,82.05,42.872,520.47,20.341,488.96
72.2227,32.995,9.553,4.281,12.302,46.98,26.2485,14.8966,0.179,0.2082,0.197,540.28,84.6225,85.0725,85.215,82.2375,83.535,82.02,42.8626,520.53,20.3409,488.96
72.222,32.995,9.551,4.285,12.302,46.854,26.243,14.8963,0.179,0.2083,0.1971,540.36,84.5925,85.0575,85.2225,82.2675,83.5425,81.99,42.853,520.59,20.3408,488.96
72.272,33,9.551,4.283,12.302,46.71,26.2155,14.8961,0.1789,0.2084,0.1973,540.44,84.6075,85.0425,85.2675,82.2975,83.58,81.9975,42.8393,520.68,20.3407,488.96
72.272,33,9.552,4.275,12.3,46.59,26.1605,14.8958,0.1788,0.2086,0.1974,540.52,84.6225,85.065,85.29,82.335,83.5275,81.975,42.8328,520.71,20.3406,488.96
72.3227,33.005,9.554,4.261,12.3,46.422,26.1,14.9041,0.1787,0.2087,0.1975,540.52,84.6075,85.1025,85.26,82.3125,83.55,81.975,42.8299,520.71,20.3406,488.96
72.3233,33.005,9.557,4.244,12.3,46.236,26.0285,14.9041,0.1785,0.209,0.1977,540.52,84.6,85.125,85.2675,82.3125,83.5575,82.02,42.8346,520.65,20.3405,488.96
72.3239,33.005,9.561,4.228,12.3,46.038,25.9405,14.9041,0.1784,0.209,0.1979,540.48,84.5925,85.1175,85.2525,82.2825,83.5275,82.035,42.832,520.65,20.3404,488.96
72.3246,33.005,9.565,4.211,12.301,45.87,25.836,14.8955,0.1783,0.2093,0.1981,540.48,84.6,85.17,85.275,82.305,83.5125,82.02,42.8368,520.59,20.3403,488.96
72.3252,33.005,9.57,4.19,12.301,45.654,25.7205,14.8952,0.1781,0.2095,0.1983,540.4,84.6,85.14,85.29,82.305,83.505,81.975,42.8495,520.47,20.3403,488.99
72.3258,33.005,9.576,4.169,12.301,45.342,25.6105,14.8949,0.1781,0.2099,0.1986,540.28,84.6075,85.0875,85.2525,82.3425,83.505,81.99,42.8664,520.32,20.3402,488.99
72.3264,33.005,9.584,4.154,12.3,44.964,25.473,14.9033,0.1781,0.2102,0.199,540.12,84.585,85.0575,85.2075,82.29,83.46,81.9675,42.8876,520.14,20.3401,488.99
72.3271,33.005,9.593,4.14,12.3,44.73,25.2915,14.9033,0.1779,0.2104,0.1993,539.96,84.6,85.0875,85.1775,82.3275,83.4375,81.9975,42.9058,519.99,20.34,488.99
72.2771,33,9.601,4.113,12.299,45.102,25.1375,14.9033,0.1771,0.2101,0.1989,539.8,84.5625,85.05,85.155,82.3125,83.4825,82.0275,42.9172,519.9,20.34,488.99
72.2771,33,9.601,4.055,12.302,45.348,25.1705,14.9033,0.1764,0.2098,0.1987,539.68,84.5175,85.1025,85.155,82.3425,83.505,82.035,42.9251,519.84,20.3399,488.99
72.2264,32.995,9.6,4.009,12.302,45.528,25.264,14.9033,0.1763,0.2097,0.1985,539.6,84.555,85.125,85.1325,82.305,83.5275,82.0425,42.9295,519.81,20.3398,488.99
72.2258,32.995,9.597,4.012,12.302,45.69,25.3685,14.9033,0.1767,0.2095,0.1983,539.6,84.5625,85.1475,85.2,82.3125,83.5725,82.0125,42.9303,519.81,20.3397,488.99
72.2252,32.995,9.594,4.049,12.302,45.786,25.4565,14.9033,0.1773,0.2095,0.1982,539.6,84.57,85.1025,85.155,82.3425,83.595,82.02,42.9348,519.78,20.3549,488.99
72.1739,32.99,9.592,4.096,12.302,45.732,25.528,14.9033,0.1778,0.2094,0.1983,539.56,84.57,85.1475,85.2225,82.305,83.625,81.99,42.9319,519.81,20.3554,488.99
72.1727,32.99,9.591,4.138,12.303,45.69,25.55,14.9033,0.1781,0.2096,0.1983,539.6,84.5625,85.185,85.1925,82.29,83.61,81.9975,42.9364,519.78,20.3558,488.99
72.222,32.995,9.591,4.161,12.303,45.534,25.528,14.9033,0.1783,0.2096,0.1985,539.56,84.5625,85.185,85.23,82.2825,83.625,81.9825,42.9336,519.81,20.3562,488.99
72.1708,32.99,9.594,4.167,12.303,45.798,25.473,14.9033,0.1779,0.2095,0.1982,539.6,84.54,85.215,85.2225,82.275,83.64,82.0125,42.9381,519.78,20.3566,488.96
72.1695,32.99,9.591,4.146,12.303,45.81,25.517,14.9119,0.1777,0.2094,0.1982,539.56,84.525,85.1925,85.2075,82.2675,83.6475,82.0575,42.9352,519.81,20.357,488.96
72.1683,32.99,9.591,4.127,12.303,45.786,25.5555,14.9122,0.1777,0.2095,0.1982,539.6,84.57,85.23,85.1925,82.2375,83.6775,82.0875,42.9397,519.78,20.3421,488.96
72.167,32.99,9.59,4.129,12.303,45.612,25.55,14.9124,0.1779,0.2097,0.1984,539.56,84.5475,85.2,85.185,82.26,83.6325,82.0425,42.9444,519.75,20.3421,488.96
72.1658,32.99,9.593,4.145,12.305,45.384,25.495,14.9041,0.1782,0.2098,0.1986,539.52,84.5925,85.185,85.1625,82.2375,83.655,82.02,42.9492,519.72,20.342,488.96
72.1645,32.99,9.597,4.16,12.305,45.18,25.3905,14.9041,0.1783,0.21,0.1988,539.52,84.5925,85.1925,85.1625,82.245,83.6175,82.0575,42.9578,519.66,20.3419,488.96
72.1633,32.99,9.602,4.159,12.305,45.138,25.275,14.9041,0.1781,0.2101,0.1989,539.44,84.5475,85.1475,85.1625,82.305,83.58,82.0575,42.9667,519.6,20.3571,488.96
72.162,32.99,9.605,4.136,12.303,45.078,25.2145,14.9041,0.1778,0.2101,0.1989,539.4,84.5475,85.11,85.1925,82.305,83.61,82.02,42.9721,519.57,20.3575,488.96
72.1608,32.99,9.608,4.106,12.303,45.558,25.1705,14.9041,0.1771,0.2096,0.1984,539.36,84.5325,85.1475,85.245,82.2825,83.6475,81.9825,42.9701,519.6,20.358,488.96
72.1089,32.985,9.603,4.066,12.303,45.894,25.297,14.9041,0.1767,0.2094,0.1981,539.36,84.5475,85.14,85.23,82.2375,83.595,81.9975,42.9679,519.63,20.3584,488.96
72.107,32.985,9.596,4.046,12.303,46.026,25.462,14.9041,0.1769,0.2093,0.198,539.4,84.5625,85.1625,85.26,82.2,83.625,81.9975,42.9694,519.63,20.3588,488.96
72.1052,32.985,9.592,4.075,12.303,46.116,25.594,14.9041,0.1775,0.2091,0.1979,539.4,84.5625,85.2,85.29,82.2,83.6325,81.9975,42.9596,519.72,20.3592,488.96
72.1033,32.985,9.588,4.127,12.303,46.206,25.6765,14.9041,0.178,0.209,0.1978,539.48,84.5775,85.1775,85.245,82.1925,83.6175,81.975,42.957,519.75,20.3443,488.96
72.1014,32.985,9.584,4.17,12.303,46.236,25.7315,14.9041,0.1783,0.209,0.1978,539.56,84.615,85.1775,85.2675,82.185,83.6025,81.99,42.9467,519.84,20.3443,488.96
72.1501,32.99,9.582,4.195,12.303,46.236,25.7645,14.9041,0.1784,0.209,0.1978,539.6,84.63,85.1325,85.2525,82.155,83.6175,81.9825,42.9399,519.9,20.3442,488.96
72.1489,32.99,9.58,4.205,12.303,46.218,25.7755,14.9041,0.1785,0.209,0.1978,539.72,84.5925,85.125,85.215,82.1775,83.64,81.9825,42.9328,519.96,20.3441,488.96
72.1476,32.99,9.579,4.206,12.303,46.158,25.77,14.9041,0.1784,0.2091,0.1978,539.76,84.5775,85.14,85.2075,82.14,83.61,82.0275,42.9292,519.99,20.344,488.96
72.1464,32.99,9.579,4.204,12.303,46.068,25.759,14.9041,0.1784,0.2092,0.1979,539.76,84.6075,85.1475,85.1775,82.1325,83.565,81.99,42.9292,519.99,20.344,488.96
72.1451,32.99,9.58,4.201,12.302,45.948,25.7315,14.9041,0.1784,0.2093,0.198,539.76,84.6225,85.1325,85.1775,82.1475,83.565,81.975,42.9292,519.99,20.3439,488.96
72.1945,32.995,9.581,4.198,12.302,45.834,25.682,14.9041,0.1784,0.2093,0.1982,539.8,84.645,85.155,85.2075,82.14,83.5275,81.9825,42.9255,520.02,20.3438,488.96
72.1939,32.995,9.583,4.189,12.302,45.72,25.6215,14.9041,0.1783,0.2094,0.1983,539.8,84.675,85.1475,85.17,82.1925,83.52,82.0275,42.9217,520.05,20.3437,488.96
72.1933,32.995,9.586,4.177,12.302,45.642,25.5555,14.9041,0.1781,0.2095,0.1983,539.84,84.66,85.1475,85.1925,82.2225,83.5125,81.99,42.9253,520.02,20.3437,488.96
72.1926,32.995,9.588,4.161,12.302,45.516,25.5005,14.9041,0.178,0.2097,0.1985,539.8,84.6225,85.1325,85.1475,82.2225,83.4975,81.99,42.9327,519.96,20.3436,488.96
72.192,32.995,9.592,4.148,12.302,45.33,25.44,14.9041,0.178,0.2099,0.1987,539.76,84.6525,85.1325,85.17,82.185,83.5125,82.005,42.9441,519.87,20.3435,488.96
72.1914,32.995,9.596,4.141,12.302,45.078,25.363,14.9041,0.1781,0.2101,0.1989,539.64,84.6225,85.08,85.1925,82.2,83.5125,82.0425,42.9559,519.78,20.3587,488.93
72.1401,32.99,9.602,4.136,12.302,44.982,25.253,14.9041,0.1779,0.2102,0.199,539.56,84.66,85.0575,85.23,82.26,83.5275,82.065,42.9681,519.69,20.3591,488.93
72.1389,32.99,9.606,4.12,12.302,44.88,25.1595,14.9041,0.1777,0.2103,0.1991,539.48,84.69,85.08,85.2,82.245,83.475,82.08,42.9844,519.57,20.3595,488.93
72.1376,32.99,9.61,4.096,12.302,44.892,25.088,14.9041,0.1774,0.2102,0.1991,539.36,84.72,85.125,85.2375,82.2375,83.49,82.11,42.9899,519.54,20.36,488.93
72.0858,32.985,9.613,4.072,12.302,45.408,25.0605,14.9041,0.1768,0.2098,0.1986,539.32,84.6975,85.125,85.2525,82.2675,83.445,82.1025,42.988,519.57,20.3604,488.93
72.0839,32.985,9.607,4.037,12.302,45.858,25.2035,14.9041,0.1764,0.2094,0.1982,539.36,84.6975,85.125,85.2225,82.26,83.4,82.095,42.9859,519.6,20.3608,488.93
72.082,32.985,9.599,4.023,12.302,46.11,25.407,14.9041,0.1767,0.2092,0.1979,539.36,84.7125,85.1325,85.2825,82.2825,83.4225,82.0725,42.9838,519.63,20.3612,488.93
72.0801,32.985,9.592,4.056,12.302,46.308,25.594,14.9041,0.1773,0.209,0.1977,539.4,84.6525,85.0875,85.2675,82.275,83.4675,82.0875,42.974,519.72,20.3616,488.93
72.0783,32.985,9.586,4.116,12.302,46.482,25.7425,14.9041,0.1779,0.2088,0.1975,539.52,84.6,85.125,85.2375,82.305,83.49,82.0275,42.9601,519.84,20.3468,488.93
72.0764,32.985,9.579,4.169,12.302,46.602,25.8525,14.9041,0.1783,0.2086,0.1974,539.64,84.555,85.095,85.275,82.2825,83.4675,82.0575,42.9457,519.96,20.3467,488.93
72.0745,32.985,9.574,4.205,12.302,46.68,25.935,14.9041,0.1785,0.2086,0.1973,539.76,84.5475,85.125,85.23,82.2375,83.4825,82.0275,42.9309,520.08,20.3466,488.93
72.1232,32.99,9.57,4.226,12.302,46.704,25.9955,14.9041,0.1786,0.2085,0.1973,539.88,84.5025,85.1175,85.245,82.2075,83.52,82.0575,42.9155,520.2,20.3465,488.93
72.122,32.99,9.567,4.237,12.302,46.698,26.023,14.9041,0.1787,0.2086,0.1973,540,84.54,85.11,85.2075,82.1925,83.4825,82.065,42.9034,520.29,20.3464,488.93
72.1714,32.995,9.565,4.243,12.302,46.65,26.045,14.9041,0.1787,0.2086,0.1973,540.08,84.5625,85.14,85.2525,82.185,83.5275,82.08,42.8947,520.35,20.3464,488.93
72.1707,32.995,9.564,4.246,12.302,46.578,26.045,14.9041,0.1787,0.2086,0.1974,540.16,84.5625,85.17,85.2975,82.185,83.5425,82.08,42.8821,520.44,20.3463,488.93
72.1701,32.995,9.563,4.246,12.302,46.5,26.0285,14.9041,0.1787,0.2087,0.1975,540.24,84.555,85.1325,85.275,82.23,83.4975,82.0875,42.8803,520.44,20.3462,488.93
72.2201,33,9.563,4.241,12.302,46.368,26.001,14.9041,0.1786,0.2089,0.1976,540.28,84.5175,85.1025,85.245,82.29,83.49,82.0875,42.8747,520.47,20.3461,488.93
72.2201,33,9.565,4.235,12.302,46.212,25.957,14.9041,0.1786,0.209,0.1978,540.28,84.4875,85.095,85.215,82.3275,83.4675,82.0575,42.8766,520.44,20.3461,488.93
72.2201,33,9.567,4.226,12.302,46.05,25.8855,14.9041,0.1785,0.2092,0.1979,540.28,84.45,85.125,85.2075,82.3575,83.445,82.065,42.8786,520.41,20.346,488.93
72.2201,33,9.57,4.214,12.302,45.858,25.803,14.9041,0.1784,0.2094,0.1981,540.2,84.4275,85.1025,85.26,82.3875,83.415,82.02,42.8844,520.35,20.3459,488.93
72.2708,33.005,9.575,4.198,12.301,45.606,25.7095,14.9041,0.1784,0.2095,0.1984,540.16,84.48,85.125,85.2825,82.41,83.415,81.9675,42.8905,520.29,20.3458,488.93
72.2714,33.005,9.58,4.183,12.301,45.39,25.583,14.9041,0.1782,0.2098,0.1986,540.12,84.5175,85.1175,85.275,82.38,83.43,81.9375,42.9006,520.2,20.3458,488.93
72.2214,33,9.586,4.164,12.301,45.162,25.4565,14.9041,0.178,0.21,0.1988,540,84.5625,85.095,85.2675,82.3275,83.4375,81.975,42.9111,520.11,20.3457,488.96
72.2214,33,9.593,4.141,12.301,45.282,25.33,14.9041,0.1776,0.2098,0.1987,539.92,84.5475,85.0875,85.2825,82.305,83.46,81.96,42.9182,520.05,20.3456,488.96
72.2214,33,9.595,4.104,12.301,45.354,25.308,14.9041,0.1772,0.2098,0.1986,539.84,84.5475,85.0725,85.335,82.305,83.4975,81.915,42.9292,519.96,20.3455,488.96
72.2214,33,9.596,4.073,12.302,45.342,25.319,14.9041,0.1771,0.2099,0.1987,539.76,84.585,85.065,85.3725,82.2975,83.475,81.9075,42.9407,519.87,20.3455,488.96
72.1707,32.995,9.598,4.068,12.302,45.27,25.33,14.9041,0.1773,0.21,0.1987,539.68,84.6,85.11,85.3875,82.29,83.505,81.8925,42.9525,519.78,20.3454,488.96
72.1701,32.995,9.6,4.084,12.302,45.168,25.308,14.9041,0.1776,0.21,0.1988,539.56,84.6075,85.0875,85.4325,82.3275,83.5275,81.945,42.9609,519.72,20.3453,488.93
72.1695,32.995,9.603,4.102,12.302,45.09,25.264,14.9041,0.1778,0.2101,0.1989,539.52,84.615,85.0425,85.425,82.3575,83.4975,81.9075,42.9695,519.66,20.3452,488.93
72.1689,32.995,9.605,4.109,12.302,45.336,25.2145,14.9041,0.1775,0.2098,0.1987,539.44,84.63,84.9975,85.365,82.395,83.475,81.8625,42.9747,519.63,20.3451,488.93
72.1176,32.99,9.604,4.093,12.302,45.498,25.264,14.9041,0.1772,0.2098,0.1985,539.44,84.6675,85.0275,85.3575,82.4175,83.5125,81.885,42.9799,519.6,20.3451,488.93
72.1163,32.99,9.602,4.077,12.302,45.528,25.3355,14.9041,0.1773,0.2097,0.1985,539.4,84.6225,85.0125,85.3425,82.3725,83.5275,81.87,42.9815,519.6,20.345,488.93
72.1151,32.99,9.601,4.085,12.303,45.528,25.385,14.9041,0.1776,0.2098,0.1985,539.4,84.615,85.065,85.3425,82.365,83.565,81.84,42.9869,519.57,20.3449,488.93
72.1138,32.99,9.6,4.107,12.303,45.402,25.4015,14.9127,0.1779,0.2098,0.1986,539.36,84.6675,85.0425,85.32,82.4025,83.5575,81.855,42.9924,519.54,20.3448,488.93
72.1126,32.99,9.602,4.133,12.303,45.228,25.374,14.913,0.1782,0.2101,0.1988,539.32,84.69,85.02,85.365,82.425,83.535,81.8775,43.0624,519.48,20.3448,488.93
72.1113,32.99,9.605,4.149,12.303,45.03,25.297,14.9133,0.1783,0.2102,0.199,539.24,84.645,84.9975,85.32,82.4025,83.55,81.9,43.1326,519.42,20.3447,488.93
72.1101,32.99,9.609,4.149,12.305,44.904,25.187,14.9049,0.1782,0.2103,0.1991,539.2,84.615,84.9825,85.2975,82.425,83.565,81.9075,43.2031,519.36,20.3446,488.93
72.1088,32.99,9.613,4.131,12.305,44.772,25.0935,14.9049,0.1779,0.2104,0.1992,539.12,84.6225,84.96,85.3275,82.4025,83.535,81.9375,43.27,519.33,20.3445,488.93
72.057,32.985,9.618,4.106,12.305,45.294,25.0055,14.9049,0.1772,0.2099,0.1987,539.08,84.6375,84.99,85.35,82.3575,83.5725,81.93,43.3296,519.36,20.3445,488.93
72.0551,32.985,9.613,4.06,12.303,45.654,25.132,14.9049,0.1767,0.2096,0.1984,539.12,84.675,84.9975,85.2975,82.32,83.535,81.8925,43.3815,519.45,20.3444,488.93
72.0532,32.985,9.606,4.037,12.303,45.984,25.308,14.9049,0.1769,0.2092,0.198,539.24,84.6375,84.975,85.2675,82.365,83.5575,81.93,43.4218,519.63,20.3443,488.9
72.0007,32.98,9.599,4.066,12.303,46.314,25.4895,14.9049,0.1775,0.209,0.1977,539.4,84.6225,84.9975,85.2525,82.3575,83.505,81.9,43.4613,519.81,20.3442,488.9
72.0489,32.985,9.59,4.124,12.303,46.578,25.671,14.9049,0.1782,0.2087,0.1974,539.6,84.6225,85.035,85.26,82.305,83.4675,81.885,43.4964,520.02,20.3442,488.9
72.047,32.985,9.583,4.189,12.303,46.776,25.836,14.9049,0.1788,0.2084,0.1972,539.8,84.66,85.0575,85.26,82.335,83.4975,81.9375,43.5269,520.26,20.3441,488.9
72.0957,32.99,9.575,4.246,12.303,46.95,25.968,14.9049,0.1792,0.2083,0.197,540.08,84.6825,85.0875,85.305,82.3275,83.5425,81.93,43.5526,520.53,20.344,488.9
72.0945,32.99,9.568,4.289,12.303,47.058,26.0725,14.9049,0.1796,0.2081,0.1969,540.32,84.7125,85.125,85.275,82.2825,83.565,81.8925,43.5735,520.83,20.3439,488.9
72.1438,32.995,9.563,4.322,12.303,47.19,26.166,14.9049,0.1798,0.208,0.1968,540.64,84.675,85.095,85.3125,82.2975,83.5875,81.8625,43.5969,521.1,20.3439,488.9
72.1938,33,9.556,4.346,12.302,47.268,26.2485,14.9049,0.18,0.2078,0.1967,540.92,84.705,85.065,85.32,82.3125,83.5725,81.87,43.6155,521.4,20.3438,488.93
72.2445,33.005,9.551,4.366,12.302,47.346,26.331,14.9049,0.1801,0.2078,0.1966,541.24,84.7275,85.0875,85.35,82.275,83.565,81.9,43.6366,521.67,20.3437,488.93
72.2957,33.01,9.546,4.384,12.302,47.4,26.3915,14.9049,0.1803,0.2078,0.1966,541.52,84.765,85.0725,85.3725,82.29,83.6025,81.945,43.6604,521.91,20.3436,488.93
72.3476,33.015,9.541,4.4,12.302,47.406,26.452,14.9049,0.1804,0.2078,0.1966,541.8,84.735,85.05,85.395,82.29,83.5875,81.9,43.6833,522.15,20.3435,488.93
72.4001,33.02,9.538,4.415,12.302,47.37,26.496,14.9049,0.1806,0.2078,0.1966,542,84.6825,85.02,85.4325,82.3275,83.5425,81.9525,43.7126,522.33,20.3435,488.96
72.4532,33.025,9.535,4.43,12.301,47.28,26.5125,14.9049,0.1807,0.2079,0.1967,542.2,84.6975,85.0425,85.3725,82.3425,83.5125,81.96,43.745,522.48,20.3434,488.96
72.507,33.03,9.534,4.442,12.301,47.142,26.5015,14.9049,0.1809,0.2081,0.1968,542.4,84.6825,85.035,85.38,82.2975,83.5125,81.9825,43.7768,522.63,20.3433,488.96
72.5614,33.035,9.535,4.452,12.301,46.968,26.463,14.9049,0.1811,0.2082,0.197,542.52,84.6975,85.065,85.4175,82.305,83.5125,81.9975,43.8118,522.75,20.3432,488.99
72.6164,33.04,9.536,4.456,12.301,46.77,26.397,14.9049,0.1811,0.2084,0.1972,542.64,84.675,85.0275,85.3875,82.305,83.5425,82.005,43.8463,522.87,20.3432,488.99
72.672,33.045,9.539,4.455,12.301,46.572,26.3145,14.9049,0.1811,0.2086,0.1974,542.76,84.66,85.065,85.35,82.305,83.5425,81.99,43.884,522.96,20.3431,489.02
72.7282,33.05,9.543,4.447,12.301,46.368,26.21,14.9049,0.1811,0.2088,0.1976,542.88,84.66,85.0425,85.3425,82.3575,83.5275,82.035,43.9251,523.02,20.343,489.02
72.7851,33.055,9.548,4.436,12.301,46.152,26.1,14.9049,0.181,0.209,0.1978,542.92,84.6675,85.02,85.32,82.3875,83.49,81.99,43.9698,523.05,20.3429,489.05
72.8426,33.06,9.553,4.422,12.301,45.936,25.99,14.9049,0.181,0.2092,0.198,542.96,84.6525,84.99,85.275,82.395,83.49,82.035,44.0143,523.08,20.3429,489.05
72.8501,33.06,9.56,4.408,12.301,45.75,25.869,14.9049,0.1808,0.2094,0.1982,543,84.645,85.02,85.2375,82.395,83.52,82.005,44.0587,523.11,20.3428,489.08
72.9082,33.065,9.565,4.391,12.301,45.564,25.7535,14.9049,0.1807,0.2096,0.1984,543,84.6375,85.0425,85.2675,82.3575,83.5275,81.9675,44.1105,523.08,20.3427,489.08
72.9163,33.065,9.572,4.374,12.302,45.396,25.6435,14.9049,0.1806,0.2098,0.1986,543,84.66,85.0275,85.23,82.35,83.5275,81.9525,44.1624,523.05,20.3426,489.11
72.9751,33.07,9.578,4.359,12.302,45.21,25.539,14.9049,0.1806,0.21,0.1988,542.96,84.6075,85.08,85.2,82.3125,83.4825,81.96,44.2182,522.99,20.3426,489.11
72.9838,33.07,9.584,4.347,12.302,45.03,25.44,14.9049,0.1806,0.2102,0.199,542.92,84.6,85.08,85.185,82.32,83.49,81.96,44.2743,522.93,20.3425,489.14
72.9926,33.07,9.591,4.337,12.303,44.85,25.3355,14.9049,0.1806,0.2104,0.1991,542.84,84.5625,85.095,85.215,82.3125,83.46,82.0125,44.3305,522.87,20.3424,489.14
73.0014,33.07,9.597,4.328,12.303,44.718,25.231,14.9049,0.1805,0.2105,0.1993,542.8,84.5325,85.125,85.245,82.26,83.4525,82.0275,44.3796,522.87,20.3423,489.17
73.0607,33.075,9.603,4.318,12.303,44.814,25.1375,14.9049,0.1803,0.2103,0.1992,542.76,84.5625,85.11,85.2675,82.3125,83.49,81.9825,44.4248,522.9,20.3422,489.17
73.0701,33.075,9.605,4.3,12.304,44.97,25.1155,14.9136,0.1801,0.2102,0.1991,542.8,84.5475,85.065,85.305,82.275,83.5275,82.02,44.4699,522.93,20.3422,489.2
73.0795,33.075,9.606,4.284,12.305,45.132,25.154,14.9138,0.1801,0.2101,0.1989,542.84,84.5175,85.02,85.335,82.29,83.535,82.005,44.5074,523.02,20.3421,489.2
73.0889,33.075,9.605,4.285,12.305,45.312,25.2255,14.9141,0.1802,0.2099,0.1987,542.92,84.57,85.065,85.2975,82.2825,83.5575,81.99,44.5446,523.11,20.342,489.23
73.0982,33.075,9.602,4.302,12.308,45.48,25.308,14.9144,0.1804,0.2098,0.1986,543.04,84.5775,85.02,85.305,82.2375,83.5425,81.945,44.5813,523.2,20.3419,489.23
73.1076,33.075,9.599,4.329,12.308,45.612,25.4015,14.9147,0.1808,0.2096,0.1984,543.12,84.54,85.0725,85.3425,82.23,83.52,81.945,44.6102,523.35,20.3419,489.26
73.1676,33.08,9.596,4.361,12.308,45.756,25.484,14.9149,0.1811,0.2096,0.1983,543.28,84.5175,85.095,85.35,82.215,83.5125,81.9225,44.646,523.44,20.3418,489.26
73.1776,33.08,9.592,4.39,12.309,45.828,25.5555,14.9152,0.1814,0.2095,0.1982,543.36,84.5625,85.1325,85.3725,82.2525,83.5275,81.975,44.6777,523.56,20.3417,489.29
73.2382,33.085,9.589,4.418,12.309,45.87,25.6215,14.9155,0.1817,0.2094,0.1982,543.52,84.555,85.14,85.365,82.245,83.5125,81.9375,44.7051,523.71,20.3416,489.29
73.2995,33.09,9.587,4.443,12.31,45.888,25.66,14.9158,0.1819,0.2094,0.1982,543.64,84.5625,85.0875,85.38,82.29,83.5125,81.99,44.732,523.86,20.3416,489.32
73.3108,33.09,9.585,4.464,12.311,45.876,25.6765,14.9161,0.1821,0.2094,0.1982,543.8,84.5475,85.125,85.4175,82.335,83.5275,81.945,44.7619,523.98,20.3415,489.32
73.3726,33.095,9.584,4.481,12.311,45.84,25.693,14.9163,0.1823,0.2095,0.1982,543.92,84.6,85.08,85.395,82.35,83.52,81.9675,44.7914,524.1,20.3414,489.35
73.4351,33.1,9.583,4.495,12.312,45.786,25.693,14.9252,0.1824,0.2095,0.1983,544.04,84.5775,85.1025,85.3725,82.3575,83.4825,81.9675,44.8204,524.22,20.3413,489.35
73.4982,33.105,9.583,4.505,12.312,45.726,25.6765,14.9258,0.1825,0.2096,0.1983,544.16,84.585,85.095,85.3725,82.35,83.5275,81.975,44.8527,524.31,20.3413,489.38
73.562,33.11,9.584,4.511,12.312,45.654,25.6545,14.9263,0.1826,0.2096,0.1984,544.28,84.5775,85.0725,85.35,82.3275,83.475,82.0125,44.8771,524.46,20.3412,489.41
73.5757,33.11,9.584,4.514,12.314,45.624,25.6215,14.9183,0.1826,0.2096,0.1984,544.44,84.6075,85.1175,85.3875,82.2825,83.505,82.02,44.9047,524.58,20.3411,489.41
73.6401,33.115,9.585,4.512,12.314,45.594,25.5885,14.9185,0.1826,0.2096,0.1984,544.56,84.6075,85.0725,85.35,82.2975,83.4975,81.9975,44.9318,524.7,20.341,489.44
73.7051,33.12,9.586,4.51,12.314,45.57,25.572,14.9188,0.1826,0.2098,0.1985,544.68,84.63,85.095,85.305,82.2975,83.52,82.05,44.9659,524.76,20.341,489.47
73.7201,33.12,9.586,4.509,12.313,45.504,25.561,14.9191,0.1826,0.2098,0.1985,544.76,84.5775,85.08,85.2825,82.2975,83.5425,82.0275,44.996,524.85,20.3409,489.5
73.7857,33.125,9.587,4.512,12.313,45.438,25.55,14.9194,0.1828,0.2098,0.1986,544.84,84.6,85.1175,85.305,82.3275,83.4975,82.05,45.0295,524.91,20.3408,489.5
73.8014,33.125,9.589,4.515,12.313,45.372,25.5225,14.9283,0.1828,0.2099,0.1987,544.88,84.555,85.1025,85.335,82.3125,83.4975,82.08,45.0627,524.97,20.3407,489.53
73.8676,33.13,9.59,4.518,12.314,45.3,25.4895,14.9288,0.1828,0.21,0.1988,544.96,84.54,85.0875,85.38,82.3275,83.4825,82.035,45.0957,525.03,20.3406,489.56
73.9345,33.135,9.592,4.518,12.314,45.234,25.4565,14.9294,0.1829,0.2101,0.1988,545.04,84.5175,85.095,85.38,82.335,83.4675,81.9975,45.1285,525.09,20.3406,489.59
73.9513,33.135,9.594,4.518,12.316,45.174,25.4125,14.9213,0.1829,0.2102,0.1989,545.08,84.54,85.14,85.395,82.3725,83.52,82.035,45.1648,525.12,20.3405,489.59
74.0189,33.14,9.595,4.516,12.316,45.108,25.374,14.9216,0.1829,0.2102,0.199,545.12,84.585,85.1625,85.335,82.32,83.55,81.99,45.1972,525.18,20.3404,489.62
74.0364,33.14,9.597,4.515,12.316,45.042,25.3355,14.9219,0.1829,0.2102,0.199,545.2,84.5625,85.17,85.38,82.35,83.58,81.9975,45.2293,525.24,20.3403,489.65
74.1045,33.145,9.599,4.515,12.316,45,25.3025,14.9308,0.183,0.2102,0.1991,545.24,84.5625,85.185,85.3875,82.35,83.595,81.96,45.2613,525.3,20.3403,489.68
74.1226,33.145,9.601,4.513,12.316,44.976,25.2695,14.9313,0.183,0.2103,0.1991,545.28,84.5475,85.2,85.3725,82.3275,83.55,81.9225,45.2929,525.36,20.3402,489.71
74.1408,33.145,9.603,4.511,12.316,44.964,25.2475,14.9319,0.183,0.2103,0.1991,545.36,84.525,85.155,85.3875,82.365,83.5875,81.915,45.3281,525.39,20.3401,489.71
74.2095,33.15,9.604,4.511,12.319,44.952,25.2255,14.9324,0.183,0.2104,0.1991,545.4,84.5625,85.14,85.395,82.3125,83.6175,81.9075,45.3594,525.45,20.34,489.74
74.2282,33.15,9.605,4.512,12.319,44.94,25.2145,14.933,0.183,0.2104,0.1991,545.48,84.585,85.185,85.38,82.305,83.655,81.9075,45.3943,525.48,20.34,489.77
74.2976,33.155,9.606,4.516,12.319,44.934,25.209,14.9335,0.1831,0.2103,0.1991,545.52,84.5625,85.2,85.3875,82.3425,83.6775,81.9,45.4177,525.6,20.3399,489.8
74.317,33.155,9.606,4.52,12.319,44.982,25.2035,14.9341,0.1831,0.2104,0.1991,545.64,84.5775,85.1475,85.3725,82.3575,83.6325,81.9375,45.4519,525.63,20.3398,489.83
74.3364,33.155,9.606,4.523,12.32,44.994,25.2035,14.9347,0.1832,0.2103,0.1991,545.68,84.5625,85.1025,85.3575,82.3875,83.5875,81.93,45.4747,525.75,20.3397,489.83
74.4064,33.16,9.606,4.528,12.32,45.036,25.2255,14.9352,0.1833,0.2102,0.1991,545.76,84.585,85.095,85.3125,82.4175,83.6175,81.9225,45.5009,525.84,20.3397,489.86
74.4264,33.16,9.605,4.535,12.32,45.102,25.2365,14.9358,0.1833,0.2102,0.199,545.88,84.63,85.0725,85.2975,82.44,83.6025,81.8925,45.5266,525.93,20.3549,489.89
74.497,33.165,9.604,4.542,12.321,45.168,25.264,14.9363,0.1834,0.2102,0.1989,545.96,84.675,85.0425,85.2825,82.4475,83.6325,81.885,45.552,526.02,20.3553,489.92
74.5176,33.165,9.603,4.549,12.322,45.216,25.297,14.9369,0.1835,0.2101,0.1989,546.08,84.63,85.0275,85.3275,82.485,83.61,81.915,45.5732,526.14,20.3557,489.95
74.5383,33.165,9.601,4.561,12.322,45.27,25.3355,14.9374,0.1837,0.2101,0.1988,546.16,84.6375,85.0575,85.365,82.4175,83.6025,81.885,45.5977,526.23,20.3561,489.98
74.6095,33.17,9.599,4.572,12.323,45.294,25.363,14.938,0.1838,0.2101,0.1988,546.28,84.63,85.0875,85.365,82.365,83.565,81.87,45.6257,526.29,20.3565,490.01
74.6307,33.17,9.598,4.585,12.323,45.294,25.396,14.9385,0.1839,0.21,0.1988,546.36,84.66,85.1325,85.3425,82.365,83.565,81.8925,45.6421,526.44,20.3417,490.01
74.7026,33.175,9.597,4.598,12.323,45.33,25.4125,14.9391,0.184,0.21,0.1988,546.48,84.615,85.14,85.3125,82.335,83.565,81.855,45.6654,526.53,20.3416,490.04
74.7751,33.18,9.595,4.608,12.323,45.342,25.429,14.9396,0.1841,0.21,0.1988,546.56,84.63,85.14,85.35,82.2975,83.52,81.885,45.6921,526.59,20.3415,490.07
74.7976,33.18,9.594,4.616,12.324,45.324,25.4455,14.9402,0.1842,0.2101,0.1988,546.68,84.615,85.1025,85.305,82.2975,83.5575,81.93,45.7148,526.68,20.3414,490.1
74.8707,33.185,9.594,4.625,12.324,45.294,25.451,14.9408,0.1844,0.21,0.1988,546.76,84.66,85.1475,85.3125,82.2975,83.58,81.8925,45.7334,526.8,20.3414,490.13
74.8938,33.185,9.593,4.634,12.324,45.282,25.451,14.9413,0.1845,0.2101,0.1988,546.84,84.6225,85.1025,85.275,82.305,83.565,81.945,45.759,526.86,20.3413,490.16
74.9676,33.19,9.593,4.64,12.326,45.24,25.4345,14.9419,0.1845,0.2101,0.1989,546.92,84.6225,85.1325,85.275,82.305,83.535,81.9,45.7806,526.95,20.3412,490.19
74.9914,33.19,9.593,4.644,12.326,45.204,25.429,14.9424,0.1846,0.2102,0.1989,547,84.675,85.17,85.3275,82.2975,83.49,81.8625,45.8019,527.04,20.3411,490.22
75.0657,33.195,9.594,4.648,12.326,45.174,25.407,14.943,0.1846,0.2102,0.199,547.12,84.615,85.17,85.3425,82.2675,83.4975,81.8925,45.8227,527.13,20.341,490.25
75.0901,33.195,9.594,4.65,12.326,45.156,25.3905,14.9435,0.1846,0.2102,0.199,547.2,84.6525,85.155,85.32,82.3125,83.49,81.8625,45.8508,527.16,20.341,490.28
75.1651,33.2,9.595,4.65,12.327,45.114,25.3795,14.9441,0.1847,0.2102,0.199,547.24,84.6975,85.1325,85.35,82.305,83.5275,81.87,45.8674,527.28,20.3409,490.31
75.1901,33.2,9.595,4.652,12.327,45.132,25.3685,14.9446,0.1847,0.2102,0.199,547.36,84.72,85.0875,85.32,82.2975,83.4825,81.9225,45.8911,527.34,20.3408,490.34
75.2657,33.205,9.595,4.651,12.327,45.12,25.352,14.9452,0.1847,0.2103,0.199,547.44,84.66,85.0575,85.2975,82.2825,83.49,81.9375,45.9145,527.4,20.3407,490.37
75.2914,33.205,9.596,4.652,12.328,45.072,25.3575,14.9544,0.1847,0.2103,0.1991,547.48,84.6375,85.05,85.335,82.2825,83.4675,81.9375,45.9453,527.4,20.3407,490.4
75.3676,33.21,9.596,4.656,12.328,44.994,25.352,14.9552,0.1849,0.2104,0.1991,547.52,84.63,85.0575,85.3275,82.3275,83.4525,81.975,45.9722,527.43,20.3406,490.43
75.3939,33.21,9.598,4.663,12.329,44.916,25.319,14.956,0.1849,0.2105,0.1992,547.52,84.6225,85.0275,85.3575,82.32,83.4225,82.005,45.999,527.46,20.3405,490.46
75.4201,33.21,9.599,4.667,12.33,44.832,25.275,14.9483,0.185,0.2104,0.1993,547.56,84.5925,84.9975,85.32,82.305,83.475,81.9825,46.0182,527.55,20.3404,490.49
75.497,33.215,9.601,4.668,12.331,44.832,25.2255,14.9488,0.185,0.2105,0.1993,547.64,84.585,85.005,85.2975,82.305,83.5125,81.9825,46.0408,527.61,20.3404,490.55
75.5239,33.215,9.602,4.662,12.331,44.844,25.187,14.9494,0.1849,0.2105,0.1993,547.72,84.5475,85.05,85.2675,82.3125,83.4975,81.9975,46.0632,527.67,20.3403,490.58
75.5508,33.215,9.603,4.656,12.33,44.85,25.187,14.9499,0.1849,0.2106,0.1993,547.76,84.5775,85.035,85.26,82.29,83.4525,81.9525,46.089,527.7,20.3402,490.61
75.6282,33.22,9.603,4.654,12.33,44.832,25.198,14.9505,0.1849,0.2106,0.1993,547.8,84.555,85.065,85.215,82.275,83.4825,81.9675,46.1147,527.73,20.3401,490.64
75.6557,33.22,9.604,4.657,12.33,44.826,25.2035,14.9596,0.185,0.2106,0.1993,547.84,84.5475,85.1025,85.185,82.275,83.445,82.02,46.1366,527.79,20.3401,490.67
75.6832,33.22,9.604,4.661,12.331,44.814,25.198,14.9605,0.185,0.2106,0.1993,547.88,84.6,85.0725,85.23,82.2975,83.4225,81.975,46.1582,527.85,20.3553,490.7
75.7107,33.22,9.604,4.665,12.332,44.82,25.187,14.9613,0.1851,0.2106,0.1993,547.96,84.645,85.035,85.2075,82.2525,83.43,81.9525,46.1796,527.91,20.3557,490.73
75.7889,33.225,9.604,4.668,12.333,44.832,25.176,14.9621,0.1851,0.2105,0.1993,548,84.6,85.0875,85.2075,82.275,83.4075,81.99,46.2007,527.97,20.3561,490.76
75.817,33.225,9.604,4.671,12.335,44.868,25.1705,14.9544,0.1851,0.2105,0.1993,548.08,84.6375,85.1025,85.26,82.2525,83.4075,82.0425,46.2179,528.06,20.3412,490.79
75.8451,33.225,9.604,4.673,12.335,44.916,25.176,14.9549,0.1851,0.2104,0.1992,548.2,84.5925,85.125,85.26,82.245,83.4375,81.99,46.2346,528.15,20.3412,490.82
75.8732,33.225,9.603,4.676,12.335,44.976,25.198,14.9555,0.1852,0.2104,0.1992,548.28,84.585,85.08,85.26,82.2525,83.46,81.96,46.2548,528.21,20.3411,490.85
75.952,33.23,9.602,4.681,12.333,45.024,25.231,14.9646,0.1852,0.2103,0.1991,548.36,84.615,85.08,85.3125,82.23,83.445,81.9825,46.2672,528.33,20.341,490.88
75.9807,33.23,9.6,4.689,12.334,45.096,25.2695,14.9655,0.1853,0.2103,0.1991,548.48,84.6075,85.0425,85.3425,82.2075,83.4075,81.96,46.2866,528.39,20.3409,490.91
76.0095,33.23,9.598,4.696,12.335,45.114,25.297,14.9663,0.1854,0.2102,0.1991,548.52,84.585,85.035,85.3425,82.17,83.37,81.9525,46.3021,528.48,20.3408,490.97
76.0382,33.23,9.597,4.707,12.336,45.138,25.33,14.9671,0.1855,0.2102,0.199,548.6,84.6,85.0725,85.29,82.2,83.3625,81.9825,46.3209,528.54,20.3408,491
76.1176,33.235,9.596,4.718,12.337,45.156,25.341,14.968,0.1856,0.2102,0.199,548.68,84.57,85.0425,85.3275,82.1925,83.3625,81.9975,46.3357,528.63,20.3407,491.03
76.147,33.235,9.594,4.727,12.337,45.162,25.3575,14.9688,0.1857,0.2103,0.199,548.76,84.5475,85.0725,85.3725,82.2525,83.34,82.005,46.3539,528.69,20.3406,491.06
76.1764,33.235,9.593,4.735,12.338,45.126,25.363,14.961,0.1859,0.2102,0.199,548.84,84.525,85.065,85.3875,82.2525,83.3025,82.0425,46.3644,528.81,20.3405,491.09
76.2563,33.24,9.593,4.745,12.338,45.138,25.3685,14.9616,0.1859,0.2103,0.199,548.96,84.51,85.05,85.4175,82.26,83.3025,82.035,46.3857,528.84,20.3405,491.12
76.2863,33.24,9.592,4.75,12.338,45.096,25.3575,14.9708,0.186,0.2103,0.1991,549,84.5325,85.035,85.44,82.245,83.2725,82.065,46.4068,528.87,20.3404,491.15
76.3163,33.24,9.592,4.756,12.337,45.036,25.363,14.9716,0.1861,0.2104,0.1991,549.04,84.525,85.0125,85.4625,82.245,83.2575,82.0425,46.4278,528.9,20.3403,491.21
76.397,33.245,9.593,4.763,12.337,44.952,25.3465,14.9724,0.1862,0.2105,0.1992,549.08,84.5325,84.99,85.4775,82.2825,83.2575,82.0425,46.4487,528.93,20.3402,491.24
76.4276,33.245,9.594,4.767,12.34,44.862,25.308,14.9733,0.1863,0.2106,0.1993,549.08,84.555,84.99,85.4625,82.245,83.3325,82.065,46.4695,528.96,20.3402,491.27
76.4582,33.245,9.596,4.769,12.34,44.772,25.2585,14.9741,0.1863,0.2106,0.1994,549.12,84.5775,85.035,85.4475,82.245,83.3775,82.035,46.4864,529.02,20.3401,491.3
76.5395,33.25,9.598,4.768,12.34,44.712,25.209,14.9663,0.1863,0.2107,0.1995,549.16,84.6225,85.08,85.395,82.29,83.3925,81.9975,46.5105,529.02,20.34,491.33
76.5707,33.25,9.599,4.764,12.34,44.622,25.1595,14.9669,0.1863,0.2108,0.1995,549.16,84.6675,85.035,85.425,82.2975,83.385,82.0275,46.5347,529.02,20.3399,491.36
76.602,33.25,9.602,4.76,12.34,44.544,25.1155,14.9674,0.1863,0.2109,0.1996,549.16,84.6975,85.02,85.4625,82.32,83.4225,82.035,46.5588,529.02,20.3399,491.42
76.6332,33.25,9.604,4.756,12.339,44.46,25.077,14.9766,0.1863,0.2109,0.1997,549.16,84.6825,84.9975,85.4925,82.3125,83.4225,82.0575,46.5792,529.05,20.3398,491.45
76.6645,33.25,9.607,4.751,12.34,44.424,25.033,14.9774,0.1863,0.211,0.1997,549.2,84.7125,84.975,85.4325,82.2675,83.445,82.08,46.5995,529.08,20.3397,491.48
76.6957,33.25,9.608,4.744,12.34,44.418,24.9945,14.9783,0.1862,0.211,0.1998,549.24,84.69,84.9675,85.4475,82.305,83.415,82.0575,46.6234,529.08,20.3396,491.51
76.727,33.25,9.61,4.735,12.342,44.4,24.967,14.9791,0.1861,0.211,0.1998,549.24,84.66,84.99,85.47,82.3125,83.4075,82.0725,46.6398,529.14,20.3395,491.54
76.7582,33.25,9.611,4.731,12.342,44.628,24.956,14.9799,0.1859,0.2108,0.1996,549.28,84.6825,84.96,85.455,82.2975,83.3925,82.1175,46.6635,529.14,20.3395,491.57
76.7895,33.25,9.608,4.719,12.342,44.778,25.011,14.9808,0.1857,0.2106,0.1994,549.32,84.6375,84.9525,85.4775,82.2975,83.385,82.065,46.6797,529.2,20.3394,491.6
76.8207,33.25,9.606,4.714,12.343,44.916,25.099,14.9816,0.1858,0.2106,0.1993,549.36,84.6,85.005,85.5075,82.2675,83.43,82.0125,46.6956,529.26,20.3393,491.66
76.852,33.25,9.602,4.721,12.343,45.012,25.176,14.9824,0.1859,0.2104,0.1992,549.4,84.6075,84.975,85.485,82.275,83.46,82.05,46.7075,529.35,20.3392,491.69
76.8832,33.25,9.599,4.737,12.344,45.102,25.242,14.9746,0.1861,0.2104,0.1991,549.52,84.63,84.99,85.485,82.29,83.4975,82.0425,46.7191,529.44,20.3392,491.72
76.9145,33.25,9.596,4.755,12.344,45.15,25.2915,14.9752,0.1863,0.2102,0.1991,549.6,84.615,85.0275,85.485,82.335,83.46,81.99,46.7265,529.56,20.3391,491.75
76.9457,33.25,9.593,4.773,12.344,45.198,25.33,14.9757,0.1865,0.2102,0.199,549.72,84.6225,85.0125,85.5075,82.305,83.415,81.9975,46.7537,529.68,20.339,491.78
77.0276,33.255,9.591,4.79,12.342,45.246,25.3685,14.9849,0.1866,0.2102,0.1989,549.88,84.645,85.065,85.455,82.305,83.4,82.02,46.7803,529.8,20.3389,491.81
77.0594,33.255,9.589,4.804,12.344,45.27,25.3905,14.9858,0.1868,0.2101,0.1989,550,84.69,85.11,85.41,82.29,83.445,82.02,46.8065,529.92,20.3389,491.87
77.0913,33.255,9.587,4.817,12.344,45.294,25.4125,14.9866,0.1869,0.2102,0.1989,550.12,84.7275,85.1625,85.395,82.275,83.445,82.0725,46.836,530.01,20.3388,491.9
77.1232,33.255,9.586,4.828,12.345,45.27,25.429,14.9874,0.187,0.2101,0.1989,550.2,84.7575,85.1175,85.38,82.29,83.4,82.065,46.8575,530.16,20.3387,491.93
77.1551,33.255,9.585,4.84,12.346,45.3,25.4345,14.9883,0.1871,0.2101,0.1989,550.36,84.7125,85.14,85.365,82.32,83.3925,82.065,46.886,530.25,20.3386,491.96
77.2376,33.26,9.583,4.847,12.346,45.294,25.4345,14.9891,0.1872,0.2101,0.1989,550.48,84.69,85.1625,85.3875,82.35,83.4375,82.035,46.9066,530.4,20.3386,492.02
77.2701,33.26,9.582,4.855,12.346,45.306,25.451,14.9813,0.1873,0.2102,0.1989,550.6,84.7125,85.125,85.3875,82.365,83.475,81.9975,46.9379,530.46,20.3385,492.05
77.3026,33.26,9.581,4.862,12.346,45.264,25.451,14.9819,0.1874,0.2102,0.1989,550.68,84.6825,85.1175,85.365,82.305,83.5275,81.9825,46.9689,530.52,20.3384,492.08
77.3857,33.265,9.581,4.871,12.346,45.186,25.451,14.9824,0.1875,0.2102,0.199,550.76,84.6525,85.1325,85.395,82.3125,83.55,81.9675,46.9997,530.58,20.3383,492.11
77.4189,33.265,9.581,4.88,12.345,45.108,25.4345,14.9916,0.1877,0.2103,0.1991,550.8,84.645,85.1625,85.4325,82.2675,83.505,81.9525,47.0303,530.64,20.3383,492.17
77.452,33.265,9.582,4.888,12.346,45.006,25.4015,14.9924,0.1878,0.2104,0.1992,550.88,84.675,85.125,85.3875,82.2675,83.505,81.9675,47.0606,530.7,20.3382,492.2
77.4851,33.265,9.584,4.893,12.346,44.91,25.3575,14.9933,0.1879,0.2105,0.1993,550.92,84.66,85.1175,85.425,82.23,83.5275,81.945,47.0906,530.76,20.3381,492.23
77.5689,33.27,9.586,4.896,12.348,44.832,25.297,14.9855,0.1879,0.2106,0.1993,551,84.6075,85.1625,85.4175,82.275,83.505,81.975,47.1242,530.79,20.338,492.29
77.6026,33.27,9.588,4.894,12.348,44.736,25.242,14.986,0.188,0.2107,0.1994,551.04,84.5625,85.1925,85.4325,82.275,83.4675,81.9675,47.1577,530.82,20.3379,492.32
77.6701,33.27,9.59,4.892,12.348,44.58,25.1925,14.9871,0.188,0.2107,0.1996,551.04,84.525,85.1925,85.3875,82.29,83.43,82.005,47.2241,530.88,20.3379,492.35
77.7039,33.27,9.593,4.891,12.347,44.496,25.143,14.9877,0.188,0.2109,0.1996,551.12,84.5475,85.23,85.4025,82.26,83.4225,82.005,47.2572,530.91,20.3378,492.41
77.7039,33.27,9.595,4.886,12.347,44.496,25.0935,14.9877,0.188,0.211,0.1997,551.12,84.525,85.2525,85.3875,82.26,83.4825,81.96,47.2572,530.91,20.3377,492.44
77.7376,33.27,9.598,4.882,12.347,44.43,25.055,14.9882,0.188,0.2109,0.1998,551.12,84.5775,85.215,85.4025,82.2825,83.4825,81.975,47.2901,530.94,20.3376,492.47
77.7714,33.27,9.6,4.879,12.348,44.412,25.0165,14.9974,0.1879,0.211,0.1998,551.2,84.5925,85.17,85.3725,82.275,83.4525,81.9525,47.323,530.97,20.3376,492.53
77.8557,33.275,9.601,4.873,12.348,44.388,24.978,14.9983,0.1879,0.211,0.1998,551.2,84.6,85.185,85.3875,82.2525,83.43,81.9225,47.3557,531,20.3375,492.56
77.8395,33.27,9.603,4.869,12.348,44.358,24.9615,14.9991,0.1879,0.2111,0.1998,551.24,84.6375,85.1925,85.3425,82.2675,83.43,81.9375,47.3921,531,20.3374,492.59
77.8733,33.27,9.604,4.867,12.35,44.34,24.9395,14.9913,0.1879,0.2111,0.1999,551.24,84.6525,85.14,85.305,82.245,83.4375,81.9525,47.4247,531.03,20.3373,492.65
77.907,33.27,9.605,4.868,12.35,44.334,24.923,14.9919,0.1879,0.211,0.1999,551.28,84.6375,85.1025,85.335,82.2225,83.4675,82.005,47.4534,531.09,20.3373,492.68
77.9408,33.27,9.606,4.868,12.35,44.346,24.912,14.9924,0.1879,0.2111,0.1999,551.32,84.615,85.095,85.3725,82.23,83.4525,81.9825,47.4857,531.12,20.3372,492.71
77.9745,33.27,9.606,4.869,12.349,44.346,24.912,14.993,0.188,0.2111,0.1999,551.36,84.66,85.095,85.3725,82.2825,83.4075,81.975,47.5178,531.15,20.3371,492.74
78.0083,33.27,9.607,4.872,12.35,44.334,24.9175,15.0021,0.1881,0.2111,0.1999,551.4,84.6825,85.0425,85.32,82.2975,83.4,82.0125,47.5498,531.18,20.337,492.8
78.042,33.27,9.607,4.878,12.35,44.328,24.912,15.003,0.1881,0.2111,0.1999,551.44,84.6375,85.0575,85.3425,82.26,83.46,81.9975,47.5779,531.24,20.337,492.83
78.0758,33.27,9.607,4.883,12.35,44.328,24.912,15.0038,0.1882,0.2111,0.1999,551.48,84.5925,85.0875,85.32,82.305,83.415,81.9675,47.6096,531.27,20.3369,492.86
78.1095,33.27,9.608,4.888,12.352,44.316,24.8955,15.0046,0.1883,0.2111,0.1999,551.52,84.585,85.14,85.305,82.3125,83.3775,81.9675,47.6373,531.33,20.3368,492.92
78.1433,33.27,9.608,4.895,12.353,44.31,24.89,14.9969,0.1884,0.2112,0.1999,551.56,84.5775,85.0875,85.32,82.335,83.4375,81.93,47.6686,531.36,20.3367,492.95
78.177,33.27,9.608,4.9,12.353,44.328,24.879,14.9974,0.1884,0.2111,0.1999,551.6,84.54,85.11,85.365,82.335,83.4075,81.8925,47.7155,531.54,20.3366,492.98
78.2108,33.27,9.609,4.906,12.353,44.328,24.868,14.998,0.1885,0.2111,0.1999,551.72,84.5175,85.0725,85.3875,82.3125,83.3775,81.9,47.7155,531.54,20.3366,493.01
78.2445,33.27,9.608,4.91,12.352,44.364,24.8735,15.0071,0.1885,0.211,0.1999,551.8,84.555,85.05,85.365,82.26,83.3775,81.945,47.7346,531.66,20.3365,493.07
78.2783,33.27,9.608,4.913,12.352,45.264,24.89,15.008,0.1882,0.2106,0.1993,551.92,84.585,85.02,85.335,82.2675,83.3775,81.99,47.7525,532.05,20.3364,493.1
78.312,33.27,9.6,4.898,12.352,45.264,25.044,15.0088,0.1879,0.2101,0.199,552.08,84.63,85.065,85.305,82.2375,83.3625,82.0125,47.7525,532.05,20.3363,493.13
78.3458,33.27,9.592,4.894,12.354,45.948,25.242,15.0096,0.1879,0.2098,0.1986,552.32,84.6525,85.0725,85.3125,82.29,83.3625,81.9675,47.7594,532.5,20.3363,493.19
78.3796,33.27,9.582,4.907,12.354,45.948,25.451,15.0019,0.188,0.2095,0.1983,552.56,84.6375,85.0575,85.2825,82.3425,83.355,81.99,47.7594,532.5,20.3362,493.22
78.4133,33.27,9.572,4.934,12.354,46.176,25.6435,15.0024,0.1883,0.2094,0.198,552.8,84.6075,85.0575,85.335,82.38,83.4,81.96,47.7634,532.71,20.3361,493.28
78.4471,33.27,9.563,4.969,12.354,46.29,25.8085,15.003,0.1887,0.2092,0.1979,553.04,84.6525,85.1025,85.3425,82.3875,83.3775,81.945,47.7665,532.92,20.336,493.31
78.5314,33.275,9.555,5.008,12.353,46.326,25.924,15.0035,0.1891,0.2091,0.1979,553.24,84.6225,85.0725,85.32,82.4025,83.3475,81.915,47.7703,533.34,20.336,493.34
78.5658,33.275,9.549,5.046,12.353,46.326,26.0065,15.0041,0.1895,0.2091,0.1979,553.44,84.5925,85.0725,85.2675,82.395,83.4,81.885,47.7703,533.34,20.3359,493.4
78.6508,33.28,9.545,5.08,12.353,46.248,26.0505,15.0046,0.1899,0.209,0.1979,553.68,84.615,85.0575,85.2675,82.3725,83.445,81.93,47.7705,533.76,20.3358,493.46
78.7714,33.285,9.541,5.108,12.353,46.17,26.0615,15.0057,0.1901,0.2091,0.1979,553.92,84.5775,85.1025,85.2975,82.3875,83.4675,81.9375,47.7807,533.88,20.3357,493.49
78.7714,33.285,9.539,5.13,12.353,46.17,26.0615,15.0057,0.1904,0.2093,0.198,554.12,84.555,85.1325,85.245,82.425,83.5125,81.9375,47.7807,533.88,20.3357,493.55
78.8577,33.29,9.538,5.148,12.353,45.78,26.045,15.0063,0.1907,0.2095,0.1982,554.24,84.6,85.1475,85.2,82.4625,83.505,81.96,47.811,534.03,20.3356,493.58
78.8939,33.29,9.539,5.166,12.354,45.78,25.9955,15.0069,0.1909,0.2097,0.1984,554.32,84.5625,85.185,85.1925,82.425,83.505,81.93,47.811,534.03,20.3355,493.64
78.9808,33.295,9.541,5.182,12.354,45.546,25.9075,15.0074,0.1912,0.2098,0.1986,554.4,84.6,85.2225,85.1775,82.38,83.52,81.9,47.8276,534.09,20.3354,493.7
79.1058,33.3,9.545,5.191,12.354,45.036,25.7975,15.0085,0.1913,0.2102,0.1989,554.44,84.6,85.215,85.2,82.365,83.4675,81.9,47.8791,534.06,20.3353,493.73
79.1058,33.3,9.549,5.193,12.354,45.036,25.671,15.0085,0.1915,0.2104,0.1991,554.44,84.57,85.2225,85.185,82.32,83.4675,81.9225,47.8791,534.06,20.3353,493.79
79.1939,33.305,9.556,5.193,12.354,44.502,25.5335,15.0091,0.1916,0.2106,0.1994,554.4,84.5925,85.17,85.185,82.365,83.4825,81.9525,47.9385,533.97,20.3352,493.85
79.3208,33.31,9.563,5.188,12.354,44.268,25.3795,15.0102,0.1916,0.2109,0.1997,554.4,84.615,85.155,85.185,82.3425,83.4375,81.945,47.9779,533.85,20.3351,493.88
79.3595,33.31,9.57,5.175,12.354,44.01,25.22,15.0107,0.1915,0.2112,0.1999,554.32,84.5925,85.1775,85.155,82.38,83.4225,81.945,48.0178,533.73,20.335,493.94
79.3983,33.31,9.578,5.158,12.354,43.764,24.9395,15.0113,0.1914,0.2114,0.2002,554.2,84.585,85.17,85.1925,82.4025,83.4675,81.9375,48.0582,533.61,20.3349,494
79.437,33.31,9.586,5.139,12.354,43.764,24.9395,15.0118,0.1912,0.2117,0.2004,554.08,84.585,85.17,85.1925,82.4025,83.4675,81.9375,48.084,533.61,20.3348,494.03
79.437,33.31,9.586,5.139,12.354,43.764,24.9395,15.0118,0.1912,0.2117,0.2004,554.08,84.585,85.17,85.1925,82.4025,83.4675,81.9375,48.084,533.61,20.3348,494.03
79.5145,33.31,9.586,5.139,12.354,43.764,24.9395,15.013,0.1912,0.2117,0.2004,554.08,84.585,85.17,85.1925,82.4025,83.4675,81.9375,48.1356,533.61,20.3347,494.03
79.5533,33.31,9.586,5.139,12.354,43.554,24.9395,15.0135,0.1912,0.2117,0.2004,554.08,84.585,85.17,85.1925,82.4025,83.4675,81.9375,48.1765,533.49,20.3346,494.03
79.592,33.31,9.594,5.117,12.356,43.422,24.791,15.0141,0.191,0.2118,0.2006,553.96,84.6225,85.185,85.2225,82.395,83.4975,81.9075,48.214,533.4,20.3345,494.09
79.6308,33.31,9.601,5.091,12.356,43.308,24.659,15.0146,0.1907,0.212,0.2008,553.84,84.6225,85.185,85.2225,82.395,83.4975,81.9075,48.2595,533.25,20.3344,494.12
79.6189,33.305,9.607,5.06,12.356,43.218,24.549,15.0152,0.1904,0.2122,0.2009,553.72,84.6225,85.1925,85.1625,82.365,83.505,81.8625,48.298,533.16,20.3344,494.18
79.6571,33.305,9.613,5.03,12.356,43.182,24.461,15.0157,0.1902,0.2122,0.201,553.6,84.6225,85.1925,85.1625,82.365,83.505,81.8625,48.3294,533.13,20.3344,494.21
79.6445,33.3,9.622,4.982,12.357,43.902,24.351,15.0163,0.1891,0.2115,0.2003,553.44,84.6,85.14,85.2,82.3275,83.4975,81.9225,48.3572,533.13,20.3342,494.3
79.6445,33.3,9.622,4.982,12.357,44.502,24.351,15.0163,0.1891,0.2115,0.2003,553.44,84.6,85.14,85.2,82.3275,83.4975,81.9225,48.3662,533.28,20.3342,494.3
79.6683,33.295,9.615,4.931,12.358,45.072,24.5435,15.0174,0.1884,0.2109,0.1997,553.48,84.6,85.1775,85.2375,82.2975,83.535,81.9,48.3633,533.52,20.3341,494.36
79.6545,33.29,9.605,4.898,12.358,45.612,24.8295,15.018,0.1881,0.2103,0.1992,553.6,84.5925,85.1325,85.2975,82.335,83.5125,81.9225,48.3631,533.73,20.334,494.39
79.6908,33.29,9.592,4.898,12.359,46.014,25.132,15.0185,0.1881,0.2099,0.1986,553.84,84.615,85.11,85.3275,82.35,83.55,81.9075,48.3546,534,20.334,494.42
79.6764,33.285,9.578,4.922,12.359,46.32,25.429,15.0191,0.1884,0.2095,0.1982,554.08,84.57,85.065,85.3275,82.335,83.5125,81.9,48.3488,534.24,20.3339,494.48
79.712,33.285,9.553,5.014,12.36,46.494,25.913,15.0282,0.1893,0.209,0.1978,554.6,84.6375,85.0575,85.2525,82.3425,83.5575,81.8775,48.3345,534.54,20.3337,494.57
79.712,33.285,9.553,5.014,12.36,46.596,25.913,15.0282,0.1893,0.209,0.1978,554.6,84.6375,85.0575,85.2525,82.3425,83.5575,81.8775,48.3228,534.81,20.3337,494.57
79.8339,33.29,9.544,5.066,12.36,46.572,26.0615,15.0299,0.1899,0.209,0.1976,554.92,84.6225,85.0425,85.2075,82.305,83.5875,81.855,48.3099,535.08,20.3336,494.6
79.8702,33.29,9.536,5.113,12.36,46.506,26.144,15.0221,0.1904,0.2089,0.1977,555.2,84.63,85.095,85.2375,82.2525,83.55,81.9,48.2997,535.32,20.3335,494.66
79.9064,33.29,9.532,5.157,12.362,46.404,26.1715,15.0227,0.1909,0.2089,0.1977,555.48,84.585,85.0575,85.2375,82.23,83.565,81.9075,48.2999,535.47,20.3334,494.69
79.9932,33.295,9.528,5.195,12.362,46.236,26.177,15.0232,0.1913,0.209,0.1978,555.72,84.5925,85.02,85.245,82.2225,83.595,81.885,48.2994,535.62,20.3334,494.75
80.0301,33.295,9.526,5.226,12.362,45.996,26.155,15.0238,0.1917,0.2093,0.198,555.88,84.6375,85.02,85.2375,82.2,83.49,81.9075,48.3095,535.68,20.3333,494.81
80.1176,33.3,9.526,5.254,12.361,45.702,26.1055,15.0243,0.1921,0.2095,0.1982,556.04,84.6375,85.02,85.2375,82.2,83.49,81.9075,48.3232,535.71,20.3332,494.84
80.2058,33.305,9.528,5.278,12.361,45.378,26.023,15.0249,0.1925,0.2098,0.1985,556.08,84.6,84.9825,85.215,82.1775,83.49,81.9075,48.3443,535.68,20.3331,494.9
80.2439,33.305,9.532,5.297,12.361,45.012,25.902,15.0254,0.1928,0.2101,0.1988,556.12,84.6075,84.9525,85.215,82.2075,83.52,81.9375,48.3656,535.65,20.3331,494.96
80.3326,33.31,9.545,5.317,12.361,44.64,25.561,15.026,0.1933,0.2107,0.1996,556.08,84.5775,84.96,85.1925,82.26,83.5725,81.975,48.3906,535.59,20.333,495.05
80.3714,33.31,9.545,5.317,12.361,44.316,25.561,15.0266,0.1933,0.2107,0.1996,556.08,84.5775,84.96,85.1925,82.26,83.5725,81.975,48.416,535.53,20.3329,495.05
80.4101,33.31,9.554,5.318,12.361,44.04,25.3575,15.0271,0.1933,0.211,0.1999,556,84.5175,84.9375,85.14,82.2525,83.475,81.93,48.4453,535.44,20.3328,495.11
80.4489,33.31,9.564,5.308,12.362,43.788,25.1485,15.0191,0.1933,0.2113,0.2002,555.96,84.5175,84.9375,85.14,82.2525,83.475,81.93,48.4863,535.26,20.3328,495.17
80.5382,33.315,9.573,5.291,12.361,43.524,24.9615,15.0193,0.1931,0.2117,0.2004,555.84,84.4875,84.93,85.1775,82.26,83.46,81.915,48.528,535.08,20.3327,495.23
80.527,33.31,9.582,5.268,12.361,43.272,24.6535,15.0196,0.193,0.212,0.2007,555.68,84.465,84.9825,85.2075,82.275,83.5125,81.9975,48.5666,534.93,20.3326,495.26
80.5657,33.31,9.591,5.244,12.361,43.422,24.6535,15.0285,0.1928,0.2121,0.2009,555.48,84.465,84.9825,85.2075,82.275,83.5125,81.9975,48.6022,534.81,20.3325,495.32
80.6045,33.31,9.599,5.218,12.359,43.518,24.494,15.0291,0.1922,0.2121,0.2008,555.32,84.5625,85.005,85.1625,82.2675,83.4825,81.96,48.6344,534.72,20.3325,495.35
80.5926,33.305,9.602,5.17,12.36,43.626,24.494,15.0296,0.1916,0.2119,0.2007,555.2,84.5625,85.005,85.1625,82.2675,83.4825,81.96,48.6708,534.6,20.3324,495.41
80.6308,33.305,9.604,5.126,12.36,43.686,24.516,15.0302,0.1912,0.2119,0.2006,555.08,84.5775,85.02,85.155,82.2975,83.475,81.9375,48.7001,534.54,20.3323,495.44
80.6182,33.3,9.605,5.094,12.363,43.746,24.593,15.0307,0.1909,0.2118,0.2006,554.96,84.495,85.0575,85.1475,82.2375,83.505,81.885,48.7297,534.48,20.3322,495.5
80.6557,33.3,9.605,5.074,12.363,43.794,24.593,15.0313,0.1907,0.2118,0.2005,554.92,84.495,85.0575,85.1475,82.2375,83.505,81.885,48.7482,534.51,20.3321,495.53
80.6426,33.295,9.605,5.063,12.363,43.866,24.626,15.0318,0.1906,0.2117,0.2005,554.88,84.555,85.0725,85.2075,82.2675,83.5575,81.8925,48.7666,534.54,20.3321,495.59
80.6289,33.29,9.604,5.057,12.365,43.944,24.6425,15.0324,0.1906,0.2116,0.2004,554.88,84.615,85.125,85.1925,82.215,83.5875,81.84,48.7849,534.57,20.332,495.62
80.6651,33.29,9.603,5.055,12.365,43.98,24.659,15.0329,0.1906,0.2116,0.2003,554.92,84.615,85.125,85.1925,82.215,83.5875,81.84,48.7994,534.63,20.3319,495.65
80.6507,33.285,9.603,5.056,12.365,44.046,24.6865,15.0335,0.1906,0.2114,0.2003,554.92,84.645,85.1325,85.185,82.185,83.5875,81.87,48.8173,534.66,20.3318,495.71
80.6357,33.28,9.602,5.062,12.365,44.058,24.7305,15.0427,0.1907,0.2115,0.2002,555,84.6675,85.185,85.2525,82.1775,83.5575,81.96,48.8314,534.72,20.3318,495.74
80.6707,33.28,9.601,5.069,12.366,44.088,24.7305,15.0435,0.1908,0.2114,0.2002,555.04,84.6675,85.185,85.2525,82.1775,83.5575,81.96,48.8489,534.75,20.3317,495.8
80.6551,33.275,9.6,5.079,12.366,44.058,24.747,15.0443,0.1909,0.2114,0.2002,555.12,84.645,85.23,85.215,82.17,83.6325,82.035,48.8664,534.78,20.3316,495.83
80.6895,33.275,9.599,5.089,12.366,44.004,24.7415,15.0366,0.1911,0.2115,0.2002,555.12,84.6225,85.2,85.245,82.1475,83.6175,81.9975,48.8875,534.78,20.3315,495.86
80.6733,33.27,9.599,5.1,12.368,43.926,24.7415,15.0371,0.1912,0.2115,0.2003,555.16,84.6225,85.2,85.245,82.1475,83.6175,81.9975,48.9011,534.84,20.3315,495.92
80.707,33.27,9.6,5.112,12.368,43.866,24.714,15.0377,0.1914,0.2115,0.2003,555.16,84.6075,85.2375,85.305,82.2,83.58,81.93,48.9219,534.84,20.3314,495.95
80.7408,33.27,9.603,5.128,12.367,43.788,24.6315,15.0382,0.1916,0.2117,0.2005,555.24,84.585,85.2075,85.2675,82.215,83.58,81.945,48.939,534.87,20.3313,496.04
80.7239,33.265,9.603,5.128,12.367,43.716,24.6315,15.0388,0.1916,0.2117,0.2005,555.24,84.585,85.2075,85.2675,82.215,83.58,81.945,48.9597,534.87,20.3312,496.04
80.757,33.265,9.606,5.135,12.367,43.632,24.5435,15.0393,0.1918,0.2119,0.2006,555.28,84.5475,85.155,85.275,82.2675,83.64,81.9375,48.9842,534.84,20.3312,496.13
80.7395,33.26,9.609,5.137,12.367,43.53,24.494,15.0399,0.1919,0.2119,0.2007,555.24,84.51,85.1775,85.2525,82.23,83.655,81.9675,49.0013,534.87,20.3311,496.16
80.772,33.26,9.609,5.137,12.367,43.47,24.494,15.0404,0.1919,0.2119,0.2007,555.24,84.51,85.1775,85.2525,82.23,83.655,81.9675,49.0258,534.84,20.331,496.16
80.8045,33.26,9.611,5.139,12.367,43.392,24.3895,15.041,0.1919,0.2121,0.2008,555.24,84.5475,85.1475,85.2525,82.32,83.61,81.9675,49.0504,534.81,20.3309,496.19
80.7864,33.255,9.616,5.133,12.366,43.32,24.3455,15.0415,0.1919,0.2122,0.2009,555.2,84.5175,85.185,85.2825,82.2825,83.5575,81.9825,49.0751,534.78,20.3309,496.28
80.8182,33.255,9.616,5.133,12.366,43.236,24.3455,15.0421,0.1919,0.2122,0.2009,555.2,84.495,85.1775,85.29,82.275,83.5125,82.0275,49.1,534.75,20.3308,496.28
80.7995,33.25,9.62,5.127,12.367,43.2,24.252,15.034,0.1918,0.2122,0.201,555.16,84.495,85.1325,85.245,82.275,83.4975,82.065,49.1212,534.75,20.3307,496.37
80.7801,33.245,9.622,5.121,12.367,43.188,24.208,15.0343,0.1918,0.2123,0.2011,555.16,84.5325,85.095,85.29,82.32,83.5125,82.0125,49.1424,534.75,20.3306,496.4
80.8108,33.245,9.622,5.121,12.367,43.182,24.208,15.0346,0.1918,0.2123,0.2011,555.16,84.51,85.065,85.2675,82.3275,83.535,82.005,49.1599,534.78,20.3305,496.4
80.7907,33.24,9.625,5.109,12.364,43.344,24.1805,15.0349,0.1916,0.2122,0.2009,555.16,84.555,85.0875,85.245,82.3275,83.52,82.02,49.1847,534.75,20.3305,496.46
80.8207,33.24,9.623,5.097,12.364,43.446,24.219,15.0352,0.1914,0.212,0.2008,555.16,84.57,85.125,85.2525,82.365,83.4825,81.9675,49.1984,534.81,20.3304,496.52
80.8001,33.235,9.621,5.093,12.364,43.554,24.2795,15.044,0.1914,0.2119,0.2007,555.2,84.585,85.1175,85.275,82.3425,83.5275,81.99,49.2119,534.87,20.3303,496.55
80.7789,33.23,9.619,5.094,12.364,43.674,24.34,15.0446,0.1914,0.2118,0.2006,555.24,84.6225,85.1175,85.2975,82.29,83.52,82.0275,49.2251,534.93,20.3302,496.58
80.8076,33.23,9.616,5.097,12.365,43.758,24.3895,15.0365,0.1914,0.2117,0.2005,555.32,84.6525,85.1625,85.305,82.2975,83.475,82.0125,49.2343,535.02,20.3302,496.61
80.7857,33.225,9.613,5.106,12.366,43.866,24.439,15.0368,0.1915,0.2116,0.2003,555.44,84.6825,85.1325,85.335,82.26,83.4975,81.975,49.2431,535.11,20.3301,496.67
80.8139,33.225,9.61,5.115,12.365,43.932,24.483,15.0371,0.1916,0.2115,0.2003,555.52,84.69,85.095,85.3575,82.2975,83.49,81.945,49.2516,535.2,20.33,496.7
80.842,33.225,9.607,5.128,12.364,43.968,24.5325,15.0374,0.1917,0.2115,0.2002,555.6,84.66,85.08,85.3125,82.29,83.52,81.975,49.2635,535.26,20.3299,496.73
80.8195,33.22,9.605,5.142,12.364,43.968,24.5655,15.0377,0.1919,0.2115,0.2002,555.68,84.69,85.08,85.2675,82.2825,83.5575,81.975,49.2714,535.35,20.3299,496.76
80.847,33.22,9.603,5.157,12.363,43.95,24.5765,15.0379,0.1921,0.2115,0.2002,555.76,84.645,85.065,85.245,82.26,83.505,81.9525,49.2789,535.44,20.3298,496.82
80.8745,33.22,9.602,5.171,12.363,43.926,24.5765,15.0382,0.1923,0.2114,0.2003,555.84,84.615,85.0275,85.26,82.2525,83.55,81.915,49.286,535.53,20.3297,496.85
80.8514,33.215,9.602,5.182,12.363,43.914,24.56,15.0385,0.1924,0.2114,0.2003,555.96,84.645,85.0575,85.215,82.29,83.5125,81.9675,49.2891,535.65,20.3296,496.88
80.8782,33.215,9.601,5.191,12.363,43.926,24.549,15.0302,0.1925,0.2115,0.2002,556.08,84.675,85.035,85.2675,82.3275,83.55,81.9825,49.2991,535.71,20.3296,496.94
80.9051,33.215,9.601,5.197,12.362,43.896,24.5435,15.0302,0.1925,0.2115,0.2003,556.12,84.6225,85.065,85.29,82.3125,83.5875,81.9975,49.3127,535.74,20.3295,496.97
80.932,33.215,9.601,5.204,12.362,43.86,24.538,15.0302,0.1926,0.2114,0.2003,556.16,84.6,85.0875,85.245,82.29,83.565,82.0275,49.3187,535.83,20.3294,497
80.9082,33.21,9.6,5.211,12.361,43.86,24.5325,15.0302,0.1927,0.2115,0.2003,556.28,84.585,85.1175,85.215,82.305,83.565,81.99,49.328,535.89,20.3293,497.06
80.9345,33.21,9.6,5.215,12.36,43.842,24.5215,15.0302,0.1927,0.2115,0.2003,556.32,84.6,85.1175,85.2525,82.3425,83.5125,81.975,49.3371,535.95,20.3292,497.09
80.9607,33.21,9.6,5.218,12.36,43.842,24.516,15.0302,0.1928,0.2116,0.2003,556.4,84.615,85.14,85.2675,82.38,83.49,81.9825,49.3497,535.98,20.3292,497.15
80.987,33.21,9.6,5.22,12.36,43.794,24.5105,15.0302,0.1928,0.2116,0.2004,556.4,84.645,85.14,85.245,82.3725,83.49,81.9975,49.3659,535.98,20.3291,497.18
81.0133,33.21,9.6,5.224,12.36,43.74,24.4995,15.0302,0.1929,0.2116,0.2004,556.44,84.6,85.125,85.2075,82.3725,83.5125,82.02,49.3747,536.04,20.329,497.21
80.9889,33.205,9.601,5.228,12.359,43.734,24.4775,15.0302,0.1929,0.2116,0.2004,556.48,84.555,85.17,85.2225,82.3275,83.5275,82.0425,49.3831,536.1,20.3289,497.27
81.0145,33.205,9.601,5.228,12.359,43.728,24.4555,15.0302,0.1929,0.2117,0.2004,556.52,84.585,85.125,85.2,82.2825,83.5275,82.0425,49.3989,536.1,20.3289,497.3
81.0401,33.205,9.601,5.227,12.359,43.692,24.4445,15.0302,0.1929,0.2117,0.2005,556.56,84.6225,85.1625,85.245,82.26,83.565,82.035,49.4109,536.13,20.3288,497.33
81.0658,33.205,9.602,5.229,12.359,43.65,24.439,15.0302,0.193,0.2118,0.2005,556.56,84.66,85.1925,85.29,82.3125,83.5875,82.0275,49.4265,536.13,20.3287,497.39
81.0408,33.2,9.602,5.23,12.358,43.602,24.4225,15.0302,0.193,0.2118,0.2006,556.56,84.6225,85.23,85.3125,82.305,83.58,82.0425,49.4422,536.13,20.3286,497.42
81.0658,33.2,9.603,5.231,12.358,43.542,24.4005,15.0302,0.1931,0.2118,0.2006,556.56,84.66,85.185,85.35,82.3275,83.535,82.0125,49.4616,536.1,20.3286,497.45
81.0908,33.2,9.604,5.233,12.358,43.476,24.3675,15.0302,0.1931,0.2119,0.2007,556.56,84.6825,85.1625,85.3725,82.3275,83.55,81.9825,49.4773,536.1,20.3285,497.51
81.1158,33.2,9.605,5.233,12.358,43.41,24.3345,15.0302,0.1931,0.2119,0.2007,556.52,84.69,85.14,85.3275,82.3275,83.5575,81.9525,49.4931,536.1,20.3284,497.54
81.0901,33.195,9.607,5.233,12.358,43.374,24.296,15.0215,0.1931,0.2121,0.2008,556.56,84.63,85.14,85.3725,82.3125,83.565,81.9675,49.5088,536.1,20.3283,497.57
81.1145,33.195,9.608,5.229,12.358,43.314,24.263,15.0213,0.1931,0.2121,0.2009,556.52,84.645,85.1025,85.335,82.3125,83.6025,82.005,49.5284,536.07,20.3283,497.63
81.1389,33.195,9.61,5.227,12.357,43.254,24.23,15.021,0.1931,0.2122,0.2009,556.52,84.6525,85.0725,85.35,82.275,83.58,81.99,49.548,536.04,20.3282,497.66
81.1633,33.195,9.612,5.225,12.355,43.218,24.208,15.0293,0.1931,0.2122,0.2009,556.48,84.6075,85.0275,85.32,82.3125,83.5425,82.0125,49.5602,536.07,20.3281,497.69
81.137,33.19,9.613,5.222,12.355,43.206,24.1805,15.0293,0.1931,0.2122,0.2009,556.48,84.6075,85.02,85.3575,82.275,83.505,81.975,49.5799,536.04,20.328,497.72
81.1608,33.19,9.614,5.217,12.355,43.2,24.164,15.0293,0.193,0.2121,0.201,556.48,84.6375,84.9975,85.365,82.3275,83.4675,81.9975,49.5884,536.1,20.328,497.78
81.1339,33.185,9.615,5.212,12.356,43.83,24.153,15.0293,0.1924,0.2116,0.2003,556.56,84.6525,85.0275,85.3875,82.3275,83.5125,82.0125,49.5928,536.19,20.3279,497.81
81.157,33.185,9.606,5.18,12.356,44.316,24.3345,15.0293,0.1919,0.211,0.1998,556.64,84.63,85.005,85.3275,82.3725,83.5125,81.9825,49.5894,536.34,20.3278,497.84
81.1295,33.18,9.596,5.162,12.356,44.748,24.5875,15.0293,0.1917,0.2106,0.1994,556.76,84.6075,85.02,85.32,82.395,83.4825,82.0275,49.5779,536.55,20.3277,497.9
81.152,33.18,9.585,5.165,12.356,45.12,24.8295,15.0293,0.1917,0.2102,0.199,557,84.6525,85.0425,85.3575,82.38,83.505,82.035,49.5618,536.79,20.3276,497.93
81.1745,33.18,9.573,5.18,12.356,45.438,25.0605,15.0293,0.1918,0.21,0.1987,557.24,84.615,85.065,85.3425,82.3575,83.475,82.065,49.5485,537,20.3276,497.96
81.197,33.18,9.562,5.203,12.356,45.624,25.2585,15.0293,0.192,0.2098,0.1985,557.48,84.6075,85.0725,85.32,82.335,83.505,82.0575,49.5305,537.24,20.3275,497.99
81.2195,33.18,9.553,5.235,12.355,45.726,25.4125,15.0207,0.1924,0.2097,0.1984,557.72,84.585,85.1175,85.3275,82.3275,83.5125,82.0275,49.5154,537.45,20.3274,498.05
81.242,33.18,9.546,5.268,12.355,45.72,25.5115,15.0204,0.1928,0.2097,0.1984,557.92,84.6,85.125,85.3125,82.3275,83.4975,81.99,49.5031,537.63,20.3273,498.08
81.2645,33.18,9.54,5.304,12.355,45.654,25.5665,15.0202,0.1932,0.2098,0.1985,558.12,84.57,85.0725,85.3125,82.275,83.4525,81.9675,49.4902,537.81,20.3273,498.14
81.287,33.18,9.537,5.336,12.354,45.528,25.583,15.0199,0.1936,0.2098,0.1986,558.32,84.585,85.0875,85.3125,82.275,83.4525,81.9525,49.4802,537.96,20.3272,498.17
81.3095,33.18,9.535,5.366,12.353,45.384,25.561,15.0196,0.1939,0.21,0.1987,558.48,84.5625,85.14,85.29,82.2675,83.4375,81.945,49.4772,538.05,20.3271,498.23
81.3826,33.185,9.535,5.389,12.353,45.162,25.506,15.0193,0.1943,0.2101,0.1989,558.56,84.6075,85.1175,85.26,82.26,83.415,81.93,49.4701,538.17,20.327,498.26
81.4057,33.185,9.537,5.411,12.352,44.97,25.4345,15.019,0.1946,0.2104,0.1991,558.68,84.5775,85.155,85.2375,82.29,83.415,81.8925,49.4774,538.17,20.327,498.32
81.4289,33.185,9.539,5.426,12.352,44.712,25.3245,15.0188,0.1949,0.2106,0.1994,558.72,84.5625,85.1925,85.2225,82.2525,83.4525,81.8775,49.4811,538.2,20.3269,498.35
81.5026,33.19,9.544,5.439,12.351,44.46,25.2145,15.0185,0.1951,0.2109,0.1997,558.72,84.5475,85.23,85.2075,82.2225,83.445,81.9,49.4921,538.17,20.3268,498.41
81.5264,33.19,9.549,5.447,12.351,44.184,25.077,15.0182,0.1953,0.2111,0.1999,558.68,84.5925,85.2,85.23,82.275,83.4,81.9,49.507,538.11,20.3267,498.47
81.6008,33.195,9.556,5.452,12.351,43.902,24.934,15.0179,0.1955,0.2114,0.2002,558.64,84.5775,85.17,85.2075,82.23,83.415,81.9375,49.5259,538.02,20.3267,498.5
81.6251,33.195,9.563,5.452,12.351,43.614,24.7745,15.0177,0.1956,0.2118,0.2005,558.52,84.555,85.14,85.2225,82.215,83.37,81.9225,49.5527,537.87,20.3266,498.56
81.6495,33.195,9.571,5.449,12.351,43.326,24.6095,15.0174,0.1957,0.212,0.2008,558.4,84.5175,85.1625,85.2225,82.23,83.3475,81.93,49.5801,537.72,20.3265,498.59
81.6739,33.195,9.58,5.442,12.351,43.068,24.45,15.0171,0.1957,0.2122,0.201,558.24,84.525,85.14,85.245,82.23,83.3175,81.9075,49.6081,537.57,20.3264,498.65
81.6983,33.195,9.588,5.429,12.351,42.828,24.2905,15.0168,0.1956,0.2126,0.2013,558.08,84.5325,85.14,85.2375,82.2,83.31,81.96,49.6442,537.36,20.3263,498.68
81.7226,33.195,9.596,5.411,12.351,42.6,24.142,15.0165,0.1954,0.2128,0.2015,557.84,84.5925,85.155,85.2225,82.2375,83.28,81.9975,49.6812,537.15,20.3263,498.71
81.747,33.195,9.605,5.391,12.351,42.396,24.01,15.0163,0.1953,0.2129,0.2017,557.64,84.585,85.11,85.245,82.245,83.31,82.005,49.7115,537,20.3262,498.77
81.7714,33.195,9.612,5.367,12.351,42.69,23.8835,15.016,0.1946,0.2126,0.2015,557.48,84.6225,85.095,85.23,82.2075,83.31,82.0425,49.7387,536.88,20.3261,498.8
81.7451,33.19,9.613,5.317,12.351,42.918,23.9055,15.0157,0.194,0.2124,0.2012,557.36,84.6375,85.065,85.275,82.26,83.3175,82.0425,49.7588,536.82,20.326,498.83
81.7689,33.19,9.612,5.274,12.351,43.14,23.9935,15.0154,0.1935,0.2122,0.201,557.28,84.6075,85.0875,85.2675,82.2525,83.34,82.005,49.7716,536.82,20.326,498.86
81.742,33.185,9.609,5.244,12.351,43.356,24.098,15.0238,0.1931,0.2121,0.2008,557.28,84.6075,85.08,85.26,82.2375,83.31,82.035,49.7882,536.79,20.3259,498.92
81.7651,33.185,9.606,5.224,12.352,43.416,24.208,15.0238,0.193,0.212,0.2007,557.28,84.5775,85.0875,85.2675,82.29,83.3325,82.08,49.7974,536.82,20.3258,498.95
81.7377,33.18,9.603,5.221,12.352,43.422,24.2795,15.0238,0.193,0.212,0.2007,557.28,84.6075,85.0425,85.275,82.305,83.325,82.0575,49.8103,536.82,20.3257,498.98
81.7602,33.18,9.602,5.226,12.353,43.314,24.3015,15.0238,0.1932,0.2122,0.2009,557.28,84.63,85.0125,85.2675,82.2825,83.385,82.08,49.8269,536.79,20.3257,499.01
81.732,33.175,9.603,5.236,12.353,43.104,24.274,15.0238,0.1935,0.2122,0.2011,557.28,84.615,85.005,85.305,82.3125,83.385,82.0275,49.8361,536.82,20.3256,499.04
81.7539,33.175,9.606,5.249,12.353,43.128,24.1915,15.0238,0.1935,0.2122,0.201,557.28,84.645,84.975,85.305,82.3275,83.3775,82.0125,49.8452,536.85,20.3255,499.07
81.7251,33.17,9.607,5.247,12.354,43.404,24.142,15.0238,0.1932,0.2119,0.2008,557.32,84.6,84.9675,85.2825,82.3425,83.43,81.975,49.8504,536.91,20.3254,499.13
81.7464,33.17,9.605,5.23,12.354,43.62,24.2025,15.0238,0.193,0.2118,0.2006,557.4,84.615,84.9975,85.26,82.365,83.3925,82.0125,49.8591,536.94,20.3254,499.16
81.717,33.165,9.601,5.22,12.354,43.746,24.296,15.0238,0.1929,0.2117,0.2004,557.4,84.5775,85.005,85.305,82.335,83.415,82.0125,49.864,537,20.3253,499.19
81.7376,33.165,9.598,5.223,12.354,43.842,24.3895,15.0238,0.193,0.2116,0.2003,557.48,84.5475,84.9825,85.3275,82.3125,83.3775,82.035,49.8686,537.06,20.3252,499.22
81.7076,33.16,9.594,5.233,12.354,43.896,24.461,15.0238,0.1931,0.2115,0.2002,557.52,84.6,84.99,85.305,82.335,83.3925,82.065,49.873,537.12,20.3251,499.25
81.7276,33.16,9.591,5.245,12.354,43.92,24.505,15.0238,0.1933,0.2115,0.2002,557.6,84.6225,84.9825,85.35,82.305,83.4,82.05,49.8771,537.18,20.3251,499.28
81.697,33.155,9.589,5.259,12.354,43.878,24.5215,15.0238,0.1935,0.2115,0.2003,557.64,84.5925,85.035,85.335,82.26,83.3775,82.02,49.881,537.24,20.325,499.31
81.7164,33.155,9.588,5.274,12.353,43.806,24.516,15.0238,0.1937,0.2116,0.2003,557.72,84.5625,85.0575,85.335,82.245,83.3475,82.005,49.8884,537.27,20.3249,499.37
81.7357,33.155,9.589,5.288,12.353,43.71,24.4885,15.0238,0.1939,0.2117,0.2004,557.76,84.585,85.05,85.3725,82.215,83.355,82.0125,49.8956,537.3,20.3248,499.4
81.7045,33.15,9.59,5.3,12.353,43.584,24.439,15.0238,0.1941,0.2118,0.2006,557.8,84.5775,85.02,85.4025,82.2225,83.4225,81.9825,49.9065,537.3,20.3247,499.43
81.7232,33.15,9.592,5.31,12.353,43.452,24.3785,15.0238,0.1943,0.2118,0.2007,557.8,84.5775,85.0275,85.4025,82.2075,83.4375,82.0275,49.9099,537.36,20.3247,499.46
81.742,33.15,9.594,5.318,12.353,43.356,24.3015,15.0238,0.1943,0.2121,0.2008,557.84,84.5925,84.99,85.395,82.2375,83.4825,81.99,49.9281,537.3,20.3246,499.49
81.7607,33.15,9.597,5.32,12.352,43.2,24.23,15.0152,0.1944,0.2122,0.2009,557.8,84.6375,84.96,85.41,82.2525,83.4675,81.96,49.9428,537.27,20.3245,499.52
81.7795,33.15,9.601,5.323,12.352,43.05,24.1585,15.0149,0.1945,0.2124,0.2011,557.76,84.675,85.02,85.395,82.2675,83.5125,81.96,49.9613,537.21,20.3244,499.58
81.7477,33.145,9.604,5.324,12.352,42.894,24.076,15.0146,0.1946,0.2124,0.2012,557.68,84.7125,85.005,85.35,82.23,83.4975,81.9675,49.9764,537.18,20.3244,499.61
81.7658,33.145,9.608,5.322,12.351,42.96,23.999,15.0143,0.1944,0.2124,0.2012,557.68,84.6825,84.9825,85.3125,82.215,83.4525,82.005,49.9953,537.12,20.3243,499.64
81.7839,33.145,9.61,5.307,12.35,42.972,23.9715,15.014,0.1943,0.2125,0.2012,557.6,84.6525,84.9975,85.275,82.1775,83.4825,82.02,50.0144,537.06,20.3242,499.67
81.7514,33.14,9.611,5.296,12.35,42.966,23.977,15.0224,0.1942,0.2124,0.2012,557.56,84.645,85.0575,85.2825,82.1475,83.4525,82.0125,50.0263,537.06,20.3241,499.7
81.7689,33.14,9.612,5.289,12.35,42.99,23.977,15.0224,0.1941,0.2124,0.2012,557.52,84.6375,85.08,85.305,82.1475,83.4825,81.99,49.8803,537.03,20.3241,499.73
81.7358,33.135,9.612,5.282,12.349,42.996,23.977,15.0224,0.194,0.2124,0.2011,557.52,84.645,85.125,85.3125,82.1625,83.4825,82.0275,49.7345,537,20.324,499.76
81.7526,33.135,9.612,5.276,12.351,42.99,23.9715,15.0138,0.194,0.2124,0.2012,557.48,84.6675,85.1325,85.335,82.2225,83.5275,81.99,49.585,537,20.3239,499.79
81.7695,33.135,9.613,5.274,12.351,42.99,23.9715,15.0135,0.194,0.2124,0.2011,557.48,84.6975,85.155,85.365,82.2675,83.5725,81.9675,49.4392,536.97,20.3238,499.82
81.7358,33.13,9.613,5.272,12.351,43.002,23.966,15.0132,0.1939,0.2123,0.2011,557.44,84.6675,85.1175,85.3275,82.26,83.58,81.96,49.2936,536.94,20.3238,499.85
81.7521,33.13,9.613,5.269,12.348,43.026,23.9715,15.0129,0.1938,0.2123,0.2011,557.4,84.705,85.125,85.365,82.23,83.58,81.975,49.1556,536.85,20.3237,499.88
81.7177,33.125,9.612,5.263,12.348,43.02,23.977,15.0127,0.1937,0.2123,0.2011,557.32,84.7275,85.095,85.38,82.2825,83.5575,81.975,49.0218,536.73,20.3236,499.91
81.7333,33.125,9.612,5.254,12.348,42.942,23.9825,15.0124,0.1936,0.2124,0.2012,557.2,84.705,85.1025,85.3425,82.26,83.5125,81.96,48.8922,536.58,20.3235,499.94
81.6983,33.12,9.613,5.246,12.348,42.834,23.966,15.0121,0.1935,0.2126,0.2013,557.04,84.705,85.0875,85.29,82.215,83.4675,81.93,48.7707,536.37,20.3235,499.97
81.7133,33.12,9.615,5.235,12.348,42.69,23.9275,15.0118,0.1934,0.2126,0.2014,556.8,84.7275,85.1325,85.305,82.26,83.4675,81.9225,48.6463,536.19,20.3234,500
81.6776,33.115,9.617,5.219,12.348,43.218,23.8725,15.0115,0.1926,0.2121,0.2009,556.64,84.72,85.11,85.305,82.2975,83.475,81.96,48.5188,536.04,20.3233,500.03
81.6414,33.11,9.611,5.166,12.348,43.602,23.999,15.0113,0.1918,0.2117,0.2005,556.48,84.6975,85.095,85.335,82.35,83.445,81.9975,48.3845,535.95,20.3232,500.06
81.6045,33.105,9.603,5.12,12.348,43.872,24.186,15.011,0.1913,0.2115,0.2002,556.4,84.6825,85.05,85.3275,82.3725,83.49,81.9825,48.258,535.8,20.3231,500.09
81.567,33.1,9.595,5.094,12.347,43.896,24.362,15.0107,0.1911,0.2115,0.2002,556.24,84.6375,85.05,85.2825,82.365,83.4675,81.9525,48.1322,535.65,20.3231,500.09
81.5289,33.095,9.591,5.088,12.347,43.776,24.461,15.0104,0.1911,0.2116,0.2003,556.08,84.5925,85.05,85.23,82.3875,83.43,81.9675,48.0107,535.47,20.323,500.12
81.4902,33.09,9.589,5.092,12.347,43.53,24.461,15.0102,0.1912,0.2118,0.2006,555.88,84.5925,85.05,85.2675,82.35,83.4225,81.9675,47.8974,535.23,20.3229,500.15
81.4508,33.085,9.591,5.094,12.347,43.164,24.3785,15.0099,0.1914,0.2122,0.2009,555.64,84.5775,85.0125,85.245,82.3125,83.445,81.93,47.7926,534.93,20.3228,500.18
81.4108,33.08,9.596,5.091,12.346,42.744,24.2245,15.0096,0.1914,0.2126,0.2014,555.32,84.6075,85.0275,85.215,82.29,83.4825,81.9,47.6928,534.6,20.3228,500.18
81.3702,33.075,9.604,5.077,12.346,42.906,24.021,15.0093,0.1907,0.2124,0.2012,554.96,84.5625,84.99,85.215,82.2525,83.5125,81.9075,47.5906,534.3,20.3227,500.21
81.3289,33.07,9.606,5.022,12.345,42.972,23.9715,15.009,0.1899,0.2124,0.2011,554.68,84.5625,85.035,85.26,82.2975,83.5575,81.9,47.4934,533.97,20.3226,500.21
81.287,33.065,9.606,4.962,12.344,42.966,23.9715,15.0088,0.1893,0.2123,0.2011,554.32,84.5775,85.035,85.215,82.3275,83.52,81.96,47.3899,533.7,20.3225,500.24
81.1939,33.055,9.607,4.912,12.344,43.086,23.9715,15.0085,0.1887,0.2123,0.201,554.04,84.57,85.0875,85.2075,82.29,83.5125,81.93,47.2951,533.37,20.3225,500.24
81.0995,33.045,9.606,4.865,12.344,43.074,24.0045,14.9996,0.1882,0.2122,0.201,553.72,84.5625,85.14,85.1775,82.3125,83.5275,81.93,47.1941,533.1,20.3224,500.24
81.0545,33.04,9.606,4.828,12.343,43.05,24.021,14.9991,0.1878,0.2123,0.201,553.4,84.5475,85.155,85.1775,82.275,83.535,81.945,47.0979,532.8,20.3223,500.27
80.9583,33.03,9.606,4.799,12.343,42.996,24.0155,14.9985,0.1875,0.2123,0.2011,553.12,84.51,85.185,85.215,82.2375,83.55,81.9375,47.003,532.5,20.3222,500.27
80.8608,33.02,9.607,4.773,12.341,42.99,23.999,14.9979,0.1872,0.2123,0.2011,552.8,84.4875,85.14,85.1925,82.2075,83.52,81.9375,46.9092,532.2,20.3222,500.27
80.762,33.01,9.608,4.746,12.34,42.972,23.9825,14.9974,0.1868,0.2124,0.2011,552.48,84.5025,85.1175,85.245,82.17,83.5425,81.9,46.8167,531.9,20.3221,500.27
80.662,33,9.609,4.718,12.34,42.966,23.9605,14.9968,0.1865,0.2122,0.2011,552.16,84.5625,85.1325,85.29,82.185,83.5125,81.885,46.7179,531.66,20.322,500.27
80.5608,32.99,9.61,4.692,12.34,43.854,23.944,14.9963,0.1854,0.2114,0.2002,551.92,84.5925,85.125,85.2375,82.2225,83.5275,81.87,46.605,531.54,20.3219,500.27
80.4583,32.98,9.598,4.629,12.339,44.526,24.2025,14.9957,0.1845,0.2107,0.1995,551.8,84.555,85.0875,85.245,82.26,83.49,81.87,46.4888,531.45,20.3218,500.27
80.3545,32.97,9.584,4.585,12.338,44.982,24.527,14.9952,0.1843,0.2103,0.1991,551.72,84.54,85.1175,85.2075,82.275,83.46,81.8925,46.3655,531.42,20.3218,500.27
80.2495,32.96,9.571,4.592,12.338,45.168,24.8185,14.9946,0.1847,0.2101,0.1989,551.64,84.51,85.1475,85.245,82.275,83.4375,81.885,46.2423,531.39,20.3217,500.27
80.1433,32.95,9.561,4.637,12.337,45.216,25.0055,14.9854,0.1853,0.2101,0.1988,551.64,84.51,85.155,85.2525,82.2375,83.445,81.915,46.1268,531.3,20.3216,500.27
80.0864,32.945,9.554,4.688,12.336,45.006,25.088,14.9846,0.1859,0.2103,0.199,551.56,84.5625,85.1475,85.245,82.215,83.4225,81.9375,46.0191,531.15,20.3215,500.24
79.9783,32.935,9.552,4.734,12.334,44.574,25.0605,14.9838,0.1865,0.2107,0.1994,551.4,84.5625,85.185,85.2075,82.2225,83.4375,81.945,45.9196,530.94,20.3215,500.24
79.9195,32.93,9.556,4.768,12.332,43.992,24.9065,14.9829,0.1869,0.2113,0.2,551.16,84.6,85.125,85.2075,82.26,83.4225,81.945,45.8321,530.64,20.3214,500.24
79.8601,32.925,9.565,4.781,12.331,43.35,24.648,14.9821,0.187,0.2118,0.2006,550.84,84.585,85.155,85.2,82.275,83.3775,81.96,45.7534,530.28,20.3213,500.24
79.7495,32.915,9.578,4.767,12.33,43.62,24.318,14.9813,0.186,0.2116,0.2003,550.48,84.5775,85.185,85.245,82.245,83.4,82.005,45.6724,529.95,20.3212,500.24
79.6883,32.91,9.58,4.685,12.329,43.674,24.2355,14.9718,0.1849,0.2115,0.2003,550.16,84.6,85.215,85.275,82.29,83.43,81.96,45.589,529.65,20.3212,500.21
79.5758,32.9,9.582,4.593,12.328,43.662,24.2245,14.9707,0.184,0.2115,0.2003,549.84,84.63,85.215,85.3125,82.26,83.385,81.915,45.5105,529.32,20.3211,500.21
79.4114,32.885,9.584,4.526,12.327,43.548,24.2135,14.9696,0.1835,0.2117,0.2004,549.48,84.5925,85.185,85.3275,82.2375,83.3775,81.9525,45.4334,528.99,20.321,500.21
79.2958,32.875,9.587,4.485,12.324,43.386,24.1805,14.9685,0.1833,0.2118,0.2006,549.12,84.5925,85.17,85.35,82.2825,83.3925,81.9525,45.3613,528.63,20.3209,500.18
79.1789,32.865,9.59,4.461,12.323,43.206,24.1145,14.9588,0.1831,0.2118,0.2007,548.76,84.6375,85.2075,85.335,82.2675,83.355,81.99,45.2832,528.33,20.3209,500.15
79.0608,32.855,9.595,4.441,12.321,44.19,24.021,14.9574,0.1819,0.211,0.1997,548.48,84.6525,85.215,85.3425,82.2525,83.4,82.0275,45.1951,528.12,20.3208,500.15
78.8908,32.84,9.584,4.371,12.32,44.772,24.2685,14.956,0.181,0.2103,0.1991,548.24,84.645,85.185,85.3125,82.26,83.445,82.02,45.0965,528,20.3207,500.12
78.7695,32.83,9.572,4.321,12.318,45.174,24.582,14.9546,0.1809,0.2099,0.1987,548.12,84.66,85.2,85.305,82.305,83.4525,82.065,44.9946,527.91,20.3206,500.12
78.647,32.82,9.561,4.336,12.317,45.36,24.8405,14.9532,0.1814,0.2098,0.1985,548.04,84.615,85.14,85.3425,82.3425,83.43,82.0575,44.8931,527.82,20.3206,500.09
78.5233,32.81,9.552,4.391,12.316,45.246,25.011,14.9518,0.1822,0.2099,0.1986,547.92,84.645,85.1025,85.305,82.32,83.43,82.0725,44.7995,527.67,20.3205,500.06
78.4489,32.805,9.549,4.457,12.314,44.916,25.055,14.9504,0.183,0.2102,0.199,547.76,84.6225,85.14,85.2975,82.365,83.445,82.0875,44.7103,527.49,20.3204,500.03
78.3233,32.795,9.551,4.509,12.313,44.472,24.956,14.949,0.1835,0.2106,0.1994,547.6,84.6675,85.1325,85.2825,82.3725,83.49,82.0575,44.6293,527.25,20.3203,500.03
78.247,32.79,9.557,4.531,12.312,43.938,24.7525,14.939,0.1836,0.2111,0.1999,547.32,84.675,85.1025,85.245,82.365,83.4825,82.095,44.5605,526.92,20.3202,500
78.1195,32.78,9.567,4.519,12.311,43.512,24.483,14.9374,0.1832,0.2115,0.2003,547,84.675,85.155,85.2525,82.3275,83.445,82.095,44.4968,526.56,20.3202,499.97
78.0414,32.775,9.578,4.471,12.309,43.254,24.2245,14.9357,0.1824,0.2118,0.2006,546.6,84.6375,85.1625,85.2525,82.2825,83.4975,82.065,44.4421,526.14,20.3201,499.94
77.8614,32.76,9.587,4.393,12.306,43.068,24.0265,14.934,0.1814,0.2119,0.2007,546.16,84.66,85.1475,85.29,82.335,83.535,82.0725,44.3853,525.75,20.32,499.91
77.7301,32.75,9.595,4.302,12.305,43.44,23.878,14.9324,0.18,0.2116,0.2004,545.76,84.645,85.1025,85.3275,82.3125,83.4975,82.02,44.3264,525.39,20.3199,499.88
77.547,32.735,9.595,4.2,12.304,43.632,23.922,14.9221,0.179,0.2114,0.2002,545.4,84.645,85.065,85.275,82.26,83.505,82.0425,44.2651,525.06,20.3199,499.85
77.4126,32.725,9.594,4.131,12.302,43.758,24.01,14.9202,0.1788,0.2113,0.2,545.08,84.69,85.08,85.3125,82.245,83.4975,82.035,44.1977,524.79,20.3198,499.82
77.2264,32.71,9.592,4.119,12.301,43.8,24.0815,14.9182,0.1791,0.2112,0.2,544.76,84.63,85.0425,85.2825,82.26,83.5275,82.05,44.1276,524.55,20.3197,499.79
77.0889,32.7,9.591,4.146,12.298,43.842,24.131,14.9163,0.1795,0.2111,0.1999,544.52,84.6525,85.005,85.245,82.2975,83.55,82.005,44.0585,524.31,20.3196,499.76
76.9501,32.69,9.59,4.177,12.297,44.034,24.153,14.9143,0.1796,0.211,0.1997,544.28,84.6825,84.99,85.26,82.275,83.5425,82.0425,43.9865,524.1,20.3196,499.73
76.8102,32.68,9.588,4.188,12.295,44.094,24.2135,14.9124,0.1795,0.211,0.1997,544.04,84.645,84.9975,85.305,82.2675,83.52,82.0725,43.923,523.83,20.3195,499.67
76.6689,32.67,9.586,4.188,12.294,44.004,24.2575,14.9104,0.1796,0.211,0.1997,543.8,84.6375,85.0275,85.26,82.26,83.505,82.0425,43.853,523.62,20.3194,499.64
76.5264,32.66,9.587,4.192,12.292,43.89,24.2465,14.9085,0.1796,0.211,0.1998,543.56,84.585,85.0875,85.215,82.275,83.55,82.0725,43.7839,523.41,20.3193,499.61
76.3826,32.65,9.589,4.191,12.291,43.998,24.1915,14.8979,0.1793,0.211,0.1997,543.32,84.6075,85.0875,85.2375,82.32,83.4975,82.1175,43.7194,523.17,20.3193,499.55
76.2883,32.645,9.588,4.171,12.29,43.962,24.186,14.8957,0.179,0.211,0.1997,543.08,84.63,85.125,85.2075,82.335,83.4525,82.0725,43.652,522.96,20.3192,499.52
76.1426,32.635,9.589,4.147,12.288,44.154,24.175,14.8935,0.1787,0.2108,0.1995,542.88,84.6225,85.1625,85.26,82.38,83.4825,82.065,43.5856,522.75,20.3191,499.49
75.9958,32.625,9.587,4.122,12.285,44.202,24.2245,14.8913,0.1784,0.2107,0.1995,542.64,84.63,85.1325,85.2225,82.3575,83.4525,82.0275,43.52,522.54,20.319,499.43
75.8476,32.615,9.586,4.107,12.284,44.142,24.2575,14.889,0.1785,0.2108,0.1995,542.44,84.6375,85.08,85.2225,82.35,83.415,82.065,43.459,522.3,20.3189,499.4
75.6983,32.605,9.586,4.11,12.282,43.974,24.252,14.8868,0.1786,0.2109,0.1997,542.2,84.63,85.035,85.1925,82.3875,83.4075,82.035,43.3952,522.09,20.3189,499.34
75.5476,32.595,9.588,4.119,12.281,44.112,24.197,14.8846,0.1785,0.2107,0.1995,541.96,84.615,84.9975,85.155,82.3725,83.4675,82.065,43.3284,521.91,20.3188,499.31
75.3958,32.585,9.587,4.106,12.279,44.178,24.197,14.8738,0.1781,0.2106,0.1995,541.76,84.6225,85.005,85.1475,82.38,83.4225,82.035,43.2625,521.73,20.3187,499.25
75.2933,32.58,9.587,4.081,12.278,44.256,24.2135,14.8713,0.1778,0.2106,0.1994,541.6,84.645,85.0275,85.1175,82.4025,83.3925,82.0425,43.201,521.52,20.3186,499.22
75.1395,32.57,9.586,4.062,12.276,44.226,24.241,14.8688,0.1778,0.2106,0.1994,541.4,84.615,84.9975,85.1625,82.4325,83.385,82.065,43.1403,521.31,20.3186,499.16
74.9845,32.56,9.586,4.056,12.273,44.118,24.252,14.8663,0.1778,0.2108,0.1995,541.16,84.5925,84.975,85.1925,82.425,83.3775,82.0575,43.0843,521.07,20.3185,499.1
74.8789,32.555,9.587,4.06,12.272,43.932,24.2135,14.8638,0.1779,0.211,0.1997,540.92,84.6,84.9825,85.1925,82.455,83.4225,82.0125,43.0292,520.83,20.3184,499.07
74.722,32.545,9.591,4.061,12.27,43.68,24.1365,14.8613,0.1779,0.2112,0.1999,540.64,84.63,85.035,85.1925,82.4325,83.46,82.0425,42.9864,520.5,20.3183,499.01
74.5639,32.535,9.596,4.052,12.269,43.392,24.021,14.8588,0.1778,0.2114,0.2002,540.32,84.645,85.0575,85.1775,82.395,83.4225,81.9975,42.9374,520.23,20.3183,498.95
74.4551,32.53,9.603,4.028,12.267,43.854,23.8725,14.8477,0.1769,0.2109,0.1997,540.04,84.675,85.0725,85.155,82.3425,83.4375,81.975,42.8819,520.02,20.3182,498.92
74.2951,32.52,9.6,3.965,12.266,44.196,23.933,14.8449,0.1759,0.2106,0.1994,539.8,84.6225,85.0725,85.1625,82.365,83.4075,81.975,42.8236,519.84,20.3181,498.86
74.1339,32.51,9.595,3.903,12.264,44.394,24.0705,14.8421,0.1757,0.2104,0.1992,539.6,84.5925,85.0425,85.2075,82.3725,83.4075,82.02,42.7622,519.69,20.318,498.8
73.9714,32.5,9.591,3.895,12.261,44.514,24.2025,14.8393,0.1761,0.2102,0.199,539.48,84.63,85.0875,85.185,82.32,83.4,82.0575,42.6939,519.6,20.318,498.74
73.8583,32.495,9.587,3.934,12.259,44.73,24.296,14.8365,0.1766,0.21,0.1988,539.36,84.675,85.1325,85.245,82.305,83.4375,82.035,42.6298,519.48,20.3179,498.68
73.6939,32.485,9.582,3.977,12.258,44.808,24.395,14.8338,0.1769,0.2099,0.1987,539.24,84.6375,85.1625,85.26,82.35,83.43,82.02,42.5661,519.36,20.3178,498.65
73.5789,32.48,9.579,4.005,12.256,44.784,24.4665,14.831,0.177,0.21,0.1987,539.16,84.645,85.155,85.245,82.3425,83.445,81.9975,42.5029,519.24,20.3177,498.59
73.4632,32.475,9.577,4.02,12.255,44.646,24.483,14.8282,0.1771,0.2101,0.1989,539,84.6375,85.1325,85.215,82.3125,83.4975,81.9975,42.444,519.09,20.3177,498.53
73.347,32.47,9.578,4.023,12.253,44.484,24.45,14.8254,0.177,0.2103,0.199,538.88,84.6525,85.14,85.215,82.29,83.475,82.05,42.3931,518.88,20.3176,498.47
73.2301,32.465,9.58,4.01,12.252,44.172,24.3675,14.8227,0.1769,0.2106,0.1993,538.64,84.6075,85.1175,85.2225,82.245,83.4975,82.08,42.3431,518.67,20.3175,498.41
73.1126,32.46,9.586,3.99,12.25,43.974,24.241,14.8199,0.1766,0.2107,0.1995,538.4,84.6225,85.1475,85.245,82.2225,83.5125,82.1175,42.2978,518.43,20.3174,498.35
72.9439,32.45,9.591,3.956,12.249,44.004,24.109,14.8085,0.1759,0.2107,0.1995,538.16,84.57,85.185,85.2375,82.2075,83.5275,82.155,42.2534,518.19,20.3173,498.29
72.8245,32.445,9.594,3.903,12.247,44.04,24.054,14.8054,0.1753,0.2106,0.1994,537.92,84.5925,85.1775,85.2525,82.2075,83.4825,82.1175,42.2099,517.95,20.3173,498.23
72.6539,32.435,9.595,3.853,12.245,44.022,24.043,14.8024,0.175,0.2107,0.1994,537.68,84.6225,85.1925,85.275,82.2375,83.475,82.14,42.1675,517.71,20.3172,498.17
72.5326,32.43,9.597,3.83,12.242,43.944,24.043,14.7993,0.1751,0.2108,0.1995,537.4,84.5925,85.17,85.2825,82.245,83.4375,82.0875,42.1297,517.44,20.3171,498.11
72.3601,32.42,9.599,3.834,12.241,43.818,24.0155,14.7963,0.1753,0.2109,0.1997,537.16,84.555,85.11,85.335,82.2975,83.43,82.065,42.0893,517.2,20.317,498.05
72.237,32.415,9.602,3.846,12.239,43.68,23.9605,14.7932,0.1754,0.211,0.1998,536.88,84.5175,85.1325,85.35,82.2525,83.4075,82.0125,42.0536,516.93,20.317,497.99
72.1133,32.41,9.606,3.848,12.238,43.944,23.8945,14.7902,0.175,0.2107,0.1995,536.6,84.4875,85.1775,85.335,82.2825,83.3775,81.99,42.0116,516.72,20.3169,497.93
71.9889,32.405,9.605,3.82,12.237,44.124,23.933,14.7871,0.1744,0.2106,0.1993,536.4,84.4725,85.1775,85.32,82.2825,83.3775,82.005,41.9665,516.54,20.3168,497.87
71.8133,32.395,9.603,3.784,12.235,44.232,24.01,14.784,0.1743,0.2105,0.1992,536.2,84.45,85.1475,85.3275,82.2825,83.4075,82.05,41.9223,516.36,20.3167,497.81
71.687,32.39,9.601,3.776,12.234,44.226,24.076,14.781,0.1745,0.2105,0.1992,536,84.4725,85.1325,85.2975,82.2675,83.4525,82.02,41.8787,516.18,20.3167,497.72
71.5601,32.385,9.601,3.797,12.233,44.196,24.109,14.7779,0.1749,0.2106,0.1992,535.84,84.525,85.1625,85.32,82.23,83.415,82.0575,41.8359,516,20.3166,497.66
71.4326,32.38,9.601,3.825,12.231,44.094,24.109,14.7749,0.1751,0.2105,0.1993,535.64,84.51,85.185,85.2825,82.1925,83.4375,82.0275,41.7863,515.88,20.3165,497.6
71.3045,32.375,9.603,3.838,12.23,44.76,24.0705,14.7718,0.1745,0.2099,0.1987,535.48,84.555,85.155,85.2675,82.185,83.4525,82.035,41.7371,515.76,20.3164,497.54
71.1757,32.37,9.594,3.804,12.228,45.138,24.2465,14.7688,0.1738,0.2094,0.1983,535.4,84.5325,85.1175,85.305,82.2225,83.4975,82.035,41.6734,515.76,20.3164,497.48
71.0464,32.365,9.586,3.768,12.227,45.426,24.4555,14.7657,0.1738,0.2092,0.198,535.4,84.54,85.1625,85.2525,82.26,83.4975,82.0125,41.606,515.79,20.3163,497.39
70.9164,32.36,9.577,3.781,12.226,45.588,24.6315,14.7627,0.1743,0.209,0.1978,535.4,84.5625,85.17,85.215,82.29,83.4975,81.99,41.546,515.76,20.3162,497.33
70.8364,32.36,9.571,3.831,12.224,45.522,24.7635,14.7596,0.175,0.2091,0.1979,535.36,84.6,85.1475,85.2675,82.2975,83.535,81.96,41.4898,515.7,20.3161,497.27
70.7564,32.36,9.568,3.888,12.223,45.324,24.8075,14.7565,0.1755,0.2094,0.1981,535.32,84.645,85.1625,85.2825,82.29,83.4825,81.9225,41.4377,515.61,20.316,497.21
70.6764,32.36,9.569,3.924,12.221,44.958,24.758,14.7535,0.1757,0.2097,0.1984,535.24,84.6525,85.1625,85.26,82.305,83.46,81.945,41.3934,515.46,20.316,497.12
70.5457,32.355,9.573,3.926,12.22,44.568,24.6205,14.7504,0.1754,0.21,0.1988,535.08,84.6,85.1925,85.2825,82.29,83.46,81.9075,41.3497,515.31,20.3159,497.06
70.4651,32.355,9.58,3.894,12.219,44.658,24.439,14.7474,0.1745,0.21,0.1987,534.92,84.5775,85.17,85.32,82.2675,83.445,81.9225,41.3141,515.1,20.3158,497
70.3338,32.35,9.582,3.818,12.217,44.55,24.384,14.7443,0.1736,0.21,0.1988,534.72,84.6075,85.17,85.3125,82.2225,83.46,81.9825,41.2757,514.92,20.3157,496.94
70.202,32.345,9.585,3.743,12.216,44.406,24.3345,14.7413,0.1732,0.2102,0.1989,534.52,84.5775,85.14,85.35,82.1925,83.4675,81.9525,41.2454,514.68,20.3157,496.85
70.0695,32.34,9.589,3.708,12.215,44.22,24.263,14.7382,0.1733,0.2103,0.1991,534.28,84.5475,85.1625,85.3125,82.1925,83.4375,81.9225,41.2124,514.47,20.3156,496.79
69.987,32.34,9.594,3.708,12.213,44.394,24.175,14.7352,0.1732,0.2102,0.199,534.04,84.5625,85.2,85.2675,82.155,83.475,81.9675,41.1765,514.29,20.3155,496.73
69.8539,32.335,9.595,3.704,12.212,44.454,24.1805,14.7321,0.1731,0.2101,0.1989,533.84,84.54,85.1475,85.275,82.155,83.46,81.9525,41.1376,514.14,20.3307,496.67
69.7201,32.33,9.595,3.694,12.211,44.826,24.2135,14.729,0.1728,0.2098,0.1985,533.68,84.51,85.185,85.2675,82.2,83.4825,81.96,41.103,513.96,20.3311,496.58
69.5858,32.325,9.591,3.682,12.21,44.952,24.329,14.726,0.1727,0.2095,0.1984,533.52,84.5175,85.155,85.2225,82.2525,83.52,81.9225,41.0541,513.9,20.3316,496.52
69.5014,32.325,9.588,3.686,12.209,45.282,24.439,14.7229,0.1728,0.2093,0.1981,533.48,84.51,85.11,85.2075,82.245,83.565,81.9,41.0055,513.84,20.332,496.46
69.3664,32.32,9.581,3.704,12.207,45.432,24.5765,14.7199,0.1731,0.2091,0.1979,533.4,84.5175,85.0725,85.17,82.2075,83.55,81.93,40.9533,513.81,20.3324,496.37
69.2814,32.32,9.577,3.729,12.207,45.48,24.692,14.7168,0.1733,0.2092,0.1979,533.36,84.5025,85.05,85.155,82.2075,83.505,81.915,40.9125,513.69,20.3328,496.31
69.1964,32.32,9.574,3.758,12.205,45.282,24.758,14.7138,0.1737,0.2094,0.198,533.24,84.54,85.035,85.1325,82.245,83.52,81.885,40.8722,513.57,20.3332,496.22
69.1114,32.32,9.575,3.784,12.204,44.982,24.7415,14.7107,0.174,0.2095,0.1983,533.12,84.57,85.005,85.1475,82.215,83.505,81.8625,40.8324,513.45,20.3336,496.16
69.0264,32.32,9.579,3.792,12.203,44.706,24.626,14.7077,0.1738,0.2098,0.1986,532.96,84.5625,85.0425,85.1925,82.215,83.4675,81.9,40.8044,513.24,20.334,496.1
68.9414,32.32,9.584,3.77,12.202,44.388,24.483,14.7132,0.1733,0.2102,0.1989,532.76,84.54,85.0725,85.185,82.2375,83.4825,81.9375,40.7772,513.03,20.3345,496.01
68.8057,32.315,9.592,3.722,12.202,44.178,24.3235,14.7104,0.1727,0.2103,0.1991,532.52,84.5175,85.0875,85.215,82.2,83.505,81.945,40.7509,512.82,20.3349,495.95
68.7201,32.315,9.599,3.664,12.2,44.754,24.186,14.7077,0.1716,0.2098,0.1986,532.32,84.51,85.0875,85.26,82.23,83.505,81.945,40.7179,512.67,20.3353,495.89
68.5839,32.31,9.595,3.587,12.201,45.132,24.2905,14.7049,0.1709,0.2094,0.1982,532.16,84.4725,85.125,85.3125,82.275,83.5275,81.9525,40.6817,512.55,20.3357,495.8
68.447,32.305,9.589,3.543,12.2,45.372,24.461,14.6935,0.1712,0.2091,0.1979,532.08,84.525,85.11,85.2975,82.26,83.5425,81.9225,40.6347,512.52,20.3361,495.74
68.3601,32.305,9.583,3.578,12.199,45.552,24.6205,14.699,0.1721,0.209,0.1978,532,84.5025,85.1175,85.2825,82.2975,83.4975,81.93,40.5879,512.49,20.3365,495.65
68.2733,32.305,9.578,3.658,12.197,45.63,24.747,14.6963,0.1729,0.209,0.1977,531.96,84.54,85.0725,85.305,82.2525,83.4975,81.975,40.5487,512.4,20.337,495.59
68.237,32.31,9.575,3.727,12.195,45.486,24.835,14.6935,0.1733,0.209,0.1978,531.88,84.5925,85.0425,85.29,82.215,83.52,81.9675,40.5099,512.31,20.3374,495.5
68.1507,32.31,9.575,3.76,12.196,45.264,24.835,14.6907,0.1733,0.2094,0.198,531.8,84.555,85.0425,85.3275,82.245,83.4825,81.9675,40.4789,512.16,20.3378,495.44
68.0645,32.31,9.577,3.754,12.195,44.94,24.7525,14.6879,0.173,0.2095,0.1984,531.64,84.5175,85.0425,85.3275,82.2825,83.52,81.9675,40.4448,512.04,20.3382,495.35
67.9782,32.31,9.583,3.72,12.194,45.048,24.6205,14.6851,0.1723,0.2095,0.1983,531.52,84.525,85.0875,85.365,82.2675,83.5425,81.9825,40.4187,511.86,20.3386,495.29
67.892,32.31,9.584,3.656,12.193,44.958,24.5875,14.6824,0.1715,0.2096,0.1984,531.32,84.51,85.0575,85.3875,82.2825,83.5125,81.9375,40.3934,511.68,20.339,495.23
67.7551,32.305,9.586,3.599,12.192,44.778,24.5545,14.6796,0.1714,0.2098,0.1985,531.16,84.465,85.0425,85.365,82.2375,83.46,81.9525,40.3687,511.5,20.3395,495.14
67.6683,32.305,9.59,3.585,12.192,44.544,24.483,14.6768,0.1717,0.21,0.1988,530.96,84.4725,85.0725,85.395,82.2225,83.43,81.99,40.3486,511.29,20.3399,495.08
67.5814,32.305,9.596,3.599,12.191,44.328,24.3785,14.674,0.172,0.2102,0.199,530.72,84.495,85.1175,85.38,82.245,83.4,81.96,40.333,511.05,20.3403,494.99
67.4945,32.305,9.602,3.609,12.189,44.196,24.263,14.6799,0.1718,0.2104,0.1991,530.48,84.4875,85.0875,85.395,82.2975,83.3925,81.9975,40.3184,510.81,20.3407,494.93
67.4076,32.305,9.608,3.592,12.189,44.334,24.164,14.6774,0.1713,0.2102,0.199,530.24,84.45,85.095,85.3725,82.26,83.4075,82.0425,40.2973,510.63,20.3411,494.84
67.2701,32.3,9.61,3.546,12.188,44.604,24.164,14.6749,0.1706,0.2099,0.1987,530.04,84.465,85.11,85.38,82.2225,83.445,82.065,40.2694,510.51,20.3415,494.78
67.1826,32.3,9.608,3.499,12.189,45.102,24.241,14.6724,0.1702,0.2095,0.1982,529.92,84.4575,85.155,85.35,82.2675,83.46,82.08,40.2419,510.39,20.3419,494.69
67.0951,32.3,9.601,3.481,12.189,45.39,24.428,14.6699,0.1704,0.2092,0.1979,529.8,84.465,85.1325,85.3425,82.305,83.4975,82.0875,40.2075,510.33,20.3424,494.6
67.0076,32.3,9.595,3.516,12.187,45.492,24.6205,14.6674,0.1713,0.2091,0.1978,529.72,84.435,85.155,85.3275,82.3275,83.52,82.1175,40.177,510.24,20.3428,494.54
66.9201,32.3,9.591,3.591,12.187,45.444,24.736,14.6649,0.1721,0.2091,0.1979,529.64,84.4875,85.17,85.29,82.32,83.55,82.065,40.1431,510.18,20.3432,494.45
66.8832,32.305,9.589,3.659,12.186,45.306,24.7745,14.6624,0.1725,0.2093,0.198,529.6,84.5475,85.1625,85.335,82.365,83.55,82.0275,40.1133,510.09,20.3436,494.39
66.7964,32.305,9.589,3.682,12.186,45.06,24.7415,14.6599,0.1723,0.2095,0.1983,529.48,84.54,85.2075,85.3275,82.3425,83.4975,82.065,40.0875,509.97,20.344,494.3
66.7601,32.31,9.593,3.663,12.185,44.778,24.648,14.6574,0.1719,0.2098,0.1985,529.36,84.6,85.155,85.275,82.3125,83.52,82.0875,40.0661,509.82,20.3444,494.24
66.6738,32.31,9.599,3.617,12.184,44.484,24.5105,14.6635,0.1714,0.2101,0.1988,529.2,84.5475,85.1925,85.275,82.3425,83.5425,82.095,40.0489,509.64,20.3449,494.15
66.5876,32.31,9.606,3.566,12.183,44.562,24.3675,14.6613,0.1707,0.2099,0.1988,529,84.5925,85.1475,85.2975,82.35,83.4975,82.08,40.025,509.52,20.3453,494.06
66.5013,32.31,9.609,3.511,12.183,45.162,24.3235,14.659,0.1698,0.2094,0.1982,528.88,84.585,85.17,85.305,82.2975,83.4525,82.05,39.9978,509.43,20.3457,494
66.3645,32.305,9.603,3.456,12.184,45.546,24.4775,14.6568,0.1696,0.209,0.1978,528.8,84.63,85.2,85.3275,82.29,83.49,82.065,39.9635,509.4,20.3461,493.91
66.3282,32.31,9.596,3.451,12.184,45.804,24.6755,14.6546,0.1702,0.2087,0.1975,528.8,84.66,85.1775,85.2975,82.3275,83.4975,82.0575,39.9217,509.43,20.3465,493.85
66.242,32.31,9.589,3.515,12.182,45.984,24.8515,14.6524,0.1712,0.2086,0.1973,528.8,84.69,85.2075,85.3125,82.3425,83.475,82.05,39.8874,509.4,20.3469,493.76
66.2063,32.315,9.583,3.6,12.182,45.924,24.978,14.6501,0.1719,0.2086,0.1974,528.76,84.705,85.1625,85.275,82.3275,83.5125,82.065,39.8456,509.43,20.3474,493.67
66.1714,32.32,9.581,3.66,12.181,45.828,25.033,14.6479,0.1721,0.2087,0.1975,528.8,84.675,85.17,85.2525,82.305,83.49,82.035,39.8151,509.37,20.3478,493.61
66.0864,32.32,9.58,3.673,12.181,45.624,25.011,14.6457,0.1718,0.209,0.1977,528.76,84.72,85.2,85.305,82.2975,83.4975,82.05,39.8655,509.31,20.3482,493.52
66.052,32.325,9.583,3.646,12.181,45.336,24.9505,14.6435,0.1714,0.2093,0.198,528.68,84.705,85.17,85.35,82.2675,83.4975,82.0125,39.9238,509.19,20.3486,493.46
66.0182,32.33,9.587,3.603,12.18,45.03,24.846,14.6413,0.171,0.2095,0.1983,528.56,84.6825,85.17,85.3425,82.3125,83.46,82.0125,39.9862,509.04,20.349,493.37
65.9345,32.33,9.593,3.56,12.179,44.736,24.7085,14.639,0.1706,0.2098,0.1986,528.4,84.6675,85.125,85.365,82.29,83.4375,82.0125,40.053,508.86,20.3494,493.31
65.8507,32.33,9.6,3.523,12.178,44.424,24.56,14.6454,0.1705,0.2101,0.1989,528.2,84.705,85.125,85.3725,82.335,83.4675,82.035,40.1206,508.68,20.3498,493.22
65.767,32.33,9.609,3.494,12.178,44.916,24.395,14.6435,0.1699,0.2096,0.1984,528.04,84.645,85.14,85.3425,82.38,83.43,81.99,40.1701,508.65,20.3503,493.13
65.6832,32.33,9.607,3.455,12.177,45.294,24.461,14.6415,0.1695,0.2093,0.1981,527.96,84.66,85.1475,85.3275,82.395,83.46,81.975,40.2197,508.62,20.3507,493.07
65.5995,32.33,9.603,3.434,12.179,45.546,24.5985,14.6396,0.1699,0.209,0.1978,527.96,84.645,85.14,85.2825,82.41,83.46,81.93,40.2544,508.71,20.3511,492.98
65.5664,32.335,9.598,3.478,12.178,45.786,24.747,14.6376,0.1708,0.2089,0.1975,528.04,84.6675,85.1625,85.29,82.35,83.475,81.9375,40.2925,508.77,20.3515,492.92
65.5339,32.34,9.593,3.562,12.178,45.804,24.879,14.6357,0.1718,0.2088,0.1975,528.12,84.6375,85.14,85.2825,82.3725,83.475,81.93,40.3304,508.83,20.3519,492.83
65.502,32.345,9.591,3.642,12.177,45.714,24.956,14.6338,0.1724,0.2089,0.1976,528.2,84.6075,85.1175,85.2825,82.335,83.49,81.9525,40.3642,508.92,20.3523,492.77
65.5214,32.355,9.59,3.69,12.177,45.558,24.956,14.6318,0.1725,0.209,0.1978,528.28,84.5625,85.1175,85.2675,82.38,83.505,81.96,40.394,509.04,20.3528,492.68
65.4914,32.36,9.592,3.696,12.177,45.606,24.912,14.6385,0.1722,0.209,0.1978,528.4,84.5625,85.1475,85.305,82.395,83.55,81.945,40.4307,509.1,20.3532,492.62
65.462,32.365,9.592,3.665,12.176,45.546,24.912,14.6368,0.1717,0.209,0.1978,528.48,84.5625,85.155,85.305,82.3425,83.58,81.93,40.4598,509.22,20.3536,492.53
65.4332,32.37,9.593,3.631,12.176,45.486,24.8955,14.6351,0.1716,0.2091,0.1979,528.56,84.525,85.14,85.26,82.3125,83.6175,81.9375,40.4958,509.28,20.354,492.47
65.4051,32.375,9.594,3.622,12.178,45.366,24.868,14.6335,0.1718,0.2093,0.198,528.64,84.54,85.125,85.2675,82.2975,83.58,81.9675,40.5353,509.31,20.3544,492.38
65.3776,32.38,9.597,3.636,12.177,45.216,24.8295,14.6318,0.1722,0.2094,0.1982,528.68,84.5325,85.14,85.26,82.245,83.5875,81.9525,40.5748,509.34,20.3548,492.32
65.3507,32.385,9.6,3.656,12.178,45.066,24.769,14.6301,0.1724,0.2095,0.1983,528.72,84.4875,85.155,85.29,82.2225,83.6025,81.915,40.6103,509.4,20.3553,492.26
65.3245,32.39,9.603,3.667,12.177,45.036,24.703,14.6285,0.1723,0.2096,0.1983,528.76,84.45,85.1775,85.32,82.2675,83.6325,81.9675,40.6494,509.43,20.3557,492.17
65.2989,32.395,9.606,3.657,12.177,45.006,24.6645,14.6268,0.1721,0.2095,0.1984,528.8,84.48,85.1625,85.3125,82.305,83.625,82.005,40.6808,509.52,20.3561,492.11
65.2739,32.4,9.609,3.637,12.177,45.312,24.6315,14.6337,0.1717,0.2094,0.1981,528.88,84.525,85.1625,85.29,82.3425,83.595,81.9675,40.7157,509.58,20.3565,492.05
65.2495,32.405,9.606,3.615,12.176,45.474,24.714,14.6324,0.1716,0.2092,0.1979,528.96,84.5475,85.17,85.32,82.3575,83.5575,81.99,40.7465,509.67,20.3569,491.96
65.2258,32.41,9.604,3.616,12.177,45.522,24.8075,14.631,0.1721,0.2092,0.1979,529.08,84.5325,85.1775,85.335,82.3425,83.55,82.0275,40.777,509.76,20.3573,491.9
65.2532,32.42,9.602,3.652,12.178,45.48,24.8625,14.6296,0.1727,0.2091,0.1979,529.16,84.585,85.1775,85.3275,82.38,83.5725,82.0125,40.7996,509.91,20.3577,491.84
65.2314,32.425,9.602,3.703,12.178,45.528,24.8845,14.6282,0.1731,0.2091,0.1979,529.32,84.5925,85.14,85.2825,82.41,83.58,82.0425,40.8253,510.03,20.3582,491.78
65.2607,32.435,9.601,3.734,12.178,45.492,24.9065,14.6268,0.1732,0.2091,0.1979,529.4,84.63,85.1325,85.2825,82.4325,83.58,82.0875,40.8468,510.18,20.3586,491.69
65.2407,32.44,9.601,3.74,12.178,45.66,24.923,14.634,0.1729,0.209,0.1978,529.56,84.6075,85.0875,85.2375,82.4475,83.61,82.11,40.8714,510.3,20.359,491.63
65.272,32.45,9.598,3.726,12.178,45.732,24.9835,14.6329,0.1727,0.209,0.1977,529.72,84.585,85.0725,85.245,82.395,83.565,82.08,40.8918,510.45,20.3594,491.57
65.2539,32.455,9.597,3.715,12.179,45.732,25.0385,14.6318,0.1728,0.209,0.1977,529.84,84.5775,85.0875,85.275,82.395,83.55,82.0725,40.9154,510.57,20.3598,491.51
65.287,32.465,9.596,3.723,12.18,45.69,25.0715,14.6307,0.1731,0.209,0.1978,530,84.6225,85.0575,85.29,82.3725,83.4975,82.0725,40.9422,510.66,20.3602,491.45
65.2707,32.47,9.595,3.746,12.18,45.552,25.0825,14.6382,0.1734,0.2092,0.1979,530.08,84.5775,85.02,85.29,82.3725,83.5275,82.095,40.9687,510.75,20.3607,491.39
65.3057,32.48,9.597,3.77,12.181,45.402,25.0605,14.6374,0.1736,0.2093,0.1981,530.16,84.5475,84.9825,85.2525,82.35,83.49,82.125,40.9948,510.84,20.3611,491.33
65.342,32.49,9.599,3.78,12.181,45.294,25.011,14.6365,0.1736,0.2094,0.1982,530.28,84.54,84.96,85.29,82.32,83.5125,82.0725,41.0243,510.9,20.3615,491.27
65.3289,32.495,9.602,3.771,12.183,45.162,24.9505,14.6357,0.1734,0.2095,0.1983,530.32,84.54,84.9975,85.2825,82.2825,83.5575,82.065,41.0535,510.96,20.3619,491.21
65.367,32.505,9.605,3.752,12.183,45.054,24.89,14.6349,0.1732,0.2098,0.1984,530.4,84.5925,85.005,85.2675,82.32,83.58,82.0275,41.0901,510.96,20.3623,491.15
65.3557,32.51,9.608,3.734,12.184,44.892,24.8295,14.634,0.1732,0.2098,0.1986,530.4,84.615,85.0575,85.2375,82.29,83.6175,82.0125,41.1266,510.96,20.3627,491.09
65.3958,32.52,9.613,3.726,12.184,44.79,24.758,14.6418,0.1732,0.21,0.1987,530.4,84.6375,85.0425,85.275,82.2975,83.595,82.0275,41.1631,510.96,20.3632,491.03
65.3864,32.525,9.617,3.722,12.184,44.706,24.6975,14.6413,0.1732,0.21,0.1988,530.4,84.585,85.0275,85.26,82.3275,83.565,82.065,41.1921,511.02,20.3636,491
65.3776,32.53,9.621,3.719,12.184,45.336,24.648,14.6407,0.1727,0.2094,0.1982,530.44,84.555,85.0275,85.29,82.32,83.52,82.0275,41.2171,511.11,20.364,490.94
65.3695,32.535,9.615,3.692,12.187,45.774,24.802,14.6401,0.1724,0.209,0.1978,530.56,84.5175,85.0725,85.2675,82.305,83.565,82.0725,41.2343,511.26,20.3644,490.88
65.4126,32.545,9.607,3.679,12.188,46.158,25.0165,14.6396,0.1726,0.2086,0.1974,530.72,84.525,85.0275,85.2225,82.335,83.5125,82.0275,41.2433,511.47,20.3648,490.82
65.4064,32.55,9.598,3.718,12.188,46.506,25.242,14.6476,0.1733,0.2083,0.197,530.92,84.555,85.0275,85.2375,82.3725,83.4975,81.9975,41.2477,511.71,20.3652,490.76
65.4514,32.56,9.589,3.788,12.189,46.8,25.451,14.6474,0.174,0.2081,0.1968,531.16,84.57,85.065,85.2075,82.3575,83.5275,81.96,41.2511,511.95,20.3656,490.7
65.4976,32.57,9.581,3.856,12.188,47.034,25.638,14.6471,0.1745,0.2077,0.1965,531.44,84.57,85.11,85.17,82.305,83.5125,81.945,41.2423,512.28,20.3661,490.67
65.5957,32.585,9.572,3.905,12.191,47.28,25.803,14.6468,0.1747,0.2076,0.1963,531.76,84.57,85.14,85.2225,82.29,83.505,81.9525,41.2434,512.52,20.3665,490.61
65.6451,32.595,9.563,3.931,12.192,47.43,25.957,14.6465,0.1748,0.2074,0.1961,532.04,84.6075,85.14,85.2675,82.29,83.49,81.915,41.2398,512.79,20.3669,490.55
65.6957,32.605,9.556,3.948,12.192,47.514,26.1055,14.6549,0.1749,0.2074,0.1961,532.28,84.5925,85.095,85.275,82.305,83.5275,81.9375,41.2389,513.03,20.3673,490.52
65.7982,32.62,9.549,3.964,12.193,47.538,26.2155,14.6549,0.175,0.2073,0.1961,532.52,84.6,85.0575,85.3125,82.3425,83.4825,81.9525,41.2332,513.3,20.3677,490.46
65.852,32.63,9.544,3.98,12.193,47.562,26.2925,14.6549,0.1751,0.2072,0.1961,532.8,84.5775,85.035,85.2675,82.3275,83.49,81.99,41.2303,513.54,20.3681,490.43
65.907,32.64,9.539,3.989,12.195,47.568,26.331,14.6549,0.1751,0.2072,0.1961,533.08,84.5475,85.08,85.305,82.3425,83.4975,81.9675,41.2263,513.78,20.3686,490.37
66.0139,32.655,9.536,3.992,12.195,47.544,26.3695,14.6549,0.1751,0.2073,0.1961,533.32,84.585,85.035,85.32,82.3725,83.4525,81.9825,41.2251,513.99,20.369,490.34
66.072,32.665,9.534,3.992,12.196,47.478,26.386,14.6549,0.1751,0.2074,0.1961,533.56,84.5625,85.05,85.305,82.4175,83.445,81.9525,41.2306,514.14,20.3694,490.31
66.1314,32.675,9.533,3.992,12.197,47.364,26.3915,14.6635,0.1751,0.2075,0.1963,533.72,84.5475,85.0425,85.26,82.3875,83.4225,81.9975,41.2355,514.29,20.3698,490.28
66.192,32.685,9.533,3.992,12.197,47.22,26.3695,14.6638,0.1751,0.2077,0.1964,533.84,84.5475,85.065,85.2675,82.425,83.4225,82.0425,41.2473,514.38,20.3702,490.22
66.2539,32.695,9.535,3.99,12.198,47.04,26.3255,14.664,0.1751,0.2079,0.1966,533.96,84.555,85.065,85.3125,82.4175,83.3925,82.0425,41.2625,514.44,20.3706,490.19
66.317,32.705,9.538,3.983,12.201,46.8,26.2485,14.6643,0.1751,0.2081,0.1969,534,84.585,85.065,85.275,82.4475,83.3925,82.035,41.2812,514.47,20.3711,490.16
66.3814,32.715,9.542,3.973,12.202,46.56,26.1495,14.6646,0.175,0.2082,0.1971,534.04,84.615,85.05,85.29,82.4775,83.385,81.9975,41.296,514.53,20.3715,490.13
66.447,32.725,9.548,3.958,12.202,46.362,26.034,14.6735,0.1749,0.2086,0.1973,534.08,84.5925,85.0275,85.2525,82.5,83.4375,82.035,41.3219,514.5,20.3719,490.1
66.5139,32.735,9.553,3.935,12.203,46.11,25.913,14.674,0.1747,0.2089,0.1976,534.08,84.585,85.005,85.2825,82.44,83.4075,82.035,41.3516,514.44,20.3723,490.04
66.5314,32.74,9.561,3.912,12.204,45.726,25.792,14.6746,0.1747,0.2093,0.198,534,84.63,85.0275,85.275,82.4625,83.3925,82.065,41.3854,514.35,20.3727,490.01
66.6001,32.75,9.57,3.897,12.207,45.312,25.6105,14.6751,0.1748,0.2096,0.1984,533.92,84.66,85.005,85.32,82.4925,83.43,82.0275,41.4195,514.26,20.3731,489.98
66.6195,32.755,9.581,3.885,12.208,44.964,25.4015,14.6843,0.1746,0.21,0.1988,533.84,84.6825,84.9675,85.3425,82.47,83.4075,82.0125,41.4615,514.11,20.3735,489.95
66.6901,32.765,9.592,3.86,12.209,44.64,25.198,14.6851,0.1744,0.2102,0.1991,533.68,84.675,84.975,85.3425,82.455,83.46,81.99,41.5003,513.99,20.374,489.92
66.6608,32.765,9.604,3.824,12.211,45.096,25,14.686,0.1735,0.2098,0.1987,533.52,84.6375,84.96,85.29,82.4775,83.49,82.035,41.5358,513.9,20.3744,489.89
66.682,32.77,9.604,3.76,12.213,45.402,25.0385,14.6868,0.1728,0.2097,0.1984,533.44,84.66,84.9675,85.32,82.425,83.4675,82.0575,41.568,513.84,20.3748,489.86
66.7039,32.775,9.603,3.715,12.215,45.54,25.154,14.6876,0.1731,0.2094,0.1982,533.4,84.63,84.9675,85.35,82.425,83.5125,82.08,41.5929,513.84,20.3752,489.8
66.7264,32.78,9.601,3.739,12.215,45.714,25.264,14.6885,0.1738,0.2093,0.1981,533.4,84.585,84.975,85.335,82.4475,83.4975,82.0575,41.614,513.87,20.3756,489.77
66.7495,32.785,9.599,3.806,12.216,45.87,25.3575,14.6893,0.1745,0.2092,0.1979,533.44,84.555,85.0275,85.305,82.4625,83.475,82.0275,41.635,513.9,20.376,489.74
66.8239,32.795,9.596,3.868,12.217,45.984,25.4455,14.6987,0.1749,0.2091,0.1978,533.44,84.51,85.05,85.26,82.425,83.43,82.0575,41.6522,513.96,20.3765,489.71
66.8489,32.8,9.594,3.907,12.218,46.044,25.5225,14.6999,0.1751,0.209,0.1978,533.52,84.5475,85.005,85.305,82.4475,83.4525,82.0275,41.6728,513.99,20.3769,489.68
66.9251,32.81,9.592,3.923,12.219,46.05,25.5775,14.701,0.1752,0.209,0.1978,533.56,84.5625,85.005,85.35,82.395,83.4675,82.0275,41.6896,514.05,20.3773,489.62
67.0026,32.82,9.591,3.929,12.222,46.014,25.594,14.7021,0.1752,0.209,0.1978,533.6,84.6075,84.99,85.3725,82.35,83.475,82.0125,41.7061,514.11,20.3777,489.59
67.0308,32.825,9.591,3.932,12.222,45.966,25.583,14.7032,0.1753,0.209,0.1979,533.68,84.6525,84.96,85.32,82.3575,83.5125,82.0275,41.7149,514.23,20.3781,489.56
67.1101,32.835,9.592,3.934,12.224,45.948,25.5555,14.7043,0.1753,0.2092,0.1979,533.8,84.615,84.9825,85.2825,82.3125,83.4675,81.9975,41.7344,514.26,20.3785,489.53
67.1401,32.84,9.592,3.933,12.225,45.876,25.539,14.7054,0.1753,0.2092,0.1979,533.84,84.645,84.9675,85.245,82.3275,83.4375,82.05,41.7501,514.32,20.379,489.5
67.1707,32.845,9.594,3.933,12.225,45.81,25.5225,14.7065,0.1753,0.2093,0.198,533.88,84.645,84.945,85.215,82.365,83.43,82.05,41.7693,514.35,20.3794,489.47
67.2526,32.855,9.595,3.934,12.226,45.726,25.495,14.7076,0.1754,0.2094,0.1981,533.92,84.6675,84.96,85.26,82.3125,83.445,82.0275,41.7921,514.35,20.3798,489.44
67.2851,32.86,9.597,3.934,12.228,45.618,25.4565,14.7087,0.1754,0.2095,0.1982,533.92,84.66,84.9975,85.2525,82.335,83.4525,81.9975,41.8112,514.38,20.3802,489.41
67.3182,32.865,9.6,3.932,12.228,45.516,25.4125,14.7099,0.1754,0.2096,0.1983,533.96,84.675,84.99,85.2225,82.3725,83.4825,82.0125,41.8339,514.38,20.3806,489.38
67.4026,32.875,9.602,3.927,12.229,45.408,25.3575,14.711,0.1754,0.2097,0.1984,533.92,84.645,85.035,85.2075,82.3275,83.49,82.065,41.8566,514.38,20.381,489.35
67.4376,32.88,9.605,3.921,12.229,45.324,25.3025,14.7121,0.1753,0.2097,0.1985,533.96,84.6675,85.05,85.215,82.35,83.4525,82.0725,41.8756,514.41,20.3814,489.32
67.4732,32.885,9.608,3.913,12.23,45.294,25.2475,14.7132,0.1752,0.2098,0.1985,534,84.66,85.0725,85.215,82.2975,83.4525,82.08,41.8982,514.41,20.3819,489.29
67.5095,32.89,9.611,3.903,12.231,45.228,25.2035,14.7143,0.1752,0.2098,0.1986,533.96,84.645,85.035,85.185,82.335,83.4525,82.1025,41.9207,514.41,20.3823,489.26
67.5464,32.895,9.614,3.897,12.232,45.174,25.176,14.7154,0.1752,0.2098,0.1987,533.96,84.6225,85.065,85.1625,82.365,83.505,82.125,41.9396,514.44,20.3827,489.23
67.5839,32.9,9.616,3.897,12.232,45.18,25.143,14.7165,0.1752,0.2099,0.1987,534,84.6525,85.035,85.155,82.3725,83.5125,82.155,41.962,514.44,20.3831,489.2
67.622,32.905,9.617,3.897,12.233,45.18,25.121,14.7262,0.1753,0.2099,0.1987,534,84.69,85.005,85.1925,82.365,83.475,82.17,41.9845,514.44,20.3835,489.17
67.6608,32.91,9.619,3.897,12.234,45.174,25.1155,14.7276,0.1753,0.2099,0.1987,534,84.6825,85.005,85.17,82.3275,83.4675,82.1325,42.007,514.44,20.3839,489.14
67.7001,32.915,9.62,3.9,12.235,45.168,25.1155,14.729,0.1754,0.2099,0.1987,534,84.705,85.0575,85.2225,82.2825,83.5125,82.1325,42.0257,514.47,20.3844,489.11
67.7401,32.92,9.621,3.906,12.237,45.18,25.1045,14.7218,0.1754,0.2098,0.1987,534.04,84.645,85.0725,85.275,82.29,83.4675,82.125,42.0443,514.5,20.3848,489.08
67.7808,32.925,9.621,3.911,12.238,45.228,25.099,14.7229,0.1754,0.2098,0.1986,534.08,84.6225,85.11,85.32,82.3275,83.5125,82.14,42.0627,514.53,20.3852,489.05
67.822,32.93,9.621,3.913,12.238,45.276,25.11,14.724,0.1755,0.2098,0.1986,534.12,84.645,85.1025,85.335,82.2825,83.505,82.1175,42.0773,514.59,20.3856,489.02
67.8639,32.935,9.621,3.915,12.238,45.342,25.143,14.7251,0.1755,0.2098,0.1985,534.16,84.6825,85.0875,85.305,82.335,83.4975,82.065,42.0917,514.65,20.386,488.99
67.9064,32.94,9.62,3.921,12.238,45.402,25.176,14.7349,0.1756,0.2098,0.1985,534.24,84.705,85.065,85.275,82.335,83.5425,82.02,42.1095,514.68,20.3864,488.96
67.9495,32.945,9.619,3.931,12.239,45.456,25.2145,14.7362,0.1757,0.2097,0.1984,534.28,84.7275,85.0875,85.2975,82.3575,83.5575,82.035,42.1235,514.74,20.3869,488.93
67.9933,32.95,9.617,3.941,12.241,45.504,25.2475,14.7376,0.1758,0.2097,0.1984,534.32,84.6825,85.095,85.3275,82.32,83.55,81.9825,42.1372,514.8,20.3873,488.9
68.0883,32.96,9.616,3.952,12.242,45.528,25.2805,14.739,0.1759,0.2097,0.1984,534.4,84.6975,85.125,85.365,82.3275,83.595,81.9975,42.1545,514.83,20.3877,488.87
68.1339,32.965,9.615,3.962,12.244,45.54,25.3025,14.7404,0.176,0.2096,0.1983,534.44,84.6525,85.1475,85.38,82.365,83.55,81.975,42.1641,514.92,20.3881,488.87
68.1801,32.97,9.614,3.971,12.244,45.564,25.319,14.7418,0.176,0.2095,0.1983,534.52,84.69,85.1325,85.3575,82.35,83.565,81.975,42.1733,515.01,20.3885,488.84
68.227,32.975,9.613,3.976,12.244,45.612,25.3355,14.7432,0.176,0.2095,0.1983,534.6,84.6375,85.1175,85.35,82.3275,83.5425,81.9525,42.1822,515.1,20.3889,488.81
68.2745,32.98,9.612,3.978,12.246,45.66,25.352,14.736,0.176,0.2094,0.1982,534.68,84.63,85.08,85.38,82.275,83.535,81.99,42.1945,515.16,20.3893,488.78
68.3226,32.985,9.61,3.979,12.246,45.702,25.3795,14.7371,0.1761,0.2094,0.1982,534.76,84.6525,85.0875,85.3575,82.3275,83.535,81.9975,42.199,515.28,20.3898,488.75
68.3714,32.99,9.609,3.984,12.247,45.78,25.4125,14.7468,0.1761,0.2093,0.1981,534.92,84.615,85.0875,85.305,82.2825,83.52,82.02,42.1993,515.43,20.3902,488.72
68.4207,32.995,9.607,3.99,12.246,45.876,25.451,14.7482,0.1761,0.2092,0.198,535.04,84.66,85.05,85.35,82.2975,83.535,81.975,42.2065,515.52,20.3906,488.72
68.4708,33,9.604,3.995,12.247,45.96,25.506,14.7496,0.1762,0.2092,0.1979,535.16,84.6675,85.08,85.38,82.32,83.535,81.9825,42.2133,515.61,20.391,488.69
68.5214,33.005,9.602,4.003,12.249,46.002,25.5555,14.751,0.1763,0.209,0.1979,535.24,84.645,85.0575,85.41,82.2975,83.55,81.945,42.2161,515.73,20.3914,488.66
68.5726,33.01,9.6,4.015,12.25,46.068,25.605,14.7524,0.1764,0.2091,0.1978,535.36,84.6075,85.0875,85.4175,82.3425,83.5575,81.975,42.2258,515.79,20.3918,488.66
68.6751,33.02,9.597,4.026,12.25,46.068,25.638,14.7537,0.1765,0.209,0.1978,535.4,84.57,85.035,85.4175,82.35,83.595,81.9675,42.2315,515.88,20.3923,488.63
68.7282,33.025,9.596,4.036,12.252,46.068,25.671,14.7551,0.1766,0.209,0.1978,535.48,84.5925,85.0125,85.425,82.3725,83.625,81.9675,42.2369,515.97,20.3927,488.6
68.782,33.03,9.594,4.043,12.252,46.074,25.682,14.7565,0.1766,0.209,0.1978,535.6,84.6075,85.05,85.4625,82.4025,83.64,82.0125,42.2419,516.06,20.3931,488.6
68.8364,33.035,9.593,4.046,12.252,46.086,25.6985,14.7579,0.1766,0.209,0.1978,535.68,84.5775,85.02,85.4325,82.3725,83.655,82.0425,42.2503,516.12,20.3935,488.57
68.8914,33.04,9.592,4.046,12.254,46.062,25.704,14.7593,0.1766,0.2091,0.1979,535.76,84.5775,85.05,85.4025,82.3875,83.595,82.0125,42.2622,516.15,20.3939,488.54
68.947,33.045,9.592,4.046,12.254,45.99,25.7095,14.7521,0.1767,0.2091,0.1979,535.8,84.585,85.1025,85.425,82.35,83.6025,81.9975,42.2665,516.24,20.3943,488.54
69.0032,33.05,9.592,4.05,12.255,45.972,25.6985,14.7618,0.1767,0.2092,0.1979,535.88,84.6075,85.1025,85.4325,82.3875,83.565,82.0425,42.278,516.27,20.3948,488.51
69.0601,33.055,9.592,4.05,12.255,45.912,25.6765,14.7632,0.1767,0.2093,0.198,535.92,84.6375,85.125,85.4625,82.38,83.5425,82.0575,42.2893,516.3,20.3952,488.51
69.1176,33.06,9.593,4.047,12.255,45.834,25.6655,14.7646,0.1767,0.2094,0.1981,535.96,84.585,85.0875,85.455,82.3875,83.5575,82.095,42.3042,516.3,20.3956,488.48
69.1757,33.065,9.595,4.045,12.257,45.708,25.627,14.766,0.1767,0.2095,0.1982,535.96,84.6225,85.0575,85.44,82.3875,83.6025,82.0575,42.3229,516.27,20.396,488.48
69.2345,33.07,9.597,4.044,12.258,45.564,25.583,14.7673,0.1767,0.2096,0.1984,535.92,84.585,85.0575,85.44,82.4025,83.55,82.0875,42.338,516.27,20.3964,488.45
69.2939,33.075,9.6,4.042,12.258,45.438,25.517,14.7687,0.1767,0.2098,0.1985,535.92,84.57,85.0275,85.41,82.35,83.55,82.125,42.3568,516.24,20.3968,488.42
69.3033,33.075,9.603,4.034,12.259,45.33,25.44,14.7701,0.1766,0.2098,0.1986,535.88,84.5925,85.065,85.365,82.3125,83.52,82.1175,42.3683,516.27,20.3972,488.42
69.3632,33.08,9.607,4.021,12.26,45.312,25.374,14.7715,0.1764,0.2099,0.1986,535.92,84.6075,85.065,85.3125,82.275,83.4975,82.08,42.3871,516.24,20.3977,488.39
69.4239,33.085,9.609,4.004,12.26,45.258,25.3245,14.7729,0.1763,0.2099,0.1987,535.88,84.6225,85.0725,85.2825,82.29,83.5125,82.065,42.4023,516.24,20.3981,488.39
69.4345,33.085,9.612,3.992,12.262,45.234,25.297,14.7743,0.1763,0.2099,0.1987,535.88,84.645,85.0425,85.245,82.3125,83.4825,82.08,42.4212,516.21,20.3985,488.36
69.4958,33.09,9.614,3.989,12.262,45.198,25.2695,14.7757,0.1763,0.21,0.1987,535.84,84.6675,85.005,85.2225,82.275,83.46,82.1025,42.4403,516.18,20.3989,488.36
69.507,33.09,9.616,3.991,12.263,45.162,25.2475,14.7771,0.1764,0.2099,0.1988,535.8,84.6975,85.005,85.185,82.2525,83.46,82.14,42.452,516.21,20.3993,488.33
69.5689,33.095,9.618,3.995,12.263,45.504,25.231,14.7785,0.1762,0.2097,0.1984,535.84,84.72,84.9975,85.1925,82.2675,83.49,82.1025,42.4635,516.24,20.3997,488.33
69.5807,33.095,9.614,3.984,12.265,45.768,25.3135,14.7798,0.176,0.2094,0.1982,535.88,84.705,84.96,85.185,82.2975,83.49,82.0425,42.4712,516.3,20.4002,488.3
69.6432,33.1,9.61,3.977,12.266,46.002,25.44,14.7812,0.1761,0.2092,0.1979,535.96,84.675,84.9225,85.2075,82.2825,83.46,82.08,42.4749,516.39,20.4006,488.3
69.6557,33.1,9.604,3.994,12.266,46.2,25.5775,14.7826,0.1764,0.2089,0.1978,536.04,84.6525,84.9375,85.23,82.2825,83.415,82.05,42.4669,516.57,20.401,488.27
69.7189,33.105,9.599,4.028,12.267,46.41,25.6985,14.784,0.1767,0.2088,0.1975,536.2,84.69,84.945,85.1925,82.2975,83.445,82.095,42.4658,516.69,20.4014,488.27
69.7826,33.11,9.593,4.063,12.268,46.572,25.8085,14.7854,0.177,0.2086,0.1974,536.36,84.645,84.9675,85.245,82.3125,83.4375,82.1175,42.4566,516.87,20.4018,488.24
69.847,33.115,9.588,4.092,12.269,46.692,25.913,14.7868,0.1772,0.2086,0.1973,536.52,84.645,84.93,85.2525,82.2975,83.475,82.1175,42.458,516.96,20.4022,488.24
69.912,33.12,9.583,4.116,12.269,46.722,26.0065,14.7882,0.1774,0.2086,0.1973,536.64,84.5925,84.975,85.26,82.2825,83.4525,82.065,42.459,517.05,20.4027,488.21
69.9776,33.125,9.579,4.137,12.271,46.71,26.0725,14.7896,0.1776,0.2085,0.1973,536.72,84.5775,84.9525,85.275,82.305,83.49,82.0125,42.4521,517.2,20.4031,488.21
70.0439,33.13,9.576,4.153,12.271,46.692,26.1055,14.791,0.1777,0.2086,0.1973,536.88,84.585,84.9525,85.275,82.29,83.4375,82.05,42.4521,517.29,20.4035,488.21
70.1107,33.135,9.574,4.16,12.272,46.638,26.1165,14.7923,0.1777,0.2086,0.1973,537,84.54,84.9825,85.29,82.275,83.46,82.0125,42.4518,517.38,20.4039,488.18
70.1782,33.14,9.573,4.159,12.272,46.53,26.1165,14.7937,0.1777,0.2087,0.1974,537.08,84.5175,85.035,85.2825,82.275,83.445,81.96,42.4549,517.44,20.4043,488.18
70.2464,33.145,9.573,4.157,12.274,46.392,26.0835,14.7951,0.1777,0.2089,0.1976,537.12,84.54,85.0875,85.2825,82.2675,83.4975,81.93,42.4652,517.44,20.4047,488.18
70.2645,33.145,9.575,4.153,12.274,46.218,26.034,14.7965,0.1776,0.209,0.1978,537.16,84.5775,85.0425,85.3125,82.2375,83.535,81.9075,42.4681,517.5,20.4051,488.15
70.3332,33.15,9.578,4.146,12.274,46.056,25.9625,14.7979,0.1776,0.2091,0.1979,537.2,84.5625,85.0275,85.3125,82.275,83.5275,81.87,42.4782,517.5,20.4056,488.15
70.4026,33.155,9.581,4.134,12.276,45.9,25.869,14.7993,0.1775,0.2094,0.1981,537.2,84.525,85.065,85.365,82.245,83.55,81.9225,42.492,517.47,20.406,488.15
70.422,33.155,9.585,4.117,12.276,45.702,25.781,14.8007,0.1773,0.2095,0.1983,537.16,84.5775,85.1025,85.32,82.2375,83.565,81.8925,42.5098,517.41,20.4064,488.12
70.492,33.16,9.59,4.1,12.276,45.504,25.6875,14.8021,0.1772,0.2098,0.1985,537.12,84.585,85.14,85.2825,82.215,83.55,81.945,42.5277,517.35,20.4068,488.12
70.512,33.16,9.595,4.085,12.277,45.312,25.5775,14.8035,0.1771,0.2099,0.1987,537.04,84.615,85.185,85.32,82.185,83.55,81.9075,42.546,517.29,20.4072,488.12
70.5826,33.165,9.601,4.068,12.278,45.126,25.462,14.8048,0.177,0.2101,0.1988,536.96,84.6,85.155,85.35,82.155,83.565,81.885,42.5682,517.2,20.4076,488.09
70.6033,33.165,9.607,4.051,12.278,44.916,25.352,14.8062,0.1769,0.2102,0.1991,536.88,84.6375,85.1175,85.35,82.125,83.5125,81.8625,42.587,517.14,20.4081,488.09
70.6239,33.165,9.614,4.034,12.279,45.234,25.2365,14.8076,0.1764,0.21,0.1988,536.8,84.6075,85.0725,85.3875,82.155,83.4825,81.9225,42.6061,517.08,20.4085,488.09
70.6445,33.165,9.613,4,12.279,45.336,25.2695,14.809,0.1761,0.2099,0.1987,536.76,84.5625,85.11,85.395,82.1175,83.475,81.9825,42.6254,517.02,20.4089,488.09
70.6651,33.165,9.613,3.979,12.281,45.414,25.33,14.8104,0.1762,0.2098,0.1986,536.68,84.525,85.1025,85.335,82.1025,83.445,81.9975,42.6412,516.99,20.4093,488.06
70.6857,33.165,9.612,3.991,12.281,45.504,25.3795,14.8118,0.1765,0.2098,0.1985,536.68,84.585,85.1175,85.3425,82.0875,83.46,82.0425,42.6496,517.02,20.4097,488.06
70.7064,33.165,9.611,4.018,12.282,45.576,25.429,14.8132,0.1768,0.2097,0.1984,536.68,84.5625,85.065,85.38,82.0725,83.415,82.065,42.6616,517.02,20.4101,488.03
70.727,33.165,9.609,4.046,12.283,45.624,25.4675,14.8146,0.1771,0.2096,0.1984,536.68,84.615,85.065,85.3575,82.08,83.4,82.095,42.6699,517.05,20.4106,488.03
70.7982,33.17,9.608,4.066,12.284,45.66,25.495,14.8159,0.1772,0.2096,0.1983,536.72,84.6225,85.065,85.395,82.0875,83.43,82.05,42.6781,517.08,20.411,488.03
70.8195,33.17,9.607,4.079,12.284,45.672,25.517,14.8173,0.1773,0.2096,0.1983,536.76,84.5775,85.1175,85.4175,82.065,83.475,82.035,42.6861,517.11,20.4114,488
70.8407,33.17,9.607,4.086,12.284,45.666,25.528,14.8187,0.1773,0.2096,0.1984,536.8,84.5475,85.095,85.365,82.125,83.475,82.035,42.694,517.14,20.4118,488
70.862,33.17,9.607,4.09,12.286,45.636,25.528,14.8201,0.1774,0.2097,0.1984,536.84,84.5325,85.0575,85.395,82.155,83.52,82.0575,42.7056,517.14,20.4122,488
70.9338,33.175,9.607,4.092,12.286,45.576,25.517,14.8215,0.1775,0.2097,0.1984,536.84,84.4875,85.11,85.3425,82.185,83.55,82.05,42.7096,517.2,20.4126,487.97
70.9557,33.175,9.609,4.094,12.287,45.546,25.495,14.8229,0.1775,0.2097,0.1985,536.88,84.45,85.095,85.35,82.2225,83.55,82.08,42.7134,517.26,20.413,487.97
70.9776,33.175,9.609,4.093,12.288,45.546,25.4675,14.8243,0.1774,0.2097,0.1985,536.96,84.435,85.05,85.3725,82.185,83.55,82.0875,42.7207,517.29,20.4135,487.97
70.9995,33.175,9.61,4.088,12.289,45.528,25.451,14.8257,0.1774,0.2098,0.1985,536.96,84.5025,85.02,85.38,82.23,83.595,82.035,42.7279,517.32,20.4139,487.97
71.072,33.18,9.611,4.084,12.289,45.51,25.4455,14.8271,0.1774,0.2098,0.1985,537,84.555,85.0725,85.3725,82.2675,83.55,82.035,42.735,517.35,20.4143,487.94
71.0945,33.18,9.611,4.084,12.289,45.504,25.44,14.8284,0.1774,0.2098,0.1985,537.04,84.5925,85.1175,85.365,82.2975,83.5125,81.99,42.7457,517.35,20.4147,487.94
71.117,33.18,9.612,4.084,12.291,45.486,25.429,14.8298,0.1774,0.2098,0.1985,537.04,84.6075,85.1175,85.3125,82.305,83.5275,82.005,42.7527,517.38,20.4151,487.94
71.1395,33.18,9.612,4.084,12.291,45.468,25.4235,14.8312,0.1774,0.2098,0.1986,537.08,84.6375,85.0875,85.3575,82.2975,83.4825,81.96,42.7632,517.38,20.4155,487.91
71.162,33.18,9.613,4.086,12.291,45.444,25.4125,14.8326,0.1774,0.2098,0.1986,537.08,84.6,85.1175,85.3275,82.3275,83.49,82.0125,42.7738,517.38,20.416,487.91
71.1845,33.18,9.613,4.086,12.292,45.396,25.407,14.834,0.1775,0.2098,0.1986,537.08,84.57,85.1175,85.3125,82.2975,83.5275,81.9825,42.7844,517.38,20.4164,487.91
71.207,33.18,9.614,4.088,12.293,45.378,25.385,14.8354,0.1775,0.2098,0.1986,537.08,84.585,85.11,85.335,82.3125,83.5125,81.945,42.7875,517.44,20.4168,487.91
71.2801,33.185,9.615,4.087,12.293,45.426,25.3685,14.8368,0.1774,0.2098,0.1986,537.12,84.5625,85.1175,85.35,82.3575,83.55,81.9225,42.7941,517.47,20.4172,487.88
71.3032,33.185,9.615,4.082,12.293,45.474,25.3685,14.8382,0.1773,0.2098,0.1985,537.16,84.5625,85.155,85.35,82.395,83.5275,81.975,42.8043,517.47,20.4176,487.88
71.3263,33.185,9.615,4.077,12.295,45.474,25.3795,14.8396,0.1773,0.2098,0.1985,537.16,84.5925,85.17,85.32,82.3575,83.55,81.99,42.8145,517.47,20.418,487.88
71.3494,33.185,9.615,4.08,12.295,45.45,25.396,14.8409,0.1775,0.2098,0.1986,537.16,84.555,85.1625,85.32,82.395,83.5725,81.9825,42.8247,517.47,20.4185,487.88
71.3726,33.185,9.615,4.089,12.295,45.42,25.396,14.8423,0.1776,0.2098,0.1986,537.16,84.57,85.1925,85.3425,82.35,83.55,81.96,42.835,517.47,20.4189,487.85
71.3957,33.185,9.615,4.097,12.295,45.39,25.385,14.8437,0.1776,0.2099,0.1986,537.16,84.5775,85.1625,85.365,82.365,83.58,81.96,42.8452,517.47,20.4193,487.85
71.4188,33.185,9.616,4.1,12.296,45.36,25.3685,14.8451,0.1776,0.2099,0.1987,537.16,84.63,85.1775,85.335,82.3425,83.5425,81.96,42.8517,517.5,20.4197,487.85
71.4419,33.185,9.616,4.099,12.297,45.342,25.352,14.8465,0.1776,0.2099,0.1987,537.2,84.675,85.2225,85.32,82.3875,83.5575,81.9975,42.8618,517.5,20.4201,487.85
71.4651,33.185,9.617,4.096,12.297,45.336,25.3355,14.8479,0.1776,0.2098,0.1987,537.2,84.645,85.17,85.305,82.335,83.5125,81.96,42.8606,517.59,20.4205,487.85
71.4882,33.185,9.617,4.092,12.298,45.702,25.3245,14.8407,0.1772,0.2096,0.1983,537.28,84.6375,85.1175,85.29,82.335,83.5275,81.96,42.8666,517.62,20.4209,487.82
71.5113,33.185,9.613,4.076,12.298,45.954,25.4235,14.8418,0.177,0.2094,0.1981,537.32,84.675,85.155,85.305,82.29,83.49,81.9525,42.8649,517.71,20.4214,487.82
71.5344,33.185,9.607,4.07,12.298,46.158,25.561,14.8429,0.1771,0.2091,0.1979,537.4,84.66,85.155,85.305,82.2975,83.5275,81.9825,42.8667,517.77,20.4218,487.82
71.5576,33.185,9.602,4.09,12.297,46.314,25.6985,14.844,0.1775,0.209,0.1977,537.48,84.6675,85.1325,85.335,82.245,83.5425,81.975,42.8644,517.86,20.4222,487.82
71.5807,33.185,9.596,4.124,12.298,46.41,25.8085,14.8537,0.1779,0.2089,0.1976,537.6,84.6375,85.1325,85.2975,82.2075,83.505,81.96,42.858,517.98,20.4226,487.82
71.6544,33.19,9.592,4.159,12.298,46.47,25.8855,14.8551,0.1781,0.2087,0.1975,537.72,84.6225,85.17,85.335,82.2675,83.5125,81.99,42.8436,518.16,20.423,487.79
71.6782,33.19,9.588,4.186,12.298,46.548,25.9405,14.8565,0.1783,0.2087,0.1975,537.88,84.585,85.2075,85.32,82.2675,83.52,81.9525,42.836,518.28,20.4234,487.79
71.7019,33.19,9.584,4.199,12.3,46.59,25.9845,14.8493,0.1783,0.2086,0.1974,538,84.6075,85.17,85.275,82.2675,83.49,81.99,42.8242,518.43,20.4239,487.79
71.7763,33.195,9.581,4.206,12.302,46.644,26.023,14.8504,0.1783,0.2086,0.1974,538.16,84.5925,85.1775,85.26,82.29,83.4525,81.975,42.8155,518.55,20.4243,487.79
71.8007,33.195,9.578,4.209,12.301,46.638,26.056,14.8515,0.1784,0.2086,0.1974,538.28,84.5925,85.1325,85.23,82.245,83.43,81.99,42.8063,518.67,20.4247,487.79
71.8757,33.2,9.576,4.212,12.3,46.644,26.0945,14.8526,0.1784,0.2086,0.1974,538.4,84.555,85.1625,85.2075,82.26,83.4,81.9975,42.8042,518.73,20.4251,487.79
71.9007,33.2,9.574,4.215,12.301,46.578,26.1055,14.8537,0.1784,0.2087,0.1975,538.48,84.5775,85.2,85.2225,82.23,83.4525,82.035,42.8018,518.79,20.4255,487.79
71.9257,33.2,9.574,4.218,12.301,46.482,26.111,14.8548,0.1784,0.2089,0.1975,538.52,84.555,85.2075,85.2375,82.2075,83.4975,81.99,42.8067,518.79,20.4259,487.79
72.0013,33.205,9.574,4.219,12.301,46.326,26.078,14.8559,0.1785,0.209,0.1977,538.56,84.5475,85.23,85.29,82.2075,83.505,82.0125,42.8116,518.79,20.4264,487.79
72.0269,33.205,9.576,4.219,12.301,46.152,26.034,14.8571,0.1785,0.209,0.1979,538.56,84.5325,85.23,85.32,82.2525,83.4825,81.9675,42.809,518.85,20.4268,487.79
72.0526,33.205,9.578,4.212,12.301,46.026,25.9515,14.8582,0.1784,0.2092,0.198,538.6,84.5325,85.26,85.3425,82.2975,83.4975,81.9675,42.8136,518.85,20.4272,487.79
72.0782,33.205,9.581,4.197,12.303,45.888,25.8635,14.8593,0.1782,0.2094,0.1981,538.6,84.4875,85.2225,85.35,82.3275,83.5125,81.975,42.8258,518.79,20.4276,487.79
72.1038,33.205,9.585,4.177,12.303,45.714,25.7865,14.8604,0.1781,0.2095,0.1983,538.56,84.5475,85.17,85.365,82.29,83.4675,81.945,42.8344,518.76,20.428,487.79
72.1295,33.205,9.59,4.161,12.303,45.546,25.704,14.8615,0.178,0.2098,0.1985,538.48,84.555,85.1325,85.3275,82.275,83.43,81.9825,42.8545,518.64,20.4284,487.79
72.1551,33.205,9.594,4.147,12.303,45.336,25.605,14.8626,0.1779,0.21,0.1987,538.4,84.5775,85.14,85.32,82.26,83.4525,81.9375,42.8712,518.55,20.4288,487.79
72.1807,33.205,9.6,4.134,12.304,45.054,25.5005,14.8637,0.1779,0.2102,0.199,538.28,84.5775,85.17,85.35,82.23,83.445,81.9225,42.8959,518.4,20.4293,487.79
72.2063,33.205,9.607,4.123,12.304,44.748,25.3575,14.8648,0.1779,0.2105,0.1993,538.16,84.585,85.1175,85.335,82.275,83.4975,81.9075,42.9136,518.31,20.4297,487.79
72.1814,33.2,9.615,4.11,12.304,44.97,25.198,14.8659,0.1774,0.2103,0.1991,538.04,84.57,85.095,85.35,82.275,83.4675,81.9075,42.9317,518.22,20.4301,487.79
72.2064,33.2,9.617,4.07,12.305,45.06,25.1815,14.8671,0.1769,0.2102,0.199,537.92,84.5775,85.0725,85.3275,82.32,83.4525,81.96,42.9464,518.16,20.4305,487.79
72.1807,33.195,9.618,4.033,12.305,45.114,25.2145,14.8682,0.1768,0.2102,0.1989,537.88,84.5325,85.0575,85.335,82.3125,83.4225,81.9375,42.9651,518.07,20.4309,487.79
72.2051,33.195,9.618,4.028,12.306,45.102,25.2365,14.8693,0.1771,0.2102,0.1989,537.8,84.5025,85.095,85.3425,82.32,83.415,81.9075,42.9804,518.01,20.4313,487.79
72.1788,33.19,9.619,4.049,12.306,45.03,25.2475,14.8704,0.1775,0.2103,0.199,537.72,84.5325,85.0575,85.38,82.2825,83.4375,81.9525,42.996,517.95,20.4318,487.76
72.2026,33.19,9.621,4.078,12.307,44.91,25.2255,14.8715,0.1778,0.2104,0.1991,537.68,84.495,85.02,85.38,82.275,83.4,81.9675,43.008,517.92,20.4322,487.76
72.2263,33.19,9.624,4.099,12.307,44.808,25.176,14.8726,0.1779,0.2104,0.1992,537.6,84.51,85.0575,85.3575,82.2975,83.4225,81.96,43.0202,517.89,20.4326,487.76
72.1995,33.185,9.627,4.104,12.308,45.012,25.11,14.8737,0.1776,0.2103,0.199,537.6,84.495,85.065,85.4025,82.305,83.4675,82.005,43.0325,517.86,20.433,487.76
72.2226,33.185,9.626,4.084,12.308,45.126,25.1375,14.8748,0.1773,0.2102,0.1989,537.56,84.495,85.1025,85.4325,82.305,83.4975,82.0125,43.0411,517.86,20.4334,487.76
72.2457,33.185,9.625,4.064,12.309,45.24,25.187,14.8759,0.1772,0.2101,0.1988,537.6,84.5325,85.1325,85.4625,82.3125,83.52,82.005,43.0498,517.86,20.4338,487.76
72.2182,33.18,9.623,4.064,12.309,45.318,25.242,14.877,0.1774,0.2099,0.1987,537.56,84.57,85.1625,85.425,82.35,83.505,81.9975,43.0509,517.92,20.4343,487.76
72.2407,33.18,9.621,4.08,12.309,45.414,25.297,14.8782,0.1776,0.2099,0.1986,537.64,84.5925,85.17,85.4175,82.35,83.475,81.99,43.0555,517.95,20.4347,487.73
72.2632,33.18,9.619,4.102,12.31,45.486,25.341,14.8793,0.1778,0.2098,0.1986,537.64,84.6225,85.1925,85.4325,82.3725,83.4375,81.99,43.0563,518.01,20.4351,487.73
72.2351,33.175,9.617,4.121,12.31,45.552,25.385,14.8804,0.178,0.2098,0.1985,537.72,84.615,85.185,85.4025,82.3875,83.445,81.9675,43.0606,518.04,20.4355,487.73
72.257,33.175,9.615,4.135,12.311,45.594,25.418,14.8815,0.1781,0.2097,0.1984,537.76,84.63,85.14,85.35,82.425,83.4075,81.9975,43.0572,518.13,20.4359,487.73
72.2788,33.175,9.614,4.145,12.311,45.654,25.4455,14.8826,0.1781,0.2097,0.1984,537.84,84.6,85.1775,85.38,82.365,83.4075,82.02,43.0573,518.19,20.4363,487.73
72.3007,33.175,9.612,4.15,12.312,45.672,25.4675,14.8837,0.1782,0.2097,0.1984,537.92,84.5925,85.2,85.3575,82.35,83.3775,81.9825,43.0608,518.22,20.4367,487.73
72.3226,33.175,9.611,4.155,12.312,45.648,25.484,14.8762,0.1782,0.2097,0.1984,537.92,84.555,85.1775,85.365,82.3875,83.34,81.9825,43.0643,518.25,20.4372,487.73
72.3445,33.175,9.61,4.162,12.312,45.6,25.4895,14.8771,0.1784,0.2098,0.1984,537.96,84.5625,85.14,85.335,82.3425,83.325,81.93,43.0714,518.25,20.4376,487.73
72.3663,33.175,9.61,4.168,12.312,45.552,25.4785,14.8779,0.1784,0.2098,0.1985,538,84.5625,85.1175,85.35,82.3275,83.3175,81.9675,43.0709,518.31,20.438,487.73
72.3882,33.175,9.61,4.17,12.311,45.516,25.4675,14.8787,0.1784,0.2098,0.1985,538.04,84.5325,85.0725,85.365,82.35,83.31,81.9375,43.074,518.34,20.4384,487.7
72.4101,33.175,9.611,4.166,12.311,45.492,25.4455,14.8796,0.1783,0.2098,0.1986,538.08,84.495,85.1025,85.41,82.3425,83.3475,81.975,43.0769,518.37,20.4388,487.7
72.432,33.175,9.611,4.159,12.311,45.456,25.429,14.889,0.1782,0.2099,0.1986,538.12,84.4725,85.1025,85.4025,82.38,83.3925,82.005,43.0835,518.37,20.4392,487.7
72.4032,33.17,9.612,4.153,12.311,45.402,25.4125,14.8901,0.1782,0.2098,0.1987,538.08,84.51,85.0575,85.4175,82.365,83.43,82.02,43.0826,518.43,20.4397,487.7
72.4244,33.17,9.613,4.151,12.311,45.504,25.3905,14.8912,0.1781,0.2098,0.1985,538.16,84.54,85.0725,85.4175,82.395,83.445,82.005,43.0852,518.46,20.4401,487.7
72.4457,33.17,9.612,4.143,12.313,45.582,25.396,14.8837,0.178,0.2097,0.1984,538.2,84.5625,85.1175,85.3575,82.3575,83.4075,82.005,43.0839,518.52,20.4405,487.7
72.4669,33.17,9.611,4.136,12.314,45.648,25.4235,14.8846,0.178,0.2097,0.1984,538.24,84.585,85.125,85.3275,82.3725,83.43,82.0425,43.0899,518.52,20.4409,487.7
72.4882,33.17,9.609,4.138,12.314,45.684,25.4565,14.8854,0.1781,0.2096,0.1984,538.28,84.5775,85.1475,85.335,82.335,83.4825,82.02,43.0921,518.55,20.4413,487.7
72.4588,33.165,9.608,4.148,12.312,45.69,25.4895,14.8862,0.1782,0.2096,0.1984,538.28,84.555,85.1325,85.3425,82.3725,83.52,82.005,43.0942,518.58,20.4417,487.7
72.4795,33.165,9.607,4.161,12.312,45.678,25.5115,14.8871,0.1784,0.2096,0.1984,538.32,84.525,85.11,85.3425,82.3875,83.4675,82.0425,43.0962,518.61,20.4422,487.7
72.5001,33.165,9.606,4.172,12.313,45.666,25.517,14.8879,0.1784,0.2096,0.1984,538.36,84.57,85.125,85.2975,82.4175,83.445,82.08,43.098,518.64,20.4426,487.7
72.5207,33.165,9.606,4.176,12.313,45.666,25.517,14.8887,0.1784,0.2096,0.1984,538.4,84.525,85.095,85.2525,82.3875,83.4225,82.0875,43.096,518.7,20.443,487.7
72.5413,33.165,9.605,4.176,12.313,45.66,25.5115,14.8896,0.1784,0.2096,0.1984,538.44,84.51,85.1025,85.29,82.335,83.445,82.1175,43.0975,518.73,20.4434,487.7
72.562,33.165,9.605,4.173,12.313,45.654,25.5115,14.8904,0.1784,0.2096,0.1984,538.48,84.4725,85.08,85.3125,82.3425,83.4825,82.14,43.0989,518.76,20.4438,487.7
72.5826,33.165,9.605,4.171,12.313,45.648,25.5115,14.8912,0.1783,0.2097,0.1984,538.52,84.4725,85.0875,85.305,82.38,83.52,82.1175,43.1039,518.76,20.4442,487.7
72.6032,33.165,9.605,4.169,12.313,45.606,25.5115,14.8921,0.1784,0.2097,0.1984,538.52,84.5325,85.0575,85.35,82.41,83.505,82.0875,43.1089,518.76,20.4446,487.7
72.5732,33.16,9.605,4.171,12.314,45.546,25.5005,14.8843,0.1784,0.2098,0.1985,538.52,84.5475,85.08,85.335,82.395,83.5275,82.0575,43.1176,518.73,20.4451,487.7
72.5932,33.16,9.606,4.173,12.314,45.462,25.473,14.8848,0.1784,0.2098,0.1986,538.48,84.5625,85.11,85.32,82.4025,83.565,82.035,43.1228,518.73,20.4455,487.7
72.6132,33.16,9.608,4.173,12.314,45.384,25.44,14.8854,0.1784,0.2098,0.1986,538.48,84.6075,85.1025,85.365,82.425,83.52,82.035,43.1279,518.73,20.4459,487.7
72.6332,33.16,9.609,4.17,12.312,45.348,25.407,14.8946,0.1784,0.2099,0.1987,538.48,84.6225,85.125,85.35,82.38,83.5575,82.005,43.133,518.73,20.4463,487.7
72.6532,33.16,9.611,4.161,12.312,45.3,25.374,14.8954,0.1782,0.21,0.1987,538.48,84.585,85.1475,85.38,82.41,83.595,82.035,43.1419,518.7,20.4467,487.7
72.6225,33.155,9.613,4.151,12.313,45.24,25.341,14.8962,0.1782,0.2101,0.1988,538.44,84.6,85.155,85.38,82.4325,83.5425,81.99,43.1509,518.67,20.4471,487.7
72.6419,33.155,9.615,4.146,12.314,45.168,25.308,14.8971,0.1782,0.2101,0.1989,538.4,84.6,85.1325,85.41,82.4625,83.5725,81.9525,43.1563,518.67,20.4476,487.7
72.6613,33.155,9.617,4.143,12.315,45.144,25.2695,14.8893,0.1782,0.2101,0.1989,538.4,84.585,85.095,85.3575,82.4025,83.61,81.96,43.1654,518.64,20.448,487.7
72.63,33.15,9.618,4.138,12.315,45.126,25.231,14.8898,0.1781,0.2102,0.1989,538.4,84.5925,85.065,85.365,82.3575,83.6475,81.93,43.1709,518.64,20.4484,487.7
72.6488,33.15,9.619,4.133,12.315,45.102,25.209,14.8904,0.1781,0.2102,0.1989,538.36,84.6225,85.0575,85.35,82.4025,83.6025,81.915,43.1764,518.64,20.4488,487.7
72.6169,33.145,9.621,4.129,12.313,45.186,25.2035,14.8909,0.178,0.2101,0.1988,538.36,84.645,85.095,85.3125,82.4325,83.5575,81.9525,43.1819,518.64,20.4492,487.7
72.6351,33.145,9.62,4.124,12.313,45.264,25.2255,14.8915,0.1779,0.2101,0.1988,538.36,84.6,85.14,85.3125,82.3875,83.5875,82.005,43.1912,518.61,20.4496,487.7
72.6532,33.145,9.619,4.122,12.315,45.318,25.253,14.892,0.178,0.2099,0.1987,538.36,84.57,85.1475,85.3125,82.4025,83.5425,82.0275,43.193,518.64,20.4501,487.7
72.6207,33.14,9.618,4.127,12.315,45.402,25.2915,14.8926,0.1781,0.2099,0.1986,538.4,84.5625,85.14,85.275,82.4025,83.565,81.9975,43.1948,518.67,20.4505,487.7
72.6382,33.14,9.616,4.136,12.315,45.45,25.3245,14.8932,0.1781,0.2098,0.1986,538.4,84.5775,85.1475,85.2975,82.365,83.535,82.02,43.1964,518.7,20.4509,487.7
72.6557,33.14,9.615,4.146,12.315,45.51,25.363,14.8937,0.1782,0.2098,0.1985,538.44,84.6075,85.1775,85.32,82.38,83.5275,81.9675,43.1979,518.73,20.4513,487.7
72.6732,33.14,9.614,4.156,12.315,45.546,25.3905,14.8943,0.1784,0.2098,0.1985,538.48,84.57,85.1925,85.3425,82.4025,83.49,81.96,43.1993,518.76,20.4517,487.7
72.6401,33.135,9.612,4.165,12.315,45.564,25.418,14.8948,0.1784,0.2098,0.1985,538.48,84.5925,85.155,85.3575,82.38,83.46,82.0125,43.2005,518.79,20.4521,487.7
72.6569,33.135,9.611,4.173,12.315,45.576,25.44,14.8954,0.1785,0.2098,0.1985,538.52,84.585,85.1475,85.335,82.3425,83.415,82.035,43.2054,518.79,20.4525,487.7
72.6738,33.135,9.61,4.178,12.315,45.546,25.4455,14.8959,0.1785,0.2098,0.1985,538.52,84.63,85.1175,85.365,82.365,83.43,82.08,43.2065,518.82,20.453,487.7
72.6907,33.135,9.61,4.183,12.315,45.528,25.451,14.9051,0.1786,0.2098,0.1985,538.56,84.5775,85.08,85.3125,82.3575,83.445,82.0575,43.2113,518.82,20.4534,487.7
72.7076,33.135,9.61,4.185,12.316,45.492,25.4345,14.8973,0.1786,0.2098,0.1985,538.6,84.585,85.0575,85.365,82.305,83.4675,82.02,43.2123,518.85,20.4538,487.7
72.7244,33.135,9.61,4.184,12.316,45.462,25.4235,14.8979,0.1786,0.2098,0.1986,538.6,84.5475,85.065,85.335,82.3425,83.43,82.035,43.217,518.85,20.4542,487.7
72.6907,33.13,9.611,4.182,12.318,45.414,25.396,14.8984,0.1785,0.2099,0.1986,538.6,84.57,85.0575,85.3575,82.3875,83.4525,82.08,43.2216,518.85,20.4546,487.7
72.707,33.13,9.612,4.18,12.316,45.354,25.3795,14.899,0.1786,0.2099,0.1987,538.6,84.5475,85.0575,85.3275,82.3275,83.475,82.0275,43.2262,518.85,20.455,487.7
72.7232,33.13,9.613,4.178,12.316,45.3,25.3575,14.8995,0.1785,0.2099,0.1987,538.6,84.5175,85.035,85.3275,82.3425,83.475,82.035,43.2271,518.88,20.4555,487.7
72.7395,33.13,9.614,4.174,12.316,45.276,25.3245,14.9001,0.1785,0.21,0.1988,538.6,84.5625,85.08,85.365,82.3875,83.4525,82.0425,43.2354,518.85,20.4559,487.7
72.7557,33.13,9.615,4.168,12.316,45.234,25.297,14.9007,0.1784,0.2101,0.1988,538.6,84.5625,85.095,85.32,82.4025,83.475,82.0425,43.2438,518.82,20.4563,487.7
72.7213,33.125,9.616,4.162,12.316,45.186,25.2805,14.9012,0.1784,0.21,0.1988,538.6,84.5475,85.065,85.3125,82.4025,83.475,82.0125,43.2448,518.85,20.4567,487.7
72.737,33.125,9.618,4.159,12.317,45.48,25.253,14.9018,0.1781,0.2098,0.1985,538.6,84.5325,85.065,85.2975,82.3875,83.505,82.035,43.2457,518.88,20.4571,487.7
72.7526,33.125,9.614,4.144,12.317,45.702,25.319,14.9023,0.1779,0.2096,0.1983,538.64,84.4875,85.0875,85.305,82.41,83.5425,82.0275,43.2427,518.94,20.4575,487.7
72.7176,33.12,9.61,4.134,12.316,45.894,25.429,14.9029,0.1779,0.2094,0.1981,538.72,84.5325,85.095,85.32,82.3725,83.55,82.005,43.2395,519,20.458,487.7
72.7326,33.12,9.605,4.145,12.316,46.026,25.539,14.9034,0.1782,0.2093,0.198,538.76,84.5475,85.0575,85.305,82.4175,83.55,81.975,43.236,519.06,20.4584,487.7
72.7476,33.12,9.601,4.172,12.316,46.116,25.638,14.904,0.1785,0.2091,0.1979,538.8,84.525,85.0875,85.3275,82.4175,83.5125,81.9375,43.2286,519.15,20.4588,487.7
72.7626,33.12,9.597,4.202,12.316,46.182,25.7095,14.8959,0.1788,0.2091,0.1979,538.92,84.48,85.0725,85.32,82.44,83.55,81.9825,43.2245,519.21,20.4592,487.73
72.7776,33.12,9.593,4.226,12.316,46.2,25.7535,14.8962,0.1789,0.209,0.1978,539,84.525,85.0275,85.2675,82.3875,83.595,82.02,43.2126,519.33,20.4596,487.73
72.7926,33.12,9.591,4.242,12.316,46.236,25.7865,14.8965,0.179,0.209,0.1978,539.12,84.5475,85.035,85.275,82.3875,83.5575,82.0125,43.2003,519.45,20.46,487.73
72.8076,33.12,9.588,4.25,12.315,46.254,25.814,14.9054,0.179,0.209,0.1978,539.2,84.525,85.065,85.275,82.3275,83.52,82.005,43.195,519.51,20.4604,487.73
72.8226,33.12,9.586,4.252,12.315,46.248,25.8415,14.9059,0.179,0.209,0.1978,539.32,84.495,85.0275,85.3125,82.3575,83.475,82.005,43.1857,519.6,20.4609,487.73
72.8376,33.12,9.585,4.253,12.315,46.212,25.8525,14.9065,0.179,0.209,0.1978,539.36,84.465,85.0425,85.3425,82.3275,83.43,82.0275,43.1761,519.69,20.4613,487.73
72.9032,33.125,9.584,4.254,12.317,46.2,25.847,14.8984,0.179,0.209,0.1978,539.48,84.4425,85.0425,85.305,82.3275,83.49,82.0725,43.1698,519.75,20.4617,487.73
72.9188,33.125,9.583,4.251,12.317,46.188,25.836,14.8987,0.1789,0.209,0.1978,539.56,84.495,85.035,85.2825,82.2825,83.46,82.0725,43.1595,519.84,20.4621,487.73
72.9344,33.125,9.583,4.247,12.317,46.182,25.8305,14.899,0.1789,0.2091,0.1978,539.64,84.4875,84.9975,85.32,82.3125,83.475,82.05,43.1602,519.84,20.4625,487.76
72.9501,33.125,9.582,4.242,12.315,46.104,25.836,14.8993,0.1789,0.2092,0.1979,539.64,84.4725,85.0275,85.29,82.335,83.4525,82.0575,43.1608,519.84,20.4629,487.76
72.9657,33.125,9.583,4.241,12.315,46.008,25.8305,14.8995,0.1789,0.2092,0.198,539.64,84.5325,85.05,85.26,82.3125,83.475,82.0425,43.1615,519.84,20.4634,487.76
72.9813,33.125,9.584,4.241,12.315,45.912,25.792,14.8998,0.1789,0.2093,0.1981,539.64,84.54,85.0875,85.2225,82.305,83.5125,82.0425,43.1584,519.87,20.4638,487.76
72.9463,33.12,9.586,4.237,12.315,45.834,25.748,14.9087,0.1788,0.2094,0.1982,539.64,84.525,85.1325,85.26,82.2675,83.5425,82.05,43.1627,519.84,20.4642,487.76
72.9613,33.12,9.588,4.227,12.315,45.744,25.6985,14.9093,0.1787,0.2095,0.1983,539.64,84.5175,85.1325,85.2825,82.32,83.55,82.0725,43.1671,519.81,20.4646,487.79
72.9763,33.12,9.59,4.216,12.315,45.636,25.649,14.9098,0.1787,0.2097,0.1984,539.6,84.4875,85.1025,85.3275,82.3275,83.55,82.02,43.1753,519.75,20.465,487.79
72.9913,33.12,9.593,4.206,12.317,45.498,25.5885,14.9018,0.1786,0.2098,0.1985,539.52,84.465,85.11,85.305,82.29,83.5125,82.065,43.1876,519.66,20.4654,487.79
73.0063,33.12,9.597,4.199,12.317,45.234,25.5225,14.902,0.1787,0.2101,0.1988,539.44,84.435,85.0575,85.2975,82.2525,83.5275,82.035,43.204,519.54,20.4659,487.79
72.9707,33.115,9.602,4.195,12.317,44.916,25.407,14.9023,0.1788,0.2103,0.1991,539.32,84.4125,85.0275,85.275,82.2375,83.5425,82.0275,43.2209,519.42,20.4663,487.79
72.985,33.115,9.609,4.19,12.316,44.94,25.264,14.9026,0.1785,0.2102,0.1991,539.2,84.4125,85.02,85.2675,82.2225,83.55,82.0725,43.2308,519.36,20.4667,487.79
72.9488,33.11,9.613,4.162,12.316,45.384,25.198,14.9029,0.1777,0.2098,0.1986,539.16,84.42,85.0125,85.3125,82.2675,83.5575,82.08,43.2334,519.36,20.4671,487.79
72.9626,33.11,9.609,4.111,12.316,45.684,25.3025,14.9031,0.1772,0.2097,0.1983,539.12,84.4125,84.9825,85.3275,82.2375,83.505,82.0275,43.2397,519.33,20.4675,487.82
72.9257,33.105,9.604,4.082,12.316,45.768,25.451,14.9034,0.1774,0.2095,0.1982,539.12,84.4275,85.02,85.32,82.2,83.4825,82.02,43.2387,519.36,20.4679,487.82
72.9388,33.105,9.601,4.106,12.316,45.876,25.5555,14.9037,0.1779,0.2094,0.1982,539.12,84.4875,85.065,85.3275,82.1625,83.535,82.035,43.2337,519.42,20.4683,487.82
72.9519,33.105,9.598,4.153,12.316,46.002,25.627,14.904,0.1784,0.2092,0.198,539.2,84.525,85.05,85.29,82.1775,83.4975,82.05,43.2248,519.51,20.4688,487.82
72.965,33.105,9.594,4.192,12.316,46.092,25.6875,14.9043,0.1786,0.2093,0.1979,539.28,84.5175,85.035,85.29,82.185,83.52,82.0425,43.2268,519.51,20.4692,487.82
72.9782,33.105,9.591,4.215,12.316,46.092,25.7425,14.9045,0.1788,0.2092,0.1979,539.28,84.555,85.035,85.2975,82.185,83.5425,82.02,43.225,519.54,20.4696,487.82
72.9407,33.1,9.59,4.231,12.316,46.05,25.7755,14.9048,0.1789,0.2093,0.198,539.32,84.5325,85.0875,85.275,82.17,83.49,82.0425,43.2269,519.54,20.47,487.82
72.9532,33.1,9.589,4.242,12.317,45.954,25.7755,14.9137,0.1791,0.2094,0.1981,539.32,84.555,85.095,85.2975,82.1325,83.52,82.065,43.225,519.57,20.4704,487.82
72.9657,33.1,9.59,4.248,12.317,45.84,25.7425,14.9142,0.1791,0.2094,0.1982,539.36,84.57,85.095,85.3125,82.155,83.565,82.05,43.2229,519.6,20.4708,487.82
72.9781,33.1,9.591,4.246,12.317,45.732,25.6875,14.9148,0.179,0.2096,0.1983,539.36,84.555,85.08,85.35,82.125,83.58,82.08,43.2283,519.57,20.4713,487.85
72.9906,33.1,9.593,4.238,12.319,45.594,25.616,14.9067,0.179,0.2097,0.1984,539.36,84.5325,85.11,85.335,82.11,83.6175,82.0425,43.2338,519.54,20.4717,487.85
73.0031,33.1,9.596,4.227,12.318,45.444,25.55,14.907,0.1789,0.2098,0.1986,539.32,84.5775,85.0875,85.29,82.14,83.5875,82.035,43.2394,519.51,20.4721,487.85
73.0156,33.1,9.6,4.216,12.318,45.228,25.4675,14.9073,0.1789,0.21,0.1988,539.28,84.585,85.05,85.335,82.185,83.6025,81.9975,43.2452,519.48,20.4725,487.85
73.0281,33.1,9.605,4.205,12.317,45.126,25.3685,14.9076,0.1787,0.2102,0.1989,539.24,84.57,85.095,85.335,82.23,83.64,82.0125,43.2623,519.36,20.4729,487.85
