AR1410B.PV,DR1103.PV,DR1105.PV,DR1106.PV,DR1107.PV,DR1108.PV,DR1110.PV,FI1113.PV,FI1424.PV,FI1902.PV,FIC_1121.PV,FIC_1122.MV,FIC_1122.PV,FIC_1127.MV,FIC_1127.PV,FI_1127.PV,FRC1102.MV,FRC1107.MV,FRC1113.MV,FRC1113.PV,FRC1424.PV,FRCA1110.MV,FRCA1112.MV,FRQ1623.PV,FRSA1101.PV,FT_1121.PV,FT_1122.PV,LRCA1101.MV,LRCA1101.PV,PDR1103.PV,PDR1106.PV,PDR1401.PV,PDRCA1109.PV,PDRSA1104.PV,PIC1101A.PV,PI_1132A.PV,PI_1132B.PV,PI_1134.PV,PI_1138A.PV,PI_1180.PV,PI_1182.PV,PR1102A.PV,PRA1102.PV,TI1105A.PV,TI1132.PV,TI1133.PV,TIA2872.PV,TIA2873.PV,TIA2874.PV,TIA2875.PV,TIA2876.PV,TIA2877.PV,TIC_1101.MV,TIC_1101.PV,TIC_1101.SV,TIC_1155.MV,TI_1142.PV,TI_1145.PV,TRC1118A.MV
86.275,57.5625,4.4141,57.5625,286.65,357.4424,570.65,2.599,4.58,174.2175,343.08,72.2384,708.56,19.4503,600.0,600.0,9.9684,66.1722,76.7739,2.599,4.5775,11.1189,15.7234,9.1025,174.146,343.08,708.56,72.2315,33.225,9.618,4.122,12.4,42.072,20.3085,16.7693,0.1776,0.1285,0.1313,0.1287,0.2097,0.1313,0.1984,0.1244,538.08,275.45,358.15,84.6225,85.14,85.3275,82.185,83.5575,81.9825,45.4155,518.46,570.0,20.6405,514.4,485.99,13.2205
86.175,57.525,4.1656,57.5625,286.7625,357.9934,570.95,2.5996,4.5775,174.2715,343.08,72.2406,708.56,19.4503,600.0,600.0,9.9691,66.1741,76.7729,2.5996,4.5775,11.1182,15.7234,9.1031,174.272,343.08,708.56,72.2596,33.225,9.619,4.138,12.398,42.108,20.369,16.7377,0.1779,0.1286,0.1313,0.1287,0.2097,0.1313,0.1984,0.1244,538.2,275.4,358.1,84.6675,85.1475,85.29,82.1925,83.5125,82.0125,45.6125,518.55,570.0,20.6434,514.4,486.02,13.2159
86.05,57.5625,4.525,57.6,286.875,358.0623,570.6,2.5994,4.5775,174.339,343.05,72.2416,708.72,19.4503,600.0,600.0,9.9697,66.176,76.7741,2.5994,4.5775,11.1176,15.7234,9.1036,174.342,343.05,708.72,72.2877,33.225,9.62,4.146,12.395,42.138,20.435,16.7152,0.178,0.1286,0.1313,0.1287,0.2098,0.1313,0.1984,0.1245,538.28,275.4,358.05,84.66,85.17,85.29,82.2,83.475,82.0125,45.8015,518.7,570.0,20.6462,514.4,486.02,13.2112
86.625,57.525,3.9484,57.6,286.47,358.0967,571.0,2.5994,4.5775,174.4065,343.05,72.2436,708.72,19.4503,600.0,600.0,9.9704,66.178,76.7749,2.5994,4.5775,11.1207,15.7234,9.1036,174.398,343.05,708.72,72.2652,33.22,9.621,4.153,12.395,42.174,20.49,16.6849,0.1783,0.1286,0.1314,0.1287,0.2098,0.1314,0.1984,0.1245,538.44,275.35,358.0,84.675,85.1925,85.245,82.2525,83.4975,82.0275,45.9863,518.88,570.0,20.6491,514.43,486.02,13.2065
86.6,57.6,4.3406,57.5625,286.8525,357.6835,571.2,2.5994,4.5775,174.4875,343.05,72.2444,708.88,19.4503,600.0,600.0,9.9711,66.1799,76.7756,2.5994,4.5775,11.1212,15.7234,9.1041,174.482,343.05,708.88,72.2927,33.22,9.622,4.173,12.393,42.21,20.545,16.6638,0.1787,0.1287,0.1314,0.1288,0.2098,0.1314,0.1984,0.1245,538.64,275.35,358.0,84.6525,85.17,85.2225,82.29,83.4975,82.0425,46.1665,519.09,570.0,20.652,514.43,486.05,13.2019
86.8,57.6,4.0891,57.6,286.47,357.3391,570.3,2.5994,4.575,174.5415,343.05,72.2461,708.88,19.4503,600.0,600.0,9.9717,66.181,76.7764,2.5994,4.575,11.1218,15.7227,9.1041,174.552,343.05,708.88,72.3202,33.22,9.624,4.208,12.394,42.252,20.589,16.6349,0.1793,0.1288,0.1314,0.1288,0.2098,0.1314,0.1984,0.1245,538.84,275.3,357.95,84.6525,85.2075,85.26,82.275,83.4825,82.05,46.3384,519.36,570.0,20.6549,514.46,486.05,13.2079
86.65,57.6,3.9406,57.5625,286.2,357.2702,570.4,2.5994,4.575,174.609,343.05,72.2485,708.8,19.4503,600.0,600.0,9.9716,66.1827,76.7771,2.5994,4.575,11.1186,15.7224,9.1041,174.608,343.05,708.8,72.3477,33.22,9.625,4.251,12.391,42.294,20.6385,16.6152,0.1799,0.1288,0.1314,0.1288,0.2098,0.1314,0.1984,0.1245,539.12,275.3,357.9,84.675,85.2225,85.2975,82.2375,83.52,82.0425,46.5092,519.63,570.0,20.6578,514.46,486.05,13.2039
86.5,57.6,4.1813,57.525,286.5825,357.4424,570.35,2.5998,4.575,174.69,343.05,72.2504,708.8,19.4503,600.0,600.0,9.9721,66.1844,76.7764,2.5998,4.575,11.118,15.7222,9.1047,174.692,343.05,708.8,72.4258,33.225,9.626,4.295,12.391,42.354,20.688,16.5877,0.1804,0.1289,0.1314,0.1288,0.2098,0.1314,0.1984,0.1245,539.4,275.25,357.9,84.6375,85.17,85.32,82.215,83.4975,81.9975,46.6714,519.96,570.0,20.6606,514.49,486.08,13.1999
86.525,57.6,4.6141,57.6,286.2675,357.4424,570.9,2.5998,4.575,174.7575,343.05,72.251,708.96,19.4503,600.0,600.0,9.9725,66.1853,76.7766,2.5998,4.575,11.1173,15.7219,9.1058,174.762,343.05,708.96,72.4539,33.225,9.626,4.336,12.389,42.438,20.754,16.5607,0.1809,0.1289,0.1314,0.1288,0.2098,0.1314,0.1984,0.1245,539.76,275.25,357.85,84.6675,85.155,85.32,82.2225,83.4675,82.005,46.8322,520.29,570.0,20.6635,514.49,486.08,13.1959
86.375,57.5625,4.0344,57.5625,286.9875,358.1312,571.2,2.5998,4.575,174.852,343.05,72.2526,708.96,19.4503,600.0,600.0,9.9729,66.1867,76.7769,2.5998,4.575,11.1196,15.7217,9.1058,174.846,343.05,708.96,72.4821,33.225,9.626,4.374,12.39,42.534,20.8255,16.5343,0.1814,0.1289,0.1314,0.1288,0.2098,0.1314,0.1984,0.1245,540.08,275.25,357.85,84.6675,85.125,85.3575,82.2525,83.43,82.0425,46.988,520.65,570.0,20.6511,514.52,486.11,13.1919
86.475,57.5625,4.4969,57.6,286.8525,357.6835,570.5,2.6,4.5775,174.9195,343.05,72.253,709.12,19.4496,600.06,600.06,9.9733,66.1881,76.7764,2.6,4.5775,11.12,15.7214,9.1058,174.916,343.05,709.12,72.5608,33.23,9.625,4.411,12.388,42.648,20.919,16.5085,0.1818,0.1289,0.1314,0.1287,0.2097,0.1314,0.1983,0.1245,540.48,275.2,357.8,84.6375,85.155,85.3275,82.2225,83.4075,82.035,47.1385,521.04,570.0,20.6535,514.52,486.11,13.1879
86.45,57.525,4.7188,57.525,286.335,357.5801,570.3,2.6,4.5775,175.014,343.05,72.2538,709.2,19.4493,600.06,600.06,9.9737,66.1888,76.7764,2.6,4.5775,11.1203,15.7212,9.1063,175.014,343.05,709.2,72.6402,33.235,9.623,4.448,12.387,42.78,21.0235,16.4832,0.1822,0.1289,0.1313,0.1287,0.2096,0.1313,0.1982,0.1244,540.88,275.2,357.8,84.6375,85.1475,85.275,82.26,83.415,81.9825,47.2875,521.43,570.0,20.6559,514.55,486.14,13.1839
86.125,57.525,4.3,57.5625,286.7175,358.0279,570.95,2.6002,4.58,175.095,343.08,72.255,709.2,19.4483,600.12,600.12,9.9741,66.1899,76.7756,2.6002,4.58,11.1206,15.7209,9.1069,175.098,343.08,709.2,72.7202,33.24,9.621,4.486,12.385,42.912,21.139,16.4671,0.1827,0.1289,0.1313,0.1286,0.2095,0.1313,0.1981,0.1244,541.28,275.2,357.75,84.6225,85.1025,85.245,82.2975,83.46,81.99,47.4311,521.85,570.0,20.6583,514.58,486.17,13.1799
86.975,57.6,4.3406,57.5625,286.47,357.8557,571.05,2.6002,4.5825,175.1625,343.08,72.2563,709.2,19.4493,600.0,600.0,9.9746,66.1911,76.7754,2.6002,4.5825,11.1209,15.7207,9.1069,175.168,343.08,709.2,72.8008,33.245,9.619,4.525,12.384,43.05,21.2655,16.4432,0.1831,0.1289,0.1312,0.1286,0.2094,0.1312,0.198,0.1243,541.72,275.15,357.75,84.6675,85.095,85.2825,82.32,83.505,82.0275,47.5693,522.3,570.0,20.6607,514.61,486.17,13.1759
86.225,57.5625,4.825,57.5625,286.605,357.8557,570.35,2.6004,4.585,175.2435,343.11,72.2569,709.28,19.4486,600.06,600.06,9.975,66.1923,76.7744,2.6004,4.585,11.1175,15.7204,9.1074,175.238,343.11,709.28,72.8821,33.25,9.615,4.565,12.382,43.188,21.392,16.4199,0.1836,0.1288,0.1312,0.1285,0.2094,0.1311,0.1979,0.1242,542.2,275.15,357.7,84.6375,85.1025,85.2825,82.3275,83.5425,81.99,47.7057,522.75,570.0,20.6631,514.64,486.2,13.1719
86.225,57.5625,3.9734,57.6,286.605,357.6146,570.55,2.6004,4.585,175.3245,343.11,72.2568,709.44,19.4483,600.06,600.06,9.9754,66.1935,76.7738,2.6004,4.585,11.1166,15.7202,9.108,175.322,343.11,709.44,72.9639,33.255,9.612,4.606,12.383,43.314,21.5185,16.3971,0.1841,0.1288,0.1311,0.1285,0.2093,0.131,0.1978,0.1242,542.68,275.1,357.7,84.6,85.1025,85.2975,82.305,83.5125,81.9375,47.8365,523.23,570.0,20.6655,514.67,486.23,13.1679
86.15,57.5625,4.1328,57.525,286.245,357.9934,570.2,2.6006,4.5875,175.392,343.11,72.257,709.52,19.4473,600.12,600.12,9.9751,66.1939,76.7726,2.6006,4.5875,11.1157,15.7199,9.1086,175.392,343.11,709.52,73.0464,33.26,9.608,4.647,12.382,43.434,21.645,16.3749,0.1846,0.1288,0.131,0.1284,0.2092,0.131,0.1978,0.1241,543.16,275.1,357.65,84.6375,85.11,85.245,82.335,83.4675,81.9825,47.9653,523.71,570.0,20.6679,514.7,486.26,13.1639
86.65,57.525,4.3422,57.6,286.6275,357.5457,570.8,2.6002,4.59,175.4595,343.14,72.2578,709.52,19.4468,600.12,600.12,9.9752,66.1948,76.7733,2.6002,4.59,11.1185,15.7197,9.108,175.462,343.14,709.52,73.1802,33.27,9.605,4.689,12.381,43.53,21.7715,16.3532,0.185,0.1288,0.131,0.1283,0.2091,0.131,0.1977,0.124,543.64,275.1,357.65,84.63,85.125,85.2525,82.365,83.4525,82.0125,48.0922,524.19,570.0,20.6702,514.73,486.29,13.1599
86.825,57.5625,4.0125,57.5625,286.6725,357.408,570.9,2.6002,4.59,175.527,343.14,72.2585,709.52,19.4463,600.12,600.12,9.9746,66.1957,76.7731,2.6002,4.59,11.1188,15.7194,9.1086,175.532,343.14,709.52,73.2645,33.275,9.601,4.73,12.38,43.614,21.8925,16.3321,0.1855,0.1288,0.1309,0.1283,0.2091,0.1309,0.1976,0.124,544.12,275.05,357.6,84.5925,85.1175,85.275,82.3725,83.4825,82.05,48.2209,524.64,570.0,20.6726,514.79,486.35,13.1559
86.0,57.525,4.1234,57.6375,286.7625,357.2013,570.2,2.6004,4.5925,175.5945,343.14,72.2593,709.52,19.4458,600.12,600.12,9.9746,66.1959,76.7721,2.6004,4.5925,11.1192,15.7214,9.1086,175.588,343.14,709.52,73.4002,33.285,9.598,4.77,12.379,43.668,22.008,16.3116,0.1859,0.1288,0.1309,0.1283,0.2091,0.1309,0.1976,0.1239,544.64,275.05,357.6,84.5475,85.095,85.305,82.3275,83.5275,82.095,48.3441,525.12,570.0,20.675,514.82,486.38,13.1519
86.675,57.5625,4.5547,57.6,286.425,357.959,570.75,2.6004,4.5925,175.6485,343.17,72.2594,709.6,19.4453,600.12,600.12,9.9745,66.1965,76.7716,2.6004,4.5925,11.1195,15.7219,9.1086,175.658,343.17,709.6,73.537,33.295,9.595,4.809,12.379,43.704,22.107,16.2916,0.1864,0.1288,0.1309,0.1283,0.2091,0.1309,0.1976,0.1239,545.12,275.0,357.55,84.57,85.065,85.275,82.29,83.4975,82.1325,48.4691,525.57,570.0,20.6774,514.88,486.41,13.1479
86.65,57.6,4.1906,57.525,286.0875,357.9245,570.6,2.6004,4.5925,175.716,343.17,72.26,709.6,19.4448,600.12,600.12,9.9751,66.1972,76.7711,2.6004,4.5925,11.1198,15.7224,9.1091,175.714,343.17,709.6,73.6752,33.305,9.593,4.847,12.378,43.71,22.1895,16.2721,0.1868,0.1288,0.1309,0.1282,0.2092,0.1308,0.1977,0.1239,545.6,275.0,357.55,84.525,85.0875,85.23,82.3425,83.475,82.11,48.5922,526.02,570.0,20.6798,514.91,486.47,13.1439
86.5,57.6,4.0953,57.6,286.47,357.5113,570.8,2.6004,4.5925,175.77,343.17,72.2606,709.6,19.4443,600.12,600.12,9.9753,66.1979,76.7706,2.6004,4.5925,11.1201,15.7199,9.1091,175.77,343.17,709.6,73.7639,33.31,9.591,4.883,12.378,43.68,22.261,16.2532,0.1873,0.1288,0.1309,0.1282,0.2092,0.1308,0.1977,0.1239,546.08,274.95,357.5,84.48,85.1025,85.2825,82.305,83.4375,82.0875,48.7136,526.47,570.0,20.6822,514.97,486.5,13.1399
86.2,57.6,4.6094,57.5625,286.1325,357.6146,570.75,2.6004,4.5925,175.8105,343.14,72.2613,709.6,19.4446,600.06,600.06,9.9762,66.1985,76.7701,2.6004,4.5925,11.1205,15.7194,9.1091,175.812,343.14,709.6,73.9039,33.32,9.59,4.917,12.377,43.626,22.316,16.2349,0.1877,0.1289,0.1309,0.1283,0.2094,0.1309,0.1979,0.1239,546.52,274.95,357.45,84.5025,85.1325,85.275,82.29,83.4075,82.05,48.8368,526.89,570.0,20.6846,515.03,486.56,13.1359
86.775,57.6,4.0687,57.6,285.975,357.2013,570.5,2.6004,4.5925,175.8645,343.14,72.2613,709.68,19.4466,599.88,599.88,9.9759,66.1992,76.7696,2.6004,4.5925,11.1208,15.7189,9.1091,175.868,343.14,709.68,74.0452,33.33,9.59,4.95,12.377,43.542,22.3545,16.2171,0.1882,0.1289,0.1309,0.1283,0.2094,0.1309,0.198,0.124,546.96,274.9,357.45,84.555,85.08,85.245,82.3275,83.385,82.095,48.9622,527.28,570.0,20.687,515.09,486.59,13.1319
86.475,57.6,3.9672,57.5625,286.56,357.3735,570.35,2.6002,4.59,175.8915,343.14,72.2618,709.68,19.4478,599.82,599.82,9.9761,66.1999,76.7698,2.6002,4.59,11.1174,15.7214,9.1091,175.896,343.14,709.68,74.1877,33.34,9.591,4.981,12.377,43.428,22.3765,16.1999,0.1886,0.129,0.131,0.1283,0.2096,0.131,0.1981,0.124,547.36,274.9,357.4,84.5625,85.0725,85.2825,82.365,83.37,82.11,49.0897,527.64,570.0,20.6894,515.15,486.65,13.1279
86.65,57.6,4.5391,57.6,286.875,357.7179,570.05,2.6,4.5875,175.9455,343.11,72.2629,709.6,19.4493,599.76,599.76,9.9762,66.2005,76.7703,2.6,4.5875,11.1165,15.7219,9.1086,175.938,343.11,709.6,74.3314,33.35,9.593,5.009,12.376,43.29,22.3765,16.1832,0.189,0.1291,0.131,0.1284,0.2098,0.131,0.1983,0.1241,547.76,274.85,357.35,84.555,85.05,85.32,82.4025,83.4075,82.125,49.2157,528.0,570.0,20.6917,515.21,486.71,13.1239
86.925,57.6,3.8594,57.525,286.0425,357.408,570.15,2.5994,4.585,175.9725,343.11,72.2635,709.6,19.4496,599.82,599.82,9.9771,66.2012,76.7726,2.5994,4.585,11.1155,15.7224,9.1074,175.966,343.11,709.6,74.4764,33.36,9.595,5.034,12.377,43.128,22.36,16.1671,0.1894,0.1292,0.1311,0.1285,0.21,0.1311,0.1985,0.1242,548.12,274.85,357.35,84.525,85.035,85.3125,82.35,83.4075,82.1325,49.3441,528.33,570.0,20.6941,515.27,486.77,13.1199
86.15,57.525,3.9109,57.6,286.335,357.4768,569.95,2.5992,4.5825,175.9995,343.08,72.2648,709.52,19.4511,599.76,599.76,9.9776,66.2018,76.7741,2.5992,4.5825,11.1184,15.7199,9.1074,175.994,343.08,709.52,74.6733,33.375,9.599,5.058,12.376,42.948,22.327,16.143,0.1898,0.1294,0.1312,0.1286,0.2102,0.1312,0.1987,0.1243,548.44,274.85,357.3,84.4875,85.0725,85.2825,82.365,83.4525,82.11,49.4749,528.63,570.0,20.6965,515.33,486.83,13.1159
86.575,57.5625,4.4781,57.525,286.29,357.0291,570.05,2.5996,4.58,176.04,343.05,72.2661,709.44,19.4536,599.64,599.64,9.978,66.2025,76.7736,2.5996,4.58,11.1187,15.7194,9.108,176.036,343.05,709.44,74.8214,33.385,9.603,5.078,12.377,42.744,22.2775,16.1277,0.1901,0.1295,0.1313,0.1287,0.2105,0.1313,0.199,0.1244,548.76,274.8,357.3,84.525,85.065,85.29,82.32,83.4525,82.1175,49.6082,528.9,570.0,20.6989,515.39,486.89,13.1119
86.9,57.6375,3.925,57.6375,285.9075,357.5801,570.15,2.5994,4.575,176.067,343.05,72.267,709.44,19.4558,599.58,599.58,9.9784,66.2032,76.7748,2.5994,4.575,11.119,15.7189,9.1074,176.064,343.05,709.44,74.9708,33.395,9.609,5.096,12.377,42.534,22.217,16.1129,0.1904,0.1296,0.1315,0.1288,0.2107,0.1314,0.1992,0.1245,549.04,274.8,357.25,84.4875,85.08,85.335,82.3125,83.4525,82.0725,49.7442,529.14,570.0,20.7013,515.45,486.95,13.1079
86.95,57.5625,3.9187,57.6,285.9975,356.8225,569.7,2.599,4.5725,176.094,343.02,72.2685,709.36,19.4576,599.58,599.58,9.9796,66.2046,76.7771,2.599,4.5725,11.1194,15.7214,9.1069,176.092,343.02,709.36,75.1214,33.405,9.615,5.111,12.376,42.312,22.151,16.0988,0.1907,0.1298,0.1316,0.129,0.211,0.1316,0.1995,0.1247,549.32,274.75,357.2,84.5025,85.125,85.3275,82.2825,83.46,82.0725,49.8792,529.38,570.0,20.7037,515.51,487.01,13.1145
86.2,57.6,3.95,57.6,286.02,357.408,570.15,2.5988,4.5675,176.121,342.99,72.2689,709.44,19.4601,599.52,599.52,9.9802,66.2055,76.7791,2.5988,4.5675,11.1197,15.7219,9.1063,176.12,342.99,709.44,75.2227,33.41,9.621,5.124,12.377,42.084,22.0685,16.0852,0.191,0.1299,0.1317,0.1291,0.2113,0.1317,0.1997,0.1248,549.56,274.75,357.2,84.48,85.095,85.32,82.305,83.49,82.0575,50.0171,529.59,570.0,20.7061,515.6,487.07,13.1112
86.475,57.6,4.0922,57.5625,286.3575,357.3046,570.2,2.5986,4.565,176.1345,342.96,72.2704,709.36,19.4613,599.58,599.58,9.9809,66.2064,76.7813,2.5986,4.565,11.12,15.7224,9.1058,176.134,342.96,709.36,75.3752,33.42,9.629,5.134,12.377,41.856,21.9805,16.0635,0.1912,0.1301,0.1319,0.1292,0.2115,0.1318,0.2,0.1249,549.76,274.7,357.15,84.51,85.08,85.35,82.3425,83.52,82.005,50.1578,529.77,570.0,20.7085,515.66,487.13,13.1079
86.875,57.5625,3.9422,57.525,286.0875,357.0291,570.25,2.5988,4.56,176.175,342.93,72.272,709.28,19.4646,599.46,599.46,9.9823,66.2081,76.7823,2.5988,4.56,11.1203,15.7199,9.1058,176.176,342.93,709.28,75.5289,33.43,9.636,5.142,12.378,41.628,21.887,16.0507,0.1914,0.1302,0.132,0.1294,0.2118,0.132,0.2003,0.1251,549.96,274.7,357.1,84.4725,85.1025,85.3425,82.3725,83.5425,82.005,50.2978,529.95,570.0,20.7108,515.72,487.19,13.1045
86.175,57.5625,4.6,57.6,285.9525,356.7881,569.85,2.5986,4.555,176.202,342.9,72.2738,709.2,19.4661,599.52,599.52,9.9825,66.2085,76.7846,2.5986,4.555,11.1207,15.7194,9.1052,176.204,342.9,709.2,75.6839,33.44,9.644,5.147,12.38,41.406,21.7825,16.0385,0.1916,0.1304,0.1322,0.1295,0.2121,0.1322,0.2006,0.1252,550.12,274.7,357.1,84.51,85.065,85.305,82.3275,83.58,81.975,50.4408,530.1,570.0,20.7132,515.81,487.25,13.1012
86.45,57.6,3.8594,57.6,286.5375,356.7536,569.45,2.5988,4.55,176.229,342.87,72.2744,709.28,19.4696,599.4,599.4,9.9839,66.2102,76.7856,2.5988,4.55,11.1172,15.7189,9.1052,176.232,342.87,709.28,75.7896,33.445,9.653,5.151,12.378,41.19,21.689,16.0268,0.1918,0.1305,0.1323,0.1297,0.2123,0.1322,0.2008,0.1254,550.28,274.7,357.1,84.525,85.0725,85.3275,82.3125,83.55,81.96,50.587,530.22,570.0,20.7156,515.87,487.34,13.0979
86.2,57.5625,4.7562,57.5625,285.705,357.3391,569.9,2.5986,4.5475,176.256,342.84,72.2761,709.2,19.4728,599.34,599.34,9.9848,66.2113,76.7878,2.5986,4.5475,11.1163,15.7214,9.1047,176.246,342.84,709.2,75.9464,33.455,9.661,5.153,12.38,40.992,21.59,16.0071,0.192,0.1307,0.1324,0.1298,0.2126,0.1324,0.201,0.1255,550.44,274.65,357.1,84.51,85.0725,85.29,82.2975,83.535,81.93,50.7289,530.37,570.0,20.718,515.93,487.4,13.0945
86.25,57.6,4.3812,57.6,286.1775,357.0291,570.05,2.5982,4.5425,176.283,342.81,72.278,709.12,19.4748,599.4,599.4,9.9857,66.2125,76.7911,2.5982,4.5425,11.1154,15.7219,9.1041,176.274,342.81,709.12,76.1046,33.465,9.669,5.153,12.381,40.806,21.502,15.9963,0.1921,0.1308,0.1326,0.13,0.2128,0.1326,0.2013,0.1257,550.56,274.65,357.05,84.495,85.1175,85.2975,82.2825,83.565,81.8925,50.874,530.49,570.0,20.7051,516.02,487.46,13.0912
86.0,57.6,4.0516,57.5625,286.6275,356.6503,570.2,2.5986,4.54,176.283,342.81,72.2794,709.12,19.4781,599.34,599.34,9.9874,66.2137,76.7918,2.5986,4.54,11.1182,15.7224,9.1047,176.288,342.81,709.12,76.2133,33.47,9.677,5.153,12.382,40.644,21.4085,15.986,0.1922,0.131,0.1327,0.1301,0.213,0.1326,0.2015,0.1258,550.72,274.65,357.05,84.4875,85.065,85.2975,82.3125,83.58,81.9525,51.0186,530.61,570.0,20.707,516.08,487.52,13.0879
86.35,57.5625,4.3656,57.6,285.7275,357.0636,570.1,2.5984,4.535,176.31,342.78,72.2801,709.2,19.4801,599.4,599.4,9.9886,66.2148,76.7943,2.5984,4.535,11.1186,15.7199,9.1047,176.316,342.78,709.2,76.3227,33.475,9.685,5.153,12.382,40.5,21.3315,15.9677,0.1923,0.1311,0.1328,0.1302,0.2132,0.1328,0.2017,0.1259,550.84,274.65,357.05,84.4725,85.0725,85.305,82.3125,83.565,81.9225,51.1628,530.73,570.0,20.7089,516.14,487.61,13.0845
86.45,57.5625,3.95,57.525,286.02,356.9258,570.0,2.5986,4.5325,176.3235,342.75,72.282,709.12,19.4833,599.34,599.34,9.989,66.216,76.7956,2.5986,4.5325,11.1189,15.7194,9.1047,176.316,342.75,709.12,76.4833,33.485,9.692,5.152,12.383,40.374,21.26,15.9582,0.1925,0.1312,0.1329,0.1303,0.2134,0.1329,0.2018,0.126,550.96,274.6,357.0,84.4725,85.11,85.35,82.2825,83.5125,81.9075,51.3026,530.88,570.0,20.7108,516.23,487.67,13.0812
86.3,57.5625,3.9656,57.6,285.885,357.2013,569.6,2.5984,4.53,176.3505,342.72,72.284,709.04,19.4846,599.46,599.46,9.9899,66.2179,76.7981,2.5984,4.53,11.1192,15.7189,9.1041,176.358,342.72,709.04,76.5945,33.49,9.699,5.152,12.385,40.278,21.1995,15.9407,0.1925,0.1313,0.133,0.1304,0.2135,0.133,0.202,0.1261,551.08,274.6,357.0,84.51,85.1475,85.3125,82.3125,83.52,81.8925,51.4457,531.0,570.0,20.7127,516.29,487.73,13.0779
86.025,57.6,4.6672,57.525,286.3575,357.1669,569.8,2.5984,4.5275,176.364,342.72,72.2843,709.2,19.4853,599.58,599.58,9.9908,66.2193,76.8001,2.5984,4.5275,11.1195,15.7214,9.1041,176.372,342.72,709.2,76.7064,33.495,9.706,5.153,12.385,40.2,21.1555,15.9321,0.1927,0.1314,0.1331,0.1305,0.2137,0.133,0.2021,0.1262,551.24,274.6,356.95,84.5175,85.1775,85.32,82.3425,83.475,81.87,51.5845,531.15,570.0,20.7146,516.38,487.79,13.0745
86.175,57.525,4.0375,57.6,286.4025,357.4424,570.25,2.5986,4.525,176.3775,342.72,72.2861,709.12,19.4878,599.52,599.52,9.9925,66.22,76.8013,2.5986,4.525,11.1199,15.7219,9.1047,176.386,342.72,709.12,76.8189,33.5,9.711,5.156,12.386,40.152,21.1225,15.9241,0.1928,0.1314,0.1332,0.1305,0.2138,0.1331,0.2022,0.1263,551.4,274.55,356.95,84.57,85.2,85.365,82.3875,83.5125,81.84,51.7226,531.3,570.0,20.7165,516.44,487.88,13.0712
86.125,57.525,4.1672,57.6,286.38,357.1669,569.65,2.5986,4.525,176.4045,342.69,72.2875,709.12,19.4898,599.52,599.52,9.9936,66.2212,76.8031,2.5986,4.525,11.1202,15.7224,9.1047,176.4,342.69,709.12,76.9827,33.51,9.716,5.16,12.387,40.134,21.106,15.9079,0.1929,0.1315,0.1332,0.1306,0.2138,0.1332,0.2022,0.1263,551.56,274.55,356.95,84.5325,85.2075,85.3275,82.335,83.4975,81.855,51.8565,531.48,570.0,20.7184,516.53,487.94,13.0785
86.15,57.525,4.0359,57.5625,285.9525,357.3391,569.95,2.599,4.5225,176.418,342.69,72.2889,709.12,19.4903,599.64,599.64,9.9941,66.2223,76.8033,2.599,4.5225,11.1205,15.7199,9.1047,176.414,342.69,709.12,77.0971,33.515,9.72,5.167,12.389,40.128,21.1005,15.9007,0.1931,0.1315,0.1332,0.1306,0.2138,0.1332,0.2023,0.1264,551.72,274.55,356.9,84.5475,85.2075,85.3575,82.3275,83.535,81.8325,51.9896,531.66,570.0,20.7203,516.59,488.0,13.0759
86.575,57.525,4.2109,57.5625,285.8175,357.2357,569.85,2.599,4.5225,176.4585,342.69,72.2896,709.2,19.4918,599.64,599.64,9.995,66.2235,76.8046,2.599,4.5225,11.1209,15.7194,9.1052,176.456,342.69,709.2,77.2121,33.52,9.723,5.176,12.39,40.152,21.106,15.8854,0.1933,0.1316,0.1333,0.1306,0.2138,0.1332,0.2023,0.1264,551.92,274.5,356.9,84.57,85.215,85.3125,82.275,83.5725,81.8625,52.1182,531.87,570.0,20.7221,516.68,488.09,13.0732
86.7,57.6,4.3937,57.5625,285.75,357.2357,570.0,2.599,4.5225,176.4585,342.69,72.2909,709.2,19.4933,599.64,599.64,9.9959,66.2247,76.8058,2.599,4.5225,11.1174,15.7189,9.1052,176.456,342.69,709.2,77.3277,33.525,9.725,5.188,12.39,40.194,21.128,15.8791,0.1934,0.1316,0.1333,0.1307,0.2138,0.1333,0.2023,0.1264,552.16,274.5,356.85,84.5625,85.215,85.29,82.2975,83.58,81.9225,52.2422,532.11,570.0,20.724,516.74,488.15,13.0705
86.325,57.525,4.8063,57.6,286.4925,356.6847,570.0,2.599,4.5225,176.4855,342.69,72.2921,709.2,19.4926,599.82,599.82,9.9968,66.2258,76.8071,2.599,4.5225,11.1165,15.7214,9.1052,176.484,342.69,709.2,77.4439,33.53,9.727,5.202,12.393,40.26,21.1555,15.8646,0.1936,0.1316,0.1333,0.1306,0.2138,0.1333,0.2022,0.1264,552.4,274.5,356.85,84.6,85.1625,85.32,82.3425,83.5275,81.93,52.3652,532.35,570.0,20.7259,516.83,488.21,13.0679
86.7,57.5625,4.7141,57.6,286.11,357.1669,569.55,2.599,4.5225,176.4855,342.69,72.2934,709.2,19.4933,599.82,599.82,9.9977,66.227,76.8083,2.599,4.5225,11.1156,15.7219,9.1052,176.484,342.69,709.2,77.5608,33.535,9.728,5.218,12.393,40.338,21.205,15.8591,0.1939,0.1316,0.1333,0.1306,0.2138,0.1332,0.2022,0.1264,552.64,274.5,356.85,84.5625,85.1925,85.3125,82.3425,83.505,81.99,52.4835,532.62,570.0,20.7278,516.89,488.3,13.0652
86.15,57.5625,4.7484,57.525,286.4025,356.8225,569.3,2.5996,4.525,176.5125,342.69,72.2934,709.36,19.4941,599.82,599.82,9.9979,66.2282,76.8074,2.5996,4.525,11.1184,15.7224,9.1063,176.512,342.69,709.36,77.6783,33.54,9.728,5.237,12.394,40.428,21.2655,15.8454,0.1941,0.1316,0.1332,0.1306,0.2138,0.1332,0.2021,0.1263,552.92,274.5,356.85,84.57,85.155,85.305,82.305,83.49,82.0125,52.6007,532.89,570.0,20.7297,516.98,488.36,13.0625
86.3,57.6,4.8312,57.525,286.38,357.2702,569.05,2.5996,4.525,176.5125,342.69,72.2938,709.44,19.4941,599.88,599.88,9.9986,66.2286,76.8079,2.5996,4.525,11.1187,15.7199,9.1069,176.512,342.69,709.44,77.7964,33.545,9.727,5.258,12.395,40.53,21.337,15.8321,0.1944,0.1316,0.1332,0.1306,0.2137,0.1332,0.2021,0.1263,553.2,274.45,356.8,84.5325,85.1625,85.29,82.29,83.535,81.96,52.7131,533.19,570.0,20.7316,517.07,488.45,13.0599
86.45,57.6,3.9344,57.6,286.065,356.9947,570.0,2.5998,4.525,176.526,342.69,72.2946,709.44,19.4946,599.88,599.88,9.9992,66.2295,76.8076,2.5998,4.525,11.1183,15.7194,9.1069,176.526,342.69,709.44,77.9152,33.55,9.725,5.281,12.397,40.638,21.4085,15.8277,0.1946,0.1316,0.1332,0.1305,0.2136,0.1331,0.202,0.1263,553.52,274.45,356.8,84.5175,85.155,85.2825,82.26,83.535,81.9975,52.8205,533.52,570.0,20.7335,517.16,488.51,13.0572
86.475,57.5625,4.6828,57.6,286.47,356.7536,569.25,2.5998,4.5275,176.526,342.72,72.2955,709.44,19.4943,599.94,599.94,9.9999,66.2297,76.8079,2.5998,4.5275,11.1184,15.7189,9.1074,176.526,342.72,709.44,78.0852,33.56,9.724,5.306,12.398,40.752,21.491,15.8152,0.1949,0.1315,0.1331,0.1305,0.2135,0.1331,0.2019,0.1262,553.84,274.45,356.8,84.5775,85.2,85.3275,82.2675,83.5725,81.9975,52.9265,533.85,570.0,20.7354,517.22,488.6,13.0545
86.625,57.525,4.2828,57.525,285.7725,356.5814,569.8,2.5998,4.53,176.5395,342.72,72.2958,709.52,19.4946,599.94,599.94,9.9998,66.2303,76.8081,2.5998,4.53,11.1185,15.7214,9.1074,176.54,342.72,709.52,78.2058,33.565,9.721,5.331,12.398,40.866,21.579,15.8029,0.1952,0.1315,0.1331,0.1304,0.2134,0.133,0.2018,0.1262,554.2,274.45,356.8,84.5625,85.155,85.3125,82.2525,83.5125,81.9975,53.0313,534.18,570.0,20.7373,517.31,488.69,13.0625
86.725,57.6,4.1047,57.6,286.155,356.9602,569.2,2.6,4.53,176.5395,342.72,72.2965,709.52,19.4941,600.0,600.0,10.0002,66.231,76.8076,2.6,4.53,11.1186,15.7219,9.1074,176.54,342.72,709.52,78.327,33.57,9.718,5.358,12.4,40.98,21.6725,15.7996,0.1955,0.1315,0.133,0.1304,0.2134,0.133,0.2017,0.1261,554.56,274.45,356.75,84.5925,85.155,85.275,82.29,83.46,82.0275,53.1309,534.54,570.0,20.7392,517.4,488.75,13.0605
86.425,57.6,4.6719,57.525,286.38,357.2702,569.25,2.6,4.5325,176.553,342.75,72.296,709.68,19.4941,600.0,600.0,10.0006,66.2317,76.8076,2.6,4.5325,11.1186,15.7224,9.108,176.54,342.75,709.68,78.4489,33.575,9.715,5.386,12.401,41.094,21.7605,15.7882,0.1958,0.1315,0.133,0.1303,0.2133,0.133,0.2017,0.126,554.92,274.4,356.75,84.54,85.1475,85.2975,82.29,83.505,82.0125,53.2291,534.9,570.0,20.7411,517.49,488.84,13.0585
86.175,57.525,4.6719,57.5625,285.75,356.4092,569.35,2.6002,4.535,176.526,342.75,72.2965,709.68,19.4933,600.06,600.06,10.0011,66.2316,76.8069,2.6002,4.535,11.1187,15.7199,9.1091,176.526,342.75,709.68,78.622,33.585,9.712,5.414,12.401,41.196,21.8595,15.7771,0.1961,0.1314,0.1329,0.1303,0.2132,0.1329,0.2016,0.126,555.28,274.4,356.75,84.5325,85.1925,85.2675,82.245,83.5425,81.99,53.3258,535.26,570.0,20.743,517.58,488.93,13.0565
86.825,57.6,4.0656,57.5625,285.8625,356.4437,569.3,2.6002,4.535,176.5125,342.75,72.2964,709.76,19.4931,600.06,600.06,10.0007,66.232,76.8066,2.6002,4.535,11.1188,15.7194,9.1091,176.512,342.75,709.76,78.7458,33.59,9.708,5.442,12.403,41.286,21.9475,15.7663,0.1964,0.1314,0.1329,0.1302,0.2131,0.1328,0.2015,0.1259,555.68,274.4,356.7,84.5025,85.185,85.2825,82.29,83.58,81.99,53.4173,535.65,570.0,20.7448,517.67,489.02,13.0545
86.25,57.525,4.1172,57.6,285.5025,357.098,569.35,2.6004,4.5375,176.499,342.78,72.2968,709.76,19.4921,600.12,600.12,10.0009,66.2324,76.8056,2.6004,4.5375,11.1189,15.7189,9.1091,176.498,342.78,709.76,78.9208,33.6,9.705,5.471,12.403,41.364,22.0355,15.7557,0.1968,0.1314,0.1328,0.1302,0.213,0.1328,0.2015,0.1259,556.08,274.4,356.7,84.555,85.1475,85.2375,82.2525,83.55,81.945,53.511,536.01,570.0,20.7467,517.76,489.11,13.0525
86.025,57.525,4.6672,57.6,285.435,356.8225,568.8,2.6004,4.5375,176.499,342.78,72.2971,709.76,19.4916,600.12,600.12,10.0011,66.2328,76.8051,2.6004,4.5375,11.119,15.7207,9.1096,176.498,342.78,709.76,79.0464,33.605,9.701,5.499,12.404,41.436,22.118,15.7455,0.1971,0.1314,0.1328,0.1301,0.213,0.1327,0.2014,0.1259,556.44,274.4,356.7,84.525,85.1175,85.23,82.275,83.52,81.915,53.5995,536.4,570.0,20.7486,517.88,489.2,13.0505
86.55,57.6375,4.775,57.5625,286.02,356.3748,569.0,2.6006,4.54,176.4855,342.78,72.2969,709.84,19.4911,600.12,600.12,10.0012,66.2333,76.8038,2.6006,4.54,11.119,15.7209,9.1096,176.484,342.78,709.84,79.2233,33.615,9.698,5.527,12.405,41.496,22.2005,15.7441,0.1974,0.1314,0.1327,0.1301,0.213,0.1327,0.2014,0.1258,556.84,274.4,356.7,84.495,85.0725,85.2825,82.2825,83.5425,81.96,53.6902,536.76,570.0,20.7505,517.97,489.29,13.0485
86.675,57.5625,4.8016,57.5625,285.66,356.8225,569.15,2.6006,4.54,176.472,342.78,72.2971,709.84,19.4906,600.12,600.12,10.0014,66.2337,76.8031,2.6006,4.54,11.1191,15.7212,9.1096,176.47,342.78,709.84,79.3508,33.62,9.695,5.554,12.405,41.532,22.272,15.7346,0.1977,0.1314,0.1327,0.1301,0.213,0.1327,0.2014,0.1258,557.2,274.4,356.7,84.555,85.1025,85.32,82.29,83.58,81.9975,53.7794,537.12,570.0,20.7372,518.06,489.38,13.0465
86.525,57.5625,4.2844,57.5625,285.84,356.9947,569.05,2.6006,4.54,176.445,342.81,72.2974,709.84,19.4901,600.12,600.12,10.0016,66.2341,76.8024,2.6006,4.54,11.1192,15.7192,9.1096,176.442,342.81,709.84,79.5295,33.63,9.692,5.581,12.406,41.562,22.3325,15.7254,0.198,0.1314,0.1327,0.1301,0.213,0.1326,0.2014,0.1258,557.6,274.4,356.7,84.5175,85.065,85.3125,82.2825,83.6025,81.96,53.8671,537.48,570.0,20.7386,518.18,489.47,13.0552
86.975,57.6,4.7719,57.6,286.0425,356.1337,568.75,2.6002,4.54,176.4315,342.81,72.2976,709.84,19.4896,600.12,600.12,10.0017,66.2345,76.8031,2.6002,4.54,11.1193,15.7187,9.1091,176.428,342.81,709.84,79.6589,33.635,9.69,5.608,12.407,41.574,22.3875,15.7166,0.1983,0.1314,0.1327,0.1301,0.213,0.1326,0.2014,0.1257,557.96,274.4,356.7,84.5625,85.1025,85.305,82.305,83.565,81.9525,53.9572,537.81,570.0,20.74,518.27,489.56,13.0539
86.85,57.525,4.4234,57.6,285.2775,356.7192,569.0,2.6002,4.54,176.4045,342.81,72.2979,709.84,19.4891,600.12,600.12,10.0019,66.2349,76.8028,2.6002,4.54,11.1193,15.7182,9.1091,176.4,342.81,709.84,79.8396,33.645,9.688,5.633,12.408,41.568,22.4315,15.708,0.1987,0.1314,0.1327,0.1301,0.213,0.1326,0.2014,0.1257,558.32,274.35,356.7,84.6,85.0725,85.305,82.3125,83.535,81.9375,54.0459,538.14,570.0,20.7414,518.39,489.65,13.0525
86.2,57.5625,4.1547,57.525,285.3,356.3748,568.7,2.6002,4.54,176.3775,342.81,72.2981,709.84,19.4886,600.12,600.12,10.0021,66.2354,76.8026,2.6002,4.54,11.1194,15.7199,9.1091,176.386,342.81,709.84,79.9708,33.65,9.686,5.658,12.409,41.55,22.4645,15.6996,0.199,0.1314,0.1327,0.1301,0.213,0.1326,0.2015,0.1257,558.68,274.35,356.65,84.555,85.0575,85.3425,82.3275,83.5575,81.96,54.1333,538.47,570.0,20.7428,518.48,489.77,13.0512
86.225,57.6375,4.6719,57.5625,285.75,356.3403,569.05,2.6002,4.54,176.364,342.81,72.2984,709.84,19.4903,599.94,599.94,10.0022,66.2358,76.8023,2.6002,4.54,11.1195,15.7202,9.1091,176.358,342.81,709.84,80.1533,33.66,9.685,5.682,12.41,41.52,22.492,15.6916,0.1993,0.1315,0.1327,0.1301,0.213,0.1326,0.2015,0.1257,559.0,274.35,356.65,84.5625,85.0425,85.32,82.335,83.5575,81.975,54.2231,538.77,570.0,20.7442,518.6,489.86,13.0499
86.3,57.525,4.5719,57.6,286.065,356.0993,569.3,2.6,4.54,176.337,342.78,72.2986,709.84,19.4913,599.88,599.88,10.0024,66.2362,76.8028,2.6,4.54,11.1196,15.7204,9.1086,176.33,342.78,709.84,80.2864,33.665,9.684,5.705,12.41,41.478,22.5085,15.6838,0.1996,0.1315,0.1327,0.1301,0.2131,0.1327,0.2016,0.1258,559.32,274.35,356.65,84.6,85.05,85.2975,82.3725,83.5575,81.96,54.3117,539.07,570.0,20.7456,518.72,489.98,13.0485
86.75,57.6,4.4891,57.6,285.6825,356.0993,569.1,2.6,4.54,176.283,342.78,72.2989,709.84,19.4918,599.88,599.88,10.0026,66.2359,76.8028,2.6,4.54,11.1197,15.7207,9.1091,176.288,342.78,709.84,80.4708,33.675,9.684,5.726,12.41,41.418,22.5195,15.6763,0.1999,0.1315,0.1327,0.1301,0.2132,0.1327,0.2016,0.1258,559.64,274.35,356.65,84.555,85.08,85.275,82.38,83.5875,82.005,54.3991,539.37,570.0,20.747,518.81,490.07,13.0472
86.225,57.6,4.6266,57.525,285.4575,356.547,569.2,2.6,4.5375,176.256,342.78,72.2998,709.76,19.4908,600.0,600.0,10.0035,66.236,76.8028,2.6,4.5375,11.1197,15.7179,9.1091,176.26,342.78,709.76,80.6058,33.68,9.684,5.747,12.412,41.358,22.5195,15.6691,0.2001,0.1316,0.1328,0.1301,0.2133,0.1327,0.2017,0.1258,559.92,274.35,356.7,84.5175,85.0875,85.3125,82.395,83.5425,82.0275,54.4891,539.64,570.0,20.7484,518.93,490.19,13.0459
86.95,57.6,4.5187,57.6,285.5925,356.9258,568.45,2.5998,4.5375,176.2155,342.78,72.3001,709.76,19.4916,599.94,599.94,10.0039,66.2362,76.8036,2.5998,4.5375,11.1198,15.7172,9.1091,176.218,342.78,709.76,80.792,33.69,9.685,5.764,12.412,41.286,22.514,15.6621,0.2002,0.1316,0.1328,0.1302,0.2134,0.1328,0.2018,0.1259,560.2,274.35,356.65,84.5475,85.0725,85.26,82.35,83.58,82.0125,54.5817,539.88,570.0,20.7498,519.05,490.28,13.0552
86.425,57.5625,4.6109,57.525,285.3,356.3059,569.25,2.5998,4.535,176.1885,342.75,72.3005,709.76,19.4918,599.94,599.94,10.0043,66.2364,76.8038,2.5998,4.535,11.1199,15.7164,9.1086,176.19,342.75,709.76,80.9289,33.695,9.686,5.768,12.413,41.214,22.503,15.6554,0.2003,0.1317,0.1329,0.1302,0.2134,0.1328,0.2019,0.1259,560.48,274.35,356.65,84.5175,85.035,85.2825,82.3875,83.5275,82.0575,54.6733,540.12,570.0,20.7512,519.17,490.4,13.0545
86.475,57.525,4.4359,57.6,285.6375,356.237,569.15,2.5998,4.535,176.1615,342.75,72.3009,709.76,19.4928,599.88,599.88,10.0047,66.2365,76.8041,2.5998,4.535,11.12,15.7187,9.1086,176.162,342.75,709.76,81.117,33.705,9.688,5.773,12.414,41.142,22.492,15.6491,0.2004,0.1317,0.1329,0.1303,0.2135,0.1329,0.202,0.126,560.72,274.35,356.65,84.57,85.0575,85.335,82.395,83.535,82.02,54.764,540.36,570.0,20.7526,519.26,490.49,13.0539
86.875,57.6375,4.4406,57.6,286.0875,355.9959,568.3,2.5996,4.5325,176.1075,342.75,72.3006,709.84,19.4933,599.88,599.88,10.0051,66.2367,76.8051,2.5996,4.5325,11.12,15.7189,9.1086,176.106,342.75,709.84,81.2558,33.71,9.689,5.777,12.415,41.064,22.47,15.643,0.2005,0.1318,0.133,0.1303,0.2137,0.133,0.2021,0.126,560.96,274.35,356.65,84.5625,85.08,85.2825,82.35,83.505,82.065,54.8537,540.6,570.0,20.754,519.38,490.61,13.0532
86.875,57.5625,4.2156,57.6,285.3675,355.8926,568.55,2.5996,4.5325,176.0805,342.75,72.3009,709.84,19.4946,599.82,599.82,10.0056,66.2376,76.8056,2.5996,4.5325,11.1201,15.7192,9.1086,176.078,342.75,709.84,81.3952,33.715,9.691,5.781,12.416,40.992,22.448,15.6371,0.2006,0.1319,0.133,0.1304,0.2138,0.133,0.2022,0.1261,561.2,274.35,356.65,84.54,85.11,85.305,82.3425,83.5425,82.02,54.9462,540.81,570.0,20.7554,519.5,490.73,13.0525
86.9,57.6,4.1844,57.5625,285.39,356.0304,568.4,2.5994,4.53,176.04,342.72,72.3018,709.76,19.4961,599.76,599.76,10.006,66.238,76.8069,2.5994,4.53,11.1202,15.7194,9.108,176.036,342.72,709.76,81.5352,33.72,9.693,5.785,12.416,40.92,22.426,15.6316,0.2007,0.1319,0.1331,0.1304,0.2138,0.133,0.2023,0.1261,561.44,274.4,356.7,84.5475,85.1325,85.3275,82.365,83.55,82.035,55.0378,541.02,570.0,20.7568,519.62,490.82,13.0519
86.95,57.6,4.2875,57.6,285.615,356.0648,568.15,2.5998,4.53,176.013,342.72,72.3021,709.76,19.4971,599.76,599.76,10.0064,66.2385,76.8061,2.5998,4.53,11.1165,15.7197,9.1086,176.008,342.72,709.76,81.6758,33.725,9.695,5.789,12.418,40.86,22.404,15.6177,0.2008,0.132,0.1331,0.1305,0.2139,0.133,0.2024,0.1262,561.64,274.4,356.7,84.525,85.0875,85.3275,82.3275,83.5125,82.08,55.1286,541.23,570.0,20.7582,519.74,490.94,13.0512
86.625,57.6,4.4297,57.6,285.795,356.3748,569.0,2.5998,4.5275,175.959,342.72,72.3025,709.76,19.4988,599.7,599.7,10.0068,66.2389,76.8064,2.5998,4.5275,11.1154,15.7199,9.108,175.966,342.72,709.76,81.817,33.73,9.697,5.792,12.419,40.806,22.3765,15.6124,0.2009,0.132,0.1331,0.1305,0.214,0.1331,0.2025,0.1262,561.88,274.4,356.7,84.5475,85.0425,85.3125,82.3125,83.4825,82.095,55.2223,541.41,570.0,20.7596,519.86,491.06,13.0612
86.075,57.5625,4.1719,57.5625,285.165,356.3403,568.15,2.5996,4.5275,175.9455,342.69,72.3029,709.76,19.4986,599.82,599.82,10.0072,66.2393,76.8074,2.5996,4.5275,11.1142,15.7202,9.108,175.938,342.69,709.76,81.9589,33.735,9.699,5.795,12.42,40.758,22.36,15.6074,0.201,0.132,0.1332,0.1305,0.2141,0.1331,0.2025,0.1263,562.08,274.4,356.7,84.5175,85.065,85.3575,82.3575,83.4675,82.05,55.3115,541.62,570.0,20.761,519.98,491.15,13.0612
86.125,57.525,4.2797,57.5625,285.615,356.6847,568.45,2.5996,4.525,175.8915,342.69,72.3039,709.68,19.4993,599.82,599.82,10.0076,66.2397,76.8079,2.5996,4.525,11.1168,15.7204,9.108,175.896,342.69,709.68,82.1014,33.74,9.701,5.798,12.419,40.728,22.349,15.6027,0.201,0.1321,0.1332,0.1306,0.2141,0.1332,0.2026,0.1263,562.28,274.4,356.7,84.495,85.08,85.38,82.35,83.505,82.0425,55.3999,541.83,570.0,20.7624,520.1,491.27,13.0612
86.675,57.5625,4.3047,57.6375,285.4125,356.0304,568.75,2.5996,4.525,175.8645,342.69,72.3044,709.68,19.5001,599.82,599.82,10.0081,66.2401,76.8084,2.5996,4.525,11.1168,15.7207,9.108,175.868,342.69,709.68,82.2445,33.745,9.702,5.8,12.421,40.704,22.3435,15.5982,0.2011,0.1321,0.1333,0.1306,0.2142,0.1332,0.2026,0.1263,562.48,274.4,356.7,84.525,85.05,85.335,82.305,83.505,82.005,55.4911,542.01,570.0,20.7638,520.22,491.39,13.0612
86.6,57.6,4.2547,57.6,285.975,356.0304,568.55,2.5996,4.5225,175.824,342.69,72.3049,709.68,19.5008,599.82,599.82,10.0085,66.2406,76.8089,2.5996,4.5225,11.1207,15.7179,9.1074,175.826,342.69,709.68,82.3883,33.75,9.704,5.802,12.422,40.686,22.338,15.5941,0.2012,0.1321,0.1333,0.1306,0.2142,0.1333,0.2027,0.1263,562.68,274.4,356.7,84.5475,85.1025,85.2975,82.335,83.475,82.02,55.5779,542.22,570.0,20.7652,520.34,491.51,13.0612
86.75,57.525,4.6031,57.6,285.84,356.0648,568.65,2.5994,4.5225,175.8105,342.69,72.3054,709.68,19.5023,599.76,599.76,10.0089,66.241,76.8101,2.5994,4.5225,11.1183,15.7172,9.1074,175.798,342.69,709.68,82.5326,33.755,9.705,5.804,12.423,40.68,22.3325,15.5902,0.2012,0.1322,0.1333,0.1307,0.2142,0.1333,0.2027,0.1264,562.88,274.4,356.75,84.57,85.11,85.305,82.3275,83.46,82.0425,55.6676,542.4,570.0,20.7514,520.46,491.6,13.0612
86.25,57.5625,4.4437,57.525,285.4575,356.3403,568.5,2.5994,4.5225,175.7565,342.66,72.3059,709.68,19.5011,599.94,599.94,10.0093,66.2414,76.8109,2.5994,4.5225,11.1183,15.7164,9.108,175.756,342.66,709.68,82.627,33.755,9.706,5.805,12.424,40.686,22.338,15.5866,0.2012,0.1322,0.1333,0.1307,0.2142,0.1333,0.2027,0.1264,563.12,274.45,356.75,84.5325,85.11,85.305,82.3575,83.4975,82.08,55.7528,542.61,570.0,20.7523,520.58,491.72,13.0612
86.0,57.6,4.2953,57.5625,285.8175,356.3748,568.65,2.5994,4.5225,175.716,342.66,72.3064,709.68,19.5013,599.94,599.94,10.0097,66.2418,76.8116,2.5994,4.5225,11.1147,15.7187,9.108,175.714,342.66,709.68,82.772,33.76,9.706,5.806,12.425,40.698,22.349,15.5832,0.2013,0.1322,0.1333,0.1307,0.2142,0.1333,0.2027,0.1264,563.32,274.45,356.75,84.585,85.1025,85.2975,82.35,83.445,82.095,55.8372,542.82,570.0,20.7532,520.7,491.84,13.0719
86.975,57.5625,4.1047,57.5625,285.2325,356.3748,568.6,2.6,4.5225,175.6755,342.66,72.3063,709.76,19.5016,599.94,599.94,10.0101,66.2422,76.8101,2.6,4.5225,11.1172,15.7189,9.1086,175.672,342.66,709.76,82.9177,33.765,9.706,5.807,12.427,40.722,22.3545,15.5716,0.2013,0.1322,0.1333,0.1307,0.2142,0.1333,0.2027,0.1264,563.52,274.45,356.75,84.5625,85.125,85.2525,82.3125,83.445,82.035,55.9207,543.03,570.0,20.7541,520.82,491.96,13.0725
86.175,57.5625,4.6312,57.6,285.4125,355.9271,568.7,2.6,4.5225,175.662,342.66,72.306,709.84,19.5018,599.94,599.94,10.0106,66.2427,76.8101,2.6,4.5225,11.1173,15.7192,9.1086,175.658,342.66,709.84,83.0133,33.765,9.706,5.807,12.428,40.758,22.3765,15.5685,0.2013,0.1322,0.1333,0.1307,0.2142,0.1333,0.2027,0.1264,563.76,274.45,356.75,84.555,85.0875,85.2375,82.335,83.4375,82.02,55.9996,543.27,570.0,20.755,520.94,492.08,13.0732
86.075,57.525,4.1656,57.5625,285.1425,355.7204,568.25,2.6,4.5225,175.6215,342.66,72.3063,709.84,19.5021,599.94,599.94,10.011,66.2431,76.8101,2.6,4.5225,11.1204,15.7194,9.1086,175.616,342.66,709.84,83.1596,33.77,9.706,5.808,12.429,40.806,22.404,15.5657,0.2013,0.1322,0.1333,0.1307,0.2142,0.1333,0.2027,0.1264,564.0,274.45,356.8,84.6,85.0575,85.23,82.35,83.415,82.035,56.0813,543.48,570.0,20.7559,521.06,492.17,13.0739
86.4,57.6,4.4094,57.5625,284.9175,356.0304,568.2,2.6,4.5225,175.581,342.69,72.3065,709.84,19.5023,599.94,599.94,10.0106,66.2427,76.8101,2.6,4.5225,11.1185,15.7197,9.1091,175.574,342.69,709.84,83.2558,33.77,9.705,5.808,12.429,40.86,22.437,15.5546,0.2012,0.1322,0.1333,0.1307,0.2141,0.1333,0.2026,0.1264,564.24,274.5,356.8,84.615,85.065,85.2825,82.305,83.3775,82.0125,56.1584,543.72,570.0,20.7568,521.21,492.29,13.0745
86.825,57.5625,4.3422,57.525,284.9175,356.3059,568.3,2.6,4.525,175.5405,342.69,72.3068,709.84,19.5018,600.0,600.0,10.0108,66.2429,76.8101,2.6,4.525,11.1186,15.7199,9.1091,175.546,342.69,709.84,83.3521,33.77,9.704,5.808,12.43,40.926,22.481,15.5521,0.2012,0.1321,0.1333,0.1306,0.2141,0.1333,0.2026,0.1263,564.48,274.5,356.8,84.5925,85.08,85.2975,82.275,83.3775,81.99,56.2345,543.96,570.0,20.7577,521.33,492.41,13.0752
86.7,57.6,4.55,57.525,285.48,356.237,568.05,2.6,4.525,175.527,342.69,72.307,709.84,19.5018,600.0,600.0,10.011,66.2431,76.8101,2.6,4.525,11.1149,15.7202,9.1091,175.518,342.69,709.84,83.4989,33.775,9.702,5.808,12.432,40.992,22.5195,15.5499,0.2012,0.1321,0.1333,0.1306,0.214,0.1332,0.2025,0.1263,564.72,274.5,356.85,84.555,85.1325,85.245,82.2525,83.4225,81.99,56.3097,544.2,570.0,20.7586,521.45,492.53,13.0865
86.9,57.525,3.9094,57.6,285.3675,356.0993,568.35,2.6002,4.525,175.4865,342.69,72.3073,709.84,19.5018,600.0,600.0,10.0111,66.2432,76.8094,2.6002,4.525,11.1175,15.7204,9.1091,175.49,342.69,709.84,83.5958,33.775,9.7,5.808,12.431,41.064,22.5745,15.5479,0.2012,0.1321,0.1332,0.1306,0.2139,0.1332,0.2025,0.1263,564.96,274.5,356.85,84.5925,85.08,85.2525,82.2975,83.46,81.9825,56.3801,544.47,570.0,20.7595,521.57,492.65,13.0879
86.275,57.6,4.6172,57.525,285.3,355.686,568.0,2.6002,4.5275,175.446,342.69,72.3075,709.84,19.5011,600.06,600.06,10.0113,66.2434,76.8091,2.6002,4.5275,11.1175,15.7207,9.1091,175.448,342.69,709.84,83.6927,33.775,9.698,5.807,12.433,41.136,22.624,15.5463,0.2011,0.1321,0.1332,0.1306,0.2139,0.1332,0.2024,0.1263,565.24,274.5,356.85,84.5925,85.095,85.2825,82.2825,83.4375,81.975,56.4532,544.71,570.0,20.7604,521.69,492.77,13.0892
86.45,57.6,3.9781,57.6,285.5025,356.4781,567.8,2.6002,4.5275,175.419,342.69,72.3072,709.92,19.5008,600.06,600.06,10.0115,66.2436,76.8089,2.6002,4.5275,11.1206,15.7179,9.1096,175.406,342.69,709.92,83.7896,33.775,9.696,5.807,12.434,41.208,22.679,15.5363,0.2011,0.132,0.1332,0.1305,0.2138,0.1331,0.2024,0.1262,565.48,274.55,356.85,84.5625,85.065,85.2825,82.26,83.43,81.96,56.5216,544.98,570.0,20.7614,521.84,492.89,13.0905
86.725,57.5625,4.0938,57.6,285.435,355.9615,568.15,2.5998,4.5275,175.3785,342.72,72.3073,709.92,19.5006,600.06,600.06,10.0116,66.2437,76.8101,2.5998,4.5275,11.1187,15.7172,9.1086,175.378,342.72,709.92,83.9371,33.78,9.693,5.808,12.435,41.274,22.7285,15.5349,0.201,0.132,0.1331,0.1305,0.2138,0.1331,0.2023,0.1262,565.76,274.55,356.9,84.585,85.035,85.2825,82.2975,83.4375,81.96,56.5888,545.25,570.0,20.7623,521.96,493.01,13.0919
86.125,57.5625,4.3984,57.5625,285.0975,355.5827,568.25,2.5998,4.53,175.338,342.72,72.3074,709.92,19.4996,600.12,600.12,10.0118,66.2439,76.8104,2.5998,4.53,11.1188,15.7164,9.1091,175.336,342.72,709.92,84.0346,33.78,9.69,5.808,12.437,41.34,22.7725,15.5252,0.201,0.132,0.1331,0.1305,0.2137,0.133,0.2023,0.1261,566.04,274.55,356.9,84.555,85.0875,85.305,82.29,83.4675,82.0125,56.6588,545.49,570.0,20.7632,522.08,493.13,13.0932
86.0,57.525,3.8906,57.525,284.9175,355.8582,567.55,2.6,4.53,175.2975,342.72,72.3075,709.92,19.4991,600.12,600.12,10.0112,66.2441,76.8099,2.6,4.53,11.1151,15.7187,9.1091,175.294,342.72,709.92,84.1321,33.78,9.688,5.808,12.436,41.4,22.8275,15.5241,0.201,0.1319,0.1331,0.1304,0.2137,0.133,0.2022,0.1261,566.32,274.6,356.95,84.5925,85.08,85.3425,82.2375,83.4375,81.9975,56.724,545.76,570.0,20.7641,522.23,493.25,13.0945
86.25,57.5625,4.2266,57.5625,285.57,356.4092,567.7,2.6004,4.53,175.257,342.72,72.3077,709.92,19.4986,600.12,600.12,10.0111,66.2442,76.8084,2.6004,4.53,11.1169,15.7189,9.1096,175.266,342.72,709.92,84.2296,33.78,9.685,5.809,12.437,41.46,22.877,15.5146,0.201,0.1319,0.133,0.1304,0.2136,0.133,0.2022,0.1261,566.6,274.6,356.95,84.5925,85.08,85.3875,82.29,83.43,81.9825,56.7881,546.03,570.0,20.765,522.35,493.37,13.1065
86.325,57.5625,4.3328,57.525,284.9625,356.3059,567.65,2.6006,4.5325,175.23,342.72,72.3072,710.0,19.4996,600.0,600.0,10.0111,66.2444,76.8071,2.6006,4.5325,11.1168,15.7192,9.1096,175.224,342.72,710.0,84.3271,33.78,9.682,5.81,12.437,41.508,22.9265,15.5138,0.201,0.1319,0.133,0.1304,0.2135,0.133,0.2021,0.1261,566.88,274.6,357.0,84.555,85.05,85.4175,82.335,83.445,81.9975,56.8511,546.3,570.0,20.7659,522.47,493.49,13.1085
86.075,57.6375,4.5078,57.6,285.345,356.3403,567.45,2.6,4.5325,175.1895,342.75,72.3072,710.0,19.4996,600.0,600.0,10.011,66.2446,76.8086,2.6,4.5325,11.1166,15.7194,9.1096,175.182,342.75,710.0,84.4246,33.78,9.68,5.811,12.438,41.556,22.976,15.5132,0.201,0.1318,0.133,0.1303,0.2135,0.133,0.2021,0.126,567.12,274.6,357.0,84.6,85.095,85.4175,82.305,83.4675,82.0425,56.9168,546.54,570.0,20.7668,522.62,493.64,13.1105
86.0,57.525,3.9766,57.525,285.5475,355.7893,568.2,2.6002,4.5325,175.149,342.75,72.3072,710.0,19.4996,600.0,600.0,10.0109,66.2448,76.8079,2.6002,4.5325,11.1164,15.7197,9.1096,175.14,342.75,710.0,84.5221,33.78,9.677,5.813,12.437,41.598,23.0255,15.5043,0.201,0.1318,0.133,0.1303,0.2134,0.133,0.2021,0.126,567.4,274.65,357.0,84.645,85.1325,85.3875,82.2675,83.49,82.02,56.9778,546.81,570.0,20.7677,522.74,493.76,13.1125
86.55,57.6,4.1062,57.525,285.2775,355.6171,567.95,2.6002,4.535,175.1085,342.75,72.3072,710.0,19.4988,600.06,600.06,10.0108,66.2449,76.8076,2.6002,4.535,11.1163,15.7192,9.1096,175.098,342.75,710.0,84.5689,33.775,9.675,5.815,12.438,41.634,23.064,15.5041,0.201,0.1318,0.1329,0.1303,0.2134,0.1329,0.202,0.126,567.68,274.65,357.05,84.6,85.125,85.3725,82.2975,83.475,82.0275,57.0414,547.05,570.0,20.7534,522.89,493.88,13.1145
86.625,57.6,4.4297,57.5625,284.94,355.4105,567.75,2.6002,4.535,175.068,342.75,72.3072,710.0,19.4986,600.06,600.06,10.0107,66.2451,76.8074,2.6002,4.535,11.1161,15.7192,9.1096,175.07,342.75,710.0,84.6658,33.775,9.672,5.817,12.44,41.664,23.097,15.4954,0.201,0.1318,0.1329,0.1303,0.2134,0.1329,0.202,0.126,567.96,274.7,357.05,84.6075,85.0725,85.335,82.2825,83.52,82.0125,57.1003,547.32,570.0,20.7538,523.01,494.0,13.1165
86.8,57.5625,4.7875,57.525,285.255,355.5138,567.65,2.6002,4.535,175.0275,342.75,72.3072,710.0,19.4983,600.06,600.06,10.0107,66.2445,76.8071,2.6002,4.535,11.1159,15.7192,9.1096,175.028,342.75,710.0,84.7627,33.775,9.67,5.819,12.439,41.688,23.13,15.4954,0.201,0.1318,0.1329,0.1303,0.2134,0.1329,0.202,0.126,568.2,274.7,357.1,84.645,85.08,85.365,82.2675,83.475,82.02,57.1619,547.56,570.0,20.7542,523.16,494.12,13.1292
86.85,57.525,4.2297,57.6,284.9625,355.8582,567.35,2.6002,4.535,174.987,342.75,72.3072,710.0,19.4981,600.06,600.06,10.0106,66.2444,76.8069,2.6002,4.535,11.1157,15.7192,9.1096,174.986,342.75,710.0,84.8596,33.775,9.668,5.821,12.44,41.706,23.1575,15.4871,0.201,0.1318,0.1329,0.1303,0.2134,0.1329,0.202,0.1259,568.44,274.7,357.1,84.6225,85.1025,85.395,82.2675,83.475,81.9825,57.2225,547.8,570.0,20.7546,523.28,494.27,13.1319
86.1,57.525,4.1266,57.5625,285.345,355.7204,567.7,2.6002,4.535,174.9465,342.75,72.3072,710.0,19.4978,600.06,600.06,10.0105,66.2443,76.8066,2.6002,4.535,11.1156,15.7192,9.1102,174.944,342.75,710.0,84.9565,33.775,9.666,5.824,12.44,41.718,23.185,15.4874,0.201,0.1317,0.1329,0.1302,0.2134,0.1329,0.202,0.1259,568.72,274.75,357.15,84.6525,85.125,85.3725,82.3125,83.4975,82.0125,57.2822,548.04,570.0,20.755,523.43,494.39,13.1345
86.1,57.5625,4.2609,57.525,284.94,355.4105,567.65,2.6002,4.535,174.906,342.75,72.3072,710.0,19.4976,600.06,600.06,10.0104,66.2443,76.8064,2.6002,4.535,11.1154,15.7192,9.1096,174.902,342.75,710.0,85.0027,33.77,9.664,5.827,12.44,41.736,23.207,15.4793,0.201,0.1317,0.1329,0.1302,0.2134,0.1329,0.202,0.1259,568.96,274.75,357.15,84.6675,85.1475,85.38,82.275,83.5125,81.975,57.3446,548.25,570.0,20.7554,523.55,494.51,13.1372
86.275,57.525,4.2016,57.6,284.9175,355.3416,567.8,2.6004,4.5375,174.8385,342.75,72.3072,710.0,19.4973,600.06,600.06,10.0103,66.2442,76.8054,2.6004,4.5375,11.1152,15.7192,9.1102,174.832,342.75,710.0,85.099,33.77,9.662,5.83,12.439,41.742,23.2345,15.4713,0.2011,0.1317,0.1329,0.1302,0.2134,0.1328,0.202,0.1259,569.2,274.8,357.2,84.675,85.1025,85.365,82.3275,83.505,81.945,57.4024,548.49,570.0,20.7559,523.7,494.66,13.1399
86.8,57.525,4.5687,57.525,284.985,355.686,567.9,2.6004,4.5375,174.798,342.75,72.3065,710.08,19.4971,600.06,600.06,10.0102,66.2441,76.8048,2.6004,4.5375,11.115,15.7192,9.1102,174.804,342.75,710.08,85.1952,33.77,9.66,5.833,12.44,41.76,23.2565,15.4718,0.2011,0.1317,0.1329,0.1302,0.2133,0.1328,0.202,0.1259,569.44,274.8,357.25,84.645,85.1025,85.32,82.29,83.5425,81.975,57.463,548.7,570.0,20.7563,523.85,494.78,13.1425
86.0,57.6375,4.2562,57.6,285.075,356.0304,567.95,2.6004,4.5375,174.7575,342.78,72.3064,710.08,19.4968,600.06,600.06,10.0102,66.244,76.8043,2.6004,4.5375,11.1149,15.7192,9.1102,174.762,342.78,710.08,85.2409,33.765,9.659,5.835,12.439,41.772,23.2785,15.4641,0.2012,0.1317,0.1328,0.1302,0.2133,0.1328,0.2019,0.1259,569.64,274.85,357.25,84.69,85.05,85.29,82.29,83.4975,81.9375,57.519,548.94,570.0,20.7567,523.97,494.9,13.1559
86.875,57.525,3.9312,57.6,284.805,355.6171,567.15,2.6004,4.5375,174.744,342.78,72.3063,710.08,19.4966,600.06,600.06,10.0101,66.2439,76.8038,2.6004,4.5375,11.1147,15.7192,9.1102,174.734,342.78,710.08,85.3365,33.765,9.657,5.838,12.439,41.79,23.306,15.4649,0.2012,0.1317,0.1328,0.1302,0.2133,0.1328,0.2019,0.1259,569.88,274.85,357.3,84.705,85.0425,85.305,82.26,83.5125,81.8925,57.5778,549.15,570.0,20.7571,524.12,495.05,13.1592
86.075,57.6,4.7438,57.5625,285.345,355.2727,566.95,2.5998,4.5375,174.7035,342.78,72.3062,710.08,19.4963,600.06,600.06,10.01,66.2438,76.8056,2.5998,4.5375,11.1145,15.7192,9.1096,174.692,342.78,710.08,85.4321,33.765,9.655,5.841,12.44,41.802,23.3225,15.4574,0.2012,0.1317,0.1328,0.1302,0.2133,0.1328,0.2019,0.1259,570.08,274.9,357.35,84.6675,85.02,85.2825,82.215,83.52,81.8925,57.6357,549.36,570.0,20.7575,524.27,495.17,13.1625
86.75,57.6,4.6328,57.525,284.7375,355.4794,567.25,2.5998,4.5375,174.6495,342.78,72.306,710.08,19.4961,600.06,600.06,10.0099,66.2438,76.8058,2.5998,4.5375,11.1181,15.7192,9.1096,174.65,342.78,710.08,85.4771,33.76,9.654,5.844,12.438,41.82,23.35,15.4585,0.2012,0.1317,0.1328,0.1302,0.2133,0.1328,0.2019,0.1259,570.32,274.9,357.35,84.645,85.005,85.29,82.2375,83.5275,81.87,57.6966,549.54,570.0,20.7579,524.39,495.29,13.1659
86.975,57.6,4.6328,57.525,284.6025,355.8926,567.8,2.6,4.5375,174.609,342.78,72.3059,710.08,19.4958,600.06,600.06,10.0098,66.2437,76.8053,2.6,4.5375,11.1192,15.7192,9.1096,174.608,342.78,710.08,85.5721,33.76,9.652,5.847,12.439,41.838,23.372,15.4513,0.2013,0.1317,0.1328,0.1302,0.2133,0.1328,0.2019,0.1258,570.52,274.95,357.4,84.63,84.9825,85.32,82.2075,83.5425,81.8925,57.753,549.75,570.0,20.7584,524.54,495.44,13.1692
86.1,57.6,3.8625,57.6,285.255,355.376,567.35,2.6004,4.5375,174.5685,342.78,72.3058,710.08,19.4948,600.12,600.12,10.0105,66.2436,76.8038,2.6004,4.5375,11.1195,15.7192,9.1102,174.566,342.78,710.08,85.6165,33.755,9.65,5.85,12.439,41.856,23.3995,15.4441,0.2013,0.1317,0.1328,0.1301,0.2132,0.1328,0.2019,0.1258,570.76,275.0,357.45,84.6675,85.02,85.29,82.2525,83.565,81.87,57.8085,549.96,570.0,20.7588,524.69,495.56,13.1725
86.2,57.6,4.7219,57.525,285.3225,355.5827,567.3,2.6004,4.54,174.528,342.78,72.3057,710.08,19.4943,600.12,600.12,10.0107,66.2435,76.8033,2.6004,4.54,11.1173,15.7192,9.1102,174.524,342.78,710.08,85.7108,33.755,9.649,5.853,12.44,41.88,23.416,15.4454,0.2013,0.1317,0.1328,0.1301,0.2132,0.1327,0.2019,0.1258,570.96,275.0,357.5,84.63,85.02,85.2825,82.26,83.58,81.8775,57.8631,550.17,570.0,20.7592,524.84,495.71,13.1865
86.75,57.5625,4.0016,57.5625,285.12,355.0316,567.05,2.6004,4.54,174.4875,342.78,72.3056,710.08,19.4938,600.12,600.12,10.0108,66.2434,76.8028,2.6004,4.54,11.1172,15.7192,9.1102,174.496,342.78,710.08,85.7546,33.75,9.647,5.855,12.439,41.904,23.4435,15.4385,0.2013,0.1317,0.1328,0.1301,0.2132,0.1327,0.2018,0.1258,571.16,275.05,357.5,84.6225,85.08,85.2525,82.275,83.55,81.9075,57.9207,550.35,570.0,20.7596,524.96,495.83,13.1905
86.75,57.525,4.1719,57.5625,285.2325,355.8238,567.6,2.6,4.54,174.447,342.78,72.3054,710.08,19.4956,599.94,599.94,10.0102,66.2433,76.8038,2.6,4.54,11.117,15.7192,9.1096,174.454,342.78,710.08,85.8484,33.75,9.645,5.858,12.438,41.922,23.471,15.4316,0.2013,0.1316,0.1328,0.1301,0.2131,0.1327,0.2018,0.1258,571.36,275.05,357.55,84.615,85.1175,85.305,82.245,83.505,81.915,57.9738,550.56,570.0,20.76,525.11,495.98,13.1945
86.4,57.5625,3.9906,57.5625,284.8725,355.1005,567.45,2.6,4.54,174.4065,342.78,72.3053,710.08,19.4958,599.94,599.94,10.0102,66.2432,76.8038,2.6,4.54,11.1168,15.7192,9.1102,174.412,342.78,710.08,85.8915,33.745,9.643,5.861,12.439,41.952,23.493,15.4332,0.2013,0.1316,0.1327,0.1301,0.2131,0.1327,0.2018,0.1258,571.56,275.1,357.6,84.5925,85.1025,85.2975,82.2825,83.52,81.915,58.0298,550.74,570.0,20.7604,525.26,496.1,13.1985
86.65,57.6375,4.3594,57.5625,284.6925,355.2039,567.35,2.6,4.54,174.393,342.78,72.3052,710.08,19.4953,600.0,600.0,10.0101,66.2432,76.8038,2.6,4.54,11.1167,15.7192,9.1102,174.384,342.78,710.08,85.9846,33.745,9.641,5.864,12.438,41.982,23.5205,15.4266,0.2014,0.1316,0.1327,0.1301,0.2131,0.1327,0.2018,0.1257,571.76,275.15,357.65,84.615,85.1175,85.3275,82.32,83.475,81.885,58.0851,550.92,570.0,20.7456,525.41,496.25,13.2025
86.525,57.6,4.8156,57.6,285.0525,354.9628,567.5,2.6,4.5425,174.3525,342.78,72.3044,710.16,19.4938,600.12,600.12,10.01,66.2431,76.8038,2.6,4.5425,11.1165,15.7192,9.1102,174.342,342.78,710.16,86.0271,33.74,9.639,5.866,12.438,42.006,23.5535,15.4285,0.2014,0.1316,0.1327,0.1301,0.2131,0.1326,0.2018,0.1257,571.96,275.15,357.7,84.585,85.1325,85.275,82.335,83.46,81.87,58.1359,551.13,570.0,20.7455,525.53,496.37,13.2065
86.35,57.5625,4.375,57.5625,284.3325,355.3416,567.5,2.6002,4.5425,174.312,342.81,72.3042,710.16,19.4933,600.12,600.12,10.0099,66.243,76.8031,2.6002,4.5425,11.1163,15.7192,9.1102,174.3,342.81,710.16,86.1196,33.74,9.637,5.869,12.438,42.036,23.581,15.4221,0.2014,0.1316,0.1327,0.1301,0.213,0.1326,0.2018,0.1257,572.16,275.2,357.7,84.63,85.1475,85.3125,82.38,83.43,81.855,58.1896,551.31,570.0,20.7454,525.68,496.52,13.2212
86.325,57.6,4.0625,57.5625,285.0525,355.0316,567.2,2.6002,4.5425,174.2715,342.81,72.3039,710.16,19.4921,600.18,600.18,10.0098,66.2429,76.8028,2.6002,4.5425,11.1161,15.7192,9.1102,174.272,342.81,710.16,86.1615,33.735,9.636,5.872,12.438,42.06,23.6085,15.4157,0.2014,0.1316,0.1327,0.13,0.213,0.1326,0.2017,0.1257,572.36,275.2,357.75,84.63,85.185,85.35,82.4175,83.4225,81.84,58.2425,551.49,570.0,20.7453,525.83,496.64,13.2259
86.025,57.6,4.4938,57.5625,284.7375,355.1005,567.45,2.6002,4.5425,174.231,342.81,72.3049,710.0,19.4936,600.0,600.0,10.0105,66.2428,76.8026,2.6002,4.5425,11.116,15.7192,9.1102,174.23,342.81,710.0,86.2027,33.73,9.634,5.875,12.439,42.096,23.6305,15.4179,0.2014,0.1316,0.1327,0.13,0.213,0.1326,0.2017,0.1257,572.56,275.25,357.8,84.63,85.2,85.35,82.4175,83.46,81.81,58.291,551.7,570.0,20.7453,525.98,496.79,13.2305
86.625,57.5625,3.95,57.5625,284.2425,354.8939,567.3,2.6002,4.5425,174.1905,342.81,72.3049,710.0,19.4936,600.0,600.0,10.0107,66.2427,76.8023,2.6002,4.5425,11.1158,15.7192,9.1102,174.188,342.81,710.0,86.294,33.73,9.632,5.877,12.438,42.126,23.658,15.4118,0.2015,0.1315,0.1326,0.13,0.213,0.1326,0.2017,0.1257,572.76,275.3,357.85,84.63,85.1775,85.38,82.395,83.4225,81.87,58.3424,551.88,570.0,20.7452,526.13,496.91,13.2352
86.725,57.6,4.7781,57.5625,284.6475,354.8939,567.15,2.6002,4.545,174.15,342.81,72.3049,710.0,19.4936,600.0,600.0,10.0108,66.2427,76.8021,2.6002,4.545,11.1156,15.7192,9.1102,174.146,342.81,710.0,86.3346,33.725,9.63,5.88,12.438,42.15,23.691,15.4057,0.2015,0.1315,0.1326,0.13,0.213,0.1326,0.2017,0.1256,572.96,275.35,357.9,84.5775,85.125,85.3575,82.395,83.445,81.87,58.3931,552.06,570.0,20.7451,526.28,497.06,13.2399
86.625,57.5625,4.4766,57.525,284.5575,355.2383,567.25,2.6002,4.545,174.123,342.81,72.3049,710.0,19.4928,600.06,600.06,10.0102,66.2426,76.8018,2.6002,4.545,11.1155,15.7192,9.1108,174.118,342.81,710.0,86.3746,33.72,9.628,5.883,12.438,42.18,23.713,15.4082,0.2015,0.1315,0.1326,0.13,0.2129,0.1326,0.2016,0.1256,573.12,275.35,357.95,84.5925,85.11,85.3875,82.3725,83.49,81.915,58.443,552.24,570.0,20.745,526.4,497.18,13.2445
86.15,57.525,4.1547,57.6,284.895,354.7906,566.35,2.6004,4.545,174.0825,342.81,72.3049,710.0,19.4926,600.06,600.06,10.0102,66.2425,76.8008,2.6004,4.545,11.1153,15.7192,9.1108,174.076,342.81,710.0,86.4646,33.72,9.626,5.886,12.438,42.21,23.7405,15.4024,0.2015,0.1315,0.1326,0.13,0.2129,0.1326,0.2016,0.1256,573.32,275.4,358.0,84.5475,85.065,85.4175,82.335,83.46,81.945,58.4922,552.42,570.0,20.745,526.55,497.33,13.2599
86.775,57.5625,4.7562,57.6,284.5125,354.6873,567.1,2.6004,4.545,174.042,342.81,72.3049,710.0,19.4923,600.06,600.06,10.0101,66.2424,76.8003,2.6004,4.545,11.1151,15.7192,9.1108,174.048,342.81,710.0,86.504,33.715,9.624,5.889,12.437,42.234,23.768,15.3966,0.2015,0.1315,0.1326,0.1299,0.2129,0.1326,0.2016,0.1256,573.52,275.45,358.05,84.51,85.1025,85.365,82.3125,83.4525,81.9525,58.5407,552.6,570.0,20.7449,526.7,497.48,13.2652
86.1,57.6,3.9625,57.6,284.6475,354.7561,566.35,2.6004,4.545,174.0015,342.81,72.3043,710.08,19.4921,600.06,600.06,10.01,66.2423,76.7998,2.6004,4.545,11.1149,15.7192,9.1108,174.006,342.81,710.08,86.5427,33.71,9.622,5.892,12.438,42.264,23.7955,15.3993,0.2016,0.1315,0.1326,0.1299,0.2128,0.1326,0.2016,0.1256,573.72,275.45,358.1,84.4875,85.1025,85.395,82.29,83.49,81.945,58.5885,552.78,570.0,20.7448,526.85,497.6,13.2705
86.325,57.5625,3.9203,57.525,284.8275,355.0661,566.9,2.6004,4.545,173.988,342.84,72.3042,710.08,19.4918,600.06,600.06,10.0099,66.2422,76.7993,2.6004,4.545,11.1148,15.7192,9.1108,173.978,342.84,710.08,86.6315,33.71,9.62,5.895,12.437,42.288,23.823,15.3938,0.2016,0.1315,0.1325,0.1299,0.2128,0.1325,0.2015,0.1256,573.88,275.5,358.15,84.54,85.1475,85.41,82.29,83.445,81.9675,58.6355,552.96,570.0,20.7447,527.0,497.75,13.2759
86.025,57.5625,3.8781,57.5625,284.9175,354.9628,566.9,2.6004,4.5475,173.9475,342.84,72.3041,710.08,19.4916,600.06,600.06,10.0098,66.2422,76.7988,2.6004,4.5475,11.1146,15.7192,9.1108,173.936,342.84,710.08,86.6696,33.705,9.618,5.899,12.437,42.312,23.8505,15.3882,0.2016,0.1315,0.1325,0.1299,0.2128,0.1325,0.2015,0.1256,574.08,275.55,358.2,84.51,85.0875,85.44,82.335,83.43,81.93,58.6818,553.14,570.0,20.7447,527.15,497.87,13.2812
86.375,57.525,4.1937,57.5625,284.265,355.135,566.25,2.6,4.5475,173.907,342.84,72.3039,710.08,19.4913,600.06,600.06,10.0097,66.2421,76.7998,2.6,4.5475,11.1174,15.7192,9.1102,173.894,342.84,710.08,86.7071,33.7,9.616,5.902,12.438,42.336,23.8725,15.3913,0.2016,0.1314,0.1325,0.1299,0.2128,0.1325,0.2015,0.1255,574.24,275.6,358.25,84.5475,85.08,85.425,82.2825,83.475,81.975,58.7311,553.29,570.0,20.7446,527.3,498.02,13.2865
86.2,57.525,4.1719,57.525,284.7375,354.825,566.05,2.6,4.5475,173.88,342.84,72.3038,710.08,19.4911,600.06,600.06,10.0097,66.2412,76.7998,2.6,4.5475,11.1183,15.7192,9.1102,173.88,342.84,710.08,86.744,33.695,9.614,5.905,12.437,42.36,23.8945,15.386,0.2017,0.1314,0.1325,0.1299,0.2127,0.1325,0.2015,0.1255,574.44,275.65,358.3,84.54,85.0425,85.425,82.3125,83.5125,82.005,58.7761,553.47,570.0,20.7445,527.45,498.17,13.2919
86.4,57.6,4.5672,57.5625,284.7825,354.6528,566.5,2.6,4.5475,173.8395,342.84,72.3037,710.08,19.4901,600.12,600.12,10.0096,66.2409,76.7998,2.6,4.5475,11.1191,15.7192,9.1108,173.838,342.84,710.08,86.8309,33.695,9.612,5.908,12.437,42.384,23.922,15.3807,0.2017,0.1314,0.1325,0.1299,0.2127,0.1325,0.2015,0.1255,574.6,275.65,358.35,84.525,85.08,85.455,82.335,83.5575,81.9975,58.8204,553.65,570.0,20.7444,527.57,498.29,13.3079
86.575,57.5625,4.0266,57.525,284.4,354.584,566.9,2.6,4.5475,173.8125,342.84,72.3036,710.08,19.4896,600.12,600.12,10.0095,66.2406,76.7998,2.6,4.5475,11.1169,15.7192,9.1108,173.81,342.84,710.08,86.8671,33.69,9.61,5.912,12.438,42.402,23.9385,15.3841,0.2017,0.1314,0.1325,0.1298,0.2127,0.1325,0.2015,0.1255,574.8,275.7,358.4,84.495,85.095,85.4325,82.35,83.535,82.0425,58.8676,553.8,570.0,20.7443,527.72,498.44,13.3139
86.9,57.5625,4.1969,57.6,284.5125,355.135,566.65,2.6,4.5475,173.772,342.84,72.3035,710.08,19.4891,600.12,600.12,10.0094,66.2402,76.7998,2.6,4.5475,11.1167,15.7192,9.1108,173.768,342.84,710.08,86.9027,33.685,9.609,5.915,12.438,42.42,23.9605,15.3791,0.2018,0.1314,0.1325,0.1298,0.2126,0.1324,0.2015,0.1255,574.96,275.75,358.45,84.5325,85.05,85.41,82.305,83.55,81.9975,58.9105,553.98,570.0,20.7443,527.87,498.56,13.3199
86.0,57.525,4.1734,57.5625,283.995,355.2039,566.4,2.6,4.5475,173.7315,342.84,72.3033,710.08,19.4886,600.12,600.12,10.0093,66.2399,76.7998,2.6,4.5475,11.1166,15.7192,9.1108,173.726,342.84,710.08,86.9377,33.68,9.607,5.919,12.437,42.432,23.9825,15.3741,0.2018,0.1314,0.1325,0.1298,0.2126,0.1324,0.2014,0.1255,575.12,275.8,358.5,84.54,85.0575,85.3575,82.305,83.5125,82.0125,58.9565,554.13,570.0,20.7289,528.02,498.71,13.3259
86.7,57.5625,4.6062,57.6,284.5125,355.1694,565.85,2.6,4.55,173.718,342.84,72.3032,710.08,19.4903,599.94,599.94,10.0092,66.2396,76.7998,2.6,4.55,11.1164,15.7192,9.1108,173.712,342.84,710.08,87.0227,33.68,9.605,5.922,12.438,42.45,23.999,15.3691,0.2018,0.1314,0.1325,0.1298,0.2126,0.1324,0.2014,0.1255,575.28,275.85,358.55,84.5025,85.0125,85.3875,82.335,83.505,82.02,58.9981,554.31,570.0,20.7284,528.17,498.86,13.3319
86.6,57.6,3.9437,57.6,284.2425,354.8595,565.95,2.6,4.55,173.6775,342.84,72.3031,710.08,19.4906,599.94,599.94,10.0092,66.2392,76.7998,2.6,4.55,11.1162,15.7192,9.1108,173.67,342.84,710.08,87.0571,33.675,9.604,5.926,12.437,42.468,24.0155,15.3727,0.2019,0.1314,0.1324,0.1298,0.2126,0.1324,0.2014,0.1255,575.48,275.85,358.6,84.54,84.975,85.4025,82.305,83.49,82.065,59.0427,554.46,570.0,20.7278,528.32,498.98,13.3379
86.825,57.525,4.4094,57.5625,284.1075,355.1005,565.7,2.6,4.55,173.6235,342.84,72.303,710.08,19.4908,599.94,599.94,10.0091,66.2396,76.7998,2.6,4.55,11.1161,15.7192,9.1102,173.628,342.84,710.08,87.0908,33.67,9.602,5.929,12.436,42.48,24.0375,15.3679,0.2019,0.1314,0.1324,0.1298,0.2126,0.1324,0.2014,0.1255,575.64,275.9,358.65,84.585,84.96,85.365,82.3425,83.52,82.0425,59.0867,554.61,570.0,20.7272,528.47,499.13,13.3545
86.775,57.5625,3.8547,57.6,284.76,354.9972,565.9,2.6,4.55,173.61,342.84,72.3028,710.08,19.4888,600.12,600.12,10.009,66.2396,76.7998,2.6,4.55,11.1159,15.7192,9.1102,173.6,342.84,710.08,87.124,33.665,9.601,5.933,12.436,42.486,24.054,15.3632,0.202,0.1314,0.1324,0.1298,0.2126,0.1324,0.2014,0.1254,575.8,275.95,358.7,84.6075,84.975,85.3875,82.29,83.505,82.0875,59.1301,554.76,570.0,20.7267,528.62,499.28,13.3612
86.65,57.5625,4.2969,57.5625,284.715,355.0316,566.3,2.6002,4.55,173.5695,342.84,72.3027,710.08,19.4883,600.12,600.12,10.0089,66.2395,76.7991,2.6002,4.55,11.1157,15.7192,9.1102,173.558,342.84,710.08,87.1565,33.66,9.599,5.937,12.437,42.498,24.065,15.3671,0.202,0.1314,0.1324,0.1298,0.2126,0.1324,0.2014,0.1254,575.96,276.0,358.75,84.6375,84.9825,85.38,82.2975,83.535,82.1025,59.1728,554.91,570.0,20.7261,528.77,499.4,13.3679
86.325,57.6,4.1687,57.5625,284.5575,354.3773,566.15,2.6002,4.55,173.5425,342.84,72.3026,710.08,19.4878,600.12,600.12,10.0088,66.2394,76.7988,2.6002,4.55,11.1155,15.7192,9.1102,173.544,342.84,710.08,87.239,33.66,9.598,5.94,12.436,42.504,24.076,15.3627,0.2021,0.1314,0.1324,0.1298,0.2126,0.1324,0.2014,0.1254,576.12,276.05,358.85,84.6675,84.9675,85.3875,82.29,83.5725,82.05,59.215,555.06,570.0,20.7255,528.92,499.55,13.3745
86.125,57.5625,4.5469,57.5625,284.2875,354.584,565.9,2.6002,4.55,173.529,342.84,72.3025,710.08,19.4888,600.0,600.0,10.0087,66.2393,76.7986,2.6002,4.55,11.1154,15.7192,9.1102,173.516,342.84,710.08,87.2708,33.655,9.596,5.944,12.436,42.51,24.087,15.3582,0.2021,0.1314,0.1324,0.1298,0.2126,0.1324,0.2014,0.1254,576.24,276.1,358.9,84.6675,84.9375,85.35,82.3275,83.58,82.08,59.2566,555.21,570.0,20.725,529.07,499.7,13.3812
86.45,57.525,4.3891,57.6,284.31,354.5495,566.15,2.6002,4.55,173.502,342.84,72.3024,710.08,19.4888,600.0,600.0,10.0087,66.2392,76.7983,2.6002,4.55,11.1145,15.7192,9.1102,173.502,342.84,710.08,87.3021,33.65,9.595,5.948,12.437,42.51,24.0925,15.3538,0.2022,0.1314,0.1324,0.1297,0.2126,0.1324,0.2014,0.1254,576.4,276.15,358.95,84.7125,84.96,85.3425,82.32,83.535,82.1175,59.3013,555.33,570.0,20.7244,529.22,499.82,13.3879
86.3,57.525,4.5172,57.525,283.815,354.825,565.55,2.6002,4.55,173.475,342.84,72.3016,710.16,19.4888,600.0,600.0,10.0086,66.2391,76.798,2.6002,4.55,11.114,15.7192,9.1102,173.474,342.84,710.16,87.3327,33.645,9.594,5.952,12.436,42.51,24.098,15.3493,0.2022,0.1314,0.1324,0.1297,0.2126,0.1324,0.2014,0.1254,576.56,276.2,359.0,84.69,84.975,85.3125,82.2675,83.5125,82.1325,59.3418,555.48,570.0,20.7238,529.37,499.97,13.3945
86.825,57.6,4.1922,57.525,284.3325,354.7906,565.55,2.6002,4.55,173.4345,342.84,72.3014,710.16,19.4888,600.0,600.0,10.0085,66.2391,76.7978,2.6002,4.55,11.1136,15.7192,9.1102,173.432,342.84,710.16,87.3627,33.64,9.593,5.956,12.435,42.51,24.109,15.3449,0.2022,0.1314,0.1324,0.1297,0.2126,0.1324,0.2014,0.1254,576.68,276.25,359.1,84.6375,85.0125,85.305,82.2525,83.505,82.1025,59.3854,555.6,570.0,20.7233,529.52,500.12,13.4119
86.725,57.6,4.3297,57.6,284.13,354.0674,566.2,2.6002,4.55,173.421,342.84,72.3011,710.16,19.4888,600.0,600.0,10.0084,66.239,76.7975,2.6002,4.55,11.1169,15.7184,9.1102,173.418,342.84,710.16,87.4427,33.64,9.591,5.96,12.434,42.51,24.1145,15.3491,0.2023,0.1314,0.1324,0.1297,0.2126,0.1324,0.2014,0.1254,576.84,276.25,359.15,84.63,84.9675,85.305,82.2675,83.5125,82.11,59.4248,555.75,570.0,20.7227,529.67,500.24,13.4192
86.45,57.525,4.3719,57.5625,284.6025,354.9283,566.0,2.6002,4.55,173.367,342.84,72.3009,710.16,19.4888,600.0,600.0,10.0083,66.2389,76.7973,2.6002,4.55,11.1178,15.7182,9.1102,173.376,342.84,710.16,87.4721,33.635,9.59,5.964,12.433,42.51,24.1255,15.3449,0.2023,0.1314,0.1324,0.1297,0.2126,0.1324,0.2014,0.1254,576.96,276.3,359.2,84.5925,85.005,85.305,82.2975,83.4675,82.065,59.4674,555.87,570.0,20.7221,529.82,500.39,13.4265
86.65,57.525,4.6219,57.6,284.085,354.4462,565.45,2.6002,4.55,173.3535,342.84,72.3012,710.08,19.4888,600.0,600.0,10.0082,66.2388,76.797,2.6002,4.55,11.1186,15.7179,9.1102,173.348,342.84,710.08,87.5008,33.63,9.589,5.968,12.433,42.504,24.131,15.3407,0.2024,0.1314,0.1324,0.1297,0.2126,0.1324,0.2014,0.1254,577.12,276.35,359.25,84.6075,85.0575,85.2675,82.29,83.4525,82.065,59.5094,555.99,570.0,20.7216,529.97,500.54,13.4339
86.65,57.525,4.6219,57.6,284.085,354.4462,565.45,2.6002,4.55,173.3535,342.84,72.3011,710.08,19.4888,600.0,600.0,10.0082,66.2387,76.7968,2.6002,4.55,11.1194,15.7177,9.1102,173.348,342.84,710.08,87.5796,33.63,9.589,5.968,12.433,42.504,24.131,15.3366,0.2024,0.1314,0.1324,0.1297,0.2126,0.1324,0.2014,0.1254,577.12,276.35,359.25,84.6075,85.0575,85.2675,82.29,83.4525,82.065,59.5661,555.99,570.0,20.721,529.97,500.54,13.4412
86.65,57.525,4.6219,57.6,284.085,354.4462,565.45,2.6002,4.55,173.3535,342.84,72.301,710.08,19.4888,600.0,600.0,10.0081,66.2386,76.7965,2.6002,4.55,11.1203,15.7174,9.1102,173.348,342.84,710.08,87.6583,33.63,9.589,5.968,12.433,42.504,24.131,15.3324,0.2024,0.1314,0.1324,0.1297,0.2126,0.1324,0.2014,0.1254,577.12,276.35,359.25,84.6075,85.0575,85.2675,82.29,83.4525,82.065,59.6227,555.99,570.0,20.7204,529.97,500.54,13.4485
86.65,57.525,4.6219,57.6,284.085,354.4462,565.45,2.6002,4.55,173.3535,342.84,72.3009,710.08,19.4888,600.0,600.0,10.008,66.2386,76.7963,2.6002,4.55,11.1211,15.7172,9.1102,173.348,342.84,710.08,87.7371,33.63,9.589,5.968,12.433,42.504,24.131,15.3282,0.2024,0.1314,0.1324,0.1297,0.2126,0.1324,0.2014,0.1254,577.12,276.35,359.25,84.6075,85.0575,85.2675,82.29,83.4525,82.065,59.6793,555.99,570.0,20.7199,529.97,500.54,13.4559
86.4,57.5625,4.2641,57.5625,283.905,354.6528,565.35,2.6002,4.55,173.178,342.84,72.3007,710.08,19.4888,600.0,600.0,10.0079,66.2385,76.796,2.6002,4.55,11.1152,15.7177,9.1102,173.18,342.84,710.08,87.7652,33.625,9.588,5.972,12.434,42.504,24.131,15.3241,0.2025,0.1314,0.1324,0.1297,0.2125,0.1324,0.2014,0.1254,577.24,276.45,359.3,84.6225,85.0725,85.305,82.2525,83.4375,82.0725,59.7133,556.17,570.0,20.7193,530.09,500.66,13.4632
86.75,57.5625,3.8406,57.5625,283.77,354.584,565.4,2.6002,4.55,173.178,342.84,72.3006,710.08,19.4888,600.0,600.0,10.0078,66.2384,76.7958,2.6002,4.55,11.1137,15.7177,9.1102,173.18,342.84,710.08,87.7927,33.62,9.587,5.976,12.43,42.516,24.1475,15.3285,0.2025,0.1314,0.1324,0.1297,0.2125,0.1324,0.2013,0.1254,577.4,276.55,359.45,84.63,85.11,85.275,82.2825,83.415,82.02,59.7504,556.32,570.0,20.7187,530.24,500.81,13.4705
86.625,57.6,4.4125,57.6,283.9275,354.274,565.85,2.6002,4.55,173.1375,342.87,72.2999,710.16,19.4888,600.0,600.0,10.0078,66.2383,76.7955,2.6002,4.55,11.1123,15.7177,9.1102,173.138,342.87,710.16,87.8196,33.615,9.586,5.979,12.43,42.54,24.1585,15.3246,0.2025,0.1314,0.1324,0.1297,0.2125,0.1324,0.2013,0.1254,577.56,276.6,359.55,84.615,85.08,85.2675,82.245,83.4675,82.0575,59.7869,556.47,570.0,20.7181,530.39,500.96,13.4779
86.725,57.5625,4.5891,57.5625,283.6125,354.4117,565.6,2.6002,4.55,173.1375,342.87,72.2996,710.16,19.4888,600.0,600.0,10.0077,66.2382,76.7953,2.6002,4.55,11.1147,15.7177,9.1102,173.138,342.87,710.16,87.8459,33.61,9.585,5.983,12.43,42.564,24.175,15.3293,0.2026,0.1314,0.1324,0.1297,0.2125,0.1323,0.2013,0.1254,577.72,276.65,359.65,84.585,85.095,85.2375,82.2075,83.4375,82.02,59.8228,556.62,570.0,20.7176,530.54,501.08,13.4959
86.45,57.6,3.9312,57.5625,283.5675,353.9641,565.5,2.6002,4.55,173.124,342.87,72.2994,710.16,19.4888,600.0,600.0,10.0076,66.2381,76.795,2.6002,4.55,11.1175,15.7177,9.1102,173.124,342.87,710.16,87.8715,33.605,9.584,5.986,12.431,42.588,24.1805,15.3257,0.2026,0.1314,0.1324,0.1297,0.2124,0.1323,0.2013,0.1254,577.88,276.75,359.75,84.63,85.1325,85.29,82.17,83.4825,82.0125,59.8618,556.74,570.0,20.7017,530.69,501.23,13.5039
86.2,57.6,4.4922,57.525,283.995,354.7906,565.45,2.6002,4.55,173.097,342.87,72.3004,710.0,19.4888,600.0,600.0,10.0075,66.2381,76.7948,2.6002,4.55,11.1183,15.7169,9.1102,173.096,342.87,710.0,87.8965,33.6,9.582,5.989,12.43,42.618,24.2025,15.3221,0.2026,0.1314,0.1324,0.1297,0.2124,0.1323,0.2012,0.1254,578.0,276.8,359.8,84.6525,85.125,85.32,82.17,83.46,81.9975,59.8966,556.89,570.0,20.7007,530.84,501.38,13.5119
86.9,57.525,4.7062,57.5625,283.7925,354.0674,565.35,2.6002,4.5525,173.0835,342.87,72.3004,710.0,19.4881,600.06,600.06,10.0074,66.238,76.7945,2.6002,4.5525,11.1191,15.7167,9.1102,173.082,342.87,710.0,87.9208,33.595,9.581,5.992,12.431,42.648,24.2135,15.3185,0.2027,0.1314,0.1323,0.1297,0.2124,0.1323,0.2012,0.1254,578.16,276.85,359.9,84.6975,85.125,85.335,82.1925,83.43,81.9825,59.9308,557.04,570.0,20.6996,530.99,501.5,13.5199
86.225,57.525,4.775,57.6,283.7475,353.7918,565.75,2.6002,4.5525,173.0565,342.87,72.3004,710.0,19.4878,600.06,600.06,10.0073,66.2379,76.7943,2.6002,4.5525,11.1162,15.7164,9.1102,173.054,342.87,710.0,87.9446,33.59,9.579,5.996,12.431,42.678,24.23,15.3149,0.2027,0.1314,0.1323,0.1297,0.2123,0.1323,0.2012,0.1254,578.32,276.95,360.0,84.735,85.1175,85.35,82.215,83.4825,82.02,59.9681,557.16,570.0,20.6985,531.14,501.65,13.5279
86.825,57.6,3.9781,57.6,283.635,354.274,564.75,2.5998,4.5525,173.043,342.87,72.2991,710.16,19.4876,600.06,600.06,10.0073,66.2378,76.7955,2.5998,4.5525,11.1158,15.7162,9.1096,173.04,342.87,710.16,87.9677,33.585,9.577,5.999,12.43,42.702,24.252,15.3113,0.2027,0.1313,0.1323,0.1297,0.2123,0.1322,0.2012,0.1253,578.44,277.0,360.05,84.6975,85.155,85.3725,82.2525,83.46,82.0275,60.0012,557.31,570.0,20.6975,531.29,501.77,13.5359
86.75,57.5625,3.85,57.6,283.5225,354.0674,565.35,2.5998,4.5525,173.0025,342.87,72.2989,710.16,19.4873,600.06,600.06,10.0072,66.2377,76.7958,2.5998,4.5525,11.1154,15.7159,9.1102,172.998,342.87,710.16,87.9902,33.58,9.575,6.002,12.429,42.732,24.274,15.3077,0.2027,0.1313,0.1323,0.1296,0.2122,0.1322,0.2011,0.1253,578.6,277.05,360.15,84.6975,85.185,85.395,82.2825,83.43,82.0425,60.0337,557.46,570.0,20.6964,531.44,501.92,13.5439
86.45,57.5625,4.4562,57.525,283.3425,353.8607,565.1,2.5998,4.5525,172.9755,342.87,72.2986,710.16,19.4871,600.06,600.06,10.0071,66.2376,76.796,2.5998,4.5525,11.115,15.7157,9.1102,172.97,342.87,710.16,88.0627,33.58,9.573,6.006,12.428,42.756,24.296,15.304,0.2028,0.1313,0.1323,0.1296,0.2122,0.1322,0.2011,0.1253,578.76,277.1,360.2,84.66,85.2075,85.38,82.3275,83.475,82.0875,60.0693,557.58,570.0,20.6954,531.59,502.07,13.5625
86.525,57.6,4.3828,57.6,283.77,353.5852,564.95,2.6004,4.555,172.962,342.87,72.2996,710.0,19.4861,600.12,600.12,10.007,66.2375,76.794,2.6004,4.555,11.1145,15.7154,9.1108,172.956,342.87,710.0,88.0846,33.575,9.571,6.009,12.428,42.78,24.318,15.3004,0.2028,0.1313,0.1322,0.1296,0.2122,0.1322,0.2011,0.1253,578.88,277.15,360.3,84.6975,85.215,85.3575,82.3125,83.52,82.0725,60.1007,557.73,570.0,20.6943,531.74,502.19,13.5712
86.85,57.5625,4.5078,57.525,283.86,353.6541,565.15,2.6016,4.5725,173.097,342.99,72.2965,710.4,19.4766,600.84,600.84,10.0047,66.236,76.789,2.6016,4.5725,11.1141,15.7152,9.1129,173.096,342.99,710.4,88.0552,33.565,9.569,6.013,12.427,44.838,24.34,15.3054,0.2009,0.1305,0.1317,0.129,0.2102,0.1317,0.199,0.1246,579.04,277.2,360.35,84.675,85.17,85.395,82.3425,83.52,82.0875,60.1127,558.03,570.0,20.6932,531.89,502.34,13.5799
86.85,57.5625,4.25,57.5625,283.86,354.1707,564.8,2.6032,4.5975,173.1915,343.14,72.2927,710.8,19.4648,601.5,601.5,10.0023,66.2339,76.781,2.6032,4.5975,11.1174,15.7149,9.1168,173.194,343.14,710.8,88.0752,33.56,9.539,5.917,12.426,46.542,25.011,15.3021,0.1993,0.1296,0.1309,0.1282,0.2085,0.1309,0.1973,0.1238,579.32,277.25,360.45,84.675,85.17,85.3425,82.3425,83.565,82.0725,60.1085,558.45,570.0,20.6922,532.04,502.49,13.5885
86.175,57.5625,3.9062,57.5625,283.23,354.1362,565.1,2.6042,4.6225,173.2725,343.32,72.2884,711.2,19.4511,602.1,602.1,9.9995,66.2313,76.7733,2.6042,4.6225,11.1183,15.7147,9.1195,173.278,343.32,711.2,88.0946,33.555,9.5,5.857,12.426,48.048,25.869,15.2988,0.1978,0.1287,0.13,0.1273,0.207,0.13,0.1957,0.1229,579.8,277.3,360.5,84.6225,85.2,85.38,82.2975,83.6025,82.1025,60.0875,558.99,570.0,20.6911,532.19,502.61,13.5972
86.35,57.5625,4.5812,57.6,283.7025,354.274,564.3,2.6052,4.645,173.313,343.47,72.2834,711.6,19.4401,602.28,602.28,9.9969,66.2282,76.7643,2.6052,4.645,11.1191,15.7144,9.1228,173.306,343.47,711.6,88.0627,33.545,9.458,5.812,12.426,49.386,26.749,15.2954,0.1965,0.1278,0.1292,0.1265,0.2056,0.1292,0.1944,0.122,580.36,277.35,360.6,84.645,85.2375,85.3575,82.335,83.625,82.1325,60.0568,559.59,570.0,20.6901,532.34,502.76,13.6058
86.4,57.6,4.3234,57.525,283.725,353.7918,564.15,2.606,4.665,173.3265,343.62,72.279,711.84,19.4306,602.28,602.28,9.9941,66.2254,76.7548,2.606,4.665,11.1162,15.7172,9.1245,173.32,343.62,711.84,88.0802,33.54,9.415,5.775,12.425,50.538,27.585,15.2835,0.1953,0.127,0.1285,0.1257,0.2044,0.1284,0.1932,0.1213,580.96,277.4,360.65,84.6525,85.215,85.3875,82.3575,83.61,82.1625,60.0162,560.25,570.0,20.689,532.49,502.91,13.6145
86.4,57.6,4.2438,57.6,283.905,353.9985,564.75,2.6062,4.6825,173.3265,343.77,72.2749,712.0,19.4211,602.28,602.28,9.991,66.2215,76.7465,2.6062,4.6825,11.1158,15.7172,9.1262,173.32,343.77,712.0,88.0971,33.535,9.374,5.746,12.423,51.486,28.3385,15.2799,0.1944,0.1264,0.1278,0.1251,0.2034,0.1278,0.1923,0.1206,581.64,277.5,360.75,84.6225,85.23,85.3425,82.38,83.565,82.1925,59.9692,560.94,570.0,20.6879,532.64,503.03,13.6339
86.425,57.5625,4.6594,57.5625,283.4325,353.2753,564.15,2.6062,4.6975,173.34,343.86,72.2705,712.16,19.4116,602.28,602.28,9.9877,66.2187,76.7388,2.6062,4.6975,11.1146,15.7177,9.1267,173.334,343.86,712.16,88.0627,33.525,9.335,5.723,12.422,52.224,28.982,15.2763,0.1937,0.1258,0.1273,0.1246,0.2027,0.1273,0.1915,0.1201,582.36,277.55,360.8,84.6525,85.23,85.3575,82.38,83.5725,82.215,59.9194,561.63,570.0,20.6869,532.79,503.18,13.6432
86.0,57.525,4.7703,57.5625,283.1175,353.7918,563.9,2.6058,4.7075,173.313,343.95,72.2671,712.16,19.4036,602.16,602.16,9.9848,66.2151,76.7325,2.6058,4.7075,11.1139,15.7152,9.1272,173.306,343.95,712.16,88.0777,33.52,9.301,5.707,12.418,52.752,29.521,15.2727,0.1931,0.1254,0.1269,0.1242,0.2022,0.1269,0.191,0.1197,583.08,277.6,360.85,84.6675,85.2225,85.32,82.38,83.5275,82.17,59.8705,562.29,570.0,20.6858,532.94,503.33,13.6525
86.675,57.5625,4.575,57.6,283.455,353.723,563.75,2.606,4.7175,173.2725,344.01,72.2631,712.24,19.3961,602.04,602.04,9.982,66.2121,76.7245,2.606,4.7175,11.1132,15.7147,9.1272,173.264,344.01,712.24,88.0921,33.515,9.271,5.698,12.417,53.136,29.939,15.269,0.1927,0.125,0.1265,0.1238,0.2017,0.1265,0.1905,0.1193,583.76,277.65,360.95,84.63,85.26,85.275,82.4175,83.5275,82.1175,59.819,562.95,570.0,20.6695,533.12,503.48,13.6619
86.2,57.6,4.2453,57.525,283.1625,353.2753,563.6,2.6054,4.725,173.2185,344.04,72.259,712.32,19.3906,601.8,601.8,9.9792,66.209,76.7193,2.6054,4.725,11.1163,15.7142,9.1262,173.222,344.04,712.32,88.0552,33.505,9.244,5.694,12.416,53.34,30.2855,15.2654,0.1925,0.1248,0.1263,0.1236,0.2014,0.1263,0.1903,0.1191,584.44,277.7,361.05,84.645,85.2225,85.2525,82.455,83.55,82.0575,59.7724,563.55,570.0,20.668,533.27,503.63,13.6712
86.4,57.6375,4.1094,57.6,283.5225,353.7574,563.8,2.605,4.7275,173.1645,344.07,72.256,712.24,19.3868,601.5,601.5,9.9771,66.2059,76.714,2.605,4.7275,11.1169,15.7137,9.1262,173.166,344.07,712.24,88.0677,33.5,9.223,5.694,12.414,53.37,30.511,15.2618,0.1925,0.1247,0.1262,0.1235,0.2014,0.1262,0.1903,0.119,585.08,277.75,361.1,84.6,85.26,85.29,82.4625,83.505,82.0575,59.727,564.12,570.0,20.6664,533.45,503.81,13.6805
86.475,57.525,3.825,57.5625,282.735,353.413,563.5,2.6042,4.7275,173.1105,344.07,72.2537,712.08,19.3828,601.32,601.32,9.9745,66.2028,76.7108,2.6042,4.7275,11.1175,15.7162,9.125,173.11,344.07,712.08,88.0796,33.495,9.207,5.698,12.412,53.25,30.621,15.2582,0.1925,0.1247,0.1262,0.1234,0.2015,0.1262,0.1903,0.119,585.68,277.85,361.2,84.615,85.2,85.275,82.4325,83.505,82.02,59.6869,564.63,570.0,20.6649,533.63,503.96,13.6899
86.675,57.6375,3.9484,57.5625,282.825,353.2753,563.55,2.6034,4.725,173.0565,344.07,72.2517,711.92,19.3803,601.08,601.08,9.9727,66.2005,76.7085,2.6034,4.725,11.1143,15.7167,9.1234,173.054,344.07,711.92,88.0402,33.485,9.197,5.706,12.41,52.998,30.6375,15.2546,0.1927,0.1247,0.1262,0.1235,0.2018,0.1262,0.1906,0.119,586.2,277.9,361.3,84.66,85.2375,85.245,82.425,83.5425,81.975,59.6522,565.08,570.0,20.6633,533.81,504.11,13.6992
86.125,57.5625,4.0219,57.6,282.5325,352.9653,563.35,2.6028,4.7225,172.989,344.04,72.2494,711.84,19.3796,600.78,600.78,9.9711,66.1984,76.7065,2.6028,4.7225,11.1136,15.7172,9.1223,172.984,344.04,711.84,88.0502,33.48,9.191,5.718,12.408,52.644,30.5715,15.2424,0.193,0.1249,0.1264,0.1236,0.2021,0.1263,0.1909,0.1192,586.68,277.95,361.35,84.675,85.2525,85.2525,82.4625,83.4975,81.99,59.6233,565.47,570.0,20.6617,533.96,504.29,13.7085
86.15,57.525,4.0344,57.525,283.1175,352.6898,563.15,2.6024,4.7175,172.9215,344.01,72.2484,711.6,19.3801,600.48,600.48,9.9698,66.1966,76.7045,2.6024,4.7175,11.113,15.7147,9.1206,172.914,344.01,711.6,88.0596,33.475,9.19,5.732,12.406,52.212,30.434,15.2385,0.1934,0.1251,0.1265,0.1238,0.2025,0.1265,0.1913,0.1193,587.08,278.0,361.45,84.66,85.23,85.2675,82.4625,83.5275,81.96,59.6002,565.8,570.0,20.6602,534.14,504.44,13.7285
86.95,57.5625,4.3328,57.6,283.095,352.8965,563.5,2.6016,4.7125,172.8405,343.98,72.2465,711.52,19.3803,600.3,600.3,9.9687,66.1942,76.7045,2.6016,4.7125,11.1161,15.7142,9.1195,172.844,343.98,711.52,88.0683,33.47,9.192,5.748,12.404,51.726,30.247,15.2346,0.1939,0.1253,0.1268,0.124,0.2029,0.1267,0.1918,0.1196,587.44,278.05,361.5,84.6975,85.1925,85.26,82.41,83.5725,81.945,59.5834,566.07,570.0,20.6586,534.32,504.62,13.7385
86.275,57.5625,4.4938,57.6,283.1175,353.1719,563.3,2.601,4.705,172.7595,343.92,72.246,711.28,19.3828,600.0,600.0,9.9671,66.1934,76.7048,2.601,4.705,11.1166,15.7137,9.1179,172.76,343.92,711.28,88.0765,33.465,9.197,5.765,12.4,51.216,30.0215,15.2307,0.1944,0.1256,0.127,0.1243,0.2034,0.127,0.1923,0.1198,587.72,278.15,361.6,84.66,85.2075,85.275,82.395,83.58,81.9375,59.573,566.28,570.0,20.6571,534.5,504.8,13.7485
86.125,57.525,4.5656,57.6,282.4425,352.311,563.3,2.6,4.6975,172.7055,343.86,72.2452,711.12,19.3836,599.94,599.94,9.967,66.1916,76.7073,2.6,4.6975,11.1172,15.7162,9.1163,172.704,343.86,711.12,88.084,33.46,9.205,5.783,12.398,50.694,29.7685,15.2268,0.1948,0.1259,0.1273,0.1245,0.2039,0.1273,0.1928,0.1201,587.92,278.2,361.65,84.675,85.1775,85.305,82.3725,83.5425,81.9075,59.5692,566.43,570.0,20.6555,534.68,504.95,13.7585
86.45,57.6,3.925,57.525,282.7575,353.0686,562.45,2.5996,4.69,172.6515,343.8,72.2448,710.96,19.3861,599.76,599.76,9.9667,66.1912,76.7088,2.5996,4.69,11.114,15.7167,9.1146,172.648,343.8,710.96,88.0908,33.455,9.215,5.8,12.396,50.172,29.499,15.2229,0.1953,0.1262,0.1275,0.1248,0.2044,0.1275,0.1933,0.1204,588.08,278.25,361.75,84.645,85.185,85.32,82.32,83.5275,81.945,59.5686,566.55,570.0,20.654,534.86,505.13,13.7685
86.325,57.5625,4.6406,57.6,282.375,352.1043,562.65,2.5992,4.6825,172.5975,343.77,72.2439,710.88,19.3893,599.58,599.58,9.9658,66.1906,76.7108,2.5992,4.6825,11.1134,15.7172,9.1135,172.592,343.77,710.88,88.0971,33.45,9.226,5.816,12.396,49.674,29.224,15.219,0.1958,0.1265,0.1278,0.1251,0.2049,0.1278,0.1938,0.1206,588.2,278.35,361.85,84.615,85.1925,85.35,82.35,83.52,81.9825,59.575,566.61,570.0,20.6524,535.04,505.31,13.7785
86.275,57.5625,4.1297,57.5625,282.8475,352.862,562.35,2.5992,4.675,172.557,343.71,72.2438,710.72,19.3933,599.4,599.4,9.9658,66.1896,76.7118,2.5992,4.675,11.1127,15.7147,9.1129,172.55,343.71,710.72,88.1027,33.445,9.238,5.832,12.394,49.2,28.9545,15.2152,0.1962,0.1267,0.1281,0.1253,0.2054,0.128,0.1943,0.1209,588.28,278.4,361.95,84.5925,85.1775,85.32,82.32,83.55,81.9675,59.585,566.64,570.0,20.6509,535.22,505.46,13.7885
86.125,57.525,4.5125,57.5625,282.555,352.311,562.2,2.5988,4.67,172.503,343.68,72.2445,710.48,19.3958,599.4,599.4,9.9652,66.1892,76.7143,2.5988,4.67,11.1158,15.7142,9.1118,172.508,343.68,710.48,88.1077,33.44,9.251,5.846,12.392,48.768,28.696,15.2113,0.1967,0.127,0.1283,0.1256,0.2058,0.1282,0.1947,0.1211,588.28,278.45,362.0,84.6075,85.2075,85.3125,82.335,83.5575,81.9525,59.6023,566.61,570.0,20.6493,535.4,505.64,13.7985
86.45,57.5625,3.8844,57.6,282.1275,352.7587,562.5,2.5988,4.6625,172.4625,343.62,72.2444,710.4,19.4006,599.22,599.22,9.9653,66.1884,76.7158,2.5988,4.6625,11.1164,15.7137,9.1113,172.452,343.62,710.4,88.1121,33.435,9.263,5.859,12.39,48.372,28.4595,15.2074,0.197,0.1272,0.1285,0.1258,0.2062,0.1285,0.1951,0.1214,588.28,278.5,362.1,84.57,85.2375,85.2825,82.3575,83.55,81.945,59.6198,566.58,570.0,20.6478,535.58,505.82,13.8085
86.675,57.5625,4.7687,57.6,282.0825,352.311,561.9,2.5984,4.6575,172.4355,343.59,72.245,710.24,19.4031,599.28,599.28,9.965,66.1891,76.7188,2.5984,4.6575,11.1169,15.7162,9.1096,172.424,343.59,710.24,88.1159,33.43,9.275,5.871,12.389,48.024,28.234,15.2035,0.1974,0.1274,0.1287,0.126,0.2065,0.1286,0.1954,0.1216,588.24,278.6,362.2,84.5925,85.1925,85.32,82.38,83.52,81.945,59.6411,566.52,570.0,20.6309,535.76,505.97,13.8185
86.4,57.5625,4.5641,57.6,282.015,352.311,561.85,2.5982,4.6525,172.4085,343.56,72.2453,710.16,19.4053,599.34,599.34,9.9654,66.1887,76.7215,2.5982,4.6525,11.1138,15.7167,9.1091,172.41,343.56,710.16,88.119,33.425,9.286,5.881,12.388,47.718,28.036,15.1996,0.1977,0.1276,0.1289,0.1262,0.2068,0.1288,0.1957,0.1217,588.16,278.65,362.25,84.63,85.2,85.365,82.4025,83.565,81.96,59.6664,566.43,570.0,20.6289,535.94,506.15,13.8285
86.925,57.525,4.2859,57.5625,282.285,352.6554,561.85,2.5984,4.6475,172.368,343.53,72.2456,710.08,19.4073,599.4,599.4,9.9653,66.1884,76.723,2.5984,4.6475,11.1131,15.7172,9.1091,172.368,343.53,710.08,88.1215,33.42,9.296,5.89,12.386,47.454,27.86,15.2043,0.1979,0.1278,0.129,0.1263,0.207,0.129,0.196,0.1219,588.08,278.7,362.35,84.6525,85.1625,85.365,82.44,83.5875,81.9675,59.6884,566.37,570.0,20.6269,536.12,506.3,13.8492
86.0,57.6,4.6562,57.5625,282.0375,352.1732,562.0,2.5982,4.645,172.3545,343.5,72.2449,710.16,19.4113,599.28,599.28,9.9653,66.1888,76.7258,2.5982,4.645,11.1132,15.7154,9.1091,172.354,343.5,710.16,88.1234,33.415,9.306,5.897,12.385,47.22,27.7115,15.2007,0.1981,0.1279,0.1292,0.1265,0.2073,0.1291,0.1962,0.122,588.0,278.75,362.45,84.6525,85.1775,85.3575,82.41,83.6175,81.9375,59.7181,566.25,570.0,20.6248,536.3,506.48,13.8599
86.5,57.6,4.2719,57.6,281.9925,352.4143,561.5,2.5984,4.64,172.341,343.47,72.2453,710.08,19.4136,599.34,599.34,9.9659,66.1887,76.7273,2.5984,4.64,11.1158,15.7152,9.1086,172.34,343.47,710.08,88.1246,33.41,9.315,5.903,12.384,47.004,27.5795,15.1971,0.1983,0.1281,0.1293,0.1266,0.2074,0.1293,0.1964,0.1222,587.92,278.85,362.5,84.675,85.185,85.395,82.3575,83.595,81.915,59.7445,566.16,570.0,20.6228,536.45,506.63,13.8705
86.9,57.525,4.5766,57.6,282.1275,352.1732,562.2,2.5982,4.6375,172.3005,343.44,72.2451,710.08,19.4171,599.28,599.28,9.9661,66.1886,76.73,2.5982,4.6375,11.1163,15.7149,9.108,172.298,343.44,710.08,88.1252,33.405,9.323,5.909,12.385,46.794,27.442,15.1935,0.1986,0.1282,0.1294,0.1267,0.2077,0.1294,0.1966,0.1223,587.8,278.9,362.6,84.6225,85.185,85.4025,82.3575,83.58,81.9525,59.775,566.04,570.0,20.6207,536.63,506.81,13.8812
86.125,57.6,4.3031,57.5625,282.5325,351.7599,561.3,2.5984,4.6325,172.287,343.41,72.2469,709.84,19.4193,599.34,599.34,9.9663,66.1893,76.7315,2.5984,4.6325,11.1169,15.7147,9.108,172.284,343.41,709.84,88.1252,33.4,9.331,5.913,12.384,46.584,27.3045,15.1899,0.1987,0.1284,0.1295,0.1268,0.2079,0.1295,0.1968,0.1225,587.68,278.95,362.7,84.63,85.1625,85.3875,82.365,83.5425,81.93,59.8023,565.95,570.0,20.6187,536.81,506.96,13.8919
86.3,57.525,4.4594,57.5625,282.2625,351.5189,561.15,2.5982,4.63,172.2735,343.41,72.2465,709.92,19.4228,599.28,599.28,9.9664,66.1895,76.7343,2.5982,4.63,11.1145,15.7144,9.1074,172.27,343.41,709.92,88.1246,33.395,9.34,5.918,12.383,46.38,27.1725,15.1949,0.1989,0.1285,0.1296,0.127,0.2081,0.1296,0.197,0.1226,587.56,279.05,362.8,84.66,85.1475,85.365,82.3275,83.565,81.96,59.8337,565.83,570.0,20.6166,536.96,507.11,13.9025
86.675,57.5625,4.5312,57.6,281.97,351.9666,561.5,2.5984,4.625,172.26,343.38,72.2473,709.84,19.4251,599.34,599.34,9.9673,66.1896,76.7358,2.5984,4.625,11.1141,15.7172,9.1074,172.256,343.38,709.84,88.1234,33.39,9.348,5.923,12.382,46.17,27.046,15.1915,0.1991,0.1287,0.1298,0.1271,0.2083,0.1298,0.1973,0.1227,587.44,279.1,362.9,84.6225,85.125,85.3125,82.38,83.535,82.0125,59.8656,565.71,570.0,20.6146,537.14,507.26,13.9132
86.425,57.6,4.4734,57.6,281.9925,351.8288,561.65,2.5982,4.6225,172.233,343.35,72.2481,709.76,19.4286,599.28,599.28,9.9678,66.1906,76.7385,2.5982,4.6225,11.1136,15.7179,9.1069,172.242,343.35,709.76,88.1215,33.385,9.356,5.929,12.38,45.954,26.9195,15.1882,0.1993,0.1288,0.1299,0.1272,0.2085,0.1298,0.1975,0.1229,587.32,279.2,363.0,84.6375,85.1625,85.2675,82.365,83.5275,81.99,59.8979,565.59,570.0,20.6125,537.29,507.44,13.9239
86.975,57.525,4.2641,57.6,281.6325,352.0355,561.7,2.598,4.6175,172.2195,343.32,72.2491,709.68,19.4308,599.34,599.34,9.9682,66.191,76.7415,2.598,4.6175,11.1162,15.7179,9.1063,172.214,343.32,709.68,88.119,33.38,9.363,5.934,12.381,45.738,26.782,15.1849,0.1996,0.1289,0.13,0.1274,0.2087,0.13,0.1977,0.123,587.2,279.25,363.1,84.66,85.1475,85.2975,82.3275,83.5125,82.005,59.9345,565.44,570.0,20.6105,537.44,507.59,13.9345
86.975,57.525,4.1437,57.6,282.15,351.8633,560.8,2.5982,4.615,172.206,343.29,72.2503,709.6,19.4321,599.46,599.46,9.9686,66.1914,76.7433,2.5982,4.615,11.1168,15.7162,9.1063,172.2,343.29,709.6,88.1159,33.375,9.371,5.939,12.381,45.522,26.6445,15.1815,0.1998,0.1291,0.1302,0.1275,0.209,0.1302,0.1979,0.1231,587.04,279.3,363.15,84.6825,85.11,85.275,82.2825,83.55,81.9825,59.968,565.32,570.0,20.6084,537.62,507.74,13.9452
86.725,57.5625,4.4578,57.525,281.88,351.1745,560.85,2.598,4.61,172.206,343.26,72.2509,709.6,19.4358,599.34,599.34,9.9698,66.1918,76.7463,2.598,4.61,11.1174,15.7159,9.1063,172.214,343.26,709.6,88.1121,33.37,9.379,5.944,12.38,45.306,26.5125,15.1782,0.2,0.1292,0.1303,0.1276,0.2091,0.1302,0.1981,0.1233,586.92,279.4,363.25,84.6975,85.0875,85.29,82.3125,83.52,82.005,60.0057,565.17,570.0,20.6064,537.77,507.89,13.9559
86.875,57.5625,4.4047,57.6,281.5425,352.0699,561.2,2.5982,4.6075,172.1925,343.26,72.2521,709.52,19.4378,599.4,599.4,9.9704,66.1922,76.748,2.5982,4.6075,11.115,15.7157,9.1063,172.186,343.26,709.52,88.1077,33.365,9.387,5.95,12.378,45.09,26.3805,15.1835,0.2002,0.1294,0.1304,0.1278,0.2094,0.1304,0.1983,0.1234,586.76,279.45,363.35,84.7125,85.1325,85.275,82.335,83.5425,82.05,60.044,565.02,570.0,20.6044,537.92,508.04,13.9665
86.425,57.5625,4.2094,57.525,281.6325,351.6222,561.3,2.598,4.6025,172.179,343.23,72.2523,709.6,19.4411,599.34,599.34,9.9711,66.1934,76.751,2.598,4.6025,11.1145,15.7154,9.1058,172.172,343.23,709.6,88.1027,33.36,9.395,5.955,12.378,44.868,26.243,15.1804,0.2004,0.1295,0.1305,0.1279,0.2096,0.1305,0.1985,0.1236,586.64,279.5,363.45,84.66,85.1325,85.3125,82.335,83.4975,82.0125,60.0792,564.9,570.0,20.6023,538.07,508.19,13.9772
86.5,57.5625,4.2891,57.6,281.745,351.5189,560.9,2.5982,4.5975,172.1655,343.2,72.2535,709.52,19.4431,599.4,599.4,9.9725,66.1941,76.7528,2.5982,4.5975,11.1141,15.7152,9.1058,172.158,343.2,709.52,88.0971,33.355,9.403,5.96,12.377,44.652,26.111,15.1774,0.2006,0.1297,0.1307,0.128,0.2098,0.1306,0.1988,0.1237,586.48,279.6,363.5,84.6825,85.08,85.2825,82.3725,83.505,82.05,60.1185,564.75,570.0,20.6003,538.25,508.31,13.9879
86.35,57.6,4.4953,57.525,281.9025,351.6222,560.9,2.598,4.595,172.1655,343.17,72.2549,709.44,19.4463,599.34,599.34,9.9727,66.1947,76.7558,2.598,4.595,11.1175,15.7149,9.1052,172.172,343.17,709.44,88.0908,33.35,9.411,5.965,12.378,44.436,25.968,15.1743,0.2008,0.1298,0.1308,0.1282,0.21,0.1308,0.199,0.1238,586.32,279.65,363.6,84.69,85.0725,85.3125,82.3575,83.4675,82.065,60.1586,564.6,570.0,20.5982,538.4,508.46,14.0092
86.95,57.5625,4.1453,57.525,281.295,351.8633,561.05,2.5982,4.59,172.152,343.14,72.2564,709.36,19.4483,599.4,599.4,9.9733,66.1961,76.7575,2.5982,4.59,11.1183,15.7147,9.1052,172.144,343.14,709.36,88.0839,33.345,9.418,5.971,12.378,44.22,25.8305,15.1713,0.201,0.13,0.1309,0.1283,0.2102,0.1309,0.1992,0.124,586.16,279.7,363.7,84.7125,85.0725,85.3125,82.32,83.43,82.005,60.1992,564.45,570.0,20.5962,538.55,508.61,14.0205
86.275,57.5625,4.2672,57.525,281.2725,350.8645,560.65,2.598,4.5875,172.1385,343.11,72.258,709.28,19.4516,599.34,599.34,9.974,66.1971,76.7605,2.598,4.5875,11.1191,15.7144,9.1047,172.13,343.11,709.28,88.0765,33.34,9.426,5.976,12.376,44.01,25.693,15.1682,0.2012,0.1301,0.1311,0.1284,0.2104,0.131,0.1994,0.1241,586.0,279.8,363.8,84.72,85.065,85.275,82.3575,83.3925,82.0275,60.2441,564.27,570.0,20.5941,538.67,508.76,14.0319
86.4,57.525,4.7672,57.525,281.205,351.4844,560.2,2.5982,4.5825,172.125,343.08,72.2598,709.2,19.4536,599.4,599.4,9.9754,66.198,76.7623,2.5982,4.5825,11.1162,15.7172,9.1041,172.116,343.08,709.2,88.119,33.34,9.434,5.98,12.375,43.8,25.561,15.1652,0.2014,0.1302,0.1312,0.1285,0.2106,0.1311,0.1996,0.1243,585.84,279.85,363.85,84.735,85.0275,85.2675,82.3875,83.37,81.9975,60.2861,564.12,570.0,20.5921,538.82,508.88,14.0432
86.025,57.6,4.6594,57.525,281.88,351.3467,560.1,2.598,4.58,172.125,343.08,72.2598,709.36,19.4568,599.34,599.34,9.9763,66.1989,76.7653,2.598,4.58,11.1158,15.7179,9.1047,172.13,343.08,709.36,88.1108,33.335,9.442,5.985,12.375,43.62,25.429,15.1621,0.2016,0.1304,0.1313,0.1287,0.2108,0.1313,0.1998,0.1244,585.68,279.95,363.95,84.7275,85.0725,85.245,82.425,83.4075,81.9975,60.3286,563.97,570.0,20.59,538.97,509.03,14.0545
86.75,57.6,4.0547,57.6,281.07,351.3123,560.05,2.5984,4.5775,172.125,343.05,72.2614,709.28,19.4581,599.46,599.46,9.9773,66.1998,76.7663,2.5984,4.5775,11.1153,15.7187,9.1047,172.116,343.05,709.28,88.1021,33.33,9.448,5.99,12.373,43.47,25.319,15.1677,0.2017,0.1305,0.1314,0.1287,0.211,0.1314,0.1999,0.1245,585.52,280.0,364.05,84.6675,85.035,85.275,82.3725,83.385,82.0275,60.3718,563.82,570.0,20.588,539.12,509.15,14.0659
86.725,57.6,4.3625,57.5625,281.655,350.7268,560.6,2.5982,4.575,172.125,343.05,72.2625,709.28,19.4611,599.4,599.4,9.9774,66.2007,76.769,2.5982,4.575,11.1149,15.7164,9.1047,172.13,343.05,709.28,88.0927,33.325,9.454,5.994,12.373,43.35,25.231,15.1649,0.2018,0.1305,0.1315,0.1288,0.211,0.1314,0.2,0.1245,585.36,280.1,364.15,84.6525,85.02,85.245,82.41,83.4,82.02,60.4357,563.67,575.0,20.5707,539.24,509.3,14.0772
86.175,57.5625,4.4437,57.525,281.79,351.3811,560.55,2.5986,4.5725,172.1385,343.02,72.2642,709.2,19.4621,599.52,599.52,9.9788,66.2016,76.7698,2.5986,4.5725,11.1145,15.7162,9.1047,172.144,343.02,709.2,88.0827,33.32,9.459,5.997,12.372,43.248,25.154,15.1621,0.2019,0.1306,0.1315,0.1289,0.2111,0.1315,0.2001,0.1246,585.2,280.15,364.25,84.63,85.065,85.29,82.35,83.46,82.005,60.5003,563.52,575.0,20.5682,539.39,509.42,14.0885
86.025,57.5625,4.1391,57.5625,281.295,350.6924,560.25,2.5984,4.5725,172.1385,343.02,72.2642,709.36,19.4641,599.52,599.52,9.9798,66.2026,76.7723,2.5984,4.5725,11.1141,15.7159,9.1047,172.13,343.02,709.36,88.0721,33.315,9.464,5.999,12.373,43.164,25.088,15.1593,0.202,0.1307,0.1316,0.1289,0.2112,0.1315,0.2002,0.1247,585.08,280.2,364.35,84.6675,85.0875,85.26,82.365,83.49,81.9975,60.5617,563.4,575.0,20.5656,539.54,509.57,14.0999
86.1,57.6,4.3562,57.525,280.9125,351.1745,560.1,2.5984,4.57,172.125,343.02,72.2659,709.28,19.4646,599.64,599.64,9.9807,66.2035,76.7743,2.5984,4.57,11.1174,15.7157,9.1052,172.13,343.02,709.28,88.0608,33.31,9.468,6.0,12.371,43.098,25.0385,15.1565,0.2021,0.1307,0.1316,0.129,0.2113,0.1316,0.2002,0.1247,584.92,280.3,364.45,84.645,85.125,85.305,82.365,83.505,81.9675,60.6236,563.28,575.0,20.5631,539.66,509.69,14.1112
86.6,57.5625,4.1188,57.6,281.6325,350.9679,560.2,2.5984,4.57,172.152,342.99,72.267,709.28,19.4668,599.58,599.58,9.9816,66.2044,76.7763,2.5984,4.57,11.1182,15.7154,9.1047,172.144,342.99,709.28,88.049,33.305,9.471,6.001,12.371,43.044,24.989,15.1538,0.2021,0.1308,0.1316,0.129,0.2114,0.1316,0.2003,0.1248,584.8,280.35,364.55,84.6075,85.17,85.335,82.3575,83.4825,81.99,60.686,563.16,575.0,20.5606,539.78,509.81,14.1225
86.0,57.6,4.1422,57.5625,281.0025,350.6579,560.05,2.5988,4.5675,172.1385,342.99,72.2681,709.28,19.4686,599.58,599.58,9.9825,66.2053,76.7768,2.5988,4.5675,11.1191,15.7152,9.1052,172.144,342.99,709.28,88.0365,33.3,9.474,6.002,12.37,42.996,24.956,15.151,0.2022,0.1308,0.1317,0.1291,0.2114,0.1317,0.2003,0.1248,584.68,280.45,364.65,84.5925,85.1325,85.335,82.3425,83.475,81.9375,60.7451,563.07,575.0,20.558,539.93,509.93,14.1339
86.6,57.6,4.2719,57.525,281.07,351.0367,559.55,2.5988,4.5675,172.1385,342.99,72.2686,709.36,19.4703,599.58,599.58,9.9827,66.2062,76.7783,2.5988,4.5675,11.1162,15.7149,9.1052,172.13,342.99,709.36,88.0233,33.295,9.476,6.002,12.37,42.948,24.9175,15.1482,0.2022,0.1308,0.1317,0.1291,0.2114,0.1317,0.2004,0.1248,584.6,280.5,364.75,84.6075,85.1175,85.3575,82.365,83.46,81.9525,60.8046,562.98,575.0,20.5555,540.05,510.05,14.1452
86.95,57.6,4.0547,57.6,280.89,350.7957,559.6,2.5992,4.5675,172.152,342.99,72.2696,709.36,19.4706,599.7,599.7,9.9833,66.2071,76.7783,2.5992,4.5675,11.1157,15.7147,9.1058,172.158,342.99,709.36,88.0602,33.295,9.478,6.003,12.368,42.906,24.89,15.1454,0.2022,0.1309,0.1317,0.1291,0.2114,0.1317,0.2004,0.1249,584.48,280.55,364.85,84.6075,85.11,85.3875,82.3275,83.49,81.96,60.8644,562.89,575.0,20.5529,540.17,510.17,14.1565
86.975,57.525,4.1609,57.6,281.205,350.8645,559.65,2.599,4.565,172.152,342.99,72.2706,709.36,19.4718,599.7,599.7,9.984,66.2073,76.78,2.599,4.565,11.1153,15.7144,9.1058,172.144,342.99,709.36,88.0465,33.29,9.48,6.003,12.368,42.864,24.857,15.1427,0.2023,0.1309,0.1318,0.1292,0.2115,0.1318,0.2005,0.1249,584.4,280.65,364.9,84.645,85.1025,85.41,82.2975,83.49,81.9975,60.9209,562.83,575.0,20.5504,540.32,510.29,14.1679
86.1,57.6375,4.2531,57.6,280.845,350.4857,559.95,2.599,4.565,172.1655,342.99,72.2716,709.36,19.4716,599.82,599.82,9.9847,66.2087,76.7813,2.599,4.565,11.1149,15.7172,9.1058,172.172,342.99,709.36,88.0321,33.285,9.482,6.004,12.367,42.816,24.8295,15.1399,0.2023,0.1309,0.1318,0.1292,0.2115,0.1318,0.2005,0.1249,584.32,280.7,365.0,84.6825,85.0725,85.365,82.29,83.4825,81.96,60.9775,562.77,575.0,20.5479,540.44,510.41,14.1792
86.525,57.6,4.0062,57.5625,280.7775,350.4168,559.25,2.599,4.5625,172.1655,342.96,72.2726,709.36,19.4723,599.82,599.82,9.9853,66.2096,76.7825,2.599,4.5625,11.1145,15.7179,9.1058,172.158,342.96,709.36,88.0171,33.28,9.484,6.004,12.366,42.768,24.7965,15.1371,0.2023,0.131,0.1318,0.1292,0.2116,0.1318,0.2006,0.1249,584.28,280.8,365.1,84.7125,85.065,85.3575,82.3275,83.475,81.9975,61.0345,562.71,575.0,20.5453,540.56,510.53,14.1905
86.675,57.5625,4.7625,57.6,280.98,350.4168,560.15,2.6018,4.5975,167.6565,343.17,72.268,710.08,19.7828,575.04,575.04,10.0498,66.2083,76.7733,2.6018,4.5975,11.1163,15.7209,9.1113,167.65,343.17,710.08,88.8115,33.355,9.486,6.005,12.365,0.0,24.7635,15.1343,0.2612,0.1344,0.1308,0.1281,0.2757,0.1307,0.2652,0.1237,576.08,280.85,365.2,84.735,85.08,85.32,82.275,83.505,81.975,62.0648,554.88,575.0,20.5428,540.74,510.65,14.2019
86.55,57.6,4.1078,57.5625,281.7675,351.2778,561.25,2.5644,3.94,169.3035,337.62,72.3472,699.92,19.7736,584.1,584.1,10.0484,66.2452,76.9113,2.5644,3.94,11.0986,15.6947,9.0272,169.302,337.62,699.92,88.9065,33.36,9.305,10.661,12.365,0.012,26.0395,15.1488,0.2408,0.1517,0.1587,0.1532,0.2526,0.1586,0.2419,0.1442,576.08,280.9,365.3,84.72,85.065,85.335,82.29,83.52,81.9825,63.2095,546.39,575.0,20.5555,540.83,510.83,14.2132
86.375,57.6,4.7156,57.525,281.9475,351.6911,561.35,2.5526,3.685,169.4655,337.68,72.388,696.72,19.8286,585.0,585.0,10.0596,66.2696,77.0,2.5526,3.685,11.0757,15.6682,9.0007,169.47,337.68,696.72,87.9896,33.265,10.285,7.494,12.342,0.366,4.9635,14.9829,0.1775,0.1528,0.1583,0.1555,0.2502,0.1583,0.2396,0.1507,567.24,281.0,365.4,84.6825,85.0425,85.32,82.29,83.535,82.0125,64.3322,538.35,575.0,20.5535,540.83,510.89,14.2245
86.0,57.5625,4.7953,57.5625,281.835,351.7599,561.85,2.5516,3.6825,170.667,338.01,72.41,696.56,19.7643,595.14,595.14,10.0638,66.286,77.063,2.5516,3.6825,11.059,15.6489,8.9997,170.674,338.01,696.56,85.9471,33.06,10.545,0.0,12.297,1.044,-2.544,14.6913,0.1508,0.1508,0.1568,0.1545,0.2483,0.1567,0.2375,0.1508,558.88,281.05,365.45,84.6675,85.05,85.32,82.2825,83.5425,82.005,65.4196,530.85,575.0,20.5514,540.8,510.92,14.2359
86.275,57.6,4.2766,57.525,282.1275,352.2077,562.05,2.5694,3.7675,170.883,338.52,72.4054,699.84,19.7718,596.16,596.16,10.0702,66.2942,77.0568,2.5694,3.7675,11.0616,15.6519,9.0288,170.884,338.52,699.84,83.9296,32.86,10.654,0.0,12.25,3.336,-2.412,14.3646,0.1734,0.1487,0.1542,0.1521,0.245,0.1542,0.2266,0.145,551.08,281.15,365.55,84.615,85.08,85.35,82.3125,83.5125,82.005,66.3195,525.09,575.0,20.5494,540.8,510.89,14.2472
86.075,57.6,4.2766,57.6,283.0275,352.9653,563.1,2.5852,3.9125,171.612,339.3,72.3975,702.88,19.7308,600.72,600.72,10.0708,66.2989,77.0358,2.5852,3.9125,11.0717,15.6612,9.0568,171.612,339.3,702.88,83.0009,32.77,10.648,0.0,12.169,10.098,-2.412,14.1054,0.1734,0.1472,0.1503,0.1483,0.2376,0.1503,0.2266,0.145,545.08,281.2,365.65,84.6075,85.0425,85.305,82.29,83.4675,81.9825,66.8856,522.18,575.0,20.5473,540.71,510.86,14.2479
86.8,57.525,4.7,57.5625,283.2075,353.3786,563.55,2.6034,4.15,172.584,340.56,72.378,706.8,19.6828,604.32,604.32,10.062,66.2953,76.986,2.6034,4.15,11.0908,15.6774,9.0932,172.578,340.56,706.8,82.6683,32.74,10.321,4.687,12.072,24.336,7.422,13.9421,0.1829,0.1326,0.1347,0.1323,0.2027,0.144,0.1915,0.1284,542.04,281.25,365.75,84.6225,85.0875,85.2975,82.2825,83.4525,82.02,67.0239,522.78,575.0,20.5606,540.59,510.8,14.2585
86.675,57.5625,4.4484,57.5625,282.5325,353.5163,563.6,2.6212,4.465,174.096,342.42,72.3442,711.76,19.5621,612.54,612.54,10.0422,66.2825,76.915,2.6212,4.465,11.1018,15.6882,9.1344,174.09,342.42,711.76,82.3321,32.71,9.912,4.226,11.982,45.306,17.63,13.8779,0.1648,0.1199,0.1231,0.1204,0.1798,0.1346,0.1684,0.1161,542.68,281.3,365.85,84.5775,85.05,85.275,82.245,83.4225,81.975,66.7389,526.74,575.0,20.559,540.47,510.68,14.2692
86.875,57.5625,4.5359,57.5625,283.05,353.4819,563.65,2.6414,4.8025,175.635,344.7,72.2965,717.52,19.4168,619.98,619.98,10.0138,66.2589,76.8128,2.6414,4.8025,11.1104,15.6984,9.1828,175.63,344.7,717.52,81.9921,32.68,9.354,3.782,11.923,69.006,30.412,13.9076,0.1505,0.1069,0.111,0.108,0.1586,0.123,0.147,0.1033,546.8,281.4,365.9,84.54,85.1025,85.3275,82.2225,83.4375,81.975,66.141,533.07,575.0,20.5575,540.38,510.59,14.2799
86.7,57.5625,4.0703,57.5625,282.96,352.6209,563.05,2.6592,5.1125,176.931,347.07,72.2404,723.2,19.2548,626.28,626.28,9.9818,66.2283,76.6943,2.6592,5.1125,11.1113,15.7057,9.2284,176.932,347.07,723.2,81.7496,32.66,8.722,3.782,11.897,91.146,43.7935,14.0085,0.1346,0.0951,0.1,0.0969,0.1415,0.111,0.1297,0.0917,553.4,281.45,366.0,84.495,85.1025,85.2975,82.275,83.4,81.9675,65.3823,540.48,575.0,20.5406,540.35,510.5,14.2905
86.825,57.5625,4.6625,57.6375,282.6225,352.6554,562.3,2.6726,5.365,177.7275,349.2,72.1847,727.68,19.1146,628.74,628.74,9.9487,66.194,76.57,2.6726,5.365,11.1136,15.7122,9.2647,177.716,349.2,727.68,81.454,32.635,8.097,3.328,11.901,109.206,55.9155,14.1396,0.1204,0.0846,0.0904,0.087,0.1415,0.0999,0.1149,0.0816,561.08,281.5,366.05,84.465,85.0575,85.2975,82.2825,83.43,81.975,64.5899,547.92,575.0,20.5386,540.32,510.44,14.3012
86.075,57.6,4.2141,57.6,281.7,352.5865,561.85,2.6794,5.5675,178.1865,351.06,72.1296,731.2,18.9873,629.34,629.34,9.9156,66.1571,76.4538,2.6794,5.5675,11.1134,15.7162,9.2895,178.178,351.06,731.2,81.1552,32.61,7.5,3.008,11.93,124.674,66.5195,14.2846,0.11,0.0765,0.0828,0.0793,0.1267,0.0903,0.1043,0.0737,568.84,281.55,366.15,84.4875,85.1025,85.275,82.2825,83.46,82.02,63.7787,555.27,575.0,20.5365,540.32,510.44,14.3119
86.3,57.6,4.7844,57.5625,281.5875,351.5533,560.65,2.6806,5.7175,178.308,352.53,72.0802,733.28,18.8853,627.72,627.72,9.8825,66.1205,76.35,2.6806,5.7175,11.117,15.7169,9.3027,178.304,352.53,733.28,80.904,32.59,6.987,3.008,11.973,132.0,74.841,14.4007,0.1031,0.0707,0.0772,0.0737,0.1162,0.0827,0.0972,0.068,576.48,281.6,366.2,84.5325,85.125,85.2525,82.26,83.4525,82.02,62.9867,562.23,575.0,20.5345,540.38,510.44,14.3225
86.575,57.525,4.7844,57.5625,281.16,351.1056,560.75,2.678,5.82,178.2,353.58,72.037,734.16,18.7961,625.62,625.62,9.8519,66.0845,76.259,2.678,5.82,11.1201,15.7182,9.3066,178.192,353.58,734.16,80.6502,32.57,6.575,2.819,12.02,132.0,80.836,14.4954,0.1031,0.0707,0.0772,0.0737,0.109,0.0772,0.0972,0.0642,583.72,281.65,366.3,84.555,85.155,85.275,82.23,83.4975,82.02,62.2417,568.59,575.0,20.5325,540.44,510.5,14.3332
86.1,57.525,4.7578,57.6,281.16,350.2791,559.3,2.6718,5.8875,177.903,354.27,71.9986,734.24,18.7223,622.98,622.98,9.8231,66.0501,76.1848,2.6718,5.8875,11.1216,15.7177,9.3027,177.898,354.27,734.24,80.394,32.55,6.266,2.723,12.065,132.0,84.7795,14.5507,0.0989,0.0669,0.0736,0.0701,0.1048,0.0736,0.093,0.0642,590.32,281.7,366.35,84.585,85.1325,85.32,82.245,83.5125,81.9675,61.5574,574.26,575.0,20.5304,540.56,510.56,14.3439
86.8,57.5625,4.7125,57.6,280.215,350.1069,558.9,2.6652,5.9275,177.498,354.69,71.9626,734.0,18.6588,620.4,620.4,9.7968,66.0173,76.1198,2.6652,5.9275,11.1197,15.7174,9.2955,177.506,354.69,734.0,80.1858,32.535,6.039,2.694,12.102,132.0,87.2105,14.591,0.0969,0.0646,0.0714,0.0678,0.1028,0.0714,0.091,0.0619,596.24,281.8,366.45,84.6375,85.1775,85.3125,82.245,83.475,81.99,60.9404,579.21,575.0,20.5131,540.68,510.65,14.3545
86.725,57.6,4.7656,57.6,279.9,349.9002,558.2,2.6578,5.95,177.0525,354.93,71.9307,733.28,18.6091,617.58,617.58,9.7714,65.9875,76.066,2.6578,5.95,11.1148,15.7172,9.2851,177.044,354.93,733.28,79.9759,32.52,6.039,2.717,12.129,132.0,88.69,14.6157,0.0963,0.0633,0.0702,0.0665,0.1022,0.0702,0.0905,0.0605,601.36,281.85,366.55,84.6225,85.1325,85.3425,82.23,83.43,81.9525,60.386,583.5,575.0,20.5106,540.83,510.77,14.3545
86.325,57.5625,4.6,57.5625,280.035,348.7638,556.4,2.6508,5.9575,176.5395,355.02,71.9019,732.32,18.5696,614.88,614.88,9.7493,65.9579,76.02,2.6508,5.9575,11.1131,15.7164,9.2746,176.54,355.02,732.32,79.8146,32.51,5.87,2.777,12.146,132.0,88.69,14.6329,0.0969,0.0629,0.0698,0.0661,0.1028,0.0698,0.0912,0.06,605.84,281.9,366.6,84.5925,85.125,85.305,82.23,83.4225,81.9225,59.8933,587.16,575.0,20.508,540.98,510.89,14.3645
86.1,57.6,4.7562,57.5625,279.045,348.6949,556.3,2.6436,5.955,176.04,354.96,71.8764,731.12,18.5413,612.18,612.18,9.7283,65.932,75.9835,2.6436,5.955,11.1142,15.7152,9.2614,176.036,354.96,731.12,79.6521,32.5,5.76,2.86,12.156,132.0,89.2235,14.6424,0.0984,0.0632,0.0701,0.0664,0.1044,0.0701,0.0928,0.0602,609.64,281.95,366.7,84.5775,85.11,85.335,82.275,83.4075,81.93,59.4534,590.28,575.0,20.5055,541.16,511.04,14.3745
86.075,57.525,4.7562,57.5625,279.1575,348.075,555.45,2.637,5.94,175.5,354.78,71.8534,729.84,18.5213,609.72,609.72,9.7094,65.9072,75.9538,2.637,5.94,11.116,15.7134,9.2488,175.504,354.78,729.84,79.539,32.495,5.698,2.961,12.162,132.0,89.031,14.6438,0.1007,0.0641,0.071,0.0672,0.1067,0.071,0.0953,0.0611,612.88,282.0,366.75,84.5475,85.125,85.35,82.2675,83.415,81.9075,59.0647,592.89,575.0,20.4877,541.37,511.22,14.3845
86.45,57.525,3.9469,57.5625,278.6625,347.3517,554.25,2.6302,5.9175,174.9735,354.51,71.8342,728.32,18.5101,607.38,607.38,9.6931,65.8854,75.933,2.6302,5.9175,11.1156,15.7119,9.2351,174.972,354.51,728.32,79.4758,32.495,5.677,3.076,12.164,132.0,86.9355,14.6454,0.1036,0.0656,0.0724,0.0686,0.1098,0.0723,0.0983,0.0624,615.6,282.05,366.85,84.5325,85.1475,85.3275,82.245,83.4,81.93,58.7219,595.05,575.0,20.4847,541.58,511.43,14.3945
86.8,57.525,4.3844,57.5625,277.785,346.7319,553.25,2.623,5.885,174.4335,354.15,71.8181,726.72,18.5048,605.34,605.34,9.6788,65.8655,75.9223,2.623,5.885,11.115,15.7102,9.2202,174.44,354.15,726.72,79.3621,32.49,5.691,3.2,12.163,132.0,85.016,14.6388,0.1072,0.0676,0.0742,0.0705,0.1134,0.0742,0.1021,0.0643,617.84,282.1,366.9,84.5475,85.185,85.3575,82.26,83.43,81.9375,58.4192,596.82,575.0,20.4816,541.82,511.61,14.4045
86.9,57.5625,4.3844,57.6,277.5825,346.2841,552.9,2.616,5.845,173.8935,353.73,71.8064,724.88,18.5088,603.24,603.24,9.6672,65.8492,75.9198,2.616,5.845,11.111,15.7112,9.2042,173.894,353.73,724.88,79.2983,32.49,5.745,3.33,12.16,132.0,82.6785,14.6321,0.1113,0.0701,0.0765,0.0728,0.1176,0.0765,0.1064,0.0666,619.68,282.15,366.95,84.525,85.2,85.365,82.215,83.4825,81.9675,58.1582,598.2,575.0,20.4786,542.06,511.85,14.4145
86.225,57.5625,4.5016,57.5625,276.9975,345.7676,552.25,2.6098,5.8,173.394,353.25,71.7969,723.12,18.5186,601.38,601.38,9.6571,65.8346,75.923,2.6098,5.8,11.1089,15.7099,9.1899,173.39,353.25,723.12,79.2346,32.49,5.827,3.468,12.156,130.134,80.0935,14.6168,0.1157,0.0728,0.0791,0.0754,0.1221,0.079,0.1109,0.0692,621.12,282.2,367.05,84.5175,85.1625,85.3575,82.2525,83.52,81.99,57.9292,599.28,575.0,20.4756,542.3,512.06,14.4139
86.95,57.525,4.2469,57.6,277.3125,345.1821,551.45,2.6042,5.75,172.9215,352.71,71.7901,721.36,18.5368,599.46,599.46,9.649,65.8223,75.9318,2.6042,5.75,11.1102,15.7092,9.1756,172.914,352.71,721.36,79.2215,32.495,5.931,3.609,12.149,125.394,77.3655,14.6099,0.1202,0.0756,0.0817,0.078,0.1267,0.0817,0.1156,0.0719,622.24,282.25,367.1,84.495,85.2075,85.3125,82.2525,83.55,82.035,57.7334,600.06,575.0,20.4573,542.57,512.3,14.4232
86.975,57.5625,4.2469,57.5625,276.165,344.9755,551.1,2.5992,5.7,172.476,352.2,71.7842,719.84,18.5571,598.02,598.02,9.6422,65.8122,75.9453,2.5992,5.7,11.1095,15.7084,9.1624,172.48,352.2,719.84,79.209,32.5,6.05,3.75,12.143,120.702,74.621,14.5943,0.1247,0.0785,0.0844,0.0807,0.1314,0.0844,0.1202,0.0746,623.08,282.35,367.2,84.48,85.2375,85.2825,82.2225,83.52,82.065,57.5645,600.6,575.0,20.4538,542.84,512.57,14.4325
86.35,57.5625,4.0516,57.525,276.6375,345.1132,550.2,2.5952,5.65,172.098,351.69,71.7807,718.32,18.5803,596.82,596.82,9.6371,65.8044,75.9613,2.5952,5.65,11.1126,15.7107,9.1503,172.088,351.69,718.32,79.1971,32.505,6.179,3.885,12.135,116.184,71.926,14.5871,0.129,0.0813,0.0871,0.0834,0.1358,0.087,0.1247,0.0773,623.64,282.35,367.25,84.45,85.1775,85.2375,82.275,83.535,82.05,57.4197,600.93,575.0,20.4503,543.14,512.81,14.4419
86.275,57.6,3.7766,57.525,275.76,344.2867,549.2,2.5918,5.6,171.7605,351.21,71.7784,716.96,18.6033,596.04,596.04,9.6338,65.7973,75.98,2.5918,5.6,11.1102,15.7109,9.1404,171.752,351.21,716.96,79.1858,32.51,6.312,4.012,12.129,111.948,69.3575,14.5799,0.1331,0.084,0.0896,0.0859,0.1399,0.0896,0.129,0.0799,623.96,282.4,367.3,84.4425,85.1925,85.2525,82.23,83.5125,82.035,57.2999,601.05,575.0,20.4467,543.41,513.08,14.4512
86.7,57.6,3.7766,57.6,275.67,343.7012,548.65,2.5894,5.555,171.477,350.76,71.7787,715.52,18.6288,595.32,595.32,9.6307,65.7919,75.9993,2.5894,5.555,11.1135,15.7112,9.1311,171.472,350.76,715.52,79.1752,32.515,6.447,4.129,12.122,108.072,66.9705,14.5726,0.1368,0.0865,0.0919,0.0882,0.1438,0.0918,0.1328,0.0823,624.08,282.45,367.4,84.48,85.14,85.2525,82.2375,83.5125,82.0575,57.1984,601.02,575.0,20.4432,543.71,513.35,14.4605
86.175,57.525,4.0187,57.5625,275.22,343.6324,548.3,2.5872,5.5125,171.234,350.37,71.7776,714.56,18.6528,594.96,594.96,9.6288,65.7884,76.0208,2.5872,5.5125,11.1113,15.7092,9.1234,171.22,350.37,714.56,79.2158,32.525,6.578,4.234,12.118,104.604,64.809,14.574,0.1402,0.0888,0.0939,0.0903,0.1472,0.0939,0.1363,0.0844,624.08,282.5,367.45,84.495,85.1025,85.23,82.2525,83.49,82.08,57.1121,600.87,575.0,20.4397,543.98,513.62,14.4592
86.45,57.6,3.8906,57.6,275.04,343.8045,547.65,2.586,5.4725,171.045,350.01,71.7792,713.44,18.6791,594.54,594.54,9.6283,65.785,76.0413,2.586,5.4725,11.1112,15.7094,9.1173,171.052,350.01,713.44,79.2071,32.53,6.704,4.325,12.113,101.556,62.8785,14.5671,0.1432,0.0908,0.0958,0.0922,0.1503,0.0958,0.1394,0.0864,623.92,282.6,367.5,84.48,85.0575,85.2,82.2975,83.5275,82.0725,57.0376,600.63,575.0,20.4362,544.28,513.89,14.4679
86.525,57.5625,3.8672,57.6,275.1525,342.5992,547.65,2.5846,5.4375,170.8695,349.71,71.7801,712.64,18.7033,594.42,594.42,9.6274,65.7829,76.064,2.5846,5.4375,11.1117,15.7092,9.1113,170.87,349.71,712.64,79.2496,32.54,6.823,4.404,12.111,98.91,61.179,14.5688,0.1458,0.0926,0.0974,0.0939,0.153,0.0974,0.1421,0.0881,623.64,282.65,367.6,84.5025,85.065,85.1775,82.26,83.4975,82.1025,56.9754,600.3,575.0,20.4174,544.58,514.16,14.4765
86.15,57.6,4.2859,57.6,274.2075,343.0125,547.3,2.5846,5.4075,170.7615,349.44,71.781,712.0,18.7266,594.42,594.42,9.6281,65.7814,76.0833,2.5846,5.4075,11.1118,15.7127,9.1074,170.758,349.44,712.0,79.2427,32.545,6.932,4.472,12.11,96.648,59.7215,14.5707,0.148,0.0942,0.0988,0.0953,0.1553,0.0988,0.1444,0.0897,623.32,282.65,367.65,84.5325,85.0575,85.155,82.2825,83.52,82.08,56.922,599.91,575.0,20.4133,544.85,514.43,14.4852
86.775,57.525,4.2859,57.6,274.41,342.7025,546.0,2.5844,5.38,170.6805,349.2,71.7829,711.36,18.7491,594.48,594.48,9.6283,65.78,76.1033,2.5844,5.38,11.1126,15.7137,9.1047,170.674,349.2,711.36,79.2871,32.555,7.033,4.529,12.109,94.728,58.473,14.5815,0.1499,0.0955,0.1,0.0966,0.1572,0.1,0.1464,0.091,622.92,282.7,367.7,84.585,85.0275,85.185,82.2975,83.4675,82.1025,56.874,599.49,575.0,20.4093,545.15,514.7,14.4939
86.175,57.5625,4.5172,57.525,274.5,342.5303,545.95,2.5846,5.3575,170.64,348.99,71.7839,710.96,18.7691,594.72,594.72,9.6289,65.7794,76.122,2.5846,5.3575,11.113,15.7154,9.1019,170.632,348.99,710.96,79.3327,32.565,7.123,4.577,12.11,93.102,58.473,14.5929,0.1516,0.0967,0.1011,0.0977,0.1589,0.101,0.148,0.0921,622.48,282.75,367.75,84.6375,85.0725,85.2375,82.305,83.4825,82.1475,56.8314,599.04,575.0,20.4053,545.42,514.97,14.4919
86.2,57.5625,3.9953,57.525,274.4325,341.8415,546.0,2.585,5.3375,170.586,348.81,71.7855,710.56,18.7873,595.02,595.02,9.6301,65.7796,76.1398,2.585,5.3375,11.1141,15.7144,9.1003,170.576,348.81,710.56,79.329,32.57,7.205,4.617,12.113,91.722,57.4115,14.5963,0.153,0.0977,0.1019,0.0986,0.1603,0.1019,0.1495,0.093,622.0,282.8,367.8,84.6525,85.0875,85.2825,82.335,83.4675,82.1025,56.7944,598.56,575.0,20.4013,545.72,515.24,14.4999
86.125,57.525,3.9953,57.5625,273.42,341.2216,545.25,2.5856,5.32,170.559,348.69,71.7877,710.16,18.8058,595.2,595.2,9.631,65.7798,76.1563,2.5856,5.32,11.1146,15.7149,9.0992,170.562,348.69,710.16,79.3765,32.58,7.278,4.652,12.116,90.528,56.5095,14.6085,0.1542,0.0985,0.1027,0.0993,0.1616,0.1026,0.1508,0.0938,621.48,282.85,367.9,84.6525,85.1025,85.275,82.3425,83.4675,82.1325,56.7631,598.05,575.0,20.3973,545.99,515.51,14.5079
86.625,57.6,4.6172,57.5625,273.24,341.4283,544.5,2.5864,5.305,170.532,348.54,71.79,709.84,18.8228,595.44,595.44,9.6329,65.7804,76.1713,2.5864,5.305,11.1152,15.7132,9.0981,170.534,348.54,709.84,79.4252,32.59,7.342,4.683,12.121,89.484,55.7395,14.6213,0.1553,0.0993,0.1033,0.1,0.1627,0.1033,0.1519,0.0946,620.96,282.9,367.95,84.6225,85.1475,85.2375,82.32,83.445,82.155,56.831,597.57,600.0,20.3933,546.26,515.78,14.5159
86.375,57.525,4.2812,57.6375,273.6675,340.7739,544.35,2.5868,5.29,170.532,348.42,71.7915,709.68,18.8388,595.68,595.68,9.6338,65.7816,76.1868,2.5868,5.29,11.1165,15.7159,9.097,170.534,348.42,709.68,79.4246,32.595,7.401,4.711,12.124,88.488,55.074,14.6346,0.1563,0.1,0.104,0.1007,0.1638,0.1039,0.1529,0.0953,620.48,282.9,368.0,84.6525,85.1775,85.275,82.35,83.43,82.1175,56.9047,597.06,600.0,20.3892,546.53,516.05,14.5239
86.775,57.6,4.2812,57.6,273.3525,340.6017,543.55,2.5878,5.2775,170.532,348.3,71.7945,709.36,18.8531,595.98,595.98,9.6355,65.7825,76.1995,2.5878,5.2775,11.1174,15.7167,9.0964,170.52,348.3,709.36,79.4752,32.605,7.455,4.737,12.129,87.51,54.4415,14.6399,0.1573,0.1007,0.1046,0.1013,0.1648,0.1046,0.154,0.0959,619.96,282.95,368.05,84.6675,85.155,85.26,82.3125,83.4075,82.065,56.9768,596.58,600.0,20.3852,546.8,516.29,14.5212
86.925,57.6,4.5781,57.5625,272.7225,340.6362,543.15,2.5882,5.2625,170.5455,348.21,71.798,709.04,18.8683,596.1,596.1,9.6374,65.7837,76.2133,2.5882,5.2625,11.1145,15.7174,9.0959,170.548,348.21,709.04,79.5271,32.615,7.506,4.764,12.135,86.514,53.831,14.654,0.1583,0.1013,0.1051,0.1019,0.1658,0.1051,0.155,0.0965,619.44,283.0,368.1,84.6825,85.185,85.2225,82.2825,83.37,82.05,57.0507,596.1,600.0,20.366,547.07,516.53,14.5285
86.1,57.5625,4.5781,57.525,273.0375,340.1884,542.85,2.5886,5.2475,170.5455,348.09,71.8007,708.88,18.8838,596.16,596.16,9.6403,65.7851,76.2265,2.5886,5.2475,11.114,15.7152,9.0953,170.534,348.09,708.88,79.5802,32.625,7.555,4.792,12.14,85.5,53.2315,14.6601,0.1593,0.102,0.1057,0.1025,0.1669,0.1057,0.1561,0.0972,618.92,283.05,368.15,84.6525,85.2,85.2375,82.2675,83.355,82.0875,57.1266,595.62,600.0,20.3615,547.34,516.8,14.5359
86.225,57.5625,3.9172,57.6,272.4075,339.9818,542.85,2.5884,5.235,170.532,347.97,71.805,708.56,18.8983,596.28,596.28,9.6423,65.7875,76.2415,2.5884,5.235,11.1136,15.7149,9.0937,170.534,347.97,708.56,79.584,32.63,7.602,4.822,12.144,84.45,52.632,14.6751,0.1604,0.1027,0.1063,0.1031,0.168,0.1062,0.1571,0.0978,618.44,283.05,368.2,84.69,85.1775,85.2225,82.245,83.4075,82.1025,57.2044,595.14,600.0,20.3569,547.58,517.04,14.5432
86.725,57.6,4.5484,57.6,272.2725,340.1196,542.05,2.5888,5.22,170.532,347.85,71.8085,708.4,18.9131,596.34,596.34,9.6449,65.7897,76.2545,2.5888,5.22,11.1169,15.7147,9.0926,170.52,347.85,708.4,79.639,32.64,7.647,4.853,12.15,83.364,52.0215,14.6821,0.1615,0.1034,0.1069,0.1037,0.1691,0.1069,0.1583,0.0985,617.92,283.1,368.25,84.63,85.1925,85.2375,82.215,83.43,82.125,57.2841,594.66,600.0,20.3524,547.85,517.28,14.5505
86.075,57.5625,4.5484,57.525,272.0925,339.1208,541.7,2.5892,5.205,170.5185,347.73,71.8122,708.24,18.9276,596.4,596.4,9.6478,65.7921,76.267,2.5892,5.205,11.1178,15.7144,9.092,170.506,347.73,708.24,79.6952,32.65,7.692,4.885,12.155,82.242,51.389,14.6893,0.1626,0.1041,0.1075,0.1044,0.1702,0.1075,0.1594,0.0992,617.44,283.15,368.25,84.6,85.185,85.2225,82.26,83.445,82.155,57.3658,594.18,600.0,20.3479,548.09,517.52,14.5472
86.675,57.5625,4.2703,57.525,271.89,339.293,541.6,2.5896,5.19,170.5185,347.61,71.8175,707.92,18.9418,596.46,596.46,9.651,65.7955,76.279,2.5896,5.19,11.1186,15.7172,9.091,170.52,347.61,707.92,79.7527,32.66,7.737,4.919,12.16,81.084,50.7345,14.6968,0.1637,0.1048,0.1082,0.105,0.1714,0.1082,0.1606,0.0999,616.96,283.15,368.3,84.6525,85.17,85.2675,82.2825,83.4675,82.1025,57.4457,593.73,600.0,20.3434,548.36,517.76,14.5539
86.05,57.5625,4.6016,57.5625,271.6425,339.4652,541.15,2.5894,5.175,170.505,347.49,71.8226,707.68,18.9558,596.52,596.52,9.6552,65.7987,76.2928,2.5894,5.175,11.1157,15.7179,9.0893,170.506,347.49,707.68,79.8115,32.67,7.783,4.953,12.163,79.89,50.069,14.7046,0.1649,0.1056,0.1088,0.1057,0.1726,0.1088,0.1618,0.1006,616.48,283.2,368.35,84.6,85.125,85.2675,82.3275,83.4675,82.065,57.5312,593.25,600.0,20.3389,548.6,518.0,14.5605
86.575,57.6,4.6016,57.6,271.9575,338.4665,541.0,2.5896,5.1575,170.5185,347.34,71.8275,707.52,18.9703,596.52,596.52,9.6583,65.8021,76.3053,2.5896,5.1575,11.1153,15.7187,9.0887,170.506,347.34,707.52,79.8715,32.68,7.828,4.989,12.167,78.666,49.3815,14.704,0.1661,0.1063,0.1095,0.1064,0.1739,0.1094,0.163,0.1013,615.96,283.2,368.4,84.6,85.155,85.275,82.365,83.475,82.05,57.6186,592.77,600.0,20.3344,548.84,518.21,14.5672
86.275,57.6,3.9484,57.525,271.1925,338.6387,540.0,2.5892,5.14,170.5185,347.22,71.8332,707.28,18.9841,596.58,596.58,9.6623,65.8058,76.3197,2.5892,5.14,11.1148,15.7164,9.0876,170.506,347.22,707.28,79.9327,32.69,7.874,5.025,12.171,77.418,48.6665,14.7121,0.1673,0.1071,0.1102,0.1071,0.1751,0.1102,0.1643,0.1021,615.48,283.25,368.45,84.6375,85.125,85.3275,82.335,83.4825,82.0125,57.7117,592.26,600.0,20.3299,549.08,518.45,14.5632
86.625,57.5625,4.4797,57.5625,271.395,338.3287,540.3,2.5894,5.1225,170.5185,347.07,71.8394,707.04,18.9983,596.58,596.58,9.6664,65.8105,76.3325,2.5894,5.1225,11.1144,15.7162,9.086,170.52,347.07,707.04,79.9952,32.7,7.92,5.062,12.174,76.146,47.935,14.7204,0.1685,0.1079,0.1109,0.1078,0.1764,0.1109,0.1656,0.1028,614.96,283.3,368.5,84.615,85.1325,85.29,82.3425,83.475,81.975,57.8031,591.78,600.0,20.3254,549.32,518.66,14.5692
86.175,57.5625,4.4797,57.525,271.5075,338.6387,540.2,2.5896,5.105,170.5185,346.95,71.8452,706.88,19.0126,596.58,596.58,9.6708,65.8149,76.345,2.5896,5.105,11.114,15.7159,9.0855,170.52,346.95,706.88,80.059,32.71,7.967,5.098,12.176,74.868,47.198,14.729,0.1698,0.1087,0.1116,0.1086,0.1778,0.1116,0.1669,0.1036,614.44,283.3,368.5,84.63,85.1475,85.2825,82.3725,83.4825,81.9375,57.9002,591.27,600.0,20.3209,549.53,518.9,14.5752
86.35,57.525,4.625,57.5625,270.495,338.0877,539.65,2.5892,5.0875,170.5455,346.8,71.852,706.64,19.0283,596.46,596.46,9.6755,65.8195,76.3595,2.5892,5.0875,11.1173,15.7157,9.0838,170.534,346.8,706.64,80.1239,32.72,8.014,5.135,12.18,73.578,46.439,14.7293,0.171,0.1096,0.1123,0.1093,0.179,0.1123,0.1682,0.1044,613.92,283.35,368.55,84.6375,85.095,85.29,82.3725,83.4675,81.9075,58.0031,590.73,600.0,20.3164,549.77,519.11,14.5812
86.575,57.6375,4.5,57.5625,271.215,338.2599,539.25,2.5894,5.07,170.5455,346.65,71.8591,706.4,19.0431,596.46,596.46,9.6804,65.8245,76.3722,2.5894,5.07,11.1181,15.7154,9.0833,170.534,346.65,706.4,80.1902,32.73,8.062,5.172,12.184,72.282,45.669,14.7382,0.1723,0.1104,0.1131,0.1101,0.1803,0.113,0.1695,0.1052,613.36,283.35,368.6,84.675,85.1325,85.2375,82.3875,83.4225,81.9675,58.1044,590.22,600.0,20.3119,549.98,519.32,14.5872
86.3,57.5625,4.3203,57.525,270.8775,337.5711,538.55,2.589,5.05,170.5455,346.5,71.8654,706.32,19.0578,596.46,596.46,9.6856,65.8304,76.387,2.589,5.05,11.119,15.7152,9.081,170.534,346.5,706.32,80.2577,32.74,8.11,5.208,12.187,70.998,44.8935,14.7388,0.1736,0.1112,0.1138,0.1108,0.1817,0.1138,0.1708,0.106,612.8,283.4,368.6,84.6675,85.1175,85.2525,82.425,83.43,81.9525,58.2115,589.68,600.0,20.3073,550.22,519.53,14.5825
86.475,57.6,4.225,57.5625,270.54,337.7088,538.8,2.5892,5.0325,170.559,346.38,71.873,706.08,19.0726,596.46,596.46,9.6903,65.836,76.4,2.5892,5.0325,11.1161,15.7149,9.0805,170.562,346.38,706.08,80.3265,32.75,8.158,5.244,12.188,69.72,44.118,14.7479,0.1748,0.112,0.1145,0.1116,0.183,0.1145,0.1721,0.1068,612.24,283.4,368.65,84.6675,85.1325,85.2825,82.4325,83.3925,81.9375,58.3246,589.11,600.0,20.3028,550.43,519.74,14.5879
86.25,57.5625,4.4047,57.6,270.675,336.9167,537.75,2.5894,5.0125,170.559,346.23,71.881,705.84,19.0873,596.46,596.46,9.6957,65.842,76.4127,2.5894,5.0125,11.1156,15.7147,9.0794,170.562,346.23,705.84,80.3965,32.76,8.206,5.28,12.192,68.454,43.3425,14.7488,0.176,0.1129,0.1153,0.1123,0.1842,0.1152,0.1734,0.1076,611.68,283.45,368.7,84.6225,85.1775,85.305,82.425,83.43,81.915,58.4363,588.57,600.0,20.2831,550.64,519.95,14.5932
86.95,57.6,4.5453,57.5625,270.3825,337.5711,538.25,2.5894,4.995,170.586,346.08,71.8881,705.76,19.1021,596.46,596.46,9.7013,65.8474,76.426,2.5894,4.995,11.1152,15.7144,9.0794,170.576,346.08,705.76,80.4677,32.77,8.254,5.314,12.194,67.212,42.5725,14.7582,0.1773,0.1137,0.116,0.1131,0.1854,0.116,0.1746,0.1083,611.08,283.45,368.7,84.585,85.1625,85.335,82.3575,83.4075,81.96,58.5538,588.0,600.0,20.2781,550.85,520.16,14.5985
86.4,57.6,3.9453,57.525,270.09,337.1923,537.6,2.5892,4.9775,170.586,345.93,71.8966,705.52,19.1161,596.52,596.52,9.7065,65.8535,76.44,2.5892,4.9775,11.1148,15.7172,9.0778,170.59,345.93,705.52,80.5402,32.78,8.302,5.348,12.197,65.988,41.8025,14.7593,0.1785,0.1145,0.1167,0.1138,0.1867,0.1166,0.1759,0.1091,610.52,283.45,368.75,84.6225,85.1625,85.38,82.395,83.445,81.9375,58.6775,587.4,600.0,20.2731,551.06,520.34,14.5932
86.75,57.5625,4.5109,57.5625,270.0225,336.3313,537.75,2.5894,4.9575,170.613,345.81,71.9042,705.44,19.1306,596.52,596.52,9.7124,65.86,76.4527,2.5894,4.9575,11.1144,15.7179,9.0772,170.618,345.81,705.44,80.614,32.79,8.349,5.381,12.199,64.788,41.049,14.769,0.1796,0.1153,0.1174,0.1145,0.1879,0.1174,0.1771,0.1099,609.88,283.5,368.75,84.5925,85.1325,85.3875,82.4325,83.475,81.9525,58.7998,586.83,600.0,20.2681,551.27,520.55,14.5979
86.05,57.5625,4.5109,57.6,269.325,336.3313,537.1,2.5896,4.94,170.64,345.66,71.9126,705.28,19.1443,596.58,596.58,9.7186,65.8666,76.4652,2.5896,4.94,11.1139,15.7187,9.0766,170.646,345.66,705.28,80.689,32.8,8.396,5.413,12.203,63.618,40.301,14.7704,0.1808,0.116,0.1181,0.1153,0.1891,0.1181,0.1783,0.1106,609.28,283.5,368.8,84.5925,85.0875,85.4175,82.455,83.5125,81.9825,58.9281,586.23,600.0,20.2631,551.45,520.73,14.6025
86.25,57.5625,4.1453,57.6,270.0675,336.3313,537.2,2.5892,4.9225,170.667,345.54,71.9206,705.2,19.1578,596.64,596.64,9.7243,65.8735,76.4797,2.5892,4.9225,11.1173,15.7164,9.0756,170.674,345.54,705.2,80.7652,32.81,8.442,5.444,12.204,62.478,39.575,14.7804,0.1819,0.1168,0.1188,0.116,0.1902,0.1187,0.1794,0.1113,608.68,283.55,368.85,84.6225,85.0575,85.3575,82.4325,83.46,81.9375,59.0589,585.63,600.0,20.2581,551.66,520.91,14.6072
86.125,57.6,4.1453,57.6,269.7525,336.5724,536.05,2.5896,4.905,170.7075,345.39,71.9294,705.04,19.1711,596.7,596.7,9.7307,65.8807,76.4917,2.5896,4.905,11.1181,15.7162,9.075,170.702,345.39,705.04,80.8427,32.82,8.487,5.474,12.208,61.368,38.8545,14.7821,0.183,0.1175,0.1194,0.1167,0.1914,0.1194,0.1805,0.112,608.04,283.55,368.85,84.645,85.095,85.32,82.4475,83.49,81.9675,59.1921,585.03,600.0,20.2531,551.84,521.09,14.6119
86.375,57.6,3.7656,57.525,269.55,336.1935,536.05,2.5898,4.8875,170.7345,345.27,71.9378,704.96,19.1863,596.58,596.58,9.7366,65.8874,76.504,2.5898,4.8875,11.1189,15.7159,9.075,170.73,345.27,704.96,80.9214,32.83,8.532,5.503,12.21,60.288,38.156,14.7838,0.184,0.1183,0.1201,0.1173,0.1925,0.1201,0.1816,0.1127,607.44,283.6,368.9,84.6225,85.065,85.3425,82.4025,83.475,81.9525,59.3278,584.43,600.0,20.2481,552.02,521.27,14.6059
86.9,57.6,3.7656,57.6,269.37,335.5047,536.05,2.5896,4.87,170.748,345.15,71.9456,704.96,19.1991,596.7,596.7,9.7433,65.8948,76.5175,2.5896,4.87,11.116,15.7164,9.0744,170.744,345.15,704.96,81.0015,32.84,8.575,5.531,12.214,59.238,37.463,14.794,0.185,0.119,0.1207,0.1179,0.1935,0.1207,0.1827,0.1134,606.8,283.6,368.95,84.6675,85.05,85.335,82.4175,83.4525,81.93,59.4696,583.8,600.0,20.2431,552.2,521.45,14.6099
86.925,57.6,4.5922,57.6,268.8075,335.4703,535.7,2.59,4.855,170.7885,345.03,71.9554,704.72,19.2121,596.76,596.76,9.7487,65.9017,76.529,2.59,4.855,11.1156,15.7164,9.0744,170.786,345.03,704.72,81.0827,32.85,8.618,5.558,12.215,58.224,36.803,14.796,0.186,0.1197,0.1213,0.1186,0.1946,0.1213,0.1837,0.1141,606.16,283.65,368.95,84.6675,85.065,85.335,82.4475,83.415,81.9675,59.6102,583.2,600.0,20.2381,552.38,521.63,14.6139
86.475,57.6,4.5922,57.5625,269.1225,335.7458,535.45,2.5898,4.8375,170.829,344.91,71.9636,704.72,19.2241,596.88,596.88,9.7553,65.9094,76.5422,2.5898,4.8375,11.1152,15.7164,9.0739,170.828,344.91,704.72,81.1652,32.86,8.66,5.584,12.217,57.24,36.1595,14.8065,0.187,0.1203,0.1219,0.1192,0.1956,0.1219,0.1847,0.1147,605.52,283.65,369.0,84.6525,85.08,85.29,82.3875,83.4225,82.005,59.7532,582.6,600.0,20.2331,552.56,521.78,14.6179
86.025,57.525,4.4219,57.6,269.01,335.6769,535.2,2.5902,4.8225,170.8695,344.79,71.9719,704.72,19.2378,596.82,596.82,9.7615,65.9165,76.5535,2.5902,4.8225,11.1148,15.7164,9.0739,170.87,344.79,704.72,81.249,32.87,8.7,5.609,12.22,56.292,35.527,14.8088,0.188,0.121,0.1225,0.1198,0.1966,0.1225,0.1857,0.1153,604.88,283.65,369.05,84.615,85.125,85.3125,82.3425,83.385,81.9675,59.9024,581.97,600.0,20.2281,552.71,521.96,14.6112
86.275,57.5625,4.1813,57.6,269.145,335.7114,535.25,2.5902,4.8075,170.91,344.7,71.9801,704.72,19.2496,596.94,596.94,9.7677,65.9237,76.5657,2.5902,4.8075,11.1143,15.7164,9.0739,170.912,344.7,704.72,81.334,32.88,8.74,5.633,12.223,55.362,34.9165,14.811,0.1889,0.1216,0.1231,0.1204,0.1974,0.123,0.1866,0.1159,604.24,283.7,369.05,84.6075,85.0875,85.35,82.365,83.385,81.9825,60.0504,581.37,600.0,20.2231,552.89,522.11,14.6145
86.9,57.6,4.6578,57.6,268.29,335.5047,534.9,2.5908,4.7925,170.937,344.58,71.989,704.64,19.2623,596.94,596.94,9.7738,65.9316,76.5757,2.5908,4.7925,11.1139,15.7157,9.0733,170.94,344.58,704.64,81.4202,32.89,8.778,5.656,12.226,54.516,34.317,14.8132,0.1897,0.1221,0.1236,0.1209,0.1983,0.1235,0.1874,0.1165,603.64,283.7,369.05,84.63,85.0575,85.3275,82.35,83.355,81.9375,60.2009,580.77,600.0,20.2181,553.04,522.26,14.6179
86.4,57.5625,4.1078,57.5625,268.155,334.6782,534.3,2.5908,4.78,170.991,344.49,71.9974,704.64,19.2728,597.12,597.12,9.78,65.9383,76.5872,2.5908,4.78,11.1172,15.7154,9.0739,170.996,344.49,704.64,81.5077,32.9,8.814,5.678,12.227,53.748,33.7835,14.8154,0.1904,0.1227,0.124,0.1213,0.1991,0.124,0.1882,0.117,603.0,283.7,369.1,84.5775,85.0275,85.2975,82.335,83.3625,81.9,60.3537,580.17,600.0,20.2131,553.19,522.41,14.6212
86.65,57.5625,4.5109,57.5625,268.3125,335.2292,534.45,2.5916,4.77,171.0585,344.43,72.0051,704.72,19.2841,597.18,597.18,9.7862,65.9462,76.5957,2.5916,4.77,11.1181,15.7152,9.0744,171.052,344.43,704.72,81.5458,32.905,8.846,5.698,12.229,53.058,33.305,14.8263,0.1911,0.1231,0.1245,0.1218,0.1998,0.1244,0.1889,0.1174,602.36,283.7,369.1,84.5625,85.035,85.3275,82.3275,83.34,81.9525,60.5052,579.6,600.0,20.2081,553.34,522.56,14.6245
86.5,57.5625,4.5109,57.5625,268.65,335.0226,534.5,2.5918,4.7575,171.126,344.34,72.0134,704.72,19.2928,597.42,597.42,9.7923,65.9529,76.6055,2.5918,4.7575,11.1189,15.7149,9.075,171.122,344.34,704.72,81.6352,32.915,8.877,5.716,12.23,52.428,32.8705,14.8288,0.1917,0.1235,0.1248,0.1222,0.2004,0.1248,0.1895,0.1178,601.76,283.7,369.1,84.5175,85.0125,85.3575,82.305,83.325,81.9375,60.6591,579.03,600.0,20.2031,553.49,522.68,14.6172
86.25,57.5625,4.4391,57.5625,268.245,335.1259,533.7,2.5922,4.7475,171.1665,344.28,72.021,704.8,19.3021,597.54,597.54,9.7978,65.96,76.6142,2.5922,4.7475,11.116,15.7147,9.0756,171.164,344.28,704.8,81.7258,32.925,8.905,5.732,12.232,51.852,32.4745,14.8313,0.1922,0.1239,0.1252,0.1225,0.201,0.1251,0.1901,0.1182,601.2,283.7,369.1,84.4875,85.065,85.3425,82.2675,83.3475,81.9525,60.8152,578.46,600.0,20.1981,553.61,522.83,14.6199
86.025,57.6,4.4672,57.525,267.8175,334.9537,533.45,2.5926,4.74,171.2205,344.22,72.0279,704.96,19.3108,597.66,597.66,9.8029,65.9665,76.6225,2.5926,4.74,11.1156,15.7144,9.0766,171.206,344.22,704.96,81.8177,32.935,8.931,5.746,12.235,51.318,32.1005,14.8338,0.1927,0.1243,0.1255,0.1228,0.2015,0.1254,0.1906,0.1185,600.6,283.7,369.1,84.4725,85.0575,85.3275,82.275,83.3625,81.9375,60.9661,577.95,600.0,20.1931,553.76,522.95,14.6225
86.425,57.5625,4.5672,57.525,267.7275,334.7815,534.0,2.593,4.73,171.261,344.16,72.0357,704.96,19.3191,597.78,597.78,9.8086,65.9734,76.6302,2.593,4.73,11.1151,15.7172,9.0772,171.262,344.16,704.96,81.9108,32.945,8.956,5.759,12.236,50.808,31.754,14.8363,0.1933,0.1246,0.1258,0.1232,0.2021,0.1258,0.1911,0.1188,600.04,283.7,369.1,84.5175,85.1025,85.32,82.305,83.4225,81.9225,61.119,577.44,600.0,20.1881,553.88,523.1,14.6252
86.675,57.5625,3.8625,57.6,267.885,334.6093,533.15,2.593,4.7225,171.315,344.1,72.043,705.04,19.3268,597.9,597.9,9.8143,65.9803,76.639,2.593,4.7225,11.1147,15.7179,9.0778,171.318,344.1,705.04,81.9546,32.95,8.979,5.771,12.238,50.322,31.4295,14.8387,0.1937,0.1249,0.1261,0.1234,0.2026,0.1261,0.1916,0.1192,599.52,283.7,369.1,84.54,85.1475,85.3425,82.2675,83.385,81.885,61.2741,576.93,600.0,20.1831,554.03,523.22,14.6172
86.825,57.525,3.8625,57.6,268.2225,334.1272,533.4,2.5934,4.715,171.369,344.04,72.0507,705.04,19.3341,598.02,598.02,9.8199,65.9872,76.6462,2.5934,4.715,11.1143,15.7187,9.0783,171.36,344.04,705.04,82.0496,32.96,9.001,5.783,12.238,49.854,31.1215,14.8412,0.1942,0.1253,0.1264,0.1237,0.203,0.1263,0.1921,0.1195,599.0,283.7,369.1,84.54,85.1025,85.32,82.2825,83.355,81.87,61.4274,576.45,600.0,20.1781,554.15,523.34,14.6192
86.75,57.525,4.5563,57.6,267.39,333.7139,533.45,2.594,4.7075,171.4365,343.98,72.0572,705.2,19.3423,598.02,598.02,9.8248,65.9941,76.6522,2.594,4.7075,11.1139,15.7164,9.0788,171.444,343.98,705.2,82.1458,32.97,9.022,5.795,12.24,49.392,30.819,14.8437,0.1946,0.1256,0.1266,0.124,0.2035,0.1266,0.1925,0.1198,598.52,283.7,369.1,84.5025,85.0575,85.32,82.305,83.325,81.8475,61.5827,575.97,600.0,20.1731,554.27,523.46,14.6212
86.575,57.5625,4.1016,57.5625,267.5925,334.3683,532.85,2.5938,4.6975,171.477,343.95,72.0647,705.2,19.3491,598.14,598.14,9.8303,66.0003,76.6605,2.5938,4.6975,11.1172,15.7162,9.0794,171.472,343.95,705.2,82.1927,32.975,9.042,5.806,12.241,48.924,30.522,14.8462,0.1951,0.1259,0.1269,0.1243,0.2039,0.1269,0.193,0.1201,598.0,283.7,369.1,84.5025,85.0425,85.3575,82.35,83.34,81.8475,61.7361,575.52,600.0,20.1681,554.39,523.58,14.6232
86.35,57.5625,4.1016,57.525,267.3225,333.6451,533.15,2.5944,4.69,171.531,343.89,72.071,705.36,19.3568,598.14,598.14,9.8357,66.007,76.666,2.5944,4.69,11.118,15.7159,9.0799,171.528,343.89,705.36,82.2908,32.985,9.062,5.818,12.243,48.462,30.225,14.8487,0.1955,0.1262,0.1272,0.1246,0.2044,0.1271,0.1934,0.1203,597.56,283.7,369.1,84.4875,85.0575,85.365,82.395,83.3625,81.8475,61.8877,575.1,600.0,20.163,554.51,523.67,14.6252
86.025,57.6,3.6594,57.6375,267.615,334.265,532.35,2.5944,4.6825,171.558,343.83,72.0782,705.36,19.3631,598.26,598.26,9.8411,66.0136,76.673,2.5944,4.6825,11.1189,15.7157,9.0799,171.556,343.83,705.36,82.3396,32.99,9.081,5.829,12.243,47.988,29.928,14.8512,0.196,0.1265,0.1275,0.1249,0.2049,0.1274,0.1939,0.1206,597.08,283.7,369.05,84.4875,85.095,85.365,82.41,83.4075,81.9,62.0409,574.68,600.0,20.158,554.6,523.79,14.6165
86.15,57.6,3.6594,57.525,267.5025,333.6451,532.1,2.5948,4.675,171.612,343.77,72.0855,705.36,19.3703,598.26,598.26,9.8458,66.0196,76.6785,2.5948,4.675,11.1159,15.7154,9.0816,171.612,343.77,705.36,82.4396,33.0,9.1,5.841,12.245,47.514,29.631,14.8537,0.1964,0.1268,0.1277,0.1252,0.2054,0.1277,0.1944,0.1209,596.64,283.7,369.05,84.4575,85.0725,85.3875,82.365,83.385,81.93,62.1958,574.26,600.0,20.153,554.72,523.88,14.6179
86.075,57.6,4.4734,57.6375,267.84,333.8861,532.35,2.5948,4.665,171.639,343.71,72.0915,705.52,19.3761,598.38,598.38,9.8502,66.026,76.685,2.5948,4.665,11.1155,15.7152,9.0816,171.64,343.71,705.52,82.4902,33.005,9.119,5.853,12.246,47.034,29.3285,14.8562,0.1969,0.1271,0.128,0.1255,0.2058,0.128,0.1948,0.1213,596.2,283.7,369.05,84.51,85.0425,85.4025,82.3275,83.43,81.9075,62.3524,573.84,600.0,20.148,554.81,524.0,14.6192
86.25,57.6,3.925,57.5625,267.705,333.6795,532.45,2.5946,4.6575,171.693,343.65,72.0985,705.52,19.3828,598.38,598.38,9.8551,66.0324,76.6922,2.5946,4.6575,11.1151,15.7149,9.0816,171.682,343.65,705.52,82.5921,33.015,9.138,5.865,12.247,46.554,29.026,14.8587,0.1973,0.1274,0.1283,0.1257,0.2063,0.1282,0.1953,0.1216,595.8,283.7,369.05,84.495,85.05,85.3725,82.335,83.4825,81.96,62.5069,573.45,600.0,20.1583,554.93,524.09,14.6205
86.725,57.6,3.925,57.6375,267.1425,333.3007,531.75,2.5946,4.65,171.72,343.62,72.1049,705.6,19.3881,598.5,598.5,9.86,66.0388,76.699,2.5946,4.65,11.1147,15.7147,9.0816,171.724,343.62,705.6,82.6446,33.02,9.157,5.877,12.248,46.068,28.718,14.8612,0.1978,0.1278,0.1286,0.126,0.2068,0.1286,0.1958,0.1219,595.4,283.65,369.05,84.48,85.0275,85.32,82.32,83.49,81.945,62.6631,573.06,600.0,20.1538,555.02,524.18,14.6112
86.475,57.6,3.9094,57.6,267.1875,332.8874,532.1,2.5946,4.64,171.747,343.56,72.1117,705.6,19.3943,598.5,598.5,9.8649,66.0445,76.7057,2.5946,4.64,11.1143,15.7144,9.0821,171.752,343.56,705.6,82.7483,33.03,9.176,5.889,12.249,45.582,28.4045,14.8637,0.1982,0.1281,0.1289,0.1264,0.2073,0.1289,0.1963,0.1222,594.96,283.65,369.05,84.4875,85.0125,85.3425,82.35,83.505,81.915,62.8208,572.67,600.0,20.1493,555.11,524.27,14.6119
86.025,57.5625,3.7594,57.5625,267.5475,332.9563,531.35,2.595,4.6325,171.7875,343.5,72.1186,705.6,19.4013,598.44,598.44,9.8691,66.0506,76.711,2.595,4.6325,11.1138,15.7172,9.0827,171.78,343.5,705.6,82.8027,33.035,9.195,5.901,12.25,45.102,28.0965,14.8662,0.1987,0.1284,0.1292,0.1266,0.2078,0.1291,0.1968,0.1225,594.56,283.65,369.05,84.51,85.05,85.3425,82.3725,83.505,81.945,62.98,572.28,600.0,20.1448,555.2,524.36,14.6125
86.5,57.525,3.7594,57.6,266.8275,333.1973,532.05,2.595,4.625,171.8145,343.44,72.1255,705.6,19.4078,598.44,598.44,9.8738,66.0568,76.7172,2.595,4.625,11.1164,15.7179,9.0827,171.808,343.44,705.6,82.8577,33.04,9.214,5.913,12.251,44.622,27.783,14.8687,0.1992,0.1287,0.1295,0.1269,0.2082,0.1294,0.1973,0.1228,594.16,283.65,369.0,84.4725,85.065,85.2975,82.41,83.505,81.975,63.1409,571.89,600.0,20.1403,555.29,524.45,14.6132
86.2,57.5625,4.0656,57.525,266.94,332.7841,531.6,2.5954,4.615,171.8415,343.38,72.1311,705.76,19.4143,598.44,598.44,9.8792,66.063,76.722,2.5954,4.615,11.117,15.7187,9.0833,171.836,343.38,705.76,82.964,33.05,9.233,5.924,12.252,44.16,27.4805,14.8712,0.1996,0.129,0.1297,0.1272,0.2087,0.1297,0.1977,0.1231,593.76,283.65,369.0,84.495,85.0275,85.335,82.3575,83.4825,81.945,63.2995,571.53,600.0,20.1358,555.38,524.54,14.6139
86.825,57.5625,3.8937,57.6,266.67,333.404,531.2,2.5954,4.6075,171.8685,343.32,72.1377,705.76,19.4193,598.56,598.56,9.8833,66.0684,76.7277,2.5954,4.6075,11.1176,15.7164,9.0838,171.864,343.32,705.76,83.0208,33.055,9.251,5.936,12.253,43.698,27.1725,14.8737,0.2,0.1293,0.13,0.1275,0.2091,0.13,0.1982,0.1234,593.4,283.65,369.0,84.51,85.0575,85.32,82.365,83.505,81.975,63.4597,571.17,600.0,20.1312,555.47,524.63,14.6039
86.95,57.6,4.6141,57.5625,266.625,333.404,531.6,2.5954,4.6,171.909,343.26,72.1431,705.92,19.4253,598.56,598.56,9.888,66.0743,76.7335,2.5954,4.6,11.1151,15.7162,9.0838,171.906,343.26,705.92,83.0783,33.06,9.269,5.947,12.254,43.248,26.8755,14.8762,0.2005,0.1296,0.1303,0.1278,0.2096,0.1302,0.1986,0.1237,593.0,283.6,369.0,84.5175,85.0425,85.2825,82.365,83.4825,82.005,63.6212,570.81,600.0,20.1267,555.56,524.72,14.6039
86.925,57.5625,3.6609,57.5625,266.31,333.1284,531.2,2.5954,4.59,171.936,343.23,72.1495,705.92,19.4313,598.56,598.56,9.8927,66.0802,76.7392,2.5954,4.59,11.1147,15.7159,9.0838,171.934,343.23,705.92,83.1365,33.065,9.287,5.957,12.255,42.822,26.5785,14.8787,0.2009,0.1299,0.1306,0.1281,0.21,0.1306,0.199,0.124,592.64,283.6,368.95,84.54,85.0875,85.3125,82.365,83.46,82.0425,63.7843,570.45,600.0,20.1222,555.62,524.78,14.6039
86.625,57.6375,3.9969,57.5625,266.355,332.8529,530.5,2.5954,4.5825,171.9765,343.17,72.1559,705.92,19.4373,598.56,598.56,9.8973,66.0862,76.745,2.5954,4.5825,11.1143,15.7157,9.0838,171.976,343.17,705.92,83.2458,33.075,9.305,5.967,12.256,42.402,26.2925,14.8812,0.2013,0.1302,0.1308,0.1283,0.2105,0.1308,0.1994,0.1242,592.24,283.6,368.95,84.5775,85.0725,85.335,82.3725,83.505,82.0725,63.9488,570.09,600.0,20.1177,555.71,524.87,14.6039
86.95,57.6,4.4469,57.6,266.895,332.9563,530.65,2.5954,4.575,172.0035,343.11,72.1622,705.92,19.4418,598.68,598.68,9.9013,66.0913,76.7507,2.5954,4.575,11.1139,15.7154,9.0843,172.004,343.11,705.92,83.3058,33.08,9.322,5.977,12.257,42.006,26.012,14.8837,0.2017,0.1305,0.1311,0.1286,0.2109,0.131,0.1998,0.1245,591.88,283.55,368.95,84.5775,85.0875,85.3125,82.395,83.4825,82.1175,64.1147,569.73,600.0,20.1132,555.77,524.93,14.6039
86.575,57.5625,4.4469,57.525,266.1975,332.8185,531.0,2.5954,4.5675,172.044,343.08,72.1686,705.92,19.4466,598.74,598.74,9.9057,66.0962,76.7565,2.5954,4.5675,11.1172,15.7152,9.0849,172.046,343.08,705.92,83.3665,33.085,9.338,5.986,12.257,41.622,25.748,14.8862,0.2021,0.1308,0.1313,0.1288,0.2112,0.1313,0.2002,0.1248,591.52,283.55,368.9,84.5475,85.1325,85.275,82.3575,83.4975,82.11,64.2783,569.4,600.0,20.1087,555.86,524.99,14.5932
86.85,57.5625,4.6203,57.5625,266.6925,332.7152,531.05,2.5954,4.5625,172.0575,343.02,72.1737,706.08,19.4518,598.74,598.74,9.9101,66.1016,76.7622,2.5954,4.5625,11.118,15.7149,9.0855,172.06,343.02,706.08,83.4277,33.09,9.355,5.994,12.259,41.262,25.484,14.8887,0.2024,0.131,0.1315,0.1291,0.2116,0.1315,0.2006,0.125,591.16,283.55,368.9,84.54,85.1775,85.26,82.335,83.46,82.1175,64.4433,569.07,600.0,20.1042,555.92,525.05,14.5925
86.525,57.6,4.3281,57.6,266.0625,332.3019,530.65,2.596,4.555,172.098,342.99,72.1792,706.16,19.4571,598.74,598.74,9.9138,66.1071,76.7657,2.596,4.555,11.1189,15.7147,9.086,172.102,342.99,706.16,83.4896,33.095,9.37,6.002,12.259,40.914,25.242,14.8912,0.2027,0.1313,0.1318,0.1293,0.2119,0.1318,0.2009,0.1252,590.84,283.55,368.85,84.555,85.125,85.2525,82.335,83.4375,82.0725,64.6096,568.74,600.0,20.0997,555.98,525.14,14.5919
86.65,57.525,4.4766,57.5625,266.715,332.6463,530.4,2.5962,4.5475,172.125,342.93,72.1852,706.16,19.4616,598.8,598.8,9.9179,66.1125,76.77,2.5962,4.5475,11.116,15.7144,9.0865,172.116,342.93,706.16,83.5521,33.1,9.385,6.009,12.261,40.59,25.0,14.8851,0.203,0.1315,0.132,0.1295,0.2122,0.1319,0.2012,0.1255,590.48,283.5,368.85,84.5625,85.1625,85.275,82.3725,83.4375,82.0275,64.7735,568.44,600.0,20.0952,556.04,525.2,14.5912
86.075,57.6,4.4766,57.5625,266.715,332.3708,530.7,2.5962,4.5425,172.1385,342.9,72.1906,706.24,19.4658,598.86,598.86,9.9213,66.1179,76.7747,2.5962,4.5425,11.1155,15.7172,9.0865,172.13,342.9,706.24,83.6152,33.105,9.4,6.016,12.261,40.29,24.7745,14.8874,0.2033,0.1317,0.1322,0.1297,0.2126,0.1322,0.2015,0.1257,590.16,283.5,368.85,84.54,85.1475,85.2825,82.4025,83.475,82.05,64.9386,568.14,600.0,20.0907,556.1,525.26,14.5905
86.55,57.5625,4.2609,57.5625,266.58,332.6119,530.2,2.5964,4.5375,172.179,342.87,72.1965,706.24,19.4698,598.92,598.92,9.926,66.1226,76.7787,2.5964,4.5375,11.1151,15.7179,9.0871,172.186,342.87,706.24,83.679,33.11,9.413,6.022,12.262,40.002,24.56,14.8896,0.2036,0.1319,0.1324,0.1299,0.2128,0.1323,0.2018,0.1259,589.84,283.5,368.8,84.54,85.155,85.275,82.41,83.4825,82.02,65.1049,567.84,600.0,20.0862,556.16,525.32,14.5792
86.15,57.525,3.9641,57.5625,265.8825,332.3708,529.5,2.596,4.5325,172.233,342.84,72.2005,706.48,19.4736,598.98,598.98,9.9294,66.1277,76.7847,2.596,4.5325,11.1147,15.7187,9.0871,172.228,342.84,706.48,83.7433,33.115,9.426,6.028,12.262,39.738,24.362,14.8918,0.2039,0.1321,0.1325,0.1301,0.2131,0.1325,0.2021,0.1261,589.56,283.5,368.8,84.525,85.155,85.23,82.35,83.445,81.975,65.2686,567.57,600.0,20.0816,556.22,525.35,14.5778
86.125,57.525,3.9641,57.525,266.1075,332.5774,529.55,2.5962,4.525,167.265,342.81,72.206,706.48,19.4771,599.04,571.56,9.9333,66.1329,76.789,2.5962,4.525,11.1143,15.7164,9.0876,167.258,342.81,706.48,83.8083,33.12,9.439,6.033,12.262,39.492,24.1805,14.9026,0.269,0.1323,0.1327,0.1302,0.2842,0.1326,0.2737,0.1263,589.28,283.5,368.8,84.54,85.125,85.2825,82.3875,83.475,81.945,65.4335,567.3,600.0,20.0771,556.28,525.41,14.5765
86.55,57.6,3.6562,57.6,266.5125,331.7853,529.7,2.599,3.895,167.265,343.02,72.2052,707.28,19.8246,571.56,584.64,10.0063,66.1351,76.7832,2.599,4.5625,11.1168,15.7192,9.0942,167.258,343.02,707.28,84.7346,33.21,9.451,11.171,12.263,0.0,25.3245,14.9051,0.2396,0.1528,0.1583,0.1534,0.2513,0.1582,0.2405,0.1455,580.84,283.5,368.8,84.5175,85.1625,85.2825,82.35,83.49,81.975,66.5463,559.47,600.0,20.0726,556.37,525.47,14.5752
86.625,57.525,3.9703,57.525,266.3775,332.543,531.05,2.5624,3.895,169.668,337.71,72.2876,697.28,19.7796,584.64,584.64,10.0002,66.1752,76.9217,2.5624,3.895,11.1002,15.6967,9.0118,169.666,337.71,697.28,84.9127,33.225,10.258,7.306,12.266,0.012,4.3145,14.9162,0.173,0.1528,0.1583,0.1534,0.2513,0.1582,0.2405,0.1517,572.0,283.45,368.8,84.525,85.1325,85.2525,82.38,83.52,81.99,67.7772,550.95,600.0,20.0834,556.37,525.53,14.5632
86.35,57.6,4.5672,57.5625,266.6475,332.7152,531.6,2.5514,3.6425,169.911,337.62,72.3306,694.32,19.8301,585.72,585.72,10.0131,66.2027,77.01,2.5514,3.6425,11.0748,15.6672,8.987,169.904,337.62,694.32,83.9283,33.125,10.499,1.653,12.247,0.372,-3.0115,14.764,0.1513,0.1534,0.1587,0.156,0.2488,0.1586,0.238,0.1517,563.6,283.45,368.8,84.585,85.1475,85.2375,82.4025,83.4825,81.975,68.9862,542.88,600.0,20.0794,556.34,525.56,14.5612
86.225,57.6,3.8531,57.5625,267.435,333.2662,532.25,2.5516,3.66,171.2745,337.95,72.3532,694.56,19.7478,597.06,597.06,10.0168,66.2211,77.07,2.5516,3.66,11.0561,15.6482,8.9886,171.262,337.95,694.56,81.9696,32.93,10.499,0.0,12.203,1.11,-3.0115,14.4604,0.1513,0.1514,0.157,0.1549,0.2466,0.157,0.2357,0.1514,563.6,283.45,368.75,84.6,85.185,85.2225,82.44,83.52,81.9975,70.1451,535.47,600.0,20.0906,556.31,525.5,14.5485
86.7,57.5625,4.4828,57.5625,267.435,334.0927,532.5,2.57,3.76,171.423,338.52,72.3499,698.08,19.7593,597.12,597.12,10.0249,66.2315,77.0615,2.57,3.76,11.0532,15.6449,9.0195,171.416,338.52,698.08,79.9865,32.735,10.588,0.0,12.153,3.534,-2.2965,14.1212,0.175,0.1489,0.1499,0.1522,0.243,0.1541,0.2241,0.1448,555.88,283.45,368.75,84.585,85.155,85.2375,82.425,83.475,81.945,71.1047,529.89,600.0,20.0871,556.25,525.5,14.5459
86.475,57.6,4.4828,57.6,267.3675,334.0927,532.9,2.5862,3.92,172.1655,339.36,72.3422,701.44,19.7121,601.86,601.86,10.0261,66.2374,77.0382,2.5862,3.92,11.0682,15.6542,9.0491,172.158,339.36,701.44,79.194,32.66,10.568,2.344,12.07,10.626,1.306,13.8318,0.1983,0.1424,0.1431,0.141,0.2351,0.1499,0.2089,0.1377,550.08,283.4,368.75,84.555,85.1625,85.245,82.44,83.46,81.9225,71.7149,527.28,600.0,20.0836,556.13,525.44,14.5432
86.125,57.6,3.9609,57.5625,267.435,334.506,533.0,2.6054,4.1725,173.1645,340.74,72.3237,705.52,19.6638,605.1,605.1,10.0175,66.2353,76.9835,2.6054,4.1725,11.0843,15.6697,9.0876,173.152,340.74,705.52,78.8983,32.635,10.202,4.704,11.967,25.446,8.2855,13.6371,0.182,0.1314,0.1332,0.1309,0.1988,0.1431,0.1874,0.1271,547.36,283.35,368.7,84.5625,85.1925,85.29,82.4175,83.475,81.9375,71.881,528.3,600.0,20.0801,555.95,525.32,14.5299
86.625,57.5625,3.9609,57.5625,267.5925,334.6438,533.4,2.6242,4.5025,174.771,342.69,72.2907,710.64,19.5368,613.56,613.56,9.9984,66.223,76.9062,2.6242,4.5025,11.1019,15.6859,9.1311,174.762,342.69,710.64,78.6502,32.615,9.766,4.261,11.872,47.166,19.0765,13.5662,0.1637,0.1181,0.121,0.1184,0.1754,0.1331,0.1638,0.1142,548.4,283.35,368.65,84.555,85.215,85.2675,82.41,83.4375,81.9525,71.6183,532.71,600.0,20.0765,555.8,525.17,14.5265
86.075,57.6,4.5875,57.6,267.4125,334.6093,533.35,2.645,4.85,176.337,345.09,72.2416,716.8,19.3873,621.0,621.0,9.9701,66.2001,76.798,2.645,4.85,11.109,15.6979,9.1817,176.344,345.09,716.8,78.4502,32.6,9.181,3.84,11.804,71.412,32.4415,13.589,0.1467,0.1046,0.1085,0.1057,0.1541,0.121,0.1423,0.101,553.0,283.3,368.6,84.5775,85.1925,85.26,82.4175,83.49,81.945,71.056,539.37,600.0,20.073,555.65,524.99,14.5125
86.45,57.525,4.1203,57.525,267.8175,334.1272,532.2,2.6628,5.165,177.6465,347.55,72.1854,722.64,19.2203,627.36,627.36,9.9385,66.1701,76.675,2.6628,5.165,11.1148,15.7072,9.2284,177.646,347.55,722.64,78.1977,32.58,8.528,3.541,11.772,93.75,46.241,13.6999,0.1291,0.0919,0.0968,0.0938,0.1355,0.1085,0.1237,0.0888,559.96,283.25,368.55,84.5775,85.1625,85.23,82.4025,83.475,81.915,70.3503,546.96,600.0,20.0695,555.56,524.87,14.5085
86.45,57.525,3.7312,57.525,267.7275,333.5762,532.25,2.6768,5.425,178.4835,349.83,72.1262,727.68,19.0718,630.12,630.12,9.9052,66.1352,76.544,2.6768,5.425,11.1131,15.7099,9.2669,178.486,349.83,727.68,77.9427,32.56,7.862,3.125,11.776,113.22,59.155,13.8412,0.1152,0.0814,0.087,0.0838,0.1355,0.0968,0.1094,0.0785,575.88,283.2,368.5,84.6225,85.1025,85.2675,82.4025,83.49,81.9675,69.5952,554.7,600.0,20.066,555.5,524.78,14.5045
86.625,57.5625,4.1172,57.5625,266.76,332.9218,531.25,2.6832,5.6275,178.9425,351.72,72.0724,731.04,18.9441,630.3,630.3,9.8716,66.0989,76.424,2.6832,5.6275,11.1167,15.7144,9.2917,178.934,351.72,731.04,77.6852,32.54,7.255,2.845,11.805,128.184,69.9185,13.9968,0.1053,0.0734,0.0794,0.0761,0.1214,0.087,0.0993,0.0707,575.88,283.15,368.4,84.66,85.0575,85.32,82.3425,83.475,81.9825,68.8313,562.26,600.0,20.0625,555.47,524.72,14.5005
86.9,57.6,3.6359,57.525,266.7825,332.0609,530.1,2.6838,5.7725,178.9965,353.16,72.0239,733.04,18.8403,628.5,628.5,9.84,66.0628,76.3177,2.6838,5.7725,11.1185,15.7159,9.3043,179.004,353.16,733.04,77.4252,32.52,6.744,2.845,11.852,132.0,78.152,14.1324,0.0987,0.0678,0.0741,0.0707,0.1112,0.0794,0.0926,0.0652,583.76,283.1,368.35,84.675,85.035,85.3425,82.3425,83.49,81.975,68.0932,569.37,600.0,20.0589,555.47,524.69,14.4858
86.6,57.5625,3.6359,57.6,265.59,331.4409,529.2,2.6796,5.87,178.848,354.18,71.9816,733.84,18.7538,625.92,625.92,9.8099,66.028,76.2287,2.6796,5.87,11.1219,15.7204,9.306,178.85,354.18,733.84,77.2133,32.505,6.342,2.681,11.904,132.0,83.949,14.2385,0.0987,0.0678,0.0741,0.0707,0.1046,0.0741,0.0926,0.0617,591.12,283.0,368.25,84.7125,85.0275,85.32,82.3725,83.46,82.005,67.4166,575.76,600.0,20.0554,555.5,524.72,14.4812
86.1,57.525,3.9656,57.525,265.5225,331.0277,528.6,2.673,5.93,178.524,354.84,71.945,733.76,18.6833,622.92,622.92,9.7823,65.9951,76.154,2.673,5.93,11.12,15.7204,9.3005,178.528,354.84,733.76,76.9996,32.49,6.046,2.601,11.955,132.0,87.6395,14.3054,0.095,0.0643,0.0707,0.0673,0.1008,0.0706,0.0889,0.0617,597.8,283.0,368.2,84.7275,85.0425,85.275,82.365,83.43,82.005,66.8081,581.4,600.0,20.0519,555.59,524.75,14.4765
86.625,57.6,3.9656,57.525,265.4775,330.4422,528.1,2.6656,5.965,178.1055,355.23,71.9122,733.2,18.6223,620.16,620.16,9.756,65.9641,76.0905,2.6656,5.965,11.12,15.7189,9.2917,178.108,355.23,733.2,76.8346,32.48,5.83,2.586,11.997,132.0,89.878,14.3576,0.0934,0.0622,0.0687,0.0653,0.0991,0.0686,0.0873,0.0596,603.68,282.9,368.1,84.7125,85.08,85.2825,82.3725,83.415,81.975,66.267,586.32,600.0,20.0484,555.65,524.81,14.4718
86.975,57.6,4.2672,57.6375,264.735,329.6157,526.6,2.6582,5.985,177.633,355.41,71.881,732.56,18.5743,617.28,617.28,9.7334,65.9347,76.0362,2.6582,5.985,11.1159,15.7159,9.2818,177.632,355.41,732.56,76.6683,32.47,5.83,2.621,12.029,132.0,91.0,14.3946,0.0931,0.0611,0.0677,0.0642,0.0989,0.0677,0.0871,0.0585,608.76,282.85,368.05,84.72,85.035,85.29,82.365,83.46,82.02,65.7963,590.52,600.0,20.0448,555.77,524.87,14.4565
86.9,57.5625,4.0547,57.6,264.15,329.2368,525.3,2.6508,5.99,177.1335,355.44,71.8545,731.44,18.5361,614.58,614.58,9.7111,65.9069,75.9912,2.6508,5.99,11.1174,15.7137,9.2702,177.128,355.44,731.44,76.5515,32.465,5.675,2.689,12.05,132.0,91.0,14.4157,0.094,0.061,0.0675,0.064,0.0998,0.0675,0.0881,0.0582,613.16,282.8,367.95,84.705,85.05,85.32,82.3275,83.4825,82.0575,65.3837,594.12,600.0,20.0413,555.89,524.99,14.4512
86.8,57.525,4.5641,57.5625,264.015,329.0302,524.75,2.6438,5.98,176.58,355.35,71.8297,730.32,18.5076,612.0,612.0,9.6915,65.8823,75.954,2.6438,5.98,11.1123,15.7144,9.257,176.582,355.35,730.32,76.4339,32.46,5.578,2.779,12.065,132.0,91.0,14.429,0.0959,0.0616,0.0681,0.0645,0.1018,0.0681,0.0901,0.0587,616.88,282.75,367.9,84.675,85.0875,85.3575,82.3125,83.4975,82.0125,65.0317,597.12,600.0,20.0225,556.04,525.11,14.4458
86.15,57.6,4.1219,57.6,263.565,327.8249,524.2,2.6364,5.965,176.0265,355.14,71.8086,728.96,18.4898,609.42,609.42,9.6744,65.8595,75.927,2.6364,5.965,11.1128,15.7127,9.2433,176.022,355.14,728.96,76.3158,32.455,5.529,2.887,12.074,132.0,91.0,14.4429,0.0985,0.0627,0.0692,0.0656,0.1044,0.0691,0.0929,0.0597,620.0,282.7,367.85,84.6675,85.125,85.4025,82.3125,83.52,82.0275,64.7277,599.64,600.0,20.0185,556.19,525.23,14.4298
86.825,57.5625,3.6375,57.525,262.5075,327.8249,522.95,2.6292,5.9375,175.5,354.84,71.7915,727.36,18.4791,607.14,607.14,9.6586,65.8384,75.9085,2.6292,5.9375,11.1112,15.7134,9.229,175.504,354.84,727.36,76.2983,32.46,5.521,3.008,12.08,132.0,88.536,14.4401,0.1016,0.0643,0.0707,0.0671,0.1077,0.0707,0.0962,0.0612,622.6,282.65,367.75,84.6675,85.0875,85.38,82.35,83.49,82.0275,64.4698,601.71,600.0,20.0145,556.37,525.38,14.4238
86.375,57.6,4.2109,57.5625,261.81,327.3771,522.15,2.622,5.9075,174.9735,354.48,71.7769,725.76,18.4771,604.92,604.92,9.6453,65.8206,75.899,2.622,5.9075,11.113,15.7124,9.2141,174.972,354.48,725.76,76.2308,32.46,5.546,3.138,12.081,132.0,86.699,14.446,0.1052,0.0663,0.0726,0.069,0.1113,0.0726,0.0999,0.063,624.76,282.6,367.7,84.6675,85.035,85.395,82.365,83.5125,82.0575,64.2525,603.39,600.0,20.0105,556.55,525.56,14.4178
86.575,57.6,4.2109,57.525,262.215,327.0327,520.85,2.616,5.87,174.474,354.09,71.7641,724.24,18.4813,602.94,602.94,9.6339,65.8042,75.894,2.616,5.87,11.1121,15.7112,9.2004,174.468,354.09,724.24,76.214,32.465,5.598,3.272,12.082,132.0,84.609,14.4349,0.109,0.0685,0.0747,0.0711,0.1152,0.0746,0.1039,0.0651,626.52,282.55,367.65,84.645,85.0275,85.41,82.395,83.4675,82.0575,64.0735,604.71,600.0,20.0065,556.76,525.74,14.4012
86.5,57.6,3.9219,57.5625,260.955,326.344,520.3,2.6102,5.8325,174.0015,353.64,71.7537,722.72,18.4908,601.2,601.2,9.6246,65.7906,75.8957,2.6102,5.8325,11.1109,15.7104,9.1872,173.992,353.64,722.72,76.1977,32.47,5.671,3.408,12.079,131.304,82.3375,14.4321,0.113,0.0709,0.0769,0.0733,0.1194,0.0769,0.1081,0.0674,627.92,282.5,367.55,84.6075,85.08,85.44,82.425,83.4675,82.065,63.9229,605.76,600.0,20.0024,556.97,525.92,14.3945
86.975,57.6,4.4641,57.5625,261.18,325.483,519.8,2.605,5.7875,173.5425,353.16,71.7464,721.12,18.5038,599.76,599.76,9.6165,65.7786,75.9025,2.605,5.7875,11.1102,15.7089,9.1746,173.544,353.16,721.12,76.1821,32.475,5.762,3.542,12.077,126.912,79.824,14.4207,0.1172,0.0735,0.0794,0.0758,0.1236,0.0794,0.1124,0.0699,628.96,282.45,367.45,84.5925,85.0725,85.47,82.4025,83.475,82.08,63.8057,606.51,600.0,19.9984,557.18,526.1,14.3878
86.625,57.5625,4.4641,57.6,260.9325,325.3797,518.35,2.6002,5.74,173.124,352.68,71.7415,719.52,18.5221,598.38,598.38,9.6102,65.7692,75.9142,2.6002,5.74,11.1096,15.7079,9.1613,173.124,352.68,719.52,76.2177,32.485,5.871,3.672,12.07,122.454,77.2005,14.4176,0.1214,0.0763,0.082,0.0784,0.128,0.0819,0.1168,0.0725,629.76,282.4,367.4,84.6375,85.05,85.4925,82.425,83.4825,82.1025,63.7118,607.05,600.0,19.9944,557.42,526.31,14.3705
86.725,57.5625,4.2812,57.5625,260.5275,324.932,517.5,2.5964,5.69,172.7325,352.17,71.7385,718.0,18.5431,597.24,597.24,9.6056,65.7607,75.9282,2.5964,5.69,11.1089,15.7069,9.1503,172.718,352.17,718.0,76.2546,32.495,5.994,3.8,12.067,118.056,74.5605,14.4146,0.1257,0.079,0.0845,0.081,0.1323,0.0845,0.1212,0.0751,630.32,282.3,367.3,84.6675,85.0875,85.4325,82.38,83.43,82.11,63.642,607.38,600.0,19.9904,557.66,526.52,14.3632
86.825,57.5625,4.5531,57.5625,260.2125,323.6233,517.3,2.5926,5.6425,172.3815,351.69,71.7366,716.64,18.5688,596.1,596.1,9.602,65.7546,75.947,2.5926,5.6425,11.1082,15.7089,9.1393,172.382,351.69,716.64,76.2927,32.505,6.123,3.922,12.062,113.826,71.992,14.4115,0.1297,0.0817,0.0871,0.0835,0.1365,0.087,0.1254,0.0777,630.68,282.25,367.25,84.66,85.1325,85.425,82.3575,83.4375,82.0875,63.5896,607.56,600.0,19.9864,557.87,526.76,14.3452
86.775,57.6,4.3063,57.6,259.425,323.3133,516.75,2.5894,5.595,172.0845,351.24,71.7362,715.36,18.5933,595.44,595.44,9.5999,65.7505,75.9682,2.5894,5.595,11.1113,15.7097,9.1294,172.074,351.24,715.36,76.3321,32.515,6.256,4.038,12.058,109.866,69.55,14.4085,0.1336,0.0843,0.0894,0.0859,0.1404,0.0894,0.1294,0.0801,630.84,282.2,367.15,84.66,85.1475,85.44,82.3875,83.4225,82.08,63.5591,607.56,600.0,19.9824,558.11,526.97,14.3372
86.775,57.6,4.5484,57.5625,259.2675,323.52,515.5,2.5872,5.5525,171.828,350.85,71.7372,714.16,18.6198,594.84,594.84,9.5986,65.7469,75.9897,2.5872,5.5525,11.1126,15.7099,9.1217,171.822,350.85,714.16,76.3727,32.525,6.389,4.144,12.055,106.23,67.2785,14.414,0.1371,0.0867,0.0915,0.0881,0.144,0.0915,0.133,0.0824,630.84,282.15,367.05,84.6075,85.17,85.4625,82.395,83.385,82.0275,63.5435,607.44,600.0,19.9631,558.35,527.21,14.3292
86.325,57.5625,4.5484,57.6,259.1775,322.3491,514.95,2.5858,5.51,171.6255,350.46,71.7382,713.2,18.6458,594.48,594.48,9.5978,65.7448,76.011,2.5858,5.51,11.1135,15.7109,9.1146,171.626,350.46,713.2,76.4146,32.535,6.518,4.24,12.053,102.948,65.2105,14.4112,0.1403,0.0889,0.0935,0.0901,0.1473,0.0934,0.1363,0.0845,630.72,282.05,367.0,84.63,85.2,85.425,82.4175,83.355,82.0125,63.5398,607.23,600.0,19.9586,558.62,527.42,14.3105
86.125,57.525,4.2828,57.525,258.0525,322.3146,513.8,2.5846,5.4725,171.4635,350.1,71.7401,712.32,18.6718,594.24,594.24,9.5987,65.7427,76.0332,2.5846,5.4725,11.1113,15.7114,9.1096,171.458,350.1,712.32,76.5083,32.55,6.641,4.325,12.052,100.026,63.3405,14.4171,0.1432,0.0908,0.0953,0.0919,0.1502,0.0953,0.1393,0.0864,630.52,282.0,366.9,84.63,85.14,85.41,82.44,83.3475,82.0275,63.5481,606.93,600.0,19.9541,558.86,527.66,14.3018
86.4,57.6,3.5906,57.5625,258.165,322.0047,514.1,2.5838,5.4375,171.3015,349.8,71.7427,711.52,18.6966,594.18,594.18,9.5993,65.7424,76.0555,2.5838,5.4375,11.1111,15.7127,9.1041,171.304,349.8,711.52,76.5533,32.56,6.757,4.399,12.053,97.452,61.6795,14.4232,0.1457,0.0926,0.0969,0.0936,0.1528,0.0969,0.1419,0.0881,630.2,281.9,366.8,84.615,85.125,85.4475,82.47,83.3775,82.0425,63.5652,606.57,600.0,19.9496,559.1,527.87,14.2932
86.325,57.5625,4.1609,57.5625,258.03,322.0391,513.0,2.5838,5.4075,171.207,349.53,71.746,710.8,18.7193,594.3,594.3,9.6008,65.7426,76.0757,2.5838,5.4075,11.1117,15.7112,9.1003,171.192,349.53,710.8,76.6502,32.575,6.866,4.464,12.053,95.208,60.2165,14.4382,0.1479,0.0942,0.0983,0.095,0.1551,0.0982,0.1442,0.0896,629.84,281.85,366.7,84.5925,85.11,85.4475,82.485,83.4225,81.99,63.5875,606.18,600.0,19.9451,559.34,528.11,14.2738
86.05,57.5625,4.1609,57.5625,257.67,320.9026,512.85,2.5836,5.38,171.1125,349.29,71.7485,710.32,18.7416,594.42,594.42,9.6022,65.743,76.0967,2.5836,5.38,11.1118,15.7112,9.0975,171.108,349.29,710.32,76.6983,32.585,6.966,4.52,12.055,93.252,58.9405,14.4451,0.1498,0.0955,0.0995,0.0963,0.1571,0.0995,0.1462,0.091,629.4,281.75,366.6,84.5775,85.065,85.4175,82.47,83.3925,82.005,63.6189,605.73,600.0,19.9405,559.58,528.35,14.2645
86.25,57.5625,4.25,57.525,257.0625,320.6615,512.35,2.584,5.355,171.0585,349.08,71.7524,709.76,18.7626,594.6,594.6,9.6041,65.7442,76.1157,2.584,5.355,11.1126,15.7119,9.0959,171.066,349.08,709.76,76.7477,32.595,7.058,4.568,12.058,91.542,57.824,14.461,0.1516,0.0967,0.1006,0.0974,0.1589,0.1006,0.1479,0.0921,628.96,281.7,366.5,84.5625,85.0275,85.395,82.425,83.385,82.035,63.6521,605.28,600.0,19.936,559.82,528.56,14.2552
86.85,57.525,3.8656,57.6375,257.265,320.7304,510.95,2.5844,5.335,171.018,348.9,71.7552,709.44,18.7843,594.66,594.66,9.6058,65.7453,76.1342,2.5844,5.335,11.1129,15.7122,9.0937,171.024,348.9,709.44,76.849,32.61,7.141,4.61,12.063,90.024,57.824,14.4687,0.1531,0.0978,0.1016,0.0984,0.1604,0.1015,0.1495,0.0932,628.48,281.65,366.4,84.5475,85.02,85.395,82.44,83.385,82.035,63.6909,604.8,600.0,19.9315,560.03,528.8,14.2352
86.225,57.6375,4.4516,57.5625,256.68,320.6271,510.55,2.5848,5.315,171.018,348.72,71.7599,708.96,18.8028,594.96,594.96,9.6084,65.747,76.1522,2.5848,5.315,11.1133,15.7124,9.092,171.01,348.72,708.96,76.9014,32.62,7.218,4.648,12.068,88.626,56.823,14.4854,0.1545,0.0988,0.1025,0.0993,0.1618,0.1025,0.151,0.0942,628.0,281.55,366.35,84.5475,85.0725,85.3425,82.41,83.3625,81.99,63.7279,604.35,600.0,19.927,560.27,529.01,14.2252
86.125,57.6,4.4516,57.525,256.7475,319.5939,509.85,2.5852,5.295,170.991,348.57,71.7634,708.72,18.8216,595.14,595.14,9.6108,65.7499,76.1697,2.5852,5.295,11.1143,15.7134,9.0904,170.982,348.57,708.72,77.0058,32.635,7.289,4.682,12.074,87.318,55.9045,14.5026,0.1558,0.0998,0.1033,0.1002,0.1632,0.1033,0.1523,0.095,627.52,281.5,366.25,84.5625,85.1175,85.38,82.38,83.37,81.9825,63.7742,603.84,600.0,19.9225,560.51,529.22,14.2045
86.125,57.5625,4.3984,57.6,256.185,320.0072,510.05,2.5852,5.2775,170.964,348.42,71.7672,708.48,18.8396,595.32,595.32,9.6135,65.7521,76.1882,2.5852,5.2775,11.1149,15.7139,9.0893,170.968,348.42,708.48,77.0615,32.645,7.355,4.716,12.078,86.064,55.0575,14.5118,0.1571,0.1006,0.1041,0.101,0.1646,0.1041,0.1537,0.0959,627.0,281.45,366.15,84.6,85.1175,85.3875,82.3575,83.3625,81.9375,63.8188,603.36,600.0,19.918,560.72,529.43,14.1938
86.475,57.6375,4.1687,57.5625,256.2975,319.0773,509.6,2.586,5.26,170.9775,348.27,71.7727,708.08,18.8568,595.5,595.5,9.6172,65.7545,76.2037,2.586,5.26,11.1155,15.7144,9.0882,170.968,348.27,708.08,77.169,32.66,7.417,4.748,12.085,84.858,54.26,14.5298,0.1583,0.1015,0.1048,0.1017,0.1658,0.1048,0.1549,0.0967,626.52,281.35,366.05,84.6,85.11,85.395,82.365,83.385,81.9075,63.8654,602.88,600.0,19.9135,560.93,529.64,14.1832
86.7,57.6,3.8266,57.5625,255.3525,318.5263,508.25,2.5862,5.2425,170.964,348.12,71.7776,707.84,18.8733,595.68,595.68,9.6198,65.7579,76.2205,2.5862,5.2425,11.1161,15.7149,9.0871,170.954,348.12,707.84,77.2277,32.67,7.476,4.781,12.091,83.67,53.501,14.5398,0.1595,0.1023,0.1055,0.1025,0.167,0.1055,0.1561,0.0975,626.0,281.25,365.95,84.57,85.125,85.41,82.32,83.4075,81.9,63.9138,602.4,600.0,19.909,561.17,529.85,14.1618
86.25,57.5625,4.1594,57.6,255.6,318.2852,507.8,2.5868,5.2275,170.964,348.0,71.7822,707.68,18.8906,595.74,595.74,9.624,65.7611,76.2355,2.5868,5.2275,11.1167,15.7154,9.0871,170.968,348.0,707.68,77.3383,32.685,7.532,4.813,12.097,82.494,52.775,14.5587,0.1607,0.1031,0.1062,0.1032,0.1682,0.1062,0.1574,0.0982,625.48,281.2,365.85,84.615,85.11,85.3725,82.335,83.43,81.9075,63.9643,601.92,600.0,19.9045,561.38,530.06,14.1505
86.9,57.5625,4.4953,57.525,254.88,318.6985,507.85,2.5872,5.21,170.9775,347.85,71.7877,707.44,18.9061,595.92,595.92,9.6272,65.7652,76.2505,2.5872,5.21,11.1135,15.7159,9.0855,170.968,347.85,707.44,77.4002,32.695,7.585,4.846,12.103,81.312,52.0545,14.5696,0.1618,0.1038,0.1069,0.1039,0.1694,0.1069,0.1586,0.099,625.0,281.1,365.75,84.6375,85.14,85.3425,82.305,83.4,81.9075,64.0204,601.41,600.0,19.9,561.59,530.27,14.1392
86.725,57.6,4.4953,57.525,254.655,318.1475,507.25,2.5878,5.1925,170.9505,347.73,71.793,707.28,18.9223,595.98,595.98,9.6318,65.7691,76.2642,2.5878,5.1925,11.1128,15.7164,9.0855,170.954,347.73,707.28,77.5139,32.71,7.637,4.88,12.108,80.124,51.3505,14.5807,0.163,0.1046,0.1076,0.1046,0.1707,0.1075,0.1598,0.0997,624.48,281.0,365.6,84.615,85.11,85.35,82.26,83.43,81.9375,64.0748,600.93,600.0,19.8955,561.8,530.45,14.1172
86.4,57.525,4.1984,57.5625,254.6325,317.3898,506.5,2.5882,5.1775,170.991,347.58,71.7991,707.04,18.9368,596.16,596.16,9.6355,65.7733,76.278,2.5882,5.1775,11.1121,15.7139,9.0849,170.982,347.58,707.04,77.5789,32.72,7.687,4.914,12.115,78.912,50.6355,14.5921,0.1642,0.1054,0.1082,0.1053,0.1719,0.1082,0.161,0.1004,623.96,280.9,365.5,84.5925,85.125,85.3875,82.26,83.415,81.9,64.1349,600.42,600.0,19.8909,562.01,530.66,14.1052
86.925,57.5625,3.5297,57.6,254.52,317.6309,505.85,2.5884,5.16,170.964,347.46,71.805,706.88,18.9521,596.22,596.22,9.6399,65.7777,76.292,2.5884,5.16,11.1152,15.7134,9.0843,170.968,347.46,706.88,77.6958,32.735,7.736,4.948,12.12,77.682,49.9205,14.6037,0.1654,0.1062,0.1089,0.106,0.1731,0.1089,0.1623,0.1012,623.44,280.85,365.4,84.6225,85.125,85.3725,82.2975,83.4225,81.8925,64.1971,599.91,600.0,19.8864,562.19,530.84,14.0932
86.15,57.525,3.5297,57.525,254.6325,317.2865,506.15,2.588,5.1425,170.991,347.34,71.8117,706.64,18.9678,596.22,596.22,9.6446,65.7824,76.308,2.588,5.1425,11.1151,15.7129,9.0821,170.996,347.34,706.64,77.7639,32.745,7.785,4.984,12.125,76.44,49.1945,14.6071,0.1666,0.1069,0.1096,0.1067,0.1744,0.1096,0.1635,0.1019,622.92,280.75,365.25,84.645,85.08,85.3575,82.2675,83.385,81.9375,64.2614,599.4,600.0,19.8819,562.4,531.05,14.0705
86.55,57.5625,4.0906,57.525,253.5525,317.2176,505.1,2.5882,5.1275,170.9775,347.19,71.8189,706.4,18.9828,596.28,596.28,9.6488,65.7873,76.3222,2.5882,5.1275,11.1154,15.7147,9.0816,170.968,347.19,706.4,77.8839,32.76,7.833,5.019,12.13,75.174,48.4575,14.619,0.1679,0.1077,0.1103,0.1075,0.1757,0.1103,0.1648,0.1027,622.36,280.65,365.15,84.6525,85.0575,85.3725,82.23,83.37,81.96,64.3277,598.89,600.0,19.8774,562.61,531.23,14.0578
86.725,57.6,3.7219,57.6375,253.44,316.0467,504.8,2.5884,5.11,170.991,347.04,71.8257,706.24,18.9983,596.28,596.28,9.6544,65.7925,76.3362,2.5884,5.11,11.1127,15.7149,9.081,170.996,347.04,706.24,77.9552,32.77,7.882,5.055,12.134,73.896,47.7095,14.6226,0.1691,0.1085,0.111,0.1082,0.177,0.111,0.1661,0.1035,621.84,280.55,365.0,84.6,85.08,85.3875,82.23,83.4,81.96,64.3998,598.35,600.0,19.8729,562.79,531.41,14.0345
86.7,57.6,4.0469,57.5625,253.9125,315.9434,504.4,2.5886,5.0925,171.0045,346.92,71.8322,706.16,19.0138,596.28,596.28,9.6591,65.7979,76.35,2.5886,5.0925,11.1113,15.7152,9.0799,170.996,346.92,706.16,78.0783,32.785,7.93,5.091,12.136,72.606,46.956,14.6262,0.1703,0.1093,0.1118,0.1089,0.1782,0.1118,0.1673,0.1042,621.28,280.45,364.85,84.5925,85.0875,85.3575,82.2225,83.385,81.96,64.4741,597.81,600.0,19.8837,562.97,531.59,14.0212
86.175,57.6,4.0469,57.6,253.0125,316.0467,504.05,2.5888,5.075,171.018,346.77,71.8401,705.92,19.0293,596.28,596.28,9.6645,65.8036,76.3635,2.5888,5.075,11.1104,15.7154,9.0794,171.024,346.77,705.92,78.1527,32.795,7.978,5.127,12.14,71.328,46.1915,14.6385,0.1715,0.1101,0.1125,0.1096,0.1795,0.1124,0.1686,0.105,620.72,280.3,364.75,84.6225,85.08,85.3125,82.245,83.445,81.9975,64.5543,597.24,600.0,19.8796,563.15,531.77,14.0078
86.175,57.525,4.4969,57.5625,253.53,315.3235,504.0,2.589,5.0575,171.0315,346.65,71.8471,705.84,19.0441,596.34,596.34,9.6702,65.8095,76.3767,2.589,5.0575,11.1132,15.7157,9.0788,171.024,346.65,705.84,78.2789,32.81,8.026,5.163,12.143,70.074,45.438,14.6423,0.1727,0.1109,0.1132,0.1103,0.1807,0.1131,0.1698,0.1057,620.12,280.2,364.6,84.5775,85.095,85.29,82.245,83.4975,81.99,64.6331,596.7,600.0,19.8756,563.33,531.95,13.9838
86.375,57.5625,4.4969,57.6,252.855,314.9791,503.2,2.5888,5.04,171.0315,346.5,71.8549,705.68,19.0593,596.34,596.34,9.6753,65.8156,76.3912,2.5888,5.04,11.1135,15.7129,9.0778,171.024,346.5,705.68,78.3564,32.82,8.072,5.199,12.145,68.844,44.701,14.6462,0.1739,0.1117,0.1138,0.111,0.182,0.1138,0.1711,0.1065,619.56,280.1,364.45,84.6075,85.095,85.2675,82.2075,83.52,82.0275,64.7178,596.13,600.0,19.8716,563.51,532.13,13.9698
86.5,57.6,3.5203,57.6,253.125,314.738,503.1,2.589,5.0225,171.0585,346.38,71.8623,705.6,19.0738,596.4,596.4,9.6813,65.8221,76.4045,2.589,5.0225,11.1139,15.7122,9.0772,171.052,346.38,705.6,78.4858,32.835,8.118,5.233,12.149,67.644,43.975,14.6501,0.175,0.1124,0.1145,0.1117,0.1832,0.1145,0.1723,0.1072,618.96,280.0,364.3,84.6225,85.14,85.305,82.2375,83.4675,82.065,64.8049,595.56,600.0,19.8676,563.69,532.28,13.9558
86.35,57.5625,3.5203,57.5625,252.8775,314.8413,502.75,2.5894,5.005,171.0855,346.23,71.8704,705.44,19.0881,596.46,596.46,9.6867,65.8287,76.4167,2.5894,5.005,11.1142,15.7114,9.0766,171.08,346.23,705.44,78.5664,32.845,8.163,5.267,12.151,66.462,43.2545,14.654,0.1762,0.1132,0.1152,0.1124,0.1843,0.1151,0.1734,0.1079,618.36,279.9,364.15,84.6,85.17,85.335,82.2,83.4225,82.095,64.898,594.96,600.0,19.8636,563.87,532.46,13.9312
86.55,57.6,3.9656,57.5625,251.865,314.6003,502.2,2.5896,4.99,171.099,346.11,71.8794,705.2,19.1021,596.52,596.52,9.6921,65.8349,76.4292,2.5896,4.99,11.1138,15.7129,9.0766,171.094,346.11,705.2,78.699,32.86,8.207,5.299,12.153,65.298,42.5505,14.6579,0.1773,0.1139,0.1158,0.1131,0.1855,0.1158,0.1746,0.1086,617.76,279.75,364.0,84.6,85.1775,85.29,82.185,83.3925,82.11,64.9897,594.39,600.0,19.8596,564.02,532.61,13.9165
86.225,57.6,3.9656,57.6,252.5625,314.7036,501.95,2.5894,4.9725,171.126,345.99,71.8869,705.2,19.1158,596.58,596.58,9.6983,65.8418,76.443,2.5894,4.9725,11.1138,15.7129,9.0761,171.122,345.99,705.2,78.7827,32.87,8.251,5.331,12.155,64.164,41.8575,14.6618,0.1784,0.1146,0.1165,0.1137,0.1866,0.1164,0.1757,0.1093,617.16,279.65,363.85,84.6,85.215,85.3275,82.2075,83.3925,82.095,65.0875,593.79,600.0,19.8555,564.2,532.76,13.8912
86.525,57.5625,4.1781,57.6,252.18,314.2214,501.55,2.5898,4.9575,171.1665,345.87,71.895,705.12,19.1293,596.64,596.64,9.7039,65.849,76.4547,2.5898,4.9575,11.1139,15.7129,9.0756,171.164,345.87,705.12,78.9183,32.885,8.294,5.362,12.156,63.054,41.1755,14.6657,0.1794,0.1153,0.1171,0.1144,0.1877,0.117,0.1768,0.1099,616.52,279.55,363.7,84.6375,85.155,85.365,82.23,83.43,82.1175,65.1878,593.19,600.0,19.8515,564.35,532.91,13.8758
86.05,57.6,4.2219,57.6,251.235,314.1526,500.75,2.5896,4.94,171.1935,345.75,71.9039,704.96,19.1426,596.7,596.7,9.7103,65.8564,76.4682,2.5896,4.94,11.114,15.7129,9.075,171.192,345.75,704.96,79.0052,32.895,8.336,5.392,12.158,61.968,40.5045,14.6696,0.1805,0.116,0.1177,0.115,0.1888,0.1177,0.1779,0.1106,615.92,279.45,363.55,84.615,85.1475,85.3875,82.26,83.46,82.155,65.2905,592.59,600.0,19.8475,564.5,533.06,13.8605
86.3,57.5625,3.8328,57.5625,251.685,313.4982,500.25,2.59,4.925,171.207,345.63,71.9118,704.96,19.1548,596.82,596.82,9.7163,65.8633,76.4797,2.59,4.925,11.1141,15.7129,9.075,171.206,345.63,704.96,79.1439,32.91,8.378,5.422,12.16,60.9,39.85,14.6735,0.1815,0.1167,0.1183,0.1156,0.1898,0.1183,0.1789,0.1112,615.28,279.3,363.4,84.57,85.1775,85.395,82.2675,83.4525,82.185,65.3955,591.99,600.0,19.8435,564.65,533.21,13.8345
86.175,57.6,3.8328,57.5625,250.92,313.5671,500.0,2.5898,4.91,171.2475,345.51,71.9196,704.96,19.1688,596.76,596.76,9.7229,65.8702,76.493,2.5898,4.91,11.1142,15.7129,9.0744,171.248,345.51,704.96,79.2339,32.92,8.419,5.451,12.162,59.856,39.1955,14.6773,0.1825,0.1173,0.1189,0.1162,0.1909,0.1189,0.1799,0.1119,614.64,279.2,363.25,84.615,85.2,85.38,82.2525,83.4375,82.1475,65.5068,591.36,600.0,19.8395,564.8,533.36,13.8185
86.8,57.6,4.0344,57.6,251.4825,313.877,500.25,2.5902,4.8925,171.261,345.39,71.9287,704.8,19.1816,596.82,596.82,9.7283,65.8772,76.5042,2.5902,4.8925,11.1142,15.7129,9.0744,171.262,345.39,704.8,79.3252,32.93,8.459,5.478,12.163,58.83,38.563,14.6812,0.1835,0.118,0.1195,0.1168,0.1919,0.1194,0.181,0.1125,614.04,279.1,363.1,84.6,85.14,85.365,82.29,83.4675,82.095,65.6169,590.76,600.0,19.8354,564.95,533.48,13.8025
86.95,57.5625,3.6922,57.5625,250.605,313.3605,499.55,2.5902,4.8775,171.3015,345.27,71.9369,704.8,19.1956,596.76,596.76,9.7343,65.8848,76.5165,2.5902,4.8775,11.1143,15.7129,9.0739,171.304,345.27,704.8,79.4683,32.945,8.498,5.506,12.165,57.828,37.936,14.6851,0.1844,0.1186,0.1201,0.1174,0.1929,0.1201,0.182,0.1131,613.4,278.95,362.95,84.6375,85.1625,85.32,82.32,83.4225,82.08,65.7294,590.16,600.0,19.8314,565.07,533.63,13.7758
86.9,57.6,3.6922,57.6,251.145,312.6028,499.25,2.5906,4.8625,171.342,345.18,71.9463,704.64,19.2076,596.88,596.88,9.7409,65.892,76.5272,2.5906,4.8625,11.1144,15.7129,9.0744,171.346,345.18,704.64,79.5627,32.955,8.537,5.532,12.167,56.844,37.3255,14.689,0.1854,0.1193,0.1206,0.118,0.1938,0.1206,0.1829,0.1137,612.76,278.85,362.8,84.5925,85.1325,85.365,82.335,83.4375,82.05,65.848,589.53,600.0,19.8274,565.22,533.75,13.7592
86.85,57.5625,4.475,57.5625,250.3575,312.5339,498.7,2.5906,4.8475,171.369,345.06,71.9546,704.64,19.2191,597.0,597.0,9.7471,65.8991,76.539,2.5906,4.8475,11.1145,15.7129,9.0739,171.36,345.06,704.64,79.6583,32.965,8.575,5.558,12.169,55.878,36.715,14.6929,0.1863,0.1199,0.1212,0.1186,0.1948,0.1212,0.1839,0.1143,612.12,278.75,362.65,84.5775,85.1475,85.3125,82.3725,83.4525,82.0275,65.9655,588.93,600.0,19.8234,565.34,533.87,13.7318
86.05,57.6375,4.0547,57.6,250.8975,312.6717,498.6,2.591,4.8325,171.4095,344.94,71.963,704.64,19.2301,597.12,597.12,9.7533,65.9071,76.5492,2.591,4.8325,11.1145,15.7129,9.0739,171.416,344.94,704.64,79.8058,32.98,8.613,5.584,12.171,54.936,36.121,14.6968,0.1872,0.1205,0.1217,0.1191,0.1958,0.1217,0.1848,0.1149,611.48,278.6,362.5,84.57,85.1775,85.32,82.3425,83.4675,81.9825,66.0891,588.3,600.0,19.8194,565.46,533.99,13.7145
86.6,57.6,4.0547,57.525,250.29,312.8439,498.4,2.591,4.8175,171.4365,344.85,71.9714,704.64,19.2421,597.12,597.12,9.7594,65.9145,76.5605,2.591,4.8175,11.1146,15.7129,9.0739,171.43,344.85,704.64,79.9045,32.99,8.65,5.609,12.172,54.012,35.5435,14.7093,0.1881,0.1211,0.1223,0.1197,0.1967,0.1222,0.1857,0.1155,610.84,278.5,362.3,84.5925,85.1475,85.3125,82.3725,83.46,81.9525,66.2153,587.67,600.0,19.8154,565.58,534.11,13.6972
86.7,57.5625,4.3406,57.525,249.9525,312.6717,498.0,2.591,4.805,171.4635,344.73,71.9804,704.56,19.2541,597.12,597.12,9.7656,65.9219,76.5717,2.591,4.805,11.1147,15.7129,9.0733,171.458,344.73,704.56,80.0046,33.0,8.686,5.633,12.174,53.112,34.9715,14.7135,0.189,0.1217,0.1228,0.1202,0.1976,0.1228,0.1866,0.116,610.2,278.35,362.15,84.6225,85.125,85.32,82.41,83.4375,81.975,66.3403,587.07,600.0,19.8266,565.7,534.23,13.6692
86.4,57.5625,4.3406,57.5625,249.9975,312.0518,498.25,2.591,4.79,171.504,344.64,71.9889,704.56,19.2646,597.24,597.24,9.7718,65.9293,76.583,2.591,4.79,11.1148,15.7129,9.0739,171.5,344.64,704.56,80.1058,33.01,8.721,5.656,12.176,52.23,34.4105,14.7176,0.1898,0.1223,0.1233,0.1208,0.1985,0.1233,0.1875,0.1166,609.56,278.25,362.0,84.675,85.155,85.2825,82.395,83.49,82.02,66.4714,586.44,600.0,19.8231,565.82,534.35,13.6512
86.85,57.525,4.1156,57.6,250.335,312.4306,497.65,2.5916,4.775,171.558,344.55,71.9974,704.56,19.2761,597.24,597.24,9.7787,65.9375,76.592,2.5916,4.775,11.1149,15.7129,9.0739,171.556,344.55,704.56,80.2083,33.02,8.756,5.679,12.178,51.366,33.855,14.7218,0.1906,0.1228,0.1238,0.1213,0.1994,0.1238,0.1884,0.1171,608.92,278.1,361.8,84.6525,85.1775,85.2825,82.335,83.535,81.99,66.6014,585.84,600.0,19.8196,565.91,534.44,13.6332
86.275,57.6375,3.6891,57.6,249.6825,311.5352,496.9,2.5916,4.7625,171.585,344.46,72.0053,704.64,19.2876,597.24,597.24,9.7843,65.9444,76.6025,2.5916,4.7625,11.1149,15.7129,9.0739,171.584,344.46,704.64,80.3627,33.035,8.79,5.701,12.18,50.52,33.3105,14.7173,0.1914,0.1234,0.1243,0.1218,0.2002,0.1243,0.1892,0.1177,608.24,278.0,361.65,84.645,85.14,85.2825,82.335,83.5275,82.02,66.7375,585.21,600.0,19.8161,566.03,534.56,13.6045
86.6,57.6,4.1453,57.6,250.155,311.7763,497.55,2.5918,4.7475,171.612,344.34,72.0143,704.56,19.2991,597.24,597.24,9.7905,65.9526,76.6122,2.5918,4.7475,11.115,15.7129,9.0739,171.612,344.34,704.56,80.4683,33.045,8.823,5.723,12.182,49.698,32.777,14.7212,0.1922,0.1239,0.1248,0.1223,0.201,0.1248,0.19,0.1182,607.6,277.85,361.5,84.675,85.0875,85.2525,82.3425,83.52,82.065,66.8762,584.58,600.0,19.8125,566.12,534.65,13.5858
86.85,57.6,4.1453,57.6,249.255,311.5352,496.75,2.5918,4.735,171.639,344.25,72.0228,704.56,19.3083,597.42,597.42,9.7967,65.9595,76.6225,2.5918,4.735,11.1151,15.7129,9.0739,171.64,344.25,704.56,80.5752,33.055,8.856,5.744,12.184,48.9,32.2545,14.7251,0.193,0.1245,0.1253,0.1228,0.2018,0.1253,0.1908,0.1187,606.96,277.75,361.3,84.69,85.1175,85.305,82.3575,83.475,82.02,67.0136,583.98,600.0,19.809,566.21,534.74,13.5565
86.0,57.5625,4.3594,57.6,249.84,310.9153,496.6,2.592,4.7225,171.6795,344.16,72.0306,704.64,19.3191,597.42,597.42,9.8028,65.9676,76.632,2.592,4.7225,11.1152,15.7129,9.0739,171.668,344.16,704.64,80.6833,33.065,8.888,5.764,12.184,48.12,31.754,14.7376,0.1937,0.125,0.1258,0.1233,0.2026,0.1258,0.1916,0.1192,606.32,277.6,361.15,84.6375,85.11,85.305,82.38,83.43,82.0575,67.1572,583.35,600.0,19.8055,566.3,534.83,13.5372
86.025,57.6,4.3594,57.5625,249.03,311.6041,496.45,2.5922,4.71,171.7065,344.07,72.0396,704.56,19.3291,597.48,597.48,9.809,65.9746,76.6412,2.5922,4.71,11.1122,15.7129,9.0744,171.71,344.07,704.56,80.7927,33.075,8.92,5.784,12.186,47.358,31.2645,14.7418,0.1945,0.1255,0.1262,0.1237,0.2034,0.1262,0.1924,0.1197,605.68,277.45,360.95,84.645,85.095,85.3425,82.3875,83.415,82.02,67.2997,582.75,600.0,19.802,566.39,534.92,13.5178
86.75,57.5625,3.5062,57.525,248.9175,311.0186,496.4,2.5922,4.695,171.7605,343.98,72.0481,704.56,19.3396,597.48,597.48,9.8152,65.9827,76.651,2.5922,4.695,11.1113,15.7129,9.0744,171.752,343.98,704.56,80.9033,33.085,8.95,5.803,12.188,46.614,30.7805,14.746,0.1952,0.126,0.1267,0.1242,0.2041,0.1266,0.1931,0.1201,605.04,277.35,360.8,84.6825,85.08,85.29,82.365,83.415,82.035,67.4445,582.15,600.0,19.7985,566.48,534.98,13.4878
86.875,57.6,3.5062,57.6,249.075,311.1564,496.3,2.5924,4.6825,171.801,343.89,72.056,704.64,19.3493,597.54,597.54,9.8213,65.9896,76.66,2.5924,4.6825,11.1104,15.7129,9.075,171.794,343.89,704.64,81.0152,33.095,8.98,5.821,12.191,45.894,30.302,14.7501,0.1959,0.1265,0.1271,0.1246,0.2048,0.1271,0.1938,0.1206,604.44,277.2,360.6,84.72,85.035,85.26,82.38,83.4225,81.99,67.5918,581.55,600.0,19.7949,566.57,535.07,13.4678
86.825,57.5625,3.5875,57.6,249.1875,310.4332,495.85,2.5926,4.6725,171.828,343.8,72.065,704.56,19.3588,597.6,597.6,9.8275,65.9978,76.6687,2.5926,4.6725,11.1125,15.7129,9.075,171.836,343.8,704.56,81.0777,33.1,9.01,5.839,12.193,45.192,29.8345,14.7543,0.1965,0.1269,0.1275,0.1251,0.2055,0.1275,0.1945,0.1211,603.8,277.1,360.45,84.705,85.05,85.2375,82.3875,83.4075,82.0125,67.7415,580.95,600.0,19.7914,566.63,535.16,13.4478
86.875,57.5625,4.4313,57.525,249.39,310.1577,495.3,2.5928,4.66,171.8685,343.74,72.0729,704.64,19.3681,597.66,597.66,9.8329,66.0047,76.6772,2.5928,4.66,11.1126,15.7129,9.0756,171.864,343.74,704.64,81.1914,33.11,9.039,5.856,12.195,44.508,29.3835,14.7585,0.1972,0.1274,0.128,0.1255,0.2062,0.1279,0.1952,0.1215,603.16,276.95,360.25,84.6825,85.05,85.2,82.38,83.4225,82.0275,67.8936,580.35,600.0,19.8032,566.69,535.22,13.4172
86.225,57.6,3.8094,57.6,248.895,310.5365,495.7,2.5926,4.6475,171.882,343.65,72.0806,704.72,19.3771,597.72,597.72,9.8388,66.0121,76.687,2.5926,4.6475,11.1126,15.7129,9.075,171.892,343.65,704.72,81.3064,33.12,9.067,5.873,12.197,43.848,28.938,14.7626,0.1978,0.1278,0.1284,0.1259,0.2069,0.1283,0.1958,0.1219,602.56,276.8,360.1,84.66,85.05,85.1925,82.3875,83.4375,82.0425,68.0481,579.75,600.0,19.8001,566.78,535.28,13.3965
86.2,57.5625,4.1797,57.525,248.94,310.1232,495.15,2.5928,4.635,171.9225,343.59,72.0883,704.8,19.3858,597.78,597.78,9.8448,66.0196,76.6955,2.5928,4.635,11.1127,15.7129,9.0756,171.92,343.59,704.8,81.4227,33.13,9.094,5.889,12.197,43.206,28.509,14.7668,0.1985,0.1283,0.1287,0.1263,0.2075,0.1287,0.1965,0.1224,601.92,276.7,359.95,84.6225,85.095,85.2,82.3575,83.46,82.05,68.2051,579.15,600.0,19.7971,566.84,535.34,13.3758
86.8,57.5625,4.1797,57.6,248.76,309.9854,494.65,2.593,4.625,171.9765,343.5,72.0964,704.8,19.3936,597.9,597.9,9.8507,66.027,76.7037,2.593,4.625,11.1128,15.7129,9.0761,171.962,343.5,704.8,81.4895,33.135,9.121,5.904,12.199,42.588,28.091,14.771,0.1991,0.1287,0.1291,0.1267,0.2081,0.1291,0.1971,0.1228,601.32,276.55,359.75,84.6075,85.0725,85.23,82.3575,83.49,81.9975,68.3608,578.58,600.0,19.7941,566.9,535.4,13.3445
86.125,57.525,4.1813,57.525,248.4675,310.2265,494.8,2.5934,4.615,171.99,343.44,72.1039,704.88,19.4016,597.96,597.96,9.8566,66.0336,76.711,2.5934,4.615,11.1129,15.7129,9.0766,171.99,343.44,704.88,81.6077,33.145,9.147,5.919,12.201,41.982,27.684,14.7751,0.1996,0.1291,0.1295,0.1271,0.2087,0.1294,0.1977,0.1232,600.72,276.45,359.6,84.6375,85.035,85.23,82.3425,83.5125,82.005,68.5225,577.98,600.0,19.791,566.96,535.46,13.3232
86.6,57.6375,4.4078,57.6,248.2425,310.3987,494.7,2.5938,4.6025,172.0305,343.35,72.1125,704.8,19.4086,598.08,598.08,9.8625,66.0416,76.7177,2.5938,4.6025,11.113,15.7129,9.0766,172.032,343.35,704.8,81.7271,33.155,9.172,5.934,12.203,41.4,27.288,14.7793,0.2002,0.1295,0.1299,0.1275,0.2093,0.1298,0.1983,0.1235,600.12,276.3,359.4,84.63,85.05,85.245,82.38,83.5575,82.035,68.6828,577.41,600.0,19.788,566.99,535.52,13.3018
86.075,57.525,4.3844,57.5625,248.5575,310.2954,493.8,2.5936,4.5925,172.0575,343.29,72.1194,704.96,19.4173,598.02,598.02,9.8677,66.0482,76.7262,2.5936,4.5925,11.113,15.7129,9.0772,172.06,343.29,704.96,81.7971,33.16,9.196,5.947,12.205,40.836,26.903,14.7835,0.2007,0.1299,0.1302,0.1278,0.2098,0.1302,0.1988,0.1239,599.52,276.15,359.25,84.6225,85.0125,85.2525,82.3875,83.5425,82.065,68.8417,576.87,600.0,19.785,567.05,535.55,13.2698
86.625,57.5625,4.2594,57.5625,247.9725,309.5033,494.6,2.5938,4.5825,172.1115,343.23,72.1279,704.88,19.4248,598.08,598.08,9.8733,66.0554,76.7335,2.5938,4.5825,11.1131,15.7129,9.0778,172.102,343.23,704.88,81.9183,33.17,9.22,5.96,12.207,40.296,26.529,14.7876,0.2013,0.1303,0.1306,0.1282,0.2104,0.1306,0.1994,0.1243,598.92,276.0,359.05,84.6075,85.02,85.2225,82.3425,83.4975,82.05,69.0066,576.3,600.0,19.7819,567.08,535.61,13.2478
86.525,57.525,4.0437,57.6,248.4,309.8477,494.1,2.5938,4.5725,172.152,343.14,72.1346,705.04,19.4328,598.08,598.08,9.8783,66.0618,76.7412,2.5938,4.5725,11.1139,15.7129,9.0778,172.158,343.14,705.04,81.9902,33.175,9.244,5.973,12.208,39.768,26.1715,14.7918,0.2018,0.1306,0.1309,0.1285,0.211,0.1309,0.1999,0.1246,598.36,275.9,358.85,84.5625,85.0275,85.215,82.3875,83.5125,82.005,69.17,575.76,600.0,19.7789,567.14,535.64,13.2258
86.325,57.5625,3.7469,57.525,248.535,309.7099,494.25,2.5942,4.5625,172.179,343.08,72.143,704.96,19.4393,598.2,598.2,9.8837,66.0687,76.7475,2.5942,4.5625,11.1143,15.7129,9.0783,172.186,343.08,704.96,82.1133,33.185,9.266,5.985,12.21,39.264,25.8195,14.796,0.2023,0.131,0.1312,0.1288,0.2114,0.1312,0.2004,0.125,597.76,275.7,358.65,84.57,85.0275,85.17,82.41,83.5275,81.9825,69.3355,575.22,600.0,19.7912,567.17,535.67,13.1932
86.525,57.525,3.5656,57.525,248.4225,309.7099,493.25,2.594,4.5525,172.206,343.02,72.1496,705.12,19.4476,598.14,598.14,9.8891,66.0757,76.7555,2.594,4.5525,11.1138,15.7129,9.0788,172.214,343.02,705.12,82.187,33.19,9.288,5.997,12.212,38.772,25.4785,14.8001,0.2027,0.1313,0.1315,0.1292,0.2119,0.1315,0.2009,0.1253,597.2,275.55,358.45,84.5925,85.02,85.2075,82.4325,83.5125,81.9525,69.5033,574.68,600.0,19.7886,567.2,535.73,13.1705
86.175,57.5625,3.9,57.5625,247.9275,309.8133,493.15,2.5944,4.545,172.2465,342.96,72.1573,705.12,19.4538,598.26,598.26,9.8945,66.0826,76.7615,2.5944,4.545,11.1139,15.7129,9.0794,172.242,342.96,705.12,82.2614,33.195,9.309,6.008,12.213,38.304,25.1485,14.8043,0.2032,0.1316,0.1318,0.1295,0.2124,0.1318,0.2014,0.1256,596.64,275.45,358.25,84.5475,85.005,85.185,82.41,83.49,81.9675,69.6732,574.14,600.0,19.7861,567.23,535.76,13.1478
86.85,57.6,3.9,57.5625,248.1975,309.5033,493.45,2.5944,4.535,172.2735,342.9,72.1636,705.28,19.4611,598.26,598.26,9.8999,66.0895,76.7685,2.5944,4.535,11.114,15.7129,9.0794,172.27,342.9,705.28,82.387,33.205,9.33,6.018,12.215,37.848,24.8295,14.8085,0.2036,0.132,0.1321,0.1298,0.2129,0.1321,0.2018,0.1259,596.12,275.25,358.1,84.5925,85.005,85.2075,82.4025,83.4825,81.9375,69.8416,573.63,600.0,19.7836,567.26,535.79,13.1145
86.175,57.6,3.95,57.6,248.3325,309.5722,493.5,2.5948,4.5275,172.3005,342.84,72.1716,705.2,19.4661,598.44,598.44,9.9046,66.0957,76.774,2.5948,4.5275,11.1141,15.7129,9.0805,172.298,342.84,705.2,82.4633,33.21,9.35,6.028,12.217,37.416,24.516,14.8126,0.204,0.1323,0.1324,0.1301,0.2133,0.1324,0.2022,0.1262,595.56,275.1,357.85,84.6,85.0425,85.245,82.3725,83.49,81.915,70.012,573.12,600.0,19.781,567.26,535.79,13.0912
86.325,57.6,3.5156,57.5625,248.13,309.1589,493.35,2.5948,4.52,172.341,342.81,72.1779,705.36,19.4726,598.44,598.44,9.9098,66.1023,76.7805,2.5948,4.52,11.1149,15.7129,9.081,172.34,342.81,705.36,82.5402,33.215,9.369,6.037,12.218,37.002,24.219,14.8168,0.2044,0.1326,0.1327,0.1303,0.2138,0.1326,0.2026,0.1265,595.04,274.95,357.65,84.5625,85.0725,85.275,82.3725,83.52,81.9675,70.1807,572.64,600.0,19.7785,567.29,535.82,13.0678
86.325,57.5625,3.9469,57.5625,247.41,308.539,493.3,2.5948,4.51,172.368,342.75,72.1851,705.36,19.4776,598.56,598.56,9.9149,66.109,76.787,2.5948,4.51,11.1152,15.7129,9.081,172.368,342.75,705.36,82.6177,33.22,9.388,6.046,12.22,36.606,23.933,14.821,0.2048,0.1328,0.1329,0.1306,0.2142,0.1329,0.203,0.1268,594.56,274.8,357.45,84.5775,85.1175,85.305,82.3875,83.475,81.975,70.3514,572.16,600.0,19.7759,567.32,535.85,13.0338
86.25,57.5625,4.4437,57.5625,247.14,308.6768,492.95,2.5948,4.5025,172.4085,342.69,72.1911,705.52,19.4828,598.62,598.62,9.9193,66.1149,76.7935,2.5948,4.5025,11.1148,15.7129,9.0816,172.41,342.69,705.52,82.7464,33.23,9.406,6.055,12.221,36.222,23.658,14.8251,0.2052,0.1331,0.1332,0.1309,0.2145,0.1331,0.2034,0.1271,594.04,274.65,357.25,84.615,85.095,85.275,82.4175,83.46,81.9975,70.524,571.68,600.0,19.7734,567.32,535.85,13.0098
86.95,57.5625,4.4437,57.6,247.365,308.7112,492.55,2.5954,4.495,166.995,342.66,72.1975,705.6,19.4886,598.62,568.8,9.9243,66.1206,76.7977,2.5954,4.495,11.1149,15.7129,9.0821,166.992,342.66,705.6,82.8258,33.235,9.423,6.063,12.223,35.856,23.3885,14.8293,0.2761,0.1375,0.1334,0.1311,0.2918,0.1334,0.2815,0.1273,593.56,274.5,357.05,84.6525,85.125,85.305,82.365,83.4675,82.035,70.6948,571.23,600.0,19.7861,567.32,535.88,12.9858
86.95,57.6,4.2125,57.6,247.365,308.2979,492.85,2.5986,3.8575,170.1135,342.9,72.1969,706.56,19.8671,568.8,585.72,10.0049,66.1237,76.7915,2.5986,4.5375,11.115,15.7167,9.0898,170.1,342.9,706.56,83.817,33.33,9.219,11.653,12.225,0.0,24.615,14.8335,0.2378,0.1535,0.1581,0.1537,0.2493,0.1581,0.2385,0.1464,584.96,274.3,356.85,84.6975,85.095,85.3125,82.3125,83.43,82.0575,71.788,563.43,600.0,19.7841,567.35,535.88,12.9512
86.9,57.6,3.6172,57.5625,247.725,309.2278,494.1,2.5616,3.8575,170.1135,337.74,72.2804,696.56,19.7856,585.72,585.72,9.9916,66.1657,76.932,2.5616,3.8575,11.0993,15.6962,9.0068,170.1,337.74,696.56,83.9596,33.34,10.255,7.092,12.228,0.006,3.594,14.8462,0.1689,0.1535,0.1581,0.1537,0.2493,0.1581,0.2385,0.1524,576.04,274.15,356.6,84.675,85.14,85.3425,82.3125,83.4225,82.095,73.0105,554.85,600.0,19.782,567.32,535.88,12.9265
86.925,57.5625,4.3641,57.5625,248.0175,309.6755,494.3,2.5512,3.6125,170.3565,337.56,72.3239,693.68,19.8308,586.86,599.28,10.0043,66.1928,77.019,2.5512,3.6125,11.0724,15.6647,8.9837,170.352,337.56,693.68,82.9389,33.235,10.473,1.276,12.21,0.348,-3.501,14.7129,0.1519,0.1537,0.159,0.1565,0.2467,0.159,0.2359,0.1524,567.6,274.0,356.4,84.6525,85.17,85.3425,82.3125,83.475,82.11,74.2112,546.72,600.0,19.7953,567.26,535.85,12.8912
86.825,57.5625,4.3641,57.525,248.2875,309.8477,494.5,2.5516,3.635,171.828,337.89,72.3469,694.0,19.7303,599.28,599.28,10.0069,66.2128,77.0785,2.5516,3.635,11.054,15.6412,8.9853,171.822,337.89,694.0,80.9939,33.04,10.473,0.0,12.166,1.128,-3.501,14.4029,0.1519,0.1519,0.1573,0.1553,0.2443,0.1573,0.2333,0.1519,567.6,273.85,356.2,84.615,85.1625,85.3575,82.3425,83.4675,82.095,75.3471,539.37,600.0,19.7937,567.2,535.79,12.8658
86.2,57.6,4.1547,57.6,248.535,310.7775,495.0,2.5706,3.7475,171.8685,338.52,72.3425,697.76,19.7446,598.38,598.38,10.0146,66.2227,77.0677,2.5706,3.7475,11.0508,15.6357,9.0178,171.864,338.52,697.76,79.0245,32.845,10.552,0.0,12.114,3.57,-2.566,14.0398,0.1763,0.1492,0.1497,0.1523,0.2406,0.1542,0.2214,0.1447,559.96,273.7,355.95,84.6225,85.155,85.3125,82.3575,83.4375,82.0875,76.2721,533.94,600.0,19.7922,567.17,535.76,12.8298
86.725,57.6,4.3312,57.525,249.525,310.8464,495.95,2.5874,3.9225,172.6245,339.42,72.3348,701.2,19.6951,602.88,602.88,10.0153,66.2291,77.0415,2.5874,3.9225,11.0619,15.6469,9.0486,172.62,339.42,701.2,78.2458,32.77,10.52,2.448,12.031,10.722,1.3005,13.7257,0.1976,0.1419,0.1426,0.1405,0.2326,0.1497,0.206,0.1372,554.28,273.5,355.75,84.615,85.1025,85.2675,82.3725,83.415,82.095,76.8434,531.51,600.0,19.7906,566.99,535.73,12.8038
86.125,57.5625,4.1781,57.5625,249.5025,310.8809,496.25,2.6072,4.1875,173.5965,340.83,72.3141,705.6,19.6471,605.76,605.76,10.0062,66.226,76.983,2.6072,4.1875,11.0802,15.6619,9.0887,173.586,340.83,705.6,78.0146,32.75,10.124,4.682,11.922,25.722,8.632,13.514,0.1811,0.1305,0.1321,0.1299,0.1956,0.1426,0.1842,0.1262,551.76,273.35,355.55,84.5925,85.1475,85.2525,82.335,83.4225,82.08,76.9548,532.83,600.0,19.8043,566.78,535.55,12.7672
86.3,57.5625,3.9312,57.525,249.345,311.4319,496.25,2.6264,4.5275,175.23,342.9,72.2791,710.96,19.5158,614.34,614.34,9.9858,66.2129,76.902,2.6264,4.5275,11.0945,15.6777,9.1339,175.224,342.9,710.96,77.7808,32.73,9.667,4.257,11.819,47.79,19.863,13.4257,0.1623,0.1167,0.1196,0.117,0.1719,0.1321,0.1603,0.1129,553.12,273.2,355.3,84.5475,85.1175,85.23,82.32,83.445,82.08,76.6363,537.54,600.0,19.8033,566.57,535.37,12.7405
86.325,57.5625,3.9547,57.525,249.4125,310.8464,495.55,2.6478,4.885,176.796,345.39,72.2289,717.2,19.3623,621.84,621.84,9.9568,66.1898,76.7887,2.6478,4.885,11.1049,15.6899,9.1855,176.792,345.39,717.2,77.5952,32.715,9.062,3.836,11.746,72.318,33.668,13.4476,0.1435,0.1028,0.1067,0.1039,0.1506,0.1195,0.1387,0.0994,558.04,273.0,355.1,84.54,85.1475,85.245,82.29,83.445,82.1025,76.0282,544.41,600.0,19.8022,566.42,535.16,12.7032
86.0,57.5625,4.0172,57.5625,248.67,310.261,494.85,2.6658,5.2,178.0785,347.88,72.1714,723.12,19.1918,628.2,628.2,9.9252,66.1588,76.6615,2.6658,5.2,11.1079,15.6997,9.2334,178.08,347.88,723.12,77.3571,32.695,8.392,3.425,11.709,94.722,47.7975,13.549,0.1256,0.0899,0.0948,0.0918,0.132,0.1066,0.12,0.0869,565.2,272.8,354.85,84.5625,85.095,85.2225,82.2525,83.49,82.125,75.2946,552.06,600.0,19.8011,566.3,535.01,12.6758
86.475,57.525,4.325,57.5625,248.04,309.6411,494.65,2.6796,5.4625,178.929,350.22,72.1121,728.08,19.0421,630.78,630.78,9.8906,66.1234,76.5275,2.6796,5.4625,11.113,15.7062,9.2719,178.92,350.22,728.08,77.1164,32.675,7.712,3.004,11.711,114.306,60.9645,13.7065,0.1119,0.0793,0.0849,0.0817,0.132,0.0947,0.1059,0.0766,581.4,272.65,354.6,84.615,85.08,85.23,82.245,83.4975,82.11,74.4963,559.98,600.0,19.8001,566.21,534.89,12.6378
86.325,57.5625,4.3469,57.525,248.4,309.4344,493.65,2.6856,5.6625,179.3475,352.14,72.057,731.52,18.9138,630.78,630.78,9.8578,66.0866,76.4055,2.6856,5.6625,11.1153,15.7127,9.2961,179.34,352.14,731.52,76.8227,32.65,7.098,2.736,11.74,129.234,71.8655,13.8701,0.1021,0.0714,0.0773,0.0741,0.1179,0.0848,0.0959,0.0688,581.4,272.45,354.4,84.6,85.125,85.2225,82.2525,83.475,82.1175,73.696,567.66,600.0,19.799,566.15,534.83,12.6098
86.9,57.6,3.4562,57.6,247.5675,309.2622,492.75,2.686,5.805,179.4015,353.58,72.0078,733.52,18.8118,628.68,628.68,9.8252,66.05,76.297,2.686,5.805,11.1179,15.7157,9.3082,179.396,353.58,733.52,76.5764,32.63,6.586,2.736,11.788,132.0,80.1155,14.0226,0.0958,0.0659,0.072,0.0688,0.1079,0.0773,0.0895,0.0634,589.36,272.3,354.15,84.57,85.1625,85.2375,82.2675,83.475,82.11,72.9361,574.77,600.0,19.798,566.15,534.77,12.5818
86.9,57.5625,4.4125,57.525,246.8025,308.1602,491.6,2.6812,5.9,179.2125,354.57,71.9654,734.24,18.7261,625.98,625.98,9.7953,66.0147,76.2075,2.6812,5.9,11.119,15.7164,9.3093,179.214,354.57,734.24,76.3783,32.615,6.186,2.584,11.845,132.0,85.8575,14.129,0.0958,0.0659,0.072,0.0688,0.1014,0.072,0.0895,0.06,596.76,272.1,353.9,84.6075,85.1475,85.2525,82.275,83.49,82.065,72.2415,581.13,600.0,19.7969,566.15,534.77,12.5432
86.325,57.5625,3.6312,57.5625,246.5325,307.4714,490.2,2.6744,5.96,178.8615,355.2,71.9288,734.08,18.6561,622.92,622.92,9.7675,65.9813,76.1315,2.6744,5.96,11.1168,15.7162,9.3038,178.85,355.2,734.08,76.1783,32.6,5.896,2.514,11.899,132.0,89.449,14.2135,0.0923,0.0625,0.0687,0.0654,0.0979,0.0687,0.086,0.06,603.4,271.9,353.65,84.6,85.1475,85.2225,82.2525,83.4525,82.08,71.6188,586.71,600.0,19.7958,566.21,534.77,12.5145
86.425,57.6,3.6312,57.6,246.24,307.2992,490.05,2.6662,5.9925,178.4295,355.59,71.8955,733.52,18.5958,620.1,620.1,9.7417,65.9498,76.0692,2.6662,5.9925,11.1167,15.7144,9.2944,178.43,355.59,733.52,75.9764,32.585,5.683,2.506,11.947,132.0,91.0,14.2751,0.0908,0.0605,0.0668,0.0635,0.0964,0.0668,0.0845,0.058,609.16,271.75,353.4,84.645,85.1475,85.185,82.29,83.4525,82.0875,71.0751,591.48,600.0,19.7948,566.27,534.8,12.4752
86.775,57.525,3.8328,57.525,245.79,306.1283,488.8,2.6586,6.01,177.93,355.74,71.8644,732.8,18.5466,617.34,617.34,9.7176,65.9207,76.015,2.6586,6.01,11.116,15.7134,9.2829,177.926,355.74,732.8,75.8233,32.575,5.683,2.547,11.981,132.0,91.0,14.3132,0.0907,0.0596,0.0659,0.0625,0.0963,0.0659,0.0845,0.0569,614.16,271.55,353.15,84.6375,85.1625,85.2225,82.29,83.475,82.1025,70.5984,595.56,600.0,19.7937,566.33,534.86,12.4458
86.45,57.525,4.0812,57.6,244.9575,305.715,487.9,2.651,6.0125,177.4035,355.77,71.8375,731.68,18.5088,614.58,614.58,9.6963,65.8926,75.9702,2.651,6.0125,11.1148,15.7124,9.2708,177.408,355.77,731.68,75.7196,32.57,5.535,2.619,12.008,132.0,91.0,14.344,0.0918,0.0595,0.0659,0.0624,0.0974,0.0658,0.0857,0.0568,618.4,271.35,352.9,84.6675,85.1625,85.275,82.2825,83.475,82.0725,70.1843,599.01,600.0,19.7926,566.45,534.95,12.4165
86.75,57.6,3.4375,57.525,244.5075,304.6129,486.8,2.6434,6.0025,176.85,355.62,71.813,730.48,18.4818,611.88,611.88,9.6767,65.8678,75.935,2.6434,6.0025,11.1131,15.7139,9.257,176.848,355.62,730.48,75.6152,32.565,5.445,2.713,12.028,132.0,91.0,14.3673,0.0938,0.0602,0.0666,0.0631,0.0995,0.0666,0.0879,0.0574,621.96,271.2,352.7,84.615,85.1625,85.2975,82.305,83.46,82.035,69.8275,601.89,600.0,19.7916,566.54,535.04,12.3765
86.175,57.6,3.4375,57.5625,243.45,304.4408,485.55,2.6358,5.9825,176.283,355.38,71.7935,728.88,18.4646,609.3,609.3,9.6596,65.8447,75.9092,2.6358,5.9825,11.111,15.7129,9.2428,176.288,355.38,728.88,75.5102,32.56,5.403,2.825,12.039,132.0,91.0,14.3915,0.0965,0.0615,0.0678,0.0643,0.1023,0.0678,0.0908,0.0585,624.96,271.0,352.45,84.57,85.2,85.2675,82.29,83.4975,82.065,69.5231,604.26,600.0,19.7905,566.69,535.13,12.3465
86.175,57.6,4.1125,57.6,242.9775,303.2698,484.4,2.629,5.9575,175.7565,355.08,71.7753,727.44,18.4566,606.84,606.84,9.6445,65.8241,75.89,2.629,5.9575,11.1128,15.7114,9.229,175.756,355.08,727.44,75.4552,32.56,5.401,2.949,12.048,132.0,89.856,14.3993,0.0998,0.0632,0.0694,0.0659,0.1058,0.0694,0.0942,0.0601,627.4,270.85,352.2,84.5325,85.2375,85.2225,82.2375,83.475,82.08,69.2654,606.18,600.0,19.7895,566.84,535.28,12.3058
86.35,57.5625,3.6078,57.6,242.5275,302.9943,483.0,2.6216,5.925,175.2165,354.69,71.7612,725.76,18.4551,604.68,604.68,9.6314,65.8063,75.8815,2.6216,5.925,11.1119,15.7102,9.2136,175.21,354.69,725.76,75.4002,32.56,5.432,3.081,12.054,132.0,87.931,14.4073,0.1035,0.0653,0.0714,0.0679,0.1095,0.0714,0.0981,0.062,629.4,270.65,351.95,84.525,85.215,85.2,82.29,83.49,82.0575,69.0488,607.71,600.0,19.7884,566.99,535.4,12.2752
86.0,57.5625,4.3625,57.6,242.145,302.03,482.6,2.6134,5.8875,174.4875,354.3,71.7522,723.76,18.4626,602.52,602.52,9.6226,65.7929,75.8852,2.6134,5.8875,11.1107,15.7087,9.1949,174.482,354.3,723.76,75.3958,32.565,5.489,3.218,12.059,132.0,85.764,14.4071,0.1075,0.0676,0.0736,0.0701,0.1135,0.0735,0.1022,0.0642,631.0,270.45,351.75,84.5325,85.155,85.1625,82.305,83.4825,82.0725,68.8673,608.91,600.0,19.7873,567.14,535.55,12.2445
86.925,57.5625,4.3625,57.6,241.515,301.8578,481.65,2.6096,5.845,174.2175,353.85,71.7394,722.64,18.4701,601.08,601.08,9.612,65.7773,75.8827,2.6096,5.845,11.1093,15.7069,9.1861,174.216,353.85,722.64,75.3921,32.57,5.568,3.355,12.061,130.866,83.4155,14.4068,0.1116,0.07,0.0759,0.0724,0.1178,0.0759,0.1065,0.0666,632.24,270.25,351.4,84.555,85.14,85.1925,82.335,83.4975,82.11,68.7186,609.81,600.0,19.7863,567.32,535.7,12.2032
86.9,57.525,3.7344,57.5625,241.1325,301.2035,480.65,2.605,5.8025,173.7585,353.37,71.7315,721.12,18.4836,599.64,599.64,9.6034,65.7652,75.888,2.605,5.8025,11.1084,15.7057,9.174,173.754,353.37,721.12,75.3889,32.575,5.663,3.492,12.059,126.528,80.979,14.4065,0.1157,0.0726,0.0784,0.0748,0.122,0.0783,0.1108,0.069,633.2,270.05,351.2,84.525,85.1625,85.17,82.305,83.4975,82.11,68.5963,610.47,600.0,19.77,567.5,535.88,12.1718
86.55,57.6,4.2594,57.5625,241.2675,300.8591,479.1,2.601,5.7575,173.259,352.89,71.7292,719.2,18.4971,598.68,598.68,9.5986,65.7567,75.8967,2.601,5.7575,11.1104,15.7067,9.1602,173.25,352.89,719.2,75.4371,32.585,5.771,3.624,12.057,122.262,78.515,14.4062,0.1198,0.0752,0.0808,0.0773,0.1262,0.0808,0.115,0.0715,633.88,269.85,350.95,84.525,85.1325,85.185,82.29,83.5275,82.08,68.4976,610.92,600.0,19.7684,567.71,536.06,12.1298
86.025,57.5625,3.8422,57.6,240.5925,299.6193,478.4,2.5968,5.7125,172.989,352.44,71.7235,718.08,18.5198,597.3,597.3,9.593,65.7476,75.9112,2.5968,5.7125,11.1105,15.7062,9.1509,172.984,352.44,718.08,75.4864,32.595,5.888,3.749,12.055,118.11,76.062,14.406,0.1238,0.0778,0.0832,0.0797,0.1303,0.0832,0.1191,0.0739,634.36,269.65,350.65,84.54,85.155,85.2225,82.3275,83.55,82.11,68.4234,611.16,600.0,19.7669,567.89,536.24,12.0978
86.675,57.5625,3.3937,57.5625,240.6375,299.3094,477.85,2.5932,5.6675,172.665,351.99,71.7209,716.8,18.5446,596.22,596.22,9.5894,65.7407,75.9287,2.5932,5.6675,11.1106,15.7057,9.141,172.662,351.99,716.8,75.5371,32.605,6.009,3.867,12.053,114.09,73.6035,14.4057,0.1276,0.0804,0.0856,0.0821,0.1342,0.0856,0.1231,0.0764,634.6,269.5,350.4,84.54,85.11,85.2075,82.365,83.505,82.065,68.3633,611.28,600.0,19.7653,568.1,536.42,12.0552
86.05,57.6,3.3937,57.6,239.895,298.6895,477.45,2.5904,5.6225,172.368,351.54,71.7197,715.6,18.5701,595.44,595.44,9.5866,65.7357,75.9477,2.5904,5.6225,11.1077,15.7059,9.1316,172.368,351.54,715.6,75.5889,32.615,6.137,3.976,12.051,110.262,73.6035,14.4054,0.1313,0.0828,0.0879,0.0844,0.138,0.0878,0.127,0.0788,634.72,269.3,350.15,84.51,85.1025,85.2075,82.32,83.5425,82.065,68.3252,611.22,600.0,19.7638,568.31,536.6,12.0225
86.05,57.6,3.3937,57.6,239.895,298.6895,477.45,2.5904,5.6225,172.368,351.54,71.7109,715.6,18.5891,595.44,595.44,9.5813,65.7271,75.9597,2.5904,5.6225,11.1068,15.7057,9.1316,172.368,351.54,715.6,75.5408,32.615,6.392,3.976,12.051,110.262,69.0,14.4137,0.138,0.0874,0.0919,0.0844,0.138,0.0878,0.1339,0.0831,634.72,269.3,350.15,84.51,85.1025,85.2075,82.32,83.5425,82.065,68.2799,611.22,600.0,19.7622,568.31,536.6,11.9898
86.275,57.6,3.6469,57.6,238.545,297.9662,475.05,2.586,5.5375,171.882,350.76,71.719,713.44,18.6193,594.54,594.54,9.5834,65.7275,75.9882,2.586,5.5375,11.1058,15.7054,9.1163,171.878,350.76,713.44,75.6952,32.635,6.392,4.171,12.049,103.398,66.921,14.4137,0.138,0.0874,0.0919,0.0886,0.1449,0.0919,0.1339,0.0831,634.52,268.95,349.7,84.5925,85.14,85.2075,82.3125,83.445,82.1025,68.2834,610.83,600.0,19.7607,568.7,536.99,11.9465
86.35,57.5625,4.2969,57.6,238.365,297.7252,474.75,2.5848,5.5,171.7065,350.4,71.7224,712.32,18.6436,594.42,594.42,9.5836,65.7257,76.0102,2.5848,5.5,11.1087,15.7059,9.1102,171.696,350.4,712.32,75.7508,32.645,6.514,4.256,12.048,100.404,65.0125,14.4223,0.1409,0.0894,0.0938,0.0905,0.1478,0.0938,0.1369,0.0851,634.24,268.75,349.45,84.57,85.17,85.1925,82.29,83.4675,82.08,68.281,610.5,600.0,19.7591,568.91,537.17,11.9132
86.85,57.5625,4.2969,57.6,237.8475,297.0708,474.2,2.583,5.465,171.477,350.1,71.7263,711.36,18.6721,594.0,594.0,9.5848,65.7258,76.036,2.583,5.465,11.1097,15.7059,9.1031,171.472,350.1,711.36,75.8583,32.66,6.631,4.332,12.049,97.722,63.291,14.4312,0.1435,0.0912,0.0954,0.0922,0.1506,0.0954,0.1396,0.0868,633.92,268.55,349.2,84.57,85.2075,85.2225,82.26,83.475,82.035,68.2874,610.11,600.0,19.7728,569.12,537.35,11.8692
86.65,57.6,4.3266,57.5625,238.4325,296.4854,473.85,2.5834,5.4325,171.4095,349.8,71.7285,710.8,18.6956,594.12,594.12,9.5862,65.726,76.0557,2.5834,5.4325,11.1103,15.7067,9.1003,171.402,349.8,710.8,75.917,32.67,6.741,4.399,12.05,95.322,61.7345,14.449,0.1459,0.0929,0.0969,0.0937,0.153,0.0969,0.142,0.0884,633.52,268.4,348.95,84.615,85.1475,85.2375,82.275,83.5275,82.0125,68.2992,609.69,600.0,19.7717,569.3,537.56,11.8352
86.8,57.5625,4.3078,57.525,237.6,296.7609,472.5,2.586,5.4025,171.369,349.53,71.7304,710.4,18.7081,595.08,595.08,9.5876,65.7264,76.0667,2.586,5.4025,11.1117,15.7069,9.0997,171.374,349.53,710.4,75.9771,32.68,6.844,4.459,12.053,93.144,60.299,14.4587,0.148,0.0944,0.0983,0.0951,0.1552,0.0982,0.1442,0.0899,633.08,268.15,348.7,84.6525,85.11,85.1925,82.2375,83.5725,82.0275,68.3202,609.21,600.0,19.7707,569.51,537.74,11.7905
86.075,57.6,3.85,57.6,237.3525,296.382,471.8,2.5836,5.375,171.2475,349.29,71.7348,709.76,18.7368,594.42,594.42,9.5903,65.7276,76.0932,2.5836,5.375,11.1125,15.7072,9.0948,171.234,349.29,709.76,76.0889,32.695,6.941,4.512,12.06,91.206,59.0395,14.4687,0.15,0.0957,0.0995,0.0963,0.1571,0.0994,0.1462,0.0912,632.56,267.95,348.4,84.6825,85.155,85.2375,82.2525,83.5725,82.035,68.3431,608.73,600.0,19.7696,569.69,537.92,11.7558
86.9,57.525,3.85,57.5625,236.5425,295.28,471.2,2.5838,5.3525,171.1935,349.08,71.7389,709.28,18.7578,594.6,594.6,9.5922,65.7295,76.113,2.5838,5.3525,11.1103,15.7082,9.0926,171.192,349.08,709.28,76.152,32.705,7.031,4.56,12.062,89.478,57.923,14.479,0.1517,0.0969,0.1006,0.0975,0.159,0.1006,0.148,0.0923,632.08,267.75,348.1,84.645,85.1625,85.26,82.2225,83.58,82.0575,68.3717,608.22,600.0,19.7686,569.9,538.1,11.7105
86.525,57.6,3.9266,57.6375,236.9925,295.2111,471.05,2.583,5.33,171.126,348.9,71.7432,708.88,18.7833,594.36,594.36,9.5951,65.7314,76.1362,2.583,5.33,11.1101,15.7087,9.0898,171.122,348.9,708.88,76.267,32.72,7.113,4.603,12.066,87.918,57.923,14.4982,0.1532,0.098,0.1016,0.0985,0.1605,0.1015,0.1496,0.0934,631.52,267.55,347.9,84.6,85.155,85.215,82.215,83.5425,82.035,68.4023,607.71,600.0,19.7675,570.08,538.28,11.6752
86.125,57.6,3.6625,57.525,236.475,295.0045,470.55,2.584,5.31,171.126,348.72,71.748,708.48,18.8016,594.78,594.78,9.5978,65.7338,76.1537,2.584,5.31,11.11,15.7092,9.0882,171.122,348.72,708.48,76.3333,32.73,7.189,4.643,12.071,86.49,56.922,14.5093,0.1547,0.099,0.1024,0.0994,0.162,0.1024,0.1511,0.0943,631.0,267.4,347.65,84.615,85.1475,85.2375,82.245,83.5125,82.0425,68.4388,607.17,600.0,19.7664,570.29,538.46,11.6398
86.7,57.6,4.0938,57.525,236.2275,294.1779,469.15,2.5844,5.29,171.1125,348.57,71.7523,708.24,18.8211,594.96,594.96,9.6007,65.7367,76.1722,2.5844,5.29,11.1098,15.7097,9.0871,171.122,348.57,708.24,76.4008,32.74,7.258,4.679,12.076,85.164,56.0145,14.5293,0.156,0.0999,0.1033,0.1002,0.1634,0.1032,0.1524,0.0952,630.48,267.2,347.4,84.6075,85.125,85.23,82.215,83.52,82.0425,68.4737,606.66,600.0,19.7654,570.47,538.64,11.5938
86.175,57.6,4.0938,57.6,235.8675,294.0402,468.55,2.5856,5.2725,171.099,348.42,71.7569,708.0,18.8383,595.26,595.26,9.6038,65.7394,76.1872,2.5856,5.2725,11.1096,15.7102,9.0871,171.094,348.42,708.0,76.5202,32.755,7.323,4.714,12.083,83.904,55.173,14.5412,0.1572,0.1008,0.104,0.101,0.1646,0.104,0.1537,0.096,629.92,267.0,347.1,84.615,85.1025,85.245,82.2225,83.52,81.99,68.5145,606.12,600.0,19.7643,570.65,538.82,11.5578
86.025,57.5625,4.2328,57.5625,235.6425,293.3514,468.05,2.5858,5.2575,171.099,348.27,71.7619,707.76,18.8551,595.5,595.5,9.6073,65.7431,76.2045,2.5858,5.2575,11.1125,15.7107,9.086,171.108,348.27,707.76,76.5908,32.765,7.383,4.747,12.087,82.686,54.392,14.5535,0.1584,0.1016,0.1047,0.1017,0.1658,0.1047,0.155,0.0968,629.36,266.8,346.85,84.5625,85.0875,85.2,82.275,83.55,81.9375,68.5536,605.61,600.0,19.7633,570.83,539.0,11.5112
86.6,57.5625,4.2234,57.5625,235.395,293.4892,467.5,2.5866,5.24,171.1125,348.15,71.7673,707.52,18.8716,595.68,595.68,9.6109,65.7465,76.2192,2.5866,5.24,11.1133,15.7112,9.0855,171.108,348.15,707.52,76.7133,32.78,7.44,4.78,12.094,81.486,53.6385,14.566,0.1596,0.1024,0.1054,0.1024,0.167,0.1054,0.1561,0.0975,628.84,266.6,346.6,84.5175,85.08,85.2075,82.245,83.52,81.99,68.5948,605.1,600.0,19.7622,571.01,539.15,11.4745
86.3,57.5625,3.5547,57.525,235.2825,293.1448,466.9,2.5868,5.225,171.126,348.0,71.7724,707.36,18.8888,595.74,595.74,9.6148,65.7509,76.2352,2.5868,5.225,11.1141,15.7087,9.0843,171.122,348.0,707.36,76.7871,32.79,7.494,4.812,12.099,80.292,52.907,14.5701,0.1608,0.1031,0.1061,0.1031,0.1683,0.1061,0.1574,0.0983,628.28,266.4,346.35,84.5175,85.08,85.2525,82.26,83.49,81.975,68.6419,604.56,600.0,19.7611,571.16,539.33,11.4272
86.425,57.6,3.5547,57.5625,234.2475,292.5249,466.4,2.587,5.2075,171.126,347.88,71.7784,707.12,18.9043,595.92,595.92,9.619,65.7551,76.251,2.587,5.2075,11.1112,15.7082,9.0838,171.122,347.88,707.12,76.9127,32.805,7.546,4.845,12.103,79.086,52.192,14.5829,0.1619,0.1039,0.1068,0.1038,0.1695,0.1067,0.1586,0.099,627.76,266.2,346.05,84.5475,85.0275,85.2525,82.26,83.5125,82.005,68.6873,604.05,600.0,19.7601,571.34,539.48,11.3898
86.0,57.5625,4.0594,57.6,234.1575,292.1805,465.85,2.5874,5.1925,171.1125,347.76,71.7842,706.96,18.9206,595.98,595.98,9.6234,65.7595,76.2657,2.5874,5.1925,11.1108,15.7077,9.0833,171.108,347.76,706.96,76.9895,32.815,7.596,4.879,12.108,77.856,51.4715,14.5873,0.1631,0.1047,0.1074,0.1045,0.1707,0.1074,0.1598,0.0998,627.2,266.0,345.8,84.525,84.99,85.215,82.2375,83.505,81.9675,68.7348,603.54,600.0,19.759,571.49,539.66,11.3418
86.025,57.6,4.0594,57.525,234.0225,291.8017,465.2,2.588,5.175,171.1125,347.61,71.7908,706.72,18.9373,595.98,595.98,9.6281,65.7634,76.2792,2.588,5.175,11.1103,15.7094,9.0833,171.108,347.61,706.72,77.0677,32.825,7.646,4.913,12.111,76.614,50.751,14.6004,0.1643,0.1054,0.1081,0.1053,0.1719,0.1081,0.161,0.1005,626.68,265.8,345.55,84.5625,84.9675,85.185,82.2375,83.505,82.0125,68.7882,603.0,600.0,19.758,571.67,539.81,11.3038
86.55,57.6,3.7719,57.6,233.37,292.1116,465.4,2.5882,5.16,171.1125,347.49,71.7972,706.56,18.9533,596.04,596.04,9.633,65.7681,76.2935,2.5882,5.16,11.1099,15.7097,9.0821,171.122,347.49,706.56,77.1977,32.84,7.695,4.949,12.115,75.342,50.014,14.6051,0.1655,0.1062,0.1088,0.106,0.1732,0.1088,0.1623,0.1013,626.12,265.6,345.25,84.5925,84.99,85.1625,82.26,83.5275,82.035,68.8437,602.46,600.0,19.7569,571.82,539.96,11.2552
86.375,57.525,3.4078,57.6,233.9775,290.9062,464.7,2.5884,5.1425,171.1395,347.34,71.8044,706.32,18.9676,596.22,596.22,9.6374,65.7738,76.3075,2.5884,5.1425,11.1095,15.7099,9.081,171.136,347.34,706.32,77.2789,32.85,7.744,4.984,12.118,74.04,49.2715,14.6098,0.1667,0.107,0.1096,0.1067,0.1745,0.1095,0.1636,0.102,625.56,265.35,345.0,84.5475,84.9675,85.215,82.245,83.565,81.99,68.9014,601.92,600.0,19.7558,571.97,540.11,11.2165
86.675,57.525,4.2812,57.6,232.9425,291.3539,464.15,2.588,5.125,171.1395,347.19,71.8108,706.24,18.9833,596.22,596.22,9.6426,65.7792,76.3235,2.588,5.125,11.1091,15.7102,9.0799,171.136,347.19,706.24,77.412,32.865,7.793,5.021,12.123,72.72,48.5015,14.6146,0.168,0.1079,0.1103,0.1075,0.1758,0.1102,0.1649,0.1028,625.0,265.15,344.7,84.5025,84.99,85.2375,82.23,83.565,81.9975,68.9612,601.38,600.0,19.7548,572.12,540.26,11.1778
86.075,57.5625,4.2812,57.5625,232.74,290.5274,463.3,2.5882,5.105,171.1395,347.04,71.8185,706.0,18.9991,596.22,596.22,9.648,65.7848,76.3377,2.5882,5.105,11.1117,15.7104,9.0788,171.136,347.04,706.0,77.4964,32.875,7.842,5.058,12.125,71.382,47.726,14.6193,0.1693,0.1087,0.111,0.1082,0.1771,0.111,0.1662,0.1036,624.4,264.95,344.4,84.4725,84.96,85.275,82.23,83.535,82.035,69.0271,600.81,600.0,19.7537,572.27,540.41,11.1285
86.625,57.525,3.3891,57.525,232.56,290.5963,463.25,2.5884,5.0875,171.1395,346.92,71.8267,705.76,19.0148,596.22,596.22,9.6537,65.7908,76.3517,2.5884,5.0875,11.1122,15.7107,9.0778,171.136,346.92,705.76,77.6327,32.89,7.892,5.096,12.126,70.032,46.9395,14.6326,0.1706,0.1095,0.1118,0.109,0.1785,0.1118,0.1675,0.1044,623.84,264.75,344.15,84.465,85.02,85.29,82.2225,83.4975,81.99,69.0952,600.24,600.0,19.7679,572.42,540.53,11.0892
86.75,57.6,3.3891,57.6,232.1775,289.5976,462.9,2.5884,5.0675,171.153,346.77,71.8339,705.68,19.0306,596.22,596.22,9.6588,65.7977,76.3662,2.5884,5.0675,11.1128,15.7079,9.0772,171.15,346.77,705.68,77.7202,32.9,7.941,5.133,12.129,68.676,46.142,14.6376,0.1719,0.1104,0.1125,0.1098,0.1798,0.1125,0.1689,0.1052,623.24,264.55,343.85,84.525,85.0275,85.245,82.23,83.4675,81.945,69.1694,599.64,600.0,19.7674,572.57,540.68,11.0392
86.525,57.525,3.3906,57.5625,232.38,290.0797,461.7,2.5886,5.05,171.153,346.62,71.8425,705.44,19.0471,596.16,596.16,9.6648,65.8043,76.38,2.5886,5.05,11.1097,15.7072,9.0761,171.15,346.62,705.44,77.8596,32.915,7.991,5.171,12.131,67.32,45.3335,14.6426,0.1732,0.1112,0.1133,0.1105,0.1812,0.1133,0.1702,0.106,622.64,264.35,343.6,84.495,85.0125,85.2525,82.2,83.475,81.93,69.246,599.04,600.0,19.7668,572.72,540.8,10.9992
86.375,57.6,3.9266,57.6,232.3575,289.2876,462.25,2.5886,5.03,171.1665,346.47,71.8503,705.36,19.0631,596.16,596.16,9.6709,65.8105,76.3942,2.5886,5.03,11.109,15.7064,9.0756,171.164,346.47,705.36,77.9502,32.925,8.041,5.208,12.135,65.964,44.5195,14.6476,0.1744,0.1121,0.1141,0.1113,0.1825,0.114,0.1716,0.1068,622.0,264.15,343.3,84.5025,85.02,85.26,82.215,83.505,81.9675,69.325,598.44,600.0,19.7662,572.84,540.95,10.9485
86.125,57.525,4.2562,57.6,231.8175,289.2187,461.0,2.5888,5.0125,171.1665,346.32,71.8594,705.12,19.0768,596.34,596.34,9.6773,65.8174,76.4077,2.5888,5.0125,11.1083,15.7087,9.075,171.164,346.32,705.12,78.042,32.935,8.09,5.245,12.137,64.626,43.7055,14.6526,0.1757,0.1129,0.1148,0.1121,0.1838,0.1148,0.1729,0.1077,621.36,263.9,343.05,84.495,85.05,85.23,82.1925,83.5125,81.96,69.4102,597.81,600.0,19.7657,572.96,541.07,10.9078
86.05,57.5625,4.2562,57.6,231.255,289.3909,460.8,2.5884,4.9925,171.1935,346.17,71.8683,704.96,19.0921,596.34,596.34,9.6833,65.8246,76.4232,2.5884,4.9925,11.1114,15.7082,9.0733,171.192,346.17,704.96,78.1858,32.95,8.14,5.281,12.139,63.306,42.897,14.6576,0.177,0.1138,0.1156,0.1129,0.1851,0.1155,0.1742,0.1085,620.72,263.7,342.75,84.495,85.02,85.245,82.1775,83.4675,81.9825,69.498,597.18,600.0,19.7651,573.11,541.19,10.8565
86.3,57.6,4.1344,57.6,231.1875,288.4611,460.6,2.5884,4.9725,171.207,346.02,71.8768,704.88,19.1073,596.34,596.34,9.6892,65.8313,76.4377,2.5884,4.9725,11.112,15.7082,9.0733,171.206,346.02,704.88,78.2808,32.96,8.189,5.317,12.141,62.01,42.094,14.6626,0.1782,0.1146,0.1163,0.1136,0.1864,0.1163,0.1755,0.1092,620.04,263.5,342.5,84.5025,84.9975,85.2075,82.155,83.4825,81.945,69.592,596.52,600.0,19.7645,573.23,541.31,10.8152
86.275,57.5625,4.1172,57.5625,230.9625,288.0478,459.85,2.5886,4.955,171.234,345.87,71.886,704.72,19.1226,596.34,596.34,9.6958,65.8394,76.4515,2.5886,4.955,11.1125,15.7082,9.0722,171.234,345.87,704.72,78.4277,32.975,8.238,5.351,12.143,60.738,41.3075,14.6676,0.1794,0.1154,0.117,0.1144,0.1877,0.117,0.1767,0.11,619.4,263.3,342.2,84.5325,85.0575,85.2375,82.185,83.535,81.9225,69.6888,595.86,600.0,19.764,573.35,541.43,10.7632
86.275,57.6,4.1281,57.5625,231.2325,288.3922,460.05,2.5888,4.935,171.261,345.72,71.8949,704.64,19.1378,596.34,596.34,9.7028,65.8473,76.465,2.5888,4.935,11.1094,15.7082,9.0717,171.262,345.72,704.64,78.5258,32.985,8.285,5.385,12.145,59.502,40.5265,14.6726,0.1806,0.1162,0.1178,0.1151,0.1889,0.1178,0.178,0.1108,618.72,263.1,341.95,84.57,85.02,85.215,82.1925,83.5425,81.975,69.7882,595.2,600.0,19.7634,573.47,541.55,10.7212
86.775,57.6,4.0891,57.5625,230.58,287.8756,459.35,2.589,4.9175,171.261,345.6,71.9039,704.56,19.1523,596.4,596.4,9.7092,65.8548,76.4782,2.589,4.9175,11.1087,15.7082,9.0717,171.262,345.6,704.56,78.6252,32.995,8.333,5.418,12.147,58.29,39.7675,14.6776,0.1818,0.117,0.1185,0.1158,0.1901,0.1184,0.1792,0.1115,618.0,262.9,341.65,84.57,85.0725,85.245,82.2,83.5125,81.9975,69.8902,594.54,600.0,19.7628,573.56,541.64,10.6792
86.4,57.6,3.8625,57.6,230.985,287.3935,459.25,2.5892,4.9,171.288,345.45,71.913,704.48,19.1666,596.46,596.46,9.7156,65.8629,76.4912,2.5892,4.9,11.108,15.7082,9.0711,171.29,345.45,704.48,78.7764,33.01,8.379,5.45,12.149,57.12,39.025,14.6826,0.1829,0.1177,0.1191,0.1165,0.1913,0.1191,0.1803,0.1122,617.32,262.65,341.4,84.54,85.0725,85.245,82.2525,83.4675,81.945,69.9987,593.85,600.0,19.7623,573.68,541.76,10.6265
86.575,57.6,3.7078,57.5625,230.625,287.6001,458.85,2.589,4.8825,171.3285,345.33,71.9229,704.32,19.1806,596.52,596.52,9.722,65.8706,76.5055,2.589,4.8825,11.1111,15.7082,9.0706,171.318,345.33,704.32,78.8789,33.02,8.424,5.48,12.151,55.98,38.299,14.6876,0.184,0.1185,0.1198,0.1172,0.1924,0.1198,0.1814,0.113,616.6,262.45,341.1,84.57,85.0425,85.26,82.305,83.5125,81.9975,70.11,593.16,600.0,19.7769,573.77,541.85,10.5838
86.95,57.6,3.8875,57.5625,230.085,287.0491,458.0,2.5892,4.865,171.3555,345.21,71.9324,704.24,19.1943,596.58,596.58,9.7292,65.879,76.5185,2.5892,4.865,11.1117,15.7082,9.0706,171.36,345.21,704.24,78.9827,33.03,8.469,5.51,12.153,54.882,37.5895,14.6926,0.185,0.1192,0.1205,0.1179,0.1935,0.1204,0.1825,0.1136,615.88,262.25,340.8,84.525,85.065,85.245,82.35,83.475,81.96,70.224,592.47,600.0,19.7769,573.86,541.94,10.5305
86.675,57.6,3.8875,57.525,229.7025,287.4279,457.55,2.5896,4.8475,171.396,345.09,71.9414,704.24,19.2078,596.64,596.64,9.7358,65.8869,76.5305,2.5896,4.8475,11.1123,15.7082,9.0706,171.388,345.09,704.24,79.0877,33.04,8.512,5.538,12.155,53.814,36.9075,14.6976,0.186,0.1199,0.1211,0.1185,0.1946,0.121,0.1836,0.1143,615.16,262.05,340.55,84.5325,85.0875,85.2975,82.32,83.52,81.9975,70.3409,591.78,600.0,19.7768,573.95,542.03,10.4872
86.8,57.5625,4.2469,57.5625,230.2875,287.3246,457.35,2.59,4.8325,171.4365,344.97,71.951,704.16,19.2203,596.76,596.76,9.7425,65.8948,76.542,2.59,4.8325,11.1091,15.7082,9.0711,171.43,344.97,704.16,79.2446,33.055,8.555,5.566,12.157,52.776,36.2365,14.7026,0.187,0.1205,0.1217,0.1191,0.1956,0.1217,0.1846,0.115,614.44,261.85,340.3,84.5025,85.05,85.2825,82.3425,83.505,81.9975,70.4605,591.09,600.0,19.7767,574.04,542.12,10.4332
86.525,57.5625,3.3172,57.6,229.365,286.6702,457.1,2.5898,4.815,171.45,344.85,71.9602,704.16,19.2346,596.7,596.7,9.7492,65.9028,76.5552,2.5898,4.815,11.1084,15.7082,9.0701,171.444,344.85,704.16,79.3527,33.065,8.596,5.592,12.159,51.78,35.593,14.7076,0.188,0.1212,0.1223,0.1198,0.1966,0.1222,0.1856,0.1156,613.72,261.65,340.0,84.495,85.0575,85.2525,82.2975,83.5425,82.0125,70.5829,590.4,600.0,19.7766,574.13,542.21,10.3892
86.325,57.6,3.8984,57.5625,229.6575,286.6013,456.6,2.5902,4.8,171.4905,344.73,71.9693,704.16,19.2468,596.82,596.82,9.7558,65.9107,76.5665,2.5902,4.8,11.1078,15.7082,9.0706,171.486,344.73,704.16,79.4621,33.075,8.636,5.618,12.161,50.808,34.9605,14.7126,0.1889,0.1218,0.1229,0.1203,0.1975,0.1229,0.1866,0.1162,613.0,261.45,339.75,84.5025,85.095,85.275,82.2975,83.5125,82.005,70.7082,589.71,600.0,19.7766,574.22,542.3,10.3345
86.625,57.5625,4.2531,57.6,229.635,286.5325,456.3,2.5902,4.785,171.531,344.61,71.9784,704.16,19.2586,596.94,596.94,9.7625,65.9193,76.5787,2.5902,4.785,11.1108,15.7082,9.0701,171.528,344.61,704.16,79.5727,33.085,8.675,5.643,12.163,49.866,34.35,14.7176,0.1899,0.1225,0.1234,0.1209,0.1985,0.1234,0.1875,0.1168,612.28,261.2,339.45,84.5625,85.0875,85.2825,82.3425,83.4825,82.0125,70.8362,589.02,600.0,19.7765,574.28,542.36,10.2898
86.825,57.5625,3.5187,57.6,229.275,286.1537,456.4,2.5908,4.77,171.558,344.52,71.9875,704.16,19.2721,596.88,596.88,9.7692,65.9275,76.5887,2.5908,4.77,11.1114,15.7082,9.0706,171.556,344.52,704.16,79.6845,33.095,8.713,5.666,12.165,48.96,33.756,14.7226,0.1907,0.1231,0.124,0.1215,0.1994,0.1239,0.1884,0.1174,611.56,261.0,339.2,84.6075,85.065,85.3275,82.2975,83.475,82.005,70.9669,588.33,600.0,19.7764,574.37,542.42,10.2452
86.25,57.5625,3.5187,57.6,229.68,285.9815,456.15,2.5908,4.755,171.5985,344.4,71.9973,704.08,19.2828,597.06,597.06,9.7758,65.9349,76.6002,2.5908,4.755,11.112,15.7082,9.0711,171.598,344.4,704.08,79.7977,33.105,8.75,5.689,12.168,48.072,33.1785,14.7276,0.1916,0.1236,0.1245,0.122,0.2002,0.1245,0.1893,0.1179,610.84,260.8,338.9,84.6525,85.065,85.3275,82.2825,83.4975,82.035,71.1005,587.64,600.0,19.7916,574.43,542.51,10.1898
86.375,57.6375,3.8047,57.5625,228.6,285.706,455.4,2.5908,4.74,171.6255,344.31,72.0065,704.08,19.2951,597.06,597.06,9.7825,65.9436,76.6117,2.5908,4.74,11.1088,15.7082,9.0706,171.626,344.31,704.08,79.912,33.115,8.786,5.712,12.17,47.214,32.6175,14.7326,0.1924,0.1242,0.125,0.1225,0.2011,0.125,0.1901,0.1185,610.12,260.6,338.65,84.645,85.0575,85.2825,82.3275,83.4525,82.065,71.2369,586.95,600.0,19.792,574.49,542.57,10.1445
86.8,57.525,3.6656,57.5625,228.7125,285.4993,455.65,2.5908,4.725,171.6795,344.22,72.0151,704.16,19.3058,597.18,597.18,9.7892,65.9518,76.6232,2.5908,4.725,11.1082,15.7082,9.0706,171.682,344.22,704.16,80.0277,33.125,8.822,5.733,12.172,46.374,32.073,14.7376,0.1932,0.1248,0.1255,0.1231,0.202,0.1255,0.191,0.119,609.4,260.4,338.35,84.6375,85.095,85.2975,82.3725,83.505,82.065,71.376,586.26,600.0,19.7924,574.55,542.63,10.0885
86.125,57.6375,3.9297,57.525,228.9825,285.0172,455.5,2.5914,4.7125,171.7065,344.1,72.0243,704.16,19.3168,597.24,597.24,9.7958,65.9599,76.6325,2.5914,4.7125,11.1075,15.7082,9.0711,171.71,344.1,704.16,80.1445,33.135,8.856,5.754,12.174,45.558,31.5395,14.7512,0.194,0.1253,0.126,0.1236,0.2028,0.126,0.1918,0.1196,608.68,260.2,338.1,84.6525,85.08,85.3125,82.365,83.535,82.0575,71.518,585.57,600.0,19.7929,574.61,542.66,10.0425
86.925,57.6,3.5141,57.6,228.555,284.8794,454.6,2.5914,4.6975,171.7335,344.01,72.0328,704.24,19.3268,597.36,597.36,9.8025,65.9681,76.6432,2.5914,4.6975,11.1106,15.7082,9.0717,171.738,344.01,704.24,80.2627,33.145,8.889,5.774,12.176,44.766,31.017,14.7565,0.1947,0.1258,0.1265,0.1241,0.2036,0.1265,0.1926,0.1201,607.96,260.0,337.85,84.645,85.1025,85.2825,82.4025,83.58,82.08,71.6627,584.88,600.0,19.7933,574.64,542.72,9.9858
86.275,57.5625,3.5141,57.5625,228.8475,285.3271,454.75,2.5916,4.685,171.7875,343.92,72.0418,704.24,19.3371,597.42,597.42,9.8092,65.9755,76.6532,2.5916,4.685,11.1111,15.7082,9.0717,171.794,343.92,704.24,80.382,33.155,8.922,5.794,12.178,43.992,30.511,14.7618,0.1955,0.1264,0.127,0.1245,0.2043,0.127,0.1934,0.1206,607.28,259.8,337.55,84.6675,85.155,85.2825,82.4475,83.58,82.11,71.8102,584.19,600.0,19.7937,574.7,542.78,9.9392
86.45,57.6,3.7937,57.525,228.4875,285.3271,454.35,2.5916,4.6725,171.828,343.83,72.0514,704.16,19.3478,597.42,597.42,9.8151,65.9842,76.6637,2.5916,4.6725,11.1117,15.7082,9.0717,171.822,343.83,704.16,80.5027,33.165,8.954,5.813,12.182,43.236,30.005,14.7585,0.1962,0.1269,0.1275,0.125,0.2051,0.1274,0.1941,0.121,606.56,259.6,337.3,84.6525,85.185,85.3275,82.455,83.565,82.0575,71.9568,583.53,600.0,19.7941,574.73,542.81,9.8925
86.55,57.5625,3.6203,57.6375,228.3525,284.2595,454.2,2.5918,4.66,171.855,343.74,72.0599,704.24,19.3578,597.48,597.48,9.8215,65.9916,76.6735,2.5918,4.66,11.1086,15.7082,9.0722,171.85,343.74,704.24,80.5739,33.17,8.985,5.832,12.184,42.498,29.5155,14.7635,0.1969,0.1274,0.1279,0.1255,0.2058,0.1278,0.1948,0.1215,605.84,259.4,337.05,84.6375,85.185,85.3125,82.47,83.5875,82.0275,72.1097,582.84,600.0,19.7945,574.76,542.84,9.8352
86.325,57.6,4.0672,57.5625,228.195,285.0516,453.6,2.592,4.6475,171.8955,343.65,72.0689,704.24,19.3676,597.54,597.54,9.8279,65.9995,76.683,2.592,4.6475,11.1079,15.7082,9.0728,171.892,343.65,704.24,80.6964,33.18,9.015,5.85,12.186,41.778,29.037,14.7685,0.1976,0.1278,0.1283,0.1259,0.2066,0.1283,0.1955,0.122,605.16,259.2,336.75,84.615,85.2075,85.305,82.47,83.58,81.99,72.2617,582.18,600.0,19.8102,574.79,542.87,9.7878
86.45,57.5625,3.4734,57.5625,228.06,284.0529,453.65,2.5922,4.635,171.936,343.56,72.0773,704.32,19.3771,597.6,597.6,9.8336,66.0074,76.6922,2.5922,4.635,11.1072,15.7082,9.0728,171.934,343.56,704.32,80.8202,33.19,9.045,5.867,12.186,41.082,28.5805,14.7735,0.1983,0.1283,0.1288,0.1264,0.2073,0.1287,0.1962,0.1224,604.44,259.0,336.5,84.6525,85.2225,85.3275,82.4325,83.5425,82.0275,72.4164,581.52,600.0,19.8111,574.82,542.9,9.7298
86.9,57.6375,3.4734,57.6,227.745,284.7761,453.75,2.5924,4.6225,171.963,343.5,72.0868,704.24,19.3863,597.66,597.66,9.8398,66.0153,76.7012,2.5924,4.6225,11.1103,15.7082,9.0733,171.962,343.5,704.24,80.8945,33.195,9.074,5.884,12.188,40.404,28.1295,14.7871,0.1989,0.1288,0.1292,0.1268,0.2079,0.1292,0.1969,0.1229,603.76,258.8,336.25,84.63,85.1775,85.275,82.4475,83.58,81.9975,72.5737,580.86,600.0,19.812,574.85,542.93,9.6818
86.8,57.6,4.1734,57.6,227.4975,283.7085,453.6,2.5926,4.61,172.0035,343.41,72.0952,704.32,19.3953,597.72,597.72,9.8459,66.0233,76.71,2.5926,4.61,11.1109,15.7082,9.0733,172.004,343.41,704.32,81.0201,33.205,9.102,5.9,12.19,39.738,27.6895,14.7923,0.1996,0.1292,0.1296,0.1272,0.2086,0.1296,0.1976,0.1233,603.08,258.6,336.0,84.6075,85.155,85.2675,82.44,83.61,81.9825,72.7337,580.2,600.0,19.8129,574.88,542.96,9.6338
86.6,57.5625,4.1734,57.6,228.15,283.7085,453.1,2.5928,4.5975,172.0305,343.32,72.1034,704.4,19.4041,597.78,597.78,9.8521,66.0312,76.7185,2.5928,4.5975,11.1115,15.7082,9.0744,172.018,343.32,704.4,81.0964,33.21,9.13,5.916,12.192,39.096,27.255,14.7976,0.2002,0.1297,0.13,0.1276,0.2093,0.13,0.1982,0.1237,602.4,258.45,335.75,84.63,85.14,85.2825,82.4475,83.6025,81.9825,72.8964,579.54,600.0,19.8138,574.88,542.99,9.5752
86.375,57.5625,4.1297,57.5625,227.925,284.0873,452.7,2.5932,4.5875,172.071,343.26,72.1109,704.56,19.4126,597.84,597.84,9.8583,66.0383,76.726,2.5932,4.5875,11.1083,15.7082,9.075,172.06,343.26,704.56,81.2239,33.22,9.157,5.932,12.196,38.466,26.826,14.8029,0.2008,0.1301,0.1304,0.128,0.2099,0.1304,0.1988,0.1241,601.72,258.25,335.45,84.585,85.0875,85.305,82.395,83.61,82.0125,73.0617,578.88,600.0,19.8147,574.88,542.99,9.5265
86.25,57.5625,3.6516,57.6,227.25,283.6052,452.2,2.593,4.575,172.1115,343.17,72.1188,704.64,19.4208,597.9,597.9,9.8637,66.046,76.7352,2.593,4.575,11.1076,15.7082,9.0744,172.102,343.17,704.64,81.302,33.225,9.184,5.946,12.198,37.854,26.408,14.7996,0.2014,0.1305,0.1308,0.1284,0.2105,0.1307,0.1994,0.1245,601.04,258.05,335.25,84.585,85.1325,85.275,82.3875,83.5875,82.0575,73.226,578.25,600.0,19.8156,574.91,542.99,9.4672
86.25,57.5625,4.1797,57.6,227.0925,283.674,452.0,2.5932,4.565,172.152,343.11,72.1278,704.56,19.4303,597.84,597.84,9.8696,66.0537,76.7432,2.5932,4.565,11.1069,15.7082,9.075,172.144,343.11,704.56,81.4314,33.235,9.209,5.961,12.2,37.266,26.0065,14.8046,0.2019,0.1309,0.1312,0.1288,0.2111,0.1311,0.2,0.1249,600.36,257.9,335.0,84.5625,85.125,85.29,82.41,83.595,82.0425,73.3965,577.59,600.0,19.8165,574.91,543.02,9.4178
86.775,57.6,4.1797,57.6,227.3175,283.1575,452.25,2.5936,4.5525,172.179,343.02,72.1357,704.64,19.4378,597.96,597.96,9.8755,66.0613,76.7502,2.5936,4.5525,11.11,15.7082,9.0756,172.172,343.02,704.64,81.5114,33.24,9.234,5.974,12.201,36.69,25.6105,14.8096,0.2025,0.1313,0.1315,0.1292,0.2117,0.1315,0.2006,0.1253,599.68,257.7,334.75,84.5325,85.1025,85.3125,82.4325,83.625,82.035,73.566,576.96,600.0,19.8327,574.91,543.02,9.3685
86.85,57.6,3.2687,57.6,227.3175,283.2263,452.4,2.5938,4.5425,172.2195,342.96,72.144,704.64,19.4448,598.08,598.08,9.8814,66.0683,76.7575,2.5938,4.5425,11.1106,15.7082,9.0766,172.214,342.96,704.64,81.6427,33.25,9.259,5.988,12.201,36.138,25.2365,14.8146,0.203,0.1317,0.1319,0.1295,0.2122,0.1318,0.2012,0.1257,599.04,257.55,334.5,84.5175,85.1175,85.3575,82.4175,83.595,82.0725,73.738,576.33,600.0,19.8341,574.91,543.02,9.3085
86.325,57.525,3.675,57.525,227.07,283.123,452.1,2.5938,4.5325,172.2465,342.9,72.1518,704.72,19.4521,598.14,598.14,9.8873,66.0757,76.7652,2.5938,4.5325,11.1112,15.7082,9.0761,172.242,342.9,704.72,81.7245,33.255,9.283,6.0,12.203,35.604,24.868,14.8196,0.2035,0.1321,0.1322,0.1299,0.2127,0.1322,0.2017,0.126,598.4,257.4,334.3,84.4875,85.125,85.3425,82.395,83.625,82.08,73.9088,575.73,600.0,19.8355,574.88,542.99,9.2585
86.6,57.5625,3.675,57.5625,227.2275,283.0541,451.45,2.594,4.5225,172.287,342.84,72.1588,704.88,19.4598,598.14,598.14,9.8925,66.0824,76.7722,2.594,4.5225,11.108,15.7082,9.0778,172.298,342.84,704.88,81.807,33.26,9.306,6.012,12.205,35.088,24.5105,14.8332,0.204,0.1324,0.1325,0.1302,0.2133,0.1325,0.2022,0.1264,597.76,257.25,334.1,84.525,85.0875,85.2975,82.3725,83.565,82.05,74.0857,575.1,600.0,19.8369,574.88,542.99,9.1978
86.45,57.6375,3.9406,57.5625,227.385,283.2263,451.65,2.594,4.5125,172.3275,342.75,72.1668,704.88,19.4683,598.08,598.08,9.8982,66.0895,76.7797,2.594,4.5125,11.1073,15.7082,9.0772,172.326,342.75,704.88,81.8902,33.265,9.328,6.024,12.207,34.59,24.164,14.8299,0.2045,0.1328,0.1329,0.1305,0.2138,0.1328,0.2027,0.1267,597.12,257.1,333.9,84.54,85.08,85.3425,82.41,83.5275,82.0275,74.2615,574.5,600.0,19.8383,574.85,542.99,9.1472
86.1,57.6,3.6344,57.6,227.2275,282.8475,450.85,2.5944,4.5025,172.3545,342.69,72.1742,704.96,19.4748,598.2,598.2,9.9031,66.0967,76.7857,2.5944,4.5025,11.1067,15.7082,9.0783,172.354,342.69,704.96,82.0245,33.275,9.35,6.035,12.209,34.11,23.8285,14.8349,0.205,0.1331,0.1332,0.1309,0.2142,0.1331,0.2032,0.1271,596.48,256.95,333.65,84.51,85.0575,85.32,82.425,83.4825,82.0425,74.4397,573.9,600.0,19.8397,574.85,542.96,9.0965
86.3,57.5625,4.0641,57.5625,227.295,283.2608,451.15,2.5944,4.495,172.3815,342.63,72.182,704.96,19.4823,598.2,598.2,9.9085,66.1038,76.7927,2.5944,4.495,11.1097,15.7082,9.0783,172.382,342.63,704.96,82.1095,33.28,9.371,6.046,12.213,33.648,23.4875,14.8399,0.2054,0.1334,0.1335,0.1311,0.2147,0.1334,0.2036,0.1274,595.84,256.8,333.45,84.495,85.0575,85.2975,82.44,83.49,82.0275,74.6203,573.3,600.0,19.8411,574.82,542.96,9.0351
86.0,57.525,4.0641,57.5625,226.4625,282.6753,451.15,2.5942,4.485,172.395,342.57,72.1887,705.12,19.4883,598.32,598.32,9.9139,66.111,76.8005,2.5942,4.485,11.1103,15.7082,9.0783,172.396,342.57,705.12,82.1952,33.285,9.392,6.056,12.213,33.21,23.174,14.8449,0.2058,0.1337,0.1338,0.1314,0.2151,0.1338,0.2041,0.1277,595.24,256.65,333.3,84.4575,85.0425,85.275,82.455,83.46,81.975,74.7996,572.73,600.0,19.8578,574.79,542.93,8.9838
86.65,57.6,3.5469,57.5625,226.9575,282.9508,451.35,2.5948,4.4775,166.8195,342.54,72.1963,705.12,19.4953,598.32,567.72,9.9193,66.1174,76.8055,2.5948,4.4775,11.1109,15.7082,9.0794,166.824,342.54,705.12,82.2814,33.29,9.412,6.065,12.215,32.79,22.8715,14.8499,0.2789,0.1383,0.134,0.1318,0.295,0.134,0.2846,0.128,594.64,256.5,333.1,84.42,85.095,85.29,82.4325,83.475,81.945,74.9811,572.16,600.0,19.8597,574.76,542.9,8.9325
86.5,57.525,3.5469,57.5625,226.935,283.0541,450.45,2.598,3.8525,170.3295,342.78,72.1958,706.16,19.8848,567.72,586.74,10.0028,66.1206,76.8,2.598,4.52,11.1145,15.7119,9.0871,170.338,342.78,706.16,83.3302,33.39,9.197,11.828,12.216,0.0,24.153,14.8549,0.2357,0.1535,0.1583,0.1539,0.247,0.1583,0.2362,0.1466,585.92,256.35,332.9,84.42,85.125,85.26,82.395,83.505,81.9375,76.0706,564.36,600.0,19.8616,574.73,542.87,8.8705
86.125,57.525,4.1687,57.6,227.0025,284.0184,452.05,2.5624,3.8525,170.3295,337.71,72.2786,696.32,19.7816,586.74,586.74,9.9854,66.1615,76.936,2.5624,3.8525,11.0943,15.6922,9.0068,170.338,337.71,696.32,83.4801,33.4,10.229,6.915,12.22,0.006,3.539,14.8771,0.1669,0.1535,0.1583,0.1539,0.247,0.1583,0.2362,0.1523,577.0,256.25,332.7,84.4575,85.1025,85.23,82.365,83.505,81.9525,77.2893,555.78,600.0,19.8788,574.64,542.84,8.8185
86.375,57.6,4.1687,57.5625,227.88,284.0873,453.25,2.5524,3.6175,170.559,337.59,72.32,693.76,19.8203,588.06,600.66,9.9976,66.1887,77.0205,2.5524,3.6175,11.0654,15.6602,8.9848,170.562,337.59,693.76,82.3658,33.285,10.433,1.134,12.204,0.318,-3.248,14.7535,0.1516,0.1534,0.1589,0.1564,0.2445,0.1589,0.2336,0.1523,568.56,256.1,332.55,84.4425,85.11,85.2525,82.3575,83.4675,81.9975,78.4862,547.65,600.0,19.8811,574.55,542.75,8.7558
86.95,57.525,3.8187,57.6,227.52,284.0529,453.1,2.5528,3.6475,172.098,337.95,72.3423,694.16,19.7126,600.66,600.66,9.999,66.2078,77.0785,2.5528,3.6475,11.046,15.6359,8.987,172.102,337.95,694.16,80.427,33.09,10.433,0.0,12.16,1.074,-3.248,14.4362,0.1516,0.1516,0.1571,0.155,0.2421,0.157,0.231,0.1516,568.56,256.0,332.4,84.405,85.0875,85.2375,82.35,83.4825,81.9975,79.6146,540.33,600.0,19.8835,574.52,542.69,8.6925
86.25,57.6,3.8187,57.525,227.7225,284.9483,454.25,2.5718,3.765,172.0575,338.58,72.3383,697.84,19.7293,599.1,599.1,10.0067,66.2183,77.0662,2.5718,3.765,11.0448,15.6294,9.0195,172.06,338.58,697.84,78.4639,32.895,10.499,0.0,12.109,3.39,-2.0545,14.0743,0.1761,0.1488,0.1493,0.1519,0.2383,0.1538,0.2194,0.1442,560.92,255.85,332.2,84.42,85.08,85.29,82.365,83.52,81.9675,80.5358,534.9,600.0,19.8859,574.46,542.63,8.6392
86.0,57.6,3.8141,57.6,227.9475,284.7417,453.85,2.5888,3.94,172.7865,339.51,72.3291,701.44,19.6798,603.36,603.36,10.0068,66.2239,77.0377,2.5888,3.94,11.0559,15.6372,9.0508,172.788,339.51,701.44,77.7421,32.825,10.46,2.473,12.027,10.236,1.8175,13.744,0.1968,0.1414,0.1421,0.1401,0.2306,0.1492,0.2044,0.1368,555.28,255.75,332.05,84.45,85.1175,85.245,82.3875,83.55,81.9825,81.0919,532.56,600.0,19.9036,574.25,542.57,8.5752
86.65,57.5625,3.5437,57.6,228.8475,284.7761,454.9,2.608,4.2025,173.718,340.92,72.3094,705.68,19.6358,605.76,605.76,9.9988,66.2213,76.9797,2.608,4.2025,11.0742,15.6537,9.0898,173.712,340.92,705.68,77.467,32.8,10.059,4.658,11.915,24.792,9.072,13.5157,0.1807,0.1301,0.1318,0.1295,0.1944,0.1421,0.1829,0.1258,552.84,255.65,331.9,84.4275,85.1025,85.2375,82.3275,83.5125,82.0125,81.184,534.0,600.0,19.9064,574.01,542.39,8.5212
86.9,57.5625,3.7234,57.5625,227.97,284.7417,454.15,2.648,4.8925,176.877,345.45,72.2246,717.2,19.3541,621.6,621.6,9.9501,66.1852,76.786,2.648,4.8925,11.1009,15.6857,9.1855,176.876,345.45,717.2,77.0608,32.765,9.605,4.257,11.732,70.752,20.204,13.4404,0.1621,0.1164,0.1193,0.1167,0.1709,0.1193,0.1592,0.1126,559.44,255.4,331.6,84.45,85.0575,85.2825,82.3725,83.5575,81.9525,80.206,545.91,600.0,19.9122,573.59,541.94,8.4018
86.9,57.5625,3.7234,57.5625,227.97,284.7417,454.15,2.648,4.8925,176.877,345.45,72.2246,717.2,19.3541,621.6,621.6,9.9501,66.1852,76.786,2.648,4.8925,11.1009,15.6857,9.1855,176.876,345.45,717.2,77.0608,32.765,9.003,3.842,11.732,70.752,33.943,13.4404,0.1429,0.1025,0.1065,0.1037,0.1497,0.1193,0.1379,0.0992,559.44,255.4,331.6,84.45,85.0575,85.2825,82.3725,83.5575,81.9525,80.206,545.91,600.0,19.9122,573.59,541.94,8.4018
86.925,57.5625,4.1516,57.525,228.285,284.4317,453.5,2.6658,5.205,178.146,347.94,72.1671,723.12,19.1816,628.2,628.2,9.918,66.1541,76.6592,2.6658,5.205,11.1072,15.6962,9.2329,178.15,347.94,723.12,76.8289,32.745,8.337,3.395,11.692,92.976,48.0285,13.5415,0.1249,0.0896,0.0946,0.0916,0.131,0.1065,0.1192,0.0866,574.84,255.3,331.45,84.5025,85.0425,85.2375,82.4025,83.5575,81.9525,79.4513,553.68,600.0,19.9151,573.44,541.76,8.3365
86.175,57.6,3.7203,57.5625,227.5875,284.2939,453.15,2.6682,5.47,178.4835,350.25,72.1198,726.56,19.0341,630.6,630.6,9.8879,66.121,76.568,2.6682,5.47,11.1,15.6929,9.257,178.486,350.25,726.56,76.5945,32.725,7.659,2.967,11.691,112.56,61.146,13.6987,0.1112,0.079,0.0847,0.0815,0.131,0.0946,0.1051,0.0763,583.16,255.2,331.3,84.555,85.08,85.2375,82.4325,83.5575,81.9675,78.6352,561.69,600.0,19.918,573.32,541.64,8.2811
86.7,57.6,3.7203,57.6,227.25,283.2263,451.55,2.6862,5.6675,179.4015,352.17,72.0558,731.44,18.9051,630.72,630.72,9.8521,66.0819,76.4152,2.6862,5.6675,11.1058,15.7019,9.2972,179.41,352.17,731.44,76.307,32.7,7.047,2.705,11.741,127.434,72.08,13.8448,0.1015,0.0711,0.0771,0.0739,0.1171,0.0846,0.0952,0.0685,591.32,255.1,331.2,84.5475,85.095,85.2525,82.4025,83.5725,81.9975,77.8055,569.55,600.0,19.9208,573.26,541.52,8.2151
86.25,57.6,3.6281,57.5625,226.6875,283.123,450.45,2.686,5.81,179.4555,353.61,72.0066,733.44,18.8033,628.62,628.62,9.8203,66.0458,76.3082,2.686,5.81,11.1082,15.7047,9.3082,179.452,353.61,733.44,76.067,32.68,6.538,2.705,11.767,132.0,80.363,14.0051,0.0952,0.0656,0.0719,0.0685,0.1072,0.0771,0.0888,0.0631,591.32,255.0,331.05,84.54,85.0725,85.2225,82.4325,83.595,81.9525,77.0267,576.75,600.0,19.9237,573.23,541.46,8.1592
86.2,57.6,4.2062,57.6375,225.7425,282.4342,449.95,2.6858,5.905,179.4015,354.63,71.9619,734.48,18.7178,625.92,625.92,9.7899,66.0097,76.2015,2.6858,5.905,11.1153,15.7129,9.3142,179.396,354.63,734.48,75.8245,32.66,6.141,2.556,11.825,132.0,86.138,14.1282,0.0952,0.0656,0.0719,0.0685,0.1009,0.0718,0.0888,0.0598,598.84,254.9,330.9,84.495,85.1025,85.185,82.41,83.55,81.9975,76.3165,583.17,600.0,19.9266,573.2,541.43,8.1032
86.05,57.6,3.8422,57.525,225.855,280.8845,448.7,2.6758,5.9625,178.9425,355.23,71.9255,734.24,18.6466,622.98,622.98,9.7621,65.9769,76.1317,2.6758,5.9625,11.1153,15.7124,9.3049,178.948,355.23,734.24,75.6302,32.645,5.853,2.489,11.877,132.0,89.746,14.2212,0.0918,0.0623,0.0686,0.0653,0.0974,0.0686,0.0854,0.0598,605.48,254.8,330.8,84.5325,85.0575,85.2225,82.35,83.5125,82.0125,75.6856,588.75,600.0,19.9295,573.23,541.4,8.0365
86.25,57.6,3.8422,57.525,224.6625,280.4712,447.65,2.6678,5.9975,178.497,355.62,71.892,733.68,18.5883,619.98,619.98,9.7363,65.9453,76.067,2.6678,5.9975,11.1169,15.7142,9.2955,178.5,355.62,733.68,75.4339,32.63,5.64,2.483,11.929,132.0,91.0,14.2918,0.0903,0.0602,0.0666,0.0633,0.0958,0.0666,0.0839,0.0577,611.32,254.75,330.65,84.585,85.05,85.215,82.3425,83.55,81.9975,75.1299,593.55,600.0,19.9324,573.26,541.43,7.9798
86.8,57.5625,3.9937,57.6,224.37,279.5758,446.45,2.6586,6.015,177.9705,355.77,71.8619,732.8,18.5396,617.22,617.22,9.7129,65.9162,76.0167,2.6586,6.015,11.1105,15.7099,9.2829,177.968,355.77,732.8,75.2864,32.62,5.64,2.525,11.968,132.0,91.0,14.339,0.0901,0.0593,0.0658,0.0623,0.0957,0.0658,0.0839,0.0567,616.28,254.65,330.55,84.6225,85.0125,85.215,82.29,83.5575,82.0425,74.6486,597.6,600.0,19.9352,573.32,541.46,7.9125
86.875,57.5625,3.5875,57.525,223.425,278.8181,445.15,2.6514,6.0175,177.4575,355.77,71.8344,731.76,18.5016,614.52,614.52,9.6911,65.8889,75.9705,2.6514,6.0175,11.1086,15.7092,9.2713,177.45,355.77,731.76,75.1883,32.615,5.492,2.597,11.999,132.0,91.0,14.3793,0.0912,0.0592,0.0657,0.0623,0.0968,0.0657,0.0851,0.0565,620.52,254.55,330.45,84.585,84.975,85.2,82.3275,83.5575,82.0125,74.23,601.02,600.0,19.9381,573.41,541.52,7.8552
86.275,57.5625,3.9078,57.525,223.38,278.8181,443.9,2.6438,6.0075,176.904,355.65,71.8104,730.48,18.4748,611.82,611.82,9.6715,65.8636,75.9347,2.6438,6.0075,11.1062,15.7079,9.2582,176.904,355.65,730.48,75.0389,32.605,5.403,2.691,12.021,132.0,91.0,14.4037,0.0932,0.0599,0.0664,0.0629,0.0989,0.0664,0.0872,0.0571,624.04,254.45,330.3,84.5475,85.0275,85.26,82.3275,83.595,81.9675,73.8727,603.84,600.0,19.941,573.5,541.58,7.7871
86.1,57.6,3.5875,57.6,222.93,278.0261,442.85,2.6366,5.9875,176.364,355.41,71.7896,729.04,18.4586,609.18,609.18,9.6544,65.8405,75.907,2.6366,5.9875,11.107,15.7084,9.2438,176.358,355.41,729.04,74.9895,32.605,5.361,2.802,12.036,132.0,91.0,14.429,0.096,0.0612,0.0677,0.0641,0.1018,0.0676,0.0901,0.0583,627.0,254.4,330.2,84.5475,85.02,85.245,82.335,83.5725,81.9825,73.5678,606.15,600.0,19.9439,573.59,541.67,7.7291
86.3,57.6,3.5875,57.525,222.03,276.614,441.6,2.6294,5.96,175.7835,355.11,71.773,727.36,18.4496,606.84,606.84,9.6393,65.8206,75.8882,2.6294,5.96,11.1093,15.7077,9.2284,175.784,355.11,727.36,74.9401,32.605,5.36,2.926,12.049,132.0,91.0,14.4379,0.0993,0.0629,0.0693,0.0658,0.1051,0.0693,0.0936,0.0599,629.4,254.3,330.1,84.5925,84.9825,85.245,82.365,83.5575,82.0125,73.3062,608.04,600.0,19.9468,573.71,541.79,7.6711
86.525,57.6,3.575,57.5625,221.76,276.6829,440.55,2.622,5.9275,175.2435,354.72,71.7571,725.92,18.4496,604.56,604.56,9.6263,65.8023,75.8792,2.622,5.9275,11.1081,15.7059,9.2136,175.238,354.72,725.92,74.8908,32.605,5.392,3.059,12.056,132.0,88.2995,14.4557,0.103,0.065,0.0713,0.0677,0.109,0.0713,0.0975,0.0618,631.36,254.25,330.0,84.63,84.9525,85.29,82.3575,83.5275,82.005,73.0859,609.54,600.0,19.9496,573.86,541.91,7.6025
86.825,57.5625,3.9969,57.5625,220.95,276.063,439.9,2.6158,5.89,174.7305,354.3,71.746,724.16,18.4538,602.7,602.7,9.6152,65.786,75.875,2.6158,5.89,11.108,15.7052,9.1999,174.734,354.3,724.16,74.8414,32.605,5.45,3.195,12.063,132.0,86.127,14.4568,0.107,0.0674,0.0735,0.0699,0.113,0.0735,0.1016,0.064,632.92,254.15,329.9,84.6225,84.9975,85.29,82.365,83.5275,81.96,72.9045,610.68,600.0,19.9525,574.01,542.03,7.5438
86.1,57.5625,3.2812,57.5625,220.95,274.5822,438.55,2.6098,5.8475,174.258,353.85,71.7358,722.64,18.4643,600.96,600.96,9.6061,65.7724,75.8777,2.6098,5.8475,11.107,15.7037,9.1866,174.258,353.85,722.64,74.8427,32.61,5.53,3.334,12.065,129.156,83.7675,14.4665,0.1111,0.0699,0.0759,0.0723,0.1173,0.0758,0.1059,0.0664,634.12,254.1,329.8,84.615,84.96,85.2825,82.365,83.5125,81.9675,72.7524,611.55,600.0,19.9554,574.16,542.15,7.4745
86.4,57.6,3.6094,57.5625,220.2975,274.3755,437.95,2.6048,5.805,173.799,353.37,71.7285,721.04,18.4791,599.46,599.46,9.5983,65.7603,75.8842,2.6048,5.805,11.1066,15.7019,9.1734,173.796,353.37,721.04,74.8445,32.615,5.626,3.47,12.069,124.812,81.3255,14.4679,0.1153,0.0724,0.0784,0.0748,0.1215,0.0783,0.1103,0.0689,635.0,254.0,329.7,84.6225,84.9675,85.2525,82.3125,83.49,81.9975,72.6306,612.15,600.0,19.9583,574.31,542.3,7.4151
86.05,57.525,3.9328,57.6,219.4875,274.3411,436.65,2.6002,5.76,173.394,352.89,71.7225,719.6,18.4971,598.2,598.2,9.5914,65.7502,75.8955,2.6002,5.76,11.1055,15.7007,9.1613,173.39,352.89,719.6,74.8976,32.625,5.735,3.602,12.067,120.522,78.834,14.4693,0.1194,0.0751,0.0808,0.0772,0.1258,0.0808,0.1145,0.0713,635.64,253.95,329.6,84.6075,84.93,85.275,82.2825,83.505,81.9975,72.5289,612.57,600.0,19.9612,574.46,542.45,7.3451
86.925,57.5625,3.3937,57.6,219.06,272.8947,435.65,2.5966,5.715,173.0025,352.44,71.7188,718.16,18.5181,597.12,597.12,9.5868,65.7421,75.9087,2.5966,5.715,11.1048,15.7024,9.1503,173.012,352.44,718.16,74.952,32.635,5.852,3.728,12.068,116.358,76.37,14.4707,0.1234,0.0776,0.0833,0.0797,0.1298,0.0832,0.1187,0.0738,636.04,253.85,329.5,84.645,84.9825,85.305,82.2525,83.49,81.9675,72.4518,612.78,600.0,19.964,574.64,542.6,7.2851
86.1,57.525,3.3937,57.5625,219.0375,272.6191,434.65,2.593,5.67,172.665,351.99,71.7173,716.72,18.5406,596.28,596.28,9.5833,65.7353,75.9265,2.593,5.67,11.1041,15.7022,9.1404,172.662,351.99,716.72,74.957,32.64,5.974,3.846,12.067,112.38,73.9665,14.4807,0.1272,0.0802,0.0856,0.0821,0.1338,0.0856,0.1226,0.0762,636.28,253.8,329.4,84.675,85.035,85.29,82.26,83.46,81.975,72.3927,612.84,600.0,19.9669,574.82,542.75,7.2251
86.925,57.6,3.1844,57.5625,218.43,272.3436,434.35,2.5908,5.6275,172.368,351.57,71.7161,715.52,18.5643,595.62,595.62,9.5812,65.7302,75.9435,2.5908,5.6275,11.1034,15.7019,9.1316,172.368,351.57,715.52,75.0133,32.65,6.099,3.955,12.066,108.642,71.6675,14.4823,0.1308,0.0826,0.0878,0.0843,0.1374,0.0878,0.1264,0.0785,636.36,253.75,329.3,84.705,85.065,85.2675,82.215,83.46,81.945,72.352,612.75,600.0,19.9698,574.97,542.93,7.1545
86.925,57.525,3.6406,57.6,217.395,271.2416,432.8,2.588,5.585,172.125,351.15,71.7169,714.32,18.5893,595.08,595.08,9.5791,65.7269,75.9655,2.588,5.585,11.1065,15.7017,9.1228,172.13,351.15,714.32,75.0708,32.66,6.225,4.055,12.066,105.156,69.4895,14.4926,0.1342,0.0849,0.0899,0.0864,0.1409,0.0898,0.1299,0.0807,636.28,253.65,329.25,84.6975,85.08,85.23,82.23,83.505,81.915,72.3231,612.57,600.0,19.9727,575.15,543.08,7.0938
86.55,57.5625,3.9859,57.6,217.7775,271.3105,432.5,2.5866,5.545,171.8955,350.79,71.717,713.44,18.6136,594.78,594.78,9.5788,65.7238,75.9857,2.5866,5.545,11.1071,15.7014,9.1168,171.892,350.79,713.44,75.1295,32.67,6.348,4.147,12.068,101.934,67.449,14.4946,0.1373,0.087,0.0918,0.0884,0.1441,0.0918,0.1331,0.0828,636.08,253.6,329.15,84.705,85.1175,85.2075,82.2675,83.475,81.9525,72.3061,612.3,600.0,19.9756,575.33,543.23,7.0225
86.975,57.6,3.7797,57.6,216.45,269.7607,430.55,2.5846,5.4725,171.558,350.13,71.7153,712.48,18.6646,594.3,594.3,9.5771,65.7176,76.0272,2.585,5.5075,11.1061,15.7015,9.1058,171.556,350.13,711.68,75.302,32.695,6.583,4.304,12.07,96.294,65.557,14.516,0.1428,0.0908,0.0952,0.0919,0.1498,0.0952,0.1388,0.0865,635.44,253.5,329.0,84.7125,85.1025,85.29,82.2075,83.4825,81.945,72.302,611.55,600.0,19.9813,575.66,543.56,6.8891
86.975,57.6,3.3562,57.6,216.45,269.7607,430.55,2.5846,5.4725,171.558,350.13,71.7153,712.48,18.6646,594.3,594.3,9.5771,65.7176,76.0272,2.585,5.5075,11.1061,15.7015,9.1058,171.556,350.13,711.68,75.302,32.695,6.583,4.304,12.07,96.294,63.8355,14.516,0.1428,0.0908,0.0952,0.0919,0.1498,0.0952,0.1388,0.0865,635.44,253.5,329.0,84.7125,85.1025,85.29,82.2075,83.4825,81.945,72.302,611.55,600.0,19.9813,575.66,543.56,6.8891
86.8,57.6,4.0,57.5625,215.865,269.3819,429.65,2.5838,5.44,171.45,349.83,71.7233,710.96,18.6891,594.24,594.24,9.5805,65.7208,76.0505,2.5838,5.44,11.1065,15.7015,9.1009,171.444,349.83,710.96,75.3651,32.705,6.693,4.37,12.07,93.876,62.268,14.5185,0.1452,0.0925,0.0967,0.0935,0.1522,0.0967,0.1412,0.0881,635.0,253.45,328.9,84.6675,85.0575,85.2825,82.2675,83.4675,81.945,72.3117,611.1,600.0,19.9842,575.84,543.74,6.8271
86.55,57.6,3.1672,57.525,216.2475,269.6574,428.9,2.5834,5.41,171.342,349.56,71.7268,710.32,18.7131,594.24,594.24,9.5819,65.7212,76.0722,2.5834,5.41,11.1063,15.7015,9.0975,171.346,349.56,710.32,75.4801,32.72,6.796,4.43,12.075,91.686,60.849,14.5382,0.1473,0.094,0.0981,0.0948,0.1544,0.0981,0.1434,0.0895,634.56,253.4,328.8,84.66,85.0875,85.32,82.2225,83.445,81.975,72.327,610.62,600.0,19.9871,576.02,543.89,6.7545
86.475,57.5625,3.1672,57.6,215.4375,269.0719,429.0,2.5834,5.3825,171.261,349.32,71.7313,709.68,18.7356,594.36,594.36,9.5846,65.7231,76.093,2.5834,5.3825,11.1061,15.7023,9.0937,171.262,349.32,709.68,75.5464,32.73,6.892,4.484,12.078,89.706,59.5785,14.5498,0.1493,0.0954,0.0993,0.0961,0.1564,0.0993,0.1454,0.0908,634.04,253.3,328.75,84.6525,85.1175,85.3125,82.1925,83.46,81.9825,72.3442,610.14,600.0,19.99,576.17,544.04,6.6918
86.3,57.5625,3.9641,57.5625,215.19,268.3142,428.05,2.5838,5.36,171.207,349.11,71.7349,709.28,18.7568,594.54,594.54,9.5865,65.7246,76.1122,2.5838,5.36,11.1059,15.7025,9.0926,171.206,349.11,709.28,75.6139,32.74,6.981,4.533,12.08,87.906,58.4125,14.5618,0.151,0.0966,0.1004,0.0972,0.1582,0.1004,0.1472,0.092,633.52,253.25,328.65,84.5925,85.08,85.2975,82.2,83.4825,81.945,72.3708,609.6,600.0,19.9928,576.35,544.22,6.6185
86.9,57.525,3.5156,57.6,214.875,268.0387,427.25,2.584,5.335,171.1665,348.93,71.7391,708.88,18.7773,594.72,594.72,9.5894,65.7265,76.1317,2.584,5.335,11.1058,15.7028,9.0904,171.164,348.93,708.88,75.6826,32.75,7.064,4.577,12.085,86.256,58.4125,14.574,0.1526,0.0977,0.1014,0.0983,0.1598,0.1014,0.1489,0.0931,633.0,253.2,328.6,84.5625,85.1175,85.3275,82.2075,83.505,81.9225,72.3959,609.09,600.0,19.9957,576.5,544.37,6.5551
86.975,57.5625,3.5156,57.5625,214.8075,267.2466,426.15,2.5844,5.315,171.126,348.75,71.7434,708.56,18.7956,595.02,595.02,9.5928,65.7289,76.1502,2.5844,5.315,11.1056,15.703,9.0887,171.122,348.75,708.56,75.8033,32.765,7.14,4.618,12.089,84.732,57.3565,14.5865,0.1541,0.0987,0.1024,0.0992,0.1614,0.1023,0.1504,0.0941,632.44,253.15,328.55,84.5325,85.1325,85.335,82.2,83.52,81.9075,72.4268,608.55,600.0,19.9986,576.65,544.52,6.4918
86.125,57.525,3.8375,57.6,214.0875,267.4877,425.95,2.5848,5.295,171.099,348.57,71.7488,708.16,18.8148,595.14,595.14,9.5953,65.7318,76.1682,2.5848,5.295,11.1054,15.7033,9.0876,171.094,348.57,708.16,75.8751,32.775,7.212,4.656,12.094,83.304,56.383,14.5907,0.1555,0.0997,0.1032,0.1001,0.1628,0.1032,0.1519,0.095,631.88,253.1,328.45,84.525,85.1325,85.2975,82.2,83.4825,81.9,72.4599,608.01,600.0,20.0015,576.83,544.67,6.4178
86.95,57.6,3.8375,57.525,213.435,266.799,425.6,2.5854,5.2775,171.099,348.42,71.7535,707.92,18.8336,595.26,595.26,9.5992,65.7352,76.185,2.5854,5.2775,11.1053,15.7028,9.0865,171.094,348.42,707.92,75.9483,32.785,7.278,4.692,12.098,81.936,55.481,14.6035,0.1568,0.1006,0.104,0.1009,0.1642,0.104,0.1532,0.0959,631.32,253.05,328.4,84.5325,85.1475,85.29,82.2,83.5275,81.87,72.4952,607.47,600.0,20.0044,576.98,544.82,6.3538
86.375,57.6,3.1375,57.5625,213.525,266.2479,424.8,2.586,5.26,171.072,348.27,71.7586,707.68,18.8511,595.44,595.44,9.6028,65.7391,76.201,2.586,5.26,11.1051,15.7028,9.086,171.066,348.27,707.68,76.0733,32.8,7.341,4.728,12.102,80.622,54.6285,14.6079,0.1581,0.1015,0.1048,0.1017,0.1654,0.1047,0.1546,0.0967,630.76,253.0,328.35,84.57,85.1025,85.32,82.1625,83.565,81.9075,72.5327,606.93,600.0,20.0072,577.13,544.97,6.2791
86.25,57.525,3.5234,57.525,213.705,266.2479,423.6,2.5862,5.2425,171.072,348.12,71.7641,707.44,18.8693,595.5,595.5,9.606,65.7428,76.2177,2.5862,5.2425,11.1049,15.7028,9.0849,171.08,348.12,707.44,76.1495,32.81,7.4,4.762,12.105,79.326,53.82,14.621,0.1593,0.1023,0.1055,0.1025,0.1668,0.1055,0.1559,0.0975,630.2,252.95,328.25,84.57,85.065,85.29,82.1325,83.5575,81.96,72.5761,606.36,600.0,20.0101,577.28,545.09,6.2145
86.475,57.6,3.5234,57.6,213.21,265.1803,423.75,2.5864,5.225,171.0855,347.97,71.77,707.2,18.8858,595.68,595.68,9.6107,65.7467,76.2342,2.5864,5.225,11.104,15.7028,9.0843,171.08,347.97,707.2,76.2776,32.825,7.457,4.797,12.109,78.048,53.0335,14.6257,0.1605,0.1031,0.1062,0.1032,0.168,0.1062,0.1571,0.0983,629.64,252.9,328.2,84.57,85.1025,85.2525,82.1475,83.6025,81.945,72.618,605.82,600.0,20.013,577.4,545.24,6.1391
86.95,57.525,3.7719,57.5625,212.6475,264.8015,422.55,2.587,5.2075,171.0855,347.85,71.7763,706.96,18.9016,595.86,595.86,9.6151,65.7509,76.249,2.587,5.2075,11.1036,15.7028,9.0833,171.08,347.85,706.96,76.357,32.835,7.511,4.831,12.111,76.764,52.269,14.639,0.1618,0.1039,0.107,0.104,0.1693,0.107,0.1584,0.0991,629.04,252.85,328.15,84.54,85.1325,85.26,82.1325,83.5725,81.96,72.6621,605.28,600.0,20.0159,577.55,545.36,6.0738
86.9,57.6,3.3156,57.6,212.625,264.526,422.6,2.5872,5.19,171.0855,347.7,71.7823,706.8,18.9188,595.86,595.86,9.619,65.7561,76.2645,2.5872,5.19,11.1069,15.7028,9.0827,171.08,347.7,706.8,76.4376,32.845,7.564,4.867,12.116,75.468,51.4935,14.644,0.163,0.1047,0.1077,0.1047,0.1706,0.1077,0.1597,0.0998,628.48,252.85,328.1,84.585,85.1625,85.2975,82.155,83.5425,81.93,72.7084,604.74,600.0,20.0188,577.67,545.51,5.9978
86.9,57.525,3.3156,57.5625,211.95,264.6293,421.85,2.5874,5.1725,171.0855,347.55,71.7879,706.72,18.9338,596.04,596.04,9.6237,65.761,76.2797,2.5874,5.1725,11.1077,15.7028,9.0816,171.08,347.55,706.72,76.5701,32.86,7.617,4.902,12.119,74.16,50.729,14.6576,0.1643,0.1056,0.1084,0.1055,0.1719,0.1084,0.161,0.1006,627.92,252.8,328.0,84.5475,85.155,85.3275,82.2075,83.55,81.96,72.7607,604.17,600.0,20.0369,577.82,545.63,5.9318
86.8,57.5625,3.6156,57.6,212.0625,264.0438,421.15,2.5874,5.155,171.0855,347.43,71.7949,706.48,18.9503,596.04,596.04,9.6286,65.7661,76.2955,2.5874,5.155,11.1086,15.7028,9.081,171.08,347.43,706.48,76.6539,32.87,7.668,4.938,12.122,72.834,49.948,14.6629,0.1655,0.1064,0.1092,0.1062,0.1732,0.1091,0.1623,0.1014,627.32,252.75,327.95,84.5475,85.1175,85.2975,82.2225,83.5425,81.93,72.8152,603.6,600.0,20.0403,577.94,545.75,5.8551
86.875,57.525,3.8344,57.6,211.995,263.665,420.6,2.5876,5.1375,171.0585,347.28,71.8023,706.24,18.9668,596.04,596.04,9.6338,65.7716,76.3105,2.5876,5.1375,11.1056,15.7028,9.0799,171.066,347.28,706.24,76.7389,32.88,7.719,4.975,12.125,71.49,49.167,14.6682,0.1668,0.1072,0.1099,0.107,0.1746,0.1098,0.1636,0.1022,626.76,252.7,327.9,84.5325,85.1475,85.32,82.215,83.505,81.93,72.8721,603.03,600.0,20.0437,578.06,545.87,5.7885
86.425,57.5625,3.8531,57.525,211.5225,263.4239,420.4,2.5878,5.12,171.0855,347.13,71.81,706.0,18.9833,596.04,596.04,9.6392,65.7772,76.3252,2.5878,5.12,11.1052,15.7028,9.0788,171.08,347.13,706.0,76.8758,32.895,7.77,5.012,12.129,70.134,48.364,14.6735,0.1681,0.1081,0.1107,0.1078,0.1758,0.1106,0.1649,0.103,626.16,252.65,327.85,84.525,85.125,85.2675,82.2675,83.49,81.975,72.9312,602.46,600.0,20.047,578.18,545.99,5.7111
86.0,57.5625,3.95,57.525,211.0725,263.355,419.15,2.5884,5.1,171.072,346.98,71.8181,705.76,18.9983,596.16,596.16,9.6448,65.7831,76.3382,2.5884,5.1,11.1048,15.7028,9.0783,171.08,346.98,705.76,76.9639,32.905,7.821,5.05,12.131,68.766,47.561,14.6787,0.1694,0.1089,0.1114,0.1085,0.1772,0.1114,0.1663,0.1038,625.56,252.6,327.8,84.5325,85.1325,85.2975,82.2675,83.4975,81.975,72.9927,601.89,600.0,20.0504,578.3,546.11,5.6438
86.6,57.6,3.7172,57.5625,210.3525,263.1828,418.8,2.5884,5.0825,171.099,346.83,71.8254,705.68,19.0143,596.16,596.16,9.6508,65.7893,76.3527,2.5884,5.0825,11.1044,15.7028,9.0778,171.094,346.83,705.68,77.0533,32.915,7.872,5.087,12.134,67.398,46.747,14.684,0.1707,0.1098,0.1122,0.1093,0.1786,0.1122,0.1677,0.1047,624.96,252.6,327.75,84.495,85.0875,85.26,82.26,83.52,81.945,73.0602,601.29,600.0,20.0538,578.42,546.23,5.5765
86.175,57.5625,3.6734,57.525,210.0375,262.0464,418.15,2.5884,5.0625,171.099,346.68,71.8334,705.52,19.0303,596.16,596.16,9.6562,65.7957,76.3672,2.5884,5.0625,11.104,15.702,9.0766,171.094,346.68,705.52,77.1945,32.93,7.923,5.125,12.136,66.024,45.933,14.6979,0.172,0.1106,0.113,0.1101,0.1799,0.113,0.169,0.1055,624.32,252.55,327.7,84.48,85.1175,85.3125,82.305,83.5125,81.975,73.1339,600.66,600.0,20.0572,578.54,546.32,5.4985
86.15,57.6,3.9281,57.6,209.97,262.2874,417.95,2.588,5.0425,171.1125,346.53,71.8423,705.28,19.0463,596.16,596.16,9.6623,65.8024,76.3832,2.588,5.0425,11.1065,15.7018,9.075,171.108,346.53,705.28,77.287,32.94,7.974,5.163,12.138,64.656,45.108,14.7035,0.1733,0.1115,0.1137,0.1109,0.1813,0.1137,0.1704,0.1063,623.68,252.5,327.65,84.4725,85.125,85.32,82.2975,83.46,82.0275,73.2101,600.03,600.0,20.0605,578.66,546.44,5.4305
86.05,57.525,3.7734,57.525,210.1275,261.8397,417.3,2.5882,5.0225,171.1125,346.23,71.8596,704.96,19.0771,596.28,596.1,9.6744,65.8165,76.4122,2.5882,5.005,11.1071,15.7015,9.0739,171.108,346.38,705.2,77.527,32.965,8.025,5.2,12.14,61.95,44.294,14.7146,0.1746,0.1124,0.1145,0.1117,0.1826,0.1145,0.1717,0.1071,623.04,252.45,327.6,84.4725,85.125,85.3275,82.2675,83.475,81.99,73.374,598.74,600.0,20.0639,578.75,546.53,5.2831
86.5,57.5625,3.6156,57.525,210.195,261.8397,416.7,2.5882,5.005,171.126,346.23,71.8596,704.96,19.0771,596.28,596.28,9.6744,65.8165,76.4122,2.5882,5.005,11.1077,15.7013,9.0739,171.122,346.23,704.96,77.527,32.965,8.075,5.237,12.145,61.95,43.4635,14.7146,0.1759,0.1132,0.1153,0.1125,0.184,0.1153,0.173,0.1079,622.36,252.45,327.55,84.45,85.14,85.32,82.29,83.46,81.9525,73.374,598.74,600.0,20.0673,578.87,546.65,5.2831
86.25,57.6,3.8891,57.5625,209.3625,261.7364,416.1,2.5884,4.985,171.1395,345.93,71.8768,704.8,19.1081,596.28,596.28,9.6873,65.8316,76.4407,2.5884,4.965,11.1048,15.7008,9.0728,171.15,346.08,704.88,77.7726,32.99,8.125,5.273,12.146,59.328,42.6495,14.7257,0.1772,0.1141,0.116,0.1133,0.1853,0.116,0.1744,0.1088,621.72,252.4,327.5,84.4575,85.125,85.2975,82.2525,83.505,81.975,73.5521,597.42,600.0,20.074,578.96,546.74,5.1345
86.65,57.5625,3.5344,57.5625,209.34,261.0821,416.0,2.5884,4.965,171.1395,345.93,71.8768,704.8,19.1081,596.28,596.28,9.6873,65.8316,76.4407,2.5884,4.965,11.1048,15.7008,9.0722,171.15,345.93,704.8,77.7726,32.99,8.175,5.308,12.148,59.328,41.841,14.7257,0.1784,0.1149,0.1168,0.114,0.1866,0.1168,0.1757,0.1095,621.0,252.35,327.45,84.4575,85.125,85.2675,82.215,83.4975,82.02,73.5521,597.42,600.0,20.074,579.05,546.83,5.1345
86.8,57.525,3.1109,57.5625,208.935,260.2211,415.7,2.5886,4.9475,171.1665,345.78,71.8959,704.48,19.1236,596.28,596.28,9.6942,65.8466,76.468,2.5888,4.9275,11.1044,15.7005,9.0717,171.164,345.78,704.56,77.8726,33.0,8.224,5.343,12.15,56.808,41.049,14.7312,0.1796,0.1157,0.1175,0.1148,0.1878,0.1175,0.1769,0.1103,620.32,252.35,327.4,84.495,85.14,85.245,82.2675,83.4825,82.0575,73.7447,596.07,600.0,20.0774,579.14,546.92,5.0545
86.6,57.5625,3.6687,57.6,208.9125,260.6344,414.75,2.5888,4.9275,171.1935,345.63,71.8959,704.48,19.1391,596.28,596.28,9.7006,65.8466,76.468,2.5888,4.9275,11.1033,15.7003,9.0711,171.192,345.63,704.48,77.9739,33.01,8.272,5.377,12.153,56.808,40.268,14.7368,0.1808,0.1165,0.1182,0.1155,0.189,0.1182,0.1781,0.1111,619.6,252.3,327.35,84.495,85.1475,85.2675,82.305,83.46,82.08,73.7447,596.07,600.0,20.0808,579.23,546.98,5.0
86.825,57.525,3.2641,57.5625,208.3725,260.6688,414.35,2.589,4.91,171.2205,345.51,71.9145,704.32,19.1538,596.34,596.34,9.707,65.8622,76.4965,2.5886,4.8925,11.1063,15.7,9.0711,171.22,345.51,704.4,78.0764,33.02,8.32,5.409,12.155,54.426,39.5035,14.7337,0.182,0.1173,0.119,0.1162,0.1902,0.119,0.1793,0.1118,618.88,252.25,327.3,84.5325,85.125,85.29,82.275,83.4525,82.065,73.9559,594.66,600.0,20.0994,579.29,547.07,5.0
86.225,57.5625,3.2641,57.5625,208.125,259.9111,414.6,2.5886,4.8925,171.2475,345.36,71.9145,704.32,19.1683,596.4,596.4,9.7142,65.8622,76.4965,2.5886,4.8925,11.1069,15.6998,9.0701,171.248,345.36,704.32,78.2308,33.035,8.366,5.441,12.157,54.426,38.7555,14.739,0.1831,0.118,0.1196,0.1169,0.1914,0.1196,0.1805,0.1126,618.16,252.25,327.3,84.5175,85.0875,85.2975,82.23,83.49,82.035,73.9559,594.66,600.0,20.1033,579.38,547.16,5.0
86.8,57.525,3.475,57.6,208.395,259.739,413.75,2.589,4.875,171.2745,345.24,71.9234,704.32,19.1826,596.46,596.46,9.7208,65.8699,76.5092,2.589,4.875,11.1075,15.6995,9.0701,171.276,345.24,704.32,78.3364,33.045,8.412,5.471,12.159,52.176,38.0295,14.7529,0.1842,0.1188,0.1203,0.1176,0.1926,0.1203,0.1816,0.1133,617.44,252.2,327.25,84.5625,85.1175,85.2975,82.2225,83.5125,81.99,74.1786,593.25,600.0,20.1071,579.44,547.22,5.0
86.4,57.525,3.4891,57.6,207.54,259.8767,413.95,2.5892,4.8575,171.288,345.12,71.9329,704.24,19.1966,596.52,596.52,9.7275,65.8783,76.5222,2.5892,4.8575,11.1043,15.6993,9.0701,171.29,345.12,704.24,78.4433,33.055,8.457,5.501,12.159,52.176,37.3255,14.7585,0.1852,0.1195,0.121,0.1183,0.1937,0.121,0.1827,0.114,616.72,252.2,327.2,84.525,85.1175,85.2525,82.275,83.505,81.9825,74.1786,593.25,600.0,20.111,579.5,547.28,5.0
86.825,57.6,3.95,57.5625,207.765,259.2224,412.85,2.5894,4.8225,171.3555,344.85,71.9524,704.08,19.2231,596.7,596.7,9.7411,65.8949,76.548,2.5894,4.8225,11.103,15.7028,9.0695,171.36,344.85,704.08,78.6608,33.075,8.543,5.557,12.166,50.064,35.967,14.7696,0.1873,0.1209,0.1222,0.1196,0.1958,0.1222,0.1848,0.1153,615.2,252.1,327.1,84.465,85.1325,85.2675,82.3125,83.49,81.945,74.4164,591.81,600.0,20.1187,579.62,547.4,5.0
86.825,57.6,3.3453,57.5625,207.765,259.2224,412.85,2.5894,4.8225,171.3555,344.85,71.9524,704.08,19.2231,596.7,596.7,9.7411,65.8949,76.548,2.5894,4.8225,11.103,15.7028,9.0695,171.36,344.85,704.08,78.6608,33.075,8.543,5.557,12.166,50.064,35.967,14.7696,0.1873,0.1209,0.1222,0.1196,0.1958,0.1222,0.1848,0.1153,615.2,252.1,327.1,84.465,85.1325,85.2675,82.3125,83.49,81.945,74.4164,591.81,600.0,20.1187,579.62,547.4,5.0
86.4,57.525,3.3453,57.6,207.3825,258.8435,412.2,2.5898,4.8075,171.396,344.73,71.9716,704.0,19.2361,596.76,596.76,9.7485,65.9112,76.5725,2.5898,4.79,11.1061,15.7035,9.0695,171.402,344.73,704.0,78.9345,33.1,8.585,5.584,12.168,48.072,35.3125,14.7807,0.1882,0.1215,0.1228,0.1202,0.1968,0.1228,0.1858,0.1159,614.48,252.1,327.1,84.4275,85.095,85.305,82.35,83.475,81.9225,74.6696,590.34,600.0,20.1226,579.68,547.46,5.0
86.95,57.525,3.1609,57.6,207.3825,258.4991,412.1,2.5898,4.79,171.4365,344.64,71.9716,704.0,19.2481,596.88,596.88,9.7554,65.9112,76.5725,2.5898,4.79,11.1066,15.7013,9.0695,171.444,344.64,704.0,78.9345,33.1,8.625,5.609,12.17,48.072,34.68,14.7807,0.1892,0.1222,0.1234,0.1208,0.1978,0.1234,0.1868,0.1165,613.72,252.05,327.05,84.495,85.11,85.26,82.2975,83.4675,81.9,74.6696,590.34,600.0,20.1264,579.74,547.52,5.0
86.4,57.6,3.8953,57.5625,206.865,258.2581,411.5,2.5902,4.775,171.477,344.52,71.981,704.0,19.2618,596.82,596.82,9.7616,65.9201,76.5837,2.5902,4.775,11.1072,15.701,9.0695,171.486,344.52,704.0,79.0483,33.11,8.665,5.634,12.172,47.118,34.064,14.7862,0.1901,0.1228,0.124,0.1214,0.1987,0.1239,0.1877,0.1172,612.96,252.05,327.0,84.495,85.1475,85.26,82.3125,83.49,81.87,74.7989,589.62,600.0,20.1303,579.77,547.55,5.0
86.85,57.5625,3.8953,57.5625,207.045,258.3614,412.0,2.5902,4.76,171.504,344.4,71.9904,704.0,19.2728,597.0,597.0,9.769,65.9278,76.596,2.5902,4.76,11.1041,15.7008,9.0695,171.5,344.4,704.0,79.1633,33.12,8.703,5.659,12.175,45.3,33.459,14.7918,0.191,0.1234,0.1245,0.122,0.1996,0.1245,0.1886,0.1177,612.2,252.0,326.95,84.465,85.17,85.305,82.305,83.4675,81.93,75.066,588.18,600.0,20.1342,579.83,547.61,5.0
86.05,57.525,3.3109,57.6,206.6175,258.1203,410.8,2.5906,4.745,171.5445,344.31,71.9992,704.08,19.2861,596.94,596.94,9.7752,65.936,76.6067,2.5906,4.745,11.1034,15.7005,9.0706,171.542,344.31,704.08,79.2795,33.13,8.741,5.682,12.177,45.3,32.8705,14.7973,0.1918,0.124,0.1251,0.1225,0.2006,0.125,0.1895,0.1183,611.44,251.95,326.9,84.5025,85.2,85.3125,82.2675,83.5125,81.945,75.066,588.18,600.0,20.1533,579.86,547.64,5.0
86.125,57.6375,3.3109,57.5625,206.2125,258.0514,411.1,2.5906,4.73,171.5715,344.19,72.0084,704.08,19.2966,597.12,597.12,9.7818,65.9441,76.6185,2.5906,4.73,11.1027,15.7003,9.0706,171.57,344.19,704.08,79.397,33.14,8.778,5.704,12.179,43.572,32.304,14.8029,0.1927,0.1246,0.1256,0.123,0.2014,0.1256,0.1904,0.1189,610.68,251.95,326.9,84.5325,85.17,85.335,82.305,83.4975,81.945,75.3448,586.74,600.0,20.1577,579.89,547.67,5.0
86.275,57.6,3.1734,57.6,206.505,257.8448,410.55,2.5912,4.7025,171.6525,343.98,72.0275,704.0,19.3191,597.24,597.24,9.7954,65.9607,76.639,2.5912,4.7025,11.1064,15.6998,9.0706,171.654,343.98,704.0,79.5845,33.155,8.848,5.748,12.183,42.744,31.204,14.814,0.1943,0.1257,0.1266,0.1241,0.2031,0.1266,0.1921,0.1199,609.2,251.85,326.8,84.5325,85.2075,85.3425,82.2525,83.4375,81.9225,75.4886,586.02,600.0,20.1664,579.95,547.73,5.0
86.275,57.6,3.1734,57.6,206.505,257.8448,410.55,2.5912,4.7025,171.6525,343.98,72.0369,704.0,19.3306,597.24,597.24,9.8021,65.9689,76.65,2.5912,4.7025,11.1064,15.6998,9.0706,171.654,343.98,704.0,79.6039,33.155,8.848,5.748,12.183,42.744,31.204,14.8282,0.1943,0.1257,0.1266,0.1241,0.2031,0.1266,0.1921,0.1199,609.2,251.85,326.8,84.5325,85.2075,85.3425,82.2525,83.4375,81.9225,75.5451,586.02,600.0,20.1664,579.95,547.73,5.0
86.275,57.6,3.7484,57.6,206.505,257.8448,410.55,2.5912,4.7025,171.6525,343.8,72.0456,704.08,19.3413,597.3,597.24,9.8088,65.977,76.6602,2.5914,4.675,11.1038,15.6995,9.0706,171.654,343.98,704.0,79.8258,33.175,8.848,5.748,12.183,41.154,31.204,14.834,0.1943,0.1257,0.1266,0.1241,0.2031,0.1266,0.1921,0.1199,609.2,251.85,326.8,84.5325,85.2075,85.3425,82.2525,83.4375,81.9225,75.7819,584.58,600.0,20.1707,579.95,547.73,5.0
86.45,57.5625,3.1516,57.6,206.505,256.8116,409.95,2.5914,4.675,171.7335,343.71,72.0524,704.4,19.3466,597.78,597.3,9.8147,65.9845,76.6665,2.5926,4.66,11.1038,15.6993,9.0711,171.738,343.8,704.08,79.9489,33.185,8.916,5.788,12.188,40.374,30.1645,14.8398,0.1958,0.1268,0.1276,0.1251,0.2047,0.1276,0.1937,0.121,607.68,251.8,326.7,84.5325,85.1625,85.2975,82.3125,83.3925,82.0125,75.9344,583.86,600.0,20.1751,579.98,547.76,5.0
86.325,57.6,3.1516,57.6,205.6275,256.4672,409.8,2.5926,4.66,171.855,343.71,72.0524,704.4,19.3466,597.78,597.78,9.8147,65.9845,76.6665,2.5926,4.66,11.1031,15.702,9.0733,171.85,343.71,704.4,79.9489,33.185,8.948,5.808,12.19,39.624,29.6585,14.8398,0.1966,0.1273,0.1281,0.1256,0.2054,0.1281,0.1945,0.1215,606.96,251.75,326.65,84.5025,85.11,85.335,82.2675,83.4,82.0275,76.0935,583.11,600.0,20.1794,579.98,547.79,5.0
86.45,57.5625,3.1422,57.6,205.8525,256.5361,409.5,2.5916,4.6475,171.801,343.53,72.0715,704.24,19.3693,597.54,597.48,9.8285,66.0013,76.687,2.5924,4.635,11.1055,15.7035,9.0711,171.794,343.62,704.16,80.1477,33.2,8.98,5.827,12.195,38.892,29.1525,14.8515,0.1973,0.1278,0.1285,0.126,0.2062,0.1285,0.1952,0.122,606.2,251.7,326.6,84.48,85.095,85.305,82.29,83.43,82.0275,76.2482,582.42,600.0,20.1882,579.98,547.79,5.0
86.5,57.6375,3.6062,57.525,206.1225,256.9838,409.4,2.5924,4.635,171.828,343.53,72.0715,704.24,19.3693,597.54,597.54,9.8285,66.0013,76.687,2.5924,4.635,11.1055,15.7035,9.0722,171.836,343.53,704.24,80.1477,33.2,9.011,5.845,12.196,38.178,28.6685,14.8515,0.198,0.1283,0.129,0.1265,0.207,0.129,0.1959,0.1224,605.44,251.65,326.55,84.4575,85.05,85.32,82.3275,83.4525,82.0275,76.4094,581.7,600.0,20.1882,579.98,547.79,5.0
86.2,57.6,3.6062,57.6,205.875,256.5361,408.75,2.592,4.6225,171.8685,343.44,72.0812,704.16,19.3811,597.42,597.42,9.8352,66.0094,76.698,2.592,4.6225,11.1061,15.7013,9.0717,171.864,343.44,704.16,80.2739,33.21,9.041,5.863,12.198,38.178,28.19,14.8573,0.1987,0.1288,0.1294,0.1269,0.2077,0.1294,0.1966,0.1229,604.72,251.65,326.5,84.4275,85.0125,85.3575,82.2825,83.4075,81.9975,76.4094,581.7,600.0,20.2078,579.98,547.79,5.0
86.925,57.525,3.6391,57.6,205.335,256.1573,408.7,2.5922,4.6075,171.909,343.35,72.0897,704.24,19.3911,597.48,597.48,9.8411,66.0176,76.7072,2.5922,4.6075,11.1067,15.701,9.0722,171.906,343.35,704.24,80.3508,33.215,9.071,5.88,12.201,36.798,27.728,14.8546,0.1994,0.1292,0.1299,0.1274,0.2083,0.1298,0.1973,0.1233,603.96,251.6,326.4,84.3975,84.9825,85.365,82.29,83.4225,81.975,76.7368,580.29,600.0,20.2126,579.98,547.79,5.0
86.2,57.6,3.325,57.5625,205.7625,255.9851,408.45,2.5924,4.5975,171.936,343.2,72.1063,704.4,19.4081,597.78,597.54,9.8532,66.0337,76.725,2.5926,4.585,11.1028,15.7005,9.0728,171.934,343.26,704.32,80.5576,33.23,9.1,5.897,12.203,36.138,27.2715,14.8657,0.2,0.1297,0.1303,0.1278,0.209,0.1302,0.198,0.1238,603.24,251.55,326.35,84.375,84.975,85.365,82.3275,83.415,82.0125,76.9066,579.57,600.0,20.2223,579.95,547.79,5.0
86.975,57.6375,3.325,57.525,205.155,256.4328,408.25,2.5926,4.585,171.9765,343.2,72.1157,704.32,19.4081,597.78,597.78,9.8532,66.0411,76.7335,2.5928,4.5725,11.1028,15.7005,9.0733,171.976,343.2,704.4,80.5576,33.23,9.128,5.913,12.205,35.496,26.826,14.8657,0.2006,0.1301,0.1307,0.1283,0.2097,0.1306,0.1987,0.1242,602.48,251.5,326.3,84.39,84.9825,85.32,82.365,83.4225,82.0425,77.0756,578.88,600.0,20.2223,579.95,547.76,5.0
86.5,57.525,3.1594,57.6,205.4925,256.295,407.45,2.5928,4.5725,172.017,343.02,72.1239,704.4,19.4248,597.9,597.84,9.8655,66.0483,76.741,2.5932,4.56,11.1052,15.7,9.0733,172.018,343.11,704.32,80.7683,33.245,9.156,5.929,12.205,34.872,26.4025,14.8857,0.2013,0.1306,0.1311,0.1286,0.2103,0.131,0.1993,0.1247,601.76,251.45,326.25,84.4275,84.9675,85.2975,82.38,83.46,82.0575,77.2511,578.16,600.0,20.232,579.92,547.76,5.0
86.0,57.6,3.5766,57.525,204.7275,255.3996,407.2,2.5932,4.56,172.0575,342.96,72.132,704.48,19.4343,597.84,597.9,9.8717,66.0567,76.7502,2.593,4.55,11.1058,15.6998,9.0744,172.06,343.02,704.4,80.9001,33.255,9.183,5.944,12.208,34.266,25.9845,14.8915,0.2019,0.131,0.1315,0.1291,0.211,0.1314,0.1999,0.1251,601.0,251.4,326.2,84.435,84.9825,85.2675,82.4175,83.4525,82.035,77.4258,577.47,600.0,20.2369,579.89,547.73,5.0
86.55,57.6,3.3125,57.5625,204.7725,255.9162,406.8,2.5932,4.5375,172.098,342.87,72.1394,704.64,19.4426,597.9,597.9,9.8778,66.0639,76.7582,2.5932,4.5375,11.1064,15.6995,9.0739,172.102,342.87,704.64,80.9826,33.26,9.235,5.973,12.213,33.678,25.165,14.8973,0.203,0.1318,0.1319,0.1294,0.2122,0.1318,0.2011,0.1259,599.56,251.35,326.1,84.5175,85.005,85.305,82.3575,83.4075,82.0725,77.6032,576.78,600.0,20.2417,579.86,547.7,5.0
86.55,57.6,3.3125,57.5625,204.7725,255.9162,406.8,2.5932,4.5375,172.098,342.87,72.1484,704.56,19.4426,597.9,597.9,9.8778,66.0715,76.7652,2.5936,4.5275,11.1064,15.6995,9.075,172.102,342.87,704.64,80.9826,33.26,9.235,5.973,12.213,33.108,25.165,14.8973,0.203,0.1318,0.1323,0.1298,0.2122,0.1322,0.2011,0.1259,599.56,251.3,326.1,84.5175,85.005,85.305,82.3575,83.4075,82.0725,77.7835,576.09,600.0,20.2417,579.83,547.7,5.0
86.875,57.5625,3.4812,57.6,204.3,255.8129,407.05,2.5936,4.5275,172.125,342.81,72.1484,704.56,19.4521,597.84,597.84,9.8833,66.0715,76.7652,2.5936,4.5275,11.1032,15.6993,9.075,172.13,342.81,704.56,81.0658,33.265,9.26,5.987,12.216,32.556,24.769,14.8946,0.2036,0.1322,0.1326,0.1302,0.2127,0.1326,0.2017,0.1262,598.84,251.3,326.0,84.54,84.9675,85.2975,82.3875,83.415,82.0575,77.9627,575.43,600.0,20.2466,579.8,547.67,5.0
86.05,57.6,3.2547,57.5625,204.435,254.8142,406.6,2.5938,4.5175,172.179,342.69,72.1647,704.64,19.4666,598.08,597.96,9.8951,66.0866,76.7802,2.5938,4.5075,11.1019,15.7018,9.0761,172.172,342.75,704.64,81.2851,33.28,9.285,6.0,12.218,32.022,24.384,14.9057,0.2041,0.1326,0.133,0.1305,0.2133,0.133,0.2022,0.1266,598.12,251.25,325.95,84.51,84.9825,85.32,82.395,83.4675,82.0875,78.1484,574.74,600.0,20.272,579.77,547.61,5.0
86.675,57.5625,3.7484,57.6,204.6825,255.3652,406.7,2.5938,4.5075,172.206,342.69,72.1718,704.8,19.4666,598.08,598.08,9.8951,66.0935,76.7865,2.5942,4.495,11.1019,15.7018,9.0761,172.2,342.69,704.64,81.2851,33.28,9.309,6.012,12.219,31.512,24.01,14.9057,0.2046,0.133,0.1333,0.1309,0.2138,0.1333,0.2027,0.1269,597.44,251.2,325.9,84.54,84.9525,85.275,82.3875,83.4975,82.11,78.3332,574.08,600.0,20.272,579.71,547.58,5.0
86.525,57.525,3.0437,57.6,204.48,254.9175,406.2,2.5942,4.495,172.2465,342.54,72.1793,704.88,19.4813,598.14,598.2,9.9059,66.1009,76.7945,2.594,4.4875,11.1055,15.6998,9.0766,172.242,342.6,704.8,81.457,33.29,9.332,6.024,12.219,31.014,23.6635,14.9168,0.2051,0.1333,0.1336,0.1312,0.2143,0.1336,0.2033,0.1273,596.72,251.15,325.85,84.5325,85.02,85.2825,82.3725,83.52,82.05,78.5206,573.42,600.0,20.2827,579.68,547.55,5.0
86.275,57.6,3.8984,57.6,204.525,254.8486,406.8,2.594,4.4875,172.2735,342.54,72.1793,704.88,19.4813,598.14,598.14,9.9059,66.1009,76.7945,2.594,4.4875,11.1055,15.6998,9.0766,172.27,342.54,704.88,81.457,33.29,9.354,6.036,12.222,30.534,23.3115,14.9168,0.2056,0.1337,0.134,0.1315,0.2148,0.1339,0.2038,0.1276,596.04,251.1,325.8,84.525,84.9825,85.26,82.4025,83.5425,82.0875,78.7106,572.76,600.0,20.2827,579.62,547.49,5.0
86.875,57.525,3.8984,57.5625,203.94,254.642,406.15,2.5944,4.4775,172.3275,342.42,72.194,705.04,19.4948,598.26,598.26,9.9163,66.1148,76.8075,2.5944,4.4675,11.1061,15.6993,9.0778,172.326,342.48,704.88,81.6314,33.3,9.376,6.047,12.224,30.078,22.976,14.9279,0.206,0.134,0.1343,0.1319,0.2153,0.1342,0.2042,0.128,595.36,251.05,325.7,84.585,84.9525,85.23,82.3575,83.5425,82.035,78.9034,572.1,600.0,20.288,579.56,547.43,5.0
86.825,57.6,3.9797,57.6,203.85,255.1241,406.05,2.5944,4.4675,166.671,342.42,72.1949,705.92,19.4948,598.26,567.18,9.9163,66.1182,76.8017,2.5978,4.5125,11.1067,15.6988,9.0778,166.67,342.42,705.04,81.6314,33.3,9.398,6.057,12.226,0.0,22.646,14.9279,0.2801,0.1386,0.1346,0.1322,0.2963,0.1346,0.286,0.1283,594.64,251.0,325.65,84.555,84.9825,85.2075,82.3575,83.5575,82.035,79.9931,564.3,600.0,20.2934,579.5,547.4,5.0
86.875,57.5625,3.9047,57.525,205.11,255.5374,407.0,2.563,3.86,170.451,337.56,72.275,696.48,19.7716,587.64,587.64,9.9806,66.1586,76.935,2.563,3.86,11.0896,15.6873,9.0073,170.45,337.56,696.48,82.8333,33.41,9.178,11.904,12.232,0.0,23.9495,14.9562,0.2335,0.1531,0.1591,0.1542,0.2446,0.159,0.2338,0.1464,585.88,250.95,325.55,84.51,85.0275,85.2375,82.35,83.58,82.02,81.212,555.72,600.0,20.3193,579.29,547.25,5.0
86.45,57.5625,3.4953,57.6,205.56,255.7096,408.45,2.5536,3.6425,170.6805,337.59,72.3155,694.0,19.8081,588.84,588.84,9.9913,66.1858,77.0165,2.5536,3.6425,11.0609,15.6556,8.9865,170.674,337.59,694.0,81.7201,33.295,10.194,6.757,12.216,0.288,3.8525,14.8332,0.1654,0.1528,0.1588,0.1561,0.2421,0.1587,0.2312,0.1517,576.92,250.9,325.5,84.495,85.05,85.245,82.335,83.595,81.99,82.4092,547.59,600.0,20.3252,579.2,547.16,5.0
86.5,57.525,3.4547,57.5625,205.4475,256.8116,408.9,2.5548,3.68,172.233,338.04,72.3374,694.4,19.6911,601.92,601.92,9.9917,66.2042,77.07,2.5548,3.68,11.0403,15.6283,8.9903,172.228,338.04,694.4,79.7826,33.1,10.386,1.064,12.173,0.996,-2.599,14.5251,0.1509,0.1509,0.1566,0.1544,0.2397,0.1566,0.2286,0.1509,568.48,250.85,325.45,84.5475,85.0575,85.2675,82.3275,83.58,82.0125,83.5378,540.27,600.0,20.3463,579.14,547.07,5.0
86.5,57.525,3.1281,57.5625,205.4475,256.8116,408.9,2.5548,3.68,172.233,338.04,72.3312,698.32,19.6911,601.92,601.92,9.9917,66.2136,77.0575,2.5732,3.7975,11.0403,15.6283,8.9903,172.228,338.04,694.4,79.7826,33.1,10.386,0.0,12.173,3.162,-2.599,14.5251,0.1509,0.1509,0.1566,0.1544,0.2397,0.1566,0.2286,0.1509,568.48,250.85,325.45,84.5475,85.0575,85.2675,82.3275,83.58,82.0125,84.4592,534.84,600.0,20.3463,579.14,547.07,5.0
86.525,57.6,3.1016,57.6,206.415,256.4672,409.8,2.59,3.97,172.8135,339.63,72.3225,701.76,19.6626,603.66,603.66,9.9995,66.2188,77.028,2.59,3.97,11.0499,15.6286,9.0541,172.802,339.63,701.76,77.1001,32.835,10.396,0.0,12.038,9.6,-1.1745,13.8257,0.1753,0.1459,0.1487,0.1467,0.2286,0.1486,0.2175,0.1435,555.24,250.8,325.35,84.6075,85.095,85.215,82.275,83.505,81.9675,85.0118,532.53,600.0,20.3589,578.87,546.95,5.0
86.525,57.6,3.4937,57.6,206.415,256.4672,409.8,2.59,3.97,172.8135,341.01,72.3029,705.92,19.6226,605.64,603.66,9.9917,66.2164,76.9715,2.6084,4.2225,11.0499,15.6286,9.0541,172.802,339.63,701.76,76.877,32.815,10.396,2.47,12.038,23.526,2.6205,13.5893,0.1959,0.1408,0.1417,0.1396,0.2286,0.1486,0.2031,0.1362,555.24,250.8,325.35,84.6075,85.095,85.215,82.275,83.505,81.9675,85.0966,534.03,600.0,20.3589,578.87,546.95,5.0
86.05,57.6,3.8719,57.5625,205.8975,257.2249,409.25,2.627,4.5475,175.2165,342.99,72.2687,711.12,19.4926,614.16,614.16,9.9718,66.2038,76.8912,2.627,4.5475,11.0861,15.6633,9.0915,175.21,342.99,711.12,76.702,32.8,10.0,4.634,11.821,44.598,9.6605,13.484,0.1804,0.1298,0.1317,0.1293,0.1936,0.1316,0.1821,0.1255,554.4,250.75,325.3,84.6525,85.0425,85.215,82.2975,83.55,82.005,84.7356,539.04,600.0,20.3716,578.36,546.5,5.0
86.05,57.6,3.8719,57.5625,205.8975,257.2249,409.25,2.627,4.5475,175.2165,345.42,72.2194,717.2,19.3451,621.24,614.16,9.9443,66.1808,76.781,2.6474,4.895,11.0861,15.6633,9.1355,175.21,342.99,711.12,76.4745,32.78,9.556,4.259,11.821,68.436,20.5175,13.4971,0.1622,0.1163,0.1194,0.1168,0.1706,0.1316,0.1588,0.1125,554.4,250.75,325.3,84.6525,85.0425,85.215,82.2975,83.55,82.005,84.0801,546.24,600.0,20.3716,578.36,546.5,5.0
86.525,57.5625,3.9016,57.5625,206.01,256.7772,409.3,2.6474,4.895,176.742,347.91,72.1613,723.2,19.1711,628.08,621.24,9.9117,66.1489,76.6512,2.6662,5.2125,11.1025,15.6871,9.1855,176.736,345.42,717.2,76.2445,32.76,8.965,3.855,11.741,91.248,34.009,13.5979,0.1421,0.1022,0.1066,0.1036,0.1487,0.1194,0.1369,0.0989,559.6,250.7,325.25,84.615,85.0575,85.26,82.2975,83.505,82.0425,83.294,554.25,600.0,20.4,578.15,546.26,5.0
86.95,57.6375,3.6328,57.5625,205.3575,256.4328,409.15,2.6662,5.2125,178.065,350.22,72.1025,728.08,19.0248,630.42,628.08,9.8778,66.1141,76.5175,2.6798,5.4725,11.1025,15.6871,9.2339,178.066,347.91,723.2,75.9614,32.735,8.293,3.352,11.698,110.352,48.2485,13.7548,0.1245,0.0894,0.0948,0.0916,0.1306,0.1066,0.1187,0.0865,575.4,250.7,325.2,84.5775,85.0425,85.275,82.2675,83.5425,82.05,82.438,562.56,600.0,20.4,577.97,546.05,5.0
86.95,57.6,3.6312,57.6,205.2225,256.2606,408.2,2.6798,5.4725,178.875,352.11,72.048,731.44,18.8951,630.66,630.42,9.8453,66.0765,76.3937,2.6862,5.67,11.1034,15.6986,9.2724,178.878,350.22,728.08,75.7258,32.715,7.624,2.949,11.694,125.058,61.3385,13.9179,0.111,0.079,0.085,0.0817,0.1306,0.0947,0.1049,0.0763,584.04,250.7,325.2,84.6225,85.05,85.2375,82.2675,83.535,82.005,81.5898,570.54,600.0,20.4136,577.85,545.9,5.0
86.625,57.6,3.6172,57.6,204.525,254.8142,407.0,2.6862,5.67,179.28,353.52,71.9989,733.44,18.7958,628.38,630.66,9.8137,66.0404,76.2867,2.686,5.81,11.1057,15.7018,9.2972,179.284,352.11,731.44,75.437,32.69,7.019,2.693,11.723,132.0,72.1625,14.0698,0.1014,0.0711,0.0775,0.0741,0.1169,0.085,0.095,0.0685,592.36,250.7,325.2,84.6525,85.005,85.23,82.245,83.5275,82.0125,80.792,577.86,600.0,20.4052,577.76,545.78,5.0
86.0,57.6375,3.7609,57.5625,203.535,253.4022,404.65,2.681,5.905,179.1315,354.54,71.9567,734.16,18.7121,625.62,625.62,9.7836,66.0051,76.198,2.681,5.905,11.1091,15.7046,9.3082,179.13,354.54,734.16,75.2464,32.675,6.515,2.547,11.829,132.0,80.3685,14.1929,0.0951,0.0656,0.0723,0.0688,0.1007,0.0775,0.0887,0.0632,599.96,250.65,325.15,84.57,85.0275,85.215,82.305,83.4525,81.975,80.0698,584.34,600.0,20.4115,577.7,545.69,5.0
86.175,57.6,3.6453,57.525,203.4,252.9889,403.6,2.6736,5.9625,178.767,355.14,71.9195,734.08,18.6421,622.68,622.68,9.756,65.9718,76.1245,2.6736,5.9625,11.1116,15.7056,9.3027,178.766,355.14,734.08,75.0033,32.655,6.122,2.481,11.885,132.0,86.094,14.2859,0.0917,0.0623,0.0691,0.0656,0.0972,0.069,0.0853,0.0598,606.72,250.65,325.1,84.6075,84.99,85.215,82.26,83.4975,81.9975,79.4304,589.95,600.0,20.4178,577.7,545.63,5.0
86.175,57.6,3.6453,57.525,203.4,252.9889,403.6,2.6736,5.9625,178.767,355.53,71.8863,733.52,18.5828,619.86,622.68,9.7304,65.9402,76.0602,2.6662,5.9975,11.1095,15.7046,9.3027,178.766,355.14,734.08,74.8083,32.64,5.836,2.481,11.885,132.0,89.691,14.3565,0.0917,0.0623,0.0691,0.0656,0.0972,0.069,0.0853,0.0598,606.72,250.65,325.1,84.6075,84.99,85.2075,82.26,83.55,82.0425,78.8698,594.75,600.0,20.4241,577.7,545.63,5.0
86.7,57.525,3.6672,57.525,202.14,251.508,400.5,2.6586,6.015,177.822,355.68,71.8552,732.8,18.5346,617.1,617.1,9.7073,65.9103,76.006,2.6586,6.015,11.11,15.7051,9.284,177.814,355.68,732.8,74.662,32.63,5.622,2.518,11.975,132.0,91.0,14.4037,0.0901,0.0593,0.0663,0.0626,0.0955,0.0662,0.0837,0.0567,617.52,250.6,325.1,84.6225,84.93,85.26,82.2825,83.5275,82.0275,78.3837,598.8,600.0,20.4305,577.76,545.66,5.0
86.95,57.6,3.7797,57.6,201.195,250.8537,399.75,2.6512,6.0175,177.282,355.68,71.8283,731.68,18.4971,614.4,614.4,9.6858,65.8835,75.9604,2.6512,6.0175,11.1059,15.7021,9.2713,177.282,355.68,731.68,74.5145,32.62,5.475,2.59,12.007,132.0,91.0,14.444,0.0911,0.0592,0.0662,0.0626,0.0966,0.0662,0.0849,0.0565,621.76,250.6,325.05,84.63,84.9,85.305,82.2825,83.505,81.9975,77.964,602.19,600.0,20.4368,577.82,545.69,5.0
86.55,57.6,3.9484,57.5625,200.8575,249.9927,398.35,2.644,6.0075,176.742,355.56,71.8038,730.48,18.4708,611.7,611.7,9.6664,65.8582,75.9234,2.644,6.0075,11.1075,15.7036,9.2587,176.75,355.56,730.48,74.4164,32.615,5.385,2.683,12.031,132.0,91.0,14.4857,0.0931,0.0599,0.0669,0.0632,0.0987,0.0669,0.087,0.0571,625.28,250.55,325.05,84.6225,84.87,85.3125,82.2675,83.5275,82.005,77.6057,604.98,600.0,20.4431,577.91,545.75,5.0
86.55,57.6,3.4875,57.5625,200.8575,249.9927,398.35,2.644,6.0075,176.742,355.32,71.7824,729.12,18.4551,609.06,611.7,9.6488,65.8351,75.8969,2.6364,5.9875,11.103,15.7003,9.2587,176.75,355.56,730.48,74.3176,32.61,5.385,2.683,12.031,132.0,91.0,14.5115,0.0931,0.0599,0.0669,0.0632,0.0987,0.0669,0.087,0.0571,625.28,250.55,325.05,84.6225,84.87,85.3125,82.2675,83.5275,82.005,77.2999,607.26,600.0,20.4494,577.91,545.75,5.0
86.975,57.5625,3.0781,57.6,200.0475,248.9251,397.1,2.6364,5.9875,176.1885,355.02,71.7657,727.44,18.4458,606.78,609.06,9.6338,65.8145,75.8784,2.6292,5.9625,11.1039,15.7011,9.2444,176.19,355.32,729.12,74.2689,32.61,5.344,2.794,12.048,132.0,91.0,14.5382,0.0958,0.0612,0.0681,0.0644,0.1015,0.0681,0.0899,0.0582,628.16,250.55,325.0,84.6375,84.9225,85.3125,82.3125,83.5125,82.0125,77.0414,609.09,600.0,20.4558,578.0,545.84,5.0
86.725,57.6,3.4828,57.6,199.395,248.5807,395.75,2.6292,5.9625,175.635,354.63,71.7509,725.84,18.4438,604.68,606.78,9.6207,65.7967,75.8697,2.6218,5.9275,11.1024,15.7001,9.2295,175.63,355.02,727.44,74.2201,32.61,5.342,2.917,12.062,132.0,91.0,14.5571,0.0991,0.0629,0.0698,0.0661,0.1049,0.0698,0.0934,0.0598,630.56,250.55,325.0,84.6375,84.99,85.29,82.335,83.4825,81.9825,76.8206,610.56,600.0,20.4621,578.09,545.93,5.0
86.9,57.5625,3.2516,57.525,198.2475,246.9965,394.0,2.6136,5.89,174.366,354.21,71.7424,723.76,18.4521,602.46,602.46,9.6118,65.7833,75.8732,2.6136,5.89,11.1045,15.6988,9.1954,174.356,354.21,723.76,74.222,32.615,5.432,3.185,12.084,131.448,88.514,14.5765,0.1068,0.0673,0.074,0.0702,0.1127,0.074,0.1014,0.064,633.96,250.5,324.95,84.615,84.99,85.3125,82.3425,83.475,81.99,76.6389,611.67,600.0,20.4684,578.33,546.11,5.0
86.7,57.6,3.5859,57.6375,197.82,246.0322,392.6,2.6098,5.85,174.0825,353.76,71.729,722.72,18.4598,601.02,601.02,9.6013,65.7678,75.8705,2.6098,5.85,11.1046,15.6973,9.1866,174.076,353.76,722.72,74.2245,32.62,5.511,3.322,12.095,127.176,86.358,14.5879,0.1109,0.0698,0.0764,0.0726,0.117,0.0763,0.1057,0.0663,635.12,250.5,324.95,84.57,84.9825,85.35,82.29,83.4675,81.975,76.4903,612.48,600.0,20.4595,578.48,546.23,5.0
86.7,57.6,3.5859,57.6375,197.82,246.0322,392.6,2.6098,5.85,174.0825,353.28,71.7217,721.12,18.4758,599.4,601.02,9.5934,65.7557,75.8777,2.6046,5.805,11.1039,15.6963,9.1866,174.076,353.76,722.72,74.2276,32.625,5.511,3.322,12.095,122.868,84.037,14.5996,0.1109,0.0698,0.0764,0.0726,0.117,0.0763,0.1057,0.0663,635.12,250.5,324.95,84.57,84.9825,85.35,82.29,83.4675,81.975,76.3647,613.08,600.0,20.4653,578.48,546.23,5.0
86.8,57.6,3.1125,57.5625,196.425,245.2401,391.3,2.601,5.7625,173.259,352.8,71.7155,719.68,18.4918,598.32,598.32,9.5866,65.7456,75.8855,2.601,5.7625,11.1038,15.6976,9.1635,173.264,352.8,719.68,74.2314,32.63,5.715,3.59,12.101,118.602,81.606,14.6115,0.1192,0.075,0.0813,0.0775,0.1254,0.0813,0.1142,0.0713,636.6,250.45,324.9,84.6525,85.0425,85.2525,82.29,83.5275,81.9375,76.2667,613.44,600.0,20.4711,578.75,546.5,5.0
86.225,57.6,3.4984,57.5625,195.795,244.5513,389.4,2.597,5.715,172.854,352.35,71.7129,718.08,18.5146,597.06,597.06,9.582,65.7375,75.8992,2.597,5.715,11.1036,15.6973,9.152,172.858,352.35,718.08,74.2864,32.64,5.832,3.715,12.104,114.456,79.1365,14.6237,0.1231,0.0776,0.0837,0.08,0.1295,0.0837,0.1184,0.0738,636.96,250.45,324.85,84.63,85.095,85.2375,82.29,83.52,81.915,76.1861,613.65,600.0,20.4769,578.9,546.65,5.0
86.525,57.525,3.1281,57.5625,195.5925,244.3447,388.45,2.5934,5.67,172.53,351.9,71.7097,716.88,18.5358,596.34,596.34,9.5784,65.7307,75.9165,2.5934,5.67,11.1027,15.6971,9.1421,172.536,351.9,716.88,74.3426,32.65,5.954,3.833,12.106,110.484,76.678,14.6276,0.127,0.0801,0.0861,0.0824,0.1334,0.0861,0.1223,0.0762,637.16,250.4,324.85,84.6225,85.0425,85.275,82.26,83.49,81.9675,76.1272,613.68,600.0,20.4828,579.05,546.77,5.0
86.275,57.6,3.9031,57.525,195.1875,243.1049,388.1,2.5906,5.6275,172.2195,351.48,71.7089,715.6,18.5608,595.56,595.56,9.5763,65.7256,75.9352,2.5906,5.6275,11.1022,15.6961,9.1333,172.228,351.48,715.6,74.4001,32.66,6.08,3.942,12.109,106.728,74.269,14.6401,0.1306,0.0825,0.0883,0.0846,0.1371,0.0882,0.1261,0.0785,637.2,250.4,324.8,84.63,85.0575,85.275,82.29,83.505,82.0125,76.0832,613.59,600.0,20.4886,579.2,546.92,5.0
86.025,57.525,2.9359,57.6,194.67,242.3472,386.65,2.588,5.585,172.0035,351.06,71.7089,714.48,18.5861,595.02,595.02,9.575,65.7215,75.9567,2.588,5.585,11.1018,15.6956,9.1245,171.99,351.06,714.48,74.4589,32.67,6.205,4.043,12.11,103.218,71.9645,14.6443,0.134,0.0848,0.0903,0.0867,0.1406,0.0903,0.1296,0.0807,637.12,250.4,324.8,84.66,85.08,85.2825,82.29,83.5425,81.975,76.0546,613.38,600.0,20.4944,579.38,547.07,5.0
86.975,57.6,3.6344,57.6,194.4675,242.175,386.6,2.5866,5.545,171.7605,350.7,71.7107,713.36,18.6106,594.72,594.72,9.5742,65.7189,75.977,2.5866,5.545,11.1014,15.6951,9.1179,171.766,350.7,713.36,74.5189,32.68,6.328,4.134,12.111,99.96,69.77,14.6484,0.1371,0.087,0.0923,0.0887,0.1438,0.0922,0.1328,0.0828,636.92,250.4,324.8,84.63,85.095,85.32,82.3125,83.58,81.9975,76.0381,613.08,600.0,20.5003,579.53,547.22,5.0
86.175,57.5625,3.05,57.5625,194.085,241.8651,385.75,2.5854,5.5075,171.5985,350.34,71.7123,712.48,18.6356,594.48,594.48,9.5743,65.7171,75.9982,2.5854,5.5075,11.1002,15.6938,9.1124,171.598,350.34,712.48,74.5801,32.69,6.448,4.216,12.113,96.96,67.7075,14.6526,0.14,0.089,0.094,0.0905,0.1468,0.094,0.1358,0.0847,636.6,250.35,324.75,84.5775,85.05,85.3425,82.275,83.5275,82.0425,76.0304,612.72,600.0,20.5061,579.68,547.37,5.0
86.7,57.6,3.8469,57.6,193.5,241.5896,384.05,2.5846,5.4725,171.4365,350.04,71.7147,711.68,18.6601,594.36,594.36,9.5748,65.7165,76.0194,2.5846,5.4725,11.0996,15.6931,9.1069,171.43,350.04,711.68,74.6426,32.7,6.563,4.29,12.113,94.224,65.7935,14.6568,0.1426,0.0908,0.0957,0.0922,0.1494,0.0957,0.1385,0.0864,636.2,250.35,324.75,84.63,85.0425,85.2975,82.275,83.535,82.0425,76.0353,612.27,600.0,20.5119,579.83,547.49,5.0
86.15,57.5625,3.6172,57.525,192.96,240.4531,384.0,2.5838,5.44,171.315,349.74,71.717,711.04,18.6843,594.3,594.3,9.5767,65.7164,76.0417,2.5838,5.44,11.0989,15.6923,9.1025,171.318,349.74,711.04,74.757,32.715,6.673,4.357,12.114,91.74,64.0335,14.6696,0.145,0.0925,0.0972,0.0938,0.1519,0.0971,0.141,0.088,635.76,250.35,324.7,84.645,85.08,85.3275,82.305,83.4975,81.9975,76.0421,611.82,600.0,20.5178,579.98,547.64,5.0
86.1,57.5625,3.0562,57.6,192.6675,240.6597,383.35,2.5834,5.41,171.2205,349.47,71.7204,710.4,18.7073,594.36,594.36,9.5781,65.7166,76.0634,2.5834,5.41,11.0982,15.6946,9.0992,171.22,349.47,710.4,74.8226,32.725,6.776,4.417,12.114,89.502,62.4385,14.674,0.1471,0.094,0.0985,0.0951,0.1542,0.0985,0.1432,0.0895,635.28,250.3,324.7,84.6825,85.095,85.29,82.2975,83.4975,81.9825,76.0583,611.31,600.0,20.5236,580.13,547.79,5.0
86.95,57.525,2.8984,57.5625,192.375,239.4544,381.8,2.5832,5.3825,171.153,349.23,71.7248,709.76,18.7301,594.42,594.42,9.5808,65.7175,76.0849,2.5832,5.3825,11.1013,15.6948,9.0959,171.15,349.23,709.76,74.8895,32.735,6.872,4.471,12.116,87.468,60.992,14.6784,0.1491,0.0953,0.0998,0.0964,0.1562,0.0998,0.1452,0.0908,634.76,250.3,324.65,84.69,85.095,85.3425,82.3425,83.5125,81.9975,76.0764,610.8,600.0,20.5294,580.28,547.94,5.0
86.15,57.5625,3.4047,57.6,191.6325,239.5577,381.8,2.5838,5.36,171.099,349.02,71.7283,709.36,18.7533,594.42,594.42,9.5827,65.7192,76.1037,2.5838,5.36,11.1019,15.6951,9.0942,171.094,349.02,709.36,75.0083,32.75,6.961,4.52,12.118,85.626,59.6775,14.6829,0.1508,0.0966,0.1009,0.0975,0.1579,0.1009,0.147,0.092,634.2,250.3,324.65,84.675,85.1175,85.3575,82.305,83.52,82.02,76.1042,610.23,600.0,20.5353,580.43,548.06,5.0
86.025,57.5625,2.9641,57.6375,191.5875,238.9378,381.2,2.584,5.335,171.0585,348.84,71.7318,709.04,18.7736,594.66,594.66,9.5856,65.7216,76.1232,2.584,5.335,11.1024,15.6953,9.092,171.052,348.84,709.04,75.0782,32.76,7.044,4.565,12.119,83.94,58.495,14.6873,0.1525,0.0977,0.1019,0.0986,0.1596,0.1018,0.1487,0.0931,633.64,250.25,324.65,84.6525,85.1325,85.38,82.3275,83.505,82.0575,76.1305,609.69,600.0,20.5411,580.55,548.21,5.0
86.625,57.6,3.6016,57.5625,191.2275,238.3179,379.95,2.5842,5.315,171.045,348.66,71.737,708.56,18.7928,594.9,594.9,9.5883,65.724,76.1424,2.5842,5.315,11.0993,15.6956,9.0904,171.038,348.66,708.56,75.1495,32.77,7.121,4.606,12.121,82.38,57.417,14.7004,0.1539,0.0987,0.1028,0.0995,0.1611,0.1028,0.1502,0.0941,633.08,250.25,324.6,84.6525,85.1025,85.35,82.305,83.46,82.0875,76.1627,609.12,600.0,20.5469,580.7,548.33,5.0
86.45,57.6,3.6641,57.525,190.44,238.1457,379.8,2.5848,5.295,171.0315,348.48,71.7418,708.24,18.8126,595.02,595.02,9.5912,65.7269,76.16,2.5848,5.295,11.0986,15.6928,9.0887,171.038,348.48,708.24,75.2726,32.785,7.193,4.644,12.123,80.916,56.427,14.7051,0.1553,0.0997,0.1037,0.1004,0.1626,0.1037,0.1517,0.095,632.48,250.25,324.6,84.69,85.08,85.3725,82.32,83.49,82.035,76.1935,608.58,600.0,20.5528,580.85,548.48,5.0
86.875,57.5625,3.6172,57.525,190.08,237.2847,378.2,2.5852,5.2775,171.0315,348.33,71.7464,708.0,18.8311,595.2,595.2,9.5943,65.7296,76.1775,2.5852,5.2775,11.0979,15.6921,9.0882,171.024,348.33,708.0,75.347,32.795,7.26,4.681,12.124,79.524,55.514,14.7184,0.1567,0.1006,0.1045,0.1013,0.164,0.1045,0.1531,0.0959,631.92,250.2,324.55,84.7275,85.0725,85.38,82.365,83.5125,82.065,76.2302,608.01,600.0,20.5586,580.97,548.6,5.0
86.625,57.6,3.5703,57.525,190.35,236.8026,377.5,2.5858,5.2575,171.0045,348.18,71.7514,707.76,18.8496,595.32,595.32,9.5985,65.7333,76.1937,2.5858,5.2575,11.101,15.6913,9.0871,171.01,348.18,707.76,75.4226,32.805,7.323,4.716,12.129,78.174,54.6395,14.7234,0.158,0.1015,0.1053,0.102,0.1653,0.1052,0.1544,0.0967,631.32,250.2,324.55,84.7575,85.0425,85.3575,82.3725,83.4675,82.065,76.2693,607.44,600.0,20.5644,581.09,548.72,5.0
86.175,57.6,3.5422,57.6375,190.1475,236.9748,377.6,2.586,5.24,171.0045,348.03,71.7568,707.52,18.8668,595.5,595.5,9.6017,65.7367,76.2107,2.586,5.24,11.1016,15.6936,9.0865,171.01,348.03,707.52,75.5501,32.82,7.383,4.751,12.131,76.86,53.8145,14.7284,0.1592,0.1023,0.106,0.1028,0.1666,0.106,0.1557,0.0975,630.72,250.2,324.55,84.7875,85.0575,85.3725,82.41,83.4225,82.0125,76.3106,606.87,600.0,20.5703,581.24,548.84,5.0
86.7,57.5625,3.0531,57.525,189.9675,236.4582,376.4,2.5866,5.225,171.0315,347.88,71.7625,707.28,18.8833,595.68,595.68,9.6063,65.7411,76.226,2.5866,5.225,11.1022,15.6938,9.0855,171.038,347.88,707.28,75.6289,32.83,7.44,4.786,12.134,75.552,53.0115,14.7334,0.1605,0.1031,0.1067,0.1036,0.1679,0.1067,0.157,0.0983,630.16,250.15,324.5,84.765,85.095,85.4025,82.38,83.415,82.0275,76.3505,606.33,600.0,20.5761,581.36,548.96,5.0
86.2,57.5625,3.7641,57.6,189.585,236.1482,376.35,2.5868,5.2075,171.0315,347.76,71.7687,707.04,18.9006,595.74,595.74,9.6108,65.7453,76.242,2.5868,5.2075,11.099,15.6941,9.0843,171.038,347.76,707.04,75.7089,32.84,7.495,4.821,12.136,74.25,52.2305,14.7384,0.1617,0.104,0.1075,0.1043,0.1692,0.1074,0.1583,0.0991,629.56,250.15,324.5,84.75,85.05,85.4025,82.395,83.475,81.99,76.3963,605.76,600.0,20.5819,581.48,549.08,5.0
86.75,57.5625,3.3734,57.6,189.2475,235.8383,375.85,2.5876,5.19,171.0315,347.61,71.7745,706.88,18.9168,595.86,595.86,9.6147,65.7497,76.2554,2.5876,5.19,11.0983,15.6943,9.0838,171.038,347.61,706.88,75.8408,32.855,7.549,4.857,12.138,72.936,51.455,14.7521,0.163,0.1048,0.1082,0.1051,0.1705,0.1082,0.1596,0.0999,628.96,250.15,324.45,84.765,85.0875,85.4325,82.365,83.49,82.02,76.4444,605.19,600.0,20.5878,581.57,549.2,5.0
86.15,57.5625,3.6344,57.6,188.55,235.3906,375.1,2.5876,5.1725,171.0315,347.46,71.7813,706.64,18.9333,595.92,595.92,9.6186,65.7543,76.271,2.5876,5.1725,11.0977,15.6946,9.0833,171.038,347.46,706.64,75.9239,32.865,7.601,4.893,12.141,71.61,50.674,14.7573,0.1643,0.1056,0.1089,0.1058,0.1718,0.1089,0.1609,0.1007,628.4,250.15,324.45,84.735,85.065,85.455,82.3875,83.445,81.975,76.4949,604.62,600.0,20.5936,581.69,549.29,5.0
86.15,57.525,3.4937,57.6,188.4825,234.4951,373.9,2.5878,5.1525,171.0585,347.31,71.7884,706.4,18.9488,596.04,596.04,9.624,65.7593,76.2857,2.5878,5.1525,11.1007,15.6948,9.0821,171.052,347.31,706.4,76.0083,32.875,7.653,4.929,12.143,70.272,49.893,14.7712,0.1655,0.1065,0.1097,0.1066,0.1731,0.1097,0.1622,0.1015,627.8,250.1,324.45,84.75,85.0425,85.395,82.4175,83.445,81.975,76.5513,604.02,600.0,20.5994,581.81,549.41,5.0
86.4,57.5625,2.9453,57.6,188.0775,234.6673,373.2,2.588,5.135,171.0585,347.16,71.7959,706.16,18.9653,596.04,596.04,9.6292,65.7652,76.3002,2.588,5.135,11.1013,15.6951,9.081,171.052,347.16,706.16,76.1445,32.89,7.705,4.966,12.147,68.916,49.0955,14.7768,0.1668,0.1073,0.1104,0.1074,0.1745,0.1104,0.1636,0.1023,627.2,250.1,324.4,84.7725,85.0575,85.4025,82.4325,83.4675,81.9675,76.6065,603.45,600.0,20.6053,581.9,549.5,5.0
86.3,57.6,3.4688,57.525,187.605,234.4607,372.55,2.588,5.1175,171.072,347.01,71.8025,706.08,18.9818,596.04,596.04,9.6346,65.7709,76.3152,2.588,5.1175,11.1019,15.6953,9.0799,171.08,347.01,706.08,76.232,32.9,7.757,5.003,12.15,67.548,48.2925,14.7823,0.1681,0.1082,0.1112,0.1081,0.1758,0.1112,0.1649,0.1031,626.56,250.1,324.4,84.7425,85.0275,85.395,82.4475,83.5125,81.9675,76.6677,602.85,600.0,20.6111,582.02,549.62,5.0
86.9,57.6,3.5594,57.525,187.065,234.2197,372.45,2.5882,5.0975,171.099,346.86,71.8105,705.84,18.9983,596.04,596.04,9.6403,65.7768,76.3295,2.5882,5.0975,11.0987,15.6956,9.0788,171.094,346.86,705.84,76.3208,32.91,7.808,5.041,12.154,66.168,47.473,14.7879,0.1694,0.109,0.112,0.1089,0.1772,0.1119,0.1663,0.104,625.96,250.05,324.35,84.7725,85.02,85.35,82.425,83.535,81.99,76.7351,602.22,600.0,20.6169,582.11,549.71,5.0
86.3,57.6,2.9812,57.5625,187.2675,233.5653,372.0,2.5882,5.0775,171.1125,346.71,71.8183,705.68,19.0133,596.16,596.16,9.6462,65.7829,76.3442,2.5882,5.0775,11.0981,15.6928,9.0788,171.108,346.71,705.68,76.4614,32.925,7.859,5.079,12.156,64.782,46.6535,14.7934,0.1707,0.1099,0.1127,0.1097,0.1786,0.1127,0.1676,0.1048,625.32,250.05,324.35,84.735,84.99,85.35,82.4175,83.58,82.02,76.805,601.59,600.0,20.6228,582.2,549.8,5.0
86.0,57.5625,3.0484,57.5625,186.5925,232.5666,371.15,2.5882,5.06,171.099,346.56,71.8269,705.44,19.0293,596.16,596.16,9.6523,65.7893,76.3589,2.5882,5.06,11.0974,15.6921,9.0778,171.108,346.56,705.44,76.5532,32.935,7.911,5.117,12.158,63.396,45.823,14.799,0.1721,0.1108,0.1135,0.1105,0.1799,0.1135,0.169,0.1056,624.68,250.05,324.35,84.7575,85.0275,85.38,82.4175,83.61,82.02,76.8775,600.96,600.0,20.6286,582.29,549.89,5.0
86.5,57.5625,3.5437,57.525,186.615,232.2911,370.6,2.5878,5.04,171.126,346.41,71.8347,705.36,19.0461,596.1,596.1,9.6573,65.796,76.3752,2.5878,5.04,11.1005,15.6913,9.0761,171.122,346.41,705.36,76.6464,32.945,7.962,5.155,12.161,62.016,44.998,14.8046,0.1734,0.1116,0.1143,0.1113,0.1813,0.1142,0.1704,0.1065,624.0,250.05,324.3,84.765,85.0275,85.38,82.4475,83.6475,81.9675,76.9526,600.33,600.0,20.6344,582.38,549.98,5.0
86.75,57.5625,3.6766,57.5625,186.8175,232.4288,370.0,2.5894,5.02,171.2475,346.26,71.8419,705.36,19.0623,596.1,596.1,9.6627,65.8022,76.3844,2.5894,5.02,11.101,15.6936,9.0772,171.248,346.26,705.36,76.7914,32.96,8.013,5.193,12.163,60.642,44.1675,14.8101,0.1747,0.1125,0.1151,0.1121,0.1827,0.115,0.1718,0.1073,623.32,250.0,324.3,84.7875,85.0275,85.3575,82.4025,83.6625,81.975,77.0339,599.67,600.0,20.6403,582.47,550.07,5.0
86.825,57.5625,3.625,57.5625,186.3225,231.9122,369.4,2.588,5.0,171.153,346.11,71.8523,704.96,19.0786,596.1,596.1,9.6696,65.8098,76.4029,2.588,5.0,11.1016,15.6938,9.0739,171.15,346.11,704.96,76.8876,32.97,8.064,5.23,12.165,59.286,43.3425,14.8243,0.176,0.1134,0.1159,0.1129,0.184,0.1158,0.1731,0.1081,622.64,250.0,324.3,84.7575,85.005,85.32,82.425,83.6775,82.0125,77.1216,598.98,600.0,20.6461,582.56,550.13,5.0
86.7,57.525,3.4547,57.5625,185.7375,231.5678,368.85,2.5886,4.98,171.18,345.96,71.862,704.72,19.0933,596.22,596.22,9.6763,65.8173,76.4157,2.5886,4.98,11.0985,15.6941,9.0744,171.178,345.96,704.72,76.9851,32.98,8.115,5.266,12.167,57.948,42.523,14.8301,0.1773,0.1142,0.1166,0.1137,0.1854,0.1166,0.1744,0.1089,621.92,250.0,324.25,84.7425,85.035,85.3575,82.4175,83.6625,82.05,77.2122,598.29,600.0,20.6519,582.62,550.22,5.0
86.525,57.525,3.1891,57.5625,185.4225,231.7056,368.9,2.5876,4.9625,171.18,345.81,71.8709,704.64,19.1091,596.22,596.22,9.6832,65.8249,76.4337,2.5876,4.9625,11.0978,15.6943,9.0722,171.178,345.81,704.64,77.1345,32.995,8.165,5.302,12.17,56.64,41.709,14.8359,0.1785,0.1151,0.1174,0.1145,0.1866,0.1174,0.1757,0.1097,621.24,249.95,324.25,84.72,84.9975,85.35,82.44,83.6325,82.0125,77.3055,597.6,600.0,20.6578,582.71,550.28,5.0
86.725,57.6,2.8547,57.5625,185.4675,231.6712,368.2,2.5882,4.9425,171.2205,345.66,71.8799,704.56,19.1241,596.28,596.28,9.6896,65.8328,76.4469,2.5882,4.9425,11.0971,15.6946,9.0722,171.22,345.66,704.56,77.2351,33.005,8.215,5.337,12.174,55.356,40.906,14.8418,0.1797,0.1159,0.1181,0.1152,0.1879,0.1181,0.177,0.1105,620.52,249.95,324.2,84.6675,84.99,85.335,82.41,83.625,82.035,77.4016,596.91,600.0,20.6636,582.77,550.34,5.0
86.975,57.6,3.7937,57.5625,184.8825,231.1201,368.25,2.59,4.9225,171.3555,345.51,71.8865,704.8,19.1396,596.28,596.28,9.6953,65.8395,76.4549,2.59,4.9225,11.0994,15.6941,9.0744,171.346,345.51,704.8,77.337,33.015,8.264,5.37,12.177,54.096,40.1195,14.8476,0.181,0.1167,0.1188,0.116,0.1892,0.1188,0.1782,0.1113,619.76,249.95,324.2,84.705,85.05,85.32,82.44,83.64,82.005,77.5043,596.19,600.0,20.6694,582.83,550.4,5.0
86.0,57.525,3.6156,57.6,184.725,230.638,367.8,2.5886,4.905,171.2745,345.39,71.8978,704.4,19.1551,596.28,596.28,9.7029,65.8482,76.4727,2.5886,4.905,11.0998,15.6941,9.0711,171.262,345.39,704.4,77.4907,33.03,8.312,5.404,12.178,52.872,39.344,14.8534,0.1821,0.1175,0.1196,0.1167,0.1904,0.1195,0.1794,0.112,619.0,249.95,324.2,84.7425,85.005,85.29,82.44,83.6475,82.035,77.6136,595.44,600.0,20.6753,582.89,550.46,5.0
86.275,57.5625,3.6469,57.6,184.8375,230.3625,367.15,2.5888,4.8875,171.3015,345.24,71.9078,704.24,19.1699,596.34,596.34,9.7096,65.8559,76.4862,2.5888,4.8875,11.1001,15.6941,9.0711,171.29,345.24,704.24,77.5958,33.04,8.359,5.436,12.18,51.684,38.5905,14.8593,0.1832,0.1182,0.1203,0.1174,0.1915,0.1202,0.1806,0.1128,618.28,249.9,324.15,84.75,85.0275,85.305,82.4625,83.5875,82.005,77.7223,594.72,600.0,20.6811,582.95,550.52,5.0
86.15,57.6,3.4,57.5625,184.7925,229.8114,366.75,2.59,4.8675,171.3015,345.12,71.9149,704.48,19.1844,596.4,596.4,9.7155,65.8635,76.4957,2.59,4.8675,11.1004,15.6941,9.0733,171.304,345.12,704.48,77.702,33.05,8.405,5.466,12.183,50.526,37.8535,14.8651,0.1843,0.119,0.1209,0.1181,0.1927,0.1209,0.1817,0.1135,617.52,249.9,324.15,84.6975,85.0575,85.3275,82.425,83.5575,81.975,77.8375,593.97,600.0,20.7022,582.98,550.58,5.0
86.05,57.5625,3.2641,57.6,184.2975,230.1214,366.05,2.5888,4.85,171.3555,344.97,71.9267,704.08,19.1964,596.64,596.64,9.7227,65.8719,76.5127,2.5888,4.85,11.1008,15.6941,9.0701,171.36,344.97,704.08,77.8095,33.06,8.451,5.496,12.185,49.404,37.133,14.8709,0.1854,0.1197,0.1216,0.1188,0.1938,0.1216,0.1829,0.1142,616.72,249.9,324.15,84.7275,85.05,85.29,82.3875,83.5875,81.96,77.9558,593.22,600.0,20.7085,583.04,550.64,5.0
86.125,57.5625,3.4094,57.5625,184.5225,229.226,365.45,2.589,4.835,171.396,344.85,71.9359,704.08,19.2119,596.52,596.52,9.7301,65.8799,76.5259,2.589,4.835,11.0981,15.6941,9.0701,171.388,344.85,704.08,77.9182,33.07,8.495,5.525,12.187,48.318,36.44,14.8768,0.1864,0.1204,0.1222,0.1194,0.1949,0.1222,0.1839,0.1149,615.96,249.9,324.1,84.7575,85.065,85.275,82.395,83.625,81.9525,78.0772,592.47,600.0,20.7149,583.07,550.67,5.0
86.5,57.525,3.3453,57.525,184.1625,229.0193,365.9,2.589,4.8175,171.45,344.73,71.9464,703.92,19.2248,596.64,596.64,9.737,65.8885,76.5397,2.589,4.8175,11.0974,15.6941,9.0695,171.444,344.73,703.92,78.0789,33.085,8.538,5.553,12.19,47.262,35.758,14.8826,0.1875,0.1211,0.1229,0.1201,0.1959,0.1228,0.185,0.1155,615.16,249.85,324.1,84.7575,85.11,85.3125,82.395,83.5875,81.945,78.2015,591.72,600.0,20.7212,583.13,550.7,5.0
86.375,57.6,3.0781,57.525,184.185,229.3637,364.95,2.5908,4.8,171.4905,344.61,71.9528,704.32,19.2381,596.7,596.7,9.7424,65.8959,76.5467,2.5908,4.8,11.0997,15.6941,9.0722,171.486,344.61,704.32,78.1907,33.095,8.58,5.58,12.192,46.23,35.098,14.8884,0.1884,0.1218,0.1235,0.1207,0.197,0.1234,0.186,0.1162,614.4,249.85,324.1,84.7725,85.1175,85.2975,82.38,83.5875,81.96,78.3289,590.97,600.0,20.7275,583.16,550.73,5.0
86.725,57.5625,3.3812,57.6,183.7575,229.1571,365.0,2.5896,4.785,171.504,344.49,71.9642,704.0,19.2504,596.82,596.82,9.7503,65.9053,76.5627,2.5896,4.785,11.1001,15.6941,9.0695,171.5,344.49,704.0,78.3039,33.105,8.621,5.606,12.194,45.234,34.449,14.8943,0.1894,0.1224,0.1241,0.1213,0.198,0.124,0.187,0.1168,613.6,249.85,324.05,84.7575,85.1325,85.26,82.395,83.5875,81.9375,78.4631,590.19,600.0,20.7338,583.19,550.76,5.0
86.725,57.6,3.2062,57.5625,183.8475,228.7094,364.15,2.5906,4.7675,171.6525,344.37,71.9723,704.16,19.2644,596.76,596.76,9.7565,65.9123,76.5719,2.5906,4.7675,11.1004,15.6941,9.0717,171.654,344.37,704.16,78.4182,33.115,8.662,5.631,12.196,44.268,33.822,14.9001,0.1903,0.1231,0.1246,0.1219,0.199,0.1246,0.188,0.1174,612.8,249.85,324.05,84.705,85.1625,85.2675,82.365,83.6025,81.93,78.5967,589.44,600.0,20.7402,583.19,550.79,5.0
86.4,57.6,2.8875,57.6,183.78,228.7783,364.05,2.5896,4.7525,171.585,344.28,71.9839,703.84,19.2764,596.88,596.88,9.7639,65.9217,76.5874,2.5896,4.7525,11.1007,15.6941,9.0695,171.584,344.28,703.84,78.5339,33.125,8.701,5.656,12.198,43.32,33.2115,14.9059,0.1912,0.1237,0.1252,0.1225,0.1999,0.1252,0.1889,0.118,612.0,249.8,324.05,84.7125,85.1775,85.2825,82.41,83.625,81.9225,78.737,588.66,600.0,20.7465,583.22,550.82,5.0
86.675,57.525,3.5172,57.6,183.06,228.0551,363.5,2.591,4.7375,171.6255,344.16,71.9911,704.16,19.2878,597.0,597.0,9.7701,65.9294,76.5952,2.591,4.7375,11.0973,15.6941,9.0722,171.626,344.16,704.16,78.6507,33.135,8.739,5.68,12.2,42.402,32.623,14.9118,0.1921,0.1243,0.1258,0.123,0.2008,0.1258,0.1898,0.1186,611.2,249.8,324.0,84.7125,85.1325,85.26,82.425,83.5875,81.9225,78.8805,587.88,600.0,20.7528,583.22,550.85,5.0
86.25,57.5625,3.0453,57.5625,183.1725,228.5716,363.35,2.59,4.7225,171.6525,344.07,72.0027,703.84,19.3004,597.0,597.0,9.7775,65.9383,76.6102,2.59,4.7225,11.0964,15.6941,9.0695,171.654,344.07,703.84,78.7689,33.145,8.776,5.703,12.203,41.508,32.0345,14.9176,0.193,0.1249,0.1263,0.1236,0.2017,0.1262,0.1907,0.1192,610.4,249.8,324.0,84.6675,85.11,85.2675,82.4025,83.55,81.8775,79.0235,587.13,600.0,20.7591,583.25,550.85,5.0
86.25,57.5625,2.9469,57.6,182.3175,227.4696,363.4,2.5914,4.7075,171.8145,343.95,72.0098,704.16,19.3113,597.12,597.12,9.7829,65.9459,76.6174,2.5914,4.7075,11.0992,15.6941,9.0722,171.808,343.95,704.16,78.8376,33.15,8.813,5.725,12.205,40.632,31.468,14.9234,0.1938,0.1255,0.1268,0.1242,0.2026,0.1268,0.1916,0.1197,609.6,249.8,324.0,84.705,85.065,85.3125,82.4025,83.5875,81.87,79.1732,586.35,600.0,20.7655,583.25,550.85,5.0
86.925,57.6,3.5844,57.525,182.88,227.5385,362.55,2.5906,4.6925,171.747,343.86,72.0208,703.92,19.3233,597.12,597.12,9.7908,65.9549,76.6312,2.5906,4.6925,11.0995,15.6941,9.0701,171.752,343.86,703.92,78.9576,33.16,8.848,5.747,12.207,39.78,30.9125,14.9293,0.1946,0.126,0.1273,0.1247,0.2034,0.1273,0.1924,0.1203,608.8,249.75,323.95,84.6675,85.05,85.335,82.35,83.61,81.8925,79.326,585.57,600.0,20.7718,583.25,550.85,5.0
86.75,57.5625,3.3484,57.525,182.7225,227.3318,363.0,2.591,4.6775,171.774,343.74,72.0303,703.92,19.3331,597.3,597.3,9.7978,65.9633,76.6414,2.591,4.6775,11.0999,15.6941,9.0706,171.78,343.74,703.92,79.0788,33.17,8.883,5.768,12.209,38.952,30.3735,14.9351,0.1954,0.1266,0.1278,0.1252,0.2042,0.1278,0.1932,0.1208,608.0,249.75,323.95,84.675,85.065,85.335,82.3125,83.6325,81.93,79.482,584.79,600.0,20.7781,583.25,550.85,5.0
86.45,57.5625,3.0187,57.6,182.6775,227.3318,362.65,2.5922,4.665,171.7875,343.65,72.0373,704.24,19.3443,597.3,597.3,9.8032,65.9709,76.6482,2.5922,4.665,11.1002,15.6941,9.0728,171.78,343.65,704.24,79.2014,33.18,8.917,5.789,12.212,38.136,29.84,14.9409,0.1962,0.1271,0.1283,0.1257,0.205,0.1283,0.194,0.1213,607.16,249.75,323.95,84.69,85.0875,85.365,82.29,83.6025,81.9225,79.6412,584.01,600.0,20.7844,583.22,550.85,5.0
86.85,57.6,2.875,57.525,182.5425,226.8497,362.05,2.5912,4.65,171.8415,343.56,72.0482,704.0,19.3556,597.3,597.3,9.8104,65.9799,76.6617,2.5912,4.65,11.1005,15.6941,9.0706,171.836,343.56,704.0,79.3251,33.19,8.95,5.809,12.214,37.35,29.3175,14.9468,0.197,0.1277,0.1288,0.1262,0.2058,0.1288,0.1948,0.1218,606.36,249.75,323.9,84.705,85.05,85.365,82.2975,83.595,81.9075,79.8035,583.23,600.0,20.7908,583.22,550.85,5.0
86.3,57.5625,3.5437,57.6,182.52,227.2974,361.65,2.5918,4.6375,171.8955,343.47,72.0557,704.24,19.3661,597.36,597.36,9.8163,65.9868,76.6704,2.5918,4.6375,11.0971,15.6941,9.0733,171.892,343.47,704.24,79.3995,33.195,8.983,5.828,12.217,36.576,28.8115,14.9526,0.1977,0.1282,0.1293,0.1266,0.2066,0.1293,0.1956,0.1223,605.56,249.75,323.9,84.6825,85.0575,85.4025,82.335,83.55,81.9675,79.9652,582.48,600.0,20.7971,583.19,550.85,5.0
86.725,57.6,2.9844,57.525,181.62,226.8841,361.3,2.591,4.6225,171.9225,343.38,72.0666,704.0,19.3771,597.36,597.36,9.8234,65.9962,76.6837,2.591,4.6225,11.0962,15.6941,9.0711,171.92,343.38,704.0,79.5251,33.205,9.015,5.847,12.219,35.82,28.311,14.9584,0.1984,0.1287,0.1298,0.1271,0.2074,0.1298,0.1964,0.1228,604.76,249.7,323.9,84.6675,85.1025,85.38,82.29,83.5275,81.9375,80.1336,581.7,600.0,20.8034,583.16,550.82,5.0
86.425,57.525,3.0594,57.5625,182.1375,226.2298,361.15,2.5916,4.61,171.9765,343.29,72.0759,704.0,19.3851,597.6,597.6,9.8301,66.0046,76.6927,2.5916,4.61,11.0953,15.6941,9.0711,171.976,343.29,704.0,79.652,33.215,9.046,5.865,12.221,35.088,27.827,14.9643,0.1991,0.1292,0.1302,0.1276,0.2081,0.1302,0.1971,0.1233,603.96,249.7,323.9,84.6225,85.0575,85.4025,82.2825,83.5725,81.975,80.3053,580.92,600.0,20.825,583.13,550.79,5.0
86.725,57.6,3.5859,57.525,181.3725,226.953,360.55,2.5918,4.5975,172.017,343.2,72.0847,704.08,19.3951,597.6,597.6,9.8368,66.0123,76.7025,2.5918,4.5975,11.0981,15.6941,9.0717,172.018,343.2,704.08,79.7295,33.22,9.076,5.883,12.223,34.368,27.354,14.9701,0.1998,0.1297,0.1306,0.128,0.2088,0.1306,0.1978,0.1238,603.16,249.7,323.85,84.6525,85.095,85.44,82.32,83.5725,81.9675,80.4801,580.14,600.0,20.8318,583.1,550.76,5.0
86.025,57.5625,3.4453,57.5625,182.0025,226.0232,361.15,2.592,4.585,172.044,343.11,72.0933,704.16,19.4043,597.66,597.66,9.8434,66.0204,76.712,2.592,4.585,11.0984,15.6941,9.0722,172.046,343.11,704.16,79.8582,33.23,9.106,5.901,12.225,33.666,26.8865,14.9759,0.2005,0.1301,0.1311,0.1285,0.2095,0.131,0.1985,0.1242,602.32,249.7,323.85,84.6525,85.0425,85.4625,82.335,83.5425,82.0125,80.658,579.36,600.0,20.8386,583.07,550.73,5.0
86.275,57.5625,2.9625,57.5625,181.575,225.9887,360.35,2.5922,4.5725,172.0845,343.02,72.1018,704.24,19.4133,597.72,597.72,9.8494,66.0286,76.7212,2.5922,4.5725,11.0987,15.6941,9.0722,172.088,343.02,704.24,79.9882,33.24,9.135,5.918,12.227,32.976,26.43,14.9818,0.2012,0.1306,0.1315,0.1289,0.2102,0.1314,0.1992,0.1247,601.52,249.65,323.85,84.6675,85.005,85.44,82.335,83.5575,82.005,80.8391,578.58,600.0,20.8454,583.04,550.7,5.0
86.475,57.6,3.6766,57.5625,181.7325,225.9887,360.55,2.5934,4.56,172.206,342.96,72.1089,704.48,19.4221,597.78,597.78,9.855,66.0353,76.7264,2.5934,4.56,11.0991,15.6941,9.075,172.214,342.96,704.48,80.0689,33.245,9.164,5.934,12.23,32.304,25.979,14.9876,0.2018,0.1311,0.1319,0.1293,0.2109,0.1319,0.1998,0.1251,600.72,249.65,323.8,84.615,84.975,85.425,82.29,83.5575,82.035,81.0233,577.8,600.0,20.8522,582.98,550.67,5.0
86.25,57.6,3.3297,57.525,181.71,225.5066,359.95,2.5926,4.5475,172.1655,342.87,72.1194,704.24,19.4321,597.72,597.72,9.8619,66.0437,76.7377,2.5926,4.5475,11.0994,15.6941,9.0733,172.158,342.87,704.24,80.1501,33.25,9.192,5.95,12.232,31.65,25.5335,14.9934,0.2024,0.1315,0.1323,0.1297,0.2115,0.1323,0.2005,0.1255,599.92,249.65,323.8,84.66,85.035,85.4475,82.305,83.5275,82.005,81.2107,577.02,600.0,20.8591,582.95,550.61,5.0
86.975,57.6,3.6,57.6,181.6425,225.541,359.55,2.5928,4.535,172.179,342.78,72.1278,704.32,19.4409,597.78,597.78,9.8684,66.0524,76.7462,2.5928,4.535,11.0997,15.6941,9.0739,172.186,342.78,704.32,80.2826,33.26,9.22,5.965,12.234,31.014,25.1045,14.9993,0.203,0.1319,0.1327,0.1301,0.2122,0.1327,0.2011,0.126,599.08,249.65,323.8,84.615,85.0875,85.4025,82.29,83.55,82.0125,81.4013,576.24,600.0,20.8659,582.89,550.58,5.0
86.2,57.5625,3.4141,57.5625,181.44,225.8854,359.4,2.5926,4.5225,172.206,342.72,72.1373,704.24,19.4494,597.84,597.84,9.874,66.0598,76.756,2.5926,4.5225,11.1001,15.6941,9.0739,172.2,342.72,704.24,80.3657,33.265,9.246,5.98,12.235,30.402,24.6865,15.0051,0.2036,0.1323,0.1331,0.1305,0.2128,0.1331,0.2017,0.1264,598.28,249.65,323.8,84.6075,85.0875,85.425,82.2825,83.5875,81.96,81.595,575.46,600.0,20.8727,582.83,550.52,5.0
86.425,57.525,3.7578,57.525,181.1925,225.7132,359.55,2.5928,4.5125,172.2465,342.63,72.1457,704.32,19.4576,597.9,597.9,9.8802,66.0677,76.7645,2.5928,4.5125,11.1004,15.6941,9.0739,172.242,342.63,704.32,80.5001,33.275,9.273,5.995,12.237,29.802,24.2795,15.0109,0.2042,0.1328,0.1335,0.131,0.2134,0.1334,0.2023,0.1268,597.48,249.65,323.75,84.645,85.0425,85.44,82.2525,83.535,82.0125,81.7918,574.68,600.0,20.8795,582.77,550.46,5.0
86.775,57.525,2.8109,57.6,180.9,225.0244,359.55,2.5932,4.5,172.287,342.57,72.1533,704.48,19.4649,598.02,598.02,9.8864,66.0756,76.7719,2.5932,4.5,11.1007,15.6941,9.075,172.284,342.57,704.48,80.5851,33.28,9.298,6.008,12.239,29.22,23.878,15.0168,0.2048,0.1332,0.1339,0.1313,0.214,0.1338,0.2029,0.1271,596.68,249.6,323.75,84.69,85.095,85.4325,82.2825,83.49,81.9675,81.9881,573.93,600.0,20.8863,582.68,550.4,5.0
86.35,57.5625,2.8281,57.6,180.585,225.8854,359.45,2.5934,4.49,172.314,342.48,72.1613,704.56,19.4739,597.96,597.96,9.8925,66.0835,76.7797,2.5934,4.49,11.0973,15.6941,9.075,172.312,342.48,704.56,80.6707,33.285,9.323,6.022,12.242,28.656,23.4875,15.0226,0.2053,0.1336,0.1342,0.1317,0.2146,0.1342,0.2035,0.1275,595.88,249.6,323.75,84.7125,85.125,85.3875,82.32,83.4825,81.9975,82.1911,573.15,600.0,20.8931,582.62,550.34,5.0
86.25,57.5625,3.3047,57.5625,180.3825,225.5755,359.45,2.5932,4.48,172.341,342.42,72.1692,704.64,19.4809,598.08,598.08,9.8979,66.0907,76.7887,2.5932,4.48,11.0964,15.6941,9.0756,172.34,342.42,704.64,80.757,33.29,9.348,6.034,12.244,28.104,23.108,15.0284,0.2058,0.1339,0.1346,0.132,0.2151,0.1346,0.204,0.1279,595.08,249.6,323.75,84.6825,85.1625,85.335,82.2825,83.5275,81.9975,82.3935,572.4,600.0,20.9,582.53,550.28,5.0
86.375,57.525,3.1219,57.5625,180.45,225.2999,359.25,2.5936,4.4675,172.368,342.36,72.1776,704.64,19.4896,598.02,598.02,9.9039,66.0976,76.7957,2.5936,4.4675,11.0954,15.6941,9.0766,172.368,342.36,704.64,80.8438,33.295,9.371,6.047,12.246,27.576,22.734,15.0343,0.2063,0.1343,0.1349,0.1324,0.2156,0.1349,0.2045,0.1282,594.28,249.6,323.7,84.705,85.1775,85.365,82.2525,83.49,81.975,82.6027,571.62,600.0,20.9068,582.47,550.19,5.0
86.1,57.5625,2.9109,57.6375,180.765,224.6456,358.25,2.5934,4.4575,172.395,342.3,72.1853,704.72,19.4964,598.14,598.14,9.909,66.105,76.8045,2.5934,4.4575,11.0983,15.6933,9.0766,172.396,342.3,704.72,80.982,33.305,9.395,6.058,12.248,27.066,22.3765,15.0315,0.2068,0.1347,0.1353,0.1327,0.2162,0.1352,0.205,0.1286,593.48,249.6,323.7,84.675,85.17,85.395,82.29,83.5125,82.0125,82.8113,570.87,600.0,20.9289,582.38,550.13,5.0
86.075,57.6,2.9719,57.5625,180.4725,225.1966,358.45,2.5984,4.5075,166.86,342.57,72.1836,706.0,19.8859,567.6,567.6,9.9927,66.1079,76.794,2.5984,4.5075,11.1016,15.6968,9.0871,166.866,342.57,706.0,82.0326,33.405,9.417,6.07,12.249,0.0,22.03,15.0371,0.2791,0.1387,0.1339,0.1312,0.2953,0.1338,0.2849,0.1269,592.68,249.55,323.7,84.6375,85.1175,85.425,82.32,83.4975,82.05,83.906,563.07,600.0,20.9362,582.26,550.04,5.0
86.15,57.5625,2.9625,57.6375,180.8775,226.4709,360.55,2.5646,3.8925,170.694,337.38,72.2617,696.8,19.7576,588.66,588.66,9.9711,66.1476,76.9227,2.5646,3.8925,11.0864,15.6791,9.0112,170.688,337.38,696.8,82.1339,33.41,9.177,11.806,12.253,0.0,23.7295,15.0598,0.231,0.1522,0.1599,0.1544,0.2421,0.1598,0.2312,0.1455,584.6,249.55,323.7,84.6,85.125,85.4325,82.3425,83.5425,82.035,85.1299,554.49,600.0,20.9435,582.11,549.95,5.0
86.75,57.6,3.0391,57.6,181.2825,226.8153,360.95,2.5562,3.6975,170.937,337.71,72.2992,694.64,19.7891,589.92,589.92,9.9813,66.1723,76.9985,2.5562,3.6975,11.059,15.6476,8.9925,170.926,337.71,694.64,81.0207,33.295,10.14,6.631,12.238,0.258,4.716,14.954,0.1647,0.1516,0.1583,0.1553,0.2396,0.1582,0.2287,0.1505,575.64,249.55,323.7,84.5775,85.1325,85.44,82.3275,83.58,82.065,86.3358,546.33,600.0,20.9508,582.02,549.8,5.0
86.625,57.6,3.0016,57.5625,181.44,226.2642,360.85,2.557,3.7375,172.4355,338.22,72.3207,694.96,19.6714,602.7,602.7,9.9812,66.1904,77.0502,2.557,3.7375,11.0373,15.6238,8.9958,172.438,338.22,694.96,79.1339,33.105,10.322,1.109,12.196,0.87,-1.2515,14.6551,0.1495,0.1495,0.1557,0.1533,0.2374,0.1556,0.2263,0.1495,567.2,249.55,323.65,84.5925,85.125,85.4325,82.365,83.5725,82.0125,87.477,538.95,600.0,20.9734,581.96,549.71,5.0
86.125,57.6,3.6578,57.5625,181.755,227.3318,361.55,2.5826,3.85,172.3005,338.91,72.3073,699.68,19.6939,600.0,600.0,9.9881,66.1969,77.0079,2.5826,3.85,11.0544,15.6351,9.0387,172.298,338.91,699.68,77.2232,32.915,10.369,0.0,12.145,2.772,-1.4935,14.2948,0.1467,0.1467,0.1522,0.1501,0.234,0.1522,0.223,0.1467,559.52,249.55,323.65,84.585,85.1025,85.425,82.335,83.61,82.005,88.4113,533.46,600.0,20.9812,581.9,549.65,5.0
86.275,57.525,3.5234,57.6,182.07,227.7107,361.8,2.5904,4.005,172.935,339.78,72.3072,701.76,19.6496,603.54,603.54,9.9893,66.2043,77.0005,2.5904,4.005,11.0538,15.6318,9.0557,172.928,339.78,701.76,76.4532,32.84,10.322,0.0,12.068,8.538,0.2665,13.9748,0.1737,0.1449,0.1479,0.1459,0.2274,0.1479,0.2162,0.1425,553.8,249.55,323.65,84.63,85.11,85.365,82.29,83.6475,82.005,88.9883,531.0,600.0,20.989,581.66,549.59,5.0
86.425,57.6,3.7609,57.5625,182.0025,227.4696,362.35,2.6036,4.2375,173.8125,341.04,72.2913,705.44,19.6154,605.1,605.1,9.9814,66.2017,76.963,2.6036,4.2375,11.0618,15.6406,9.0876,173.81,341.04,705.44,76.2814,32.825,10.201,2.422,11.962,21.348,3.7975,13.7571,0.1954,0.1404,0.1415,0.1393,0.2142,0.1414,0.203,0.1357,551.24,249.5,323.65,84.585,85.125,85.3575,82.305,83.595,82.0125,89.0867,532.44,600.0,20.9968,581.36,549.38,5.0
86.425,57.6,3.6109,57.6375,181.9125,227.2285,362.65,2.6214,4.5425,175.149,342.9,72.2597,710.4,19.4936,613.14,613.14,9.9639,66.1904,76.8917,2.6214,4.5425,11.0729,15.6536,9.1283,175.14,342.9,710.4,76.1076,32.81,9.953,4.628,11.857,41.28,10.3095,13.6537,0.1811,0.13,0.1321,0.1297,0.1946,0.1321,0.1832,0.1257,552.72,249.5,323.6,84.5475,85.17,85.32,82.29,83.5725,81.9975,88.7284,537.48,600.0,21.0046,581.09,549.08,5.0
86.65,57.525,3.5219,57.525,182.655,227.5729,361.9,2.6438,4.8725,176.6745,345.18,72.2122,716.4,19.3511,620.16,620.16,9.9378,66.169,76.781,2.6438,4.8725,11.0867,15.6683,9.1789,176.68,345.18,716.4,75.932,32.795,9.538,4.294,11.781,64.326,20.49,13.6687,0.1638,0.1173,0.1205,0.1178,0.1723,0.1205,0.1606,0.1134,557.96,249.5,323.6,84.5325,85.1925,85.2975,82.26,83.565,81.96,88.0642,544.8,600.0,21.0124,580.85,548.84,5.0
86.55,57.6,3.4594,57.5625,181.8,226.5742,361.75,2.656,5.1825,177.6195,347.61,72.1634,721.36,19.1809,627.06,627.06,9.9084,66.1409,76.6805,2.656,5.1825,11.0888,15.6741,9.2175,177.618,347.61,721.36,75.7038,32.775,8.978,3.915,11.742,86.706,33.349,13.7715,0.1443,0.1036,0.1082,0.1051,0.1509,0.1082,0.1391,0.1002,565.56,249.5,323.6,84.495,85.2,85.3125,82.2975,83.5125,81.99,87.2614,552.99,600.0,21.0355,580.67,548.6,5.0
86.65,57.525,2.9562,57.525,181.2375,226.6775,360.75,2.6774,5.44,178.821,349.83,72.1001,727.2,19.0366,629.58,629.58,9.8741,66.1056,76.5302,2.6774,5.44,11.1004,15.6876,9.2659,178.822,349.83,727.2,75.4733,32.755,8.333,3.419,11.739,105.642,47.1485,13.9218,0.1268,0.091,0.0967,0.0934,0.133,0.0966,0.1211,0.088,574.12,249.5,323.6,84.525,85.2225,85.3575,82.2675,83.475,81.945,86.3842,561.51,600.0,21.0285,580.52,548.42,5.0
86.375,57.5625,3.0844,57.5625,181.35,225.8165,359.6,2.6838,5.64,179.226,351.72,72.0463,730.64,18.9081,630.0,630.0,9.8418,66.0705,76.4094,2.6838,5.64,11.1005,15.6913,9.29,179.228,351.72,730.64,75.1895,32.73,7.683,3.01,11.768,120.36,59.9745,14.0865,0.1133,0.0806,0.087,0.0835,0.1192,0.087,0.1072,0.0779,582.96,249.5,323.6,84.5175,85.2075,85.335,82.245,83.4975,81.9225,85.5139,569.7,600.0,21.0363,580.4,548.3,5.0
86.825,57.5625,3.7594,57.5625,180.6075,225.0244,358.6,2.6712,5.7825,178.7535,353.13,72.0109,731.04,18.8094,627.9,627.9,9.8154,66.0382,76.3519,2.6712,5.7825,11.0966,15.6896,9.284,178.752,353.13,731.04,74.9532,32.71,7.09,2.748,11.816,131.058,70.705,14.2401,0.1035,0.0727,0.0796,0.076,0.1091,0.0795,0.0972,0.0701,591.48,249.5,323.55,84.51,85.2375,85.3725,82.2225,83.4525,81.9525,84.6932,577.23,600.0,21.0441,580.34,548.21,5.0
86.5,57.6,3.1891,57.525,179.73,223.6813,357.3,2.6804,5.88,179.172,354.15,71.9587,733.52,18.7239,625.44,625.44,9.7831,66.0014,76.2284,2.6804,5.88,11.0986,15.6946,9.3049,179.172,354.15,733.52,74.7145,32.69,6.59,2.595,11.873,132.0,78.9715,14.3562,0.0971,0.0671,0.0743,0.0706,0.1026,0.0743,0.0907,0.0646,599.32,249.45,323.55,84.5175,85.26,85.395,82.1775,83.4675,81.9075,83.9547,583.86,600.0,21.0519,580.31,548.12,5.0
86.4,57.6,3.1641,57.5625,178.9875,223.1303,355.55,2.6732,5.94,178.848,354.78,71.9219,733.52,18.6561,622.38,622.38,9.7563,65.969,76.1549,2.6732,5.94,11.1,15.6946,9.2994,178.85,354.78,733.52,74.5239,32.675,6.196,2.522,11.929,132.0,84.785,14.4507,0.0935,0.0637,0.071,0.0672,0.099,0.071,0.0871,0.0611,606.2,249.45,323.55,84.5325,85.2675,85.3725,82.17,83.475,81.9375,83.3023,589.59,600.0,21.0597,580.31,548.09,5.0
86.8,57.5625,3.6766,57.5625,178.74,222.6826,354.7,2.6584,5.9775,177.984,355.2,71.8983,731.84,18.5966,619.68,619.68,9.7344,65.9422,76.1189,2.6584,5.9775,11.104,15.6961,9.2785,177.982,355.2,731.84,74.3314,32.66,5.907,2.512,11.979,132.0,88.503,14.514,0.0917,0.0614,0.0689,0.0651,0.0971,0.0689,0.0853,0.0588,612.16,249.45,323.55,84.54,85.2675,85.3725,82.155,83.4975,81.9375,82.7281,594.51,600.0,21.0675,580.31,548.09,5.0
86.275,57.5625,3.6734,57.6375,178.2675,222.2349,353.65,2.6602,5.9975,177.9975,355.38,71.8598,732.4,18.5484,616.98,616.98,9.7086,65.9101,76.0392,2.6602,5.9975,11.1051,15.6963,9.2829,177.996,355.38,732.4,74.1876,32.65,5.686,2.549,12.018,132.0,90.9945,14.5709,0.0914,0.0603,0.0679,0.064,0.0969,0.0678,0.0851,0.0577,617.28,249.45,323.55,84.525,85.26,85.38,82.155,83.5425,81.9075,82.2355,598.62,600.0,21.0753,580.34,548.09,5.0
86.0,57.6,3.1781,57.6,177.39,220.6162,352.55,2.6494,6.0025,177.1875,355.41,71.8379,730.72,18.5084,614.52,614.52,9.6903,65.8863,76.0044,2.6494,6.0025,11.102,15.6943,9.2636,177.184,355.41,730.72,74.0426,32.64,5.532,2.616,12.05,132.0,91.0,14.6126,0.0922,0.0601,0.0677,0.0638,0.0978,0.0677,0.086,0.0574,621.56,249.45,323.5,84.5175,85.2225,85.395,82.1625,83.5125,81.96,81.8089,602.07,600.0,21.0831,580.4,548.15,5.0
86.825,57.5625,3.6609,57.5625,176.355,219.7897,350.85,2.6402,5.995,176.6205,355.29,71.8168,729.28,18.4809,611.88,611.88,9.6722,65.8624,75.9772,2.6402,5.995,11.0978,15.6933,9.2488,176.624,355.29,729.28,73.947,32.635,5.436,2.705,12.072,132.0,91.0,14.6471,0.0941,0.0606,0.0683,0.0644,0.0996,0.0682,0.088,0.0578,625.12,249.45,323.5,84.48,85.2225,85.38,82.1775,83.4675,81.975,81.4473,604.89,600.0,21.0757,580.46,548.18,5.0
86.75,57.5625,3.6766,57.525,175.95,219.4109,350.0,2.6384,5.9775,176.445,355.08,71.7904,728.8,18.4636,609.3,609.3,9.6529,65.8371,75.9337,2.6384,5.9775,11.0951,15.6918,9.2449,176.442,355.08,728.8,73.8508,32.63,5.388,2.812,12.092,132.0,91.0,14.674,0.0967,0.0618,0.0694,0.0654,0.1023,0.0694,0.0907,0.0589,628.08,249.45,323.5,84.45,85.245,85.4025,82.185,83.43,81.9525,81.1383,607.2,600.0,21.083,580.55,548.24,5.0
86.525,57.5625,3.1562,57.5625,175.815,218.2399,348.3,2.6298,5.9525,175.959,354.78,71.7761,726.88,18.4549,606.9,606.9,9.6395,65.8198,75.9179,2.6298,5.9525,11.0994,15.6928,9.2262,175.966,354.78,726.88,73.8045,32.63,5.38,2.932,12.107,132.0,91.0,14.7018,0.0998,0.0635,0.071,0.067,0.1056,0.071,0.0941,0.0604,630.48,249.4,323.5,84.495,85.2675,85.395,82.1775,83.4375,81.9975,80.88,609.03,600.0,21.0903,580.64,548.33,5.0
86.85,57.5625,3.6203,57.6,175.005,218.2055,347.05,2.6266,5.92,175.446,354.42,71.7566,726.0,18.4524,604.8,604.8,9.6249,65.7994,75.8927,2.6266,5.92,11.099,15.6921,9.2191,175.448,354.42,726.0,73.7583,32.63,5.407,3.061,12.118,132.0,89.9715,14.7218,0.1035,0.0655,0.0729,0.0689,0.1094,0.0729,0.0979,0.0623,632.4,249.4,323.5,84.525,85.2,85.335,82.1925,83.43,82.0275,80.6631,610.47,600.0,21.0976,580.76,548.42,5.0
86.275,57.6,2.9578,57.6,174.195,217.3101,346.25,2.617,5.8825,174.636,354.0,71.7484,723.84,18.4579,602.76,602.76,9.6161,65.7861,75.8954,2.617,5.8825,11.0983,15.6911,9.1982,174.636,354.0,723.84,73.712,32.63,5.461,3.197,12.127,128.418,88.1345,14.7423,0.1074,0.0677,0.0751,0.0711,0.1133,0.075,0.1019,0.0644,633.88,249.4,323.5,84.4875,85.1625,85.3275,82.1625,83.4825,81.9825,80.478,611.61,600.0,21.1049,580.85,548.51,5.0
86.35,57.525,2.825,57.6,173.6325,216.0359,344.65,2.613,5.8425,174.366,353.55,71.7349,722.8,18.4681,601.02,601.02,9.6055,65.7705,75.8892,2.613,5.8425,11.0974,15.6898,9.1894,174.356,353.55,722.8,73.7164,32.635,5.537,3.333,12.135,124.182,86.0335,14.7548,0.1114,0.0702,0.0774,0.0734,0.1175,0.0774,0.1061,0.0667,635.08,249.4,323.45,84.45,85.1175,85.3275,82.1775,83.4825,82.02,80.3297,612.42,600.0,21.1123,580.97,548.63,5.0
86.55,57.6,3.1219,57.525,173.205,215.9325,343.4,2.607,5.8,173.8125,353.1,71.7306,720.8,18.4819,599.58,599.58,9.5984,65.7607,75.8954,2.607,5.8,11.097,15.6883,9.174,173.824,353.1,720.8,73.7214,32.64,5.63,3.468,12.14,119.886,83.729,14.759,0.1155,0.0728,0.0798,0.0758,0.1217,0.0798,0.1104,0.0692,635.92,249.4,323.45,84.42,85.0725,85.32,82.185,83.4675,82.05,80.2081,612.99,600.0,21.1043,581.12,548.72,5.0
86.6,57.5625,3.0594,57.5625,172.9575,215.0027,342.85,2.6028,5.755,173.5425,352.62,71.7231,719.6,18.4994,598.32,598.32,9.5911,65.7491,75.9024,2.6028,5.755,11.0958,15.6873,9.1646,173.544,352.62,719.6,73.7776,32.65,5.736,3.6,12.145,115.608,81.32,14.7718,0.1196,0.0754,0.0823,0.0783,0.1259,0.0822,0.1147,0.0716,636.52,249.4,323.45,84.435,85.1175,85.3275,82.2375,83.49,82.0725,80.1105,613.35,600.0,21.1111,581.24,548.84,5.0
86.725,57.5625,3.0984,57.525,171.7875,214.0384,341.55,2.5978,5.71,173.124,352.14,71.7199,718.08,18.5199,597.24,597.24,9.5865,65.741,75.9177,2.5978,5.71,11.0952,15.6886,9.152,173.124,352.14,718.08,73.7845,32.655,5.851,3.725,12.147,111.426,78.8505,14.7762,0.1236,0.0779,0.0847,0.0807,0.13,0.0846,0.1188,0.0741,636.88,249.4,323.45,84.4725,85.1025,85.2975,82.2225,83.4525,82.0425,80.0378,613.5,600.0,21.1179,581.39,548.99,5.0
86.0,57.6,3.2687,57.525,171.27,213.4874,340.45,2.5948,5.665,172.8135,351.69,71.7161,716.96,18.5426,596.34,596.34,9.5829,65.7342,75.9317,2.5948,5.665,11.0937,15.6876,9.1426,172.816,351.69,716.96,73.8426,32.665,5.972,3.844,12.147,107.406,76.3865,14.7807,0.1275,0.0805,0.0871,0.0831,0.1339,0.087,0.1228,0.0765,637.04,249.4,323.45,84.4425,85.095,85.335,82.2375,83.46,81.9975,79.9832,613.5,600.0,21.1247,581.51,549.11,5.0
86.35,57.6,2.8984,57.5625,170.64,213.0397,339.65,2.5914,5.62,172.476,351.27,71.7164,715.52,18.5676,595.56,595.56,9.5801,65.7299,75.9509,2.5914,5.62,11.0928,15.6871,9.1322,172.48,351.27,715.52,73.902,32.675,6.096,3.954,12.149,103.602,73.961,14.7851,0.1311,0.0829,0.0892,0.0853,0.1377,0.0892,0.1266,0.0788,637.04,249.35,323.45,84.4125,85.0575,85.3425,82.2675,83.5125,81.9825,79.9437,613.38,600.0,21.1316,581.66,549.23,5.0
86.375,57.5625,3.5187,57.525,171.0675,212.282,338.2,2.5908,5.5775,172.233,350.88,71.7078,715.52,18.5929,595.02,595.02,9.5748,65.7215,75.9617,2.5914,5.62,11.0944,15.6866,9.125,172.228,350.88,714.4,73.9626,32.685,6.221,4.055,12.149,100.032,71.629,14.7896,0.1345,0.0852,0.0913,0.0874,0.1412,0.0913,0.1301,0.0811,636.92,249.35,323.45,84.39,85.11,85.32,82.2525,83.4675,81.975,79.9197,613.14,600.0,21.1384,581.81,549.38,5.0
86.25,57.5625,3.1187,57.5625,170.415,212.4542,337.45,2.5872,5.5375,171.9765,350.52,71.7154,713.44,18.6181,594.66,594.66,9.5769,65.7222,75.9882,2.5872,5.5375,11.0945,15.6853,9.1173,171.976,350.52,713.44,74.0245,32.695,6.344,4.147,12.149,96.72,69.407,14.794,0.1377,0.0874,0.0932,0.0894,0.1444,0.0932,0.1334,0.0831,636.68,249.35,323.4,84.405,85.1025,85.275,82.245,83.4975,81.9825,79.9042,612.84,600.0,21.1452,581.93,549.5,5.0
86.25,57.6,2.9344,57.6,169.38,211.421,337.25,2.586,5.5,171.801,350.16,71.7176,712.48,18.6434,594.42,594.42,9.5771,65.7206,76.0087,2.586,5.5,11.0946,15.6846,9.1113,171.794,350.16,712.48,74.0876,32.705,6.464,4.231,12.149,93.666,67.317,14.7898,0.1406,0.0894,0.095,0.0913,0.1474,0.095,0.1364,0.0851,636.36,249.35,323.4,84.3825,85.0725,85.3275,82.2675,83.535,81.975,79.9012,612.45,600.0,21.152,582.08,549.62,5.0
86.725,57.525,2.6844,57.525,169.2,211.3521,336.4,2.584,5.465,171.612,349.83,71.7224,711.36,18.6681,594.3,594.3,9.579,65.7203,76.0337,2.584,5.465,11.0946,15.6838,9.1041,171.612,349.83,711.36,74.152,32.715,6.58,4.306,12.148,90.888,65.3755,14.794,0.1433,0.0912,0.0967,0.093,0.1502,0.0966,0.1391,0.0869,635.92,249.35,323.4,84.45,85.035,85.32,82.29,83.535,81.975,79.911,611.97,600.0,21.1588,582.23,549.77,5.0
86.0,57.6,2.6688,57.6,169.1775,210.0779,335.5,2.5838,5.43,171.477,349.56,71.7234,710.96,18.6926,594.24,594.24,9.5799,65.7204,76.0544,2.5838,5.43,11.0947,15.6831,9.1009,171.472,349.56,710.96,74.2682,32.73,6.69,4.374,12.148,88.362,63.5935,14.7982,0.1457,0.0929,0.0982,0.0945,0.1526,0.0982,0.1416,0.0885,635.44,249.35,323.4,84.495,85.065,85.3125,82.29,83.535,81.945,79.9228,611.49,600.0,21.1656,582.35,549.89,5.0
86.925,57.5625,3.3156,57.6,168.12,209.6646,333.9,2.5858,5.4,171.4365,349.29,71.7263,710.4,18.7061,595.08,595.08,9.5814,65.7208,76.0672,2.5858,5.4,11.0948,15.6853,9.0997,171.43,349.29,710.4,74.3357,32.74,6.794,4.435,12.147,86.07,61.971,14.8109,0.1478,0.0945,0.0996,0.0959,0.1549,0.0995,0.1439,0.09,634.96,249.35,323.4,84.4875,85.05,85.3425,82.245,83.565,81.9075,79.944,610.95,600.0,21.1725,582.5,550.04,5.0
86.625,57.5625,3.2437,57.6,168.0525,209.1481,333.45,2.5856,5.3725,171.3015,349.05,71.7307,709.76,18.7356,594.36,594.36,9.584,65.722,76.0857,2.5856,5.3725,11.0949,15.6856,9.097,171.304,349.05,709.76,74.4045,32.75,6.891,4.489,12.149,84.006,60.4915,14.8154,0.1498,0.0959,0.1008,0.0972,0.1569,0.1008,0.1459,0.0913,634.4,249.35,323.4,84.5175,85.05,85.2975,82.2525,83.6025,81.93,79.9674,610.41,600.0,21.164,582.62,550.16,5.0
86.025,57.6,3.5203,57.6,167.6925,209.2169,333.2,2.5836,5.3475,171.2475,348.81,71.7354,709.2,18.7576,594.48,594.48,9.5867,65.7239,76.1112,2.5836,5.3475,11.0949,15.6858,9.092,171.248,348.81,709.2,74.4745,32.76,6.981,4.539,12.149,82.14,59.166,14.8198,0.1516,0.0971,0.1019,0.0984,0.1587,0.1019,0.1478,0.0925,633.8,249.35,323.4,84.4875,85.1025,85.26,82.23,83.5575,81.9225,79.9967,609.84,600.0,21.1703,582.74,550.28,5.0
86.25,57.6,2.9484,57.6,167.1975,208.9414,332.55,2.5832,5.325,171.18,348.63,71.7398,708.8,18.7821,594.36,594.36,9.5891,65.7266,76.1332,2.5832,5.325,11.095,15.6831,9.0898,171.178,348.63,708.8,74.5964,32.775,7.065,4.583,12.152,80.43,57.956,14.8243,0.1532,0.0982,0.103,0.0994,0.1604,0.103,0.1495,0.0936,633.2,249.35,323.35,84.5475,85.125,85.29,82.2375,83.5425,81.9225,80.0321,609.24,600.0,21.1767,582.89,550.4,5.0
86.875,57.6,3.2469,57.5625,166.7925,207.7361,331.2,2.586,5.3025,171.207,348.45,71.7429,708.64,18.8004,594.78,594.78,9.5918,65.7293,76.1437,2.586,5.3025,11.0951,15.6831,9.0904,171.206,348.45,708.64,74.6695,32.785,7.142,4.625,12.153,78.852,56.8615,14.8287,0.1547,0.0993,0.1039,0.1004,0.1619,0.1038,0.151,0.0946,632.6,249.35,323.35,84.525,85.0725,85.2975,82.23,83.5725,81.8925,80.0662,608.67,600.0,21.183,583.01,550.52,5.0
86.9,57.525,3.5859,57.5625,166.2975,207.5639,330.15,2.5844,5.2825,171.1125,348.27,71.7488,708.16,18.8206,594.9,594.9,9.5954,65.7324,76.1672,2.5844,5.2825,11.0952,15.6826,9.0871,171.108,348.27,708.16,74.7439,32.795,7.215,4.663,12.154,77.382,55.8605,14.8332,0.1561,0.1003,0.1047,0.1013,0.1634,0.1047,0.1525,0.0956,632.0,249.3,323.35,84.5775,85.065,85.3275,82.2525,83.55,81.9075,80.1063,608.07,600.0,21.1893,583.13,550.64,5.0
86.875,57.6,2.6766,57.5625,166.2525,206.7029,329.75,2.586,5.265,171.18,348.12,71.7536,707.92,18.8381,595.2,595.2,9.5981,65.7354,76.1807,2.586,5.265,11.0923,15.6851,9.0871,171.178,348.12,707.92,74.8701,32.81,7.282,4.7,12.156,75.984,54.942,14.8462,0.1575,0.1012,0.1056,0.1021,0.1648,0.1055,0.1538,0.0965,631.4,249.3,323.35,84.5625,85.0425,85.35,82.2225,83.5575,81.8775,80.1451,607.5,600.0,21.1956,583.25,550.76,5.0
86.1,57.6,3.2641,57.525,166.2525,206.8751,329.05,2.5846,5.2475,171.0855,347.97,71.7599,707.52,18.8559,595.38,595.38,9.6023,65.7393,76.2034,2.5846,5.2475,11.0913,15.6856,9.0843,171.08,347.97,707.52,74.9476,32.82,7.345,4.735,12.158,74.646,54.073,14.8509,0.1588,0.102,0.1063,0.1029,0.1661,0.1063,0.1552,0.0973,630.8,249.3,323.35,84.5625,85.0875,85.395,82.245,83.55,81.9375,80.1861,606.93,600.0,21.202,583.34,550.85,5.0
86.975,57.6,3.4781,57.5625,165.6225,206.5996,328.25,2.5872,5.23,171.0855,347.82,71.7644,707.44,18.8729,595.56,595.56,9.6062,65.7429,76.2129,2.5872,5.23,11.0942,15.6831,9.0865,171.094,347.82,707.44,75.0264,32.83,7.405,4.77,12.16,73.332,53.2535,14.8643,0.16,0.1029,0.1071,0.1037,0.1674,0.107,0.1565,0.0981,630.2,249.3,323.35,84.555,85.125,85.3725,82.29,83.55,81.9525,80.2333,606.33,600.0,21.2083,583.46,550.97,5.0
86.375,57.5625,2.8109,57.6375,165.3525,205.9797,327.8,2.5858,5.2125,171.072,347.67,71.7716,707.04,18.8914,595.56,595.56,9.6104,65.7468,76.2342,2.5858,5.2125,11.0945,15.6826,9.0833,171.066,347.67,707.04,75.1064,32.84,7.462,4.804,12.164,72.042,52.4505,14.8693,0.1612,0.1037,0.1078,0.1044,0.1686,0.1078,0.1577,0.0989,629.6,249.3,323.35,84.5325,85.095,85.35,82.29,83.5275,81.93,80.2791,605.76,600.0,21.2146,583.58,551.06,5.0
86.375,57.6,3.1484,57.5625,164.61,205.0498,327.65,2.5874,5.195,171.1395,347.55,71.7768,706.96,18.9076,595.74,595.74,9.614,65.751,76.2459,2.5874,5.195,11.0948,15.6851,9.0843,171.136,347.55,706.96,75.2382,32.855,7.518,4.838,12.167,70.752,51.6695,14.8743,0.1625,0.1045,0.1085,0.1052,0.17,0.1085,0.159,0.0997,629.0,249.3,323.35,84.495,85.08,85.3425,82.275,83.55,81.9675,80.331,605.16,600.0,21.2209,583.67,551.18,5.0
86.3,57.6,2.6234,57.6375,164.205,204.8776,326.55,2.5862,5.1775,171.0585,347.4,71.7841,706.64,18.9246,595.8,595.8,9.6192,65.7562,76.2662,2.5862,5.1775,11.0944,15.6856,9.081,171.052,347.4,706.64,75.3214,32.865,7.571,4.873,12.17,69.456,50.894,14.8793,0.1637,0.1054,0.1092,0.1059,0.1712,0.1092,0.1603,0.1004,628.36,249.3,323.35,84.4875,85.11,85.32,82.2675,83.55,82.0125,80.3815,604.59,600.0,21.2273,583.76,551.27,5.0
86.7,57.525,3.4859,57.6,164.5875,204.9465,325.7,2.5882,5.16,171.1395,347.25,71.7893,706.64,18.9399,595.98,595.98,9.6234,65.7603,76.2759,2.5882,5.16,11.0952,15.6831,9.0827,171.136,347.25,706.64,75.4057,32.875,7.624,4.909,12.172,68.148,50.124,14.8929,0.165,0.1062,0.11,0.1066,0.1726,0.1099,0.1616,0.1012,627.76,249.3,323.3,84.4725,85.1175,85.335,82.2675,83.535,81.99,80.4381,603.99,600.0,21.2336,583.88,551.36,5.0
86.775,57.5625,3.3187,57.5625,164.295,204.7054,325.05,2.587,5.1425,171.0585,347.13,71.7971,706.32,18.9566,595.98,595.98,9.629,65.766,76.2952,2.587,5.1425,11.0956,15.6826,9.0794,171.052,347.13,706.32,75.542,32.89,7.675,4.944,12.175,66.822,49.3485,14.8982,0.1662,0.107,0.1107,0.1074,0.1738,0.1106,0.1629,0.102,627.16,249.3,323.3,84.5025,85.14,85.365,82.2975,83.52,81.945,80.4972,603.39,600.0,21.2399,583.97,551.45,5.0
86.725,57.525,3.1219,57.6,163.6425,203.81,324.85,2.5886,5.1225,171.1395,346.98,71.8034,706.24,18.9734,595.98,595.98,9.6337,65.7714,76.3054,2.5886,5.1225,11.0921,15.6851,9.081,171.136,346.98,706.24,75.6295,32.9,7.727,4.981,12.177,65.484,48.5675,14.9121,0.1675,0.1078,0.1114,0.1082,0.1752,0.1114,0.1643,0.1028,626.52,249.3,323.3,84.54,85.1325,85.365,82.2825,83.505,81.9225,80.5586,602.79,600.0,21.2462,584.06,551.54,5.0
86.575,57.6,3.2687,57.5625,163.62,203.7756,323.9,2.5872,5.105,171.045,346.83,71.8124,705.84,18.9901,595.98,595.98,9.6391,65.7778,76.3249,2.5872,5.105,11.0912,15.6856,9.0778,171.052,346.83,705.84,75.7182,32.91,7.778,5.017,12.182,64.134,47.77,14.9176,0.1688,0.1087,0.1122,0.1089,0.1765,0.1122,0.1656,0.1036,625.92,249.3,323.3,84.5025,85.1175,85.3425,82.2375,83.4525,81.9225,80.6225,602.19,600.0,21.2526,584.15,551.63,5.0
86.325,57.6,3.0328,57.5625,162.9225,203.3967,323.0,2.5888,5.085,171.1395,346.68,71.8189,705.84,19.0054,596.1,596.1,9.644,65.7833,76.3349,2.5888,5.085,11.0933,15.6831,9.0794,171.136,346.68,705.84,75.8589,32.925,7.829,5.055,12.184,62.766,46.967,14.9232,0.1701,0.1095,0.1129,0.1097,0.1778,0.1129,0.1669,0.1045,625.28,249.3,323.3,84.5175,85.0875,85.3725,82.1925,83.475,81.915,80.6926,601.56,600.0,21.2589,584.21,551.72,5.0
86.325,57.6,3.0328,57.5625,162.9225,203.3967,323.0,2.5888,5.085,171.1395,346.68,71.8254,705.84,19.0216,596.1,596.1,9.6489,65.7887,76.3489,2.5888,5.085,11.0934,15.6826,9.0794,171.136,346.68,705.84,75.8495,32.925,7.829,5.055,12.184,62.766,46.967,14.9287,0.1701,0.1095,0.1129,0.1097,0.1778,0.1129,0.1669,0.1045,625.28,249.3,323.3,84.5175,85.0875,85.3725,82.1925,83.475,81.915,80.6863,601.56,600.0,21.2652,584.21,551.72,5.0
86.325,57.6,3.0328,57.5625,162.9225,203.3967,323.0,2.5888,5.085,171.1395,346.68,71.8319,705.84,19.0379,596.1,596.1,9.6539,65.7941,76.3629,2.5888,5.085,11.0934,15.6821,9.0794,171.136,346.68,705.84,75.8401,32.925,7.829,5.055,12.184,62.766,46.967,14.9343,0.1701,0.1095,0.1129,0.1097,0.1778,0.1129,0.1669,0.1045,625.28,249.3,323.3,84.5175,85.0875,85.3725,82.1925,83.475,81.915,80.68,601.56,600.0,21.2715,584.21,551.72,5.0
86.325,57.6,3.0328,57.5625,162.9225,203.3967,323.0,2.5888,5.085,171.1395,346.68,71.8384,705.84,19.0541,596.1,596.1,9.6588,65.7995,76.3769,2.5888,5.085,11.0935,15.6816,9.0794,171.136,346.68,705.84,75.8307,32.925,7.829,5.055,12.184,62.766,46.967,14.9398,0.1701,0.1095,0.1129,0.1097,0.1778,0.1129,0.1669,0.1045,625.28,249.3,323.3,84.5175,85.0875,85.3725,82.1925,83.475,81.915,80.6737,601.56,600.0,21.2779,584.21,551.72,5.0
86.325,57.6,3.0328,57.5625,162.9225,203.3967,323.0,2.5888,5.085,171.1395,346.68,71.8449,705.84,19.0704,596.1,596.1,9.6637,65.8049,76.3909,2.5888,5.085,11.0936,15.6811,9.0794,171.136,346.68,705.84,75.8214,32.925,7.829,5.055,12.184,62.766,46.967,14.9454,0.1701,0.1095,0.1129,0.1097,0.1778,0.1129,0.1669,0.1045,625.28,249.3,323.3,84.5175,85.0875,85.3725,82.1925,83.475,81.915,80.6674,601.56,600.0,21.2842,584.21,551.72,5.0
86.225,57.6,2.8406,57.6,162.81,202.7768,323.05,2.5898,5.0675,171.234,346.53,71.8508,705.92,19.0731,597.18,597.18,9.6686,65.8103,76.4012,2.5898,5.0675,11.0937,15.6828,9.0799,171.234,346.53,705.92,75.9132,32.935,7.88,5.092,12.188,61.38,46.1475,14.9509,0.1714,0.1104,0.1137,0.1105,0.1793,0.1137,0.1683,0.1053,624.6,249.3,323.3,84.48,85.035,85.3275,82.2525,83.49,81.9375,80.74,600.93,600.0,21.2905,584.3,551.78,5.0
86.25,57.525,3.3422,57.6,162.585,202.2258,322.05,2.5914,5.0275,171.315,346.23,71.8591,705.68,19.0796,597.6,597.6,9.6743,65.8173,76.4079,2.5914,5.0275,11.0938,15.6831,9.0799,171.318,346.23,705.68,76.1076,32.955,7.982,5.168,12.197,58.596,44.4645,14.9565,0.174,0.1122,0.1153,0.1121,0.182,0.1153,0.171,0.1069,623.28,249.25,323.3,84.465,85.0275,85.2975,82.335,83.49,81.885,80.9053,599.58,600.0,21.2968,584.45,551.93,5.0
86.075,57.6,3.1156,57.5625,161.64,202.0192,320.95,2.5924,5.0075,171.396,346.08,71.8658,705.68,19.0874,597.78,597.78,9.6794,65.8232,76.4187,2.5914,5.0275,11.0938,15.6833,9.0816,171.388,346.08,705.76,76.2538,32.97,8.034,5.205,12.198,57.21,43.6285,14.9534,0.1754,0.113,0.1161,0.1129,0.1834,0.116,0.1724,0.1078,622.56,249.25,323.3,84.51,85.0875,85.35,82.2825,83.5125,81.9,80.9934,598.89,600.0,21.3032,584.51,551.99,5.0
86.95,57.5625,2.7641,57.6,162.0,201.3648,321.2,2.591,4.9875,171.3015,345.93,71.8751,705.36,19.1034,597.24,597.24,9.6861,65.8299,76.4309,2.591,4.9875,11.0939,15.6836,9.0783,171.304,345.93,705.36,76.3514,32.98,8.085,5.243,12.201,55.854,42.7925,14.9587,0.1767,0.1139,0.1168,0.1137,0.1847,0.1168,0.1738,0.1086,621.84,249.25,323.3,84.5625,85.0725,85.2975,82.3275,83.4675,81.8925,81.0843,598.2,600.0,21.3095,584.57,552.05,5.0
86.45,57.525,3.1453,57.5625,161.46,201.4337,320.35,2.591,4.97,171.3285,345.78,71.8823,705.36,19.1149,597.24,597.24,9.6918,65.8368,76.4422,2.591,4.97,11.094,15.6838,9.0783,171.318,345.78,705.36,76.4501,32.99,8.135,5.279,12.202,54.51,41.973,14.964,0.1779,0.1147,0.1176,0.1145,0.186,0.1176,0.1751,0.1094,621.12,249.25,323.3,84.6075,85.095,85.3125,82.2825,83.43,81.87,81.1818,597.48,600.0,21.3158,584.63,552.11,5.0
86.35,57.6,3.3797,57.6,161.4825,200.435,319.95,2.5896,4.95,171.234,345.63,71.8927,704.96,19.1324,596.76,596.76,9.6982,65.8447,76.4587,2.5896,4.95,11.0941,15.6841,9.075,171.234,345.63,704.96,76.6007,33.005,8.185,5.315,12.203,53.208,41.17,14.9779,0.1792,0.1156,0.1183,0.1153,0.1873,0.1183,0.1764,0.1102,620.36,249.25,323.25,84.5925,85.1175,85.2825,82.245,83.4825,81.8775,81.2822,596.76,600.0,21.3221,584.69,552.17,5.0
86.975,57.6,3.4078,57.525,161.235,200.0562,319.0,2.5908,4.93,171.342,345.48,71.8999,705.04,19.1414,597.12,597.12,9.7034,65.8509,76.4672,2.5908,4.93,11.0942,15.6843,9.0766,171.346,345.48,705.04,76.7026,33.015,8.235,5.349,12.204,51.918,40.378,14.9834,0.1804,0.1164,0.1191,0.116,0.1886,0.119,0.1776,0.111,619.64,249.25,323.25,84.5625,85.0725,85.2975,82.215,83.4375,81.8625,81.3854,596.04,600.0,21.3285,584.75,552.23,5.0
86.7,57.5625,2.7969,57.5625,160.7625,199.7118,318.3,2.591,4.91,171.369,345.33,71.9083,704.96,19.1594,596.64,596.64,9.7098,65.8583,76.4779,2.591,4.91,11.0942,15.6846,9.0756,171.36,345.33,704.96,76.8057,33.025,8.284,5.383,12.209,50.67,39.5805,14.989,0.1816,0.1172,0.1198,0.1168,0.1898,0.1198,0.1789,0.1118,618.88,249.25,323.25,84.5475,85.1175,85.305,82.245,83.475,81.9225,81.4954,595.29,600.0,21.3348,584.78,552.29,5.0
86.925,57.5625,3.2844,57.6,160.11,199.7806,318.6,2.5896,4.8925,171.288,345.18,71.9187,704.64,19.1711,596.82,596.82,9.7164,65.8667,76.4944,2.5896,4.8925,11.0943,15.6848,9.0728,171.29,345.18,704.64,76.9607,33.04,8.332,5.416,12.21,49.452,38.816,14.9946,0.1828,0.118,0.1205,0.1175,0.191,0.1205,0.1801,0.1125,618.08,249.25,323.25,84.555,85.125,85.29,82.2375,83.52,81.9525,81.6121,594.51,600.0,21.3411,584.84,552.32,5.0
86.325,57.6,2.9844,57.5625,160.3575,199.8495,317.5,2.5904,4.875,171.3285,345.06,71.9264,704.72,19.1799,597.18,597.18,9.7226,65.8734,76.5044,2.5904,4.875,11.0944,15.6851,9.0739,171.332,345.06,704.72,77.067,33.05,8.379,5.447,12.213,48.264,38.068,15.0001,0.1839,0.1188,0.1212,0.1182,0.1922,0.1212,0.1813,0.1133,617.28,249.25,323.25,84.6075,85.125,85.3125,82.26,83.5125,81.9825,81.7282,593.76,600.0,21.3474,584.87,552.35,5.0
86.7,57.6,3.175,57.6,159.975,199.7806,317.6,2.589,4.8575,171.261,344.94,71.9378,704.32,19.1969,596.76,596.76,9.7295,65.882,76.5217,2.589,4.8575,11.0945,15.6853,9.0711,171.262,344.94,704.32,77.1745,33.06,8.425,5.478,12.216,47.124,37.3255,15.0057,0.185,0.1195,0.1219,0.1189,0.1934,0.1218,0.1824,0.114,616.52,249.25,323.25,84.6225,85.1025,85.3125,82.3125,83.4675,82.0275,81.8474,593.01,600.0,21.3538,584.9,552.41,5.0
86.95,57.5625,3.2156,57.5625,159.7275,199.023,317.3,2.5894,4.8375,171.288,344.79,71.9467,704.32,19.2089,596.88,596.88,9.7359,65.8897,76.5339,2.5894,4.8375,11.0945,15.6856,9.0711,171.29,344.79,704.32,77.2832,33.07,8.47,5.507,12.217,46.014,36.6215,15.0112,0.186,0.1202,0.1225,0.1196,0.1944,0.1225,0.1835,0.1147,615.72,249.25,323.25,84.57,85.1025,85.3575,82.35,83.4375,82.005,81.9733,592.23,600.0,21.3601,584.93,552.44,5.0
86.8,57.6,3.0469,57.5625,159.57,198.5753,316.55,2.5912,4.8225,171.4095,344.67,71.9537,704.56,19.2174,597.24,597.24,9.7424,65.8966,76.5404,2.5912,4.8225,11.0946,15.6828,9.0733,171.416,344.67,704.56,77.3932,33.08,8.514,5.536,12.22,44.928,35.9285,15.0168,0.1871,0.1209,0.1232,0.1202,0.1955,0.1231,0.1846,0.1154,614.92,249.25,323.25,84.54,85.08,85.3725,82.35,83.4675,82.005,82.1024,591.45,600.0,21.3664,584.96,552.44,5.0
86.575,57.5625,3.5328,57.6,159.0075,198.8508,316.55,2.59,4.805,171.342,344.55,71.9647,704.24,19.2334,596.88,596.88,9.7495,65.9055,76.5559,2.59,4.805,11.0947,15.6821,9.0706,171.346,344.55,704.24,77.5045,33.09,8.557,5.563,12.223,43.89,35.2465,15.0223,0.1881,0.1216,0.1238,0.1208,0.1966,0.1238,0.1856,0.116,614.08,249.25,323.25,84.555,85.11,85.41,82.32,83.49,82.05,82.2384,590.64,600.0,21.3727,584.96,552.47,5.0
86.05,57.525,3.0187,57.5625,158.85,198.162,315.75,2.5908,4.7875,171.4365,344.43,71.9731,704.32,19.2434,597.12,597.12,9.7554,65.9127,76.5654,2.5908,4.7875,11.094,15.6836,9.0728,171.444,344.43,704.32,77.617,33.1,8.599,5.59,12.224,42.87,34.592,15.0279,0.189,0.1223,0.1244,0.1215,0.1976,0.1243,0.1866,0.1167,613.28,249.25,323.25,84.5925,85.155,85.3725,82.2675,83.49,82.005,82.3739,589.86,600.0,21.3791,584.99,552.5,5.0
86.8,57.525,2.7188,57.5625,158.985,197.7143,315.35,2.5898,4.7725,171.3825,344.31,71.9838,704.08,19.2599,596.76,596.76,9.7626,65.9219,76.5807,2.5898,4.7725,11.0939,15.6836,9.0701,171.374,344.31,704.08,77.7813,33.115,8.64,5.616,12.227,41.892,33.954,15.0334,0.19,0.1229,0.125,0.122,0.1986,0.125,0.1876,0.1173,612.44,249.25,323.25,84.5475,85.185,85.32,82.3125,83.52,81.9975,82.5126,589.08,600.0,21.3854,584.99,552.5,5.0
86.55,57.6,2.8031,57.5625,158.9625,198.1964,315.0,2.5912,4.755,171.477,344.22,71.9912,704.32,19.2681,597.18,597.18,9.7685,65.9293,76.5882,2.5912,4.755,11.0937,15.6836,9.0722,171.486,344.22,704.32,77.897,33.125,8.68,5.64,12.228,40.926,33.338,15.039,0.1909,0.1235,0.1255,0.1226,0.1995,0.1255,0.1885,0.1179,611.64,249.25,323.25,84.525,85.2075,85.32,82.26,83.505,82.0275,82.6582,588.27,600.0,21.3917,584.99,552.53,5.0
86.225,57.6,2.8625,57.5625,158.31,197.5766,314.45,2.5902,4.74,171.423,344.1,72.002,704.08,19.2844,596.82,596.82,9.7757,65.9379,76.6029,2.5902,4.74,11.0935,15.6836,9.0701,171.416,344.1,704.08,78.0138,33.135,8.719,5.664,12.231,40.008,32.733,15.0445,0.1918,0.1242,0.1261,0.1232,0.2004,0.1261,0.1894,0.1185,610.8,249.25,323.25,84.5175,85.1775,85.2975,82.23,83.5275,82.0725,82.807,587.46,600.0,21.398,584.99,552.53,5.0
86.375,57.525,3.1656,57.6,158.085,197.8865,314.8,2.5906,4.725,171.4635,343.98,72.0112,704.08,19.2954,597.0,597.0,9.7824,65.9461,76.6137,2.5906,4.725,11.0933,15.6836,9.0706,171.458,343.98,704.08,78.132,33.145,8.757,5.687,12.232,39.108,32.15,15.0587,0.1926,0.1248,0.1266,0.1237,0.2013,0.1266,0.1903,0.119,609.96,249.3,323.3,84.4875,85.2,85.2825,82.185,83.4975,82.02,82.9591,586.65,600.0,21.4044,584.99,552.53,5.0
86.625,57.6,2.9375,57.5625,158.355,197.611,314.45,2.5916,4.71,171.5715,343.89,72.018,704.4,19.3026,597.42,597.42,9.7883,65.9535,76.6217,2.5916,4.71,11.0932,15.6836,9.0728,171.57,343.89,704.4,78.2007,33.15,8.793,5.71,12.235,38.22,31.5835,15.0645,0.1935,0.1253,0.1272,0.1243,0.2022,0.1271,0.1912,0.1196,609.12,249.35,323.35,84.465,85.215,85.275,82.155,83.5125,82.0425,83.1108,585.87,600.0,21.4107,584.99,552.53,5.0
86.1,57.6,3.2188,57.6,158.5125,197.4388,313.4,2.5906,4.695,171.5175,343.8,72.0292,704.08,19.3171,597.12,597.12,9.7954,65.9622,76.6359,2.5906,4.695,11.093,15.6836,9.0706,171.514,343.8,704.08,78.3207,33.16,8.829,5.732,12.24,37.362,31.0115,15.0704,0.1943,0.1259,0.1277,0.1248,0.203,0.1277,0.1921,0.1201,608.28,249.3,323.35,84.4725,85.1925,85.2675,82.185,83.4975,82.0125,83.2693,585.06,600.0,21.417,584.99,552.5,5.0
86.175,57.5625,2.7109,57.5625,157.545,197.2322,313.4,2.5906,4.6825,171.558,343.68,72.0378,704.16,19.3269,597.3,597.3,9.8021,65.9704,76.6477,2.5906,4.6825,11.0928,15.6836,9.0706,171.57,343.68,704.16,78.442,33.17,8.865,5.753,12.241,36.528,30.467,15.0762,0.1951,0.1265,0.1282,0.1253,0.2038,0.1282,0.1929,0.1207,607.44,249.3,323.35,84.5175,85.17,85.2225,82.1475,83.4825,81.975,83.4311,584.25,600.0,21.4233,584.96,552.5,5.0
86.95,57.6,3.5406,57.5625,158.2425,196.7156,313.5,2.5922,4.6675,171.6525,343.59,72.0457,704.32,19.3344,597.6,597.6,9.8073,65.9778,76.6535,2.5922,4.6675,11.0927,15.6836,9.0733,171.654,343.59,704.32,78.5645,33.18,8.899,5.774,12.243,35.694,29.9335,15.082,0.1959,0.127,0.1287,0.1258,0.2047,0.1286,0.1937,0.1212,606.6,249.3,323.35,84.57,85.2075,85.26,82.1475,83.49,81.9375,83.5962,583.44,600.0,21.4297,584.93,552.47,5.0
86.15,57.6,3.5109,57.5625,157.23,196.1646,312.35,2.5914,4.6525,171.5985,343.5,72.0564,704.08,19.3481,597.3,597.3,9.8142,65.9864,76.6662,2.5914,4.6525,11.0925,15.6836,9.0711,171.598,343.5,704.08,78.6882,33.19,8.933,5.794,12.247,34.896,29.4,15.0793,0.1967,0.1275,0.1292,0.1264,0.2055,0.1291,0.1945,0.1217,605.76,249.3,323.35,84.5775,85.2,85.23,82.2,83.4525,81.9225,83.7684,582.6,600.0,21.436,584.9,552.47,5.0
86.65,57.525,3.5047,57.5625,157.3875,196.5778,312.6,2.5918,4.64,171.693,343.41,72.0632,704.4,19.3571,597.48,597.48,9.8206,65.9939,76.6754,2.5918,4.64,11.0923,15.6836,9.0728,171.696,343.41,704.4,78.7626,33.195,8.966,5.814,12.248,34.11,28.8885,15.0848,0.1974,0.1281,0.1296,0.1268,0.2063,0.1296,0.1953,0.1222,604.92,249.3,323.35,84.63,85.2,85.2675,82.215,83.415,81.9525,83.9401,581.79,600.0,21.4423,584.87,552.44,5.0
86.275,57.5625,3.1531,57.525,157.59,196.0612,311.95,2.591,4.625,171.639,343.32,72.0738,704.16,19.3714,597.18,597.18,9.8278,66.0025,76.6887,2.591,4.625,11.0921,15.6836,9.0711,171.64,343.32,704.16,78.8882,33.205,8.998,5.833,12.249,33.354,28.388,15.099,0.1981,0.1286,0.1301,0.1273,0.207,0.1301,0.1961,0.1227,604.08,249.4,323.35,84.5775,85.1775,85.2525,82.2,83.3775,81.9375,84.1152,580.98,600.0,21.4486,584.84,552.41,5.0
86.45,57.525,2.9016,57.525,157.1175,196.2334,311.7,2.5916,4.6125,171.693,343.23,72.0823,704.24,19.3809,597.36,597.36,9.8344,66.0107,76.6977,2.5916,4.6125,11.092,15.6836,9.0717,171.696,343.23,704.24,79.0151,33.215,9.029,5.851,12.25,32.61,27.904,15.1048,0.1989,0.1291,0.1305,0.1278,0.2078,0.1305,0.1968,0.1232,603.2,249.45,323.5,84.5475,85.1325,85.29,82.1625,83.34,81.975,84.2972,580.14,600.0,21.455,584.78,552.35,5.0
86.875,57.525,3.2016,57.5625,156.87,195.8546,311.5,2.5928,4.6,171.8145,343.14,72.0901,704.4,19.3851,597.9,597.9,9.8396,66.0181,76.7037,2.5928,4.6,11.0918,15.6836,9.0739,171.822,343.14,704.4,79.0926,33.22,9.06,5.869,12.252,31.872,27.4255,15.1107,0.1996,0.1296,0.131,0.1282,0.2086,0.131,0.1975,0.1237,602.36,249.45,323.5,84.5475,85.14,85.3125,82.2225,83.3925,81.9825,84.4789,579.33,600.0,21.4613,584.75,552.32,5.0
86.775,57.5625,2.8328,57.5625,156.78,195.7857,311.8,2.592,4.5875,171.774,343.05,72.1007,704.16,19.3976,597.6,597.6,9.8465,66.0268,76.7157,2.592,4.5875,11.0916,15.6836,9.0722,171.766,343.05,704.16,79.2214,33.23,9.09,5.887,12.257,31.158,26.9415,15.1165,0.2002,0.13,0.1314,0.1287,0.2092,0.1314,0.1982,0.1241,601.52,249.4,323.5,84.525,85.11,85.3575,82.2525,83.4525,81.9975,84.6676,578.49,600.0,21.4676,584.69,552.29,5.0
86.8,57.5625,2.8187,57.6,156.465,195.4758,311.1,2.5926,4.5725,171.8415,342.96,72.1067,704.56,19.4046,597.84,597.84,9.8522,66.0342,76.7234,2.5926,4.5725,11.0915,15.6836,9.0739,171.85,342.96,704.56,79.3513,33.24,9.12,5.904,12.258,30.45,26.4795,15.1223,0.2009,0.1305,0.1319,0.1291,0.2099,0.1318,0.1989,0.1246,600.64,249.4,323.5,84.5475,85.125,85.3725,82.275,83.505,81.945,84.856,577.68,600.0,21.4739,584.63,552.23,5.0
86.95,57.525,3.0437,57.525,157.0725,195.0625,310.65,2.5918,4.56,171.801,342.87,72.1171,704.32,19.4174,597.54,597.54,9.8591,66.0428,76.7357,2.5918,4.56,11.0913,15.6836,9.0722,171.794,342.87,704.32,79.432,33.245,9.149,5.921,12.262,29.772,26.012,15.1195,0.2016,0.131,0.1323,0.1295,0.2106,0.1322,0.1996,0.1251,599.8,249.4,323.5,84.5175,85.08,85.3275,82.29,83.4675,81.975,85.0514,576.84,600.0,21.4803,584.57,552.17,5.0
86.275,57.5625,3.3078,57.525,156.96,195.6824,311.35,2.593,4.5475,171.9225,342.78,72.1241,704.56,19.4246,597.78,597.78,9.864,66.0495,76.7415,2.593,4.5475,11.0911,15.6836,9.0744,171.92,342.78,704.56,79.5638,33.255,9.178,5.937,12.263,29.1,25.5665,15.1251,0.2022,0.1314,0.1327,0.13,0.2113,0.1326,0.2002,0.1255,598.92,249.4,323.5,84.525,85.095,85.3125,82.3275,83.4375,81.99,85.2464,576.03,600.0,21.4866,584.51,552.11,5.0
86.925,57.6,3.4437,57.5625,156.1275,194.787,310.4,2.5938,4.535,171.963,342.72,72.132,704.64,19.4316,597.96,597.96,9.8699,66.0572,76.7472,2.5938,4.535,11.0909,15.6836,9.0756,171.962,342.72,704.64,79.6463,33.26,9.206,5.953,12.264,28.44,25.132,15.1307,0.2028,0.1319,0.1331,0.1304,0.2119,0.1331,0.2009,0.1259,598.04,249.4,323.5,84.51,85.1025,85.2825,82.3275,83.4375,82.005,85.4485,575.19,600.0,21.4929,584.45,552.05,5.0
86.525,57.5625,2.8953,57.525,156.105,195.4413,310.65,2.593,4.525,171.9225,342.63,72.1422,704.4,19.4424,597.78,597.78,9.8766,66.0656,76.758,2.593,4.525,11.0908,15.6836,9.0739,171.92,342.63,704.4,79.7295,33.265,9.233,5.969,12.267,27.81,24.6975,15.1362,0.2035,0.1323,0.1335,0.1308,0.2126,0.1334,0.2015,0.1263,597.2,249.4,323.45,84.48,85.1025,85.2825,82.3125,83.4225,82.005,85.6539,574.35,600.0,21.4992,584.36,551.99,5.0
86.075,57.525,3.3375,57.5625,156.7575,194.6837,310.25,2.5932,4.5125,171.9765,342.57,72.1491,704.64,19.4494,597.96,597.96,9.882,66.0728,76.766,2.5932,4.5125,11.0906,15.6836,9.0756,171.976,342.57,704.64,79.8638,33.275,9.26,5.983,12.268,27.186,24.285,15.1418,0.2041,0.1327,0.1339,0.1312,0.2132,0.1338,0.2022,0.1268,596.32,249.4,323.45,84.495,85.08,85.32,82.2675,83.385,82.0425,85.8628,573.51,600.0,21.5056,584.27,551.93,5.0
86.275,57.6,2.7984,57.5625,156.5775,194.787,310.5,2.5936,4.5,172.017,342.48,72.1568,704.72,19.4564,598.08,598.08,9.8872,66.0797,76.773,2.5936,4.5,11.0904,15.6836,9.0761,172.018,342.48,704.72,79.9489,33.28,9.287,5.998,12.271,26.58,23.8725,15.1473,0.2046,0.1332,0.1343,0.1316,0.2138,0.1342,0.2028,0.1271,595.44,249.4,323.45,84.5325,85.0725,85.275,82.245,83.3775,82.005,86.075,572.67,600.0,21.5119,584.21,551.84,5.0
86.375,57.5625,3.1172,57.6,156.6675,194.9936,310.0,2.5928,4.49,171.9765,342.42,72.1663,704.56,19.4674,597.84,597.84,9.8936,66.0878,76.784,2.5928,4.49,11.0903,15.6836,9.0744,171.976,342.42,704.56,80.0345,33.285,9.313,6.012,12.273,26.004,23.4655,15.1529,0.2052,0.1336,0.1346,0.1319,0.2144,0.1346,0.2033,0.1275,594.56,249.4,323.45,84.51,85.065,85.29,82.2075,83.385,82.0125,86.2907,571.83,600.0,21.5182,584.12,551.75,5.0
86.35,57.6,2.7766,57.6,155.655,194.1326,309.75,2.5936,4.4775,172.044,342.33,72.173,704.8,19.4734,598.08,598.08,9.8988,66.0948,76.79,2.5936,4.4775,11.0901,15.6836,9.0761,172.046,342.33,704.8,80.1207,33.29,9.338,6.025,12.274,25.434,23.0805,15.1584,0.2057,0.1339,0.135,0.1323,0.215,0.135,0.2039,0.1279,593.68,249.4,323.45,84.4875,85.095,85.2975,82.17,83.3625,82.035,86.5097,570.99,600.0,21.5245,584.0,551.69,5.0
86.925,57.5625,2.625,57.6375,155.97,193.9604,309.5,2.593,4.4675,172.0035,342.27,72.183,704.56,19.4836,597.9,597.9,9.9052,66.1029,76.8002,2.593,4.4675,11.0899,15.6836,9.0744,172.004,342.27,704.56,80.2582,33.3,9.362,6.038,12.277,24.888,22.6955,15.164,0.2063,0.1343,0.1354,0.1327,0.2155,0.1354,0.2044,0.1283,592.84,249.4,323.45,84.51,85.0875,85.305,82.17,83.4,82.0425,86.7321,570.15,600.0,21.5309,583.91,551.6,5.0
86.8,57.525,2.5422,57.5625,156.015,194.0293,309.45,2.5974,4.515,166.4685,342.54,72.1814,705.84,19.8756,567.24,567.24,9.9891,66.1061,76.7925,2.5974,4.515,11.0935,15.6873,9.0849,166.46,342.54,705.84,81.3082,33.4,9.386,6.05,12.277,0.0,22.3325,15.1695,0.2791,0.1384,0.134,0.1312,0.2954,0.1339,0.285,0.1266,591.96,249.4,323.45,84.51,85.065,85.2975,82.1475,83.445,82.0275,87.8259,562.38,600.0,21.5372,583.79,551.51,5.0
86.475,57.525,2.8422,57.5625,157.2075,195.3725,311.45,2.5658,3.92,170.559,337.17,72.2561,697.12,19.7331,589.56,589.56,9.964,66.1438,76.9142,2.5658,3.92,11.0818,15.6706,9.0134,170.562,337.17,697.12,81.4088,33.405,9.143,11.832,12.283,0.0,24.043,15.1923,0.2285,0.1513,0.1609,0.1548,0.2394,0.1608,0.2285,0.1448,583.88,249.4,323.45,84.4725,85.0725,85.335,82.14,83.4825,82.065,89.0526,553.8,600.0,21.5588,583.61,551.36,5.0
86.175,57.6,2.7922,57.5625,157.2525,195.8202,311.55,2.565,3.9025,170.7615,338.46,72.2775,696.96,19.7639,590.58,590.58,9.9739,66.1612,76.96,2.565,3.9025,11.0516,15.6351,9.0118,170.758,338.46,696.96,80.3457,33.295,10.089,6.491,12.269,0.282,5.4695,15.0865,0.1597,0.1464,0.1546,0.1511,0.2366,0.1546,0.2257,0.1453,574.92,249.4,323.45,84.45,85.125,85.305,82.185,83.5125,82.0425,90.25,545.73,600.0,21.5656,583.52,551.21,5.0
86.175,57.5625,3.4016,57.5625,156.915,196.5089,312.35,2.5806,3.995,171.8685,339.42,72.2716,700.32,19.6944,599.28,599.28,9.9761,66.1691,76.9452,2.5806,3.995,11.035,15.6163,9.0398,171.864,339.42,700.32,78.4588,33.105,10.126,1.122,12.223,0.99,3.8855,14.7704,0.1428,0.1428,0.1498,0.1471,0.234,0.1498,0.223,0.1428,566.56,249.4,323.45,84.51,85.1625,85.2825,82.23,83.5125,82.0875,91.3599,538.62,600.0,21.5724,583.46,551.12,5.0
86.025,57.5625,2.9016,57.525,157.3875,196.4745,312.7,2.5864,4.1075,172.1385,340.23,72.2742,701.92,19.6786,600.78,600.78,9.981,66.1778,76.9477,2.5864,4.1075,11.0213,15.6008,9.053,172.13,340.23,701.92,76.5482,32.915,10.1,0.0,12.147,3.264,5.101,14.4009,0.1396,0.1396,0.1457,0.1434,0.2302,0.1457,0.2191,0.1396,559.16,249.4,323.45,84.48,85.1325,85.32,82.2375,83.505,82.0725,92.2429,533.55,600.0,21.5945,583.37,551.06,5.0
86.55,57.5625,2.5766,57.5625,157.68,196.199,313.45,2.5974,4.2425,172.746,341.07,72.2674,704.4,19.6551,602.4,602.4,9.9794,66.1794,76.9235,2.5974,4.2425,11.0481,15.6216,9.0761,172.746,341.07,704.4,75.9807,32.86,10.014,0.0,12.086,9.714,7.037,14.0198,0.171,0.1383,0.1414,0.1392,0.2227,0.1414,0.2116,0.1355,553.88,249.4,323.45,84.525,85.1175,85.2825,82.2825,83.52,82.02,92.7331,531.78,600.0,21.6018,583.13,551.0,5.0
86.725,57.6,2.7641,57.5625,157.5675,197.1633,313.1,2.6098,4.455,173.772,342.33,72.2506,707.68,19.5746,608.04,608.04,9.9696,66.1753,76.8802,2.6098,4.455,11.057,15.6276,9.1041,173.768,342.33,707.68,75.8113,32.845,9.872,2.752,11.897,24.06,10.634,13.8509,0.1912,0.1336,0.135,0.1326,0.208,0.135,0.1967,0.1287,552.04,249.4,323.45,84.5175,85.1475,85.305,82.2525,83.55,81.99,92.7382,533.94,600.0,21.6091,582.83,550.76,5.0
86.7,57.5625,2.9359,57.5625,157.545,196.5778,313.35,2.6256,4.74,175.2165,344.22,72.2161,712.56,19.4541,615.0,615.0,9.949,66.161,76.8087,2.6256,4.74,11.0605,15.6376,9.1438,175.21,344.22,712.56,75.6907,32.835,9.599,4.844,11.866,45.516,16.992,13.6862,0.1753,0.123,0.1256,0.1229,0.1869,0.1255,0.1754,0.1186,554.28,249.45,323.5,84.5025,85.17,85.3425,82.2525,83.535,81.9675,92.2799,539.73,600.0,21.6164,582.53,550.46,5.0
86.25,57.6375,3.35,57.5625,157.86,196.7156,312.5,2.6482,5.05,176.8095,346.5,72.1646,718.64,19.2829,623.7,623.7,9.9202,66.1367,76.692,2.6482,5.05,11.0741,15.6526,9.1944,176.806,346.5,718.64,75.5182,32.82,9.157,4.406,11.74,69.666,27.4255,13.724,0.156,0.1099,0.1139,0.1109,0.1635,0.1139,0.1518,0.106,560.32,249.45,323.5,84.525,85.17,85.3725,82.2975,83.4975,81.945,91.5539,547.47,600.0,21.6237,582.32,550.19,5.0
86.525,57.525,3.3062,57.525,157.2975,195.4758,311.45,2.6596,5.3425,177.66,348.87,72.1129,723.52,19.1669,625.08,625.08,9.8894,66.1056,76.589,2.6596,5.3425,11.0792,15.6618,9.2317,177.66,348.87,723.52,75.2932,32.8,8.571,3.882,11.745,92.418,40.3395,13.7901,0.1354,0.0962,0.1017,0.0983,0.1418,0.1017,0.13,0.0929,568.36,249.45,323.5,84.555,85.2,85.41,82.2825,83.4675,81.9975,90.7028,555.96,600.0,21.6311,582.14,549.98,5.0
86.925,57.6,3.2297,57.6,156.7125,195.4413,311.0,2.6802,5.5775,178.821,351.03,72.0481,729.12,18.9836,631.38,631.38,9.8538,66.0688,76.4372,2.6802,5.5775,11.0913,15.6763,9.2779,178.822,351.03,729.12,75.0657,32.78,7.909,3.295,11.734,110.958,54.0895,13.9284,0.1183,0.084,0.0906,0.087,0.1243,0.0906,0.1124,0.0811,577.2,249.4,323.5,84.57,85.2,85.38,82.26,83.445,82.0275,89.7948,564.63,600.0,21.6384,581.99,549.8,5.0
86.675,57.525,3.4437,57.5625,156.42,195.0281,309.5,2.6738,5.7575,178.6185,352.77,72.0076,730.48,18.9114,626.7,626.7,9.8249,66.0349,76.361,2.6738,5.7575,11.0926,15.6758,9.2835,178.612,352.77,730.48,74.8357,32.76,7.26,2.891,11.76,124.944,66.569,14.0982,0.1055,0.0741,0.0816,0.0777,0.1112,0.0815,0.0992,0.0715,586.2,249.4,323.5,84.5775,85.14,85.41,82.2825,83.4525,81.99,88.9307,572.67,600.0,21.6457,581.9,549.68,5.0
86.9,57.525,3.0859,57.6,155.3175,194.1326,308.65,2.6858,5.8825,179.1855,354.03,71.95,733.76,18.7611,629.82,629.82,9.7911,65.9961,76.2237,2.6858,5.8825,11.0999,15.6846,9.3104,179.186,354.03,733.76,74.5526,32.735,6.685,2.641,11.829,132.0,76.6615,14.2312,0.0969,0.067,0.0749,0.071,0.1023,0.0749,0.0904,0.0645,594.56,249.4,323.5,84.5925,85.155,85.3575,82.3125,83.4825,82.02,88.1167,580.05,600.0,21.6377,581.84,549.59,5.0
86.475,57.6,2.7625,57.6,154.575,193.4439,307.1,2.6702,5.9625,178.443,354.9,71.9203,732.8,18.7186,623.28,623.28,9.766,65.9668,76.175,2.6702,5.9625,11.0965,15.6836,9.2928,178.444,354.9,732.8,74.3676,32.72,6.217,2.51,11.855,132.0,84.2295,14.3779,0.0915,0.0623,0.0704,0.0664,0.0968,0.0703,0.0849,0.0598,602.24,249.45,323.5,84.5475,85.17,85.32,82.26,83.475,82.05,87.4082,586.35,600.0,21.6445,581.81,549.53,5.0
86.525,57.6,3.1219,57.5625,154.305,192.3418,305.75,2.6748,6.0075,178.605,355.38,71.8753,734.0,18.6104,624.18,624.18,9.7362,65.9319,76.07,2.6748,6.0075,11.0988,15.6873,9.3027,178.598,355.38,734.0,74.1301,32.7,5.862,2.456,11.942,132.0,89.24,14.4609,0.089,0.0596,0.0678,0.0638,0.0942,0.0678,0.0824,0.0572,608.8,249.45,323.5,84.54,85.2075,85.29,82.305,83.475,82.0875,86.772,591.87,600.0,21.6513,581.81,549.5,5.0
86.65,57.6,2.6063,57.5625,153.2925,191.3087,304.45,2.6568,6.025,177.633,355.59,71.8541,731.92,18.5891,617.82,617.82,9.7154,65.9061,76.044,2.6568,6.025,11.0964,15.6871,9.2768,177.632,355.59,731.92,73.9407,32.685,5.615,2.467,11.962,132.0,91.0,14.5557,0.0885,0.0586,0.0668,0.0627,0.0938,0.0667,0.082,0.056,614.52,249.45,323.5,84.57,85.1475,85.305,82.3425,83.52,82.08,86.2374,596.4,600.0,21.6582,581.81,549.5,5.0
86.725,57.5625,2.7219,57.5625,152.9775,190.0688,303.35,2.6572,6.03,177.5655,355.59,71.8192,732.0,18.5194,617.46,617.46,9.6903,65.8755,75.9715,2.6572,6.03,11.0967,15.6883,9.2779,177.562,355.59,732.0,73.8001,32.675,5.459,2.52,12.027,132.0,91.0,14.6107,0.0895,0.0584,0.0667,0.0626,0.0949,0.0666,0.0831,0.0558,619.24,249.45,323.55,84.5625,85.11,85.3425,82.2975,83.4975,82.035,85.771,600.24,600.0,21.665,581.84,549.53,5.0
86.15,57.5625,3.4,57.6,152.4825,189.4834,301.55,2.6428,6.02,176.5935,355.47,71.803,729.68,18.5089,612.48,612.48,9.6729,65.8537,75.954,2.6428,6.02,11.0961,15.6861,9.2537,176.596,355.47,729.68,73.6582,32.665,5.359,2.614,12.041,132.0,91.0,14.6762,0.0914,0.059,0.0673,0.0632,0.0967,0.0673,0.0851,0.0563,623.24,249.45,323.5,84.5625,85.11,85.35,82.305,83.5275,82.0275,85.3793,603.36,600.0,21.6565,581.9,549.56,5.0
86.225,57.6,2.5391,57.525,151.83,189.2767,301.1,2.641,6.0025,176.418,355.26,71.776,729.2,18.4689,611.52,611.52,9.6531,65.8286,75.9072,2.641,6.0025,11.0949,15.6853,9.2493,176.414,355.26,729.2,73.5657,32.66,5.309,2.724,12.085,132.0,91.0,14.7095,0.0941,0.0602,0.0685,0.0644,0.0996,0.0685,0.088,0.0574,626.48,249.45,323.5,84.5775,85.11,85.365,82.335,83.55,82.0425,85.0463,605.91,600.0,21.6629,581.96,549.59,5.0
86.925,57.6,2.9875,57.525,151.2,188.0025,299.15,2.629,5.9775,175.554,354.93,71.7635,726.96,18.4681,607.74,607.74,9.6403,65.811,75.901,2.629,5.9775,11.0932,15.6841,9.2262,175.546,354.93,726.96,73.4726,32.655,5.301,2.85,12.095,132.0,91.0,14.7612,0.0974,0.0619,0.0702,0.066,0.103,0.0702,0.0915,0.0589,629.16,249.45,323.55,84.5625,85.0725,85.4025,82.2975,83.58,82.0125,84.7669,607.95,600.0,21.6692,582.05,549.68,5.0
86.0,57.525,2.9875,57.6,150.5475,186.7283,298.1,2.6258,5.9425,175.2975,354.54,71.7438,726.08,18.4524,606.42,606.42,9.6244,65.7904,75.8767,2.6258,5.9425,11.0918,15.6831,9.2185,175.294,354.54,726.08,73.4294,32.655,5.327,2.984,12.123,132.0,91.0,14.7887,0.1012,0.064,0.0722,0.0679,0.1069,0.0722,0.0954,0.0609,631.24,249.45,323.55,84.585,85.065,85.3575,82.335,83.52,81.975,84.5319,609.57,600.0,21.6755,582.14,549.74,5.0
86.975,57.5625,2.9125,57.5625,149.6475,186.2461,297.3,2.617,5.905,174.5415,354.12,71.7362,723.84,18.4594,603.72,603.72,9.6141,65.7768,75.8775,2.617,5.905,11.0931,15.6841,9.1999,174.538,354.12,723.84,73.3863,32.655,5.382,3.125,12.13,127.878,89.4875,14.817,0.1052,0.0664,0.0744,0.0702,0.111,0.0744,0.0996,0.0631,632.92,249.45,323.55,84.57,85.1025,85.395,82.3275,83.4825,81.9975,84.3429,610.77,600.0,21.6818,582.23,549.83,5.0
