LRCA1101.MV,LRCA1101.PV,PDR1103.PV,PDR1106.PV,PDR1401.PV,PDRCA1109.PV,PDRSA1104.PV,PIC1101A.PV,PI_1132A.PV,PI_1180.PV,PR1102A.PV,TI1105A.PV,TIA2872.PV,TIA2873.PV,TIA2874.PV,TIA2875.PV,TIA2876.PV,TIA2877.PV,TIC_1101.MV,TIC_1101.PV,TIC_1155.MV,TIC_1101.SV,TI_1145.PV
72.2452,32.995,9.587,4.178,12.304,45.54,25.55,14.9055,0.1783,0.2097,0.1984,539.76,84.69,85.0725,85.2525,82.275,83.445,82.02,42.9467,519.93,20.3464,520,488.96
72.2446,32.995,9.591,4.17,12.304,45.372,25.473,14.9055,0.1782,0.2099,0.1986,539.72,84.6375,85.0425,85.2975,82.245,83.4675,82.0125,42.9583,519.84,20.3463,520,488.96
72.2439,32.995,9.595,4.159,12.304,45.144,25.3795,14.9055,0.1782,0.2101,0.1988,539.64,84.6825,85.02,85.32,82.245,83.49,81.9675,42.9702,519.75,20.3463,520,488.96
72.2433,32.995,9.6,4.146,12.304,44.928,25.275,14.9055,0.1781,0.2103,0.1991,539.56,84.63,85.02,85.3425,82.26,83.475,81.9375,42.9862,519.63,20.3462,520,488.96
72.2427,32.995,9.606,4.129,12.304,44.724,25.154,14.9055,0.1779,0.2104,0.1993,539.4,84.66,85.035,85.3425,82.2975,83.4525,81.945,42.9952,519.57,20.3461,520,488.96
72.1914,32.99,9.612,4.109,12.304,45.6,25.0385,14.9055,0.1769,0.2095,0.1984,539.36,84.675,85.0125,85.3725,82.3425,83.415,81.9975,42.9895,519.63,20.346,520,488.96
72.1902,32.99,9.604,4.047,12.304,46.296,25.2475,14.9055,0.176,0.209,0.1977,539.4,84.705,84.9825,85.35,82.3875,83.46,82.0275,42.9834,519.69,20.3459,520,488.96
72.1889,32.99,9.604,4.047,12.304,46.296,25.2475,14.9055,0.176,0.209,0.1977,539.4,84.705,84.9825,85.35,82.3875,83.46,82.0275,42.9847,519.69,20.3459,520,488.96
72.1371,32.985,9.578,4.031,12.304,47.346,25.902,14.9055,0.1768,0.2079,0.1966,539.64,84.705,84.9825,85.365,82.365,83.55,81.975,42.9409,520.05,20.3458,520,488.96
72.1858,32.99,9.563,4.111,12.304,47.742,26.2045,14.9055,0.1776,0.2075,0.1963,539.84,84.6825,84.99,85.3275,82.35,83.58,81.9525,42.9143,520.26,20.3457,520,488.96
72.1845,32.99,9.563,4.111,12.304,47.742,26.2045,14.9055,0.1776,0.2075,0.1963,539.84,84.6825,84.99,85.3275,82.35,83.58,81.9525,42.9133,520.26,20.3456,520,488.96
72.1833,32.99,9.55,4.197,12.304,48.006,26.463,14.9055,0.1784,0.2073,0.196,540.04,84.7125,84.9975,85.365,82.35,83.58,81.96,42.886,520.47,20.3456,520,488.96
72.2833,33,9.529,4.318,12.303,48.234,26.793,14.9055,0.1792,0.207,0.1957,540.56,84.69,85.035,85.4175,82.26,83.5725,81.99,42.8239,520.95,20.3455,520,488.96
72.2833,33,9.529,4.318,12.303,48.234,26.793,14.9055,0.1792,0.207,0.1957,540.56,84.69,85.035,85.4175,82.26,83.5725,81.99,42.8201,520.95,20.3454,520,488.96
72.3339,33.005,9.517,4.369,12.303,48.114,26.925,14.9055,0.1795,0.207,0.1958,540.96,84.675,84.9975,85.3575,82.215,83.5875,82.005,42.7712,521.31,20.3453,520,488.96
72.3346,33.005,9.517,4.369,12.303,48.114,26.925,14.9055,0.1795,0.207,0.1958,540.96,84.675,84.9975,85.3575,82.215,83.5875,82.005,42.7659,521.31,20.3453,520,488.96
72.3858,33.01,9.514,4.383,12.303,47.982,26.9305,14.9055,0.1797,0.2071,0.196,541.16,84.69,84.975,85.3425,82.2675,83.565,82.005,42.7418,521.46,20.3452,520,488.99
72.4377,33.015,9.512,4.389,12.302,47.814,26.8975,14.9055,0.1796,0.2074,0.1961,541.32,84.645,85.0125,85.3425,82.3125,83.595,82.0275,42.7284,521.52,20.3451,520,488.99
72.5408,33.025,9.515,4.37,12.302,47.244,26.749,14.8969,0.1795,0.2079,0.1967,541.4,84.6675,85.005,85.3425,82.2675,83.595,82.0125,42.7185,521.55,20.345,520,488.99
72.5439,33.025,9.515,4.37,12.302,47.244,26.749,14.8966,0.1795,0.2079,0.1967,541.4,84.6675,85.005,85.3425,82.2675,83.595,82.0125,42.7122,521.55,20.345,520,488.99
72.5471,33.025,9.52,4.353,12.302,46.902,26.617,14.8963,0.1793,0.2083,0.197,541.4,84.6525,84.99,85.29,82.2225,83.595,81.96,42.7172,521.46,20.3449,520,488.99
72.6008,33.03,9.535,4.302,12.3,46.086,26.2705,14.8961,0.1789,0.2091,0.1979,541.24,84.645,85.0125,85.2675,82.2,83.61,82.0125,42.7414,521.22,20.3448,520,489.02
72.6046,33.03,9.535,4.302,12.3,46.086,26.2705,14.8958,0.1789,0.2091,0.1979,541.24,84.645,85.0125,85.2675,82.2,83.61,82.0125,42.7365,521.22,20.3447,520,489.02
72.6083,33.03,9.545,4.266,12.3,45.48,26.0395,14.9041,0.1788,0.2098,0.1985,541.08,84.675,84.9975,85.2225,82.1925,83.5575,82.0425,42.7578,521.01,20.3447,520,489.02
72.6121,33.03,9.559,4.231,12.3,44.862,25.759,14.9041,0.1786,0.2103,0.1991,540.84,84.6975,84.99,85.275,82.2,83.55,82.05,42.7876,520.74,20.3446,520,489.02
72.6158,33.03,9.576,4.189,12.301,44.472,25.4345,14.9041,0.178,0.2107,0.1995,540.56,84.7125,84.96,85.23,82.23,83.565,82.0425,42.8222,520.44,20.3445,520,489.05
72.5689,33.025,9.59,4.126,12.301,44.148,25.154,14.9041,0.1773,0.211,0.1998,540.24,84.7125,84.975,85.275,82.185,83.5575,82.005,42.8579,520.14,20.3444,520,489.05
72.5215,33.02,9.604,4.053,12.301,44.676,24.9285,14.9041,0.176,0.2106,0.1993,539.96,84.6675,84.945,85.26,82.185,83.52,81.9975,42.8875,519.9,20.3443,520,489.05
72.4733,33.015,9.604,3.96,12.302,45.012,24.9835,14.9041,0.1752,0.2102,0.199,539.72,84.6525,84.93,85.29,82.2225,83.4675,82.0275,42.9029,519.78,20.3443,520,489.05
72.4246,33.01,9.603,3.902,12.302,45.276,25.1265,14.9041,0.1753,0.2099,0.1987,539.56,84.69,84.915,85.32,82.275,83.4375,82.0575,42.9113,519.72,20.3442,520,489.05
72.3752,33.005,9.6,3.921,12.302,45.54,25.2695,14.9041,0.176,0.2096,0.1985,539.48,84.7125,84.9675,85.29,82.2975,83.475,82.065,42.9124,519.72,20.3441,520,489.05
72.3759,33.005,9.595,3.99,12.303,45.816,25.407,14.9041,0.1768,0.2094,0.1982,539.48,84.6675,84.9375,85.32,82.3275,83.52,82.0725,42.9136,519.72,20.344,520,489.05
72.3259,33,9.59,4.057,12.303,45.942,25.5445,14.9041,0.1773,0.2093,0.1981,539.52,84.69,84.9,85.275,82.29,83.5125,82.05,42.9109,519.75,20.344,520,489.02
72.3259,33,9.587,4.11,12.303,45.978,25.649,14.9041,0.1778,0.2093,0.1981,539.52,84.72,84.945,85.29,82.2975,83.505,82.0425,42.9119,519.75,20.3439,520,489.02
72.3259,33,9.585,4.149,12.304,45.864,25.6985,14.9041,0.1781,0.2094,0.1982,539.56,84.735,84.9825,85.335,82.2975,83.4675,82.065,42.9092,519.78,20.3438,520,489.02
72.3259,33,9.585,4.149,12.304,45.864,25.6985,14.9127,0.1781,0.2094,0.1982,539.56,84.735,84.9825,85.335,82.2975,83.4675,82.065,42.9092,519.78,20.3438,520,489.02
72.3259,33,9.585,4.149,12.304,45.864,25.6985,14.9127,0.1781,0.2094,0.1982,539.56,84.735,84.9825,85.335,82.2975,83.4675,82.065,42.9092,519.78,20.3438,520,489.02
72.3259,33,9.585,4.149,12.304,45.864,25.6985,14.9127,0.1781,0.2094,0.1982,539.56,84.735,84.9825,85.335,82.2975,83.4675,82.065,42.9092,519.78,20.3438,520,489.02
72.3259,33,9.585,4.149,12.304,45.864,25.6985,14.9127,0.1781,0.2094,0.1982,539.56,84.735,84.9825,85.335,82.2975,83.4675,82.065,42.9092,519.78,20.3438,520,489.02
72.3259,33,9.585,4.149,12.304,45.864,25.6985,14.9127,0.1781,0.2094,0.1982,539.56,84.735,84.9825,85.335,82.2975,83.4675,82.065,42.9092,519.78,20.3438,520,489.02
72.3259,33,9.585,4.149,12.304,45.864,25.6985,14.9127,0.1781,0.2094,0.1982,539.56,84.735,84.9825,85.335,82.2975,83.4675,82.065,42.9092,519.78,20.3438,520,489.02
72.3021,33,9.601,4.112,12.303,45.312,25.1925,14.9055,0.1771,0.2098,0.1987,539.68,84.585,85.0725,85.2675,82.3275,83.5425,81.9675,42.9493,519.87,20.3476,520,488.99
72.3021,33,9.601,4.112,12.303,45.312,25.1925,14.9055,0.1771,0.2098,0.1987,539.68,84.585,85.0725,85.2675,82.3275,83.5425,81.9675,42.9498,519.87,20.3475,520,488.99
72.3021,33,9.601,4.112,12.303,45.312,25.1925,14.9055,0.1771,0.2098,0.1987,539.68,84.585,85.0725,85.2675,82.3275,83.5425,81.9675,42.9503,519.87,20.3474,520,488.99
72.3021,33,9.601,4.112,12.303,45.312,25.1925,14.9055,0.1771,0.2098,0.1987,539.68,84.585,85.0725,85.2675,82.3275,83.5425,81.9675,42.9508,519.87,20.3473,520,488.99
72.3021,33,9.599,4.062,12.303,45.312,25.2475,14.9055,0.1766,0.2096,0.1984,539.64,84.585,85.0275,85.32,82.3725,83.4975,81.9225,42.9514,519.87,20.3472,520,488.99
72.3021,33,9.596,4.034,12.303,45.564,25.352,14.9055,0.1767,0.2094,0.1982,539.64,84.615,84.9975,85.3575,82.335,83.5125,81.945,42.9519,519.87,20.3472,520,488.99
72.2514,32.995,9.593,4.045,12.303,45.786,25.4675,14.9055,0.1771,0.2093,0.1981,539.64,84.585,85.035,85.3725,82.2975,83.55,81.9225,42.9562,519.84,20.3471,520,488.99
72.2508,32.995,9.59,4.086,12.303,45.888,25.561,14.9055,0.1776,0.2091,0.198,539.68,84.6375,85.065,85.3725,82.32,83.5275,81.9075,42.9531,519.87,20.347,520,488.99
72.2502,32.995,9.586,4.128,12.303,46.014,25.6325,14.9055,0.1779,0.209,0.1979,539.72,84.675,85.1025,85.3275,82.305,83.4825,81.9075,42.9461,519.93,20.3469,520,488.99
72.2496,32.995,9.583,4.156,12.304,46.134,25.6985,14.9055,0.178,0.209,0.1978,539.8,84.63,85.1475,85.2975,82.26,83.475,81.9,42.9388,519.99,20.3469,520,488.99
72.2489,32.995,9.58,4.17,12.304,46.242,25.759,14.9055,0.178,0.2089,0.1977,539.88,84.645,85.1775,85.26,82.2375,83.46,81.915,42.9276,520.08,20.3468,520,488.99
72.2483,32.995,9.577,4.178,12.304,46.314,25.8085,14.9055,0.1781,0.2089,0.1976,539.92,84.66,85.1775,85.29,82.275,83.46,81.93,42.9198,520.14,20.3467,520,488.99
72.2477,32.995,9.575,4.187,12.304,46.344,25.8415,14.9055,0.1782,0.209,0.1977,540,84.675,85.215,85.2675,82.2825,83.415,81.9675,42.9154,520.17,20.3466,520,488.99
72.2471,32.995,9.574,4.197,12.304,46.326,25.847,14.9055,0.1784,0.209,0.1978,539.96,84.6975,85.23,85.305,82.335,83.4525,82.005,42.9148,520.17,20.3466,520,488.99
72.2464,32.995,9.574,4.207,12.304,46.236,25.8305,14.9055,0.1785,0.209,0.1978,540,84.6525,85.2225,85.3275,82.3425,83.415,81.9975,42.9103,520.2,20.3465,520,488.99
72.2964,33,9.575,4.209,12.304,46.164,25.792,14.9055,0.1784,0.2091,0.1979,540.04,84.5925,85.215,85.3125,82.305,83.3775,81.9825,42.9058,520.23,20.3464,520,488.99
72.2964,33,9.576,4.202,12.304,46.074,25.7535,14.9055,0.1784,0.2092,0.198,540.04,84.5625,85.1775,85.3275,82.29,83.4,81.9675,42.9048,520.23,20.3463,520,488.99
72.2964,33,9.578,4.192,12.304,45.978,25.704,14.9055,0.1783,0.2094,0.1982,540.04,84.5925,85.1475,85.305,82.2675,83.3925,82.0125,42.9039,520.23,20.3463,520,488.99
72.2964,33,9.581,4.183,12.304,45.822,25.6325,14.9055,0.1783,0.2096,0.1984,540,84.555,85.1625,85.3125,82.2525,83.4075,81.9825,42.9067,520.2,20.3462,520,488.99
72.2964,33,9.585,4.176,12.304,45.618,25.539,14.9055,0.1782,0.2098,0.1986,539.96,84.57,85.185,85.3275,82.215,83.4,82.0275,42.9134,520.14,20.3461,520,488.99
72.2964,33,9.59,4.165,12.304,45.408,25.4345,14.9055,0.1782,0.2101,0.1988,539.84,84.5775,85.1775,85.3275,82.185,83.4225,82.05,42.9241,520.05,20.346,520,488.99
72.2964,33,9.596,4.15,12.304,45.156,25.3135,14.9055,0.178,0.2103,0.1991,539.72,84.6,85.125,85.32,82.155,83.43,82.035,42.939,519.93,20.3459,520,488.99
72.2964,33,9.603,4.129,12.304,44.91,25.176,14.9055,0.1778,0.2104,0.1993,539.6,84.555,85.08,85.3275,82.2075,83.415,81.99,42.9543,519.81,20.3459,520,488.99
72.2964,33,9.609,4.102,12.304,44.742,25.0605,14.9055,0.177,0.21,0.1987,539.48,84.555,85.065,85.32,82.2225,83.445,81.96,42.9701,519.69,20.3458,520,488.99
72.2458,32.995,9.605,4.047,12.304,45.3,25.176,14.9055,0.1764,0.2096,0.1984,539.36,84.57,85.0875,85.3275,82.2675,83.46,81.915,42.9826,519.6,20.3457,520,488.99
72.1945,32.99,9.601,4.014,12.304,45.606,25.3355,14.9055,0.1765,0.2094,0.1981,539.4,84.5625,85.065,85.2975,82.23,83.43,81.8775,42.9842,519.6,20.3456,520,488.99
72.1933,32.99,9.594,4.032,12.304,45.876,25.484,14.9055,0.1771,0.2094,0.1981,539.4,84.54,85.0275,85.3425,82.2375,83.4825,81.9,42.9821,519.63,20.3456,520,488.96
72.192,32.99,9.591,4.087,12.304,45.948,25.583,14.9055,0.1778,0.2092,0.198,539.4,84.555,84.9975,85.35,82.2375,83.4375,81.93,42.9836,519.63,20.3455,520,488.96
72.1908,32.99,9.588,4.145,12.304,46.002,25.638,14.9055,0.1782,0.2092,0.1979,539.48,84.5325,85.0425,85.305,82.2,83.4075,81.9375,42.9738,519.72,20.3454,520,488.96
72.1895,32.99,9.585,4.179,12.304,46.08,25.671,14.9055,0.1784,0.2091,0.1979,539.52,84.5775,85.02,85.335,82.2225,83.4525,81.99,42.9712,519.75,20.3453,520,488.96
72.1883,32.99,9.584,4.192,12.304,46.092,25.6985,14.9055,0.1784,0.2091,0.1979,539.6,84.5475,85.08,85.3275,82.2375,83.4675,81.975,42.9647,519.81,20.3453,520,488.96
72.187,32.99,9.583,4.195,12.304,46.098,25.6985,14.9055,0.1784,0.2092,0.1979,539.64,84.5175,85.0275,85.32,82.23,83.4825,81.9525,42.9579,519.87,20.3452,520,488.96
72.1858,32.99,9.583,4.193,12.304,46.062,25.693,14.9055,0.1784,0.2091,0.198,539.68,84.5025,85.065,85.365,82.2225,83.4975,81.93,42.9547,519.9,20.3451,520,488.96
72.1845,32.99,9.583,4.191,12.304,46.008,25.671,14.9055,0.1783,0.2092,0.198,539.76,84.495,85.0875,85.41,82.2375,83.475,81.9075,42.9438,519.99,20.345,520,488.96
72.2339,32.995,9.583,4.185,12.304,45.984,25.6435,14.9055,0.1783,0.2093,0.1981,539.8,84.555,85.05,85.4325,82.2525,83.445,81.9075,42.9439,519.99,20.345,520,488.96
72.2333,32.995,9.584,4.18,12.304,45.93,25.627,14.9055,0.1782,0.2093,0.1981,539.8,84.5925,85.0575,85.4625,82.245,83.4375,81.9525,42.9401,520.02,20.3449,520,488.96
72.2327,32.995,9.585,4.176,12.303,45.864,25.5995,14.9055,0.1782,0.2094,0.1982,539.84,84.5475,85.035,85.4925,82.2375,83.415,81.9075,42.9363,520.05,20.3448,520,488.96
72.232,32.995,9.586,4.17,12.303,45.822,25.572,14.9055,0.1782,0.2096,0.1983,539.8,84.5925,85.005,85.4925,82.2225,83.4675,81.9,42.9399,520.02,20.3447,520,488.96
72.2314,32.995,9.589,4.167,12.303,45.666,25.517,14.9055,0.1783,0.2098,0.1986,539.76,84.585,85.05,85.4775,82.2525,83.4675,81.93,42.9473,519.96,20.3447,520,488.96
72.2308,32.995,9.593,4.167,12.303,45.426,25.4235,14.9055,0.1784,0.2101,0.1988,539.68,84.5475,85.02,85.44,82.2675,83.4975,81.8925,42.955,519.9,20.3446,520,488.96
72.2302,32.995,9.598,4.162,12.303,45.174,25.3025,14.9055,0.1782,0.2102,0.1991,539.6,84.555,85.0275,85.3875,82.23,83.46,81.945,42.9704,519.78,20.3445,520,488.96
72.2295,32.995,9.605,4.145,12.303,44.928,25.1705,14.9055,0.1772,0.2094,0.1982,539.52,84.5475,84.99,85.335,82.245,83.4525,81.9525,42.975,519.75,20.3444,520,488.96
72.1783,32.99,9.595,4.077,12.303,45.846,25.385,14.9055,0.1763,0.2088,0.1976,539.52,84.585,84.9675,85.335,82.245,83.445,81.945,42.9761,519.75,20.3443,520,488.96
72.177,32.99,9.585,4.029,12.303,46.368,25.6655,14.9055,0.1763,0.2083,0.1972,539.64,84.6225,84.96,85.3275,82.2,83.4375,81.99,42.9658,519.84,20.3443,520,488.96
72.1758,32.99,9.573,4.053,12.303,46.842,25.9405,14.9055,0.1769,0.208,0.1967,539.8,84.6075,84.945,85.35,82.185,83.445,82.035,42.9477,519.99,20.3442,520,488.96
72.1745,32.99,9.561,4.123,12.303,47.256,26.188,14.9055,0.1777,0.2076,0.1964,539.96,84.6,84.9525,85.32,82.2,83.475,81.9975,42.9289,520.14,20.3441,520,488.96
72.1733,32.99,9.551,4.2,12.303,47.55,26.4025,14.9055,0.1784,0.2074,0.1962,540.16,84.63,84.9375,85.3125,82.185,83.505,81.9525,42.8983,520.38,20.344,520,488.96
72.172,32.99,9.541,4.261,12.303,47.79,26.5565,14.9055,0.1788,0.2073,0.1961,540.4,84.5925,84.9675,85.3575,82.2225,83.4675,81.9825,42.8704,520.59,20.344,520,488.96
72.2214,32.995,9.533,4.304,12.303,47.934,26.672,14.9055,0.1791,0.2072,0.196,540.6,84.57,84.945,85.365,82.2525,83.49,81.9975,42.8418,520.8,20.3439,520,488.96
72.2714,33,9.527,4.334,12.303,47.976,26.7435,14.9055,0.1793,0.2072,0.196,540.84,84.5325,85.005,85.3275,82.2375,83.4675,81.99,42.816,520.98,20.3438,520,488.96
72.3221,33.005,9.523,4.352,12.302,47.964,26.7875,14.9055,0.1794,0.2072,0.1961,541.04,84.57,85.065,85.29,82.2075,83.5125,81.9825,42.7857,521.19,20.3437,520,488.96
72.3227,33.005,9.519,4.36,12.302,47.922,26.804,14.9055,0.1794,0.2074,0.1961,541.2,84.585,85.11,85.26,82.185,83.535,81.9825,42.7584,521.37,20.3437,520,488.96
72.3739,33.01,9.518,4.36,12.302,47.838,26.793,14.8969,0.1794,0.2075,0.1963,541.28,84.6075,85.14,85.2525,82.1925,83.5425,81.96,42.7453,521.43,20.3436,520,488.99
72.4258,33.015,9.518,4.359,12.302,47.64,26.7435,14.8966,0.1794,0.2078,0.1965,541.36,84.6075,85.1175,85.2075,82.17,83.55,81.9975,42.7283,521.52,20.3435,520,488.99
72.4783,33.02,9.52,4.35,12.302,47.43,26.6555,14.8963,0.1793,0.208,0.1968,541.36,84.6075,85.0875,85.1925,82.155,83.5875,82.005,42.7221,521.52,20.3434,520,488.99
72.4808,33.02,9.524,4.335,12.302,47.148,26.5455,14.8961,0.1792,0.2083,0.1971,541.4,84.6525,85.05,85.185,82.1325,83.58,81.96,42.716,521.52,20.3434,520,488.99
72.5339,33.025,9.53,4.311,12.3,46.866,26.4025,14.8958,0.179,0.2086,0.1974,541.32,84.6225,85.0425,85.1925,82.155,83.5425,81.9975,42.7174,521.46,20.3433,520,489.02
72.537,33.025,9.537,4.284,12.3,46.536,26.2485,14.9041,0.1787,0.209,0.1978,541.2,84.6525,84.9975,85.215,82.1775,83.505,82.05,42.7227,521.37,20.3432,520,489.02
72.5908,33.03,9.546,4.252,12.3,46.176,26.0615,14.9041,0.1785,0.2094,0.1982,541.08,84.6,84.9975,85.2675,82.1775,83.4825,82.005,42.7322,521.25,20.3431,520,489.02
72.5946,33.03,9.556,4.217,12.3,45.786,25.847,14.9041,0.1783,0.2098,0.1986,540.92,84.5925,84.975,85.2225,82.23,83.4675,82.05,42.746,521.1,20.3431,520,489.02
72.5983,33.03,9.568,4.18,12.3,45.354,25.616,14.9041,0.178,0.2103,0.1991,540.68,84.5625,84.945,85.2075,82.2225,83.4525,82.035,42.7716,520.86,20.343,520,489.02
72.5514,33.025,9.582,4.142,12.301,44.868,25.363,14.9041,0.1775,0.2106,0.1993,540.44,84.5625,84.945,85.215,82.26,83.505,82.0125,42.7982,520.62,20.3429,520,489.05
72.5546,33.025,9.592,4.088,12.302,44.718,25.187,14.9041,0.177,0.2107,0.1995,540.16,84.57,84.96,85.245,82.2975,83.5425,81.9675,42.8295,520.35,20.3428,520,489.05
72.5071,33.02,9.601,4.035,12.302,44.496,25.0495,14.9041,0.1764,0.2106,0.1994,539.88,84.615,84.99,85.2825,82.29,83.5575,82.0125,42.8619,520.08,20.3427,520,489.05
72.5096,33.02,9.606,3.989,12.302,44.61,25.011,14.9041,0.1761,0.2106,0.1994,539.64,84.57,84.9525,85.2825,82.3125,83.52,82.0125,42.8916,519.84,20.3427,520,489.05
72.4615,33.015,9.61,3.965,12.302,44.628,25.011,14.9041,0.1762,0.2104,0.1993,539.44,84.585,84.9975,85.2975,82.2975,83.475,82.02,42.9148,519.66,20.3426,520,489.05
72.4127,33.01,9.611,3.972,12.303,44.754,25.0385,14.9041,0.1762,0.2102,0.1989,539.32,84.5475,84.9675,85.2825,82.2675,83.43,82.05,42.9312,519.54,20.3425,520,489.05
72.3633,33.005,9.608,3.983,12.303,45.108,25.154,14.9041,0.1764,0.2099,0.1987,539.24,84.525,84.9525,85.26,82.245,83.4375,81.9975,42.9406,519.48,20.3424,520,489.02
72.3133,33,9.604,4.005,12.303,45.36,25.286,14.9127,0.1768,0.2098,0.1985,539.2,84.54,84.9225,85.2675,82.29,83.475,81.99,42.9502,519.42,20.3424,520,489.02
72.3133,33,9.601,4.047,12.304,45.516,25.3905,14.913,0.1773,0.2097,0.1984,539.2,84.5025,84.9675,85.2975,82.2825,83.4675,82.0125,42.9525,519.42,20.3423,520,489.02
72.2627,32.995,9.599,4.09,12.304,45.582,25.4565,14.9133,0.1777,0.2097,0.1984,539.2,84.5175,84.9825,85.305,82.2825,83.445,82.0275,42.9549,519.42,20.3422,520,489.02
72.2621,32.995,9.597,4.124,12.306,45.588,25.4675,14.9136,0.178,0.2097,0.1985,539.16,84.57,84.945,85.26,82.2825,83.46,82.0125,42.9572,519.42,20.3421,520,489.02
72.2615,32.995,9.599,4.145,12.306,45.48,25.4345,14.9138,0.1778,0.2094,0.1982,539.24,84.57,84.96,85.2975,82.26,83.4675,82.035,42.9558,519.45,20.3421,520,489.02
72.2608,32.995,9.594,4.134,12.306,45.804,25.5005,14.9055,0.1776,0.2093,0.1981,539.28,84.6225,84.93,85.2825,82.275,83.4225,82.065,42.9505,519.51,20.342,520,489.02
72.2602,32.995,9.591,4.12,12.306,45.966,25.583,14.9055,0.1776,0.2094,0.1981,539.32,84.6375,84.975,85.275,82.32,83.4525,82.065,42.9487,519.54,20.3419,520,489.02
72.2596,32.995,9.589,4.13,12.306,45.936,25.616,14.9055,0.1779,0.2093,0.1981,539.36,84.615,84.945,85.3125,82.3125,83.4825,82.065,42.9468,519.57,20.3418,520,489.02
72.2589,32.995,9.589,4.152,12.305,45.894,25.6215,14.9055,0.1781,0.2094,0.1982,539.4,84.6525,84.9525,85.29,82.26,83.475,82.0875,42.9411,519.63,20.3418,520,488.99
72.2583,32.995,9.589,4.168,12.305,45.858,25.594,14.9055,0.1782,0.2094,0.1982,539.44,84.6525,85.0125,85.275,82.2975,83.52,82.05,42.9388,519.66,20.3417,520,488.99
72.2577,32.995,9.59,4.173,12.305,45.786,25.561,14.9055,0.1783,0.2096,0.1984,539.48,84.6375,85.0425,85.2525,82.2525,83.49,82.08,42.9364,519.69,20.3416,520,488.99
72.2571,32.995,9.592,4.172,12.305,45.648,25.5005,14.9055,0.1784,0.2098,0.1986,539.44,84.5775,85.05,85.2825,82.2225,83.475,82.035,42.9414,519.66,20.3415,520,488.99
72.2564,32.995,9.596,4.169,12.305,45.414,25.396,14.9055,0.1784,0.21,0.1988,539.4,84.5475,85.005,85.2825,82.215,83.445,82.0275,42.9466,519.63,20.3414,520,488.99
72.2558,32.995,9.602,4.161,12.305,45.15,25.275,14.9055,0.1781,0.21,0.1989,539.36,84.57,84.975,85.275,82.2,83.4375,82.0275,42.9556,519.57,20.3414,520,488.99
72.2552,32.995,9.605,4.135,12.305,45.12,25.2035,14.9055,0.1774,0.2097,0.1985,539.36,84.6075,85.02,85.26,82.2,83.445,82.02,42.9573,519.57,20.3413,520,488.99
72.2546,32.995,9.602,4.087,12.304,45.486,25.2805,14.9055,0.1769,0.2094,0.1983,539.36,84.5925,85.05,85.3125,82.2075,83.46,82.0275,42.959,519.57,20.3412,520,488.99
72.2033,32.99,9.598,4.057,12.304,45.732,25.4015,14.9055,0.1769,0.2093,0.1981,539.4,84.6,85.1025,85.29,82.2225,83.43,81.975,42.9533,519.63,20.3411,520,488.99
72.2021,32.99,9.593,4.068,12.304,45.912,25.5115,14.9055,0.1773,0.2091,0.1979,539.44,84.57,85.0575,85.2975,82.2225,83.43,81.9975,42.951,519.66,20.3411,520,488.99
72.2008,32.99,9.589,4.104,12.304,46.08,25.6105,14.9055,0.1777,0.209,0.1978,539.52,84.6,85.095,85.3125,82.2075,83.4,81.975,42.9449,519.72,20.341,520,488.99
72.1996,32.99,9.585,4.144,12.304,46.194,25.6985,14.9055,0.178,0.209,0.1977,539.56,84.5625,85.095,85.2825,82.2075,83.43,82.02,42.9385,519.78,20.3409,520,488.99
72.1983,32.99,9.581,4.174,12.304,46.284,25.759,14.9055,0.1782,0.2089,0.1977,539.64,84.555,85.1325,85.245,82.2225,83.4,82.0125,42.9281,519.87,20.3408,520,488.99
72.1971,32.99,9.578,4.193,12.303,46.32,25.7975,14.9055,0.1784,0.2089,0.1976,539.72,84.5475,85.095,85.2225,82.1925,83.3925,81.9675,42.9211,519.93,20.3408,520,488.99
72.1958,32.99,9.576,4.203,12.303,46.338,25.814,14.9055,0.1784,0.2089,0.1977,539.8,84.5175,85.1025,85.215,82.2,83.3925,81.99,42.9139,519.99,20.3407,520,488.96
72.1945,32.99,9.575,4.208,12.303,46.302,25.8195,14.9055,0.1784,0.209,0.1977,539.84,84.48,85.11,85.245,82.215,83.3925,81.945,42.9064,520.05,20.3406,520,488.96
72.1933,32.99,9.575,4.209,12.303,46.236,25.803,14.9055,0.1785,0.209,0.1979,539.84,84.465,85.14,85.215,82.2075,83.4525,81.9375,42.9062,520.05,20.3405,520,488.96
72.2427,32.995,9.576,4.208,12.303,46.134,25.77,14.9055,0.1784,0.209,0.1979,539.88,84.51,85.185,85.1775,82.2525,83.505,81.99,42.9022,520.08,20.3405,520,488.96
72.2421,32.995,9.577,4.201,12.303,46.038,25.7205,14.8969,0.1783,0.2093,0.198,539.92,84.5475,85.2225,85.17,82.2525,83.4825,81.975,42.8944,520.14,20.3404,520,488.96
72.2414,32.995,9.578,4.189,12.303,45.972,25.6765,14.8966,0.1783,0.2095,0.1982,539.92,84.585,85.1775,85.2225,82.2075,83.5125,81.9375,42.8976,520.11,20.3403,520,488.96
72.2408,32.995,9.582,4.182,12.303,45.738,25.594,14.8963,0.1784,0.2098,0.1985,539.84,84.5625,85.14,85.275,82.1775,83.52,81.93,42.9047,520.05,20.3402,520,488.99
72.2402,32.995,9.588,4.179,12.3,45.426,25.473,14.9047,0.1784,0.2101,0.1989,539.76,84.5775,85.1325,85.2825,82.2,83.505,81.9825,42.9157,519.96,20.3402,520,488.96
72.2396,32.995,9.596,4.168,12.301,45.108,25.3245,14.9047,0.1782,0.2103,0.1992,539.64,84.5625,85.1475,85.26,82.215,83.5425,81.9375,42.9309,519.84,20.3401,520,488.96
72.2389,32.995,9.604,4.143,12.301,44.808,25.1595,14.9047,0.1776,0.2102,0.199,539.52,84.5775,85.1475,85.2825,82.2675,83.5425,81.93,42.9466,519.72,20.34,520,488.96
72.2383,32.995,9.606,4.092,12.301,44.958,25.1265,14.9047,0.177,0.2102,0.1989,539.44,84.57,85.185,85.2975,82.29,83.52,81.9075,42.959,519.63,20.3399,520,488.96
72.187,32.99,9.607,4.044,12.302,45.066,25.1375,14.9047,0.1767,0.2101,0.1988,539.36,84.6225,85.1325,85.2975,82.275,83.505,81.945,42.968,519.57,20.3549,520,488.96
72.1858,32.99,9.607,4.028,12.302,45.144,25.1705,14.9047,0.1769,0.21,0.1988,539.28,84.66,85.1025,85.275,82.2375,83.49,81.9675,42.9773,519.51,20.3553,520,488.96
72.1339,32.985,9.607,4.044,12.302,45.186,25.198,14.9047,0.1773,0.2101,0.1988,539.24,84.645,85.14,85.32,82.2825,83.505,81.9525,42.9868,519.45,20.3557,520,488.96
72.1321,32.985,9.608,4.071,12.302,45.198,25.2145,14.9047,0.1776,0.2101,0.1989,539.16,84.6525,85.11,85.2825,82.335,83.52,81.9975,42.9965,519.39,20.3561,520,488.96
72.1302,32.985,9.609,4.097,12.302,45.138,25.2035,14.9047,0.1778,0.2102,0.1989,539.12,84.66,85.0725,85.32,82.3275,83.52,81.9825,43.0027,519.36,20.3565,520,488.96
72.1283,32.985,9.611,4.112,12.302,45.066,25.165,14.9047,0.1779,0.2102,0.199,539.08,84.6675,85.035,85.2825,82.3725,83.55,82.005,43.0128,519.3,20.357,520,488.96
72.1264,32.985,9.613,4.112,12.302,44.994,25.1265,14.9047,0.1778,0.2102,0.1991,539.04,84.6675,85.005,85.3125,82.3875,83.5575,82.0125,43.0194,519.27,20.3574,520,488.96
72.0739,32.98,9.615,4.102,12.302,44.964,25.088,14.9047,0.1774,0.2099,0.1987,539,84.645,85.035,85.3575,82.41,83.535,82.0125,43.0261,519.24,20.3578,520,488.96
72.0714,32.98,9.612,4.077,12.303,45.27,25.165,14.9047,0.1771,0.2097,0.1985,539.04,84.615,85.035,85.3125,82.4325,83.505,81.9975,43.0254,519.27,20.3582,520,488.93
72.0689,32.98,9.608,4.062,12.303,45.516,25.275,14.9047,0.1772,0.2095,0.1983,539.08,84.5925,85.0425,85.2825,82.455,83.46,81.96,43.0246,519.3,20.3586,520,488.93
72.0158,32.975,9.604,4.075,12.303,45.666,25.3795,14.9047,0.1775,0.2094,0.1982,539.12,84.585,85.0725,85.3125,82.395,83.4675,81.9375,43.0199,519.36,20.359,520,488.93
72.0126,32.975,9.599,4.106,12.303,45.828,25.4675,14.9047,0.1778,0.2092,0.198,539.24,84.6075,85.0725,85.2975,82.41,83.4675,81.9825,43.0075,519.48,20.3595,520,488.93
72.0095,32.975,9.595,4.135,12.303,45.984,25.5555,14.9047,0.178,0.209,0.1979,539.32,84.66,85.0575,85.2675,82.38,83.5125,81.9975,43.0021,519.54,20.3599,520,488.93
72.0064,32.975,9.591,4.161,12.302,46.098,25.6325,14.9047,0.1782,0.209,0.1978,539.44,84.615,85.0125,85.2825,82.41,83.49,81.99,42.9889,519.66,20.3603,520,488.93
72.0539,32.98,9.587,4.179,12.302,46.2,25.693,14.9047,0.1783,0.209,0.1978,539.52,84.63,85.065,85.3275,82.35,83.4675,81.975,42.9828,519.72,20.3607,520,488.93
72.0514,32.98,9.584,4.194,12.302,46.218,25.7315,14.9047,0.1785,0.209,0.1978,539.56,84.5775,85.1025,85.3725,82.3425,83.4675,81.96,42.9764,519.78,20.3461,520,488.93
72.0489,32.98,9.582,4.205,12.302,46.2,25.7425,14.9047,0.1785,0.209,0.1978,539.64,84.5325,85.14,85.3425,82.305,83.4375,81.93,42.9697,519.84,20.346,520,488.93
72.0464,32.98,9.581,4.21,12.302,46.164,25.7425,14.9047,0.1785,0.209,0.1979,539.68,84.57,85.1175,85.3575,82.29,83.475,81.975,42.9629,519.9,20.3459,520,488.93
72.0945,32.985,9.581,4.209,12.302,46.116,25.726,14.9047,0.1784,0.209,0.1979,539.8,84.5925,85.11,85.3725,82.275,83.43,81.945,42.952,519.99,20.3459,520,488.93
72.0927,32.985,9.58,4.202,12.302,46.098,25.7095,14.9047,0.1784,0.2091,0.1979,539.88,84.5625,85.0725,85.38,82.29,83.4375,81.9525,42.9408,520.08,20.3458,520,488.93
72.0908,32.985,9.58,4.193,12.301,46.08,25.6985,14.9047,0.1783,0.2091,0.198,539.88,84.54,85.0425,85.35,82.2975,83.4825,81.9975,42.9404,520.08,20.3457,520,488.93
72.0889,32.985,9.581,4.188,12.301,46.014,25.6875,14.9047,0.1783,0.2093,0.198,539.92,84.5625,85.065,85.3125,82.3275,83.445,81.99,42.9364,520.11,20.3456,520,488.93
72.1376,32.99,9.581,4.185,12.301,45.948,25.6545,14.9047,0.1783,0.2094,0.1981,539.88,84.5325,85.0275,85.2825,82.35,83.4375,82.035,42.9397,520.08,20.3455,520,488.93
72.1364,32.99,9.583,4.182,12.301,45.84,25.6215,14.8961,0.1782,0.2094,0.1982,539.88,84.54,85.05,85.2375,82.32,83.3925,82.035,42.9394,520.08,20.3455,520,488.93
72.1351,32.99,9.585,4.176,12.301,45.75,25.5665,14.8958,0.1782,0.2095,0.1984,539.88,84.5325,85.0575,85.245,82.2825,83.445,82.0575,42.939,520.08,20.3454,520,488.93
72.1339,32.99,9.588,4.168,12.301,45.612,25.5005,14.8955,0.1782,0.2097,0.1985,539.84,84.54,85.0575,85.275,82.3275,83.4075,82.05,42.9425,520.05,20.3453,520,488.93
72.1326,32.99,9.592,4.158,12.301,45.45,25.4235,14.8952,0.1781,0.2098,0.1987,539.8,84.5625,85.095,85.26,82.3125,83.46,82.0425,42.946,520.02,20.3452,520,488.93
72.1314,32.99,9.595,4.146,12.299,45.318,25.3465,14.9036,0.178,0.21,0.1988,539.72,84.5775,85.1025,85.3125,82.2675,83.4525,82.0425,42.9572,519.93,20.3452,520,488.93
72.1301,32.99,9.6,4.131,12.3,45.156,25.264,14.9036,0.1776,0.2098,0.1986,539.68,84.555,85.1025,85.2675,82.29,83.49,82.035,42.965,519.87,20.3451,520,488.93
72.1289,32.99,9.6,4.103,12.3,45.372,25.2915,14.9036,0.1773,0.2097,0.1985,539.6,84.54,85.11,85.2825,82.3275,83.4975,82.0425,42.9731,519.81,20.345,520,488.93
72.077,32.985,9.599,4.082,12.3,45.45,25.3355,14.9036,0.1773,0.2097,0.1984,539.6,84.5475,85.1175,85.275,82.35,83.5275,82.0725,42.9776,519.78,20.3449,520,488.93
72.0751,32.985,9.598,4.085,12.301,45.522,25.3685,14.9036,0.1775,0.2096,0.1984,539.56,84.5325,85.11,85.32,82.365,83.5575,82.095,42.9785,519.78,20.3449,520,488.93
72.0733,32.985,9.597,4.1,12.301,45.558,25.396,14.9036,0.1777,0.2097,0.1984,539.56,84.525,85.11,85.335,82.32,83.55,82.0725,42.9794,519.78,20.3448,520,488.93
72.0714,32.985,9.597,4.119,12.301,45.582,25.4125,14.9036,0.1779,0.2096,0.1985,539.56,84.5475,85.1025,85.365,82.3125,83.5575,82.0275,42.984,519.75,20.3447,520,488.93
72.0695,32.985,9.598,4.137,12.301,45.516,25.4015,14.9036,0.1778,0.2094,0.1982,539.6,84.5925,85.125,85.3575,82.2975,83.5275,82.0275,42.9813,519.78,20.3597,520,488.93
72.0676,32.985,9.594,4.132,12.301,45.822,25.4785,14.9036,0.1776,0.2093,0.1981,539.6,84.57,85.08,85.3425,82.335,83.52,82.005,42.9784,519.81,20.3601,520,488.9
72.0658,32.985,9.591,4.128,12.301,45.918,25.5555,14.9036,0.1777,0.2092,0.198,539.64,84.54,85.125,85.38,82.38,83.4825,82.02,42.9754,519.84,20.3605,520,488.9
72.0639,32.985,9.588,4.138,12.301,46.008,25.616,14.9036,0.1779,0.2091,0.1979,539.64,84.555,85.125,85.35,82.35,83.535,82.05,42.9723,519.87,20.3459,520,488.9
72.062,32.985,9.586,4.156,12.301,46.05,25.66,14.9036,0.1781,0.2092,0.1979,539.72,84.6,85.1025,85.2975,82.2975,83.58,82.0575,42.9691,519.9,20.3458,520,488.9
72.0601,32.985,9.584,4.172,12.301,46.08,25.682,14.9036,0.1782,0.2092,0.1979,539.72,84.645,85.065,85.3125,82.32,83.595,82.095,42.9657,519.93,20.3457,520,488.9
72.0582,32.985,9.584,4.185,12.301,46.044,25.6875,14.9036,0.1784,0.2092,0.198,539.76,84.615,85.065,85.29,82.29,83.535,82.0575,42.9622,519.96,20.3457,520,488.9
72.107,32.99,9.583,4.191,12.301,46.008,25.671,14.9036,0.1784,0.2092,0.198,539.76,84.585,85.05,85.335,82.3275,83.535,82.1025,42.9586,519.99,20.3456,520,488.9
72.1057,32.99,9.584,4.191,12.301,45.954,25.649,14.9036,0.1783,0.2093,0.1981,539.84,84.63,85.02,85.3125,82.335,83.55,82.1025,42.9549,520.02,20.3455,520,488.9
72.1045,32.99,9.584,4.185,12.301,45.918,25.627,14.9036,0.1782,0.2094,0.1981,539.84,84.645,84.99,85.335,82.2975,83.535,82.0725,42.9511,520.05,20.3454,520,488.9
72.1032,32.99,9.585,4.177,12.301,45.864,25.605,14.9036,0.1782,0.2094,0.1982,539.84,84.6225,84.9675,85.3425,82.275,83.535,82.0275,42.9509,520.05,20.3453,520,488.9
72.102,32.99,9.587,4.172,12.301,45.786,25.572,14.9036,0.1782,0.2095,0.1983,539.84,84.645,84.9375,85.3425,82.275,83.5575,82.0575,42.9544,520.02,20.3453,520,488.9
72.1007,32.99,9.588,4.166,12.301,45.702,25.5335,14.9036,0.1782,0.2096,0.1984,539.8,84.6225,84.9675,85.38,82.29,83.5425,82.0575,42.9581,519.99,20.3452,520,488.9
72.0995,32.99,9.591,4.161,12.301,45.564,25.4675,14.9036,0.1782,0.2098,0.1986,539.76,84.66,84.99,85.4025,82.2675,83.52,82.05,42.9581,519.99,20.3451,520,488.9
72.0982,32.99,9.595,4.155,12.301,45.42,25.396,14.9036,0.1781,0.2099,0.1988,539.72,84.675,84.9975,85.3875,82.305,83.55,82.0275,42.9657,519.93,20.345,520,488.9
72.097,32.99,9.599,4.146,12.301,45.246,25.3135,14.9036,0.1777,0.2098,0.1985,539.68,84.675,85.0275,85.4025,82.2825,83.5125,82.0425,42.9735,519.87,20.345,520,488.9
72.0957,32.99,9.597,4.118,12.301,45.504,25.3465,14.9036,0.1774,0.2097,0.1984,539.6,84.6225,85.0425,85.35,82.305,83.4675,82.08,42.9778,519.84,20.3449,520,488.9
72.0945,32.99,9.597,4.096,12.301,45.57,25.396,14.9036,0.1775,0.2097,0.1984,539.6,84.6525,85.005,85.3275,82.2675,83.505,82.0725,42.9822,519.81,20.3448,520,488.9
72.0932,32.99,9.597,4.102,12.301,45.552,25.4125,14.9036,0.1777,0.2098,0.1985,539.56,84.675,85.0275,85.3425,82.3125,83.46,82.0725,42.9867,519.78,20.3447,520,488.9
72.0919,32.99,9.597,4.121,12.301,45.498,25.396,14.9036,0.178,0.2098,0.1986,539.52,84.675,85.08,85.38,82.335,83.475,82.0575,42.9914,519.75,20.3447,520,488.9
72.0907,32.99,9.6,4.139,12.301,45.372,25.352,14.9036,0.1782,0.21,0.1988,539.48,84.66,85.0575,85.3275,82.35,83.475,82.0575,42.9999,519.69,20.3596,520,488.9
72.0894,32.99,9.603,4.147,12.301,45.222,25.2805,14.9036,0.1782,0.2101,0.1989,539.44,84.6075,85.05,85.2975,82.32,83.43,82.02,43.0049,519.66,20.36,520,488.9
72.0882,32.99,9.607,4.141,12.302,45.09,25.198,14.9036,0.1776,0.2098,0.1985,539.4,84.63,85.065,85.305,82.2825,83.49,82.02,43.01,519.63,20.3604,520,488.9
72.0869,32.99,9.603,4.106,12.302,45.492,25.286,14.9036,0.1772,0.2094,0.1983,539.4,84.6225,85.0125,85.35,82.2825,83.475,82.0125,43.0153,519.6,20.3609,520,488.9
72.0351,32.985,9.599,4.079,12.302,45.708,25.4015,14.9036,0.1772,0.2093,0.1981,539.44,84.5925,85.0575,85.335,82.2975,83.4375,82.035,43.0094,519.66,20.3613,520,488.9
72.0332,32.985,9.595,4.086,12.302,45.9,25.506,14.9036,0.1774,0.2091,0.1979,539.52,84.57,85.0875,85.2975,82.2525,83.415,81.9975,42.9995,519.75,20.3467,520,488.9
72.0313,32.985,9.59,4.115,12.302,46.086,25.616,14.9036,0.1778,0.209,0.1978,539.6,84.5925,85.1025,85.35,82.2225,83.4525,82.035,42.993,519.81,20.3466,520,488.9
72.0295,32.985,9.585,4.15,12.302,46.224,25.7095,14.9036,0.1781,0.209,0.1977,539.68,84.615,85.1475,85.3125,82.1925,83.46,82.0275,42.9862,519.87,20.3465,520,488.9
72.0276,32.985,9.581,4.181,12.302,46.326,25.781,14.9036,0.1784,0.2089,0.1976,539.72,84.6075,85.125,85.335,82.245,83.4975,81.9975,42.9792,519.93,20.3464,520,488.9
72.0763,32.99,9.578,4.203,12.302,46.374,25.8305,14.9036,0.1785,0.2088,0.1976,539.84,84.57,85.1325,85.3425,82.2975,83.46,82.035,42.9683,520.02,20.3464,520,488.9
72.0751,32.99,9.576,4.216,12.302,46.392,25.8525,14.9036,0.1785,0.2087,0.1976,539.88,84.6,85.095,85.3275,82.305,83.4225,82.0725,42.9569,520.11,20.3463,520,488.9
72.0738,32.99,9.574,4.221,12.302,46.38,25.869,14.9036,0.1785,0.2087,0.1976,540.04,84.585,85.0575,85.35,82.32,83.475,82.02,42.9414,520.23,20.3462,520,488.9
72.1232,32.995,9.572,4.22,12.302,46.416,25.8745,14.9036,0.1784,0.2087,0.1975,540.12,84.6225,85.0875,85.3725,82.2825,83.4375,82.0125,42.9292,520.32,20.3461,520,488.9
72.1226,32.995,9.571,4.215,12.302,46.44,25.8965,14.9036,0.1784,0.2088,0.1975,540.2,84.615,85.125,85.4025,82.275,83.4225,81.96,42.9167,520.41,20.3461,520,488.9
72.1219,32.995,9.57,4.213,12.302,46.434,25.9075,14.9036,0.1784,0.2088,0.1976,540.24,84.63,85.1175,85.395,82.2975,83.4,82.0125,42.915,520.41,20.346,520,488.9
72.1213,32.995,9.569,4.215,12.301,46.368,25.9075,14.9036,0.1784,0.2089,0.1977,540.28,84.6075,85.155,85.4025,82.2675,83.4525,82.0575,42.9058,520.47,20.3459,520,488.9
72.1713,33,9.569,4.216,12.301,46.32,25.8855,14.9036,0.1784,0.209,0.1977,540.28,84.6525,85.185,85.44,82.2675,83.43,82.0125,42.9039,520.47,20.3458,520,488.9
72.1713,33,9.57,4.213,12.301,46.236,25.858,14.9036,0.1784,0.2091,0.1979,540.32,84.69,85.125,85.4475,82.275,83.49,82.0275,42.8983,520.5,20.3457,520,488.9
72.1713,33,9.572,4.207,12.301,46.134,25.814,14.9036,0.1784,0.2092,0.198,540.28,84.69,85.1475,85.4475,82.2225,83.4675,82.02,42.9,520.47,20.3457,520,488.9
72.1713,33,9.574,4.199,12.301,46.008,25.759,14.9036,0.1783,0.2094,0.1981,540.24,84.675,85.155,85.44,82.185,83.475,82.065,42.9019,520.44,20.3456,520,488.9
72.222,33.005,9.577,4.19,12.301,45.864,25.6875,14.9036,0.1783,0.2096,0.1983,540.2,84.6975,85.1475,85.395,82.2375,83.4825,82.1025,42.9076,520.38,20.3455,520,488.9
72.2226,33.005,9.582,4.18,12.301,45.654,25.5885,14.9036,0.1783,0.2098,0.1986,540.12,84.7125,85.1475,85.41,82.2525,83.4675,82.14,42.9173,520.29,20.3454,520,488.93
72.2232,33.005,9.588,4.169,12.301,45.396,25.4675,14.9036,0.1779,0.2098,0.1984,540.04,84.66,85.1475,85.35,82.2225,83.4525,82.08,42.9237,520.23,20.3454,520,488.93
72.2238,33.005,9.589,4.139,12.301,45.528,25.4455,14.9036,0.1776,0.2098,0.1985,539.96,84.675,85.11,85.2975,82.2375,83.415,82.0425,42.934,520.14,20.3453,520,488.93
72.2245,33.005,9.591,4.112,12.301,45.48,25.429,14.9036,0.1776,0.2099,0.1987,539.84,84.63,85.1475,85.32,82.26,83.4525,81.99,42.9447,520.05,20.3452,520,488.93
72.1745,33,9.595,4.107,12.301,45.342,25.3795,14.9036,0.1777,0.21,0.1988,539.72,84.6,85.095,85.32,82.2525,83.4375,82.005,42.9596,519.93,20.3451,520,488.93
72.1745,33,9.599,4.115,12.302,45.144,25.2915,14.9036,0.1776,0.2099,0.1987,539.68,84.5625,85.0725,85.3125,82.2525,83.4675,81.9825,42.9674,519.87,20.3451,520,488.93
72.1745,33,9.599,4.104,12.302,45.318,25.297,14.9036,0.1774,0.2099,0.1986,539.6,84.615,85.035,85.35,82.2075,83.49,82.0125,42.9754,519.81,20.345,520,488.93
72.1745,33,9.6,4.09,12.302,45.372,25.3245,14.9036,0.1775,0.2098,0.1987,539.52,84.5925,84.99,85.35,82.23,83.4975,82.0425,42.9837,519.75,20.3449,520,488.93
72.1238,32.995,9.601,4.092,12.302,45.348,25.3245,14.9036,0.1774,0.2096,0.1984,539.52,84.585,85.0425,85.3125,82.23,83.52,82.0425,42.9847,519.75,20.3448,520,488.93
72.1232,32.995,9.598,4.093,12.302,45.594,25.3905,14.9036,0.1774,0.2094,0.1983,539.52,84.6375,85.0725,85.305,82.2825,83.5125,82.0275,42.9857,519.75,20.3448,520,488.93
72.1226,32.995,9.595,4.098,12.302,45.756,25.4785,14.9036,0.1774,0.2091,0.1979,539.6,84.585,85.0425,85.2975,82.32,83.475,81.99,42.9792,519.81,20.3447,520,488.9
72.1219,32.995,9.589,4.108,12.303,46.08,25.605,14.9036,0.1775,0.2088,0.1977,539.68,84.54,85.0425,85.2675,82.29,83.4825,82.005,42.9725,519.87,20.3446,520,488.9
72.1213,32.995,9.583,4.126,12.303,46.326,25.7535,14.9122,0.1776,0.2087,0.1974,539.8,84.57,85.095,85.305,82.26,83.43,81.9825,42.9542,520.02,20.3445,520,488.9
72.1207,32.995,9.576,4.152,12.303,46.572,25.891,14.9124,0.178,0.2085,0.1973,539.88,84.6225,85.1475,85.275,82.23,83.3925,81.9375,42.9466,520.08,20.3444,520,488.9
72.1201,32.995,9.571,4.185,12.303,46.71,26.0065,14.9127,0.1783,0.2085,0.1972,540,84.645,85.1775,85.2675,82.1925,83.4,81.9075,42.9312,520.2,20.3444,520,488.9
72.1194,32.995,9.566,4.215,12.305,46.806,26.0725,14.9044,0.1785,0.2085,0.1972,540.08,84.6375,85.2,85.29,82.2375,83.4075,81.9225,42.9229,520.26,20.3443,520,488.9
72.1694,33,9.563,4.24,12.305,46.8,26.1055,14.9044,0.1788,0.2085,0.1973,540.12,84.6075,85.1775,85.3425,82.26,83.3625,81.975,42.9143,520.32,20.3442,520,488.9
72.1694,33,9.562,4.256,12.304,46.728,26.0945,14.9044,0.1788,0.2086,0.1973,540.2,84.6225,85.2,85.2975,82.2825,83.3475,81.9825,42.9018,520.41,20.3441,520,488.93
72.2201,33.005,9.561,4.261,12.302,46.644,26.078,14.9044,0.1788,0.2086,0.1974,540.28,84.66,85.155,85.29,82.26,83.4075,81.96,42.8926,520.47,20.3441,520,488.93
72.2207,33.005,9.561,4.256,12.302,46.554,26.0395,14.9044,0.1787,0.2088,0.1975,540.36,84.645,85.1775,85.275,82.29,83.43,81.9975,42.8832,520.53,20.344,520,488.93
72.2719,33.01,9.562,4.244,12.302,46.458,25.9955,14.9044,0.1786,0.2089,0.1977,540.36,84.6525,85.14,85.26,82.2675,83.415,82.05,42.8773,520.56,20.3439,520,488.93
72.2732,33.01,9.565,4.233,12.302,46.314,25.9405,14.9044,0.1786,0.2091,0.1979,540.36,84.6,85.1775,85.23,82.2975,83.415,82.08,42.8788,520.53,20.3438,520,488.93
72.2744,33.01,9.568,4.221,12.302,46.14,25.8635,14.9044,0.1785,0.2093,0.1981,540.28,84.57,85.2075,85.2075,82.3125,83.43,82.05,42.8842,520.47,20.3438,520,488.93
72.2757,33.01,9.572,4.209,12.302,45.936,25.77,14.9044,0.1784,0.2094,0.1983,540.24,84.5625,85.2225,85.185,82.29,83.4375,82.0575,42.886,520.44,20.3437,520,488.93
72.2769,33.01,9.578,4.194,12.302,45.684,25.638,14.9044,0.1782,0.2097,0.1984,540.24,84.5325,85.2375,85.2075,82.3125,83.475,82.1025,42.888,520.41,20.3436,520,488.93
72.2782,33.01,9.582,4.17,12.302,45.564,25.539,14.9044,0.1781,0.21,0.1987,540.08,84.585,85.185,85.2525,82.35,83.46,82.065,42.9014,520.29,20.3435,520,488.93
72.2794,33.01,9.589,4.148,12.302,45.294,25.4235,14.9044,0.178,0.2102,0.1991,539.96,84.6075,85.185,85.215,82.3725,83.5125,82.05,42.919,520.14,20.3435,520,488.93
72.2807,33.01,9.597,4.134,12.302,44.958,25.264,14.9044,0.1779,0.2106,0.1993,539.8,84.6225,85.1325,85.245,82.335,83.4975,82.0125,42.9372,519.99,20.3434,520,488.93
72.2819,33.01,9.606,4.115,12.302,44.676,25.099,14.9044,0.1776,0.2106,0.1994,539.6,84.615,85.0875,85.215,82.35,83.52,81.9675,42.9598,519.81,20.3433,520,488.93
72.2832,33.01,9.612,4.08,12.302,44.598,24.9945,14.9044,0.1768,0.2102,0.199,539.48,84.585,85.05,85.23,82.3725,83.505,81.975,42.9756,519.69,20.3432,520,488.93
72.2338,33.005,9.611,4.027,12.303,45.006,25.0715,14.9044,0.1763,0.2099,0.1988,539.36,84.5925,85.08,85.2075,82.4025,83.475,81.9675,42.9919,519.57,20.3432,520,488.93
72.1838,33,9.608,3.997,12.303,45.258,25.1925,14.9044,0.1764,0.2098,0.1985,539.32,84.6,85.0875,85.2075,82.35,83.4675,81.9375,42.9974,519.54,20.3431,520,488.93
72.1838,33,9.603,4.014,12.303,45.504,25.319,14.9044,0.177,0.2097,0.1984,539.32,84.555,85.065,85.23,82.305,83.4675,81.9,42.9992,519.54,20.343,520,488.93
72.1332,32.995,9.6,4.062,12.303,45.63,25.418,14.913,0.1776,0.2095,0.1984,539.32,84.6075,85.0275,85.2075,82.335,83.505,81.9075,43.0011,519.54,20.3429,520,488.93
72.1326,32.995,9.598,4.116,12.303,45.654,25.4675,14.9133,0.178,0.2095,0.1983,539.36,84.6,85.035,85.26,82.3425,83.5275,81.87,42.9954,519.6,20.3428,520,488.93
72.132,32.995,9.596,4.15,12.303,45.732,25.495,14.9136,0.1782,0.2094,0.1983,539.4,84.615,85.08,85.2975,82.3125,83.5275,81.915,42.9971,519.6,20.3428,520,488.93
72.1313,32.995,9.595,4.163,12.305,45.756,25.517,14.9052,0.1781,0.2094,0.1982,539.48,84.63,85.125,85.26,82.2825,83.505,81.87,42.9874,519.69,20.3427,520,488.93
72.1307,32.995,9.593,4.161,12.305,45.852,25.539,14.9052,0.178,0.2094,0.1981,539.52,84.6075,85.1625,85.2375,82.245,83.4975,81.8625,42.9849,519.72,20.3426,520,488.93
72.1301,32.995,9.592,4.159,12.305,45.882,25.572,14.9052,0.178,0.2093,0.1981,539.56,84.6375,85.11,85.275,82.2525,83.4525,81.8925,42.9823,519.75,20.3425,520,488.93
72.1801,33,9.59,4.161,12.304,45.894,25.5885,14.9052,0.1781,0.2094,0.1981,539.6,84.615,85.08,85.275,82.26,83.415,81.8775,42.972,519.84,20.3425,520,488.93
72.1801,33,9.589,4.164,12.304,45.924,25.594,14.9052,0.1781,0.2094,0.1981,539.6,84.585,85.125,85.305,82.3125,83.4,81.9,42.9727,519.84,20.3424,520,488.93
72.1801,33,9.589,4.169,12.304,45.87,25.5885,14.9052,0.1782,0.2094,0.1982,539.64,84.585,85.1025,85.32,82.3275,83.4375,81.915,42.9733,519.84,20.3423,520,488.9
72.1801,33,9.59,4.173,12.304,45.816,25.5665,14.9052,0.1783,0.2095,0.1983,539.64,84.63,85.065,85.32,82.2825,83.415,81.945,42.974,519.84,20.3422,520,488.9
72.1801,33,9.591,4.174,12.304,45.744,25.5335,14.9052,0.1783,0.2096,0.1984,539.64,84.5925,85.1025,85.3275,82.3275,83.385,81.975,42.9746,519.84,20.3422,520,488.9
72.1801,33,9.592,4.17,12.304,45.642,25.4895,14.9052,0.1783,0.2097,0.1985,539.6,84.615,85.14,85.29,82.335,83.43,81.9525,42.9753,519.84,20.3421,520,488.9
72.1801,33,9.595,4.164,12.304,45.504,25.4235,14.9052,0.1782,0.2098,0.1986,539.6,84.6525,85.17,85.2675,82.2825,83.475,81.915,42.9797,519.81,20.342,520,488.9
72.1801,33,9.598,4.155,12.304,45.384,25.3575,14.9052,0.1779,0.2098,0.1985,539.6,84.6525,85.2075,85.29,82.2975,83.4675,81.9525,42.9804,519.81,20.3419,520,488.9
72.1801,33,9.598,4.133,12.304,45.51,25.3575,14.9052,0.1777,0.2097,0.1985,539.56,84.6675,85.1475,85.2525,82.335,83.4375,81.93,42.985,519.78,20.3569,520,488.9
72.1801,33,9.598,4.116,12.303,45.516,25.374,14.9052,0.1777,0.2097,0.1985,539.56,84.6975,85.11,85.2675,82.305,83.415,81.9675,42.9858,519.78,20.3573,520,488.9
72.1801,33,9.598,4.115,12.303,45.516,25.374,14.9052,0.1778,0.2098,0.1985,539.56,84.72,85.095,85.2525,82.29,83.4225,81.93,42.9867,519.78,20.3577,520,488.9
72.1294,32.995,9.6,4.124,12.303,45.45,25.3575,14.9052,0.178,0.2098,0.1987,539.48,84.72,85.0425,85.215,82.245,83.4225,81.975,42.9951,519.72,20.3581,520,488.9
72.1288,32.995,9.603,4.136,12.303,45.294,25.3025,14.9052,0.178,0.2099,0.1986,539.48,84.675,85.05,85.1925,82.245,83.4675,82.005,43,519.69,20.3586,520,488.9
72.1282,32.995,9.602,4.132,12.303,45.402,25.297,14.9052,0.1779,0.2099,0.1987,539.4,84.63,85.08,85.2075,82.2975,83.5125,81.9675,43.0088,519.63,20.359,520,488.9
72.1276,32.995,9.604,4.125,12.303,45.312,25.2805,14.9052,0.1779,0.2101,0.1988,539.36,84.5775,85.11,85.185,82.2825,83.505,81.945,43.0178,519.57,20.3594,520,488.9
72.1269,32.995,9.607,4.125,12.303,45.186,25.231,14.9052,0.178,0.2102,0.199,539.28,84.6225,85.0575,85.2,82.2675,83.535,81.9975,43.027,519.51,20.3598,520,488.9
72.1263,32.995,9.611,4.126,12.303,45,25.1485,14.9052,0.1781,0.2105,0.1991,539.24,84.63,85.05,85.1625,82.245,83.49,82.005,43.0365,519.45,20.3602,520,488.9
72.1257,32.995,9.615,4.121,12.303,44.85,25.055,14.9052,0.178,0.2105,0.1993,539.12,84.675,85.0125,85.2225,82.245,83.4675,82.005,43.0538,519.33,20.3606,520,488.9
72.1251,32.995,9.62,4.109,12.303,44.658,24.9615,14.9052,0.177,0.2095,0.1983,539.08,84.69,85.0275,85.1925,82.29,83.46,81.99,43.0603,519.3,20.346,520,488.9
72.0738,32.99,9.608,4.049,12.303,45.684,25.22,14.9052,0.1761,0.2089,0.1976,539.16,84.6825,85.0575,85.155,82.32,83.49,81.9525,43.0518,519.39,20.3459,520,488.9
72.0726,32.99,9.594,4.007,12.303,46.41,25.5775,14.9052,0.1762,0.2083,0.197,539.28,84.6825,85.08,85.185,82.365,83.475,81.99,43.0392,519.51,20.3459,520,488.87
72.0207,32.985,9.579,4.044,12.303,47.016,25.946,14.9052,0.177,0.2078,0.1965,539.48,84.705,85.08,85.245,82.365,83.4525,81.945,43.0187,519.69,20.3458,520,488.87
72.0188,32.985,9.563,4.13,12.303,47.52,26.2705,14.9052,0.1779,0.2074,0.1961,539.72,84.72,85.0575,85.26,82.3575,83.415,81.96,42.9899,519.93,20.3457,520,488.87
72.0676,32.99,9.549,4.221,12.303,47.922,26.5345,14.9052,0.1786,0.207,0.1958,540,84.7125,85.0425,85.275,82.3425,83.43,81.915,42.9563,520.2,20.3456,520,488.87
72.0663,32.99,9.537,4.293,12.303,48.186,26.738,14.9052,0.1791,0.2069,0.1956,540.28,84.7275,85.0725,85.275,82.3275,83.385,81.885,42.9217,520.47,20.3456,520,488.87
72.1157,32.995,9.527,4.344,12.303,48.342,26.87,14.9052,0.1795,0.2068,0.1956,540.56,84.75,85.0575,85.26,82.3425,83.3775,81.87,42.886,520.74,20.3455,520,488.87
72.1657,33,9.519,4.378,12.303,48.414,26.9745,14.9052,0.1797,0.2068,0.1956,540.84,84.705,85.0875,85.245,82.3575,83.3775,81.84,42.8492,521.01,20.3454,520,488.9
72.2163,33.005,9.513,4.4,12.302,48.402,27.0295,14.9052,0.1798,0.2068,0.1956,541.08,84.7425,85.125,85.2075,82.335,83.4075,81.8775,42.815,521.25,20.3453,520,488.9
72.3182,33.015,9.508,4.412,12.302,48.324,27.046,14.9052,0.1799,0.207,0.1957,541.32,84.7275,85.1175,85.26,82.335,83.4525,81.84,42.7837,521.46,20.3453,520,488.9
72.3707,33.02,9.506,4.414,12.302,48.204,27.024,14.8966,0.1799,0.2072,0.1959,541.48,84.75,85.1475,85.2825,82.3575,83.4975,81.8775,42.759,521.61,20.3452,520,488.9
72.4238,33.025,9.506,4.41,12.302,48.006,26.969,14.8963,0.1798,0.2074,0.1962,541.56,84.735,85.1025,85.2975,82.3425,83.5125,81.885,42.7412,521.7,20.3451,520,488.93
72.4776,33.03,9.509,4.401,12.301,47.724,26.87,14.8961,0.1798,0.2077,0.1966,541.6,84.7725,85.1175,85.275,82.3275,83.55,81.8775,42.7306,521.73,20.345,520,488.93
72.4813,33.03,9.514,4.385,12.299,47.394,26.7325,14.8958,0.1796,0.2081,0.1969,541.6,84.7275,85.065,85.26,82.365,83.5875,81.8925,42.7198,521.76,20.3449,520,488.93
72.5357,33.035,9.52,4.358,12.299,47.064,26.5675,14.8955,0.1793,0.2085,0.1973,541.56,84.72,85.08,85.215,82.365,83.5425,81.885,42.7202,521.7,20.3449,520,488.93
72.5907,33.04,9.528,4.323,12.299,46.698,26.3805,14.8952,0.179,0.209,0.1977,541.48,84.6825,85.125,85.1775,82.32,83.52,81.87,42.7247,521.61,20.3448,520,488.96
72.5957,33.04,9.538,4.284,12.299,46.29,26.1715,14.9036,0.1789,0.2095,0.1983,541.28,84.72,85.155,85.155,82.35,83.52,81.915,42.7407,521.43,20.3447,520,488.96
72.6007,33.04,9.552,4.249,12.299,45.702,25.891,14.9036,0.1787,0.2102,0.1989,541.04,84.6825,85.155,85.2,82.3125,83.4675,81.8925,42.7612,521.22,20.3446,520,488.96
72.6057,33.04,9.569,4.212,12.3,45.03,25.561,14.9036,0.1784,0.2107,0.1996,540.8,84.63,85.155,85.2525,82.32,83.4975,81.945,42.7901,520.95,20.3446,520,488.96
72.6107,33.04,9.586,4.159,12.301,44.424,25.209,14.9036,0.1775,0.2108,0.1997,540.44,84.6525,85.1475,85.2975,82.2975,83.535,81.93,42.8239,520.65,20.3445,520,488.99
72.6157,33.04,9.598,4.073,12.301,44.292,25.0055,14.9036,0.1759,0.2102,0.199,540.2,84.6075,85.185,85.3275,82.3425,83.55,81.9525,42.855,520.38,20.3444,520,488.99
72.5701,33.035,9.596,3.957,12.301,45,25.1265,14.9036,0.1749,0.2098,0.1986,540,84.5775,85.2,85.3125,82.32,83.535,81.915,42.8798,520.17,20.3443,520,488.99
72.4732,33.025,9.592,3.895,12.302,45.426,25.33,14.9036,0.1752,0.2094,0.1982,539.88,84.57,85.1625,85.32,82.32,83.55,81.9,42.8904,520.08,20.3443,520,488.99
72.4257,33.02,9.587,3.933,12.302,45.75,25.517,14.9036,0.1762,0.2092,0.198,539.88,84.615,85.1625,85.3125,82.305,83.52,81.93,42.8938,520.05,20.3442,520,488.99
72.4282,33.02,9.582,4.024,12.302,45.99,25.671,14.9036,0.1772,0.2091,0.1979,539.88,84.6,85.1175,85.2975,82.3425,83.505,81.9225,42.8899,520.08,20.3441,520,488.99
72.3801,33.015,9.578,4.112,12.303,46.116,25.7755,14.9036,0.1779,0.209,0.1978,539.88,84.585,85.125,85.275,82.38,83.46,81.9225,42.8895,520.08,20.344,520,488.99
72.3819,33.015,9.575,4.168,12.303,46.218,25.847,14.9122,0.1782,0.2091,0.1978,539.88,84.5625,85.17,85.2975,82.3725,83.445,81.945,42.8892,520.08,20.344,520,488.99
72.4345,33.02,9.573,4.193,12.304,46.242,25.8855,14.9124,0.1783,0.2091,0.1978,539.88,84.5475,85.1325,85.335,82.4025,83.43,81.9675,42.8889,520.08,20.3439,520,488.99
72.437,33.02,9.573,4.2,12.304,46.188,25.8855,14.9127,0.1783,0.2091,0.1979,539.88,84.51,85.1325,85.3725,82.3575,83.415,81.93,42.8886,520.08,20.3438,520,488.99
72.4395,33.02,9.574,4.197,12.306,46.104,25.836,14.913,0.1783,0.2093,0.1981,539.92,84.5625,85.1175,85.395,82.3275,83.46,81.8925,42.8845,520.11,20.3437,520,488.99
72.442,33.02,9.577,4.192,12.306,45.918,25.7425,14.9133,0.1784,0.2095,0.1984,539.88,84.555,85.1625,85.3425,82.335,83.505,81.9075,42.884,520.11,20.3436,520,488.99
72.4445,33.02,9.583,4.185,12.306,45.648,25.6105,14.9136,0.1782,0.2097,0.1985,539.92,84.5475,85.1625,85.38,82.335,83.505,81.9075,42.8836,520.11,20.3436,520,488.99
72.447,33.02,9.587,4.168,12.306,45.51,25.5005,14.9052,0.178,0.2098,0.1986,539.88,84.5925,85.1775,85.4025,82.3125,83.475,81.915,42.8869,520.08,20.3435,520,488.99
72.4495,33.02,9.592,4.143,12.306,45.378,25.4015,14.9052,0.1779,0.2101,0.1989,539.8,84.5925,85.14,85.4025,82.335,83.4825,81.945,42.8979,519.99,20.3434,520,488.99
72.4013,33.015,9.598,4.123,12.306,45.156,25.3025,14.9052,0.1778,0.2103,0.1991,539.68,84.555,85.155,85.425,82.29,83.4675,81.9075,42.9092,519.9,20.3433,520,488.99
72.4032,33.015,9.604,4.107,12.305,44.964,25.1925,14.9052,0.1777,0.2105,0.1993,539.56,84.57,85.1175,85.3725,82.2675,83.46,81.8775,42.9246,519.78,20.3433,520,488.99
72.4051,33.015,9.61,4.091,12.305,44.754,25.077,14.9138,0.1773,0.2104,0.1991,539.44,84.5325,85.08,85.335,82.305,83.49,81.9,42.9405,519.66,20.3432,520,488.99
72.3563,33.01,9.612,4.062,12.306,44.892,25.066,14.9141,0.177,0.2105,0.1992,539.28,84.5025,85.0725,85.35,82.3125,83.475,81.9075,42.9607,519.51,20.3431,520,488.99
72.3576,33.01,9.614,4.04,12.306,44.856,25.055,14.9144,0.1771,0.2105,0.1993,539.16,84.48,85.065,85.3125,82.275,83.4675,81.93,42.9815,519.36,20.343,520,488.96
72.3082,33.005,9.617,4.042,12.307,44.754,25.0165,14.9061,0.1771,0.2104,0.1991,539.08,84.465,85.05,85.2825,82.2975,83.46,81.8925,42.9916,519.3,20.343,520,488.96
72.3089,33.005,9.617,4.044,12.307,44.892,25.0275,14.9061,0.1771,0.2103,0.1991,538.96,84.45,85.02,85.275,82.2525,83.415,81.9,43.0057,519.21,20.3429,520,488.96
72.2589,33,9.618,4.048,12.307,44.922,25.044,14.9061,0.1773,0.2103,0.1991,538.92,84.42,85.065,85.29,82.2975,83.475,81.915,43.0164,519.15,20.3428,520,488.96
72.2589,33,9.619,4.06,12.306,44.916,25.0495,14.9147,0.1773,0.2102,0.1989,538.88,84.4425,85.065,85.2375,82.35,83.4675,81.885,43.0236,519.12,20.3427,520,488.96
72.2082,32.995,9.616,4.065,12.306,45.126,25.11,14.9149,0.1773,0.2101,0.1988,538.88,84.495,85.0725,85.26,82.2975,83.505,81.9225,43.0271,519.12,20.3427,520,488.96
72.2076,32.995,9.615,4.071,12.306,45.216,25.165,14.9152,0.1775,0.21,0.1988,538.84,84.495,85.035,85.2525,82.3275,83.475,81.9,43.0344,519.09,20.3426,520,488.96
72.207,32.995,9.614,4.088,12.307,45.216,25.187,14.9155,0.1777,0.21,0.1988,538.88,84.5325,85.0875,85.2525,82.365,83.43,81.885,43.0343,519.12,20.3425,520,488.93
72.1557,32.99,9.613,4.106,12.307,45.216,25.187,14.9072,0.1779,0.21,0.1988,538.88,84.5325,85.065,85.26,82.35,83.43,81.945,43.0379,519.12,20.3424,520,488.93
72.1544,32.99,9.614,4.117,12.308,45.186,25.1705,14.9072,0.1778,0.2099,0.1987,538.92,84.51,85.08,85.26,82.2975,83.4525,81.93,43.0339,519.18,20.3424,520,488.93
72.1532,32.99,9.611,4.112,12.307,45.366,25.2145,14.9072,0.1777,0.2099,0.1987,538.92,84.5475,85.0875,85.2375,82.2975,83.4375,81.93,43.041,519.15,20.3423,520,488.93
72.1519,32.99,9.611,4.111,12.305,45.366,25.2475,14.9072,0.1779,0.2099,0.1987,538.92,84.585,85.0875,85.2675,82.2525,83.4075,81.915,43.0407,519.18,20.3422,520,488.93
72.1507,32.99,9.611,4.12,12.305,45.306,25.2365,14.9072,0.178,0.2099,0.1988,538.96,84.6225,85.0575,85.2375,82.29,83.4,81.915,43.0403,519.21,20.3421,520,488.93
72.1494,32.99,9.611,4.128,12.305,45.264,25.2145,14.9072,0.178,0.21,0.1988,539,84.6375,85.095,85.26,82.2675,83.4225,81.945,43.0397,519.24,20.342,520,488.93
72.0976,32.985,9.612,4.129,12.305,45.228,25.187,14.9072,0.1781,0.2102,0.1989,539,84.6825,85.065,85.215,82.2525,83.4525,81.9525,43.0428,519.24,20.342,520,488.9
72.0957,32.985,9.614,4.129,12.305,45.126,25.1485,14.9072,0.1781,0.2102,0.199,539,84.7125,85.1025,85.2525,82.2975,83.445,81.9975,43.0496,519.21,20.3419,520,488.9
72.0938,32.985,9.617,4.127,12.305,44.988,25.088,14.9072,0.1781,0.2103,0.1991,538.96,84.7425,85.14,85.2375,82.2675,83.415,81.9825,43.0565,519.18,20.3418,520,488.9
72.092,32.985,9.62,4.121,12.304,44.856,25.022,14.9072,0.1776,0.21,0.1988,538.92,84.735,85.1175,85.2675,82.29,83.4525,81.9975,43.0598,519.18,20.3417,520,488.9
72.0901,32.985,9.616,4.091,12.304,45.21,25.0935,14.9072,0.1772,0.2098,0.1985,538.96,84.75,85.095,85.2375,82.335,83.475,82.0425,43.0594,519.21,20.3417,520,488.9
72.0882,32.985,9.612,4.065,12.304,45.474,25.209,14.9072,0.1772,0.2096,0.1984,539,84.735,85.0875,85.2225,82.3425,83.445,82.05,43.0588,519.24,20.3416,520,488.9
72.0357,32.98,9.608,4.075,12.304,45.588,25.308,14.9072,0.1776,0.2094,0.1982,539.08,84.705,85.125,85.2375,82.335,83.4225,82.0425,43.0544,519.3,20.3415,520,488.9
72.0332,32.98,9.603,4.106,12.304,45.738,25.3905,14.9072,0.1778,0.2093,0.1981,539.16,84.6975,85.08,85.2225,82.305,83.4675,82.065,43.0459,519.39,20.3414,520,488.9
72.0307,32.98,9.599,4.137,12.304,45.882,25.473,14.9072,0.1781,0.2092,0.1979,539.32,84.6825,85.05,85.2225,82.32,83.43,82.0275,43.0296,519.54,20.3414,520,488.87
72.0282,32.98,9.595,4.159,12.303,46.038,25.55,14.9072,0.1782,0.209,0.1979,539.4,84.63,85.005,85.26,82.275,83.4675,82.0725,43.0202,519.63,20.3413,520,488.87
72.0257,32.98,9.591,4.176,12.303,46.134,25.627,14.9072,0.1783,0.2089,0.1977,539.56,84.585,84.9825,85.2225,82.305,83.475,82.035,43.0067,519.75,20.3412,520,488.87
72.0738,32.985,9.586,4.188,12.303,46.248,25.6875,14.9072,0.1784,0.209,0.1976,539.68,84.5625,85.02,85.2225,82.2675,83.52,82.0425,42.9927,519.87,20.3411,520,488.87
72.0719,32.985,9.582,4.197,12.303,46.332,25.7535,14.9072,0.1784,0.209,0.1976,539.72,84.5625,85.035,85.26,82.275,83.4975,82.0725,42.9857,519.93,20.3411,520,488.87
72.0701,32.985,9.58,4.209,12.303,46.326,25.7975,14.8985,0.1786,0.209,0.1977,539.76,84.57,85.0875,85.23,82.29,83.475,82.0425,42.9822,519.96,20.341,520,488.87
72.1188,32.99,9.578,4.22,12.302,46.26,25.803,14.8983,0.1786,0.209,0.1978,539.84,84.5325,85.095,85.2525,82.2975,83.4675,81.99,42.9748,520.02,20.3409,520,488.87
72.1175,32.99,9.577,4.224,12.302,46.212,25.7865,14.898,0.1786,0.209,0.1979,539.88,84.495,85.065,85.26,82.275,83.475,82.0125,42.9672,520.08,20.3408,520,488.87
72.1163,32.99,9.578,4.221,12.3,46.128,25.77,14.9063,0.1786,0.2092,0.1979,539.92,84.495,85.095,85.26,82.275,83.5125,82.0425,42.9632,520.11,20.3407,520,488.87
72.115,32.99,9.579,4.213,12.3,46.026,25.726,14.9063,0.1785,0.2094,0.1981,539.88,84.54,85.125,85.3125,82.29,83.4825,81.99,42.9665,520.08,20.3407,520,488.87
72.1644,32.995,9.581,4.205,12.3,45.888,25.671,14.9063,0.1785,0.2095,0.1982,539.88,84.5175,85.1475,85.3125,82.3275,83.4975,81.96,42.9661,520.08,20.3406,520,488.87
72.1638,32.995,9.584,4.195,12.302,45.72,25.5885,14.8977,0.1784,0.2097,0.1985,539.84,84.5775,85.1775,85.3125,82.335,83.505,81.9525,42.9696,520.05,20.3405,520,488.87
72.1632,32.995,9.589,4.185,12.302,45.48,25.473,14.8974,0.1784,0.21,0.1988,539.8,84.615,85.2075,85.2825,82.3125,83.5125,81.96,42.9769,519.99,20.3404,520,488.87
72.1625,32.995,9.595,4.171,12.302,45.216,25.341,14.8972,0.1783,0.2102,0.1991,539.68,84.6,85.2,85.275,82.3125,83.49,81.99,42.9882,519.9,20.3404,520,488.87
72.1619,32.995,9.602,4.153,12.299,44.916,25.198,14.8969,0.1781,0.2105,0.1993,539.56,84.5625,85.1775,85.32,82.3125,83.5275,81.945,43.0036,519.78,20.3403,520,488.87
72.1613,32.995,9.609,4.125,12.3,44.718,25.066,14.9052,0.1777,0.2105,0.1993,539.44,84.555,85.185,85.3275,82.3575,83.4825,81.915,43.0196,519.66,20.3402,520,488.87
72.1607,32.995,9.614,4.087,12.3,44.67,24.989,14.9052,0.1771,0.2103,0.1991,539.36,84.5625,85.1775,85.335,82.3725,83.4825,81.9,43.0322,519.57,20.3401,520,488.87
72.1094,32.99,9.614,4.045,12.3,44.886,25.022,14.9052,0.1768,0.2102,0.199,539.24,84.57,85.1775,85.3275,82.4025,83.4525,81.8625,43.0452,519.48,20.3401,520,488.87
72.1082,32.99,9.614,4.025,12.302,45.024,25.077,14.9052,0.1769,0.21,0.1988,539.2,84.5475,85.125,85.2975,82.4175,83.475,81.84,43.0548,519.42,20.34,520,488.87
72.0563,32.985,9.612,4.037,12.302,45.144,25.132,14.9052,0.1769,0.2096,0.1983,539.24,84.54,85.14,85.3275,82.365,83.46,81.8775,43.0534,519.45,20.3399,520,488.87
72.0544,32.985,9.604,4.051,12.302,45.678,25.319,14.9052,0.177,0.2093,0.1981,539.24,84.5025,85.11,85.3125,82.335,83.415,81.93,43.0519,519.48,20.3398,520,488.87
72.0526,32.985,9.598,4.078,12.302,45.942,25.495,14.9052,0.1775,0.2091,0.1978,539.32,84.5025,85.065,85.2825,82.3125,83.4525,81.96,43.0465,519.54,20.3398,520,488.87
72.0507,32.985,9.59,4.122,12.302,46.176,25.649,14.9052,0.1779,0.2089,0.1976,539.4,84.4725,85.035,85.2975,82.305,83.49,81.96,43.0408,519.6,20.3397,520,488.87
72.0488,32.985,9.585,4.166,12.302,46.338,25.77,14.9052,0.1783,0.2087,0.1975,539.52,84.5325,85.08,85.26,82.2825,83.4375,81.9525,43.0274,519.72,20.3396,520,488.87
72.0469,32.985,9.579,4.199,12.302,46.47,25.8525,14.9052,0.1785,0.2086,0.1974,539.68,84.57,85.1025,85.2825,82.245,83.43,81.945,43.0097,519.87,20.3395,520,488.87
72.045,32.985,9.574,4.22,12.302,46.578,25.913,14.9052,0.1786,0.2086,0.1973,539.84,84.525,85.14,85.275,82.23,83.445,81.9,42.9877,520.05,20.3395,520,488.87
72.0938,32.99,9.57,4.231,12.302,46.662,25.9625,14.9052,0.1786,0.2086,0.1973,539.96,84.5325,85.1625,85.26,82.245,83.46,81.87,42.9725,520.17,20.3394,520,488.87
72.0925,32.99,9.568,4.241,12.302,46.686,26.001,14.9052,0.1788,0.2086,0.1973,540.04,84.5625,85.1775,85.29,82.275,83.4525,81.855,42.9605,520.26,20.3393,520,488.87
72.1419,32.995,9.566,4.251,12.302,46.632,26.0175,14.9052,0.1788,0.2087,0.1974,540.16,84.615,85.2075,85.2375,82.305,83.4675,81.915,42.952,520.32,20.3392,520,488.87
72.1413,32.995,9.565,4.257,12.302,46.554,26.001,14.8966,0.1789,0.2087,0.1975,540.2,84.6225,85.2,85.275,82.3575,83.49,81.9075,42.9432,520.38,20.3391,520,488.87
72.1913,33,9.566,4.256,12.302,46.428,25.968,14.8963,0.1788,0.2088,0.1976,540.28,84.6075,85.23,85.29,82.3875,83.4525,81.9525,42.9341,520.44,20.3391,520,488.87
72.1913,33,9.566,4.247,12.302,46.326,25.913,14.896,0.1787,0.2089,0.1978,540.32,84.585,85.2525,85.2825,82.4175,83.4675,81.915,42.9248,520.5,20.339,520,488.87
72.1913,33,9.568,4.233,12.299,46.212,25.869,14.9044,0.1785,0.2091,0.1979,540.36,84.6,85.2375,85.29,82.4325,83.43,81.9225,42.919,520.53,20.3389,520,488.87
72.2419,33.005,9.571,4.217,12.3,46.11,25.8085,14.9044,0.1784,0.2092,0.198,540.32,84.615,85.1775,85.3125,82.44,83.3925,81.9075,42.9207,520.5,20.3388,520,488.87
72.2425,33.005,9.574,4.204,12.3,45.948,25.748,14.9044,0.1784,0.2094,0.1982,540.28,84.645,85.1775,85.3125,82.425,83.385,81.915,42.9224,520.47,20.3388,520,488.87
72.2432,33.005,9.578,4.191,12.301,45.792,25.66,14.9044,0.1783,0.2096,0.1984,540.24,84.5925,85.1475,85.26,82.41,83.43,81.915,42.9243,520.44,20.3387,520,488.87
72.2438,33.005,9.582,4.177,12.301,45.612,25.561,14.9044,0.1782,0.2098,0.1986,540.2,84.6,85.1775,85.2375,82.4325,83.415,81.945,42.93,520.38,20.3386,520,488.87
72.2444,33.005,9.588,4.163,12.301,45.384,25.4455,14.9044,0.1782,0.2101,0.1989,540.08,84.6225,85.1775,85.2675,82.4325,83.445,81.9825,42.9435,520.26,20.3385,520,488.9
72.245,33.005,9.595,4.149,12.301,45.102,25.308,14.9044,0.1781,0.2103,0.1991,539.96,84.645,85.215,85.305,82.44,83.475,82.0125,42.9575,520.14,20.3535,520,488.9
72.2457,33.005,9.602,4.13,12.301,44.868,25.1705,14.9044,0.1777,0.2102,0.1991,539.8,84.66,85.1625,85.2675,82.4325,83.49,81.99,42.9719,520.02,20.3539,520,488.9
72.1957,33,9.607,4.096,12.301,44.856,25.099,14.9044,0.1768,0.2098,0.1985,539.72,84.69,85.2075,85.2525,82.4625,83.445,81.9525,42.9831,519.93,20.3543,520,488.9
72.1957,33,9.601,4.04,12.301,45.468,25.2585,14.9044,0.1763,0.2094,0.1982,539.68,84.6375,85.1925,85.2225,82.4625,83.43,81.96,42.9909,519.87,20.3547,520,488.9
72.145,32.995,9.595,4.015,12.302,45.834,25.4565,14.9044,0.1766,0.2093,0.198,539.68,84.63,85.2,85.1925,82.44,83.4075,81.93,42.9877,519.9,20.3552,520,488.9
72.1444,32.995,9.589,4.05,12.302,46.044,25.616,14.9044,0.1773,0.2091,0.1978,539.68,84.645,85.1775,85.215,82.44,83.4525,81.9225,42.9881,519.9,20.3556,520,488.9
72.1438,32.995,9.584,4.114,12.302,46.188,25.7315,14.9044,0.1779,0.209,0.1977,539.68,84.66,85.125,85.1925,82.38,83.505,81.93,42.9885,519.9,20.341,520,488.9
72.1432,32.995,9.58,4.17,12.302,46.284,25.814,14.9044,0.1784,0.209,0.1977,539.76,84.69,85.11,85.1925,82.365,83.4675,81.915,42.9814,519.96,20.3409,520,488.9
72.1425,32.995,9.577,4.204,12.302,46.344,25.858,14.9044,0.1785,0.2089,0.1976,539.84,84.6525,85.155,85.215,82.395,83.43,81.9675,42.974,520.02,20.3408,520,488.9
72.1925,33,9.575,4.218,12.302,46.35,25.8745,14.9044,0.1786,0.2089,0.1977,539.92,84.6075,85.155,85.1775,82.4325,83.4375,81.93,42.9627,520.11,20.3407,520,488.9
72.1925,33,9.574,4.222,12.303,46.332,25.869,14.9044,0.1786,0.2089,0.1977,539.96,84.5925,85.1625,85.1775,82.41,83.4,81.96,42.9547,520.17,20.3407,520,488.9
72.1925,33,9.574,4.221,12.303,46.266,25.847,14.9044,0.1785,0.209,0.1978,540.04,84.555,85.17,85.2225,82.38,83.4525,81.975,42.9465,520.23,20.3406,520,488.9
72.1925,33,9.575,4.217,12.303,46.206,25.814,14.913,0.1785,0.2092,0.1979,540.04,84.6,85.1175,85.2075,82.4175,83.46,81.945,42.9456,520.23,20.3405,520,488.9
72.2432,33.005,9.577,4.212,12.303,46.08,25.7755,14.9133,0.1785,0.2094,0.1981,540.04,84.615,85.1625,85.2525,82.4025,83.4375,81.93,42.9447,520.23,20.3404,520,488.9
72.2438,33.005,9.579,4.206,12.303,45.936,25.7095,14.9049,0.1785,0.2094,0.1983,540,84.66,85.1325,85.29,82.41,83.4825,81.9375,42.9512,520.17,20.3403,520,488.9
72.2444,33.005,9.579,4.206,12.303,45.744,25.7095,14.9049,0.1785,0.2094,0.1983,540,84.66,85.1325,85.29,82.41,83.4825,81.9375,42.9468,520.2,20.3403,520,488.9
72.245,33.005,9.579,4.206,12.303,45.744,25.7095,14.9049,0.1785,0.2094,0.1983,540,84.66,85.1325,85.29,82.41,83.4825,81.9375,42.946,520.2,20.3402,520,488.9
72.2457,33.005,9.579,4.206,12.303,45.744,25.7095,14.9049,0.1785,0.2094,0.1983,540,84.66,85.1325,85.29,82.41,83.4825,81.9375,42.9452,520.2,20.3401,520,488.9
72.2463,33.005,9.583,4.198,12.305,45.744,25.6215,14.9049,0.1784,0.2096,0.1984,540,84.675,85.1175,85.29,82.425,83.49,81.9,42.9444,520.2,20.34,520,488.9
72.2469,33.005,9.586,4.183,12.304,45.594,25.517,14.9049,0.1783,0.2098,0.1986,539.96,84.66,85.14,85.335,82.455,83.46,81.915,42.9511,520.14,20.34,520,488.9
72.2476,33.005,9.592,4.167,12.302,45.366,25.418,14.9049,0.1782,0.2102,0.1988,539.88,84.6375,85.125,85.29,82.4175,83.4825,81.945,42.958,520.08,20.3399,520,488.9
72.2482,33.005,9.598,4.149,12.302,45.15,25.3025,14.9049,0.1781,0.2104,0.1992,539.76,84.63,85.1775,85.3125,82.41,83.52,81.9975,42.9727,519.96,20.3398,520,488.9
72.2488,33.005,9.606,4.133,12.303,44.844,25.1595,14.9049,0.178,0.2107,0.1994,539.6,84.5925,85.185,85.3425,82.3875,83.535,81.9825,42.9917,519.81,20.3397,520,488.9
72.2494,33.005,9.613,4.112,12.303,44.568,25.0055,14.9049,0.1778,0.211,0.1997,539.4,84.6225,85.185,85.35,82.3575,83.4825,81.9525,43.015,519.63,20.3397,520,488.9
72.1994,33,9.622,4.087,12.303,44.274,24.846,14.9049,0.1773,0.2107,0.1996,539.2,84.615,85.155,85.3275,82.32,83.49,81.9825,43.039,519.45,20.3546,520,488.9
72.1994,33,9.625,4.043,12.303,44.406,24.8075,14.9049,0.1762,0.2098,0.1987,539.12,84.5925,85.11,85.305,82.3275,83.535,81.9675,43.0525,519.36,20.355,520,488.9
72.1488,32.995,9.615,3.974,12.303,45.342,25.077,14.9136,0.1755,0.2092,0.1979,539.16,84.615,85.11,85.275,82.3275,83.5725,81.93,43.0514,519.39,20.3554,520,488.9
72.0975,32.99,9.601,3.948,12.303,46.08,25.4345,14.9138,0.1758,0.2086,0.1973,539.28,84.6075,85.1325,85.2825,82.29,83.565,81.9375,43.0426,519.48,20.3559,520,488.87
72.0963,32.99,9.586,4.003,12.303,46.722,25.8085,14.9141,0.1767,0.208,0.1967,539.44,84.585,85.1325,85.2375,82.2525,83.5725,81.96,43.0221,519.66,20.3412,520,488.87
72.095,32.99,9.57,4.103,12.305,47.28,26.144,14.9058,0.1777,0.2077,0.1963,539.64,84.57,85.1025,85.2,82.245,83.5275,81.9825,42.9972,519.87,20.3412,520,488.87
72.0938,32.99,9.556,4.2,12.305,47.712,26.43,14.9058,0.1785,0.2073,0.196,539.88,84.6075,85.0725,85.23,82.26,83.5425,82.005,42.9714,520.08,20.3411,520,488.87
72.1432,32.995,9.543,4.276,12.305,47.988,26.6445,14.9058,0.179,0.207,0.1958,540.16,84.6525,85.095,85.2825,82.215,83.535,82.05,42.9373,520.35,20.341,520,488.87
72.1425,32.995,9.533,4.329,12.304,48.162,26.7875,14.9058,0.1794,0.207,0.1958,540.44,84.66,85.1025,85.26,82.2225,83.49,82.005,42.902,520.62,20.3409,520,488.87
72.1925,33,9.526,4.363,12.304,48.216,26.8645,14.9058,0.1796,0.2071,0.1958,540.64,84.645,85.155,85.3125,82.23,83.4375,81.99,42.8732,520.83,20.3409,520,488.87
72.2432,33.005,9.521,4.386,12.303,48.162,26.9085,14.9058,0.1798,0.2072,0.196,540.84,84.63,85.1475,85.3275,82.215,83.43,81.96,42.8473,521.01,20.3408,520,488.9
72.2944,33.01,9.518,4.401,12.303,48.018,26.8975,14.9058,0.1799,0.2074,0.1961,541.04,84.615,85.1175,85.305,82.23,83.445,81.9675,42.8207,521.19,20.3407,520,488.9
72.3463,33.015,9.517,4.403,12.303,47.838,26.8425,14.9058,0.1799,0.2076,0.1964,541.16,84.6,85.125,85.3575,82.2,83.445,81.9825,42.8008,521.31,20.3406,520,488.9
72.3988,33.02,9.519,4.395,12.303,47.58,26.749,14.9058,0.1798,0.2079,0.1967,541.24,84.5625,85.14,85.3275,82.2075,83.4225,81.99,42.7843,521.4,20.3406,520,488.9
72.4519,33.025,9.523,4.378,12.302,47.292,26.6225,14.9058,0.1797,0.2083,0.197,541.24,84.6,85.095,85.305,82.2525,83.4,81.9825,42.7786,521.4,20.3405,520,488.93
72.5057,33.03,9.529,4.355,12.302,46.932,26.463,14.8972,0.1795,0.2086,0.1974,541.2,84.615,85.095,85.35,82.245,83.4075,81.9975,42.7805,521.34,20.3404,520,488.93
72.5094,33.03,9.538,4.326,12.302,46.518,26.265,14.8969,0.1792,0.2091,0.1979,541.12,84.585,85.0575,85.3125,82.2675,83.37,82.005,42.7863,521.25,20.3403,520,488.93
72.5638,33.035,9.547,4.288,12.302,46.104,26.0395,14.8966,0.1789,0.2095,0.1984,541,84.6075,85.0575,85.3275,82.32,83.4225,82.0425,42.7963,521.13,20.3403,520,488.93
72.5682,33.035,9.56,4.246,12.3,45.57,25.7755,14.9049,0.1785,0.21,0.1988,540.88,84.6225,85.065,85.3425,82.3425,83.4525,82.0575,42.803,521.04,20.3402,520,488.93
72.5725,33.035,9.573,4.194,12.3,45.156,25.517,14.9049,0.178,0.2103,0.1992,540.68,84.63,85.08,85.3575,82.3875,83.4075,82.035,42.8251,520.83,20.3401,520,488.96
72.5769,33.035,9.586,4.136,12.3,44.772,25.286,14.9049,0.1771,0.2102,0.199,540.48,84.645,85.1175,85.3575,82.3425,83.3925,82.0125,42.8443,520.65,20.34,520,488.96
72.5307,33.03,9.591,4.06,12.301,44.976,25.231,14.9049,0.1764,0.2102,0.199,540.24,84.6225,85.0725,85.38,82.305,83.355,81.99,42.8718,520.41,20.3399,520,488.96
72.4838,33.025,9.595,4.007,12.302,44.97,25.2255,14.9049,0.1763,0.2103,0.1991,540.04,84.5925,85.0275,85.425,82.335,83.3925,81.9525,42.8889,520.26,20.3399,520,488.96
72.4869,33.025,9.598,3.999,12.302,44.952,25.209,14.9049,0.1767,0.2104,0.1992,539.84,84.5475,84.99,85.365,82.3125,83.3775,81.96,42.9141,520.05,20.3398,520,488.96
72.4394,33.02,9.604,4.025,12.302,44.808,25.1595,14.9049,0.1772,0.2106,0.1993,539.68,84.555,85.05,85.3125,82.3425,83.355,81.96,42.9365,519.87,20.3397,520,488.96
72.3913,33.015,9.608,4.053,12.303,44.688,25.088,14.9049,0.1775,0.2107,0.1995,539.48,84.5325,85.05,85.2825,82.365,83.3925,81.9975,42.9596,519.69,20.3396,520,488.96
72.3932,33.015,9.615,4.067,12.303,44.502,24.9945,14.9049,0.1775,0.211,0.1997,539.32,84.54,85.05,85.2975,82.4025,83.43,82.0425,42.9834,519.51,20.3396,520,488.96
72.3444,33.01,9.62,4.061,12.303,44.364,24.901,14.9135,0.1773,0.211,0.1998,539.12,84.6,85.0875,85.3275,82.3875,83.445,82.0875,43.0079,519.33,20.3395,520,488.96
72.3457,33.01,9.627,4.043,12.304,44.22,24.813,14.9138,0.1765,0.2104,0.1991,538.96,84.57,85.0875,85.305,82.335,83.4525,82.11,43.0256,519.21,20.3394,520,488.96
72.2963,33.005,9.62,3.992,12.304,44.94,24.9835,14.9141,0.1759,0.2098,0.1987,538.92,84.585,85.1025,85.2675,82.3575,83.4675,82.065,43.0363,519.15,20.3393,520,488.93
72.2463,33,9.613,3.962,12.307,45.384,25.198,14.9144,0.1761,0.2096,0.1983,538.92,84.6375,85.1475,85.32,82.3875,83.475,82.08,43.036,519.18,20.3393,520,488.93
72.2463,33,9.605,3.996,12.307,45.714,25.396,14.9147,0.177,0.2094,0.1982,539,84.66,85.1025,85.3575,82.335,83.4525,82.0275,43.0356,519.21,20.3392,520,488.93
72.1957,32.995,9.6,4.071,12.307,45.864,25.528,14.9149,0.1778,0.2093,0.1981,539.08,84.6375,85.125,85.3425,82.305,83.4375,82.0425,43.0275,519.3,20.3391,520,488.93
72.195,32.995,9.595,4.141,12.307,45.99,25.6215,14.9152,0.1783,0.2092,0.1979,539.16,84.5925,85.1475,85.3125,82.275,83.4075,82.0275,43.0153,519.42,20.339,520,488.93
72.1944,32.995,9.59,4.183,12.307,46.104,25.682,14.9155,0.1784,0.209,0.1979,539.28,84.5475,85.185,85.275,82.2975,83.4675,82.0575,43.0063,519.51,20.339,520,488.93
72.2444,33,9.587,4.201,12.307,46.152,25.726,14.9158,0.1785,0.209,0.1979,539.4,84.5175,85.1325,85.23,82.32,83.4825,82.0125,42.9933,519.63,20.3389,520,488.93
72.2444,33,9.585,4.207,12.308,46.182,25.737,14.9074,0.1785,0.2091,0.1979,539.52,84.5325,85.1325,85.2225,82.3575,83.52,81.975,42.9835,519.72,20.3388,520,488.93
72.2444,33,9.583,4.206,12.307,46.17,25.737,14.9074,0.1785,0.209,0.1979,539.56,84.5175,85.1025,85.2825,82.395,83.4825,82.0275,42.9771,519.78,20.3387,520,488.93
72.2444,33,9.583,4.205,12.307,46.104,25.715,14.9074,0.1785,0.2092,0.1979,539.68,84.48,85.0875,85.26,82.41,83.46,82.0575,42.963,519.9,20.3387,520,488.93
72.2444,33,9.583,4.203,12.305,46.056,25.6875,14.9074,0.1785,0.2093,0.1981,539.72,84.495,85.0725,85.275,82.4325,83.445,82.095,42.9596,519.93,20.3386,520,488.93
72.2444,33,9.584,4.199,12.305,45.948,25.66,14.9074,0.1784,0.2094,0.1982,539.76,84.4875,85.0575,85.2975,82.365,83.415,82.0575,42.9562,519.96,20.3385,520,488.93
72.2951,33.005,9.586,4.193,12.305,45.834,25.605,14.9074,0.1785,0.2096,0.1984,539.76,84.51,85.0575,85.3275,82.32,83.4075,82.05,42.9563,519.96,20.3384,520,488.93
72.2957,33.005,9.59,4.189,12.305,45.606,25.517,14.9074,0.1785,0.2099,0.1987,539.72,84.495,85.11,85.335,82.365,83.415,82.0875,42.9602,519.93,20.3383,520,488.93
72.2963,33.005,9.595,4.181,12.304,45.348,25.396,14.9074,0.1785,0.2102,0.199,539.64,84.5325,85.1325,85.305,82.305,83.4,82.065,42.9718,519.84,20.3383,520,488.9
72.2969,33.005,9.602,4.168,12.304,44.982,25.242,14.9074,0.1784,0.2106,0.1993,539.56,84.5475,85.125,85.2975,82.3275,83.37,82.035,42.9837,519.75,20.3382,520,488.9
72.2976,33.005,9.61,4.144,12.304,44.694,25.0715,14.9074,0.178,0.2108,0.1996,539.4,84.525,85.1025,85.3425,82.35,83.3925,82.0125,42.9998,519.63,20.3381,520,488.9
72.2476,33,9.618,4.109,12.304,44.412,24.9065,14.9074,0.1772,0.2104,0.1992,539.28,84.57,85.095,85.35,82.305,83.37,81.99,43.0163,519.51,20.338,520,488.9
72.2476,33,9.618,4.048,12.304,44.766,24.9395,14.9074,0.1765,0.2101,0.1989,539.2,84.585,85.1175,85.35,82.2825,83.34,81.945,43.0258,519.45,20.338,520,488.9
72.1969,32.995,9.615,3.998,12.304,45.09,25.0495,14.9074,0.1763,0.2099,0.1987,539.2,84.5625,85.0875,85.3425,82.245,83.3175,81.975,43.0318,519.42,20.3379,520,488.9
72.1963,32.995,9.611,3.998,12.304,45.324,25.1815,14.9074,0.1768,0.2098,0.1985,539.2,84.5175,85.14,85.335,82.2075,83.37,81.9675,43.0341,519.42,20.3378,520,488.9
72.145,32.99,9.607,4.042,12.304,45.474,25.286,14.9074,0.1775,0.2098,0.1985,539.16,84.555,85.1625,85.335,82.23,83.3775,81.975,43.0364,519.42,20.3528,520,488.9
72.1438,32.99,9.605,4.1,12.304,45.492,25.341,14.9074,0.178,0.2098,0.1985,539.2,84.54,85.1625,85.335,82.2825,83.4375,81.9825,43.0388,519.42,20.3532,520,488.9
72.1425,32.99,9.604,4.143,12.304,45.504,25.363,14.9074,0.1783,0.2098,0.1985,539.2,84.585,85.1175,85.3425,82.29,83.445,81.99,43.0411,519.42,20.3536,520,488.9
72.1413,32.99,9.603,4.161,12.304,45.498,25.3685,14.9074,0.1783,0.2098,0.1986,539.24,84.6375,85.1475,85.305,82.29,83.4975,82.035,43.0397,519.45,20.354,520,488.9
72.14,32.99,9.604,4.163,12.304,45.414,25.3355,14.9074,0.1784,0.21,0.1988,539.2,84.6525,85.185,85.29,82.2525,83.4675,82.065,43.0457,519.42,20.3544,520,488.9
72.1388,32.99,9.607,4.161,12.304,45.21,25.2585,14.9074,0.1784,0.2102,0.199,539.2,84.63,85.17,85.3125,82.2225,83.4225,82.035,43.048,519.42,20.3548,520,488.9
72.1375,32.99,9.612,4.153,12.304,45.006,25.154,14.9074,0.1783,0.2104,0.1992,539.16,84.6075,85.155,85.275,82.1925,83.43,82.065,43.0579,519.36,20.3553,520,488.87
72.1363,32.99,9.617,4.138,12.304,44.796,25.044,14.9074,0.1777,0.21,0.1988,539.12,84.6525,85.1175,85.305,82.2525,83.475,82.065,43.0642,519.33,20.3557,520,488.87
72.135,32.99,9.614,4.096,12.304,45.15,25.0935,14.9074,0.1771,0.2097,0.1986,539.12,84.6075,85.1475,85.2825,82.26,83.445,82.0875,43.0632,519.36,20.3561,520,488.87
72.0832,32.985,9.61,4.059,12.304,45.438,25.209,14.9074,0.1769,0.2095,0.1983,539.24,84.6075,85.1625,85.3125,82.2825,83.4225,82.0575,43.0545,519.45,20.3565,520,488.87
72.0813,32.985,9.604,4.057,12.304,45.726,25.352,14.9074,0.1772,0.2094,0.1981,539.28,84.57,85.155,85.2825,82.29,83.4075,82.065,43.053,519.48,20.3569,520,488.87
72.0794,32.985,9.599,4.089,12.304,45.93,25.495,14.9074,0.1777,0.2092,0.1979,539.32,84.6,85.1475,85.3125,82.3275,83.3625,82.0275,43.0476,519.54,20.3423,520,488.87
72.0775,32.985,9.593,4.135,12.304,46.092,25.6105,14.9074,0.1781,0.209,0.1978,539.4,84.5625,85.1625,85.275,82.29,83.34,81.9825,43.0381,519.63,20.3422,520,488.87
72.0757,32.985,9.588,4.175,12.304,46.206,25.693,14.9074,0.1784,0.2089,0.1977,539.52,84.57,85.155,85.2825,82.29,83.3775,81.945,43.0284,519.72,20.3422,520,488.87
72.0738,32.985,9.584,4.2,12.303,46.302,25.7535,14.9074,0.1785,0.2089,0.1976,539.64,84.615,85.155,85.2675,82.2825,83.3775,81.9825,43.0145,519.84,20.3421,520,488.87
72.0719,32.985,9.581,4.214,12.303,46.35,25.792,14.9074,0.1786,0.2089,0.1976,539.72,84.6225,85.1925,85.29,82.3125,83.37,81.9525,43.0038,519.93,20.342,520,488.87
72.1206,32.99,9.579,4.223,12.303,46.344,25.814,14.9074,0.1787,0.2089,0.1977,539.8,84.645,85.17,85.2525,82.29,83.3475,81.945,42.9929,520.02,20.3419,520,488.87
72.1194,32.99,9.577,4.227,12.303,46.32,25.8195,14.9074,0.1786,0.2089,0.1977,539.92,84.6,85.11,85.2225,82.2525,83.3625,81.9525,42.9815,520.11,20.3419,520,488.87
72.1181,32.99,9.576,4.227,12.303,46.29,25.8195,14.9074,0.1786,0.209,0.1978,539.96,84.5625,85.14,85.2075,82.26,83.4075,81.96,42.9735,520.17,20.3418,520,488.87
72.1675,32.995,9.576,4.223,12.303,46.23,25.803,14.9074,0.1786,0.209,0.1978,540.04,84.6,85.1625,85.2525,82.2375,83.4225,81.945,42.9653,520.23,20.3417,520,488.87
72.1669,32.995,9.576,4.219,12.302,46.14,25.7755,14.9074,0.1786,0.2092,0.1979,540.04,84.5925,85.1775,85.2225,82.245,83.46,81.9075,42.9607,520.26,20.3416,520,488.87
72.1663,32.995,9.577,4.213,12.302,46.038,25.7315,14.9074,0.1785,0.2093,0.1981,540.04,84.5625,85.2075,85.2375,82.2975,83.43,81.9075,42.9634,520.23,20.3415,520,488.87
72.2163,33,9.58,4.206,12.302,45.882,25.671,14.8988,0.1785,0.2095,0.1982,540,84.5925,85.2,85.2525,82.3425,83.4075,81.945,42.9662,520.2,20.3415,520,488.87
72.2163,33,9.583,4.196,12.302,45.732,25.594,14.8985,0.1785,0.2098,0.1985,539.96,84.57,85.2225,85.2825,82.335,83.43,81.9075,42.9691,520.17,20.3414,520,488.87
72.2163,33,9.589,4.187,12.302,45.438,25.4675,14.8983,0.1785,0.2101,0.1989,539.88,84.54,85.215,85.26,82.3575,83.4075,81.915,42.9797,520.08,20.3413,520,488.87
72.2163,33,9.596,4.177,12.3,45.09,25.319,14.9066,0.1784,0.2105,0.1992,539.76,84.5625,85.23,85.26,82.3125,83.4,81.915,42.9944,519.96,20.3412,520,488.87
72.2163,33,9.604,4.156,12.3,44.766,25.1485,14.9066,0.1782,0.2108,0.1995,539.6,84.525,85.1775,85.2375,82.3125,83.3925,81.87,43.0096,519.84,20.3412,520,488.87
72.1656,32.995,9.614,4.123,12.3,44.238,24.9725,14.9066,0.1778,0.211,0.1997,539.44,84.4875,85.215,85.245,82.26,83.3925,81.8625,43.0567,519.48,20.341,520,488.87
72.1656,32.995,9.622,4.082,12.302,44.238,24.813,14.9066,0.1771,0.2107,0.1995,539.24,84.4875,85.2375,85.2825,82.305,83.4,81.87,43.0567,519.48,20.341,520,488.87
72.165,32.995,9.624,4.026,12.302,44.484,24.8185,14.9066,0.1763,0.2103,0.1991,539.16,84.5325,85.185,85.3275,82.3275,83.3775,81.9225,43.0701,519.39,20.3409,520,488.87
72.1138,32.99,9.62,3.978,12.302,44.922,24.9505,14.9066,0.1761,0.21,0.1988,539.12,84.5475,85.155,85.3725,82.35,83.3925,81.975,43.0801,519.33,20.3559,520,488.87
72.0619,32.985,9.615,3.977,12.303,45.504,25.1155,14.9066,0.1766,0.2098,0.1985,539.12,84.555,85.17,85.3875,82.335,83.43,82.005,43.0817,519.36,20.3563,520,488.87
72.0582,32.985,9.609,4.023,12.303,45.726,25.2695,14.9066,0.1772,0.2095,0.1983,539.12,84.5175,85.1325,85.3875,82.3575,83.3925,81.96,43.0806,519.39,20.3571,520,488.87
72.0582,32.985,9.603,4.086,12.303,45.726,25.4125,14.9066,0.1778,0.2093,0.1981,539.16,84.525,85.0875,85.4025,82.38,83.4075,81.945,43.0806,519.39,20.3571,520,488.87
72.0544,32.985,9.598,4.138,12.303,46.074,25.528,14.9066,0.1781,0.2091,0.1979,539.28,84.525,85.1025,85.4025,82.3425,83.415,81.975,43.0587,519.6,20.3424,520,488.84
72.0525,32.985,9.592,4.171,12.303,46.2,25.627,14.9066,0.1783,0.209,0.1978,539.4,84.4875,85.125,85.4025,82.3425,83.46,82.005,43.0453,519.72,20.3424,520,488.84
72.0525,32.985,9.588,4.19,12.303,46.2,25.704,14.9066,0.1784,0.209,0.1977,539.48,84.54,85.095,85.3425,82.29,83.4225,82.035,43.0453,519.72,20.3424,520,488.84
72.0994,32.99,9.584,4.202,12.303,46.284,25.759,14.9066,0.1785,0.209,0.1977,539.6,84.5475,85.1175,85.38,82.32,83.415,82.0125,43.0284,519.87,20.3422,520,488.84
72.0994,32.99,9.582,4.213,12.303,46.284,25.7865,14.9066,0.1786,0.2091,0.1978,539.68,84.5175,85.11,85.41,82.365,83.43,81.9975,43.0284,519.87,20.3422,520,488.84
72.0981,32.99,9.581,4.222,12.303,46.11,25.781,14.9066,0.1788,0.2092,0.1979,539.72,84.5025,85.0725,85.3875,82.335,83.4375,81.9525,43.0217,519.93,20.3421,520,488.84
72.1462,32.995,9.583,4.231,12.303,45.954,25.693,14.9066,0.1788,0.2094,0.1982,539.76,84.495,85.125,85.4175,82.2975,83.4825,81.9525,43.0182,519.96,20.342,520,488.84
72.1456,32.995,9.583,4.231,12.303,45.792,25.693,14.9066,0.1788,0.2094,0.1982,539.76,84.495,85.125,85.4175,82.2975,83.4825,81.9525,43.0146,519.99,20.342,520,488.84
72.145,32.995,9.585,4.223,12.303,45.678,25.5335,14.9066,0.1787,0.2094,0.1983,539.8,84.5625,85.095,85.455,82.2225,83.4675,82.005,43.0072,520.05,20.3418,520,488.84
72.145,32.995,9.588,4.205,12.303,45.678,25.5335,14.9066,0.1784,0.2097,0.1984,539.84,84.5625,85.095,85.455,82.2225,83.4675,82.005,43.0072,520.05,20.3418,520,488.84
72.1437,32.995,9.59,4.182,12.302,45.306,25.4675,14.9066,0.1784,0.21,0.1987,539.8,84.5325,85.1475,85.44,82.1925,83.4375,82.0125,43.0258,519.9,20.3417,520,488.84
72.1431,32.995,9.596,4.169,12.302,44.958,25.3685,14.9066,0.1784,0.2102,0.199,539.68,84.525,85.155,85.47,82.185,83.4375,82.035,43.0337,519.84,20.3416,520,488.84
72.1431,32.995,9.603,4.164,12.302,44.958,25.2145,14.9066,0.1781,0.2102,0.1989,539.64,84.495,85.1325,85.455,82.245,83.4225,82.0125,43.0337,519.84,20.3416,520,488.84
72.1419,32.995,9.605,4.134,12.302,45.03,25.1705,14.9066,0.1777,0.2102,0.199,539.52,84.48,85.1025,85.4625,82.2225,83.4225,82.0575,43.0541,519.69,20.3415,520,488.84
72.1412,32.995,9.609,4.08,12.302,45.03,25.132,14.9066,0.1775,0.2103,0.1991,539.4,84.4875,85.095,85.4025,82.215,83.4,82.11,43.0629,519.63,20.3414,520,488.84
72.1406,32.995,9.609,4.08,12.302,44.94,25.132,14.9066,0.1775,0.2103,0.1991,539.4,84.4875,85.095,85.4025,82.215,83.4,82.11,43.0757,519.54,20.3414,520,488.84
72.0894,32.99,9.612,4.081,12.302,44.844,25.055,14.9066,0.1777,0.2103,0.1991,539.32,84.5325,85.065,85.38,82.2825,83.4225,82.035,43.0813,519.51,20.3568,520,488.84
72.0881,32.99,9.615,4.091,12.302,45.024,25.055,14.9066,0.1776,0.2102,0.199,539.28,84.5325,85.065,85.38,82.2825,83.4225,82.035,43.087,519.48,20.3572,520,488.84
72.0869,32.99,9.614,4.088,12.302,45.168,25.077,14.9066,0.1775,0.21,0.1988,539.24,84.5925,85.08,85.3275,82.29,83.415,82.035,43.0891,519.48,20.3576,520,488.84
72.035,32.985,9.611,4.083,12.303,45.282,25.198,14.9066,0.1777,0.21,0.1988,539.24,84.5775,85.065,85.32,82.305,83.475,81.99,43.095,519.45,20.358,520,488.84
72.0331,32.985,9.611,4.083,12.303,45.24,25.198,14.9066,0.1777,0.21,0.1988,539.24,84.5775,85.065,85.32,82.305,83.475,81.99,43.101,519.42,20.3584,520,488.84
72.0312,32.985,9.612,4.128,12.303,45.15,25.1925,14.9066,0.1782,0.2102,0.1989,539.2,84.54,85.11,85.335,82.275,83.4525,82.035,43.1033,519.42,20.3588,520,488.84
72.0294,32.985,9.614,4.141,12.303,45.066,25.1485,14.9066,0.1782,0.2102,0.1989,539.2,84.51,85.0875,85.3575,82.23,83.43,82.0575,43.1057,519.42,20.3442,520,488.84
72.0275,32.985,9.614,4.141,12.303,45.084,25.1485,14.9066,0.1782,0.2102,0.1989,539.2,84.51,85.0875,85.3575,82.23,83.43,82.0575,43.108,519.42,20.3441,520,488.84
72.0256,32.985,9.615,4.121,12.303,45.084,25.1155,14.9066,0.1779,0.2102,0.1989,539.2,84.525,85.0875,85.335,82.2525,83.445,82.035,43.1104,519.42,20.3441,520,488.81
72.0237,32.985,9.615,4.121,12.303,45.072,25.1155,14.9066,0.1779,0.2102,0.1989,539.2,84.525,85.0875,85.335,82.2525,83.445,82.035,43.1164,519.39,20.359,520,488.81
72.0219,32.985,9.616,4.112,12.303,44.982,25.11,14.9066,0.1779,0.2103,0.199,539.16,84.525,85.05,85.3425,82.3425,83.4075,81.975,43.1264,519.33,20.3594,520,488.81
72.02,32.985,9.618,4.112,12.303,44.868,25.033,14.9066,0.178,0.2103,0.1991,539.12,84.495,85.0725,85.3275,82.32,83.445,81.93,43.1329,519.3,20.3598,520,488.81
72.0181,32.985,9.62,4.117,12.303,44.832,24.989,14.9066,0.178,0.2103,0.1992,539.08,84.465,85.08,85.335,82.335,83.49,81.885,43.1357,519.3,20.3603,520,488.81
72.0162,32.985,9.619,4.094,12.303,45.12,25.0605,14.9066,0.1775,0.2099,0.1988,539.04,84.5175,85.125,85.35,82.35,83.475,81.9225,43.1423,519.27,20.3607,520,488.81
71.9637,32.98,9.617,4.082,12.303,45.258,25.143,14.9066,0.1776,0.2098,0.1986,539.08,84.4875,85.11,85.3725,82.3575,83.4975,81.96,43.1377,519.33,20.3611,520,488.81
71.9612,32.98,9.613,4.093,12.303,45.378,25.209,14.9066,0.1778,0.2098,0.1985,539.12,84.4875,85.155,85.32,82.335,83.475,81.945,43.1367,519.36,20.3615,520,488.81
71.9587,32.98,9.61,4.114,12.303,45.492,25.275,14.9066,0.178,0.2097,0.1984,539.2,84.5325,85.1775,85.35,82.2825,83.46,81.9975,43.1318,519.42,20.3469,520,488.81
71.9562,32.98,9.61,4.114,12.303,45.594,25.341,14.9066,0.178,0.2097,0.1984,539.2,84.585,85.1625,85.3725,82.29,83.49,82.0125,43.1303,519.45,20.3468,520,488.81
71.9537,32.98,9.607,4.137,12.303,45.648,25.385,14.9066,0.1782,0.2096,0.1984,539.24,84.63,85.155,85.32,82.32,83.475,82.0575,43.1251,519.51,20.3467,520,488.81
71.9512,32.98,9.603,4.172,12.303,45.678,25.4125,14.9066,0.1784,0.2096,0.1983,539.36,84.63,85.1475,85.29,82.275,83.5275,82.065,43.1195,519.57,20.3467,520,488.78
71.9993,32.985,9.601,4.179,12.303,45.696,25.429,14.9066,0.1785,0.2095,0.1983,539.4,84.6675,85.1175,85.32,82.2825,83.5125,82.11,43.1175,519.6,20.3466,520,488.78
71.9975,32.985,9.6,4.183,12.303,45.678,25.4345,14.9066,0.1785,0.2095,0.1983,539.44,84.675,85.125,85.335,82.29,83.4675,82.125,43.1116,519.66,20.3465,520,488.78
71.9956,32.985,9.599,4.184,12.303,45.66,25.4345,14.9066,0.1785,0.2096,0.1983,539.48,84.6975,85.1025,85.3425,82.305,83.46,82.11,43.1055,519.72,20.3464,520,488.78
71.9937,32.985,9.599,4.181,12.302,45.654,25.429,14.9066,0.1784,0.2096,0.1984,539.52,84.7125,85.0575,85.2975,82.335,83.4675,82.14,43.1028,519.75,20.3464,520,488.78
71.9918,32.985,9.599,4.177,12.302,45.63,25.4235,14.9066,0.1784,0.2096,0.1984,539.56,84.69,85.0275,85.29,82.2975,83.4225,82.0725,43.1001,519.78,20.3463,520,488.78
71.99,32.985,9.599,4.174,12.302,45.606,25.4125,14.9066,0.1784,0.2096,0.1984,539.6,84.69,85.0875,85.275,82.3425,83.445,82.095,43.0935,519.84,20.3462,520,488.78
72.0387,32.99,9.599,4.17,12.302,45.6,25.407,14.9066,0.1783,0.2097,0.1984,539.64,84.7275,85.05,85.275,82.3725,83.4225,82.065,43.0941,519.84,20.3461,520,488.78
72.0374,32.99,9.599,4.167,12.302,45.576,25.4015,14.9066,0.1783,0.2096,0.1984,539.64,84.6675,85.0575,85.2525,82.3725,83.415,82.095,43.0948,519.84,20.3461,520,488.78
72.0362,32.99,9.599,4.166,12.302,45.528,25.385,14.9066,0.1783,0.2097,0.1984,539.68,84.6225,85.0575,85.29,82.3875,83.4675,82.095,43.0879,519.9,20.346,520,488.78
72.0349,32.99,9.599,4.163,12.302,45.534,25.374,14.9066,0.1782,0.2097,0.1985,539.68,84.6,85.0875,85.3425,82.41,83.4375,82.0575,43.0921,519.87,20.3459,520,488.78
72.0337,32.99,9.6,4.159,12.302,45.492,25.363,14.9066,0.1782,0.2098,0.1985,539.72,84.5625,85.125,85.3275,82.4175,83.4075,82.0125,43.0851,519.93,20.3458,520,488.78
72.0324,32.99,9.6,4.155,12.302,45.51,25.3575,14.9066,0.1782,0.2098,0.1985,539.68,84.6075,85.1475,85.3275,82.3875,83.4375,81.9825,43.0929,519.87,20.3458,520,488.78
72.0312,32.99,9.601,4.154,12.302,45.45,25.352,14.9066,0.1782,0.2099,0.1986,539.64,84.585,85.1775,85.305,82.4175,83.4,82.005,43.0971,519.84,20.3457,520,488.78
72.0299,32.99,9.602,4.155,12.302,45.378,25.3245,14.9066,0.1784,0.2099,0.1988,539.56,84.63,85.1625,85.35,82.455,83.43,81.9825,43.1053,519.78,20.3456,520,488.78
72.0287,32.99,9.605,4.159,12.302,45.204,25.253,14.9066,0.1779,0.2097,0.1984,539.6,84.675,85.185,85.32,82.4025,83.4075,82.005,43.1024,519.81,20.3455,520,488.78
72.0274,32.99,9.601,4.136,12.302,45.612,25.341,14.9066,0.1776,0.2094,0.1982,539.6,84.6225,85.2075,85.3275,82.4175,83.46,81.96,43.1032,519.81,20.3454,520,488.78
72.0262,32.99,9.598,4.118,12.302,45.762,25.44,14.9066,0.1777,0.2094,0.1981,539.64,84.585,85.1625,85.3275,82.4475,83.4525,81.945,43.1002,519.84,20.3454,520,488.78
72.0249,32.99,9.594,4.127,12.302,45.906,25.528,14.9066,0.1779,0.2093,0.198,539.64,84.63,85.14,85.3575,82.4475,83.4375,81.9825,43.0971,519.87,20.3453,520,488.78
72.0237,32.99,9.591,4.153,12.302,45.978,25.5995,14.9066,0.1782,0.2093,0.1979,539.72,84.6075,85.155,85.3125,82.44,83.4825,81.9525,43.0901,519.93,20.3452,520,488.78
72.0224,32.99,9.588,4.18,12.302,46.038,25.6435,14.9066,0.1785,0.2092,0.1979,539.72,84.615,85.17,85.3425,82.4325,83.49,81.9225,43.0904,519.93,20.3451,520,488.78
72.0718,32.995,9.587,4.201,12.302,46.038,25.6655,14.9066,0.1786,0.2093,0.198,539.8,84.645,85.125,85.2975,82.3725,83.535,81.9675,43.0794,520.02,20.3451,520,488.78
72.0712,32.995,9.586,4.212,12.302,46.026,25.66,14.9066,0.1787,0.2093,0.198,539.84,84.675,85.11,85.26,82.41,83.49,81.9225,43.0793,520.02,20.345,520,488.78
72.0705,32.995,9.586,4.216,12.302,45.954,25.649,14.9066,0.1787,0.2094,0.1981,539.88,84.6525,85.1475,85.2225,82.365,83.52,81.9375,43.0717,520.08,20.3449,520,488.78
72.1206,33,9.586,4.214,12.302,45.882,25.616,14.9066,0.1786,0.2093,0.1982,539.88,84.63,85.1025,85.2525,82.395,83.5275,81.96,43.0714,520.08,20.3448,520,488.78
72.1206,33,9.588,4.208,12.302,45.798,25.583,14.9066,0.1785,0.2094,0.1982,539.96,84.6075,85.095,85.215,82.3725,83.5275,81.9825,43.0636,520.14,20.3448,520,488.78
72.1206,33,9.588,4.196,12.302,45.768,25.5445,14.9066,0.1784,0.2094,0.1983,539.96,84.5925,85.0875,85.2675,82.41,83.49,82.005,43.063,520.14,20.3447,520,488.78
72.1206,33,9.59,4.185,12.302,45.696,25.517,14.9066,0.1783,0.2095,0.1983,540,84.6225,85.11,85.2825,82.4175,83.49,82.0425,43.0587,520.17,20.3446,520,488.78
72.1206,33,9.591,4.176,12.302,45.66,25.4895,14.9066,0.1782,0.2096,0.1984,540,84.645,85.0875,85.2975,82.3575,83.52,82.0725,43.0542,520.2,20.3445,520,488.81
72.1206,33,9.592,4.167,12.302,45.63,25.462,14.9066,0.1782,0.2097,0.1984,539.96,84.5925,85.0875,85.3125,82.38,83.4675,82.065,43.0572,520.17,20.3445,520,488.81
72.1206,33,9.594,4.164,12.302,45.552,25.44,14.9066,0.1783,0.2099,0.1986,539.92,84.57,85.125,85.29,82.41,83.49,82.02,43.064,520.11,20.3444,520,488.81
72.1206,33,9.597,4.165,12.302,45.384,25.374,14.9066,0.1784,0.2101,0.1988,539.84,84.5925,85.14,85.32,82.3875,83.49,82.02,43.0711,520.05,20.3443,520,488.81
72.1206,33,9.602,4.167,12.302,45.138,25.275,14.9066,0.1785,0.2103,0.1991,539.76,84.6375,85.1325,85.3575,82.3875,83.4825,82.0275,43.0822,519.96,20.3442,520,488.81
72.1712,33.005,9.608,4.16,12.302,44.898,25.154,14.9066,0.1782,0.2105,0.1992,539.68,84.66,85.1475,85.3575,82.4175,83.5125,82.035,43.0936,519.87,20.3441,520,488.81
72.1212,33,9.613,4.136,12.302,44.79,25.066,14.9066,0.178,0.2106,0.1993,539.56,84.675,85.1475,85.38,82.44,83.4825,82.0575,43.1091,519.75,20.3441,520,488.81
72.1212,33,9.618,4.107,12.303,44.658,24.9835,14.9066,0.1777,0.2107,0.1995,539.4,84.66,85.095,85.38,82.41,83.4975,82.0575,43.1252,519.63,20.344,520,488.81
72.1212,33,9.622,4.085,12.303,44.526,24.9065,14.9066,0.1774,0.2105,0.1993,539.28,84.615,85.0425,85.3575,82.4325,83.505,82.05,43.1417,519.51,20.3439,520,488.81
72.1212,33,9.622,4.058,12.303,44.754,24.934,14.9066,0.177,0.2102,0.199,539.24,84.63,85.0275,85.305,82.425,83.4975,81.99,43.1474,519.48,20.3589,520,488.81
72.0705,32.995,9.62,4.038,12.303,45.006,25.0275,14.9066,0.1771,0.2102,0.1989,539.2,84.66,85.08,85.305,82.3725,83.5425,81.9975,43.1571,519.42,20.3593,520,488.81
72.0699,32.995,9.617,4.048,12.303,45.156,25.121,14.9066,0.1775,0.2101,0.1988,539.16,84.645,85.11,85.2975,82.365,83.565,82.035,43.1632,519.39,20.3597,520,488.78
72.0187,32.99,9.615,4.082,12.303,45.21,25.1815,14.9066,0.1779,0.2101,0.1988,539.16,84.615,85.125,85.32,82.38,83.6025,82.02,43.1656,519.39,20.3601,520,488.78
72.0174,32.99,9.614,4.12,12.304,45.228,25.2035,14.9066,0.1782,0.2099,0.1988,539.16,84.615,85.1625,85.275,82.3875,83.5875,82.0575,43.1681,519.39,20.3605,520,488.78
72.0162,32.99,9.613,4.144,12.304,45.246,25.22,14.9066,0.178,0.2096,0.1984,539.24,84.6375,85.185,85.2675,82.3425,83.6175,82.05,43.163,519.45,20.361,520,488.78
72.0149,32.99,9.608,4.139,12.304,45.606,25.3245,14.9066,0.1778,0.2093,0.1981,539.32,84.6375,85.215,85.2975,82.38,83.565,82.065,43.1502,519.57,20.3463,520,488.78
72.0137,32.99,9.601,4.129,12.304,45.912,25.4675,14.9066,0.1777,0.2091,0.1978,539.48,84.585,85.245,85.2825,82.3575,83.565,82.065,43.1369,519.69,20.3463,520,488.78
72.0124,32.99,9.594,4.138,12.304,46.188,25.6215,14.9066,0.178,0.2089,0.1976,539.56,84.615,85.2225,85.2675,82.395,83.5875,82.0725,43.1269,519.78,20.3462,520,488.78
72.0618,32.995,9.587,4.167,12.304,46.38,25.759,14.9066,0.1783,0.2087,0.1975,539.72,84.6525,85.1925,85.32,82.3425,83.61,82.095,43.1128,519.9,20.3461,520,488.78
72.0612,32.995,9.581,4.203,12.304,46.524,25.8635,14.9066,0.1786,0.2086,0.1974,539.84,84.615,85.1775,85.32,82.38,83.6325,82.11,43.0944,520.05,20.346,520,488.78
72.0605,32.995,9.576,4.233,12.304,46.626,25.9405,14.9066,0.1788,0.2085,0.1973,540,84.6675,85.1625,85.2975,82.3425,83.5875,82.1025,43.0754,520.2,20.346,520,488.78
72.1105,33,9.572,4.254,12.304,46.704,25.9955,14.9066,0.179,0.2085,0.1973,540.16,84.6225,85.1925,85.2675,82.32,83.5875,82.095,43.0558,520.35,20.3459,520,488.78
72.1105,33,9.568,4.266,12.303,46.74,26.0395,14.9066,0.179,0.2086,0.1973,540.28,84.5775,85.2075,85.2525,82.2975,83.6175,82.035,43.0394,520.47,20.3458,520,488.78
72.1612,33.005,9.565,4.275,12.303,46.722,26.067,14.9066,0.1791,0.2086,0.1973,540.36,84.57,85.2,85.2375,82.26,83.595,82.08,43.0299,520.53,20.3457,520,488.78
72.1618,33.005,9.564,4.28,12.303,46.644,26.067,14.9066,0.1791,0.2086,0.1974,540.44,84.585,85.1925,85.2825,82.2825,83.595,82.035,43.0165,520.62,20.3457,520,488.78
72.213,33.01,9.563,4.279,12.303,46.554,26.0395,14.9066,0.1791,0.2088,0.1975,540.52,84.5475,85.185,85.32,82.3125,83.6325,82.0725,43.0065,520.68,20.3456,520,488.81
72.2143,33.01,9.564,4.273,12.303,46.446,25.9955,14.9066,0.179,0.209,0.1977,540.52,84.5325,85.155,85.32,82.35,83.5725,82.035,43,520.71,20.3455,520,488.81
72.2662,33.015,9.566,4.263,12.303,46.284,25.935,14.9066,0.1789,0.2092,0.1979,540.52,84.495,85.125,85.29,82.3425,83.5875,82.0725,43.0009,520.68,20.3454,520,488.81
72.2681,33.015,9.57,4.251,12.303,46.092,25.847,14.9066,0.1788,0.2093,0.1981,540.48,84.5475,85.17,85.2525,82.3125,83.625,82.08,43.0019,520.65,20.3453,520,488.81
72.2699,33.015,9.574,4.236,12.302,45.882,25.7425,14.9066,0.1787,0.2094,0.1983,540.44,84.5475,85.1175,85.26,82.3275,83.5875,82.0725,42.9993,520.65,20.3453,520,488.81
72.3224,33.02,9.578,4.215,12.302,45.702,25.6325,14.9066,0.1785,0.2097,0.1985,540.4,84.5625,85.11,85.305,82.3425,83.565,82.095,43.0042,520.59,20.3452,520,488.81
72.3249,33.02,9.584,4.192,12.302,45.504,25.517,14.9066,0.1784,0.21,0.1987,540.36,84.5325,85.0875,85.3425,82.305,83.5725,82.08,43.0093,520.53,20.3451,520,488.81
72.3274,33.02,9.59,4.171,12.302,45.276,25.396,14.9066,0.1783,0.2102,0.199,540.2,84.54,85.14,85.3275,82.2675,83.565,82.1175,43.026,520.38,20.345,520,488.84
72.3299,33.02,9.599,4.154,12.302,44.958,25.253,14.9066,0.1778,0.21,0.1988,540.08,84.54,85.17,85.3725,82.275,83.595,82.065,43.0357,520.29,20.345,520,488.84
72.2818,33.015,9.599,4.115,12.303,45.216,25.253,14.9066,0.1773,0.2099,0.1987,540,84.57,85.2,85.38,82.2975,83.5725,82.035,43.0458,520.2,20.3449,520,488.84
72.2837,33.015,9.599,4.078,12.303,45.348,25.3025,14.9066,0.1772,0.21,0.1987,539.92,84.555,85.2,85.365,82.3275,83.58,82.0575,43.0563,520.11,20.3448,520,488.84
72.2856,33.015,9.6,4.077,12.303,45.342,25.33,14.9066,0.1776,0.21,0.1988,539.8,84.51,85.23,85.3275,82.2825,83.61,82.0725,43.0671,520.02,20.3447,520,488.84
72.2368,33.01,9.602,4.103,12.303,45.222,25.3025,14.9066,0.178,0.2101,0.1989,539.72,84.555,85.245,85.2975,82.275,83.5725,82.0725,43.0783,519.93,20.3447,520,488.84
72.2381,33.01,9.605,4.129,12.303,45.102,25.242,14.9066,0.1781,0.2102,0.199,539.68,84.5475,85.245,85.2525,82.3275,83.52,82.0425,43.0861,519.87,20.3446,520,488.84
72.2393,33.01,9.608,4.136,12.303,45.018,25.1815,14.9066,0.1777,0.2099,0.1986,539.64,84.5325,85.185,85.26,82.3425,83.49,82.0275,43.0904,519.84,20.3445,520,488.84
72.2406,33.01,9.605,4.112,12.304,45.384,25.264,14.9066,0.1775,0.2098,0.1985,539.56,84.5025,85.2,85.2225,82.3725,83.5275,82.065,43.0985,519.78,20.3444,520,488.84
72.2418,33.01,9.603,4.095,12.304,45.504,25.3575,14.9066,0.1775,0.2097,0.1984,539.6,84.4875,85.2075,85.2,82.395,83.565,82.1025,43.0956,519.81,20.3444,520,488.84
72.1925,33.005,9.601,4.106,12.304,45.576,25.407,14.9152,0.1778,0.2096,0.1984,539.6,84.4575,85.1925,85.1925,82.38,83.52,82.0575,43.0927,519.84,20.3443,520,488.84
72.1931,33.005,9.599,4.129,12.304,45.624,25.44,14.9155,0.1781,0.2096,0.1984,539.64,84.495,85.14,85.2225,82.4025,83.52,82.08,43.0933,519.84,20.3442,520,488.84
72.1937,33.005,9.598,4.152,12.305,45.654,25.4675,14.9158,0.1783,0.2096,0.1984,539.64,84.525,85.14,85.23,82.35,83.4825,82.0425,43.0902,519.87,20.3441,520,488.84
72.1943,33.005,9.597,4.167,12.307,45.66,25.4675,14.9074,0.1784,0.2097,0.1984,539.68,84.5325,85.14,85.2,82.2975,83.445,81.9975,43.0907,519.87,20.344,520,488.84
72.195,33.005,9.597,4.175,12.307,45.636,25.462,14.9074,0.1784,0.2098,0.1984,539.64,84.54,85.1175,85.23,82.3425,83.4375,82.05,43.0912,519.87,20.344,520,488.84
72.1956,33.005,9.598,4.176,12.306,45.576,25.44,14.9074,0.1784,0.2098,0.1985,539.64,84.54,85.155,85.2,82.3875,83.445,81.9975,43.0955,519.84,20.3439,520,488.84
72.2468,33.01,9.599,4.175,12.304,45.492,25.407,14.9074,0.1784,0.2098,0.1986,539.64,84.5625,85.11,85.1775,82.335,83.49,81.9525,43.0962,519.84,20.3438,520,488.84
72.2481,33.01,9.601,4.17,12.305,45.384,25.352,14.916,0.1784,0.21,0.1988,539.64,84.585,85.155,85.2,82.305,83.4675,81.9525,43.0968,519.84,20.3437,520,488.84
72.2493,33.01,9.605,4.163,12.305,45.258,25.286,14.9163,0.1784,0.2102,0.199,539.56,84.63,85.17,85.2375,82.35,83.43,81.96,43.105,519.78,20.3437,520,488.84
72.2506,33.01,9.609,4.156,12.305,45.054,25.198,14.9166,0.1784,0.2105,0.1992,539.48,84.615,85.1325,85.2675,82.3725,83.4075,81.9375,43.1171,519.69,20.3436,520,488.84
72.2012,33.005,9.615,4.149,12.307,44.784,25.0715,14.9083,0.1784,0.2107,0.1994,539.36,84.615,85.155,85.2225,82.395,83.43,81.9825,43.1297,519.6,20.3435,520,488.84
72.2019,33.005,9.621,4.134,12.307,44.562,24.9395,14.9083,0.1782,0.211,0.1997,539.24,84.6,85.17,85.215,82.425,83.4375,81.96,43.1501,519.45,20.3434,520,488.81
72.2025,33.005,9.628,4.111,12.306,44.328,24.8075,14.9083,0.1777,0.2107,0.1996,539.08,84.5625,85.155,85.2225,82.365,83.4,81.93,43.1673,519.33,20.3434,520,488.81
72.2031,33.005,9.63,4.072,12.304,44.46,24.791,14.9083,0.1769,0.2102,0.199,539.04,84.6,85.185,85.2525,82.3725,83.385,81.8925,43.1776,519.27,20.3433,520,488.81
72.1531,33,9.624,4.021,12.305,45.018,24.956,14.9083,0.1765,0.2098,0.1986,539.04,84.615,85.1325,85.23,82.38,83.3625,81.9,43.1805,519.27,20.3432,520,488.81
72.1531,33,9.616,4.004,12.305,45.444,25.1705,14.9083,0.1767,0.2094,0.1982,539.12,84.6375,85.11,85.26,82.41,83.3475,81.8625,43.1722,519.36,20.3431,520,488.81
72.1025,32.995,9.607,4.04,12.305,45.846,25.385,14.9169,0.1773,0.209,0.1978,539.24,84.675,85.1325,85.2525,82.38,83.3475,81.8625,43.1597,519.48,20.3431,520,488.81
72.1018,32.995,9.597,4.102,12.305,46.23,25.605,14.9172,0.1779,0.2087,0.1974,539.44,84.72,85.155,85.23,82.3425,83.4075,81.9075,43.1393,519.66,20.343,520,488.81
72.1012,32.995,9.587,4.163,12.305,46.584,25.8085,14.9174,0.1784,0.2085,0.1972,539.6,84.7425,85.1175,85.245,82.365,83.415,81.9225,43.1219,519.81,20.3429,520,488.81
72.1006,32.995,9.578,4.214,12.307,46.854,25.9845,14.9091,0.1787,0.2082,0.197,539.76,84.765,85.095,85.2075,82.41,83.4375,81.9675,43.1001,519.99,20.3428,520,488.81
72.1506,33,9.57,4.254,12.307,47.016,26.1165,14.9091,0.179,0.2082,0.1969,540,84.735,85.125,85.1775,82.425,83.43,81.99,43.0738,520.2,20.3428,520,488.81
72.1506,33,9.562,4.281,12.306,47.154,26.2045,14.9091,0.1792,0.208,0.1968,540.2,84.6975,85.0875,85.17,82.3875,83.415,82.0275,43.0505,520.38,20.3427,520,488.81
72.2012,33.005,9.557,4.301,12.304,47.19,26.2815,14.9091,0.1793,0.2082,0.1968,540.36,84.7125,85.0575,85.215,82.4025,83.43,81.9975,43.0264,520.56,20.3426,520,488.81
72.2524,33.01,9.553,4.315,12.304,47.19,26.32,14.9091,0.1794,0.2082,0.1969,540.48,84.6675,85.05,85.2225,82.395,83.445,82.0425,43.0129,520.65,20.3425,520,488.81
72.2537,33.01,9.551,4.326,12.304,47.088,26.331,14.9091,0.1795,0.2083,0.1971,540.56,84.645,85.1025,85.1925,82.395,83.4375,82.0425,42.999,520.74,20.3424,520,488.81
72.3056,33.015,9.551,4.329,12.304,46.932,26.287,14.9091,0.1795,0.2085,0.1973,540.64,84.6375,85.08,85.2075,82.4025,83.46,82.035,42.9885,520.8,20.3424,520,488.81
72.3581,33.02,9.552,4.324,12.304,46.74,26.2155,14.9091,0.1794,0.2086,0.1974,540.72,84.615,85.0575,85.23,82.3575,83.4975,82.0125,42.9777,520.86,20.3423,520,488.84
72.3606,33.02,9.555,4.309,12.303,46.548,26.122,14.9091,0.1793,0.2089,0.1976,540.72,84.585,85.08,85.2075,82.3725,83.4975,82.05,42.9705,520.89,20.3422,520,488.84
72.4137,33.025,9.559,4.288,12.303,46.332,26.0175,14.9091,0.179,0.2092,0.1979,540.76,84.5475,85.0425,85.26,82.3275,83.46,82.0725,42.9631,520.92,20.3421,520,488.84
72.4168,33.025,9.563,4.263,12.303,46.11,25.8965,14.9091,0.1789,0.2094,0.1982,540.68,84.5625,85.0725,85.2525,82.3575,83.4375,82.1025,42.9707,520.83,20.3421,520,488.84
72.42,33.025,9.57,4.239,12.303,45.828,25.7645,14.9091,0.1788,0.2097,0.1985,540.6,84.615,85.11,85.305,82.3725,83.4675,82.125,42.9749,520.77,20.342,520,488.84
72.4231,33.025,9.578,4.217,12.303,45.486,25.5885,14.9091,0.1786,0.2101,0.1988,540.52,84.585,85.095,85.3125,82.3875,83.49,82.1475,42.983,520.68,20.3419,520,488.84
72.4262,33.025,9.586,4.189,12.303,45.192,25.418,14.9091,0.1784,0.2104,0.1992,540.32,84.585,85.0875,85.3425,82.395,83.5125,82.11,42.9991,520.53,20.3418,520,488.87
72.4293,33.025,9.596,4.158,12.303,44.832,25.231,14.9091,0.1782,0.2108,0.1995,540.12,84.555,85.08,85.32,82.41,83.535,82.1175,43.0232,520.32,20.3418,520,488.87
72.4325,33.025,9.607,4.127,12.303,44.454,25.033,14.9091,0.1779,0.211,0.1999,539.88,84.5325,85.1175,85.2975,82.4325,83.49,82.1475,43.052,520.08,20.3417,520,488.87
72.4356,33.025,9.618,4.092,12.303,44.1,24.8295,14.9091,0.1767,0.2103,0.1991,539.68,84.495,85.125,85.305,82.38,83.505,82.1475,43.078,519.87,20.3416,520,488.87
72.3881,33.02,9.613,4.012,12.304,44.94,24.989,14.9091,0.1758,0.2098,0.1985,539.56,84.5325,85.095,85.2675,82.3725,83.55,82.1475,43.0935,519.75,20.3415,520,488.87
72.34,33.015,9.606,3.955,12.304,45.456,25.231,14.9091,0.1759,0.2095,0.1982,539.52,84.51,85.11,85.3125,82.3425,83.5425,82.095,43.0983,519.72,20.3415,520,488.87
72.2912,33.01,9.599,3.985,12.304,45.774,25.4455,14.9091,0.1769,0.2094,0.1981,539.52,84.4875,85.14,85.2975,82.32,83.5425,82.065,43.0957,519.75,20.3414,520,488.87
72.2925,33.01,9.593,4.071,12.304,45.936,25.5885,14.9091,0.1779,0.2093,0.1979,539.56,84.5325,85.14,85.2825,82.35,83.5725,82.08,43.0929,519.78,20.3413,520,488.87
72.2937,33.01,9.588,4.153,12.304,46.068,25.6875,14.9091,0.1784,0.2091,0.1979,539.6,84.57,85.1775,85.3125,82.3275,83.55,82.095,43.09,519.81,20.3412,520,488.87
72.295,33.01,9.585,4.204,12.305,46.152,25.7535,14.9177,0.1787,0.209,0.1978,539.68,84.525,85.2,85.3575,82.35,83.58,82.1325,43.0795,519.9,20.3412,520,488.87
72.2962,33.01,9.582,4.225,12.305,46.194,25.7865,14.918,0.1787,0.209,0.1978,539.76,84.555,85.2,85.335,82.3125,83.6175,82.0875,43.0687,519.99,20.3411,520,488.87
72.3481,33.015,9.58,4.229,12.305,46.206,25.7975,14.9183,0.1787,0.2091,0.1979,539.84,84.57,85.1925,85.29,82.2975,83.5875,82.11,43.0612,520.05,20.341,520,488.87
72.35,33.015,9.58,4.226,12.307,46.17,25.781,14.9099,0.1787,0.2092,0.1979,539.92,84.615,85.2075,85.2975,82.3275,83.55,82.1175,43.0535,520.11,20.3409,520,488.87
72.3519,33.015,9.581,4.225,12.307,46.086,25.748,14.9099,0.1787,0.2093,0.198,539.96,84.615,85.155,85.32,82.365,83.505,82.08,43.0455,520.17,20.3408,520,488.87
72.3538,33.015,9.582,4.221,12.307,45.972,25.693,14.9099,0.1787,0.2094,0.1982,540,84.6225,85.1175,85.335,82.3125,83.4525,82.0425,43.0448,520.17,20.3408,520,488.87
72.3556,33.015,9.584,4.215,12.305,45.846,25.638,14.9099,0.1787,0.2095,0.1983,539.96,84.6,85.095,85.32,82.32,83.505,82.02,43.0442,520.17,20.3407,520,488.87
72.4081,33.02,9.587,4.207,12.305,45.69,25.5665,14.9099,0.1786,0.2098,0.1985,540,84.6375,85.11,85.29,82.305,83.5125,82.05,43.0397,520.2,20.3406,520,488.87
72.4107,33.02,9.591,4.194,12.305,45.546,25.484,14.9099,0.1786,0.21,0.1988,539.92,84.6675,85.0875,85.2675,82.26,83.49,82.0725,43.0502,520.11,20.3405,520,488.87
72.4132,33.02,9.597,4.183,12.305,45.246,25.363,14.9185,0.1785,0.2102,0.199,539.84,84.6675,85.095,85.2975,82.2675,83.505,82.0275,43.0572,520.05,20.3405,520,488.87
72.4157,33.02,9.603,4.169,12.305,44.988,25.2255,14.9188,0.1781,0.2102,0.1989,539.8,84.63,85.095,85.29,82.2225,83.52,82.05,43.0646,519.99,20.3404,520,488.87
72.3675,33.015,9.605,4.131,12.305,45.138,25.209,14.9191,0.1776,0.21,0.1989,539.72,84.585,85.11,85.3275,82.245,83.55,82.0425,43.0759,519.9,20.3403,520,488.87
72.3694,33.015,9.606,4.096,12.307,45.156,25.2035,14.9108,0.1773,0.2098,0.1986,539.68,84.585,85.1325,85.3125,82.2075,83.5575,82.0125,43.0763,519.9,20.3402,520,488.87
72.3713,33.015,9.603,4.076,12.307,45.426,25.275,14.9108,0.1773,0.2098,0.1985,539.64,84.5775,85.17,85.3275,82.23,83.595,82.0275,43.0804,519.87,20.3402,520,488.87
72.3225,33.01,9.602,4.082,12.307,45.504,25.3465,14.9108,0.1776,0.2098,0.1985,539.64,84.615,85.215,85.305,82.2,83.61,81.975,43.081,519.87,20.3401,520,488.87
72.3238,33.01,9.601,4.111,12.306,45.522,25.3795,14.9108,0.1781,0.2098,0.1986,539.6,84.5775,85.155,85.29,82.2375,83.595,81.945,43.0852,519.84,20.34,520,488.87
72.325,33.01,9.602,4.145,12.306,45.414,25.363,14.9108,0.1784,0.21,0.1987,539.6,84.5625,85.155,85.32,82.2,83.58,81.9225,43.0859,519.84,20.3399,520,488.87
72.3263,33.01,9.604,4.166,12.306,45.312,25.3135,14.9108,0.1785,0.2101,0.1989,539.56,84.54,85.1625,85.2975,82.2375,83.61,81.96,43.0941,519.78,20.3399,520,488.87
72.3275,33.01,9.608,4.171,12.306,45.09,25.2255,14.9108,0.1781,0.2098,0.1985,539.56,84.525,85.185,85.3275,82.2525,83.64,81.99,43.0949,519.78,20.3398,520,488.87
72.3288,33.01,9.604,4.139,12.306,45.492,25.297,14.9108,0.1776,0.2096,0.1983,539.56,84.51,85.1625,85.365,82.2975,83.6775,81.945,43.0958,519.78,20.3397,520,488.87
72.2794,33.005,9.601,4.108,12.306,45.684,25.396,14.9108,0.1776,0.2095,0.1983,539.56,84.555,85.155,85.3575,82.335,83.685,81.96,43.0967,519.78,20.3396,520,488.87
72.2801,33.005,9.598,4.113,12.306,45.738,25.462,14.9108,0.1779,0.2095,0.1982,539.6,84.5475,85.2,85.3725,82.32,83.6775,81.9675,43.0938,519.81,20.3395,520,488.87
72.2807,33.005,9.596,4.14,12.306,45.768,25.5005,14.9108,0.1782,0.2095,0.1983,539.6,84.585,85.1475,85.3725,82.32,83.67,81.93,43.0946,519.81,20.3395,520,488.87
72.2813,33.005,9.595,4.167,12.306,45.762,25.517,14.9108,0.1784,0.2095,0.1983,539.64,84.54,85.1025,85.41,82.32,83.625,81.9375,43.0916,519.84,20.3394,520,488.87
72.2819,33.005,9.595,4.185,12.306,45.732,25.5115,14.9108,0.1785,0.2095,0.1983,539.68,84.5475,85.0575,85.4325,82.3425,83.6175,81.9675,43.0885,519.87,20.3393,520,488.87
72.2826,33.005,9.595,4.189,12.306,45.714,25.4895,14.9108,0.1785,0.2096,0.1984,539.68,84.585,85.0575,85.38,82.3425,83.6025,81.9975,43.0853,519.9,20.3392,520,488.87
72.2832,33.005,9.596,4.186,12.306,45.666,25.4675,14.9108,0.1785,0.2097,0.1984,539.68,84.54,85.08,85.4175,82.3575,83.5725,82.05,43.0857,519.9,20.3392,520,488.87
72.2838,33.005,9.597,4.181,12.306,45.588,25.44,14.9108,0.1785,0.2098,0.1986,539.68,84.5625,85.0875,85.41,82.305,83.61,82.02,43.0861,519.9,20.3391,520,488.87
72.2844,33.005,9.599,4.177,12.306,45.444,25.3795,14.9108,0.1784,0.2099,0.1986,539.72,84.6,85.125,85.35,82.275,83.6025,82.02,43.0827,519.93,20.339,520,488.87
72.2851,33.005,9.601,4.168,12.306,45.402,25.3355,14.9108,0.1784,0.2099,0.1988,539.68,84.6075,85.17,85.35,82.2825,83.5425,82.05,43.0868,519.9,20.3389,520,488.87
72.2857,33.005,9.604,4.159,12.306,45.234,25.275,14.9108,0.1782,0.2101,0.1988,539.68,84.6,85.185,85.3575,82.3125,83.49,82.005,43.0909,519.87,20.3389,520,488.87
72.2863,33.005,9.606,4.146,12.306,45.216,25.231,14.9108,0.1781,0.2102,0.1989,539.6,84.6,85.1325,85.38,82.29,83.4975,82.0275,43.0952,519.84,20.3388,520,488.87
72.2869,33.005,9.609,4.134,12.306,45.108,25.1815,14.9108,0.1781,0.2103,0.1991,539.56,84.6375,85.1475,85.395,82.2975,83.5425,82.0425,43.1071,519.75,20.3537,520,488.84
72.2876,33.005,9.613,4.129,12.306,44.946,25.1155,14.9108,0.1782,0.2106,0.1993,539.44,84.5925,85.11,85.3875,82.3425,83.565,82.065,43.1194,519.66,20.3542,520,488.84
72.2882,33.005,9.618,4.125,12.306,44.736,25.0165,14.9108,0.1782,0.2107,0.1995,539.32,84.63,85.1025,85.4025,82.29,83.5275,82.0575,43.1358,519.54,20.3546,520,488.84
72.2888,33.005,9.624,4.118,12.306,44.508,24.901,14.9108,0.1775,0.2102,0.1989,539.24,84.6675,85.125,85.425,82.29,83.5575,82.05,43.1452,519.48,20.355,520,488.84
72.2388,33,9.619,4.075,12.306,45.072,25.011,14.9108,0.1769,0.2098,0.1986,539.2,84.645,85.0875,85.455,82.2675,83.5425,82.0425,43.1548,519.42,20.3554,520,488.84
72.2388,33,9.613,4.039,12.306,45.414,25.1815,14.9108,0.1769,0.2096,0.1983,539.24,84.6525,85.1025,85.41,82.215,83.5125,81.9975,43.1497,519.48,20.3558,520,488.84
72.1882,32.995,9.607,4.052,12.306,45.696,25.341,14.9108,0.1773,0.2093,0.1981,539.32,84.6075,85.1325,85.3725,82.2375,83.5275,81.96,43.1442,519.54,20.3562,520,488.84
72.1875,32.995,9.6,4.098,12.306,45.936,25.4895,14.9108,0.1779,0.2091,0.1979,539.4,84.6,85.1175,85.41,82.2375,83.4975,81.975,43.1348,519.63,20.3567,520,488.84
72.1869,32.995,9.593,4.15,12.306,46.158,25.6215,14.9108,0.1783,0.2089,0.1977,539.52,84.615,85.0875,85.3875,82.215,83.4675,81.945,43.1213,519.75,20.342,520,488.84
72.1863,32.995,9.587,4.191,12.306,46.338,25.737,14.9108,0.1786,0.2088,0.1975,539.68,84.585,85.125,85.3875,82.1775,83.445,81.9075,43.1073,519.87,20.342,520,488.84
72.1857,32.995,9.582,4.219,12.305,46.464,25.8305,14.9108,0.1788,0.2088,0.1975,539.76,84.63,85.1475,85.4025,82.155,83.445,81.9675,43.0928,519.99,20.3419,520,488.84
72.2357,33,9.578,4.24,12.305,46.506,25.8855,14.9108,0.1789,0.2088,0.1975,539.84,84.5925,85.1475,85.4175,82.215,83.46,82.005,43.0853,520.05,20.3418,520,488.84
72.2357,33,9.576,4.255,12.305,46.47,25.902,14.9108,0.179,0.2088,0.1976,539.96,84.5775,85.1925,85.425,82.2375,83.4525,82.05,43.0738,520.14,20.3417,520,488.84
72.2863,33.005,9.574,4.263,12.305,46.416,25.902,14.9108,0.179,0.2089,0.1976,540.08,84.6075,85.1325,85.3725,82.23,83.49,82.0575,43.0582,520.26,20.3417,520,488.84
72.2869,33.005,9.573,4.261,12.305,46.368,25.88,14.9108,0.179,0.209,0.1977,540.16,84.6,85.125,85.365,82.26,83.4675,82.0575,43.0497,520.32,20.3416,520,488.84
72.2876,33.005,9.573,4.255,12.305,46.278,25.858,14.9108,0.1789,0.209,0.1978,540.2,84.6075,85.095,85.335,82.245,83.52,82.0425,43.0408,520.38,20.3415,520,488.84
72.3388,33.01,9.574,4.247,12.305,46.158,25.8085,14.9108,0.1789,0.2092,0.198,540.24,84.57,85.0575,85.2975,82.2825,83.49,82.02,43.0356,520.41,20.3414,520,488.84
72.34,33.01,9.576,4.238,12.304,46.026,25.748,14.9108,0.1788,0.2093,0.1981,540.2,84.6075,85.0125,85.2525,82.3125,83.46,82.02,43.0339,520.41,20.3413,520,488.84
72.3413,33.01,9.579,4.226,12.304,45.858,25.6765,14.9108,0.1787,0.2096,0.1983,540.24,84.615,85.0575,85.275,82.2675,83.49,82.0125,43.0322,520.41,20.3413,520,488.84
72.3425,33.01,9.583,4.21,12.304,45.726,25.5885,14.9108,0.1786,0.2098,0.1986,540.16,84.645,85.0125,85.23,82.29,83.4825,82.035,43.0381,520.35,20.3412,520,488.84
72.3438,33.01,9.589,4.199,12.304,45.396,25.462,14.9108,0.1786,0.2101,0.1988,540.12,84.6375,84.9975,85.245,82.26,83.4675,82.0125,43.0442,520.29,20.3411,520,488.87
72.345,33.01,9.595,4.184,12.304,45.18,25.33,14.9108,0.1785,0.2104,0.1991,539.96,84.6675,85.035,85.2225,82.26,83.43,82.02,43.0581,520.17,20.341,520,488.87
72.3463,33.01,9.603,4.163,12.304,44.838,25.1705,14.9108,0.1782,0.2106,0.1993,539.84,84.6975,85.05,85.215,82.23,83.3925,82.0425,43.0724,520.05,20.341,520,488.87
72.3475,33.01,9.61,4.134,12.304,44.628,25.0275,14.9108,0.178,0.2109,0.1997,539.64,84.6675,85.005,85.2,82.2825,83.4,82.02,43.0947,519.87,20.3409,520,488.87
72.3488,33.01,9.619,4.102,12.304,44.346,24.879,14.9108,0.1775,0.2108,0.1996,539.48,84.705,84.975,85.245,82.2975,83.385,82.0425,43.1178,519.69,20.3408,520,488.87
72.2994,33.005,9.623,4.061,12.304,44.43,24.8295,14.9108,0.1771,0.2109,0.1996,539.32,84.7425,85.005,85.2225,82.3425,83.37,82.05,43.1379,519.54,20.3407,520,488.87
72.3001,33.005,9.625,4.028,12.304,44.454,24.8185,14.9108,0.177,0.2109,0.1996,539.16,84.7275,85.05,85.2225,82.365,83.4225,82.005,43.1585,519.39,20.3407,520,488.87
72.2501,33,9.628,4.022,12.305,44.43,24.8075,14.9108,0.1772,0.2109,0.1996,539.04,84.75,85.0875,85.23,82.4025,83.445,82.035,43.176,519.27,20.3556,520,488.84
72.2501,33,9.631,4.035,12.305,44.4,24.791,14.9108,0.1774,0.2107,0.1996,538.92,84.7425,85.14,85.26,82.365,83.4675,82.005,43.194,519.15,20.356,520,488.84
72.1994,32.995,9.632,4.049,12.305,44.466,24.7965,14.9108,0.1772,0.2104,0.1991,538.88,84.705,85.1475,85.2375,82.3425,83.4675,81.96,43.2049,519.09,20.3565,520,488.84
72.1988,32.995,9.627,4.045,12.305,44.874,24.9175,14.9108,0.1771,0.2102,0.1988,538.84,84.7125,85.14,85.2675,82.3725,83.475,81.9375,43.2086,519.09,20.3569,520,488.84
72.1475,32.99,9.622,4.046,12.305,45.168,25.066,14.9108,0.1773,0.2098,0.1987,538.88,84.7425,85.095,85.32,82.3875,83.4825,81.99,43.2085,519.12,20.3573,520,488.84
72.1463,32.99,9.617,4.073,12.305,45.348,25.1925,14.9108,0.1777,0.2098,0.1985,538.96,84.69,85.1175,85.3575,82.35,83.46,81.9975,43.2008,519.21,20.3577,520,488.84
72.145,32.99,9.612,4.111,12.306,45.546,25.3025,14.9108,0.178,0.2096,0.1983,539.04,84.69,85.0875,85.335,82.335,83.4825,81.9975,43.2002,519.24,20.3581,520,488.84
72.1438,32.99,9.607,4.146,12.306,45.69,25.396,14.9108,0.1783,0.2094,0.1982,539.12,84.66,85.0875,85.2825,82.2825,83.475,82.0275,43.1883,519.36,20.3585,520,488.84
72.1425,32.99,9.603,4.173,12.306,45.81,25.4675,14.9108,0.1785,0.2094,0.1981,539.24,84.66,85.08,85.2675,82.305,83.445,81.9975,43.1758,519.48,20.3439,520,488.81
72.1413,32.99,9.599,4.19,12.306,45.912,25.528,14.9108,0.1786,0.2093,0.198,539.36,84.6225,85.05,85.2825,82.3125,83.415,82.005,43.1667,519.57,20.3438,520,488.81
72.14,32.99,9.596,4.201,12.306,45.978,25.572,14.9108,0.1787,0.2092,0.198,539.44,84.6375,85.0275,85.3125,82.3425,83.3925,82.02,43.1571,519.66,20.3438,520,488.81
72.1388,32.99,9.594,4.211,12.306,45.984,25.5995,14.9108,0.1787,0.2093,0.198,539.6,84.6675,85.005,85.3125,82.32,83.445,82.065,43.1435,519.78,20.3437,520,488.81
72.1882,32.995,9.592,4.216,12.305,46.008,25.605,14.9108,0.1788,0.2093,0.198,539.68,84.6975,85.0275,85.305,82.29,83.43,82.1025,43.1331,519.87,20.3436,520,488.81
72.1875,32.995,9.59,4.219,12.305,45.984,25.616,14.9108,0.1788,0.2094,0.1981,539.72,84.72,85.08,85.335,82.335,83.4,82.095,43.1261,519.93,20.3435,520,488.81
72.1869,32.995,9.59,4.221,12.305,45.93,25.605,14.9108,0.1788,0.2094,0.1982,539.76,84.7425,85.0875,85.35,82.365,83.445,82.0575,43.1189,519.99,20.3435,520,488.81
72.1863,32.995,9.59,4.22,12.305,45.858,25.583,14.9108,0.1788,0.2095,0.1982,539.8,84.69,85.0575,85.3575,82.3725,83.49,82.0275,43.1189,519.99,20.3434,520,488.81
72.2363,33,9.591,4.216,12.305,45.75,25.5445,14.9108,0.1788,0.2096,0.1984,539.8,84.735,85.1025,85.3275,82.3725,83.505,81.99,43.119,519.99,20.3433,520,488.81
72.2363,33,9.593,4.209,12.305,45.63,25.4895,14.9108,0.1786,0.2097,0.1984,539.84,84.705,85.14,85.305,82.335,83.5125,82.0275,43.1152,520.02,20.3432,520,488.81
72.2363,33,9.595,4.197,12.305,45.534,25.4345,14.9108,0.1786,0.2099,0.1986,539.8,84.6675,85.1775,85.26,82.29,83.55,82.035,43.1152,520.02,20.3431,520,488.81
72.2363,33,9.598,4.184,12.304,45.372,25.3575,14.9108,0.1785,0.21,0.1988,539.76,84.705,85.1925,85.2975,82.2975,83.505,82.05,43.1226,519.96,20.3431,520,488.81
72.2363,33,9.603,4.175,12.304,45.144,25.2585,14.9108,0.1781,0.2098,0.1985,539.76,84.675,85.1625,85.2825,82.305,83.55,82.0425,43.1228,519.96,20.343,520,488.81
72.2363,33,9.601,4.144,12.304,45.468,25.308,14.9108,0.1777,0.2097,0.1984,539.76,84.6525,85.125,85.3125,82.32,83.5125,81.99,43.1229,519.96,20.3429,520,488.81
72.2363,33,9.599,4.117,12.304,45.606,25.3795,14.9108,0.1777,0.2096,0.1984,539.76,84.66,85.14,85.305,82.2825,83.475,82.02,43.1231,519.96,20.3428,520,488.81
72.2363,33,9.598,4.123,12.304,45.612,25.418,14.9108,0.178,0.2096,0.1984,539.76,84.6375,85.1625,85.275,82.3275,83.4525,81.99,43.1232,519.96,20.3428,520,488.81
72.2363,33,9.597,4.145,12.304,45.636,25.4345,14.9108,0.1782,0.2096,0.1984,539.76,84.6,85.1775,85.2375,82.365,83.505,82.0125,43.1196,519.99,20.3427,520,488.81
72.2363,33,9.596,4.164,12.304,45.636,25.4455,14.9108,0.1784,0.2096,0.1984,539.76,84.555,85.155,85.2225,82.38,83.4825,81.9675,43.1197,519.99,20.3426,520,488.81
72.2363,33,9.596,4.177,12.304,45.612,25.44,14.9108,0.1784,0.2097,0.1984,539.76,84.6,85.17,85.23,82.35,83.4525,82.02,43.1235,519.96,20.3425,520,488.81
72.2363,33,9.597,4.181,12.304,45.57,25.4235,14.9108,0.1785,0.2098,0.1985,539.76,84.6375,85.2075,85.2,82.3575,83.4225,82.065,43.1236,519.96,20.3575,520,488.81
72.2363,33,9.598,4.179,12.304,45.504,25.396,14.9108,0.1785,0.2098,0.1987,539.72,84.675,85.155,85.2075,82.365,83.4225,82.0125,43.1276,519.93,20.3579,520,488.81
72.2363,33,9.601,4.177,12.304,45.348,25.33,14.9108,0.1785,0.2099,0.1988,539.72,84.69,85.1925,85.2225,82.4025,83.445,81.9975,43.1278,519.93,20.3583,520,488.81
72.2363,33,9.604,4.17,12.304,45.234,25.264,14.9108,0.178,0.2097,0.1984,539.76,84.7125,85.2075,85.2375,82.3875,83.49,82.005,43.1244,519.96,20.3587,520,488.81
72.2363,33,9.6,4.141,12.304,45.576,25.3355,14.9108,0.1777,0.2094,0.1983,539.76,84.6675,85.17,85.2375,82.38,83.52,82.005,43.1245,519.96,20.3441,520,488.81
72.2363,33,9.598,4.123,12.304,45.69,25.418,14.9108,0.1777,0.2094,0.1982,539.8,84.69,85.185,85.2525,82.38,83.55,82.005,43.1172,520.02,20.344,520,488.84
72.2363,33,9.595,4.129,12.304,45.84,25.495,14.9108,0.1779,0.2093,0.1981,539.84,84.72,85.1925,85.305,82.365,83.4975,81.9675,43.1133,520.05,20.344,520,488.84
72.2363,33,9.592,4.151,12.304,45.936,25.5665,14.9108,0.1782,0.2093,0.198,539.88,84.735,85.2075,85.305,82.365,83.4825,81.9525,43.1056,520.11,20.3439,520,488.84
72.2363,33,9.589,4.175,12.304,46.02,25.6215,14.9108,0.1784,0.2093,0.198,539.92,84.705,85.1475,85.335,82.3575,83.4825,81.9675,43.1052,520.11,20.3438,520,488.84
72.2363,33,9.587,4.196,12.304,46.038,25.6545,14.9108,0.1786,0.2092,0.198,539.92,84.7125,85.155,85.335,82.365,83.49,81.96,43.101,520.14,20.3437,520,488.84
72.2363,33,9.586,4.211,12.304,46.008,25.66,14.9108,0.1787,0.2093,0.198,540,84.7275,85.1925,85.2975,82.3725,83.475,81.9525,43.0929,520.2,20.3437,520,488.84
72.2363,33,9.585,4.215,12.304,45.99,25.649,14.9108,0.1787,0.2093,0.1981,540.04,84.7125,85.14,85.2675,82.365,83.505,82.005,43.0883,520.23,20.3436,520,488.84
72.2363,33,9.585,4.214,12.305,45.948,25.6435,14.9108,0.1786,0.2094,0.1981,540.08,84.75,85.185,85.2825,82.32,83.5275,82.05,43.0836,520.26,20.3435,520,488.84
72.2869,33.005,9.586,4.209,12.305,45.888,25.616,14.9108,0.1786,0.2094,0.1982,540.04,84.7125,85.155,85.3275,82.35,83.535,82.0725,43.0863,520.23,20.3434,520,488.84
72.2876,33.005,9.588,4.207,12.305,45.762,25.583,14.9108,0.1786,0.2096,0.1984,540.04,84.69,85.17,85.275,82.3125,83.5725,82.11,43.0854,520.23,20.3434,520,488.84
72.2882,33.005,9.59,4.201,12.305,45.648,25.517,14.9108,0.1785,0.2096,0.1984,540.04,84.7125,85.11,85.2675,82.35,83.58,82.14,43.0845,520.23,20.3433,520,488.84
72.2888,33.005,9.592,4.19,12.305,45.552,25.462,14.9108,0.1784,0.2098,0.1986,540.04,84.735,85.1625,85.3125,82.3425,83.5875,82.14,43.0836,520.23,20.3432,520,488.84
72.2894,33.005,9.595,4.177,12.305,45.432,25.396,14.9108,0.1785,0.2102,0.1988,539.92,84.735,85.1775,85.3125,82.35,83.61,82.08,43.0939,520.14,20.3431,520,488.84
72.2901,33.005,9.601,4.171,12.305,45.156,25.2915,14.9108,0.1786,0.2105,0.1992,539.8,84.75,85.1925,85.29,82.2975,83.5875,82.0875,43.1084,520.02,20.3431,520,488.84
72.2907,33.005,9.609,4.168,12.305,44.79,25.132,14.9108,0.1786,0.2108,0.1996,539.64,84.7425,85.1475,85.3275,82.3425,83.5575,82.1175,43.1271,519.87,20.343,520,488.84
72.2913,33.005,9.617,4.153,12.305,44.448,24.956,14.9108,0.1783,0.211,0.1998,539.48,84.69,85.1625,85.275,82.2975,83.565,82.095,43.1501,519.69,20.3579,520,488.84
72.2919,33.005,9.625,4.119,12.305,44.226,24.802,14.9108,0.1776,0.2108,0.1997,539.32,84.6525,85.155,85.32,82.35,83.6025,82.125,43.1702,519.54,20.3584,520,488.84
72.2419,33,9.628,4.064,12.305,44.352,24.7635,14.9108,0.1764,0.2101,0.1988,539.24,84.6525,85.17,85.305,82.32,83.625,82.08,43.1833,519.45,20.3588,520,488.84
72.2419,33,9.618,3.991,12.305,45.246,25.022,14.9108,0.1759,0.2094,0.1982,539.2,84.6,85.1775,85.2975,82.35,83.64,82.0275,43.1893,519.42,20.3592,520,488.84
72.1913,32.995,9.608,3.972,12.305,45.798,25.33,14.9108,0.1763,0.209,0.1977,539.28,84.645,85.14,85.2675,82.3875,83.5875,82.05,43.1804,519.51,20.3596,520,488.84
72.14,32.99,9.595,4.031,12.305,46.308,25.6215,14.9108,0.1773,0.2086,0.1973,539.4,84.6825,85.1775,85.245,82.3875,83.5575,82.02,43.1711,519.6,20.345,520,488.84
72.1388,32.99,9.583,4.123,12.305,46.704,25.8855,14.9108,0.1781,0.2083,0.197,539.52,84.7125,85.14,85.2075,82.335,83.5125,81.99,43.1539,519.75,20.3449,520,488.84
72.1882,32.995,9.572,4.207,12.305,47.016,26.0945,14.9108,0.1788,0.2081,0.1968,539.72,84.675,85.1325,85.245,82.32,83.5575,82.0275,43.1324,519.93,20.3448,520,488.84
72.1875,32.995,9.563,4.267,12.305,47.226,26.2485,14.9108,0.1792,0.2079,0.1966,539.96,84.6375,85.14,85.2825,82.365,83.5275,82.005,43.1063,520.14,20.3448,520,488.84
72.2375,33,9.556,4.306,12.305,47.346,26.3475,14.9108,0.1794,0.2079,0.1966,540.16,84.6,85.0875,85.29,82.4025,83.55,82.005,43.0795,520.35,20.3447,520,488.84
72.2375,33,9.551,4.33,12.305,47.364,26.3915,14.9108,0.1796,0.2078,0.1967,540.36,84.6075,85.05,85.29,82.3725,83.505,82.02,43.0555,520.53,20.3446,520,488.84
72.2882,33.005,9.547,4.345,12.305,47.316,26.4135,14.9108,0.1797,0.208,0.1967,540.56,84.6375,85.08,85.2525,82.3725,83.55,82.02,43.0271,520.74,20.3445,520,488.84
72.3394,33.01,9.545,4.349,12.305,47.274,26.408,14.9108,0.1797,0.2081,0.1969,540.68,84.675,85.08,85.275,82.41,83.55,82.035,43.009,520.86,20.3444,520,488.84
72.3913,33.015,9.544,4.349,12.304,47.13,26.3805,14.9108,0.1797,0.2082,0.197,540.8,84.705,85.05,85.2825,82.4325,83.55,82.08,42.9943,520.95,20.3444,520,488.84
72.3932,33.015,9.545,4.343,12.304,46.95,26.3145,14.9108,0.1796,0.2084,0.1972,540.88,84.7125,85.1025,85.3275,82.3875,83.5575,82.0425,42.9792,521.04,20.3443,520,488.84
72.4457,33.02,9.548,4.331,12.304,46.746,26.232,14.9108,0.1794,0.2087,0.1974,540.96,84.6975,85.1475,85.335,82.4025,83.505,82.035,42.9675,521.1,20.3442,520,488.87
72.4988,33.025,9.551,4.311,12.304,46.554,26.1275,14.9108,0.1793,0.209,0.1977,540.92,84.735,85.1475,85.3575,82.425,83.46,82.0425,42.9668,521.07,20.3441,520,488.87
72.5019,33.025,9.556,4.289,12.304,46.278,26.012,14.9022,0.1791,0.2093,0.198,540.84,84.6975,85.125,85.3575,82.3875,83.43,82.065,42.97,521.01,20.3441,520,488.87
72.505,33.025,9.563,4.267,12.304,45.954,25.858,14.9019,0.1791,0.2097,0.1985,540.72,84.6825,85.0725,85.32,82.3425,83.46,82.0275,42.9809,520.89,20.344,520,488.87
72.5588,33.03,9.574,4.247,12.303,45.456,25.638,14.9016,0.1789,0.2102,0.1989,540.64,84.675,85.11,85.2975,82.29,83.4825,81.975,42.9886,520.8,20.3439,520,488.87
72.5626,33.03,9.584,4.217,12.302,45.042,25.407,14.9099,0.1786,0.2106,0.1994,540.4,84.6675,85.1025,85.3125,82.305,83.475,82.005,43.0117,520.59,20.3438,520,488.87
72.5663,33.03,9.598,4.174,12.302,44.562,25.154,14.9099,0.1782,0.211,0.1999,540.2,84.6675,85.08,85.305,82.3425,83.49,81.96,43.0356,520.38,20.3438,520,488.9
72.5194,33.025,9.611,4.124,12.302,44.13,24.9065,14.9099,0.1771,0.2106,0.1994,539.96,84.7125,85.11,85.335,82.3275,83.445,81.9225,43.0641,520.14,20.3437,520,488.9
72.5226,33.025,9.612,4.039,12.303,44.604,24.9285,14.9099,0.1761,0.2103,0.1991,539.8,84.6825,85.1475,85.3125,82.3725,83.4975,81.8925,43.0823,519.99,20.3436,520,488.9
72.4751,33.02,9.61,3.968,12.304,44.94,25.0495,14.9099,0.176,0.2101,0.1988,539.68,84.6525,85.1025,85.3125,82.3425,83.475,81.885,43.0937,519.9,20.3435,520,488.9
72.427,33.015,9.607,3.968,12.304,45.18,25.1815,14.9099,0.1766,0.21,0.1987,539.6,84.615,85.1475,85.3575,82.29,83.52,81.9075,43.1053,519.81,20.3435,520,488.9
72.3782,33.01,9.605,4.026,12.304,45.294,25.275,14.9099,0.1775,0.21,0.1988,539.52,84.615,85.1475,85.4025,82.32,83.4675,81.9225,43.1136,519.75,20.3434,520,488.9
72.3794,33.01,9.605,4.097,12.304,45.276,25.3135,14.9099,0.1782,0.2101,0.1988,539.48,84.6225,85.185,85.4175,82.2825,83.49,81.8925,43.1184,519.72,20.3433,520,488.9
72.3807,33.01,9.606,4.148,12.305,45.204,25.297,14.9099,0.1785,0.2101,0.199,539.44,84.585,85.215,85.4025,82.29,83.505,81.8925,43.127,519.66,20.3432,520,488.9
72.382,33.01,9.608,4.166,12.305,45.084,25.242,14.9185,0.1783,0.2102,0.1989,539.44,84.555,85.1775,85.395,82.2675,83.5275,81.9225,43.1284,519.66,20.3432,520,488.87
72.3326,33.005,9.609,4.152,12.305,45.168,25.231,14.9188,0.1781,0.2101,0.1989,539.4,84.5625,85.1175,85.3725,82.2975,83.5575,81.9675,43.1335,519.63,20.3431,520,488.87
72.3332,33.005,9.61,4.131,12.306,45.12,25.2145,14.9191,0.1777,0.2098,0.1986,539.44,84.6,85.1475,85.3875,82.32,83.5275,81.93,43.1313,519.66,20.343,520,488.87
72.3339,33.005,9.607,4.107,12.308,45.432,25.286,14.9194,0.1774,0.2096,0.1984,539.48,84.585,85.095,85.365,82.3575,83.5425,81.93,43.1289,519.69,20.3429,520,488.87
72.3345,33.005,9.603,4.096,12.308,45.648,25.385,14.9197,0.1776,0.2095,0.1983,539.52,84.615,85.0575,85.3725,82.305,83.4975,81.9225,43.1264,519.72,20.3428,520,488.87
72.2845,33,9.6,4.115,12.308,45.72,25.4565,14.9113,0.178,0.2094,0.1982,539.56,84.6225,85.0875,85.4175,82.32,83.505,81.9375,43.12,519.78,20.3428,520,488.87
72.2845,33,9.597,4.148,12.308,45.78,25.506,14.9113,0.1783,0.2094,0.1982,539.6,84.645,85.0575,85.4325,82.335,83.4825,81.8925,43.1134,519.84,20.3427,520,488.87
72.2845,33,9.595,4.175,12.308,45.816,25.5335,14.9113,0.1785,0.2095,0.1982,539.68,84.6525,85.035,85.3875,82.3575,83.4375,81.87,43.1103,519.87,20.3426,520,488.87
72.3351,33.005,9.594,4.19,12.306,45.834,25.55,14.9113,0.1786,0.2095,0.1982,539.68,84.645,85.0425,85.4025,82.32,83.4075,81.8925,43.107,519.9,20.3425,520,488.87
72.3357,33.005,9.594,4.198,12.306,45.78,25.5445,14.9113,0.1787,0.2096,0.1983,539.68,84.675,85.0275,85.35,82.3425,83.445,81.9375,43.1074,519.9,20.3425,520,488.87
72.3364,33.005,9.594,4.201,12.306,45.678,25.5115,14.9113,0.1787,0.2098,0.1985,539.68,84.7125,85.035,85.2975,82.3125,83.415,81.945,43.1078,519.9,20.3424,520,488.87
72.337,33.005,9.597,4.198,12.306,45.546,25.4455,14.9113,0.1787,0.21,0.1988,539.64,84.705,85.0725,85.3425,82.2675,83.475,81.945,43.112,519.87,20.3423,520,488.87
72.3376,33.005,9.601,4.195,12.306,45.276,25.3355,14.9113,0.1788,0.2103,0.1991,539.6,84.705,85.08,85.335,82.29,83.5275,81.9,43.12,519.81,20.3422,520,488.87
72.3382,33.005,9.608,4.188,12.306,44.946,25.1925,14.9113,0.1787,0.2106,0.1993,539.52,84.7275,85.065,85.2975,82.2525,83.49,81.9375,43.1321,519.72,20.3422,520,488.87
72.3389,33.005,9.614,4.167,12.306,44.676,25.0385,14.9113,0.1784,0.2109,0.1997,539.4,84.7425,85.0875,85.2675,82.26,83.5125,81.975,43.1483,519.6,20.3421,520,488.87
72.3395,33.005,9.623,4.137,12.306,44.37,24.8735,14.9113,0.1778,0.2106,0.1995,539.28,84.72,85.05,85.29,82.2525,83.55,82.0275,43.1649,519.48,20.342,520,488.87
72.2895,33,9.625,4.086,12.306,44.544,24.846,14.9113,0.1771,0.2104,0.1992,539.2,84.72,85.0425,85.305,82.245,83.5125,82.02,43.1745,519.42,20.3419,520,488.87
72.2895,33,9.623,4.034,12.306,44.832,24.923,14.9113,0.1768,0.2102,0.199,539.16,84.66,85.0725,85.32,82.245,83.52,81.99,43.1806,519.39,20.3419,520,488.87
72.2388,32.995,9.62,4.02,12.306,45.042,25.0275,14.9113,0.1771,0.2102,0.1989,539.12,84.6825,85.0275,85.35,82.215,83.5425,81.96,43.1868,519.36,20.3418,520,488.87
72.2382,32.995,9.617,4.05,12.306,45.15,25.11,14.9113,0.1777,0.21,0.1988,539.12,84.6975,85.0575,85.35,82.1775,83.5725,81.9975,43.1932,519.33,20.3567,520,488.87
72.187,32.99,9.616,4.099,12.306,45.156,25.154,14.9113,0.178,0.21,0.1987,539.16,84.7275,85.0125,85.305,82.2075,83.595,82.035,43.1884,519.39,20.3572,520,488.87
72.1857,32.99,9.613,4.131,12.306,45.33,25.2035,14.9113,0.1782,0.2099,0.1987,539.16,84.675,84.99,85.3275,82.2375,83.5875,81.99,43.1908,519.39,20.3576,520,488.84
72.1844,32.99,9.612,4.15,12.306,45.324,25.2365,14.9113,0.1784,0.21,0.1987,539.2,84.66,85.035,85.3425,82.2075,83.535,81.9825,43.1895,519.42,20.358,520,488.84
72.1832,32.99,9.611,4.16,12.306,45.324,25.2475,14.9113,0.1785,0.2102,0.1989,539.16,84.69,84.99,85.305,82.26,83.5575,81.9525,43.1956,519.39,20.3584,520,488.84
72.1819,32.99,9.613,4.17,12.306,45.144,25.198,14.9113,0.1787,0.2103,0.1991,539.16,84.645,84.99,85.2975,82.305,83.535,81.945,43.1981,519.39,20.3588,520,488.84
72.1807,32.99,9.617,4.173,12.306,44.94,25.099,14.9113,0.1787,0.2106,0.1993,539.12,84.6375,84.96,85.305,82.2825,83.5275,81.915,43.2043,519.36,20.3592,520,488.84
72.1794,32.99,9.622,4.166,12.305,44.7,24.989,14.9113,0.1786,0.2107,0.1995,539.08,84.5925,84.99,85.305,82.29,83.52,81.96,43.2144,519.3,20.3596,520,488.84
72.1782,32.99,9.627,4.146,12.305,44.484,24.8625,14.9113,0.178,0.2106,0.1993,539,84.63,84.975,85.2675,82.3275,83.5575,82.0125,43.2248,519.24,20.3601,520,488.84
72.1769,32.99,9.627,4.103,12.305,44.742,24.8845,14.9113,0.1775,0.2103,0.1991,538.96,84.63,84.9975,85.2375,82.3125,83.505,81.975,43.2354,519.18,20.3605,520,488.84
72.1757,32.99,9.625,4.067,12.305,44.874,24.9395,14.9113,0.1772,0.2101,0.1988,539,84.615,85.05,85.245,82.29,83.5275,81.945,43.2312,519.24,20.3609,520,488.84
72.1238,32.985,9.62,4.055,12.305,45.21,25.0605,14.9113,0.1773,0.2098,0.1986,539,84.615,85.05,85.23,82.2825,83.4825,81.9075,43.2342,519.24,20.3613,520,488.84
72.122,32.985,9.616,4.075,12.305,45.366,25.176,14.9113,0.1777,0.2097,0.1984,539.12,84.6,85.1025,85.26,82.2975,83.445,81.8775,43.2223,519.36,20.3467,520,488.81
72.1201,32.985,9.611,4.113,12.305,45.576,25.2805,14.9113,0.1781,0.2095,0.1983,539.16,84.6,85.0725,85.2375,82.2675,83.445,81.9075,43.2211,519.39,20.3466,520,488.81
72.1182,32.985,9.607,4.151,12.305,45.714,25.3795,14.9113,0.1784,0.2094,0.1982,539.24,84.6225,85.0875,85.2375,82.3125,83.4,81.9075,43.2123,519.48,20.3465,520,488.81
72.1163,32.985,9.602,4.181,12.305,45.828,25.4565,14.9113,0.1786,0.2093,0.1981,539.36,84.5925,85.11,85.2225,82.3575,83.4,81.915,43.1994,519.6,20.3465,520,488.81
72.1145,32.985,9.598,4.199,12.305,45.924,25.5115,14.9113,0.1787,0.2092,0.198,539.48,84.5925,85.0875,85.185,82.395,83.4,81.9225,43.1897,519.69,20.3464,520,488.81
72.1126,32.985,9.595,4.209,12.304,45.99,25.561,14.9113,0.1787,0.2093,0.198,539.6,84.5625,85.065,85.215,82.3425,83.3625,81.9675,43.1759,519.81,20.3463,520,488.81
72.1613,32.99,9.592,4.217,12.304,46.02,25.594,14.9113,0.1788,0.2093,0.198,539.64,84.6075,85.0425,85.26,82.3725,83.3475,81.9825,43.1692,519.87,20.3462,520,488.81
72.16,32.99,9.591,4.225,12.304,45.984,25.6105,14.9113,0.1789,0.2093,0.1981,539.72,84.6375,85.005,85.275,82.395,83.325,81.9825,43.166,519.9,20.3462,520,488.81
72.1588,32.99,9.59,4.23,12.304,45.924,25.605,14.9027,0.1789,0.2094,0.1981,539.76,84.5925,85.0125,85.29,82.3875,83.385,81.9375,43.1551,519.99,20.3461,520,488.81
72.2082,32.995,9.589,4.228,12.304,45.87,25.583,14.9024,0.1789,0.2094,0.1982,539.8,84.5475,85.02,85.275,82.335,83.4075,81.8925,43.1514,520.02,20.346,520,488.81
72.2076,32.995,9.59,4.223,12.304,45.774,25.55,14.9022,0.1788,0.2095,0.1983,539.84,84.5775,85.005,85.32,82.35,83.4,81.8775,43.1475,520.05,20.3459,520,488.81
72.2069,32.995,9.592,4.215,12.302,45.678,25.5115,14.9105,0.1787,0.2096,0.1984,539.88,84.6225,85.005,85.3425,82.3875,83.385,81.93,43.1436,520.08,20.3459,520,488.81
72.2063,32.995,9.593,4.204,12.302,45.588,25.4675,14.9105,0.1786,0.2097,0.1985,539.88,84.5925,84.9975,85.35,82.4175,83.385,81.96,43.1432,520.08,20.3458,520,488.81
72.2057,32.995,9.595,4.192,12.302,45.498,25.4235,14.9105,0.1785,0.2098,0.1986,539.88,84.5625,84.9975,85.3275,82.4325,83.43,81.9525,43.1429,520.08,20.3457,520,488.81
72.2557,33,9.598,4.181,12.304,45.396,25.3575,14.9105,0.1784,0.21,0.1987,539.92,84.5775,84.975,85.365,82.4025,83.4525,82.005,43.1388,520.11,20.3456,520,488.81
72.2557,33,9.6,4.17,12.304,45.312,25.297,14.9019,0.1784,0.2101,0.1989,539.84,84.5925,84.96,85.3275,82.41,83.4675,81.96,43.1497,520.02,20.3455,520,488.81
72.2557,33,9.605,4.164,12.303,45.084,25.2145,14.9016,0.1785,0.2104,0.1991,539.76,84.63,84.9825,85.3275,82.4325,83.475,81.9825,43.1533,519.99,20.3455,520,488.81
72.2557,33,9.61,4.158,12.303,44.904,25.1155,14.9013,0.1784,0.2106,0.1993,539.64,84.675,84.9825,85.3125,82.425,83.445,81.9525,43.1684,519.87,20.3454,520,488.81
72.2051,32.995,9.616,4.147,12.301,44.634,25,14.9097,0.1784,0.2109,0.1996,539.52,84.645,84.9675,85.2975,82.4175,83.4225,81.99,43.1877,519.72,20.3453,520,488.81
72.2044,32.995,9.623,4.129,12.302,44.394,24.868,14.9097,0.1782,0.2111,0.1999,539.36,84.615,84.9675,85.3425,82.365,83.4675,82.005,43.2076,519.57,20.3452,520,488.81
72.2038,32.995,9.631,4.106,12.302,44.136,24.7305,14.9097,0.1776,0.2107,0.1995,539.2,84.6225,84.99,85.3125,82.3575,83.445,82.02,43.2282,519.42,20.3452,520,488.81
72.2032,32.995,9.631,4.058,12.303,44.46,24.758,14.9097,0.1767,0.2102,0.199,539.12,84.6,85.035,85.35,82.395,83.415,82.0275,43.238,519.36,20.3451,520,488.81
72.1519,32.99,9.624,4.007,12.303,45.018,24.9395,14.9097,0.1765,0.2098,0.1986,539.12,84.555,85.05,85.365,82.3425,83.4075,81.99,43.2406,519.36,20.36,520,488.81
72.1001,32.985,9.617,4.004,12.303,45.408,25.154,14.9097,0.177,0.2095,0.1983,539.16,84.5325,85.0875,85.35,82.3425,83.4225,82.005,43.2394,519.39,20.3605,520,488.81
72.0982,32.985,9.609,4.057,12.304,45.678,25.341,14.9097,0.1777,0.2094,0.1981,539.28,84.51,85.0575,85.38,82.3125,83.445,82.05,43.2269,519.51,20.3609,520,488.81
72.0963,32.985,9.602,4.125,12.304,45.948,25.5005,14.9097,0.1783,0.209,0.1979,539.36,84.525,85.0275,85.41,82.29,83.4675,82.0275,43.2176,519.6,20.3463,520,488.81
72.0944,32.985,9.595,4.182,12.304,46.146,25.638,14.9097,0.1786,0.2088,0.1977,539.52,84.5475,85.0575,85.395,82.2675,83.475,81.99,43.2004,519.75,20.3462,520,488.81
72.0926,32.985,9.588,4.219,12.304,46.338,25.748,14.9097,0.1788,0.2086,0.1975,539.72,84.5175,85.035,85.35,82.305,83.5125,81.96,43.1789,519.93,20.3461,520,488.81
72.1413,32.99,9.582,4.238,12.304,46.506,25.8415,14.9097,0.1789,0.2086,0.1974,539.92,84.5625,85.065,85.3275,82.26,83.5425,81.9825,43.1566,520.11,20.346,520,488.81
72.14,32.99,9.577,4.25,12.304,46.638,25.924,14.9097,0.179,0.2086,0.1973,540.08,84.525,85.0875,85.29,82.2525,83.58,82.0125,43.1374,520.26,20.346,520,488.81
72.1894,32.995,9.572,4.263,12.304,46.692,25.99,14.9097,0.1791,0.2085,0.1973,540.2,84.51,85.1175,85.305,82.2675,83.6025,82.0125,43.1213,520.38,20.3459,520,488.81
72.1888,32.995,9.569,4.277,12.304,46.692,26.0285,14.9097,0.1792,0.2086,0.1973,540.32,84.525,85.11,85.2675,82.275,83.5725,82.005,43.101,520.53,20.3458,520,488.81
72.2388,33,9.566,4.286,12.303,46.674,26.045,14.9097,0.1793,0.2086,0.1974,540.44,84.5475,85.1475,85.2225,82.3275,83.55,82.0575,43.0876,520.62,20.3457,520,488.81
72.2388,33,9.565,4.289,12.303,46.614,26.045,14.9097,0.1793,0.2088,0.1975,540.48,84.5325,85.125,85.1925,82.3425,83.5425,82.095,43.0813,520.65,20.3457,520,488.81
72.2894,33.005,9.565,4.289,12.303,46.482,26.012,14.9097,0.1793,0.2089,0.1977,540.52,84.5175,85.1175,85.1775,82.335,83.5275,82.0875,43.0712,520.71,20.3456,520,488.81
72.2901,33.005,9.567,4.285,12.303,46.32,25.9515,14.9097,0.1792,0.2091,0.1978,540.56,84.5475,85.125,85.23,82.2975,83.5275,82.1025,43.0645,520.74,20.3455,520,488.81
72.3413,33.01,9.569,4.272,12.303,46.176,25.869,14.9097,0.1791,0.2093,0.198,540.56,84.5175,85.1025,85.2525,82.335,83.535,82.0575,43.0653,520.71,20.3454,520,488.84
72.3425,33.01,9.573,4.256,12.303,45.966,25.7865,14.9097,0.179,0.2096,0.1982,540.48,84.48,85.125,85.23,82.3425,83.5575,82.0425,43.0662,520.68,20.3453,520,488.84
72.3438,33.01,9.578,4.239,12.303,45.72,25.6655,14.9097,0.179,0.21,0.1987,540.36,84.48,85.08,85.2675,82.3275,83.505,82.065,43.0785,520.56,20.3453,520,488.84
72.3957,33.015,9.587,4.227,12.303,45.276,25.4785,14.9097,0.179,0.2106,0.1992,540.24,84.5175,85.0725,85.245,82.3125,83.535,82.0275,43.095,520.41,20.3452,520,488.84
72.3976,33.015,9.598,4.212,12.303,44.754,25.2365,14.9097,0.1789,0.211,0.1997,540,84.54,85.1175,85.275,82.2825,83.5725,82.0125,43.1197,520.2,20.3451,520,488.84
72.3994,33.015,9.611,4.181,12.303,44.232,24.9615,14.9097,0.1784,0.2112,0.2,539.76,84.5175,85.1325,85.32,82.275,83.55,82.0425,43.1452,519.99,20.345,520,488.84
72.3507,33.01,9.621,4.121,12.303,44.046,24.7745,14.9097,0.1776,0.2113,0.2001,539.52,84.495,85.1025,85.3125,82.3125,83.55,81.9975,43.1753,519.75,20.345,520,488.84
72.3519,33.01,9.63,4.05,12.303,43.89,24.637,14.9097,0.1764,0.2108,0.1995,539.32,84.48,85.065,85.3125,82.275,83.52,82.0425,43.2026,519.54,20.3449,520,488.84
72.3026,33.005,9.627,3.973,12.303,44.526,24.769,14.9097,0.1758,0.2102,0.1991,539.2,84.525,85.0425,85.2675,82.2375,83.535,82.02,43.2195,519.42,20.3448,520,488.84
72.2526,33,9.621,3.939,12.303,44.94,24.967,14.9097,0.176,0.2098,0.1986,539.2,84.5175,85.0575,85.305,82.29,83.5125,82.0275,43.218,519.45,20.3447,520,488.84
72.2019,32.995,9.613,3.975,12.303,45.408,25.187,14.9097,0.1769,0.2095,0.1983,539.24,84.495,85.1025,85.3125,82.32,83.5425,82.02,43.2165,519.48,20.3447,520,488.84
72.2013,32.995,9.605,4.053,12.304,45.72,25.3905,14.9097,0.1777,0.2093,0.198,539.36,84.5175,85.1175,85.2975,82.2975,83.565,81.99,43.2073,519.57,20.3446,520,488.84
72.2007,32.995,9.597,4.133,12.304,46.008,25.572,14.9097,0.1783,0.209,0.1978,539.44,84.5475,85.11,85.26,82.3275,83.5125,81.9525,43.1978,519.66,20.3445,520,488.84
72.2001,32.995,9.59,4.19,12.304,46.23,25.7205,14.9097,0.1786,0.2088,0.1976,539.56,84.57,85.0575,85.2525,82.2975,83.4825,81.9825,43.1841,519.78,20.3444,520,488.84
72.1994,32.995,9.584,4.225,12.304,46.398,25.8305,14.9097,0.1788,0.2088,0.1975,539.72,84.54,85.0275,85.29,82.2825,83.445,81.945,43.1662,519.93,20.3444,520,488.84
72.2494,33,9.578,4.243,12.304,46.536,25.913,14.9097,0.1789,0.2087,0.1975,539.84,84.525,85.005,85.3275,82.2975,83.4075,81.9225,43.1515,520.05,20.3443,520,488.84
72.2494,33,9.575,4.258,12.304,46.554,25.9625,14.9097,0.1791,0.2088,0.1975,539.96,84.5175,84.9975,85.305,82.26,83.415,81.8775,43.1363,520.17,20.3442,520,488.84
72.2494,33,9.573,4.271,12.304,46.506,25.9625,14.9097,0.1793,0.2089,0.1976,540.04,84.48,84.9975,85.2975,82.275,83.475,81.87,43.1281,520.23,20.3441,520,488.84
72.3001,33.005,9.573,4.28,12.304,46.398,25.9295,14.9097,0.1793,0.209,0.1977,540.12,84.4575,84.99,85.3125,82.3125,83.4975,81.855,43.1159,520.32,20.344,520,488.84
72.3007,33.005,9.573,4.28,12.304,46.266,25.88,14.9097,0.1793,0.2092,0.1979,540.2,84.435,84.96,85.3575,82.3125,83.5125,81.855,43.107,520.38,20.344,520,488.84
72.3519,33.01,9.576,4.273,12.304,46.098,25.8085,14.9097,0.1792,0.2094,0.1981,540.2,84.4275,84.9975,85.32,82.26,83.4975,81.825,43.1055,520.38,20.3439,520,488.84
72.3532,33.01,9.579,4.26,12.304,45.906,25.7205,14.9097,0.1791,0.2096,0.1983,540.2,84.405,85.0125,85.29,82.275,83.5275,81.8925,43.104,520.38,20.3438,520,488.84
72.3544,33.01,9.583,4.243,12.304,45.684,25.616,14.9097,0.1789,0.2098,0.1985,540.16,84.405,85.0425,85.275,82.305,83.5425,81.9075,43.1062,520.35,20.3437,520,488.84
72.4063,33.015,9.588,4.222,12.304,45.468,25.495,14.9097,0.1788,0.21,0.1988,540.12,84.42,85.065,85.2975,82.2825,83.5725,81.8925,43.1123,520.29,20.3437,520,488.84
72.4082,33.015,9.595,4.199,12.304,45.204,25.3575,14.9097,0.1786,0.2103,0.1991,540.04,84.4725,85.08,85.335,82.2975,83.5875,81.945,43.1186,520.23,20.3436,520,488.84
72.4101,33.015,9.602,4.174,12.304,44.946,25.2145,14.9097,0.1784,0.2105,0.1993,539.92,84.4725,85.1025,85.2975,82.32,83.5575,81.9525,43.1327,520.11,20.3435,520,488.84
72.3613,33.01,9.61,4.148,12.304,44.688,25.066,14.9097,0.1779,0.2105,0.1992,539.8,84.495,85.125,85.2525,82.32,83.5275,81.99,43.1436,520.02,20.3434,520,488.84
72.3626,33.01,9.613,4.108,12.304,44.784,25.0275,14.9097,0.1776,0.2105,0.1992,539.68,84.54,85.1475,85.2525,82.3275,83.49,81.945,43.1585,519.9,20.3434,520,488.84
72.3638,33.01,9.615,4.076,12.304,44.778,25.011,14.9097,0.1775,0.2106,0.1993,539.56,84.5925,85.155,85.2975,82.3725,83.49,81.93,43.174,519.78,20.3433,520,488.84
72.3145,33.005,9.618,4.069,12.304,44.7,24.9835,14.9097,0.1776,0.2107,0.1994,539.44,84.5625,85.1925,85.335,82.395,83.46,81.945,43.1899,519.66,20.3432,520,488.84
72.3151,33.005,9.622,4.079,12.304,44.598,24.9395,14.9097,0.1778,0.2107,0.1995,539.32,84.585,85.2075,85.3275,82.4325,83.445,81.9675,43.2063,519.54,20.3431,520,488.84
72.3157,33.005,9.626,4.09,12.305,44.496,24.879,14.9097,0.1778,0.2106,0.1995,539.24,84.615,85.185,85.275,82.4175,83.4525,81.9375,43.2194,519.45,20.3431,520,488.84
72.2657,33,9.627,4.087,12.305,44.544,24.8625,14.9097,0.1775,0.2104,0.1992,539.16,84.57,85.1625,85.2825,82.395,83.4825,81.9825,43.2291,519.39,20.343,520,488.84
72.2657,33,9.625,4.067,12.305,44.862,24.9505,14.9183,0.1773,0.2102,0.199,539.12,84.5775,85.1775,85.32,82.4025,83.4975,82.0125,43.2354,519.36,20.3429,520,488.84
72.2151,32.995,9.621,4.059,12.305,45.066,25.055,14.9185,0.1775,0.2101,0.1989,539.12,84.6225,85.1325,85.2975,82.3725,83.535,82.02,43.238,519.36,20.3579,520,488.84
72.2144,32.995,9.619,4.079,12.305,45.174,25.143,14.9188,0.1778,0.2101,0.1988,539.16,84.63,85.08,85.305,82.3575,83.5575,81.9975,43.2368,519.39,20.3583,520,488.84
72.2138,32.995,9.616,4.112,12.308,45.246,25.187,14.9191,0.1783,0.2101,0.1988,539.16,84.615,85.1175,85.2675,82.395,83.565,82.005,43.2392,519.39,20.3587,520,488.84
72.2132,32.995,9.616,4.146,12.307,45.192,25.1925,14.9108,0.1785,0.2101,0.1989,539.2,84.615,85.125,85.275,82.3575,83.55,81.9525,43.238,519.42,20.3591,520,488.84
72.2126,32.995,9.616,4.166,12.307,45.162,25.1705,14.9108,0.1786,0.2102,0.1989,539.2,84.6225,85.0875,85.275,82.3725,83.5275,81.96,43.2403,519.42,20.3595,520,488.84
72.2119,32.995,9.617,4.17,12.307,45.096,25.1375,14.9108,0.1786,0.2102,0.1991,539.2,84.615,85.1025,85.275,82.3575,83.5125,82.005,43.2426,519.42,20.3599,520,488.81
72.2113,32.995,9.619,4.166,12.306,44.976,25.088,14.9108,0.1785,0.2104,0.1991,539.2,84.6,85.1475,85.2675,82.4025,83.535,81.975,43.2412,519.45,20.3604,520,488.81
72.2107,32.995,9.621,4.155,12.306,44.886,25.033,14.9108,0.1784,0.2105,0.1992,539.2,84.5925,85.1925,85.2825,82.4175,83.505,81.9375,43.2472,519.42,20.3608,520,488.81
72.2101,32.995,9.624,4.142,12.306,44.778,24.9725,14.9108,0.1783,0.2105,0.1993,539.16,84.615,85.1475,85.2825,82.3575,83.5275,81.9075,43.2533,519.39,20.3612,520,488.81
72.1588,32.99,9.626,4.128,12.306,44.718,24.923,14.9108,0.1777,0.21,0.1988,539.16,84.5775,85.1025,85.2675,82.335,83.535,81.9075,43.2558,519.39,20.3616,520,488.81
72.1575,32.99,9.62,4.094,12.306,45.258,25.066,14.9108,0.1773,0.2097,0.1984,539.2,84.6,85.1325,85.3125,82.38,83.52,81.8775,43.2545,519.42,20.347,520,488.81
72.1563,32.99,9.614,4.078,12.306,45.558,25.2365,14.9108,0.1775,0.2094,0.1982,539.24,84.645,85.125,85.305,82.41,83.5575,81.93,43.2493,519.48,20.3469,520,488.81
72.155,32.99,9.606,4.101,12.306,45.834,25.4015,14.9108,0.1778,0.209,0.1979,539.4,84.615,85.0725,85.2825,82.4325,83.595,81.9225,43.2326,519.63,20.3468,520,488.81
72.1538,32.99,9.598,4.142,12.306,46.116,25.5555,14.9108,0.1782,0.209,0.1976,539.56,84.585,85.05,85.2975,82.4625,83.6325,81.9225,43.2153,519.78,20.3468,520,488.81
72.1525,32.99,9.59,4.184,12.306,46.374,25.704,14.9108,0.1786,0.2087,0.1975,539.72,84.585,85.005,85.26,82.4625,83.6025,81.93,43.2012,519.9,20.3467,520,488.81
72.1513,32.99,9.584,4.222,12.306,46.53,25.8305,14.9108,0.1789,0.2086,0.1974,539.84,84.54,85.0425,85.2975,82.425,83.565,81.9225,43.1828,520.05,20.3466,520,488.81
72.2007,32.995,9.578,4.254,12.305,46.62,25.913,14.9108,0.1792,0.2086,0.1973,540,84.5925,85.0575,85.29,82.3725,83.5125,81.885,43.1676,520.17,20.3465,520,488.81
72.2001,32.995,9.574,4.277,12.305,46.65,25.968,14.9108,0.1793,0.2086,0.1974,540.08,84.5475,85.065,85.245,82.41,83.4975,81.8775,43.1556,520.26,20.3465,520,488.81
72.2501,33,9.571,4.291,12.305,46.608,25.99,14.9108,0.1794,0.2086,0.1974,540.2,84.5625,85.0425,85.2825,82.3725,83.52,81.9075,43.1358,520.41,20.3464,520,488.81
72.2501,33,9.569,4.296,12.305,46.566,25.99,14.9108,0.1793,0.2087,0.1975,540.32,84.585,85.08,85.2675,82.4025,83.5125,81.9225,43.1228,520.5,20.3463,520,488.81
72.3007,33.005,9.568,4.293,12.305,46.488,25.968,14.9108,0.1793,0.2089,0.1976,540.4,84.54,85.1175,85.305,82.35,83.535,81.885,43.1133,520.56,20.3462,520,488.81
72.3013,33.005,9.569,4.286,12.304,46.368,25.9295,14.9108,0.1793,0.209,0.1978,540.44,84.555,85.125,85.35,82.3875,83.55,81.9075,43.1073,520.59,20.3461,520,488.81
72.3525,33.01,9.57,4.278,12.304,46.206,25.869,14.9021,0.1792,0.2092,0.1979,540.48,84.6,85.1025,85.35,82.3875,83.565,81.915,43.0974,520.65,20.3461,520,488.81
72.3538,33.01,9.573,4.265,12.304,46.062,25.792,14.9019,0.179,0.2094,0.1981,540.44,84.615,85.11,85.3125,82.4025,83.6025,81.915,43.0985,520.62,20.346,520,488.84
72.355,33.01,9.577,4.249,12.304,45.864,25.704,14.9016,0.1789,0.2095,0.1983,540.4,84.6375,85.1475,85.3125,82.41,83.61,81.9225,43.0998,520.59,20.3459,520,488.84
72.4069,33.015,9.581,4.233,12.302,45.636,25.605,14.9099,0.1788,0.2098,0.1986,540.4,84.6525,85.155,85.3275,82.3725,83.5575,81.96,43.1011,520.56,20.3458,520,488.84
72.4088,33.015,9.587,4.213,12.302,45.42,25.4785,14.9099,0.1787,0.2102,0.1989,540.28,84.6375,85.125,85.3125,82.335,83.5275,82.0125,43.1102,520.47,20.3458,520,488.84
72.4107,33.015,9.595,4.194,12.302,45.09,25.33,14.9099,0.1786,0.2106,0.1993,540.16,84.675,85.0725,85.335,82.2825,83.49,81.99,43.1233,520.35,20.3457,520,488.84
72.4126,33.015,9.604,4.174,12.303,44.736,25.1485,14.9099,0.1785,0.2109,0.1997,539.96,84.705,85.0425,85.335,82.2975,83.52,81.945,43.1444,520.17,20.3456,520,488.84
72.4144,33.015,9.614,4.148,12.303,44.352,24.945,14.9099,0.1779,0.2109,0.1996,539.76,84.72,85.035,85.305,82.29,83.4825,81.9975,43.1663,519.99,20.3455,520,488.84
72.3657,33.01,9.619,4.098,12.303,44.436,24.8735,14.9099,0.1774,0.2108,0.1996,539.6,84.675,85.0125,85.3425,82.2975,83.4375,81.99,43.1889,519.81,20.3455,520,488.84
72.3669,33.01,9.623,4.051,12.304,44.406,24.8405,14.9099,0.1769,0.2105,0.1993,539.48,84.6975,85.0575,85.3575,82.26,83.4525,81.96,43.2047,519.69,20.3454,520,488.84
72.3176,33.005,9.622,4.019,12.304,44.712,24.9065,14.9099,0.1767,0.2103,0.1991,539.4,84.66,85.0275,85.3575,82.275,83.4225,81.9825,43.2172,519.6,20.3453,520,488.84
72.2676,33,9.619,4.015,12.304,44.958,25.0165,14.9099,0.177,0.2101,0.1989,539.36,84.6075,85.08,85.32,82.2675,83.3925,81.99,43.2226,519.57,20.3452,520,488.84
72.2676,33,9.616,4.045,12.304,45.156,25.132,14.9099,0.1775,0.21,0.1987,539.36,84.585,85.065,85.29,82.275,83.4075,81.9675,43.2243,519.57,20.3452,520,488.84
72.2676,33,9.613,4.091,12.305,45.288,25.22,14.9099,0.178,0.2099,0.1987,539.36,84.63,85.0575,85.245,82.26,83.3925,81.945,43.226,519.57,20.3451,520,488.84
72.2169,32.995,9.611,4.135,12.305,45.324,25.2695,14.9185,0.1784,0.2098,0.1987,539.36,84.6375,85.08,85.2525,82.29,83.3925,81.945,43.224,519.6,20.345,520,488.84
72.2163,32.995,9.609,4.163,12.305,45.366,25.297,14.9188,0.1785,0.2098,0.1986,539.44,84.675,85.035,85.23,82.335,83.355,81.9675,43.2219,519.63,20.3449,520,488.84
72.2157,32.995,9.608,4.172,12.305,45.42,25.319,14.9191,0.1784,0.2098,0.1985,539.48,84.6975,84.9975,85.215,82.305,83.34,81.9825,43.2121,519.72,20.3449,520,488.84
72.2151,32.995,9.606,4.17,12.307,45.486,25.3355,14.9108,0.1784,0.2098,0.1985,539.52,84.72,85.0125,85.2075,82.29,83.385,81.9525,43.2132,519.72,20.3448,520,488.84
72.2144,32.995,9.605,4.17,12.307,45.498,25.352,14.9108,0.1784,0.2098,0.1985,539.56,84.7125,84.99,85.1925,82.2525,83.3775,82.005,43.2068,519.78,20.3447,520,488.84
72.2645,33,9.605,4.172,12.307,45.492,25.3575,14.9108,0.1785,0.2098,0.1986,539.56,84.6825,85.005,85.23,82.2375,83.3775,81.9975,43.2077,519.78,20.3446,520,488.84
72.2645,33,9.605,4.177,12.306,45.444,25.3465,14.9108,0.1786,0.2098,0.1986,539.6,84.705,85.0125,85.2,82.2225,83.3625,81.9975,43.2086,519.78,20.3445,520,488.84
72.2645,33,9.605,4.179,12.306,45.402,25.319,14.9108,0.1785,0.2098,0.1986,539.6,84.72,84.99,85.26,82.2375,83.3625,81.99,43.202,519.84,20.3445,520,488.84
72.2645,33,9.606,4.176,12.306,45.378,25.297,14.9108,0.1785,0.2101,0.1987,539.64,84.75,85.0125,85.275,82.2375,83.4,81.975,43.2026,519.84,20.3444,520,488.84
72.2645,33,9.608,4.173,12.306,45.276,25.2585,14.9108,0.1786,0.2102,0.199,539.56,84.72,85.065,85.2375,82.245,83.385,81.945,43.2108,519.78,20.3443,520,488.84
72.2645,33,9.612,4.175,12.306,45.03,25.1705,14.9108,0.1788,0.2105,0.1992,539.52,84.6825,85.05,85.245,82.2525,83.415,81.9975,43.2192,519.72,20.3442,520,488.84
72.2645,33,9.617,4.175,12.306,44.784,25.055,14.9108,0.1787,0.2108,0.1995,539.4,84.69,85.0725,85.275,82.2975,83.475,81.9975,43.2316,519.63,20.3592,520,488.84
72.2645,33,9.623,4.161,12.306,44.532,24.9285,14.9108,0.1785,0.211,0.1997,539.28,84.705,85.035,85.3125,82.3125,83.52,81.96,43.2481,519.51,20.3596,520,488.84
72.2645,33,9.63,4.137,12.306,44.274,24.7855,14.9108,0.1781,0.211,0.1998,539.16,84.6825,85.0575,85.32,82.3125,83.4825,81.945,43.2651,519.39,20.36,520,488.81
72.2138,32.995,9.634,4.1,12.305,44.226,24.703,14.9108,0.1776,0.2108,0.1996,539.04,84.63,85.05,85.3575,82.3275,83.5125,81.9825,43.2826,519.27,20.3604,520,488.81
72.2132,32.995,9.635,4.056,12.305,44.412,24.7195,14.9108,0.1771,0.2106,0.1993,538.96,84.6075,85.05,85.3275,82.3425,83.4975,81.9975,43.2931,519.21,20.3609,520,488.81
72.1619,32.99,9.632,4.027,12.305,44.694,24.813,14.9108,0.1771,0.2104,0.1992,538.92,84.5625,85.035,85.3125,82.35,83.505,81.9675,43.3038,519.15,20.3613,520,488.81
72.1607,32.99,9.629,4.034,12.305,44.85,24.9175,14.9108,0.1775,0.2102,0.199,538.92,84.5775,85.0125,85.35,82.365,83.5575,81.9225,43.3035,519.18,20.3617,520,488.81
72.1088,32.985,9.625,4.069,12.305,45.03,25.0055,14.9108,0.1778,0.2101,0.1988,539,84.5625,85.0125,85.3725,82.3575,83.5275,81.96,43.3031,519.21,20.3621,520,488.81
72.1069,32.985,9.621,4.108,12.305,45.204,25.099,14.9108,0.1782,0.2099,0.1987,539,84.5925,84.9975,85.38,82.32,83.5275,81.9975,43.3025,519.24,20.3625,520,488.81
72.1051,32.985,9.618,4.14,12.305,45.324,25.187,14.9108,0.1784,0.2098,0.1986,539.08,84.555,85.005,85.3575,82.365,83.52,81.99,43.298,519.3,20.3629,520,488.81
72.1032,32.985,9.614,4.163,12.305,45.438,25.253,14.9108,0.1785,0.2097,0.1984,539.16,84.5475,85.0125,85.305,82.3575,83.55,82.0125,43.2896,519.39,20.3634,520,488.81
72.1013,32.985,9.61,4.176,12.305,45.558,25.308,14.9108,0.1786,0.2095,0.1984,539.24,84.5475,84.975,85.35,82.335,83.5425,81.975,43.2808,519.48,20.3638,520,488.78
72.0994,32.985,9.607,4.184,12.305,45.648,25.363,14.9108,0.1786,0.2095,0.1983,539.4,84.5025,84.96,85.38,82.32,83.55,81.9975,43.2679,519.6,20.3642,520,488.78
72.1482,32.99,9.604,4.19,12.305,45.744,25.4125,14.9108,0.1787,0.2095,0.1982,539.48,84.5475,85.0125,85.4025,82.3425,83.535,82.02,43.2582,519.69,20.3496,520,488.78
72.1469,32.99,9.602,4.2,12.305,45.774,25.451,14.9108,0.1788,0.2094,0.1982,539.52,84.54,84.9975,85.395,82.3425,83.535,81.99,43.2557,519.72,20.3495,520,488.78
72.1457,32.99,9.6,4.211,12.305,45.756,25.4675,14.9108,0.1789,0.2095,0.1982,539.6,84.5775,85.0125,85.3875,82.365,83.52,82.005,43.2456,519.81,20.3494,520,488.78
72.1444,32.99,9.598,4.219,12.305,45.75,25.473,14.9108,0.1789,0.2096,0.1983,539.64,84.5775,85.0125,85.4025,82.38,83.4825,81.96,43.2426,519.84,20.3493,520,488.78
72.1938,32.995,9.598,4.221,12.305,45.69,25.4675,14.9108,0.1789,0.2097,0.1984,539.68,84.5475,85.0575,85.4025,82.38,83.505,82.005,43.2395,519.87,20.3493,520,488.78
72.1932,32.995,9.599,4.22,12.304,45.6,25.44,14.9108,0.1789,0.2097,0.1985,539.68,84.54,85.035,85.3725,82.4025,83.5125,82.005,43.24,519.87,20.3492,520,488.78
72.1925,32.995,9.6,4.216,12.304,45.492,25.396,14.9108,0.1789,0.2098,0.1986,539.72,84.585,85.0875,85.335,82.395,83.55,82.035,43.233,519.93,20.3491,520,488.78
72.1919,32.995,9.601,4.206,12.304,45.42,25.341,14.9108,0.1788,0.2099,0.1987,539.68,84.54,85.11,85.3425,82.41,83.535,82.0125,43.237,519.9,20.349,520,488.78
72.1913,32.995,9.604,4.195,12.304,45.306,25.297,14.9021,0.1787,0.2101,0.1988,539.68,84.5325,85.08,85.2975,82.4325,83.5425,82.02,43.2374,519.9,20.349,520,488.78
72.1907,32.995,9.607,4.185,12.304,45.156,25.22,14.9019,0.1787,0.2102,0.1991,539.64,84.5475,85.0725,85.2975,82.3875,83.505,82.0425,43.2454,519.84,20.3489,520,488.78
72.19,32.995,9.611,4.177,12.304,44.946,25.1265,14.9016,0.1786,0.2104,0.1991,539.6,84.5925,85.11,85.335,82.4175,83.52,82.0875,43.2498,519.81,20.3488,520,488.78
72.1894,32.995,9.614,4.161,12.302,44.862,25.0605,14.9099,0.1784,0.2106,0.1993,539.52,84.54,85.0875,85.29,82.4025,83.475,82.035,43.2618,519.72,20.3638,520,488.78
72.1888,32.995,9.619,4.145,12.302,44.688,24.989,14.9099,0.1782,0.2106,0.1993,539.44,84.51,85.14,85.26,82.4025,83.5125,82.035,43.2704,519.66,20.3642,520,488.78
72.1882,32.995,9.622,4.124,12.302,44.694,24.945,14.9099,0.1781,0.2106,0.1994,539.32,84.5025,85.125,85.245,82.395,83.52,81.99,43.2868,519.54,20.3646,520,488.78
72.1875,32.995,9.625,4.109,12.303,44.592,24.901,14.9099,0.178,0.2107,0.1995,539.24,84.5325,85.125,85.2525,82.4025,83.55,81.9525,43.2962,519.48,20.365,520,488.78
72.1869,32.995,9.628,4.102,12.303,44.526,24.8515,14.9099,0.1779,0.2106,0.1994,539.2,84.585,85.08,85.2975,82.365,83.5425,81.9525,43.3058,519.42,20.3654,520,488.78
72.1357,32.99,9.629,4.094,12.304,44.61,24.8515,14.9099,0.1778,0.2106,0.1993,539.12,84.585,85.125,85.2975,82.3275,83.505,82.005,43.3157,519.36,20.3658,520,488.78
72.1344,32.99,9.629,4.087,12.304,44.694,24.879,14.9099,0.1777,0.2104,0.1991,539.12,84.54,85.0875,85.35,82.32,83.5275,82.05,43.3183,519.36,20.3663,520,488.78
72.1331,32.99,9.626,4.086,12.304,44.898,24.9505,14.9099,0.1778,0.2102,0.199,539.12,84.585,85.065,85.3275,82.2675,83.4975,82.095,43.3209,519.36,20.3667,520,488.78
72.1319,32.99,9.624,4.096,12.304,45.048,25.033,14.9099,0.1779,0.21,0.1988,539.16,84.6,85.035,85.3275,82.275,83.4825,82.065,43.3197,519.39,20.3671,520,488.78
72.1306,32.99,9.62,4.115,12.304,45.192,25.11,14.9099,0.1781,0.2098,0.1986,539.24,84.615,85.08,85.305,82.2825,83.52,82.1025,43.3146,519.45,20.3525,520,488.78
72.0788,32.985,9.615,4.133,12.304,45.444,25.22,14.9099,0.1782,0.2096,0.1984,539.32,84.66,85.065,85.305,82.3275,83.5125,82.095,43.3056,519.54,20.3524,520,488.78
72.0769,32.985,9.61,4.151,12.304,45.642,25.3355,14.9099,0.1784,0.2094,0.1982,539.4,84.6975,85.0875,85.3275,82.305,83.55,82.065,43.2999,519.6,20.3523,520,488.78
72.1256,32.99,9.605,4.173,12.304,45.804,25.44,14.9099,0.1785,0.2093,0.198,539.56,84.6975,85.11,85.275,82.26,83.595,82.0575,43.2828,519.75,20.3522,520,488.78
72.1244,32.99,9.599,4.193,12.304,45.984,25.5335,14.9099,0.1787,0.2091,0.1979,539.68,84.72,85.1025,85.3125,82.2975,83.5575,82.035,43.2687,519.87,20.3522,520,488.78
72.1231,32.99,9.595,4.212,12.304,46.104,25.616,14.9099,0.1788,0.2091,0.1978,539.8,84.7575,85.125,85.2975,82.335,83.5125,82.0425,43.2542,519.99,20.3521,520,488.78
72.1219,32.99,9.59,4.229,12.304,46.188,25.682,14.9099,0.179,0.209,0.1978,539.88,84.7725,85.125,85.2525,82.335,83.5425,82.035,43.243,520.08,20.352,520,488.78
72.1713,32.995,9.587,4.246,12.304,46.206,25.726,14.9099,0.1792,0.209,0.1978,540,84.7725,85.0725,85.29,82.3725,83.52,82.0425,43.2277,520.2,20.3519,520,488.78
72.1706,32.995,9.584,4.257,12.304,46.212,25.748,14.9099,0.1792,0.209,0.1978,540.08,84.8025,85.1175,85.3275,82.3425,83.4975,82.0275,43.2193,520.26,20.3519,520,488.78
72.2207,33,9.583,4.263,12.304,46.176,25.759,14.9099,0.1792,0.209,0.1979,540.16,84.735,85.155,85.29,82.3575,83.505,82.0425,43.207,520.35,20.3518,520,488.78
72.2207,33,9.582,4.262,12.304,46.14,25.7535,14.9099,0.1792,0.2092,0.1979,540.24,84.765,85.1775,85.2825,82.3725,83.505,82.035,43.1943,520.44,20.3517,520,488.78
72.2207,33,9.581,4.257,12.304,46.092,25.737,14.9099,0.1791,0.2092,0.198,540.28,84.7275,85.1625,85.32,82.41,83.5125,81.99,43.1888,520.47,20.3516,520,488.78
72.2713,33.005,9.582,4.251,12.304,46.002,25.7095,14.9099,0.179,0.2093,0.1981,540.32,84.6975,85.1175,85.3125,82.4475,83.4675,81.9825,43.1831,520.5,20.3516,520,488.78
72.2719,33.005,9.583,4.244,12.303,45.906,25.671,14.9099,0.1789,0.2094,0.1982,540.36,84.6525,85.1625,85.305,82.47,83.445,82.0125,43.1774,520.53,20.3515,520,488.78
72.2725,33.005,9.584,4.234,12.303,45.834,25.627,14.9099,0.1789,0.2095,0.1983,540.36,84.615,85.185,85.32,82.4175,83.4675,82.0575,43.1752,520.53,20.3514,520,488.78
72.3238,33.01,9.586,4.223,12.303,45.726,25.5775,14.9099,0.1788,0.2097,0.1984,540.32,84.645,85.1325,85.2825,82.38,83.4375,82.035,43.1768,520.5,20.3513,520,488.78
72.325,33.01,9.589,4.214,12.303,45.588,25.517,14.9099,0.1788,0.2098,0.1986,540.24,84.6,85.1625,85.2525,82.3575,83.445,82.005,43.1823,520.44,20.3513,520,488.81
72.3263,33.01,9.593,4.205,12.303,45.432,25.44,14.9099,0.1787,0.2099,0.1987,540.24,84.6375,85.11,85.26,82.3725,83.4075,82.005,43.1805,520.44,20.3512,520,488.81
72.3275,33.01,9.596,4.192,12.303,45.312,25.3575,14.9099,0.1785,0.2102,0.1988,540.2,84.6375,85.0725,85.245,82.3425,83.4375,82.035,43.1863,520.38,20.3511,520,488.81
72.3288,33.01,9.601,4.176,12.303,45.168,25.275,14.9099,0.1785,0.2102,0.1991,540.08,84.66,85.0425,85.2075,82.38,83.4375,82.0425,43.1998,520.26,20.351,520,488.81
72.33,33.01,9.607,4.166,12.303,44.916,25.1705,14.9099,0.1781,0.2101,0.1988,540,84.69,85.005,85.23,82.335,83.43,82.0425,43.2062,520.2,20.3509,520,488.81
72.3313,33.01,9.606,4.137,12.303,45.186,25.1925,14.9099,0.1778,0.21,0.1988,539.92,84.7125,84.9975,85.2825,82.335,83.4225,82.065,43.2167,520.11,20.3509,520,488.81
72.3325,33.01,9.606,4.112,12.304,45.258,25.242,14.9099,0.1778,0.2101,0.1988,539.84,84.6825,84.975,85.3125,82.2975,83.46,82.0275,43.2238,520.05,20.3508,520,488.81
72.2832,33.005,9.606,4.116,12.304,45.222,25.253,14.9099,0.1781,0.2102,0.1989,539.8,84.6525,84.9975,85.35,82.26,83.4225,82.005,43.2311,519.99,20.3507,520,488.81
72.2838,33.005,9.608,4.136,12.304,45.138,25.2255,14.9099,0.1784,0.2102,0.199,539.72,84.6675,84.99,85.305,82.305,83.4675,82.0125,43.2349,519.96,20.3506,520,488.81
72.2844,33.005,9.611,4.153,12.304,45.042,25.176,14.9099,0.1785,0.2104,0.1991,539.68,84.6375,85.035,85.305,82.2675,83.43,81.9825,43.2426,519.9,20.3506,520,488.81
72.2851,33.005,9.614,4.159,12.304,44.922,25.1155,14.9099,0.1785,0.2105,0.1993,539.6,84.63,85.02,85.335,82.305,83.415,81.9375,43.2542,519.81,20.3505,520,488.81
72.2857,33.005,9.618,4.155,12.305,44.772,25.044,14.9099,0.1781,0.2102,0.199,539.56,84.5925,85.0425,85.2975,82.29,83.3925,81.9,43.2625,519.75,20.3504,520,488.81
72.2863,33.005,9.616,4.127,12.305,45.06,25.0935,14.9185,0.1776,0.2098,0.1986,539.56,84.5775,85.005,85.26,82.26,83.4525,81.87,43.2598,519.78,20.3503,520,488.81
72.2363,33,9.611,4.095,12.305,45.426,25.2255,14.9188,0.1775,0.2097,0.1984,539.6,84.6225,84.99,85.305,82.29,83.4225,81.885,43.2569,519.81,20.3503,520,488.81
72.2363,33,9.606,4.095,12.305,45.648,25.363,14.9191,0.1777,0.2094,0.1982,539.64,84.57,85.0275,85.3275,82.2525,83.4525,81.8925,43.2539,519.84,20.3502,520,488.81
72.2363,33,9.601,4.127,12.307,45.828,25.4785,14.9108,0.1782,0.2094,0.1981,539.68,84.555,85.08,85.305,82.2225,83.4225,81.855,43.2471,519.9,20.3501,520,488.81
72.2363,33,9.596,4.17,12.307,45.972,25.572,14.9108,0.1786,0.2093,0.198,539.72,84.5475,85.1025,85.26,82.23,83.4525,81.885,43.2437,519.93,20.35,520,488.81
72.2363,33,9.592,4.206,12.307,46.05,25.638,14.9108,0.1789,0.2092,0.1979,539.8,84.5025,85.1325,85.2375,82.275,83.46,81.885,43.2365,519.99,20.35,520,488.81
72.2869,33.005,9.589,4.231,12.306,46.08,25.6765,14.9108,0.179,0.2093,0.1979,539.88,84.5025,85.17,85.2,82.2825,83.4375,81.8625,43.2252,520.08,20.3499,520,488.81
72.2876,33.005,9.587,4.243,12.306,46.074,25.6875,14.9108,0.1791,0.2093,0.198,539.92,84.5475,85.1325,85.1625,82.245,83.4075,81.8325,43.2174,520.14,20.3498,520,488.81
72.2882,33.005,9.587,4.249,12.306,46.008,25.671,14.9108,0.1792,0.2094,0.1981,539.96,84.5625,85.1775,85.185,82.2675,83.4375,81.8625,43.2131,520.17,20.3497,520,488.81
72.3394,33.01,9.587,4.249,12.306,45.912,25.638,14.9108,0.1791,0.2095,0.1982,540,84.5475,85.17,85.17,82.2975,83.4225,81.8625,43.2086,520.2,20.3496,520,488.81
72.3407,33.01,9.589,4.244,12.306,45.81,25.594,14.9108,0.1791,0.2096,0.1983,540,84.57,85.185,85.1775,82.3275,83.3775,81.8325,43.2041,520.23,20.3496,520,488.81
72.3419,33.01,9.591,4.235,12.306,45.678,25.539,14.9108,0.179,0.2097,0.1984,540.04,84.6,85.215,85.17,82.3575,83.3475,81.885,43.2031,520.23,20.3495,520,488.81
72.3432,33.01,9.593,4.222,12.306,45.552,25.473,14.9108,0.1788,0.2098,0.1985,540.04,84.6075,85.17,85.1475,82.3425,83.3475,81.8625,43.2022,520.23,20.3494,520,488.81
72.3444,33.01,9.596,4.206,12.306,45.456,25.407,14.9108,0.1787,0.2101,0.1988,540,84.57,85.1475,85.1175,82.365,83.3475,81.885,43.205,520.2,20.3493,520,488.81
72.3457,33.01,9.6,4.194,12.306,45.252,25.319,14.9108,0.1788,0.2103,0.199,539.92,84.6225,85.0875,85.095,82.3275,83.385,81.9225,43.2117,520.14,20.3493,520,488.81
72.3469,33.01,9.606,4.186,12.305,44.976,25.198,14.9108,0.1788,0.2106,0.1993,539.8,84.6,85.08,85.1625,82.2825,83.415,81.885,43.2262,520.02,20.3492,520,488.81
72.3482,33.01,9.613,4.175,12.305,44.676,25.055,14.9108,0.1787,0.211,0.1996,539.68,84.555,85.08,85.185,82.26,83.385,81.885,43.2412,519.9,20.3491,520,488.81
72.3494,33.01,9.621,4.155,12.306,44.394,24.8955,14.9108,0.1784,0.2111,0.1999,539.52,84.57,85.05,85.1775,82.29,83.3625,81.885,43.2641,519.72,20.349,520,488.81
72.3507,33.01,9.63,4.125,12.306,44.118,24.736,14.9108,0.1777,0.2109,0.1996,539.36,84.6075,85.0125,85.155,82.2525,83.37,81.9,43.284,519.57,20.349,520,488.81
72.3519,33.01,9.63,4.125,12.306,44.436,24.736,14.9108,0.1777,0.2109,0.1996,539.36,84.6075,85.0125,85.155,82.2525,83.37,81.9,43.3008,519.45,20.3489,520,488.81
72.3532,33.01,9.63,4.125,12.306,44.436,24.736,14.9108,0.1777,0.2109,0.1996,539.36,84.6075,85.0125,85.155,82.2525,83.37,81.9,43.303,519.45,20.3488,520,488.81
72.3544,33.01,9.63,4.125,12.306,44.436,24.736,14.9108,0.1777,0.2109,0.1996,539.36,84.6075,85.0125,85.155,82.2525,83.37,81.9,43.3052,519.45,20.3487,520,488.81
72.3557,33.01,9.63,4.071,12.306,44.436,24.758,14.9108,0.1771,0.2106,0.1994,539.24,84.615,85.0575,85.1625,82.2225,83.3625,81.9075,43.3075,519.45,20.3487,520,488.81
72.3063,33.005,9.629,4.028,12.306,44.646,24.8405,14.9108,0.1768,0.2102,0.1989,539.2,84.57,85.08,85.1475,82.2375,83.3925,81.885,43.3097,519.45,20.3486,520,488.81
72.2563,33,9.623,4.018,12.306,45.078,25,14.9108,0.177,0.2099,0.1987,539.2,84.57,85.11,85.1625,82.275,83.4075,81.9375,43.3119,519.45,20.3485,520,488.81
72.2563,33,9.617,4.051,12.306,45.366,25.176,14.9108,0.1776,0.2096,0.1984,539.28,84.615,85.1475,85.1625,82.2375,83.4225,81.93,43.3066,519.51,20.3484,520,488.81
72.2563,33,9.609,4.106,12.306,45.66,25.3355,14.9108,0.1781,0.2094,0.1981,539.36,84.57,85.155,85.2225,82.275,83.43,81.9675,43.3011,519.57,20.3484,520,488.81
72.2563,33,9.603,4.158,12.306,45.9,25.4895,14.9108,0.1785,0.2092,0.1979,539.44,84.5925,85.11,85.2525,82.2825,83.4225,81.9375,43.2915,519.66,20.3483,520,488.81
72.2563,33,9.596,4.198,12.306,46.098,25.616,14.9108,0.1788,0.209,0.1978,539.6,84.54,85.14,85.23,82.26,83.445,81.9225,43.2741,519.81,20.3482,520,488.81
72.2563,33,9.59,4.225,12.306,46.254,25.715,14.9108,0.1789,0.2089,0.1976,539.76,84.5625,85.125,85.215,82.2825,83.4375,81.915,43.2523,519.99,20.3481,520,488.81
72.2563,33,9.585,4.243,12.306,46.392,25.792,14.9108,0.179,0.2089,0.1975,539.92,84.525,85.1175,85.1775,82.26,83.4225,81.9375,43.2374,520.11,20.348,520,488.81
72.307,33.005,9.581,4.258,12.306,46.458,25.8525,14.9108,0.1792,0.2087,0.1976,540,84.5475,85.1025,85.1925,82.305,83.4,81.975,43.2219,520.23,20.348,520,488.81
72.3076,33.005,9.578,4.273,12.306,46.44,25.88,14.9108,0.1793,0.2089,0.1976,540.16,84.5175,85.1475,85.1625,82.2525,83.4075,81.99,43.2022,520.38,20.3479,520,488.81
72.3588,33.01,9.575,4.281,12.306,46.44,25.891,14.9108,0.1793,0.2089,0.1976,540.24,84.51,85.14,85.17,82.2675,83.415,81.975,43.1931,520.44,20.3478,520,488.81
72.3601,33.01,9.575,4.285,12.306,46.362,25.891,14.9108,0.1794,0.209,0.1978,540.32,84.495,85.14,85.2,82.29,83.4525,81.9525,43.1838,520.5,20.3477,520,488.81
72.4119,33.015,9.575,4.285,12.306,46.254,25.858,14.9108,0.1794,0.2091,0.1979,540.32,84.465,85.095,85.23,82.335,83.505,81.9675,43.1781,520.53,20.3477,520,488.81
72.4138,33.015,9.576,4.28,12.306,46.098,25.803,14.9108,0.1793,0.2093,0.198,540.4,84.5175,85.125,85.23,82.3575,83.46,81.9675,43.1684,520.59,20.3476,520,488.81
72.4157,33.015,9.578,4.268,12.306,45.966,25.726,14.9108,0.1792,0.2094,0.1982,540.4,84.48,85.095,85.2375,82.305,83.475,81.9825,43.166,520.59,20.3475,520,488.84
72.4682,33.02,9.581,4.251,12.305,45.804,25.6545,14.9108,0.179,0.2096,0.1984,540.4,84.4575,85.1175,85.26,82.3425,83.5125,81.9375,43.1674,520.56,20.3474,520,488.84
72.4707,33.02,9.585,4.234,12.305,45.636,25.561,14.9108,0.1789,0.2098,0.1986,540.36,84.45,85.08,85.2825,82.3275,83.475,81.915,43.1689,520.53,20.3474,520,488.84
72.4732,33.02,9.59,4.217,12.305,45.408,25.451,14.9108,0.1789,0.2102,0.1989,540.28,84.5025,85.05,85.3125,82.3725,83.49,81.8775,43.178,520.44,20.3473,520,488.84
72.4757,33.02,9.597,4.204,12.305,45.09,25.308,14.9108,0.1788,0.2105,0.1992,540.16,84.5325,85.0425,85.305,82.365,83.5425,81.9075,43.1875,520.35,20.3472,520,488.84
72.4782,33.02,9.605,4.184,12.305,44.814,25.154,14.9108,0.1786,0.2107,0.1995,540,84.5475,85.08,85.26,82.38,83.55,81.9075,43.2049,520.2,20.3471,520,488.84
72.4807,33.02,9.614,4.159,12.305,44.496,24.9835,14.9108,0.1781,0.2106,0.1994,539.84,84.57,85.0725,85.2225,82.395,83.5275,81.9,43.2229,520.05,20.3471,520,488.84
72.4326,33.015,9.617,4.114,12.305,44.592,24.934,14.9108,0.1776,0.2106,0.1994,539.72,84.54,85.095,85.275,82.3725,83.5275,81.9525,43.2377,519.93,20.347,520,488.84
72.4345,33.015,9.62,4.072,12.305,44.628,24.923,14.9108,0.1773,0.2106,0.1993,539.6,84.5175,85.1175,85.3125,82.3275,83.49,81.9975,43.253,519.81,20.3469,520,488.84
72.3857,33.01,9.621,4.055,12.306,44.682,24.934,14.9108,0.1774,0.2105,0.1992,539.52,84.5325,85.1025,85.305,82.3725,83.4375,82.005,43.2613,519.75,20.3468,520,488.84
72.387,33.01,9.621,4.06,12.306,44.79,24.9725,14.9108,0.1776,0.2104,0.1991,539.48,84.54,85.095,85.3125,82.32,83.46,82.02,43.2698,519.69,20.3468,520,488.84
72.3376,33.005,9.62,4.077,12.306,44.904,25.022,14.9108,0.1778,0.2103,0.1991,539.44,84.5475,85.08,85.35,82.29,83.46,82.02,43.2786,519.63,20.3467,520,488.84
72.3382,33.005,9.619,4.101,12.306,44.958,25.0605,14.9108,0.1781,0.2103,0.1991,539.4,84.5625,85.05,85.3575,82.2675,83.5125,82.0575,43.2838,519.6,20.3466,520,488.84
72.3389,33.005,9.619,4.124,12.306,44.976,25.0825,14.9108,0.1783,0.2103,0.1991,539.36,84.555,85.095,85.3125,82.245,83.49,82.05,43.2892,519.57,20.3465,520,488.84
72.3395,33.005,9.619,4.139,12.306,44.952,25.0825,14.9108,0.1784,0.2104,0.1991,539.32,84.5775,85.05,85.3575,82.2225,83.505,82.065,43.2947,519.54,20.3464,520,488.84
72.3401,33.005,9.621,4.148,12.307,44.886,25.055,14.9108,0.1784,0.2104,0.1992,539.28,84.615,85.035,85.3725,82.2525,83.52,82.0125,43.3003,519.51,20.3464,520,488.84
72.3407,33.005,9.622,4.147,12.307,44.832,25.022,14.9108,0.1779,0.2098,0.1986,539.32,84.57,85.08,85.32,82.305,83.52,81.975,43.2985,519.54,20.3613,520,488.84
72.2907,33,9.615,4.116,12.307,45.438,25.187,14.9194,0.1775,0.2095,0.1982,539.36,84.5475,85.05,85.3125,82.2675,83.475,82.02,43.2966,519.57,20.3617,520,488.84
72.2907,33,9.607,4.098,12.307,45.798,25.3795,14.9196,0.1776,0.2092,0.1979,539.44,84.555,85.095,85.275,82.26,83.4825,81.975,43.2871,519.66,20.3622,520,488.84
72.2907,33,9.599,4.122,12.307,46.092,25.5665,14.9199,0.178,0.209,0.1977,539.56,84.54,85.05,85.2975,82.3125,83.5275,82.005,43.2734,519.78,20.3475,520,488.84
72.2907,33,9.59,4.169,12.308,46.35,25.7205,14.9116,0.1785,0.2087,0.1975,539.72,84.54,85.0425,85.29,82.335,83.52,82.0125,43.2555,519.93,20.3475,520,488.84
72.2907,33,9.583,4.217,12.308,46.542,25.847,14.9116,0.1789,0.2086,0.1973,539.88,84.5025,84.9975,85.2975,82.3275,83.52,82.05,43.237,520.08,20.3474,520,488.84
72.2907,33,9.577,4.256,12.308,46.662,25.9405,14.9116,0.1792,0.2086,0.1973,540.04,84.4725,85.035,85.2675,82.35,83.4975,82.0125,43.2179,520.23,20.3473,520,488.84
72.3414,33.005,9.573,4.284,12.306,46.716,26.001,14.9116,0.1794,0.2086,0.1973,540.16,84.5325,85.0425,85.2375,82.35,83.4675,81.99,43.202,520.35,20.3472,520,488.84
72.342,33.005,9.57,4.302,12.306,46.686,26.0285,14.9116,0.1795,0.2086,0.1973,540.28,84.5625,85.02,85.26,82.3575,83.505,82.035,43.1855,520.47,20.3472,520,488.84
72.3932,33.01,9.567,4.31,12.306,46.656,26.034,14.9116,0.1795,0.2087,0.1974,540.4,84.525,85.0125,85.2825,82.3725,83.52,82.08,43.1686,520.59,20.3471,520,488.84
72.4451,33.015,9.566,4.311,12.306,46.566,26.023,14.9116,0.1795,0.2089,0.1976,540.48,84.525,85.0125,85.32,82.38,83.535,82.0275,43.1587,520.65,20.347,520,488.84
72.447,33.015,9.567,4.307,12.306,46.416,25.9735,14.9116,0.1795,0.209,0.1978,540.52,84.5325,85.065,85.2975,82.41,83.4825,81.975,43.1523,520.68,20.3469,520,488.84
72.4995,33.02,9.569,4.299,12.306,46.242,25.9075,14.9116,0.1794,0.2091,0.1979,540.52,84.5025,85.1025,85.335,82.4175,83.4825,81.975,43.1458,520.71,20.3469,520,488.84
72.502,33.02,9.572,4.285,12.306,46.056,25.814,14.9116,0.1793,0.2094,0.1981,540.56,84.5625,85.11,85.32,82.3875,83.49,81.945,43.1392,520.74,20.3468,520,488.84
72.5045,33.02,9.575,4.264,12.305,45.888,25.715,14.9116,0.179,0.2095,0.1983,540.52,84.5925,85.1175,85.29,82.395,83.4525,81.96,43.1399,520.71,20.3467,520,488.87
72.507,33.02,9.58,4.242,12.305,45.69,25.616,14.9116,0.1789,0.2098,0.1986,540.48,84.6375,85.095,85.2825,82.335,83.415,81.9225,43.1408,520.68,20.3466,520,488.87
72.5601,33.025,9.586,4.222,12.305,45.432,25.4895,14.9116,0.1788,0.2101,0.1989,540.4,84.6225,85.1025,85.2525,82.3575,83.46,81.945,43.1494,520.59,20.3465,520,488.87
72.5632,33.025,9.594,4.204,12.305,45.126,25.341,14.9116,0.1787,0.2104,0.1991,540.28,84.63,85.0725,85.2825,82.335,83.475,81.945,43.162,520.47,20.3465,520,488.87
72.5158,33.02,9.602,4.182,12.305,44.838,25.176,14.9116,0.1785,0.2106,0.1994,540.16,84.6375,85.0725,85.245,82.305,83.43,81.9,43.1751,520.35,20.3464,520,488.87
72.5183,33.02,9.61,4.152,12.305,44.568,25.022,14.9116,0.1782,0.2109,0.1997,539.96,84.6,85.095,85.23,82.335,83.4,81.9375,43.1963,520.17,20.3463,520,488.87
72.5208,33.02,9.618,4.119,12.305,44.358,24.8845,14.9116,0.1777,0.2109,0.1996,539.8,84.6375,85.1325,85.2225,82.29,83.43,81.9225,43.2181,519.99,20.3462,520,488.87
72.4726,33.015,9.622,4.078,12.305,44.376,24.824,14.9116,0.1774,0.211,0.1997,539.6,84.5925,85.155,85.2075,82.3425,83.3925,81.9375,43.2407,519.81,20.3462,520,488.87
72.4745,33.015,9.626,4.049,12.306,44.352,24.7965,14.9116,0.1773,0.211,0.1997,539.44,84.63,85.1325,85.2525,82.3125,83.355,81.9,43.2603,519.66,20.3461,520,488.87
72.4257,33.01,9.63,4.042,12.306,44.304,24.769,14.9116,0.1775,0.2109,0.1997,539.28,84.645,85.1025,85.2525,82.29,83.4,81.9375,43.2804,519.51,20.346,520,488.87
72.427,33.01,9.632,4.049,12.306,44.28,24.747,14.9116,0.1767,0.2097,0.1985,539.24,84.6075,85.1175,85.2225,82.32,83.445,81.975,43.2899,519.45,20.3459,520,488.87
72.3776,33.005,9.617,4.014,12.306,45.54,25.11,14.9116,0.176,0.2089,0.1975,539.32,84.5625,85.155,85.23,82.3575,83.46,81.975,43.2809,519.54,20.3459,520,488.87
72.3276,33,9.598,3.998,12.306,46.464,25.572,14.9116,0.1763,0.2081,0.1968,539.48,84.5775,85.1325,85.2375,82.3725,83.49,81.9975,43.2602,519.72,20.3458,520,488.87
72.3276,33,9.578,4.06,12.307,47.232,26.0395,14.9116,0.1772,0.2074,0.1961,539.76,84.5925,85.08,85.2225,82.365,83.5425,81.9525,43.2313,519.96,20.3457,520,488.87
72.3276,33,9.558,4.165,12.307,47.886,26.452,14.9116,0.1782,0.2069,0.1956,540.08,84.5925,85.035,85.2,82.395,83.5275,81.915,43.1901,520.29,20.3456,520,488.87
72.3276,33,9.54,4.267,12.307,48.426,26.793,14.9116,0.179,0.2065,0.1952,540.44,84.555,85.0125,85.1925,82.335,83.5725,81.9225,43.1476,520.62,20.3456,520,488.87
72.3783,33.005,9.524,4.349,12.307,48.786,27.0625,14.9116,0.1796,0.2063,0.195,540.8,84.585,85.02,85.1925,82.3275,83.595,81.8925,43.1,520.98,20.3455,520,488.87
72.4295,33.01,9.511,4.412,12.307,48.984,27.244,14.9116,0.1802,0.2062,0.195,541.16,84.5625,85.02,85.23,82.3425,83.535,81.8925,43.0547,521.31,20.3454,520,488.87
72.4814,33.015,9.502,4.458,12.306,49.038,27.343,14.9116,0.1805,0.2062,0.195,541.48,84.6,85.0275,85.185,82.38,83.55,81.885,43.0081,521.64,20.3453,520,488.87
72.5845,33.025,9.494,4.491,12.306,48.99,27.4035,14.9116,0.1807,0.2063,0.1951,541.76,84.6,85.005,85.1625,82.365,83.5575,81.93,42.9676,521.91,20.3453,520,488.9
72.6383,33.03,9.49,4.511,12.306,48.846,27.398,14.9116,0.1809,0.2066,0.1954,542,84.6,84.975,85.1325,82.3725,83.535,81.96,42.9336,522.12,20.3452,520,488.9
72.6926,33.035,9.489,4.518,12.305,48.624,27.343,14.9116,0.181,0.207,0.1957,542.16,84.645,85.0275,85.1625,82.395,83.49,81.9675,42.9062,522.27,20.3451,520,488.9
72.7982,33.045,9.491,4.516,12.305,48.3,27.233,14.9116,0.181,0.2073,0.1961,542.24,84.63,85.035,85.17,82.35,83.5125,81.9975,42.8896,522.33,20.345,520,488.93
72.8545,33.05,9.496,4.503,12.305,47.886,27.068,14.903,0.1808,0.2078,0.1965,542.28,84.5775,85.065,85.155,82.3125,83.4975,82.0275,42.8689,522.42,20.3449,520,488.93
72.9114,33.055,9.503,4.476,12.304,47.466,26.859,14.9027,0.1806,0.2082,0.197,542.24,84.5625,85.0875,85.1925,82.275,83.49,82.005,42.8666,522.36,20.3449,520,488.96
72.9689,33.06,9.513,4.439,12.304,46.974,26.617,14.9024,0.1802,0.2087,0.1975,542.16,84.6,85.08,85.2,82.2525,83.52,81.9975,42.8684,522.27,20.3448,520,488.96
72.9764,33.06,9.525,4.39,12.302,46.47,26.353,14.9021,0.1799,0.2093,0.1982,542.04,84.6375,85.035,85.2225,82.245,83.5575,81.9825,42.8742,522.15,20.3447,520,488.96
73.0345,33.065,9.541,4.339,12.302,45.804,26.0285,14.9019,0.1795,0.21,0.1988,541.84,84.6375,85.05,85.26,82.275,83.52,81.9975,42.8918,521.94,20.3446,520,488.99
73.0426,33.065,9.558,4.279,12.302,45.156,25.6765,14.9102,0.1789,0.2107,0.1994,541.56,84.5925,85.05,85.245,82.2825,83.535,82.0425,42.914,521.7,20.3446,520,488.99
73.0508,33.065,9.577,4.208,12.303,44.526,25.319,14.9102,0.1783,0.2114,0.2001,541.16,84.5925,85.035,85.245,82.3125,83.55,81.99,42.956,521.31,20.3445,520,488.99
73.0082,33.06,9.597,4.131,12.303,43.842,24.9505,14.9102,0.1776,0.2118,0.2006,540.72,84.57,85.0425,85.2825,82.2675,83.5125,81.9975,43.0071,520.86,20.3444,520,489.02
72.9651,33.055,9.616,4.048,12.305,43.35,24.615,14.9102,0.1759,0.2112,0.2,540.28,84.57,85.0875,85.32,82.2375,83.505,82.0125,43.0525,520.47,20.3443,520,489.02
72.9214,33.05,9.618,3.927,12.305,44.04,24.67,14.9102,0.1746,0.2106,0.1995,540,84.585,85.05,85.275,82.2225,83.5275,82.0275,43.0881,520.17,20.3443,520,489.02
72.8264,33.04,9.615,3.839,12.306,44.55,24.857,14.9102,0.1747,0.2103,0.199,539.8,84.615,85.05,85.245,82.215,83.505,82.0575,43.1063,520.02,20.3442,520,489.02
72.7808,33.035,9.609,3.86,12.306,44.994,25.0825,14.9102,0.1758,0.21,0.1988,539.68,84.6375,85.1025,85.2825,82.2075,83.4675,82.0875,43.125,519.87,20.3441,520,489.02
72.7345,33.03,9.604,3.962,12.307,45.264,25.2695,14.9102,0.1771,0.2099,0.1986,539.64,84.6225,85.125,85.2825,82.1775,83.4375,82.125,43.1292,519.84,20.344,520,489.02
72.6876,33.025,9.6,4.073,12.307,45.462,25.4015,14.9102,0.1781,0.2098,0.1986,539.56,84.645,85.1175,85.2825,82.215,83.4,82.11,43.1374,519.78,20.344,520,489.02
72.6907,33.025,9.599,4.151,12.307,45.45,25.4565,14.9102,0.1786,0.2099,0.1987,539.56,84.675,85.0725,85.275,82.1775,83.4225,82.11,43.142,519.75,20.3439,520,489.02
72.6939,33.025,9.599,4.189,12.308,45.354,25.4345,14.9188,0.1787,0.2101,0.1988,539.56,84.6675,85.0875,85.29,82.1775,83.4525,82.0875,43.1431,519.75,20.3438,520,489.02
72.697,33.025,9.602,4.192,12.308,45.222,25.3685,14.9191,0.1786,0.2102,0.199,539.52,84.6975,85.11,85.2825,82.215,83.4825,82.0425,43.1478,519.72,20.3437,520,488.99
72.6495,33.02,9.606,4.177,12.309,45.024,25.2695,14.9194,0.1785,0.2106,0.1993,539.48,84.6375,85.155,85.2375,82.26,83.49,82.02,43.1527,519.69,20.3436,520,488.99
72.652,33.02,9.612,4.156,12.31,44.796,25.143,14.9196,0.1784,0.2108,0.1996,539.36,84.615,85.185,85.29,82.2225,83.52,82.0275,43.169,519.57,20.3436,520,488.99
72.6545,33.02,9.619,4.136,12.31,44.49,24.9835,14.9199,0.178,0.2107,0.1996,539.24,84.5925,85.125,85.245,82.26,83.505,82.0425,43.182,519.48,20.3435,520,488.99
72.6064,33.015,9.623,4.103,12.31,44.472,24.8955,14.9202,0.1772,0.2104,0.1991,539.2,84.555,85.1325,85.29,82.2825,83.55,82.0575,43.1916,519.42,20.3434,520,488.99
72.6083,33.015,9.62,4.051,12.31,44.952,24.9945,14.9205,0.1768,0.2101,0.1988,539.12,84.57,85.17,85.2975,82.305,83.5575,82.0875,43.2015,519.36,20.3433,520,488.99
72.5595,33.01,9.616,4.027,12.31,45.186,25.1265,14.9208,0.177,0.21,0.1987,539.12,84.555,85.185,85.2825,82.305,83.535,82.0425,43.2041,519.36,20.3433,520,488.99
72.5608,33.01,9.612,4.053,12.311,45.318,25.22,14.921,0.1777,0.2099,0.1987,539.16,84.54,85.2,85.2375,82.35,83.5275,82.08,43.2067,519.36,20.3432,520,488.99
72.5114,33.005,9.611,4.106,12.311,45.336,25.2585,14.9127,0.1783,0.2099,0.1987,539.2,84.5625,85.1775,85.2075,82.38,83.535,82.0575,43.2017,519.42,20.3431,520,488.99
72.512,33.005,9.61,4.151,12.311,45.312,25.2585,14.9127,0.1786,0.2101,0.1988,539.24,84.6,85.2075,85.23,82.3875,83.565,82.0125,43.1966,519.48,20.343,520,488.99
72.5127,33.005,9.61,4.174,12.311,45.282,25.242,14.9127,0.1787,0.2102,0.1989,539.24,84.585,85.185,85.2225,82.365,83.5275,82.0575,43.2024,519.45,20.343,520,488.96
72.5133,33.005,9.613,4.182,12.309,45.078,25.1815,14.9127,0.1788,0.2105,0.1992,539.2,84.54,85.2225,85.185,82.395,83.49,82.0725,43.2084,519.42,20.3429,520,488.96
72.5139,33.005,9.618,4.181,12.309,44.814,25.066,14.9127,0.1788,0.2106,0.1995,539.12,84.54,85.1625,85.23,82.395,83.4675,82.0575,43.2183,519.36,20.3428,520,488.96
72.5145,33.005,9.624,4.166,12.308,44.544,24.923,14.9127,0.1783,0.2106,0.1994,539.08,84.5625,85.155,85.215,82.4175,83.505,82.065,43.2284,519.3,20.3427,520,488.96
72.4645,33,9.626,4.126,12.308,44.616,24.879,14.9127,0.1778,0.2106,0.1993,539.04,84.5475,85.14,85.2,82.3875,83.55,82.08,43.2349,519.27,20.3427,520,488.96
72.4645,33,9.627,4.085,12.308,44.658,24.868,14.9127,0.1776,0.2106,0.1994,538.96,84.555,85.125,85.215,82.395,83.5125,82.035,43.2492,519.18,20.3426,520,488.96
72.4139,32.995,9.63,4.071,12.308,44.58,24.846,14.9127,0.1776,0.2106,0.1993,538.92,84.57,85.1475,85.1775,82.3425,83.535,82.02,43.2562,519.15,20.3425,520,488.96
72.4133,32.995,9.63,4.072,12.308,44.664,24.857,14.9127,0.1777,0.2106,0.1993,538.88,84.6075,85.17,85.1925,82.3575,83.4975,81.9975,43.2634,519.12,20.3424,520,488.96
72.362,32.99,9.63,4.079,12.308,44.706,24.8735,14.9127,0.1779,0.2106,0.1993,538.88,84.57,85.14,85.2375,82.38,83.4975,81.975,43.2707,519.09,20.3574,520,488.93
72.3608,32.99,9.63,4.092,12.308,44.718,24.8845,14.9127,0.1781,0.2106,0.1994,538.8,84.5925,85.125,85.275,82.35,83.4975,81.9375,43.2819,519.03,20.3578,520,488.93
72.3595,32.99,9.631,4.108,12.308,44.622,24.8625,14.9127,0.1783,0.2108,0.1995,538.76,84.555,85.125,85.26,82.3275,83.4675,81.9825,43.2896,519,20.3582,520,488.93
72.3583,32.99,9.634,4.12,12.308,44.496,24.8075,14.9127,0.1784,0.2108,0.1997,538.68,84.57,85.1625,85.2825,82.3275,83.4525,81.9525,43.3012,518.94,20.3586,520,488.93
72.3064,32.985,9.637,4.121,12.307,44.352,24.7305,14.9127,0.1778,0.2102,0.1991,538.68,84.585,85.14,85.305,82.3125,83.4525,81.945,43.3054,518.94,20.359,520,488.93
72.3045,32.985,9.631,4.085,12.307,44.94,24.868,14.9127,0.1771,0.2098,0.1986,538.76,84.585,85.1775,85.2675,82.32,83.43,81.945,43.3022,519,20.3595,520,488.93
72.252,32.98,9.622,4.052,12.307,45.42,25.0825,14.9127,0.1772,0.2096,0.1983,538.84,84.54,85.17,85.2675,82.3575,83.4,81.96,43.295,519.09,20.3599,520,488.9
72.2495,32.98,9.614,4.069,12.307,45.72,25.2805,14.9127,0.1777,0.2094,0.198,538.96,84.5325,85.125,85.2825,82.3875,83.415,81.975,43.2836,519.21,20.3603,520,488.9
72.247,32.98,9.606,4.123,12.307,45.966,25.451,14.9127,0.1784,0.2092,0.1979,539.08,84.57,85.17,85.23,82.38,83.4675,82.005,43.2755,519.3,20.3607,520,488.9
72.2445,32.98,9.599,4.184,12.306,46.128,25.583,14.9127,0.1788,0.209,0.1978,539.2,84.555,85.1775,85.215,82.3725,83.505,81.975,43.2633,519.42,20.3611,520,488.9
72.242,32.98,9.593,4.229,12.306,46.23,25.6655,14.9127,0.1792,0.209,0.1977,539.36,84.5475,85.1625,85.2075,82.3575,83.52,81.9675,43.2469,519.57,20.3615,520,488.9
72.2901,32.985,9.589,4.256,12.306,46.272,25.7095,14.9041,0.1793,0.209,0.1977,539.48,84.5175,85.2,85.1775,82.32,83.55,81.9525,43.2298,519.72,20.362,520,488.9
72.2883,32.985,9.585,4.269,12.306,46.278,25.737,14.9038,0.1793,0.209,0.1978,539.6,84.5025,85.1475,85.1625,82.365,83.565,81.9225,43.2197,519.81,20.3473,520,488.9
72.2864,32.985,9.583,4.274,12.305,46.218,25.7425,14.9035,0.1794,0.2091,0.1979,539.68,84.465,85.125,85.1325,82.4025,83.6025,81.93,43.2092,519.9,20.3473,520,488.9
72.3351,32.99,9.583,4.275,12.303,46.104,25.726,14.9033,0.1794,0.2092,0.198,539.76,84.4875,85.17,85.1475,82.38,83.595,81.9375,43.2021,519.96,20.3472,520,488.9
72.3339,32.99,9.584,4.271,12.303,45.966,25.682,14.903,0.1793,0.2094,0.1981,539.8,84.4575,85.125,85.1925,82.3875,83.5725,81.9525,43.1947,520.02,20.3471,520,488.9
72.3832,32.995,9.585,4.259,12.303,45.834,25.616,14.9027,0.1792,0.2094,0.1983,539.84,84.48,85.1325,85.185,82.3575,83.595,81.9375,43.1909,520.05,20.347,520,488.9
72.3826,32.995,9.588,4.243,12.303,45.672,25.5445,14.9024,0.179,0.2097,0.1984,539.92,84.5175,85.17,85.2225,82.3875,83.5875,81.975,43.1832,520.11,20.347,520,488.9
72.382,32.995,9.591,4.224,12.302,45.552,25.4675,14.9021,0.1789,0.21,0.1987,539.88,84.5625,85.185,85.2675,82.35,83.55,81.99,43.1865,520.08,20.3469,520,488.9
72.3814,32.995,9.597,4.211,12.302,45.252,25.352,14.9019,0.1789,0.2103,0.1991,539.8,84.6075,85.1925,85.2375,82.3725,83.565,82.005,43.1937,520.02,20.3468,520,488.9
72.3807,32.995,9.604,4.201,12.302,44.904,25.1925,14.9016,0.1789,0.2106,0.1994,539.72,84.57,85.1775,85.26,82.3275,83.52,82.035,43.2086,519.9,20.3467,520,488.9
72.3801,32.995,9.613,4.184,12.302,44.538,25.011,14.9013,0.1787,0.211,0.1998,539.56,84.6075,85.215,85.245,82.3125,83.5125,81.9975,43.2241,519.78,20.3617,520,488.9
72.3795,32.995,9.622,4.152,12.302,44.202,24.8185,14.901,0.1784,0.2113,0.2001,539.36,84.57,85.245,85.245,82.26,83.49,82.0275,43.2475,519.6,20.3621,520,488.9
72.3789,32.995,9.632,4.112,12.302,43.884,24.6315,14.9008,0.177,0.2103,0.1991,539.24,84.5925,85.2,85.215,82.2825,83.445,82.065,43.2679,519.45,20.3625,520,488.9
72.3276,32.99,9.624,4.023,12.302,44.874,24.846,14.9091,0.1759,0.2097,0.1984,539.2,84.585,85.155,85.1775,82.2975,83.475,82.1025,43.2739,519.42,20.3629,520,488.9
72.2758,32.985,9.613,3.962,12.302,45.54,25.1595,14.9091,0.1761,0.2091,0.198,539.28,84.6075,85.1925,85.155,82.2525,83.43,82.065,43.2687,519.48,20.3634,520,488.9
72.2739,32.985,9.602,3.997,12.303,46.008,25.4565,14.9091,0.177,0.2088,0.1975,539.44,84.555,85.2,85.1775,82.23,83.415,82.0875,43.2483,519.66,20.3638,520,488.87
72.2214,32.98,9.589,4.089,12.304,46.476,25.7205,14.9091,0.1779,0.2085,0.1972,539.6,84.5925,85.2075,85.1775,82.215,83.4,82.1025,43.2346,519.78,20.3491,520,488.87
72.2695,32.985,9.578,4.183,12.304,46.83,25.9625,14.9091,0.1787,0.2082,0.1969,539.76,84.5625,85.1775,85.245,82.2675,83.43,82.0725,43.213,519.96,20.3491,520,488.87
72.2676,32.985,9.568,4.255,12.304,47.076,26.144,14.9091,0.1792,0.2081,0.1968,539.92,84.5175,85.14,85.2,82.275,83.4375,82.0425,43.1906,520.14,20.349,520,488.87
72.3163,32.99,9.56,4.304,12.303,47.202,26.2595,14.9091,0.1795,0.2081,0.1967,540.12,84.5775,85.14,85.2,82.3275,83.4525,82.08,43.1675,520.32,20.3489,520,488.87
72.3151,32.99,9.555,4.334,12.303,47.22,26.3145,14.9091,0.1797,0.2082,0.1968,540.28,84.54,85.17,85.2225,82.3125,83.475,82.1025,43.1474,520.47,20.3488,520,488.87
72.3645,32.995,9.552,4.351,12.303,47.148,26.32,14.9005,0.1799,0.2082,0.197,540.44,84.5625,85.155,85.185,82.32,83.445,82.0875,43.1267,520.62,20.3488,520,488.9
72.4145,33,9.551,4.359,12.303,47.01,26.2925,14.9002,0.1799,0.2085,0.1971,540.56,84.555,85.14,85.2,82.305,83.4525,82.0575,43.1129,520.71,20.3487,520,488.9
72.4145,33,9.551,4.358,12.303,46.818,26.2265,14.8999,0.1799,0.2086,0.1974,540.6,84.555,85.155,85.2,82.305,83.4675,82.0725,43.1025,520.77,20.3486,520,488.9
72.4651,33.005,9.554,4.348,12.302,46.572,26.1385,14.8996,0.1798,0.2089,0.1976,540.64,84.5625,85.1775,85.17,82.2675,83.4675,82.0275,43.0919,520.83,20.3485,520,488.9
72.5163,33.01,9.559,4.33,12.302,46.308,26.012,14.8994,0.1796,0.2092,0.1979,540.68,84.6075,85.155,85.1475,82.245,83.52,81.975,43.0885,520.83,20.3485,520,488.9
72.5176,33.01,9.564,4.304,12.301,46.032,25.8745,14.9077,0.1794,0.2095,0.1982,540.6,84.585,85.1475,85.1175,82.23,83.5125,81.9975,43.089,520.8,20.3484,520,488.9
72.5695,33.015,9.571,4.274,12.301,45.72,25.7205,14.9077,0.1793,0.21,0.1987,540.52,84.6,85.1325,85.1025,82.2525,83.5425,81.975,43.097,520.71,20.3483,520,488.9
72.5714,33.015,9.582,4.247,12.301,45.246,25.5005,14.9077,0.1792,0.2105,0.1993,540.36,84.5775,85.095,85.14,82.26,83.5425,81.99,43.1129,520.56,20.3482,520,488.9
72.5732,33.015,9.594,4.219,12.303,44.706,25.2365,14.8991,0.1789,0.211,0.1998,540.2,84.555,85.1175,85.185,82.2225,83.565,82.02,43.1332,520.38,20.3482,520,488.93
72.5751,33.015,9.608,4.179,12.303,44.202,24.9505,14.8988,0.178,0.2108,0.1997,539.96,84.5175,85.095,85.1925,82.23,83.5425,81.975,43.158,520.17,20.3481,520,488.93
72.5264,33.01,9.614,4.102,12.303,44.34,24.857,14.8985,0.177,0.2108,0.1996,539.8,84.5025,85.08,85.245,82.275,83.535,81.9975,43.1798,519.99,20.348,520,488.93
72.5276,33.01,9.618,4.026,12.301,44.424,24.846,14.9069,0.1767,0.2108,0.1996,539.6,84.48,85.0725,85.2225,82.2825,83.49,81.975,43.1987,519.84,20.3479,520,488.93
72.4783,33.005,9.621,3.997,12.302,44.442,24.857,14.9069,0.1769,0.2108,0.1996,539.44,84.4425,85.05,85.2675,82.29,83.4975,81.99,43.2181,519.69,20.3479,520,488.93
72.4283,33,9.624,4.013,12.302,44.424,24.857,14.9069,0.1772,0.2107,0.1994,539.36,84.42,85.0275,85.29,82.2825,83.52,82.0425,43.2344,519.57,20.3478,520,488.93
72.3776,32.995,9.624,4.039,12.304,44.586,24.8845,14.9069,0.1775,0.2106,0.1993,539.24,84.465,85.05,85.2675,82.2675,83.52,82.08,43.2474,519.48,20.3477,520,488.93
72.377,32.995,9.624,4.063,12.305,44.652,24.923,14.9069,0.1777,0.2105,0.1993,539.2,84.5175,85.08,85.3125,82.3125,83.4825,82.0575,43.257,519.42,20.3476,520,488.9
72.3764,32.995,9.624,4.083,12.305,44.736,24.956,14.9069,0.1778,0.2104,0.1992,539.16,84.5175,85.035,85.3425,82.3575,83.4675,82.0725,43.2631,519.39,20.3626,520,488.9
72.3251,32.99,9.623,4.095,12.305,44.814,24.989,14.9069,0.1779,0.2104,0.1992,539.16,84.54,85.08,85.3275,82.3125,83.5125,82.11,43.2693,519.36,20.363,520,488.9
72.3239,32.99,9.623,4.105,12.305,44.85,25.011,14.9069,0.178,0.2105,0.1992,539.12,84.5775,85.0575,85.3125,82.35,83.4825,82.14,43.2719,519.36,20.3634,520,488.9
72.3226,32.99,9.623,4.116,12.306,44.826,25.0165,14.9155,0.1782,0.2106,0.1993,539.08,84.57,85.065,85.35,82.3125,83.445,82.155,43.282,519.3,20.3638,520,488.9
72.2708,32.985,9.625,4.126,12.306,44.616,24.989,14.9158,0.1784,0.2106,0.1994,539.04,84.615,85.0275,85.305,82.32,83.46,82.17,43.2953,519.24,20.3642,520,488.9
72.2689,32.985,9.628,4.132,12.306,44.616,24.9285,14.916,0.1784,0.2108,0.1995,539,84.6225,85.0575,85.3425,82.305,83.4975,82.2,43.2953,519.24,20.3647,520,488.9
72.267,32.985,9.631,4.129,12.308,44.502,24.8515,14.9077,0.1784,0.211,0.1997,538.92,84.5925,85.0575,85.32,82.26,83.5125,82.215,43.3096,519.15,20.3651,520,488.9
72.2632,32.985,9.635,4.119,12.308,44.214,24.769,14.9077,0.1782,0.211,0.1998,538.84,84.5475,85.08,85.2975,82.2825,83.5275,82.2075,43.3355,519,20.3655,520,488.9
72.2632,32.985,9.639,4.106,12.308,44.214,24.681,14.9077,0.178,0.211,0.1998,538.76,84.5925,85.0875,85.2675,82.3125,83.535,82.2075,43.3355,519,20.3659,520,488.87
72.2107,32.98,9.641,4.086,12.306,44.496,24.648,14.9077,0.1776,0.2108,0.1995,538.72,84.5925,85.1175,85.2525,82.365,83.5275,82.17,43.3514,518.94,20.3663,520,488.87
72.2082,32.98,9.639,4.058,12.306,44.496,24.714,14.9077,0.1774,0.2106,0.1993,538.68,84.6075,85.1325,85.29,82.395,83.505,82.1325,43.3514,518.94,20.3667,520,488.87
72.1551,32.975,9.637,4.047,12.306,44.832,24.8075,14.9077,0.1775,0.2104,0.1992,538.68,84.6225,85.1625,85.26,82.3875,83.505,82.11,43.3562,518.97,20.3672,520,488.87
72.1488,32.975,9.633,4.063,12.306,44.964,24.89,14.9077,0.1778,0.2102,0.1991,538.72,84.6,85.1925,85.2375,82.3725,83.4675,82.1325,43.3491,519.06,20.3676,520,488.87
72.1488,32.975,9.63,4.095,12.306,44.964,24.967,14.9077,0.1781,0.2102,0.1989,538.8,84.585,85.23,85.245,82.3875,83.4825,82.11,43.3491,519.06,20.368,520,488.87
72.1457,32.975,9.626,4.125,12.306,45.204,25.0385,14.9077,0.1784,0.2101,0.1988,538.88,84.5475,85.2075,85.275,82.425,83.445,82.0575,43.3414,519.18,20.3684,520,488.84
72.1388,32.975,9.623,4.148,12.306,45.288,25.1045,14.9077,0.1785,0.21,0.1987,538.96,84.54,85.185,85.3125,82.38,83.4075,82.0125,43.341,519.21,20.3688,520,488.84
72.1388,32.975,9.62,4.164,12.305,45.324,25.1595,14.9077,0.1786,0.2099,0.1987,539,84.5025,85.1925,85.35,82.3725,83.46,81.9825,43.3291,519.33,20.3692,520,488.84
72.1326,32.975,9.618,4.176,12.305,45.384,25.198,14.9077,0.1787,0.2098,0.1986,539.08,84.48,85.1925,85.3275,82.3875,83.4375,82.0275,43.3206,519.42,20.3696,520,488.84
72.1294,32.975,9.615,4.182,12.305,45.42,25.22,14.9077,0.1787,0.2098,0.1986,539.16,84.5175,85.2225,85.305,82.3575,83.4375,81.975,43.3191,519.45,20.3705,520,488.84
72.1294,32.975,9.613,4.185,12.305,45.42,25.242,14.9077,0.1787,0.2098,0.1986,539.24,84.555,85.215,85.26,82.3275,83.4525,81.9525,43.3191,519.45,20.3705,520,488.84
72.1232,32.975,9.612,4.189,12.305,45.408,25.253,14.9077,0.1788,0.2098,0.1986,539.28,84.54,85.2225,85.26,82.3125,83.4525,81.96,43.3046,519.6,20.3559,520,488.84
72.1232,32.975,9.611,4.193,12.304,45.408,25.2585,14.9077,0.1788,0.2098,0.1986,539.36,84.57,85.2375,85.215,82.2825,83.445,81.9675,43.3046,519.63,20.3558,520,488.84
72.1201,32.975,9.61,4.194,12.304,45.384,25.264,14.9077,0.1788,0.2098,0.1986,539.4,84.57,85.2225,85.185,82.23,83.49,81.975,43.2964,519.69,20.3557,520,488.84
72.1644,32.98,9.609,4.193,12.304,45.384,25.264,14.9077,0.1787,0.2098,0.1986,539.48,84.6225,85.1925,85.2225,82.2675,83.535,82.005,43.2939,519.72,20.3556,520,488.84
72.1644,32.98,9.609,4.19,12.304,45.342,25.2585,14.9077,0.1787,0.2099,0.1986,539.48,84.6375,85.2,85.2,82.23,83.505,81.9825,43.295,519.72,20.3556,520,488.84
72.1594,32.98,9.609,4.188,12.304,45.282,25.253,14.8991,0.1787,0.2099,0.1987,539.52,84.6075,85.2375,85.2375,82.215,83.505,82.0275,43.2924,519.75,20.3554,520,488.81
72.1569,32.98,9.609,4.187,12.303,45.258,25.2365,14.8988,0.1787,0.2099,0.1987,539.52,84.615,85.215,85.1925,82.245,83.52,81.9975,43.2897,519.78,20.3553,520,488.81
72.1544,32.98,9.609,4.183,12.303,45.228,25.2145,14.8985,0.1786,0.21,0.1988,539.56,84.6075,85.185,85.1775,82.245,83.5575,81.96,43.2905,519.78,20.3553,520,488.81
72.1519,32.98,9.61,4.178,12.303,45.12,25.198,14.9069,0.1786,0.2102,0.1988,539.56,84.555,85.2225,85.155,82.2675,83.5275,81.975,43.2952,519.75,20.3552,520,488.81
72.1494,32.98,9.612,4.175,12.301,44.916,25.165,14.9069,0.1787,0.2103,0.1991,539.52,84.57,85.1925,85.185,82.3125,83.5575,81.9825,43.3037,519.69,20.3551,520,488.81
72.1469,32.98,9.615,4.176,12.301,44.688,25.0935,14.9069,0.1788,0.2106,0.1993,539.44,84.525,85.14,85.2225,82.335,83.5875,82.0125,43.3162,519.6,20.3551,520,488.81
72.1444,32.98,9.62,4.175,12.301,44.466,24.9945,14.9069,0.1788,0.2107,0.1995,539.4,84.5475,85.11,85.2675,82.3275,83.595,82.0425,43.3254,519.54,20.37,520,488.81
72.1444,32.98,9.625,4.163,12.303,44.7,24.8735,14.9069,0.1783,0.2105,0.1993,539.32,84.5475,85.1175,85.2525,82.2975,83.6325,82.0125,43.331,519.51,20.37,520,488.81
72.1394,32.98,9.625,4.125,12.303,44.982,24.8845,14.898,0.1776,0.2102,0.199,539.32,84.585,85.14,85.275,82.3125,83.6175,82.0125,43.333,519.51,20.3704,520,488.81
72.1369,32.98,9.622,4.084,12.303,45.132,24.9725,14.8977,0.1775,0.21,0.1988,539.28,84.57,85.1475,85.26,82.2975,83.61,81.9675,43.3274,519.57,20.3712,520,488.81
72.1369,32.98,9.619,4.077,12.303,45.294,25.0715,14.8977,0.1777,0.2099,0.1987,539.32,84.525,85.1625,85.29,82.3425,83.58,81.9525,43.3216,519.63,20.3712,520,488.81
72.0806,32.975,9.615,4.102,12.301,45.462,25.165,14.906,0.178,0.2098,0.1985,539.4,84.525,85.1475,85.275,82.2975,83.58,81.975,43.3194,519.66,20.3565,520,488.81
72.0775,32.975,9.611,4.136,12.301,45.564,25.264,14.906,0.1784,0.2097,0.1984,539.44,84.51,85.14,85.26,82.3125,83.5875,82.02,43.317,519.69,20.3565,520,488.81
72.125,32.98,9.608,4.168,12.301,45.624,25.3465,14.906,0.1787,0.2096,0.1984,539.48,84.51,85.14,85.23,82.32,83.61,81.9975,43.3107,519.75,20.3564,520,488.81
72.1225,32.98,9.605,4.193,12.303,45.666,25.3905,14.906,0.1788,0.2096,0.1983,539.52,84.495,85.1325,85.2075,82.35,83.64,82.0425,43.3042,519.81,20.3563,520,488.81
72.12,32.98,9.602,4.208,12.303,45.666,25.418,14.906,0.1789,0.2094,0.1983,539.6,84.5325,85.1325,85.2225,82.3575,83.535,81.9975,43.29,519.93,20.3562,520,488.81
72.1175,32.98,9.601,4.215,12.303,45.702,25.429,14.906,0.1789,0.2095,0.1983,539.72,84.5325,85.1325,85.2225,82.3575,83.535,81.9975,43.2865,519.96,20.3562,520,488.81
72.1656,32.985,9.599,4.215,12.303,45.696,25.429,14.906,0.1789,0.2095,0.1983,539.76,84.5625,85.1025,85.2675,82.365,83.55,81.975,43.2791,520.02,20.3561,520,488.81
72.1638,32.985,9.598,4.214,12.303,45.654,25.4455,14.8974,0.1789,0.2096,0.1983,539.8,84.4875,85.11,85.2375,82.35,83.5575,81.93,43.2791,520.02,20.356,520,488.81
72.1619,32.985,9.598,4.216,12.303,45.588,25.4455,14.8971,0.1789,0.2097,0.1984,539.84,84.4875,85.11,85.2375,82.35,83.5575,81.93,43.2752,520.05,20.3559,520,488.81
72.16,32.985,9.599,4.215,12.303,45.516,25.396,14.8969,0.1788,0.2096,0.1985,539.88,84.4725,85.095,85.17,82.29,83.49,81.915,43.2675,520.11,20.3558,520,488.81
72.2087,32.99,9.599,4.215,12.303,45.486,25.396,14.9052,0.1788,0.2096,0.1985,539.88,84.4725,85.095,85.17,82.29,83.49,81.915,43.2633,520.14,20.3558,520,488.81
72.2075,32.99,9.6,4.196,12.301,45.48,25.363,14.9052,0.1786,0.2098,0.1985,539.96,84.5025,85.035,85.275,82.2525,83.475,81.945,43.2627,520.14,20.3557,520,488.81
72.2062,32.99,9.6,4.196,12.301,45.432,25.363,14.9052,0.1786,0.2098,0.1985,539.96,84.555,85.0275,85.2675,82.26,83.445,81.945,43.2659,520.11,20.3556,520,488.81
72.205,32.99,9.603,4.188,12.303,45.348,25.319,14.9052,0.1787,0.2099,0.1988,539.88,84.6,85.065,85.26,82.2525,83.4375,81.9075,43.273,520.05,20.3555,520,488.81
72.2037,32.99,9.603,4.188,12.303,45.234,25.319,14.9052,0.1787,0.2099,0.1988,539.88,84.6,85.065,85.26,82.2525,83.4375,81.9075,43.2728,520.05,20.3555,520,488.81
72.2025,32.99,9.607,4.182,12.303,45.144,25.209,14.9052,0.1787,0.2103,0.1991,539.8,84.6375,85.1175,85.3575,82.1925,83.4525,81.9,43.2801,519.99,20.3554,520,488.81
72.2012,32.99,9.611,4.177,12.303,44.934,25.1265,14.9052,0.1788,0.2105,0.1993,539.68,84.6825,85.0725,85.38,82.2375,83.445,81.885,43.2914,519.9,20.3553,520,488.81
72.2,32.99,9.617,4.172,12.303,44.664,25.0055,14.9052,0.1784,0.2103,0.1991,539.64,84.6675,85.0575,85.395,82.2075,83.4675,81.885,43.2994,519.84,20.3552,520,488.81
72.1987,32.99,9.617,4.172,12.303,44.898,25.0055,14.9052,0.1784,0.2103,0.1991,539.64,84.645,85.02,85.395,82.245,83.4975,81.885,43.3075,519.78,20.3552,520,488.81
72.1975,32.99,9.617,4.11,12.303,44.988,25.055,14.9052,0.1778,0.2102,0.199,539.52,84.66,85.0725,85.35,82.2825,83.52,81.9375,43.3122,519.75,20.3551,520,488.81
72.1962,32.99,9.617,4.11,12.303,45.024,25.055,14.9052,0.1778,0.2102,0.199,539.52,84.66,85.0725,85.35,82.2825,83.52,81.9375,43.3207,519.69,20.355,520,488.81
72.195,32.99,9.616,4.105,12.303,44.958,25.077,14.9052,0.1781,0.2102,0.199,539.48,84.6225,85.0575,85.35,82.275,83.5125,81.9225,43.3219,519.69,20.3549,520,488.81
72.1431,32.985,9.615,4.135,12.303,45.126,25.1155,14.9052,0.1783,0.2102,0.1988,539.44,84.57,85.0425,85.3575,82.2525,83.5425,81.9,43.3269,519.66,20.3549,520,488.81
72.1413,32.985,9.615,4.135,12.303,45.15,25.1155,14.9052,0.1783,0.2102,0.1988,539.44,84.57,85.0875,85.38,82.305,83.55,81.87,43.3283,519.66,20.3548,520,488.81
72.1394,32.985,9.615,4.157,12.303,45.108,25.1485,14.9052,0.1784,0.21,0.1987,539.48,84.555,85.08,85.335,82.2825,83.55,81.84,43.3222,519.72,20.3547,520,488.81
72.1375,32.985,9.615,4.157,12.303,45.33,25.1485,14.9052,0.1784,0.21,0.1987,539.48,84.555,85.08,85.335,82.2825,83.55,81.84,43.3233,519.72,20.3697,520,488.81
72.1356,32.985,9.612,4.157,12.303,45.462,25.2035,14.9052,0.1783,0.2098,0.1985,539.48,84.525,85.1025,85.3575,82.275,83.6025,81.8475,43.3244,519.72,20.3701,520,488.81
72.1337,32.985,9.606,4.165,12.303,45.552,25.3465,14.9052,0.1785,0.2097,0.1984,539.52,84.51,85.125,85.335,82.2675,83.6025,81.84,43.3218,519.75,20.3705,520,488.81
72.1825,32.99,9.606,4.165,12.303,45.594,25.3465,14.9052,0.1785,0.2097,0.1984,539.52,84.51,85.125,85.335,82.2675,83.6025,81.84,43.3191,519.78,20.3559,520,488.81
72.1812,32.99,9.604,4.181,12.304,45.606,25.385,14.9052,0.1787,0.2095,0.1984,539.56,84.54,85.0425,85.305,82.26,83.5875,81.84,43.3049,519.9,20.3558,520,488.81
72.18,32.99,9.6,4.205,12.304,45.66,25.4125,14.9052,0.1788,0.2094,0.1983,539.72,84.5175,85.0725,85.3575,82.2975,83.5275,81.87,43.3016,519.93,20.3557,520,488.81
72.1787,32.99,9.6,4.205,12.304,45.666,25.4125,14.9052,0.1788,0.2094,0.1983,539.72,84.5175,85.0725,85.3575,82.2975,83.5275,81.87,43.2868,520.05,20.3556,520,488.81
72.1775,32.99,9.6,4.209,12.304,45.702,25.44,14.9052,0.1788,0.2096,0.1983,539.84,84.6,85.0875,85.365,82.35,83.49,81.8775,43.2866,520.05,20.3556,520,488.81
72.2268,32.995,9.598,4.214,12.304,45.678,25.4565,14.9052,0.1789,0.2096,0.1983,539.92,84.5925,85.0875,85.335,82.38,83.4525,81.87,43.2789,520.11,20.3555,520,488.81
72.2262,32.995,9.598,4.214,12.304,45.666,25.4565,14.9052,0.1789,0.2096,0.1983,539.92,84.5925,85.08,85.3725,82.4025,83.46,81.8475,43.2747,520.14,20.3554,520,488.81
72.2256,32.995,9.597,4.215,12.303,45.63,25.451,14.9052,0.1788,0.2097,0.1984,540,84.57,85.1175,85.4025,82.35,83.4225,81.855,43.2666,520.2,20.3553,520,488.81
72.225,32.995,9.597,4.211,12.303,45.624,25.4345,14.9052,0.1788,0.2097,0.1984,540,84.5625,85.155,85.425,82.38,83.3925,81.8925,43.2658,520.2,20.3553,520,488.81
72.2243,32.995,9.597,4.211,12.303,45.558,25.429,14.9052,0.1788,0.2097,0.1984,540,84.57,85.125,85.3875,82.335,83.3625,81.9375,43.265,520.2,20.3552,520,488.81
72.2744,33,9.599,4.206,12.303,45.486,25.396,14.9052,0.1788,0.2098,0.1986,540,84.5925,85.155,85.3425,82.305,83.3325,81.9825,43.268,520.17,20.3551,520,488.81
72.2744,33,9.6,4.201,12.303,45.42,25.3575,14.9052,0.1788,0.2099,0.1987,539.96,84.57,85.11,85.32,82.29,83.3925,81.99,43.271,520.14,20.355,520,488.81
72.2744,33,9.6,4.201,12.303,45.318,25.3135,14.9052,0.1788,0.2099,0.1987,539.96,84.585,85.1025,85.32,82.2525,83.4075,81.9825,43.2742,520.11,20.355,520,488.81
72.2744,33,9.606,4.192,12.303,45.132,25.2365,14.9052,0.1786,0.2101,0.1988,539.92,84.6225,85.1025,85.2975,82.26,83.3775,82.005,43.2738,520.11,20.3549,520,488.81
72.2744,33,9.606,4.175,12.303,45.228,25.2255,14.9052,0.1784,0.2101,0.1988,539.84,84.5775,85.08,85.2975,82.2675,83.3475,82.0425,43.2808,520.05,20.3548,520,488.81
72.2744,33,9.608,4.16,12.304,45.162,25.209,14.9052,0.1784,0.2103,0.199,539.8,84.5325,85.11,85.305,82.2225,83.325,82.065,43.2882,519.99,20.3547,520,488.81
72.2744,33,9.611,4.158,12.304,45.024,25.1595,14.9052,0.1786,0.2105,0.1992,539.68,84.555,85.1025,85.29,82.2675,83.355,82.0275,43.2995,519.9,20.3547,520,488.81
72.2744,33,9.616,4.164,12.304,44.778,25.0605,14.9052,0.1786,0.2106,0.1993,539.64,84.5475,85.0725,85.275,82.245,83.355,81.99,43.3074,519.84,20.3546,520,488.81
72.2744,33,9.619,4.158,12.304,44.7,24.9835,14.9052,0.1784,0.2106,0.1994,539.52,84.6,85.11,85.2525,82.26,83.37,82.02,43.3193,519.75,20.3695,520,488.81
72.2744,33,9.623,4.14,12.304,44.598,24.9175,14.9052,0.1779,0.2102,0.199,539.48,84.555,85.1025,85.2075,82.2825,83.415,82.0575,43.3278,519.69,20.37,520,488.81
72.2237,32.995,9.619,4.103,12.304,45.042,25.0165,14.9052,0.1775,0.2099,0.1987,539.44,84.6,85.1475,85.2,82.3125,83.4375,82.0275,43.3328,519.66,20.3704,520,488.81
72.2231,32.995,9.615,4.081,12.304,45.3,25.154,14.9052,0.1776,0.2098,0.1985,539.52,84.6075,85.17,85.2525,82.35,83.475,82.02,43.3267,519.72,20.3708,520,488.81
72.2225,32.995,9.61,4.097,12.304,45.528,25.2805,14.9052,0.1779,0.2096,0.1983,539.56,84.585,85.1325,85.215,82.3425,83.475,82.005,43.3241,519.75,20.3562,520,488.81
72.2218,32.995,9.605,4.135,12.305,45.714,25.4015,14.9052,0.1784,0.2094,0.1982,539.6,84.6,85.11,85.2525,82.29,83.4375,81.9675,43.3176,519.81,20.3561,520,488.81
72.2212,32.995,9.6,4.178,12.305,45.846,25.5005,14.9052,0.1787,0.2093,0.198,539.68,84.585,85.065,85.305,82.29,83.4225,81.9525,43.3071,519.9,20.356,520,488.81
72.2206,32.995,9.596,4.21,12.305,45.972,25.5775,14.9052,0.1789,0.2093,0.198,539.8,84.5475,85.065,85.2675,82.3125,83.4,81.9825,43.2962,519.99,20.3559,520,488.81
72.22,32.995,9.592,4.231,12.305,46.044,25.6325,14.9052,0.1791,0.2093,0.198,539.84,84.6,85.0875,85.23,82.2975,83.4375,81.9525,43.2887,520.05,20.3559,520,488.81
72.2193,32.995,9.59,4.245,12.305,46.044,25.66,14.9052,0.1792,0.2093,0.198,539.92,84.6375,85.0425,85.26,82.3125,83.4075,81.9525,43.281,520.11,20.3558,520,488.81
72.2693,33,9.589,4.254,12.305,46.008,25.6545,14.9052,0.1793,0.2093,0.1981,539.96,84.6525,85.08,85.2675,82.275,83.4225,81.9825,43.2731,520.17,20.3557,520,488.81
72.2693,33,9.589,4.257,12.305,45.93,25.6435,14.9052,0.1792,0.2094,0.1981,540.08,84.675,85.125,85.245,82.2825,83.475,81.9825,43.2611,520.26,20.3556,520,488.81
72.32,33.005,9.588,4.253,12.305,45.888,25.6105,14.9052,0.1792,0.2094,0.1982,540.12,84.705,85.155,85.275,82.2825,83.4525,82.0275,43.2563,520.29,20.3556,520,488.81
72.3206,33.005,9.589,4.245,12.305,45.81,25.5885,14.9052,0.1791,0.2096,0.1983,540.12,84.6825,85.14,85.23,82.275,83.4375,82.0125,43.2514,520.32,20.3555,520,488.84
72.3212,33.005,9.591,4.237,12.305,45.702,25.5445,14.9052,0.179,0.2097,0.1984,540.12,84.7125,85.17,85.2825,82.275,83.4525,81.9675,43.2538,520.29,20.3554,520,488.84
72.3219,33.005,9.593,4.23,12.305,45.57,25.4895,14.9052,0.179,0.2098,0.1986,540.08,84.69,85.2,85.2375,82.2825,83.475,82.02,43.2527,520.29,20.3553,520,488.84
72.3731,33.01,9.596,4.22,12.305,45.426,25.4125,14.9052,0.179,0.2101,0.1988,540.04,84.6525,85.2075,85.29,82.2525,83.43,82.005,43.259,520.23,20.3552,520,488.84
72.3743,33.01,9.601,4.211,12.305,45.192,25.308,14.9052,0.179,0.2103,0.1991,539.96,84.615,85.2,85.3275,82.275,83.46,81.9675,43.2656,520.17,20.3552,520,488.84
72.3756,33.01,9.607,4.2,12.305,44.922,25.1815,14.9052,0.1787,0.2103,0.1992,539.92,84.57,85.2375,85.2825,82.29,83.4825,81.9975,43.2724,520.11,20.3551,520,488.84
72.3768,33.01,9.612,4.176,12.305,44.808,25.0825,14.9052,0.178,0.2099,0.1987,539.84,84.5475,85.2525,85.2825,82.3275,83.505,81.9975,43.2795,520.05,20.355,520,488.84
72.3781,33.01,9.608,4.125,12.305,45.276,25.176,14.9052,0.1774,0.2098,0.1984,539.84,84.5025,85.23,85.32,82.32,83.4975,82.0275,43.2793,520.05,20.3549,520,488.84
72.3287,33.005,9.604,4.091,12.305,45.558,25.319,14.9052,0.1776,0.2097,0.1984,539.84,84.5175,85.1775,85.335,82.2825,83.4825,81.9975,43.2828,520.02,20.3549,520,488.84
72.3294,33.005,9.6,4.109,12.305,45.642,25.418,14.9052,0.1781,0.2096,0.1983,539.84,84.5325,85.185,85.3275,82.2975,83.505,82.0425,43.2828,520.02,20.3548,520,488.84
72.33,33.005,9.598,4.153,12.305,45.708,25.4785,14.9052,0.1785,0.2094,0.1983,539.84,84.57,85.1475,85.3275,82.275,83.49,82.05,43.2789,520.05,20.3547,520,488.84
72.3306,33.005,9.596,4.192,12.305,45.756,25.517,14.9052,0.1788,0.2095,0.1982,539.92,84.5775,85.1625,85.3725,82.305,83.52,82.0575,43.2712,520.11,20.3546,520,488.84
72.3312,33.005,9.594,4.213,12.305,45.798,25.539,14.9052,0.1789,0.2094,0.1982,539.96,84.615,85.1475,85.4025,82.3425,83.5125,82.095,43.267,520.14,20.3546,520,488.84
72.3319,33.005,9.593,4.223,12.305,45.792,25.55,14.9052,0.1789,0.2095,0.1982,540,84.57,85.125,85.3725,82.305,83.5125,82.125,43.2589,520.2,20.3545,520,488.84
72.3325,33.005,9.593,4.225,12.305,45.768,25.539,14.9052,0.1789,0.2095,0.1983,540,84.585,85.1025,85.4025,82.29,83.505,82.14,43.2581,520.2,20.3544,520,488.84
72.3837,33.01,9.593,4.224,12.305,45.714,25.5225,14.9052,0.1789,0.2096,0.1984,540.04,84.5625,85.1025,85.44,82.29,83.4825,82.125,43.2535,520.23,20.3543,520,488.84
72.385,33.01,9.594,4.221,12.305,45.642,25.4895,14.9052,0.1789,0.2098,0.1984,540.04,84.5325,85.0575,85.4475,82.26,83.5125,82.1625,43.2526,520.23,20.3543,520,488.84
72.3862,33.01,9.596,4.216,12.305,45.558,25.451,14.9052,0.1789,0.2098,0.1986,540.04,84.5175,85.0125,85.4025,82.275,83.5125,82.185,43.2517,520.23,20.3542,520,488.84
72.3875,33.01,9.598,4.209,12.305,45.456,25.4015,14.9052,0.1789,0.21,0.1988,540,84.5475,85.0125,85.365,82.29,83.46,82.1625,43.2545,520.2,20.3541,520,488.84
72.3887,33.01,9.602,4.204,12.305,45.258,25.319,14.9052,0.1789,0.2102,0.199,539.96,84.5475,85.065,85.38,82.2825,83.46,82.1325,43.2612,520.14,20.354,520,488.84
72.39,33.01,9.607,4.198,12.305,45.024,25.2145,14.9052,0.1789,0.2105,0.1992,539.88,84.5025,85.08,85.41,82.3125,83.4975,82.14,43.2682,520.08,20.354,520,488.84
72.3912,33.01,9.613,4.185,12.306,44.784,25.0935,14.9138,0.1787,0.2107,0.1995,539.76,84.5025,85.0875,85.425,82.35,83.5125,82.17,43.2829,519.96,20.3539,520,488.84
72.3925,33.01,9.619,4.166,12.306,44.532,24.9615,14.9141,0.1784,0.2108,0.1995,539.64,84.4875,85.0425,85.38,82.3275,83.4675,82.1325,43.2981,519.84,20.3538,520,488.84
72.3937,33.01,9.623,4.132,12.306,44.508,24.8845,14.9144,0.178,0.2108,0.1996,539.52,84.4725,85.0725,85.365,82.3125,83.445,82.08,43.3137,519.72,20.3688,520,488.84
72.395,33.01,9.627,4.099,12.307,44.472,24.8405,14.906,0.1778,0.2109,0.1996,539.4,84.5175,85.0425,85.365,82.2975,83.475,82.0425,43.3261,519.63,20.3692,520,488.84
72.3456,33.005,9.63,4.081,12.307,44.418,24.802,14.906,0.1778,0.2109,0.1996,539.28,84.5625,85.08,85.395,82.245,83.52,82.005,43.3427,519.51,20.3696,520,488.84
72.3463,33.005,9.632,4.077,12.307,44.394,24.7745,14.906,0.1776,0.2106,0.1994,539.2,84.615,85.065,85.3575,82.2,83.52,82.0125,43.3559,519.42,20.37,520,488.84
72.2962,33,9.631,4.071,12.306,44.652,24.8405,14.906,0.1776,0.2105,0.1992,539.16,84.57,85.0575,85.32,82.185,83.52,82.05,43.362,519.39,20.3704,520,488.84
72.2962,33,9.628,4.072,12.306,44.844,24.934,14.9146,0.1777,0.2103,0.1991,539.12,84.57,85.0275,85.335,82.215,83.5575,82.08,43.3682,519.36,20.3708,520,488.84
72.2456,32.995,9.625,4.091,12.306,44.97,25.0165,14.9149,0.178,0.2102,0.199,539.16,84.54,85.05,85.35,82.1775,83.5875,82.035,43.3708,519.36,20.3713,520,488.84
72.245,32.995,9.623,4.119,12.306,45.06,25.077,14.9152,0.1784,0.2101,0.1989,539.16,84.5475,85.1025,85.3275,82.2,83.6025,82.005,43.3659,519.42,20.3717,520,488.84
72.2444,32.995,9.621,4.145,12.307,45.132,25.1155,14.9155,0.1785,0.2101,0.1988,539.24,84.5775,85.125,85.3425,82.17,83.58,82.005,43.3645,519.45,20.3721,520,488.84
72.2437,32.995,9.618,4.162,12.307,45.21,25.154,14.9071,0.1786,0.21,0.1988,539.28,84.5475,85.1025,85.335,82.2225,83.58,81.9975,43.3592,519.51,20.3725,520,488.84
72.2431,32.995,9.617,4.172,12.308,45.264,25.187,14.9071,0.1786,0.21,0.1987,539.32,84.5775,85.125,85.29,82.275,83.565,82.0425,43.3574,519.54,20.3729,520,488.84
72.2425,32.995,9.615,4.178,12.308,45.318,25.209,14.9071,0.1787,0.2099,0.1987,539.36,84.555,85.155,85.3125,82.2975,83.5575,82.035,43.3555,519.57,20.3583,520,488.84
72.2419,32.995,9.613,4.183,12.306,45.336,25.2365,14.9071,0.1787,0.2099,0.1987,539.4,84.585,85.1175,85.32,82.2675,83.535,82.005,43.3535,519.6,20.3582,520,488.84
72.2412,32.995,9.612,4.187,12.306,45.33,25.2475,14.9071,0.1788,0.2099,0.1987,539.44,84.5625,85.1475,85.35,82.3125,83.565,82.05,43.3476,519.66,20.3581,520,488.84
72.2406,32.995,9.612,4.19,12.306,45.324,25.242,14.9071,0.1788,0.2099,0.1987,539.48,84.555,85.1625,85.3125,82.3425,83.55,82.05,43.3452,519.69,20.3581,520,488.81
72.2906,33,9.612,4.191,12.306,45.3,25.231,14.9071,0.1788,0.2099,0.1987,539.52,84.555,85.155,85.35,82.35,83.4975,82.0275,43.3427,519.72,20.358,520,488.81
72.2906,33,9.612,4.19,12.306,45.288,25.2255,14.9071,0.1787,0.21,0.1987,539.56,84.5925,85.155,85.38,82.2975,83.49,82.005,43.3363,519.78,20.3579,520,488.81
72.2906,33,9.611,4.186,12.306,45.294,25.22,14.9071,0.1787,0.21,0.1988,539.56,84.6375,85.155,85.3875,82.305,83.4525,82.0125,43.3372,519.78,20.3578,520,488.81
72.2906,33,9.612,4.184,12.306,45.258,25.2145,14.9071,0.1787,0.2101,0.1988,539.56,84.66,85.1175,85.425,82.35,83.4675,81.9675,43.3381,519.78,20.3578,520,488.81
72.2906,33,9.612,4.184,12.305,45.21,25.198,14.9071,0.1788,0.21,0.1989,539.52,84.6075,85.155,85.4175,82.365,83.4675,82.0125,43.3427,519.75,20.3577,520,488.81
72.2906,33,9.613,4.184,12.305,45.144,25.176,14.9071,0.1786,0.2099,0.1987,539.56,84.6,85.1025,85.365,82.38,83.46,82.005,43.34,519.78,20.3576,520,488.81
72.2906,33,9.611,4.172,12.305,45.3,25.198,14.9071,0.1784,0.2099,0.1987,539.6,84.63,85.14,85.3575,82.3725,83.4225,81.975,43.3371,519.81,20.3726,520,488.81
72.2906,33,9.611,4.164,12.305,45.342,25.231,14.9071,0.1785,0.2098,0.1987,539.6,84.6,85.1625,85.38,82.335,83.445,82.0125,43.3379,519.81,20.373,520,488.81
72.2906,33,9.61,4.168,12.305,45.354,25.253,14.9071,0.1786,0.2098,0.1986,539.64,84.6075,85.155,85.35,82.35,83.415,82.035,43.3349,519.84,20.3734,520,488.81
72.2906,33,9.609,4.176,12.305,45.396,25.2695,14.9071,0.1786,0.2098,0.1986,539.68,84.57,85.1625,85.3425,82.29,83.43,82.0575,43.328,519.9,20.3588,520,488.81
72.2906,33,9.608,4.182,12.305,45.432,25.286,14.9071,0.1786,0.2097,0.1985,539.76,84.585,85.1775,85.3725,82.29,83.4375,82.02,43.3209,519.96,20.3587,520,488.81
72.2906,33,9.606,4.186,12.305,45.492,25.3135,14.9071,0.1787,0.2098,0.1984,539.8,84.5925,85.14,85.4025,82.2375,83.445,81.975,43.3173,519.99,20.3586,520,488.81
72.2906,33,9.605,4.19,12.305,45.54,25.341,14.9071,0.1787,0.2097,0.1984,539.8,84.6075,85.125,85.365,82.2075,83.4075,81.93,43.3136,520.02,20.3586,520,488.81
72.2906,33,9.604,4.196,12.305,45.546,25.3685,14.9071,0.1788,0.2097,0.1984,539.88,84.6375,85.155,85.365,82.1775,83.4225,81.9675,43.306,520.08,20.3585,520,488.81
72.2906,33,9.602,4.2,12.305,45.57,25.3795,14.9071,0.1788,0.2097,0.1984,539.88,84.6675,85.11,85.395,82.215,83.3925,81.945,43.3057,520.08,20.3584,520,488.81
72.2906,33,9.602,4.203,12.305,45.576,25.396,14.9071,0.1788,0.2097,0.1984,539.92,84.6375,85.08,85.35,82.2,83.4525,81.915,43.3016,520.11,20.3583,520,488.81
72.2906,33,9.601,4.205,12.305,45.558,25.396,14.9071,0.1788,0.2097,0.1985,539.92,84.6675,85.1025,85.3875,82.2525,83.49,81.9075,43.3012,520.11,20.3582,520,488.81
72.3413,33.005,9.601,4.206,12.305,45.528,25.3905,14.9071,0.1788,0.2098,0.1985,539.96,84.675,85.14,85.365,82.23,83.505,81.96,43.297,520.14,20.3582,520,488.81
72.3419,33.005,9.601,4.204,12.305,45.498,25.3795,14.9071,0.1788,0.2097,0.1986,539.92,84.63,85.1775,85.3575,82.29,83.55,82.005,43.2964,520.14,20.3581,520,488.84
72.3425,33.005,9.602,4.202,12.305,45.444,25.363,14.9071,0.1786,0.2096,0.1983,540,84.63,85.155,85.395,82.32,83.5125,81.9825,43.2921,520.17,20.358,520,488.84
72.3431,33.005,9.598,4.187,12.305,45.69,25.418,14.9071,0.1784,0.2094,0.1982,540,84.585,85.155,85.395,82.275,83.49,81.9825,43.2876,520.2,20.3579,520,488.84
72.3438,33.005,9.596,4.178,12.305,45.834,25.5005,14.9071,0.1784,0.2093,0.1981,540.04,84.555,85.11,85.395,82.29,83.4975,81.96,43.2831,520.23,20.3579,520,488.84
72.3444,33.005,9.592,4.185,12.305,45.93,25.572,14.9071,0.1785,0.2092,0.198,540.12,84.5475,85.14,85.3875,82.305,83.4525,81.9975,43.2746,520.29,20.3578,520,488.84
72.345,33.005,9.589,4.202,12.305,46.026,25.627,14.9071,0.1787,0.2092,0.1979,540.16,84.5625,85.095,85.395,82.2675,83.4975,81.975,43.2659,520.35,20.3577,520,488.84
72.3456,33.005,9.587,4.221,12.305,46.074,25.671,14.9071,0.1789,0.2092,0.1979,540.2,84.615,85.14,85.41,82.3125,83.5125,81.9675,43.2608,520.38,20.3576,520,488.84
72.3463,33.005,9.585,4.237,12.305,46.068,25.6875,14.9071,0.1791,0.2092,0.1979,540.24,84.66,85.1025,85.395,82.32,83.505,82.0125,43.2517,520.44,20.3576,520,488.84
72.3975,33.01,9.584,4.248,12.305,46.05,25.693,14.9071,0.1791,0.2092,0.198,540.32,84.645,85.05,85.3725,82.335,83.4975,81.96,43.2424,520.5,20.3575,520,488.84
72.3987,33.01,9.583,4.25,12.305,46.026,25.693,14.9071,0.1791,0.2092,0.198,540.32,84.69,85.1025,85.395,82.32,83.505,82.0125,43.2366,520.53,20.3574,520,488.84
72.4,33.01,9.584,4.249,12.305,45.972,25.682,14.9071,0.179,0.2094,0.1981,540.4,84.6825,85.1175,85.35,82.2825,83.52,82.035,43.227,520.59,20.3573,520,488.84
72.4519,33.015,9.583,4.242,12.305,45.948,25.66,14.9071,0.179,0.2094,0.1982,540.4,84.675,85.095,85.35,82.245,83.475,82.08,43.2246,520.59,20.3573,520,488.84
72.4538,33.015,9.585,4.238,12.305,45.846,25.638,14.9071,0.179,0.2095,0.1983,540.4,84.6675,85.05,85.38,82.2225,83.46,82.02,43.226,520.56,20.3572,520,488.84
72.4556,33.015,9.587,4.233,12.305,45.732,25.583,14.9071,0.1789,0.2096,0.1984,540.36,84.615,85.005,85.335,82.1925,83.4975,81.975,43.2237,520.56,20.3571,520,488.87
72.4575,33.015,9.589,4.226,12.305,45.63,25.528,14.9071,0.1788,0.2098,0.1985,540.36,84.5775,85.035,85.3275,82.185,83.49,82.005,43.2215,520.56,20.357,520,488.87
72.4594,33.015,9.591,4.214,12.305,45.54,25.473,14.9071,0.1788,0.2099,0.1987,540.32,84.5775,85.0425,85.35,82.1625,83.5425,82.02,43.2267,520.5,20.357,520,488.87
72.4613,33.015,9.596,4.205,12.305,45.318,25.385,14.9071,0.1789,0.2102,0.199,540.24,84.615,85.0875,85.3725,82.2225,83.5725,82.05,43.236,520.41,20.3569,520,488.87
72.4631,33.015,9.602,4.199,12.305,45.054,25.264,14.9071,0.1789,0.2105,0.1993,540.08,84.585,85.125,85.3425,82.26,83.5725,82.05,43.2493,520.29,20.3568,520,488.87
72.465,33.015,9.609,4.188,12.305,44.742,25.1155,14.9071,0.1784,0.2104,0.1991,540,84.615,85.14,85.3575,82.2375,83.5275,82.02,43.2632,520.17,20.3567,520,488.87
72.4669,33.015,9.611,4.15,12.306,44.922,25.0935,14.9071,0.1779,0.2103,0.1991,539.88,84.585,85.1175,85.3875,82.29,83.5125,81.99,43.2775,520.05,20.3566,520,488.87
72.4688,33.015,9.612,4.112,12.306,44.952,25.1045,14.9071,0.1778,0.2103,0.1991,539.76,84.615,85.1325,85.3725,82.2975,83.5275,81.9975,43.2849,519.99,20.3566,520,488.87
72.42,33.01,9.614,4.101,12.306,44.928,25.099,14.9071,0.1779,0.2103,0.1991,539.72,84.585,85.1175,85.335,82.245,83.505,82.0125,43.2924,519.93,20.3565,520,488.87
72.4213,33.01,9.615,4.108,12.306,44.94,25.0935,14.9071,0.1781,0.2103,0.1991,539.64,84.585,85.1325,85.38,82.2375,83.49,82.05,43.3002,519.87,20.3564,520,488.87
72.4225,33.01,9.616,4.123,12.306,44.922,25.0825,14.9158,0.1781,0.2102,0.1989,539.64,84.6,85.14,85.335,82.2,83.4525,81.99,43.3045,519.84,20.3563,520,488.87
72.4238,33.01,9.614,4.128,12.306,45.108,25.132,14.916,0.1781,0.2102,0.1989,539.56,84.5625,85.1475,85.335,82.2375,83.46,82.0425,43.3127,519.78,20.3563,520,488.87
72.3744,33.005,9.614,4.133,12.306,45.15,25.176,14.9163,0.1783,0.2101,0.1989,539.52,84.615,85.1025,85.38,82.2,83.4975,82.0875,43.3173,519.75,20.3562,520,488.87
72.375,33.005,9.614,4.147,12.308,45.096,25.1705,14.908,0.1781,0.2097,0.1984,539.56,84.6375,85.095,85.3575,82.245,83.4975,82.0425,43.3146,519.78,20.3561,520,488.87
72.3757,33.005,9.607,4.14,12.308,45.588,25.3025,14.908,0.1778,0.2093,0.1981,539.64,84.6225,85.11,85.395,82.275,83.4825,82.0125,43.3079,519.84,20.356,520,488.87
72.3763,33.005,9.599,4.132,12.308,45.966,25.4895,14.908,0.1778,0.209,0.1977,539.72,84.66,85.1175,85.4325,82.305,83.4825,82.0575,43.2973,519.93,20.356,520,488.87
72.3769,33.005,9.591,4.152,12.306,46.284,25.682,14.908,0.1782,0.2087,0.1974,539.88,84.6675,85.095,85.455,82.29,83.4525,82.1025,43.2788,520.08,20.3559,520,488.87
72.3775,33.005,9.582,4.19,12.306,46.578,25.8525,14.908,0.1786,0.2084,0.1972,540.04,84.69,85.0875,85.4775,82.245,83.4675,82.05,43.2597,520.23,20.3558,520,488.87
72.3782,33.005,9.574,4.232,12.306,46.794,26.001,14.9166,0.1789,0.2083,0.197,540.24,84.6825,85.14,85.44,82.23,83.4975,82.0575,43.2362,520.41,20.3557,520,488.87
72.4294,33.01,9.567,4.27,12.306,46.968,26.1165,14.9169,0.1793,0.2082,0.197,540.4,84.6975,85.17,85.4475,82.2375,83.46,82.095,43.212,520.59,20.3557,520,488.87
72.4306,33.01,9.562,4.3,12.306,47.04,26.199,14.9171,0.1795,0.2082,0.197,540.52,84.7275,85.1925,85.425,82.2675,83.5125,82.0425,43.1946,520.71,20.3556,520,488.87
72.4825,33.015,9.558,4.322,12.308,47.04,26.232,14.9088,0.1797,0.2082,0.197,540.68,84.735,85.2225,85.4025,82.29,83.5125,82.0125,43.1767,520.83,20.3555,520,488.87
72.4844,33.015,9.555,4.337,12.308,46.986,26.243,14.9088,0.1797,0.2083,0.1971,540.8,84.75,85.245,85.425,82.335,83.4975,82.05,43.1583,520.95,20.3554,520,488.87
72.5369,33.02,9.553,4.34,12.305,46.902,26.232,14.9088,0.1797,0.2086,0.1972,540.88,84.72,85.26,85.395,82.29,83.5425,82.0575,43.1432,521.04,20.3553,520,488.9
72.5394,33.02,9.554,4.338,12.305,46.758,26.1935,14.9088,0.1797,0.2087,0.1974,540.88,84.7425,85.2825,85.365,82.305,83.58,82.0575,43.139,521.04,20.3553,520,488.9
72.5925,33.025,9.556,4.331,12.305,46.548,26.122,14.9088,0.1797,0.2089,0.1977,540.92,84.705,85.26,85.4025,82.3125,83.5725,82.0425,43.131,521.07,20.3552,520,488.9
72.6463,33.03,9.559,4.319,12.305,46.32,26.0175,14.9088,0.1795,0.209,0.1979,540.92,84.6825,85.2525,85.4325,82.32,83.535,81.9975,43.1267,521.07,20.3551,520,488.9
72.65,33.03,9.564,4.299,12.305,46.104,25.8965,14.9088,0.1793,0.2094,0.1981,540.92,84.7275,85.23,85.395,82.3125,83.52,82.05,43.1224,521.07,20.355,520,488.9
72.6538,33.03,9.569,4.272,12.305,45.9,25.7755,14.9088,0.1792,0.2098,0.1985,540.84,84.7125,85.1775,85.3575,82.2675,83.55,82.0725,43.1293,520.98,20.355,520,488.93
72.6575,33.03,9.578,4.251,12.305,45.492,25.6105,14.9088,0.1792,0.2102,0.1989,540.68,84.675,85.155,85.3575,82.2375,83.505,82.05,43.1404,520.86,20.3549,520,488.93
72.6613,33.03,9.588,4.232,12.305,45.054,25.396,14.9088,0.179,0.2106,0.1993,540.52,84.675,85.1925,85.3875,82.2675,83.55,82.035,43.1557,520.71,20.3548,520,488.93
72.6651,33.03,9.599,4.203,12.305,44.64,25.1705,14.9088,0.1787,0.211,0.1998,540.32,84.645,85.14,85.3425,82.2225,83.58,82.035,43.1792,520.5,20.3547,520,488.93
72.6688,33.03,9.611,4.16,12.305,44.244,24.9395,14.9088,0.1781,0.2111,0.2,540.04,84.69,85.1325,85.3125,82.2075,83.565,82.0575,43.2072,520.26,20.3547,520,488.93
72.6726,33.03,9.621,4.104,12.305,44.052,24.7745,14.9088,0.1767,0.2102,0.1989,539.88,84.72,85.14,85.275,82.2375,83.5575,82.095,43.2287,520.08,20.3546,520,488.93
72.6257,33.025,9.612,4.007,12.306,45.102,25.0165,14.9088,0.1756,0.2096,0.1983,539.76,84.705,85.1625,85.305,82.275,83.5875,82.11,43.2434,519.96,20.3545,520,488.93
72.5782,33.02,9.601,3.953,12.306,45.738,25.3465,14.9088,0.176,0.2091,0.1979,539.76,84.705,85.14,85.2825,82.275,83.6025,82.065,43.2436,519.96,20.3544,520,488.93
72.5301,33.015,9.591,4.006,12.306,46.128,25.6215,14.9088,0.1771,0.2087,0.1975,539.84,84.7425,85.185,85.335,82.275,83.6325,82.02,43.2362,520.02,20.3544,520,488.93
72.532,33.015,9.581,4.109,12.306,46.494,25.8525,14.9088,0.1781,0.2085,0.1972,540,84.6975,85.125,85.29,82.26,83.5875,82.02,43.2173,520.17,20.3543,520,488.93
72.5338,33.015,9.571,4.199,12.306,46.836,26.045,14.9088,0.1787,0.2082,0.197,540.12,84.6975,85.1625,85.2675,82.2225,83.5875,82.05,43.1979,520.32,20.3542,520,488.93
72.5357,33.015,9.562,4.26,12.306,47.082,26.21,14.9174,0.1791,0.2081,0.1968,540.32,84.69,85.2,85.2225,82.23,83.5425,81.9975,43.174,520.5,20.3541,520,488.93
72.5882,33.02,9.555,4.299,12.307,47.226,26.331,14.9177,0.1793,0.2079,0.1967,540.48,84.6525,85.2225,85.2,82.2825,83.5425,81.96,43.1532,520.65,20.3541,520,488.93
72.5907,33.02,9.55,4.323,12.307,47.28,26.3915,14.918,0.1795,0.208,0.1967,540.68,84.6525,85.2,85.2075,82.275,83.49,81.945,43.1243,520.86,20.354,520,488.93
72.6438,33.025,9.546,4.337,12.309,47.28,26.4025,14.9096,0.1797,0.2081,0.1968,540.8,84.6825,85.1775,85.2375,82.2525,83.4975,81.9225,43.1095,520.95,20.3539,520,488.96
72.6469,33.025,9.545,4.348,12.308,47.166,26.386,14.9096,0.1798,0.2082,0.197,540.92,84.705,85.14,85.2525,82.29,83.535,81.9,43.0907,521.07,20.3538,520,488.96
72.7007,33.03,9.545,4.352,12.308,47.022,26.3365,14.9096,0.1798,0.2083,0.1972,541,84.6975,85.1325,85.2825,82.3275,83.505,81.9375,43.0788,521.13,20.3537,520,488.96
72.7045,33.03,9.547,4.347,12.306,46.824,26.276,14.9096,0.1797,0.2086,0.1973,541.08,84.6675,85.11,85.32,82.35,83.505,81.9075,43.063,521.22,20.3537,520,488.96
72.7589,33.035,9.549,4.333,12.306,46.644,26.1825,14.9096,0.1795,0.2088,0.1976,541.08,84.6525,85.1325,85.35,82.305,83.4675,81.96,43.0543,521.25,20.3536,520,488.96
72.7632,33.035,9.554,4.314,12.306,46.422,26.0835,14.9096,0.1794,0.2091,0.1978,541.04,84.66,85.0875,85.3575,82.3275,83.445,81.9225,43.053,521.22,20.3535,520,488.99
72.8182,33.04,9.559,4.292,12.306,46.158,25.957,14.9096,0.1792,0.2094,0.1982,540.96,84.69,85.05,85.32,82.2825,83.4675,81.9375,43.0594,521.13,20.3534,520,488.99
72.8232,33.04,9.566,4.269,12.306,45.834,25.803,14.9096,0.1792,0.2098,0.1986,540.84,84.63,85.0725,85.32,82.26,83.5125,81.975,43.0736,520.98,20.3534,520,488.99
72.8282,33.04,9.577,4.249,12.306,45.348,25.583,14.9096,0.1791,0.2104,0.1991,540.68,84.6825,85.0725,85.2675,82.2975,83.4975,81.96,43.0847,520.86,20.3533,520,488.99
72.8332,33.04,9.589,4.222,12.306,44.868,25.33,14.9096,0.1788,0.2109,0.1996,540.44,84.6975,85.1025,85.305,82.2825,83.475,81.96,43.1075,520.65,20.3532,520,488.99
72.8382,33.04,9.602,4.182,12.306,44.37,25.0605,14.9096,0.1782,0.211,0.1998,540.2,84.6975,85.14,85.335,82.275,83.52,81.93,43.1349,520.41,20.3531,520,488.99
72.7926,33.035,9.612,4.119,12.306,44.208,24.8845,14.9096,0.1776,0.2112,0.2,539.96,84.6975,85.0875,85.3425,82.245,83.52,81.93,43.1671,520.14,20.3531,520,488.99
72.7463,33.03,9.621,4.056,12.306,44.034,24.747,14.9096,0.1767,0.2108,0.1996,539.72,84.735,85.1325,85.35,82.29,83.4675,81.93,43.1928,519.93,20.353,520,488.99
72.6994,33.025,9.621,3.992,12.307,44.466,24.8185,14.9096,0.1761,0.2104,0.1992,539.6,84.735,85.1625,85.3275,82.335,83.43,81.9225,43.2119,519.78,20.3529,520,488.99
72.652,33.02,9.618,3.964,12.307,44.802,24.956,14.9096,0.1763,0.2102,0.1989,539.52,84.6975,85.155,85.3425,82.3725,83.4075,81.945,43.2165,519.75,20.3528,520,488.99
72.6545,33.02,9.613,3.988,12.307,45.138,25.1155,14.9183,0.177,0.21,0.1987,539.48,84.6975,85.11,85.3575,82.32,83.46,81.9525,43.2251,519.69,20.3528,520,488.99
72.6063,33.015,9.609,4.052,12.307,45.324,25.253,14.9185,0.1778,0.2099,0.1987,539.44,84.66,85.14,85.4025,82.3575,83.415,81.9825,43.2301,519.66,20.3527,520,488.99
72.6082,33.015,9.607,4.121,12.31,45.378,25.3245,14.9188,0.1784,0.21,0.1987,539.44,84.69,85.125,85.41,82.3125,83.4525,81.9975,43.2314,519.66,20.3526,520,488.99
72.5595,33.01,9.606,4.17,12.31,45.36,25.3355,14.9105,0.1788,0.2101,0.1988,539.44,84.7125,85.1475,85.44,82.29,83.4225,81.96,43.2328,519.66,20.3525,520,488.99
72.5607,33.01,9.607,4.194,12.31,45.21,25.2915,14.9105,0.1789,0.2103,0.1991,539.4,84.72,85.1325,85.47,82.275,83.4675,81.975,43.2379,519.63,20.3524,520,488.99
72.562,33.01,9.611,4.199,12.31,44.976,25.187,14.9105,0.1789,0.2106,0.1993,539.32,84.7425,85.1325,85.41,82.3125,83.4375,82.005,43.2507,519.54,20.3524,520,488.99
72.5632,33.01,9.618,4.188,12.309,44.676,25.0495,14.9191,0.1785,0.2105,0.1992,539.28,84.7125,85.1625,85.41,82.3125,83.415,81.9825,43.2563,519.51,20.3523,520,488.99
72.5645,33.01,9.619,4.149,12.309,44.808,25.011,14.9194,0.178,0.2104,0.1992,539.2,84.72,85.2,85.44,82.29,83.445,82.0275,43.2696,519.42,20.3522,520,488.99
72.5657,33.01,9.621,4.11,12.309,44.79,24.989,14.9196,0.1776,0.2101,0.199,539.2,84.6975,85.1775,85.38,82.2975,83.415,82.065,43.2719,519.42,20.3521,520,488.99
72.5164,33.005,9.618,4.082,12.31,45.066,25.055,14.9113,0.1774,0.2099,0.1987,539.24,84.675,85.155,85.4175,82.245,83.385,82.035,43.2668,519.48,20.3521,520,488.96
72.517,33.005,9.614,4.076,12.31,45.324,25.165,14.9113,0.1776,0.2098,0.1985,539.28,84.7125,85.185,85.4325,82.2825,83.355,82.05,43.2651,519.51,20.352,520,488.96
72.467,33,9.61,4.099,12.309,45.486,25.2695,14.9113,0.1781,0.2098,0.1985,539.32,84.6675,85.17,85.41,82.245,83.3325,82.0125,43.2633,519.54,20.3519,520,488.96
72.467,33,9.608,4.143,12.309,45.474,25.3245,14.9113,0.1786,0.2098,0.1986,539.32,84.6225,85.2075,85.38,82.26,83.3775,81.9675,43.2614,519.57,20.3518,520,488.96
72.467,33,9.607,4.181,12.308,45.456,25.3355,14.9113,0.1788,0.2098,0.1986,539.36,84.63,85.17,85.4175,82.23,83.3475,82.005,43.2594,519.6,20.3518,520,488.96
72.467,33,9.606,4.199,12.308,45.432,25.3245,14.9113,0.1788,0.2098,0.1986,539.4,84.585,85.155,85.44,82.29,83.37,81.99,43.2573,519.63,20.3517,520,488.96
72.467,33,9.606,4.199,12.308,45.402,25.3025,14.9113,0.1788,0.2101,0.1988,539.44,84.585,85.155,85.425,82.335,83.43,81.9525,43.255,519.66,20.3516,520,488.96
72.467,33,9.608,4.195,12.308,45.258,25.2475,14.9113,0.1789,0.2103,0.199,539.4,84.5925,85.1625,85.4175,82.29,83.4675,81.945,43.2601,519.63,20.3515,520,488.96
72.467,33,9.612,4.192,12.308,45.012,25.154,14.9113,0.1789,0.2106,0.1993,539.36,84.555,85.11,85.38,82.32,83.4825,81.96,43.2691,519.57,20.3665,520,488.96
72.467,33,9.618,4.186,12.308,44.724,25.022,14.9113,0.1789,0.2108,0.1996,539.24,84.5175,85.065,85.335,82.35,83.445,81.93,43.2821,519.48,20.3669,520,488.96
72.467,33,9.625,4.17,12.308,44.412,24.8735,14.9113,0.1783,0.2106,0.1994,539.16,84.5625,85.05,85.3425,82.335,83.4675,81.96,43.2955,519.39,20.3673,520,488.96
72.467,33,9.625,4.124,12.307,44.628,24.8625,14.9113,0.1777,0.2105,0.1992,539.12,84.5775,85.095,85.32,82.3725,83.4975,81.99,43.3017,519.36,20.3677,520,488.93
72.4163,32.995,9.625,4.079,12.307,44.772,24.901,14.9113,0.1775,0.2105,0.1992,539.08,84.6075,85.08,85.2975,82.395,83.505,82.0125,43.3118,519.3,20.3682,520,488.93
72.4157,32.995,9.624,4.068,12.307,44.832,24.9395,14.9113,0.1777,0.2104,0.1992,539.04,84.6075,85.035,85.2825,82.4025,83.5125,82.02,43.3184,519.27,20.3686,520,488.93
72.3645,32.99,9.625,4.088,12.307,44.814,24.956,14.9113,0.1781,0.2104,0.1992,539.04,84.57,85.0275,85.2525,82.44,83.4825,82.0125,43.3214,519.27,20.369,520,488.93
72.3632,32.99,9.624,4.115,12.307,44.838,24.956,14.9113,0.1783,0.2105,0.1992,539,84.555,85.0725,85.29,82.38,83.4675,82.02,43.3281,519.24,20.3694,520,488.93
72.362,32.99,9.625,4.134,12.307,44.802,24.9505,14.9113,0.1785,0.2104,0.1993,539,84.51,85.0875,85.2375,82.41,83.43,81.99,43.3312,519.24,20.3698,520,488.93
72.3607,32.99,9.627,4.144,12.307,44.742,24.923,14.9113,0.1779,0.2097,0.1985,539.04,84.495,85.0725,85.2675,82.3575,83.4075,81.9825,43.3305,519.27,20.3702,520,488.93
72.3595,32.99,9.616,4.113,12.306,45.522,25.143,14.9113,0.1773,0.2092,0.1979,539.16,84.48,85.0725,85.245,82.32,83.37,81.9375,43.3184,519.39,20.3706,520,488.93
72.3076,32.985,9.605,4.091,12.306,46.044,25.4125,14.9113,0.1774,0.2087,0.1975,539.28,84.54,85.035,85.215,82.2675,83.3625,81.915,43.3058,519.51,20.3711,520,488.93
72.3057,32.985,9.593,4.12,12.306,46.47,25.682,14.9113,0.1779,0.2084,0.1971,539.52,84.5175,85.0425,85.1775,82.2975,83.385,81.87,43.2815,519.72,20.3715,520,488.9
72.3038,32.985,9.581,4.178,12.306,46.86,25.913,14.9113,0.1785,0.2081,0.1968,539.72,84.5025,85.08,85.2,82.3275,83.4075,81.8475,43.2563,519.93,20.3569,520,488.9
72.302,32.985,9.57,4.24,12.306,47.142,26.111,14.9027,0.179,0.2079,0.1966,539.96,84.4725,85.05,85.2225,82.305,83.4525,81.8475,43.2265,520.17,20.3568,520,488.9
72.3507,32.99,9.56,4.293,12.306,47.352,26.2595,14.9024,0.1794,0.2078,0.1965,540.2,84.4725,85.095,85.2525,82.2825,83.505,81.8625,43.1996,520.38,20.3567,520,488.9
72.4001,32.995,9.553,4.33,12.305,47.448,26.364,14.9021,0.1797,0.2077,0.1965,540.4,84.5025,85.1325,85.29,82.275,83.55,81.87,43.1717,520.59,20.3566,520,488.9
72.3995,32.995,9.546,4.356,12.303,47.49,26.452,14.9019,0.1798,0.2077,0.1965,540.64,84.5475,85.0875,85.26,82.2825,83.52,81.885,43.143,520.8,20.3566,520,488.93
72.4495,33,9.542,4.372,12.303,47.484,26.496,14.9102,0.1799,0.2078,0.1965,540.8,84.5175,85.14,85.2225,82.26,83.4975,81.9,43.1173,520.98,20.3565,520,488.93
72.5001,33.005,9.539,4.38,12.303,47.412,26.507,14.9102,0.18,0.208,0.1967,540.96,84.48,85.155,85.245,82.275,83.5125,81.885,43.0945,521.13,20.3564,520,488.93
72.5513,33.01,9.537,4.38,12.305,47.28,26.474,14.9016,0.18,0.2082,0.1969,541.04,84.45,85.125,85.245,82.29,83.49,81.8775,43.0824,521.19,20.3563,520,488.93
72.6032,33.015,9.539,4.378,12.304,47.064,26.408,14.9013,0.1799,0.2084,0.1971,541.08,84.51,85.0875,85.2,82.305,83.4975,81.915,43.0701,521.25,20.3563,520,488.93
72.6051,33.015,9.542,4.367,12.302,46.806,26.309,14.901,0.1798,0.2087,0.1974,541.08,84.555,85.1025,85.17,82.335,83.5275,81.8925,43.065,521.25,20.3562,520,488.96
72.6576,33.02,9.547,4.348,12.302,46.506,26.1715,14.9008,0.1797,0.209,0.1978,541.08,84.6,85.125,85.17,82.335,83.4825,81.9,43.0638,521.22,20.3561,520,488.96
72.6601,33.02,9.553,4.322,12.302,46.188,26.012,14.9005,0.1794,0.2094,0.1981,541,84.57,85.095,85.155,82.2825,83.49,81.885,43.0663,521.16,20.356,520,488.96
72.7132,33.025,9.561,4.291,12.302,45.846,25.8305,14.9002,0.1793,0.2098,0.1986,540.88,84.555,85.125,85.155,82.2375,83.52,81.9,43.0767,521.04,20.3559,520,488.96
72.7163,33.025,9.573,4.26,12.302,45.366,25.5995,14.8999,0.1791,0.2102,0.1991,540.76,84.5325,85.1775,85.17,82.2675,83.5425,81.93,43.0875,520.92,20.3559,520,488.96
72.7195,33.025,9.585,4.224,12.302,44.922,25.352,14.8996,0.1787,0.2107,0.1994,540.6,84.5625,85.1775,85.2225,82.3125,83.5125,81.9075,43.1026,520.77,20.3558,520,488.96
72.7226,33.025,9.597,4.177,12.302,44.52,25.1155,14.8994,0.1783,0.211,0.1998,540.36,84.5175,85.1625,85.275,82.2675,83.505,81.9525,43.1295,520.53,20.3557,520,488.99
72.6751,33.02,9.61,4.126,12.302,44.142,24.89,14.9077,0.1776,0.211,0.1998,540.08,84.4875,85.17,85.26,82.32,83.5275,81.9225,43.1575,520.29,20.3556,520,488.99
72.6776,33.02,9.617,4.062,12.302,44.19,24.8075,14.9077,0.1769,0.211,0.1998,539.84,84.495,85.1175,85.2375,82.2675,83.4975,81.9225,43.1863,520.05,20.3556,520,488.99
72.6295,33.015,9.622,4.012,12.303,44.172,24.7635,14.9077,0.1763,0.2105,0.1993,539.64,84.48,85.1175,85.2225,82.23,83.505,81.9,43.2087,519.87,20.3555,520,488.99
72.5807,33.01,9.618,3.974,12.305,44.73,24.9065,14.9077,0.1761,0.2101,0.1988,539.56,84.5025,85.14,85.1925,82.2825,83.5275,81.915,43.2205,519.78,20.3554,520,488.99
72.5314,33.005,9.612,3.971,12.305,45.192,25.1155,14.9077,0.1766,0.2098,0.1985,539.52,84.5175,85.1325,85.1775,82.245,83.5575,81.9375,43.2251,519.75,20.3553,520,488.99
72.4814,33,9.606,4.025,12.305,45.492,25.308,14.9077,0.1775,0.2096,0.1984,539.56,84.495,85.14,85.1775,82.245,83.55,81.975,43.2261,519.75,20.3553,520,488.99
72.4814,33,9.601,4.103,12.306,45.66,25.44,14.9077,0.1782,0.2094,0.1982,539.56,84.54,85.095,85.155,82.2075,83.5725,81.99,43.2234,519.78,20.3552,520,488.96
72.4814,33,9.596,4.165,12.306,45.81,25.5445,14.9077,0.1785,0.2093,0.1981,539.68,84.525,85.11,85.17,82.215,83.5725,81.99,43.213,519.87,20.3551,520,488.96
72.4814,33,9.591,4.199,12.306,45.966,25.6215,14.9077,0.1787,0.2092,0.198,539.72,84.5175,85.125,85.14,82.2225,83.5275,81.945,43.2023,519.96,20.355,520,488.96
72.4814,33,9.588,4.214,12.306,46.044,25.682,14.9163,0.1787,0.2091,0.1979,539.8,84.5475,85.11,85.2075,82.2375,83.5725,81.9525,43.1949,520.02,20.355,520,488.96
72.4814,33,9.586,4.223,12.307,46.08,25.715,14.9166,0.1788,0.2091,0.1979,539.92,84.5625,85.095,85.185,82.2825,83.6025,81.9825,43.1836,520.11,20.3549,520,488.96
72.4814,33,9.584,4.227,12.307,46.098,25.726,14.9169,0.1788,0.2091,0.1979,540,84.5475,85.1325,85.2375,82.275,83.5875,81.945,43.1756,520.17,20.3548,520,488.96
72.4814,33,9.583,4.23,12.309,46.068,25.715,14.9085,0.1789,0.2092,0.198,540.08,84.6,85.125,85.1925,82.245,83.595,81.915,43.1636,520.26,20.3547,520,488.96
72.532,33.005,9.583,4.231,12.308,46.014,25.6875,14.9085,0.1789,0.2093,0.1981,540.12,84.555,85.125,85.1925,82.26,83.55,81.975,43.1551,520.32,20.3547,520,488.96
72.5326,33.005,9.584,4.231,12.308,45.936,25.649,14.9085,0.1789,0.2094,0.1982,540.16,84.6075,85.1325,85.155,82.305,83.5275,81.945,43.1538,520.32,20.3546,520,488.96
72.5333,33.005,9.585,4.227,12.306,45.828,25.605,14.9085,0.1789,0.2096,0.1983,540.12,84.5775,85.1325,85.1475,82.3425,83.5575,81.96,43.1525,520.32,20.3545,520,488.99
72.5339,33.005,9.588,4.223,12.306,45.678,25.55,14.9085,0.179,0.2098,0.1986,540.08,84.5925,85.17,85.17,82.38,83.565,81.945,43.1587,520.26,20.3544,520,488.99
72.5345,33.005,9.593,4.219,12.306,45.378,25.429,14.9085,0.1789,0.21,0.1989,540.04,84.63,85.1325,85.1625,82.38,83.565,81.9675,43.1614,520.23,20.3543,520,488.99
72.5351,33.005,9.598,4.207,12.306,45.138,25.297,14.9085,0.1786,0.2101,0.1989,540,84.5925,85.1625,85.2225,82.41,83.5575,81.9975,43.1642,520.2,20.3543,520,488.99
72.5358,33.005,9.602,4.177,12.306,45.06,25.2145,14.9085,0.1783,0.2102,0.199,539.96,84.555,85.1625,85.215,82.41,83.5275,82.005,43.171,520.14,20.3542,520,488.99
72.5364,33.005,9.606,4.143,12.306,44.988,25.1485,14.9085,0.178,0.2103,0.1991,539.84,84.525,85.2,85.2075,82.4025,83.4975,82.05,43.1817,520.05,20.3541,520,488.99
72.4864,33,9.611,4.123,12.306,44.85,25.088,14.9085,0.178,0.2105,0.1993,539.76,84.5325,85.1625,85.2075,82.35,83.475,82.0575,43.1927,519.96,20.354,520,488.99
72.4864,33,9.614,4.112,12.306,44.742,25.022,14.9085,0.178,0.2106,0.1994,539.64,84.495,85.125,85.2525,82.3575,83.46,82.05,43.2079,519.84,20.354,520,488.99
72.4864,33,9.619,4.106,12.306,44.628,24.956,14.9085,0.1779,0.2106,0.1994,539.52,84.5175,85.1175,85.2825,82.3725,83.5125,82.095,43.2198,519.75,20.3539,520,488.99
72.4357,32.995,9.622,4.099,12.306,44.568,24.901,14.9085,0.1778,0.2106,0.1994,539.44,84.48,85.155,85.305,82.365,83.5575,82.0725,43.2321,519.66,20.3538,520,488.99
72.4351,32.995,9.624,4.088,12.306,44.574,24.879,14.9085,0.1776,0.2105,0.1992,539.36,84.5025,85.11,85.2825,82.3125,83.6025,82.0275,43.2448,519.57,20.3537,520,488.96
72.4345,32.995,9.623,4.073,12.306,44.796,24.934,14.9085,0.1775,0.2102,0.1991,539.28,84.5475,85.1025,85.2675,82.335,83.6025,81.9975,43.254,519.51,20.3537,520,488.96
72.3832,32.99,9.622,4.07,12.306,44.898,25,14.9085,0.1774,0.2099,0.1987,539.28,84.57,85.125,85.2975,82.305,83.6025,82.02,43.256,519.51,20.3536,520,488.96
72.382,32.99,9.615,4.073,12.306,45.33,25.1485,14.9085,0.1775,0.2097,0.1984,539.32,84.5325,85.08,85.29,82.3275,83.625,82.0575,43.2542,519.54,20.3535,520,488.96
72.3301,32.985,9.609,4.091,12.306,45.582,25.3025,14.9085,0.1778,0.2094,0.1982,539.36,84.585,85.05,85.335,82.3275,83.6175,82.095,43.2523,519.57,20.3685,520,488.96
72.3282,32.985,9.603,4.128,12.306,45.792,25.44,14.9085,0.1781,0.2092,0.198,539.44,84.6,85.0725,85.3725,82.3725,83.58,82.1025,43.239,519.69,20.3689,520,488.96
72.3264,32.985,9.597,4.166,12.306,46.002,25.5555,14.9085,0.1784,0.2092,0.1979,539.56,84.555,85.1175,85.35,82.4025,83.5575,82.1025,43.229,519.78,20.3693,520,488.96
72.3245,32.985,9.591,4.197,12.306,46.164,25.66,14.9085,0.1787,0.209,0.1978,539.64,84.51,85.125,85.305,82.3575,83.595,82.0425,43.2224,519.84,20.3547,520,488.96
72.3226,32.985,9.587,4.223,12.306,46.218,25.7315,14.9085,0.179,0.209,0.1978,539.72,84.495,85.155,85.2975,82.395,83.5425,82.065,43.2118,519.93,20.3546,520,488.96
72.3713,32.99,9.584,4.245,12.306,46.218,25.7535,14.9085,0.1792,0.2091,0.1979,539.8,84.51,85.1325,85.335,82.335,83.5725,82.035,43.2045,519.99,20.3545,520,488.96
72.3701,32.99,9.583,4.257,12.306,46.158,25.7425,14.9085,0.1792,0.2092,0.1979,539.84,84.51,85.1025,85.35,82.2975,83.535,82.0575,43.1971,520.05,20.3544,520,488.96
72.3688,32.99,9.583,4.261,12.305,46.056,25.715,14.9085,0.1793,0.2094,0.1981,539.88,84.5475,85.1325,85.335,82.335,83.5725,82.0425,43.1931,520.08,20.3544,520,488.96
72.4182,32.995,9.584,4.258,12.305,45.912,25.66,14.9085,0.1792,0.2095,0.1982,539.88,84.5475,85.1475,85.2825,82.35,83.5875,82.08,43.1928,520.08,20.3543,520,488.96
72.4176,32.995,9.587,4.251,12.305,45.732,25.583,14.9085,0.1791,0.2097,0.1984,539.88,84.525,85.185,85.2975,82.3125,83.55,82.0875,43.1924,520.08,20.3542,520,488.96
72.417,32.995,9.59,4.237,12.305,45.54,25.4895,14.9085,0.179,0.2099,0.1987,539.84,84.48,85.2225,85.245,82.3275,83.5425,82.0425,43.1959,520.05,20.3541,520,488.96
72.4163,32.995,9.596,4.222,12.305,45.252,25.3575,14.9085,0.1789,0.2102,0.199,539.84,84.4875,85.2525,85.2,82.3725,83.49,82.0575,43.1994,520.02,20.3691,520,488.96
72.4157,32.995,9.602,4.201,12.305,45,25.2145,14.9085,0.1784,0.2101,0.1988,539.8,84.4725,85.245,85.1625,82.365,83.4525,82.0125,43.2031,519.99,20.3695,520,488.96
72.4151,32.995,9.604,4.161,12.304,45.12,25.1815,14.9085,0.178,0.2102,0.1989,539.72,84.5175,85.275,85.2225,82.3125,83.4375,82.0425,43.2107,519.93,20.3699,520,488.96
72.4145,32.995,9.606,4.128,12.304,45.09,25.1705,14.8999,0.1779,0.2102,0.199,539.64,84.5475,85.29,85.2375,82.275,83.415,82.0875,43.2185,519.87,20.3703,520,488.96
72.4138,32.995,9.609,4.119,12.304,45,25.132,14.8996,0.1779,0.21,0.1988,539.64,84.5025,85.305,85.2525,82.23,83.4375,82.1025,43.2228,519.84,20.3708,520,488.96
72.4132,32.995,9.608,4.115,12.304,45.144,25.154,14.8994,0.1778,0.21,0.1988,539.64,84.5025,85.2375,85.2825,82.2825,83.46,82.1175,43.2234,519.84,20.3712,520,488.96
72.362,32.99,9.608,4.116,12.302,45.228,25.198,14.9077,0.178,0.2099,0.1988,539.6,84.48,85.215,85.275,82.29,83.475,82.1475,43.2278,519.81,20.3716,520,488.96
72.3607,32.99,9.608,4.127,12.302,45.24,25.2255,14.9077,0.1782,0.2101,0.1988,539.6,84.51,85.17,85.23,82.245,83.475,82.11,43.2286,519.81,20.372,520,488.96
72.3595,32.99,9.608,4.144,12.303,45.222,25.2255,14.9077,0.1784,0.2102,0.1989,539.56,84.4875,85.17,85.2375,82.26,83.4825,82.065,43.2368,519.75,20.3724,520,488.96
72.3582,32.99,9.61,4.161,12.305,45.072,25.176,14.9077,0.1786,0.2103,0.1991,539.48,84.48,85.14,85.2675,82.29,83.475,82.0725,43.2416,519.72,20.3728,520,488.96
72.3569,32.99,9.614,4.169,12.305,44.892,25.0935,14.9077,0.1787,0.2106,0.1993,539.44,84.5325,85.1625,85.3125,82.3275,83.52,82.0425,43.2503,519.66,20.3733,520,488.96
72.3557,32.99,9.619,4.163,12.305,44.706,24.9945,14.9077,0.1786,0.2107,0.1995,539.32,84.555,85.1325,85.305,82.305,83.55,82.0125,43.2667,519.54,20.3737,520,488.96
72.3544,32.99,9.625,4.149,12.305,44.46,24.8735,14.9077,0.1781,0.2106,0.1993,539.24,84.585,85.0875,85.2825,82.2525,83.565,82.02,43.2798,519.45,20.3741,520,488.93
72.3026,32.985,9.625,4.113,12.305,44.664,24.8735,14.9077,0.1776,0.2104,0.1992,539.2,84.54,85.11,85.2825,82.2525,83.61,82.0275,43.2858,519.42,20.3745,520,488.93
72.3007,32.985,9.624,4.077,12.305,44.832,24.923,14.9077,0.1775,0.2102,0.1991,539.16,84.5025,85.14,85.2975,82.2225,83.55,82.0125,43.2919,519.39,20.3749,520,488.93
72.2988,32.985,9.623,4.071,12.305,44.94,24.9835,14.9077,0.1774,0.2099,0.1986,539.2,84.4875,85.11,85.26,82.23,83.52,81.9975,43.2906,519.42,20.3753,520,488.93
72.2463,32.98,9.615,4.076,12.305,45.408,25.1485,14.9077,0.1776,0.2096,0.1984,539.24,84.54,85.125,85.29,82.26,83.565,81.9975,43.2892,519.45,20.3607,520,488.93
72.2438,32.98,9.609,4.101,12.305,45.63,25.308,14.9077,0.178,0.2095,0.1982,539.32,84.5925,85.14,85.3275,82.2375,83.5725,82.005,43.2801,519.54,20.3606,520,488.93
72.2413,32.98,9.603,4.143,12.305,45.84,25.44,14.9077,0.1784,0.2094,0.198,539.36,84.585,85.155,85.3125,82.29,83.5425,82.0275,43.2782,519.57,20.3606,520,488.93
72.2388,32.98,9.598,4.185,12.305,45.966,25.5445,14.9077,0.1788,0.2092,0.198,539.44,84.63,85.125,85.3275,82.2825,83.49,82.005,43.2687,519.66,20.3605,520,488.93
72.2363,32.98,9.594,4.218,12.305,46.038,25.6105,14.9077,0.1789,0.209,0.1979,539.56,84.645,85.1325,85.29,82.29,83.49,82.0275,43.255,519.78,20.3604,520,488.93
72.2338,32.98,9.59,4.235,12.305,46.11,25.649,14.9077,0.179,0.209,0.1978,539.72,84.6075,85.1625,85.2675,82.2975,83.49,82.0275,43.2371,519.93,20.3603,520,488.93
72.282,32.985,9.587,4.242,12.305,46.17,25.6765,14.9077,0.179,0.209,0.1978,539.8,84.6375,85.1175,85.2675,82.2675,83.5125,82.05,43.2261,520.02,20.3603,520,488.93
72.2801,32.985,9.585,4.246,12.304,46.182,25.7095,14.9077,0.179,0.209,0.1978,539.96,84.645,85.095,85.2525,82.2525,83.49,82.0575,43.211,520.14,20.3602,520,488.93
72.2782,32.985,9.582,4.248,12.304,46.2,25.726,14.9077,0.179,0.209,0.1978,540.04,84.6075,85.095,85.2225,82.275,83.445,82.0875,43.1992,520.23,20.3601,520,488.93
72.3269,32.99,9.581,4.25,12.304,46.182,25.7425,14.9077,0.179,0.209,0.1978,540.16,84.615,85.1175,85.215,82.32,83.4525,82.0425,43.1832,520.35,20.36,520,488.93
72.3257,32.99,9.579,4.249,12.304,46.176,25.7425,14.9077,0.179,0.2091,0.1979,540.2,84.6525,85.0725,85.1925,82.32,83.4825,81.99,43.1743,520.41,20.36,520,488.93
72.3244,32.99,9.579,4.248,12.304,46.128,25.7425,14.9077,0.179,0.2092,0.1979,540.24,84.63,85.0725,85.185,82.32,83.445,81.975,43.1726,520.41,20.3599,520,488.93
72.3738,32.995,9.58,4.247,12.304,46.02,25.715,14.8991,0.179,0.2093,0.1981,540.2,84.63,85.1175,85.1925,82.3575,83.4675,81.9675,43.171,520.41,20.3598,520,488.93
72.3732,32.995,9.581,4.245,12.303,45.882,25.6655,14.8988,0.179,0.2094,0.1982,540.24,84.6675,85.0725,85.245,82.3575,83.505,82.005,43.1656,520.44,20.3597,520,488.93
72.3726,32.995,9.583,4.235,12.301,45.78,25.605,14.9071,0.1789,0.2095,0.1983,540.2,84.6675,85.05,85.2375,82.3425,83.46,82.0425,43.1676,520.41,20.3597,520,488.93
72.3719,32.995,9.586,4.222,12.302,45.636,25.55,14.9071,0.1788,0.2098,0.1985,540.24,84.6525,85.0275,85.2375,82.32,83.4525,82.035,43.1659,520.41,20.3596,520,488.93
72.4219,33,9.589,4.207,12.304,45.504,25.4565,14.9071,0.1788,0.2099,0.1988,540.16,84.6075,85.0425,85.2225,82.305,83.445,82.0275,43.1755,520.32,20.3595,520,488.93
72.4219,33,9.596,4.199,12.303,45.204,25.341,14.8985,0.1786,0.2101,0.1988,540.08,84.6375,85.0725,85.2675,82.3425,83.49,82.035,43.178,520.29,20.3594,520,488.93
72.4219,33,9.599,4.181,12.303,45.132,25.253,14.8983,0.1784,0.2102,0.199,540,84.675,85.095,85.2375,82.2975,83.535,82.0125,43.1881,520.2,20.3593,520,488.93
72.4219,33,9.604,4.157,12.303,45.006,25.176,14.898,0.1782,0.2102,0.1991,539.96,84.6525,85.125,85.26,82.275,83.58,81.9825,43.1948,520.14,20.3593,520,488.93
72.3713,32.995,9.608,4.137,12.301,44.91,25.121,14.9063,0.1779,0.2102,0.199,539.88,84.6075,85.0875,85.275,82.2975,83.535,81.9825,43.2017,520.08,20.3592,520,488.93
72.3707,32.995,9.608,4.115,12.302,45.036,25.132,14.9063,0.1778,0.2102,0.199,539.76,84.615,85.0875,85.29,82.2975,83.5725,81.975,43.2127,519.99,20.3591,520,488.93
72.37,32.995,9.61,4.105,12.304,45.03,25.132,14.9063,0.1779,0.2102,0.199,539.72,84.6075,85.125,85.29,82.3275,83.5425,82.02,43.2202,519.93,20.359,520,488.93
72.3188,32.99,9.611,4.111,12.304,44.994,25.121,14.9063,0.1781,0.2104,0.1991,539.64,84.66,85.1625,85.2825,82.3575,83.49,82.035,43.2318,519.84,20.359,520,488.93
72.3175,32.99,9.614,4.125,12.304,44.904,25.088,14.9063,0.1783,0.2105,0.1992,539.52,84.6,85.1325,85.2525,82.3725,83.535,82.0125,43.2437,519.75,20.3589,520,488.93
72.3163,32.99,9.617,4.136,12.304,44.76,25.0275,14.9063,0.1784,0.2107,0.1993,539.44,84.63,85.095,85.275,82.4175,83.58,82.0425,43.256,519.66,20.3738,520,488.93
72.315,32.99,9.621,4.136,12.304,44.634,24.9505,14.9063,0.1784,0.2109,0.1996,539.32,84.675,85.1325,85.26,82.3875,83.6025,81.9975,43.2724,519.54,20.3743,520,488.93
72.3138,32.99,9.626,4.13,12.304,44.43,24.857,14.9063,0.1783,0.211,0.1998,539.16,84.6825,85.1475,85.2225,82.335,83.625,81.945,43.2893,519.42,20.3747,520,488.93
72.2619,32.985,9.632,4.117,12.305,44.238,24.7525,14.9063,0.1779,0.2108,0.1995,539.08,84.63,85.155,85.2225,82.3125,83.655,81.9675,43.3067,519.3,20.3751,520,488.93
72.2601,32.985,9.632,4.085,12.305,44.46,24.7635,14.9063,0.1775,0.2106,0.1993,539,84.6075,85.1925,85.2075,82.335,83.64,81.93,43.317,519.24,20.3755,520,488.93
72.2582,32.985,9.63,4.055,12.305,44.646,24.8295,14.9063,0.1774,0.2105,0.1992,538.96,84.5625,85.1475,85.2225,82.3425,83.5875,81.915,43.3276,519.18,20.3759,520,488.93
72.2057,32.98,9.629,4.054,12.305,44.772,24.901,14.9063,0.1776,0.2103,0.1991,538.92,84.54,85.14,85.245,82.2975,83.5275,81.9,43.3309,519.18,20.3763,520,488.93
72.2032,32.98,9.626,4.078,12.305,44.904,24.967,14.9063,0.1777,0.2099,0.1987,539,84.5775,85.14,85.2225,82.3275,83.52,81.87,43.3305,519.21,20.3768,520,488.9
72.2007,32.98,9.62,4.097,12.305,45.3,25.11,14.9063,0.1778,0.2096,0.1984,539.08,84.615,85.125,85.26,82.32,83.5575,81.915,43.3224,519.3,20.3772,520,488.9
72.1475,32.975,9.612,4.116,12.305,45.642,25.286,14.9063,0.178,0.2093,0.1981,539.2,84.5925,85.1325,85.29,82.3125,83.5875,81.9525,43.3102,519.42,20.3626,520,488.9
72.1444,32.975,9.604,4.144,12.305,45.948,25.462,14.9063,0.1782,0.209,0.1978,539.32,84.6375,85.14,85.2825,82.2825,83.55,81.9375,43.2975,519.54,20.3625,520,488.9
72.1919,32.98,9.596,4.179,12.305,46.218,25.6215,14.9063,0.1785,0.2088,0.1975,539.52,84.6525,85.14,85.2825,82.275,83.505,81.9075,43.2768,519.72,20.3624,520,488.9
72.1894,32.98,9.588,4.212,12.305,46.452,25.759,14.9063,0.1788,0.2087,0.1974,539.68,84.6825,85.1625,85.3125,82.2975,83.5125,81.9,43.2592,519.87,20.3623,520,488.9
72.1869,32.98,9.581,4.244,12.305,46.578,25.8745,14.9063,0.1792,0.2086,0.1973,539.8,84.6525,85.1775,85.275,82.335,83.49,81.9,43.2409,520.02,20.3622,520,488.9
72.235,32.985,9.576,4.273,12.305,46.632,25.935,14.9063,0.1794,0.2086,0.1974,539.92,84.615,85.1625,85.275,82.335,83.5275,81.945,43.2258,520.14,20.3622,520,488.9
72.2332,32.985,9.573,4.293,12.304,46.62,25.9735,14.9063,0.1795,0.2086,0.1974,540.08,84.6525,85.1775,85.26,82.3275,83.5725,81.93,43.2064,520.29,20.3621,520,488.9
72.2819,32.99,9.569,4.303,12.304,46.608,25.9845,14.9063,0.1795,0.2088,0.1975,540.2,84.6,85.2,85.2675,82.365,83.5725,81.9225,43.194,520.38,20.362,520,488.9
72.2806,32.99,9.568,4.305,12.304,46.524,25.979,14.9063,0.1795,0.2088,0.1976,540.24,84.645,85.155,85.2375,82.35,83.61,81.96,43.1887,520.41,20.3619,520,488.9
72.33,32.995,9.569,4.305,12.304,46.362,25.935,14.9063,0.1795,0.209,0.1977,540.32,84.6225,85.125,85.23,82.305,83.6025,81.93,43.1758,520.5,20.3619,520,488.9
72.3294,32.995,9.57,4.296,12.303,46.23,25.869,14.8977,0.1794,0.2091,0.1979,540.36,84.645,85.095,85.275,82.32,83.5725,81.9225,43.17,520.53,20.3618,520,488.9
72.3794,33,9.573,4.283,12.303,46.056,25.792,14.8974,0.1793,0.2094,0.1981,540.36,84.6225,85.05,85.245,82.275,83.5875,81.975,43.1641,520.56,20.3617,520,488.9
72.3794,33,9.576,4.265,12.301,45.876,25.7095,14.9058,0.1792,0.2096,0.1983,540.32,84.645,85.0125,85.2825,82.305,83.5425,82.0125,43.1693,520.5,20.3616,520,488.93
72.43,33.005,9.581,4.248,12.301,45.636,25.605,14.9058,0.1791,0.2099,0.1987,540.24,84.645,85.065,85.305,82.3275,83.52,81.99,43.1748,520.44,20.3616,520,488.93
72.4307,33.005,9.588,4.232,12.303,45.294,25.44,14.8971,0.179,0.2102,0.1991,540.16,84.6375,85.1175,85.2825,82.3725,83.49,81.9675,43.1843,520.35,20.3615,520,488.93
72.4313,33.005,9.597,4.213,12.303,44.928,25.253,14.8969,0.1788,0.2106,0.1993,540.04,84.6825,85.1025,85.2975,82.35,83.4975,81.96,43.1979,520.23,20.3614,520,488.93
72.4319,33.005,9.606,4.183,12.301,44.622,25.0715,14.9052,0.1785,0.2109,0.1997,539.88,84.7125,85.0725,85.26,82.3725,83.5425,81.975,43.2158,520.08,20.3613,520,488.93
72.4325,33.005,9.616,4.145,12.301,44.31,24.901,14.9052,0.1778,0.2106,0.1995,539.68,84.66,85.035,85.275,82.3725,83.5575,81.975,43.238,519.9,20.3613,520,488.93
72.3825,33,9.619,4.09,12.301,44.508,24.879,14.9052,0.177,0.2103,0.1991,539.6,84.63,85.005,85.2675,82.3125,83.5275,81.975,43.2497,519.81,20.3612,520,488.93
72.3825,33,9.615,4.032,12.304,44.946,24.989,14.9052,0.1767,0.2099,0.1988,539.52,84.6525,85.005,85.32,82.35,83.5425,81.9525,43.258,519.75,20.3611,520,488.93
72.3319,32.995,9.611,4.019,12.304,45.222,25.1375,14.9052,0.177,0.2098,0.1985,539.56,84.6675,85.05,85.3425,82.3125,83.52,81.93,43.259,519.75,20.361,520,488.93
72.3313,32.995,9.606,4.057,12.304,45.486,25.2805,14.9052,0.1776,0.2096,0.1983,539.56,84.69,85.0275,85.335,82.2975,83.505,81.8925,43.2562,519.78,20.361,520,488.93
72.28,32.99,9.601,4.114,12.304,45.708,25.4235,14.9052,0.1782,0.2094,0.1981,539.56,84.66,85.0425,85.2975,82.335,83.4675,81.8775,43.2571,519.78,20.3609,520,488.93
72.2787,32.99,9.596,4.167,12.304,45.864,25.5335,14.9052,0.1785,0.2092,0.198,539.64,84.6975,85.0125,85.275,82.3125,83.4525,81.93,43.2505,519.84,20.3608,520,488.93
72.2775,32.99,9.591,4.202,12.304,45.984,25.616,14.9052,0.1787,0.2092,0.1979,539.72,84.7125,85.0425,85.3125,82.275,83.46,81.975,43.2399,519.93,20.3607,520,488.93
72.3269,32.995,9.588,4.221,12.304,46.086,25.671,14.9052,0.1788,0.2091,0.1979,539.8,84.7275,85.0275,85.335,82.305,83.49,81.9975,43.2327,519.99,20.3606,520,488.93
72.3263,32.995,9.585,4.233,12.304,46.11,25.7095,14.9052,0.1789,0.2092,0.1979,539.88,84.75,85.02,85.35,82.275,83.5275,81.9825,43.2214,520.08,20.3606,520,488.93
72.3256,32.995,9.584,4.24,12.304,46.104,25.715,14.9052,0.179,0.2092,0.1979,539.92,84.7425,85.0575,85.305,82.2975,83.505,81.945,43.2136,520.14,20.3605,520,488.93
72.325,32.995,9.583,4.245,12.304,46.044,25.6985,14.9052,0.1791,0.2092,0.198,540,84.7425,85.08,85.3575,82.2525,83.5425,81.9825,43.2055,520.2,20.3604,520,488.93
72.375,33,9.584,4.246,12.304,45.978,25.6655,14.9052,0.179,0.2094,0.1981,540.08,84.7275,85.1025,85.32,82.2975,83.5425,81.9975,43.1972,520.26,20.3603,520,488.93
72.375,33,9.585,4.242,12.304,45.9,25.6325,14.9052,0.179,0.2095,0.1982,540.04,84.705,85.095,85.32,82.3425,83.5725,81.96,43.1961,520.26,20.3603,520,488.93
72.375,33,9.587,4.237,12.304,45.756,25.583,14.9052,0.179,0.2097,0.1984,540,84.6525,85.0725,85.2675,82.335,83.55,81.99,43.2026,520.2,20.3602,520,488.93
72.375,33,9.59,4.231,12.304,45.57,25.506,14.9052,0.179,0.2098,0.1986,539.96,84.6375,85.1025,85.29,82.3725,83.5725,82.005,43.2055,520.17,20.3601,520,488.93
72.4257,33.005,9.594,4.22,12.304,45.378,25.407,14.9052,0.1789,0.2102,0.1988,539.92,84.6,85.0575,85.335,82.38,83.52,82.005,43.2086,520.14,20.36,520,488.93
72.4263,33.005,9.599,4.204,12.304,45.144,25.286,14.9052,0.1788,0.2104,0.1991,539.84,84.6,85.08,85.335,82.4175,83.4825,81.9825,43.2193,520.05,20.36,520,488.93
72.4269,33.005,9.607,4.188,12.304,44.844,25.143,14.9052,0.1787,0.2106,0.1994,539.72,84.5925,85.095,85.29,82.455,83.4825,81.975,43.2341,519.93,20.3599,520,488.93
72.4275,33.005,9.614,4.166,12.304,44.556,24.9835,14.9052,0.1784,0.2108,0.1995,539.6,84.615,85.0875,85.2525,82.4175,83.4975,82.005,43.2495,519.81,20.3598,520,488.93
72.3775,33,9.62,4.132,12.304,44.46,24.879,14.9052,0.178,0.2108,0.1996,539.48,84.63,85.1025,85.2375,82.4475,83.46,82.035,43.2653,519.69,20.3597,520,488.93
72.3775,33,9.625,4.096,12.305,44.388,24.8075,14.9052,0.1774,0.2105,0.1993,539.36,84.6525,85.0725,85.23,82.4025,83.4525,81.9975,43.2778,519.6,20.3597,520,488.93
72.3775,33,9.623,4.057,12.305,44.73,24.879,14.9052,0.1771,0.2102,0.199,539.32,84.6075,85.0275,85.26,82.365,83.4975,82.0275,43.2869,519.54,20.3596,520,488.93
72.3269,32.995,9.62,4.039,12.305,44.994,25,14.9052,0.177,0.2097,0.1985,539.36,84.5775,85.035,85.23,82.3725,83.535,82.035,43.285,519.57,20.3595,520,488.93
72.2756,32.99,9.612,4.049,12.305,45.504,25.2035,14.9052,0.1773,0.2095,0.1982,539.4,84.54,85.0575,85.2675,82.3575,83.5425,82.0425,43.2792,519.63,20.3594,520,488.9
72.2744,32.99,9.604,4.086,12.305,45.846,25.4125,14.9052,0.1778,0.2092,0.1979,539.44,84.5025,85.0125,85.3125,82.35,83.49,82.05,43.277,519.66,20.3594,520,488.9
72.2731,32.99,9.596,4.143,12.305,46.092,25.594,14.9052,0.1784,0.209,0.1977,539.56,84.4875,85.065,85.35,82.35,83.5125,82.0575,43.2671,519.75,20.3593,520,488.9
72.2719,32.99,9.589,4.198,12.305,46.29,25.7315,14.9052,0.1788,0.2088,0.1975,539.68,84.4875,85.05,85.365,82.3425,83.4825,82.0575,43.2493,519.9,20.3592,520,488.9
72.3213,32.995,9.582,4.235,12.305,46.464,25.836,14.9052,0.179,0.2086,0.1974,539.84,84.5175,85.0575,85.305,82.305,83.475,82.095,43.2309,520.05,20.3591,520,488.9
72.3206,32.995,9.577,4.26,12.305,46.56,25.9075,14.9052,0.1792,0.2086,0.1974,540,84.495,85.0425,85.3425,82.275,83.43,82.08,43.2119,520.2,20.359,520,488.9
72.32,32.995,9.573,4.276,12.305,46.614,25.957,14.9052,0.1793,0.2086,0.1974,540.12,84.4575,85.02,85.35,82.2525,83.3925,82.035,43.1961,520.32,20.359,520,488.9
72.37,33,9.57,4.288,12.305,46.596,25.979,14.9052,0.1794,0.2086,0.1974,540.24,84.5025,85.0275,85.35,82.2075,83.445,81.9825,43.1835,520.41,20.3589,520,488.9
72.37,33,9.568,4.293,12.305,46.554,25.979,14.9052,0.1794,0.2087,0.1975,540.36,84.48,85.005,85.3725,82.2225,83.475,81.99,43.1668,520.53,20.3588,520,488.9
72.4206,33.005,9.568,4.293,12.305,46.482,25.968,14.9052,0.1794,0.2088,0.1976,540.4,84.4725,84.9675,85.395,82.2375,83.46,81.9975,43.1572,520.59,20.3587,520,488.93
72.4213,33.005,9.568,4.29,12.305,46.374,25.935,14.9052,0.1793,0.209,0.1977,540.48,84.51,84.93,85.395,82.2,83.415,81.9675,43.1473,520.65,20.3587,520,488.93
72.4725,33.01,9.569,4.282,12.304,46.248,25.88,14.9052,0.1793,0.2092,0.1979,540.48,84.4875,84.945,85.365,82.2075,83.43,82.0125,43.1409,520.68,20.3586,520,488.93
72.4737,33.01,9.572,4.272,12.304,46.08,25.814,14.9052,0.1792,0.2094,0.1981,540.48,84.4725,84.9975,85.395,82.1625,83.43,82.0425,43.1419,520.65,20.3585,520,488.93
72.475,33.01,9.575,4.26,12.304,45.876,25.7205,14.9052,0.1791,0.2096,0.1983,540.44,84.495,85.0425,85.3875,82.23,83.415,82.0575,43.1468,520.59,20.3584,520,488.93
72.4762,33.01,9.58,4.244,12.304,45.66,25.6105,14.9052,0.1791,0.21,0.1987,540.32,84.48,85.005,85.3875,82.245,83.4225,82.0425,43.1519,520.53,20.3584,520,488.93
72.5281,33.015,9.588,4.23,12.304,45.282,25.4455,14.9052,0.1791,0.2104,0.1991,540.2,84.4725,84.99,85.35,82.275,83.4075,82.0575,43.1648,520.41,20.3583,520,488.93
72.53,33.015,9.598,4.214,12.304,44.85,25.2365,14.9052,0.1789,0.2108,0.1996,540.04,84.4425,85.0125,85.32,82.2825,83.4,82.02,43.1857,520.23,20.3582,520,488.93
72.5319,33.015,9.609,4.185,12.304,44.436,25.0165,14.9052,0.1784,0.2109,0.1996,539.88,84.5025,85.0275,85.32,82.305,83.4075,82.0575,43.2036,520.08,20.3581,520,488.93
72.4831,33.01,9.615,4.131,12.304,44.4,24.8955,14.9052,0.1777,0.2109,0.1997,539.68,84.555,85.02,85.275,82.335,83.43,82.0575,43.2258,519.9,20.3581,520,488.93
72.4844,33.01,9.621,4.076,12.304,44.304,24.813,14.9052,0.1772,0.2108,0.1996,539.52,84.6,85.065,85.2975,82.3725,83.4675,82.0575,43.245,519.75,20.358,520,488.93
72.435,33.005,9.624,4.037,12.305,44.394,24.802,14.9052,0.1767,0.2102,0.199,539.44,84.57,85.1175,85.335,82.3275,83.475,82.035,43.261,519.63,20.3579,520,488.93
72.385,33,9.619,4.008,12.305,44.97,24.9725,14.9052,0.1765,0.2098,0.1986,539.4,84.6,85.1025,85.2975,82.305,83.49,82.0575,43.2625,519.63,20.3578,520,488.93
72.385,33,9.611,4.011,12.305,45.426,25.1925,14.9052,0.1769,0.2095,0.1982,539.44,84.645,85.14,85.32,82.305,83.535,82.0875,43.2603,519.66,20.3577,520,488.93
72.3344,32.995,9.603,4.061,12.305,45.762,25.396,14.9052,0.1776,0.2093,0.198,539.48,84.6,85.095,85.2825,82.305,83.505,82.0575,43.2541,519.72,20.3727,520,488.93
72.3338,32.995,9.595,4.128,12.305,46.038,25.583,14.9052,0.1782,0.209,0.1978,539.56,84.645,85.11,85.305,82.2675,83.5425,82.05,43.2477,519.78,20.3581,520,488.93
72.3331,32.995,9.588,4.187,12.305,46.254,25.726,14.9052,0.1787,0.2088,0.1976,539.68,84.6525,85.1475,85.3125,82.2825,83.55,82.0275,43.2336,519.9,20.358,520,488.93
72.3325,32.995,9.582,4.229,12.305,46.41,25.836,14.9052,0.1789,0.2087,0.1975,539.84,84.63,85.125,85.3425,82.29,83.565,82.065,43.219,520.02,20.3579,520,488.93
72.3825,33,9.576,4.253,12.305,46.53,25.913,14.9052,0.1791,0.2087,0.1974,539.96,84.6525,85.1175,85.3575,82.3125,83.6025,82.035,43.2001,520.17,20.3579,520,488.93
72.3825,33,9.573,4.268,12.305,46.578,25.957,14.9052,0.1792,0.2087,0.1975,540.08,84.63,85.1475,85.395,82.3575,83.5875,82.0275,43.1881,520.26,20.3578,520,488.93
72.4332,33.005,9.571,4.281,12.305,46.536,25.968,14.9052,0.1793,0.2088,0.1975,540.16,84.66,85.185,85.41,82.38,83.6025,82.02,43.1721,520.38,20.3577,520,488.93
72.4338,33.005,9.57,4.287,12.305,46.458,25.946,14.9052,0.1794,0.2088,0.1977,540.24,84.6975,85.185,85.4025,82.35,83.55,82.0125,43.163,520.44,20.3576,520,488.93
72.4344,33.005,9.571,4.288,12.305,46.326,25.9075,14.9052,0.1793,0.209,0.1978,540.36,84.735,85.1625,85.395,82.3575,83.535,82.0125,43.15,520.53,20.3576,520,488.93
72.4856,33.01,9.571,4.281,12.305,46.23,25.8525,14.9052,0.1793,0.2091,0.1979,540.4,84.7275,85.1625,85.425,82.3425,83.5275,82.035,43.1441,520.56,20.3575,520,488.93
72.4869,33.01,9.573,4.27,12.305,46.092,25.7975,14.9052,0.1792,0.2093,0.1981,540.4,84.69,85.1625,85.44,82.365,83.52,82.05,43.138,520.59,20.3574,520,488.93
72.4881,33.01,9.576,4.256,12.305,45.93,25.7205,14.9052,0.179,0.2095,0.1982,540.4,84.645,85.1475,85.455,82.3275,83.5275,82.0725,43.1394,520.56,20.3573,520,488.93
72.54,33.015,9.58,4.24,12.305,45.75,25.6325,14.9052,0.179,0.2098,0.1986,540.32,84.6825,85.1925,85.4775,82.2825,83.5575,82.095,43.1447,520.5,20.3572,520,488.96
72.5419,33.015,9.587,4.228,12.305,45.414,25.495,14.9052,0.179,0.2102,0.1989,540.24,84.63,85.2225,85.4175,82.32,83.535,82.05,43.1502,520.44,20.3572,520,488.96
72.5438,33.015,9.594,4.214,12.305,45.096,25.33,14.9052,0.1789,0.2105,0.1993,540.12,84.66,85.2525,85.3875,82.305,83.55,82.0425,43.1634,520.32,20.3571,520,488.96
72.5457,33.015,9.603,4.19,12.305,44.736,25.1485,14.9052,0.1786,0.2109,0.1996,539.96,84.6525,85.2,85.335,82.3425,83.5575,82.08,43.1809,520.17,20.357,520,488.96
72.5475,33.015,9.613,4.159,12.305,44.376,24.9505,14.9052,0.1782,0.211,0.1997,539.76,84.6375,85.2,85.2825,82.3875,83.565,82.065,43.2065,519.96,20.3569,520,488.96
72.4988,33.01,9.621,4.113,12.305,44.244,24.813,14.9052,0.1775,0.2108,0.1996,539.6,84.6375,85.1925,85.3125,82.38,83.5125,82.02,43.2255,519.81,20.3569,520,488.96
72.5,33.01,9.623,4.056,12.305,44.424,24.802,14.9052,0.1768,0.2105,0.1993,539.48,84.63,85.17,85.3425,82.395,83.475,81.9825,43.2413,519.69,20.3718,520,488.96
72.4507,33.005,9.622,4.013,12.305,44.718,24.89,14.9052,0.1767,0.2102,0.199,539.44,84.6375,85.2,85.3425,82.35,83.4675,81.9525,43.2463,519.66,20.3722,520,488.96
72.4007,33,9.618,4.012,12.305,45,25.0165,14.9052,0.1771,0.21,0.1988,539.4,84.6,85.1475,85.305,82.38,83.4675,81.945,43.2552,519.6,20.3727,520,488.96
72.4007,33,9.614,4.05,12.305,45.198,25.143,14.9052,0.1776,0.2098,0.1986,539.44,84.555,85.1625,85.32,82.3425,83.4525,81.9825,43.253,519.63,20.3731,520,488.96
72.35,32.995,9.609,4.099,12.305,45.426,25.2585,14.9052,0.1781,0.2098,0.1985,539.44,84.5475,85.14,85.2675,82.3425,83.4825,81.945,43.2508,519.66,20.3735,520,488.93
72.3494,32.995,9.606,4.144,12.306,45.51,25.3465,14.9052,0.1784,0.2097,0.1984,539.48,84.5775,85.14,85.305,82.335,83.52,81.9075,43.2484,519.69,20.3739,520,488.93
72.3488,32.995,9.603,4.176,12.306,45.582,25.4015,14.9052,0.1786,0.2096,0.1984,539.48,84.6075,85.1025,85.3275,82.3725,83.4825,81.9675,43.2459,519.72,20.3593,520,488.93
72.3482,32.995,9.601,4.193,12.306,45.612,25.4345,14.9052,0.1787,0.2097,0.1984,539.56,84.645,85.1175,85.275,82.38,83.4525,81.9975,43.2432,519.75,20.3592,520,488.93
72.3475,32.995,9.6,4.199,12.306,45.63,25.4455,14.9052,0.1787,0.2097,0.1984,539.56,84.6375,85.11,85.2525,82.335,83.46,81.9975,43.2405,519.78,20.3591,520,488.93
72.3975,33,9.599,4.2,12.306,45.6,25.44,14.9052,0.1787,0.2098,0.1985,539.6,84.6225,85.095,85.305,82.3725,83.49,82.0425,43.2376,519.81,20.3591,520,488.93
72.3975,33,9.599,4.2,12.306,45.54,25.44,14.9052,0.1787,0.2098,0.1985,539.6,84.6225,85.095,85.305,82.3725,83.49,82.0425,43.2384,519.81,20.359,520,488.93
72.3975,33,9.599,4.2,12.306,45.54,25.44,14.9052,0.1787,0.2098,0.1985,539.6,84.6225,85.095,85.305,82.3725,83.49,82.0425,43.2392,519.81,20.3589,520,488.93
72.3975,33,9.599,4.2,12.306,45.54,25.44,14.9052,0.1787,0.2098,0.1985,539.6,84.6225,85.095,85.305,82.3725,83.49,82.0425,43.2399,519.81,20.3588,520,488.93
72.3975,33,9.6,4.199,12.306,45.54,25.4125,14.9052,0.1787,0.2098,0.1985,539.6,84.615,85.05,85.32,82.335,83.505,82.0725,43.2407,519.81,20.3588,520,488.93
72.3975,33,9.601,4.198,12.306,45.456,25.374,14.9052,0.1788,0.2099,0.1987,539.6,84.6375,85.095,85.32,82.2975,83.4525,82.0875,43.2415,519.81,20.3587,520,488.93
72.3975,33,9.604,4.196,12.306,45.288,25.3025,14.9052,0.1788,0.2101,0.1988,539.64,84.6525,85.0575,85.2825,82.305,83.505,82.0875,43.2385,519.84,20.3736,520,488.93
72.3975,33,9.606,4.189,12.306,45.18,25.231,14.9052,0.1787,0.2102,0.199,539.6,84.6075,85.0725,85.245,82.275,83.5125,82.0575,43.2391,519.84,20.374,520,488.93
72.3975,33,9.61,4.178,12.306,45.024,25.154,14.9052,0.1786,0.2105,0.1992,539.56,84.645,85.0575,85.2675,82.26,83.5125,82.0125,43.2473,519.78,20.3745,520,488.93
72.3975,33,9.615,4.166,12.306,44.82,25.055,14.9052,0.1786,0.2106,0.1994,539.48,84.6525,85.035,85.32,82.23,83.52,81.975,43.2594,519.69,20.3749,520,488.93
72.3469,32.995,9.62,4.153,12.306,44.604,24.945,14.9052,0.1784,0.2108,0.1995,539.36,84.6225,85.02,85.3125,82.2075,83.55,81.945,43.272,519.6,20.3753,520,488.93
72.3463,32.995,9.626,4.133,12.306,44.46,24.8515,14.9052,0.1781,0.2108,0.1995,539.28,84.6075,85.035,85.29,82.1925,83.4975,81.9825,43.2886,519.48,20.3757,520,488.93
72.3456,32.995,9.628,4.104,12.306,44.484,24.813,14.9052,0.1778,0.2108,0.1995,539.16,84.645,85.0275,85.245,82.2375,83.535,81.9375,43.302,519.39,20.3761,520,488.93
72.345,32.995,9.631,4.081,12.306,44.46,24.791,14.9052,0.1776,0.2106,0.1993,539.08,84.6525,85.05,85.29,82.275,83.55,81.9,43.312,519.33,20.3765,520,488.93
72.2938,32.99,9.63,4.068,12.306,44.646,24.8295,14.9052,0.1774,0.2102,0.199,539.08,84.6525,85.035,85.3125,82.2825,83.595,81.8925,43.3184,519.3,20.377,520,488.93
72.2925,32.99,9.625,4.059,12.306,45.006,24.9615,14.9052,0.1774,0.21,0.1987,539.08,84.615,85.005,85.3125,82.29,83.55,81.9075,43.3175,519.33,20.3774,520,488.9
72.2407,32.985,9.619,4.072,12.306,45.288,25.11,14.9052,0.1777,0.2098,0.1986,539.12,84.6,85.05,85.32,82.305,83.52,81.8925,43.3165,519.36,20.3778,520,488.9
72.2388,32.985,9.614,4.109,12.306,45.438,25.231,14.9052,0.1782,0.2096,0.1984,539.2,84.6375,85.095,85.35,82.2825,83.5425,81.855,43.3115,519.42,20.3782,520,488.9
72.2369,32.985,9.609,4.152,12.306,45.6,25.3245,14.9052,0.1785,0.2094,0.1982,539.32,84.5925,85.1325,85.335,82.26,83.58,81.87,43.3026,519.51,20.3786,520,488.9
72.235,32.985,9.605,4.182,12.306,45.744,25.4125,14.9052,0.1787,0.2094,0.1981,539.44,84.5475,85.1325,85.3425,82.23,83.5275,81.915,43.2895,519.63,20.364,520,488.9
72.2332,32.985,9.6,4.201,12.305,45.882,25.4895,14.9052,0.1788,0.2093,0.198,539.52,84.585,85.08,85.29,82.2,83.505,81.9525,43.2798,519.72,20.3639,520,488.9
72.2313,32.985,9.596,4.216,12.305,45.954,25.55,14.9052,0.1789,0.2093,0.198,539.64,84.555,85.11,85.305,82.17,83.475,81.96,43.2659,519.84,20.3639,520,488.9
72.28,32.99,9.593,4.226,12.305,46.008,25.5885,14.9052,0.179,0.2093,0.198,539.68,84.525,85.155,85.3125,82.1625,83.475,81.975,43.259,519.9,20.3638,520,488.9
72.2787,32.99,9.591,4.236,12.305,45.996,25.6105,14.9052,0.179,0.2093,0.198,539.76,84.5625,85.14,85.2975,82.1325,83.52,81.975,43.2481,519.99,20.3637,520,488.9
72.2775,32.99,9.59,4.242,12.305,45.966,25.616,14.9052,0.1791,0.2094,0.1981,539.84,84.54,85.125,85.26,82.155,83.4675,81.9525,43.2444,520.02,20.3636,520,488.9
72.3269,32.995,9.589,4.244,12.305,45.9,25.605,14.9052,0.1791,0.2094,0.1982,539.88,84.5325,85.1475,85.215,82.155,83.5125,81.9825,43.2406,520.05,20.3635,520,488.9
72.3263,32.995,9.59,4.242,12.305,45.81,25.572,14.9052,0.1791,0.2095,0.1983,539.88,84.5175,85.125,85.215,82.17,83.505,81.945,43.2366,520.08,20.3635,520,488.9
72.3256,32.995,9.591,4.237,12.304,45.696,25.528,14.9052,0.179,0.2096,0.1984,539.92,84.5625,85.1025,85.2,82.185,83.46,81.9525,43.2325,520.11,20.3634,520,488.9
72.325,32.995,9.593,4.227,12.304,45.582,25.4675,14.9052,0.1789,0.2098,0.1985,539.92,84.5775,85.065,85.185,82.17,83.445,81.9675,43.2321,520.11,20.3633,520,488.9
72.375,33,9.595,4.214,12.304,45.462,25.407,14.9052,0.1789,0.2098,0.1987,539.88,84.5475,85.0425,85.215,82.1475,83.43,81.945,43.2354,520.08,20.3632,520,488.9
72.375,33,9.6,4.205,12.304,45.24,25.3135,14.8966,0.1785,0.2097,0.1985,539.88,84.555,85.0725,85.2225,82.1325,83.4225,81.9075,43.2351,520.08,20.3632,520,488.9
72.375,33,9.598,4.178,12.304,45.468,25.33,14.8963,0.1781,0.2096,0.1984,539.92,84.51,85.11,85.1925,82.11,83.385,81.93,43.231,520.11,20.3631,520,488.9
72.375,33,9.596,4.151,12.302,45.624,25.396,14.9046,0.1781,0.2097,0.1984,539.92,84.4875,85.1475,85.1625,82.1625,83.37,81.96,43.2306,520.11,20.363,520,488.9
72.3244,32.995,9.596,4.151,12.302,45.618,25.44,14.9046,0.1783,0.2096,0.1984,539.88,84.4875,85.125,85.2,82.1325,83.3475,81.9975,43.2339,520.08,20.3629,520,488.9
72.3238,32.995,9.596,4.171,12.303,45.588,25.4455,14.9046,0.1786,0.2097,0.1984,539.88,84.4575,85.1475,85.1775,82.1475,83.37,82.0275,43.2335,520.08,20.3629,520,488.9
72.3231,32.995,9.596,4.189,12.303,45.558,25.4345,14.9046,0.1787,0.2098,0.1985,539.88,84.4875,85.155,85.155,82.1325,83.4075,81.975,43.2332,520.08,20.3628,520,488.9
72.3731,33,9.597,4.197,12.303,45.51,25.407,14.9046,0.1787,0.2097,0.1985,539.88,84.54,85.14,85.1925,82.1025,83.415,81.9975,43.2329,520.08,20.3627,520,488.9
72.3731,33,9.598,4.197,12.303,45.45,25.3795,14.9046,0.1786,0.2097,0.1985,539.92,84.51,85.14,85.2,82.125,83.43,82.0125,43.2288,520.11,20.3626,520,488.9
72.3731,33,9.598,4.186,12.303,45.51,25.3685,14.9046,0.1784,0.2097,0.1985,539.92,84.5325,85.14,85.23,82.1325,83.4525,81.9825,43.2246,520.14,20.3626,520,488.9
72.3731,33,9.598,4.176,12.304,45.516,25.374,14.9046,0.1785,0.2098,0.1985,539.96,84.5325,85.125,85.1925,82.1325,83.4825,81.9975,43.2241,520.14,20.3625,520,488.9
72.3731,33,9.6,4.175,12.304,45.456,25.363,14.9046,0.1786,0.2099,0.1987,539.92,84.5175,85.1475,85.17,82.11,83.46,82.0425,43.2272,520.11,20.3624,520,488.9
72.3731,33,9.602,4.181,12.304,45.33,25.319,14.9046,0.1787,0.2102,0.1989,539.88,84.5625,85.1325,85.215,82.1025,83.445,82.0725,43.2306,520.08,20.3623,520,488.9
72.3731,33,9.606,4.187,12.304,45.12,25.242,14.9046,0.1788,0.2104,0.1991,539.8,84.57,85.095,85.26,82.125,83.46,82.1025,43.2378,520.02,20.3622,520,488.9
72.3731,33,9.61,4.184,12.304,44.916,25.143,14.9046,0.1788,0.2106,0.1993,539.68,84.5625,85.0725,85.2675,82.17,83.46,82.0725,43.2527,519.9,20.3772,520,488.9
72.3731,33,9.616,4.171,12.304,44.676,25.022,14.9046,0.1782,0.2102,0.1991,539.6,84.57,85.0575,85.2975,82.215,83.4975,82.035,43.2644,519.81,20.3776,520,488.9
72.3225,32.995,9.615,4.131,12.304,44.964,25.0495,14.9046,0.1776,0.2101,0.1988,539.6,84.57,85.0275,85.3125,82.2525,83.4525,82.0575,43.2651,519.81,20.378,520,488.9
72.3219,32.995,9.613,4.091,12.305,45.198,25.1375,14.9046,0.1775,0.2098,0.1987,539.56,84.6225,85.0575,85.35,82.2975,83.505,82.02,43.2697,519.78,20.3785,520,488.9
72.3213,32.995,9.61,4.089,12.305,45.318,25.22,14.9133,0.1777,0.2098,0.1985,539.6,84.5775,85.11,85.3275,82.3275,83.535,82.02,43.2668,519.81,20.3789,520,488.9
72.3206,32.995,9.607,4.113,12.305,45.468,25.297,14.9135,0.1781,0.2097,0.1984,539.64,84.585,85.11,85.3725,82.3575,83.505,82.0575,43.2638,519.84,20.3643,520,488.9
72.2694,32.99,9.604,4.144,12.305,45.606,25.3795,14.9138,0.1784,0.2095,0.1983,539.68,84.585,85.125,85.4025,82.32,83.46,82.005,43.2569,519.9,20.3642,520,488.9
72.2681,32.99,9.6,4.172,12.307,45.72,25.44,14.9055,0.1785,0.2095,0.1982,539.72,84.63,85.1625,85.425,82.365,83.505,81.99,43.2536,519.93,20.3641,520,488.9
72.3175,32.995,9.597,4.193,12.307,45.792,25.495,14.9055,0.1787,0.2094,0.1982,539.76,84.645,85.1325,85.4475,82.38,83.4975,81.9975,43.2501,519.96,20.364,520,488.9
72.3169,32.995,9.595,4.207,12.306,45.81,25.528,14.9055,0.1788,0.2095,0.1982,539.8,84.645,85.1025,85.4775,82.335,83.46,81.9675,43.2465,519.99,20.3639,520,488.9
72.3162,32.995,9.594,4.216,12.305,45.804,25.5335,14.9055,0.1789,0.2095,0.1982,539.8,84.6375,85.095,85.47,82.305,83.4825,81.9525,43.2428,520.02,20.3639,520,488.9
72.3156,32.995,9.594,4.22,12.305,45.75,25.5225,14.9055,0.1789,0.2096,0.1983,539.84,84.6,85.0575,85.4925,82.335,83.4825,81.9375,43.2427,520.02,20.3638,520,488.9
72.315,32.995,9.594,4.221,12.305,45.672,25.495,14.9055,0.1789,0.2096,0.1984,539.84,84.5625,85.02,85.455,82.3575,83.445,81.9225,43.2389,520.05,20.3637,520,488.9
72.3144,32.995,9.596,4.217,12.305,45.588,25.4565,14.9055,0.1788,0.2097,0.1984,539.88,84.525,85.08,85.4025,82.3575,83.415,81.885,43.2349,520.08,20.3636,520,488.9
72.3644,33,9.597,4.209,12.305,45.534,25.4125,14.9055,0.1787,0.2098,0.1985,539.88,84.525,85.0725,85.4175,82.395,83.385,81.8625,43.2346,520.08,20.3636,520,488.9
72.3644,33,9.598,4.199,12.305,45.468,25.3795,14.9055,0.1787,0.2099,0.1987,539.88,84.54,85.02,85.455,82.4325,83.4075,81.8775,43.238,520.05,20.3635,520,488.9
72.3644,33,9.601,4.194,12.305,45.294,25.3135,14.9055,0.1788,0.2102,0.1989,539.84,84.57,85.0725,85.4475,82.4325,83.4075,81.87,43.2416,520.02,20.3634,520,488.9
72.3644,33,9.605,4.189,12.305,45.102,25.2255,14.9055,0.1788,0.2103,0.1991,539.76,84.5325,85.035,85.41,82.47,83.4075,81.9225,43.249,519.96,20.3784,520,488.9
72.3644,33,9.61,4.181,12.305,44.898,25.121,14.9055,0.1787,0.2105,0.1993,539.68,84.495,85.05,85.41,82.4925,83.4525,81.8925,43.2605,519.87,20.3788,520,488.9
72.3644,33,9.616,4.165,12.305,44.7,25.011,14.9055,0.1781,0.2102,0.199,539.6,84.5475,85.0875,85.3575,82.44,83.4975,81.93,43.2685,519.81,20.3792,520,488.9
72.3644,33,9.614,4.125,12.305,45,25.0495,14.9055,0.1776,0.2101,0.1988,539.56,84.5475,85.065,85.3875,82.455,83.5125,81.9525,43.273,519.78,20.3796,520,488.9
72.3137,32.995,9.612,4.093,12.305,45.186,25.132,14.9055,0.1776,0.2099,0.1987,539.56,84.5475,85.05,85.3725,82.47,83.55,81.945,43.2777,519.75,20.365,520,488.9
72.3131,32.995,9.61,4.096,12.305,45.306,25.2035,14.9055,0.1778,0.2098,0.1986,539.56,84.5325,85.0725,85.35,82.425,83.5425,81.9375,43.2749,519.78,20.3649,520,488.9
72.3125,32.995,9.607,4.12,12.305,45.426,25.2695,14.9055,0.1781,0.2098,0.1985,539.6,84.495,85.08,85.3275,82.41,83.5875,81.945,43.2721,519.81,20.3648,520,488.9
72.3119,32.995,9.605,4.15,12.305,45.522,25.3355,14.9055,0.1784,0.2097,0.1984,539.6,84.555,85.125,85.3425,82.3725,83.58,81.9075,43.2728,519.81,20.3648,520,488.9
72.3112,32.995,9.603,4.175,12.305,45.576,25.385,14.9055,0.1786,0.2096,0.1984,539.6,84.5625,85.155,85.335,82.38,83.55,81.96,43.2736,519.81,20.3647,520,488.9
72.3106,32.995,9.601,4.192,12.305,45.606,25.4125,14.9055,0.1787,0.2096,0.1984,539.64,84.525,85.1775,85.32,82.35,83.505,81.915,43.2668,519.87,20.3646,520,488.9
72.31,32.995,9.599,4.199,12.305,45.63,25.4235,14.9055,0.1787,0.2096,0.1984,539.72,84.5475,85.125,85.3125,82.3125,83.505,81.885,43.2636,519.9,20.3645,520,488.9
72.3094,32.995,9.599,4.201,12.305,45.642,25.429,14.9055,0.1787,0.2097,0.1984,539.72,84.51,85.095,85.3425,82.3125,83.5125,81.9075,43.2603,519.93,20.3645,520,488.9
72.3087,32.995,9.599,4.202,12.305,45.612,25.429,14.9055,0.1788,0.2097,0.1984,539.76,84.5325,85.08,85.3875,82.275,83.475,81.96,43.2568,519.96,20.3644,520,488.9
72.3081,32.995,9.599,4.203,12.305,45.564,25.4125,14.9055,0.1788,0.2096,0.1984,539.76,84.495,85.11,85.3575,82.2525,83.475,81.975,43.2532,519.99,20.3793,520,488.9
72.3075,32.995,9.599,4.201,12.305,45.534,25.3905,14.9055,0.1787,0.2096,0.1984,539.84,84.4875,85.0575,85.305,82.275,83.49,82.0125,43.2457,520.05,20.3798,520,488.9
72.3069,32.995,9.598,4.193,12.305,45.594,25.396,14.9055,0.1786,0.2096,0.1984,539.84,84.495,85.08,85.29,82.2675,83.4975,82.0425,43.2455,520.05,20.3651,520,488.9
72.3062,32.995,9.598,4.187,12.305,45.606,25.407,14.9055,0.1785,0.2097,0.1984,539.88,84.4725,85.0725,85.26,82.275,83.46,82.08,43.2415,520.08,20.3651,520,488.9
72.3056,32.995,9.598,4.186,12.305,45.618,25.418,14.9055,0.1786,0.2097,0.1984,539.88,84.525,85.125,85.2225,82.29,83.4825,82.11,43.2412,520.08,20.365,520,488.9
72.3556,33,9.598,4.19,12.305,45.57,25.418,14.9055,0.1787,0.2098,0.1985,539.84,84.555,85.1475,85.185,82.305,83.4825,82.1175,43.2447,520.05,20.3649,520,488.9
72.3556,33,9.599,4.196,12.305,45.516,25.396,14.9055,0.1787,0.2098,0.1985,539.84,84.6,85.11,85.1475,82.2975,83.4675,82.1475,43.2445,520.05,20.3648,520,488.9
72.3556,33,9.6,4.197,12.305,45.444,25.363,14.9055,0.1787,0.2098,0.1986,539.8,84.6225,85.0875,85.1325,82.2525,83.4675,82.1025,43.248,520.02,20.3648,520,488.9
72.3556,33,9.601,4.193,12.305,45.372,25.33,14.9055,0.1785,0.2096,0.1984,539.84,84.6,85.0725,85.1325,82.23,83.505,82.0875,43.2442,520.05,20.3647,520,488.9
72.3556,33,9.599,4.176,12.305,45.564,25.3575,14.9055,0.1782,0.2095,0.1983,539.88,84.5925,85.0425,85.1925,82.2825,83.5275,82.05,43.2402,520.08,20.3646,520,488.9
72.3556,33,9.598,4.162,12.305,45.666,25.4125,14.9055,0.1782,0.2096,0.1983,539.92,84.6225,85.0275,85.2525,82.305,83.535,82.0125,43.2361,520.11,20.3645,520,488.9
72.3556,33,9.596,4.165,12.305,45.738,25.462,14.9055,0.1784,0.2095,0.1982,539.88,84.6375,85.02,85.29,82.3125,83.5125,81.9675,43.2394,520.08,20.3645,520,488.9
72.3556,33,9.595,4.181,12.305,45.744,25.5005,14.9055,0.1786,0.2094,0.1982,539.92,84.6675,85.035,85.245,82.32,83.55,81.9825,43.2354,520.11,20.3644,520,488.9
72.3556,33,9.593,4.198,12.305,45.75,25.506,14.9055,0.1787,0.2095,0.1982,539.92,84.6975,85.035,85.2675,82.3125,83.55,81.9525,43.2312,520.14,20.3643,520,488.9
72.3556,33,9.593,4.207,12.305,45.744,25.506,14.9055,0.1788,0.2094,0.1983,539.96,84.6975,85.0875,85.2375,82.2825,83.5575,81.9375,43.2268,520.17,20.3642,520,488.9
72.3556,33,9.593,4.21,12.305,45.726,25.5005,14.9055,0.1788,0.2095,0.1983,540,84.675,85.0875,85.275,82.2825,83.595,81.975,43.2224,520.2,20.3642,520,488.9
72.3556,33,9.593,4.209,12.305,45.708,25.4895,14.9055,0.1787,0.2096,0.1983,540,84.63,85.065,85.2825,82.3125,83.58,81.9825,43.2216,520.2,20.3641,520,488.9
72.3556,33,9.594,4.207,12.305,45.66,25.4785,14.9055,0.1787,0.2097,0.1984,540,84.645,85.08,85.2825,82.275,83.6175,81.9525,43.2245,520.17,20.364,520,488.9
72.3556,33,9.595,4.205,12.305,45.582,25.451,14.9055,0.1788,0.2098,0.1985,539.96,84.615,85.08,85.2375,82.2525,83.6175,81.9075,43.2276,520.14,20.3639,520,488.9
72.4063,33.005,9.596,4.202,12.305,45.486,25.4125,14.9055,0.1788,0.21,0.1987,539.92,84.6525,85.095,85.275,82.29,83.625,81.96,43.2308,520.11,20.3638,520,488.9
72.4069,33.005,9.6,4.2,12.305,45.3,25.33,14.9055,0.1788,0.2102,0.1989,539.88,84.63,85.1325,85.2825,82.29,83.5725,81.945,43.2341,520.08,20.3638,520,488.9
72.4075,33.005,9.605,4.195,12.305,45.072,25.231,14.9055,0.1788,0.2104,0.1992,539.76,84.5925,85.17,85.26,82.3275,83.565,81.9825,43.2451,519.99,20.3787,520,488.9
72.4081,33.005,9.611,4.184,12.305,44.82,25.11,14.9055,0.1787,0.2106,0.1994,539.68,84.555,85.185,85.2675,82.3125,83.61,81.9525,43.2564,519.9,20.3791,520,488.9
72.4088,33.005,9.616,4.163,12.305,44.634,24.989,14.9055,0.1779,0.2101,0.1989,539.6,84.5775,85.2225,85.2225,82.35,83.6175,81.975,43.268,519.81,20.3796,520,488.9
72.3587,33,9.613,4.112,12.305,45.12,25.0825,14.9055,0.1772,0.2098,0.1985,539.6,84.5475,85.2525,85.185,82.32,83.6025,81.93,43.2688,519.81,20.38,520,488.9
72.3587,33,9.607,4.069,12.305,45.516,25.2475,14.9055,0.1772,0.2095,0.1983,539.6,84.54,85.2675,85.1475,82.3275,83.5875,81.975,43.2658,519.84,20.3654,520,488.9
72.3081,32.995,9.601,4.081,12.305,45.738,25.407,14.9055,0.1777,0.2093,0.198,539.68,84.51,85.2075,85.1325,82.305,83.5575,81.945,43.259,519.9,20.3653,520,488.9
72.3075,32.995,9.595,4.128,12.305,45.966,25.539,14.9055,0.1782,0.2091,0.1979,539.76,84.4875,85.2,85.125,82.3275,83.5125,81.9975,43.2519,519.96,20.3652,520,488.9
72.3069,32.995,9.59,4.178,12.305,46.146,25.66,14.9055,0.1786,0.209,0.1977,539.84,84.5175,85.14,85.1775,82.305,83.5125,82.035,43.2407,520.05,20.3651,520,488.9
72.3569,33,9.584,4.218,12.305,46.284,25.7535,14.9055,0.1789,0.2089,0.1976,539.96,84.4875,85.125,85.2225,82.2675,83.52,82.035,43.2293,520.14,20.3651,520,488.9
72.3569,33,9.58,4.244,12.305,46.368,25.8195,14.9055,0.1791,0.2089,0.1976,540.04,84.4875,85.1025,85.2525,82.245,83.55,82.005,43.2174,520.23,20.365,520,488.9
72.3569,33,9.577,4.261,12.305,46.38,25.8525,14.9055,0.1792,0.209,0.1977,540.12,84.5325,85.065,85.245,82.2225,83.505,82.0275,43.209,520.29,20.3649,520,488.9
72.4075,33.005,9.576,4.271,12.305,46.326,25.8525,14.9055,0.1793,0.209,0.1978,540.16,84.5325,85.035,85.23,82.26,83.52,82.0275,43.2003,520.35,20.3648,520,488.9
72.4081,33.005,9.576,4.276,12.305,46.236,25.8305,14.9055,0.1793,0.2091,0.1979,540.2,84.5325,85.05,85.2,82.2825,83.4825,82.0425,43.1914,520.41,20.3647,520,488.9
72.4088,33.005,9.576,4.274,12.305,46.122,25.7865,14.9055,0.1793,0.2092,0.198,540.24,84.5025,85.035,85.23,82.275,83.4975,82.0425,43.1897,520.41,20.3647,520,488.9
72.46,33.01,9.578,4.267,12.305,45.978,25.726,14.9055,0.1792,0.2094,0.1981,540.28,84.51,85.0725,85.26,82.2525,83.52,82.005,43.1805,520.47,20.3646,520,488.9
72.4612,33.01,9.581,4.253,12.305,45.858,25.6545,14.9055,0.179,0.2094,0.1983,540.28,84.5175,85.1025,85.2375,82.26,83.5425,82.0275,43.1824,520.44,20.3645,520,488.93
72.4625,33.01,9.584,4.236,12.305,45.714,25.5885,14.9055,0.1789,0.2097,0.1984,540.24,84.5775,85.0875,85.2075,82.2825,83.565,81.9825,43.1806,520.44,20.3644,520,488.93
72.4637,33.01,9.587,4.219,12.305,45.576,25.506,14.9055,0.1788,0.2098,0.1986,540.2,84.5325,85.0725,85.2,82.2525,83.565,81.945,43.1826,520.41,20.3644,520,488.93
72.465,33.01,9.592,4.206,12.305,45.342,25.4015,14.9055,0.1787,0.2101,0.1988,540.16,84.525,85.125,85.2375,82.2225,83.6025,81.9675,43.1885,520.35,20.3643,520,488.93
72.4662,33.01,9.597,4.191,12.305,45.198,25.308,14.9055,0.1786,0.2102,0.199,540.08,84.5775,85.095,85.29,82.2375,83.64,81.975,43.1983,520.26,20.3642,520,488.93
72.4675,33.01,9.603,4.174,12.305,44.976,25.198,14.9055,0.1785,0.2104,0.1992,539.96,84.54,85.0575,85.32,82.2675,83.58,81.93,43.2085,520.17,20.3641,520,488.93
72.4687,33.01,9.609,4.157,12.305,44.748,25.077,14.9055,0.178,0.2102,0.199,539.88,84.5325,85.0725,85.2975,82.275,83.52,81.93,43.2229,520.05,20.3641,520,488.93
72.47,33.01,9.609,4.12,12.305,45.018,25.099,14.9055,0.1775,0.2101,0.1988,539.8,84.5475,85.0875,85.2675,82.2825,83.4975,81.9375,43.2264,520.02,20.364,520,488.93
72.4206,33.005,9.607,4.087,12.305,45.216,25.176,14.9055,0.1775,0.21,0.1987,539.76,84.5625,85.08,85.29,82.32,83.505,81.915,43.2339,519.96,20.3639,520,488.93
72.4213,33.005,9.606,4.09,12.305,45.282,25.2365,14.9055,0.1778,0.21,0.1987,539.72,84.525,85.08,85.2975,82.335,83.4525,81.96,43.2415,519.9,20.3638,520,488.93
72.4219,33.005,9.606,4.12,12.305,45.276,25.2585,14.9055,0.1783,0.2101,0.1988,539.64,84.495,85.0425,85.35,82.32,83.4825,81.9525,43.2457,519.87,20.3638,520,488.93
72.4225,33.005,9.607,4.153,12.305,45.18,25.242,14.9055,0.1786,0.2101,0.1989,539.64,84.5175,85.095,85.3125,82.365,83.4375,81.9525,43.25,519.84,20.3637,520,488.93
72.4231,33.005,9.609,4.171,12.305,45.096,25.198,14.9055,0.1786,0.2102,0.199,539.6,84.555,85.095,85.335,82.365,83.4525,82.005,43.2544,519.81,20.3636,520,488.93
72.4238,33.005,9.611,4.17,12.305,45.054,25.154,14.9055,0.1785,0.2103,0.1991,539.56,84.5325,85.1025,85.3725,82.4025,83.4075,81.9975,43.2627,519.75,20.3635,520,488.93
72.3738,33,9.614,4.161,12.306,44.94,25.11,14.9055,0.1784,0.2103,0.1992,539.48,84.5775,85.0875,85.3725,82.3725,83.4525,81.96,43.2674,519.72,20.3635,520,488.93
72.3738,33,9.617,4.15,12.306,44.838,25.0495,14.9055,0.1779,0.2099,0.1987,539.48,84.5625,85.1325,85.395,82.41,83.415,81.96,43.2723,519.69,20.3634,520,488.93
72.3738,33,9.612,4.117,12.306,45.306,25.1595,14.9055,0.1775,0.2096,0.1984,539.48,84.5325,85.1625,85.3725,82.3575,83.4375,81.915,43.2698,519.72,20.3633,520,488.93
72.3738,33,9.606,4.096,12.306,45.624,25.3135,14.9055,0.1776,0.2094,0.1981,539.56,84.5475,85.1175,85.395,82.35,83.46,81.8775,43.2634,519.78,20.3632,520,488.93
72.3231,32.995,9.6,4.112,12.306,45.876,25.462,14.9055,0.1779,0.2092,0.1979,539.68,84.5025,85.1175,85.3575,82.395,83.43,81.93,43.2531,519.87,20.3631,520,488.93
72.3225,32.995,9.593,4.15,12.306,46.098,25.605,14.9055,0.1784,0.209,0.1977,539.76,84.4725,85.095,85.3125,82.4025,83.43,81.9225,43.2423,519.96,20.3631,520,488.93
72.3219,32.995,9.587,4.193,12.306,46.266,25.7205,14.9055,0.1787,0.2088,0.1976,539.88,84.525,85.11,85.2675,82.4175,83.475,81.9375,43.2237,520.11,20.363,520,488.93
72.3719,33,9.582,4.227,12.306,46.428,25.814,14.9055,0.1789,0.2086,0.1975,540,84.54,85.065,85.2525,82.395,83.505,81.9,43.212,520.2,20.3629,520,488.93
72.3719,33,9.577,4.251,12.306,46.512,25.8855,14.9055,0.179,0.2086,0.1974,540.2,84.5925,85.0425,85.275,82.38,83.5275,81.93,43.1886,520.38,20.3628,520,488.93
72.3719,33,9.573,4.265,12.306,46.602,25.935,14.9055,0.1791,0.2086,0.1974,540.32,84.615,85.095,85.2525,82.3425,83.55,81.9825,43.1721,520.5,20.3628,520,488.93
72.4225,33.005,9.569,4.275,12.306,46.632,25.99,14.9055,0.1792,0.2086,0.1974,540.4,84.5775,85.065,85.2075,82.305,83.5125,81.9375,43.1588,520.59,20.3627,520,488.93
72.4231,33.005,9.567,4.282,12.306,46.638,26.012,14.9055,0.1792,0.2086,0.1974,540.52,84.5475,85.11,85.23,82.35,83.5425,81.9825,43.1413,520.71,20.3626,520,488.93
72.4744,33.01,9.565,4.284,12.305,46.62,26.0285,14.9055,0.1792,0.2087,0.1974,540.64,84.5475,85.1025,85.26,82.2975,83.5575,81.975,43.1234,520.83,20.3625,520,488.93
72.4756,33.01,9.563,4.283,12.305,46.596,26.023,14.9055,0.1792,0.2086,0.1975,540.68,84.51,85.05,85.2825,82.26,83.5875,81.9825,43.1201,520.83,20.3625,520,488.93
72.5275,33.015,9.563,4.284,12.305,46.482,26.012,14.9055,0.1792,0.2088,0.1976,540.72,84.48,85.0425,85.2375,82.245,83.58,81.9975,43.1092,520.89,20.3624,520,488.93
72.5294,33.015,9.564,4.279,12.305,46.392,25.9625,14.9055,0.1791,0.2089,0.1977,540.76,84.5025,85.02,85.275,82.275,83.535,81.9975,43.1019,520.92,20.3623,520,488.93
72.5313,33.015,9.565,4.271,12.305,46.278,25.9185,14.9055,0.179,0.209,0.1979,540.76,84.51,85.0725,85.2825,82.29,83.5275,82.0275,43.0982,520.92,20.3622,520,488.96
72.5331,33.015,9.568,4.26,12.305,46.14,25.8525,14.9055,0.1789,0.2091,0.198,540.76,84.5325,85.0425,85.3275,82.3275,83.4975,82.05,43.0907,520.95,20.3622,520,488.96
72.5857,33.02,9.57,4.245,12.305,46.02,25.781,14.9055,0.1788,0.2094,0.1981,540.76,84.5175,85.065,85.3275,82.365,83.505,82.08,43.0906,520.92,20.3621,520,488.96
72.5882,33.02,9.574,4.229,12.305,45.894,25.7095,14.9055,0.1788,0.2097,0.1984,540.68,84.5025,85.1175,85.305,82.35,83.4975,82.035,43.0944,520.86,20.362,520,488.96
72.5907,33.02,9.58,4.22,12.305,45.606,25.594,14.9055,0.1789,0.2099,0.1988,540.56,84.48,85.0875,85.3275,82.3575,83.5275,81.99,43.106,520.74,20.3619,520,488.96
72.5932,33.02,9.587,4.214,12.305,45.246,25.44,14.9055,0.1788,0.2102,0.1991,540.44,84.4575,85.1325,85.3725,82.3875,83.4975,82.035,43.118,520.62,20.3618,520,488.96
72.5957,33.02,9.595,4.196,12.305,44.946,25.2695,14.9055,0.1784,0.2103,0.199,540.32,84.465,85.095,85.41,82.38,83.52,82.0725,43.1305,520.5,20.3618,520,488.96
72.5982,33.02,9.6,4.153,12.305,44.958,25.1925,14.9055,0.1779,0.2105,0.1992,540.12,84.45,85.05,85.41,82.3275,83.5125,82.0575,43.151,520.32,20.3617,520,488.96
72.55,33.015,9.605,4.114,12.305,44.814,25.121,14.9055,0.1778,0.2106,0.1993,539.92,84.51,85.08,85.4025,82.3125,83.4825,82.0275,43.1723,520.14,20.3616,520,488.99
72.5519,33.015,9.611,4.096,12.305,44.628,25.0275,14.9055,0.1777,0.2106,0.1995,539.76,84.5025,85.0575,85.35,82.2975,83.49,82.05,43.1905,519.99,20.3615,520,488.99
72.5032,33.01,9.616,4.088,12.305,44.502,24.9395,14.9055,0.1769,0.2098,0.1985,539.68,84.495,85.0725,85.3425,82.29,83.5275,82.0125,43.2018,519.9,20.3615,520,488.99
72.5044,33.01,9.606,4.042,12.305,45.504,25.198,14.9055,0.1763,0.2091,0.1979,539.64,84.5325,85.035,85.32,82.2825,83.565,82.005,43.206,519.87,20.3614,520,488.96
72.4551,33.005,9.594,4.019,12.306,46.104,25.528,14.9055,0.1766,0.2086,0.1974,539.72,84.585,85.065,85.2825,82.305,83.5275,81.9675,43.199,519.93,20.3613,520,488.96
72.4557,33.005,9.581,4.065,12.306,46.644,25.8415,14.9055,0.1773,0.2082,0.1969,539.84,84.5775,85.02,85.2675,82.32,83.475,81.9225,43.1843,520.05,20.3612,520,488.96
72.4563,33.005,9.568,4.147,12.306,47.07,26.1165,14.9055,0.1781,0.2078,0.1966,540,84.5925,85.0275,85.2375,82.305,83.4975,81.93,43.1653,520.2,20.3612,520,488.96
72.4569,33.005,9.556,4.227,12.306,47.418,26.342,14.9055,0.1788,0.2076,0.1964,540.24,84.5925,84.99,85.245,82.35,83.5425,81.9825,43.1382,520.41,20.3611,520,488.96
72.4576,33.005,9.546,4.289,12.306,47.664,26.518,14.9055,0.1793,0.2074,0.1962,540.44,84.555,85.0125,85.2075,82.32,83.505,82.0125,43.1102,520.62,20.361,520,488.99
72.5088,33.01,9.538,4.334,12.306,47.784,26.628,14.9055,0.1796,0.2074,0.1962,540.64,84.5475,85.0575,85.2525,82.3575,83.49,81.9675,43.0814,520.83,20.3609,520,488.99
72.5607,33.015,9.533,4.364,12.306,47.796,26.6775,14.9055,0.1798,0.2075,0.1963,540.84,84.5325,85.065,85.29,82.3125,83.505,81.99,43.0555,521.01,20.3609,520,488.99
72.5625,33.015,9.529,4.382,12.306,47.742,26.6885,14.9055,0.1799,0.2076,0.1964,541,84.495,85.065,85.26,82.2675,83.49,82.005,43.0326,521.16,20.3608,520,488.99
72.6151,33.02,9.528,4.391,12.306,47.598,26.6665,14.9055,0.18,0.2078,0.1966,541.16,84.48,85.0575,85.2675,82.2525,83.445,82.005,43.0091,521.31,20.3607,520,488.99
72.6682,33.025,9.528,4.392,12.305,47.412,26.606,14.9055,0.18,0.2081,0.1968,541.2,84.4425,85.0125,85.245,82.215,83.46,82.05,42.9963,521.37,20.3606,520,488.99
72.7219,33.03,9.531,4.385,12.305,47.142,26.507,14.9055,0.18,0.2083,0.1971,541.24,84.4575,85.005,85.2975,82.2525,83.445,81.9975,42.9908,521.37,20.3606,520,489.02
72.7257,33.03,9.536,4.371,12.305,46.836,26.3695,14.9055,0.1798,0.2087,0.1974,541.24,84.4725,84.9825,85.32,82.23,83.475,81.9975,42.9815,521.4,20.3605,520,489.02
72.7801,33.035,9.542,4.344,12.305,46.536,26.21,14.9055,0.1795,0.209,0.1978,541.2,84.5025,85.0125,85.3275,82.26,83.445,81.9825,42.9834,521.34,20.3604,520,489.02
72.7844,33.035,9.55,4.312,12.305,46.182,26.034,14.9055,0.1793,0.2095,0.1982,541.12,84.525,85.0575,85.32,82.3125,83.4975,81.99,42.9892,521.25,20.3603,520,489.02
72.8394,33.04,9.56,4.28,12.305,45.732,25.803,14.9055,0.1792,0.21,0.1988,540.96,84.5175,85.0575,85.35,82.3425,83.52,82.0425,43.003,521.1,20.3602,520,489.02
72.8444,33.04,9.574,4.247,12.305,45.162,25.539,14.9055,0.1789,0.2106,0.1993,540.76,84.5025,85.065,85.3275,82.3725,83.4675,82.0125,43.0211,520.92,20.3602,520,489.05
72.7988,33.035,9.588,4.205,12.305,44.646,25.2475,14.9055,0.1784,0.211,0.1997,540.48,84.51,85.11,85.3125,82.3875,83.5125,81.9975,43.0474,520.68,20.3601,520,489.05
72.8032,33.035,9.602,4.146,12.305,44.244,24.9835,14.9055,0.1775,0.2109,0.1996,540.24,84.5325,85.155,85.2675,82.3575,83.5125,81.9525,43.0785,520.41,20.36,520,489.05
72.7569,33.03,9.608,4.063,12.305,44.364,24.901,14.9055,0.1767,0.2108,0.1996,539.96,84.555,85.11,85.2375,82.32,83.4975,81.945,43.1069,520.17,20.3599,520,489.05
72.7607,33.03,9.613,3.999,12.305,44.382,24.879,14.9055,0.1762,0.2106,0.1993,539.8,84.555,85.1025,85.2075,82.29,83.49,81.9375,43.1287,519.99,20.3599,520,489.05
72.7138,33.025,9.613,3.971,12.305,44.67,24.945,14.9055,0.1763,0.2103,0.1991,539.64,84.5925,85.1175,85.2225,82.26,83.4825,81.9825,43.1476,519.84,20.3598,520,489.05
72.6663,33.02,9.612,3.986,12.306,44.892,25.0495,14.9055,0.1768,0.2102,0.1989,539.56,84.585,85.155,85.1925,82.215,83.4675,81.975,43.1595,519.75,20.3597,520,489.05
72.6182,33.015,9.609,4.032,12.306,45.078,25.1485,14.9055,0.1774,0.21,0.1988,539.48,84.5625,85.1925,85.155,82.2675,83.43,81.99,43.168,519.69,20.3596,520,489.05
72.5694,33.01,9.608,4.082,12.306,45.186,25.2255,14.9055,0.1778,0.21,0.1988,539.48,84.5925,85.2225,85.215,82.245,83.415,81.945,43.1693,519.69,20.3596,520,489.05
72.5707,33.01,9.606,4.121,12.306,45.27,25.275,14.9055,0.1782,0.21,0.1988,539.4,84.57,85.215,85.2675,82.245,83.4,81.915,43.178,519.63,20.3595,520,489.05
72.5719,33.01,9.606,4.147,12.307,45.21,25.2805,14.9055,0.1784,0.2101,0.1989,539.4,84.615,85.1625,85.3125,82.2075,83.46,81.8775,43.1833,519.6,20.3594,520,489.02
72.5732,33.01,9.607,4.158,12.307,45.15,25.253,14.9055,0.1784,0.2102,0.1989,539.4,84.585,85.14,85.26,82.17,83.4525,81.8625,43.1849,519.6,20.3593,520,489.02
72.5238,33.005,9.609,4.154,12.307,45.096,25.2145,14.9141,0.1783,0.2102,0.199,539.36,84.57,85.0875,85.2675,82.2,83.46,81.855,43.1865,519.6,20.3593,520,489.02
72.5245,33.005,9.611,4.144,12.307,45.03,25.1705,14.9144,0.1782,0.2103,0.1991,539.32,84.5925,85.08,85.2675,82.26,83.445,81.84,43.1957,519.54,20.3592,520,489.02
72.5251,33.005,9.614,4.136,12.307,44.904,25.1155,14.9146,0.1782,0.2105,0.1992,539.28,84.6225,85.11,85.275,82.2225,83.475,81.8925,43.2013,519.51,20.3591,520,489.02
72.5257,33.005,9.617,4.129,12.309,44.802,25.044,14.9149,0.1782,0.2106,0.1994,539.2,84.615,85.11,85.2975,82.185,83.505,81.9,43.2145,519.42,20.359,520,489.02
72.4757,33,9.621,4.122,12.309,44.652,24.967,14.9066,0.1778,0.2103,0.1991,539.16,84.585,85.095,85.275,82.1925,83.5275,81.9075,43.2244,519.36,20.3589,520,489.02
72.4757,33,9.619,4.097,12.308,44.946,25.011,14.9066,0.1775,0.2102,0.1989,539.12,84.6375,85.065,85.245,82.17,83.505,81.8925,43.227,519.36,20.3589,520,489.02
72.4757,33,9.617,4.078,12.307,45.132,25.0935,14.9066,0.1775,0.2101,0.1988,539.12,84.645,85.095,85.2375,82.14,83.5425,81.8625,43.2296,519.36,20.3588,520,489.02
72.4251,32.995,9.614,4.086,12.307,45.228,25.165,14.9066,0.1779,0.2101,0.1988,539.08,84.63,85.05,85.2825,82.185,83.535,81.8625,43.2359,519.33,20.3587,520,488.99
72.4244,32.995,9.614,4.118,12.307,45.186,25.187,14.9066,0.1784,0.2101,0.1989,539.08,84.6525,85.0125,85.2975,82.2225,83.5425,81.8625,43.2424,519.3,20.3586,520,488.99
72.4238,32.995,9.615,4.151,12.307,45.072,25.154,14.9066,0.1782,0.2097,0.1985,539.12,84.6225,85.005,85.305,82.2675,83.55,81.87,43.2377,519.36,20.3586,520,488.99
72.4232,32.995,9.609,4.146,12.307,45.534,25.264,14.9066,0.1779,0.2094,0.1982,539.2,84.5925,84.9825,85.3425,82.32,83.52,81.87,43.2327,519.42,20.3585,520,488.99
72.3719,32.99,9.603,4.134,12.307,45.78,25.4015,14.9066,0.1779,0.2092,0.198,539.32,84.555,84.9525,85.305,82.2675,83.52,81.87,43.2201,519.54,20.3584,520,488.99
72.3707,32.99,9.597,4.144,12.307,46.02,25.528,14.9066,0.1781,0.209,0.1978,539.44,84.525,84.99,85.3425,82.23,83.5425,81.915,43.2069,519.66,20.3583,520,488.99
72.3694,32.99,9.591,4.17,12.307,46.206,25.649,14.9066,0.1784,0.209,0.1977,539.56,84.4875,85.02,85.3275,82.2375,83.5725,81.885,43.197,519.75,20.3583,520,488.99
72.3682,32.99,9.586,4.203,12.307,46.314,25.7425,14.9066,0.1788,0.2089,0.1976,539.64,84.48,84.99,85.335,82.275,83.5575,81.8475,43.183,519.87,20.3582,520,488.99
72.4175,32.995,9.582,4.234,12.306,46.362,25.7975,14.9066,0.179,0.2088,0.1976,539.76,84.4575,85.005,85.3125,82.2525,83.55,81.825,43.1722,519.96,20.3581,520,488.99
72.4169,32.995,9.579,4.254,12.306,46.35,25.814,14.9066,0.1791,0.2089,0.1976,539.88,84.435,85.02,85.305,82.305,83.5125,81.825,43.1573,520.08,20.358,520,488.99
72.4163,32.995,9.576,4.262,12.306,46.362,25.825,14.9066,0.1791,0.2089,0.1977,539.96,84.405,85.065,85.2675,82.335,83.505,81.8625,43.1458,520.17,20.358,520,488.99
72.4663,33,9.575,4.263,12.306,46.314,25.8305,14.9066,0.1791,0.209,0.1977,540.08,84.4575,85.095,85.3125,82.2825,83.475,81.8925,43.1338,520.26,20.3579,520,488.99
72.4663,33,9.575,4.259,12.305,46.26,25.814,14.9066,0.1791,0.209,0.1978,540.12,84.4425,85.08,85.35,82.335,83.4825,81.915,43.129,520.29,20.3578,520,488.99
72.4663,33,9.575,4.256,12.305,46.146,25.7865,14.9066,0.179,0.2091,0.1979,540.16,84.48,85.1175,85.335,82.335,83.4975,81.9225,43.1203,520.35,20.3577,520,488.99
72.4663,33,9.577,4.25,12.305,46.032,25.7315,14.898,0.179,0.2093,0.1981,540.2,84.5175,85.1025,85.32,82.3575,83.535,81.885,43.1151,520.38,20.3577,520,488.99
72.5169,33.005,9.578,4.24,12.305,45.912,25.6765,14.8977,0.1789,0.2095,0.1982,540.16,84.4875,85.0875,85.305,82.305,83.535,81.9075,43.1173,520.35,20.3576,520,488.99
72.5176,33.005,9.582,4.228,12.302,45.75,25.6105,14.906,0.1789,0.2098,0.1985,540.12,84.525,85.05,85.32,82.3425,83.49,81.87,43.1234,520.29,20.3575,520,488.99
72.5182,33.005,9.588,4.22,12.303,45.426,25.484,14.906,0.179,0.2101,0.1989,540.04,84.5475,85.005,85.275,82.2975,83.5275,81.915,43.1298,520.23,20.3574,520,488.99
72.5188,33.005,9.595,4.211,12.303,44.982,25.319,14.906,0.1786,0.2102,0.199,539.96,84.5475,85.02,85.29,82.335,83.505,81.945,43.1546,520.02,20.3573,520,488.99
72.5194,33.005,9.6,4.179,12.305,44.982,25.2035,14.906,0.1783,0.2105,0.1992,539.8,84.54,85.0275,85.2525,82.29,83.475,81.9675,43.1546,520.02,20.3573,520,488.99
72.5201,33.005,9.607,4.142,12.305,44.778,25.0935,14.8974,0.1781,0.2106,0.1994,539.68,84.5625,85.035,85.2375,82.32,83.4675,81.945,43.1733,519.87,20.3572,520,488.99
72.4701,33,9.613,4.116,12.304,44.55,24.9725,14.8971,0.1777,0.2105,0.1993,539.56,84.5175,85.05,85.275,82.32,83.4975,81.9225,43.1889,519.75,20.3571,520,488.99
72.4701,33,9.616,4.086,12.302,44.652,24.945,14.9055,0.1773,0.2103,0.1991,539.48,84.555,85.02,85.29,82.3425,83.4825,81.9375,43.1974,519.69,20.3721,520,488.99
72.4194,32.995,9.616,4.058,12.303,44.832,24.989,14.9055,0.1772,0.2102,0.199,539.4,84.5925,85.005,85.245,82.3875,83.4525,81.9675,43.2062,519.63,20.3725,520,488.99
72.4188,32.995,9.615,4.053,12.303,44.994,25.0605,14.9055,0.1774,0.2102,0.1989,539.36,84.6,85.035,85.23,82.365,83.4375,82.005,43.2152,519.57,20.3729,520,488.99
72.3675,32.99,9.614,4.074,12.305,45.072,25.11,14.9055,0.1778,0.2101,0.1989,539.32,84.6375,85.0125,85.245,82.3425,83.445,82.035,43.2207,519.54,20.3733,520,488.99
72.365,32.99,9.613,4.105,12.305,45.342,25.143,14.9055,0.1779,0.2099,0.1987,539.36,84.6075,85.065,85.2,82.3275,83.4825,82.02,43.2205,519.57,20.3737,520,488.99
72.365,32.99,9.609,4.124,12.305,45.342,25.22,14.9055,0.178,0.2099,0.1986,539.36,84.6075,85.0425,85.2225,82.32,83.5275,82.02,43.2205,519.57,20.3742,520,488.99
72.3638,32.99,9.607,4.136,12.305,45.42,25.286,14.9055,0.1783,0.2099,0.1987,539.32,84.6075,85.08,85.185,82.29,83.4975,81.975,43.226,519.54,20.3746,520,488.96
72.3625,32.99,9.607,4.158,12.305,45.324,25.286,14.9055,0.1786,0.21,0.1988,539.32,84.63,85.11,85.23,82.275,83.49,81.945,43.2278,519.54,20.375,520,488.96
72.3613,32.99,9.609,4.178,12.305,45.168,25.231,14.9055,0.1787,0.2102,0.1989,539.32,84.5925,85.155,85.2225,82.3125,83.46,81.96,43.2259,519.57,20.3754,520,488.96
72.3588,32.99,9.611,4.179,12.305,44.964,25.165,14.9055,0.1786,0.2102,0.199,539.32,84.555,85.1625,85.245,82.2825,83.4825,81.93,43.2295,519.57,20.3612,520,488.96
72.3588,32.99,9.614,4.168,12.305,44.964,25.099,14.9055,0.1779,0.2097,0.1984,539.36,84.585,85.2,85.215,82.275,83.475,81.93,43.2295,519.57,20.3612,520,488.96
72.3069,32.985,9.607,4.126,12.305,45.564,25.2475,14.9055,0.1774,0.2094,0.1981,539.4,84.63,85.185,85.275,82.305,83.49,81.9675,43.2275,519.6,20.3611,520,488.96
72.3051,32.985,9.6,4.1,12.305,46.158,25.429,14.9055,0.1775,0.209,0.1978,539.48,84.645,85.185,85.2675,82.2975,83.445,81.945,43.2041,519.81,20.361,520,488.96
72.3032,32.985,9.593,4.12,12.305,46.158,25.594,14.9055,0.1779,0.2089,0.1976,539.6,84.6375,85.155,85.305,82.2825,83.4225,81.9525,43.2041,519.81,20.361,520,488.96
72.3013,32.985,9.585,4.163,12.305,46.416,25.748,14.9055,0.1784,0.2087,0.1974,539.72,84.585,85.1925,85.29,82.335,83.475,81.9375,43.1898,519.93,20.3609,520,488.96
72.2994,32.985,9.579,4.21,12.305,46.662,25.869,14.9055,0.1788,0.2086,0.1973,539.84,84.57,85.14,85.32,82.38,83.505,81.93,43.1598,520.17,20.3608,520,488.96
72.3481,32.99,9.573,4.25,12.305,46.662,25.9515,14.9055,0.1791,0.2085,0.1973,539.96,84.555,85.1625,85.32,82.4175,83.49,81.93,43.1598,520.17,20.3607,520,488.96
72.3469,32.99,9.569,4.275,12.305,46.728,25.9955,14.9055,0.1792,0.2084,0.1973,540.12,84.6,85.1625,85.29,82.425,83.5275,81.93,43.1203,520.47,20.3607,520,488.96
72.395,32.995,9.565,4.288,12.304,46.752,26.0285,14.8969,0.1792,0.2084,0.1972,540.28,84.645,85.2,85.29,82.38,83.5125,81.975,43.1034,520.59,20.3605,520,488.96
72.395,32.995,9.562,4.29,12.304,46.752,26.056,14.8969,0.1792,0.2086,0.1973,540.44,84.615,85.14,85.3125,82.3575,83.5125,81.9975,43.1034,520.59,20.3605,520,488.96
72.3944,32.995,9.56,4.289,12.304,46.614,26.0725,14.8966,0.1792,0.2086,0.1973,540.48,84.66,85.1775,85.26,82.3575,83.505,82.0275,43.0871,520.68,20.3604,520,488.96
72.4444,33,9.56,4.29,12.304,46.434,26.0615,14.896,0.1793,0.2087,0.1975,540.48,84.6225,85.1475,85.2525,82.3575,83.5425,82.02,43.0768,520.74,20.3604,520,488.96
72.4444,33,9.562,4.291,12.302,46.434,26.0175,14.896,0.1793,0.2089,0.1977,540.56,84.615,85.125,85.29,82.3125,83.505,82.0575,43.0768,520.74,20.3603,520,488.96
72.495,33.005,9.563,4.284,12.302,46.11,25.9405,14.9044,0.1792,0.2091,0.1979,540.56,84.5775,85.155,85.335,82.2675,83.5275,82.0125,43.0783,520.68,20.3602,520,488.96
72.4963,33.005,9.567,4.27,12.302,45.888,25.8635,14.9044,0.1791,0.2094,0.1981,540.52,84.5325,85.17,85.335,82.2525,83.565,82.0125,43.0869,520.59,20.3601,520,488.99
72.4963,33.005,9.571,4.253,12.302,45.612,25.7535,14.9044,0.1789,0.2096,0.1984,540.44,84.54,85.155,85.335,82.2975,83.595,82.0575,43.0958,520.5,20.3601,520,488.99
72.5488,33.01,9.577,4.235,12.303,45.234,25.6215,14.9044,0.1789,0.21,0.1987,540.32,84.495,85.11,85.29,82.3125,83.5725,82.0425,43.1088,520.38,20.36,520,488.99
72.55,33.01,9.586,4.217,12.303,44.82,25.44,14.9044,0.1788,0.2104,0.1991,540.2,84.5475,85.11,85.2675,82.3425,83.5575,82.005,43.1298,520.2,20.3598,520,488.99
72.55,33.01,9.596,4.196,12.303,44.376,25.231,14.9044,0.1787,0.2109,0.1996,540,84.54,85.155,85.275,82.3425,83.5725,82.0125,43.159,519.96,20.3598,520,488.99
72.5013,33.005,9.608,4.166,12.303,43.956,24.9945,14.9044,0.1784,0.2113,0.2,539.76,84.555,85.14,85.305,82.305,83.61,82.05,43.1893,519.72,20.3597,520,488.99
72.5019,33.005,9.621,4.127,12.303,44.058,24.758,14.9044,0.1777,0.2111,0.1999,539.52,84.6075,85.11,85.305,82.35,83.64,82.0425,43.2129,519.54,20.3596,520,488.99
72.4519,33,9.626,4.061,12.303,44.412,24.6755,14.9044,0.1767,0.2107,0.1996,539.32,84.6,85.14,85.32,82.335,83.655,82.065,43.2261,519.45,20.3596,520,488.99
72.4013,32.995,9.626,3.991,12.303,44.934,24.747,14.9044,0.176,0.2103,0.1991,539.24,84.6375,85.125,85.32,82.29,83.6775,82.0875,43.232,519.42,20.3594,520,488.99
72.4013,32.995,9.62,3.955,12.304,44.934,24.9395,14.9044,0.1762,0.21,0.1987,539.2,84.675,85.125,85.2825,82.275,83.6925,82.1025,43.232,519.42,20.3594,520,488.99
72.3488,32.99,9.614,3.984,12.304,45.48,25.143,14.9044,0.177,0.2098,0.1985,539.16,84.66,85.1025,85.305,82.2825,83.6325,82.0875,43.2331,519.45,20.3594,520,488.96
72.2969,32.985,9.608,4.059,12.304,45.684,25.297,14.9044,0.1779,0.2096,0.1983,539.2,84.615,85.11,85.29,82.2525,83.58,82.1025,43.2316,519.48,20.3747,520,488.96
72.2969,32.985,9.603,4.133,12.304,45.84,25.4235,14.9044,0.1784,0.2094,0.1982,539.28,84.6225,85.125,85.26,82.215,83.5275,82.08,43.2224,519.57,20.3747,520,488.96
72.3438,32.99,9.598,4.181,12.304,45.966,25.5225,14.9044,0.1786,0.2092,0.198,539.36,84.6675,85.08,85.305,82.2525,83.5425,82.0725,43.2053,519.72,20.36,520,488.96
72.3425,32.99,9.594,4.204,12.305,46.086,25.5995,14.9044,0.1787,0.2092,0.1979,539.48,84.6225,85.0875,85.2975,82.23,83.505,82.0875,43.1952,519.81,20.36,520,488.96
72.3413,32.99,9.589,4.214,12.305,46.128,25.66,14.9044,0.1787,0.2091,0.1979,539.6,84.645,85.08,85.29,82.26,83.46,82.0725,43.1884,519.87,20.36,520,488.96
72.34,32.99,9.587,4.221,12.305,46.11,25.704,14.9044,0.1788,0.2091,0.1979,539.68,84.6075,85.0575,85.275,82.2825,83.4225,82.0425,43.1777,519.96,20.3598,520,488.96
72.3388,32.99,9.584,4.237,12.305,46.056,25.6985,14.9044,0.179,0.2092,0.198,539.8,84.63,85.1025,85.335,82.2375,83.3925,82.0125,43.1741,519.99,20.3597,520,488.96
72.3881,32.995,9.584,4.237,12.305,45.954,25.6985,14.9044,0.179,0.2092,0.198,539.8,84.63,85.1025,85.335,82.2375,83.3925,82.0125,43.1629,520.08,20.3597,520,488.96
72.3875,32.995,9.585,4.24,12.305,45.87,25.6655,14.9044,0.179,0.2094,0.1981,539.88,84.6375,85.1175,85.3275,82.23,83.385,82.0425,43.1588,520.11,20.3596,520,488.96
72.3869,32.995,9.586,4.237,12.305,45.768,25.616,14.9044,0.1789,0.2094,0.1982,539.92,84.645,85.1325,85.365,82.1925,83.43,82.08,43.1508,520.17,20.3596,520,488.96
72.3863,32.995,9.587,4.228,12.304,45.72,25.572,14.9044,0.1788,0.2094,0.1983,540,84.5925,85.14,85.3275,82.2375,83.4525,82.0725,43.1464,520.2,20.3594,520,488.96
72.3856,32.995,9.588,4.214,12.304,45.642,25.528,14.9044,0.1786,0.2096,0.1984,540,84.6075,85.095,85.35,82.2525,83.475,82.11,43.1493,520.17,20.3594,520,488.96
72.385,32.995,9.59,4.2,12.304,45.48,25.4895,14.9044,0.1786,0.2098,0.1985,540,84.6,85.08,85.3275,82.215,83.4825,82.065,43.1524,520.14,20.3594,520,488.96
72.3844,32.995,9.593,4.193,12.304,45.276,25.429,14.9044,0.1786,0.2099,0.1987,539.96,84.5925,85.0425,85.3425,82.17,83.4525,82.095,43.1556,520.11,20.3742,520,488.96
72.3838,32.995,9.602,4.179,12.304,45.078,25.2365,14.9044,0.1786,0.2104,0.1991,539.8,84.6375,85.05,85.32,82.125,83.445,82.095,43.1664,520.02,20.3747,520,488.96
72.3831,32.995,9.602,4.179,12.304,44.832,25.2365,14.9044,0.1786,0.2104,0.1991,539.8,84.6375,85.05,85.32,82.125,83.445,82.095,43.1776,519.93,20.3751,520,488.96
72.3825,32.995,9.608,4.165,12.304,44.634,25.1155,14.9044,0.1784,0.2105,0.1993,539.72,84.6225,85.005,85.2825,82.1175,83.46,82.0575,43.1892,519.84,20.3755,520,488.96
72.3819,32.995,9.609,4.09,12.304,45.258,25.1265,14.9044,0.1769,0.2095,0.1983,539.6,84.5775,85.0575,85.2825,82.185,83.415,82.095,43.1898,519.84,20.3759,520,488.96
72.3306,32.99,9.609,4.09,12.304,45.672,25.1265,14.9044,0.1769,0.2095,0.1983,539.6,84.5775,85.0575,85.2825,82.185,83.415,82.095,43.1867,519.87,20.3763,520,488.96
72.3294,32.99,9.602,4.05,12.304,45.924,25.3245,14.9044,0.177,0.2094,0.1981,539.64,84.54,85.11,85.23,82.2525,83.3475,82.065,43.1835,519.9,20.3617,520,488.96
72.3281,32.99,9.589,4.126,12.304,46.134,25.649,14.9044,0.1781,0.2088,0.1976,539.8,84.4725,85.0275,85.2825,82.26,83.37,82.05,43.1726,519.99,20.3616,520,488.96
72.3269,32.99,9.589,4.126,12.304,46.338,25.649,14.9044,0.1781,0.2088,0.1976,539.8,84.4725,85.0275,85.2825,82.26,83.37,82.05,43.1539,520.14,20.3616,520,488.96
72.3256,32.99,9.583,4.181,12.304,46.518,25.8745,14.9044,0.1785,0.2087,0.1975,539.92,84.5025,85.035,85.29,82.245,83.43,82.125,43.142,520.23,20.3615,520,488.96
72.3244,32.99,9.572,4.245,12.304,46.602,25.9515,14.9044,0.1789,0.2086,0.1973,540.16,84.4725,85.0725,85.2825,82.26,83.4375,82.1175,43.1261,520.35,20.3614,520,488.96
72.3738,32.995,9.572,4.245,12.304,46.668,25.9515,14.9044,0.1789,0.2086,0.1973,540.16,84.4725,85.0725,85.2825,82.26,83.4375,82.1175,43.1096,520.47,20.3613,520,488.96
72.3731,32.995,9.566,4.272,12.304,46.662,26.0285,14.9044,0.1791,0.2086,0.1973,540.4,84.5325,85.095,85.29,82.2525,83.4375,82.0725,43.0927,520.59,20.3612,520,488.96
72.4231,33,9.564,4.278,12.304,46.644,26.034,14.9044,0.1791,0.2086,0.1974,540.48,84.5025,85.095,85.2825,82.23,83.415,82.0875,43.0828,520.65,20.3612,520,488.96
72.4231,33,9.563,4.279,12.304,46.578,26.0285,14.9044,0.1792,0.2088,0.1975,540.56,84.4875,85.1025,85.2975,82.275,83.3925,82.0725,43.0689,520.74,20.3611,520,488.96
72.4231,33,9.563,4.277,12.304,46.494,26.001,14.9044,0.1791,0.209,0.1976,540.56,84.525,85.1325,85.2825,82.275,83.4225,82.05,43.0659,520.74,20.361,520,488.96
72.4738,33.005,9.565,4.273,12.304,46.332,25.957,14.9044,0.1791,0.2091,0.1979,540.52,84.5625,85.17,85.305,82.3275,83.4075,82.0725,43.0667,520.71,20.3609,520,488.99
72.4744,33.005,9.565,4.273,12.304,46.134,25.957,14.9044,0.1791,0.2091,0.1979,540.52,84.5625,85.17,85.305,82.3275,83.4075,82.0725,43.0676,520.68,20.3609,520,488.99
72.475,33.005,9.571,4.254,12.303,45.936,25.77,14.9044,0.1789,0.2094,0.1982,540.52,84.5625,85.185,85.305,82.2825,83.4225,82.1325,43.0648,520.68,20.3608,520,488.99
72.5263,33.01,9.576,4.233,12.303,45.768,25.6655,14.9044,0.1787,0.2097,0.1984,540.48,84.6,85.215,85.2525,82.2525,83.43,82.1025,43.0658,520.65,20.3607,520,488.99
72.5275,33.01,9.581,4.21,12.303,45.552,25.55,14.9044,0.1787,0.2099,0.1988,540.36,84.5925,85.2525,85.2225,82.275,83.3925,82.0575,43.0745,520.56,20.3606,520,488.99
72.5288,33.01,9.589,4.194,12.303,45.21,25.396,14.9044,0.1786,0.2102,0.1991,540.28,84.63,85.275,85.2225,82.32,83.4075,82.065,43.0872,520.44,20.3606,520,488.99
72.53,33.01,9.589,4.194,12.303,44.916,25.396,14.9044,0.1786,0.2102,0.1991,540.28,84.63,85.275,85.2225,82.32,83.4075,82.065,43.1005,520.32,20.3605,520,488.99
72.4807,33.005,9.606,4.148,12.303,44.64,25.0715,14.9044,0.1781,0.2109,0.1997,539.92,84.585,85.275,85.215,82.2525,83.415,82.0425,43.1255,520.11,20.3604,520,488.99
72.4813,33.005,9.615,4.116,12.304,44.346,24.912,14.9044,0.1776,0.2109,0.1996,539.72,84.5925,85.215,85.2225,82.23,83.385,82.0725,43.1476,519.93,20.3603,520,488.99
72.4819,33.005,9.615,4.116,12.304,44.388,24.912,14.9044,0.1776,0.2109,0.1996,539.72,84.585,85.155,85.245,82.245,83.43,82.0575,43.1704,519.75,20.3603,520,488.99
72.4319,33,9.623,4.037,12.304,44.406,24.824,14.9044,0.1767,0.2104,0.1991,539.4,84.6075,85.1925,85.23,82.215,83.4825,82.0875,43.1865,519.63,20.3602,520,488.99
72.3813,32.995,9.619,4.007,12.304,44.874,24.9505,14.9044,0.1766,0.2101,0.1988,539.32,84.615,85.14,85.185,82.2075,83.5125,82.11,43.1992,519.54,20.3601,520,488.99
72.3806,32.995,9.614,4.009,12.304,45.168,25.11,14.9044,0.177,0.2098,0.1987,539.28,84.5625,85.17,85.245,82.2375,83.5125,82.125,43.2049,519.51,20.36,520,488.99
72.3294,32.99,9.61,4.053,12.304,45.36,25.242,14.9044,0.1776,0.2097,0.1985,539.32,84.5925,85.185,85.26,82.215,83.46,82.1325,43.2031,519.54,20.3599,520,488.99
72.3281,32.99,9.606,4.108,12.305,45.516,25.341,14.9044,0.1781,0.2096,0.1983,539.36,84.5775,85.1475,85.2825,82.2225,83.5125,82.1475,43.1974,519.6,20.3599,520,488.99
72.3269,32.99,9.606,4.108,12.305,45.672,25.341,14.9044,0.1781,0.2096,0.1983,539.36,84.6075,85.125,85.2825,82.26,83.4825,82.095,43.1953,519.63,20.3598,520,488.99
72.3256,32.99,9.598,4.177,12.305,45.774,25.5005,14.913,0.1785,0.2093,0.1981,539.52,84.63,85.125,85.26,82.2525,83.5125,82.095,43.1817,519.75,20.3597,520,488.99
72.3244,32.99,9.594,4.189,12.305,45.906,25.561,14.9132,0.1785,0.2093,0.198,539.6,84.5925,85.155,85.29,82.2375,83.4975,82.125,43.1752,519.81,20.3596,520,488.96
72.3231,32.99,9.591,4.196,12.305,45.984,25.6105,14.9135,0.1786,0.2092,0.198,539.68,84.5775,85.125,85.2975,82.275,83.535,82.0725,43.1685,519.87,20.3596,520,488.96
72.3219,32.99,9.589,4.205,12.307,46.002,25.638,14.9052,0.1787,0.2093,0.198,539.76,84.6075,85.125,85.29,82.245,83.5725,82.08,43.1578,519.96,20.3595,520,488.96
72.3206,32.99,9.588,4.214,12.307,45.99,25.638,14.9052,0.1788,0.2093,0.1981,539.8,84.615,85.08,85.26,82.2225,83.5425,82.05,43.1542,519.99,20.3594,520,488.96
72.3194,32.99,9.587,4.221,12.306,45.924,25.6215,14.9052,0.1788,0.2094,0.1982,539.84,84.66,85.1175,85.2225,82.23,83.5725,82.095,43.1504,520.02,20.3593,520,488.96
72.3688,32.995,9.588,4.223,12.305,45.852,25.5885,14.9052,0.1788,0.2094,0.1982,539.84,84.69,85.1625,85.185,82.26,83.55,82.125,43.1466,520.05,20.3593,520,488.96
72.3681,32.995,9.589,4.22,12.305,45.75,25.55,14.9052,0.1788,0.2096,0.1983,539.88,84.69,85.1475,85.1775,82.2825,83.5875,82.14,43.1426,520.08,20.3592,520,488.96
72.3675,32.995,9.591,4.211,12.305,45.648,25.495,14.9052,0.1787,0.2098,0.1984,539.84,84.675,85.14,85.1925,82.2825,83.535,82.155,43.1461,520.05,20.3591,520,488.96
72.3669,32.995,9.593,4.201,12.305,45.528,25.44,14.9052,0.1787,0.21,0.1987,539.8,84.6225,85.1025,85.1775,82.2825,83.535,82.1775,43.1496,520.02,20.359,520,488.96
72.3662,32.995,9.598,4.195,12.305,45.27,25.3355,14.9052,0.1788,0.2103,0.1991,539.72,84.66,85.1175,85.1775,82.2525,83.505,82.1775,43.1608,519.93,20.359,520,488.96
72.3656,32.995,9.605,4.189,12.304,44.928,25.187,14.9052,0.1787,0.2105,0.1993,539.6,84.615,85.1175,85.185,82.2225,83.475,82.14,43.1724,519.84,20.3739,520,488.96
72.365,32.995,9.612,4.173,12.304,44.622,25.0275,14.9052,0.1777,0.2098,0.1985,539.56,84.6525,85.125,85.23,82.245,83.4375,82.125,43.1805,519.78,20.3743,520,488.96
72.3644,32.995,9.604,4.102,12.304,45.468,25.2035,14.8966,0.1767,0.2093,0.198,539.56,84.6375,85.1175,85.2675,82.26,83.445,82.155,43.1814,519.78,20.3747,520,488.96
72.3131,32.99,9.595,4.046,12.304,45.996,25.4565,14.8963,0.1768,0.209,0.1977,539.6,84.5925,85.14,85.29,82.3125,83.445,82.185,43.1748,519.84,20.3752,520,488.96
72.3119,32.99,9.587,4.069,12.304,46.254,25.6655,14.896,0.1775,0.2087,0.1975,539.68,84.63,85.14,85.335,82.32,83.475,82.155,43.1679,519.9,20.3605,520,488.96
72.3106,32.99,9.58,4.14,12.302,46.47,25.836,14.9044,0.1783,0.2086,0.1973,539.84,84.675,85.1475,85.335,82.2675,83.505,82.1775,43.1533,520.02,20.3605,520,488.96
72.3094,32.99,9.572,4.208,12.302,46.668,25.957,14.9044,0.1788,0.2083,0.1972,539.96,84.6975,85.155,85.3575,82.2375,83.4525,82.1325,43.1382,520.14,20.3604,520,488.96
72.3081,32.99,9.567,4.253,12.303,46.788,26.0505,14.9044,0.179,0.2082,0.1971,540.12,84.7125,85.1025,85.3125,82.275,83.4375,82.125,43.1151,520.32,20.3603,520,488.96
72.3575,32.995,9.562,4.277,12.303,46.89,26.111,14.9044,0.1791,0.2083,0.197,540.32,84.69,85.08,85.3275,82.2375,83.43,82.08,43.0912,520.5,20.3602,520,488.96
72.3569,32.995,9.558,4.288,12.303,46.938,26.1495,14.9044,0.1792,0.2083,0.1971,540.44,84.675,85.08,85.3575,82.26,83.43,82.0275,43.0742,520.62,20.3602,520,488.96
72.4069,33,9.556,4.297,12.303,46.908,26.1825,14.9044,0.1793,0.2085,0.1972,540.52,84.615,85.125,85.3575,82.2375,83.4,82.005,43.0642,520.68,20.3601,520,488.96
72.4069,33,9.555,4.305,12.303,46.8,26.1715,14.9044,0.1794,0.2086,0.1973,540.56,84.5775,85.08,85.3875,82.215,83.3925,82.0275,43.0577,520.71,20.36,520,488.96
72.4575,33.005,9.556,4.307,12.303,46.638,26.122,14.9044,0.1794,0.2088,0.1975,540.56,84.5325,85.0425,85.38,82.2525,83.3925,82.02,43.051,520.74,20.3599,520,488.99
72.4581,33.005,9.558,4.302,12.303,46.434,26.045,14.9044,0.1793,0.209,0.1978,540.56,84.5175,85.05,85.365,82.2975,83.4,82.035,43.048,520.74,20.3599,520,488.99
72.5094,33.01,9.562,4.288,12.303,46.194,25.935,14.9044,0.1792,0.2092,0.198,540.56,84.57,85.005,85.3425,82.3425,83.445,82.0125,43.0451,520.74,20.3598,520,488.99
72.5106,33.01,9.567,4.266,12.303,45.99,25.814,14.9044,0.1789,0.2094,0.1982,540.52,84.555,85.0575,85.29,82.3725,83.4525,82.0425,43.0458,520.71,20.3597,520,488.99
72.5119,33.01,9.573,4.24,12.303,45.762,25.693,14.9044,0.1787,0.2097,0.1984,540.52,84.54,85.0575,85.335,82.365,83.4225,82.0425,43.0467,520.68,20.3596,520,488.99
72.5131,33.01,9.579,4.213,12.303,45.528,25.5555,14.9044,0.1786,0.21,0.1988,540.4,84.5325,85.0875,85.3575,82.32,83.475,82.035,43.0552,520.59,20.3596,520,488.99
72.5144,33.01,9.587,4.191,12.303,45.198,25.4015,14.9044,0.1785,0.2103,0.1991,540.28,84.5025,85.1325,85.32,82.275,83.475,82.02,43.0716,520.44,20.3595,520,488.99
72.5156,33.01,9.597,4.171,12.303,44.832,25.2145,14.9044,0.1782,0.2105,0.1992,540.12,84.54,85.1175,85.3125,82.275,83.475,81.9975,43.0849,520.32,20.3594,520,488.99
72.5169,33.01,9.603,4.133,12.303,44.79,25.11,14.9044,0.1778,0.2106,0.1993,539.92,84.5625,85.155,85.2675,82.2375,83.4825,81.9525,43.1061,520.14,20.3593,520,488.99
72.5181,33.01,9.609,4.096,12.303,44.628,25.022,14.9044,0.1776,0.2107,0.1995,539.76,84.585,85.1175,85.26,82.2075,83.4825,81.9825,43.1281,519.96,20.3592,520,488.99
72.4688,33.005,9.615,4.072,12.303,44.496,24.934,14.9044,0.1775,0.2109,0.1996,539.6,84.6,85.14,85.26,82.2,83.4675,81.99,43.1471,519.81,20.3592,520,488.99
72.4694,33.005,9.621,4.061,12.304,44.37,24.8515,14.9044,0.1775,0.2109,0.1997,539.44,84.6375,85.14,85.2975,82.1775,83.4375,82.035,43.1704,519.63,20.3591,520,488.99
72.4194,33,9.625,4.054,12.304,44.34,24.8075,14.9044,0.1772,0.2106,0.1995,539.28,84.66,85.155,85.26,82.1475,83.445,82.065,43.1869,519.51,20.359,520,488.99
72.3688,32.995,9.625,4.039,12.304,44.544,24.846,14.9044,0.1766,0.2098,0.1986,539.24,84.615,85.1925,85.2225,82.125,83.445,82.1025,43.1964,519.45,20.374,520,488.99
72.3681,32.995,9.614,4.008,12.304,45.42,25.1265,14.9044,0.1763,0.2094,0.1981,539.24,84.6525,85.215,85.2675,82.14,83.415,82.11,43.1986,519.45,20.3744,520,488.99
72.3169,32.99,9.603,4.012,12.305,45.936,25.4345,14.9044,0.1768,0.2088,0.1976,539.32,84.675,85.23,85.29,82.1775,83.4675,82.0725,43.1896,519.54,20.3748,520,488.99
72.3156,32.99,9.59,4.071,12.305,46.41,25.715,14.913,0.1776,0.2085,0.1972,539.48,84.6525,85.2225,85.29,82.155,83.4375,82.02,43.1727,519.69,20.3602,520,488.99
72.3144,32.99,9.578,4.149,12.305,46.836,25.968,14.9132,0.1782,0.208,0.1969,539.64,84.6525,85.23,85.2825,82.1925,83.4,82.0425,43.1514,519.87,20.3601,520,488.99
72.3131,32.99,9.567,4.219,12.305,47.148,26.1825,14.9135,0.1787,0.2078,0.1966,539.92,84.6825,85.2,85.3275,82.1775,83.4225,82.02,43.1218,520.11,20.36,520,488.99
72.3119,32.99,9.556,4.269,12.307,47.418,26.3365,14.9052,0.1791,0.2077,0.1964,540.12,84.6675,85.1625,85.365,82.2075,83.415,82.035,43.0951,520.32,20.36,520,488.99
72.3612,32.995,9.549,4.308,12.307,47.538,26.452,14.9052,0.1794,0.2077,0.1964,540.36,84.7125,85.1625,85.4025,82.2075,83.4,82.035,43.0675,520.53,20.3599,520,488.99
72.4113,33,9.543,4.336,12.305,47.58,26.5125,14.9052,0.1796,0.2077,0.1965,540.52,84.6675,85.1775,85.3425,82.185,83.4225,82.08,43.0466,520.68,20.3598,520,488.99
72.4113,33,9.539,4.357,12.305,47.514,26.54,14.9052,0.1797,0.2078,0.1966,540.72,84.705,85.2075,85.335,82.1775,83.4,82.0875,43.0213,520.86,20.3597,520,488.99
72.4619,33.005,9.537,4.366,12.305,47.418,26.5235,14.9052,0.1798,0.2079,0.1967,540.84,84.6675,85.1475,85.3125,82.215,83.4075,82.1025,43.0028,520.98,20.3597,520,488.99
72.5131,33.01,9.536,4.365,12.305,47.262,26.4795,14.9052,0.1797,0.2081,0.1969,540.96,84.675,85.1025,85.2675,82.2225,83.4525,82.1025,42.9838,521.1,20.3596,520,488.99
72.565,33.015,9.538,4.357,12.304,47.07,26.4025,14.9052,0.1796,0.2084,0.1971,541,84.675,85.1025,85.3125,82.2225,83.4975,82.11,42.9718,521.16,20.3595,520,488.99
72.5669,33.015,9.541,4.342,12.304,46.836,26.309,14.8966,0.1795,0.2087,0.1974,541,84.6675,85.125,85.2675,82.185,83.475,82.1175,42.9671,521.16,20.3594,520,489.02
72.6194,33.02,9.546,4.325,12.304,46.542,26.177,14.8963,0.1794,0.2089,0.1978,540.96,84.6675,85.1025,85.2375,82.17,83.4975,82.1025,42.97,521.1,20.3594,520,489.02
72.6219,33.02,9.552,4.303,12.304,46.206,26.0175,14.896,0.1792,0.2092,0.198,540.92,84.6525,85.1175,85.2825,82.155,83.5425,82.0575,42.9693,521.07,20.3593,520,489.02
72.675,33.025,9.56,4.272,12.301,45.912,25.847,14.8957,0.1789,0.2096,0.1984,540.84,84.69,85.155,85.29,82.14,83.58,82.02,42.9725,521.01,20.3592,520,489.02
72.6781,33.025,9.569,4.237,12.301,45.546,25.66,14.9041,0.1787,0.2101,0.1988,540.72,84.7125,85.17,85.32,82.155,83.5425,82.005,42.9834,520.89,20.3591,520,489.02
72.6813,33.025,9.58,4.201,12.302,45.168,25.451,14.9041,0.1785,0.2105,0.1993,540.52,84.7125,85.14,85.2825,82.2,83.55,82.02,43.0061,520.68,20.359,520,489.02
72.6338,33.02,9.593,4.168,12.303,44.664,25.209,14.9041,0.1779,0.2106,0.1992,540.32,84.735,85.1175,85.245,82.2,83.535,82.05,43.0259,520.5,20.359,520,489.05
72.6363,33.02,9.598,4.111,12.303,44.748,25.11,14.9041,0.1773,0.2106,0.1993,540.08,84.705,85.0725,85.275,82.17,83.5125,81.9975,43.0539,520.26,20.3589,520,489.05
72.5882,33.015,9.605,4.059,12.303,44.622,25.0385,14.9041,0.1771,0.2107,0.1995,539.84,84.72,85.0725,85.3125,82.2225,83.4825,82.035,43.0792,520.05,20.3588,520,489.05
72.59,33.015,9.612,4.038,12.303,44.454,24.9505,14.9041,0.1769,0.2105,0.1993,539.68,84.7125,85.0575,85.305,82.275,83.46,81.9975,43.0978,519.9,20.3587,520,489.05
72.5413,33.01,9.613,4.024,12.303,44.658,24.9615,14.9041,0.1768,0.2104,0.1992,539.56,84.6675,85.0125,85.26,82.26,83.5125,81.9825,43.1132,519.78,20.3587,520,489.05
72.4919,33.005,9.613,4.021,12.304,44.838,25.022,14.9041,0.177,0.2103,0.1991,539.44,84.6075,84.9825,85.2825,82.2825,83.4825,82.02,43.1291,519.66,20.3586,520,489.02
72.4925,33.005,9.613,4.038,12.304,44.928,25.0825,14.9041,0.1773,0.2102,0.199,539.36,84.6225,85.02,85.2825,82.2825,83.5275,82.0425,43.138,519.6,20.3585,520,489.02
72.4425,33,9.612,4.07,12.304,44.976,25.121,14.9041,0.1777,0.2102,0.199,539.32,84.6,85.02,85.275,82.245,83.535,82.05,43.1472,519.54,20.3584,520,489.02
72.4425,33,9.613,4.098,12.305,44.994,25.1375,14.9041,0.1779,0.2102,0.199,539.28,84.63,84.9975,85.2825,82.2,83.55,82.0275,43.1528,519.51,20.3584,520,489.02
72.4425,33,9.613,4.114,12.305,45.018,25.143,14.9127,0.178,0.2102,0.199,539.28,84.63,85.0575,85.245,82.2,83.5275,82.0575,43.1585,519.48,20.3583,520,489.02
72.3919,32.995,9.613,4.119,12.305,45.03,25.143,14.913,0.178,0.2102,0.199,539.24,84.6675,85.0125,85.2675,82.185,83.52,82.095,43.1644,519.45,20.3582,520,489.02
72.3913,32.995,9.614,4.12,12.307,45.018,25.132,14.9046,0.178,0.2103,0.1991,539.2,84.6225,85.0275,85.26,82.2075,83.5425,82.065,43.1704,519.42,20.3581,520,489.02
72.3906,32.995,9.614,4.12,12.307,44.964,25.132,14.9046,0.178,0.2103,0.1991,539.2,84.6225,85.0275,85.26,82.2075,83.5425,82.065,43.1802,519.36,20.3581,520,489.02
72.39,32.995,9.615,4.12,12.307,44.964,25.1045,14.9046,0.1781,0.2105,0.1992,539.12,84.615,84.9975,85.29,82.2075,83.49,82.1025,43.1828,519.36,20.373,520,489.02
72.3894,32.995,9.619,4.125,12.305,44.802,25.0495,14.9132,0.1783,0.2106,0.1994,539.04,84.57,84.9675,85.26,82.2,83.535,82.0725,43.1967,519.27,20.3734,520,489.02
72.3381,32.99,9.623,4.127,12.306,44.592,24.956,14.9135,0.1778,0.2102,0.199,539,84.6,84.9375,85.23,82.23,83.5725,82.0275,43.2034,519.24,20.3738,520,489.02
72.3369,32.99,9.615,4.071,12.306,45.066,25.165,14.9138,0.1775,0.2099,0.1987,539,84.5775,85.005,85.23,82.2525,83.5425,82.0875,43.2102,519.21,20.3743,520,488.99
72.285,32.985,9.612,4.085,12.308,45.348,25.231,14.9055,0.1779,0.21,0.1987,539,84.6,84.99,85.275,82.2675,83.55,82.0425,43.2096,519.24,20.3747,520,488.99
72.2832,32.985,9.611,4.123,12.308,45.306,25.242,14.9055,0.1785,0.2102,0.1989,539,84.585,85.0275,85.2525,82.2525,83.5275,82.0575,43.2127,519.24,20.3751,520,488.99
72.2813,32.985,9.613,4.161,12.307,45.138,25.187,14.9055,0.1788,0.2102,0.1991,539,84.615,85.035,85.26,82.23,83.5275,82.0575,43.2158,519.24,20.3755,520,488.99
72.2794,32.985,9.616,4.181,12.306,44.94,25.099,14.9055,0.1784,0.2099,0.1986,539.04,84.6,85.0725,85.29,82.2075,83.49,82.0425,43.2151,519.27,20.3759,520,488.99
72.2775,32.985,9.616,4.181,12.306,45.366,25.099,14.9055,0.1784,0.2099,0.1986,539.04,84.6,85.0725,85.29,82.2075,83.49,82.0425,43.2143,519.3,20.3763,520,488.99
72.2757,32.985,9.609,4.125,12.306,45.366,25.275,14.9055,0.1779,0.2098,0.1984,539.12,84.63,85.11,85.32,82.185,83.5575,82.035,43.2171,519.3,20.3768,520,488.96
72.2738,32.985,9.609,4.125,12.306,45.534,25.275,14.9055,0.1779,0.2098,0.1984,539.12,84.63,85.11,85.32,82.185,83.5575,82.035,43.2124,519.36,20.3772,520,488.96
72.2719,32.985,9.606,4.13,12.306,45.534,25.319,14.9055,0.1782,0.2097,0.1984,539.16,84.66,85.065,85.3575,82.23,83.565,82.02,43.215,519.36,20.3776,520,488.96
72.27,32.985,9.605,4.154,12.305,45.528,25.341,14.9055,0.1785,0.2098,0.1984,539.2,84.675,85.065,85.3125,82.2825,83.58,81.9975,43.2101,519.42,20.363,520,488.96
72.2681,32.985,9.604,4.186,12.305,45.522,25.33,14.9055,0.1786,0.2097,0.1985,539.32,84.6225,85.125,85.26,82.305,83.565,81.93,43.2087,519.45,20.3629,520,488.96
72.2663,32.985,9.603,4.186,12.305,45.492,25.3135,14.9055,0.1786,0.2097,0.1985,539.4,84.6,85.0875,85.2825,82.305,83.565,81.9,43.1921,519.6,20.3628,520,488.96
72.2644,32.985,9.603,4.181,12.305,45.504,25.319,14.9055,0.1785,0.2098,0.1985,539.4,84.5925,85.08,85.29,82.2675,83.52,81.9525,43.19,519.63,20.3627,520,488.96
72.2625,32.985,9.603,4.181,12.305,45.48,25.319,14.9055,0.1785,0.2098,0.1985,539.4,84.5925,85.08,85.29,82.2675,83.52,81.9525,43.1914,519.63,20.3627,520,488.96
72.2606,32.985,9.604,4.177,12.304,45.48,25.3025,14.9055,0.1786,0.2099,0.1987,539.4,84.6,85.095,85.2525,82.3125,83.5125,81.99,43.1929,519.63,20.3626,520,488.96
72.2588,32.985,9.606,4.179,12.304,45.27,25.253,14.8969,0.1787,0.2101,0.1989,539.4,84.645,85.08,85.23,82.3275,83.5425,81.975,43.1944,519.63,20.3775,520,488.96
72.2569,32.985,9.608,4.178,12.304,45.096,25.176,14.8966,0.1786,0.2103,0.199,539.4,84.6,85.0725,85.26,82.3275,83.5425,82.0125,43.1959,519.63,20.378,520,488.93
72.255,32.985,9.608,4.178,12.304,44.952,25.176,14.9049,0.1786,0.2103,0.199,539.4,84.6,85.0725,85.26,82.3275,83.5425,82.0125,43.2087,519.54,20.3784,520,488.93
72.2531,32.985,9.612,4.168,12.302,44.952,25.1045,14.9049,0.1785,0.2105,0.1992,539.32,84.6375,85.0875,85.2525,82.305,83.55,81.96,43.2106,519.54,20.3788,520,488.93
72.2513,32.985,9.617,4.154,12.302,44.748,25.0165,14.9049,0.1784,0.2105,0.1994,539.28,84.5925,85.1325,85.2525,82.2525,83.5275,81.9675,43.2199,519.48,20.3792,520,488.93
72.2494,32.985,9.614,4.082,12.303,44.592,25.0935,14.9049,0.1768,0.2094,0.1982,539.28,84.555,85.11,85.275,82.2,83.5425,81.9975,43.2258,519.45,20.3796,520,488.93
72.1969,32.98,9.605,4.048,12.303,45.804,25.3355,14.9049,0.1769,0.209,0.1978,539.36,84.5625,85.1175,85.26,82.1625,83.5125,82.035,43.213,519.57,20.365,520,488.93
72.1944,32.98,9.595,4.074,12.303,46.206,25.572,14.9049,0.1775,0.2087,0.1975,539.44,84.6075,85.1625,85.275,82.17,83.4675,82.005,43.2035,519.66,20.3649,520,488.93
72.1919,32.98,9.585,4.136,12.303,46.518,25.7865,14.9049,0.1782,0.2083,0.1972,539.6,84.585,85.17,85.2675,82.215,83.4225,81.975,43.186,519.81,20.3649,520,488.93
72.1894,32.98,9.576,4.203,12.303,46.776,25.957,14.9049,0.1787,0.2082,0.197,539.8,84.63,85.14,85.2825,82.215,83.4075,81.9975,43.1605,520.02,20.3648,520,488.93
72.1869,32.98,9.567,4.252,12.303,47.016,26.0945,14.9049,0.179,0.208,0.1968,540.04,84.585,85.14,85.29,82.2075,83.43,81.9675,43.1341,520.23,20.3647,520,488.93
72.235,32.985,9.56,4.283,12.303,47.178,26.2045,14.9049,0.1792,0.2078,0.1967,540.24,84.615,85.1475,85.275,82.2525,83.415,81.9525,43.1106,520.41,20.3646,520,488.93
72.2331,32.985,9.554,4.307,12.302,47.256,26.2925,14.9049,0.1793,0.2078,0.1966,540.48,84.57,85.125,85.2525,82.23,83.46,81.96,43.0789,520.65,20.3645,520,488.93
72.2312,32.985,9.548,4.323,12.302,47.328,26.3585,14.9049,0.1794,0.2078,0.1966,540.64,84.555,85.1475,85.2825,82.2675,83.505,81.9525,43.0575,520.8,20.3645,520,488.93
72.3306,32.995,9.544,4.335,12.302,47.316,26.408,14.8963,0.1795,0.2079,0.1967,540.8,84.6,85.17,85.275,82.29,83.55,81.9225,43.0355,520.95,20.3644,520,488.93
72.3806,33,9.542,4.34,12.302,47.262,26.4135,14.896,0.1796,0.2081,0.1968,540.88,84.6075,85.1625,85.3125,82.2525,83.5875,81.8775,43.0166,521.07,20.3643,520,488.93
72.3806,33,9.542,4.34,12.302,47.142,26.4135,14.8957,0.1796,0.2081,0.1968,540.88,84.6075,85.1625,85.3125,82.2525,83.5875,81.8775,43.0085,521.1,20.3642,520,488.93
72.3806,33,9.541,4.342,12.302,47.142,26.397,14.8955,0.1796,0.2082,0.197,540.96,84.5625,85.1325,85.3425,82.23,83.565,81.8775,43.0041,521.1,20.3642,520,488.96
72.4312,33.005,9.542,4.341,12.301,46.95,26.342,14.8952,0.1796,0.2084,0.1972,541,84.5325,85.14,85.3425,82.245,83.52,81.87,42.9921,521.16,20.3641,520,488.96
72.4825,33.01,9.548,4.313,12.301,46.752,26.144,14.8949,0.1793,0.209,0.1977,541,84.4875,85.1475,85.3125,82.1775,83.46,81.885,42.9875,521.16,20.364,520,488.96
72.5343,33.015,9.548,4.313,12.301,46.242,26.144,14.8946,0.1793,0.209,0.1977,541,84.4875,85.1475,85.3125,82.1775,83.46,81.885,42.9903,521.1,20.3639,520,488.96
72.5362,33.015,9.554,4.291,12.301,46.242,26.012,14.8944,0.1791,0.2093,0.198,540.92,84.54,85.11,85.3425,82.2375,83.43,81.9375,42.9858,521.1,20.3639,520,488.96
72.5381,33.015,9.561,4.265,12.301,45.948,25.8635,14.8941,0.179,0.2097,0.1985,540.8,84.5175,85.1025,85.3125,82.2225,83.4525,81.9225,42.9964,520.98,20.3638,520,488.99
72.54,33.015,9.583,4.217,12.3,45.45,25.407,14.9024,0.1786,0.2106,0.1993,540.52,84.54,85.1775,85.2975,82.3125,83.46,81.8925,43.0112,520.83,20.3637,520,488.99
72.5419,33.015,9.594,4.173,12.3,44.646,25.1815,14.9024,0.1782,0.2109,0.1997,540.28,84.51,85.1625,85.3425,82.35,83.4375,81.885,43.0567,520.44,20.3636,520,488.99
72.5437,33.015,9.607,4.122,12.3,44.28,24.9725,14.9024,0.1776,0.2111,0.1998,540,84.525,85.1775,85.38,82.3575,83.4825,81.885,43.085,520.2,20.3636,520,488.99
72.495,33.01,9.615,4.064,12.303,44.184,24.835,14.9024,0.177,0.2111,0.2,539.72,84.51,85.1775,85.3575,82.335,83.4975,81.8475,43.118,519.93,20.3635,520,488.99
72.4456,33.005,9.623,4.016,12.303,44.028,24.725,14.9024,0.1762,0.2106,0.1993,539.52,84.4875,85.1925,85.32,82.2825,83.5125,81.8775,43.1409,519.75,20.3634,520,488.99
72.4463,33.005,9.623,4.016,12.303,44.652,24.725,14.9024,0.1762,0.2106,0.1993,539.52,84.4875,85.1925,85.32,82.2825,83.5125,81.8775,43.1569,519.63,20.3633,520,488.99
72.4469,33.005,9.619,3.965,12.303,44.652,24.8625,14.9024,0.1758,0.2101,0.1988,539.4,84.495,85.1925,85.3275,82.32,83.4675,81.8475,43.1584,519.63,20.3632,520,488.99
72.3969,33,9.606,3.993,12.303,45.144,25.2915,14.9024,0.177,0.2095,0.1982,539.4,84.4875,85.2,85.2825,82.32,83.4975,81.8475,43.1637,519.6,20.3632,520,488.99
72.2956,32.99,9.599,4.073,12.304,45.756,25.462,14.9024,0.1778,0.2094,0.1981,539.44,84.5025,85.215,85.29,82.32,83.475,81.8475,43.1578,519.66,20.3631,520,488.99
72.2943,32.99,9.593,4.146,12.304,45.954,25.5995,14.9024,0.1784,0.2091,0.1979,539.48,84.48,85.2075,85.2975,82.3425,83.43,81.87,43.1554,519.69,20.363,520,488.99
72.2931,32.99,9.588,4.193,12.304,46.092,25.6985,14.9024,0.1786,0.209,0.1978,539.6,84.5175,85.1775,85.3125,82.335,83.4075,81.8475,43.1416,519.81,20.3629,520,488.99
72.3425,32.995,9.583,4.215,12.304,46.212,25.77,14.9024,0.1787,0.209,0.1977,539.68,84.495,85.2,85.2975,82.305,83.46,81.9,43.1311,519.9,20.3629,520,488.99
72.3419,32.995,9.58,4.226,12.304,46.266,25.814,14.9024,0.1787,0.209,0.1977,539.8,84.525,85.14,85.3275,82.335,83.4975,81.915,43.1202,519.99,20.3628,520,488.96
