TIA2877.PV,TI_1145.PV,TIA2874.PV,PIC1101A.PV,PRA1102.PV,AR1410B.PV,DR1103.PV,FRCA1112.MV,PDRCA1109.PV,TI1132.PV,TIC_1101.PV,TIC_1101.MV,FT_1122.PV,PDR1401.PV,FIC_1122.MV,FIC_1122.PV,FIC_1121.PV,TI_1142.PV,TIA2875.PV,TI1133.PV,PI_1132B.PV,FI_1127.PV,TIA2876.PV,PDRSA1104.PV,LRCA1101.MV,LRCA1101.PV,FRC1424.PV,PDR1103.PV,FRC1102.MV,FIC_1127.PV,FIC_1127.MV,DR1105.PV,FRC1113.PV,FRC1113.MV,FI1113.PV,PI_1138A.PV,DR1108.PV,FI1902.PV,FRCA1110.MV,TIA2872.PV,PI_1180.PV,TRC1118A.MV,FT_1121.PV,PR1102A.PV,FRSA1101.PV,TI1105A.PV,TIA2873.PV,DR1106.PV,FRQ1623.PV,PI_1134.PV,TIC_1155.MV,FI1424.PV,DR1110.PV,DR1107.PV,PI_1132A.PV,PI_1182.PV,PDR1106.PV,FRC1107.MV,TIC_1101.SV,PDI_1109.PV
81.9675,488.99,85.3425,14.8969,0.1236,86,57.5625,15.7322,47.004,275.75,521.22,42.7674,710.24,12.302,72.2757,710.24,343.26,517.55,82.2825,358.55,0.1279,600.06,83.445,26.4465,72.4364,33.015,4.6,9.534,9.9783,600.06,19.4351,4.5297,2.6004,76.7659,2.6004,0.1278,358.4067,173.502,11.1293,84.51,0.2082,13.2925,343.26,0.197,173.502,541.04,85.005,57.6,9.1124,0.1304,20.3444,4.6,571.45,287.3475,0.179,0.1303,4.311,66.2164,520,47.004
81.9525,488.99,85.3575,14.8966,0.1237,86.05,57.525,15.7314,46.794,275.75,521.19,42.7663,710.24,12.302,72.2753,710.24,343.23,517.55,82.305,358.55,0.128,599.88,83.4075,26.3695,72.4383,33.015,4.5975,9.536,9.9783,599.88,19.4371,3.8984,2.6002,76.7661,2.6002,0.1279,358.5444,173.583,11.1294,84.54,0.2084,13.2925,343.23,0.1972,173.586,541.04,85.0125,57.6375,9.1118,0.1305,20.3443,4.5975,571.3,287.325,0.1789,0.1304,4.297,66.216,520,46.794
81.9375,488.99,85.395,14.8963,0.1238,86.05,57.6,15.7337,46.56,275.75,521.16,42.7652,710.16,12.302,72.2755,710.16,343.23,517.58,82.335,358.55,0.1281,599.76,83.4225,26.2815,72.4908,33.02,4.595,9.54,9.9782,599.76,19.4391,3.8984,2.6,76.7666,2.6,0.128,358.2,173.2455,11.1295,84.51,0.2086,13.2925,343.23,0.1974,173.236,541.04,85.05,57.5625,9.1113,0.1306,20.3442,4.595,571.35,286.7625,0.1788,0.1306,4.281,66.2157,520,46.56
81.9225,488.99,85.395,14.8961,0.1239,86.175,57.5625,15.7339,46.326,275.75,521.07,42.7718,710.08,12.3,72.2759,710.08,343.2,517.58,82.3575,358.55,0.1282,599.7,83.475,26.177,72.4933,33.02,4.5925,9.545,9.9781,599.7,19.4409,4.0359,2.5998,76.7674,2.5998,0.1281,357.8557,173.772,11.1295,84.495,0.2089,13.2925,343.2,0.1976,173.768,541,85.005,57.525,9.1108,0.1307,20.3442,4.5925,571.8,287.415,0.1786,0.1306,4.264,66.2161,520,46.326
81.9,488.99,85.365,14.9044,0.1241,86.65,57.5625,15.7342,45.924,275.75,520.92,42.7863,710,12.3,72.2764,710,343.17,517.58,82.335,358.55,0.1283,599.7,83.505,26.056,72.4958,33.02,4.5875,9.55,9.9788,599.7,19.4421,4.2531,2.5994,76.7691,2.5994,0.1283,357.8901,174.015,11.1296,84.4875,0.2093,13.2925,343.17,0.198,174.006,540.92,85.02,57.5625,9.1102,0.1309,20.3441,4.5875,571.15,286.8525,0.1785,0.1308,4.242,66.216,520,45.924
81.9,489.02,85.35,14.9044,0.1244,86.675,57.5625,15.7344,45.414,275.75,520.74,42.8051,709.92,12.3,72.277,709.92,343.11,517.58,82.32,358.5,0.1286,599.46,83.49,25.88,72.4983,33.02,4.58,9.559,9.9797,599.46,19.4464,4.5062,2.599,76.7714,2.599,0.1285,357.8557,173.691,11.1297,84.5025,0.2098,13.2925,343.11,0.1986,173.684,540.76,85.0725,57.6,9.1091,0.1311,20.344,4.58,571.3,287.19,0.1786,0.131,4.223,66.2167,520,45.414
81.93,489.02,85.2975,14.9044,0.1246,86.9,57.5625,15.7347,44.928,275.75,520.5,42.8322,709.76,12.3,72.2784,709.76,343.08,517.58,82.365,358.5,0.1288,599.28,83.4525,25.649,72.5008,33.02,4.5725,9.57,9.9801,599.28,19.4509,4.5062,2.5986,76.7741,2.5986,0.1288,358.3378,173.556,11.1298,84.4875,0.2102,13.2925,343.08,0.1991,173.558,540.56,85.0725,57.6,9.108,0.1313,20.3439,4.5725,571,287.3475,0.1785,0.1313,4.206,66.2169,520,44.928
81.9225,489.02,85.35,14.9044,0.1248,86.25,57.6,15.7349,44.592,275.75,520.26,42.8602,709.68,12.301,72.2794,709.68,343.02,517.58,82.335,358.5,0.129,599.34,83.4675,25.3905,72.5033,33.02,4.5675,9.583,9.9813,599.34,19.4531,4.3922,2.5982,76.7774,2.5982,0.129,358.3723,173.286,11.1298,84.4725,0.2106,13.2925,343.02,0.1994,173.292,540.32,85.11,57.5625,9.1069,0.1315,20.3439,4.5675,571.55,287.2575,0.178,0.1315,4.178,66.2178,520,44.592
81.975,489.02,85.38,14.9044,0.1249,86.875,57.5625,15.7352,44.856,275.75,520.05,42.8855,709.68,12.302,72.2799,709.68,343.02,517.58,82.3275,358.5,0.1289,599.58,83.4375,25.1595,72.4552,33.015,4.565,9.595,9.9812,599.58,19.4529,4.6953,2.5986,76.7781,2.5986,0.1291,358.2689,173.961,11.1299,84.525,0.2104,13.2925,343.02,0.1991,173.964,540.08,85.125,57.5625,9.1074,0.1316,20.3438,4.565,571.95,287.0775,0.177,0.1316,4.126,66.2182,520,44.856
81.9675,489.02,85.365,14.9044,0.1248,86.025,57.525,15.7354,44.958,275.75,519.96,42.8965,709.68,12.302,72.2804,709.68,343.02,517.58,82.335,358.5,0.1288,599.76,83.4675,25.132,72.4064,33.01,4.5675,9.598,9.9808,599.76,19.4524,4.1375,2.5986,76.7799,2.5986,0.129,357.649,172.962,11.13,84.5325,0.2102,13.3032,343.02,0.1991,172.956,539.84,85.08,57.525,9.1074,0.1316,20.3437,4.5675,571.4,287.145,0.1762,0.1315,4.045,66.2186,520,44.958
81.96,489.02,85.3575,14.9044,0.1247,86.175,57.6,15.7357,45.39,275.75,519.87,42.908,709.76,12.302,72.2803,709.76,343.05,517.58,82.2975,358.55,0.1287,599.94,83.445,25.1595,72.4077,33.01,4.57,9.601,9.981,599.94,19.4511,4.1375,2.5994,76.7786,2.5994,0.1289,357.8557,173.4345,11.1301,84.54,0.2098,13.3038,343.05,0.1986,173.432,539.76,85.08,57.525,9.1086,0.1315,20.3436,4.57,571.25,287.4825,0.1758,0.1314,3.983,66.2183,520,45.39
81.9975,489.02,85.38,14.9044,0.1245,86.525,57.6,15.7329,45.702,275.75,519.84,42.9123,709.84,12.302,72.28,709.84,343.08,517.58,82.2675,358.55,0.1285,600.06,83.415,25.297,72.3583,33.005,4.575,9.597,9.9804,600.06,19.4499,4.3812,2.5996,76.7786,2.5996,0.1287,358.0623,173.934,11.1302,84.5325,0.2096,13.3045,343.08,0.1983,173.936,539.68,85.0425,57.6375,9.1091,0.1313,20.3435,4.575,571.2,286.6275,0.1759,0.1313,3.963,66.2185,520,45.702
81.99,489.02,85.3875,14.9044,0.1244,86.825,57.6,15.7322,45.846,275.8,519.81,42.9166,710,12.303,72.279,710,343.11,517.58,82.2375,358.55,0.1285,600.12,83.4,25.4565,72.3083,33,4.5775,9.592,9.9803,600.12,19.4489,4.4922,2.5998,76.7784,2.5998,0.1286,358.0279,174.069,11.1272,84.5025,0.2094,13.3052,343.11,0.1982,174.062,539.64,85.0125,57.525,9.1102,0.1312,20.3435,4.5775,572,287.0325,0.1766,0.1311,3.988,66.2186,520,45.846
82.035,489.02,85.395,14.9044,0.1244,86.425,57.525,15.7314,45.84,275.8,519.81,42.9174,710.08,12.303,72.2784,710.08,343.11,517.58,82.29,358.55,0.1285,600.12,83.37,25.583,72.3083,33,4.58,9.589,9.9803,600.12,19.4484,4.2891,2.6,76.7778,2.6,0.1286,358.2345,173.7855,11.1263,84.51,0.2094,13.3058,343.11,0.1982,173.796,539.6,85.0275,57.5625,9.1102,0.1311,20.3434,4.58,571.4,286.7175,0.1775,0.1311,4.05,66.2188,520,45.84
82.0275,489.02,85.4175,14.9044,0.1244,86.6,57.525,15.7337,45.834,275.8,519.81,42.9182,710.08,12.303,72.2783,710.08,343.11,517.58,82.2525,358.55,0.1285,599.94,83.4225,25.627,72.3083,33,4.58,9.587,9.9802,599.94,19.4501,4.2547,2.6,76.7778,2.6,0.1285,358.0623,173.3805,11.1254,84.48,0.2094,13.3065,343.11,0.1982,173.376,539.6,84.99,57.6,9.1102,0.1311,20.3433,4.58,572.05,287.055,0.178,0.1311,4.118,66.219,520,45.834
82.0275,489.02,85.4175,14.913,0.1244,86.65,57.525,15.7339,45.786,275.8,519.81,42.9189,709.92,12.303,72.2794,709.92,343.11,517.58,82.2975,358.55,0.1286,599.94,83.4675,25.638,72.3083,33,4.58,9.586,9.9801,599.94,19.4504,4.0516,2.6,76.7778,2.6,0.1286,357.7523,173.6235,11.1275,84.465,0.2094,13.3072,343.11,0.1982,173.628,539.6,84.975,57.525,9.1096,0.1311,20.3432,4.58,572,287.235,0.1782,0.1311,4.16,66.2191,520,45.786
82.0275,489.02,85.3875,14.9133,0.1245,86.15,57.5625,15.7342,45.654,275.85,519.81,42.9197,709.84,12.304,72.2802,709.84,343.08,517.58,82.32,358.6,0.1286,599.88,83.505,25.616,72.3083,33,4.5775,9.587,9.9808,599.88,19.4514,4.1672,2.5998,76.7786,2.5998,0.1286,357.7523,173.367,11.1276,84.525,0.2095,13.3078,343.08,0.1984,173.362,539.6,85.02,57.525,9.1096,0.1312,20.3432,4.5775,572,287.1,0.1782,0.1311,4.174,66.2193,520,45.654
82.0425,489.02,85.41,14.9136,0.1245,86.7,57.5625,15.7344,45.51,275.85,519.81,42.9205,709.84,12.304,72.2804,709.84,343.08,517.58,82.29,358.6,0.1287,599.94,83.5425,25.561,72.3083,33,4.575,9.589,9.9809,599.94,19.4511,4.4078,2.5996,76.7796,2.5996,0.1287,357.7868,173.1645,11.1276,84.5025,0.2097,13.3085,343.08,0.1985,173.166,539.6,85.035,57.5625,9.1091,0.1313,20.3431,4.575,572,287.145,0.1782,0.1312,4.173,66.2195,520,45.51
82.05,489.02,85.4175,14.9052,0.1246,86.075,57.525,15.7347,45.42,275.85,519.81,42.9212,709.76,12.306,72.2813,709.76,343.08,517.58,82.3275,358.6,0.1288,599.94,83.5725,25.473,72.3083,33,4.5725,9.592,9.9811,599.94,19.4514,4.1125,2.5996,76.7801,2.5996,0.1288,358.4756,173.016,11.1277,84.5025,0.2098,13.3092,343.08,0.1986,173.012,539.6,84.9975,57.6,9.1091,0.1313,20.343,4.5725,571.7,287.235,0.178,0.1313,4.163,66.2196,520,45.42
82.065,489.02,85.395,14.9052,0.1246,86.6,57.5625,15.7349,45.558,275.85,519.78,42.9258,709.92,12.306,72.2804,709.92,343.08,517.58,82.29,358.65,0.1287,600,83.535,25.4015,72.3083,33,4.5725,9.595,9.9813,600,19.4509,4.1125,2.5996,76.7806,2.5996,0.1288,357.8557,173.313,11.1278,84.51,0.2096,13.3098,343.08,0.1984,173.306,539.6,85.0425,57.5625,9.1091,0.1313,20.3429,4.5725,571.55,287.505,0.1777,0.1313,4.145,66.2198,520,45.558
82.0125,488.99,85.3425,14.9052,0.1246,86.65,57.6,15.7352,45.63,275.85,519.81,42.9229,709.92,12.306,72.2805,709.92,343.08,517.58,82.2975,358.65,0.1287,600,83.505,25.407,72.3083,33,4.575,9.595,9.9814,600,19.4509,4.7734,2.5996,76.7811,2.5996,0.1287,357.8901,172.9485,11.1279,84.5025,0.2095,13.3105,343.08,0.1984,172.956,539.6,85.0875,57.525,9.1091,0.1313,20.3429,4.575,571.95,286.6725,0.1774,0.1313,4.117,66.22,520,45.63
82.005,488.99,85.305,14.9052,0.1245,86.775,57.6,15.7354,45.714,275.85,519.78,42.9274,710,12.305,72.28,710,343.08,517.58,82.29,358.65,0.1286,600.06,83.4975,25.44,72.2577,32.995,4.575,9.594,9.9808,600.06,19.4501,4.7734,2.6002,76.7794,2.6002,0.1287,358.5789,174.015,11.1279,84.555,0.2096,13.3112,343.08,0.1983,174.02,539.6,85.0575,57.6,9.1102,0.1313,20.3428,4.575,571.3,286.9425,0.1774,0.1313,4.099,66.2201,520,45.714
82.035,488.99,85.275,14.9052,0.1245,86.425,57.5625,15.7357,45.624,275.85,519.75,42.9321,710,12.305,72.28,710,343.08,517.58,82.2975,358.65,0.1287,600,83.5275,25.473,72.2571,32.995,4.575,9.593,9.9815,600,19.4506,4.6875,2.6002,76.7791,2.6002,0.1287,358.0623,173.8935,11.128,84.5775,0.2096,13.3118,343.08,0.1984,173.894,539.56,85.02,57.525,9.1102,0.1313,20.3427,4.575,571.2,287.4825,0.1776,0.1313,4.098,66.2203,520,45.624
82.0425,488.99,85.2825,14.9052,0.1246,86.025,57.6,15.7329,45.462,275.9,519.69,42.9406,709.92,12.305,72.2807,709.92,343.08,517.58,82.3125,358.65,0.1287,599.94,83.4975,25.473,72.2564,32.995,4.5725,9.594,9.9817,599.94,19.4514,4.6734,2.6,76.7796,2.6,0.1288,357.8901,173.772,11.1281,84.57,0.2098,13.3125,343.08,0.1985,173.782,539.52,85.0275,57.525,9.1102,0.1313,20.3426,4.5725,572.05,287.4825,0.1779,0.1313,4.116,66.2205,520,45.462
82.0125,488.99,85.2675,14.9052,0.1247,86.25,57.6,15.7322,45.276,275.9,519.69,42.9419,709.92,12.305,72.2808,709.92,343.05,517.58,82.2975,358.7,0.1288,599.88,83.4825,25.418,72.2558,32.995,4.57,9.596,9.9818,599.88,19.4524,4.4828,2.5994,76.7819,2.5994,0.1288,358.0623,172.935,11.1282,84.585,0.2098,13.3132,343.05,0.1987,172.928,539.48,85.005,57.5625,9.1096,0.1314,20.3426,4.57,571.25,286.6725,0.1782,0.1314,4.139,66.2206,520,45.276
81.99,488.99,85.2225,14.9052,0.1246,86.7,57.6,15.7314,45.672,275.9,519.69,42.9431,709.92,12.305,72.2809,709.92,343.05,517.55,82.2975,358.7,0.1287,600.06,83.52,25.33,72.2552,32.995,4.5725,9.6,9.9813,600.06,19.4506,3.8891,2.5996,76.7819,2.5996,0.1288,358.51,173.772,11.1283,84.5475,0.2096,13.3138,343.05,0.1983,173.768,539.48,85.065,57.525,9.1096,0.1313,20.3425,4.5725,572.05,287.145,0.1778,0.1313,4.151,66.2201,520,45.672
81.9675,488.99,85.215,14.9052,0.1245,86.95,57.6,15.7337,45.84,275.9,519.69,42.9444,710,12.305,72.2804,710,343.08,517.55,82.2525,358.7,0.1286,600.12,83.5425,25.396,72.2546,32.995,4.575,9.596,9.9812,600.12,19.4496,3.8891,2.5998,76.7816,2.5998,0.1287,358.5789,173.6775,11.1283,84.5475,0.2094,13.3145,343.08,0.1982,173.684,539.48,85.0425,57.5625,9.1102,0.1313,20.3424,4.575,571.9,287.3025,0.1773,0.1312,4.123,66.22,520,45.84
82.02,488.99,85.2675,14.9052,0.1245,86.6,57.5625,15.7339,45.888,275.9,519.69,42.9456,710,12.305,72.2804,710,343.08,517.55,82.2675,358.7,0.1286,600.12,83.5275,25.495,72.2033,32.99,4.5775,9.593,9.9811,600.12,19.4491,4.0812,2.6004,76.7796,2.6004,0.1286,358.1312,174.231,11.1284,84.5775,0.2094,13.3152,343.08,0.1981,174.23,539.48,85.035,57.6,9.1108,0.1312,20.3423,4.5775,571.45,286.65,0.1773,0.1312,4.096,66.2199,520,45.888
81.9675,488.99,85.23,14.9052,0.1245,86.175,57.6,15.7342,45.762,275.9,519.66,42.9506,710,12.305,72.2804,710,343.08,517.55,82.3125,358.7,0.1286,600.06,83.49,25.55,72.2021,32.99,4.5775,9.591,9.981,600.06,19.4494,4.6937,2.6004,76.7791,2.6004,0.1286,358.4067,174.0285,11.1285,84.6225,0.2095,13.3158,343.08,0.1982,174.02,539.48,85.05,57.525,9.1108,0.1312,20.3422,4.5775,571.7,286.8975,0.1777,0.1312,4.101,66.2198,520,45.762
82.005,488.99,85.2225,14.9052,0.1245,86.75,57.6,15.7344,45.636,275.9,519.66,42.952,710,12.304,72.2804,710,343.08,517.55,82.35,358.7,0.1287,599.88,83.5275,25.5445,72.2008,32.99,4.575,9.592,9.9817,599.88,19.4514,4.6937,2.6002,76.7794,2.6002,0.1287,357.9934,173.7315,11.1286,84.6225,0.2096,13.3165,343.08,0.1984,173.726,539.44,85.0725,57.5625,9.1102,0.1312,20.3422,4.575,571.35,286.875,0.1782,0.1312,4.133,66.2205,520,45.636
81.99,488.99,85.185,14.9052,0.1246,86.125,57.6,15.7347,45.462,275.9,519.66,42.9534,709.92,12.304,72.281,709.92,343.08,517.55,82.3575,358.7,0.1288,599.82,83.4825,25.495,72.1996,32.99,4.5725,9.593,9.9818,599.82,19.4526,4.6391,2.5996,76.7814,2.5996,0.1288,358.2689,173.205,11.1286,84.5775,0.2097,13.3172,343.08,0.1985,173.194,539.44,85.08,57.5625,9.1091,0.1313,20.3421,4.5725,571.4,286.8975,0.1784,0.1313,4.162,66.2206,520,45.462
82.0425,488.99,85.245,14.9052,0.1247,86,57.5625,15.7349,45.396,275.9,519.63,42.9585,709.92,12.304,72.2812,709.92,343.05,517.55,82.32,358.7,0.1288,599.76,83.5125,25.407,72.1983,32.99,4.5725,9.596,9.982,599.76,19.4541,4.0906,2.5994,76.7826,2.5994,0.1288,357.959,173.6505,11.1287,84.57,0.2098,13.3178,343.05,0.1986,173.656,539.44,85.0425,57.6,9.1091,0.1314,20.342,4.5725,571.2,287.5275,0.1783,0.1314,4.173,66.2208,520,45.396
82.08,488.99,85.2525,14.9052,0.1247,86.85,57.525,15.7352,45.27,275.9,519.57,42.9675,709.84,12.304,72.2819,709.84,343.05,517.55,82.29,358.7,0.1289,599.88,83.5425,25.3465,72.1971,32.99,4.57,9.598,9.9822,599.88,19.4536,4.0906,2.5994,76.7834,2.5994,0.1289,357.7868,173.9475,11.1288,84.5625,0.21,13.3185,343.05,0.1987,173.95,539.4,85.065,57.525,9.1096,0.1314,20.3419,4.57,571.1,287.325,0.1781,0.1314,4.161,66.221,520,45.27
82.035,488.99,85.26,14.9052,0.1248,86.45,57.5625,15.7354,45.078,275.9,519.48,42.9805,709.84,12.304,72.2822,709.84,343.02,517.55,82.245,358.7,0.1289,599.82,83.49,25.2805,72.1958,32.99,4.5675,9.602,9.9823,599.82,19.4549,4.6906,2.5998,76.7826,2.5998,0.129,357.959,174.15,11.1289,84.6075,0.2102,13.3192,343.02,0.1989,174.146,539.36,85.0275,57.5625,9.1096,0.1315,20.3419,4.5675,571.55,286.6275,0.178,0.1315,4.141,66.2211,520,45.078
82.02,488.99,85.26,14.9052,0.1249,86.925,57.6,15.7357,44.832,275.9,519.36,42.9976,709.76,12.304,72.283,709.76,343.02,517.55,82.2675,358.7,0.129,599.7,83.475,25.198,72.1945,32.99,4.565,9.606,9.9833,599.7,19.4571,4.6906,2.5996,76.7836,2.5996,0.1291,357.7179,173.8125,11.129,84.6525,0.2104,13.3198,343.02,0.1992,173.81,539.24,85.035,57.525,9.1091,0.1316,20.3418,4.565,571.9,287.055,0.178,0.1316,4.125,66.2213,520,44.832
82.0575,488.96,85.2525,14.9052,0.125,86.425,57.5625,15.7329,44.64,275.9,519.3,43.0077,709.68,12.304,72.284,709.68,342.99,517.55,82.2525,358.75,0.1291,599.64,83.43,25.0825,72.1933,32.99,4.56,9.612,9.9837,599.64,19.4591,4.6703,2.5992,76.7856,2.5992,0.1292,358.2689,173.178,11.129,84.6375,0.2105,13.3205,342.99,0.1993,173.18,539.16,85.0875,57.6,9.1086,0.1317,20.3417,4.56,571.75,286.83,0.1779,0.1317,4.115,66.2215,520,44.64
82.05,488.96,85.305,14.9052,0.1249,86.3,57.5625,15.7322,45.324,275.9,519.3,43.0106,709.76,12.304,72.2839,709.76,343.02,517.52,82.2225,358.75,0.1289,599.88,83.4225,24.9615,72.1414,32.985,4.565,9.618,9.9833,599.88,19.4576,4.7172,2.5996,76.7851,2.5996,0.1291,358.4067,173.61,11.1291,84.615,0.2099,13.3212,343.02,0.1987,173.614,539.08,85.1325,57.525,9.1091,0.1316,20.3416,4.565,571.85,287.19,0.1771,0.1316,4.101,66.2216,520,45.324
82.0425,488.96,85.2975,14.9052,0.1247,86.225,57.525,15.7314,45.786,275.9,519.36,43.0059,709.92,12.304,72.283,709.92,343.05,517.52,82.2375,358.75,0.1287,600.24,83.46,25.1155,72.1396,32.985,4.5725,9.611,9.9828,600.24,19.4536,4.5984,2.6,76.7841,2.6,0.1288,358.4411,173.7855,11.1292,84.6525,0.2094,13.3218,343.05,0.1982,173.782,539.08,85.14,57.6,9.1102,0.1314,20.3416,4.5725,572.05,287.325,0.1764,0.1314,4.049,66.2218,520,45.786
81.9825,488.96,85.305,14.9052,0.1245,86.075,57.5625,15.7337,46.086,275.9,519.45,42.9972,710,12.304,72.2825,710,343.08,517.52,82.2825,358.7,0.1285,600.36,83.43,25.341,72.0871,32.98,4.5775,9.603,9.9827,600.36,19.4511,4.4109,2.6008,76.7811,2.6008,0.1286,358.2689,173.8395,11.1293,84.6975,0.2091,13.3225,343.08,0.1979,173.838,539.12,85.11,57.5625,9.1113,0.1312,20.3415,4.5775,571.7,286.92,0.1765,0.1312,4.012,66.2212,520,46.086
81.945,488.96,85.2675,14.9052,0.1243,86.525,57.6,15.7339,46.35,275.9,519.57,42.9844,710.08,12.304,72.2819,710.08,343.11,517.52,82.2825,358.7,0.1284,600.48,83.49,25.539,72.0846,32.98,4.5825,9.595,9.9826,600.48,19.4481,4.6406,2.6012,76.7786,2.6012,0.1285,358.2345,173.718,11.1294,84.6825,0.2089,13.3232,343.11,0.1976,173.712,539.2,85.1025,57.5625,9.1118,0.131,20.3414,4.5825,571.7,286.9875,0.1771,0.131,4.036,66.2212,520,46.35
81.9525,488.96,85.245,14.9052,0.1241,86.225,57.6,15.7342,46.59,275.9,519.75,42.9636,710.16,12.303,72.2812,710.16,343.14,517.52,82.2525,358.75,0.1283,600.36,83.5125,25.7095,72.0821,32.98,4.5875,9.587,9.9818,600.36,19.4476,4.0984,2.601,76.7779,2.601,0.1283,357.8212,173.0025,11.1294,84.6675,0.2086,13.3238,343.14,0.1974,172.998,539.36,85.0575,57.5625,9.1124,0.1309,20.3413,4.5875,571.35,286.605,0.1777,0.1309,4.097,66.2203,520,46.59
81.9525,488.96,85.2375,14.9052,0.124,86.45,57.5625,15.7344,46.824,275.95,519.93,42.9421,710.24,12.303,72.2803,710.24,343.17,517.52,82.2225,358.75,0.1282,600.48,83.46,25.858,72.0796,32.98,4.59,9.58,9.9814,600.48,19.4446,4.6641,2.6012,76.7759,2.6012,0.1282,358.2,173.3535,11.1295,84.645,0.2083,13.3245,343.17,0.1972,173.362,539.52,85.035,57.5625,9.1129,0.1308,20.3413,4.59,571.95,286.83,0.1782,0.1307,4.158,66.22,520,46.824
81.975,488.96,85.2,14.9052,0.1239,86.15,57.6,15.7347,46.986,275.95,520.08,42.9235,710.24,12.303,72.2799,710.24,343.2,517.52,82.215,358.75,0.1281,600.54,83.4375,25.9845,72.1277,32.985,4.5925,9.572,9.9811,600.54,19.4419,4.2172,2.6008,76.7759,2.6008,0.1281,358.1656,173.7045,11.1296,84.675,0.2082,13.3252,343.2,0.197,173.712,539.72,85.005,57.5625,9.1129,0.1307,20.3412,4.5925,571.45,287.19,0.1784,0.1306,4.201,66.2197,520,46.986
81.975,488.96,85.17,14.9052,0.1238,86.2,57.6,15.7349,47.07,275.95,520.23,42.9044,710.32,12.303,72.2789,710.32,343.23,517.52,82.185,358.75,0.1281,600.42,83.4525,26.0945,72.1258,32.985,4.595,9.565,9.9808,600.42,19.4411,4.2172,2.601,76.7741,2.601,0.128,358.2689,173.907,11.1297,84.6375,0.2082,13.3258,343.23,0.1969,173.908,539.88,85.005,57.525,9.1129,0.1306,20.3411,4.595,571.25,287.0325,0.1786,0.1306,4.229,66.2193,520,47.07
82.005,488.96,85.1475,14.9052,0.1238,86.85,57.6,15.7352,47.088,275.95,520.35,42.8885,710.32,12.303,72.2784,710.32,343.23,517.52,82.1925,358.75,0.128,600.24,83.475,26.177,72.1745,32.99,4.5975,9.56,9.9804,600.24,19.4416,4.0563,2.601,76.7729,2.601,0.1279,358.5444,174.015,11.1297,84.675,0.2082,13.3265,343.23,0.1969,174.02,540.04,84.99,57.6,9.1124,0.1305,20.341,4.5975,571.4,286.605,0.1788,0.1305,4.25,66.219,520,47.088
82.05,488.96,85.2,14.9052,0.1237,86.425,57.5625,15.7354,47.04,275.95,520.47,42.872,710.24,12.303,72.2785,710.24,343.23,517.52,82.215,358.75,0.128,600.24,83.5125,26.232,72.1733,32.99,4.5975,9.556,9.9801,600.24,19.4406,4.4734,2.6012,76.7709,2.6012,0.1279,357.959,173.448,11.1298,84.6525,0.2082,13.3272,343.23,0.1969,173.446,540.16,85.02,57.5625,9.1124,0.1305,20.341,4.5975,571.3,287.4375,0.1789,0.1305,4.269,66.2186,520,47.04
82.02,488.96,85.215,14.8966,0.1238,86.425,57.6,15.7349,46.98,275.95,520.53,42.8626,710.24,12.302,72.2781,710.24,343.23,517.52,82.2375,358.75,0.128,600.24,83.535,26.2485,72.2227,32.995,4.5975,9.553,9.9798,600.24,19.4396,4.4734,2.6006,76.7716,2.6006,0.1279,358.2,174.0285,11.1299,84.6225,0.2082,13.3278,343.23,0.197,174.034,540.28,85.0725,57.5625,9.1118,0.1305,20.3409,4.5975,571.45,286.8525,0.179,0.1305,4.281,66.2183,520,46.98
81.99,488.96,85.2225,14.8963,0.1238,86.125,57.6,15.7327,46.854,275.95,520.59,42.853,710.16,12.302,72.2784,710.16,343.23,517.52,82.2675,358.8,0.128,600.18,83.5425,26.243,72.222,32.995,4.5975,9.551,9.9794,600.18,19.4394,4.0391,2.6006,76.7709,2.6006,0.1279,358.5789,173.6505,11.13,84.5925,0.2083,13.3285,343.23,0.1971,173.642,540.36,85.0575,57.6,9.1118,0.1305,20.3408,4.5975,571.35,286.8525,0.179,0.1305,4.285,66.218,520,46.854
81.9975,488.96,85.2675,14.8961,0.1238,86,57.6,15.7319,46.71,275.95,520.68,42.8393,710.16,12.302,72.2781,710.16,343.2,517.52,82.2975,358.8,0.1281,600.12,83.58,26.2155,72.272,33,4.595,9.551,9.9791,600.12,19.4394,4.0391,2.6004,76.7709,2.6004,0.128,358.3034,173.0295,11.1301,84.6075,0.2084,13.3292,343.2,0.1973,173.026,540.44,85.0425,57.525,9.1118,0.1306,20.3407,4.595,571.5,287.46,0.1789,0.1306,4.283,66.2176,520,46.71
81.975,488.96,85.29,14.8958,0.1239,86.175,57.5625,15.7342,46.59,275.95,520.71,42.8328,710.16,12.3,72.2779,710.16,343.2,517.52,82.335,358.8,0.1282,599.94,83.5275,26.1605,72.272,33,4.5925,9.552,9.9795,599.94,19.4411,4.7219,2.6004,76.7704,2.6004,0.1281,358.0967,173.5695,11.1301,84.6225,0.2086,13.3298,343.2,0.1974,173.558,540.52,85.065,57.6,9.1118,0.1306,20.3406,4.5925,571.8,286.5825,0.1788,0.1306,4.275,66.2181,520,46.59
81.975,488.96,85.26,14.9041,0.124,86.4,57.6,15.7344,46.422,275.95,520.71,42.8299,710.08,12.3,72.2783,710.08,343.2,517.55,82.3125,358.8,0.1282,599.88,83.55,26.1,72.3227,33.005,4.5925,9.554,9.9794,599.88,19.4421,4.7219,2.6002,76.7706,2.6002,0.1282,358.0279,173.529,11.1302,84.6075,0.2087,13.3305,343.2,0.1975,173.53,540.52,85.1025,57.5625,9.1113,0.1307,20.3406,4.5925,571.2,286.6725,0.1787,0.1307,4.261,66.218,520,46.422
82.02,488.96,85.2675,14.9041,0.124,86.425,57.5625,15.7347,46.236,275.95,520.65,42.8346,710.08,12.3,72.2781,710.08,343.17,517.55,82.3125,358.8,0.1283,599.82,83.5575,26.0285,72.3233,33.005,4.59,9.557,9.9801,599.82,19.4434,3.9391,2.6,76.7711,2.6,0.1283,358.3378,173.6235,11.1265,84.6,0.209,13.3312,343.17,0.1977,173.628,540.52,85.125,57.6375,9.1113,0.1308,20.3405,4.59,571.75,286.56,0.1785,0.1308,4.244,66.2179,520,46.236
82.035,488.96,85.2525,14.9041,0.1242,86.575,57.5625,15.7349,46.038,275.95,520.65,42.832,710,12.3,72.2786,710,343.14,517.55,82.2825,358.8,0.1284,599.88,83.5275,25.9405,72.3239,33.005,4.585,9.561,9.9803,599.88,19.4434,4.2734,2.5998,76.7719,2.5998,0.1283,358.51,172.8,11.1254,84.5925,0.209,13.3318,343.14,0.1979,172.802,540.48,85.1175,57.5625,9.1102,0.1309,20.3404,4.585,571.5,287.1,0.1784,0.1309,4.228,66.2178,520,46.038
82.02,488.96,85.275,14.8955,0.1243,86.925,57.5625,15.7352,45.87,276,520.59,42.8368,709.92,12.301,72.2793,709.92,343.14,517.55,82.305,358.8,0.1285,599.82,83.5125,25.836,72.3246,33.005,4.5825,9.565,9.9804,599.82,19.4446,4.2734,2.5996,76.7729,2.5996,0.1284,357.6835,173.178,11.1242,84.6,0.2093,13.3325,343.14,0.1981,173.18,540.48,85.17,57.6,9.1102,0.131,20.3403,4.5825,571.65,286.9425,0.1783,0.131,4.211,66.2177,520,45.87
81.975,488.99,85.29,14.8952,0.1244,86.15,57.525,15.7354,45.654,276,520.47,42.8495,709.92,12.301,72.2794,709.92,343.11,517.55,82.305,358.8,0.1285,599.76,83.505,25.7205,72.3252,33.005,4.58,9.57,9.9798,599.76,19.4461,4.6,2.5994,76.7741,2.5994,0.1285,358.6478,173.772,11.1268,84.6,0.2095,13.3332,343.11,0.1983,173.768,540.4,85.14,57.6,9.1096,0.1311,20.3403,4.58,571.45,286.65,0.1781,0.1311,4.19,66.2184,520,45.654
81.99,488.99,85.2525,14.8949,0.1245,86.2,57.6,15.7357,45.342,276,520.32,42.8664,709.84,12.301,72.2801,709.84,343.08,517.55,82.3425,358.8,0.1287,599.64,83.505,25.6105,72.3258,33.005,4.575,9.576,9.9805,599.64,19.4486,3.9234,2.5992,76.7756,2.5992,0.1287,358.0623,174.015,11.1269,84.6075,0.2099,13.3338,343.08,0.1986,174.02,540.28,85.0875,57.6,9.1091,0.1312,20.3402,4.575,571.4,286.965,0.1781,0.1312,4.169,66.2186,520,45.342
81.9675,488.99,85.2075,14.9033,0.1247,86.825,57.5625,15.7329,44.964,276,520.14,42.8876,709.76,12.3,72.281,709.76,343.05,517.55,82.29,358.85,0.1288,599.46,83.46,25.473,72.3264,33.005,4.57,9.584,9.9807,599.46,19.4524,3.9234,2.5988,76.7781,2.5988,0.1289,358.3723,173.529,11.1307,84.585,0.2102,13.3345,343.05,0.199,173.516,540.12,85.0575,57.5625,9.108,0.1314,20.3401,4.57,571.1,287.46,0.1781,0.1314,4.154,66.2187,520,44.964
81.9975,488.99,85.1775,14.9033,0.1249,86.7,57.525,15.7322,44.73,276,519.99,42.9058,709.68,12.3,72.282,709.68,343.02,517.55,82.3275,358.85,0.129,599.52,83.4375,25.2915,72.3271,33.005,4.565,9.593,9.9816,599.52,19.4539,3.9984,2.5986,76.7804,2.5986,0.129,358.4756,173.178,11.1283,84.6,0.2104,13.3352,343.02,0.1993,173.18,539.96,85.0875,57.6,9.1074,0.1316,20.34,4.565,572,287.2125,0.1779,0.1315,4.14,66.2196,520,44.73
82.0275,488.99,85.155,14.9033,0.1248,86.45,57.5625,15.7314,45.102,276,519.9,42.9172,709.84,12.299,72.2813,709.84,343.02,517.55,82.3125,358.85,0.1289,599.7,83.4825,25.1375,72.2771,33,4.5675,9.601,9.9813,599.7,19.4536,4.0969,2.5992,76.7799,2.5992,0.129,358.6133,173.4615,11.1283,84.5625,0.2101,13.3358,343.02,0.1989,173.46,539.8,85.05,57.525,9.1086,0.1316,20.34,4.5675,571.5,287.4375,0.1771,0.1315,4.113,66.2201,520,45.102
82.035,488.99,85.155,14.9033,0.1247,86.525,57.5625,15.7337,45.348,276,519.84,42.9251,709.84,12.302,72.2815,709.84,343.05,517.55,82.3425,358.85,0.1287,599.94,83.505,25.1705,72.2771,33,4.57,9.601,9.9814,599.94,19.4519,4.3906,2.5994,76.7801,2.5994,0.1289,358.5444,173.502,11.1254,84.5175,0.2098,13.3365,343.05,0.1987,173.502,539.68,85.1025,57.525,9.1091,0.1315,20.3399,4.57,571.55,287.01,0.1764,0.1314,4.055,66.2205,520,45.348
82.0425,488.99,85.1325,14.9033,0.1246,86.025,57.6,15.7339,45.528,276,519.81,42.9295,709.92,12.302,72.2811,709.92,343.05,517.55,82.305,358.85,0.1286,600,83.5275,25.264,72.2264,32.995,4.5725,9.6,9.9816,600,19.4514,4.6359,2.6,76.7786,2.6,0.1288,358.1656,173.259,11.1275,84.555,0.2097,13.3372,343.05,0.1985,173.264,539.6,85.125,57.6,9.1096,0.1314,20.3398,4.5725,571.3,286.8075,0.1763,0.1314,4.009,66.2201,520,45.528
82.0125,488.99,85.2,14.9033,0.1245,86.125,57.525,15.7342,45.69,276,519.81,42.9303,710,12.302,72.2806,710,343.08,517.55,82.3125,358.85,0.1286,600.06,83.5725,25.3685,72.2258,32.995,4.575,9.597,9.981,600.06,19.4506,4.0312,2.5996,76.7801,2.5996,0.1287,357.8557,173.4345,11.1276,84.5625,0.2095,13.3378,343.08,0.1983,173.432,539.6,85.1475,57.6,9.1102,0.1313,20.3397,4.575,571.45,287.055,0.1767,0.1313,4.012,66.2196,520,45.69
82.02,488.99,85.155,14.9033,0.1245,86.775,57.5625,15.7344,45.786,276,519.78,42.9348,710,12.302,72.2806,710,343.08,517.55,82.3425,358.85,0.1286,600.06,83.595,25.4565,72.2252,32.995,4.5775,9.594,9.9809,600.06,19.4504,4.0312,2.6002,76.7784,2.6002,0.1287,358.5444,174.0015,11.1277,84.57,0.2095,13.3385,343.08,0.1982,174.006,539.6,85.1025,57.6,9.1108,0.1312,20.3549,4.5775,571.7,287.145,0.1773,0.1312,4.049,66.2195,520,45.786
81.99,488.99,85.2225,14.9033,0.1245,86.475,57.5625,15.7347,45.732,276.05,519.81,42.9319,710,12.302,72.2806,710,343.08,517.55,82.305,358.85,0.1286,600.06,83.625,25.528,72.1739,32.99,4.5775,9.592,9.9808,600.06,19.4501,4.5812,2.5998,76.7796,2.5998,0.1286,358.2689,173.2725,11.1277,84.57,0.2094,13.3392,343.08,0.1983,173.278,539.56,85.1475,57.6,9.1102,0.1312,20.3554,4.5775,571.55,286.5825,0.1778,0.1312,4.096,66.2194,520,45.732
81.9975,488.99,85.1925,14.9033,0.1245,86.2,57.525,15.7349,45.69,276.05,519.78,42.9364,710,12.303,72.2806,710,343.08,517.55,82.29,358.9,0.1286,600.06,83.61,25.55,72.1727,32.99,4.5775,9.591,9.9808,600.06,19.4499,4.5812,2.6002,76.7784,2.6002,0.1286,357.9245,173.907,11.1278,84.5625,0.2096,13.3398,343.08,0.1983,173.908,539.6,85.185,57.525,9.1102,0.1312,20.3558,4.5775,571.4,287.3925,0.1781,0.1312,4.138,66.2201,520,45.69
81.9825,488.99,85.23,14.9033,0.1245,86.4,57.6,15.7352,45.534,276.05,519.81,42.9336,710,12.303,72.2806,710,343.08,517.55,82.2825,358.9,0.1287,600,83.625,25.528,72.222,32.995,4.575,9.591,9.9814,600,19.4504,4.3797,2.5996,76.7804,2.5996,0.1287,358.2689,172.8675,11.1279,84.5625,0.2096,13.3405,343.08,0.1985,172.858,539.56,85.185,57.525,9.1096,0.1313,20.3562,4.575,571.3,286.7175,0.1783,0.1312,4.161,66.2202,520,45.534
82.0125,488.96,85.2225,14.9033,0.1245,86.65,57.5625,15.7354,45.798,276.05,519.78,42.9381,710,12.303,72.2806,710,343.08,517.55,82.275,358.9,0.1286,600.06,83.64,25.473,72.1708,32.99,4.575,9.594,9.9808,600.06,19.4496,4.0703,2.5998,76.7801,2.5998,0.1287,357.959,174.0555,11.128,84.54,0.2095,13.3412,343.08,0.1982,174.062,539.6,85.215,57.5625,9.1096,0.1312,20.3566,4.575,571.85,287.415,0.1779,0.1312,4.167,66.2204,520,45.798
82.0575,488.96,85.2075,14.9119,0.1245,86.925,57.5625,15.7357,45.81,276.05,519.81,42.9352,710,12.303,72.2806,710,343.08,517.55,82.2675,358.9,0.1286,599.94,83.6475,25.517,72.1695,32.99,4.5775,9.591,9.9808,599.94,19.4509,4.0703,2.5998,76.7804,2.5998,0.1286,358.0623,173.421,11.128,84.525,0.2094,13.3418,343.08,0.1982,173.418,539.56,85.1925,57.5625,9.1108,0.1312,20.357,4.5775,571.55,286.83,0.1777,0.1312,4.146,66.2198,520,45.81
82.0875,488.96,85.1925,14.9122,0.1245,86.85,57.6,15.7329,45.786,276.05,519.78,42.9397,710,12.303,72.2806,710,343.08,517.55,82.2375,358.9,0.1286,600.06,83.6775,25.5555,72.1683,32.99,4.5775,9.591,9.9807,600.06,19.4496,4.7609,2.6004,76.7784,2.6004,0.1286,357.7523,174.015,11.1281,84.57,0.2095,13.3425,343.08,0.1982,174.02,539.6,85.23,57.6,9.1113,0.1312,20.3421,4.5775,571.1,286.9425,0.1777,0.1312,4.127,66.2197,520,45.786
82.0425,488.96,85.185,14.9124,0.1245,86.15,57.5625,15.7322,45.612,276.05,519.75,42.9444,710,12.303,72.2806,710,343.08,517.55,82.26,358.9,0.1287,599.88,83.6325,25.55,72.167,32.99,4.575,9.59,9.9813,599.88,19.4516,3.8781,2.6002,76.7786,2.6002,0.1287,358.51,173.88,11.1282,84.5475,0.2097,13.3432,343.08,0.1984,173.88,539.56,85.2,57.6,9.1108,0.1313,20.3421,4.575,571.8,286.7175,0.1779,0.1312,4.129,66.2196,520,45.612
82.02,488.96,85.1625,14.9041,0.1246,86,57.525,15.7314,45.384,276.05,519.72,42.9492,709.92,12.305,72.2813,709.92,343.05,517.52,82.2375,358.9,0.1288,599.94,83.655,25.495,72.1658,32.99,4.5725,9.593,9.9815,599.94,19.4514,4.5922,2.6,76.7791,2.6,0.1288,357.9934,173.529,11.1283,84.5925,0.2098,13.3438,343.05,0.1986,173.53,539.52,85.185,57.5625,9.1096,0.1313,20.342,4.5725,571.85,287.505,0.1782,0.1313,4.145,66.2203,520,45.384
82.0575,488.96,85.1625,14.9041,0.1247,86,57.6,15.7337,45.18,276.05,519.66,42.9578,709.84,12.305,72.282,709.84,343.05,517.52,82.245,358.9,0.1289,599.7,83.6175,25.3905,72.1645,32.99,4.57,9.597,9.9817,599.7,19.4546,3.8797,2.5994,76.7814,2.5994,0.1289,358.6478,173.394,11.1284,84.5925,0.21,13.3445,343.05,0.1988,173.39,539.52,85.1925,57.5625,9.1086,0.1315,20.3419,4.57,571.4,287.46,0.1783,0.1314,4.16,66.2212,520,45.18
82.0575,488.96,85.1625,14.9041,0.1248,86.425,57.6,15.7339,45.138,276.05,519.6,42.9667,709.84,12.305,72.2823,709.84,343.02,517.52,82.305,358.9,0.1289,599.82,83.58,25.275,72.1633,32.99,4.5675,9.602,9.9818,599.82,19.4544,3.8797,2.5992,76.7829,2.5992,0.129,358.5789,173.5695,11.1284,84.5475,0.2101,13.3452,343.02,0.1989,173.558,539.44,85.1475,57.5625,9.1086,0.1315,20.3571,4.5675,571.85,287.5275,0.1781,0.1315,4.159,66.2216,520,45.138
82.02,488.96,85.1925,14.9041,0.1248,86.1,57.5625,15.7342,45.078,276.05,519.57,42.9721,709.84,12.303,72.2825,709.84,343.02,517.52,82.305,358.9,0.1289,599.82,83.61,25.2145,72.162,32.99,4.5675,9.605,9.982,599.82,19.4551,4.1719,2.5992,76.7839,2.5992,0.129,358.0279,173.016,11.1285,84.5475,0.2101,13.3458,343.02,0.1989,173.026,539.4,85.11,57.6,9.1091,0.1316,20.3575,4.5675,571.7,286.8075,0.1778,0.1315,4.136,66.2213,520,45.078
81.9825,488.96,85.245,14.9041,0.1247,86.925,57.5625,15.7344,45.558,276.05,519.6,42.9701,709.84,12.303,72.2828,709.84,343.05,517.52,82.2825,358.9,0.1288,600,83.6475,25.1705,72.1608,32.99,4.57,9.608,9.9822,600,19.4536,4.3641,2.5998,76.7826,2.5998,0.1289,358.5444,173.313,11.1286,84.5325,0.2096,13.3465,343.05,0.1984,173.32,539.36,85.1475,57.6,9.1096,0.1315,20.358,4.57,571.7,286.695,0.1771,0.1314,4.106,66.2215,520,45.558
81.9975,488.96,85.23,14.9041,0.1245,86.9,57.5625,15.7347,45.894,276.05,519.63,42.9679,709.92,12.303,72.2824,709.92,343.08,517.52,82.2375,358.9,0.1286,600.12,83.595,25.297,72.1089,32.985,4.575,9.603,9.9816,600.12,19.4521,4.7875,2.6002,76.7814,2.6002,0.1287,358.4756,174.0015,11.1287,84.5475,0.2094,13.3472,343.08,0.1981,173.992,539.36,85.14,57.525,9.1108,0.1313,20.3584,4.575,571.4,287.1675,0.1767,0.1313,4.066,66.2209,520,45.894
81.9975,488.96,85.26,14.9041,0.1244,86.325,57.6,15.7349,46.026,276.05,519.63,42.9694,710,12.303,72.2819,710,343.11,517.52,82.2,358.9,0.1285,600.3,83.625,25.462,72.107,32.985,4.5775,9.596,9.9815,600.3,19.4494,4.3234,2.6004,76.7804,2.6004,0.1286,357.6835,174.285,11.1287,84.5625,0.2093,13.3478,343.11,0.198,174.286,539.4,85.1625,57.6,9.1113,0.1312,20.3588,4.5775,571.7,287.0325,0.1769,0.1311,4.046,66.2208,520,46.026
81.9975,488.96,85.29,14.9041,0.1243,86.45,57.525,15.7352,46.116,276.1,519.72,42.9596,710.08,12.303,72.2813,710.08,343.11,517.52,82.2,358.95,0.1285,600.18,83.6325,25.594,72.1052,32.985,4.58,9.592,9.9814,600.18,19.4496,4.7469,2.6006,76.7791,2.6006,0.1285,358.3034,173.6775,11.1288,84.5625,0.2091,13.3485,343.11,0.1979,173.67,539.4,85.2,57.525,9.1118,0.1311,20.3592,4.58,571.5,286.785,0.1775,0.131,4.075,66.2207,520,46.116
81.975,488.96,85.245,14.9041,0.1243,86.45,57.525,15.7354,46.206,276.1,519.75,42.957,710.08,12.303,72.2811,710.08,343.14,517.52,82.1925,358.95,0.1284,600.24,83.6175,25.6765,72.1033,32.985,4.5825,9.588,9.9813,600.24,19.4481,4.3453,2.6006,76.7784,2.6006,0.1285,358.0623,173.934,11.1289,84.5775,0.209,13.3492,343.14,0.1978,173.936,539.48,85.1775,57.6375,9.1118,0.131,20.3443,4.5825,571.7,287.055,0.178,0.131,4.127,66.2206,520,46.206
81.99,488.96,85.2675,14.9041,0.1242,86.65,57.525,15.7357,46.236,276.1,519.84,42.9467,710.08,12.303,72.281,710.08,343.14,517.52,82.185,358.95,0.1284,600.12,83.6025,25.7315,72.1014,32.985,4.5825,9.584,9.9813,600.12,19.4486,3.9078,2.6008,76.7769,2.6008,0.1284,358.4411,173.772,11.129,84.615,0.209,13.3498,343.14,0.1978,173.768,539.56,85.1775,57.5625,9.1118,0.131,20.3443,4.5825,571.45,287.1,0.1783,0.131,4.17,66.2206,520,46.236
81.9825,488.96,85.2525,14.9041,0.1242,86.475,57.5625,15.7329,46.236,276.1,519.9,42.9399,710.08,12.303,72.2809,710.08,343.14,517.52,82.155,358.95,0.1284,600.12,83.6175,25.7645,72.1501,32.99,4.5825,9.582,9.9812,600.12,19.4481,3.9078,2.6002,76.7781,2.6002,0.1284,358.4067,173.4345,11.1291,84.63,0.209,13.3505,343.14,0.1978,173.432,539.6,85.1325,57.5625,9.1113,0.131,20.3442,4.5825,571.8,286.92,0.1784,0.131,4.195,66.2205,520,46.236
81.9825,488.96,85.215,14.9041,0.1242,86.875,57.6,15.7322,46.218,276.1,519.96,42.9328,710.08,12.303,72.2808,710.08,343.14,517.52,82.1775,358.95,0.1284,600.06,83.64,25.7755,72.1489,32.99,4.5825,9.58,9.9811,600.06,19.4484,3.9141,2.6002,76.7779,2.6002,0.1284,358.2689,173.799,11.1291,84.5925,0.209,13.3512,343.14,0.1978,173.796,539.72,85.125,57.6375,9.1113,0.131,20.3441,4.5825,571.8,287.1675,0.1785,0.131,4.205,66.2204,520,46.218
82.0275,488.96,85.2075,14.9041,0.1242,86.05,57.5625,15.7314,46.158,276.1,519.99,42.9292,710.08,12.303,72.2807,710.08,343.14,517.52,82.14,358.95,0.1285,600.06,83.61,25.77,72.1476,32.99,4.5825,9.579,9.981,600.06,19.4481,4.0422,2.6002,76.7776,2.6002,0.1284,357.8212,173.907,11.1292,84.5775,0.2091,13.3518,343.14,0.1978,173.908,539.76,85.14,57.6,9.1113,0.131,20.344,4.5825,571.55,286.965,0.1784,0.131,4.206,66.2203,520,46.158
81.99,488.96,85.1775,14.9041,0.1243,86.55,57.6,15.7337,46.068,276.1,519.99,42.9292,710.08,12.303,72.2805,710.08,343.14,517.52,82.1325,358.95,0.1285,600.06,83.565,25.759,72.1464,32.99,4.5825,9.579,9.9809,600.06,19.4479,4.6516,2.6002,76.7774,2.6002,0.1285,357.7179,174.0555,11.1293,84.6075,0.2092,13.3525,343.14,0.1979,174.062,539.76,85.1475,57.5625,9.1113,0.131,20.344,4.5825,572.05,287.325,0.1784,0.131,4.204,66.2202,520,46.068
81.975,488.96,85.1775,14.9041,0.1243,86.225,57.5625,15.7339,45.948,276.1,519.99,42.9292,710.08,12.302,72.2804,710.08,343.11,517.52,82.1475,358.95,0.1285,600,83.565,25.7315,72.1451,32.99,4.58,9.58,9.9809,600,19.4484,4.6516,2.6,76.7779,2.6,0.1285,358.51,173.664,11.1294,84.6225,0.2093,13.3532,343.11,0.198,173.656,539.76,85.1325,57.5625,9.1108,0.1311,20.3439,4.58,571.95,286.74,0.1784,0.131,4.201,66.2201,520,45.948
81.9825,488.96,85.2075,14.9041,0.1244,86.375,57.525,15.7342,45.834,276.1,520.02,42.9255,710.08,12.302,72.2803,710.08,343.11,517.52,82.14,358.95,0.1286,599.94,83.5275,25.682,72.1945,32.995,4.58,9.581,9.9808,599.94,19.4491,3.9719,2.6,76.7779,2.6,0.1286,357.7523,173.205,11.1295,84.645,0.2093,13.3538,343.11,0.1982,173.194,539.8,85.155,57.6,9.1108,0.1311,20.3438,4.58,572,287.2125,0.1784,0.1311,4.198,66.2201,520,45.834
82.0275,488.96,85.17,14.9041,0.1245,86.7,57.6,15.7344,45.72,276.1,520.05,42.9217,710,12.302,72.2808,710,343.11,517.52,82.1925,359,0.1286,599.88,83.52,25.6215,72.1939,32.995,4.5775,9.583,9.9807,599.88,19.4501,4.5906,2.5998,76.7786,2.5998,0.1286,358.5789,172.9485,11.1295,84.675,0.2094,13.3545,343.11,0.1983,172.956,539.8,85.1475,57.5625,9.1108,0.1312,20.3437,4.5775,571.95,287.4375,0.1783,0.1311,4.189,66.22,520,45.72
81.99,488.96,85.1925,14.9041,0.1245,86.425,57.5625,15.7347,45.642,276.1,520.02,42.9253,710,12.302,72.2808,710,343.08,517.52,82.2225,359,0.1287,599.88,83.5125,25.5555,72.1933,32.995,4.575,9.586,9.9814,599.88,19.4506,4.5906,2.5998,76.7789,2.5998,0.1287,358.2345,173.4075,11.1296,84.66,0.2095,13.3552,343.08,0.1983,173.404,539.84,85.1475,57.5625,9.1102,0.1312,20.3437,4.575,571.85,287.4375,0.1781,0.1312,4.177,66.2199,520,45.642
81.99,488.96,85.1475,14.9041,0.1246,86.3,57.6,15.7349,45.516,276.1,519.96,42.9327,709.92,12.302,72.2814,709.92,343.08,517.52,82.2225,359,0.1287,599.82,83.4975,25.5005,72.1926,32.995,4.575,9.588,9.9815,599.82,19.4519,4.0359,2.5996,76.7799,2.5996,0.1287,357.7868,173.691,11.1297,84.6225,0.2097,13.3558,343.08,0.1985,173.698,539.8,85.1325,57.5625,9.1102,0.1313,20.3436,4.575,571.7,286.65,0.178,0.1313,4.161,66.2198,520,45.516
82.005,488.96,85.17,14.9041,0.1247,86.15,57.5625,15.7352,45.33,276.1,519.87,42.9441,709.92,12.302,72.2815,709.92,343.05,517.52,82.185,359,0.1288,599.94,83.5125,25.44,72.192,32.995,4.5725,9.592,9.9817,599.94,19.4511,4.4344,2.5994,76.7811,2.5994,0.1288,358.3723,174.042,11.1298,84.6525,0.2099,13.3565,343.05,0.1987,174.034,539.76,85.1325,57.6,9.1091,0.1314,20.3435,4.5725,571.25,286.65,0.178,0.1314,4.148,66.2205,520,45.33
82.0425,488.93,85.1925,14.9041,0.1248,86.925,57.6,15.7354,45.078,276.15,519.78,42.9559,709.84,12.302,72.2823,709.84,343.05,517.52,82.2,359,0.1289,599.82,83.5125,25.363,72.1914,32.995,4.57,9.596,9.9819,599.82,19.4529,4.4344,2.5992,76.7826,2.5992,0.1289,357.7179,173.4885,11.1298,84.6225,0.2101,13.3572,343.05,0.1989,173.488,539.64,85.08,57.6,9.1086,0.1315,20.3587,4.57,571.65,286.6725,0.1781,0.1314,4.141,66.2214,520,45.078
82.065,488.93,85.23,14.9041,0.1248,86.975,57.6,15.7357,44.982,276.15,519.69,42.9681,709.84,12.302,72.2825,709.84,343.02,517.52,82.26,359,0.129,599.76,83.5275,25.253,72.1401,32.99,4.5675,9.602,9.982,599.76,19.4544,4.3656,2.5992,76.7836,2.5992,0.129,358.4756,173.6235,11.1299,84.66,0.2102,13.3578,343.02,0.199,173.628,539.56,85.0575,57.525,9.108,0.1316,20.3591,4.5675,571.7,287.055,0.1779,0.1315,4.136,66.2218,520,44.982
82.08,488.93,85.2,14.9041,0.1249,86.3,57.5625,15.7329,44.88,276.15,519.57,42.9844,709.76,12.302,72.2834,709.76,343.02,517.52,82.245,359,0.129,599.76,83.475,25.1595,72.1389,32.99,4.565,9.606,9.9822,599.76,19.4554,4.0297,2.5996,76.7831,2.5996,0.1291,357.7179,173.5695,11.13,84.69,0.2103,13.3585,343.02,0.1991,173.572,539.48,85.08,57.6,9.1091,0.1316,20.3595,4.565,572.05,286.6725,0.1777,0.1316,4.12,66.2215,520,44.88
82.11,488.93,85.2375,14.9041,0.1249,86.4,57.6,15.7322,44.892,276.15,519.54,42.9899,709.76,12.302,72.2838,709.76,342.99,517.49,82.2375,359,0.129,599.76,83.49,25.088,72.1376,32.99,4.5625,9.61,9.9824,599.76,19.4564,4.0297,2.5994,76.7844,2.5994,0.1291,358.5444,173.1375,11.1301,84.72,0.2102,13.3592,342.99,0.1991,173.138,539.36,85.125,57.525,9.1091,0.1317,20.36,4.5625,571.4,287.235,0.1774,0.1316,4.096,66.2216,520,44.892
82.1025,488.93,85.2525,14.9041,0.1248,86.075,57.5625,15.7314,45.408,276.15,519.57,42.988,709.84,12.302,72.2835,709.84,343.02,517.49,82.2675,359,0.1288,599.94,83.445,25.0605,72.0858,32.985,4.5675,9.613,9.9825,599.94,19.4551,4.7797,2.5998,76.7836,2.5998,0.129,357.6835,172.9485,11.1302,84.6975,0.2098,13.3598,343.02,0.1986,172.942,539.32,85.125,57.6,9.1096,0.1315,20.3604,4.5675,571.7,287.4375,0.1768,0.1315,4.072,66.2218,520,45.408
82.095,488.93,85.2225,14.9041,0.1246,86.975,57.6,15.7337,45.858,276.15,519.6,42.9859,709.92,12.302,72.2832,709.92,343.05,517.49,82.26,359,0.1286,600.24,83.4,25.2035,72.0839,32.985,4.5725,9.607,9.9819,600.24,19.4516,4.7797,2.6,76.7831,2.6,0.1288,358.3378,173.853,11.1265,84.6975,0.2094,13.3605,343.05,0.1982,173.852,539.36,85.125,57.6,9.1108,0.1314,20.3608,4.5725,571.55,286.8075,0.1764,0.1314,4.037,66.2212,520,45.858
82.0725,488.93,85.2825,14.9041,0.1244,86.7,57.5625,15.7339,46.11,276.15,519.63,42.9838,710,12.302,72.2827,710,343.11,517.49,82.2825,359.05,0.1285,600.36,83.4225,25.407,72.082,32.985,4.5775,9.599,9.9819,600.36,19.4491,4.6922,2.6004,76.7816,2.6004,0.1286,357.8557,174.1905,11.1253,84.7125,0.2092,13.3612,343.11,0.1979,174.188,539.36,85.1325,57.6,9.1113,0.1312,20.3612,4.5775,572.05,286.785,0.1767,0.1311,4.023,66.2211,520,46.11
82.0875,488.93,85.2675,14.9041,0.1243,86.75,57.6,15.7342,46.308,276.15,519.72,42.974,710.08,12.302,72.282,710.08,343.14,517.49,82.275,359.05,0.1284,600.42,83.4675,25.594,72.0801,32.985,4.5825,9.592,9.9818,600.42,19.4469,4.1109,2.6006,76.7804,2.6006,0.1285,357.7523,173.6775,11.1241,84.6525,0.209,13.3618,343.14,0.1977,173.684,539.4,85.0875,57.6,9.1118,0.131,20.3616,4.5825,571.7,287.325,0.1773,0.131,4.056,66.2211,520,46.308
82.0275,488.93,85.2375,14.9041,0.1242,86.825,57.6,15.7344,46.482,276.15,519.84,42.9601,710.16,12.302,72.2813,710.16,343.14,517.49,82.305,359.05,0.1283,600.36,83.49,25.7425,72.0783,32.985,4.585,9.586,9.9809,600.36,19.4459,4.5703,2.6008,76.7789,2.6008,0.1283,358.2,173.8395,11.1267,84.6,0.2088,13.3625,343.14,0.1975,173.838,539.52,85.125,57.6,9.1118,0.1309,20.3468,4.585,571.85,286.8075,0.1779,0.1309,4.116,66.2202,520,46.482
82.0575,488.93,85.275,14.9041,0.1241,86.7,57.525,15.7347,46.602,276.15,519.96,42.9457,710.16,12.302,72.281,710.16,343.17,517.49,82.2825,359.05,0.1283,600.24,83.4675,25.8525,72.0764,32.985,4.5875,9.579,9.9806,600.24,19.4459,4.5703,2.601,76.7771,2.601,0.1283,358.5789,173.5965,11.1268,84.555,0.2086,13.3632,343.17,0.1974,173.6,539.64,85.095,57.6,9.1124,0.1308,20.3467,4.5875,571.15,286.605,0.1783,0.1308,4.169,66.2199,520,46.602
82.0275,488.93,85.23,14.9041,0.124,86.275,57.6,15.7349,46.68,276.15,520.08,42.9309,710.24,12.302,72.2802,710.24,343.17,517.49,82.2375,359.05,0.1282,600.24,83.4825,25.935,72.0745,32.985,4.59,9.574,9.9803,600.24,19.4449,4.8109,2.6012,76.7751,2.6012,0.1282,358.2689,173.6235,11.1306,84.5475,0.2086,13.3638,343.17,0.1973,173.628,539.76,85.125,57.5625,9.1129,0.1308,20.3466,4.59,571.55,287.19,0.1785,0.1307,4.205,66.2196,520,46.68
82.0575,488.93,85.245,14.9041,0.124,86.825,57.5625,15.7352,46.704,276.15,520.2,42.9155,710.24,12.302,72.2798,710.24,343.17,517.49,82.2075,359.05,0.1282,600.3,83.52,25.9955,72.1232,32.99,4.59,9.57,9.9799,600.3,19.4431,4.7641,2.6006,76.7759,2.6006,0.1282,358.1312,173.475,11.1282,84.5025,0.2085,13.3645,343.17,0.1973,173.474,539.88,85.1175,57.6,9.1124,0.1307,20.3465,4.59,571.75,286.6275,0.1786,0.1307,4.226,66.2192,520,46.704
82.065,488.93,85.2075,14.9041,0.124,86.775,57.525,15.7354,46.698,276.15,520.29,42.9034,710.24,12.302,72.2794,710.24,343.17,517.49,82.1925,359.05,0.1282,600.3,83.4825,26.023,72.122,32.99,4.59,9.567,9.9796,600.3,19.4419,4.8016,2.6008,76.7744,2.6008,0.1282,358.3378,173.691,11.1283,84.54,0.2086,13.3652,343.17,0.1973,173.698,540,85.11,57.5625,9.1118,0.1307,20.3464,4.59,571.5,287.3025,0.1787,0.1307,4.237,66.2196,520,46.698
82.08,488.93,85.2525,14.9041,0.124,86.425,57.5625,15.7357,46.65,276.15,520.35,42.8947,710.24,12.302,72.279,710.24,343.2,517.49,82.185,359.05,0.1282,600.12,83.5275,26.045,72.1714,32.995,4.5925,9.565,9.9793,600.12,19.4429,3.9703,2.6008,76.7734,2.6008,0.1282,358.0279,173.6505,11.1246,84.5625,0.2086,13.3658,343.2,0.1973,173.642,540.08,85.14,57.525,9.1118,0.1307,20.3464,4.5925,571.55,287.19,0.1787,0.1307,4.243,66.2196,520,46.65
82.08,488.93,85.2975,14.9041,0.124,86.5,57.525,15.7329,46.578,276.15,520.44,42.8821,710.08,12.302,72.2799,710.08,343.17,517.49,82.185,359.05,0.1282,600.06,83.5425,26.045,72.1707,32.995,4.59,9.564,9.9797,600.06,19.4431,3.9703,2.6006,76.7731,2.6006,0.1282,358.3723,173.2995,11.1272,84.5625,0.2086,13.3665,343.17,0.1974,173.292,540.16,85.17,57.6375,9.1118,0.1307,20.3463,4.59,571.45,287.19,0.1787,0.1307,4.246,66.2195,520,46.578
82.0875,488.93,85.275,14.9041,0.124,86.75,57.5625,15.7322,46.5,276.2,520.44,42.8803,710.08,12.302,72.2798,710.08,343.17,517.49,82.23,359.05,0.1282,600.06,83.4975,26.0285,72.1701,32.995,4.59,9.563,9.9796,600.06,19.4429,4.325,2.6002,76.7739,2.6002,0.1282,358.51,173.9475,11.1273,84.555,0.2087,13.3672,343.17,0.1975,173.95,540.24,85.1325,57.5625,9.1113,0.1308,20.3462,4.59,571.25,286.5825,0.1787,0.1307,4.246,66.2194,520,46.5
82.0875,488.93,85.245,14.9041,0.124,86.2,57.5625,15.7314,46.368,276.2,520.47,42.8747,710.08,12.302,72.2797,710.08,343.17,517.49,82.29,359.05,0.1283,600,83.49,26.001,72.2201,33,4.59,9.563,9.9795,600,19.4434,4.325,2.6,76.7744,2.6,0.1283,358.2,173.7585,11.1311,84.5175,0.2089,13.3678,343.17,0.1976,173.768,540.28,85.1025,57.6,9.1113,0.1308,20.3461,4.59,571.4,287.3925,0.1786,0.1308,4.241,66.2193,520,46.368
82.0575,488.93,85.215,14.9041,0.1241,86.2,57.5625,15.7337,46.212,276.2,520.44,42.8766,710,12.302,72.2802,710,343.17,517.49,82.3275,359.1,0.1283,599.94,83.4675,25.957,72.2201,33,4.5875,9.565,9.9802,599.94,19.4441,3.9688,2.6,76.7744,2.6,0.1283,358.51,173.6235,11.1287,84.4875,0.209,13.3685,343.17,0.1978,173.628,540.28,85.095,57.525,9.1108,0.1309,20.3461,4.5875,571.3,286.8975,0.1786,0.1308,4.235,66.2192,520,46.212
82.065,488.93,85.2075,14.9041,0.1242,86.95,57.5625,15.7339,46.05,276.2,520.41,42.8786,710,12.302,72.2802,710,343.14,517.52,82.3575,359.1,0.1284,599.88,83.445,25.8855,72.2201,33,4.585,9.567,9.9804,599.88,19.4451,4.4078,2.5998,76.7751,2.5998,0.1284,358.1656,173.8665,11.1288,84.45,0.2092,13.3692,343.14,0.1979,173.866,540.28,85.125,57.525,9.1102,0.1309,20.346,4.585,571.7,286.83,0.1785,0.1309,4.226,66.2191,520,46.05
82.02,488.93,85.26,14.9041,0.1243,86.075,57.525,15.7342,45.858,276.2,520.35,42.8844,709.92,12.302,72.2808,709.92,343.14,517.52,82.3875,359.1,0.1285,599.82,83.415,25.803,72.2201,33,4.5825,9.57,9.9805,599.82,19.4464,4.7984,2.5996,76.7761,2.5996,0.1285,357.7523,173.5965,11.1251,84.4275,0.2094,13.3698,343.14,0.1981,173.6,540.2,85.1025,57.525,9.1096,0.131,20.3459,4.5825,571.5,287.505,0.1784,0.131,4.214,66.219,520,45.858
81.9675,488.93,85.2825,14.9041,0.1244,86.2,57.5625,15.7344,45.606,276.2,520.29,42.8905,710,12.301,72.2803,710,343.11,517.52,82.41,359.1,0.1286,599.7,83.415,25.7095,72.2708,33.005,4.5775,9.575,9.9807,599.7,19.4486,4.0656,2.5994,76.7774,2.5994,0.1286,357.9245,173.2185,11.1277,84.48,0.2095,13.3705,343.11,0.1984,173.208,540.16,85.125,57.525,9.1096,0.1311,20.3458,4.5775,571.85,287.0325,0.1784,0.1311,4.198,66.2197,520,45.606
81.9375,488.93,85.275,14.9041,0.1245,86.025,57.6375,15.7347,45.39,276.2,520.2,42.9006,710,12.301,72.2803,710,343.08,517.52,82.38,359.1,0.1287,599.76,83.43,25.583,72.2714,33.005,4.575,9.58,9.9809,599.76,19.4491,4.0656,2.5996,76.7774,2.5996,0.1287,357.7868,173.475,11.1277,84.5175,0.2098,13.3712,343.08,0.1986,173.474,540.12,85.1175,57.525,9.1096,0.1313,20.3458,4.575,572,287.1,0.1782,0.1312,4.183,66.2199,520,45.39
81.975,488.96,85.2675,14.9041,0.1247,86.7,57.6,15.7349,45.162,276.2,520.11,42.9111,709.92,12.301,72.2809,709.92,343.05,517.52,82.3275,359.1,0.1288,599.7,83.4375,25.4565,72.2214,33,4.5725,9.586,9.981,599.7,19.4509,4.6703,2.5994,76.7786,2.5994,0.1288,358.5444,173.124,11.1278,84.5625,0.21,13.3718,343.05,0.1988,173.124,540,85.095,57.6,9.1091,0.1314,20.3457,4.5725,571.85,287.415,0.178,0.1314,4.164,66.22,520,45.162
81.96,488.96,85.2825,14.9041,0.1247,86.75,57.6,15.7352,45.282,276.2,520.05,42.9182,709.92,12.301,72.281,709.92,343.05,517.52,82.305,359.1,0.1288,599.76,83.46,25.33,72.2214,33,4.57,9.593,9.9812,599.76,19.4514,4.1516,2.5994,76.7794,2.5994,0.1289,357.7868,173.286,11.1279,84.5475,0.2098,13.3725,343.05,0.1987,173.292,539.92,85.0875,57.5625,9.1091,0.1314,20.3456,4.57,571.6,286.5375,0.1776,0.1314,4.141,66.2202,520,45.282
81.915,488.96,85.335,14.9041,0.1247,86.3,57.525,15.7354,45.354,276.2,519.96,42.9292,709.92,12.301,72.2812,709.92,343.05,517.52,82.305,359.1,0.1288,599.76,83.4975,25.308,72.2214,33,4.57,9.595,9.9814,599.76,19.4524,4.1516,2.5994,76.7801,2.5994,0.1288,358.1312,173.7315,11.128,84.5475,0.2098,13.3732,343.05,0.1986,173.74,539.84,85.0725,57.5625,9.1091,0.1314,20.3455,4.57,571.55,287.1,0.1772,0.1314,4.104,66.2204,520,45.354
81.9075,488.96,85.3725,14.9041,0.1247,86.5,57.6,15.7357,45.342,276.2,519.87,42.9407,709.92,12.302,72.2813,709.92,343.05,517.52,82.2975,359.15,0.1287,599.94,83.475,25.319,72.2214,33,4.5725,9.596,9.9815,599.94,19.4511,4.3812,2.5994,76.7809,2.5994,0.1288,358.3378,173.8125,11.1281,84.585,0.2099,13.3738,343.05,0.1987,173.81,539.76,85.065,57.5625,9.1096,0.1314,20.3455,4.5725,571.65,287.0325,0.1771,0.1314,4.073,66.2206,520,45.342
81.8925,488.96,85.3875,14.9041,0.1247,86.75,57.525,15.7329,45.27,276.2,519.78,42.9525,709.92,12.302,72.2814,709.92,343.05,517.52,82.29,359.15,0.1288,599.88,83.505,25.33,72.1707,32.995,4.57,9.598,9.9817,599.88,19.4521,4.1937,2.5994,76.7816,2.5994,0.1289,358.1656,173.826,11.1281,84.6,0.21,13.3745,343.05,0.1987,173.824,539.68,85.11,57.6,9.1096,0.1314,20.3454,4.57,572,286.6275,0.1773,0.1314,4.068,66.2207,520,45.27
81.945,488.93,85.4325,14.9041,0.1247,86.825,57.5625,15.7322,45.168,276.25,519.72,42.9609,709.84,12.302,72.2822,709.84,343.05,517.52,82.3275,359.15,0.1288,599.82,83.5275,25.308,72.1701,32.995,4.57,9.6,9.9819,599.82,19.4534,4.0844,2.5998,76.7809,2.5998,0.1289,358.6133,173.502,11.1282,84.6075,0.21,13.3752,343.05,0.1988,173.502,539.56,85.0875,57.6,9.1096,0.1315,20.3453,4.57,571.15,287.4825,0.1776,0.1314,4.084,66.2209,520,45.168
81.9075,488.93,85.425,14.9041,0.1248,86.925,57.5625,15.7314,45.09,276.25,519.66,42.9695,709.84,12.302,72.2824,709.84,343.02,517.52,82.3575,359.15,0.1289,599.82,83.4975,25.264,72.1695,32.995,4.5675,9.603,9.982,599.82,19.4541,4.3891,2.5998,76.7811,2.5998,0.129,357.7179,173.232,11.1283,84.615,0.2101,13.3758,343.02,0.1989,173.236,539.52,85.0425,57.525,9.1096,0.1315,20.3452,4.5675,571.95,286.9425,0.1778,0.1315,4.102,66.2211,520,45.09
81.8625,488.93,85.365,14.9041,0.1248,86.675,57.6,15.7337,45.336,276.25,519.63,42.9747,709.84,12.302,72.2827,709.84,343.05,517.52,82.395,359.15,0.1288,599.88,83.475,25.2145,72.1689,32.995,4.57,9.605,9.9822,599.88,19.4541,4.5,2.5998,76.7814,2.5998,0.1289,358.5789,173.475,11.1284,84.63,0.2098,13.3765,343.05,0.1987,173.474,539.44,84.9975,57.5625,9.1096,0.1315,20.3451,4.57,571.8,286.92,0.1775,0.1314,4.109,66.2212,520,45.336
81.885,488.93,85.3575,14.9041,0.1247,86.825,57.525,15.7339,45.498,276.25,519.6,42.9799,709.92,12.302,72.2823,709.92,343.05,517.49,82.4175,359.15,0.1288,599.94,83.5125,25.264,72.1176,32.99,4.57,9.604,9.9824,599.94,19.4539,4.6234,2.6,76.7809,2.6,0.1288,358.6133,173.961,11.1284,84.6675,0.2098,13.3772,343.05,0.1985,173.964,539.44,85.0275,57.525,9.1102,0.1314,20.3451,4.57,571.25,287.325,0.1772,0.1314,4.093,66.2214,520,45.498
81.87,488.93,85.3425,14.9041,0.1246,86.275,57.6,15.7342,45.528,276.25,519.6,42.9815,709.92,12.302,72.2824,709.92,343.05,517.49,82.3725,359.15,0.1287,600,83.5275,25.3355,72.1163,32.99,4.5725,9.602,9.9825,600,19.4534,4.7125,2.6,76.7809,2.6,0.1288,358.0279,173.6235,11.1285,84.6225,0.2097,13.3778,343.05,0.1985,173.628,539.4,85.0125,57.6,9.1102,0.1314,20.345,4.5725,571.75,286.5825,0.1773,0.1314,4.077,66.2216,520,45.528
81.84,488.93,85.3425,14.9041,0.1246,86.475,57.6,15.7344,45.528,276.25,519.57,42.9869,709.92,12.303,72.2825,709.92,343.05,517.49,82.365,359.15,0.1287,600,83.565,25.385,72.1151,32.99,4.5725,9.601,9.9827,600,19.4534,4.6766,2.6,76.7809,2.6,0.1288,358.0279,174.177,11.1286,84.615,0.2098,13.3785,343.05,0.1985,174.174,539.4,85.065,57.6,9.1108,0.1313,20.3449,4.5725,571.7,287.1225,0.1776,0.1313,4.085,66.221,520,45.528
81.855,488.93,85.32,14.9127,0.1247,86.275,57.525,15.7347,45.402,276.25,519.54,42.9924,709.92,12.303,72.2826,709.92,343.05,517.49,82.4025,359.2,0.1288,599.94,83.5575,25.4015,72.1138,32.99,4.5725,9.6,9.9829,599.94,19.4541,4.475,2.6,76.7809,2.6,0.1288,358.0279,173.9745,11.1287,84.6675,0.2098,13.3792,343.05,0.1986,173.978,539.36,85.0425,57.6,9.1102,0.1314,20.3448,4.5725,572.05,287.415,0.1779,0.1314,4.107,66.2216,520,45.402
81.8775,488.93,85.365,14.913,0.1247,86.45,57.525,15.7349,45.228,276.25,519.48,43.0624,709.84,12.303,72.2834,709.84,343.05,517.49,82.425,359.2,0.1289,599.88,83.535,25.374,72.1126,32.99,4.57,9.602,9.983,599.88,19.4551,4.3625,2.5998,76.7816,2.5998,0.1289,358.0623,173.9205,11.1288,84.69,0.2101,13.3798,343.05,0.1988,173.922,539.32,85.02,57.5625,9.1102,0.1314,20.3448,4.57,571.55,286.8075,0.1782,0.1314,4.133,66.2218,535,45.228
81.9,488.93,85.32,14.9133,0.1248,86.35,57.5625,15.7352,45.03,276.25,519.42,43.1326,709.84,12.303,72.2836,709.84,343.02,517.49,82.4025,359.2,0.129,599.82,83.55,25.297,72.1113,32.99,4.5675,9.605,9.9832,599.82,19.4564,4.4172,2.5996,76.7826,2.5996,0.129,358.4756,173.6775,11.1288,84.645,0.2102,13.3805,343.02,0.199,173.67,539.24,84.9975,57.5625,9.1096,0.1315,20.3447,4.5675,571.7,287.235,0.1783,0.1315,4.149,66.222,535,45.03
81.9075,488.93,85.2975,14.9049,0.1249,86.35,57.5625,15.7354,44.904,276.25,519.36,43.2031,709.76,12.305,72.2845,709.76,343.02,517.49,82.425,359.2,0.129,599.76,83.565,25.187,72.1101,32.99,4.565,9.609,9.9834,599.76,19.4579,4.1594,2.5994,76.7839,2.5994,0.1291,357.9934,173.8125,11.1289,84.615,0.2103,13.3812,343.02,0.1991,173.824,539.2,84.9825,57.6,9.1091,0.1316,20.3446,4.565,571.7,287.505,0.1782,0.1316,4.149,66.2221,535,44.904
81.9375,488.93,85.3275,14.9049,0.125,86.275,57.6,15.7357,44.772,276.25,519.33,43.27,709.76,12.305,72.2849,709.76,342.99,517.49,82.4025,359.2,0.1291,599.88,83.535,25.0935,72.1088,32.99,4.5625,9.613,9.9843,599.88,19.4574,4.1469,2.5994,76.7846,2.5994,0.1292,358.2,173.2995,11.129,84.6225,0.2104,13.3818,342.99,0.1992,173.292,539.12,84.96,57.5625,9.1086,0.1317,20.3445,4.5625,571.65,287.4375,0.1779,0.1317,4.131,66.2223,535,44.772
81.93,488.93,85.35,14.9049,0.1249,86.625,57.6,15.7329,45.294,276.25,519.36,43.3296,709.76,12.305,72.2853,709.76,343.02,517.49,82.3575,359.2,0.1289,600.06,83.5725,25.0055,72.057,32.985,4.565,9.618,9.9839,600.06,19.4556,4.3625,2.5996,76.7846,2.5996,0.1291,358.0279,173.6505,11.1291,84.6375,0.2099,13.3825,343.02,0.1987,173.656,539.08,84.99,57.5625,9.1091,0.1316,20.3445,4.565,572,287.01,0.1772,0.1316,4.106,66.2225,535,45.294
81.8925,488.93,85.2975,14.9049,0.1247,86.525,57.5625,15.7322,45.654,276.3,519.45,43.3815,709.92,12.303,72.2844,709.92,343.05,517.49,82.32,359.2,0.1287,600.18,83.535,25.132,72.0551,32.985,4.57,9.613,9.9841,600.18,19.4539,4.3109,2.5998,76.7844,2.5998,0.1289,357.9934,173.691,11.1292,84.675,0.2096,13.3832,343.05,0.1984,173.684,539.12,84.9975,57.6,9.1096,0.1314,20.3444,4.57,571.55,287.01,0.1767,0.1314,4.06,66.2226,535,45.654
81.93,488.9,85.2675,14.9049,0.1245,86.675,57.525,15.7314,45.984,276.3,519.63,43.4218,710,12.303,72.2839,710,343.08,517.46,82.365,359.2,0.1286,600.3,83.5575,25.308,72.0532,32.985,4.575,9.606,9.9835,600.3,19.4516,3.9937,2.6002,76.7831,2.6002,0.1287,358.1312,173.3265,11.1292,84.6375,0.2092,13.3838,343.08,0.198,173.32,539.24,84.975,57.5625,9.1108,0.1313,20.3443,4.575,571.25,287.1,0.1769,0.1313,4.037,66.2221,535,45.984
81.9,488.9,85.2525,14.9049,0.1244,86.6,57.5625,15.7337,46.314,276.3,519.81,43.4613,710.24,12.303,72.282,710.24,343.11,517.46,82.3575,359.2,0.1285,600.42,83.505,25.4895,72.0007,32.98,4.58,9.599,9.9834,600.42,19.4489,4.7828,2.6006,76.7814,2.6006,0.1285,358.4411,173.8125,11.1293,84.6225,0.209,13.3845,343.11,0.1977,173.824,539.4,84.9975,57.6,9.1113,0.1311,20.3442,4.58,571.25,287.3925,0.1775,0.131,4.066,66.222,535,46.314
81.885,488.9,85.26,14.9049,0.1242,86.6,57.525,15.7339,46.578,276.3,520.02,43.4964,710.16,12.303,72.2823,710.16,343.14,517.46,82.305,359.2,0.1284,600.36,83.4675,25.671,72.0489,32.985,4.585,9.59,9.9826,600.36,19.4479,3.9984,2.6008,76.7799,2.6008,0.1284,358.5444,174.069,11.1294,84.6225,0.2087,13.3852,343.14,0.1974,174.062,539.6,85.035,57.6,9.1124,0.1309,20.3442,4.585,571.8,287.4375,0.1782,0.1309,4.124,66.2212,535,46.578
81.9375,488.9,85.26,14.9049,0.124,86.725,57.5625,15.7342,46.776,276.3,520.26,43.5269,710.24,12.303,72.2814,710.24,343.17,517.46,82.335,359.2,0.1283,600.48,83.4975,25.836,72.047,32.985,4.59,9.583,9.9823,600.48,19.4449,4.5109,2.601,76.7781,2.601,0.1283,358.0967,173.4885,11.1295,84.66,0.2084,13.3858,343.17,0.1972,173.488,539.8,85.0575,57.525,9.1129,0.1308,20.3441,4.59,571.65,287.37,0.1788,0.1308,4.189,66.2208,535,46.776
81.93,488.9,85.305,14.9049,0.1239,86.975,57.5625,15.7344,46.95,276.3,520.53,43.5526,710.24,12.303,72.281,710.24,343.2,517.46,82.3275,359.2,0.1282,600.36,83.5425,25.968,72.0957,32.99,4.5925,9.575,9.9819,600.36,19.4444,4.5109,2.6012,76.7761,2.6012,0.1281,357.8212,173.853,11.1295,84.6825,0.2083,13.3865,343.2,0.197,173.852,540.08,85.0875,57.5625,9.1129,0.1307,20.344,4.5925,571.85,286.6725,0.1792,0.1306,4.246,66.2205,535,46.95
81.8925,488.9,85.275,14.9049,0.1239,86.625,57.6,15.7347,47.058,276.3,520.83,43.5735,710.32,12.303,72.28,710.32,343.2,517.49,82.2825,359.25,0.1282,600.42,83.565,26.0725,72.0945,32.99,4.595,9.568,9.9816,600.42,19.4421,4.7766,2.601,76.7754,2.601,0.128,357.6835,173.016,11.1296,84.7125,0.2081,13.3872,343.2,0.1969,173.012,540.32,85.125,57.525,9.1129,0.1306,20.3439,4.595,571.8,287.19,0.1796,0.1306,4.289,66.2201,535,47.058
81.8625,488.9,85.3125,14.9049,0.1238,86.425,57.5625,15.7349,47.19,276.3,521.1,43.5969,710.32,12.303,72.2795,710.32,343.23,517.49,82.2975,359.25,0.1281,600.3,83.5875,26.166,72.1438,32.995,4.5975,9.563,9.9813,600.3,19.4419,4.1891,2.601,76.7741,2.601,0.1279,358.2689,173.5965,11.1297,84.675,0.208,13.3878,343.23,0.1968,173.586,540.64,85.095,57.525,9.1129,0.1305,20.3439,4.5975,571.45,286.5825,0.1798,0.1305,4.322,66.2191,535,47.19
81.87,488.93,85.32,14.9049,0.1237,86.55,57.5625,15.7352,47.268,276.3,521.4,43.6155,710.4,12.302,72.2784,710.4,343.23,517.49,82.3125,359.25,0.128,600.36,83.5725,26.2485,72.1938,33,4.6,9.556,9.9802,600.36,19.4399,4.1891,2.6012,76.7721,2.6012,0.1279,357.959,173.1375,11.1298,84.705,0.2078,13.3885,343.23,0.1967,173.138,540.92,85.065,57.525,9.1135,0.1304,20.3438,4.6,571.75,287.1225,0.18,0.1304,4.346,66.2185,535,47.268
81.9,488.93,85.35,14.9049,0.1236,86.6,57.6,15.7354,47.346,276.3,521.67,43.6366,710.4,12.302,72.2778,710.4,343.26,517.49,82.275,359.25,0.128,600.36,83.565,26.331,72.2445,33.005,4.6,9.551,9.9796,600.36,19.4384,4.8312,2.6014,76.7699,2.6014,0.1278,358.51,173.1375,11.1299,84.7275,0.2078,13.3892,343.26,0.1966,173.138,541.24,85.0875,57.6,9.114,0.1304,20.3437,4.6,571.05,287.3025,0.1801,0.1303,4.366,66.2179,535,47.346
81.945,488.93,85.3725,14.9049,0.1236,86.9,57.5625,15.7357,47.4,276.3,521.91,43.6604,710.32,12.302,72.2778,710.32,343.26,517.49,82.29,359.25,0.128,600.36,83.6025,26.3915,72.2957,33.01,4.6025,9.546,9.979,600.36,19.4369,4.8312,2.601,76.7696,2.601,0.1277,358.4411,173.6235,11.1299,84.765,0.2078,13.3898,343.26,0.1966,173.614,541.52,85.0725,57.5625,9.1129,0.1303,20.3436,4.6025,571.55,286.965,0.1803,0.1303,4.384,66.2181,535,47.4
81.9,488.93,85.395,14.9049,0.1235,86.75,57.525,15.7329,47.406,276.3,522.15,43.6833,710.32,12.302,72.2773,710.32,343.26,517.52,82.29,359.25,0.1279,600.24,83.5875,26.452,72.3476,33.015,4.605,9.541,9.9784,600.24,19.4369,4.6,2.601,76.7684,2.601,0.1277,358.5789,173.583,11.13,84.735,0.2078,13.3905,343.26,0.1966,173.586,541.8,85.05,57.5625,9.1129,0.1303,20.3435,4.605,571.95,287.0775,0.1804,0.1302,4.4,66.2177,535,47.406
81.9525,488.96,85.4325,14.9049,0.1235,86.775,57.6375,15.7322,47.37,276.3,522.33,43.7126,710.32,12.302,72.2768,710.32,343.29,517.52,82.3275,359.25,0.1279,600.24,83.5425,26.496,72.4001,33.02,4.605,9.538,9.9786,600.24,19.4359,4.3906,2.6006,76.7686,2.6006,0.1277,358.2345,173.8395,11.1301,84.6825,0.2078,13.3912,343.29,0.1966,173.838,542,85.02,57.5625,9.1129,0.1303,20.3435,4.605,571.85,286.6725,0.1806,0.1302,4.415,66.2174,535,47.37
81.96,488.96,85.3725,14.9049,0.1235,86.325,57.6,15.7314,47.28,276.3,522.48,43.745,710.32,12.301,72.2763,710.32,343.29,517.55,82.3425,359.25,0.1279,600.18,83.5125,26.5125,72.4532,33.025,4.605,9.535,9.9783,600.18,19.4356,4.7953,2.6006,76.7679,2.6006,0.1277,357.8557,173.988,11.1302,84.6975,0.2079,13.3918,343.29,0.1967,173.992,542.2,85.0425,57.5625,9.1129,0.1303,20.3434,4.605,571.6,287.3925,0.1807,0.1302,4.43,66.2171,535,47.28
81.9825,488.96,85.38,14.9049,0.1235,86.5,57.5625,15.7337,47.142,276.3,522.63,43.7768,710.32,12.301,72.2757,710.32,343.26,517.55,82.2975,359.25,0.128,600.12,83.5125,26.5015,72.507,33.03,4.6025,9.534,9.9779,600.12,19.4356,3.975,2.6004,76.7679,2.6004,0.1277,358.4067,173.8935,11.1265,84.6825,0.2081,13.3925,343.26,0.1968,173.894,542.4,85.035,57.6,9.1124,0.1303,20.3433,4.6025,571.55,287.0775,0.1809,0.1302,4.442,66.2167,535,47.142
81.9975,488.99,85.4175,14.9049,0.1236,86.525,57.5625,15.7339,46.968,276.35,522.75,43.8118,710.32,12.301,72.2752,710.32,343.26,517.58,82.305,359.25,0.1281,600.06,83.5125,26.463,72.5614,33.035,4.6025,9.535,9.9784,600.06,19.4359,3.975,2.6004,76.7674,2.6004,0.1278,357.9245,173.88,11.1253,84.6975,0.2082,13.3932,343.26,0.197,173.88,542.52,85.065,57.6,9.1124,0.1304,20.3432,4.6025,570.9,286.695,0.1811,0.1303,4.452,66.2164,535,46.968
82.005,488.99,85.3875,14.9049,0.1237,86.9,57.5625,15.7342,46.77,276.35,522.87,43.8463,710.24,12.301,72.2754,710.24,343.23,517.58,82.305,359.3,0.1281,600,83.5425,26.397,72.6164,33.04,4.6,9.536,9.9783,600,19.4364,4.6094,2.6002,76.7676,2.6002,0.1279,357.959,173.5425,11.1242,84.675,0.2084,13.3938,343.23,0.1972,173.53,542.64,85.0275,57.5625,9.1118,0.1304,20.3432,4.6,571.5,286.875,0.1811,0.1304,4.456,66.2161,535,46.77
81.99,489.02,85.35,14.9049,0.1238,86.85,57.6,15.7344,46.572,276.35,522.96,43.884,710.16,12.301,72.2756,710.16,343.23,517.61,82.305,359.3,0.1282,599.94,83.5425,26.3145,72.672,33.045,4.5975,9.539,9.9782,599.94,19.4371,4.6094,2.6,76.7681,2.6,0.128,358.0967,173.502,11.1267,84.66,0.2086,13.3945,343.23,0.1974,173.502,542.76,85.065,57.5625,9.1113,0.1305,20.3431,4.5975,571,286.7625,0.1811,0.1305,4.455,66.2157,535,46.572
82.035,489.02,85.3425,14.9049,0.1239,86.9,57.6,15.7347,46.368,276.35,523.02,43.9251,710.16,12.301,72.2754,710.16,343.2,517.61,82.3575,359.3,0.1283,599.82,83.5275,26.21,72.7282,33.05,4.5925,9.543,9.9781,599.82,19.4389,4.3438,2.5998,76.7689,2.5998,0.1281,358.51,173.583,11.1268,84.66,0.2088,13.3952,343.2,0.1976,173.586,542.88,85.0425,57.5625,9.1108,0.1306,20.343,4.5925,571.3,286.65,0.1811,0.1306,4.447,66.2161,535,46.368
81.99,489.05,85.32,14.9049,0.124,86,57.6,15.7349,46.152,276.35,523.05,43.9698,710.08,12.301,72.2757,710.08,343.17,517.64,82.3875,359.3,0.1284,599.76,83.49,26.1,72.7851,33.055,4.59,9.548,9.9788,599.76,19.4404,4.2734,2.5996,76.7699,2.5996,0.1282,358.0623,173.7045,11.1306,84.6675,0.209,13.3958,343.17,0.1978,173.698,542.92,85.02,57.5625,9.1108,0.1308,20.3429,4.59,571.4,286.875,0.181,0.1307,4.436,66.2161,535,46.152
82.035,489.05,85.275,14.9049,0.1241,86.55,57.5625,15.7352,45.936,276.35,523.08,44.0143,710,12.301,72.2762,710,343.17,517.64,82.395,359.3,0.1285,599.7,83.49,25.99,72.8426,33.06,4.5875,9.553,9.9789,599.7,19.4421,4.5219,2.5994,76.7711,2.5994,0.1283,358.1312,173.1915,11.1282,84.6525,0.2092,13.3965,343.17,0.198,173.194,542.96,84.99,57.6,9.1102,0.1309,20.3429,4.5875,571.1,287.3025,0.181,0.1309,4.422,66.216,535,45.936
82.005,489.08,85.2375,14.9049,0.1242,86.425,57.5625,15.7354,45.75,276.35,523.11,44.0587,710,12.301,72.2762,710,343.14,517.67,82.395,359.3,0.1286,599.64,83.52,25.869,72.8501,33.06,4.5825,9.56,9.9791,599.64,19.4441,4.2375,2.5992,76.7726,2.5992,0.1284,358.1656,173.502,11.1283,84.645,0.2094,13.3972,343.14,0.1982,173.502,543,85.02,57.525,9.1096,0.131,20.3428,4.5825,571.5,286.8075,0.1808,0.131,4.408,66.2159,535,45.75
81.9675,489.08,85.2675,14.9049,0.1244,86.15,57.6,15.7357,45.564,276.35,523.08,44.1105,709.92,12.301,72.2769,709.92,343.11,517.67,82.3575,359.3,0.1287,599.7,83.5275,25.7535,72.9082,33.065,4.58,9.565,9.9793,599.7,19.4449,4.1922,2.599,76.7744,2.599,0.1285,357.959,173.448,11.1246,84.6375,0.2096,13.3978,343.11,0.1984,173.446,543,85.0425,57.525,9.1091,0.1311,20.3427,4.58,571.3,286.9875,0.1807,0.131,4.391,66.2166,535,45.564
81.9525,489.11,85.23,14.9049,0.1245,86.6,57.5625,15.7329,45.396,276.35,523.05,44.1624,709.84,12.302,72.2776,709.84,343.08,517.7,82.35,359.3,0.1288,599.64,83.5275,25.6435,72.9163,33.065,4.5775,9.572,9.9802,599.64,19.4469,4.8422,2.5994,76.7741,2.5994,0.1286,358.4411,173.988,11.1272,84.66,0.2098,13.3985,343.08,0.1986,173.992,543,85.0275,57.525,9.1096,0.1312,20.3426,4.5775,571.15,286.74,0.1806,0.1312,4.374,66.2167,535,45.396
81.96,489.11,85.2,14.9049,0.1246,86.7,57.5625,15.7322,45.21,276.35,522.99,44.2182,709.84,12.302,72.2779,709.84,343.08,517.7,82.3125,359.3,0.1289,599.58,83.4825,25.539,72.9751,33.07,4.575,9.578,9.9806,599.58,19.4491,4.8422,2.5992,76.7756,2.5992,0.1287,357.649,173.8935,11.1273,84.6075,0.21,13.3992,343.08,0.1988,173.894,542.96,85.08,57.525,9.1086,0.1313,20.3426,4.575,571.4,286.65,0.1806,0.1313,4.359,66.2169,535,45.21
81.96,489.14,85.185,14.9049,0.1247,86.55,57.6,15.7314,45.03,276.35,522.93,44.2743,709.76,12.302,72.2787,709.76,343.05,517.73,82.32,359.35,0.129,599.52,83.49,25.44,72.9838,33.07,4.5725,9.584,9.981,599.52,19.4516,4.5484,2.599,76.7774,2.599,0.1288,357.5113,174.0825,11.1311,84.6,0.2102,13.3998,343.05,0.199,174.076,542.92,85.08,57.5625,9.1086,0.1314,20.3425,4.5725,571.25,287.3025,0.1806,0.1314,4.347,66.2171,535,45.03
82.0125,489.14,85.215,14.9049,0.1248,86.75,57.5625,15.7337,44.85,276.35,522.87,44.3305,709.68,12.303,72.2797,709.68,343.02,517.73,82.3125,359.35,0.1291,599.58,83.46,25.3355,72.9926,33.07,4.5675,9.591,9.9814,599.58,19.4529,3.9109,2.5988,76.7794,2.5988,0.1289,357.8901,173.7315,11.1287,84.5625,0.2104,13.4005,343.02,0.1991,173.726,542.84,85.095,57.6,9.108,0.1315,20.3424,4.5675,570.9,287.19,0.1806,0.1314,4.337,66.218,535,44.85
82.0275,489.17,85.245,14.9049,0.1249,86.125,57.6,15.7339,44.718,276.4,522.87,44.3796,709.68,12.303,72.2803,709.68,343.02,517.76,82.26,359.35,0.1292,599.52,83.4525,25.231,73.0014,33.07,4.565,9.597,9.9819,599.52,19.4554,3.9109,2.599,76.7801,2.599,0.1291,357.6146,173.1105,11.1288,84.5325,0.2105,13.4012,343.02,0.1993,173.11,542.8,85.125,57.5625,9.108,0.1316,20.3423,4.565,571.3,286.5375,0.1805,0.1316,4.328,66.2184,535,44.718
81.9825,489.17,85.2675,14.9049,0.1249,86.9,57.525,15.7342,44.814,276.4,522.9,44.4248,709.6,12.303,72.2814,709.6,343.02,517.76,82.3125,359.35,0.1292,599.7,83.49,25.1375,73.0607,33.075,4.565,9.603,9.9823,599.7,19.4551,4.3719,2.599,76.7814,2.599,0.1291,357.8557,173.016,11.1259,84.5625,0.2103,13.4018,343.02,0.1992,173.012,542.76,85.11,57.5625,9.108,0.1316,20.3422,4.565,570.85,286.965,0.1803,0.1316,4.318,66.2188,535,44.814
82.02,489.2,85.305,14.9136,0.1249,86.825,57.525,15.7344,44.97,276.4,522.93,44.4699,709.68,12.304,72.2814,709.68,343.02,517.79,82.275,359.35,0.1292,599.76,83.5275,25.1155,73.0701,33.075,4.565,9.605,9.9819,599.76,19.4556,4.3719,2.599,76.7826,2.599,0.1291,357.5457,173.2995,11.1279,84.5475,0.2102,13.4025,343.02,0.1991,173.306,542.8,85.065,57.525,9.108,0.1316,20.3422,4.565,571.55,286.65,0.1801,0.1316,4.3,66.2192,535,44.97
82.005,489.2,85.335,14.9138,0.1248,86.525,57.5625,15.7347,45.132,276.4,523.02,44.5074,709.84,12.305,72.2806,709.84,343.02,517.79,82.29,359.35,0.1291,600,83.535,25.154,73.0795,33.075,4.5675,9.606,9.9821,600,19.4536,3.9828,2.5998,76.7809,2.5998,0.129,358.3378,173.2185,11.128,84.5175,0.2101,13.4032,343.02,0.1989,173.222,542.84,85.02,57.6,9.1091,0.1315,20.3421,4.5675,571.35,286.9425,0.1801,0.1315,4.284,66.2197,535,45.132
81.99,489.23,85.2975,14.9141,0.1247,86.225,57.5625,15.7349,45.312,276.4,523.11,44.5446,709.84,12.305,72.2809,709.84,343.05,517.82,82.2825,359.35,0.129,600.06,83.5575,25.2255,73.0889,33.075,4.57,9.605,9.9823,600.06,19.4529,4.775,2.5998,76.7811,2.5998,0.1289,358.0967,173.583,11.1281,84.57,0.2099,13.4038,343.05,0.1987,173.586,542.92,85.065,57.525,9.1096,0.1315,20.342,4.57,571.75,286.695,0.1802,0.1314,4.285,66.2201,535,45.312
81.945,489.23,85.305,14.9144,0.1246,86.225,57.6,15.7352,45.48,276.4,523.2,44.5813,709.92,12.308,72.2805,709.92,343.05,517.82,82.2375,359.35,0.129,600.12,83.5425,25.308,73.0982,33.075,4.5725,9.602,9.9824,600.12,19.4519,4.2109,2.6,76.7806,2.6,0.1288,358.2,174.042,11.1282,84.5775,0.2098,13.4045,343.05,0.1986,174.048,543.04,85.02,57.525,9.1096,0.1314,20.3419,4.5725,571.1,286.875,0.1804,0.1314,4.302,66.2197,535,45.48
81.945,489.26,85.3425,14.9147,0.1245,86.9,57.5625,15.7354,45.612,276.4,523.35,44.6102,710,12.308,72.28,710,343.08,517.85,82.23,359.35,0.1289,600,83.52,25.4015,73.1076,33.075,4.575,9.599,9.9826,600,19.4529,4.2109,2.6002,76.7799,2.6002,0.1287,358.4756,173.2725,11.1282,84.54,0.2096,13.4052,343.08,0.1984,173.278,543.12,85.0725,57.6,9.1102,0.1313,20.3419,4.575,570.75,286.92,0.1808,0.1313,4.329,66.2199,535,45.612
81.9225,489.26,85.35,14.9149,0.1245,86.975,57.5625,15.7357,45.756,276.4,523.44,44.646,710,12.308,72.28,710,343.08,517.85,82.215,359.35,0.1289,600.06,83.5125,25.484,73.1676,33.08,4.5775,9.596,9.982,600.06,19.4521,4.5234,2.6002,76.7796,2.6002,0.1287,358.0967,174.2175,11.1283,84.5175,0.2096,13.4165,343.08,0.1983,174.216,543.28,85.095,57.6,9.1108,0.1312,20.3418,4.5775,571.15,286.515,0.1811,0.1312,4.361,66.2193,535,45.756
81.975,489.29,85.3725,14.9152,0.1244,86.775,57.6,15.7329,45.828,276.4,523.56,44.6777,710,12.309,72.28,710,343.11,517.88,82.2525,359.35,0.1288,600.06,83.5275,25.5555,73.1776,33.08,4.5775,9.592,9.9819,600.06,19.4519,4.4203,2.6004,76.7786,2.6004,0.1286,357.6146,174.015,11.1284,84.5625,0.2095,13.4178,343.11,0.1982,174.02,543.36,85.1325,57.5625,9.1108,0.1312,20.3417,4.5775,571.15,287.325,0.1814,0.1311,4.39,66.22,535,45.828
81.9375,489.29,85.365,14.9155,0.1244,86.825,57.525,15.7322,45.87,276.4,523.71,44.7051,709.92,12.309,72.2806,709.92,343.11,517.91,82.245,359.35,0.1288,600.12,83.5125,25.6215,73.2382,33.085,4.58,9.589,9.9819,600.12,19.4509,4.6,2.6,76.7796,2.6,0.1286,357.7523,173.853,11.1285,84.555,0.2094,13.4192,343.11,0.1982,173.852,543.52,85.14,57.525,9.1102,0.1311,20.3416,4.58,571.4,287.0775,0.1817,0.1311,4.418,66.2202,535,45.87
81.99,489.32,85.38,14.9158,0.1244,86,57.6375,15.7314,45.888,276.4,523.86,44.732,709.92,12.31,72.2807,709.92,343.11,517.91,82.29,359.4,0.1288,600.12,83.5125,25.66,73.2995,33.09,4.58,9.587,9.9818,600.12,19.4504,4.3719,2.6,76.7796,2.6,0.1285,357.6146,174.015,11.1286,84.5625,0.2094,13.4205,343.11,0.1982,174.02,543.64,85.0875,57.525,9.1102,0.1311,20.3416,4.58,570.75,286.9875,0.1819,0.131,4.443,66.2203,535,45.888
81.945,489.32,85.4175,14.9161,0.1244,86.825,57.525,15.7337,45.876,276.45,523.98,44.7619,709.92,12.311,72.2809,709.92,343.11,517.94,82.335,359.4,0.1288,600.12,83.5275,25.6765,73.3108,33.09,4.58,9.585,9.9817,600.12,19.4499,4.5797,2.6,76.7796,2.6,0.1285,357.4768,174.0285,11.1286,84.5475,0.2094,13.4218,343.11,0.1982,174.02,543.8,85.125,57.6,9.1102,0.1311,20.3415,4.58,571.4,287.235,0.1821,0.131,4.464,66.2205,535,45.876
81.9675,489.35,85.395,14.9163,0.1244,86.8,57.6,15.7339,45.84,276.45,524.1,44.7914,710.08,12.311,72.2797,710.08,343.11,517.97,82.35,359.45,0.1289,600.06,83.52,25.693,73.3726,33.095,4.58,9.584,9.9816,600.06,19.4501,4.5281,2.6,76.7796,2.6,0.1285,358.0623,174.042,11.1287,84.6,0.2095,13.4232,343.11,0.1982,174.048,543.92,85.08,57.525,9.1113,0.1311,20.3414,4.58,571.6,287.01,0.1823,0.131,4.481,66.2199,535,45.84
81.9675,489.35,85.3725,14.9252,0.1244,86.675,57.6,15.7342,45.786,276.5,524.22,44.8204,710.08,12.312,72.2796,710.08,343.11,517.97,82.3575,359.45,0.1289,600.06,83.4825,25.693,73.4351,33.1,4.58,9.583,9.9815,600.06,19.4499,4.3922,2.6,76.7796,2.6,0.1285,357.8557,173.8665,11.1288,84.5775,0.2095,13.4245,343.11,0.1983,173.866,544.04,85.1025,57.6,9.1108,0.1311,20.3413,4.58,571.55,286.47,0.1824,0.131,4.495,66.2198,535,45.786
81.975,489.38,85.3725,14.9258,0.1244,86.575,57.6,15.7344,45.726,276.5,524.31,44.8527,710,12.312,72.2801,710,343.11,518,82.35,359.5,0.1289,599.88,83.5275,25.6765,73.4982,33.105,4.58,9.583,9.9814,599.88,19.4519,4.55,2.6,76.7796,2.6,0.1286,357.9934,173.907,11.1289,84.585,0.2096,13.4258,343.11,0.1983,173.908,544.16,85.095,57.525,9.1108,0.1311,20.3413,4.58,571.5,286.965,0.1825,0.1311,4.505,66.2197,535,45.726
82.0125,489.41,85.35,14.9263,0.1244,86.875,57.5625,15.7347,45.654,276.5,524.46,44.8771,709.84,12.312,72.2814,709.84,343.11,518.03,82.3275,359.5,0.1289,600,83.475,25.6545,73.562,33.11,4.5775,9.584,9.9821,600,19.4509,4.7391,2.5998,76.7804,2.5998,0.1286,358.2345,173.178,11.1289,84.5775,0.2096,13.4272,343.11,0.1984,173.18,544.28,85.0725,57.5625,9.1096,0.1312,20.3412,4.5775,570.95,287.28,0.1826,0.1311,4.511,66.2204,535,45.654
82.02,489.41,85.3875,14.9183,0.1245,86.4,57.6,15.7349,45.624,276.5,524.58,44.9047,709.84,12.314,72.2816,709.84,343.08,518.03,82.2825,359.5,0.129,599.82,83.505,25.6215,73.5757,33.11,4.5775,9.584,9.9823,599.82,19.4531,3.9031,2.5998,76.7806,2.5998,0.1286,358.0967,173.475,11.129,84.6075,0.2096,13.4285,343.08,0.1984,173.474,544.44,85.1175,57.5625,9.1096,0.1312,20.3411,4.5775,571.05,287.055,0.1826,0.1311,4.514,66.2206,535,45.624
81.9975,489.44,85.35,14.9185,0.1245,86.3,57.525,15.7352,45.594,276.55,524.7,44.9318,710,12.314,72.2806,710,343.08,518.06,82.2975,359.5,0.129,600,83.4975,25.5885,73.6401,33.115,4.5775,9.585,9.9824,600,19.4516,4.5938,2.5998,76.7809,2.5998,0.1286,357.9934,173.2725,11.1291,84.6075,0.2096,13.4298,343.08,0.1984,173.278,544.56,85.0725,57.6,9.1096,0.1312,20.341,4.5775,571.6,286.9875,0.1826,0.1312,4.512,66.2207,535,45.594
82.05,489.47,85.305,14.9188,0.1245,86.225,57.6,15.7354,45.57,276.55,524.76,44.9659,710,12.314,72.2806,710,343.08,518.09,82.2975,359.55,0.129,600,83.52,25.572,73.7051,33.12,4.5775,9.586,9.9826,600,19.4516,4.5938,2.6002,76.7796,2.6002,0.1287,358.2,174.1365,11.1292,84.63,0.2098,13.4312,343.08,0.1985,174.132,544.68,85.095,57.525,9.1108,0.1312,20.341,4.5775,570.8,286.7625,0.1826,0.1312,4.51,66.2202,535,45.57
82.0275,489.5,85.2825,14.9191,0.1245,86.2,57.5625,15.7357,45.504,276.55,524.85,44.996,710,12.313,72.2806,710,343.08,518.12,82.2975,359.55,0.129,599.94,83.5425,25.561,73.7201,33.12,4.5775,9.586,9.9828,599.94,19.4524,4.3172,2.6002,76.7794,2.6002,0.1287,358.2345,173.7855,11.1293,84.5775,0.2098,13.4325,343.08,0.1985,173.782,544.76,85.08,57.6,9.1108,0.1312,20.3409,4.5775,570.8,287.235,0.1826,0.1312,4.509,66.2201,535,45.504
82.05,489.5,85.305,14.9194,0.1245,86.775,57.5625,15.7329,45.438,276.55,524.91,45.0295,710,12.313,72.2806,710,343.08,518.15,82.3275,359.55,0.129,599.94,83.4975,25.55,73.7857,33.125,4.575,9.587,9.9829,599.94,19.4526,4.5141,2.6002,76.7791,2.6002,0.1287,357.959,173.826,11.1293,84.6,0.2098,13.4338,343.08,0.1986,173.824,544.84,85.1175,57.525,9.1108,0.1313,20.3408,4.575,570.9,286.7625,0.1828,0.1312,4.512,66.22,535,45.438
82.08,489.53,85.335,14.9283,0.1246,86.575,57.5625,15.7322,45.372,276.55,524.97,45.0627,709.92,12.313,72.2812,709.92,343.08,518.15,82.3125,359.6,0.1291,599.88,83.4975,25.5225,73.8014,33.125,4.575,9.589,9.9831,599.88,19.4536,3.9812,2.5996,76.7811,2.5996,0.1287,357.9934,173.772,11.1294,84.555,0.2099,13.4352,343.08,0.1987,173.782,544.88,85.1025,57.6,9.1102,0.1313,20.3407,4.575,571.4,287.1,0.1828,0.1313,4.515,66.2199,535,45.372
82.035,489.56,85.38,14.9288,0.1246,86.2,57.5625,15.7314,45.3,276.6,525.03,45.0957,709.92,12.314,72.2814,709.92,343.08,518.18,82.3275,359.6,0.1291,599.88,83.4825,25.4895,73.8676,33.13,4.5725,9.59,9.9833,599.88,19.4541,4.5234,2.5996,76.7816,2.5996,0.1288,357.8901,173.799,11.1295,84.54,0.21,13.4365,343.08,0.1988,173.81,544.96,85.0875,57.5625,9.1102,0.1313,20.3406,4.5725,571.35,287.1675,0.1828,0.1313,4.518,66.2198,535,45.3
81.9975,489.59,85.38,14.9294,0.1246,86.3,57.6,15.7337,45.234,276.6,525.09,45.1285,709.92,12.314,72.2815,709.92,343.05,518.21,82.335,359.6,0.1292,599.82,83.4675,25.4565,73.9345,33.135,4.5725,9.592,9.9834,599.82,19.4554,4.075,2.5996,76.7821,2.5996,0.1288,357.6146,173.583,11.1296,84.5175,0.2101,13.4378,343.05,0.1988,173.586,545.04,85.095,57.6,9.1091,0.1314,20.3406,4.5725,570.85,286.605,0.1829,0.1314,4.518,66.2205,535,45.234
82.035,489.59,85.395,14.9213,0.1247,86.6,57.6,15.7339,45.174,276.6,525.12,45.1648,709.92,12.316,72.2816,709.92,343.05,518.24,82.3725,359.6,0.1292,599.82,83.52,25.4125,73.9513,33.135,4.5725,9.594,9.9836,599.82,19.4561,4.8047,2.6,76.7811,2.6,0.1288,358.0279,173.907,11.1296,84.54,0.2102,13.4392,343.05,0.1989,173.908,545.08,85.14,57.5625,9.1096,0.1314,20.3405,4.5725,570.9,286.4925,0.1829,0.1314,4.518,66.2207,535,45.174
81.99,489.62,85.335,14.9216,0.1247,86.825,57.525,15.7342,45.108,276.6,525.18,45.1972,709.92,12.316,72.2817,709.92,343.05,518.27,82.32,359.65,0.1292,599.82,83.55,25.374,74.0189,33.14,4.57,9.595,9.9838,599.82,19.4569,4.8047,2.5998,76.7819,2.5998,0.1289,357.7523,173.7585,11.1297,84.585,0.2102,13.4405,343.05,0.199,173.768,545.12,85.1625,57.6,9.1091,0.1314,20.3404,4.57,571.4,286.9875,0.1829,0.1314,4.516,66.2208,535,45.108
81.9975,489.65,85.38,14.9219,0.1248,86,57.5625,15.7344,45.042,276.6,525.24,45.2293,709.84,12.316,72.2825,709.84,343.05,518.27,82.35,359.65,0.1293,599.94,83.58,25.3355,74.0364,33.14,4.57,9.597,9.9839,599.94,19.4561,4.1609,2.5998,76.7821,2.5998,0.1289,357.3735,173.5965,11.1298,84.5625,0.2102,13.4418,343.05,0.199,173.6,545.2,85.17,57.6,9.1096,0.1315,20.3403,4.57,571.35,286.4025,0.1829,0.1314,4.515,66.221,535,45.042
81.96,489.68,85.3875,14.9308,0.1248,86.85,57.5625,15.7347,45,276.6,525.3,45.2613,709.84,12.316,72.2827,709.84,343.02,518.3,82.35,359.65,0.1293,599.94,83.595,25.3025,74.1045,33.145,4.5675,9.599,9.9841,599.94,19.4564,4.7859,2.5998,76.7824,2.5998,0.1289,358.2345,173.475,11.1299,84.5625,0.2102,13.4432,343.02,0.1991,173.474,545.24,85.185,57.5625,9.1096,0.1315,20.3403,4.5675,571.5,287.1675,0.183,0.1314,4.515,66.2212,535,45
81.9225,489.71,85.3725,14.9313,0.1248,86.1,57.525,15.7349,44.976,276.6,525.36,45.2929,709.84,12.316,72.283,709.84,343.02,518.33,82.3275,359.65,0.1293,599.88,83.55,25.2695,74.1226,33.145,4.5675,9.601,9.9843,599.88,19.4574,4.0812,2.5998,76.7826,2.5998,0.129,357.5801,173.556,11.13,84.5475,0.2103,13.4445,343.02,0.1991,173.558,545.28,85.2,57.6,9.1096,0.1315,20.3402,4.5675,570.85,287.145,0.183,0.1315,4.513,66.2213,535,44.976
81.915,489.71,85.3875,14.9319,0.1248,86.8,57.525,15.7352,44.964,276.65,525.39,45.3281,709.84,12.316,72.2832,709.84,343.02,518.36,82.365,359.65,0.1293,599.88,83.5875,25.2475,74.1408,33.145,4.5675,9.603,9.9844,599.88,19.4579,4.0812,2.5996,76.7836,2.5996,0.129,357.8557,173.6235,11.13,84.525,0.2103,13.4458,343.02,0.1991,173.628,545.36,85.155,57.6,9.1096,0.1315,20.3401,4.5675,571.3,287.1,0.183,0.1315,4.511,66.2215,535,44.964
81.9075,489.74,85.395,14.9324,0.1248,86,57.6,15.7354,44.952,276.65,525.45,45.3594,709.84,12.319,72.2835,709.84,343.02,518.39,82.3125,359.7,0.1293,599.88,83.6175,25.2255,74.2095,33.15,4.5675,9.604,9.9846,599.88,19.4584,3.9516,2.5996,76.7841,2.5996,0.129,357.9934,173.7855,11.1301,84.5625,0.2104,13.4472,343.02,0.1991,173.796,545.4,85.14,57.525,9.1096,0.1316,20.34,4.5675,570.8,287.1,0.183,0.1315,4.511,66.2217,535,44.952
81.9075,489.77,85.38,14.933,0.1248,86.825,57.5625,15.7357,44.94,276.65,525.48,45.3943,709.84,12.319,72.2837,709.84,343.02,518.42,82.305,359.7,0.1294,599.88,83.655,25.2145,74.2282,33.15,4.5675,9.605,9.9855,599.88,19.4589,4.5187,2.5996,76.7846,2.5996,0.129,358.2,173.799,11.1302,84.585,0.2104,13.4485,343.02,0.1991,173.796,545.48,85.185,57.6,9.1096,0.1316,20.34,4.5675,571.2,286.4025,0.183,0.1315,4.512,66.2218,535,44.94
81.9,489.8,85.3875,14.9335,0.1248,86.7,57.5625,15.7329,44.934,276.65,525.6,45.4177,709.84,12.319,72.284,709.84,343.02,518.45,82.3425,359.7,0.1294,599.88,83.6775,25.209,74.2976,33.155,4.5675,9.606,9.9859,599.88,19.4594,4.5187,2.5996,76.7851,2.5996,0.129,357.408,172.989,11.1273,84.5625,0.2103,13.4498,343.02,0.1991,172.998,545.52,85.2,57.5625,9.1096,0.1316,20.3399,4.5675,571.35,286.9875,0.1831,0.1315,4.516,66.222,535,44.934
81.9375,489.83,85.3725,14.9341,0.1248,86.825,57.6,15.7322,44.982,276.65,525.63,45.4519,709.84,12.319,72.2842,709.84,343.02,518.45,82.3575,359.7,0.1294,599.88,83.6325,25.2035,74.317,33.155,4.5675,9.606,9.9856,599.88,19.4599,4.6984,2.5996,76.7856,2.5996,0.129,358.1312,174.015,11.1264,84.5775,0.2104,13.4512,343.02,0.1991,174.02,545.64,85.1475,57.5625,9.1096,0.1316,20.3398,4.5675,570.7,286.2675,0.1831,0.1315,4.52,66.2222,535,44.982
81.93,489.83,85.3575,14.9347,0.1248,86.1,57.5625,15.7314,44.994,276.65,525.75,45.4747,709.84,12.32,72.2845,709.84,343.02,518.48,82.3875,359.7,0.1294,599.88,83.5875,25.2035,74.3364,33.155,4.5675,9.606,9.9858,599.88,19.4604,4.5875,2.5996,76.7861,2.5996,0.129,358.0967,173.3805,11.1254,84.5625,0.2103,13.4525,343.02,0.1991,173.376,545.68,85.1025,57.525,9.1096,0.1316,20.3397,4.5675,570.9,286.56,0.1832,0.1315,4.523,66.2223,535,44.994
81.9225,489.86,85.3125,14.9352,0.1248,86.825,57.6,15.7337,45.036,276.65,525.84,45.5009,709.84,12.32,72.2848,709.84,343.02,518.51,82.4175,359.75,0.1294,599.94,83.6175,25.2255,74.4064,33.16,4.5675,9.606,9.9859,599.94,19.4601,4.2125,2.6002,76.7844,2.6002,0.129,357.8901,173.3535,11.1275,84.585,0.2102,13.4538,343.02,0.1991,173.362,545.76,85.095,57.5625,9.1102,0.1315,20.3397,4.5675,570.45,286.425,0.1833,0.1315,4.528,66.2225,535,45.036
81.8925,489.89,85.2975,14.9358,0.1248,86.325,57.5625,15.7339,45.102,276.7,525.93,45.5266,709.84,12.32,72.285,709.84,343.02,518.54,82.44,359.75,0.1293,599.94,83.6025,25.2365,74.4264,33.16,4.5675,9.605,9.9854,599.94,19.4604,4.2125,2.6002,76.7841,2.6002,0.129,357.8212,173.3265,11.1276,84.63,0.2102,13.4552,343.02,0.199,173.334,545.88,85.0725,57.6,9.1102,0.1315,20.3549,4.5675,571.45,286.245,0.1833,0.1315,4.535,66.2227,535,45.102
81.885,489.92,85.2825,14.9363,0.1248,86.75,57.6,15.7342,45.168,276.7,526.02,45.552,709.84,12.321,72.2853,709.84,343.05,518.57,82.4475,359.75,0.1293,600.12,83.6325,25.264,74.497,33.165,4.57,9.604,9.9853,600.12,19.4584,4.4453,2.6002,76.7839,2.6002,0.1289,358.1312,173.8125,11.1277,84.675,0.2102,13.4565,343.05,0.1989,173.81,545.96,85.0425,57.525,9.1102,0.1315,20.3553,4.57,570.9,286.9425,0.1834,0.1314,4.542,66.2228,535,45.168
81.915,489.95,85.3275,14.9369,0.1247,86.175,57.525,15.7344,45.216,276.7,526.14,45.5732,709.84,12.322,72.2855,709.84,343.05,518.6,82.485,359.75,0.1293,600.12,83.61,25.297,74.5176,33.165,4.57,9.603,9.9852,600.12,19.4579,4.1844,2.5998,76.7851,2.5998,0.1289,357.8901,173.5425,11.1277,84.63,0.2101,13.4578,343.05,0.1989,173.544,546.08,85.0275,57.5625,9.1096,0.1314,20.3557,4.57,570.6,286.4025,0.1835,0.1314,4.549,66.223,535,45.216
81.885,489.98,85.365,14.9374,0.1247,86.7,57.6,15.7347,45.27,276.7,526.23,45.5977,710,12.322,72.2845,710,343.05,518.63,82.4175,359.75,0.1293,600.18,83.6025,25.3355,74.5383,33.165,4.57,9.601,9.9851,600.18,19.4566,3.9516,2.6,76.7846,2.6,0.1289,358.0623,173.8935,11.1278,84.6375,0.2101,13.4592,343.05,0.1988,173.894,546.16,85.0575,57.5625,9.1102,0.1314,20.3561,4.57,571.3,286.7175,0.1837,0.1314,4.561,66.2232,535,45.27
81.87,490.01,85.365,14.938,0.1247,86.725,57.5625,15.7349,45.294,276.7,526.29,45.6257,710.08,12.323,72.2839,710.08,343.05,518.66,82.365,359.75,0.1293,600,83.565,25.363,74.6095,33.17,4.5725,9.599,9.985,600,19.4581,4.4594,2.6,76.7846,2.6,0.1288,357.4424,174.1365,11.1279,84.63,0.2101,13.4605,343.05,0.1988,174.132,546.28,85.0875,57.6,9.1108,0.1314,20.3565,4.5725,570.95,286.515,0.1838,0.1314,4.572,66.2233,535,45.294
81.8925,490.01,85.3425,14.9385,0.1247,86.6,57.5625,15.7352,45.294,276.7,526.44,45.6421,710.08,12.323,72.2838,710.08,343.05,518.69,82.365,359.8,0.1292,600,83.565,25.396,74.6307,33.17,4.5725,9.598,9.9849,600,19.4581,4.0062,2.6004,76.7831,2.6004,0.1288,357.3391,173.313,11.128,84.66,0.21,13.4618,343.05,0.1988,173.306,546.36,85.1325,57.5625,9.1113,0.1314,20.3417,4.5725,570.9,287.055,0.1839,0.1314,4.585,66.2235,535,45.294
81.855,490.04,85.3125,14.9391,0.1246,86.2,57.6,15.7354,45.33,276.7,526.53,45.6654,709.92,12.323,72.2849,709.92,343.05,518.72,82.335,359.8,0.1292,600,83.565,25.4125,74.7026,33.175,4.5725,9.597,9.9849,600,19.4581,4.0062,2.6,76.7841,2.6,0.1288,357.2702,173.799,11.1281,84.615,0.21,13.4632,343.05,0.1988,173.796,546.48,85.14,57.6,9.1102,0.1314,20.3416,4.5725,571,286.425,0.184,0.1314,4.598,66.2237,535,45.33
81.885,490.07,85.35,14.9396,0.1246,86.125,57.6,15.7357,45.342,276.75,526.59,45.6921,709.92,12.323,72.285,709.92,343.05,518.75,82.2975,359.8,0.1292,600,83.52,25.429,74.7751,33.18,4.5725,9.595,9.9848,600,19.4581,4.8328,2.6,76.7841,2.6,0.1288,357.3046,174.0015,11.1281,84.63,0.21,13.4645,343.05,0.1988,174.006,546.56,85.14,57.5625,9.1102,0.1314,20.3415,4.5725,570.45,286.38,0.1841,0.1314,4.608,66.2231,535,45.342
81.93,490.1,85.305,14.9402,0.1246,86.375,57.6,15.7329,45.324,276.75,526.68,45.7148,709.92,12.324,72.2851,709.92,343.05,518.78,82.2975,359.8,0.1292,600,83.5575,25.4455,74.7976,33.18,4.5725,9.594,9.9854,600,19.4581,4.4391,2.6,76.7841,2.6,0.1288,357.8212,173.961,11.1282,84.615,0.2101,13.4658,343.05,0.1988,173.964,546.68,85.1025,57.5625,9.1102,0.1314,20.3414,4.5725,570.85,286.7625,0.1842,0.1314,4.616,66.223,535,45.324
81.8925,490.13,85.3125,14.9408,0.1246,86.95,57.6,15.7322,45.294,276.75,526.8,45.7334,709.92,12.324,72.2852,709.92,343.05,518.81,82.2975,359.8,0.1293,600,83.58,25.451,74.8707,33.185,4.5725,9.594,9.9856,600,19.4581,3.9375,2.6,76.7841,2.6,0.1288,357.3046,173.5425,11.1283,84.66,0.21,13.4671,343.05,0.1988,173.544,546.76,85.1475,57.6,9.1102,0.1314,20.3414,4.5725,570.55,286.6725,0.1844,0.1314,4.625,66.2229,535,45.294
81.945,490.16,85.275,14.9413,0.1246,86.075,57.5625,15.7314,45.282,276.75,526.86,45.759,710.08,12.324,72.2841,710.08,343.05,518.84,82.305,359.85,0.1293,600,83.565,25.451,74.8938,33.185,4.5725,9.593,9.9858,600,19.4581,3.9375,2.6,76.7841,2.6,0.1288,357.4424,173.9475,11.1284,84.6225,0.2101,13.4685,343.05,0.1988,173.936,546.84,85.1025,57.5625,9.1102,0.1314,20.3413,4.5725,571.2,287.0775,0.1845,0.1314,4.634,66.2236,535,45.282
81.9,490.19,85.275,14.9419,0.1247,86.225,57.6,15.7337,45.24,276.75,526.95,45.7806,710.08,12.326,72.284,710.08,343.05,518.87,82.305,359.85,0.1293,600,83.535,25.4345,74.9676,33.19,4.5725,9.593,9.9852,600,19.4581,4.1219,2.6,76.7841,2.6,0.1288,357.8557,173.7315,11.1284,84.6225,0.2101,13.4805,343.05,0.1989,173.726,546.92,85.1325,57.525,9.1102,0.1314,20.3412,4.5725,571.25,286.695,0.1845,0.1314,4.64,66.2238,535,45.24
81.8625,490.22,85.3275,14.9424,0.1247,86.45,57.5625,15.7339,45.204,276.75,527.04,45.8019,710.08,12.326,72.2839,710.08,343.05,518.9,82.2975,359.85,0.1293,600,83.49,25.429,74.9914,33.19,4.5725,9.593,9.9851,600,19.4581,3.9891,2.6,76.7841,2.6,0.1288,357.2357,173.637,11.1285,84.675,0.2102,13.4825,343.05,0.1989,173.642,547,85.17,57.5625,9.1102,0.1314,20.3411,4.5725,571,287.1225,0.1846,0.1314,4.644,66.2239,535,45.204
81.8925,490.25,85.3425,14.943,0.1247,86.875,57.5625,15.7342,45.174,276.75,527.13,45.8227,709.92,12.326,72.285,709.92,343.05,518.93,82.2675,359.85,0.1293,599.94,83.4975,25.407,75.0657,33.195,4.57,9.594,9.985,599.94,19.4589,4.2328,2.6,76.7841,2.6,0.1288,358.0967,173.3805,11.1286,84.615,0.2102,13.4845,343.05,0.199,173.376,547.12,85.17,57.525,9.1102,0.1314,20.341,4.57,570.5,286.2,0.1846,0.1314,4.648,66.2241,535,45.174
81.8625,490.28,85.32,14.9435,0.1247,86.95,57.6375,15.7344,45.156,276.8,527.16,45.8508,709.92,12.326,72.2851,709.92,343.05,518.96,82.3125,359.85,0.1293,599.94,83.49,25.3905,75.0901,33.195,4.57,9.594,9.985,599.94,19.4591,4.0469,2.6,76.7841,2.6,0.1289,358.1312,173.988,11.1287,84.6525,0.2102,13.4865,343.05,0.199,173.992,547.2,85.155,57.5625,9.1102,0.1314,20.341,4.57,570.45,286.4925,0.1846,0.1314,4.65,66.2243,535,45.156
81.87,490.31,85.35,14.9441,0.1247,86.975,57.5625,15.7347,45.114,276.8,527.28,45.8674,709.92,12.327,72.2852,709.92,343.05,518.99,82.305,359.9,0.1294,599.94,83.5275,25.3795,75.1651,33.2,4.57,9.595,9.9856,599.94,19.4594,4.7391,2.5998,76.7849,2.5998,0.1289,357.6146,172.9215,11.1288,84.6975,0.2102,13.4885,343.05,0.199,172.914,547.24,85.1325,57.525,9.1102,0.1314,20.3409,4.57,571.05,286.245,0.1847,0.1314,4.65,66.2244,535,45.114
81.9225,490.34,85.32,14.9446,0.1247,86.125,57.5625,15.7349,45.132,276.85,527.34,45.8911,710,12.327,72.2847,710,343.05,519.02,82.2975,359.9,0.1294,599.94,83.4825,25.3685,75.1901,33.2,4.57,9.595,9.985,599.94,19.4596,4.0812,2.5998,76.7851,2.5998,0.1289,357.5457,173.718,11.1288,84.72,0.2102,13.4905,343.05,0.199,173.712,547.36,85.0875,57.5625,9.1102,0.1314,20.3408,4.57,570.6,286.3575,0.1847,0.1314,4.652,66.2246,535,45.132
81.9375,490.37,85.2975,14.9452,0.1247,86.9,57.5625,15.7352,45.12,276.85,527.4,45.9145,710,12.327,72.2847,710,343.05,519.08,82.2825,359.95,0.1294,599.94,83.49,25.352,75.2657,33.205,4.57,9.595,9.9857,599.94,19.4599,4.0812,2.5998,76.7854,2.5998,0.1289,357.5801,174.0825,11.1289,84.66,0.2103,13.4925,343.05,0.199,174.076,547.44,85.0575,57.6,9.1102,0.1314,20.3407,4.57,571,286.9425,0.1847,0.1314,4.651,66.2248,535,45.12
81.9375,490.4,85.335,14.9544,0.1247,86,57.5625,15.7354,45.072,276.85,527.4,45.9453,710,12.328,72.2847,710,343.05,519.11,82.2825,360,0.1294,599.94,83.4675,25.3575,75.2914,33.205,4.57,9.596,9.9859,599.94,19.4601,4.3312,2.5998,76.7856,2.5998,0.1289,358.0279,174.231,11.129,84.6375,0.2103,13.4945,343.05,0.1991,174.23,547.48,85.05,57.6,9.1102,0.1315,20.3407,4.57,570.55,286.56,0.1847,0.1314,4.652,66.2249,535,45.072
81.975,490.43,85.3275,14.9552,0.1248,86.55,57.6,15.7357,44.994,276.9,527.43,45.9722,709.84,12.328,72.286,709.84,343.05,519.14,82.3275,360,0.1294,599.88,83.4525,25.352,75.3676,33.21,4.57,9.596,9.986,599.88,19.4611,4.0484,2.6004,76.7836,2.6004,0.1289,357.649,174.0555,11.1291,84.63,0.2104,13.4965,343.05,0.1991,174.062,547.52,85.0575,57.525,9.1102,0.1315,20.3406,4.57,571.25,286.38,0.1849,0.1314,4.656,66.2251,535,44.994
82.005,490.46,85.3575,14.956,0.1248,86.1,57.6,15.7329,44.916,276.9,527.46,45.999,709.84,12.329,72.2862,709.84,343.02,519.17,82.32,360.05,0.1295,599.88,83.4225,25.319,75.3939,33.21,4.5675,9.598,9.9862,599.88,19.4616,3.9891,2.6002,76.7839,2.6002,0.129,357.7868,174.042,11.1292,84.6225,0.2105,13.4985,343.02,0.1992,174.048,547.52,85.0275,57.5625,9.1102,0.1315,20.3405,4.5675,571,286.3125,0.1849,0.1315,4.663,66.2253,535,44.916
81.9825,490.49,85.32,14.9483,0.1248,86.375,57.6,15.7322,44.832,276.95,527.55,46.0182,709.84,12.33,72.2865,709.84,343.02,519.2,82.305,360.05,0.1295,600,83.475,25.275,75.4201,33.21,4.5675,9.599,9.9864,600,19.4606,4.1188,2.6002,76.7836,2.6002,0.129,357.3046,172.9485,11.1292,84.5925,0.2104,13.5005,343.02,0.1993,172.942,547.56,84.9975,57.6,9.1096,0.1316,20.3404,4.5675,570.85,286.7175,0.185,0.1315,4.667,66.2254,535,44.832
81.9825,490.55,85.2975,14.9488,0.1249,86.375,57.6,15.7314,44.832,276.95,527.61,46.0408,709.92,12.331,72.2861,709.92,343.02,519.23,82.305,360.05,0.1295,600,83.5125,25.2255,75.497,33.215,4.565,9.601,9.9865,600,19.4606,4.2,2.5996,76.7856,2.5996,0.1291,358.0967,173.259,11.1293,84.585,0.2105,13.5025,343.02,0.1993,173.25,547.64,85.005,57.5625,9.1102,0.1316,20.3404,4.565,570.95,286.2675,0.185,0.1315,4.668,66.2249,535,44.832
81.9975,490.58,85.2675,14.9494,0.1249,86.3,57.6,15.7337,44.844,276.95,527.67,46.0632,709.92,12.331,72.2862,709.92,343.02,519.26,82.3125,360.1,0.1295,600,83.4975,25.187,75.5239,33.215,4.565,9.602,9.9867,600,19.4606,4.4406,2.5996,76.7861,2.5996,0.1291,357.4768,173.5695,11.1294,84.5475,0.2105,13.5045,343.02,0.1993,173.558,547.72,85.05,57.525,9.1102,0.1316,20.3403,4.565,570.25,286.83,0.1849,0.1316,4.662,66.2248,535,44.844
81.9525,490.61,85.26,14.9499,0.1249,86.2,57.5625,15.7339,44.85,276.95,527.7,46.089,709.92,12.33,72.2864,709.92,343.02,519.29,82.29,360.1,0.1295,600,83.4525,25.187,75.5508,33.215,4.565,9.603,9.9869,600,19.4606,4.4406,2.5996,76.7866,2.5996,0.1291,357.408,174.015,11.1295,84.5775,0.2106,13.5065,343.02,0.1993,174.02,547.76,85.035,57.5625,9.1102,0.1316,20.3402,4.565,570.95,286.74,0.1849,0.1316,4.656,66.2247,535,44.85
81.9675,490.64,85.215,14.9505,0.1249,86.025,57.5625,15.7342,44.832,277,527.73,46.1147,709.92,12.33,72.2865,709.92,343.02,519.35,82.275,360.1,0.1295,600,83.4825,25.198,75.6282,33.22,4.565,9.603,9.987,600,19.4606,4.2391,2.6,76.7856,2.6,0.1291,357.649,173.7315,11.1295,84.555,0.2106,13.5085,343.02,0.1993,173.726,547.8,85.065,57.5625,9.1096,0.1316,20.3401,4.565,571.2,286.5825,0.1849,0.1316,4.654,66.2254,535,44.832
82.02,490.67,85.185,14.9596,0.1249,86.375,57.525,15.7344,44.826,277,527.79,46.1366,709.92,12.33,72.2866,709.92,343.02,519.38,82.275,360.15,0.1295,600,83.445,25.2035,75.6557,33.22,4.565,9.604,9.9872,600,19.4606,4.2391,2.6,76.7856,2.6,0.1291,357.3391,173.826,11.1296,84.5475,0.2106,13.5105,343.02,0.1993,173.824,547.84,85.1025,57.5625,9.1096,0.1316,20.3401,4.565,570.6,286.3125,0.185,0.1316,4.657,66.2255,535,44.826
81.975,490.7,85.23,14.9605,0.1249,86.675,57.525,15.7347,44.814,277,527.85,46.1582,709.92,12.331,72.2867,709.92,343.02,519.41,82.2975,360.15,0.1296,600,83.4225,25.198,75.6832,33.22,4.565,9.604,9.9874,600,19.4606,4.7219,2.6,76.7856,2.6,0.1291,357.5801,173.475,11.1297,84.6,0.2106,13.5125,343.02,0.1993,173.474,547.88,85.0725,57.5625,9.1096,0.1316,20.3553,4.565,570.9,286.2,0.185,0.1316,4.661,66.2257,535,44.814
81.9525,490.73,85.2075,14.9613,0.1249,86.125,57.6,15.7349,44.82,277,527.91,46.1796,709.92,12.332,72.2869,709.92,343.02,519.44,82.2525,360.15,0.1296,600,83.43,25.187,75.7107,33.22,4.565,9.604,9.9875,600,19.4606,3.9734,2.6,76.7856,2.6,0.1291,357.959,173.583,11.1298,84.645,0.2106,13.5145,343.02,0.1993,173.586,547.96,85.035,57.5625,9.1102,0.1316,20.3557,4.565,570.75,286.695,0.1851,0.1316,4.665,66.2251,535,44.82
81.99,490.76,85.2075,14.9621,0.1249,86.65,57.5625,15.7352,44.832,277,527.97,46.2007,709.92,12.333,72.287,709.92,343.02,519.47,82.275,360.2,0.1296,600,83.4075,25.176,75.7889,33.225,4.565,9.604,9.9877,600,19.4606,3.9734,2.6,76.7856,2.6,0.1291,357.3046,173.34,11.1299,84.6,0.2105,13.5165,343.02,0.1993,173.348,548,85.0875,57.6,9.1102,0.1316,20.3561,4.565,570.4,286.7625,0.1851,0.1316,4.668,66.225,535,44.832
82.0425,490.79,85.26,14.9544,0.1249,86.65,57.6,15.7354,44.868,277.05,528.06,46.2179,709.92,12.335,72.2871,709.92,343.02,519.5,82.2525,360.2,0.1296,600,83.4075,25.1705,75.817,33.225,4.565,9.604,9.9879,600,19.4606,3.9312,2.6,76.7856,2.6,0.1291,357.649,173.259,11.1299,84.6375,0.2105,13.5185,343.02,0.1993,173.25,548.08,85.1025,57.5625,9.1102,0.1316,20.3412,4.565,570.55,286.5825,0.1851,0.1316,4.671,66.2249,535,44.868
81.99,490.82,85.26,14.9549,0.1249,86.6,57.525,15.7357,44.916,277.05,528.15,46.2346,709.92,12.335,72.2872,709.92,343.02,519.53,82.245,360.2,0.1296,600,83.4375,25.176,75.8451,33.225,4.565,9.604,9.988,600,19.4606,4.7922,2.6,76.7856,2.6,0.1291,357.8901,173.3535,11.13,84.5925,0.2104,13.5205,343.02,0.1992,173.348,548.2,85.125,57.525,9.1108,0.1316,20.3412,4.565,570.45,286.83,0.1851,0.1316,4.673,66.2249,535,44.916
81.96,490.85,85.26,14.9555,0.1248,86.65,57.6,15.7329,44.976,277.05,528.21,46.2548,709.92,12.335,72.2873,709.92,343.02,519.59,82.2525,360.25,0.1295,600,83.46,25.198,75.8732,33.225,4.5675,9.603,9.9882,600,19.4606,4.4484,2.6002,76.7849,2.6002,0.129,357.8557,173.691,11.1301,84.585,0.2104,13.5225,343.02,0.1992,173.684,548.28,85.08,57.6375,9.1108,0.1316,20.3411,4.5675,570.8,287.055,0.1852,0.1315,4.676,66.2248,535,44.976
81.9825,490.88,85.3125,14.9646,0.1248,86.625,57.5625,15.7322,45.024,277.05,528.33,46.2672,710,12.333,72.2868,710,343.02,519.62,82.23,360.25,0.1295,600.06,83.445,25.231,75.952,33.23,4.5675,9.602,9.9884,600.06,19.4599,4.4484,2.6002,76.7846,2.6002,0.129,357.3391,173.0835,11.1302,84.615,0.2103,13.5245,343.02,0.1991,173.082,548.36,85.08,57.525,9.1102,0.1315,20.341,4.5675,570.4,286.1325,0.1852,0.1315,4.681,66.2254,535,45.024
81.96,490.91,85.3425,14.9655,0.1248,86.05,57.6,15.7322,45.096,277.1,528.39,46.2866,710,12.334,72.2868,710,343.02,519.65,82.2075,360.25,0.1295,600.06,83.4075,25.2695,75.9807,33.23,4.5675,9.6,9.9885,600.06,19.4596,4.3438,2.6002,76.7844,2.6002,0.129,357.9245,174.069,11.1272,84.6075,0.2103,13.5265,343.02,0.1991,174.062,548.48,85.0425,57.525,9.1102,0.1315,20.3409,4.5675,570.95,286.4475,0.1853,0.1315,4.689,66.2256,535,45.096
81.9525,490.97,85.3425,14.9663,0.1248,86.325,57.6,15.7339,45.114,277.1,528.48,46.3021,710,12.335,72.2868,710,343.05,519.68,82.17,360.25,0.1295,600.06,83.37,25.297,76.0095,33.23,4.57,9.598,9.9887,600.06,19.4594,4.7281,2.5998,76.7856,2.5998,0.1289,357.649,173.6775,11.1263,84.585,0.2102,13.5392,343.05,0.1991,173.684,548.52,85.035,57.5625,9.1096,0.1315,20.3408,4.57,570.75,287.01,0.1854,0.1314,4.696,66.2258,535,45.114
81.9825,491,85.29,14.9671,0.1247,86.525,57.5625,15.7342,45.138,277.1,528.54,46.3209,710,12.336,72.2868,710,343.05,519.71,82.2,360.3,0.1295,599.94,83.3625,25.33,76.0382,33.23,4.57,9.597,9.9889,599.94,19.4606,4.7281,2.5998,76.7859,2.5998,0.1289,357.5113,173.583,11.1254,84.6,0.2102,13.5418,343.05,0.199,173.586,548.6,85.0725,57.6,9.1108,0.1315,20.3408,4.57,571,286.6725,0.1855,0.1314,4.707,66.2252,535,45.138
81.9975,491.03,85.3275,14.968,0.1247,86,57.525,15.7344,45.156,277.1,528.63,46.3357,710,12.337,72.2868,710,343.05,519.74,82.1925,360.3,0.1295,599.94,83.3625,25.341,76.1176,33.235,4.57,9.596,9.989,599.94,19.4609,4.65,2.5998,76.7861,2.5998,0.1289,357.959,173.664,11.1275,84.57,0.2102,13.5445,343.05,0.199,173.656,548.68,85.0425,57.525,9.1108,0.1314,20.3407,4.57,570.2,286.7625,0.1856,0.1314,4.718,66.2251,535,45.156
82.005,491.06,85.3725,14.9688,0.1247,86.225,57.525,15.7347,45.162,277.15,528.69,46.3539,710,12.337,72.2868,710,343.05,519.8,82.2525,360.3,0.1294,599.94,83.34,25.3575,76.147,33.235,4.57,9.594,9.9885,599.94,19.4611,4.5656,2.6004,76.7841,2.6004,0.1289,357.1324,174.204,11.1276,84.5475,0.2103,13.5472,343.05,0.199,174.202,548.76,85.0725,57.525,9.1113,0.1314,20.3406,4.57,570.45,286.5375,0.1857,0.1314,4.727,66.225,535,45.162
82.0425,491.09,85.3875,14.961,0.1247,86.125,57.5625,15.7349,45.126,277.15,528.81,46.3644,710,12.338,72.2868,710,343.05,519.83,82.2525,360.35,0.1295,600.06,83.3025,25.363,76.1764,33.235,4.57,9.593,9.9891,600.06,19.4599,4.3906,2.6004,76.7836,2.6004,0.1289,358.0279,173.097,11.1276,84.525,0.2102,13.5498,343.05,0.199,173.096,548.84,85.065,57.5625,9.1113,0.1314,20.3405,4.57,570.4,286.7625,0.1859,0.1314,4.735,66.2249,535,45.126
82.035,491.12,85.4175,14.9616,0.1247,86,57.6,15.7352,45.138,277.2,528.84,46.3857,710,12.338,72.2868,710,343.05,519.86,82.26,360.4,0.1295,600.06,83.3025,25.3685,76.2563,33.24,4.57,9.593,9.9893,600.06,19.4596,4.3906,2.6004,76.7831,2.6004,0.1289,357.5113,174.177,11.1277,84.51,0.2103,13.5525,343.05,0.199,174.188,548.96,85.05,57.5625,9.1113,0.1314,20.3405,4.57,570.65,286.3125,0.1859,0.1314,4.745,66.2249,535,45.138
82.065,491.15,85.44,14.9708,0.1247,86.85,57.6,15.7354,45.096,277.2,528.87,46.4068,710,12.338,72.2868,710,343.05,519.89,82.245,360.4,0.1295,600.06,83.2725,25.3575,76.2863,33.24,4.57,9.592,9.9895,600.06,19.4594,3.8609,2.5998,76.7849,2.5998,0.1289,357.3391,174.0015,11.1278,84.5325,0.2103,13.5552,343.05,0.1991,174.006,549,85.035,57.6,9.1108,0.1314,20.3404,4.57,570.85,286.8075,0.186,0.1314,4.75,66.2248,535,45.096
82.0425,491.21,85.4625,14.9716,0.1247,86.65,57.525,15.7357,45.036,277.2,528.9,46.4278,710,12.337,72.2868,710,343.05,519.95,82.245,360.45,0.1295,599.88,83.2575,25.363,76.3163,33.24,4.57,9.592,9.9896,599.88,19.4614,4.6016,2.5998,76.7851,2.5998,0.1289,357.6146,174.069,11.1279,84.525,0.2104,13.5578,343.05,0.1991,174.076,549.04,85.0125,57.6,9.1102,0.1315,20.3403,4.57,570.55,286.56,0.1861,0.1314,4.756,66.2254,535,45.036
82.0425,491.24,85.4775,14.9724,0.1248,86.3,57.5625,15.7329,44.952,277.25,528.93,46.4487,710,12.337,72.2868,710,343.02,519.98,82.2825,360.45,0.1295,599.88,83.2575,25.3465,76.397,33.245,4.5675,9.593,9.9898,599.88,19.4619,4.6016,2.5998,76.7854,2.5998,0.1289,357.408,174.042,11.128,84.5325,0.2105,13.5605,343.02,0.1992,174.034,549.08,84.99,57.525,9.1096,0.1315,20.3402,4.5675,570.3,287.0775,0.1862,0.1314,4.763,66.2256,535,44.952
82.065,491.27,85.4625,14.9733,0.1248,86.475,57.6,15.7322,44.862,277.25,528.96,46.4695,710,12.34,72.2868,710,343.02,520.01,82.245,360.5,0.1296,599.82,83.3325,25.308,76.4276,33.245,4.5675,9.594,9.99,599.82,19.4631,3.95,2.5996,76.7864,2.5996,0.129,357.3391,173.826,11.128,84.555,0.2106,13.5632,343.02,0.1993,173.824,549.08,84.99,57.5625,9.1096,0.1315,20.3402,4.5675,571,286.6725,0.1863,0.1315,4.767,66.2258,535,44.862
82.035,491.3,85.4475,14.9741,0.1249,86.95,57.5625,15.7314,44.772,277.3,529.02,46.4864,709.92,12.34,72.2875,709.92,343.02,520.04,82.245,360.55,0.1296,599.94,83.3775,25.2585,76.4582,33.245,4.565,9.596,9.9901,599.94,19.4624,4.3547,2.6,76.7854,2.6,0.129,357.7179,173.502,11.1281,84.5775,0.2106,13.5658,343.02,0.1994,173.502,549.12,85.035,57.5625,9.1108,0.1316,20.3401,4.565,571.05,286.29,0.1863,0.1315,4.769,66.2252,535,44.772
81.9975,491.33,85.395,14.9663,0.1249,86.775,57.525,15.7337,44.712,277.3,529.02,46.5105,709.92,12.34,72.2876,709.92,343.02,520.1,82.29,360.55,0.1297,599.94,83.3925,25.209,76.5395,33.25,4.565,9.598,9.9903,599.94,19.4626,4.3547,2.6,76.7854,2.6,0.1291,357.098,173.961,11.1282,84.6225,0.2107,13.5685,343.02,0.1995,173.964,549.16,85.08,57.6,9.1102,0.1316,20.34,4.565,570.3,286.3125,0.1863,0.1316,4.768,66.2251,535,44.712
82.0275,491.36,85.425,14.9669,0.125,86.1,57.5625,15.7339,44.622,277.35,529.02,46.5347,709.92,12.34,72.2877,709.92,342.99,520.13,82.2975,360.6,0.1297,599.88,83.385,25.1595,76.5707,33.25,4.5625,9.599,9.9905,599.88,19.4636,4.2766,2.6,76.7854,2.6,0.1291,357.1324,173.88,11.1283,84.6675,0.2108,13.5712,342.99,0.1995,173.88,549.16,85.035,57.6,9.1102,0.1317,20.3399,4.5625,571.1,286.4025,0.1863,0.1316,4.764,66.2258,535,44.622
82.035,491.42,85.4625,14.9674,0.125,86.15,57.6,15.7342,44.544,277.35,529.02,46.5588,709.92,12.34,72.2878,709.92,342.99,520.16,82.32,360.6,0.1298,599.88,83.4225,25.1155,76.602,33.25,4.5625,9.602,9.9899,599.88,19.4641,4.1188,2.5998,76.7861,2.5998,0.1292,358.0623,173.9745,11.1283,84.6975,0.2109,13.5738,342.99,0.1996,173.978,549.16,85.02,57.5625,9.1102,0.1317,20.3399,4.5625,570.55,286.56,0.1863,0.1317,4.76,66.2259,535,44.544
82.0575,491.45,85.4925,14.9766,0.1251,86.9,57.525,15.7344,44.46,277.35,529.05,46.5792,709.84,12.339,72.2886,709.84,342.99,520.19,82.3125,360.65,0.1298,599.82,83.4225,25.077,76.6332,33.25,4.56,9.604,9.9905,599.82,19.4654,4.6969,2.5998,76.7864,2.5998,0.1292,357.3046,173.4615,11.1284,84.6825,0.2109,13.5765,342.99,0.1997,173.46,549.16,84.9975,57.525,9.1096,0.1318,20.3398,4.56,570.5,286.3125,0.1863,0.1318,4.756,66.2261,535,44.46
82.08,491.48,85.4325,14.9774,0.1251,86.75,57.6,15.7347,44.424,277.4,529.08,46.5995,709.84,12.34,72.2888,709.84,342.96,520.25,82.2675,360.65,0.1298,599.82,83.445,25.033,76.6645,33.25,4.56,9.607,9.9907,599.82,19.4661,4.2141,2.5996,76.7874,2.5996,0.1292,357.8212,173.259,11.1285,84.7125,0.211,13.5792,342.96,0.1997,173.25,549.2,84.975,57.6,9.1096,0.1318,20.3397,4.56,570.45,286.605,0.1863,0.1318,4.751,66.2263,535,44.424
82.0575,491.51,85.4475,14.9783,0.1251,86.4,57.6,15.7349,44.418,277.4,529.08,46.6234,709.84,12.34,72.2891,709.84,342.96,520.28,82.305,360.7,0.1299,599.82,83.415,24.9945,76.6957,33.25,4.5575,9.608,9.9909,599.82,19.4669,4.2141,2.5996,76.7879,2.5996,0.1293,357.2357,173.8935,11.1286,84.69,0.211,13.5818,342.96,0.1998,173.894,549.24,84.9675,57.5625,9.1096,0.1318,20.3396,4.5575,570.85,286.9425,0.1862,0.1318,4.744,66.2264,535,44.418
82.0725,491.54,85.47,14.9791,0.1251,86.775,57.6,15.7352,44.4,277.4,529.14,46.6398,709.84,12.342,72.2893,709.84,342.96,520.31,82.3125,360.7,0.1299,599.94,83.4075,24.967,76.727,33.25,4.5575,9.61,9.991,599.94,19.4661,3.9719,2.5996,76.7884,2.5996,0.1293,358.0279,173.0835,11.1287,84.66,0.211,13.5845,342.96,0.1998,173.082,549.24,84.99,57.6,9.1096,0.1318,20.3395,4.5575,570.8,286.4475,0.1861,0.1318,4.735,66.2266,535,44.4
82.1175,491.57,85.455,14.9799,0.1251,86.7,57.6,15.7354,44.628,277.45,529.14,46.6635,709.84,12.342,72.2896,709.84,342.99,520.34,82.2975,360.7,0.1298,600.06,83.3925,24.956,76.7582,33.25,4.56,9.611,9.9905,600.06,19.4649,3.9812,2.5998,76.7881,2.5998,0.1292,357.7868,174.1095,11.1287,84.6825,0.2108,13.5871,342.99,0.1996,174.104,549.28,84.96,57.6,9.1096,0.1318,20.3395,4.56,570.7,286.8075,0.1859,0.1318,4.731,66.2268,535,44.628
82.065,491.6,85.4775,14.9808,0.125,86.45,57.5625,15.7357,44.778,277.45,529.2,46.6797,709.92,12.342,72.2892,709.92,342.99,520.37,82.2975,360.75,0.1297,600.12,83.385,25.011,76.7895,33.25,4.5625,9.608,9.9904,600.12,19.4639,4.525,2.5998,76.7884,2.5998,0.1292,357.3391,173.772,11.1288,84.6375,0.2106,13.5898,342.99,0.1994,173.768,549.32,84.9525,57.5625,9.1102,0.1317,20.3394,4.5625,570.95,286.695,0.1857,0.1317,4.719,66.227,535,44.778
82.0125,491.66,85.5075,14.9816,0.1249,86.375,57.5625,15.7329,44.916,277.45,529.26,46.6956,709.92,12.343,72.2893,709.92,343.02,520.43,82.2675,360.75,0.1296,600.18,83.43,25.099,76.8207,33.25,4.565,9.606,9.9903,600.18,19.4626,4.525,2.6,76.7879,2.6,0.1291,357.3046,174.258,11.1289,84.6,0.2106,13.6031,343.02,0.1993,174.258,549.36,85.005,57.6,9.1102,0.1316,20.3393,4.565,570.8,286.605,0.1858,0.1316,4.714,66.2264,535,44.916
82.05,491.69,85.485,14.9824,0.1248,86.35,57.6,15.7322,45.012,277.45,529.35,46.7075,710,12.343,72.2888,710,343.02,520.46,82.275,360.75,0.1296,600,83.46,25.176,76.852,33.25,4.5675,9.602,9.9902,600,19.4641,4.7656,2.6002,76.7871,2.6002,0.129,358.0279,173.637,11.129,84.6075,0.2104,13.6065,343.02,0.1992,173.642,549.4,84.975,57.5625,9.1108,0.1316,20.3392,4.5675,570.4,286.695,0.1859,0.1315,4.721,66.2263,535,45.012
82.0425,491.72,85.485,14.9746,0.1248,86.25,57.5625,15.7314,45.102,277.5,529.44,46.7191,710,12.344,72.2888,710,343.02,520.49,82.29,360.8,0.1295,600.06,83.4975,25.242,76.8832,33.25,4.5675,9.599,9.9901,600.06,19.4634,4.7172,2.6002,76.7869,2.6002,0.1289,357.9245,174.123,11.129,84.63,0.2104,13.6098,343.02,0.1991,174.132,549.52,84.99,57.5625,9.1108,0.1315,20.3392,4.5675,570.4,286.4925,0.1861,0.1314,4.737,66.2262,535,45.102
81.99,491.75,85.485,14.9752,0.1247,86.525,57.6,15.7337,45.15,277.5,529.56,46.7265,710,12.344,72.2888,710,343.05,520.52,82.335,360.8,0.1295,600.06,83.46,25.2915,76.9145,33.25,4.57,9.596,9.99,600.06,19.4631,4.6375,2.6004,76.7859,2.6004,0.1289,357.7868,173.556,11.1291,84.615,0.2102,13.6131,343.05,0.1991,173.558,549.6,85.0275,57.5625,9.1108,0.1315,20.3391,4.57,570.55,286.47,0.1863,0.1314,4.755,66.2261,535,45.15
81.9975,491.78,85.5075,14.9757,0.1247,86.45,57.6,15.7339,45.198,277.55,529.68,46.7537,710,12.344,72.2888,710,343.05,520.58,82.305,360.85,0.1295,600.12,83.415,25.33,76.9457,33.25,4.57,9.593,9.99,600.12,19.4621,4.5891,2.6004,76.7854,2.6004,0.1289,357.4424,173.4075,11.1292,84.6225,0.2102,13.6165,343.05,0.199,173.418,549.72,85.0125,57.6,9.1113,0.1314,20.339,4.57,570.3,286.6725,0.1865,0.1314,4.773,66.226,540,45.198
82.02,491.81,85.455,14.9849,0.1247,86.7,57.525,15.7342,45.246,277.55,529.8,46.7803,710,12.342,72.2888,710,343.05,520.61,82.305,360.9,0.1295,600.12,83.4,25.3685,77.0276,33.255,4.57,9.591,9.9899,600.12,19.4616,4.5906,2.6004,76.7849,2.6004,0.1289,357.408,173.637,11.1293,84.645,0.2102,13.6198,343.05,0.1989,173.628,549.88,85.065,57.6,9.1113,0.1314,20.3389,4.57,570.15,286.425,0.1866,0.1314,4.79,66.226,540,45.246
82.02,491.87,85.41,14.9858,0.1247,86.825,57.525,15.7344,45.27,277.6,529.92,46.8065,710.08,12.344,72.2882,710.08,343.05,520.64,82.29,360.9,0.1295,600.12,83.445,25.3905,77.0594,33.255,4.5725,9.589,9.9898,600.12,19.4611,3.9719,2.6004,76.7844,2.6004,0.1288,357.3391,173.367,11.1294,84.69,0.2101,13.6231,343.05,0.1989,173.362,550,85.11,57.5625,9.1113,0.1314,20.3389,4.5725,571.05,286.38,0.1868,0.1314,4.804,66.2259,540,45.27
82.0725,491.9,85.395,14.9866,0.1247,86.625,57.5625,15.7347,45.294,277.6,530.01,46.836,710.08,12.344,72.2881,710.08,343.05,520.67,82.275,360.95,0.1295,600.12,83.445,25.4125,77.0913,33.255,4.5725,9.587,9.9897,600.12,19.4606,4.5563,2.6004,76.7839,2.6004,0.1288,357.8212,174.0285,11.1294,84.7275,0.2102,13.6265,343.05,0.1989,174.02,550.12,85.1625,57.6,9.1113,0.1314,20.3388,4.5725,570.4,286.6725,0.1869,0.1314,4.817,66.2258,540,45.294
82.065,491.93,85.38,14.9874,0.1247,86.85,57.5625,15.7349,45.27,277.65,530.16,46.8575,710.08,12.345,72.288,710.08,343.05,520.73,82.29,361,0.1295,600.12,83.4,25.429,77.1232,33.255,4.5725,9.586,9.9896,600.12,19.4601,3.9375,2.6,76.7849,2.6,0.1288,357.4768,172.9485,11.1295,84.7575,0.2101,13.6298,343.05,0.1989,172.942,550.2,85.1175,57.5625,9.1108,0.1314,20.3387,4.5725,570.25,286.965,0.187,0.1314,4.828,66.2257,540,45.27
82.065,491.96,85.365,14.9883,0.1247,86.925,57.6,15.7352,45.3,277.65,530.25,46.886,710.08,12.346,72.2878,710.08,343.05,520.76,82.32,361,0.1295,600.12,83.3925,25.4345,77.1551,33.255,4.5725,9.585,9.9895,600.12,19.4596,4.4953,2.6,76.7849,2.6,0.1288,357.3046,173.5965,11.1296,84.7125,0.2101,13.6331,343.05,0.1989,173.6,550.36,85.14,57.525,9.1108,0.1314,20.3386,4.5725,570.7,286.245,0.1871,0.1314,4.84,66.2256,540,45.3
82.035,492.02,85.3875,14.9891,0.1246,86.925,57.525,15.7354,45.294,277.7,530.4,46.9066,710.08,12.346,72.2877,710.08,343.05,520.79,82.35,361.05,0.1295,600.12,83.4375,25.4345,77.2376,33.26,4.5725,9.583,9.9895,600.12,19.4591,4.4953,2.6,76.7849,2.6,0.1288,357.8557,173.2185,11.1297,84.69,0.2101,13.6365,343.05,0.1989,173.222,550.48,85.1625,57.525,9.1108,0.1314,20.3386,4.5725,570.55,286.9875,0.1872,0.1314,4.847,66.2255,540,45.294
81.9975,492.05,85.3875,14.9813,0.1246,86.45,57.525,15.7357,45.306,277.7,530.46,46.9379,710.08,12.346,72.2876,710.08,343.05,520.85,82.365,361.1,0.1295,600.12,83.475,25.451,77.2701,33.26,4.5725,9.582,9.9894,600.12,19.4586,4.3109,2.6,76.7849,2.6,0.1288,357.5801,173.934,11.1298,84.7125,0.2102,13.6398,343.05,0.1989,173.936,550.6,85.125,57.5625,9.1108,0.1313,20.3385,4.5725,570.6,286.47,0.1873,0.1313,4.855,66.2254,540,45.306
81.9825,492.08,85.365,14.9819,0.1246,86.55,57.5625,15.7329,45.264,277.75,530.52,46.9689,710.08,12.346,72.2875,710.08,343.05,520.88,82.305,361.1,0.1295,599.94,83.5275,25.451,77.3026,33.26,4.5725,9.581,9.9893,599.94,19.4604,4.0812,2.6,76.7849,2.6,0.1288,357.5113,174.0555,11.1298,84.6825,0.2102,13.6431,343.05,0.1989,174.048,550.68,85.1175,57.6,9.1108,0.1313,20.3384,4.5725,570.6,286.245,0.1874,0.1313,4.862,66.2254,540,45.264
81.9675,492.11,85.395,14.9824,0.1247,86.675,57.5625,15.7322,45.186,277.75,530.58,46.9997,710.08,12.346,72.2874,710.08,343.05,520.94,82.3125,361.15,0.1295,599.94,83.55,25.451,77.3857,33.265,4.5725,9.581,9.99,599.94,19.4606,4.75,2.6,76.7849,2.6,0.1288,357.1669,173.8665,11.1299,84.6525,0.2102,13.6465,343.05,0.199,173.866,550.76,85.1325,57.5625,9.1113,0.1314,20.3383,4.5725,570.85,286.92,0.1875,0.1314,4.871,66.2253,540,45.186
81.9525,492.17,85.4325,14.9916,0.1247,86.675,57.5625,15.7314,45.108,277.75,530.64,47.0303,710.08,12.345,72.2872,710.08,343.05,520.97,82.2675,361.15,0.1296,599.88,83.505,25.4345,77.4189,33.265,4.57,9.581,9.9901,599.88,19.4616,4.75,2.6,76.7849,2.6,0.1288,357.8557,173.988,11.13,84.645,0.2103,13.6498,343.05,0.1991,173.978,550.8,85.1625,57.5625,9.1108,0.1314,20.3383,4.57,570.95,286.2,0.1877,0.1314,4.88,66.2252,540,45.108
81.9675,492.2,85.3875,14.9924,0.1247,86.275,57.5625,15.7337,45.006,277.8,530.7,47.0606,710,12.346,72.2877,710,343.05,521,82.2675,361.2,0.1296,600,83.505,25.4015,77.452,33.265,4.57,9.582,9.9903,600,19.4606,4.45,2.5998,76.7856,2.5998,0.1289,357.098,173.7315,11.1301,84.675,0.2104,13.6531,343.05,0.1992,173.726,550.88,85.125,57.5625,9.1108,0.1314,20.3382,4.57,570.4,286.4475,0.1878,0.1314,4.888,66.2251,540,45.006
81.945,492.23,85.425,14.9933,0.1248,86.85,57.6,15.7339,44.91,277.8,530.76,47.0906,710,12.346,72.2877,710,343.02,521.06,82.23,361.2,0.1297,600,83.5275,25.3575,77.4851,33.265,4.5675,9.584,9.9905,600,19.4606,4.4578,2.5998,76.7859,2.5998,0.1289,357.7179,173.4345,11.1301,84.66,0.2105,13.6565,343.02,0.1993,173.432,550.92,85.1175,57.5625,9.1102,0.1315,20.3381,4.5675,571,286.74,0.1879,0.1314,4.893,66.225,540,44.91
81.975,492.29,85.4175,14.9855,0.1248,86,57.5625,15.7342,44.832,277.85,530.79,47.1242,710,12.348,72.2877,710,343.02,521.09,82.275,361.25,0.1297,599.94,83.505,25.297,77.5689,33.27,4.5675,9.586,9.9899,599.94,19.4614,3.8516,2.5996,76.7869,2.5996,0.129,357.5801,173.7585,11.1302,84.6075,0.2106,13.6598,343.02,0.1993,173.768,551,85.1625,57.6,9.1102,0.1315,20.338,4.5675,570.25,286.2225,0.1879,0.1315,4.896,66.2249,540,44.832
81.9675,492.32,85.4325,14.986,0.1249,86.225,57.5625,15.7344,44.736,277.85,530.82,47.1577,709.92,12.348,72.2884,709.92,343.02,521.15,82.275,361.25,0.1298,599.94,83.4675,25.242,77.6026,33.27,4.565,9.588,9.9898,599.94,19.4616,4.7016,2.6,76.7859,2.6,0.1291,357.1324,173.988,11.1273,84.5625,0.2107,13.6738,343.02,0.1994,173.992,551.04,85.1925,57.6,9.1102,0.1316,20.3379,4.565,570.75,286.38,0.188,0.1315,4.894,66.2249,540,44.736
82.005,492.35,85.3875,14.9871,0.1249,86.3,57.6,15.7347,44.58,277.85,530.88,47.2241,709.92,12.348,72.2886,709.92,342.99,521.18,82.29,361.3,0.1298,599.88,83.43,25.1925,77.6701,33.27,4.5625,9.59,9.9897,599.88,19.4626,4.7016,2.5998,76.7866,2.6,0.1291,357.4424,173.124,11.1264,84.525,0.2107,13.6778,342.99,0.1996,173.124,551.04,85.1925,57.5625,9.1102,0.1316,20.3379,4.565,570.7,286.38,0.188,0.1316,4.892,66.2254,540,44.628
82.005,492.41,85.4025,14.9877,0.125,86.725,57.5625,15.7349,44.496,277.9,530.91,47.2572,709.92,12.347,72.2894,709.84,342.99,521.21,82.26,361.3,0.1299,599.88,83.4225,25.143,77.7039,33.27,4.5625,9.593,9.9905,599.82,19.4644,4.7156,2.5998,76.7869,2.5998,0.1292,357.098,173.961,11.1255,84.5475,0.2109,13.6858,342.99,0.1996,173.964,551.12,85.23,57.5625,9.1096,0.1317,20.3378,4.5625,570.1,286.2675,0.188,0.1317,4.891,66.2256,540,44.58
81.96,492.44,85.3875,14.9877,0.125,86,57.6375,15.7352,44.496,277.9,530.91,47.2572,709.84,12.347,72.2894,709.84,342.99,521.27,82.26,361.35,0.1299,599.82,83.4825,25.0935,77.7039,33.27,4.5625,9.595,9.9905,599.82,19.4644,4.3094,2.5998,76.7869,2.5998,0.1292,357.8557,173.826,11.1275,84.525,0.211,13.6858,342.99,0.1997,173.824,551.12,85.2525,57.525,9.1091,0.1317,20.3377,4.5625,570.95,286.155,0.188,0.1317,4.886,66.2256,540,44.496
81.975,492.47,85.4025,14.9882,0.1251,86.875,57.6,15.7354,44.43,277.95,530.94,47.2901,709.84,12.347,72.2896,709.84,342.99,521.3,82.2825,361.4,0.1299,599.82,83.4825,25.055,77.7376,33.27,4.56,9.598,9.9907,599.82,19.4651,4.3094,2.5998,76.7871,2.5998,0.1292,357.4768,173.097,11.1276,84.5775,0.2109,13.6898,342.99,0.1998,173.11,551.12,85.215,57.5625,9.1091,0.1318,20.3376,4.56,570.7,286.2225,0.188,0.1318,4.882,66.2265,540,44.43
81.9525,492.53,85.3725,14.9974,0.1251,86.775,57.525,15.7357,44.412,278,530.97,47.323,709.84,12.348,72.2899,709.84,342.96,521.36,82.275,361.45,0.13,599.82,83.4525,25.0165,77.7714,33.27,4.56,9.6,9.9909,599.82,19.4659,4.0531,2.5996,76.7881,2.5996,0.1292,357.3046,173.691,11.1277,84.5925,0.211,13.6938,342.96,0.1998,173.684,551.2,85.17,57.5625,9.1096,0.1318,20.3376,4.56,570.75,286.515,0.1879,0.1318,4.879,66.2262,540,44.412
81.9225,492.56,85.3875,14.9983,0.1251,86.35,57.525,15.7329,44.388,278,531,47.3557,709.84,12.348,72.2901,709.84,342.96,521.39,82.2525,361.45,0.13,599.82,83.43,24.978,77.8557,33.275,4.5575,9.601,9.991,599.82,19.4666,4.5141,2.5996,76.7886,2.5996,0.1293,357.5113,173.799,11.1285,84.6,0.211,13.6978,342.96,0.1998,173.796,551.2,85.185,57.525,9.1096,0.1318,20.3375,4.5575,570.95,286.65,0.1879,0.1318,4.873,66.2264,540,44.388
81.9375,492.59,85.3425,14.9991,0.1251,86.725,57.525,15.7322,44.358,278.05,531,47.3921,709.84,12.348,72.2904,709.84,342.96,521.42,82.2675,361.5,0.13,599.94,83.43,24.9615,77.8395,33.27,4.5575,9.603,9.9912,599.94,19.4659,4.5141,2.5996,76.7891,2.5996,0.1293,357.1324,173.7855,11.1288,84.6375,0.2111,13.7018,342.96,0.1998,173.782,551.24,85.1925,57.5625,9.1096,0.1318,20.3374,4.5575,570.4,286.3575,0.1879,0.1318,4.869,66.2265,540,44.358
81.9525,492.65,85.305,14.9913,0.1251,86.45,57.6375,15.7314,44.34,278.05,531.03,47.4247,709.84,12.35,72.2906,709.84,342.96,521.48,82.245,361.55,0.13,599.94,83.4375,24.9395,77.8733,33.27,4.5575,9.604,9.9914,599.94,19.4661,4.8234,2.5996,76.7896,2.5996,0.1293,357.959,173.718,11.1284,84.6525,0.2111,13.7058,342.96,0.1999,173.712,551.24,85.14,57.6,9.1091,0.1318,20.3373,4.5575,570.7,286.4925,0.1879,0.1318,4.867,66.2267,540,44.34
82.005,492.68,85.335,14.9919,0.1252,86.05,57.6,15.7337,44.334,278.1,531.09,47.4534,709.92,12.35,72.2902,709.92,342.96,521.51,82.2225,361.6,0.13,599.94,83.4675,24.923,77.907,33.27,4.5575,9.605,9.9915,599.94,19.4664,4.5422,2.5996,76.7901,2.5996,0.1293,357.3391,173.529,11.1285,84.6375,0.211,13.7098,342.96,0.1999,173.53,551.28,85.1025,57.525,9.1096,0.1319,20.3373,4.5575,570.75,286.4925,0.1879,0.1318,4.868,66.2269,540,44.334
81.9825,492.71,85.3725,14.9924,0.1252,86.05,57.525,15.7339,44.346,278.15,531.12,47.4857,709.92,12.35,72.2904,709.92,342.96,521.54,82.23,361.65,0.13,599.94,83.4525,24.912,77.9408,33.27,4.5575,9.606,9.9917,599.94,19.4666,4.7578,2.5996,76.7906,2.5996,0.1293,357.1324,173.907,11.1286,84.615,0.2111,13.7138,342.96,0.1999,173.908,551.32,85.095,57.6,9.1096,0.1319,20.3372,4.5575,570.55,286.8525,0.1879,0.1318,4.868,66.227,540,44.346
81.975,492.74,85.3725,14.993,0.1252,86.325,57.5625,15.7342,44.346,278.15,531.15,47.5178,709.92,12.349,72.2905,709.92,342.96,521.6,82.2825,361.65,0.13,599.94,83.4075,24.912,77.9745,33.27,4.5575,9.606,9.9919,599.94,19.4669,4.2172,2.5996,76.7912,2.5996,0.1293,357.7523,173.988,11.1287,84.66,0.2111,13.7178,342.96,0.1999,173.992,551.36,85.095,57.6,9.1096,0.1319,20.3371,4.5575,570.4,286.2675,0.188,0.1318,4.869,66.2272,540,44.346
82.0125,492.8,85.32,15.0021,0.1252,86.625,57.5625,15.7344,44.334,278.2,531.18,47.5498,709.92,12.35,72.2906,709.92,342.96,521.63,82.2975,361.7,0.13,599.94,83.4,24.9175,78.0083,33.27,4.5575,9.607,9.992,599.94,19.4671,4.2172,2.6,76.7902,2.6,0.1293,357.649,173.88,11.1287,84.6825,0.2111,13.7218,342.96,0.1999,173.88,551.4,85.0425,57.6,9.1096,0.1319,20.337,4.5575,570.2,286.695,0.1881,0.1318,4.872,66.2274,540,44.334
81.9975,492.83,85.3425,15.003,0.1252,86.775,57.6,15.7347,44.328,278.2,531.24,47.5779,709.92,12.35,72.2907,709.92,342.96,521.69,82.26,361.75,0.1301,599.94,83.46,24.912,78.042,33.27,4.5575,9.607,9.9922,599.94,19.4674,4.125,2.6,76.7902,2.6,0.1293,357.2357,173.7585,11.1296,84.6375,0.2111,13.7258,342.96,0.1999,173.754,551.44,85.0575,57.5625,9.1102,0.1319,20.337,4.5575,570.35,286.8975,0.1881,0.1318,4.878,66.2275,540,44.328
81.9675,492.86,85.32,15.0038,0.1252,86.875,57.6,15.7349,44.328,278.25,531.27,47.6096,709.92,12.35,72.2908,709.92,342.96,521.72,82.305,361.75,0.1301,599.94,83.415,24.912,78.0758,33.27,4.5575,9.607,9.9924,599.94,19.4676,3.925,2.6,76.7902,2.6,0.1293,357.0291,174.069,11.1291,84.5925,0.2111,13.7298,342.96,0.1999,174.062,551.48,85.0875,57.525,9.1102,0.1319,20.3369,4.5575,571,286.2675,0.1882,0.1318,4.883,66.2277,540,44.328
81.9675,492.92,85.305,15.0046,0.1252,86.05,57.6,15.7352,44.316,278.25,531.33,47.6373,709.92,12.352,72.291,709.92,342.96,521.75,82.3125,361.8,0.1301,599.94,83.3775,24.8955,78.1095,33.27,4.5575,9.608,9.9925,599.94,19.4679,4.2125,2.6,76.7902,2.6,0.1293,357.098,173.7855,11.1292,84.585,0.2111,13.7338,342.96,0.1999,173.782,551.52,85.14,57.525,9.1102,0.1319,20.3368,4.5575,570.3,286.4925,0.1883,0.1318,4.888,66.2279,540,44.316
81.93,492.95,85.32,14.9969,0.1252,86.05,57.525,15.7354,44.31,278.3,531.36,47.6686,709.92,12.353,72.2911,709.92,342.96,521.81,82.335,361.85,0.1301,599.88,83.4375,24.89,78.1433,33.27,4.5575,9.608,9.9927,599.88,19.4689,4.4859,2.6,76.7902,2.6,0.1293,357.6146,174.0555,11.1293,84.5775,0.2112,13.7378,342.96,0.1999,174.048,551.56,85.0875,57.6,9.1096,0.1319,20.3367,4.5575,570.1,286.56,0.1884,0.1318,4.895,66.228,540,44.31
81.8925,492.98,85.365,14.9974,0.1252,86.475,57.525,15.7357,44.328,278.3,531.54,47.7155,709.92,12.353,72.2912,709.92,342.96,521.84,82.335,361.85,0.1301,599.88,83.4075,24.879,78.177,33.27,4.5575,9.608,9.9929,599.88,19.4694,4.1453,2.6,76.7902,2.6,0.1293,357.3391,173.286,11.1294,84.54,0.2111,13.7525,342.96,0.1999,173.292,551.6,85.11,57.5625,9.1096,0.1319,20.3366,4.5575,570.9,286.4475,0.1884,0.1318,4.9,66.2282,540,44.292
81.9,493.01,85.3875,14.998,0.1252,86.15,57.6,15.7329,44.328,278.3,531.54,47.7155,709.92,12.353,72.2913,709.92,342.96,521.87,82.3125,361.9,0.1301,599.94,83.3775,24.868,78.2108,33.27,4.555,9.609,9.993,599.94,19.4691,4.5953,2.6,76.7902,2.6,0.1294,357.0291,173.61,11.1302,84.5175,0.2111,13.7571,342.96,0.1999,173.614,551.72,85.0725,57.525,9.1096,0.1319,20.3366,4.555,570.6,286.9425,0.1885,0.1318,4.906,66.2284,540,44.328
81.945,493.07,85.365,15.0071,0.1252,86.175,57.6,15.7322,44.364,278.35,531.66,47.7346,709.92,12.352,72.2915,709.92,342.96,521.93,82.26,361.9,0.1301,599.94,83.3775,24.8735,78.2445,33.27,4.5575,9.608,9.9932,599.94,19.4694,4.0187,2.6,76.7902,2.6,0.1293,357.5113,172.719,11.1305,84.555,0.211,13.7618,342.96,0.1999,172.718,551.8,85.05,57.6,9.1096,0.1319,20.3365,4.5575,570.7,286.8975,0.1885,0.1318,4.91,66.2285,540,44.364
81.99,493.1,85.335,15.008,0.125,86.025,57.6,15.7314,45.264,278.4,532.05,47.7525,710,12.352,72.291,710,342.99,521.96,82.2675,361.95,0.1299,600.12,83.3775,24.89,78.2783,33.27,4.56,9.608,9.9926,600.12,19.4674,4.0187,2.6002,76.7894,2.6002,0.1292,357.1669,173.4345,11.1309,84.585,0.2106,13.7665,342.99,0.1993,173.432,551.92,85.02,57.525,9.1102,0.1318,20.3364,4.56,570.65,286.3575,0.1882,0.1318,4.913,66.2287,540,44.862
82.0125,493.13,85.305,15.0088,0.1248,86.175,57.5625,15.7337,45.264,278.4,532.05,47.7525,710.08,12.352,72.2903,710.08,343.02,522.02,82.2375,362,0.1297,600.24,83.3625,25.044,78.312,33.27,4.5675,9.6,9.9925,600.24,19.4654,4.7625,2.6006,76.7877,2.6006,0.129,357.0291,173.2185,11.1274,84.63,0.2101,13.7711,343.02,0.199,173.208,552.08,85.065,57.6,9.1113,0.1316,20.3363,4.5675,570.2,286.9425,0.1879,0.1315,4.898,66.2281,540,45.264
81.9675,493.19,85.3125,15.0096,0.1246,86.65,57.5625,15.7339,45.948,278.45,532.5,47.7594,710.24,12.354,72.289,710.24,343.05,522.05,82.29,362.05,0.1295,600.42,83.3625,25.242,78.3458,33.27,4.5725,9.592,9.9917,600.42,19.4621,4.7625,2.601,76.7854,2.601,0.1288,357.9934,173.502,11.1265,84.6525,0.2098,13.7758,343.05,0.1986,173.502,552.32,85.0725,57.6,9.1124,0.1314,20.3363,4.5725,570.35,286.155,0.1879,0.1314,4.894,66.228,540,45.636
81.99,493.22,85.2825,15.0019,0.1244,86.4,57.6,15.7342,45.948,278.5,532.5,47.7594,710.32,12.354,72.288,710.32,343.11,522.11,82.3425,362.1,0.1294,600.54,83.355,25.451,78.3796,33.27,4.5775,9.582,9.9914,600.54,19.4589,4.4812,2.6008,76.7849,2.6008,0.1286,357.649,173.8395,11.1256,84.6375,0.2095,13.7805,343.11,0.1983,173.838,552.56,85.0575,57.5625,9.1124,0.1312,20.3362,4.5775,570.05,286.4925,0.188,0.1311,4.907,66.2272,540,45.948
81.96,493.28,85.335,15.0024,0.1243,86.7,57.6,15.7344,46.176,278.55,532.71,47.7634,710.4,12.354,72.2868,710.4,343.14,522.14,82.38,362.15,0.1292,600.6,83.4,25.6435,78.4133,33.27,4.5825,9.572,9.9903,600.6,19.4559,3.8719,2.6012,76.7824,2.6012,0.1284,357.0636,174.2445,11.1277,84.6075,0.2094,13.7851,343.14,0.198,174.244,552.8,85.0575,57.6,9.1135,0.131,20.3361,4.5825,570.7,286.8975,0.1883,0.131,4.934,66.2269,540,46.176
81.945,493.31,85.3425,15.003,0.1242,86.775,57.525,15.7347,46.29,278.55,532.92,47.7665,710.32,12.354,72.2868,710.32,343.14,522.2,82.3875,362.2,0.1292,600.48,83.3775,25.8085,78.4471,33.27,4.585,9.563,9.9897,600.48,19.4549,4.6656,2.6014,76.7802,2.6014,0.1283,357.6835,174.258,11.1278,84.6525,0.2092,13.7898,343.14,0.1979,174.258,553.04,85.1025,57.5625,9.1135,0.1309,20.336,4.585,570.7,286.4025,0.1887,0.1309,4.969,66.2265,540,46.29
81.915,493.34,85.32,15.0035,0.1241,86.875,57.6,15.7349,46.326,278.6,533.34,47.7703,710.32,12.353,72.2858,710.32,343.17,522.23,82.4025,362.25,0.1291,600.36,83.3475,25.924,78.5314,33.275,4.59,9.555,9.9891,600.36,19.4544,4.6656,2.601,76.7786,2.601,0.1283,357.8901,174.096,11.1278,84.6225,0.2091,13.7945,343.17,0.1979,174.104,553.24,85.0725,57.6375,9.1129,0.1308,20.336,4.5875,570.1,286.74,0.1891,0.1308,5.008,66.2249,540,46.338
81.885,493.4,85.2675,15.0041,0.124,86.15,57.5625,15.7352,46.326,278.65,533.34,47.7703,710.32,12.353,72.2858,710.32,343.17,522.29,82.395,362.3,0.1291,600.36,83.4,26.0065,78.5658,33.275,4.59,9.549,9.9885,600.36,19.4529,4.1484,2.601,76.7786,2.601,0.1282,357.4424,173.718,11.1279,84.5925,0.2091,13.7991,343.17,0.1979,173.712,553.44,85.0725,57.525,9.1135,0.1308,20.3359,4.59,569.95,286.065,0.1895,0.1307,5.046,66.2249,540,46.326
81.93,493.46,85.2675,15.0046,0.124,86.35,57.6,15.7354,46.248,278.65,533.76,47.7705,710.4,12.353,72.2847,710.4,343.17,522.35,82.3725,362.35,0.1291,600.18,83.445,26.0505,78.6508,33.28,4.59,9.545,9.9887,600.18,19.4536,4.7922,2.6012,76.7766,2.6012,0.1282,356.9947,173.2185,11.128,84.615,0.209,13.8038,343.17,0.1979,173.222,553.68,85.0575,57.5625,9.1135,0.1308,20.3358,4.59,570.1,286.11,0.1899,0.1307,5.08,66.2243,540,46.29
81.9375,493.49,85.2975,15.0057,0.124,86.9,57.5625,15.7357,46.17,278.7,533.88,47.7807,710.4,12.353,72.2841,710.32,343.17,522.38,82.3875,362.35,0.1291,600.18,83.4675,26.0615,78.7714,33.285,4.59,9.541,9.988,600.12,19.4529,3.8687,2.6006,76.7766,2.6006,0.1282,357.8212,173.3265,11.1281,84.5775,0.2091,13.8131,343.17,0.1979,173.334,553.92,85.1025,57.6,9.1129,0.1308,20.3357,4.59,570.7,286.9425,0.1901,0.1307,5.108,66.2239,540,46.248
81.9375,493.55,85.245,15.0057,0.124,86.725,57.6,15.7329,46.17,278.7,533.88,47.7807,710.32,12.353,72.2841,710.32,343.17,522.44,82.425,362.4,0.1292,600.12,83.5125,26.0615,78.7714,33.285,4.59,9.539,9.988,600.12,19.4529,3.8687,2.6006,76.7766,2.6006,0.1282,357.8557,174.069,11.1282,84.555,0.2093,13.8131,343.17,0.198,174.076,554.12,85.1325,57.6,9.1124,0.1308,20.3357,4.59,570.25,286.11,0.1904,0.1307,5.13,66.2239,540,46.17
81.96,493.58,85.2,15.0063,0.1241,86.575,57.6,15.7322,45.78,278.75,534.03,47.811,710.16,12.353,72.2848,710.16,343.17,522.5,82.4625,362.45,0.1292,600.06,83.505,26.045,78.8577,33.29,4.5875,9.538,9.9877,600.06,19.4531,4.0969,2.6006,76.7759,2.6006,0.1283,357.1324,174.2445,11.1282,84.6,0.2095,13.8178,343.17,0.1982,174.244,554.24,85.1475,57.6,9.1118,0.1308,20.3356,4.5875,570.5,286.155,0.1907,0.1308,5.148,66.2235,540,46.002
81.93,493.64,85.1925,15.0069,0.1242,86.8,57.6,15.7314,45.78,278.75,534.03,47.811,710.16,12.354,72.2846,710.16,343.14,522.56,82.425,362.45,0.1293,600,83.505,25.9955,78.8939,33.29,4.585,9.539,9.9881,600,19.4536,4.4828,2.6004,76.7759,2.6004,0.1283,357.6835,173.7585,11.1283,84.5625,0.2097,13.8225,343.14,0.1984,173.754,554.32,85.185,57.5625,9.1118,0.1309,20.3355,4.585,570.45,286.695,0.1909,0.1309,5.166,66.2232,540,45.78
81.9,493.7,85.1775,15.0074,0.1243,86.725,57.525,15.7337,45.546,278.8,534.09,47.8276,710.08,12.354,72.285,710.08,343.14,522.62,82.38,362.5,0.1295,599.94,83.52,25.9075,78.9808,33.295,4.5825,9.541,9.988,599.94,19.4544,4.4828,2.6002,76.7762,2.6002,0.1284,357.4424,173.3805,11.1284,84.6,0.2098,13.8378,343.14,0.1986,173.376,554.4,85.2225,57.5625,9.1113,0.131,20.3354,4.5825,570.65,286.56,0.1912,0.131,5.182,66.2236,540,45.546
81.9,493.73,85.2,15.0085,0.1244,86.975,57.5625,15.7342,45.036,278.8,534.06,47.8791,710,12.354,72.2854,710,343.08,522.65,82.365,362.55,0.1296,599.82,83.4675,25.7975,79.1058,33.3,4.575,9.545,9.9886,599.7,19.4584,4.3406,2.5996,76.7782,2.6,0.1286,357.7868,174.0825,11.1285,84.6,0.2102,13.8485,343.11,0.1989,174.09,554.44,85.215,57.6,9.1108,0.1311,20.3353,4.58,570.85,286.11,0.1913,0.1311,5.191,66.2235,540,45.318
81.9225,493.79,85.185,15.0085,0.1245,86.05,57.5625,15.7342,45.036,278.85,534.06,47.8791,710,12.354,72.2854,710,343.08,522.71,82.32,362.6,0.1297,599.7,83.4675,25.671,79.1058,33.3,4.575,9.549,9.9886,599.7,19.4584,4.8344,2.5996,76.7782,2.5996,0.1287,357.4768,173.8125,11.1285,84.57,0.2104,13.8485,343.08,0.1991,173.81,554.44,85.2225,57.6,9.1102,0.1312,20.3353,4.575,570,286.02,0.1915,0.1312,5.193,66.2235,540,45.036
81.9525,493.85,85.185,15.0091,0.1247,86.45,57.5625,15.7344,44.502,278.9,533.97,47.9385,709.92,12.354,72.2861,709.92,343.05,522.77,82.365,362.6,0.1299,599.64,83.4825,25.5335,79.1939,33.305,4.57,9.556,9.9888,599.64,19.4604,4.3531,2.5994,76.7794,2.5994,0.1288,356.9602,173.2995,11.1286,84.5925,0.2106,13.8538,343.05,0.1994,173.306,554.4,85.17,57.5625,9.1096,0.1314,20.3352,4.57,570.6,286.92,0.1916,0.1314,5.193,66.2241,540,44.754
81.945,493.88,85.185,15.0102,0.1248,86.675,57.525,15.7347,44.268,278.9,533.85,47.9779,710,12.354,72.2862,709.92,342.99,522.83,82.3425,362.65,0.13,599.7,83.4375,25.3795,79.3208,33.31,4.5625,9.563,9.9899,599.58,19.4639,4.3531,2.5988,76.7834,2.5992,0.129,357.098,173.367,11.1287,84.615,0.2109,13.8645,343.02,0.1997,173.362,554.4,85.155,57.5625,9.1091,0.1315,20.3351,4.5675,570.25,286.11,0.1916,0.1315,5.188,66.2245,540,44.502
81.945,493.94,85.155,15.0107,0.125,86.775,57.5625,15.7349,44.01,278.95,533.73,48.0178,709.92,12.354,72.2869,709.84,342.99,522.86,82.38,362.75,0.1301,599.58,83.4225,25.22,79.3595,33.31,4.5575,9.57,9.9899,599.58,19.4639,4.7969,2.5986,76.7857,2.5988,0.1292,357.2013,173.9745,11.1288,84.5925,0.2112,13.8645,342.99,0.1999,173.978,554.32,85.1775,57.6,9.1086,0.1317,20.335,4.5625,570,286.0425,0.1915,0.1317,5.175,66.2254,540,44.268
81.9375,494,85.1925,15.0113,0.1251,86.9,57.525,15.7354,43.764,279,533.61,48.0582,709.76,12.354,72.2878,709.76,342.93,522.92,82.4025,362.8,0.1303,599.58,83.4675,24.9395,79.3983,33.31,4.555,9.578,9.9907,599.58,19.4671,4.2828,2.5988,76.7867,2.5988,0.1293,357.1324,173.6775,11.1289,84.585,0.2114,13.8751,342.93,0.2002,173.67,554.2,85.17,57.6,9.108,0.1318,20.3349,4.5575,570.15,286.425,0.1914,0.1318,5.158,66.2258,540,43.764
81.9375,494.03,85.1925,15.0118,0.1253,86.1,57.6,15.7357,43.764,279.05,533.61,48.084,709.76,12.354,72.2882,709.76,342.93,522.98,82.4025,362.85,0.1304,599.58,83.4675,24.9395,79.437,33.31,4.555,9.586,9.9911,599.58,19.4689,4.2828,2.5988,76.7882,2.5988,0.1294,357.0291,173.6775,11.129,84.585,0.2117,13.8805,342.93,0.2004,173.67,554.08,85.17,57.5625,9.108,0.132,20.3348,4.555,570.5,286.785,0.1912,0.1319,5.139,66.2262,540,43.764
81.9375,494.03,85.1925,15.0118,0.1253,86.1,57.6,15.7357,43.764,279.05,533.61,48.084,709.76,12.354,72.2882,709.76,342.93,522.98,82.4025,362.85,0.1304,599.58,83.4675,24.9395,79.437,33.31,4.555,9.586,9.9911,599.58,19.4689,4.2828,2.5988,76.7882,2.5988,0.1294,357.0291,173.6775,11.129,84.585,0.2117,13.8805,342.93,0.2004,173.67,554.08,85.17,57.5625,9.108,0.132,20.3348,4.555,570.5,286.785,0.1912,0.1319,5.139,66.2262,540,43.764
81.9375,494.03,85.1925,15.013,0.1253,86.1,57.6,15.7362,43.764,279.05,533.61,48.1356,709.76,12.354,72.2889,709.76,342.93,522.98,82.4025,362.85,0.1304,599.58,83.4675,24.9395,79.5145,33.31,4.555,9.586,9.992,599.58,19.4724,4.2828,2.5988,76.7912,2.5988,0.1294,357.0291,173.6775,11.1292,84.585,0.2117,13.8911,342.93,0.2004,173.67,554.08,85.17,57.5625,9.108,0.132,20.3347,4.555,570.5,286.785,0.1912,0.1319,5.139,66.2271,540,43.764
81.9375,494.03,85.1925,15.0135,0.1253,86.1,57.6,15.7334,43.554,279.05,533.49,48.1765,709.76,12.354,72.2899,709.68,342.93,522.98,82.4025,362.85,0.1304,599.58,83.4675,24.9395,79.5533,33.31,4.55,9.586,9.9924,599.46,19.4756,4.6391,2.5992,76.7912,2.5988,0.1294,357.0291,173.6775,11.13,84.585,0.2117,13.8965,342.93,0.2004,173.67,554.08,85.17,57.5625,9.108,0.132,20.3346,4.555,570.5,286.785,0.1912,0.1319,5.139,66.2275,540,43.764
81.9075,494.09,85.2225,15.0141,0.1254,86.975,57.6,15.7327,43.422,279.1,533.4,48.214,709.68,12.356,72.2911,709.6,342.9,523.01,82.395,362.85,0.1305,599.46,83.4975,24.791,79.592,33.31,4.5475,9.594,9.9928,599.76,19.4741,4.6391,2.599,76.7929,2.5992,0.1295,357.649,173.394,11.1303,84.6225,0.2118,13.9018,342.93,0.2006,173.39,553.96,85.185,57.6,9.1086,0.1321,20.3345,4.55,570.55,285.93,0.191,0.1321,5.117,66.2279,540,43.554
81.9075,494.12,85.2225,15.0146,0.1255,86.95,57.5625,15.7327,43.308,279.15,533.25,48.2595,709.6,12.356,72.2917,709.6,342.87,523.07,82.395,362.95,0.1306,599.76,83.4975,24.659,79.6308,33.31,4.545,9.601,9.9932,599.7,19.4759,4.3391,2.5992,76.7934,2.599,0.1296,357.3391,173.7315,11.1307,84.6225,0.212,13.9071,342.9,0.2008,173.74,553.84,85.185,57.525,9.108,0.1322,20.3344,4.5475,570.3,286.695,0.1907,0.1322,5.091,66.2283,540,43.422
81.8625,494.18,85.1625,15.0152,0.1256,86.8,57.5625,15.7344,43.218,279.2,533.16,48.298,709.6,12.356,72.2929,709.52,342.87,523.1,82.365,363,0.1306,599.7,83.505,24.549,79.6189,33.305,4.5425,9.607,9.9936,599.82,19.4756,4.5609,2.5992,76.7944,2.5992,0.1297,357.3046,173.9205,11.131,84.6225,0.2122,13.9125,342.87,0.2009,173.922,553.72,85.1925,57.6,9.108,0.1323,20.3344,4.545,570.2,286.0875,0.1904,0.1322,5.06,66.2287,540,43.308
81.8625,494.21,85.1625,15.0157,0.1257,86.925,57.6375,15.7344,43.182,279.25,533.13,48.3294,709.52,12.356,72.2924,709.68,342.87,523.16,82.365,363.1,0.1307,599.82,83.505,24.461,79.6571,33.305,4.5425,9.613,9.994,599.64,19.4786,4.5938,2.599,76.7962,2.5992,0.1298,357.2702,173.691,11.131,84.6225,0.2122,13.9178,342.87,0.201,173.698,553.6,85.1925,57.5625,9.108,0.1323,20.3344,4.5425,570,286.8975,0.1902,0.1323,5.03,66.2292,540,43.218
81.9225,494.3,85.2,15.0163,0.1255,86.6,57.5625,15.7349,43.902,279.35,533.13,48.3572,709.76,12.357,72.2923,709.76,342.9,523.25,82.3275,363.2,0.1304,600.06,83.4975,24.351,79.6445,33.3,4.5475,9.622,9.9937,600.06,19.4749,4.6437,2.5994,76.7959,2.5994,0.1297,357.3046,173.7315,11.1266,84.6,0.2115,13.9231,342.9,0.2003,173.726,553.44,85.14,57.6,9.1086,0.1322,20.3342,4.5475,570.05,286.2225,0.1891,0.1322,4.982,66.2296,540,43.902
81.9225,494.3,85.2,15.0163,0.1255,86.6,57.5625,15.7349,44.502,279.35,533.28,48.3662,709.76,12.357,72.2914,709.92,342.9,523.25,82.3275,363.2,0.1304,600.06,83.4975,24.351,79.6445,33.3,4.555,9.622,9.9937,600.06,19.4749,3.9375,2.6,76.7944,2.5994,0.1297,357.3046,173.7315,11.1266,84.6,0.2115,13.9231,342.9,0.2003,173.726,553.44,85.14,57.6,9.1086,0.1322,20.3342,4.5475,570.05,286.2225,0.1891,0.1322,4.982,66.2292,540,43.902
81.9,494.36,85.2375,15.0174,0.1252,86.75,57.525,15.7357,45.072,279.4,533.52,48.3633,709.92,12.358,72.2903,710.08,342.99,523.28,82.2975,363.3,0.1301,600.3,83.535,24.5435,79.6683,33.295,4.565,9.615,9.9933,600.48,19.4681,4.4953,2.601,76.7907,2.6,0.1294,357.6146,173.3265,11.1285,84.6,0.2109,13.9445,342.93,0.1997,173.334,553.48,85.1775,57.5625,9.1096,0.132,20.3341,4.555,570.75,286.6725,0.1884,0.1319,4.931,66.2287,540,44.502
81.9225,494.39,85.2975,15.018,0.1249,86.575,57.525,15.7359,45.612,279.4,533.73,48.3631,710.08,12.358,72.2889,710.24,343.05,523.34,82.335,363.35,0.1298,600.48,83.5125,24.8295,79.6545,33.29,4.5725,9.605,9.9925,600.54,19.4654,4.4953,2.6016,76.7872,2.601,0.1291,357.4768,173.0295,11.1289,84.5925,0.2103,13.9505,342.99,0.1992,173.026,553.6,85.1325,57.6,9.1113,0.1317,20.334,4.565,570.45,286.4925,0.1881,0.1316,4.898,66.2286,540,45.072
81.9075,494.42,85.3275,15.0185,0.1247,86.175,57.525,15.7359,46.014,279.45,534,48.3546,710.24,12.359,72.2879,710.32,343.11,523.37,82.35,363.4,0.1296,600.54,83.55,25.132,79.6908,33.29,4.58,9.592,9.9921,600.72,19.4609,4.2812,2.6014,76.7859,2.6016,0.1288,356.9947,174.15,11.1289,84.615,0.2099,13.9565,343.05,0.1986,174.146,553.84,85.11,57.6,9.1129,0.1314,20.334,4.5725,570.8,286.7175,0.1881,0.1314,4.898,66.2277,540,45.612
81.9,494.48,85.3275,15.0191,0.1244,86.45,57.5625,15.7339,46.32,279.5,534.24,48.3488,710.32,12.359,72.2868,710.4,343.14,523.43,82.335,363.45,0.1293,600.72,83.5125,25.429,79.6764,33.285,4.585,9.578,9.991,600.66,19.4586,4.2812,2.6018,76.7827,2.6014,0.1285,357.4768,173.961,11.1292,84.57,0.2095,13.9625,343.11,0.1982,173.964,554.08,85.065,57.6,9.1129,0.1311,20.3339,4.58,570.15,286.65,0.1884,0.1311,4.922,66.2274,540,46.014
81.8775,494.57,85.2525,15.0282,0.124,86.45,57.6,15.7329,46.494,279.6,534.54,48.3345,710.4,12.36,72.2862,710.4,343.17,523.52,82.3425,363.55,0.1291,600.72,83.5575,25.913,79.712,33.285,4.59,9.553,9.9905,600.72,19.4551,4.2453,2.6016,76.7812,2.6016,0.1282,356.9947,173.61,11.1299,84.6375,0.209,13.9685,343.17,0.1978,173.6,554.6,85.0575,57.5625,9.114,0.1308,20.3337,4.59,570.65,286.4925,0.1893,0.1307,5.014,66.2263,540,46.494
81.8775,494.57,85.2525,15.0282,0.124,86.45,57.6,15.7329,46.596,279.6,534.81,48.3228,710.4,12.36,72.2856,710.4,343.17,523.52,82.3425,363.55,0.1291,600.72,83.5575,25.913,79.712,33.285,4.5925,9.553,9.9905,600.72,19.4551,4.2453,2.6018,76.7784,2.6016,0.1282,356.9947,173.61,11.1299,84.6375,0.209,13.9685,343.17,0.1978,173.6,554.6,85.0575,57.5625,9.114,0.1308,20.3337,4.59,570.65,286.4925,0.1893,0.1307,5.014,66.2257,540,46.494
81.855,494.6,85.2075,15.0299,0.1239,86.675,57.6,15.7349,46.572,279.6,535.08,48.3099,710.4,12.36,72.2849,710.4,343.2,523.58,82.305,363.6,0.129,600.6,83.5875,26.0615,79.8339,33.29,4.5925,9.544,9.9893,600.42,19.4534,4.7703,2.6014,76.7777,2.6018,0.1281,357.8901,174.0555,11.1295,84.6225,0.209,13.9805,343.2,0.1976,174.048,554.92,85.0425,57.6,9.114,0.1307,20.3336,4.5925,570.1,286.6275,0.1899,0.1306,5.066,66.2252,540,46.596
81.9,494.66,85.2375,15.0221,0.1239,86.525,57.6,15.7352,46.506,279.65,535.32,48.2997,710.4,12.36,72.2843,710.4,343.2,523.61,82.2525,363.65,0.1291,600.42,83.55,26.144,79.8702,33.29,4.5925,9.536,9.9887,600.42,19.4516,4.1891,2.6014,76.7759,2.6014,0.1281,357.2357,173.5425,11.1296,84.63,0.2089,13.9865,343.2,0.1977,173.544,555.2,85.095,57.525,9.114,0.1306,20.3335,4.5925,570.35,286.2225,0.1904,0.1306,5.113,66.2246,540,46.572
81.9075,494.69,85.2375,15.0227,0.1239,86.525,57.5625,15.7354,46.404,279.7,535.47,48.2999,710.4,12.362,72.2837,710.4,343.2,523.67,82.23,363.7,0.1291,600.42,83.565,26.1715,79.9064,33.29,4.5925,9.532,9.9889,600.24,19.4521,4.1891,2.6008,76.7764,2.6014,0.1281,357.7868,173.367,11.1297,84.585,0.2089,13.9925,343.2,0.1977,173.362,555.48,85.0575,57.5625,9.114,0.1306,20.3334,4.5925,570.8,285.93,0.1909,0.1306,5.157,66.224,540,46.506
81.885,494.75,85.245,15.0232,0.1239,86.7,57.6,15.7357,46.236,279.75,535.62,48.2994,710.4,12.362,72.2843,710.24,343.2,523.73,82.2225,363.75,0.1291,600.24,83.595,26.177,79.9932,33.295,4.5925,9.528,9.9885,600.18,19.4519,3.9547,2.6006,76.7762,2.6008,0.1281,357.4424,173.7045,11.1297,84.5925,0.209,13.9985,343.2,0.1978,173.712,555.72,85.02,57.5625,9.1135,0.1306,20.3334,4.5925,569.95,285.975,0.1913,0.1306,5.195,66.2234,540,46.404
81.9075,494.81,85.2375,15.0238,0.124,86.525,57.6,15.7329,45.996,279.8,535.68,48.3095,710.24,12.362,72.2839,710.24,343.17,523.79,82.2,363.8,0.1292,600.18,83.49,26.155,80.0301,33.295,4.59,9.526,9.989,600.06,19.4526,3.8906,2.6006,76.7754,2.6006,0.1282,357.6835,173.9205,11.1298,84.6375,0.2093,14.0045,343.2,0.198,173.922,555.88,85.02,57.5625,9.1129,0.1307,20.3333,4.5925,569.95,286.335,0.1917,0.1306,5.226,66.2236,540,46.236
81.9075,494.84,85.2375,15.0243,0.124,86.3,57.6,15.7322,45.702,279.8,535.71,48.3232,710.24,12.361,72.2842,710.16,343.14,523.85,82.2,363.85,0.1293,600.06,83.49,26.1055,80.1176,33.3,4.585,9.526,9.9889,600,19.4531,4.2016,2.6004,76.7754,2.6006,0.1282,357.8212,174.0825,11.1299,84.6375,0.2095,14.0105,343.17,0.1982,174.09,556.04,85.02,57.6375,9.1124,0.1308,20.3332,4.59,570,286.6725,0.1921,0.1307,5.254,66.2233,540,45.996
81.9075,494.9,85.215,15.0249,0.1242,86.175,57.5625,15.7314,45.378,279.85,535.68,48.3443,710.16,12.361,72.2846,710.08,343.11,523.91,82.1775,363.9,0.1295,600,83.49,26.023,80.2058,33.305,4.5825,9.528,9.9888,599.88,19.4546,4.2016,2.6,76.7764,2.6004,0.1283,357.0636,173.88,11.13,84.6,0.2098,14.0165,343.14,0.1985,173.88,556.08,84.9825,57.525,9.1113,0.1309,20.3331,4.585,569.85,285.9975,0.1925,0.1309,5.278,66.2237,540,45.702
81.9375,494.96,85.215,15.0254,0.1243,86.225,57.5625,15.7337,45.012,279.9,535.65,48.3656,710.08,12.361,72.2851,710,343.08,523.94,82.2075,363.95,0.1296,599.88,83.52,25.902,80.2439,33.305,4.5775,9.532,9.9895,599.7,19.4574,4.225,2.5998,76.7772,2.6,0.1285,357.7523,174.096,11.1301,84.6075,0.2101,14.0225,343.11,0.1988,174.104,556.12,84.9525,57.6,9.1108,0.131,20.3331,4.5825,569.8,286.8525,0.1928,0.131,5.297,66.2236,540,45.378
81.975,495.05,85.1925,15.026,0.1247,86.425,57.525,15.7339,44.64,279.95,535.59,48.3906,709.92,12.361,72.2857,709.92,343.05,524.06,82.26,364.05,0.13,599.58,83.5725,25.561,80.3326,33.31,4.57,9.545,9.9896,599.58,19.4601,4.7922,2.5994,76.7789,2.5994,0.1288,356.8914,173.151,11.1301,84.5775,0.2107,14.0285,343.05,0.1996,173.152,556.08,84.96,57.5625,9.1096,0.1314,20.333,4.57,570.7,286.38,0.1933,0.1314,5.317,66.2243,540,44.64
81.975,495.05,85.1925,15.0266,0.1247,86.425,57.525,15.7342,44.316,279.95,535.53,48.416,709.92,12.361,72.2871,709.76,343.02,524.06,82.26,364.05,0.13,599.58,83.5725,25.561,80.3714,33.31,4.565,9.545,9.9905,599.46,19.4634,4.7922,2.599,76.7812,2.5994,0.1288,356.8914,173.151,11.1302,84.5775,0.2107,14.0451,343.05,0.1996,173.152,556.08,84.96,57.5625,9.1096,0.1314,20.3329,4.57,570.7,286.38,0.1933,0.1314,5.317,66.2244,540,44.64
81.93,495.11,85.14,15.0271,0.1249,86.725,57.5625,15.7344,44.04,280,535.44,48.4453,709.76,12.361,72.2868,709.84,342.99,524.12,82.2525,364.1,0.1302,599.46,83.475,25.3575,80.4101,33.31,4.56,9.554,9.991,599.52,19.4649,4.8234,2.5986,76.7839,2.599,0.1291,357.6835,172.8945,11.1273,84.5175,0.211,14.0518,343.02,0.1999,172.886,556,84.9375,57.6,9.1086,0.1316,20.3328,4.565,570.7,285.9525,0.1933,0.1316,5.318,66.2253,540,44.316
81.93,495.17,85.14,15.0191,0.1251,86.275,57.6,15.7347,43.788,280.05,535.26,48.4863,709.84,12.362,72.2877,709.76,342.96,524.18,82.2525,364.15,0.1304,599.52,83.475,25.1485,80.4489,33.31,4.555,9.564,9.9914,599.58,19.4661,4.8234,2.5984,76.7864,2.5986,0.1292,357.1324,173.0835,11.1264,84.5175,0.2113,14.0585,342.99,0.2002,173.082,555.96,84.9375,57.5625,9.108,0.1318,20.3328,4.56,569.95,286.56,0.1933,0.1318,5.308,66.2258,540,44.04
81.915,495.23,85.1775,15.0193,0.1252,86.575,57.5625,15.7349,43.524,280.05,535.08,48.528,709.76,12.361,72.2887,709.68,342.93,524.21,82.26,364.2,0.1305,599.58,83.46,24.9615,80.5382,33.315,4.55,9.573,9.9918,599.46,19.4694,4.4344,2.5986,76.7877,2.5984,0.1294,357.2702,173.9205,11.1255,84.4875,0.2117,14.0651,342.96,0.2004,173.922,555.84,84.93,57.525,9.1074,0.1319,20.3327,4.555,569.9,286.47,0.1931,0.1319,5.291,66.2262,540,43.788
81.9975,495.26,85.2075,15.0196,0.1254,86.425,57.5625,15.7352,43.272,280.1,534.93,48.5666,709.6,12.361,72.2898,709.6,342.9,524.27,82.275,364.25,0.1306,599.34,83.5125,24.6535,80.527,33.31,4.5475,9.582,9.9922,599.34,19.4731,4.4344,2.5984,76.7902,2.5984,0.1295,357.098,173.016,11.1283,84.465,0.212,14.0718,342.9,0.2007,173.026,555.68,84.9825,57.6,9.1074,0.1321,20.3326,4.55,570.65,286.6725,0.193,0.132,5.268,66.2266,540,43.272
81.9975,495.32,85.2075,15.0285,0.1255,86.425,57.525,15.7354,43.422,280.15,534.81,48.6022,709.6,12.361,72.2904,709.6,342.87,524.33,82.275,364.3,0.1308,599.34,83.5125,24.6535,80.5657,33.31,4.545,9.591,9.9926,599.58,19.4729,4.8234,2.5988,76.7907,2.5984,0.1297,357.7523,173.016,11.1286,84.465,0.2121,14.0785,342.9,0.2009,173.026,555.48,84.9825,57.5625,9.1074,0.1322,20.3325,4.5475,570.75,286.5825,0.1928,0.1322,5.244,66.227,540,43.272
81.96,495.35,85.1625,15.0291,0.1256,86.7,57.5625,15.7357,43.518,280.2,534.72,48.6344,709.6,12.359,72.2911,709.6,342.9,524.36,82.2675,364.35,0.1307,599.58,83.4825,24.494,80.6045,33.31,4.5475,9.599,9.993,599.58,19.4746,3.9969,2.5988,76.7922,2.5988,0.1297,357.3391,173.5155,11.1289,84.5625,0.2121,14.0851,342.9,0.2008,173.782,555.32,85.005,57.5625,9.1074,0.1323,20.3325,4.545,570,286.8075,0.1922,0.1322,5.218,66.2274,540,43.422
81.96,495.41,85.1625,15.0296,0.1256,86.175,57.525,15.7337,43.626,280.25,534.6,48.6708,709.6,12.36,72.2917,709.6,342.9,524.42,82.2675,364.45,0.1307,599.58,83.4825,24.494,80.5926,33.305,4.5475,9.602,9.9935,599.82,19.4734,4.6594,2.5994,76.7914,2.5988,0.1297,357.8557,173.5155,11.1293,84.5625,0.2119,14.0918,342.9,0.2007,173.516,555.2,85.005,57.6,9.1074,0.1322,20.3324,4.5475,570.3,286.92,0.1916,0.1322,5.17,66.2279,540,43.518
81.9375,495.44,85.155,15.0302,0.1255,86.6,57.5625,15.7332,43.686,280.3,534.54,48.7001,709.6,12.36,72.2911,709.76,342.9,524.48,82.2975,364.5,0.1306,599.82,83.475,24.516,80.6308,33.305,4.5475,9.604,9.9939,599.82,19.4741,4.0781,2.5994,76.7922,2.5994,0.1297,357.408,174.2445,11.1296,84.5775,0.2119,14.0985,342.9,0.2006,174.244,555.08,85.02,57.5625,9.1086,0.1322,20.3323,4.5475,570.8,286.4925,0.1912,0.1322,5.126,66.2283,540,43.626
81.885,495.5,85.1475,15.0307,0.1255,86.775,57.5625,15.7327,43.746,280.35,534.48,48.7297,709.84,12.363,72.2908,709.84,342.9,524.51,82.2375,364.55,0.1305,599.82,83.505,24.593,80.6182,33.3,4.55,9.605,9.9943,599.82,19.4749,4.0781,2.5996,76.7922,2.5996,0.1296,357.1669,173.9475,11.1299,84.495,0.2118,14.1051,342.9,0.2006,173.95,554.96,85.0575,57.5625,9.1086,0.1322,20.3322,4.5475,570.6,286.83,0.1909,0.1322,5.094,66.2287,540,43.746
81.885,495.53,85.1475,15.0313,0.1254,86.325,57.6,15.7352,43.794,280.4,534.51,48.7482,709.84,12.363,72.2911,709.84,342.9,524.57,82.2375,364.65,0.1305,599.82,83.505,24.593,80.6557,33.3,4.55,9.605,9.9947,599.88,19.4749,4.7125,2.5996,76.7927,2.5996,0.1296,357.8212,173.9475,11.1303,84.495,0.2118,14.1118,342.9,0.2005,173.95,554.92,85.0575,57.5625,9.1086,0.1321,20.3321,4.55,569.95,286.2675,0.1907,0.1321,5.074,66.2291,540,43.746
81.8925,495.59,85.2075,15.0318,0.1254,86.35,57.5625,15.7349,43.866,280.45,534.54,48.7666,709.84,12.363,72.2913,709.84,342.93,524.6,82.2675,364.7,0.1305,599.88,83.5575,24.626,80.6426,33.295,4.55,9.605,9.9944,599.88,19.4754,4.7125,2.5996,76.7932,2.5996,0.1296,357.3046,173.5155,11.1306,84.555,0.2117,14.1185,342.9,0.2005,173.516,554.88,85.0725,57.6,9.1091,0.1321,20.3321,4.55,570.5,286.425,0.1906,0.1321,5.063,66.2295,540,43.794
81.84,495.62,85.1925,15.0324,0.1254,86.75,57.6375,15.7352,43.944,280.5,534.57,48.7849,709.84,12.365,72.2916,709.84,342.93,524.63,82.215,364.75,0.1305,599.88,83.5875,24.6425,80.6289,33.29,4.55,9.604,9.9945,599.88,19.4759,4.025,2.5996,76.7937,2.5996,0.1295,357.7523,173.34,11.1309,84.615,0.2116,14.1251,342.93,0.2004,173.348,554.88,85.125,57.5625,9.1091,0.1321,20.332,4.55,570.6,286.3125,0.1906,0.1321,5.057,66.23,540,43.866
81.84,495.65,85.1925,15.0329,0.1254,86.5,57.6,15.7332,43.98,280.5,534.63,48.7994,709.84,12.365,72.2918,709.84,342.93,524.69,82.215,364.8,0.1304,599.88,83.5875,24.659,80.6651,33.29,4.5525,9.603,9.9947,599.94,19.4756,4.675,2.5996,76.7942,2.5996,0.1295,357.7179,173.961,11.1275,84.615,0.2116,14.1318,342.93,0.2003,173.964,554.92,85.125,57.5625,9.1091,0.1321,20.3319,4.55,570.6,286.4025,0.1906,0.1321,5.055,66.2304,540,43.944
81.87,495.71,85.185,15.0335,0.1254,86.075,57.6,15.7357,44.046,280.55,534.66,48.8173,709.84,12.365,72.2921,709.84,342.93,524.72,82.185,364.85,0.1304,599.94,83.5875,24.6865,80.6507,33.285,4.5525,9.603,9.9949,600.12,19.4736,4.675,2.5998,76.7939,2.5996,0.1295,357.2357,173.205,11.1266,84.645,0.2114,14.1385,342.93,0.2003,173.208,554.92,85.1325,57.6,9.1091,0.132,20.3318,4.5525,570.4,286.8525,0.1906,0.132,5.056,66.23,540,43.98
81.96,495.74,85.2525,15.0427,0.1254,86.325,57.5625,15.7332,44.058,280.6,534.72,48.8314,709.84,12.365,72.2923,709.84,342.93,524.78,82.1775,364.9,0.1304,600.12,83.5575,24.7305,80.6357,33.28,4.5525,9.602,9.995,600.12,19.4731,4.75,2.5998,76.7942,2.5998,0.1295,357.2357,173.2995,11.1256,84.6675,0.2115,14.1558,342.93,0.2002,174.076,555,85.185,57.5625,9.1091,0.132,20.3318,4.5525,570.2,286.3125,0.1907,0.132,5.062,66.2302,540,44.058
81.96,495.8,85.2525,15.0435,0.1253,86.25,57.6,15.7349,44.088,280.65,534.75,48.8489,709.84,12.366,72.2926,709.84,342.93,524.81,82.1775,364.95,0.1304,600.12,83.5575,24.7305,80.6707,33.28,4.5525,9.601,9.9952,600.12,19.4726,4.0266,2.5998,76.7944,2.5998,0.1295,357.4768,173.2995,11.1285,84.6675,0.2114,14.1631,342.93,0.2002,173.306,555.04,85.185,57.525,9.1091,0.132,20.3317,4.5525,570.7,286.0425,0.1908,0.132,5.069,66.2304,540,44.058
82.035,495.83,85.215,15.0443,0.1253,86.6,57.5625,15.7329,44.058,280.7,534.78,48.8664,709.84,12.366,72.2928,709.84,342.93,524.87,82.17,365,0.1304,600.12,83.6325,24.747,80.6551,33.275,4.5525,9.6,9.9954,599.94,19.4744,4.0266,2.5998,76.7947,2.5998,0.1295,357.1669,174.096,11.1288,84.645,0.2114,14.1705,342.93,0.2002,174.09,555.12,85.23,57.525,9.1096,0.132,20.3316,4.5525,570.5,286.605,0.1909,0.132,5.079,66.2305,540,44.088
81.9975,495.86,85.245,15.0366,0.1253,86.925,57.6,15.7347,44.004,280.75,534.78,48.8875,709.84,12.366,72.2931,709.84,342.93,524.9,82.1475,365.1,0.1304,599.94,83.6175,24.7415,80.6895,33.275,4.5525,9.599,9.9948,599.94,19.4746,4.5453,2.5998,76.7949,2.5998,0.1295,357.408,174.0555,11.1291,84.6225,0.2115,14.1778,342.93,0.2002,174.048,555.12,85.2,57.5625,9.1096,0.132,20.3315,4.5525,570.05,286.5825,0.1911,0.132,5.089,66.2307,540,44.004
81.9975,495.92,85.245,15.0371,0.1254,86.525,57.6,15.7349,43.926,280.8,534.84,48.9011,709.84,12.368,72.2933,709.84,342.93,524.96,82.1475,365.15,0.1305,599.94,83.6175,24.7415,80.6733,33.27,4.55,9.599,9.9955,599.88,19.4756,4.5453,2.5996,76.7959,2.5998,0.1295,357.3391,174.0555,11.1287,84.6225,0.2115,14.1851,342.93,0.2003,174.048,555.16,85.2,57.525,9.1096,0.132,20.3315,4.5525,570.8,286.29,0.1912,0.132,5.1,66.2309,540,44.004
81.93,495.95,85.305,15.0377,0.1254,86.7,57.525,15.7352,43.866,280.85,534.84,48.9219,709.84,12.368,72.2936,709.84,342.9,524.99,82.2,365.2,0.1305,599.88,83.58,24.714,80.707,33.27,4.55,9.6,9.9956,599.88,19.4761,4.25,2.5996,76.7964,2.5996,0.1295,357.5457,173.556,11.1288,84.6075,0.2115,14.1925,342.93,0.2003,173.558,555.16,85.2375,57.6,9.1096,0.1321,20.3314,4.55,570.55,286.3125,0.1914,0.1321,5.112,66.231,540,43.926
81.945,496.04,85.2675,15.0382,0.1255,86.425,57.6,15.7354,43.788,280.95,534.87,48.939,709.76,12.367,72.2945,709.76,342.9,525.08,82.215,365.35,0.1306,599.88,83.58,24.6315,80.7408,33.27,4.5475,9.603,9.9965,599.88,19.4766,4.45,2.5994,76.7977,2.5994,0.1296,357.2013,173.61,11.1289,84.585,0.2117,14.1998,342.9,0.2005,173.614,555.24,85.2075,57.6,9.1096,0.1322,20.3313,4.5475,570.4,286.245,0.1916,0.1322,5.128,66.2312,540,43.788
81.945,496.04,85.2675,15.0388,0.1255,86.425,57.6,15.7357,43.716,280.95,534.87,48.9597,709.76,12.367,72.2948,709.76,342.9,525.08,82.215,365.35,0.1306,599.88,83.58,24.6315,80.7239,33.265,4.5475,9.603,9.9962,600,19.4756,4.45,2.6,76.7962,2.5994,0.1296,357.2013,173.61,11.1289,84.585,0.2117,14.2071,342.9,0.2005,173.614,555.24,85.2075,57.6,9.1096,0.1322,20.3312,4.5475,570.4,286.245,0.1916,0.1322,5.128,66.2314,540,43.788
81.9375,496.13,85.275,15.0393,0.1256,86.55,57.5625,15.7329,43.632,281.05,534.84,48.9842,709.76,12.367,72.2952,709.76,342.9,525.17,82.2675,365.45,0.1307,599.94,83.64,24.5435,80.757,33.265,4.545,9.606,9.9964,599.94,19.4764,4.3266,2.5998,76.7969,2.5998,0.1297,357.6146,174.1365,11.129,84.5475,0.2119,14.2145,342.9,0.2006,174.146,555.28,85.155,57.6,9.1096,0.1322,20.3312,4.545,570.95,286.5825,0.1918,0.1322,5.135,66.2316,540,43.632
81.9675,496.16,85.2525,15.0399,0.1256,86.175,57.525,15.7322,43.53,281.1,534.87,49.0013,709.68,12.367,72.2962,709.68,342.87,525.2,82.23,365.55,0.1308,599.94,83.655,24.494,80.7395,33.26,4.545,9.609,9.9966,599.94,19.4766,4.55,2.5998,76.7972,2.5998,0.1297,357.9245,173.448,11.1291,84.51,0.2119,14.2218,342.87,0.2007,173.46,555.24,85.1775,57.5625,9.1096,0.1323,20.3311,4.545,570.9,286.2,0.1919,0.1322,5.137,66.2317,540,43.53
81.9675,496.16,85.2525,15.0404,0.1256,86.175,57.525,15.7314,43.47,281.1,534.84,49.0258,709.68,12.367,72.2967,709.68,342.87,525.2,82.23,365.55,0.1308,599.94,83.655,24.494,80.772,33.26,4.5425,9.609,9.9967,599.88,19.4776,4.55,2.5996,76.7982,2.5998,0.1297,357.9245,173.448,11.1292,84.51,0.2119,14.2291,342.87,0.2007,173.46,555.24,85.1775,57.5625,9.1091,0.1323,20.331,4.545,570.9,286.2,0.1919,0.1322,5.137,66.2319,540,43.53
81.9675,496.19,85.2525,15.041,0.1257,86.475,57.6,15.7337,43.392,281.15,534.81,49.0504,709.84,12.367,72.296,709.84,342.87,525.26,82.32,365.6,0.1308,599.88,83.61,24.3895,80.8045,33.26,4.5425,9.611,9.9969,599.88,19.4781,4.6109,2.5996,76.7987,2.5996,0.1298,357.8901,173.907,11.1293,84.5475,0.2121,14.2365,342.87,0.2008,174.062,555.24,85.1475,57.6,9.1091,0.1323,20.3309,4.5425,570.25,286.29,0.1919,0.1323,5.139,66.2328,540,43.392
81.9825,496.28,85.2825,15.0415,0.1258,86.75,57.6,15.7339,43.32,281.2,534.78,49.0751,709.76,12.366,72.2968,709.76,342.84,525.35,82.2825,365.7,0.1309,599.82,83.5575,24.3455,80.7864,33.255,4.54,9.616,9.9971,599.82,19.4794,4.5156,2.5994,76.7999,2.5994,0.1299,357.3046,174.231,11.1293,84.5175,0.2122,14.2438,342.84,0.2009,174.23,555.2,85.185,57.5625,9.1086,0.1324,20.3309,4.54,571,286.1325,0.1919,0.1324,5.133,66.2332,540,43.32
82.0275,496.28,85.29,15.0421,0.1258,86.75,57.6,15.7342,43.236,281.2,534.75,49.1,709.76,12.366,72.2972,709.76,342.84,525.35,82.275,365.7,0.1309,599.82,83.5125,24.3455,80.8182,33.255,4.54,9.616,9.9972,599.82,19.4801,4.5156,2.5994,76.8007,2.5994,0.1299,357.3046,174.231,11.1294,84.495,0.2122,14.2511,342.84,0.2009,174.23,555.2,85.1775,57.5625,9.1086,0.1324,20.3308,4.54,571,286.1325,0.1919,0.1324,5.133,66.2336,540,43.32
82.065,496.37,85.245,15.034,0.1258,86.575,57.6,15.7344,43.2,281.3,534.75,49.1212,709.76,12.367,72.2976,709.76,342.84,525.41,82.275,365.85,0.131,599.82,83.4975,24.252,80.7995,33.25,4.5375,9.62,9.9974,599.82,19.4809,4.6562,2.5994,76.8014,2.5994,0.13,357.649,173.5425,11.1295,84.495,0.2122,14.2691,342.84,0.201,173.53,555.16,85.1325,57.525,9.1086,0.1325,20.3307,4.5375,570.45,286.4925,0.1918,0.1325,5.127,66.2341,540,43.2
82.0125,496.4,85.29,15.0343,0.1259,86.25,57.6,15.7347,43.188,281.35,534.75,49.1424,709.76,12.367,72.298,709.76,342.84,525.47,82.32,365.9,0.131,599.76,83.5125,24.208,80.7801,33.245,4.5375,9.622,9.9976,599.76,19.4824,4.0484,2.5994,76.8022,2.5994,0.13,357.649,173.907,11.1296,84.5325,0.2123,14.2771,342.84,0.2011,173.908,555.16,85.095,57.6375,9.1086,0.1325,20.3306,4.5375,570.5,286.785,0.1918,0.1325,5.121,66.2345,540,43.188
82.005,496.4,85.2675,15.0346,0.1259,86.25,57.6,15.7349,43.182,281.35,534.78,49.1599,709.76,12.367,72.2983,709.76,342.84,525.47,82.3275,365.9,0.131,599.76,83.535,24.208,80.8108,33.245,4.5375,9.622,9.9977,599.94,19.4811,4.0484,2.5998,76.8014,2.5994,0.13,357.649,173.907,11.1296,84.51,0.2123,14.2851,342.84,0.2011,173.908,555.16,85.065,57.6375,9.1086,0.1325,20.3305,4.5375,570.5,286.785,0.1918,0.1325,5.121,66.2349,540,43.182
82.02,496.46,85.245,15.0349,0.1258,86.075,57.6,15.7352,43.344,281.45,534.75,49.1847,709.76,12.364,72.2987,709.76,342.84,525.53,82.3275,366.05,0.1309,600,83.52,24.1805,80.7907,33.24,4.5375,9.625,9.9979,600,19.4806,3.9641,2.5998,76.8017,2.5998,0.13,357.649,174.2445,11.1297,84.555,0.2122,14.2931,342.84,0.2009,174.258,555.16,85.0875,57.6,9.1091,0.1325,20.3305,4.5375,570.6,286.4925,0.1916,0.1325,5.109,66.2353,540,43.344
81.9675,496.52,85.2525,15.0352,0.1258,86.45,57.6,15.7354,43.446,281.5,534.81,49.1984,709.76,12.364,72.2991,709.76,342.84,525.59,82.365,366.1,0.1309,600.06,83.4825,24.219,80.8207,33.24,4.54,9.623,9.9981,600.06,19.4799,4.3703,2.6,76.8012,2.6,0.1299,357.2702,173.826,11.1298,84.57,0.212,14.3011,342.84,0.2008,173.824,555.16,85.125,57.6,9.1091,0.1324,20.3304,4.54,570.5,286.335,0.1914,0.1324,5.097,66.2357,540,43.446
81.99,496.55,85.275,15.044,0.1257,86.125,57.525,15.7357,43.554,281.6,534.87,49.2119,709.84,12.364,72.2988,709.84,342.87,525.62,82.3425,366.2,0.1308,600.06,83.5275,24.2795,80.8001,33.235,4.5425,9.621,9.9982,600.06,19.4796,4.5297,2.6,76.8012,2.6,0.1299,357.1324,173.583,11.1299,84.585,0.2119,14.3091,342.87,0.2007,173.586,555.2,85.1175,57.6,9.1091,0.1324,20.3303,4.5425,570.45,286.4025,0.1914,0.1323,5.093,66.2362,540,43.554
82.0275,496.58,85.2975,15.0446,0.1257,86.95,57.5625,15.7329,43.674,281.65,534.93,49.2251,709.84,12.364,72.2991,709.84,342.87,525.65,82.29,366.25,0.1308,600.12,83.52,24.34,80.7789,33.23,4.5425,9.619,9.9984,600.12,19.4786,4.4172,2.6002,76.8004,2.6002,0.1298,357.5801,174.096,11.13,84.6225,0.2118,14.3171,342.87,0.2006,174.09,555.24,85.1175,57.525,9.1102,0.1323,20.3302,4.5425,570.25,286.5375,0.1914,0.1323,5.094,66.2358,540,43.674
82.0125,496.61,85.305,15.0365,0.1256,86.15,57.6,15.7322,43.758,281.7,535.02,49.2343,709.84,12.365,72.2993,709.84,342.87,525.71,82.2975,366.35,0.1307,600,83.475,24.3895,80.8076,33.23,4.545,9.616,9.9986,600,19.4796,4.6937,2.6002,76.8002,2.6002,0.1297,357.3735,173.421,11.13,84.6525,0.2117,14.3251,342.87,0.2005,173.418,555.32,85.1625,57.5625,9.1102,0.1323,20.3302,4.545,570.4,286.155,0.1914,0.1322,5.097,66.236,540,43.758
81.975,496.67,85.335,15.0368,0.1256,86.825,57.5625,15.7314,43.866,281.75,535.11,49.2431,709.92,12.366,72.299,709.92,342.9,525.74,82.26,366.4,0.1307,600.06,83.4975,24.439,80.7857,33.225,4.5475,9.613,9.9987,600.06,19.4789,4.6062,2.6004,76.7992,2.6004,0.1297,357.7523,173.8935,11.1301,84.6825,0.2116,14.3331,342.9,0.2003,173.894,555.44,85.1325,57.525,9.1102,0.1322,20.3301,4.5475,570.25,287.01,0.1915,0.1322,5.106,66.2354,540,43.866
81.945,496.7,85.3575,15.0371,0.1255,86.875,57.6,15.7337,43.932,281.8,535.2,49.2516,709.92,12.365,72.2991,709.92,342.9,525.77,82.2975,366.45,0.1306,600.06,83.49,24.483,80.8139,33.225,4.5475,9.61,9.9981,600.06,19.4786,4.3703,2.6004,76.7987,2.6004,0.1296,357.8901,174.042,11.1302,84.69,0.2115,14.3411,342.9,0.2003,174.048,555.52,85.095,57.5625,9.1108,0.1322,20.33,4.5475,571.1,286.4025,0.1916,0.1322,5.115,66.2353,540,43.932
81.975,496.73,85.3125,15.0374,0.1255,86.675,57.6,15.7339,43.968,281.85,535.26,49.2635,709.92,12.364,72.2992,709.92,342.9,525.83,82.29,366.55,0.1306,600.12,83.52,24.5325,80.842,33.225,4.55,9.607,9.9981,600.12,19.4776,4.0391,2.6006,76.7974,2.6006,0.1296,357.6146,174.096,11.1273,84.66,0.2115,14.3491,342.9,0.2002,174.09,555.6,85.08,57.525,9.1113,0.1321,20.3299,4.55,570.8,286.56,0.1917,0.1321,5.128,66.2352,540,43.968
81.975,496.76,85.2675,15.0377,0.1254,86.7,57.5625,15.7342,43.968,281.9,535.35,49.2714,709.92,12.364,72.2993,709.92,342.9,525.86,82.2825,366.6,0.1306,600.12,83.5575,24.5655,80.8195,33.22,4.55,9.605,9.998,600.12,19.4771,3.9422,2.6,76.7989,2.6,0.1296,357.2702,174.0015,11.1264,84.69,0.2115,14.3571,342.9,0.2002,174.006,555.68,85.08,57.525,9.1113,0.1321,20.3299,4.55,570.2,286.335,0.1919,0.1321,5.142,66.2352,540,43.968
81.9525,496.82,85.245,15.0379,0.1254,86.35,57.6,15.7344,43.95,281.95,535.44,49.2789,709.92,12.363,72.2994,709.92,342.9,525.92,82.26,366.7,0.1306,600.06,83.505,24.5765,80.847,33.22,4.55,9.603,9.9979,600.06,19.4774,4.1891,2.6,76.7989,2.6,0.1296,357.6835,173.7855,11.1254,84.645,0.2115,14.3651,342.9,0.2002,173.796,555.76,85.065,57.6,9.1108,0.1321,20.3298,4.55,570.5,286.875,0.1921,0.1321,5.157,66.2351,540,43.95
81.915,496.85,85.26,15.0382,0.1255,86.75,57.6,15.7347,43.926,282,535.53,49.286,709.92,12.363,72.2996,709.92,342.9,525.95,82.2525,366.75,0.1306,600.06,83.55,24.5765,80.8745,33.22,4.55,9.602,9.9978,600.06,19.4771,4.2266,2.6,76.7989,2.6,0.1296,357.3391,173.5425,11.1275,84.615,0.2114,14.3731,342.9,0.2003,173.544,555.84,85.0275,57.6,9.1108,0.1321,20.3297,4.55,571.1,287.01,0.1923,0.1321,5.171,66.235,540,43.926
81.9675,496.88,85.215,15.0385,0.1255,86.55,57.525,15.7349,43.914,282.05,535.65,49.2891,709.92,12.363,72.2997,709.92,342.9,525.98,82.29,366.8,0.1307,600.06,83.5125,24.56,80.8514,33.215,4.55,9.602,9.9977,600.06,19.4769,4.2328,2.6,76.7989,2.6,0.1296,357.9934,173.178,11.1276,84.645,0.2114,14.3811,342.9,0.2003,173.18,555.96,85.0575,57.6,9.1102,0.1321,20.3296,4.55,570.2,286.5825,0.1924,0.1321,5.182,66.2349,540,43.914
81.9825,496.94,85.2675,15.0302,0.1255,86.75,57.6,15.7352,43.926,282.1,535.71,49.2991,709.92,12.363,72.2998,709.92,342.9,526.04,82.3275,366.9,0.1307,600.06,83.55,24.549,80.8782,33.215,4.5475,9.601,9.9976,600.06,19.4766,4.3125,2.6,76.7989,2.6,0.1296,357.959,173.8665,11.1277,84.675,0.2115,14.3891,342.9,0.2002,173.866,556.08,85.035,57.5625,9.1102,0.1321,20.3296,4.5475,570.95,286.875,0.1925,0.1321,5.191,66.2348,540,43.926
81.9975,496.97,85.29,15.0302,0.1255,86.275,57.5625,15.7354,43.896,282.15,535.74,49.3127,709.92,12.362,72.2999,709.92,342.9,526.07,82.3125,366.95,0.1307,600.06,83.5875,24.5435,80.9051,33.215,4.55,9.601,9.9976,600.06,19.4764,4.6219,2.6,76.7989,2.6,0.1296,358.0279,173.88,11.1277,84.6225,0.2115,14.4078,342.9,0.2003,173.88,556.12,85.065,57.6,9.1096,0.1321,20.3295,4.55,570.8,286.3575,0.1925,0.1321,5.197,66.2355,540,43.896
82.0275,497,85.245,15.0302,0.1255,86.1,57.525,15.7357,43.86,282.2,535.83,49.3187,709.92,12.362,72.3001,709.92,342.9,526.13,82.29,367,0.1307,600.06,83.565,24.538,80.932,33.215,4.5475,9.601,9.9982,600.06,19.4761,4.4156,2.6,76.7989,2.6,0.1296,357.7179,173.1915,11.1278,84.6,0.2114,14.4164,342.9,0.2003,173.194,556.16,85.0875,57.525,9.1096,0.1321,20.3294,4.5475,570.45,286.155,0.1926,0.1321,5.204,66.2357,540,43.86
81.99,497.06,85.215,15.0302,0.1255,86.45,57.525,15.7329,43.86,282.25,535.89,49.328,709.92,12.361,72.3002,709.92,342.9,526.16,82.305,367.1,0.1307,600.06,83.565,24.5325,80.9082,33.21,4.5475,9.6,9.9984,600.06,19.4759,3.8719,2.6,76.7989,2.6,0.1296,357.1669,173.7315,11.1279,84.585,0.2115,14.4251,342.9,0.2003,173.726,556.28,85.1175,57.525,9.1096,0.1322,20.3293,4.5475,570.25,286.47,0.1927,0.1322,5.211,66.2358,540,43.86
81.975,497.09,85.2525,15.0302,0.1255,86.25,57.525,15.7322,43.842,282.3,535.95,49.3371,709.92,12.36,72.3003,709.92,342.9,526.22,82.3425,367.15,0.1307,600.06,83.5125,24.5215,80.9345,33.21,4.5475,9.6,9.9986,600.06,19.4756,4.5391,2.6,76.7989,2.6,0.1296,357.9245,173.3535,11.128,84.6,0.2115,14.4338,342.9,0.2003,173.348,556.32,85.1175,57.6,9.1108,0.1322,20.3292,4.5475,571.05,286.8975,0.1927,0.1322,5.215,66.2352,540,43.842
81.9825,497.15,85.2675,15.0302,0.1255,86.375,57.6,15.7314,43.842,282.35,535.98,49.3497,710.08,12.36,72.2992,710.08,342.9,526.25,82.38,367.2,0.1307,600.06,83.49,24.516,80.9607,33.21,4.5475,9.6,9.9987,600.06,19.4754,4.2969,2.6,76.7989,2.6,0.1296,357.9245,174.042,11.1281,84.615,0.2116,14.4424,342.9,0.2003,174.048,556.4,85.14,57.6,9.1108,0.1322,20.3292,4.5475,571,286.875,0.1928,0.1322,5.218,66.2352,540,43.842
81.9975,497.18,85.245,15.0302,0.1255,86.575,57.5625,15.7337,43.794,282.45,535.98,49.3659,710.08,12.36,72.2991,710.08,342.9,526.28,82.3725,367.3,0.1307,600.06,83.49,24.5105,80.987,33.21,4.5475,9.6,9.9989,600.06,19.4751,4.5516,2.6,76.7989,2.6,0.1296,357.4424,173.9205,11.1281,84.645,0.2116,14.4511,342.9,0.2004,173.922,556.4,85.14,57.5625,9.1108,0.1322,20.3291,4.5475,570.55,286.2675,0.1928,0.1322,5.22,66.2351,540,43.794
82.02,497.21,85.2075,15.0302,0.1255,86.925,57.525,15.7339,43.74,282.5,536.04,49.3747,710.08,12.36,72.2989,710.08,342.9,526.34,82.3725,367.4,0.1307,600,83.5125,24.4995,81.0133,33.21,4.5475,9.6,9.9991,600,19.4756,4.5031,2.5998,76.7997,2.5998,0.1296,357.408,173.2185,11.1282,84.6,0.2116,14.4598,342.9,0.2004,173.222,556.44,85.125,57.525,9.1102,0.1322,20.329,4.5475,570.45,286.4925,0.1929,0.1322,5.224,66.235,540,43.74
82.0425,497.27,85.2225,15.0302,0.1256,86.2,57.6,15.7342,43.734,282.55,536.1,49.3831,709.92,12.359,72.3001,709.92,342.9,526.37,82.3275,367.45,0.1308,600,83.5275,24.4775,80.9889,33.205,4.5475,9.601,9.9992,600,19.4756,4.3797,2.5998,76.7999,2.5998,0.1297,357.1669,173.3535,11.1283,84.555,0.2116,14.4684,342.9,0.2004,173.348,556.48,85.17,57.525,9.1102,0.1322,20.3289,4.5475,570.75,286.38,0.1929,0.1322,5.228,66.2349,540,43.734
82.0425,497.3,85.2,15.0302,0.1256,86.375,57.6,15.7344,43.728,282.6,536.1,49.3989,709.92,12.359,72.3002,709.92,342.9,526.43,82.2825,367.55,0.1308,600,83.5275,24.4555,81.0145,33.205,4.5475,9.601,9.9994,600,19.4756,4.4344,2.5998,76.8002,2.5998,0.1297,357.959,173.907,11.1284,84.585,0.2117,14.4771,342.9,0.2004,173.908,556.52,85.125,57.6,9.1102,0.1322,20.3289,4.5475,571.05,286.1325,0.1929,0.1322,5.228,66.2348,540,43.728
82.035,497.33,85.245,15.0302,0.1256,86.925,57.6,15.7347,43.692,282.65,536.13,49.4109,709.92,12.359,72.3003,709.92,342.9,526.46,82.26,367.6,0.1308,600,83.565,24.4445,81.0401,33.205,4.5475,9.601,9.9996,600,19.4756,4.0672,2.5998,76.8004,2.5998,0.1297,357.4768,173.772,11.1284,84.6225,0.2117,14.4858,342.9,0.2005,173.782,556.56,85.1625,57.6,9.1096,0.1322,20.3288,4.5475,570.3,287.01,0.1929,0.1322,5.227,66.2355,540,43.692
82.0275,497.39,85.29,15.0302,0.1256,86.525,57.5625,15.7349,43.65,282.7,536.13,49.4265,710,12.359,72.2998,710,342.9,526.52,82.3125,367.7,0.1308,600,83.5875,24.439,81.0658,33.205,4.545,9.602,9.9997,600,19.4756,4.3719,2.5998,76.8007,2.5998,0.1297,357.8212,173.8665,11.1285,84.66,0.2118,14.4944,342.9,0.2005,173.866,556.56,85.1925,57.5625,9.1096,0.1322,20.3287,4.545,570.65,286.605,0.193,0.1322,5.229,66.2357,540,43.65
82.0425,497.42,85.3125,15.0302,0.1256,86.175,57.6,15.7352,43.602,282.75,536.13,49.4422,710,12.358,72.2998,710,342.87,526.55,82.305,367.75,0.1308,600,83.58,24.4225,81.0408,33.2,4.545,9.602,9.9999,600,19.4756,3.9109,2.6002,76.7994,2.6002,0.1297,357.9934,173.988,11.1286,84.6225,0.2118,14.5031,342.87,0.2006,173.992,556.56,85.23,57.525,9.1102,0.1323,20.3286,4.545,570.9,286.155,0.193,0.1322,5.23,66.2358,540,43.602
82.0125,497.45,85.35,15.0302,0.1256,86.65,57.6,15.7354,43.542,282.8,536.1,49.4616,710,12.358,72.2998,710,342.87,526.58,82.3275,367.85,0.1309,599.94,83.535,24.4005,81.0658,33.2,4.545,9.603,10.0001,599.94,19.4764,4.0859,2.6002,76.7992,2.6002,0.1297,357.3046,173.88,11.1287,84.66,0.2118,14.5118,342.87,0.2006,173.88,556.56,85.185,57.6,9.1108,0.1323,20.3286,4.545,570.85,286.29,0.1931,0.1322,5.231,66.236,540,43.542
81.9825,497.51,85.3725,15.0302,0.1257,86.15,57.6,15.7357,43.476,282.9,536.1,49.4773,709.84,12.358,72.301,709.84,342.87,526.64,82.3275,367.9,0.1309,599.94,83.55,24.3675,81.0908,33.2,4.5425,9.604,10.0002,599.94,19.4766,4.4391,2.6002,76.7989,2.6002,0.1298,357.6835,174.0015,11.1288,84.6825,0.2119,14.5204,342.87,0.2007,174.006,556.56,85.1625,57.5625,9.1102,0.1323,20.3285,4.5425,570.2,286.8075,0.1931,0.1323,5.233,66.2362,540,43.476
81.9525,497.54,85.3275,15.0302,0.1257,86,57.525,15.7329,43.41,282.95,536.1,49.4931,709.84,12.358,72.3013,709.84,342.87,526.67,82.3275,368,0.1309,599.88,83.5575,24.3345,81.1158,33.2,4.5425,9.605,10.0004,599.88,19.4776,4.7359,2.5996,76.8009,2.5996,0.1298,357.649,173.4615,11.1288,84.69,0.2119,14.5291,342.87,0.2007,173.46,556.52,85.14,57.525,9.1096,0.1323,20.3284,4.5425,571,286.9875,0.1931,0.1323,5.233,66.2363,540,43.41
81.9675,497.57,85.3725,15.0215,0.1257,86.725,57.525,15.7322,43.374,283,536.1,49.5088,709.84,12.358,72.3016,709.84,342.87,526.73,82.3125,368.05,0.131,599.88,83.565,24.296,81.0901,33.195,4.5425,9.607,9.9998,599.88,19.4781,4.4344,2.5996,76.8014,2.5996,0.1299,357.649,174.0285,11.1289,84.63,0.2121,14.5378,342.87,0.2008,174.02,556.56,85.14,57.6,9.1096,0.1324,20.3283,4.5425,570.3,286.4025,0.1931,0.1323,5.233,66.2365,540,43.374
82.005,497.63,85.335,15.0213,0.1258,86.75,57.525,15.7314,43.314,283.05,536.07,49.5284,709.92,12.358,72.3012,709.92,342.84,526.76,82.3125,368.15,0.131,599.88,83.6025,24.263,81.1145,33.195,4.54,9.608,9.9997,599.88,19.4786,3.9672,2.5994,76.8027,2.5994,0.1299,357.2702,174.0015,11.129,84.645,0.2121,14.5464,342.84,0.2009,173.992,556.52,85.1025,57.5625,9.1096,0.1324,20.3283,4.54,570.2,286.38,0.1931,0.1324,5.229,66.2367,540,43.314
81.99,497.66,85.35,15.021,0.1258,86.425,57.5625,15.7337,43.254,283.1,536.04,49.548,709.92,12.357,72.3013,709.92,342.84,526.79,82.275,368.2,0.131,599.82,83.58,24.23,81.1389,33.195,4.54,9.61,9.9996,599.82,19.4799,3.9375,2.6,76.8012,2.6,0.1299,357.1324,173.8125,11.1291,84.6525,0.2122,14.5551,342.84,0.2009,173.81,556.52,85.0725,57.5625,9.1096,0.1324,20.3282,4.54,571.15,286.7625,0.1931,0.1324,5.227,66.2368,540,43.254
82.0125,497.69,85.32,15.0293,0.1258,86.125,57.5625,15.7339,43.218,283.15,536.07,49.5602,709.92,12.355,72.3014,709.92,342.84,526.85,82.3125,368.25,0.131,599.82,83.5425,24.208,81.1633,33.195,4.54,9.612,10.0003,599.82,19.4806,4.4562,2.5998,76.8019,2.5998,0.13,357.5801,173.502,11.1292,84.6075,0.2122,14.5638,342.84,0.2009,173.502,556.48,85.0275,57.6,9.1096,0.1325,20.3281,4.54,571.1,286.2,0.1931,0.1324,5.225,66.237,540,43.218
81.975,497.72,85.3575,15.0293,0.1258,86.9,57.525,15.7342,43.206,283.2,536.04,49.5799,709.92,12.355,72.3015,709.92,342.84,526.88,82.275,368.35,0.1311,599.82,83.505,24.1805,81.137,33.19,4.5375,9.613,10.0005,599.82,19.4814,3.8578,2.5998,76.8022,2.5998,0.13,357.649,173.8665,11.1292,84.6075,0.2122,14.5831,342.84,0.2009,173.866,556.48,85.02,57.6,9.1096,0.1325,20.328,4.5375,571.15,286.2,0.1931,0.1325,5.222,66.2372,540,43.206
81.9975,497.78,85.365,15.0293,0.1259,86.85,57.5625,15.7344,43.2,283.25,536.1,49.5884,709.92,12.355,72.3017,709.92,342.84,526.91,82.3275,368.4,0.1311,599.82,83.4675,24.164,81.1608,33.19,4.5375,9.614,10.0006,599.82,19.4821,4.7875,2.5998,76.8024,2.5998,0.13,357.6835,172.854,11.1293,84.6375,0.2121,14.5924,342.84,0.201,172.858,556.48,84.9975,57.6,9.1096,0.1325,20.328,4.5375,570.95,286.92,0.193,0.1325,5.217,66.2373,540,43.2
82.0125,497.81,85.3875,15.0293,0.1257,86.9,57.6375,15.7347,43.83,283.3,536.19,49.5928,710,12.356,72.3012,710,342.87,526.97,82.3275,368.5,0.1308,600.24,83.5125,24.153,81.1339,33.185,4.5425,9.615,10.0001,600.24,19.4776,4.2062,2.6002,76.8012,2.6002,0.1298,357.8557,173.907,11.1294,84.6525,0.2116,14.6018,342.87,0.2003,173.908,556.56,85.0275,57.5625,9.1108,0.1323,20.3279,4.5425,570.75,286.74,0.1924,0.1323,5.212,66.2375,540,43.83
81.9825,497.84,85.3275,15.0293,0.1254,86.475,57.525,15.7349,44.316,283.35,536.34,49.5894,710.08,12.356,72.3005,710.08,342.9,527,82.3725,368.55,0.1306,600.42,83.5125,24.3345,81.157,33.185,4.55,9.606,9.9992,600.42,19.4744,4.7281,2.6006,76.7994,2.6006,0.1296,357.3735,173.7045,11.1295,84.63,0.211,14.6111,342.9,0.1998,173.712,556.64,85.005,57.6,9.1113,0.1321,20.3278,4.55,570.7,287.1,0.1919,0.1321,5.18,66.2369,540,44.316
82.0275,497.9,85.32,15.0293,0.1252,86.325,57.6,15.7352,44.748,283.45,536.55,49.5779,710.24,12.356,72.2992,710.24,342.96,527.03,82.395,368.65,0.1303,600.54,83.4825,24.5875,81.1295,33.18,4.5575,9.596,9.9989,600.54,19.4711,4.775,2.601,76.7972,2.601,0.1293,357.8212,173.529,11.1295,84.6075,0.2106,14.6204,342.96,0.1994,173.53,556.76,85.02,57.525,9.1124,0.1319,20.3277,4.5575,570.7,286.3575,0.1917,0.1318,5.162,66.2361,540,44.748
82.035,497.93,85.3575,15.0293,0.1249,86.975,57.6,15.7354,45.12,283.5,536.79,49.5618,710.32,12.356,72.2982,710.32,342.99,527.09,82.38,368.7,0.1301,600.54,83.505,24.8295,81.152,33.18,4.565,9.585,9.9978,600.54,19.4689,4.0891,2.6014,76.7944,2.6014,0.1291,357.4768,173.4075,11.1296,84.6525,0.2102,14.6298,342.99,0.199,173.404,557,85.0425,57.6,9.1135,0.1316,20.3276,4.565,570.45,286.47,0.1917,0.1316,5.165,66.2358,540,45.12
82.065,497.96,85.3425,15.0293,0.1247,86.575,57.6,15.7357,45.438,283.55,537,49.5485,710.48,12.356,72.2964,710.48,343.05,527.12,82.3575,368.8,0.1299,600.54,83.475,25.0605,81.1745,33.18,4.57,9.573,9.9972,600.54,19.4666,4.7266,2.6014,76.7927,2.6014,0.1289,358.0623,174.177,11.1297,84.615,0.21,14.6391,343.05,0.1987,174.174,557.24,85.065,57.5625,9.1135,0.1314,20.3276,4.57,571.05,286.6725,0.1918,0.1314,5.18,66.2347,540,45.438
82.0575,497.99,85.32,15.0293,0.1246,86.55,57.6,15.7329,45.624,283.65,537.24,49.5305,710.4,12.356,72.2963,710.4,343.08,527.18,82.335,368.9,0.1298,600.6,83.505,25.2585,81.197,33.18,4.575,9.562,9.9966,600.6,19.4636,4.35,2.6016,76.7902,2.6016,0.1287,357.7868,173.7855,11.1298,84.6075,0.2098,14.6484,343.08,0.1985,173.796,557.48,85.0725,57.6375,9.114,0.1313,20.3275,4.575,570.7,286.56,0.192,0.1313,5.203,66.2341,540,45.624
82.0275,498.05,85.3275,15.0207,0.1245,86.1,57.525,15.7322,45.726,283.7,537.45,49.5154,710.4,12.355,72.2957,710.4,343.11,527.21,82.3275,369,0.1297,600.48,83.5125,25.4125,81.2195,33.18,4.5775,9.553,9.9961,600.48,19.4626,4.4453,2.6012,76.7897,2.6012,0.1286,357.5113,174.2985,11.1299,84.585,0.2097,14.6578,343.11,0.1984,174.3,557.72,85.1175,57.5625,9.114,0.1312,20.3274,4.5775,570.9,286.3575,0.1924,0.1311,5.235,66.2335,540,45.726
81.99,498.08,85.3125,15.0204,0.1244,86.75,57.525,15.7314,45.72,283.75,537.63,49.5031,710.48,12.355,72.2944,710.48,343.11,527.27,82.3275,369.05,0.1297,600.48,83.4975,25.5115,81.242,33.18,4.5775,9.546,9.9955,600.48,19.4606,4.3875,2.6014,76.7874,2.6014,0.1286,357.408,174.0015,11.1299,84.6,0.2097,14.6671,343.11,0.1984,174.006,557.92,85.125,57.5625,9.1135,0.1311,20.3273,4.5775,570.95,286.65,0.1928,0.1311,5.268,66.2329,540,45.72
81.9675,498.14,85.3125,15.0202,0.1244,86.575,57.5625,15.7337,45.654,283.8,537.81,49.4902,710.48,12.355,72.2937,710.48,343.11,527.3,82.275,369.15,0.1297,600.3,83.4525,25.5665,81.2645,33.18,4.58,9.54,9.9949,600.3,19.4609,4.4016,2.6014,76.7857,2.6014,0.1285,357.2013,174.0825,11.13,84.57,0.2098,14.6764,343.11,0.1985,174.076,558.12,85.0725,57.6,9.1135,0.1311,20.3273,4.58,570.75,286.8525,0.1932,0.131,5.304,66.2324,540,45.654
81.9525,498.17,85.3125,15.0199,0.1244,86.425,57.6,15.7339,45.528,283.85,537.96,49.4802,710.48,12.354,72.2929,710.48,343.11,527.36,82.275,369.25,0.1298,600.24,83.4525,25.583,81.287,33.18,4.5775,9.537,9.9943,600.24,19.4604,4.575,2.6008,76.7862,2.6008,0.1286,357.1324,173.4075,11.1301,84.585,0.2098,14.6858,343.11,0.1986,173.418,558.32,85.0875,57.6,9.1129,0.1311,20.3272,4.5775,570.8,286.1325,0.1936,0.1311,5.336,66.2318,540,45.528
81.945,498.23,85.29,15.0196,0.1245,86.05,57.525,15.7342,45.384,283.95,538.05,49.4772,710.24,12.353,72.294,710.24,343.11,527.42,82.2675,369.3,0.1299,600.18,83.4375,25.561,81.3095,33.18,4.5775,9.535,9.9937,600.18,19.4601,4.3875,2.6008,76.7852,2.6008,0.1286,357.8901,174.177,11.1302,84.5625,0.21,14.6951,343.11,0.1987,174.188,558.48,85.14,57.5625,9.1129,0.1312,20.3271,4.5775,570.7,286.2,0.1939,0.1311,5.366,66.2319,540,45.384
81.93,498.26,85.26,15.0193,0.1245,86.625,57.6,15.7344,45.162,284,538.17,49.4701,710.24,12.353,72.2937,710.24,343.08,527.45,82.26,369.4,0.13,600.12,83.415,25.506,81.3826,33.185,4.575,9.535,9.9946,600.12,19.4601,4.2391,2.6006,76.7849,2.6006,0.1287,357.5801,172.935,11.1265,84.6075,0.2101,14.7045,343.08,0.1989,172.928,558.56,85.1175,57.525,9.1124,0.1312,20.327,4.575,570.9,286.92,0.1943,0.1312,5.389,66.2316,540,45.162
81.8925,498.32,85.2375,15.019,0.1247,86.75,57.5625,15.7347,44.97,284.05,538.17,49.4774,710.16,12.352,72.2939,710.16,343.05,527.51,82.29,369.45,0.1301,600.06,83.415,25.4345,81.4057,33.185,4.5725,9.537,9.9946,600.06,19.4604,3.8766,2.6004,76.7849,2.6004,0.1288,357.9245,173.9745,11.1261,84.5775,0.2104,14.7138,343.05,0.1991,173.978,558.68,85.155,57.5625,9.1124,0.1313,20.327,4.5725,570.4,286.605,0.1946,0.1313,5.411,66.2313,540,44.97
81.8775,498.35,85.2225,15.0188,0.1248,86.65,57.6,15.7349,44.712,284.1,538.2,49.4811,710.16,12.352,72.2937,710.16,343.05,527.57,82.2525,369.55,0.1302,599.94,83.4525,25.3245,81.4289,33.185,4.57,9.539,9.9945,599.94,19.4616,4.1734,2.6002,76.7852,2.6002,0.1289,357.9245,173.3265,11.1252,84.5625,0.2106,14.7231,343.05,0.1994,173.32,558.72,85.1925,57.6,9.1113,0.1315,20.3269,4.57,570.35,286.245,0.1949,0.1314,5.426,66.2309,540,44.712
81.9,498.41,85.2075,15.0185,0.1249,86.85,57.525,15.7352,44.46,284.15,538.17,49.4921,710.08,12.351,72.294,710.08,343.02,527.6,82.2225,369.65,0.1303,599.88,83.445,25.2145,81.5026,33.19,4.565,9.544,9.9951,599.88,19.4626,4.0406,2.5994,76.7879,2.5994,0.1291,357.7868,173.6775,11.1272,84.5475,0.2109,14.7325,343.02,0.1997,173.684,558.72,85.23,57.5625,9.1108,0.1316,20.3268,4.565,570.25,286.74,0.1951,0.1315,5.439,66.2314,540,44.46
81.9,498.47,85.23,15.0182,0.125,86.025,57.5625,15.7354,44.184,284.2,538.11,49.507,710,12.351,72.2945,710,342.99,527.66,82.275,369.7,0.1305,599.76,83.4,25.077,81.5264,33.19,4.56,9.549,9.9953,599.76,19.4646,4.7438,2.5992,76.7894,2.5992,0.1292,357.2013,173.556,11.1273,84.5925,0.2111,14.7418,342.99,0.1999,173.544,558.68,85.2,57.525,9.1096,0.1317,20.3267,4.56,571.05,287.0325,0.1953,0.1317,5.447,66.2313,540,44.184
81.9375,498.5,85.2075,15.0179,0.1252,86.525,57.6375,15.7357,43.902,284.3,538.02,49.5259,709.92,12.351,72.2952,709.92,342.96,527.72,82.23,369.8,0.1307,599.64,83.415,24.934,81.6008,33.195,4.5575,9.556,9.9955,599.64,19.4671,3.8969,2.5994,76.7897,2.5994,0.1293,357.5801,173.664,11.1274,84.5775,0.2114,14.7511,342.96,0.2002,173.656,558.64,85.17,57.5625,9.1096,0.1319,20.3267,4.5575,570.15,286.785,0.1955,0.1318,5.452,66.2312,540,43.902
81.9225,498.56,85.2225,15.0177,0.1254,86.2,57.525,15.7329,43.614,284.35,537.87,49.5527,709.84,12.351,72.2959,709.84,342.93,527.75,82.215,369.85,0.1308,599.52,83.37,24.7745,81.6251,33.195,4.5525,9.563,9.9956,599.52,19.4701,4.3609,2.5992,76.7912,2.5992,0.1295,357.7868,173.799,11.1275,84.555,0.2118,14.7605,342.93,0.2005,173.81,558.52,85.14,57.5625,9.1091,0.132,20.3266,4.5525,570.9,286.65,0.1956,0.132,5.452,66.2318,540,43.614
81.93,498.59,85.2225,15.0174,0.1255,86.4,57.5625,15.7322,43.326,284.4,537.72,49.5801,709.76,12.351,72.2968,709.76,342.9,527.81,82.23,369.95,0.131,599.4,83.3475,24.6095,81.6495,33.195,4.5475,9.571,9.9958,599.4,19.4736,4.2031,2.5988,76.7937,2.5988,0.1296,357.959,173.6505,11.1275,84.5175,0.212,14.7698,342.9,0.2008,173.656,558.4,85.1625,57.6,9.1086,0.1322,20.3265,4.5475,570.3,286.56,0.1957,0.1322,5.449,66.232,540,43.326
81.9075,498.65,85.245,15.0171,0.1257,86.1,57.6,15.7314,43.068,284.45,537.57,49.6081,709.84,12.351,72.2965,709.84,342.87,527.84,82.23,370,0.1311,599.46,83.3175,24.45,81.6739,33.195,4.5425,9.58,9.996,599.46,19.4754,4.0141,2.5986,76.796,2.5986,0.1298,357.7868,173.637,11.1276,84.525,0.2122,14.7791,342.87,0.201,173.642,558.24,85.14,57.525,9.108,0.1323,20.3264,4.5425,570.9,286.5825,0.1957,0.1323,5.442,66.2329,540,43.068
81.96,498.68,85.2375,15.0168,0.1258,86.275,57.5625,15.7337,42.828,284.5,537.36,49.6442,709.76,12.351,72.2974,709.76,342.84,527.9,82.2,370.1,0.1312,599.52,83.31,24.2905,81.6983,33.195,4.5375,9.588,9.9969,599.52,19.4769,4.6031,2.5988,76.797,2.5988,0.13,357.9245,173.9745,11.1277,84.5325,0.2126,14.7991,342.84,0.2013,173.978,558.08,85.14,57.6,9.108,0.1325,20.3263,4.5375,570.45,286.38,0.1956,0.1325,5.429,66.2334,540,42.828
81.9975,498.71,85.2225,15.0165,0.126,86.95,57.6,15.7339,42.6,284.6,537.15,49.6812,709.68,12.351,72.2984,709.68,342.81,527.93,82.2375,370.15,0.1314,599.46,83.28,24.142,81.7226,33.195,4.535,9.596,9.9973,599.46,19.4796,4.3828,2.5986,76.7992,2.5986,0.1301,357.1669,174.069,11.1278,84.5925,0.2128,14.8091,342.81,0.2015,174.062,557.84,85.155,57.525,9.1074,0.1326,20.3263,4.535,570.85,287.0325,0.1954,0.1326,5.411,66.2338,540,42.6
82.005,498.77,85.245,15.0163,0.1261,86.5,57.5625,15.7342,42.396,284.65,537,49.7115,709.6,12.351,72.2995,709.6,342.78,527.96,82.245,370.25,0.1315,599.52,83.31,24.01,81.747,33.195,4.53,9.605,9.9977,599.52,19.4811,4.0484,2.5988,76.8002,2.5988,0.1302,357.8212,173.367,11.1279,84.585,0.2129,14.8191,342.78,0.2017,173.362,557.64,85.11,57.6,9.1074,0.1327,20.3262,4.53,570.45,286.875,0.1953,0.1327,5.391,66.2349,540,42.396
82.0425,498.8,85.23,15.016,0.1261,86.275,57.6,15.7344,42.69,284.7,536.88,49.7387,709.6,12.351,72.3002,709.6,342.78,528.02,82.2075,370.3,0.1314,599.64,83.31,23.8835,81.7714,33.195,4.5325,9.612,9.9981,599.64,19.4816,4.1937,2.599,76.8009,2.599,0.1302,357.5113,173.5155,11.1279,84.6225,0.2126,14.8291,342.78,0.2015,173.516,557.48,85.095,57.5625,9.1074,0.1327,20.3261,4.5325,570.45,286.605,0.1946,0.1327,5.367,66.2349,540,42.69
82.0425,498.83,85.275,15.0157,0.126,86.2,57.6,15.7347,42.918,284.75,536.82,49.7588,709.68,12.351,72.3002,709.68,342.81,528.05,82.26,370.4,0.1313,599.7,83.3175,23.9055,81.7451,33.19,4.5325,9.613,9.9986,599.7,19.4824,4.1141,2.599,76.8022,2.599,0.1301,357.6146,173.3535,11.1288,84.6375,0.2124,14.8391,342.81,0.2012,173.362,557.36,85.065,57.5625,9.1074,0.1327,20.326,4.5325,570.85,286.7175,0.194,0.1326,5.317,66.2353,540,42.918
82.005,498.86,85.2675,15.0154,0.1259,86.3,57.5625,15.7349,43.14,284.85,536.82,49.7716,709.76,12.351,72.3,709.76,342.81,528.08,82.2525,370.5,0.1311,599.94,83.34,23.9935,81.7689,33.19,4.5375,9.612,9.9982,599.94,19.4806,4.6266,2.5998,76.8005,2.5998,0.13,358.0623,173.259,11.1291,84.6075,0.2122,14.8491,342.81,0.201,173.264,557.28,85.0875,57.6,9.1086,0.1326,20.326,4.5375,570.6,286.1325,0.1935,0.1326,5.274,66.2357,540,43.14
82.035,498.92,85.26,15.0238,0.1258,86.725,57.5625,15.7352,43.356,284.9,536.79,49.7882,709.92,12.351,72.2992,709.92,342.84,528.14,82.2375,370.6,0.131,600.06,83.31,24.098,81.742,33.185,4.54,9.609,9.9984,600.06,19.4794,4.0984,2.6,76.7999,2.6,0.1299,358.0279,174.015,11.1294,84.6075,0.2121,14.8591,342.84,0.2008,174.006,557.28,85.08,57.525,9.1091,0.1325,20.3259,4.54,570.8,286.695,0.1931,0.1324,5.244,66.2361,540,43.356
82.08,498.95,85.2675,15.0238,0.1257,86.3,57.6,15.7354,43.416,284.95,536.82,49.7974,710,12.352,72.2987,710,342.87,528.17,82.29,370.7,0.1309,600.06,83.3325,24.208,81.7651,33.185,4.5425,9.606,9.9986,600.06,19.4791,4.4391,2.6,76.7999,2.6,0.1299,357.5457,173.7315,11.1297,84.5775,0.212,14.8691,342.87,0.2007,173.726,557.28,85.0875,57.5625,9.1102,0.1324,20.3258,4.5425,570.3,286.605,0.193,0.1323,5.224,66.2358,540,43.416
82.0575,498.98,85.275,15.0238,0.1257,86.125,57.6,15.7357,43.422,285.05,536.82,49.8103,710,12.352,72.2987,710,342.87,528.2,82.305,370.75,0.1309,600.06,83.325,24.2795,81.7377,33.18,4.5425,9.603,9.9987,600.06,19.4789,4.2375,2.6,76.7999,2.6,0.1298,357.5113,173.9745,11.1301,84.6075,0.212,14.8791,342.87,0.2007,173.978,557.28,85.0425,57.5625,9.1102,0.1324,20.3257,4.5425,570.75,286.425,0.193,0.1323,5.221,66.2359,540,43.422
82.08,499.01,85.2675,15.0238,0.1257,86.375,57.5625,15.7329,43.314,285.1,536.79,49.8269,709.84,12.353,72.2999,709.84,342.87,528.23,82.2825,370.85,0.131,599.88,83.385,24.3015,81.7602,33.18,4.5425,9.602,9.9989,599.88,19.4809,4.5656,2.5996,76.8015,2.5996,0.1299,357.8901,174.2175,11.1304,84.63,0.2122,14.8891,342.87,0.2009,174.216,557.28,85.0125,57.6375,9.1096,0.1324,20.3257,4.5425,571.2,286.695,0.1932,0.1323,5.226,66.2361,540,43.314
82.0275,499.04,85.305,15.0238,0.1258,86.85,57.6,15.7322,43.104,285.2,536.82,49.8361,709.76,12.353,72.3008,709.76,342.84,528.26,82.3125,370.95,0.1311,599.76,83.385,24.274,81.732,33.175,4.54,9.603,9.9991,599.76,19.4829,4.3438,2.5994,76.8027,2.5994,0.1299,357.7523,173.2995,11.1307,84.615,0.2122,14.8991,342.84,0.2011,173.292,557.28,85.005,57.6,9.1091,0.1324,20.3256,4.54,570.8,286.9425,0.1935,0.1324,5.236,66.2363,540,43.104
82.0125,499.07,85.305,15.0238,0.1259,86.3,57.6,15.7322,43.128,285.25,536.85,49.8452,709.76,12.353,72.3012,709.76,342.84,528.32,82.3275,371.05,0.1311,599.82,83.3775,24.1915,81.7539,33.175,4.5375,9.606,9.9992,599.82,19.4831,4.7578,2.5992,76.8042,2.5992,0.13,357.8212,173.043,11.1273,84.645,0.2122,14.9091,342.84,0.201,173.054,557.28,84.975,57.6,9.1086,0.1325,20.3255,4.5375,570.95,286.56,0.1935,0.1325,5.249,66.2365,540,43.128
81.975,499.13,85.2825,15.0238,0.1258,86.4,57.525,15.7339,43.404,285.3,536.91,49.8504,709.76,12.354,72.3015,709.76,342.84,528.35,82.3425,371.15,0.131,600.06,83.43,24.142,81.7251,33.17,4.54,9.607,9.9994,600.06,19.4809,4.7188,2.5998,76.803,2.5998,0.1299,357.5113,173.07,11.1264,84.6,0.2119,14.9191,342.84,0.2008,173.082,557.32,84.9675,57.6,9.1096,0.1325,20.3254,4.54,570.65,286.8075,0.1932,0.1324,5.247,66.2366,540,43.404
82.0125,499.16,85.26,15.0238,0.1257,86.75,57.6,15.7342,43.62,285.35,536.94,49.8591,710,12.354,72.3,710,342.87,528.38,82.365,371.2,0.1309,600.12,83.3925,24.2025,81.7464,33.17,4.5425,9.605,9.9996,600.12,19.4799,4.5125,2.6,76.8025,2.6,0.1299,357.6835,174.231,11.1255,84.615,0.2118,14.9291,342.87,0.2006,174.23,557.4,84.9975,57.5625,9.1102,0.1324,20.3254,4.5425,570.8,286.245,0.193,0.1323,5.23,66.2368,540,43.62
82.0125,499.19,85.305,15.0238,0.1256,86.525,57.6,15.7344,43.746,285.45,537,49.864,710,12.354,72.3,710,342.87,528.41,82.335,371.3,0.1308,600.18,83.415,24.296,81.717,33.165,4.545,9.601,9.9997,600.18,19.4786,4.7453,2.6002,76.8017,2.6002,0.1297,357.5457,174.0015,11.1275,84.5775,0.2117,14.9391,342.87,0.2004,173.992,557.4,85.005,57.6,9.1102,0.1323,20.3253,4.545,570.5,286.3125,0.1929,0.1322,5.22,66.237,540,43.746
82.035,499.22,85.3275,15.0238,0.1256,86.525,57.525,15.7347,43.842,285.5,537.06,49.8686,710.08,12.354,72.2994,710.08,342.9,528.47,82.3125,371.4,0.1308,600.24,83.3775,24.3895,81.7376,33.165,4.5475,9.598,9.9999,600.24,19.4771,4.3047,2.6004,76.8007,2.6004,0.1297,357.9934,174.069,11.1276,84.5475,0.2116,14.9491,342.9,0.2003,174.062,557.48,84.9825,57.6,9.1108,0.1322,20.3252,4.5475,570.55,286.47,0.193,0.1322,5.223,66.2364,540,43.842
82.065,499.25,85.305,15.0238,0.1255,86.6,57.6375,15.7349,43.896,285.55,537.12,49.873,710.08,12.354,72.2993,710.08,342.9,528.5,82.335,371.45,0.1307,600.06,83.3925,24.461,81.7076,33.16,4.5475,9.594,9.9993,600.06,19.4784,4.1094,2.6004,76.8002,2.6004,0.1296,357.3046,173.8935,11.1277,84.6,0.2115,14.9591,342.9,0.2002,173.894,557.52,84.99,57.525,9.1108,0.1322,20.3251,4.5475,570.7,286.2225,0.1931,0.1322,5.233,66.2363,540,43.896
82.05,499.28,85.35,15.0238,0.1255,86.8,57.6,15.7352,43.92,285.6,537.18,49.8771,710.08,12.354,72.2992,710.08,342.9,528.53,82.305,371.55,0.1307,600.12,83.4,24.505,81.7276,33.16,4.5475,9.591,9.9992,600.12,19.4774,4.7391,2.6004,76.7997,2.6004,0.1296,357.6835,174.231,11.1278,84.6225,0.2115,14.9691,342.9,0.2002,174.23,557.6,84.9825,57.525,9.1113,0.1321,20.3251,4.5475,570.35,286.155,0.1933,0.1321,5.245,66.2362,540,43.92
82.02,499.31,85.335,15.0238,0.1255,86.275,57.5625,15.7354,43.878,285.7,537.24,49.881,709.92,12.354,72.3003,709.92,342.9,528.56,82.26,371.65,0.1308,600.06,83.3775,24.5215,81.697,33.155,4.5475,9.589,9.9991,600.06,19.4776,3.8922,2.6004,76.7992,2.6004,0.1296,357.5457,174.0285,11.1279,84.5925,0.2115,14.9791,342.9,0.2003,174.034,557.64,85.035,57.6,9.1113,0.1321,20.325,4.5475,570.35,286.4025,0.1935,0.1321,5.259,66.2361,540,43.878
82.005,499.37,85.335,15.0238,0.1255,86.075,57.5625,15.7357,43.806,285.75,537.27,49.8884,709.92,12.353,72.3004,709.92,342.9,528.59,82.245,371.7,0.1308,600.06,83.3475,24.516,81.7164,33.155,4.5475,9.588,9.9998,600.06,19.4774,4.2219,2.6004,76.7987,2.6004,0.1296,357.4768,173.934,11.1279,84.5625,0.2116,14.9891,342.9,0.2003,173.936,557.72,85.0575,57.6,9.1108,0.1322,20.3249,4.5475,570.7,286.2225,0.1937,0.1322,5.274,66.236,540,43.806
82.0125,499.4,85.3725,15.0238,0.1256,86.6,57.5625,15.7329,43.71,285.8,537.3,49.8956,709.92,12.353,72.3005,709.92,342.9,528.65,82.215,371.8,0.1309,600,83.355,24.4885,81.7357,33.155,4.5475,9.589,10,600,19.4779,3.9828,2.5998,76.8004,2.5998,0.1297,357.3735,174.0015,11.128,84.585,0.2117,14.9991,342.9,0.2004,173.992,557.76,85.05,57.6,9.1102,0.1322,20.3248,4.5475,571.15,286.875,0.1939,0.1322,5.288,66.236,540,43.71
81.9825,499.43,85.4025,15.0238,0.1256,86.3,57.6,15.7322,43.584,285.85,537.3,49.9065,710,12.353,72.3,710,342.87,528.68,82.2225,371.9,0.1309,600,83.4225,24.439,81.7045,33.15,4.545,9.59,10.0001,600,19.4779,3.8984,2.5998,76.8007,2.5998,0.1297,357.2702,173.961,11.1281,84.5775,0.2118,15.0091,342.87,0.2006,173.964,557.8,85.02,57.6,9.1102,0.1323,20.3247,4.545,570.3,286.8975,0.1941,0.1322,5.3,66.2366,540,43.584
82.0275,499.46,85.4025,15.0238,0.1257,86.4,57.525,15.7314,43.452,285.95,537.36,49.9099,710,12.353,72.3,710,342.87,528.71,82.2075,371.95,0.131,599.94,83.4375,24.3785,81.7232,33.15,4.5425,9.592,10.0003,599.94,19.4786,4.4891,2.5996,76.8017,2.5996,0.1298,357.5801,173.178,11.1282,84.5775,0.2118,15.0191,342.87,0.2007,173.18,557.8,85.0275,57.5625,9.1096,0.1323,20.3247,4.5425,571.05,286.4925,0.1943,0.1323,5.31,66.2368,540,43.452
81.99,499.49,85.395,15.0238,0.1258,86.65,57.6,15.7337,43.356,286,537.3,49.9281,709.92,12.353,72.3007,709.92,342.84,528.74,82.2375,372.05,0.1311,599.88,83.4825,24.3015,81.742,33.15,4.54,9.594,10.0005,599.88,19.4796,4.0187,2.6,76.8007,2.6,0.1299,357.9934,174.285,11.1283,84.5925,0.2121,15.0291,342.84,0.2008,174.286,557.84,84.99,57.6,9.1096,0.1324,20.3246,4.54,571.15,286.515,0.1943,0.1324,5.318,66.237,540,43.356
81.96,499.52,85.41,15.0152,0.1258,86.725,57.5625,15.7339,43.2,286.05,537.27,49.9428,709.92,12.352,72.3008,709.92,342.84,528.8,82.2525,372.15,0.1311,599.82,83.4675,24.23,81.7607,33.15,4.5375,9.597,9.9999,599.82,19.4809,4.5234,2.5998,76.8014,2.5998,0.13,358.1312,174.015,11.1283,84.6375,0.2122,15.0391,342.84,0.2009,174.02,557.8,84.96,57.6,9.1096,0.1325,20.3245,4.5375,570.95,286.7625,0.1944,0.1325,5.32,66.2371,540,43.2
81.96,499.58,85.395,15.0149,0.1259,86.275,57.6,15.7342,43.05,286.1,537.21,49.9613,709.84,12.352,72.3015,709.84,342.84,528.83,82.2675,372.2,0.1312,599.76,83.5125,24.1585,81.7795,33.15,4.5375,9.601,10.0006,599.76,19.4824,4.7391,2.5998,76.8017,2.5998,0.13,357.8557,174.1635,11.1284,84.675,0.2124,15.0491,342.84,0.2011,174.16,557.76,85.02,57.5625,9.1091,0.1325,20.3244,4.5375,570.5,286.875,0.1945,0.1325,5.323,66.2373,540,43.05
81.9675,499.61,85.35,15.0146,0.126,86,57.6375,15.7344,42.894,286.2,537.18,49.9764,709.84,12.352,72.3018,709.84,342.81,528.86,82.23,372.3,0.1313,599.7,83.4975,24.076,81.7477,33.145,4.535,9.604,10.0007,599.7,19.4841,4.5969,2.5996,76.8027,2.5996,0.1301,357.4424,173.232,11.1285,84.7125,0.2124,15.0698,342.81,0.2012,173.236,557.68,85.005,57.5625,9.1091,0.1326,20.3244,4.535,571.2,286.5375,0.1946,0.1326,5.324,66.2375,540,42.894
82.005,499.64,85.3125,15.0143,0.126,86.225,57.5625,15.7347,42.96,286.25,537.12,49.9953,709.84,12.351,72.302,709.84,342.81,528.89,82.215,372.4,0.1313,599.88,83.4525,23.999,81.7658,33.145,4.5325,9.608,10.0016,599.88,19.4831,4.2422,2.5996,76.8032,2.5996,0.1301,357.959,174.0555,11.1286,84.6825,0.2124,15.0805,342.81,0.2012,174.062,557.68,84.9825,57.6,9.1091,0.1327,20.3243,4.5325,570.4,286.9875,0.1944,0.1326,5.322,66.2384,540,42.96
82.02,499.67,85.275,15.014,0.126,86.75,57.525,15.7349,42.972,286.3,537.06,50.0144,709.84,12.35,72.3023,709.84,342.81,528.92,82.1775,372.45,0.1313,599.88,83.4825,23.9715,81.7839,33.145,4.5325,9.61,10.0013,599.88,19.4836,4.3734,2.5996,76.8037,2.5996,0.1301,357.9245,174.2715,11.1286,84.6525,0.2125,15.0911,342.81,0.2012,174.272,557.6,84.9975,57.525,9.1091,0.1327,20.3242,4.5325,571.3,286.2675,0.1943,0.1326,5.307,66.2388,540,42.972
82.0125,499.7,85.2825,15.0224,0.126,86.75,57.6,15.7352,42.966,286.4,537.06,50.0263,709.84,12.35,72.3025,709.84,342.81,528.98,82.1475,372.55,0.1313,599.88,83.4525,23.977,81.7514,33.14,4.5325,9.611,10.0015,599.88,19.4841,4.6531,2.5996,76.8042,2.5996,0.1301,357.2357,173.6505,11.1287,84.645,0.2124,15.1018,342.81,0.2012,173.656,557.56,85.0575,57.5625,9.1091,0.1327,20.3241,4.5325,570.6,286.83,0.1942,0.1326,5.296,66.2392,540,42.966
81.99,499.73,85.305,15.0224,0.126,86.225,57.525,15.7354,42.99,286.45,537.03,49.8803,709.84,12.35,72.3028,709.84,342.81,529.01,82.1475,372.65,0.1313,599.88,83.4825,23.977,81.7689,33.14,4.5325,9.612,10.0016,599.88,19.4846,4.8219,2.5996,76.8047,2.5996,0.1301,357.6146,173.8935,11.1288,84.6375,0.2124,15.1125,342.81,0.2012,173.894,557.52,85.08,57.5625,9.1091,0.1327,20.3241,4.5325,570.8,286.9425,0.1941,0.1326,5.289,66.2396,500,42.99
82.0275,499.76,85.3125,15.0224,0.126,86.8,57.5625,15.7357,42.996,286.55,537,49.7345,709.84,12.349,72.303,709.84,342.81,529.04,82.1625,372.75,0.1313,599.94,83.4825,23.977,81.7358,33.135,4.5325,9.612,10.0018,599.94,19.4844,4.1406,2.5996,76.8052,2.5996,0.1301,357.7868,174.15,11.1289,84.645,0.2124,15.1231,342.81,0.2011,174.16,557.52,85.125,57.6,9.1091,0.1326,20.324,4.5325,570.55,286.245,0.194,0.1326,5.282,66.2401,500,42.996
81.99,499.79,85.335,15.0138,0.126,86.65,57.525,15.7329,42.99,286.6,537,49.585,709.84,12.351,72.3033,709.84,342.81,529.07,82.2225,372.85,0.1313,599.88,83.5275,23.9715,81.7526,33.135,4.5325,9.612,10.002,599.88,19.4854,4.2516,2.5996,76.8057,2.5996,0.1301,357.959,173.8935,11.129,84.6675,0.2124,15.1338,342.81,0.2012,173.894,557.48,85.1325,57.5625,9.1091,0.1326,20.3239,4.5325,571.05,286.4475,0.194,0.1326,5.276,66.2405,500,42.99
81.9675,499.82,85.365,15.0135,0.126,86.2,57.525,15.7322,42.99,286.7,536.97,49.4392,709.84,12.351,72.3035,709.84,342.81,529.1,82.2675,372.95,0.1313,599.94,83.5725,23.9715,81.7695,33.135,4.5325,9.613,10.0021,599.94,19.4851,4.7484,2.5996,76.8062,2.5996,0.1301,357.649,173.8125,11.129,84.6975,0.2124,15.1445,342.81,0.2011,173.824,557.48,85.155,57.6,9.1091,0.1326,20.3238,4.5325,570.95,286.2675,0.194,0.1326,5.274,66.2409,500,42.99
81.96,499.85,85.3275,15.0132,0.126,86.975,57.525,15.7314,43.002,286.75,536.94,49.2936,709.84,12.351,72.3038,709.84,342.81,529.13,82.26,373.05,0.1313,599.94,83.58,23.966,81.7358,33.13,4.5325,9.613,10.0023,599.94,19.4854,4.4062,2.6,76.8052,2.6,0.1301,358.2,173.421,11.1291,84.6675,0.2123,15.1551,342.81,0.2011,173.432,557.44,85.1175,57.5625,9.1102,0.1326,20.3238,4.5325,571.1,286.245,0.1939,0.1326,5.272,66.2406,500,43.002
81.975,499.88,85.365,15.0129,0.126,86.075,57.6,15.7337,43.026,286.85,536.85,49.1556,709.84,12.348,72.304,709.84,342.81,529.16,82.23,373.15,0.1313,600.06,83.58,23.9715,81.7521,33.13,4.5325,9.613,10.0025,600.06,19.4841,4.475,2.6,76.8052,2.6,0.1301,357.9245,173.556,11.1292,84.705,0.2123,15.1658,342.81,0.2011,173.558,557.4,85.125,57.525,9.1102,0.1326,20.3237,4.5325,571.35,286.83,0.1938,0.1326,5.269,66.2407,500,43.026
81.975,499.91,85.38,15.0127,0.126,86.725,57.525,15.7339,43.02,286.9,536.73,49.0218,709.84,12.348,72.3043,709.84,342.81,529.19,82.2825,373.25,0.1313,600.06,83.5575,23.977,81.7177,33.125,4.5325,9.612,10.0026,600.06,19.4839,4.3172,2.6,76.8052,2.6,0.1301,358.2,173.934,11.1293,84.7275,0.2123,15.1765,342.81,0.2011,173.936,557.32,85.095,57.5625,9.1102,0.1326,20.3236,4.5325,571.15,286.875,0.1937,0.1326,5.263,66.2409,500,43.02
81.96,499.94,85.3425,15.0124,0.126,86.675,57.6375,15.7342,42.942,287,536.58,48.8922,709.84,12.348,72.3045,709.84,342.81,529.22,82.26,373.35,0.1313,600.06,83.5125,23.9825,81.7333,33.125,4.5325,9.612,10.0028,600.06,19.4836,4.4172,2.6,76.8052,2.6,0.1301,357.4768,173.853,11.1293,84.705,0.2124,15.1871,342.81,0.2012,173.866,557.2,85.1025,57.5625,9.1102,0.1327,20.3235,4.5325,570.45,286.3575,0.1936,0.1326,5.254,66.2411,500,42.942
81.93,499.97,85.29,15.0121,0.1261,86.85,57.6,15.7344,42.834,287.05,536.37,48.7707,709.76,12.348,72.3054,709.76,342.81,529.25,82.215,373.45,0.1313,599.88,83.4675,23.966,81.6983,33.12,4.5325,9.613,10.003,599.88,19.4856,4.1078,2.6,76.8052,2.6,0.1302,357.4424,173.9745,11.1294,84.705,0.2126,15.1978,342.81,0.2013,173.964,557.04,85.0875,57.6,9.1096,0.1327,20.3235,4.5325,571.2,286.9875,0.1935,0.1326,5.246,66.2412,500,42.834
81.9225,500,85.305,15.0118,0.1261,86.225,57.5625,15.7347,42.69,287.15,536.19,48.6463,709.76,12.348,72.3058,709.76,342.78,529.28,82.26,373.55,0.1313,599.82,83.4675,23.9275,81.7133,33.12,4.53,9.615,10.0031,599.82,19.4869,4.7812,2.5998,76.806,2.5998,0.1302,358.1312,173.259,11.1295,84.7275,0.2126,15.2085,342.78,0.2014,173.25,556.8,85.1325,57.5625,9.1096,0.1327,20.3234,4.53,570.7,286.38,0.1934,0.1327,5.235,66.2414,500,42.69
81.96,500.03,85.305,15.0115,0.126,86.4,57.6,15.7349,43.218,287.2,536.04,48.5188,709.84,12.348,72.3055,709.84,342.81,529.31,82.2975,373.65,0.1311,600,83.475,23.8725,81.6776,33.115,4.535,9.617,10.0026,600,19.4854,4.2578,2.6,76.8055,2.6,0.1301,357.8212,173.34,11.1296,84.72,0.2121,15.2191,342.81,0.2009,173.348,556.64,85.11,57.6375,9.1102,0.1326,20.3233,4.535,570.85,287.145,0.1926,0.1326,5.219,66.2416,500,43.218
81.9975,500.06,85.335,15.0113,0.1258,86.725,57.5625,15.7352,43.602,287.25,535.95,48.3845,710.08,12.348,72.3039,710.08,342.84,529.34,82.35,373.75,0.1309,600.3,83.445,23.999,81.6414,33.11,4.54,9.611,10.0025,600.3,19.4816,4.2297,2.6004,76.804,2.6004,0.1299,357.408,173.394,11.1297,84.6975,0.2117,15.2298,342.84,0.2005,173.39,556.48,85.095,57.525,9.1108,0.1325,20.3232,4.54,571.4,286.245,0.1918,0.1324,5.166,66.241,500,43.602
81.9825,500.09,85.3275,15.011,0.1256,86.35,57.5625,15.7354,43.872,287.35,535.8,48.258,710.16,12.348,72.3032,710.16,342.87,529.37,82.3725,373.8,0.1307,600.42,83.49,24.186,81.6045,33.105,4.545,9.603,10.0024,600.42,19.4789,3.8703,2.6008,76.802,2.6008,0.1297,357.5801,174.2715,11.1297,84.6825,0.2115,15.2405,342.87,0.2002,174.272,556.4,85.05,57.525,9.1118,0.1323,20.3231,4.545,570.8,287.1225,0.1913,0.1322,5.12,66.2409,500,43.872
81.9525,500.09,85.2825,15.0107,0.1255,86.35,57.5625,15.7357,43.896,287.4,535.65,48.1322,710.24,12.347,72.3023,710.24,342.9,529.37,82.365,373.9,0.1306,600.42,83.4675,24.362,81.567,33.1,4.5475,9.595,10.0023,600.42,19.4771,4.6328,2.601,76.8002,2.601,0.1296,357.4424,174.096,11.1298,84.6375,0.2115,15.2511,342.9,0.2002,174.09,556.24,85.05,57.6,9.1118,0.1322,20.3231,4.5475,571.4,287.19,0.1911,0.1322,5.094,66.2408,500,43.896
81.9675,500.12,85.23,15.0104,0.1255,86.15,57.5625,15.7329,43.776,287.45,535.47,48.0107,710.08,12.347,72.3032,710.08,342.9,529.4,82.3875,374,0.1306,600.18,83.43,24.461,81.5289,33.095,4.5475,9.591,10.0022,600.18,19.4784,4.0984,2.6004,76.8012,2.6004,0.1296,357.5113,174.069,11.1299,84.5925,0.2116,15.2618,342.9,0.2003,174.062,556.08,85.05,57.6,9.1113,0.1322,20.323,4.5475,571.4,286.875,0.1911,0.1322,5.088,66.2407,500,43.776
81.9675,500.15,85.2675,15.0102,0.1256,86.8,57.6,15.7322,43.53,287.5,535.23,47.8974,710,12.347,72.3037,710,342.9,529.43,82.35,374.05,0.1307,599.94,83.4225,24.461,81.4902,33.09,4.545,9.589,10.0021,599.94,19.4806,3.9781,2.6002,76.8015,2.6002,0.1297,357.9934,174.258,11.13,84.5925,0.2118,15.2725,342.9,0.2006,174.258,555.88,85.05,57.6,9.1113,0.1322,20.3229,4.545,571.3,286.47,0.1912,0.1322,5.092,66.2406,500,43.53
81.93,500.18,85.245,15.0099,0.1257,86.875,57.5625,15.7314,43.164,287.6,534.93,47.7926,709.92,12.347,72.3043,709.92,342.87,529.43,82.3125,374.15,0.1308,599.82,83.445,24.3785,81.4508,33.085,4.54,9.591,10.0028,599.82,19.4824,4.2547,2.6,76.802,2.6,0.1299,357.9934,174.1905,11.13,84.5775,0.2122,15.2831,342.87,0.2009,174.188,555.64,85.0125,57.6,9.1108,0.1324,20.3228,4.54,570.75,286.9425,0.1914,0.1323,5.094,66.2406,500,43.164
81.9,500.18,85.215,15.0096,0.1259,86.1,57.6,15.7337,42.744,287.65,534.6,47.6928,709.84,12.346,72.305,709.84,342.81,529.46,82.29,374.25,0.131,599.7,83.4825,24.2245,81.4108,33.08,4.535,9.596,10.003,599.7,19.4846,4.3844,2.5996,76.8035,2.5996,0.1301,357.8901,173.6775,11.1301,84.6075,0.2126,15.2938,342.81,0.2014,173.67,555.32,85.0275,57.525,9.1096,0.1326,20.3228,4.535,570.75,286.8525,0.1914,0.1326,5.091,66.2412,500,42.744
81.9075,500.21,85.215,15.0093,0.126,86.75,57.5625,15.7339,42.906,287.75,534.3,47.5906,709.84,12.346,72.3053,709.84,342.81,529.49,82.2525,374.35,0.131,599.88,83.5125,24.021,81.3702,33.075,4.5325,9.604,10.0031,599.88,19.4836,4.3937,2.5996,76.804,2.5996,0.1301,357.408,173.7045,11.1302,84.5625,0.2124,15.3045,342.81,0.2012,173.698,554.96,84.99,57.5625,9.1096,0.1326,20.3227,4.5325,571.3,287.235,0.1907,0.1326,5.077,66.2414,500,42.906
81.9,500.21,85.26,15.009,0.126,86.9,57.6,15.7342,42.972,287.8,533.97,47.4934,709.84,12.345,72.3055,709.84,342.81,529.49,82.2975,374.45,0.131,599.94,83.5575,23.9715,81.3289,33.07,4.5325,9.606,10.0033,599.94,19.4834,4.8234,2.5996,76.8045,2.5996,0.1301,358.3378,173.9205,11.1273,84.5625,0.2124,15.3151,342.81,0.2011,173.922,554.68,85.035,57.5625,9.1096,0.1326,20.3226,4.5325,571.15,286.5825,0.1899,0.1326,5.022,66.2416,500,42.972
81.96,500.24,85.215,15.0088,0.126,86.925,57.5625,15.7344,42.966,287.85,533.7,47.3899,710,12.344,72.3045,710,342.81,529.49,82.3275,374.55,0.1309,599.94,83.52,23.9715,81.287,33.065,4.535,9.606,10.0035,599.94,19.4836,4.2062,2.5996,76.805,2.5996,0.1301,357.6835,173.6505,11.1264,84.5775,0.2123,15.3258,342.81,0.2011,173.642,554.32,85.035,57.6,9.1096,0.1326,20.3225,4.535,570.9,287.01,0.1893,0.1326,4.962,66.2417,500,42.966
81.93,500.24,85.2075,15.0085,0.126,86.875,57.525,15.7347,43.086,287.95,533.37,47.2951,710,12.344,72.3045,710,342.81,529.52,82.29,374.6,0.1308,599.94,83.5125,23.9715,81.1939,33.055,4.535,9.607,10.0037,599.94,19.4839,4.6484,2.5996,76.8055,2.5996,0.1301,357.9245,174.177,11.1254,84.57,0.2123,15.3365,342.81,0.201,174.188,554.04,85.0875,57.5625,9.1096,0.1326,20.3225,4.535,571.25,286.695,0.1887,0.1326,4.912,66.2419,500,43.086
81.93,500.24,85.1775,14.9996,0.1259,86.475,57.6,15.7349,43.074,288,533.1,47.1941,710,12.344,72.3045,710,342.81,529.52,82.3125,374.7,0.1308,599.94,83.5275,24.0045,81.0995,33.045,4.535,9.606,10.0038,599.94,19.4841,4.7281,2.5996,76.806,2.5996,0.1301,357.7179,173.8665,11.1275,84.5625,0.2122,15.3471,342.81,0.201,173.866,553.72,85.14,57.525,9.1096,0.1326,20.3224,4.535,571.5,287.01,0.1882,0.1326,4.865,66.2421,500,43.074
81.945,500.27,85.1775,14.9991,0.1259,86.775,57.5625,15.7352,43.05,288.05,532.8,47.0979,709.84,12.343,72.3058,709.84,342.81,529.52,82.275,374.8,0.1307,599.94,83.535,24.021,81.0545,33.04,4.535,9.606,10.004,599.94,19.4844,4.4922,2.5996,76.8065,2.5996,0.1301,358.1312,173.88,11.1276,84.5475,0.2123,15.3578,342.81,0.201,173.88,553.4,85.155,57.5625,9.1096,0.1326,20.3223,4.535,571.25,286.92,0.1878,0.1326,4.828,66.2422,500,43.05
81.9375,500.27,85.215,14.9985,0.126,86.525,57.5625,15.7354,42.996,288.15,532.5,47.003,709.84,12.343,72.306,709.84,342.81,529.52,82.2375,374.9,0.1307,599.94,83.55,24.0155,80.9583,33.03,4.535,9.606,10.0042,599.94,19.4846,4.8219,2.6002,76.8047,2.6002,0.1301,358.2345,173.8935,11.1277,84.51,0.2123,15.3685,342.81,0.2011,173.894,553.12,85.185,57.6375,9.1102,0.1326,20.3222,4.535,571.65,286.7625,0.1875,0.1326,4.799,66.2424,500,42.996
81.9375,500.27,85.1925,14.9979,0.126,86.65,57.5625,15.7357,42.99,288.2,532.2,46.9092,709.84,12.341,72.3063,709.84,342.81,529.52,82.2075,375,0.1307,599.94,83.52,23.999,80.8608,33.02,4.535,9.607,10.0043,599.94,19.4849,3.9781,2.6,76.8052,2.6,0.1301,358.3723,173.9475,11.1278,84.4875,0.2123,15.3791,342.81,0.2011,173.936,552.8,85.14,57.6,9.1102,0.1326,20.3222,4.535,570.95,287.2575,0.1872,0.1326,4.773,66.2426,500,42.99
81.9,500.27,85.245,14.9974,0.126,86.325,57.525,15.7329,42.972,288.3,531.9,46.8167,710,12.34,72.3053,710,342.81,529.52,82.17,375.1,0.1307,599.94,83.5425,23.9825,80.762,33.01,4.535,9.608,10.0045,599.94,19.4851,4.4516,2.6,76.8052,2.6,0.1301,357.5457,173.988,11.1278,84.5025,0.2124,15.3898,342.81,0.2011,173.978,552.48,85.1175,57.6375,9.1102,0.1326,20.3221,4.535,571.45,287.19,0.1868,0.1326,4.746,66.2427,500,42.972
81.885,500.27,85.29,14.9968,0.126,86.625,57.6,15.7322,42.966,288.35,531.66,46.7179,710,12.34,72.3053,710,342.81,529.52,82.185,375.15,0.1307,599.94,83.5125,23.9605,80.662,33,4.5325,9.609,10.0047,599.94,19.4854,4.5609,2.5996,76.8067,2.5996,0.1301,357.8901,173.2185,11.1279,84.5625,0.2122,15.4005,342.81,0.2011,173.222,552.16,85.1325,57.525,9.1096,0.1326,20.322,4.5325,571.05,287.19,0.1865,0.1326,4.718,66.2429,500,42.966
81.87,500.27,85.2375,14.9963,0.1257,86.875,57.525,15.7314,43.854,288.4,531.54,46.605,710.08,12.34,72.3047,710.08,342.84,529.52,82.2225,375.25,0.1304,600.24,83.5275,23.944,80.5608,32.99,4.54,9.61,10.0041,600.24,19.4819,3.8844,2.6006,76.8035,2.6006,0.1299,358.51,173.205,11.128,84.5925,0.2114,15.4111,342.84,0.2002,173.208,551.92,85.125,57.5625,9.1113,0.1324,20.3219,4.54,571.35,287.4375,0.1854,0.1324,4.692,66.2423,500,43.854
81.87,500.27,85.245,14.9957,0.1254,86.425,57.5625,15.7337,44.526,288.45,531.45,46.4888,710.24,12.339,72.3033,710.24,342.9,529.52,82.26,375.35,0.13,600.66,83.49,24.2025,80.4583,32.98,4.55,9.598,10.0032,600.66,19.4756,4.1219,2.6012,76.8005,2.6012,0.1296,358.2,173.4075,11.1281,84.555,0.2107,15.4218,342.9,0.1995,173.418,551.8,85.0875,57.5625,9.1124,0.1321,20.3218,4.55,571.4,287.3025,0.1845,0.1321,4.629,66.2415,500,44.526
81.8925,500.27,85.2075,14.9952,0.1251,86.475,57.6,15.7339,44.982,288.55,531.42,46.3655,710.4,12.338,72.3017,710.4,342.96,529.52,82.275,375.4,0.1297,600.84,83.46,24.527,80.3545,32.97,4.56,9.584,10.0022,600.84,19.4706,3.8547,2.6016,76.7975,2.6016,0.1293,358.0967,173.9205,11.1281,84.54,0.2103,15.4325,342.96,0.1991,173.922,551.72,85.1175,57.525,9.1135,0.1318,20.3218,4.56,571.2,287.4375,0.1843,0.1318,4.585,66.2412,500,44.982
81.885,500.27,85.245,14.9946,0.1249,86.15,57.525,15.7342,45.168,288.6,531.39,46.2423,710.32,12.338,72.3017,710.32,343.02,529.52,82.275,375.5,0.1296,600.78,83.4375,24.8185,80.2495,32.96,4.565,9.571,10.0016,600.78,19.4679,3.9922,2.6014,76.7962,2.6014,0.1291,358.2345,173.3265,11.1282,84.51,0.2101,15.4431,343.02,0.1989,173.32,551.64,85.1475,57.5625,9.114,0.1316,20.3217,4.565,571.9,286.8525,0.1847,0.1316,4.592,66.2401,500,45.168
81.915,500.27,85.2525,14.9854,0.1248,86.675,57.6,15.7337,45.216,288.7,531.3,46.1268,710.4,12.337,72.3006,710.4,343.02,529.52,82.2375,375.6,0.1295,600.6,83.445,25.0055,80.1433,32.95,4.5675,9.561,10.001,600.6,19.4669,4.4531,2.6016,76.7937,2.6016,0.129,358.0967,173.9475,11.1283,84.51,0.2101,15.4538,343.02,0.1988,173.95,551.64,85.155,57.6,9.114,0.1315,20.3216,4.5675,571.35,287.235,0.1853,0.1315,4.637,66.2395,500,45.216
81.9375,500.24,85.245,14.9846,0.1249,86.65,57.6,15.7337,45.006,288.75,531.15,46.0191,710.4,12.336,72.2999,710.4,343.02,529.52,82.215,375.7,0.1296,600.42,83.4225,25.088,80.0864,32.945,4.565,9.554,10.0004,600.42,19.4666,4.2,2.601,76.794,2.601,0.129,358.2,174.15,11.1284,84.5625,0.2103,15.4645,343.02,0.199,174.146,551.56,85.1475,57.5625,9.114,0.1315,20.3215,4.565,571.1,287.46,0.1859,0.1315,4.688,66.2389,500,45.006
81.945,500.24,85.2075,14.9838,0.125,86.875,57.6,15.7337,44.574,288.8,530.94,45.9196,710.32,12.334,72.2999,710.32,342.99,529.49,82.2225,375.8,0.1298,600.12,83.4375,25.0605,79.9783,32.935,4.5625,9.552,10.0006,600.12,19.4686,4.4016,2.6008,76.7935,2.6008,0.1291,358.5444,174.15,11.1285,84.5625,0.2107,15.4751,342.99,0.1994,174.16,551.4,85.185,57.6,9.1129,0.1317,20.3215,4.5625,571.2,287.3925,0.1865,0.1316,4.734,66.2383,500,44.574
81.945,500.24,85.2075,14.9829,0.1253,86.25,57.5625,15.7337,43.992,288.9,530.64,45.8321,710.16,12.332,72.3007,710.16,342.96,529.49,82.26,375.9,0.13,599.88,83.4225,24.9065,79.9195,32.93,4.555,9.556,10.0002,599.88,19.4711,3.9719,2.5998,76.7962,2.5998,0.1294,358.3378,174.1095,11.1285,84.6,0.2113,15.4858,342.96,0.2,174.104,551.16,85.125,57.5625,9.1113,0.1319,20.3214,4.555,572.1,286.6275,0.1869,0.1318,4.768,66.2393,500,43.992
81.96,500.24,85.2,14.9821,0.1256,86.4,57.6,15.7337,43.35,288.95,530.28,45.7534,709.92,12.331,72.3023,709.92,342.9,529.49,82.275,375.95,0.1303,599.64,83.3775,24.648,79.8601,32.925,4.545,9.565,10.0007,599.64,19.4746,4.7687,2.5992,76.7988,2.5992,0.1297,358.0967,173.3535,11.1286,84.585,0.2118,15.4965,342.9,0.2006,173.348,550.84,85.155,57.6,9.1096,0.1322,20.3213,4.545,571.9,286.74,0.187,0.1322,4.781,66.2392,500,43.35
82.005,500.24,85.245,14.9813,0.1257,86.25,57.525,15.7337,43.62,289,529.95,45.6724,709.84,12.33,72.303,709.84,342.87,529.49,82.245,376.05,0.1303,599.76,83.4,24.318,79.7495,32.915,4.5425,9.578,10.0006,599.76,19.4746,4.4234,2.5992,76.7998,2.5992,0.1298,358.4411,173.745,11.1287,84.5775,0.2116,15.5071,342.87,0.2003,173.74,550.48,85.185,57.525,9.1091,0.1323,20.3212,4.5425,571.95,287.3475,0.186,0.1322,4.767,66.2398,500,43.62
81.96,500.21,85.275,14.9718,0.1257,86.625,57.5625,15.7337,43.674,289.1,529.65,45.589,710,12.329,72.302,710,342.87,529.46,82.29,376.15,0.1303,599.94,83.43,24.2355,79.6883,32.91,4.5425,9.58,10.0005,599.94,19.4734,4.1609,2.5996,76.7993,2.5996,0.1298,358.1312,173.583,11.1288,84.6,0.2115,15.5178,342.87,0.2003,173.586,550.16,85.215,57.5625,9.1096,0.1323,20.3212,4.5425,571.5,287.4375,0.1849,0.1323,4.685,66.24,500,43.674
81.915,500.21,85.3125,14.9707,0.1257,86.925,57.6,15.7337,43.662,289.15,529.32,45.5105,710,12.328,72.302,710,342.87,529.46,82.26,376.25,0.1302,599.94,83.385,24.2245,79.5758,32.9,4.5425,9.582,10.0004,599.94,19.4736,4.6656,2.5996,76.7998,2.5996,0.1298,358.7511,173.9745,11.1288,84.63,0.2115,15.5285,342.87,0.2003,173.978,549.84,85.215,57.525,9.1096,0.1323,20.3211,4.5425,571.85,287.2575,0.184,0.1323,4.593,66.2402,500,43.662
81.9525,500.21,85.3275,14.9696,0.1257,86.625,57.525,15.7337,43.548,289.25,528.99,45.4334,710,12.327,72.302,710,342.87,529.43,82.2375,376.35,0.1302,599.88,83.3775,24.2135,79.4114,32.885,4.5425,9.584,10.0003,599.88,19.4746,3.8484,2.5996,76.8003,2.5996,0.1298,358.5789,173.9475,11.1289,84.5925,0.2117,15.5391,342.87,0.2004,173.936,549.48,85.185,57.6,9.1096,0.1323,20.321,4.5425,571.7,286.83,0.1835,0.1323,4.526,66.2403,500,43.548
81.9525,500.18,85.35,14.9685,0.1258,86,57.5625,15.7337,43.386,289.3,528.63,45.3613,709.92,12.324,72.3027,709.92,342.84,529.43,82.2825,376.45,0.1302,599.82,83.3925,24.1805,79.2958,32.875,4.54,9.587,10.0002,599.82,19.4759,4.2391,2.5994,76.8015,2.5994,0.1299,357.9245,173.9475,11.129,84.5925,0.2118,15.5498,342.84,0.2006,173.95,549.12,85.17,57.525,9.1096,0.1324,20.3209,4.54,572,287.325,0.1833,0.1324,4.485,66.2405,500,43.386
81.99,500.15,85.335,14.9588,0.1259,86.35,57.6,15.7337,43.206,289.35,528.33,45.2832,709.92,12.323,72.3028,709.92,342.84,529.4,82.2675,376.55,0.1303,599.76,83.355,24.1145,79.1789,32.865,4.5375,9.59,10.0002,599.76,19.4774,3.8531,2.5994,76.8023,2.5994,0.13,358.6822,172.9755,11.1291,84.6375,0.2118,15.5605,342.84,0.2007,172.984,548.76,85.2075,57.525,9.1096,0.1325,20.3209,4.5375,571.4,287.46,0.1831,0.1325,4.461,66.2399,500,43.206
82.0275,500.15,85.3425,14.9574,0.1256,86.775,57.5625,15.7337,44.19,289.45,528.12,45.1951,710,12.321,72.3023,710,342.87,529.37,82.2525,376.6,0.13,600.12,83.4,24.021,79.0608,32.855,4.545,9.595,9.9993,600.12,19.4739,4.1078,2.6002,76.8,2.6002,0.1297,358.6133,173.8665,11.1292,84.6525,0.211,15.5711,342.87,0.1997,173.88,548.48,85.215,57.5625,9.1113,0.1323,20.3208,4.545,571.6,287.3025,0.1819,0.1322,4.441,66.2398,500,44.19
82.02,500.12,85.3125,14.956,0.1253,86.95,57.5625,15.7337,44.772,289.5,528,45.0965,710.16,12.32,72.301,710.16,342.93,529.37,82.26,376.7,0.1296,600.48,83.445,24.2685,78.8908,32.84,4.555,9.584,9.9982,600.48,19.4689,3.8844,2.6008,76.7975,2.6008,0.1294,358.3723,173.4345,11.1292,84.645,0.2103,15.5818,342.93,0.1991,173.432,548.24,85.185,57.6,9.1124,0.132,20.3207,4.555,571.85,287.3475,0.181,0.1319,4.371,66.239,500,44.772
82.065,500.12,85.305,14.9546,0.125,86.325,57.6,15.7337,45.174,289.55,527.91,44.9946,710.32,12.318,72.2995,710.32,342.99,529.34,82.305,376.8,0.1293,600.66,83.4525,24.582,78.7695,32.83,4.5625,9.572,9.9977,600.66,19.4646,4.8359,2.6014,76.7943,2.6014,0.1292,358.5789,173.5695,11.1293,84.66,0.2099,15.5925,342.99,0.1987,173.572,548.12,85.2,57.525,9.1129,0.1317,20.3206,4.5625,572.45,287.505,0.1809,0.1317,4.321,66.2387,500,45.174
82.0575,500.09,85.3425,14.9532,0.1248,86.225,57.5625,15.7337,45.36,289.65,527.82,44.8931,710.4,12.317,72.2984,710.4,343.02,529.31,82.3425,376.9,0.1292,600.6,83.43,24.8405,78.647,32.82,4.5675,9.561,9.9971,600.6,19.4626,4.0594,2.6016,76.7918,2.6016,0.129,358.4756,174.177,11.1294,84.615,0.2098,15.6031,343.02,0.1985,174.188,548.04,85.14,57.6,9.1135,0.1315,20.3206,4.5675,571.6,287.685,0.1814,0.1315,4.336,66.2383,500,45.36
82.0725,500.06,85.305,14.9518,0.1248,86.475,57.5625,15.7337,45.246,289.7,527.67,44.7995,710.4,12.316,72.2978,710.4,343.05,529.28,82.32,376.95,0.1293,600.36,83.43,25.011,78.5233,32.81,4.5675,9.552,9.9965,600.36,19.4631,4.0609,2.6012,76.7913,2.6012,0.1289,358.2689,174.1365,11.1287,84.645,0.2099,15.6138,343.05,0.1986,174.132,547.92,85.1025,57.5625,9.1135,0.1315,20.3205,4.5675,572.1,287.325,0.1822,0.1314,4.391,66.238,500,45.246
82.0875,500.03,85.2975,14.9504,0.1249,86.525,57.525,15.7337,44.916,289.75,527.49,44.7103,710.24,12.314,72.2984,710.24,343.02,529.28,82.365,377.05,0.1294,600.12,83.445,25.055,78.4489,32.805,4.565,9.549,9.9967,600.12,19.4646,3.8687,2.6006,76.792,2.6006,0.129,358.6478,173.7855,11.1286,84.6225,0.2102,15.6245,343.02,0.199,173.796,547.76,85.14,57.5625,9.1124,0.1315,20.3204,4.565,571.75,286.875,0.183,0.1315,4.457,66.2377,500,44.916
82.0575,500.03,85.2825,14.949,0.1251,86.7,57.5625,15.7337,44.472,289.85,527.25,44.6293,710.16,12.313,72.2987,710.16,342.99,529.25,82.3725,377.15,0.1296,599.94,83.49,24.956,78.3233,32.795,4.56,9.551,9.9963,599.94,19.4664,3.975,2.6002,76.7927,2.6002,0.1292,358.4067,173.8395,11.1284,84.6675,0.2106,15.6351,342.99,0.1994,173.852,547.6,85.1325,57.5625,9.1113,0.1317,20.3203,4.56,572,287.6625,0.1835,0.1317,4.509,66.2373,500,44.472
82.095,500,85.245,14.939,0.1253,86.675,57.6,15.7337,43.938,289.9,526.92,44.5605,710,12.312,72.2997,710,342.93,529.22,82.365,377.25,0.1299,599.76,83.4825,24.7525,78.247,32.79,4.5525,9.557,9.9967,599.76,19.4689,4.4984,2.5998,76.794,2.5998,0.1294,358.5444,173.637,11.1282,84.675,0.2111,15.6458,342.93,0.1999,173.642,547.32,85.1025,57.5625,9.1102,0.132,20.3202,4.5525,572.25,287.7075,0.1836,0.1319,4.531,66.2377,500,43.938
82.095,499.97,85.2525,14.9374,0.1256,86.4,57.6,15.7337,43.512,289.95,526.56,44.4968,709.84,12.311,72.3009,709.84,342.9,529.19,82.3275,377.35,0.1301,599.58,83.445,24.483,78.1195,32.78,4.545,9.567,9.9974,599.58,19.4721,3.8594,2.5992,76.7965,2.5992,0.1297,358.2,173.799,11.128,84.675,0.2115,15.6565,342.9,0.2003,173.796,547,85.155,57.5625,9.1096,0.1322,20.3202,4.545,572.25,286.9425,0.1832,0.1322,4.519,66.2384,500,43.512
82.065,499.94,85.2525,14.9357,0.1258,86.125,57.6,15.7337,43.254,290.05,526.14,44.4421,709.76,12.309,72.3018,709.76,342.84,529.16,82.2825,377.4,0.1302,599.64,83.4975,24.2245,78.0414,32.775,4.54,9.578,9.9976,599.64,19.4731,4.5172,2.599,76.7982,2.599,0.1299,358.51,173.934,11.1279,84.6375,0.2118,15.6671,342.84,0.2006,173.936,546.6,85.1625,57.6375,9.1086,0.1324,20.3201,4.54,571.85,287.01,0.1824,0.1324,4.471,66.2386,500,43.254
82.0725,499.91,85.29,14.934,0.1259,86.425,57.5625,15.7337,43.068,290.1,525.75,44.3853,709.68,12.306,72.3028,709.68,342.81,529.13,82.335,377.5,0.1302,599.58,83.535,24.0265,77.8614,32.76,4.535,9.587,9.9977,599.58,19.4754,4.4719,2.5986,76.801,2.5986,0.1301,358.6822,173.5965,11.1277,84.66,0.2119,15.6778,342.81,0.2007,173.6,546.16,85.1475,57.6,9.108,0.1326,20.32,4.535,572.45,287.37,0.1814,0.1326,4.393,66.2387,500,43.068
82.02,499.88,85.3275,14.9324,0.1259,86.2,57.6,15.7337,43.44,290.2,525.39,44.3264,709.92,12.305,72.3014,709.92,342.84,529.1,82.3125,377.6,0.1301,599.88,83.4975,23.878,77.7301,32.75,4.5375,9.595,9.9979,599.88,19.4734,4.0281,2.5992,76.8005,2.5992,0.13,358.6133,174.015,11.1275,84.645,0.2116,15.6885,342.84,0.2004,174.02,545.76,85.1025,57.5625,9.1091,0.1325,20.3199,4.5375,572,287.685,0.18,0.1325,4.302,66.2389,500,43.44
82.0425,499.85,85.275,14.9221,0.1258,86.3,57.6375,15.7337,43.632,290.25,525.06,44.2651,709.92,12.304,72.3015,709.92,342.84,529.07,82.26,377.7,0.1299,599.94,83.505,23.922,77.547,32.735,4.54,9.595,9.9973,599.94,19.4731,4.7391,2.5994,76.8007,2.5994,0.1299,358.7855,173.7855,11.1274,84.645,0.2114,15.6991,342.84,0.2002,173.796,545.4,85.065,57.5625,9.1091,0.1325,20.3199,4.54,572.15,287.91,0.179,0.1324,4.2,66.2391,500,43.632
82.035,499.82,85.3125,14.9202,0.1257,86.575,57.5625,15.7337,43.758,290.3,524.79,44.1977,710,12.302,72.301,710,342.87,529.04,82.245,377.8,0.1298,600.18,83.4975,24.01,77.4126,32.725,4.5425,9.594,9.9972,600.18,19.4704,4.6094,2.6,76.7992,2.6,0.1299,359.1643,174.0015,11.1272,84.69,0.2113,15.7098,342.87,0.2,174.006,545.08,85.08,57.5625,9.1102,0.1324,20.3198,4.5425,572,287.145,0.1788,0.1323,4.131,66.2393,500,43.758
82.05,499.79,85.2825,14.9182,0.1257,86.625,57.6,15.7337,43.8,290.4,524.55,44.1276,710,12.301,72.301,710,342.87,528.98,82.26,377.9,0.1298,600.06,83.5275,24.0815,77.2264,32.71,4.5425,9.592,9.9972,600.06,19.4711,4.3922,2.6002,76.7985,2.6002,0.1298,358.5444,173.5695,11.127,84.63,0.2112,15.7205,342.87,0.2,173.572,544.76,85.0425,57.525,9.1102,0.1323,20.3197,4.5425,572.2,287.6175,0.1791,0.1323,4.119,66.2394,500,43.8
82.005,499.76,85.245,14.9163,0.1256,86.25,57.6,15.7337,43.842,290.45,524.31,44.0585,710,12.298,72.301,710,342.87,528.95,82.2975,378,0.1298,600.06,83.55,24.131,77.0889,32.7,4.545,9.591,9.9971,600.06,19.4709,3.8828,2.6002,76.7982,2.6002,0.1298,358.5789,173.421,11.1268,84.6525,0.2111,15.7311,342.87,0.1999,173.418,544.52,85.005,57.6,9.1102,0.1323,20.3196,4.545,572.4,287.01,0.1795,0.1322,4.146,66.2396,500,43.842
82.0425,499.73,85.26,14.9143,0.1256,86.65,57.5625,15.7337,44.034,290.55,524.1,43.9865,710,12.297,72.301,710,342.9,528.92,82.275,378.05,0.1298,600.12,83.5425,24.153,76.9501,32.69,4.545,9.59,9.997,600.12,19.4699,4.5734,2.5998,76.7995,2.5998,0.1297,359.1643,173.799,11.1267,84.6825,0.211,15.7418,342.9,0.1997,173.796,544.28,84.99,57.5625,9.1102,0.1322,20.3196,4.545,572.5,287.055,0.1796,0.1322,4.177,66.239,500,44.034
82.0725,499.67,85.305,14.9124,0.1255,86.675,57.5625,15.7337,44.094,290.6,523.83,43.923,710.08,12.295,72.3004,710.08,342.9,528.86,82.2675,378.15,0.1297,600.18,83.52,24.2135,76.8102,32.68,4.5475,9.588,9.9969,600.18,19.4686,4.15,2.5998,76.7997,2.5998,0.1296,358.7166,174.2715,11.1265,84.645,0.211,15.7525,342.9,0.1997,174.272,544.04,84.9975,57.6,9.1108,0.1322,20.3195,4.5475,572.45,287.325,0.1795,0.1322,4.188,66.2389,500,44.094
82.0425,499.64,85.26,14.9104,0.1255,86,57.6375,15.7337,44.004,290.65,523.62,43.853,710.08,12.294,72.3003,710.08,342.9,528.83,82.26,378.25,0.1297,600.12,83.505,24.2575,76.6689,32.67,4.5475,9.586,9.9968,600.12,19.4686,4.3984,2.5998,76.8,2.5998,0.1296,358.7855,173.7315,11.1263,84.6375,0.211,15.7631,342.9,0.1997,173.74,543.8,85.0275,57.5625,9.1108,0.1322,20.3194,4.5475,572.15,287.415,0.1796,0.1322,4.188,66.2388,500,44.004
82.0725,499.61,85.215,14.9085,0.1256,86.625,57.6,15.7337,43.89,290.75,523.41,43.7839,710,12.292,72.3008,710,342.9,528.77,82.275,378.35,0.1298,599.94,83.55,24.2465,76.5264,32.66,4.545,9.587,9.9967,599.94,19.4704,4.3375,2.5998,76.8002,2.5998,0.1297,359.1988,173.5155,11.1262,84.585,0.211,15.7738,342.9,0.1998,173.516,543.56,85.0875,57.6,9.1102,0.1322,20.3193,4.545,572.1,287.055,0.1796,0.1322,4.192,66.2395,500,43.89
82.1175,499.55,85.2375,14.8979,0.1256,86.35,57.6375,15.7337,43.998,290.8,523.17,43.7194,710,12.291,72.3008,710,342.9,528.74,82.32,378.45,0.1298,600,83.4975,24.1915,76.3826,32.65,4.545,9.589,9.9967,600,19.4699,4.025,2.5998,76.8005,2.5998,0.1297,358.5444,173.9745,11.126,84.6075,0.211,15.7845,342.9,0.1997,173.978,543.32,85.0875,57.6,9.1102,0.1322,20.3193,4.545,572.5,287.3025,0.1793,0.1322,4.191,66.2389,500,43.998
82.0725,499.52,85.2075,14.8957,0.1256,86.225,57.6,15.7337,43.962,290.9,522.96,43.652,710,12.29,72.3008,710,342.9,528.71,82.335,378.55,0.1297,600,83.4525,24.186,76.2883,32.645,4.545,9.588,9.9966,600,19.4699,4.1359,2.5998,76.8008,2.5998,0.1297,358.4067,173.394,11.1258,84.63,0.211,15.7951,342.9,0.1997,173.39,543.08,85.125,57.5625,9.1102,0.1322,20.3192,4.545,572.6,287.6625,0.179,0.1322,4.171,66.2396,500,43.962
82.065,499.49,85.26,14.8935,0.1256,86.775,57.5625,15.7337,44.154,290.95,522.75,43.5856,710.08,12.288,72.3002,710.08,342.9,528.65,82.38,378.6,0.1297,600.18,83.4825,24.175,76.1426,32.635,4.5475,9.589,9.9965,600.18,19.4676,4.1594,2.6004,76.7988,2.6004,0.1297,358.8888,173.8125,11.1256,84.6225,0.2108,15.7951,342.9,0.1995,173.81,542.88,85.1625,57.6,9.1108,0.1322,20.3191,4.5475,572.8,287.7525,0.1787,0.1322,4.147,66.239,500,44.154
82.0275,499.43,85.2225,14.8913,0.1255,86.075,57.6,15.7337,44.202,291,522.54,43.52,710.08,12.285,72.3,710.08,342.9,528.59,82.3575,378.7,0.1296,600.06,83.4525,24.2245,75.9958,32.625,4.5475,9.587,9.9957,600.06,19.4684,3.9156,2.6004,76.7982,2.6004,0.1296,359.3021,173.934,11.1255,84.63,0.2107,15.8051,342.9,0.1995,173.936,542.64,85.1325,57.525,9.1108,0.1322,20.319,4.5475,573.1,287.3025,0.1784,0.1322,4.122,66.2389,500,44.202
82.065,499.4,85.2225,14.889,0.1255,86.65,57.6,15.7337,44.142,291.1,522.3,43.459,710.08,12.284,72.2999,710.08,342.9,528.56,82.35,378.8,0.1296,600.06,83.415,24.2575,75.8476,32.615,4.5475,9.586,9.9961,600.06,19.4681,3.9344,2.6004,76.7977,2.6004,0.1296,358.7511,174.1635,11.1253,84.6375,0.2108,15.8151,342.9,0.1995,174.174,542.44,85.08,57.6,9.1108,0.1322,20.3189,4.5475,572.9,287.5725,0.1785,0.1322,4.107,66.2388,500,44.142
82.035,499.34,85.1925,14.8868,0.1256,86.65,57.6,15.7337,43.974,291.15,522.09,43.3952,710.08,12.282,72.2998,710.08,342.9,528.5,82.3875,378.9,0.1297,600,83.4075,24.252,75.6983,32.605,4.5475,9.586,9.996,600,19.4686,4.4141,2.5998,76.7995,2.5998,0.1297,358.8888,173.4615,11.1251,84.63,0.2109,15.8251,342.9,0.1997,173.474,542.2,85.035,57.6,9.1102,0.1322,20.3189,4.5475,572.85,287.3475,0.1786,0.1322,4.11,66.2388,500,43.974
82.065,499.31,85.155,14.8846,0.1256,86.725,57.5625,15.7337,44.112,291.2,521.91,43.3284,710.08,12.281,72.2997,710.08,342.9,528.47,82.3725,379,0.1297,600.06,83.4675,24.197,75.5476,32.595,4.5475,9.588,9.9959,600.06,19.4679,4.4516,2.5998,76.7997,2.5998,0.1297,358.51,173.4885,11.125,84.615,0.2107,15.8351,342.9,0.1995,173.488,541.96,84.9975,57.6,9.1102,0.1322,20.3188,4.5475,572.75,287.55,0.1785,0.1322,4.119,66.2387,500,44.112
82.035,499.25,85.1475,14.8738,0.1255,86.8,57.5625,15.7337,44.178,291.25,521.73,43.2625,709.92,12.279,72.3008,709.92,342.9,528.41,82.38,379.05,0.1296,600.06,83.4225,24.197,75.3958,32.585,4.5475,9.587,9.9951,600.06,19.4676,4.325,2.5998,76.8,2.5998,0.1296,358.7855,173.367,11.1248,84.6225,0.2106,15.8451,342.9,0.1995,173.376,541.76,85.005,57.6,9.1102,0.1322,20.3187,4.5475,572.85,287.6175,0.1781,0.1322,4.106,66.2386,500,44.178
82.0425,499.22,85.1175,14.8713,0.1255,86.75,57.6,15.7329,44.256,291.3,521.52,43.201,709.92,12.278,72.3009,709.92,342.9,528.35,82.4025,379.15,0.1296,600.12,83.3925,24.2135,75.2933,32.58,4.5475,9.587,9.9947,600.12,19.4666,4.4734,2.6,76.7995,2.6,0.1296,359.061,173.8395,11.1246,84.645,0.2106,15.8551,342.9,0.1994,173.838,541.6,85.0275,57.5625,9.1108,0.1321,20.3186,4.5475,572.35,287.46,0.1778,0.1321,4.081,66.2385,500,44.256
82.065,499.16,85.1625,14.8688,0.1255,86,57.6,15.7327,44.226,291.4,521.31,43.1403,709.92,12.276,72.301,709.92,342.9,528.29,82.4325,379.2,0.1295,600.12,83.385,24.241,75.1395,32.57,4.5475,9.586,9.9944,600.12,19.4661,4.0703,2.6,76.7995,2.6,0.1296,358.8199,173.88,11.1282,84.615,0.2106,15.8651,342.9,0.1994,173.88,541.4,84.9975,57.5625,9.1108,0.1321,20.3186,4.5475,572.9,287.91,0.1778,0.1321,4.062,66.2384,500,44.226
82.0575,499.1,85.1925,14.8663,0.1255,86.05,57.525,15.7324,44.118,291.45,521.07,43.0843,710.08,12.273,72.2999,710.08,342.9,528.26,82.425,379.3,0.1296,600.06,83.3775,24.252,74.9845,32.56,4.5475,9.586,9.9941,600.06,19.4664,4.8203,2.6,76.7995,2.6,0.1296,358.51,174.069,11.1293,84.5925,0.2108,15.8751,342.9,0.1995,174.062,541.16,84.975,57.6,9.1102,0.1322,20.3185,4.5475,572.45,288.2025,0.1778,0.1322,4.056,66.2383,500,44.118
82.0125,499.07,85.1925,14.8638,0.1256,86.525,57.5625,15.7322,43.932,291.5,520.83,43.0292,710,12.272,72.3004,710,342.9,528.2,82.455,379.35,0.1296,600,83.4225,24.2135,74.8789,32.555,4.545,9.587,9.9952,600,19.4669,4.6687,2.5998,76.8002,2.5998,0.1297,358.5444,174.1365,11.1303,84.6,0.211,15.8851,342.9,0.1997,174.146,540.92,84.9825,57.6,9.1102,0.1322,20.3184,4.545,572.7,288,0.1779,0.1322,4.06,66.239,500,43.932
82.0425,499.01,85.1925,14.8613,0.1257,86.325,57.6,15.7319,43.68,291.55,520.5,42.9864,710,12.27,72.3004,710,342.87,528.14,82.4325,379.45,0.1298,599.88,83.46,24.1365,74.722,32.545,4.5425,9.591,9.9954,599.88,19.4684,4.4578,2.5996,76.8012,2.5996,0.1298,358.9922,174.258,11.1277,84.63,0.2112,15.8951,342.87,0.1999,174.258,540.64,85.035,57.5625,9.1096,0.1323,20.3183,4.5425,572.75,287.4825,0.1779,0.1323,4.061,66.2392,500,43.68
81.9975,498.95,85.1775,14.8588,0.1259,86.05,57.5625,15.7317,43.392,291.65,520.23,42.9374,709.76,12.269,72.3023,709.76,342.84,528.08,82.395,379.55,0.1299,599.82,83.4225,24.021,74.5639,32.535,4.5375,9.596,9.9956,599.82,19.4696,3.9422,2.5994,76.8025,2.5994,0.13,358.7855,173.664,11.1275,84.645,0.2114,15.9051,342.84,0.2002,173.67,540.32,85.0575,57.6,9.1091,0.1325,20.3183,4.5375,573.25,287.955,0.1778,0.1324,4.052,66.2393,500,43.392
81.975,498.92,85.155,14.8477,0.1258,86.575,57.5625,15.7322,43.854,291.7,520.02,42.8819,709.92,12.267,72.3014,709.92,342.84,528.02,82.3425,379.6,0.1297,600,83.4375,23.8725,74.4551,32.53,4.54,9.603,9.995,600,19.4681,4.6391,2.6,76.801,2.6,0.1299,358.8888,173.4615,11.1236,84.675,0.2109,15.9151,342.84,0.1997,173.474,540.04,85.0725,57.525,9.1096,0.1324,20.3182,4.54,573.35,287.73,0.1769,0.1324,4.028,66.2395,500,43.854
81.975,498.86,85.1625,14.8449,0.1256,86.375,57.5625,15.7314,44.196,291.75,519.84,42.8236,710,12.266,72.3009,710,342.87,527.96,82.365,379.7,0.1295,600.12,83.4075,23.933,74.2951,32.52,4.545,9.6,9.9942,600.12,19.4666,4.1203,2.6002,76.8002,2.6002,0.1298,359.1643,173.907,11.1259,84.6225,0.2106,15.9251,342.87,0.1994,173.908,539.8,85.0725,57.5625,9.1102,0.1323,20.3181,4.545,573.55,287.4375,0.1759,0.1322,3.965,66.2397,500,44.196
82.02,498.8,85.2075,14.8421,0.1255,86.075,57.525,15.7312,44.394,291.8,519.69,42.7622,710.08,12.264,72.3003,710.08,342.9,527.93,82.3725,379.8,0.1294,600.18,83.4075,24.0705,74.1339,32.51,4.5475,9.595,9.9938,600.18,19.4654,4.6922,2.6004,76.7992,2.6004,0.1296,358.8888,173.7855,11.1257,84.5925,0.2104,15.9245,342.9,0.1992,173.796,539.6,85.0425,57.525,9.1113,0.1322,20.318,4.5475,573.4,287.3925,0.1757,0.1322,3.903,66.2391,500,44.394
82.0575,498.74,85.185,14.8393,0.1254,86.15,57.6,15.7309,44.514,291.9,519.6,42.6939,710.08,12.261,72.3002,710.08,342.93,527.87,82.32,379.9,0.1293,600.24,83.4,24.2025,73.9714,32.5,4.55,9.591,9.9942,600.24,19.4639,4.0312,2.6006,76.798,2.6006,0.1295,359.5776,173.151,11.1293,84.63,0.2102,15.9338,342.93,0.199,173.152,539.48,85.0875,57.525,9.1113,0.1321,20.318,4.55,573.2,287.505,0.1761,0.1321,3.895,66.239,500,44.514
82.035,498.68,85.245,14.8365,0.1253,86.075,57.6,15.7307,44.73,291.95,519.48,42.6298,710.16,12.259,72.2994,710.16,342.93,527.81,82.305,379.95,0.1293,600.3,83.4375,24.296,73.8583,32.495,4.5525,9.587,9.9934,600.3,19.4621,4.5766,2.6008,76.7965,2.6008,0.1294,358.9233,173.664,11.1266,84.675,0.21,15.9431,342.93,0.1988,173.67,539.36,85.1325,57.5625,9.1118,0.132,20.3179,4.5525,572.85,287.73,0.1766,0.1319,3.934,66.2389,500,44.73
82.02,498.65,85.26,14.8338,0.1252,86.375,57.5625,15.7304,44.808,292,519.36,42.5661,710.16,12.258,72.2992,710.16,342.96,527.75,82.35,380.05,0.1292,600.36,83.43,24.395,73.6939,32.485,4.555,9.582,9.9931,600.36,19.4601,4.6109,2.6004,76.797,2.6004,0.1294,358.9577,173.664,11.1265,84.6375,0.2099,15.9525,342.96,0.1987,173.67,539.24,85.1625,57.525,9.1113,0.1319,20.3178,4.555,573.15,288.18,0.1769,0.1318,3.977,66.2388,500,44.808
81.9975,498.59,85.245,14.831,0.1252,86.375,57.5625,15.7302,44.784,292.05,519.24,42.5029,710.24,12.256,72.2983,710.24,342.96,527.69,82.3425,380.1,0.1292,600.18,83.445,24.4665,73.5789,32.48,4.555,9.579,9.9927,600.18,19.4609,3.9937,2.6004,76.7965,2.6004,0.1293,358.8888,173.8665,11.1263,84.645,0.21,15.9618,342.96,0.1987,173.866,539.16,85.155,57.5625,9.1113,0.1319,20.3177,4.555,573.05,287.9325,0.177,0.1318,4.005,66.2388,500,44.784
81.9975,498.53,85.215,14.8282,0.1252,86.275,57.5625,15.7299,44.646,292.1,519.09,42.444,710.08,12.255,72.2992,710.08,342.96,527.63,82.3125,380.2,0.1293,600.12,83.4975,24.483,73.4632,32.475,4.555,9.577,9.9932,600.12,19.4609,4.0422,2.6004,76.796,2.6004,0.1294,359.5776,173.502,11.1261,84.6375,0.2101,15.9711,342.96,0.1989,173.502,539,85.1325,57.5625,9.1113,0.1319,20.3177,4.555,573.6,287.73,0.1771,0.1318,4.02,66.2387,500,44.646
82.05,498.47,85.215,14.8254,0.1253,86.6,57.6,15.7297,44.484,292.15,518.88,42.3931,710,12.253,72.2997,710,342.93,527.57,82.29,380.25,0.1293,600.06,83.475,24.45,73.347,32.47,4.5525,9.578,9.9931,600.06,19.4611,4.4609,2.6002,76.7962,2.6002,0.1294,358.9577,174.2715,11.126,84.6525,0.2103,15.9805,342.93,0.199,174.272,538.88,85.14,57.5625,9.1108,0.132,20.3176,4.5525,573.6,288.18,0.177,0.1319,4.023,66.2386,500,44.484
82.08,498.41,85.2225,14.8227,0.1254,86.9,57.5625,15.7294,44.172,292.2,518.67,42.3431,709.92,12.252,72.3003,709.92,342.93,527.51,82.245,380.3,0.1294,600,83.4975,24.3675,73.2301,32.465,4.55,9.58,9.993,600,19.4616,4.1391,2.6,76.7967,2.6,0.1296,359.2676,173.745,11.1258,84.6075,0.2106,15.9898,342.93,0.1993,173.74,538.64,85.1175,57.6,9.1102,0.1321,20.3175,4.55,573.3,288.2025,0.1769,0.1321,4.01,66.2385,500,44.172
82.1175,498.35,85.245,14.8199,0.1256,86.15,57.5625,15.7322,43.974,292.25,518.43,42.2978,709.92,12.25,72.3004,709.92,342.9,527.45,82.2225,380.4,0.1295,599.88,83.5125,24.241,73.1126,32.46,4.545,9.586,9.9929,599.88,19.4631,4.2641,2.5998,76.7975,2.5998,0.1297,359.4398,173.6775,11.1256,84.6225,0.2107,15.9991,342.9,0.1995,173.67,538.4,85.1475,57.5625,9.1102,0.1322,20.3174,4.545,573.55,288.2925,0.1766,0.1322,3.99,66.2384,500,43.974
82.155,498.29,85.2375,14.8085,0.1256,86.025,57.525,15.7329,44.004,292.3,518.19,42.2534,709.84,12.249,72.3012,709.84,342.87,527.36,82.2075,380.45,0.1295,599.94,83.5275,24.109,72.9439,32.45,4.545,9.591,9.9928,599.94,19.4629,4.2859,2.5998,76.7977,2.5998,0.1297,358.8199,173.6505,11.1254,84.57,0.2107,16.0085,342.87,0.1995,173.642,538.16,85.185,57.5625,9.1102,0.1323,20.3173,4.545,573.05,287.46,0.1759,0.1322,3.956,66.2391,500,44.004
82.1175,498.23,85.2525,14.8054,0.1256,86.725,57.525,15.7337,44.04,292.35,517.95,42.2099,710,12.247,72.3002,710,342.87,527.3,82.2075,380.55,0.1295,599.94,83.4825,24.054,72.8245,32.445,4.545,9.594,9.9927,599.94,19.4631,4.7656,2.5996,76.7987,2.5996,0.1297,359.7498,173.7855,11.1253,84.5925,0.2106,16.0178,342.87,0.1994,173.782,537.92,85.1775,57.525,9.1102,0.1323,20.3173,4.545,573.55,287.955,0.1753,0.1322,3.903,66.2393,500,44.04
82.14,498.17,85.275,14.8024,0.1256,86.675,57.5625,15.7314,44.022,292.4,517.71,42.1675,710,12.245,72.3002,710,342.87,527.24,82.2375,380.6,0.1295,599.94,83.475,24.043,72.6539,32.435,4.545,9.595,9.9927,599.94,19.4634,4.0328,2.5996,76.7992,2.5996,0.1298,358.7855,174.0825,11.1251,84.6225,0.2107,16.0165,342.87,0.1994,174.076,537.68,85.1925,57.5625,9.1102,0.1323,20.3172,4.545,573.6,287.4825,0.175,0.1322,3.853,66.2394,500,44.022
82.0875,498.11,85.2825,14.7993,0.1257,86.025,57.6,15.7312,43.944,292.5,517.44,42.1297,710,12.242,72.3002,710,342.87,527.18,82.245,380.65,0.1295,599.88,83.4375,24.043,72.5326,32.43,4.5425,9.597,9.9926,599.88,19.4644,4.0219,2.5996,76.7997,2.5996,0.1298,358.8544,174.1365,11.1249,84.5925,0.2108,16.0251,342.87,0.1995,174.146,537.4,85.17,57.6,9.1096,0.1323,20.3171,4.5425,573.65,287.9775,0.1751,0.1322,3.83,66.2396,500,43.944
82.065,498.05,85.335,14.7963,0.1257,86.225,57.5625,15.7309,43.818,292.55,517.2,42.0893,710,12.241,72.3002,710,342.87,527.12,82.2975,380.75,0.1296,599.88,83.43,24.0155,72.3601,32.42,4.5425,9.599,9.9925,599.88,19.4649,4.5266,2.5996,76.8002,2.5996,0.1299,359.8187,174.0825,11.1248,84.555,0.2109,16.0338,342.87,0.1997,174.09,537.16,85.11,57.5625,9.1096,0.1324,20.317,4.5425,573.15,288.0225,0.1753,0.1323,3.834,66.2398,500,43.818
82.0125,497.99,85.35,14.7932,0.1258,86.35,57.525,15.7307,43.68,292.6,516.93,42.0536,709.92,12.239,72.3008,709.92,342.84,527.06,82.2525,380.85,0.1296,599.82,83.4075,23.9605,72.237,32.415,4.54,9.602,9.9932,599.82,19.4661,4.2297,2.5994,76.8015,2.5994,0.1299,359.3365,173.826,11.1246,84.5175,0.211,16.0425,342.84,0.1998,173.824,536.88,85.1325,57.6375,9.1091,0.1324,20.317,4.54,573.45,287.6175,0.1754,0.1324,3.846,66.2399,500,43.68
81.99,497.93,85.335,14.7902,0.1257,86.4,57.5625,15.7304,43.944,292.65,516.72,42.0116,709.92,12.238,72.3009,709.92,342.87,526.97,82.2825,380.9,0.1296,599.88,83.3775,23.8945,72.1133,32.41,4.54,9.606,9.9926,599.88,19.4661,4.0453,2.5994,76.8022,2.5994,0.1299,358.9577,173.7855,11.1282,84.4875,0.2107,16.0511,342.87,0.1995,173.782,536.6,85.1775,57.525,9.1096,0.1324,20.3169,4.54,573.15,288.4725,0.175,0.1323,3.848,66.2401,500,43.944
82.005,497.87,85.32,14.7871,0.1257,86.65,57.6375,15.7302,44.124,292.7,516.54,41.9665,710,12.237,72.3004,710,342.87,526.91,82.2825,380.95,0.1295,600,83.3775,23.933,71.9889,32.405,4.5425,9.605,9.9925,600,19.4651,3.9187,2.6002,76.8,2.6002,0.1298,358.9922,173.88,11.1292,84.4725,0.2106,16.0598,342.87,0.1993,173.88,536.4,85.1775,57.5625,9.1102,0.1323,20.3168,4.5425,573.45,288.1125,0.1744,0.1323,3.82,66.2403,500,44.124
82.05,497.81,85.3275,14.784,0.1256,86.1,57.5625,15.7299,44.232,292.75,516.36,41.9223,710,12.235,72.3004,710,342.87,526.85,82.2825,381,0.1294,600.18,83.4075,24.01,71.8133,32.395,4.545,9.603,9.9924,600.18,19.4629,4.4281,2.6002,76.7997,2.6002,0.1297,359.7842,174.2985,11.1296,84.45,0.2105,16.0685,342.87,0.1992,174.3,536.2,85.1475,57.5625,9.1108,0.1323,20.3167,4.545,573.3,287.8875,0.1743,0.1322,3.784,66.2404,500,44.232
82.02,497.72,85.2975,14.781,0.1256,86.075,57.5625,15.7297,44.226,292.8,516.18,41.8787,710,12.234,72.3004,710,342.9,526.76,82.2675,381.1,0.1294,600.18,83.4525,24.076,71.687,32.39,4.545,9.601,9.9923,600.18,19.4621,3.9609,2.6004,76.7987,2.6004,0.1297,359.7842,173.9745,11.1274,84.4725,0.2105,16.0771,342.9,0.1992,173.978,536,85.1325,57.525,9.1113,0.1322,20.3167,4.545,573.5,288.4275,0.1745,0.1322,3.776,66.2398,500,44.226
82.0575,497.66,85.32,14.7779,0.1256,86.225,57.5625,15.7294,44.196,292.85,516,41.8359,710,12.233,72.3004,710,342.9,526.7,82.23,381.15,0.1294,600.18,83.415,24.109,71.5601,32.385,4.545,9.601,9.9922,600.18,19.4614,3.9656,2.5998,76.8005,2.5998,0.1297,359.061,174.231,11.1272,84.525,0.2106,16.0858,342.9,0.1992,174.23,535.84,85.1625,57.6,9.1108,0.1322,20.3166,4.545,573.25,288.045,0.1749,0.1322,3.797,66.2398,500,44.196
82.0275,497.6,85.2825,14.7749,0.1256,86.975,57.6,15.7322,44.094,292.9,515.88,41.7863,710,12.231,72.3004,710,342.9,526.64,82.1925,381.2,0.1294,600,83.4375,24.109,71.4326,32.38,4.545,9.601,9.9922,600,19.4629,4.3406,2.5998,76.8007,2.5998,0.1297,359.6809,173.2725,11.1271,84.51,0.2105,16.0838,342.9,0.1993,173.278,535.64,85.185,57.5625,9.1108,0.1322,20.3165,4.545,573.7,287.955,0.1751,0.1322,3.825,66.2397,500,44.094
82.035,497.54,85.2675,14.7718,0.1254,86.525,57.6,15.7329,44.76,292.95,515.76,41.7371,710.08,12.23,72.2998,710.08,342.9,526.55,82.185,381.3,0.1292,600.24,83.4525,24.0705,71.3045,32.375,4.55,9.603,9.9913,600.24,19.4599,3.8641,2.6,76.8002,2.6,0.1296,359.371,173.9745,11.1269,84.555,0.2099,16.0918,342.9,0.1987,173.978,535.48,85.155,57.5625,9.1108,0.1321,20.3164,4.55,573.15,288.27,0.1745,0.1321,3.838,66.2396,500,44.76
82.035,497.48,85.305,14.7688,0.1252,86.75,57.5625,15.7337,45.138,293,515.76,41.6734,710.24,12.228,72.2984,710.24,342.96,526.49,82.2225,381.35,0.129,600.36,83.4975,24.2465,71.1757,32.37,4.555,9.594,9.991,600.36,19.4574,4.1734,2.601,76.7965,2.601,0.1294,359.6809,173.34,11.1267,84.5325,0.2094,16.0998,342.96,0.1983,173.334,535.4,85.1175,57.6375,9.1118,0.1319,20.3164,4.555,573.65,288.3825,0.1738,0.1318,3.804,66.2395,500,45.138
82.0125,497.39,85.2525,14.7657,0.125,86.1,57.6375,15.7314,45.426,293.05,515.79,41.606,710.32,12.227,72.2974,710.32,342.99,526.43,82.26,381.45,0.1288,600.48,83.4975,24.4555,71.0464,32.365,4.56,9.586,9.9899,600.48,19.4544,4.6562,2.6012,76.7945,2.6012,0.1292,359.2332,173.475,11.1265,84.54,0.2092,16.1078,342.99,0.198,173.474,535.4,85.1625,57.5625,9.1129,0.1317,20.3163,4.56,573.85,287.865,0.1738,0.1317,3.768,66.2387,500,45.426
81.99,497.33,85.215,14.7627,0.1249,86.9,57.6,15.7312,45.588,293.05,515.76,41.546,710.24,12.226,72.2975,710.24,343.02,526.34,82.29,381.5,0.1287,600.36,83.4975,24.6315,70.9164,32.36,4.565,9.577,9.9893,600.36,19.4539,4.0141,2.6014,76.7922,2.6014,0.1291,359.922,174.096,11.1264,84.5625,0.209,16.1158,343.02,0.1978,174.104,535.4,85.17,57.525,9.1129,0.1316,20.3162,4.565,573.7,287.685,0.1743,0.1315,3.781,66.2383,500,45.588
81.96,497.27,85.2675,14.7596,0.1249,86.1,57.5625,15.7309,45.522,293.1,515.7,41.4898,710.24,12.224,72.2972,710.24,343.02,526.28,82.2975,381.55,0.1288,600.36,83.535,24.7635,70.8364,32.36,4.565,9.571,9.9887,600.36,19.4524,4.5469,2.601,76.792,2.601,0.129,359.612,173.907,11.1262,84.6,0.2091,16.1238,343.02,0.1979,173.908,535.36,85.1475,57.6,9.1129,0.1315,20.3161,4.565,573.6,288.45,0.175,0.1315,3.831,66.238,500,45.522
81.9225,497.21,85.2825,14.7565,0.1249,86.675,57.6,15.7307,45.324,293.15,515.61,41.4377,710.24,12.223,72.2968,710.24,343.02,526.19,82.29,381.6,0.1288,600.12,83.4825,24.8075,70.7564,32.36,4.565,9.568,9.9889,600.12,19.4539,4.5312,2.6004,76.793,2.6004,0.1291,359.7498,174.258,11.126,84.645,0.2094,16.1318,343.02,0.1981,174.258,535.32,85.1625,57.6,9.1124,0.1316,20.316,4.565,573.35,288.36,0.1755,0.1315,3.888,66.2377,500,45.324
81.945,497.12,85.26,14.7535,0.1251,86.45,57.5625,15.7304,44.958,293.2,515.46,41.3934,710.16,12.221,72.2971,710.16,342.99,526.13,82.305,381.65,0.129,600,83.46,24.758,70.6764,32.36,4.56,9.569,9.9893,600,19.4549,4.4828,2.6002,76.7932,2.6002,0.1292,359.1643,173.8395,11.1259,84.6525,0.2097,16.1398,342.99,0.1984,173.852,535.24,85.1625,57.6,9.1118,0.1317,20.316,4.56,574.1,288.045,0.1757,0.1317,3.924,66.2373,500,44.958
81.9075,497.06,85.2825,14.7504,0.1252,86.025,57.6,15.7302,44.568,293.25,515.31,41.3497,710.08,12.22,72.2974,710.08,342.96,526.07,82.29,381.7,0.1291,599.88,83.46,24.6205,70.5457,32.355,4.555,9.573,9.9892,599.88,19.4564,4.4734,2.6,76.7937,2.6,0.1293,359.8531,173.34,11.1257,84.6,0.21,16.1371,342.96,0.1988,173.348,535.08,85.1925,57.5625,9.1113,0.1319,20.3159,4.555,573.65,287.6175,0.1754,0.1318,3.926,66.2378,500,44.568
81.9225,497,85.32,14.7474,0.1253,86.45,57.5625,15.7299,44.658,293.3,515.1,41.3141,710,12.219,72.2979,710,342.96,525.98,82.2675,381.8,0.1291,599.88,83.445,24.439,70.4651,32.355,4.555,9.58,9.9892,599.88,19.4569,4.1641,2.5998,76.7945,2.5998,0.1294,359.8187,174.123,11.1255,84.5775,0.21,16.1445,342.96,0.1987,174.118,534.92,85.17,57.6,9.1108,0.1319,20.3158,4.555,573.85,288.3825,0.1745,0.1319,3.894,66.2377,500,44.658
81.9825,496.94,85.3125,14.7443,0.1253,86.05,57.5625,15.7297,44.55,293.35,514.92,41.2757,710,12.217,72.2979,710,342.93,525.92,82.2225,381.85,0.1291,599.88,83.46,24.384,70.3338,32.35,4.5525,9.582,9.9891,599.88,19.4574,3.925,2.5998,76.7947,2.5998,0.1294,359.6465,173.7585,11.1253,84.6075,0.21,16.1518,342.93,0.1988,173.768,534.72,85.17,57.5625,9.1102,0.132,20.3157,4.5525,574.1,288.3825,0.1736,0.1319,3.818,66.2376,500,44.55
81.9525,496.85,85.35,14.7413,0.1254,86.775,57.6,15.7294,44.406,293.4,514.68,41.2454,710,12.216,72.2979,710,342.93,525.83,82.1925,381.9,0.1291,599.94,83.4675,24.3345,70.202,32.345,4.55,9.585,9.989,599.94,19.4571,4.4594,2.5996,76.7957,2.5996,0.1295,359.2332,173.961,11.1252,84.5775,0.2102,16.1591,342.93,0.1989,173.964,534.52,85.14,57.6,9.1102,0.132,20.3157,4.55,574,288.1125,0.1732,0.132,3.743,66.2375,500,44.406
81.9225,496.79,85.3125,14.7382,0.1255,86.875,57.6,15.7322,44.22,293.4,514.47,41.2124,709.92,12.215,72.2986,709.92,342.9,525.77,82.1925,381.95,0.1292,599.88,83.4375,24.263,70.0695,32.34,4.5475,9.589,9.9897,599.88,19.4581,4.8063,2.5994,76.797,2.5994,0.1296,359.6465,173.556,11.125,84.5475,0.2103,16.1665,342.9,0.1991,173.558,534.28,85.1625,57.6,9.1096,0.1321,20.3156,4.5475,573.55,288.585,0.1733,0.1321,3.708,66.2374,500,44.22
81.9675,496.73,85.2675,14.7352,0.1255,86.65,57.5625,15.7329,44.394,293.45,514.29,41.1765,709.92,12.213,72.2987,709.92,342.9,525.71,82.155,382,0.1292,599.94,83.475,24.175,69.987,32.34,4.5475,9.594,9.9891,599.94,19.4579,4.2719,2.5994,76.7977,2.5994,0.1296,359.4398,173.8935,11.1248,84.5625,0.2102,16.1738,342.9,0.199,173.894,534.04,85.2,57.5625,9.1096,0.1321,20.3155,4.5475,574.1,288.405,0.1732,0.1321,3.708,66.2373,500,44.394
81.9525,496.67,85.275,14.7321,0.1255,86.275,57.525,15.7337,44.454,293.5,514.14,41.1376,709.92,12.212,72.2988,709.92,342.9,525.62,82.155,382.05,0.1292,600,83.46,24.1805,69.8539,32.335,4.55,9.595,9.989,600,19.4574,4.4531,2.6,76.7962,2.6,0.1296,359.7498,173.2455,11.1247,84.54,0.2101,16.1811,342.9,0.1989,173.25,533.84,85.1475,57.6375,9.1102,0.1321,20.3307,4.55,573.25,287.6625,0.1731,0.1321,3.704,66.2373,500,44.454
81.96,496.58,85.2675,14.729,0.1253,86.65,57.6,15.7314,44.826,293.55,513.96,41.103,710,12.211,72.2983,710,342.93,525.56,82.2,382.1,0.129,600.12,83.4825,24.2135,69.7201,32.33,4.5525,9.595,9.9889,600.12,19.4559,4.475,2.6002,76.7955,2.6002,0.1295,359.7842,174.2715,11.1245,84.51,0.2098,16.1778,342.93,0.1985,174.272,533.68,85.185,57.6,9.1108,0.132,20.3311,4.5525,573.55,288.4275,0.1728,0.132,3.694,66.2372,500,44.826
81.9225,496.52,85.2225,14.726,0.1252,86.425,57.5625,15.7312,44.952,293.6,513.9,41.0541,710.08,12.21,72.2977,710.08,342.96,525.47,82.2525,382.15,0.1289,600.18,83.52,24.329,69.5858,32.325,4.555,9.591,9.9888,600.18,19.4546,4.4266,2.6004,76.7945,2.6004,0.1294,359.612,172.962,11.1281,84.5175,0.2095,16.1845,342.96,0.1984,172.97,533.52,85.155,57.6,9.1118,0.1319,20.3316,4.555,573.75,287.6625,0.1727,0.1318,3.682,66.2371,500,44.952
81.9,496.46,85.2075,14.7229,0.1251,86.375,57.5625,15.7309,45.282,293.6,513.84,41.0055,710.08,12.209,72.2975,710.08,342.99,525.41,82.245,382.2,0.1288,600.3,83.565,24.439,69.5014,32.325,4.56,9.588,9.988,600.3,19.4524,4.2109,2.6006,76.7932,2.6006,0.1292,359.0266,173.718,11.1291,84.51,0.2093,16.1911,342.99,0.1981,173.726,533.48,85.11,57.5625,9.1118,0.1318,20.332,4.56,573.3,288.09,0.1728,0.1318,3.686,66.2363,500,45.282
81.93,496.37,85.17,14.7199,0.125,86.825,57.5625,15.7307,45.432,293.65,513.81,40.9533,710.16,12.207,72.2968,710.16,342.99,525.32,82.2075,382.3,0.1287,600.36,83.55,24.5765,69.3664,32.32,4.5625,9.581,9.9877,600.36,19.4504,4.0156,2.6008,76.7917,2.6008,0.1291,359.5087,173.502,11.1302,84.5175,0.2091,16.1978,342.99,0.1979,173.502,533.4,85.0725,57.6,9.1124,0.1317,20.3324,4.5625,573.35,288.54,0.1731,0.1316,3.704,66.2359,500,45.432
81.915,496.31,85.155,14.7168,0.1249,86.225,57.6,15.7304,45.48,293.7,513.69,40.9125,710.24,12.207,72.2959,710.24,343.02,525.26,82.2075,382.3,0.1287,600.24,83.505,24.692,69.2814,32.32,4.565,9.577,9.9873,600.24,19.4504,3.9203,2.6004,76.7922,2.6004,0.1291,360.0253,174.4875,11.1276,84.5025,0.2092,16.2045,343.02,0.1979,174.482,533.36,85.05,57.5625,9.1118,0.1316,20.3328,4.565,573.85,288.585,0.1733,0.1316,3.729,66.2356,500,45.48
81.885,496.22,85.1325,14.7138,0.1249,86.075,57.5625,15.7302,45.282,293.7,513.57,40.8722,710.16,12.205,72.2962,710.16,343.02,525.17,82.245,382.35,0.1287,600.12,83.52,24.758,69.1964,32.32,4.5625,9.574,9.987,600.12,19.4509,4.4891,2.6004,76.7917,2.6004,0.1291,359.5087,174.1365,11.1274,84.54,0.2094,16.2111,343.02,0.198,174.132,533.24,85.035,57.525,9.1118,0.1316,20.3332,4.5625,573.5,287.8875,0.1737,0.1316,3.758,66.2352,500,45.282
81.8625,496.16,85.1475,14.7107,0.1251,86.65,57.5625,15.7307,44.982,293.75,513.45,40.8324,710.16,12.204,72.2959,710.16,342.99,525.11,82.215,382.4,0.1289,600.06,83.505,24.7415,69.1114,32.32,4.56,9.575,9.9874,600.06,19.4511,4.2906,2.6002,76.792,2.6002,0.1292,359.7498,173.529,11.1235,84.57,0.2095,16.2178,342.99,0.1983,173.53,533.12,85.005,57.6,9.1113,0.1317,20.3336,4.56,573.7,287.7975,0.174,0.1317,3.784,66.2349,500,44.982
81.9,496.1,85.1925,14.7077,0.1252,86.15,57.5625,15.7299,44.706,293.8,513.24,40.8044,710.08,12.203,72.2963,710.08,342.96,525.02,82.215,382.45,0.129,599.94,83.4675,24.626,69.0264,32.32,4.555,9.579,9.9873,599.94,19.4524,4.275,2.6,76.7925,2.6,0.1293,359.5776,173.88,11.1258,84.5625,0.2098,16.2138,342.96,0.1986,173.88,532.96,85.0425,57.5625,9.1108,0.1319,20.334,4.555,574.25,287.7525,0.1738,0.1318,3.792,66.2353,500,44.706
81.9375,496.01,85.185,14.7132,0.1254,86.8,57.5625,15.7297,44.388,293.85,513.03,40.7772,710,12.202,72.2968,710,342.93,524.96,82.2375,382.5,0.1291,599.82,83.4825,24.483,68.9414,32.32,4.5525,9.584,9.9872,599.82,19.4541,4.6937,2.5996,76.794,2.5996,0.1295,359.371,173.88,11.1256,84.54,0.2102,16.2198,342.93,0.1989,173.88,532.76,85.0725,57.525,9.1102,0.132,20.3345,4.5525,574,287.9775,0.1733,0.132,3.77,66.2352,500,44.388
81.945,495.95,85.215,14.7104,0.1255,86.85,57.5625,15.7294,44.178,293.85,512.82,40.7509,709.92,12.202,72.2974,709.92,342.9,524.87,82.2,382.55,0.1292,599.76,83.505,24.3235,68.8057,32.315,4.5475,9.592,9.9879,599.76,19.4556,4.3953,2.5994,76.7952,2.5994,0.1296,359.7842,173.3265,11.1292,84.5175,0.2103,16.2258,342.9,0.1991,173.32,532.52,85.0875,57.6,9.1091,0.1322,20.3349,4.5475,573.8,288.18,0.1727,0.1322,3.722,66.2359,500,44.178
81.945,495.89,85.26,14.7077,0.1254,86.95,57.525,15.7322,44.754,293.9,512.67,40.7179,710,12.2,72.2969,710,342.93,524.78,82.23,382.6,0.129,599.94,83.505,24.186,68.7201,32.315,4.55,9.599,9.9873,599.94,19.4543,4.3359,2.5996,76.7952,2.5996,0.1295,359.612,173.5695,11.1265,84.51,0.2098,16.2318,342.93,0.1986,173.572,532.32,85.0875,57.6,9.1102,0.1321,20.3353,4.55,573.7,287.91,0.1716,0.1321,3.664,66.2353,500,44.754
81.9525,495.8,85.3125,14.7049,0.1252,86.65,57.6,15.7329,45.132,293.9,512.55,40.6817,710.08,12.201,72.2963,710.08,342.96,524.72,82.275,382.65,0.1288,600.12,83.5275,24.2905,68.5839,32.31,4.555,9.595,9.9865,600.12,19.4523,4.2016,2.6,76.7943,2.6,0.1294,359.7842,173.7045,11.1264,84.4725,0.2094,16.2378,342.96,0.1982,173.712,532.16,85.125,57.6,9.1113,0.1319,20.3357,4.555,573.3,287.775,0.1709,0.1319,3.587,66.2352,500,45.132
81.9225,495.74,85.2975,14.6935,0.1251,86,57.5625,15.7337,45.372,293.95,512.52,40.6347,710.16,12.2,72.2955,710.16,342.99,524.63,82.26,382.7,0.1286,600.36,83.5425,24.461,68.447,32.305,4.56,9.589,9.9862,600.36,19.4488,4.1937,2.6008,76.7913,2.6008,0.1292,359.9564,173.394,11.1262,84.525,0.2091,16.2438,342.99,0.1979,173.404,532.08,85.11,57.525,9.1124,0.1318,20.3361,4.56,573.95,288.585,0.1712,0.1318,3.543,66.2344,500,45.372
81.93,495.65,85.2825,14.699,0.1249,86.925,57.525,15.7314,45.552,294,512.49,40.5879,710.16,12.199,72.2953,710.16,343.02,524.57,82.2975,382.7,0.1286,600.24,83.4975,24.6205,68.3601,32.305,4.5625,9.583,9.9858,600.24,19.4488,4.5906,2.601,76.7895,2.601,0.1291,359.8531,173.529,11.126,84.5025,0.209,16.2498,343.02,0.1978,173.53,532,85.1175,57.6375,9.1129,0.1316,20.3365,4.5625,573.85,287.775,0.1721,0.1316,3.578,66.2341,500,45.552
81.975,495.59,85.305,14.6963,0.1249,86.275,57.525,15.7312,45.63,294,512.4,40.5487,710.24,12.197,72.2944,710.24,343.02,524.48,82.2525,382.75,0.1286,600.3,83.4975,24.747,68.2733,32.305,4.565,9.578,9.9855,600.3,19.4471,4.2156,2.6006,76.7898,2.6006,0.129,359.3365,174.312,11.1258,84.54,0.209,16.2451,343.02,0.1977,174.314,531.96,85.0725,57.525,9.1124,0.1316,20.337,4.565,573.35,287.9775,0.1729,0.1315,3.658,66.2337,500,45.63
81.9675,495.5,85.29,14.6935,0.1249,86.3,57.5625,15.7309,45.486,294.05,512.31,40.5099,710.24,12.195,72.294,710.24,343.02,524.39,82.215,382.8,0.1286,600.06,83.52,24.835,68.237,32.31,4.565,9.575,9.9852,600.06,19.4488,4.5984,2.6006,76.789,2.6006,0.129,359.1988,173.8125,11.1257,84.5925,0.209,16.2505,343.02,0.1978,173.824,531.88,85.0425,57.6,9.1118,0.1315,20.3374,4.565,573.7,288.2475,0.1733,0.1315,3.727,66.2342,500,45.486
81.9675,495.44,85.3275,14.6907,0.1249,86.975,57.6,15.7307,45.264,294.1,512.16,40.4789,710.16,12.196,72.2943,710.16,343.02,524.33,82.245,382.85,0.1287,600,83.4825,24.835,68.1507,32.31,4.5625,9.575,9.9848,600,19.4493,4.3094,2.6,76.7905,2.6,0.1291,359.9564,174.096,11.1255,84.555,0.2094,16.2558,343.02,0.198,174.104,531.8,85.0425,57.6375,9.1108,0.1316,20.3378,4.5625,574.05,288,0.1733,0.1316,3.76,66.2341,500,45.264
81.9675,495.35,85.3275,14.6879,0.1251,86.625,57.525,15.7304,44.94,294.1,512.04,40.4448,710,12.195,72.2953,710,342.99,524.24,82.2825,382.9,0.1288,599.88,83.52,24.7525,68.0645,32.31,4.56,9.577,9.9852,599.88,19.4508,4.2797,2.5996,76.792,2.5996,0.1292,359.7498,173.259,11.1253,84.5175,0.2095,16.2611,342.99,0.1984,173.264,531.64,85.0425,57.6,9.1102,0.1317,20.3382,4.56,573.9,288.1575,0.173,0.1317,3.754,66.234,500,44.94
81.9825,495.29,85.365,14.6851,0.1251,86.975,57.5625,15.7302,45.048,294.15,511.86,40.4187,710,12.194,72.2953,710,342.99,524.18,82.2675,382.95,0.1288,599.88,83.5425,24.6205,67.9782,32.31,4.5575,9.583,9.9852,599.88,19.4513,4.0859,2.5996,76.7925,2.5996,0.1292,359.922,174.0825,11.1252,84.525,0.2095,16.2665,342.99,0.1983,174.076,531.52,85.0875,57.6,9.1102,0.1318,20.3386,4.5575,573.65,288.225,0.1723,0.1318,3.72,66.2339,500,45.048
81.9375,495.23,85.3875,14.6824,0.1251,86.3,57.5625,15.7307,44.958,294.15,511.68,40.3934,709.92,12.193,72.2959,709.92,342.96,524.09,82.2825,382.95,0.1287,599.88,83.5125,24.5875,67.892,32.31,4.5575,9.584,9.9858,599.88,19.4518,4.0859,2.6,76.7915,2.6,0.1293,360.0253,174.0825,11.125,84.51,0.2096,16.2718,342.96,0.1984,174.09,531.32,85.0575,57.5625,9.1102,0.1318,20.339,4.5575,574.25,288.5625,0.1715,0.1318,3.656,66.2338,500,44.958
81.9525,495.14,85.365,14.6796,0.1252,86.975,57.5625,15.7307,44.778,294.2,511.5,40.3687,710.08,12.192,72.2948,710.08,342.96,524,82.2375,383,0.1288,599.94,83.46,24.5545,67.7551,32.305,4.555,9.586,9.9852,599.94,19.4516,4.4938,2.6,76.7915,2.6,0.1294,359.6465,174.096,11.1248,84.465,0.2098,16.2665,342.96,0.1985,174.09,531.16,85.0425,57.6,9.1108,0.1319,20.3395,4.555,574.15,288.225,0.1714,0.1318,3.599,66.2337,500,44.778
81.99,495.08,85.395,14.6768,0.1253,86.2,57.5625,15.7307,44.544,294.2,511.29,40.3486,710,12.192,72.2953,710,342.93,523.94,82.2225,383.05,0.1289,599.88,83.43,24.483,67.6683,32.305,4.5525,9.59,9.9852,599.88,19.4526,4.3828,2.5998,76.7923,2.5998,0.1295,359.5432,173.9205,11.1246,84.4725,0.21,16.2711,342.93,0.1988,173.908,530.96,85.0725,57.6,9.1102,0.132,20.3399,4.5525,574.15,287.9775,0.1717,0.132,3.585,66.2344,500,44.544
81.96,494.99,85.38,14.674,0.1255,86.6,57.6,15.7307,44.328,294.25,511.05,40.333,709.92,12.191,72.2959,709.92,342.9,523.85,82.245,383.05,0.1291,599.82,83.4,24.3785,67.5814,32.305,4.55,9.596,9.9851,599.82,19.4538,4.2687,2.5996,76.7933,2.5996,0.1296,359.6809,173.988,11.1282,84.495,0.2102,16.2758,342.9,0.199,173.992,530.72,85.1175,57.6,9.1096,0.1321,20.3403,4.55,573.6,288.6075,0.172,0.1321,3.599,66.2346,500,44.328
81.9975,494.93,85.395,14.6799,0.1256,86.25,57.6,15.7307,44.196,294.25,510.81,40.3184,709.76,12.189,72.2973,709.76,342.9,523.76,82.2975,383.1,0.1292,599.76,83.3925,24.263,67.4945,32.305,4.545,9.602,9.9857,599.76,19.4553,4.8219,2.5994,76.7945,2.5994,0.1297,359.5776,173.8665,11.1293,84.4875,0.2104,16.2805,342.9,0.1991,173.866,530.48,85.0875,57.6,9.1086,0.1322,20.3407,4.545,573.7,288.3375,0.1718,0.1322,3.609,66.2347,500,44.196
82.0425,494.84,85.3725,14.6774,0.1256,86.35,57.6,15.7307,44.334,294.3,510.63,40.2973,709.92,12.189,72.2964,709.92,342.9,523.7,82.26,383.15,0.1291,599.82,83.4075,24.164,67.4076,32.305,4.545,9.608,9.9852,599.82,19.4556,4.8172,2.5994,76.7953,2.5994,0.1297,359.6465,173.6775,11.1304,84.45,0.2102,16.2851,342.9,0.199,173.67,530.24,85.095,57.6,9.1091,0.1322,20.3411,4.545,573.75,287.7525,0.1713,0.1322,3.592,66.2349,500,44.334
82.065,494.78,85.38,14.6749,0.1255,86.075,57.5625,15.7307,44.604,294.3,510.51,40.2694,709.92,12.188,72.2965,709.92,342.9,523.61,82.2225,383.15,0.129,599.88,83.445,24.164,67.2701,32.3,4.5475,9.61,9.9851,599.88,19.4556,4.5687,2.5994,76.796,2.5994,0.1296,359.0955,173.2995,11.1277,84.465,0.2099,16.2898,342.9,0.1987,173.306,530.04,85.11,57.5625,9.1091,0.1322,20.3415,4.5475,573.45,288.3375,0.1706,0.1322,3.546,66.2351,500,44.604
82.08,494.69,85.35,14.6724,0.1253,86.775,57.6375,15.7307,45.102,294.35,510.39,40.2419,710,12.189,72.296,710,342.93,523.52,82.2675,383.2,0.1288,600.24,83.46,24.241,67.1826,32.3,4.5525,9.608,9.985,600.24,19.4516,3.8641,2.5998,76.7953,2.5998,0.1294,359.8531,174.0555,11.1275,84.4575,0.2095,16.2838,342.93,0.1982,174.062,529.92,85.155,57.525,9.1102,0.132,20.3419,4.5525,574.3,287.9325,0.1702,0.132,3.499,66.2352,500,45.102
82.0875,494.6,85.3425,14.6699,0.1251,86.075,57.6,15.7307,45.39,294.35,510.33,40.2075,710.08,12.189,72.2954,710.08,342.96,523.46,82.305,383.2,0.1286,600.36,83.4975,24.428,67.0951,32.3,4.56,9.601,9.9842,600.36,19.4491,4.0437,2.6006,76.7925,2.6006,0.1293,359.371,174.366,11.1236,84.465,0.2092,16.2878,342.96,0.1979,174.37,529.8,85.1325,57.6375,9.1113,0.1318,20.3424,4.56,573.7,288.5625,0.1704,0.1318,3.481,66.2347,500,45.39
82.1175,494.54,85.3275,14.6674,0.125,86.1,57.6,15.7307,45.492,294.4,510.24,40.177,710.16,12.187,72.2947,710.16,342.99,523.37,82.3275,383.25,0.1286,600.36,83.52,24.6205,67.0076,32.3,4.5625,9.595,9.9838,600.36,19.4476,4.3781,2.6008,76.791,2.6008,0.1292,359.7498,174.3255,11.1259,84.435,0.2091,16.2918,342.99,0.1978,174.328,529.72,85.155,57.6,9.1124,0.1317,20.3428,4.5625,574.1,287.82,0.1713,0.1317,3.516,66.2338,500,45.492
82.065,494.45,85.29,14.6649,0.125,86.05,57.5625,15.7307,45.444,294.4,510.18,40.1431,710.16,12.187,72.2944,710.16,342.99,523.28,82.32,383.3,0.1286,600.18,83.55,24.736,66.9201,32.3,4.5625,9.591,9.9842,600.18,19.4483,4.6875,2.6008,76.79,2.6008,0.1291,359.7842,174.042,11.1258,84.4875,0.2091,16.2958,342.99,0.1979,174.048,529.64,85.17,57.525,9.1124,0.1317,20.3432,4.5625,573.6,288.1575,0.1721,0.1316,3.591,66.2335,500,45.444
82.0275,494.39,85.335,14.6624,0.125,86.725,57.5625,15.7307,45.306,294.4,510.09,40.1133,710.16,12.186,72.2942,710.16,342.99,523.19,82.365,383.3,0.1287,600,83.55,24.7745,66.8832,32.305,4.5625,9.589,9.9842,600,19.4498,4.6984,2.6004,76.7905,2.6004,0.1292,360.0598,174.2445,11.1293,84.5475,0.2093,16.2998,342.99,0.198,174.244,529.6,85.1625,57.5625,9.1113,0.1317,20.3436,4.5625,574.15,288.6525,0.1725,0.1317,3.659,66.2339,500,45.306
82.065,494.3,85.3275,14.6599,0.1251,86.875,57.5625,15.7307,45.06,294.4,509.97,40.0875,710,12.186,72.2952,710,342.99,523.13,82.3425,383.3,0.1288,599.88,83.4975,24.7415,66.7964,32.305,4.56,9.589,9.9841,599.88,19.4513,4.8234,2.6002,76.7908,2.6002,0.1292,359.9909,174.0555,11.1267,84.54,0.2095,16.3038,342.99,0.1983,174.048,529.48,85.2075,57.525,9.1108,0.1318,20.344,4.56,573.65,288.4275,0.1723,0.1318,3.682,66.2338,500,45.06
82.0875,494.24,85.275,14.6574,0.1252,86.425,57.5625,15.7307,44.778,294.45,509.82,40.0661,709.92,12.185,72.2958,709.92,342.96,523.04,82.3125,383.35,0.1289,599.82,83.52,24.648,66.7601,32.31,4.555,9.593,9.9847,599.82,19.4526,4.0141,2.6,76.7913,2.6,0.1294,359.0955,174.0825,11.1265,84.6,0.2098,16.2971,342.96,0.1985,174.076,529.36,85.155,57.5625,9.1102,0.1319,20.3444,4.555,573.35,287.955,0.1719,0.1318,3.663,66.2337,500,44.778
82.095,494.15,85.275,14.6635,0.1254,86.775,57.525,15.7307,44.484,294.45,509.64,40.0489,709.84,12.184,72.2965,709.84,342.93,522.95,82.3425,383.35,0.129,599.7,83.5425,24.5105,66.6738,32.31,4.55,9.599,9.9849,599.7,19.4548,4.8391,2.5996,76.7928,2.5996,0.1295,359.7498,173.8395,11.1263,84.5475,0.2101,16.3005,342.93,0.1988,173.852,529.2,85.1925,57.5625,9.1096,0.132,20.3449,4.55,573.6,287.7075,0.1714,0.132,3.617,66.2344,500,44.484
82.08,494.06,85.2975,14.6613,0.1254,86.025,57.5625,15.7307,44.562,294.45,509.52,40.025,709.92,12.183,72.2962,709.92,342.9,522.86,82.35,383.4,0.1289,599.88,83.4975,24.3675,66.5876,32.31,4.55,9.606,9.9851,599.88,19.4538,4.1625,2.5996,76.7933,2.5996,0.1296,359.612,173.313,11.1262,84.5925,0.2099,16.3038,342.9,0.1988,173.306,529,85.1475,57.525,9.1096,0.1321,20.3453,4.55,574.3,288.2925,0.1707,0.1321,3.566,66.2346,500,44.562
82.05,494,85.305,14.659,0.1253,86.725,57.525,15.7307,45.162,294.5,509.43,39.9978,710,12.183,72.2957,710,342.93,522.8,82.2975,383.4,0.1287,600.12,83.4525,24.3235,66.5013,32.31,4.555,9.609,9.9845,600.12,19.4513,4.6719,2.5998,76.793,2.5998,0.1294,360.0253,173.826,11.126,84.585,0.2094,16.3071,342.93,0.1982,173.838,528.88,85.17,57.525,9.1102,0.132,20.3457,4.555,574.15,288.0675,0.1698,0.1319,3.511,66.2347,500,45.162
82.065,493.91,85.3275,14.6568,0.1251,86.65,57.5625,15.7307,45.546,294.5,509.4,39.9635,710.16,12.184,72.2944,710.16,342.99,522.71,82.29,383.4,0.1285,600.24,83.49,24.4775,66.3645,32.305,4.56,9.603,9.9844,600.24,19.4493,4.65,2.6002,76.7918,2.6002,0.1292,359.7498,173.7315,11.1258,84.63,0.209,16.3105,342.99,0.1978,173.726,528.8,85.2,57.525,9.1108,0.1318,20.3461,4.56,573.95,288.45,0.1696,0.1318,3.456,66.2342,500,45.546
82.0575,493.85,85.2975,14.6546,0.1249,86.975,57.5625,15.7307,45.804,294.5,509.43,39.9217,710.24,12.184,72.2935,710.24,343.02,522.62,82.3275,383.45,0.1284,600.36,83.4975,24.6755,66.3282,32.31,4.565,9.596,9.9836,600.36,19.4468,4.6,2.6006,76.79,2.6006,0.1291,359.8875,173.5155,11.1256,84.66,0.2087,16.3138,343.02,0.1975,173.516,528.8,85.1775,57.525,9.1113,0.1316,20.3465,4.565,573.4,288.18,0.1702,0.1316,3.451,66.2341,500,45.804
82.05,493.76,85.3125,14.6524,0.1248,86.725,57.5625,15.7307,45.984,294.5,509.4,39.8874,710.24,12.182,72.2932,710.24,343.05,522.53,82.3425,383.45,0.1284,600.42,83.475,24.8515,66.242,32.31,4.5675,9.589,9.9832,600.42,19.4446,4.5797,2.6008,76.7885,2.6008,0.1289,359.9909,174.3525,11.1255,84.69,0.2086,16.3065,343.05,0.1973,174.356,528.8,85.2075,57.6,9.1124,0.1315,20.3469,4.5675,573.45,287.82,0.1712,0.1314,3.515,66.2333,500,45.984
82.065,493.67,85.275,14.6501,0.1247,86.55,57.6,15.7307,45.924,294.55,509.43,39.8456,710.16,12.182,72.2934,710.16,343.05,522.47,82.3275,383.45,0.1284,600.24,83.5125,24.978,66.2063,32.315,4.57,9.583,9.9829,600.24,19.4451,4.0734,2.6008,76.7875,2.6008,0.1289,359.8187,173.556,11.1253,84.705,0.2086,16.3091,343.05,0.1974,173.544,528.76,85.1625,57.5625,9.1124,0.1314,20.3474,4.57,573.75,287.73,0.1719,0.1314,3.6,66.2329,500,45.924
82.035,493.61,85.2525,14.6479,0.1248,86.65,57.5625,15.7307,45.828,294.55,509.37,39.8151,710.16,12.181,72.2932,710.16,343.05,522.38,82.305,383.5,0.1284,600.18,83.49,25.033,66.1714,32.32,4.57,9.581,9.9826,600.18,19.4448,4.0094,2.6008,76.7865,2.6008,0.1289,359.1643,173.9205,11.1251,84.675,0.2087,16.3118,343.05,0.1975,173.922,528.8,85.17,57.6,9.1124,0.1314,20.3478,4.57,573.95,288.09,0.1721,0.1314,3.66,66.2326,500,45.828
82.05,493.52,85.305,14.6457,0.1248,86.25,57.6,15.7307,45.624,294.55,509.31,39.8655,710.08,12.181,72.2935,710.08,343.02,522.29,82.2975,383.5,0.1285,599.94,83.4975,25.011,66.0864,32.32,4.5675,9.58,9.983,599.94,19.4471,4.1844,2.6002,76.7878,2.6002,0.129,359.4398,174.015,11.125,84.72,0.209,16.3145,343.02,0.1977,174.02,528.76,85.2,57.5625,9.1113,0.1315,20.3482,4.5675,573.4,288.36,0.1718,0.1314,3.673,66.2322,520,45.624
82.0125,493.46,85.35,14.6435,0.1249,86.475,57.6,15.7307,45.336,294.55,509.19,39.9238,710.08,12.181,72.2934,710.08,343.02,522.2,82.2675,383.5,0.1285,600,83.4975,24.9505,66.052,32.325,4.565,9.583,9.9829,600,19.4466,4.1797,2.6,76.7883,2.6,0.1291,359.7842,173.961,11.1248,84.705,0.2093,16.3171,343.02,0.198,173.964,528.68,85.17,57.5625,9.1108,0.1316,20.3486,4.565,573.8,288.585,0.1714,0.1316,3.646,66.2327,520,45.336
82.0125,493.37,85.3425,14.6413,0.1251,86.25,57.6,15.7307,45.03,294.55,509.04,39.9862,710,12.18,72.2939,710,342.99,522.14,82.3125,383.5,0.1286,599.76,83.46,24.846,66.0182,32.33,4.56,9.587,9.9828,599.76,19.4496,3.9828,2.5998,76.789,2.5998,0.1292,359.7842,173.853,11.1246,84.6825,0.2095,16.3091,342.99,0.1983,173.852,528.56,85.17,57.5625,9.1102,0.1317,20.349,4.56,573.55,287.9775,0.171,0.1317,3.603,66.2326,520,45.03
82.0125,493.31,85.365,14.639,0.1252,86.15,57.525,15.7307,44.736,294.55,508.86,40.053,709.92,12.179,72.2945,709.92,342.96,522.05,82.29,383.5,0.1287,599.76,83.4375,24.7085,65.9345,32.33,4.555,9.593,9.9835,599.76,19.4506,4.3547,2.5994,76.7908,2.5994,0.1294,359.2332,174.1635,11.1282,84.6675,0.2098,16.3111,342.96,0.1986,174.16,528.4,85.125,57.5625,9.1096,0.1319,20.3494,4.555,574.15,287.9325,0.1706,0.1318,3.56,66.2325,520,44.736
82.035,493.22,85.3725,14.6454,0.1254,86.925,57.5625,15.7307,44.424,294.55,508.68,40.1206,709.84,12.178,72.2953,709.84,342.93,521.96,82.335,383.5,0.1289,599.64,83.4675,24.56,65.8507,32.33,4.55,9.6,9.9837,599.64,19.4531,4.3234,2.5992,76.7923,2.5992,0.1295,359.6809,173.5965,11.1293,84.705,0.2101,16.3131,342.93,0.1989,173.586,528.2,85.125,57.525,9.1091,0.1321,20.3498,4.55,573.35,287.775,0.1705,0.132,3.523,66.2332,520,44.424
81.99,493.13,85.3425,14.6435,0.1253,86.375,57.5625,15.7307,44.916,294.55,508.65,40.1701,709.84,12.178,72.2955,709.84,342.93,521.9,82.38,383.55,0.1288,599.82,83.43,24.395,65.767,32.33,4.5525,9.609,9.9838,599.82,19.4523,4.7797,2.5992,76.7933,2.5992,0.1295,359.2676,173.4615,11.1304,84.645,0.2096,16.3151,342.93,0.1984,173.474,528.04,85.14,57.5625,9.1091,0.132,20.3503,4.5525,573.35,288.3375,0.1699,0.132,3.494,66.2333,520,44.916
81.975,493.07,85.3275,14.6415,0.1252,86.45,57.5625,15.7307,45.294,294.55,508.62,40.2197,709.92,12.177,72.2952,709.92,342.96,521.81,82.395,383.55,0.1286,600.12,83.46,24.461,65.6832,32.33,4.5575,9.607,9.9832,600.12,19.4493,4.4672,2.6,76.7913,2.6,0.1293,359.1988,173.8395,11.1277,84.66,0.2093,16.3171,342.96,0.1981,173.838,527.96,85.1475,57.5625,9.1108,0.1319,20.3507,4.5575,573.35,287.865,0.1695,0.1318,3.455,66.2327,520,45.294
81.93,492.98,85.2825,14.6396,0.125,86.15,57.525,15.7307,45.546,294.55,508.71,40.2544,710.16,12.179,72.2934,710.16,342.99,521.72,82.41,383.55,0.1285,600.24,83.46,24.5985,65.5995,32.33,4.56,9.603,9.9832,600.24,19.4473,4.5109,2.6002,76.7905,2.6002,0.1292,359.4398,173.3535,11.1275,84.645,0.209,16.3191,342.99,0.1978,173.348,527.96,85.14,57.525,9.1113,0.1318,20.3511,4.56,573.65,288.315,0.1699,0.1318,3.434,66.2327,520,45.546
81.9375,492.92,85.29,14.6376,0.1249,86.325,57.5625,15.7307,45.786,294.6,508.77,40.2925,710.24,12.178,72.2925,710.24,343.02,521.63,82.35,383.55,0.1285,600.3,83.475,24.747,65.5664,32.335,4.565,9.598,9.9831,600.3,19.4456,4.1188,2.6004,76.7895,2.6004,0.1291,359.4054,174.4065,11.1243,84.6675,0.2089,16.3105,343.02,0.1975,174.398,528.04,85.1625,57.6,9.1118,0.1316,20.3515,4.565,574.15,288.1125,0.1708,0.1316,3.478,66.2326,520,45.786
81.93,492.83,85.2825,14.6357,0.1248,86.525,57.525,15.7307,45.804,294.6,508.83,40.3304,710.24,12.178,72.2922,710.24,343.02,521.57,82.3725,383.55,0.1285,600.18,83.475,24.879,65.5339,32.34,4.5675,9.593,9.9822,600.18,19.4458,4.3562,2.6006,76.7883,2.6006,0.129,359.9564,174.177,11.1262,84.6375,0.2088,16.3118,343.02,0.1975,174.174,528.12,85.14,57.5625,9.1118,0.1315,20.3519,4.5675,573.5,288.315,0.1718,0.1315,3.562,66.2318,520,45.804
81.9525,492.77,85.2825,14.6338,0.1248,86.675,57.6,15.7307,45.714,294.6,508.92,40.3642,710.08,12.177,72.293,710.08,343.02,521.48,82.335,383.55,0.1285,600.12,83.49,24.956,65.502,32.345,4.5675,9.591,9.9827,600.12,19.4458,4.825,2.6006,76.7875,2.6006,0.129,359.371,174.0825,11.126,84.6075,0.2089,16.3131,343.02,0.1976,174.076,528.2,85.1175,57.5625,9.1118,0.1315,20.3523,4.5675,573.35,288.5625,0.1724,0.1315,3.642,66.2322,520,45.714
81.96,492.68,85.2675,14.6318,0.1249,86.475,57.5625,15.7307,45.558,294.6,509.04,40.394,710.08,12.177,72.2929,710.08,343.02,521.39,82.38,383.55,0.1286,600.06,83.505,24.956,65.5214,32.355,4.565,9.59,9.9826,600.06,19.4461,4.8234,2.6,76.789,2.6,0.1291,359.8187,173.1915,11.1296,84.5625,0.209,16.3145,343.02,0.1978,173.194,528.28,85.1175,57.6,9.1108,0.1316,20.3528,4.565,573.7,288.5625,0.1725,0.1315,3.69,66.2321,520,45.558
81.945,492.62,85.305,14.6385,0.1249,86.225,57.6,15.7307,45.606,294.6,509.1,40.4307,710.08,12.177,72.2928,710.08,343.02,521.33,82.395,383.55,0.1286,600.12,83.55,24.912,65.4914,32.36,4.565,9.592,9.9825,600.12,19.4451,4.8234,2.6,76.789,2.6,0.1291,359.1299,173.8395,11.1269,84.5625,0.209,16.3158,343.02,0.1978,173.838,528.4,85.1475,57.5625,9.1108,0.1316,20.3532,4.565,573.4,287.73,0.1722,0.1316,3.696,66.232,520,45.606
81.93,492.53,85.305,14.6368,0.1249,86,57.5625,15.7307,45.546,294.6,509.22,40.4598,710.08,12.176,72.2927,710.08,343.02,521.24,82.3425,383.55,0.1286,600.06,83.58,24.912,65.462,32.365,4.565,9.592,9.9824,600.06,19.4453,4.0734,2.6,76.789,2.6,0.1291,359.3365,173.583,11.1267,84.5625,0.209,16.3065,343.02,0.1978,173.572,528.48,85.155,57.525,9.1108,0.1316,20.3536,4.565,573.6,288.27,0.1717,0.1316,3.665,66.2319,520,45.546
81.9375,492.47,85.26,14.6351,0.1249,86.475,57.6375,15.7307,45.486,294.55,509.28,40.4958,710.08,12.176,72.2926,710.08,342.99,521.18,82.3125,383.55,0.1286,600.06,83.6175,24.8955,65.4332,32.37,4.5625,9.593,9.9823,600.06,19.4451,4.7,2.6,76.789,2.6,0.1291,359.2332,173.934,11.1266,84.525,0.2091,16.3071,342.99,0.1979,173.936,528.56,85.14,57.6,9.1108,0.1316,20.354,4.5625,573.35,288.36,0.1716,0.1316,3.631,66.2318,520,45.486
81.9675,492.38,85.2675,14.6335,0.125,86.2,57.6,15.7307,45.366,294.6,509.31,40.5353,710,12.178,72.2931,710,342.99,521.09,82.2975,383.55,0.1286,600,83.58,24.868,65.4051,32.375,4.5625,9.594,9.9822,600,19.4456,4.7,2.5998,76.7898,2.5998,0.1292,359.5432,174.0015,11.1264,84.54,0.2093,16.3078,342.99,0.198,174.006,528.64,85.125,57.525,9.1108,0.1317,20.3544,4.5625,574,288.1125,0.1718,0.1317,3.622,66.2318,520,45.366
81.9525,492.32,85.26,14.6318,0.1251,86.775,57.525,15.7307,45.216,294.55,509.34,40.5748,710,12.177,72.2931,710,342.99,521.03,82.245,383.55,0.1287,599.94,83.5875,24.8295,65.3776,32.38,4.56,9.597,9.9822,599.94,19.4463,4.3672,2.5998,76.79,2.5998,0.1292,359.371,173.988,11.1262,84.5325,0.2094,16.3085,342.99,0.1982,173.992,528.68,85.14,57.5625,9.1108,0.1317,20.3548,4.56,573.75,287.91,0.1722,0.1317,3.636,66.2317,520,45.216
81.915,492.26,85.29,14.6301,0.1251,86.075,57.6,15.7307,45.066,294.55,509.4,40.6103,710,12.178,72.2931,710,342.96,520.94,82.2225,383.55,0.1288,599.88,83.6025,24.769,65.3507,32.385,4.5575,9.6,9.9821,599.88,19.4473,4.5797,2.5996,76.791,2.5996,0.1293,359.061,173.6235,11.126,84.4875,0.2095,16.3091,342.96,0.1983,173.628,528.72,85.155,57.6,9.1102,0.1318,20.3553,4.5575,573.4,287.8875,0.1724,0.1318,3.656,66.2316,520,45.066
81.9675,492.17,85.32,14.6285,0.1252,86.075,57.525,15.7307,45.036,294.55,509.43,40.6494,709.92,12.177,72.2937,709.92,342.96,520.88,82.2675,383.5,0.1288,599.88,83.6325,24.703,65.3245,32.39,4.5575,9.603,9.9827,599.88,19.4478,4.3125,2.5996,76.7915,2.5996,0.1293,359.2676,173.7585,11.1259,84.45,0.2096,16.3098,342.96,0.1983,173.754,528.76,85.1775,57.6,9.1096,0.1319,20.3557,4.5575,573.85,287.8425,0.1723,0.1318,3.667,66.2315,520,45.036
82.005,492.11,85.3125,14.6268,0.1252,86.475,57.5625,15.7307,45.006,294.55,509.52,40.6808,709.92,12.177,72.2938,709.92,342.96,520.79,82.305,383.5,0.1288,599.88,83.625,24.6645,65.2989,32.395,4.555,9.606,9.9829,599.88,19.4483,4.5906,2.6,76.7905,2.6,0.1293,359.8187,173.367,11.1257,84.48,0.2095,16.2998,342.96,0.1984,173.376,528.8,85.1625,57.5625,9.1102,0.1319,20.3561,4.555,573.1,288.135,0.1721,0.1318,3.657,66.2314,520,45.006
81.9675,492.05,85.29,14.6337,0.1251,86.675,57.525,15.7307,45.312,294.55,509.58,40.7157,709.92,12.177,72.2939,709.92,342.96,520.73,82.3425,383.5,0.1288,600,83.595,24.6315,65.2739,32.4,4.5575,9.609,9.9823,600,19.4473,4.3719,2.6,76.7905,2.6,0.1293,359.612,173.9475,11.1255,84.525,0.2094,16.2998,342.96,0.1981,173.95,528.88,85.1625,57.6,9.1108,0.1318,20.3565,4.5575,573.65,287.73,0.1717,0.1318,3.637,66.2313,520,45.312
81.99,491.96,85.32,14.6324,0.1251,86.075,57.6,15.7307,45.474,294.55,509.67,40.7465,710,12.176,72.2934,710,342.99,520.64,82.3575,383.5,0.1287,600.06,83.5575,24.714,65.2495,32.405,4.56,9.606,9.9822,600.06,19.4466,4.1266,2.6002,76.7898,2.6002,0.1292,358.8888,174.069,11.1254,84.5475,0.2092,16.2998,342.99,0.1979,174.076,528.96,85.17,57.5625,9.1108,0.1318,20.3569,4.56,573.85,288.4725,0.1716,0.1318,3.615,66.2312,520,45.474
82.0275,491.9,85.335,14.631,0.125,86.65,57.525,15.7307,45.522,294.5,509.76,40.777,710,12.177,72.2934,710,342.99,520.58,82.3425,383.5,0.1286,600.06,83.55,24.8075,65.2258,32.41,4.5625,9.604,9.9822,600.06,19.4463,4.7516,2.6004,76.7888,2.6004,0.1292,359.4054,174.2715,11.1259,84.5325,0.2092,16.2998,342.99,0.1979,174.272,529.08,85.1775,57.5625,9.1113,0.1317,20.3573,4.5625,573,288.1575,0.1721,0.1317,3.616,66.2312,520,45.522
82.0125,491.84,85.3275,14.6296,0.125,86.175,57.6,15.7307,45.48,294.5,509.91,40.7996,710,12.178,72.2934,710,342.99,520.52,82.38,383.45,0.1287,600.06,83.5725,24.8625,65.2532,32.42,4.5625,9.602,9.9821,600.06,19.4461,4.4516,2.6004,76.7883,2.6004,0.1292,359.3021,173.3265,11.126,84.585,0.2091,16.2998,342.99,0.1979,173.334,529.16,85.1775,57.525,9.1113,0.1317,20.3577,4.5625,573.55,288.495,0.1727,0.1317,3.652,66.2311,520,45.48
82.0425,491.78,85.2825,14.6282,0.125,86.275,57.5625,15.7307,45.528,294.5,510.03,40.8253,710.08,12.178,72.2928,710.08,342.99,520.43,82.41,383.45,0.1287,600.06,83.58,24.8845,65.2314,32.425,4.5625,9.602,9.982,600.06,19.4458,4.6813,2.5998,76.79,2.5998,0.1291,359.7154,174.0015,11.1261,84.5925,0.2091,16.2891,342.99,0.1979,174.006,529.32,85.14,57.5625,9.1108,0.1317,20.3582,4.5625,573.75,288,0.1731,0.1316,3.703,66.231,520,45.528
82.0875,491.69,85.2825,14.6268,0.1249,86.6,57.6,15.7307,45.492,294.5,510.18,40.8468,710.08,12.178,72.2927,710.08,342.99,520.37,82.4325,383.4,0.1287,600.06,83.58,24.9065,65.2607,32.435,4.5625,9.601,9.9819,600.06,19.4456,4.6813,2.6,76.7895,2.6,0.1291,359.4743,173.178,11.1262,84.63,0.2091,16.2885,342.99,0.1979,173.18,529.4,85.1325,57.5625,9.1108,0.1317,20.3586,4.5625,573.45,287.685,0.1732,0.1316,3.734,66.2309,520,45.492
82.11,491.63,85.2375,14.634,0.1249,86.725,57.5625,15.7307,45.66,294.45,510.3,40.8714,710.08,12.178,72.2926,710.08,343.02,520.31,82.4475,383.4,0.1286,600.12,83.61,24.923,65.2407,32.44,4.565,9.601,9.9818,600.12,19.4446,4.6531,2.6,76.7895,2.6,0.1291,359.1643,173.718,11.1263,84.6075,0.209,16.2878,343.02,0.1978,173.726,529.56,85.0875,57.5625,9.1113,0.1316,20.359,4.565,572.95,287.685,0.1729,0.1316,3.74,66.2308,520,45.66
82.08,491.57,85.245,14.6329,0.1249,86.05,57.5625,15.7307,45.732,294.45,510.45,40.8918,710.08,12.178,72.2924,710.08,343.02,520.25,82.395,383.4,0.1286,600.12,83.565,24.9835,65.272,32.45,4.565,9.598,9.9817,600.12,19.4441,4.3953,2.6006,76.7873,2.6006,0.129,359.4398,173.8125,11.1263,84.585,0.209,16.2871,343.02,0.1977,173.824,529.72,85.0725,57.6,9.1118,0.1316,20.3594,4.565,573.8,288.2025,0.1727,0.1315,3.726,66.2307,520,45.732
82.0725,491.51,85.275,14.6318,0.1248,86.625,57.5625,15.7307,45.732,294.45,510.57,40.9154,710.08,12.179,72.2923,710.08,343.02,520.16,82.395,383.35,0.1285,600.12,83.55,25.0385,65.2539,32.455,4.5675,9.597,9.9817,600.12,19.4436,4.3953,2.6002,76.788,2.6002,0.129,359.1988,173.826,11.1264,84.5775,0.209,16.2865,343.02,0.1977,173.824,529.84,85.0875,57.5625,9.1113,0.1315,20.3598,4.5675,573,287.8875,0.1728,0.1315,3.715,66.2299,520,45.732
82.0725,491.45,85.29,14.6307,0.1248,86.9,57.5625,15.7307,45.69,294.4,510.66,40.9422,710.08,12.18,72.2922,710.08,343.02,520.1,82.3725,383.35,0.1286,599.94,83.4975,25.0715,65.287,32.465,4.5675,9.596,9.9816,599.94,19.4453,3.8891,2.6002,76.7878,2.6002,0.129,358.7855,174.204,11.1265,84.6225,0.209,16.2751,343.02,0.1978,174.216,530,85.0575,57.5625,9.1113,0.1315,20.3602,4.5675,573.2,287.955,0.1731,0.1315,3.723,66.2296,520,45.69
82.095,491.39,85.29,14.6382,0.1248,86.5,57.6,15.7307,45.552,294.4,510.75,40.9687,710.08,12.18,72.2921,710.08,343.02,520.04,82.3725,383.35,0.1286,599.88,83.5275,25.0825,65.2707,32.47,4.5675,9.595,9.9815,599.88,19.4463,4.3859,2.6002,76.7875,2.6002,0.129,359.0955,174.015,11.1266,84.5775,0.2092,16.2738,343.02,0.1979,174.006,530.08,85.02,57.6,9.1113,0.1316,20.3607,4.5675,573.05,287.55,0.1734,0.1315,3.746,66.2292,520,45.552
82.125,491.33,85.2525,14.6374,0.1249,86.65,57.6,15.7307,45.402,294.4,510.84,40.9948,710.08,12.181,72.2919,710.08,343.02,519.98,82.35,383.3,0.1287,599.82,83.49,25.0605,65.3057,32.48,4.565,9.597,9.9814,599.82,19.4476,4.3859,2.6,76.788,2.6,0.1291,359.3365,173.664,11.1266,84.5475,0.2093,16.2725,343.02,0.1981,173.67,530.16,84.9825,57.525,9.1102,0.1316,20.3611,4.565,573.05,287.9325,0.1736,0.1316,3.77,66.2297,520,45.402
82.0725,491.27,85.29,14.6365,0.125,86.025,57.6,15.7307,45.294,294.35,510.9,41.0243,710.08,12.181,72.2918,710.08,342.99,519.92,82.32,383.3,0.1287,599.94,83.5125,25.011,65.342,32.49,4.5625,9.599,9.9813,599.94,19.4468,4.2438,2.6,76.788,2.6,0.1291,359.1643,173.9205,11.1267,84.54,0.2094,16.2711,342.99,0.1982,173.922,530.28,84.96,57.5625,9.1102,0.1317,20.3615,4.5625,573.5,287.865,0.1736,0.1316,3.78,66.2303,520,45.294
82.065,491.21,85.2825,14.6357,0.125,86.175,57.525,15.7307,45.162,294.35,510.96,41.0535,710,12.183,72.2923,710,342.99,519.86,82.2825,383.3,0.1288,599.88,83.5575,24.9505,65.3289,32.495,4.5625,9.602,9.9812,599.88,19.4478,4.1469,2.5998,76.7888,2.5998,0.1292,358.8199,173.8125,11.1268,84.54,0.2095,16.2698,342.99,0.1983,173.81,530.32,84.9975,57.5625,9.1096,0.1317,20.3619,4.5625,572.75,287.9775,0.1734,0.1317,3.771,66.2305,520,45.162
82.0275,491.15,85.2675,14.6349,0.1251,86.925,57.5625,15.7307,45.054,294.35,510.96,41.0901,710,12.183,72.2923,710,342.99,519.8,82.32,383.25,0.1288,599.82,83.58,24.89,65.367,32.505,4.56,9.605,9.9819,599.82,19.4491,4.1469,2.5996,76.7898,2.5996,0.1292,359.612,174.2985,11.1269,84.5925,0.2098,16.2685,342.99,0.1984,174.3,530.4,85.005,57.5625,9.1096,0.1318,20.3623,4.56,572.8,288.18,0.1732,0.1318,3.752,66.2307,520,45.054
82.0125,491.09,85.2375,14.634,0.1252,86.525,57.6375,15.7307,44.892,294.3,510.96,41.1266,709.92,12.184,72.293,709.92,342.96,519.74,82.29,383.2,0.1289,599.76,83.6175,24.8295,65.3557,32.51,4.5575,9.608,9.9821,599.76,19.4506,4.8266,2.5996,76.7903,2.5996,0.1293,359.4743,173.907,11.127,84.615,0.2098,16.2565,342.96,0.1986,173.908,530.4,85.0575,57.5625,9.1102,0.1319,20.3627,4.5575,572.8,288.1125,0.1732,0.1318,3.734,66.2301,520,44.892
82.0275,491.03,85.275,14.6418,0.1252,86.8,57.5625,15.7314,44.79,294.3,510.96,41.1631,709.92,12.184,72.2931,709.92,342.96,519.68,82.2975,383.2,0.129,599.76,83.595,24.758,65.3958,32.52,4.555,9.613,9.9822,599.76,19.4516,3.9359,2.5994,76.7915,2.5994,0.1294,358.8888,174.0555,11.127,84.6375,0.21,16.2545,342.96,0.1987,174.048,530.4,85.0425,57.5625,9.1096,0.1319,20.3632,4.555,572.85,288.135,0.1732,0.1319,3.726,66.23,520,44.79
82.065,491,85.26,14.6413,0.1253,86.5,57.525,15.7317,44.706,294.3,511.02,41.1921,709.84,12.184,72.2938,709.84,342.93,519.62,82.3275,383.15,0.129,599.7,83.565,24.6975,65.3864,32.525,4.5525,9.617,9.9824,599.7,19.4533,4.7281,2.5992,76.793,2.5992,0.1294,358.7511,173.4075,11.1271,84.585,0.21,16.2525,342.93,0.1988,173.418,530.4,85.0275,57.525,9.1091,0.132,20.3636,4.5525,573.4,288.18,0.1732,0.132,3.722,66.2307,520,44.706
82.0275,490.94,85.29,14.6407,0.1251,86.25,57.5625,15.7319,45.336,294.25,511.11,41.2171,709.92,12.184,72.2934,709.92,342.96,519.56,82.32,383.15,0.1288,600.06,83.52,24.648,65.3776,32.53,4.5575,9.621,9.9818,600.06,19.4501,4.3156,2.6,76.791,2.6,0.1293,358.7511,173.8125,11.1272,84.555,0.2094,16.2505,342.96,0.1982,173.824,530.44,85.0275,57.525,9.1102,0.1319,20.364,4.5575,573.25,287.9775,0.1727,0.1318,3.719,66.2301,520,45.336
82.0725,490.88,85.2675,14.6401,0.1249,86.775,57.525,15.7322,45.774,294.25,511.26,41.2343,710.08,12.187,72.2923,710.08,342.99,519.5,82.305,383.1,0.1286,600.24,83.565,24.802,65.3695,32.535,4.565,9.615,9.9817,600.24,19.4476,4.3156,2.6004,76.7895,2.6004,0.1291,359.5776,174.042,11.1273,84.5175,0.209,16.2485,342.99,0.1978,174.034,530.56,85.0725,57.5625,9.1108,0.1317,20.3644,4.565,573.05,287.7075,0.1724,0.1317,3.692,66.2307,520,45.774
82.0275,490.82,85.2225,14.6396,0.1247,86.275,57.6,15.7324,46.158,294.2,511.47,41.2433,710.16,12.188,72.2916,710.16,343.05,519.44,82.335,383.1,0.1284,600.36,83.5125,25.0165,65.4126,32.545,4.57,9.607,9.9809,600.36,19.4451,4.4313,2.6008,76.7875,2.6008,0.1289,358.9577,173.934,11.1273,84.525,0.2086,16.2465,343.05,0.1974,173.936,530.72,85.0275,57.5625,9.1124,0.1315,20.3648,4.57,573.35,287.685,0.1726,0.1314,3.679,66.2294,520,46.158
81.9975,490.76,85.2375,14.6476,0.1245,86.025,57.525,15.7327,46.506,294.2,511.71,41.2477,710.24,12.188,72.2907,710.24,343.08,519.38,82.3725,383.05,0.1283,600.54,83.4975,25.242,65.4064,32.55,4.575,9.598,9.9806,600.54,19.4413,4.5516,2.6012,76.785,2.6012,0.1287,358.6478,174.0555,11.1274,84.555,0.2083,16.2338,343.08,0.197,174.048,530.92,85.0275,57.6,9.1129,0.1313,20.3652,4.575,573.05,287.7075,0.1733,0.1312,3.718,66.2291,520,46.506
81.96,490.7,85.2075,14.6474,0.1243,86.725,57.5625,15.7329,46.8,294.15,511.95,41.2511,710.32,12.189,72.2897,710.32,343.11,519.32,82.3575,383,0.1282,600.48,83.5275,25.451,65.4514,32.56,4.58,9.589,9.9795,600.48,19.4398,4.7766,2.601,76.7843,2.601,0.1285,359.3365,174.1905,11.1275,84.57,0.2081,16.2311,343.11,0.1968,174.188,531.16,85.065,57.6,9.1135,0.1311,20.3656,4.58,573.2,287.91,0.174,0.131,3.788,66.228,520,46.8
81.945,490.67,85.17,14.6471,0.1242,86.175,57.6,15.7332,47.034,294.15,512.28,41.2423,710.4,12.188,72.2886,710.4,343.14,519.29,82.305,383,0.1281,600.54,83.5125,25.638,65.4976,32.57,4.585,9.581,9.9789,600.54,19.4371,4.1422,2.6014,76.7815,2.6014,0.1284,359.2332,173.259,11.1276,84.57,0.2077,16.2285,343.14,0.1965,173.264,531.44,85.11,57.525,9.1135,0.1309,20.3661,4.585,572.95,287.3475,0.1745,0.1309,3.856,66.2282,520,47.034
81.9525,490.61,85.2225,14.6468,0.124,86.625,57.5625,15.7334,47.28,294.1,512.52,41.2434,710.48,12.191,72.2873,710.48,343.17,519.23,82.29,382.95,0.128,600.48,83.505,25.803,65.5957,32.585,4.59,9.572,9.9783,600.48,19.4356,4.1422,2.6016,76.779,2.6016,0.1282,359.0266,174.258,11.1277,84.57,0.2076,16.2258,343.17,0.1963,174.258,531.76,85.14,57.6,9.114,0.1308,20.3665,4.59,573.25,287.4375,0.1747,0.1307,3.905,66.2271,520,47.28
81.915,490.55,85.2675,14.6465,0.1239,86.725,57.525,15.7337,47.43,294.1,512.79,41.2398,710.4,12.192,72.2872,710.4,343.2,519.17,82.29,382.95,0.1278,600.36,83.49,25.957,65.6451,32.595,4.5925,9.563,9.9785,600.36,19.4351,4.75,2.6014,76.7778,2.6014,0.1281,358.9233,174.366,11.1277,84.6075,0.2074,16.2231,343.2,0.1961,174.356,532.04,85.14,57.6,9.114,0.1306,20.3669,4.5925,573.2,288.18,0.1748,0.1306,3.931,66.2265,520,47.43
81.9375,490.52,85.275,14.6549,0.1238,86.85,57.6,15.7339,47.514,294.05,513.03,41.2389,710.48,12.192,72.286,710.48,343.23,519.14,82.305,382.9,0.1277,600.42,83.5275,26.1055,65.6957,32.605,4.5975,9.556,9.9774,600.42,19.4328,4.75,2.6016,76.7753,2.6016,0.128,358.8199,174.3795,11.1278,84.5925,0.2074,16.2098,343.23,0.1961,174.384,532.28,85.095,57.5625,9.114,0.1305,20.3673,4.5975,572.7,288.1575,0.1749,0.1305,3.948,66.2259,520,47.514
81.9525,490.46,85.3125,14.6549,0.1237,86.825,57.5625,15.7342,47.538,294.05,513.3,41.2332,710.48,12.193,72.2852,710.48,343.23,519.08,82.3425,382.85,0.1277,600.42,83.4825,26.2155,65.7982,32.62,4.5975,9.549,9.9768,600.42,19.4311,4.6734,2.6012,76.7748,2.6012,0.1279,358.5789,173.5965,11.1279,84.6,0.2073,16.2065,343.23,0.1961,173.6,532.52,85.0575,57.5625,9.114,0.1305,20.3677,4.5975,572.35,288,0.175,0.1305,3.964,66.2253,520,47.538
81.99,490.43,85.2675,14.6549,0.1237,86.35,57.525,15.7344,47.562,294,513.54,41.2303,710.56,12.193,72.2838,710.56,343.23,519.05,82.3275,382.8,0.1277,600.42,83.49,26.2925,65.852,32.63,4.6,9.544,9.9762,600.42,19.4293,4.5344,2.6012,76.7733,2.6012,0.1279,358.6822,173.4615,11.128,84.5775,0.2072,16.2031,343.23,0.1961,173.46,532.8,85.035,57.5625,9.114,0.1304,20.3681,4.6,572.55,287.775,0.1751,0.1304,3.98,66.224,520,47.562
81.9675,490.37,85.305,14.6549,0.1236,86.825,57.6,15.7347,47.568,293.95,513.78,41.2263,710.56,12.195,72.283,710.56,343.26,518.99,82.3425,382.8,0.1276,600.3,83.4975,26.331,65.907,32.64,4.6,9.539,9.9757,600.3,19.4291,4.5078,2.6012,76.7718,2.6012,0.1278,359.1299,173.4885,11.128,84.5475,0.2072,16.1998,343.26,0.1961,173.488,533.08,85.08,57.525,9.114,0.1304,20.3686,4.6,572.3,287.91,0.1751,0.1304,3.989,66.2232,520,47.568
81.9825,490.34,85.32,14.6549,0.1236,86.2,57.6,15.7349,47.544,293.95,513.99,41.2251,710.56,12.195,72.2821,710.56,343.26,518.96,82.3725,382.75,0.1276,600.24,83.4525,26.3695,66.0139,32.655,4.6,9.536,9.9751,600.24,19.4286,4.4781,2.6008,76.7718,2.6008,0.1278,358.4756,173.637,11.1281,84.585,0.2073,16.1965,343.26,0.1961,173.628,533.32,85.035,57.6,9.114,0.1304,20.369,4.6,572.55,287.8875,0.1751,0.1304,3.992,66.2223,520,47.544
81.9525,490.31,85.305,14.6549,0.1236,86.8,57.6,15.7352,47.478,293.9,514.14,41.2306,710.4,12.196,72.2825,710.4,343.26,518.9,82.4175,382.7,0.1276,600.06,83.445,26.386,66.072,32.665,4.6,9.534,9.9752,600.06,19.4298,4.7781,2.6008,76.7708,2.6008,0.1278,359.3021,173.934,11.1282,84.5625,0.2074,16.1931,343.26,0.1961,173.936,533.56,85.05,57.6,9.1129,0.1304,20.3694,4.6,572.3,287.2575,0.1751,0.1304,3.992,66.2223,520,47.478
81.9975,490.28,85.26,14.6635,0.1237,86,57.5625,15.7354,47.364,293.85,514.29,41.2355,710.4,12.197,72.2818,710.4,343.23,518.87,82.3875,382.65,0.1277,600.06,83.4225,26.3915,66.1314,32.675,4.6,9.533,9.9749,600.06,19.4296,4.5391,2.6008,76.7698,2.6008,0.1279,359.2676,173.772,11.1283,84.5475,0.2075,16.1791,343.23,0.1963,173.768,533.72,85.0425,57.5625,9.1135,0.1304,20.3698,4.6,572.5,287.145,0.1751,0.1304,3.992,66.2217,520,47.364
82.0425,490.22,85.2675,14.6638,0.1237,86.725,57.6,15.7357,47.22,293.85,514.38,41.2473,710.4,12.197,72.2812,710.4,343.23,518.84,82.425,382.6,0.1277,600,83.4225,26.3695,66.192,32.685,4.5975,9.533,9.9746,600,19.4301,4.5406,2.6006,76.7695,2.6006,0.1279,358.3723,173.826,11.1284,84.5475,0.2077,16.1751,343.23,0.1964,173.824,533.84,85.065,57.6,9.1129,0.1305,20.3702,4.5975,572.4,287.9775,0.1751,0.1305,3.992,66.2211,520,47.22
82.0425,490.19,85.3125,14.664,0.1238,86.05,57.6,15.7329,47.04,293.8,514.44,41.2625,710.32,12.198,72.2812,710.32,343.23,518.81,82.4175,382.55,0.1278,599.88,83.3925,26.3255,66.2539,32.695,4.595,9.535,9.9742,599.88,19.4316,3.8969,2.6004,76.7695,2.6004,0.128,358.9577,174.3525,11.1284,84.555,0.2079,16.1711,343.23,0.1966,174.356,533.96,85.065,57.525,9.1129,0.1306,20.3706,4.595,573.05,288,0.1751,0.1306,3.99,66.2213,520,47.04
82.035,490.16,85.275,14.6643,0.1239,86.05,57.6,15.7322,46.8,293.75,514.47,41.2812,710.24,12.201,72.2813,710.24,343.2,518.75,82.4475,382.5,0.1279,599.82,83.3925,26.2485,66.317,32.705,4.5925,9.538,9.9747,599.82,19.4328,3.8969,2.5998,76.7713,2.5998,0.1281,358.8888,173.8935,11.1285,84.585,0.2081,16.1671,343.2,0.1969,173.894,534,85.065,57.6,9.1118,0.1307,20.3711,4.5925,572.7,287.2125,0.1751,0.1306,3.983,66.2209,520,46.8
81.9975,490.13,85.29,14.6646,0.124,86.975,57.6,15.7314,46.56,293.7,514.53,41.296,710.24,12.202,72.281,710.24,343.17,518.72,82.4775,382.45,0.128,599.88,83.385,26.1495,66.3814,32.715,4.59,9.542,9.9753,599.88,19.4328,4.3891,2.5996,76.7723,2.5996,0.1282,358.4067,173.124,11.1286,84.615,0.2082,16.1631,343.17,0.1971,173.124,534.04,85.05,57.525,9.1113,0.1308,20.3715,4.59,572.65,287.82,0.175,0.1307,3.973,66.2206,520,46.56
82.035,490.1,85.2525,14.6735,0.1242,86.55,57.525,15.7337,46.362,293.7,514.5,41.3219,710.16,12.202,72.2812,710.16,343.14,518.69,82.5,382.4,0.1281,599.82,83.4375,26.034,66.447,32.725,4.585,9.548,9.9755,599.82,19.4341,4.7922,2.5994,76.7735,2.5994,0.1283,358.8888,174.0285,11.1287,84.5925,0.2086,16.1591,343.14,0.1973,174.034,534.08,85.0275,57.6,9.1108,0.1309,20.3719,4.585,572.25,287.64,0.1749,0.1309,3.958,66.2203,520,46.362
82.035,490.04,85.2825,14.674,0.1243,86.325,57.5625,15.7339,46.11,293.65,514.44,41.3516,710.08,12.203,72.2816,710.08,343.11,518.66,82.44,382.35,0.1282,599.7,83.4075,25.913,66.5139,32.735,4.5825,9.553,9.9757,599.7,19.4363,4.0766,2.5996,76.7735,2.5996,0.1285,358.8199,173.9745,11.1288,84.585,0.2089,16.1445,343.11,0.1976,173.978,534.08,85.005,57.6,9.1108,0.131,20.3723,4.5825,572.2,287.6175,0.1747,0.131,3.935,66.2207,520,46.11
82.065,490.01,85.275,14.6746,0.1245,86.2,57.5625,15.7342,45.726,293.6,514.35,41.3854,710,12.204,72.2821,710,343.08,518.63,82.4625,382.3,0.1284,599.52,83.3925,25.792,66.5314,32.74,4.5775,9.561,9.9758,599.52,19.4398,4.0766,2.5992,76.7755,2.5992,0.1286,358.4411,173.8935,11.1288,84.63,0.2093,16.1398,343.08,0.198,173.894,534,85.0275,57.5625,9.1096,0.1312,20.3727,4.5775,571.9,287.8425,0.1747,0.1312,3.912,66.2206,520,45.726
82.0275,489.98,85.32,14.6751,0.1247,86.1,57.525,15.7344,45.312,293.6,514.26,41.4195,709.92,12.207,72.2827,709.92,343.05,518.57,82.4925,382.25,0.1286,599.4,83.43,25.6105,66.6001,32.75,4.5725,9.57,9.976,599.4,19.4433,4.4641,2.599,76.7773,2.599,0.1288,358.6133,173.4345,11.1289,84.66,0.2096,16.1351,343.05,0.1984,173.432,533.92,85.005,57.6,9.1091,0.1314,20.3731,4.5725,572.3,287.64,0.1748,0.1314,3.897,66.2213,520,45.312
82.0125,489.95,85.3425,14.6843,0.1249,86.225,57.6,15.7347,44.964,293.55,514.11,41.4615,709.76,12.208,72.2841,709.76,343.02,518.54,82.47,382.2,0.1287,599.4,83.4075,25.4015,66.6195,32.755,4.565,9.581,9.9769,599.4,19.4458,3.8547,2.5986,76.78,2.5986,0.1291,358.8544,173.7585,11.129,84.6825,0.21,16.1305,343.02,0.1988,173.754,533.84,84.9675,57.5625,9.1086,0.1316,20.3735,4.565,572.1,287.775,0.1746,0.1316,3.885,66.2214,520,44.964
81.99,489.92,85.3425,14.6851,0.1251,86.05,57.5625,15.7349,44.64,293.5,513.99,41.5003,709.68,12.209,72.2851,709.68,342.96,518.51,82.455,382.15,0.1289,599.28,83.46,25.198,66.6901,32.765,4.56,9.592,9.9773,599.28,19.4498,3.8547,2.5986,76.7818,2.5986,0.1292,359.1299,173.205,11.1291,84.675,0.2102,16.1258,342.96,0.1991,173.208,533.68,84.975,57.6,9.108,0.1318,20.374,4.56,572.15,287.1675,0.1744,0.1318,3.86,66.2223,520,44.64
82.035,489.89,85.29,14.686,0.1251,86.025,57.6,15.7352,45.096,293.45,513.9,41.5358,709.68,12.211,72.2856,709.68,342.99,518.48,82.4775,382.1,0.1288,599.58,83.49,25,66.6608,32.765,4.56,9.604,9.9777,599.58,19.4491,4.5953,2.5988,76.7828,2.5988,0.1292,358.5789,173.556,11.1291,84.6375,0.2098,16.1211,342.99,0.1987,173.558,533.52,84.96,57.6,9.108,0.1318,20.3744,4.56,572.15,287.235,0.1735,0.1318,3.824,66.2228,520,45.096
82.0575,489.86,85.32,14.6868,0.1249,86.075,57.6,15.7354,45.402,293.4,513.84,41.568,709.76,12.213,72.2855,709.76,342.99,518.42,82.425,382.05,0.1287,599.88,83.4675,25.0385,66.682,32.77,4.565,9.604,9.9774,599.88,19.4471,4.5953,2.5994,76.782,2.5994,0.1291,359.0266,174.096,11.1292,84.66,0.2097,16.1165,342.99,0.1984,174.104,533.44,84.9675,57.6,9.1091,0.1317,20.3748,4.565,572.55,287.82,0.1728,0.1317,3.76,66.2224,520,45.402
82.08,489.8,85.35,14.6876,0.1248,86.375,57.525,15.7357,45.54,293.4,513.84,41.5929,710,12.215,72.284,710,343.02,518.39,82.425,382,0.1286,599.94,83.5125,25.154,66.7039,32.775,4.5675,9.603,9.9776,599.94,19.4468,4.6078,2.5996,76.782,2.5996,0.129,358.4067,173.745,11.1293,84.63,0.2094,16.1011,343.02,0.1982,173.74,533.4,84.9675,57.6,9.1096,0.1316,20.3752,4.5675,572.55,287.775,0.1731,0.1315,3.715,66.2226,520,45.54
82.0575,489.77,85.335,14.6885,0.1248,86.525,57.6,15.7329,45.714,293.35,513.87,41.614,710,12.215,72.284,710,343.02,518.36,82.4475,381.95,0.1286,600,83.4975,25.264,66.7264,32.78,4.57,9.601,9.9777,600,19.4463,4.7891,2.5998,76.7818,2.5998,0.1289,358.6478,173.8125,11.1294,84.585,0.2093,16.0958,343.02,0.1981,173.81,533.4,84.975,57.5625,9.1096,0.1315,20.3756,4.57,571.8,286.965,0.1738,0.1314,3.739,66.2228,520,45.714
82.0275,489.74,85.305,14.6893,0.1247,86.25,57.6,15.7322,45.87,293.3,513.9,41.635,710.08,12.216,72.2833,710.08,343.05,518.33,82.4625,381.9,0.1285,600.06,83.475,25.3575,66.7495,32.785,4.5725,9.599,9.9779,600.06,19.4456,4.7891,2.6,76.7812,2.6,0.1288,358.6822,174.204,11.1295,84.555,0.2092,16.0905,343.05,0.1979,174.202,533.44,85.0275,57.525,9.1102,0.1314,20.376,4.5725,572.6,286.8975,0.1745,0.1314,3.806,66.2229,520,45.87
82.0575,489.71,85.26,14.6987,0.1246,86.2,57.5625,15.7314,45.984,293.25,513.96,41.6522,709.92,12.217,72.2844,709.92,343.05,518.27,82.425,381.85,0.1285,600.06,83.43,25.4455,66.8239,32.795,4.5725,9.596,9.9781,600.06,19.4453,3.9547,2.6,76.7812,2.6,0.1288,358.8888,174.231,11.1295,84.51,0.2091,16.0851,343.05,0.1978,174.23,533.44,85.05,57.6,9.1102,0.1313,20.3765,4.5725,571.85,287.37,0.1749,0.1313,3.868,66.2223,520,45.984
82.0275,489.68,85.305,14.6999,0.1245,86.375,57.5625,15.7337,46.044,293.2,513.99,41.6728,709.92,12.218,72.2846,709.92,343.08,518.24,82.4475,381.8,0.1285,600.12,83.4525,25.5225,66.8489,32.8,4.575,9.594,9.9782,600.12,19.4443,3.9547,2.6002,76.7805,2.6002,0.1287,359.0266,174.366,11.1296,84.5475,0.209,16.0798,343.08,0.1978,174.356,533.52,85.005,57.6,9.1102,0.1313,20.3769,4.575,572.4,287.685,0.1751,0.1313,3.907,66.2223,520,46.044
82.0275,489.62,85.35,14.701,0.1245,86.5,57.6,15.7339,46.05,293.15,514.05,41.6896,710,12.219,72.2841,710,343.08,518.21,82.395,381.75,0.1285,600.12,83.4675,25.5775,66.9251,32.81,4.575,9.592,9.9784,600.12,19.4438,3.9328,2.6002,76.7803,2.6002,0.1287,358.5789,174.366,11.1297,84.5625,0.209,16.0745,343.08,0.1978,174.37,533.56,85.005,57.6,9.1108,0.1313,20.3773,4.575,571.75,286.83,0.1752,0.1313,3.923,66.2222,520,46.05
82.0125,489.59,85.3725,14.7021,0.1245,86.975,57.6,15.7342,46.014,293.15,514.11,41.7061,709.92,12.222,72.2847,709.92,343.08,518.18,82.35,381.7,0.1285,600.06,83.475,25.594,67.0026,32.82,4.575,9.591,9.9786,600.06,19.4441,4.7125,2.6002,76.78,2.6002,0.1287,358.1656,174.015,11.1298,84.6075,0.209,16.0691,343.08,0.1978,174.02,533.6,84.99,57.525,9.1108,0.1313,20.3777,4.575,572.6,287.64,0.1752,0.1313,3.929,66.2221,520,46.014
82.0275,489.56,85.32,14.7032,0.1246,86.925,57.6,15.7344,45.966,293.1,514.23,41.7149,709.92,12.222,72.2848,709.92,343.08,518.15,82.3575,381.6,0.1285,599.88,83.5125,25.583,67.0308,32.825,4.575,9.591,9.9787,599.88,19.4461,4.7125,2.6002,76.7797,2.6002,0.1287,358.2689,173.3535,11.1298,84.6525,0.209,16.0531,343.08,0.1979,173.348,533.68,84.96,57.5625,9.1108,0.1313,20.3781,4.575,572.45,287.2125,0.1753,0.1313,3.932,66.222,520,45.966
81.9975,489.53,85.2825,14.7043,0.1246,86.425,57.5625,15.7347,45.948,293.05,514.26,41.7344,709.92,12.224,72.2849,709.92,343.05,518.09,82.3125,381.55,0.1285,599.88,83.4675,25.5555,67.1101,32.835,4.5725,9.592,9.9789,599.88,19.4466,4.3812,2.6,76.7803,2.6,0.1288,357.9934,174.2175,11.1299,84.615,0.2092,16.0471,343.05,0.1979,174.23,533.8,84.9825,57.6,9.1102,0.1313,20.3785,4.5725,572.25,287.595,0.1753,0.1313,3.934,66.2219,520,45.948
82.05,489.5,85.245,14.7054,0.1246,86.3,57.6,15.7349,45.876,293,514.32,41.7501,709.92,12.225,72.2851,709.92,343.05,518.06,82.3275,381.5,0.1285,599.88,83.4375,25.539,67.1401,32.84,4.5725,9.592,9.9791,599.88,19.4471,4.3812,2.5996,76.7818,2.5996,0.1288,358.6478,173.934,11.13,84.645,0.2092,16.0411,343.05,0.1979,173.936,533.84,84.9675,57.5625,9.1096,0.1314,20.379,4.5725,571.85,287.415,0.1753,0.1314,3.933,66.2218,520,45.876
82.05,489.47,85.215,14.7065,0.1246,86.75,57.525,15.7352,45.81,292.95,514.35,41.7693,709.92,12.225,72.2852,709.92,343.05,518.03,82.365,381.45,0.1286,600,83.43,25.5225,67.1707,32.845,4.5725,9.594,9.9792,600,19.4461,4.3031,2.5994,76.783,2.5994,0.1288,358.9577,174.069,11.1301,84.645,0.2093,16.0351,343.05,0.198,174.076,533.88,84.945,57.525,9.1096,0.1314,20.3794,4.5725,571.7,287.1,0.1753,0.1314,3.933,66.2225,520,45.81
82.0275,489.44,85.26,14.7076,0.1247,86.9,57.525,15.7354,45.726,292.9,514.35,41.7921,709.92,12.226,72.2853,709.92,343.05,518,82.3125,381.4,0.1286,599.94,83.445,25.495,67.2526,32.855,4.57,9.595,9.9794,599.94,19.4468,4.7109,2.6,76.7815,2.6,0.1289,358.0623,174.2445,11.1302,84.6675,0.2094,16.0291,343.05,0.1981,174.244,533.92,84.96,57.6,9.1102,0.1314,20.3798,4.57,572,287.4375,0.1754,0.1314,3.934,66.2227,520,45.726
81.9975,489.41,85.2525,14.7087,0.1247,86.8,57.5625,15.7357,45.618,292.85,514.38,41.8112,710,12.228,72.2848,710,343.05,517.97,82.335,381.3,0.1287,599.94,83.4525,25.4565,67.2851,32.86,4.57,9.597,9.9796,599.94,19.4471,4.7109,2.5998,76.7822,2.5998,0.1289,358.2,174.096,11.1265,84.66,0.2095,16.0231,343.05,0.1982,174.09,533.92,84.9975,57.6,9.1096,0.1315,20.3802,4.57,572.45,287.415,0.1754,0.1314,3.934,66.2228,520,45.618
82.0125,489.38,85.2225,14.7099,0.1248,86.05,57.5625,15.7329,45.516,292.8,514.38,41.8339,710,12.228,72.2848,710,343.02,517.94,82.3725,381.25,0.1287,599.88,83.4825,25.4125,67.3182,32.865,4.5675,9.6,9.9797,599.88,19.4481,3.9375,2.5998,76.7825,2.5998,0.1289,358.51,174.1635,11.1253,84.675,0.2096,16.0171,343.02,0.1983,174.16,533.96,84.99,57.5625,9.1096,0.1315,20.3806,4.5675,572.25,286.74,0.1754,0.1315,3.932,66.223,520,45.516
82.065,489.35,85.2075,14.711,0.1248,86.525,57.5625,15.7322,45.408,292.75,514.38,41.8566,710,12.229,72.2848,710,343.02,517.91,82.3275,381.2,0.1288,599.82,83.49,25.3575,67.4026,32.875,4.5675,9.602,9.9799,599.82,19.4493,3.9375,2.5996,76.7835,2.5996,0.129,358.4067,173.853,11.1241,84.645,0.2097,16.0005,343.02,0.1984,173.852,533.92,85.035,57.5625,9.1096,0.1316,20.381,4.5675,572.35,287.7075,0.1754,0.1315,3.927,66.2232,520,45.408
82.0725,489.32,85.215,14.7121,0.1249,86.9,57.6,15.7314,45.324,292.7,514.41,41.8756,709.76,12.229,72.2867,709.76,343.02,517.88,82.35,381.1,0.1288,599.82,83.4525,25.3025,67.4376,32.88,4.565,9.605,9.9808,599.82,19.4501,4.1297,2.5996,76.784,2.5996,0.1291,358.4411,173.2455,11.1267,84.6675,0.2097,15.9938,343.02,0.1985,173.25,533.96,85.05,57.6,9.1091,0.1316,20.3814,4.565,572.1,287.505,0.1753,0.1316,3.921,66.2233,520,45.324
82.08,489.29,85.215,14.7132,0.1249,86.125,57.6,15.7337,45.294,292.65,514.41,41.8982,709.76,12.23,72.287,709.76,342.99,517.85,82.2975,381.05,0.1288,599.82,83.4525,25.2475,67.4732,32.885,4.565,9.608,9.9812,599.82,19.4508,4.0703,2.5994,76.7853,2.5994,0.1291,358.4756,174.1365,11.1268,84.66,0.2098,15.9871,342.99,0.1985,174.146,534,85.0725,57.5625,9.1091,0.1317,20.3819,4.565,571.85,287.37,0.1752,0.1316,3.913,66.2235,520,45.294
82.1025,489.26,85.185,14.7143,0.125,86.45,57.5625,15.7339,45.228,292.6,514.41,41.9207,709.76,12.231,72.2874,709.76,342.99,517.82,82.335,381,0.1289,599.76,83.4525,25.2035,67.5095,32.89,4.5625,9.611,9.9817,599.76,19.4523,4.3125,2.5994,76.786,2.5994,0.1292,358.4756,173.961,11.1306,84.645,0.2098,15.9805,342.99,0.1986,173.95,533.96,85.035,57.5625,9.1091,0.1317,20.3823,4.5625,571.5,287.46,0.1752,0.1317,3.903,66.2237,520,45.228
82.125,489.23,85.1625,14.7154,0.125,86.725,57.525,15.7342,45.174,292.55,514.44,41.9396,709.92,12.232,72.2865,709.92,342.99,517.76,82.365,380.95,0.1289,599.94,83.505,25.176,67.5464,32.895,4.5625,9.614,9.9813,599.94,19.4511,4.2156,2.5994,76.7868,2.5994,0.1292,358.6822,173.3265,11.1282,84.6225,0.2098,15.9738,342.99,0.1987,173.334,533.96,85.065,57.5625,9.1086,0.1317,20.3827,4.5625,571.55,287.1,0.1752,0.1317,3.897,66.2238,520,45.174
82.155,489.2,85.155,14.7165,0.125,86.95,57.6,15.7344,45.18,292.5,514.44,41.962,709.84,12.232,72.2873,709.84,342.99,517.73,82.3725,380.85,0.1289,599.94,83.5125,25.143,67.5839,32.9,4.5625,9.616,9.9815,599.94,19.4513,4.2156,2.5998,76.786,2.5998,0.1292,358.6133,173.7855,11.1283,84.6525,0.2099,15.9671,342.99,0.1987,173.782,534,85.035,57.6375,9.1091,0.1318,20.3831,4.5625,571.4,287.46,0.1752,0.1318,3.897,66.224,520,45.18
82.17,489.17,85.1925,14.7262,0.125,86.625,57.6,15.7347,45.18,292.45,514.44,41.9845,709.84,12.233,72.2875,709.84,342.99,517.7,82.365,380.8,0.1289,599.88,83.475,25.121,67.622,32.905,4.5625,9.617,9.9817,599.88,19.4523,4.2828,2.5998,76.7863,2.5998,0.1292,358.1656,173.9745,11.1246,84.69,0.2099,15.9605,342.99,0.1987,173.978,534,85.005,57.5625,9.1091,0.1318,20.3835,4.5625,571.65,287.4375,0.1753,0.1318,3.897,66.2242,520,45.18
82.1325,489.14,85.17,14.7276,0.125,86.925,57.5625,15.7349,45.174,292.4,514.44,42.007,709.84,12.234,72.2878,709.84,342.99,517.67,82.3275,380.7,0.1289,599.88,83.4675,25.1155,67.6608,32.91,4.5625,9.619,9.9818,599.88,19.4528,4.2922,2.5998,76.7865,2.5998,0.1292,358.5789,174.096,11.1272,84.6825,0.2099,15.9538,342.99,0.1987,174.104,534,85.005,57.5625,9.1091,0.1318,20.3839,4.5625,571.5,286.83,0.1753,0.1318,3.897,66.2243,520,45.174
82.1325,489.11,85.2225,14.729,0.125,86.35,57.5625,15.7352,45.168,292.35,514.47,42.0257,709.84,12.235,72.288,709.84,342.99,517.64,82.2825,380.65,0.1289,599.88,83.5125,25.1155,67.7001,32.915,4.56,9.62,9.982,599.88,19.4533,4.7578,2.5998,76.7868,2.5998,0.1292,358.2689,173.8395,11.1273,84.705,0.2099,15.9365,342.99,0.1987,173.838,534,85.0575,57.6,9.1091,0.1318,20.3844,4.56,571.95,286.9425,0.1754,0.1318,3.9,66.2245,520,45.168
82.125,489.08,85.275,14.7218,0.125,86,57.6375,15.7354,45.18,292.3,514.5,42.0443,709.84,12.237,72.2883,709.84,342.99,517.61,82.29,380.6,0.1289,599.88,83.4675,25.1045,67.7401,32.92,4.56,9.621,9.9822,599.88,19.4538,4.3859,2.5998,76.787,2.5998,0.1292,357.8212,173.5155,11.1311,84.645,0.2098,15.9291,342.99,0.1987,173.516,534.04,85.0725,57.525,9.1091,0.1318,20.3848,4.56,572.2,287.6175,0.1754,0.1318,3.906,66.2247,520,45.18
82.14,489.05,85.32,14.7229,0.125,86.525,57.525,15.7357,45.228,292.25,514.53,42.0627,709.84,12.238,72.2886,709.84,342.99,517.58,82.3275,380.5,0.1289,599.94,83.5125,25.099,67.7808,32.925,4.5625,9.621,9.9823,599.94,19.4536,4.3859,2.5998,76.7873,2.5998,0.1292,358.3378,173.745,11.1287,84.6225,0.2098,15.9218,342.99,0.1986,173.754,534.08,85.11,57.5625,9.1096,0.1318,20.3852,4.5625,571.55,287.6175,0.1754,0.1318,3.911,66.2249,520,45.228
82.1175,489.02,85.335,14.724,0.125,86.225,57.6375,15.7329,45.276,292.2,514.59,42.0773,709.92,12.238,72.2882,709.92,342.99,517.55,82.2825,380.45,0.1289,599.94,83.505,25.11,67.822,32.93,4.5625,9.621,9.9825,599.94,19.4538,4.1859,2.5998,76.7875,2.5998,0.1292,358.1656,173.7045,11.1288,84.645,0.2098,15.9145,342.99,0.1986,173.712,534.12,85.1025,57.525,9.1096,0.1317,20.3856,4.5625,571.6,287.19,0.1755,0.1317,3.913,66.225,520,45.276
82.065,488.99,85.305,14.7251,0.125,86.35,57.525,15.7322,45.342,292.15,514.65,42.0917,709.92,12.238,72.2883,709.92,342.99,517.52,82.335,380.35,0.1289,599.94,83.4975,25.143,67.8639,32.935,4.5625,9.621,9.9827,599.94,19.4541,4.2766,2.6,76.787,2.6,0.1292,357.8212,173.8665,11.1251,84.6825,0.2098,15.9071,342.99,0.1985,173.866,534.16,85.0875,57.6,9.1096,0.1317,20.386,4.5625,571.4,287.5725,0.1755,0.1317,3.915,66.2252,520,45.342
82.02,488.96,85.275,14.7349,0.1249,86.525,57.5625,15.7314,45.402,292.05,514.68,42.1095,709.92,12.238,72.2884,709.92,342.99,517.49,82.335,380.3,0.1289,600,83.5425,25.176,67.9064,32.94,4.565,9.62,9.9828,600,19.4536,3.8766,2.6,76.787,2.6,0.1291,358.1312,173.907,11.1277,84.705,0.2098,15.8998,342.99,0.1985,173.908,534.24,85.065,57.525,9.1096,0.1317,20.3864,4.565,572,287.1,0.1756,0.1317,3.921,66.2254,520,45.402
82.035,488.93,85.2975,14.7362,0.1249,86.625,57.6,15.7337,45.456,292,514.74,42.1235,709.92,12.239,72.2885,709.92,342.99,517.46,82.3575,380.2,0.1288,600,83.5575,25.2145,67.9495,32.945,4.565,9.619,9.983,600,19.4536,3.8766,2.6,76.787,2.6,0.1291,358.4756,174.0015,11.1277,84.7275,0.2097,15.8925,342.99,0.1984,173.992,534.28,85.0875,57.6375,9.1102,0.1316,20.3869,4.565,571.25,286.92,0.1757,0.1316,3.931,66.2248,520,45.456
81.9825,488.9,85.3275,14.7376,0.1249,86.6,57.5625,15.7339,45.504,291.95,514.8,42.1372,709.92,12.241,72.2887,709.92,343.02,517.46,82.32,380.15,0.1288,600,83.55,25.2475,67.9933,32.95,4.565,9.617,9.9832,600,19.4536,4.1703,2.6,76.787,2.6,0.1291,358.7166,174.2445,11.1278,84.6825,0.2097,15.8851,343.02,0.1984,174.244,534.32,85.095,57.6,9.1102,0.1316,20.3873,4.565,572.05,287.3475,0.1758,0.1316,3.941,66.2247,520,45.504
81.9975,488.87,85.365,14.739,0.1248,86.925,57.6,15.7342,45.528,291.9,514.83,42.1545,709.92,12.242,72.2888,709.92,343.02,517.43,82.3275,380.05,0.1288,600,83.595,25.2805,68.0883,32.96,4.5675,9.616,9.9833,600,19.4536,4.8344,2.6002,76.7863,2.6002,0.129,358.1656,174.2445,11.1279,84.6975,0.2097,15.8671,343.02,0.1984,174.244,534.4,85.125,57.6,9.1108,0.1316,20.3877,4.5675,571.2,286.65,0.1759,0.1315,3.952,66.2246,520,45.528
81.975,488.87,85.38,14.7404,0.1248,86.875,57.5625,15.7344,45.54,291.85,514.92,42.1641,710,12.244,72.2883,710,343.02,517.4,82.365,380,0.1288,600.06,83.55,25.3025,68.1339,32.965,4.5675,9.615,9.9835,600.06,19.4528,3.9688,2.6002,76.786,2.6002,0.129,358.3378,173.88,11.128,84.6525,0.2096,15.8591,343.02,0.1983,173.88,534.44,85.1475,57.5625,9.1102,0.1316,20.3881,4.5675,571.2,286.74,0.176,0.1315,3.962,66.2253,520,45.54
81.975,488.84,85.3575,14.7418,0.1248,86.95,57.6375,15.7347,45.564,291.8,515.01,42.1733,710,12.244,72.2883,710,343.02,517.37,82.35,379.95,0.1288,600.06,83.565,25.319,68.1801,32.97,4.5675,9.614,9.9829,600.06,19.4526,3.9688,2.6002,76.7858,2.6002,0.129,357.7868,173.664,11.1281,84.69,0.2095,15.8511,343.02,0.1983,173.67,534.52,85.1325,57.5625,9.1102,0.1316,20.3885,4.5675,571.85,286.6275,0.176,0.1315,3.971,66.2254,520,45.564
81.9525,488.81,85.35,14.7432,0.1248,86.725,57.6,15.7349,45.612,291.75,515.1,42.1822,710,12.244,72.2883,710,343.02,517.34,82.3275,379.85,0.1288,600.06,83.5425,25.3355,68.227,32.975,4.5675,9.613,9.9828,600.06,19.4523,4.7297,2.6002,76.7855,2.6002,0.129,358.4411,173.6505,11.1281,84.6375,0.2095,15.8431,343.02,0.1983,173.656,534.6,85.1175,57.6,9.1102,0.1315,20.3889,4.5675,571.45,287.055,0.176,0.1315,3.976,66.2256,520,45.612
81.99,488.78,85.38,14.736,0.1248,86.825,57.525,15.7352,45.66,291.7,515.16,42.1945,710,12.246,72.2883,710,343.02,517.31,82.275,379.8,0.1287,600.06,83.535,25.352,68.2745,32.98,4.57,9.612,9.9828,600.06,19.4521,3.9828,2.6002,76.7853,2.6002,0.1289,358.4756,173.9205,11.1282,84.63,0.2094,15.8351,343.02,0.1982,173.922,534.68,85.08,57.6,9.1113,0.1315,20.3893,4.57,571.35,286.875,0.176,0.1314,3.978,66.225,520,45.66
81.9975,488.75,85.3575,14.7371,0.1247,86.775,57.525,15.7354,45.702,291.6,515.28,42.199,710,12.246,72.2883,710,343.05,517.28,82.3275,379.7,0.1287,600.12,83.535,25.3795,68.3226,32.985,4.57,9.61,9.9827,600.12,19.4511,4.775,2.6004,76.7843,2.6004,0.1289,357.8557,173.2995,11.1283,84.6525,0.2094,15.8271,343.05,0.1982,173.306,534.76,85.0875,57.5625,9.1113,0.1315,20.3898,4.57,571.85,287.01,0.1761,0.1314,3.979,66.2249,520,45.702
82.02,488.72,85.305,14.7468,0.1247,86.4,57.525,15.7357,45.78,291.55,515.43,42.1993,710,12.247,72.2883,710,343.05,517.25,82.2825,379.6,0.1287,600.12,83.52,25.4125,68.3714,32.99,4.57,9.609,9.9826,600.12,19.4506,4.0547,2.6004,76.7838,2.6004,0.1289,357.9934,173.313,11.1284,84.615,0.2093,15.8191,343.05,0.1981,173.32,534.92,85.0875,57.525,9.1113,0.1314,20.3902,4.57,571.9,286.605,0.1761,0.1314,3.984,66.2249,520,45.78
81.975,488.72,85.35,14.7482,0.1247,86.075,57.5625,15.7329,45.876,291.5,515.52,42.2065,710.08,12.246,72.2877,710.08,343.05,517.25,82.2975,379.55,0.1286,600.18,83.535,25.451,68.4207,32.995,4.5725,9.607,9.9825,600.18,19.4493,4.0547,2.6004,76.7832,2.6004,0.1288,358.51,173.5155,11.1285,84.66,0.2092,15.8111,343.05,0.198,173.516,535.04,85.05,57.525,9.1113,0.1314,20.3906,4.5725,571.2,287.325,0.1761,0.1314,3.99,66.2248,520,45.876
81.9825,488.69,85.38,14.7496,0.1246,86.925,57.6,15.7322,45.96,291.45,515.61,42.2133,710.08,12.247,72.2875,710.08,343.05,517.22,82.32,379.45,0.1286,600.18,83.535,25.506,68.4708,33,4.5725,9.604,9.9824,600.18,19.4486,4.0406,2.6,76.7842,2.6,0.1288,357.959,174.15,11.1285,84.6675,0.2092,15.8031,343.05,0.1979,174.146,535.16,85.08,57.6,9.1102,0.1314,20.391,4.5725,571.65,287.235,0.1762,0.1314,3.995,66.2247,520,45.96
81.945,488.66,85.41,14.751,0.1245,86,57.525,15.7314,46.002,291.4,515.73,42.2161,710.08,12.249,72.2874,710.08,343.08,517.19,82.2975,379.4,0.1286,600.18,83.55,25.5555,68.5214,33.005,4.575,9.602,9.9823,600.18,19.4478,4.0141,2.6002,76.7835,2.6002,0.1287,357.8212,173.448,11.1286,84.645,0.209,15.7844,343.08,0.1979,173.46,535.24,85.0575,57.6,9.1108,0.1313,20.3914,4.575,571.75,286.83,0.1763,0.1313,4.003,66.2246,520,46.002
81.975,488.66,85.4175,14.7524,0.1245,86.025,57.6,15.7337,46.068,291.35,515.79,42.2258,710.16,12.25,72.2867,710.16,343.08,517.16,82.3425,379.3,0.1285,600.06,83.5575,25.605,68.5726,33.01,4.575,9.6,9.9823,600.06,19.4486,4.0141,2.6002,76.7832,2.6002,0.1287,357.8212,174.339,11.1287,84.6075,0.2091,15.7758,343.08,0.1978,174.342,535.36,85.0875,57.5625,9.1108,0.1313,20.3918,4.575,571.4,286.6725,0.1764,0.1312,4.015,66.2245,520,46.068
81.9675,488.63,85.4175,14.7537,0.1245,86.5,57.5625,15.7339,46.068,291.3,515.88,42.2315,710.16,12.25,72.2864,710.16,343.08,517.16,82.35,379.25,0.1285,600.06,83.595,25.638,68.6751,33.02,4.5775,9.597,9.9822,600.06,19.4483,4.275,2.6004,76.7822,2.6004,0.1287,358.2689,173.934,11.1288,84.57,0.209,15.7671,343.08,0.1978,173.936,535.4,85.035,57.5625,9.1108,0.1312,20.3923,4.5775,571.8,287.2125,0.1765,0.1312,4.026,66.2244,520,46.068
81.9675,488.6,85.425,14.7551,0.1245,86.55,57.525,15.7342,46.068,291.2,515.97,42.2369,710.16,12.252,72.2862,710.16,343.08,517.13,82.3725,379.15,0.1285,600.06,83.625,25.671,68.7282,33.025,4.5775,9.596,9.9821,600.06,19.4481,4.2906,2.6004,76.7817,2.6004,0.1286,358.5789,173.7045,11.1288,84.5925,0.209,15.7584,343.08,0.1978,173.698,535.48,85.0125,57.6,9.1113,0.1312,20.3927,4.5775,571.65,287.3925,0.1766,0.1312,4.036,66.2244,520,46.068
82.0125,488.6,85.4625,14.7565,0.1244,86.675,57.525,15.7344,46.074,291.15,516.06,42.2419,710.16,12.252,72.2859,710.16,343.08,517.1,82.4025,379.05,0.1285,600.06,83.64,25.682,68.782,33.03,4.5775,9.594,9.982,600.06,19.4478,4.4359,2.6004,76.7812,2.6004,0.1286,358.2,173.5425,11.1289,84.6075,0.209,15.7498,343.08,0.1978,173.544,535.6,85.05,57.525,9.1113,0.1312,20.3931,4.5775,571.45,287.01,0.1766,0.1312,4.043,66.2243,520,46.074
82.0425,488.57,85.4325,14.7579,0.1244,86.425,57.5625,15.7347,46.086,291.1,516.12,42.2503,710.16,12.252,72.2857,710.16,343.08,517.1,82.3725,379,0.1285,600.06,83.655,25.6985,68.8364,33.035,4.5775,9.593,9.9819,600.06,19.4476,4.6516,2.6004,76.7807,2.6004,0.1286,358.1656,173.9205,11.129,84.5775,0.209,15.7411,343.08,0.1978,173.922,535.68,85.02,57.6,9.1113,0.1312,20.3935,4.5775,571,286.5375,0.1766,0.1312,4.046,66.2242,520,46.086
82.0125,488.54,85.4025,14.7593,0.1244,86.375,57.6,15.7349,46.062,291,516.15,42.2622,710.16,12.254,72.2854,710.16,343.08,517.07,82.3875,378.9,0.1285,600.06,83.595,25.704,68.8914,33.04,4.5775,9.592,9.9818,600.06,19.4473,4.6516,2.6004,76.7802,2.6004,0.1286,357.6835,174.393,11.1291,84.5775,0.2091,15.7324,343.08,0.1979,174.398,535.76,85.05,57.5625,9.1113,0.1312,20.3939,4.5775,570.9,286.9875,0.1766,0.1312,4.046,66.2241,520,46.062
81.9975,488.54,85.425,14.7521,0.1244,86.825,57.6,15.7352,45.99,290.95,516.24,42.2665,710.16,12.254,72.2852,710.16,343.08,517.07,82.35,378.8,0.1285,600.06,83.6025,25.7095,68.947,33.045,4.5775,9.592,9.9818,600.06,19.4471,4.5766,2.6004,76.7797,2.6004,0.1286,358.51,173.3265,11.1292,84.585,0.2091,15.7238,343.08,0.1979,173.334,535.8,85.1025,57.6,9.1113,0.1312,20.3943,4.5775,571.15,287.3025,0.1767,0.1312,4.046,66.224,520,45.99
82.0425,488.51,85.4325,14.7618,0.1245,86.2,57.5625,15.7354,45.972,290.9,516.27,42.278,710.16,12.255,72.2849,710.16,343.08,517.04,82.3875,378.7,0.1285,600.06,83.565,25.6985,69.0032,33.05,4.5775,9.592,9.9817,600.06,19.4468,4.7734,2.6004,76.7792,2.6004,0.1287,358.0623,174.0285,11.1292,84.6075,0.2092,15.7151,343.08,0.1979,174.034,535.88,85.1025,57.6,9.1108,0.1312,20.3948,4.5775,571.3,287.3475,0.1767,0.1312,4.05,66.2239,520,45.972
82.0575,488.51,85.4625,14.7632,0.1245,86.75,57.6,15.7357,45.912,290.85,516.3,42.2893,710.16,12.255,72.2847,710.16,343.08,517.01,82.38,378.65,0.1285,600,83.5425,25.6765,69.0601,33.055,4.5775,9.592,9.9816,600,19.4473,4.3203,2.6002,76.7795,2.6002,0.1287,358.3378,174.0015,11.1293,84.6375,0.2093,15.7064,343.08,0.198,174.006,535.92,85.125,57.5625,9.1108,0.1312,20.3952,4.5775,571.65,287.1,0.1767,0.1312,4.05,66.2239,520,45.912
82.095,488.48,85.455,14.7646,0.1245,86.775,57.6,15.7329,45.834,290.75,516.3,42.3042,710.16,12.255,72.2844,710.16,343.08,517.01,82.3875,378.55,0.1286,600,83.5575,25.6655,69.1176,33.06,4.575,9.593,9.9815,600,19.4473,3.8812,2.5998,76.7807,2.5998,0.1287,358.2,174.5415,11.1294,84.585,0.2094,15.6871,343.08,0.1981,174.538,535.96,85.0875,57.525,9.1102,0.1313,20.3956,4.575,570.9,286.83,0.1767,0.1313,4.047,66.2238,520,45.834
82.0575,488.48,85.44,14.766,0.1246,86.775,57.525,15.7322,45.708,290.7,516.27,42.3229,709.92,12.257,72.286,709.92,343.08,516.98,82.3875,378.5,0.1286,599.94,83.6025,25.627,69.1757,33.065,4.575,9.595,9.9814,599.94,19.4481,4.3266,2.5996,76.7817,2.5996,0.1287,357.9934,174.393,11.1295,84.6225,0.2095,15.6778,343.08,0.1982,174.398,535.96,85.0575,57.525,9.1102,0.1313,20.396,4.575,571.7,287.0775,0.1767,0.1313,4.045,66.2237,520,45.708
82.0875,488.45,85.44,14.7673,0.1246,86.45,57.525,15.7314,45.564,290.65,516.27,42.338,709.92,12.258,72.2861,709.92,343.05,516.98,82.4025,378.4,0.1287,599.88,83.55,25.583,69.2345,33.07,4.5725,9.597,9.9821,599.88,19.4491,4.6875,2.5996,76.7822,2.5996,0.1288,358.1312,174.015,11.1295,84.585,0.2096,15.6684,343.05,0.1984,174.02,535.92,85.0575,57.6,9.1096,0.1314,20.3964,4.5725,571.4,286.92,0.1767,0.1314,4.044,66.2243,520,45.564
82.125,488.42,85.41,14.7687,0.1247,86.075,57.525,15.7337,45.438,290.6,516.24,42.3568,709.92,12.258,72.2863,709.92,343.05,516.95,82.35,378.3,0.1287,599.82,83.55,25.517,69.2939,33.075,4.57,9.6,9.9823,599.82,19.4503,4.6875,2.5998,76.782,2.5998,0.1289,358.3034,173.9205,11.1296,84.57,0.2098,15.6591,343.05,0.1985,173.922,535.92,85.0275,57.6,9.1102,0.1315,20.3968,4.57,571.6,287.28,0.1767,0.1314,4.042,66.2245,520,45.438
82.1175,488.42,85.365,14.7701,0.1248,86.75,57.5625,15.7339,45.33,290.5,516.27,42.3683,710,12.259,72.2858,710,343.02,516.92,82.3125,378.25,0.1288,599.76,83.52,25.44,69.3033,33.075,4.5675,9.603,9.9824,599.76,19.4518,4.6437,2.5998,76.7822,2.5998,0.129,357.5457,173.286,11.1297,84.5925,0.2098,15.6498,343.02,0.1986,173.278,535.88,85.065,57.6,9.1102,0.1315,20.3972,4.5675,571.35,286.9875,0.1766,0.1315,4.034,66.2247,520,45.33
82.08,488.39,85.3125,14.7715,0.1248,86.9,57.5625,15.7342,45.312,290.45,516.24,42.3871,710,12.26,72.2858,710,343.02,516.92,82.275,378.15,0.1288,599.76,83.4975,25.374,69.3632,33.08,4.5675,9.607,9.9826,599.76,19.4528,4.5766,2.5996,76.7832,2.5996,0.129,357.959,174.096,11.1298,84.6075,0.2099,15.6404,343.02,0.1986,174.104,535.92,85.065,57.5625,9.1096,0.1316,20.3977,4.5675,571,287.28,0.1764,0.1315,4.021,66.2249,520,45.312
82.065,488.39,85.2825,14.7729,0.1248,86.025,57.6,15.7344,45.258,290.35,516.24,42.4023,709.92,12.26,72.2864,709.92,343.02,516.89,82.29,378.05,0.1288,599.94,83.5125,25.3245,69.4239,33.085,4.5675,9.609,9.9828,599.94,19.4516,4.6047,2.5996,76.7837,2.5996,0.1291,357.7179,173.6775,11.1299,84.6225,0.2099,15.6311,343.02,0.1987,173.67,535.88,85.0725,57.5625,9.1096,0.1316,20.3981,4.5675,571.7,286.785,0.1763,0.1316,4.004,66.225,520,45.258
82.08,488.36,85.245,14.7743,0.1249,86.9,57.6,15.7347,45.234,290.3,516.21,42.4212,709.92,12.262,72.2865,709.92,343.02,516.89,82.3125,377.95,0.1289,599.88,83.4825,25.297,69.4345,33.085,4.565,9.612,9.9829,599.88,19.4526,4.4656,2.5996,76.7842,2.5996,0.1291,357.7868,173.9745,11.1299,84.645,0.2099,15.6218,343.02,0.1987,173.978,535.88,85.0425,57.6,9.1091,0.1316,20.3985,4.565,571.5,286.8975,0.1763,0.1316,3.992,66.2252,520,45.234
82.1025,488.36,85.2225,14.7757,0.1249,86.35,57.5625,15.7349,45.198,290.25,516.18,42.4403,709.92,12.262,72.2866,709.92,342.99,516.86,82.275,377.85,0.1289,599.88,83.46,25.2695,69.4958,33.09,4.565,9.614,9.9831,599.88,19.4531,4.7531,2.5996,76.7847,2.5996,0.1291,358.1656,174.1905,11.13,84.6675,0.21,15.6124,342.99,0.1987,174.188,535.84,85.005,57.5625,9.1091,0.1317,20.3989,4.565,571,286.6275,0.1763,0.1316,3.989,66.2254,520,45.198
82.14,488.33,85.185,14.7771,0.1249,86.65,57.6,15.7352,45.162,290.15,516.21,42.452,709.92,12.263,72.2868,709.92,342.99,516.86,82.2525,377.75,0.1289,599.88,83.46,25.2475,69.507,33.09,4.565,9.616,9.9833,599.88,19.4536,4.4953,2.5994,76.786,2.5994,0.1291,357.7868,173.151,11.1301,84.6975,0.2099,15.6031,342.99,0.1988,173.152,535.8,85.005,57.525,9.1096,0.1317,20.3993,4.565,570.9,287.0775,0.1764,0.1317,3.991,66.2248,520,45.162
82.1025,488.33,85.1925,14.7785,0.1248,86.625,57.5625,15.7354,45.504,290.1,516.24,42.4635,710,12.263,72.2863,710,343.02,516.83,82.2675,377.7,0.1288,600,83.49,25.231,69.5689,33.095,4.5675,9.618,9.9834,600,19.4526,4.0547,2.5996,76.786,2.5996,0.129,358.3723,173.88,11.1302,84.72,0.2097,15.5938,343.02,0.1984,173.88,535.84,84.9975,57.5625,9.1102,0.1316,20.3997,4.5675,571.45,287.325,0.1762,0.1316,3.995,66.2247,520,45.504
82.0425,488.3,85.185,14.7798,0.1247,86.3,57.525,15.7357,45.768,290.05,516.3,42.4712,710,12.265,72.2863,710,343.05,516.8,82.2975,377.6,0.1287,600.12,83.49,25.3135,69.5807,33.095,4.57,9.614,9.9828,600.12,19.4511,4.3844,2.5998,76.7857,2.5998,0.1289,357.9934,173.799,11.1265,84.705,0.2094,15.5844,343.05,0.1982,173.796,535.88,84.96,57.6,9.1108,0.1315,20.4002,4.57,571.15,287.0325,0.176,0.1314,3.984,66.2246,520,45.768
82.08,488.3,85.2075,14.7812,0.1246,86.975,57.5625,15.7329,46.002,290,516.39,42.4749,710.08,12.266,72.2856,710.08,343.05,516.8,82.2825,377.5,0.1286,600.18,83.46,25.44,69.6432,33.1,4.575,9.61,9.9828,600.18,19.4498,4.3844,2.6006,76.783,2.6006,0.1288,357.9245,174.0555,11.1253,84.675,0.2092,15.5644,343.05,0.1979,174.048,535.96,84.9225,57.6,9.1113,0.1314,20.4006,4.575,571.05,286.6275,0.1761,0.1314,3.977,66.2245,520,46.002
82.05,488.27,85.23,14.7826,0.1245,86.9,57.5625,15.7322,46.2,289.9,516.57,42.4669,710.16,12.266,72.2849,710.16,343.08,516.77,82.2825,377.45,0.1285,600.24,83.415,25.5775,69.6557,33.1,4.5775,9.604,9.9827,600.24,19.4483,4.3547,2.6008,76.7815,2.6008,0.1287,358.2,173.2455,11.1242,84.6525,0.2089,15.5544,343.08,0.1978,173.25,536.04,84.9375,57.6,9.1118,0.1312,20.401,4.5775,570.9,287.01,0.1764,0.1312,3.994,66.2244,520,46.2
82.095,488.27,85.1925,14.784,0.1244,86.725,57.6,15.7314,46.41,289.85,516.69,42.4658,710.24,12.267,72.284,710.24,343.11,516.77,82.2975,377.35,0.1284,600.36,83.445,25.6985,69.7189,33.105,4.58,9.599,9.9818,600.36,19.4458,4.1562,2.601,76.7797,2.601,0.1285,357.649,173.7045,11.1267,84.69,0.2088,15.5444,343.11,0.1975,173.712,536.2,84.945,57.6,9.1118,0.1311,20.4014,4.58,570.8,287.145,0.1767,0.1311,4.028,66.2244,520,46.41
82.1175,488.24,85.245,14.7854,0.1242,86.475,57.6,15.7337,46.572,289.8,516.87,42.4566,710.24,12.268,72.2836,710.24,343.14,516.74,82.3125,377.25,0.1283,600.24,83.4375,25.8085,69.7826,33.11,4.5825,9.593,9.9815,600.24,19.4458,4.1344,2.6008,76.7792,2.6008,0.1284,357.5113,173.691,11.1268,84.645,0.2086,15.5344,343.14,0.1974,173.698,536.36,84.9675,57.5625,9.1118,0.131,20.4018,4.5825,571.35,286.4475,0.177,0.131,4.063,66.2243,520,46.572
82.1175,488.24,85.2525,14.7868,0.1242,86.475,57.6,15.7339,46.692,289.7,516.96,42.458,710.16,12.269,72.2839,710.16,343.14,516.74,82.2975,377.15,0.1283,600.3,83.475,25.913,69.847,33.115,4.585,9.588,9.9812,600.3,19.4441,4.6547,2.6008,76.7782,2.6008,0.1284,357.7179,174.4875,11.1306,84.645,0.2086,15.5244,343.14,0.1973,174.482,536.52,84.93,57.5625,9.1118,0.1309,20.4022,4.585,571.3,287.19,0.1772,0.1309,4.092,66.2234,520,46.692
82.065,488.21,85.26,14.7882,0.1241,86.65,57.6,15.7342,46.722,289.65,517.05,42.459,710.16,12.269,72.2836,710.16,343.17,516.74,82.2825,377.05,0.1282,600.3,83.4525,26.0065,69.912,33.12,4.5875,9.583,9.9808,600.3,19.4428,3.9531,2.6004,76.7787,2.6004,0.1283,357.959,174.474,11.1282,84.5925,0.2086,15.5144,343.17,0.1973,174.468,536.64,84.975,57.525,9.1118,0.1309,20.4027,4.5875,571,286.965,0.1774,0.1309,4.116,66.2231,520,46.722
82.0125,488.21,85.275,14.7896,0.124,86.025,57.6,15.7344,46.71,289.55,517.2,42.4521,710.24,12.271,72.2828,710.24,343.17,516.71,82.305,376.95,0.1282,600.3,83.49,26.0725,69.9776,33.125,4.59,9.579,9.9805,600.3,19.4416,4.4187,2.6006,76.7775,2.6006,0.1283,357.8901,173.745,11.1283,84.5775,0.2085,15.5044,343.17,0.1973,173.74,536.72,84.9525,57.6,9.1118,0.1308,20.4031,4.59,571.1,286.965,0.1776,0.1308,4.137,66.2228,520,46.71
82.05,488.21,85.275,14.791,0.124,86.3,57.5625,15.7347,46.692,289.5,517.29,42.4521,710.24,12.271,72.2824,710.24,343.17,516.71,82.29,376.85,0.1282,600.12,83.4375,26.1055,70.0439,33.13,4.59,9.576,9.9802,600.12,19.4426,3.8594,2.6006,76.7767,2.6006,0.1283,357.4768,174.015,11.1246,84.585,0.2086,15.4944,343.17,0.1973,174.02,536.88,84.9525,57.525,9.1118,0.1308,20.4035,4.59,570.65,287.0775,0.1777,0.1308,4.153,66.2224,520,46.692
82.0125,488.18,85.29,14.7923,0.124,86.35,57.525,15.7349,46.638,289.4,517.38,42.4518,710.24,12.272,72.282,710.24,343.17,516.68,82.275,376.75,0.1282,600.12,83.46,26.1165,70.1107,33.135,4.59,9.574,9.9798,600.12,19.4421,4.6687,2.6006,76.776,2.6006,0.1283,358.0623,174.231,11.1272,84.54,0.2086,15.4844,343.17,0.1973,174.23,537,84.9825,57.525,9.1118,0.1308,20.4039,4.59,571.35,286.47,0.1777,0.1308,4.16,66.2221,520,46.638
81.96,488.18,85.2825,14.7937,0.1241,86.55,57.6375,15.7352,46.53,289.35,517.44,42.4549,710.16,12.272,72.2823,710.16,343.17,516.68,82.275,376.7,0.1282,600.06,83.445,26.1165,70.1782,33.14,4.5875,9.573,9.9795,600.06,19.4423,4.2438,2.6006,76.7752,2.6006,0.1283,357.4768,174.1905,11.1273,84.5175,0.2087,15.4744,343.17,0.1974,174.188,537.08,85.035,57.5625,9.1124,0.1309,20.4043,4.5875,571.55,286.6275,0.1777,0.1308,4.159,66.2218,520,46.53
81.93,488.18,85.2825,14.7951,0.1241,86.375,57.6,15.7354,46.392,289.25,517.44,42.4652,710.16,12.274,72.282,710.16,343.14,516.68,82.2675,376.6,0.1283,600,83.4975,26.0835,70.2464,33.145,4.5875,9.573,9.9799,600,19.4428,4.2438,2.6004,76.7752,2.6004,0.1283,357.649,174.3525,11.1311,84.54,0.2089,15.4644,343.14,0.1976,174.356,537.12,85.0875,57.525,9.1118,0.1309,20.4047,4.5875,570.95,286.8525,0.1777,0.1309,4.157,66.2214,520,46.392
81.9075,488.15,85.3125,14.7965,0.1242,86.7,57.525,15.7357,46.218,289.2,517.5,42.4681,710.16,12.274,72.2818,710.16,343.14,516.68,82.2375,376.5,0.1283,599.94,83.535,26.034,70.2645,33.145,4.585,9.575,9.9806,599.94,19.4436,4.7281,2.6002,76.7755,2.6002,0.1284,358.2689,173.7045,11.1287,84.5775,0.209,15.4544,343.14,0.1978,173.712,537.16,85.0425,57.5625,9.1118,0.131,20.4051,4.585,571.3,286.9425,0.1776,0.131,4.153,66.2211,520,46.218
81.87,488.15,85.3125,14.7979,0.1243,86.375,57.6,15.7329,46.056,289.15,517.5,42.4782,710.08,12.274,72.2821,710.08,343.11,516.65,82.275,376.4,0.1284,599.88,83.5275,25.9625,70.3332,33.15,4.5825,9.578,9.9808,599.88,19.4446,4.7281,2.6002,76.7752,2.6002,0.1285,357.8557,173.7045,11.1288,84.5625,0.2091,15.4444,343.11,0.1979,173.698,537.2,85.0275,57.6,9.1113,0.1311,20.4056,4.5825,570.65,286.6725,0.1776,0.131,4.146,66.2215,520,46.056
81.9225,488.15,85.365,14.7993,0.1244,86.5,57.6,15.7322,45.9,289.05,517.47,42.492,710.08,12.276,72.282,710.08,343.11,516.65,82.245,376.3,0.1285,599.82,83.55,25.869,70.4026,33.155,4.58,9.581,9.9809,599.82,19.4458,4.4313,2.6,76.7757,2.6,0.1286,358.0623,174.204,11.1251,84.525,0.2094,15.4344,343.11,0.1981,174.202,537.2,85.065,57.525,9.1108,0.1312,20.406,4.58,570.75,286.6725,0.1775,0.1311,4.134,66.2214,520,45.9
81.8925,488.12,85.32,14.8007,0.1245,86.475,57.525,15.7314,45.702,289,517.41,42.5098,710,12.276,72.2825,710,343.08,516.65,82.2375,376.25,0.1286,599.76,83.565,25.781,70.422,33.155,4.5775,9.585,9.9803,599.76,19.4473,4.2609,2.5998,76.7765,2.5998,0.1287,357.7868,174.0555,11.1277,84.5775,0.2095,15.4244,343.08,0.1983,174.062,537.16,85.1025,57.525,9.1102,0.1312,20.4064,4.5775,571.4,286.56,0.1773,0.1312,4.117,66.2213,520,45.702
81.945,488.12,85.2825,14.8021,0.1246,86.325,57.525,15.7337,45.504,288.95,517.35,42.5277,709.92,12.276,72.2831,709.92,343.05,516.62,82.215,376.15,0.1287,599.7,83.55,25.6875,70.492,33.16,4.575,9.59,9.981,599.7,19.4491,4.4,2.5996,76.7775,2.5996,0.1288,358.2,174.0285,11.1278,84.585,0.2098,15.4038,343.05,0.1985,174.02,537.12,85.14,57.5625,9.1096,0.1313,20.4068,4.575,570.85,287.1675,0.1772,0.1313,4.1,66.2213,520,45.504
81.9075,488.12,85.32,14.8035,0.1247,86.675,57.5625,15.7339,45.312,288.9,517.29,42.546,709.92,12.277,72.2832,709.92,343.05,516.62,82.185,376.05,0.1288,599.76,83.55,25.5775,70.512,33.16,4.57,9.595,9.9812,599.76,19.4496,4.5516,2.5994,76.7787,2.5994,0.1289,357.959,173.934,11.1278,84.615,0.2099,15.3931,343.05,0.1987,173.936,537.04,85.185,57.5625,9.1096,0.1315,20.4072,4.57,571.25,287.1675,0.1771,0.1314,4.085,66.2219,520,45.312
81.885,488.09,85.35,14.8048,0.1248,86.825,57.525,15.7342,45.126,288.8,517.2,42.5682,709.84,12.278,72.284,709.84,343.02,516.62,82.155,375.95,0.1288,599.7,83.565,25.462,70.5826,33.165,4.5675,9.601,9.9813,599.7,19.4513,3.8937,2.5992,76.7803,2.5992,0.129,357.408,173.961,11.1279,84.6,0.2101,15.3824,343.02,0.1988,173.964,536.96,85.155,57.525,9.1091,0.1316,20.4076,4.5675,570.75,286.3575,0.177,0.1315,4.068,66.2221,520,45.126
81.8625,488.09,85.35,14.8062,0.1249,86.075,57.5625,15.7344,44.916,288.75,517.14,42.587,709.76,12.278,72.2849,709.76,342.99,516.59,82.125,375.9,0.129,599.58,83.5125,25.352,70.6033,33.165,4.565,9.607,9.9815,599.58,19.4541,4.2828,2.599,76.782,2.599,0.1291,357.649,173.1915,11.128,84.6375,0.2102,15.3718,342.99,0.1991,173.194,536.88,85.1175,57.5625,9.1086,0.1317,20.4081,4.565,570.6,286.7175,0.1769,0.1317,4.051,66.2223,520,44.916
81.9225,488.09,85.3875,14.8076,0.1249,86.7,57.6,15.7347,45.234,288.65,517.08,42.6061,709.76,12.279,72.2852,709.76,342.99,516.59,82.155,375.8,0.1289,599.7,83.4825,25.2365,70.6239,33.165,4.565,9.614,9.9817,599.7,19.4543,4.2828,2.599,76.7832,2.599,0.1291,357.5113,174.1905,11.1281,84.6075,0.21,15.3611,342.99,0.1988,174.188,536.8,85.0725,57.5625,9.1091,0.1317,20.4085,4.565,571.45,286.875,0.1764,0.1316,4.034,66.2224,520,45.234
81.9825,488.09,85.395,14.809,0.1248,86.45,57.6,15.7349,45.336,288.6,517.02,42.6254,709.84,12.279,72.285,709.84,343.02,516.59,82.1175,375.7,0.1288,599.94,83.475,25.2695,70.6445,33.165,4.5675,9.613,9.9818,599.94,19.4526,4.0578,2.5996,76.7822,2.5996,0.129,357.649,174.3525,11.1282,84.5625,0.2099,15.3504,343.02,0.1987,174.342,536.76,85.11,57.6,9.1096,0.1316,20.4089,4.5675,570.9,286.785,0.1761,0.1316,4,66.2226,520,45.336
81.9975,488.06,85.335,14.8104,0.1248,86.025,57.5625,15.7352,45.414,288.5,516.99,42.6412,709.84,12.281,72.2852,709.84,343.02,516.56,82.1025,375.6,0.1288,599.94,83.445,25.33,70.6651,33.165,4.5675,9.613,9.982,599.94,19.4528,4.7828,2.5998,76.782,2.5998,0.129,357.649,173.9205,11.1282,84.525,0.2098,15.3398,343.02,0.1986,173.922,536.68,85.1025,57.5625,9.1096,0.1315,20.4093,4.5675,571.05,286.5825,0.1762,0.1315,3.979,66.2228,520,45.414
82.0425,488.06,85.3425,14.8118,0.1247,86.2,57.6,15.7354,45.504,288.45,517.02,42.6496,710,12.281,72.2842,710,343.02,516.56,82.0875,375.5,0.1287,600,83.46,25.3795,70.6857,33.165,4.57,9.612,9.9822,600,19.4523,4.7828,2.5998,76.7822,2.5998,0.1289,357.7868,174.0555,11.1283,84.585,0.2098,15.3291,343.02,0.1985,174.048,536.68,85.1175,57.525,9.1096,0.1315,20.4097,4.57,571.15,286.7625,0.1765,0.1314,3.991,66.2229,520,45.504
82.065,488.03,85.38,14.8132,0.1247,86.4,57.6,15.7357,45.576,288.4,517.02,42.6616,709.92,12.282,72.2849,709.92,343.05,516.53,82.0725,375.4,0.1287,600,83.415,25.429,70.7064,33.165,4.57,9.611,9.9823,600,19.4523,4.5109,2.6,76.7817,2.6,0.1289,357.6835,174.1365,11.1284,84.5625,0.2097,15.3184,343.05,0.1984,174.132,536.68,85.065,57.525,9.1102,0.1315,20.4101,4.57,571.3,286.9875,0.1768,0.1314,4.018,66.2231,520,45.576
82.095,488.03,85.3575,14.8146,0.1247,86.1,57.6,15.7329,45.624,288.3,517.05,42.6699,710.08,12.283,72.2838,710.08,343.05,516.53,82.08,375.3,0.1287,600,83.4,25.4675,70.727,33.165,4.5725,9.609,9.9825,600,19.4523,4.6344,2.6,76.7817,2.6,0.1289,357.649,174.042,11.1285,84.615,0.2096,15.3078,343.05,0.1984,174.034,536.68,85.065,57.5625,9.1102,0.1314,20.4106,4.5725,571.35,286.515,0.1771,0.1314,4.046,66.2233,520,45.624
82.05,488.03,85.395,14.8159,0.1246,86,57.525,15.7322,45.66,288.25,517.08,42.6781,709.92,12.284,72.2849,709.92,343.05,516.53,82.0875,375.2,0.1287,600.06,83.43,25.495,70.7982,33.17,4.5725,9.608,9.9827,600.06,19.4516,4.0766,2.6,76.7817,2.6,0.1288,357.9245,174.0555,11.1285,84.6225,0.2096,15.2971,343.05,0.1983,174.062,536.72,85.065,57.5625,9.1102,0.1314,20.411,4.5725,570.8,287.1,0.1772,0.1314,4.066,66.2234,520,45.66
82.035,488,85.4175,14.8173,0.1246,86.55,57.525,15.7314,45.672,288.15,517.11,42.6861,709.92,12.284,72.285,709.92,343.05,516.5,82.065,375.1,0.1287,600.06,83.475,25.517,70.8195,33.17,4.5725,9.607,9.9821,600.06,19.4513,4.5125,2.6,76.7817,2.6,0.1288,357.8901,174.0555,11.1286,84.5775,0.2096,15.2864,343.05,0.1983,174.048,536.76,85.1175,57.5625,9.1102,0.1314,20.4114,4.5725,570.5,286.29,0.1773,0.1314,4.079,66.2236,520,45.672
82.035,488,85.365,14.8187,0.1246,86.3,57.6,15.7337,45.666,288.1,517.14,42.694,709.92,12.284,72.2851,709.92,343.05,516.5,82.125,375,0.1287,600.06,83.475,25.528,70.8407,33.17,4.5725,9.607,9.9828,600.06,19.4511,4.5125,2.6,76.7817,2.6,0.1288,358.1656,173.9745,11.1287,84.5475,0.2096,15.2758,343.05,0.1984,173.978,536.8,85.095,57.6,9.1102,0.1314,20.4118,4.5725,570.5,286.335,0.1773,0.1314,4.086,66.2238,520,45.666
82.0575,488,85.395,14.8201,0.1247,86.9,57.6,15.7339,45.636,288,517.14,42.7056,709.92,12.286,72.2852,709.92,343.05,516.5,82.155,374.9,0.1287,600,83.52,25.528,70.862,33.17,4.5725,9.607,9.9829,600,19.4516,3.8828,2.6,76.7817,2.6,0.1288,358.0967,174.3255,11.1288,84.5325,0.2097,15.2651,343.05,0.1984,174.328,536.84,85.0575,57.6,9.1102,0.1314,20.4122,4.5725,570.75,286.7175,0.1774,0.1314,4.09,66.2239,520,45.636
82.05,487.97,85.3425,14.8215,0.1247,86.2,57.5625,15.7342,45.576,287.95,517.2,42.7096,709.92,12.286,72.2854,709.92,343.05,516.47,82.185,374.8,0.1288,600,83.55,25.517,70.9338,33.175,4.5725,9.607,9.9831,600,19.4516,4.4688,2.6,76.7817,2.6,0.1289,357.9934,173.7045,11.1289,84.4875,0.2097,15.2544,343.05,0.1984,173.712,536.84,85.11,57.6,9.1102,0.1314,20.4126,4.5725,570.6,287.1,0.1775,0.1314,4.092,66.2241,520,45.576
82.08,487.97,85.35,14.8229,0.1247,86.2,57.525,15.7344,45.546,287.9,517.26,42.7134,710,12.287,72.2849,710,343.05,516.47,82.2225,374.75,0.1288,600,83.55,25.495,70.9557,33.175,4.57,9.609,9.9833,600,19.4516,4.4688,2.5998,76.7825,2.5998,0.1289,357.4424,173.286,11.1289,84.45,0.2097,15.2438,343.05,0.1985,173.278,536.88,85.095,57.5625,9.1102,0.1315,20.413,4.57,571.35,286.7625,0.1775,0.1314,4.094,66.2243,520,45.546
82.0875,487.97,85.3725,14.8243,0.1247,86.95,57.5625,15.7347,45.546,287.8,517.29,42.7207,710,12.288,72.2849,710,343.05,516.47,82.185,374.65,0.1288,600,83.55,25.4675,70.9776,33.175,4.57,9.609,9.9834,600,19.4516,4.3063,2.5998,76.7827,2.5998,0.1289,357.8557,173.853,11.129,84.435,0.2097,15.2331,343.05,0.1985,173.852,536.96,85.05,57.5625,9.1102,0.1315,20.4135,4.57,570.6,286.4925,0.1774,0.1314,4.093,66.2244,520,45.546
82.035,487.97,85.38,14.8257,0.1247,86.725,57.525,15.7349,45.528,287.75,517.32,42.7279,710,12.289,72.2849,710,343.02,516.44,82.23,374.55,0.1288,600,83.595,25.451,70.9995,33.175,4.57,9.61,9.9836,600,19.4516,4.3063,2.5998,76.783,2.5998,0.1289,357.7868,173.853,11.1291,84.5025,0.2098,15.2224,343.02,0.1985,173.852,536.96,85.02,57.6,9.1102,0.1315,20.4139,4.57,571.05,286.425,0.1774,0.1314,4.088,66.2246,520,45.528
82.035,487.94,85.3725,14.8271,0.1247,86.825,57.6,15.7352,45.51,287.7,517.35,42.735,709.84,12.289,72.2861,709.84,343.02,516.44,82.2675,374.45,0.1288,599.94,83.55,25.4455,71.072,33.18,4.57,9.611,9.9838,599.94,19.4523,4.2687,2.5998,76.7832,2.5998,0.1289,357.7868,173.664,11.1292,84.555,0.2098,15.2118,343.02,0.1985,173.656,537,85.0725,57.5625,9.1096,0.1315,20.4143,4.57,571.35,286.335,0.1774,0.1314,4.084,66.2248,520,45.51
81.99,487.94,85.365,14.8284,0.1247,86.975,57.5625,15.7354,45.504,287.6,517.35,42.7457,709.84,12.289,72.2864,709.84,343.02,516.44,82.2975,374.35,0.1288,599.94,83.5125,25.44,71.0945,33.18,4.57,9.611,9.9839,599.94,19.4526,4.6109,2.5998,76.7835,2.5998,0.1289,357.5457,173.8665,11.1292,84.5925,0.2098,15.2011,343.02,0.1985,173.866,537.04,85.1175,57.6,9.1096,0.1315,20.4147,4.57,571.3,286.7175,0.1774,0.1314,4.084,66.2249,520,45.504
82.005,487.94,85.3125,14.8298,0.1247,86.5,57.5625,15.7357,45.486,287.55,517.38,42.7527,709.84,12.291,72.2866,709.84,343.02,516.44,82.305,374.3,0.1288,599.94,83.5275,25.429,71.117,33.18,4.57,9.612,9.9841,599.94,19.4528,4.6109,2.5998,76.7838,2.5998,0.1289,358.2689,173.8935,11.1293,84.6075,0.2098,15.1904,343.02,0.1985,173.894,537.04,85.1175,57.525,9.1096,0.1315,20.4151,4.57,571,286.875,0.1774,0.1315,4.084,66.2251,520,45.486
81.96,487.91,85.3575,14.8312,0.1247,86.35,57.5625,15.7329,45.468,287.45,517.38,42.7632,710,12.291,72.2856,710,343.02,516.41,82.2975,374.2,0.1288,599.94,83.4825,25.4235,71.1395,33.18,4.57,9.612,9.9843,599.94,19.4531,3.9922,2.5998,76.784,2.5998,0.1289,357.3735,173.9475,11.1294,84.6375,0.2098,15.1691,343.02,0.1986,173.95,537.08,85.0875,57.5625,9.1102,0.1315,20.4155,4.57,570.65,286.335,0.1774,0.1315,4.084,66.2253,520,45.468
82.0125,487.91,85.3275,14.8326,0.1248,86.825,57.525,15.7322,45.444,287.4,517.38,42.7738,710,12.291,72.2856,710,343.02,516.41,82.3275,374.1,0.1288,599.94,83.49,25.4125,71.162,33.18,4.57,9.613,9.9844,599.94,19.4533,3.9922,2.5998,76.7843,2.5998,0.1289,357.8901,174.1905,11.1295,84.6,0.2098,15.1578,343.02,0.1986,174.188,537.08,85.1175,57.6,9.1102,0.1315,20.416,4.57,571.2,286.965,0.1774,0.1315,4.086,66.2254,520,45.444
81.9825,487.91,85.3125,14.834,0.1248,86.55,57.6,15.7314,45.396,287.35,517.38,42.7844,710,12.292,72.2856,710,343.02,516.41,82.2975,374,0.1289,599.94,83.5275,25.407,71.1845,33.18,4.5675,9.613,9.9846,599.94,19.4536,4.1391,2.5998,76.7845,2.5998,0.129,357.9245,173.7585,11.1296,84.57,0.2098,15.1464,343.02,0.1986,173.754,537.08,85.1175,57.6,9.1108,0.1315,20.4164,4.5675,571.4,286.4925,0.1775,0.1315,4.086,66.2249,520,45.396
81.945,487.91,85.335,14.8354,0.1248,86.85,57.6,15.7337,45.378,287.25,517.44,42.7875,710,12.293,72.2856,710,343.02,516.38,82.3125,373.9,0.1289,599.94,83.5125,25.385,71.207,33.18,4.5675,9.614,9.9848,599.94,19.4538,3.8422,2.5998,76.7848,2.5998,0.129,357.9934,173.2455,11.1296,84.585,0.2098,15.1351,343.02,0.1986,173.236,537.08,85.11,57.6,9.1102,0.1316,20.4168,4.5675,571,287.1225,0.1775,0.1315,4.088,66.2248,520,45.378
81.9225,487.88,85.35,14.8368,0.1248,86.25,57.5625,15.7339,45.426,287.2,517.47,42.7941,710,12.293,72.2856,710,343.02,516.38,82.3575,373.8,0.1289,599.94,83.55,25.3685,71.2801,33.185,4.5675,9.615,9.9849,599.94,19.4541,3.9578,2.5998,76.785,2.5998,0.129,357.5457,173.3805,11.1297,84.5625,0.2098,15.1238,343.02,0.1986,173.376,537.12,85.1175,57.6,9.1102,0.1316,20.4172,4.5675,571.35,286.335,0.1774,0.1315,4.087,66.2247,520,45.426
81.975,487.88,85.35,14.8382,0.1248,86,57.6375,15.7342,45.474,287.1,517.47,42.8043,710,12.293,72.2856,710,343.02,516.38,82.395,373.7,0.1288,599.94,83.5275,25.3685,71.3032,33.185,4.5675,9.615,9.9851,599.94,19.4543,4.5547,2.5998,76.7853,2.5998,0.129,357.7523,174.15,11.1298,84.5625,0.2098,15.1124,343.02,0.1985,174.146,537.16,85.155,57.525,9.1096,0.1315,20.4176,4.5675,570.9,286.7175,0.1773,0.1315,4.082,66.2254,520,45.474
81.99,487.88,85.32,14.8396,0.1248,86.9,57.6,15.7344,45.474,287,517.47,42.8145,710,12.295,72.2856,710,343.02,516.38,82.3575,373.6,0.1288,599.94,83.55,25.3795,71.3263,33.185,4.57,9.615,9.9853,599.94,19.4546,4.5547,2.5998,76.7855,2.5998,0.1289,357.6146,174.3525,11.1299,84.5925,0.2098,15.1011,343.02,0.1985,174.356,537.16,85.17,57.6,9.1096,0.1315,20.418,4.57,571.2,287.055,0.1773,0.1315,4.077,66.2255,520,45.474
81.9825,487.88,85.32,14.8409,0.1248,86.7,57.5625,15.7347,45.45,286.95,517.47,42.8247,710,12.295,72.2856,710,343.02,516.35,82.395,373.5,0.1288,599.94,83.5725,25.396,71.3494,33.185,4.57,9.615,9.9854,599.94,19.4548,4.6156,2.6004,76.7835,2.6004,0.1289,357.8901,174.096,11.13,84.555,0.2098,15.0898,343.02,0.1986,174.09,537.16,85.1625,57.5625,9.1102,0.1315,20.4185,4.57,570.55,286.2675,0.1775,0.1315,4.08,66.2257,520,45.45
81.96,487.85,85.3425,14.8423,0.1248,86.325,57.5625,15.7349,45.42,286.85,517.47,42.835,710,12.295,72.2856,710,343.02,516.35,82.35,373.4,0.1289,599.94,83.55,25.396,71.3726,33.185,4.57,9.615,9.9848,599.94,19.4551,4.5344,2.6002,76.7838,2.6002,0.129,357.7179,174.0555,11.13,84.57,0.2098,15.0784,343.02,0.1986,174.048,537.16,85.1925,57.6,9.1108,0.1315,20.4189,4.57,570.5,287.1675,0.1776,0.1315,4.089,66.2251,520,45.42
81.96,487.85,85.365,14.8437,0.1248,86.35,57.5625,15.7352,45.39,286.8,517.47,42.8452,710,12.295,72.2856,710,343.02,516.35,82.365,373.3,0.1289,599.94,83.58,25.385,71.3957,33.185,4.5675,9.615,9.9848,599.94,19.4553,4.5391,2.6002,76.7835,2.6002,0.129,357.8557,174.0285,11.1301,84.5775,0.2099,15.0671,343.02,0.1986,174.02,537.16,85.1625,57.6,9.1113,0.1315,20.4193,4.5675,571.05,286.515,0.1776,0.1315,4.097,66.225,520,45.39
81.96,487.85,85.335,14.8451,0.1248,86.325,57.5625,15.7354,45.36,286.7,517.5,42.8517,710,12.296,72.2856,710,343.02,516.35,82.3425,373.2,0.1289,599.94,83.5425,25.3685,71.4188,33.185,4.5675,9.616,9.9847,599.94,19.4556,4.3797,2.5998,76.7848,2.5998,0.129,357.408,173.8935,11.1302,84.63,0.2099,15.0558,343.02,0.1987,173.894,537.16,85.1775,57.525,9.1102,0.1316,20.4197,4.5675,570.65,286.605,0.1776,0.1315,4.1,66.225,520,45.36
81.9975,487.85,85.32,14.8465,0.1248,86.375,57.525,15.7357,45.342,286.65,517.5,42.8618,710,12.297,72.2856,710,343.02,516.32,82.3875,373.1,0.1289,600.06,83.5575,25.352,71.4419,33.185,4.5675,9.616,9.9853,600.06,19.4543,4.6062,2.5996,76.7858,2.5996,0.129,357.6146,173.7855,11.1265,84.675,0.2099,15.0444,343.02,0.1987,173.782,537.2,85.2225,57.525,9.1102,0.1316,20.4201,4.5675,570.75,286.2675,0.1776,0.1315,4.099,66.2249,520,45.342
81.96,487.85,85.305,14.8479,0.1248,86.5,57.5625,15.7329,45.336,286.55,517.59,42.8606,710,12.297,72.2856,710,343.02,516.32,82.335,373,0.1289,600.06,83.5125,25.3355,71.4651,33.185,4.5675,9.617,9.9855,600.06,19.4541,3.9469,2.5996,76.7863,2.5996,0.129,358.0279,173.0295,11.1253,84.645,0.2098,15.0331,343.02,0.1987,173.026,537.2,85.17,57.6,9.1102,0.1316,20.4205,4.5675,570.65,286.3575,0.1776,0.1315,4.096,66.2248,520,45.336
81.96,487.82,85.29,14.8407,0.1247,86.975,57.6,15.7322,45.702,286.5,517.62,42.8666,710,12.298,72.2856,710,343.02,516.32,82.335,372.9,0.1288,600.18,83.5275,25.3245,71.4882,33.185,4.57,9.617,9.9849,600.18,19.4523,4.5641,2.5998,76.786,2.5998,0.1289,357.9245,174.1095,11.1242,84.6375,0.2096,15.0218,343.02,0.1983,174.104,537.28,85.1175,57.5625,9.1102,0.1315,20.4209,4.57,571,286.965,0.1772,0.1314,4.092,66.2254,520,45.702
81.9525,487.82,85.305,14.8418,0.1246,86.45,57.5625,15.7314,45.954,286.4,517.71,42.8649,710.08,12.298,72.285,710.08,343.05,516.32,82.29,372.8,0.1286,600.12,83.49,25.4235,71.5113,33.185,4.575,9.613,9.9841,600.12,19.4523,4.5641,2.6006,76.7833,2.6006,0.1288,357.3735,174.0825,11.1268,84.675,0.2094,15.0104,343.05,0.1981,174.076,537.32,85.155,57.6,9.1113,0.1314,20.4214,4.575,571.35,286.8525,0.177,0.1314,4.076,66.2249,520,45.954
81.9825,487.82,85.305,14.8429,0.1244,86.55,57.5625,15.7337,46.158,286.35,517.77,42.8667,710.16,12.298,72.2842,710.16,343.08,516.32,82.2975,372.7,0.1285,600.24,83.5275,25.561,71.5344,33.185,4.5775,9.607,9.9838,600.24,19.4503,3.8781,2.6008,76.7818,2.6008,0.1287,357.4768,174.258,11.1268,84.66,0.2091,14.9991,343.08,0.1979,174.258,537.4,85.155,57.5625,9.1118,0.1312,20.4218,4.5775,570.85,286.4925,0.1771,0.1312,4.07,66.2248,520,46.158
81.975,487.82,85.335,14.844,0.1243,86.85,57.6,15.7339,46.314,286.25,517.86,42.8644,710.24,12.297,72.2834,710.24,343.11,516.29,82.245,372.6,0.1285,600.24,83.5425,25.6985,71.5576,33.185,4.58,9.602,9.9842,600.24,19.4493,4.7609,2.601,76.78,2.601,0.1285,357.9245,174.339,11.1307,84.6675,0.209,14.9878,343.11,0.1977,174.342,537.48,85.1325,57.6,9.1124,0.1311,20.4222,4.58,570.7,287.01,0.1775,0.1311,4.09,66.224,520,46.314
81.96,487.82,85.2975,14.8537,0.1243,86.25,57.5625,15.7342,46.41,286.2,517.98,42.858,710.08,12.298,72.2842,710.08,343.11,516.29,82.2075,372.5,0.1284,600.3,83.505,25.8085,71.5807,33.185,4.5825,9.596,9.9841,600.3,19.4476,4.1797,2.6006,76.7803,2.6006,0.1285,358.0967,174.1095,11.1282,84.6375,0.2089,14.9764,343.11,0.1976,174.104,537.6,85.1325,57.6,9.1118,0.1311,20.4226,4.5825,571.35,286.8975,0.1779,0.131,4.124,66.2244,520,46.41
81.99,487.79,85.335,14.8551,0.1242,86.9,57.6,15.7344,46.47,286.1,518.16,42.8436,710.16,12.298,72.2835,710.16,343.14,516.29,82.2675,372.4,0.1284,600.3,83.5125,25.8855,71.6544,33.19,4.585,9.592,9.984,600.3,19.4463,4.1797,2.6008,76.7788,2.6008,0.1284,357.2702,173.367,11.1283,84.6225,0.2087,14.9651,343.14,0.1975,173.362,537.72,85.17,57.5625,9.1118,0.131,20.423,4.585,570.75,286.3575,0.1781,0.131,4.159,66.2235,520,46.47
81.9525,487.79,85.32,14.8565,0.1242,86.55,57.6,15.7347,46.548,286.05,518.28,42.836,710.16,12.298,72.2832,710.16,343.14,516.29,82.2675,372.3,0.1284,600.18,83.52,25.9405,71.6782,33.19,4.585,9.588,9.9832,600.18,19.4466,4.625,2.6008,76.7778,2.6008,0.1284,358.0623,173.8125,11.1246,84.585,0.2087,14.9538,343.14,0.1975,173.81,537.88,85.2075,57.525,9.1124,0.131,20.4234,4.585,571.2,287.01,0.1783,0.131,4.186,66.2232,520,46.548
81.99,487.79,85.275,14.8493,0.1241,86.85,57.525,15.7349,46.59,286,518.43,42.8242,710.16,12.3,72.283,710.16,343.14,516.29,82.2675,372.2,0.1283,600.24,83.49,25.9845,71.7019,33.19,4.5875,9.584,9.9828,600.24,19.4451,4.625,2.601,76.776,2.601,0.1283,358.2345,173.151,11.1272,84.6075,0.2086,14.9424,343.14,0.1974,173.152,538,85.17,57.6,9.1124,0.1309,20.4239,4.5875,571.25,287.1675,0.1783,0.1309,4.199,66.2229,520,46.59
81.975,487.79,85.26,14.8504,0.1241,86.15,57.6,15.7352,46.644,285.9,518.55,42.8155,710.16,12.302,72.2827,710.16,343.14,516.29,82.29,372.1,0.1283,600.24,83.4525,26.023,71.7763,33.195,4.5875,9.581,9.9825,600.24,19.4441,4.0406,2.6006,76.7763,2.6006,0.1283,357.8557,173.961,11.1273,84.5925,0.2086,14.9311,343.14,0.1974,173.964,538.16,85.1775,57.6,9.1118,0.1309,20.4243,4.5875,570.55,286.8975,0.1783,0.1309,4.206,66.2225,520,46.644
81.99,487.79,85.23,14.8515,0.124,86.3,57.525,15.7347,46.638,285.85,518.67,42.8063,710.24,12.301,72.2819,710.24,343.17,516.29,82.245,372,0.1282,600.24,83.43,26.056,71.8007,33.195,4.59,9.578,9.9822,600.24,19.4431,4.0406,2.6006,76.7755,2.6006,0.1283,358.0279,173.286,11.1311,84.5925,0.2086,14.9198,343.17,0.1974,173.292,538.28,85.1325,57.5625,9.1118,0.1308,20.4247,4.59,570.75,287.01,0.1784,0.1308,4.209,66.2222,520,46.638
81.9975,487.79,85.2075,14.8526,0.124,86.5,57.5625,15.7354,46.644,285.75,518.73,42.8042,710.24,12.3,72.2815,710.24,343.17,516.29,82.26,371.9,0.1282,600.24,83.4,26.0945,71.8757,33.2,4.59,9.576,9.9818,600.24,19.4421,4.8359,2.6006,76.7748,2.6006,0.1283,358.2,174.1635,11.1287,84.555,0.2086,14.9084,343.17,0.1974,174.16,538.4,85.1625,57.5625,9.1118,0.1308,20.4251,4.59,570.4,287.0325,0.1784,0.1308,4.212,66.2219,520,46.644
82.035,487.79,85.2225,14.8537,0.124,86.075,57.525,15.7327,46.578,285.7,518.79,42.8018,710.24,12.301,72.2811,710.24,343.17,516.29,82.23,371.8,0.1282,600.06,83.4525,26.1055,71.9007,33.2,4.59,9.574,9.9815,600.06,19.4433,4.2188,2.6006,76.774,2.6006,0.1283,357.8557,173.961,11.1288,84.5775,0.2087,14.8971,343.17,0.1975,173.964,538.48,85.2,57.525,9.1118,0.1308,20.4255,4.59,570.75,286.7175,0.1784,0.1308,4.215,66.2215,520,46.578
81.99,487.79,85.2375,14.8548,0.124,86.325,57.6,15.7349,46.482,285.6,518.79,42.8067,710.24,12.301,72.2807,710.24,343.17,516.29,82.2075,371.75,0.1283,600,83.4975,26.111,71.9257,33.2,4.59,9.574,9.9812,600,19.4438,4.2188,2.6006,76.7733,2.6006,0.1283,357.5113,174.4605,11.1251,84.555,0.2089,14.8858,343.17,0.1975,174.468,538.52,85.2075,57.5625,9.1118,0.1309,20.4259,4.59,571.2,286.335,0.1784,0.1308,4.218,66.2212,520,46.482
82.0125,487.79,85.29,14.8559,0.1241,86.875,57.5625,15.7322,46.326,285.55,518.79,42.8116,710.16,12.301,72.281,710.16,343.14,516.29,82.2075,371.65,0.1283,599.94,83.505,26.078,72.0013,33.205,4.5875,9.574,9.9816,599.94,19.4446,4.375,2.6,76.7748,2.6,0.1283,357.3391,174.123,11.1277,84.5475,0.209,14.8744,343.14,0.1977,174.132,538.56,85.23,57.6,9.1113,0.1309,20.4264,4.5875,570.45,287.055,0.1785,0.1309,4.219,66.2209,520,46.326
81.9675,487.79,85.32,14.8571,0.1242,86.575,57.5625,15.7344,46.152,285.5,518.85,42.809,710.16,12.301,72.2807,710.16,343.14,516.29,82.2525,371.55,0.1284,599.88,83.4825,26.034,72.0269,33.205,4.585,9.576,9.9815,599.88,19.4456,3.9953,2.5998,76.7755,2.5998,0.1284,357.6146,173.2725,11.1278,84.5325,0.209,14.8631,343.14,0.1979,173.264,538.56,85.23,57.6,9.1108,0.131,20.4268,4.585,570.8,286.3575,0.1785,0.131,4.219,66.2205,520,46.152
81.9675,487.79,85.3425,14.8582,0.1243,86.375,57.6,15.7347,46.026,285.4,518.85,42.8136,710.08,12.301,72.2811,710.08,343.11,516.29,82.2975,371.45,0.1285,599.88,83.4975,25.9515,72.0526,33.205,4.5825,9.578,9.9814,599.88,19.4461,4.4734,2.5996,76.7765,2.5996,0.1285,357.408,173.5155,11.1279,84.5325,0.2092,14.8518,343.11,0.198,173.516,538.6,85.26,57.5625,9.1108,0.1311,20.4272,4.5825,570.5,286.8975,0.1784,0.131,4.212,66.2209,520,46.026
81.975,487.79,85.35,14.8593,0.1243,86.025,57.5625,15.7349,45.888,285.35,518.79,42.8258,710.08,12.303,72.281,710.08,343.11,516.29,82.3275,371.35,0.1285,599.82,83.5125,25.8635,72.0782,33.205,4.58,9.581,9.9813,599.82,19.4473,4.4734,2.5996,76.777,2.5996,0.1285,357.8212,174.042,11.1279,84.4875,0.2094,14.8404,343.11,0.1981,174.048,538.6,85.2225,57.5625,9.1108,0.1311,20.4276,4.58,571.2,286.8075,0.1782,0.1311,4.197,66.2209,520,45.888
81.945,487.79,85.365,14.8604,0.1244,86.15,57.525,15.7352,45.714,285.25,518.76,42.8344,710,12.303,72.2815,710,343.08,516.29,82.29,371.25,0.1286,599.88,83.4675,25.7865,72.1038,33.205,4.5775,9.585,9.9813,599.88,19.4473,4.6844,2.5998,76.7768,2.5998,0.1286,357.5113,173.799,11.128,84.5475,0.2095,14.8291,343.08,0.1983,173.796,538.56,85.17,57.6,9.1108,0.1312,20.428,4.5775,571.35,287.1225,0.1781,0.1312,4.177,66.2208,520,45.714
81.9825,487.79,85.3275,14.8615,0.1245,86.35,57.6,15.7354,45.546,285.2,518.64,42.8545,710,12.303,72.2815,710,343.08,516.29,82.275,371.15,0.1287,599.82,83.43,25.704,72.1295,33.205,4.575,9.59,9.9819,599.82,19.4486,4.6469,2.5998,76.777,2.5998,0.1287,357.4768,174.312,11.1281,84.555,0.2098,14.8178,343.08,0.1985,174.314,538.48,85.1325,57.525,9.1102,0.1313,20.4284,4.575,571.25,287.1675,0.178,0.1313,4.161,66.2207,520,45.546
81.9375,487.79,85.32,14.8626,0.1246,86.9,57.6,15.7357,45.336,285.1,518.55,42.8712,709.92,12.303,72.2821,709.92,343.05,516.29,82.26,371.05,0.1288,599.76,83.4525,25.605,72.1551,33.205,4.5725,9.594,9.9821,599.76,19.4501,3.8687,2.5996,76.778,2.5996,0.1288,357.9245,174.177,11.1282,84.5775,0.21,14.8064,343.05,0.1987,174.188,538.4,85.14,57.6,9.1096,0.1314,20.4288,4.5725,570.6,286.335,0.1779,0.1314,4.147,66.2206,520,45.336
81.9225,487.79,85.35,14.8637,0.1248,86.2,57.525,15.7329,45.054,285.05,518.4,42.8959,709.84,12.304,72.2829,709.84,343.02,516.29,82.23,370.95,0.1289,599.64,83.445,25.5005,72.1807,33.205,4.57,9.6,9.9823,599.64,19.4526,4.7781,2.5992,76.78,2.5992,0.129,357.8557,174.1095,11.1282,84.5775,0.2102,14.7951,343.02,0.199,174.104,538.28,85.17,57.525,9.1091,0.1315,20.4293,4.57,571.1,286.8975,0.1779,0.1315,4.134,66.2213,520,45.054
81.9075,487.79,85.335,14.8648,0.1249,86.4,57.525,15.7322,44.748,285,518.31,42.9136,709.76,12.304,72.2837,709.76,342.99,516.29,82.275,370.85,0.129,599.52,83.4975,25.3575,72.2063,33.205,4.565,9.607,9.9832,599.52,19.4556,4.7781,2.599,76.7818,2.599,0.1291,358.2,173.4075,11.1283,84.585,0.2105,14.7838,342.99,0.1993,173.404,538.16,85.1175,57.5625,9.1086,0.1317,20.4297,4.565,571.25,286.56,0.1779,0.1317,4.123,66.2214,520,44.748
81.9075,487.79,85.35,14.8659,0.1249,86.675,57.5625,15.7314,44.97,284.9,518.22,42.9317,709.76,12.304,72.2841,709.76,342.99,516.29,82.275,370.8,0.129,599.76,83.4675,25.198,72.1814,33.2,4.565,9.615,9.9828,599.76,19.4546,3.9203,2.599,76.783,2.599,0.1292,358.1656,173.961,11.1284,84.57,0.2103,14.7724,342.99,0.1991,173.95,538.04,85.095,57.6,9.1086,0.1317,20.4301,4.565,570.45,286.605,0.1774,0.1317,4.11,66.2216,520,44.97
81.96,487.79,85.3275,14.8671,0.1249,86.675,57.525,15.7337,45.06,284.85,518.16,42.9464,709.76,12.305,72.2845,709.76,342.99,516.26,82.32,370.7,0.1289,599.82,83.4525,25.1815,72.2064,33.2,4.565,9.617,9.983,599.82,19.4548,4.3844,2.5996,76.782,2.5996,0.1291,357.5801,173.799,11.1285,84.5775,0.2102,14.7611,342.99,0.199,173.796,537.92,85.0725,57.6,9.1091,0.1317,20.4305,4.565,571.25,286.965,0.1769,0.1317,4.07,66.2218,520,45.06
81.9375,487.79,85.335,14.8682,0.1249,86.175,57.6,15.7339,45.114,284.75,518.07,42.9651,709.76,12.305,72.2849,709.76,342.99,516.26,82.3125,370.6,0.1289,600,83.4225,25.2145,72.1807,33.195,4.565,9.618,9.9832,600,19.4533,4.0234,2.5996,76.7825,2.5996,0.1291,357.6835,174.069,11.1286,84.5325,0.2102,14.7498,342.99,0.1989,174.076,537.88,85.0575,57.6,9.1096,0.1317,20.4309,4.565,571.4,286.4475,0.1768,0.1316,4.033,66.2219,520,45.114
81.9075,487.79,85.3425,14.8693,0.1249,86.1,57.6,15.7342,45.102,284.7,518.01,42.9804,709.84,12.306,72.2846,709.84,342.99,516.26,82.32,370.5,0.1289,599.82,83.415,25.2365,72.2051,33.195,4.565,9.618,9.9833,599.82,19.4556,4.6031,2.5996,76.783,2.5996,0.1291,357.3735,174.1365,11.1286,84.5025,0.2102,14.7384,342.99,0.1989,174.146,537.8,85.095,57.5625,9.1096,0.1316,20.4313,4.565,570.95,287.19,0.1771,0.1316,4.028,66.2221,520,45.102
81.9525,487.76,85.38,14.8704,0.1249,86.75,57.6,15.7344,45.03,284.6,517.95,42.996,709.76,12.306,72.2855,709.76,342.99,516.26,82.2825,370.4,0.129,599.76,83.4375,25.2475,72.1788,33.19,4.565,9.619,9.9835,599.76,19.4571,3.9656,2.5996,76.7835,2.5996,0.1291,357.9934,174.204,11.1287,84.5325,0.2103,14.7271,342.99,0.199,174.216,537.72,85.0575,57.525,9.1091,0.1317,20.4318,4.565,570.9,286.4925,0.1775,0.1316,4.049,66.2223,520,45.03
81.9675,487.76,85.38,14.8715,0.1249,86.225,57.5625,15.7347,44.91,284.55,517.92,43.008,709.76,12.307,72.2859,709.76,342.99,516.26,82.275,370.3,0.129,599.76,83.4,25.2255,72.2026,33.19,4.565,9.621,9.9844,599.76,19.4581,4.4891,2.5994,76.7848,2.5994,0.1292,357.408,173.9205,11.1288,84.495,0.2104,14.7158,342.99,0.1991,173.908,537.68,85.02,57.6,9.1091,0.1317,20.4322,4.565,571.35,286.4475,0.1778,0.1317,4.078,66.2224,520,44.91
81.96,487.76,85.3575,14.8726,0.125,86.55,57.5625,15.7349,44.808,284.5,517.89,43.0202,709.76,12.307,72.2862,709.76,342.99,516.26,82.2975,370.2,0.1291,599.88,83.4225,25.176,72.2263,33.19,4.5625,9.624,9.9848,599.88,19.4576,4.4891,2.5994,76.7855,2.5994,0.1292,357.4424,173.5695,11.1289,84.51,0.2104,14.7044,342.99,0.1992,173.558,537.6,85.0575,57.5625,9.1086,0.1318,20.4326,4.5625,570.55,286.335,0.1779,0.1318,4.099,66.2226,520,44.808
82.005,487.76,85.4025,14.8737,0.125,86.175,57.6,15.7352,45.012,284.4,517.86,43.0325,709.92,12.308,72.2854,709.92,342.99,516.26,82.305,370.1,0.1291,599.94,83.4675,25.11,72.1995,33.185,4.5625,9.627,9.9845,599.94,19.4573,4.0141,2.5994,76.7863,2.5994,0.1292,357.408,173.934,11.1289,84.495,0.2103,14.6931,342.99,0.199,173.936,537.6,85.065,57.6,9.1091,0.1318,20.433,4.5625,570.6,287.055,0.1776,0.1318,4.104,66.2228,520,45.012
82.0125,487.76,85.4325,14.8748,0.1249,86.925,57.525,15.7354,45.126,284.35,517.86,43.0411,709.92,12.308,72.2855,709.92,342.99,516.23,82.305,370,0.129,599.94,83.4975,25.1375,72.2226,33.185,4.565,9.626,9.9847,599.94,19.4576,4.0141,2.5994,76.787,2.5994,0.1292,358.0967,173.556,11.129,84.495,0.2102,14.6818,342.99,0.1989,173.558,537.56,85.1025,57.5625,9.1091,0.1317,20.4334,4.565,571,287.1,0.1773,0.1317,4.084,66.2229,520,45.126
82.005,487.76,85.4625,14.8759,0.1249,86.425,57.5625,15.7357,45.24,284.25,517.86,43.0498,709.92,12.309,72.2856,709.92,342.99,516.23,82.3125,369.95,0.1289,600,83.52,25.187,72.2457,33.185,4.565,9.625,9.9848,600,19.4571,4.2391,2.6,76.7855,2.6,0.1291,357.3391,174.285,11.1291,84.5325,0.2101,14.6704,342.99,0.1988,174.286,537.6,85.1325,57.525,9.1096,0.1317,20.4338,4.565,570.9,286.4925,0.1772,0.1316,4.064,66.2231,520,45.24
81.9975,487.76,85.425,14.877,0.1248,86.625,57.6,15.7329,45.318,284.2,517.92,43.0509,710,12.309,72.2851,710,343.02,516.23,82.35,369.85,0.1289,600.06,83.505,25.242,72.2182,33.18,4.5675,9.623,9.985,600.06,19.4563,4.0469,2.6002,76.7848,2.6002,0.129,357.5113,173.7315,11.1292,84.57,0.2099,14.6591,343.02,0.1987,173.726,537.56,85.1625,57.6,9.1102,0.1316,20.4343,4.5675,570.7,286.2225,0.1774,0.1316,4.064,66.2233,520,45.318
81.99,487.73,85.4175,14.8782,0.1248,86.775,57.5625,15.7322,45.414,284.1,517.95,43.0555,710,12.309,72.2851,710,343.02,516.23,82.35,369.75,0.1289,600.06,83.475,25.297,72.2407,33.18,4.5675,9.621,9.9852,600.06,19.4561,4.8359,2.6002,76.7845,2.6002,0.129,358.0623,174.1095,11.1293,84.5925,0.2099,14.6478,343.02,0.1986,174.118,537.64,85.17,57.5625,9.1102,0.1316,20.4347,4.5675,571.05,286.8525,0.1776,0.1315,4.08,66.2234,520,45.414
81.99,487.73,85.4325,14.8793,0.1247,86.95,57.6,15.7314,45.486,284.05,518.01,43.0563,710,12.31,72.2851,710,343.02,516.23,82.3725,369.65,0.1288,600.12,83.4375,25.341,72.2632,33.18,4.57,9.619,9.9853,600.12,19.4551,4.0906,2.6004,76.7835,2.6004,0.1289,357.7523,173.772,11.1293,84.6225,0.2098,14.6364,343.02,0.1986,173.768,537.64,85.1925,57.525,9.1108,0.1315,20.4351,4.57,571.4,286.6275,0.1778,0.1315,4.102,66.2236,520,45.486
81.9675,487.73,85.4025,14.8804,0.1247,86.7,57.5625,15.7337,45.552,284,518.04,43.0606,710,12.31,72.2851,710,343.05,516.23,82.3875,369.55,0.1288,600.12,83.445,25.385,72.2351,33.175,4.57,9.617,9.9848,600.12,19.4546,4.0906,2.5998,76.7853,2.5998,0.1289,357.8901,174.096,11.1294,84.615,0.2098,14.6251,343.05,0.1985,174.09,537.72,85.185,57.6375,9.1102,0.1315,20.4355,4.57,570.9,287.145,0.178,0.1314,4.121,66.2238,520,45.552
81.9975,487.73,85.35,14.8815,0.1247,86.85,57.6,15.7339,45.594,283.9,518.13,43.0572,710.08,12.311,72.2845,710.08,343.05,516.23,82.425,369.45,0.1288,600.12,83.4075,25.418,72.257,33.175,4.5725,9.615,9.9847,600.12,19.4541,4.2047,2.6,76.7848,2.6,0.1289,357.649,173.421,11.1295,84.63,0.2097,14.6138,343.05,0.1984,173.432,537.76,85.14,57.5625,9.1102,0.1315,20.4359,4.5725,570.5,286.4925,0.1781,0.1314,4.135,66.224,520,45.594
82.02,487.73,85.38,14.8826,0.1247,86.6,57.525,15.7342,45.654,283.85,518.19,43.0573,710.08,12.311,72.2844,710.08,343.05,516.2,82.365,369.35,0.1288,600.18,83.4075,25.4455,72.2788,33.175,4.5725,9.614,9.9846,600.18,19.4528,4.1828,2.6,76.7848,2.6,0.1288,357.5113,174.015,11.1296,84.6,0.2097,14.6024,343.05,0.1984,174.02,537.84,85.1775,57.6,9.1102,0.1314,20.4363,4.5725,570.5,286.9875,0.1781,0.1314,4.145,66.2241,520,45.654
81.9825,487.73,85.3575,14.8837,0.1246,86.675,57.525,15.7344,45.672,283.75,518.22,43.0608,710.08,12.312,72.2842,710.08,343.05,516.2,82.35,369.25,0.1288,600,83.3775,25.4675,72.3007,33.175,4.5725,9.612,9.9853,600,19.4543,4.7906,2.6006,76.7825,2.6006,0.1288,357.3735,174.285,11.1297,84.5925,0.2097,14.5911,343.05,0.1984,174.286,537.92,85.2,57.5625,9.1108,0.1314,20.4367,4.5725,570.9,286.92,0.1782,0.1314,4.15,66.2243,520,45.672
81.9825,487.73,85.365,14.8762,0.1246,86.125,57.6,15.7347,45.648,283.7,518.25,43.0643,709.92,12.312,72.2854,709.92,343.05,516.2,82.3875,369.2,0.1288,600,83.34,25.484,72.3226,33.175,4.5725,9.611,9.9854,600,19.4543,4.7906,2.6,76.784,2.6,0.1288,358.0279,174.2985,11.1297,84.555,0.2097,14.5798,343.05,0.1984,174.3,537.92,85.1775,57.525,9.1102,0.1314,20.4372,4.5725,570.6,286.965,0.1782,0.1314,4.155,66.2237,520,45.648
81.93,487.73,85.335,14.8771,0.1246,86.825,57.5625,15.7349,45.6,283.65,518.25,43.0714,709.92,12.312,72.2855,709.92,343.05,516.2,82.3425,369.1,0.1288,600,83.325,25.4895,72.3445,33.175,4.5725,9.61,9.9856,600,19.4543,4.5031,2.6,76.784,2.6,0.1288,357.8557,174.177,11.1298,84.5625,0.2098,14.5684,343.05,0.1984,174.174,537.96,85.14,57.5625,9.1102,0.1314,20.4376,4.5725,571.2,286.4025,0.1784,0.1314,4.162,66.2244,520,45.6
81.9675,487.73,85.35,14.8779,0.1247,86.4,57.6,15.7352,45.552,283.55,518.31,43.0709,709.92,12.312,72.2856,709.92,343.05,516.2,82.3275,369,0.1288,600,83.3175,25.4785,72.3663,33.175,4.5725,9.61,9.985,600,19.4543,4.5125,2.6,76.784,2.6,0.1288,358.1656,173.7315,11.1299,84.5625,0.2098,14.5571,343.05,0.1985,173.726,538,85.1175,57.525,9.1102,0.1314,20.438,4.5725,570.75,286.8075,0.1784,0.1314,4.168,66.2245,520,45.552
81.9375,487.7,85.365,14.8787,0.1247,86.875,57.525,15.7354,45.516,283.5,518.34,43.074,710.08,12.311,72.2845,710.08,343.05,516.2,82.35,368.9,0.1288,599.94,83.31,25.4675,72.3882,33.175,4.5725,9.61,9.9849,599.94,19.4551,4.0156,2.6,76.784,2.6,0.1289,357.8557,173.7855,11.13,84.5325,0.2098,14.5458,343.05,0.1985,173.782,538.04,85.0725,57.5625,9.1102,0.1315,20.4384,4.5725,570.95,286.7625,0.1784,0.1314,4.17,66.2247,520,45.516
81.975,487.7,85.41,14.8796,0.1247,86.525,57.5625,15.7357,45.492,283.4,518.37,43.0769,710,12.311,72.285,710,343.05,516.2,82.3425,368.8,0.1288,599.94,83.3475,25.4455,72.4101,33.175,4.57,9.611,9.9848,599.94,19.4553,4.0156,2.6,76.784,2.6,0.1289,358.1312,173.8395,11.13,84.495,0.2098,14.5344,343.05,0.1986,173.838,538.08,85.1025,57.6,9.1102,0.1315,20.4388,4.57,571.3,286.965,0.1783,0.1314,4.166,66.2249,520,45.492
82.005,487.7,85.4025,14.889,0.1247,86.3,57.5625,15.7329,45.456,283.35,518.37,43.0835,710,12.311,72.285,710,343.02,516.2,82.38,368.7,0.1289,599.94,83.3925,25.429,72.432,33.175,4.57,9.611,9.9848,599.94,19.4556,4.3203,2.5998,76.7848,2.5998,0.1289,357.5113,174.2715,11.1301,84.4725,0.2099,14.5231,343.02,0.1986,174.272,538.12,85.1025,57.6,9.1102,0.1315,20.4392,4.57,571.4,286.3575,0.1782,0.1314,4.159,66.225,520,45.456
82.02,487.7,85.4175,14.8901,0.1247,86.6,57.5625,15.7322,45.402,283.3,518.43,43.0826,709.84,12.311,72.2862,709.84,343.02,516.2,82.365,368.6,0.1289,600.06,83.43,25.4125,72.4032,33.17,4.57,9.612,9.9854,600.06,19.4543,4.3203,2.5998,76.785,2.5998,0.1289,357.9245,173.2185,11.1302,84.51,0.2098,14.5118,343.02,0.1987,173.222,538.08,85.0575,57.5625,9.1096,0.1315,20.4397,4.57,571.2,287.1675,0.1782,0.1314,4.153,66.2252,520,45.402
82.005,487.7,85.4175,14.8912,0.1247,86.875,57.6,15.7314,45.504,283.2,518.46,43.0852,709.92,12.311,72.2859,709.92,343.02,516.2,82.395,368.5,0.1288,600.12,83.445,25.3905,72.4244,33.17,4.57,9.613,9.9856,600.12,19.4533,3.9047,2.5998,76.7853,2.5998,0.1289,357.408,173.6235,11.1265,84.54,0.2098,14.5004,343.02,0.1985,173.614,538.16,85.0725,57.5625,9.1096,0.1315,20.4401,4.57,571.35,286.3575,0.1781,0.1314,4.151,66.2254,520,45.504
82.005,487.7,85.3575,14.8837,0.1247,86.8,57.6,15.7337,45.582,283.15,518.52,43.0839,709.92,12.313,72.286,709.92,343.05,516.2,82.3575,368.4,0.1288,600.12,83.4075,25.396,72.4457,33.17,4.5725,9.612,9.9858,600.12,19.4528,4.4656,2.6,76.7848,2.6,0.1289,357.408,173.6775,11.1254,84.5625,0.2097,14.4891,343.05,0.1984,173.67,538.2,85.1175,57.5625,9.1108,0.1315,20.4405,4.5725,571.45,286.56,0.178,0.1314,4.143,66.2248,520,45.582
82.0425,487.7,85.3275,14.8846,0.1246,86.275,57.525,15.7339,45.648,283.05,518.52,43.0899,710.08,12.314,72.2849,710.08,343.05,516.2,82.3725,368.35,0.1288,600,83.43,25.4235,72.4669,33.17,4.5725,9.611,9.9852,600,19.4538,4.4656,2.6006,76.7825,2.6006,0.1288,357.3391,174.069,11.1242,84.585,0.2097,14.4778,343.05,0.1984,174.076,538.24,85.125,57.5625,9.1113,0.1314,20.4409,4.5725,571.45,286.47,0.178,0.1314,4.136,66.2247,520,45.648
82.02,487.7,85.335,14.8854,0.1246,86.35,57.6,15.7334,45.684,283,518.55,43.0921,710.08,12.314,72.2847,710.08,343.05,516.2,82.335,368.25,0.1287,600,83.4825,25.4565,72.4882,33.17,4.5725,9.609,9.9851,600,19.4538,3.9719,2.6006,76.7818,2.6006,0.1288,357.6146,174.1635,11.1268,84.5775,0.2096,14.4664,343.05,0.1984,174.16,538.28,85.1475,57.6375,9.1113,0.1314,20.4413,4.5725,570.55,286.8975,0.1781,0.1314,4.138,66.2246,520,45.684
82.005,487.7,85.3425,14.8862,0.1246,86.225,57.5625,15.7342,45.69,282.9,518.58,43.0942,710.08,12.312,72.2846,710.08,343.05,516.2,82.3725,368.15,0.1287,600.06,83.52,25.4895,72.4588,33.165,4.575,9.608,9.985,600.06,19.4531,3.9719,2.6002,76.7825,2.6002,0.1288,357.8901,174.123,11.1268,84.555,0.2096,14.4551,343.05,0.1984,174.132,538.28,85.1325,57.6,9.1108,0.1314,20.4417,4.575,570.85,286.8075,0.1782,0.1314,4.148,66.2245,520,45.69
82.0425,487.7,85.3425,14.8871,0.1246,86.475,57.5625,15.7337,45.678,282.85,518.61,43.0962,709.92,12.312,72.2857,709.92,343.05,516.2,82.3875,368.05,0.1287,600,83.4675,25.5115,72.4795,33.165,4.575,9.607,9.9849,600,19.4536,4.0672,2.6002,76.7823,2.6002,0.1288,357.5113,173.961,11.1299,84.525,0.2096,14.4438,343.05,0.1984,173.964,538.32,85.11,57.5625,9.1108,0.1314,20.4422,4.575,571.4,286.515,0.1784,0.1314,4.161,66.2245,520,45.678
82.08,487.7,85.2975,14.8879,0.1246,86.175,57.5625,15.7337,45.666,282.8,518.64,43.098,709.92,12.313,72.2859,709.92,343.05,516.2,82.4175,367.95,0.1287,600,83.445,25.517,72.5001,33.165,4.575,9.606,9.9849,600,19.4536,3.9312,2.6002,76.782,2.6002,0.1288,357.7868,173.6775,11.128,84.57,0.2096,14.4324,343.05,0.1984,173.684,538.36,85.125,57.525,9.1108,0.1314,20.4426,4.575,570.9,286.785,0.1784,0.1314,4.172,66.2244,520,45.666
82.0875,487.7,85.2525,14.8887,0.1246,86.825,57.6,15.7337,45.666,282.7,518.7,43.096,709.92,12.313,72.286,709.92,343.05,516.2,82.3875,367.85,0.1287,600,83.4225,25.517,72.5207,33.165,4.575,9.606,9.9848,600,19.4536,4.0469,2.6002,76.7818,2.6002,0.1288,358.2689,173.8125,11.1281,84.525,0.2096,14.4211,343.05,0.1984,173.81,538.4,85.095,57.6,9.1108,0.1314,20.443,4.575,570.65,286.74,0.1784,0.1314,4.176,66.2243,520,45.666
82.1175,487.7,85.29,14.8896,0.1246,86.35,57.6,15.7337,45.66,282.65,518.73,43.0975,710.08,12.313,72.2849,710.08,343.05,516.2,82.335,367.75,0.1287,600,83.445,25.5115,72.5413,33.165,4.575,9.605,9.9854,600,19.4536,4.7125,2.6002,76.7815,2.6002,0.1288,357.9934,173.664,11.1282,84.51,0.2096,14.4098,343.05,0.1984,173.656,538.44,85.1025,57.6,9.1108,0.1314,20.4434,4.575,571.05,286.4025,0.1784,0.1314,4.176,66.2242,520,45.66
82.14,487.7,85.3125,14.8904,0.1246,86.8,57.5625,15.7337,45.654,282.55,518.76,43.0989,710.08,12.313,72.2847,710.08,343.05,516.2,82.3425,367.65,0.1287,600,83.4825,25.5115,72.562,33.165,4.575,9.605,9.9856,600,19.4536,4.7125,2.6002,76.7813,2.6002,0.1288,358.3034,173.691,11.1282,84.4725,0.2096,14.3984,343.05,0.1984,173.684,538.48,85.08,57.5625,9.1108,0.1314,20.4438,4.575,570.9,286.4025,0.1784,0.1314,4.173,66.2241,520,45.654
82.1175,487.7,85.305,14.8912,0.1246,86.45,57.525,15.7337,45.648,282.5,518.76,43.1039,710.08,12.313,72.2846,710.08,343.05,516.2,82.38,367.6,0.1287,600,83.52,25.5115,72.5826,33.165,4.575,9.605,9.9858,600,19.4536,4.7703,2.6002,76.781,2.6002,0.1288,357.9245,174.123,11.1283,84.4725,0.2097,14.3871,343.05,0.1984,174.118,538.52,85.0875,57.525,9.1108,0.1314,20.4442,4.575,570.6,286.7625,0.1783,0.1314,4.171,66.224,520,45.648
82.0875,487.7,85.35,14.8921,0.1246,86.55,57.5625,15.7337,45.606,282.45,518.76,43.1089,709.92,12.313,72.2857,709.92,343.05,516.2,82.41,367.5,0.1287,600,83.505,25.5115,72.6032,33.165,4.575,9.605,9.9852,600,19.4536,4.6813,2.6002,76.7808,2.6002,0.1288,357.649,174.15,11.1284,84.5325,0.2097,14.3758,343.05,0.1984,174.146,538.52,85.0575,57.5625,9.1102,0.1314,20.4446,4.575,570.6,286.3575,0.1784,0.1314,4.169,66.224,520,45.606
82.0575,487.7,85.335,14.8843,0.1246,86.175,57.5625,15.7337,45.546,282.35,518.73,43.1176,709.92,12.314,72.2859,709.92,343.05,516.2,82.395,367.4,0.1288,600,83.5275,25.5005,72.5732,33.16,4.5725,9.605,9.9851,600,19.4536,4.6188,2.6,76.7813,2.6,0.1288,357.5457,174.312,11.1285,84.5475,0.2098,14.3644,343.05,0.1985,174.314,538.52,85.08,57.525,9.1102,0.1314,20.4451,4.5725,570.7,286.9425,0.1784,0.1314,4.171,66.2239,520,45.546
82.035,487.7,85.32,14.8848,0.1246,86.4,57.5625,15.7337,45.462,282.3,518.73,43.1228,709.92,12.314,72.286,709.92,343.05,516.2,82.4025,367.3,0.1288,599.94,83.565,25.473,72.5932,33.16,4.5725,9.606,9.985,599.94,19.4543,4.3516,2.6,76.7813,2.6,0.1288,357.3391,174.1095,11.1285,84.5625,0.2098,14.3531,343.05,0.1986,174.104,538.48,85.11,57.6375,9.1102,0.1314,20.4455,4.5725,570.7,286.5375,0.1784,0.1314,4.173,66.2245,520,45.462
82.035,487.7,85.365,14.8854,0.1247,86.375,57.6,15.7337,45.384,282.2,518.73,43.1279,710.08,12.314,72.2849,710.08,343.05,516.2,82.425,367.2,0.1288,599.94,83.52,25.44,72.6132,33.16,4.5725,9.608,9.9849,599.94,19.4546,4.3516,2.6,76.7813,2.6,0.1289,357.7179,173.475,11.1286,84.6075,0.2098,14.3418,343.05,0.1986,173.474,538.48,85.1025,57.6,9.1102,0.1315,20.4459,4.5725,570.85,286.3125,0.1784,0.1314,4.173,66.2247,520,45.384
82.005,487.7,85.35,14.8946,0.1247,86.925,57.525,15.7337,45.348,282.15,518.73,43.133,710,12.312,72.2854,710,343.02,516.2,82.38,367.1,0.1289,599.88,83.5575,25.407,72.6332,33.16,4.57,9.609,9.9849,599.88,19.4556,4.1719,2.5998,76.782,2.5998,0.1289,358.2,173.8395,11.1287,84.6225,0.2099,14.3304,343.02,0.1987,173.838,538.48,85.125,57.6,9.1102,0.1315,20.4463,4.57,570.9,287.0775,0.1784,0.1314,4.17,66.2249,520,45.348
82.035,487.7,85.38,14.8954,0.1247,86.5,57.6,15.7337,45.3,282.1,518.7,43.1419,710,12.312,72.2854,710,343.02,516.2,82.41,367,0.1289,599.88,83.595,25.374,72.6532,33.16,4.57,9.611,9.9848,599.88,19.4561,3.9328,2.5998,76.7823,2.5998,0.129,357.6835,174.069,11.1288,84.585,0.21,14.3191,343.02,0.1987,174.062,538.48,85.1475,57.6,9.1102,0.1315,20.4467,4.57,571.2,286.3575,0.1782,0.1315,4.161,66.225,520,45.3
81.99,487.7,85.38,14.8962,0.1248,86.45,57.525,15.7344,45.24,282,518.67,43.1509,709.84,12.313,72.2866,709.84,343.02,516.2,82.4325,366.9,0.1289,599.88,83.5425,25.341,72.6225,33.155,4.5675,9.613,9.9854,599.88,19.4566,4.5031,2.5998,76.7825,2.5998,0.129,357.6835,174.1635,11.1289,84.6,0.2101,14.3078,343.02,0.1988,174.16,538.44,85.155,57.6,9.1096,0.1316,20.4471,4.5675,570.65,286.4475,0.1782,0.1315,4.151,66.2252,520,45.24
81.9525,487.7,85.41,14.8971,0.1248,86.45,57.525,15.7347,45.168,281.95,518.67,43.1563,710,12.314,72.2856,710,343.02,516.2,82.4625,366.85,0.1289,600,83.5725,25.308,72.6419,33.155,4.5675,9.615,9.9856,600,19.4556,4.5031,2.5996,76.7835,2.5996,0.129,357.9934,173.556,11.1289,84.6,0.2101,14.2964,343.02,0.1989,173.558,538.4,85.1325,57.6,9.1096,0.1316,20.4476,4.5675,571.1,286.56,0.1782,0.1316,4.146,66.2254,520,45.168
81.96,487.7,85.3575,14.8893,0.1248,86.3,57.525,15.7342,45.144,281.85,518.64,43.1654,710,12.315,72.2856,710,343.02,516.2,82.4025,366.75,0.129,600,83.61,25.2695,72.6613,33.155,4.5675,9.617,9.9858,600,19.4556,4.0531,2.5996,76.784,2.5996,0.1291,357.408,173.637,11.129,84.585,0.2101,14.2851,343.02,0.1989,173.628,538.4,85.095,57.5625,9.1102,0.1316,20.448,4.5675,571.15,286.4475,0.1782,0.1316,4.143,66.2248,520,45.144
81.93,487.7,85.365,14.8898,0.1249,86.625,57.5625,15.7342,45.126,281.8,518.64,43.1709,709.92,12.315,72.2862,709.92,342.99,516.2,82.3575,366.65,0.129,600,83.6475,25.231,72.63,33.15,4.565,9.618,9.9852,600,19.4556,4.6188,2.5996,76.7845,2.5996,0.1291,357.5113,173.745,11.1291,84.5925,0.2102,14.2738,342.99,0.1989,173.74,538.4,85.065,57.5625,9.1102,0.1317,20.4484,4.565,571.3,287.0325,0.1781,0.1316,4.138,66.2247,520,45.126
81.915,487.7,85.35,14.8904,0.1249,86.825,57.525,15.7349,45.102,281.75,518.64,43.1764,709.92,12.315,72.2864,709.92,342.99,516.2,82.4025,366.55,0.129,599.94,83.6025,25.209,72.6488,33.15,4.565,9.619,9.9851,599.94,19.4563,4.6188,2.5996,76.785,2.5996,0.1291,358.0279,173.529,11.1292,84.6225,0.2102,14.2624,342.99,0.1989,173.53,538.36,85.0575,57.5625,9.1096,0.1317,20.4488,4.565,570.8,287.1,0.1781,0.1316,4.133,66.2246,520,45.102
81.9525,487.7,85.3125,14.8909,0.1249,86.425,57.525,15.7352,45.186,281.65,518.64,43.1819,709.92,12.313,72.2865,709.92,342.99,516.2,82.4325,366.45,0.129,600,83.5575,25.2035,72.6169,33.145,4.565,9.621,9.985,600,19.4558,4.0031,2.5996,76.7855,2.5996,0.1291,358.2,173.7315,11.1293,84.645,0.2101,14.2511,342.99,0.1988,173.726,538.36,85.095,57.6,9.1096,0.1317,20.4492,4.565,570.7,286.47,0.178,0.1316,4.129,66.2253,520,45.186
82.005,487.7,85.3125,14.8915,0.1248,86.075,57.6,15.7354,45.264,281.6,518.61,43.1912,710,12.313,72.286,710,343.02,516.2,82.3875,366.4,0.1289,600,83.5875,25.2255,72.6351,33.145,4.5675,9.62,9.9849,600,19.4558,4.0031,2.5996,76.786,2.5996,0.1291,357.3391,174.1095,11.1293,84.6,0.2101,14.2398,343.02,0.1988,174.118,538.36,85.14,57.5625,9.1096,0.1316,20.4496,4.5675,571.4,286.515,0.1779,0.1316,4.124,66.2255,520,45.264
82.0275,487.7,85.3125,14.892,0.1248,86.025,57.6,15.7357,45.318,281.55,518.64,43.193,710,12.315,72.286,710,343.02,516.2,82.4025,366.3,0.1289,600.06,83.5425,25.253,72.6532,33.145,4.5675,9.619,9.9849,600.06,19.4551,4.0969,2.6002,76.7843,2.6002,0.129,357.7523,173.4885,11.1294,84.57,0.2099,14.2284,343.02,0.1987,173.488,538.36,85.1475,57.5625,9.1102,0.1316,20.4501,4.5675,571.3,286.83,0.178,0.1315,4.122,66.2256,520,45.318
81.9975,487.7,85.275,14.8926,0.1248,86.4,57.5625,15.7329,45.402,281.45,518.67,43.1948,710,12.315,72.286,710,343.02,516.2,82.4025,366.2,0.1289,600.06,83.565,25.2915,72.6207,33.14,4.57,9.618,9.9848,600.06,19.4548,4.4797,2.6002,76.784,2.6002,0.129,357.6146,174.0555,11.1295,84.5625,0.2099,14.2171,343.02,0.1986,174.062,538.4,85.14,57.6,9.1113,0.1316,20.4505,4.57,570.65,286.425,0.1781,0.1315,4.127,66.2251,520,45.402
82.02,487.7,85.2975,14.8932,0.1247,86.85,57.525,15.7322,45.45,281.4,518.7,43.1964,710,12.315,72.286,710,343.02,516.2,82.365,366.1,0.1289,600.12,83.535,25.3245,72.6382,33.14,4.57,9.616,9.9854,600.12,19.4538,4.4797,2.6004,76.783,2.6004,0.1289,357.6146,173.8395,11.1296,84.5775,0.2098,14.2058,343.02,0.1986,173.838,538.4,85.1475,57.525,9.1113,0.1315,20.4509,4.57,570.85,286.7175,0.1781,0.1315,4.136,66.225,520,45.45
81.9675,487.7,85.32,14.8937,0.1247,86.825,57.6,15.7314,45.51,281.35,518.73,43.1979,710,12.315,72.286,710,343.05,516.2,82.38,366,0.1288,600.12,83.5275,25.363,72.6557,33.14,4.57,9.615,9.9856,600.12,19.4533,4.0703,2.6,76.784,2.6,0.1289,357.6835,173.907,11.1296,84.6075,0.2098,14.1944,343.05,0.1985,173.908,538.44,85.1775,57.6,9.1108,0.1315,20.4513,4.57,571.25,287.235,0.1782,0.1314,4.146,66.2249,520,45.51
81.96,487.7,85.3425,14.8943,0.1247,86.35,57.6,15.7337,45.546,281.25,518.76,43.1993,710.08,12.315,72.2853,710.08,343.05,516.2,82.4025,365.9,0.1288,600,83.49,25.3905,72.6732,33.14,4.5725,9.614,9.9858,600,19.4543,4.0703,2.6,76.784,2.6,0.1289,358.0967,174.069,11.1297,84.57,0.2098,14.1831,343.05,0.1985,174.062,538.48,85.1925,57.525,9.1108,0.1315,20.4517,4.5725,570.75,286.8075,0.1784,0.1314,4.156,66.2248,520,45.546
82.0125,487.7,85.3575,14.8948,0.1246,86.975,57.525,15.7339,45.564,281.2,518.79,43.2005,710.08,12.315,72.2852,710.08,343.05,516.2,82.38,365.85,0.1288,600,83.46,25.418,72.6401,33.135,4.5725,9.612,9.9852,600,19.4543,4.3672,2.6,76.784,2.6,0.1289,357.9934,173.907,11.1298,84.5925,0.2098,14.1718,343.05,0.1985,173.908,538.48,85.155,57.6,9.1102,0.1314,20.4521,4.5725,571.45,286.8525,0.1784,0.1314,4.165,66.2255,520,45.564
82.035,487.7,85.335,14.8954,0.1246,86.05,57.5625,15.7342,45.576,281.1,518.79,43.2054,710.08,12.315,72.2851,710.08,343.05,516.2,82.3425,365.75,0.1288,600,83.415,25.44,72.6569,33.135,4.5725,9.611,9.9851,600,19.4543,4.4641,2.6,76.784,2.6,0.1288,357.8901,174.3525,11.1299,84.585,0.2098,14.1604,343.05,0.1985,174.342,538.52,85.1475,57.5625,9.1102,0.1314,20.4525,4.5725,570.75,286.56,0.1785,0.1314,4.173,66.2256,520,45.576
82.08,487.7,85.365,14.8959,0.1246,86.775,57.525,15.7344,45.546,281.05,518.82,43.2065,710.08,12.315,72.285,710.08,343.05,516.2,82.365,365.65,0.1288,600,83.43,25.4455,72.6738,33.135,4.5725,9.61,9.985,600,19.4543,3.9812,2.6,76.784,2.6,0.1288,357.5801,173.88,11.13,84.63,0.2098,14.1491,343.05,0.1985,173.88,538.52,85.1175,57.6,9.1102,0.1314,20.453,4.5725,571.25,286.74,0.1785,0.1314,4.178,66.2258,520,45.546
82.0575,487.7,85.3125,14.9051,0.1246,86.675,57.5625,15.7347,45.528,280.95,518.82,43.2113,710.08,12.315,72.2849,710.08,343.05,516.2,82.3575,365.55,0.1288,599.94,83.445,25.451,72.6907,33.135,4.5725,9.61,9.9849,599.94,19.4551,3.9812,2.6,76.784,2.6,0.1289,357.6146,174.096,11.13,84.5775,0.2098,14.1378,343.05,0.1985,174.104,538.56,85.08,57.5625,9.1108,0.1314,20.4534,4.5725,570.95,286.7175,0.1786,0.1314,4.183,66.2252,520,45.528
82.02,487.7,85.365,14.8973,0.1247,86.425,57.5625,15.7349,45.492,280.9,518.85,43.2123,710.08,12.316,72.2847,710.08,343.05,516.2,82.305,365.45,0.1288,599.94,83.4675,25.4345,72.7076,33.135,4.5725,9.61,9.9849,599.94,19.4553,4.0484,2.6,76.784,2.6,0.1289,358.3723,173.8125,11.1301,84.585,0.2098,14.1264,343.05,0.1985,173.81,538.6,85.0575,57.6,9.1113,0.1315,20.4538,4.5725,571.05,287.28,0.1786,0.1314,4.185,66.2251,520,45.492
82.035,487.7,85.335,14.8979,0.1247,86.95,57.5625,15.7344,45.462,280.85,518.85,43.217,709.92,12.316,72.2859,709.92,343.05,516.2,82.3425,365.35,0.1288,599.94,83.43,25.4235,72.7244,33.135,4.5725,9.61,9.9848,599.94,19.4556,4.3547,2.6,76.784,2.6,0.1289,357.649,174.1905,11.1302,84.5475,0.2098,14.1151,343.05,0.1986,174.188,538.6,85.065,57.5625,9.1108,0.1315,20.4542,4.5725,570.65,286.4475,0.1786,0.1314,4.184,66.2251,520,45.462
82.08,487.7,85.3575,14.8984,0.1247,86.175,57.5625,15.7352,45.414,280.75,518.85,43.2216,709.92,12.318,72.286,709.92,343.02,516.2,82.3875,365.25,0.1289,600.06,83.4525,25.396,72.6907,33.13,4.57,9.611,9.9854,600.06,19.4543,4.3547,2.6,76.784,2.6,0.1289,358.0967,174.1905,11.1265,84.57,0.2099,14.1038,343.02,0.1986,174.188,538.6,85.0575,57.6,9.1108,0.1315,20.4546,4.57,571.15,286.65,0.1785,0.1314,4.182,66.225,520,45.414
82.0275,487.7,85.3275,14.899,0.1247,86.275,57.6,15.7354,45.354,280.7,518.85,43.2262,709.84,12.316,72.2867,709.84,343.02,516.2,82.3275,365.15,0.1289,600.06,83.475,25.3795,72.707,33.13,4.57,9.612,9.9856,600.06,19.4541,3.9156,2.5998,76.7848,2.5998,0.1289,358.0623,173.9745,11.1253,84.5475,0.2099,14.0924,343.02,0.1987,173.978,538.6,85.0575,57.5625,9.1102,0.1315,20.455,4.57,571.6,286.7625,0.1786,0.1315,4.18,66.2249,520,45.354
82.035,487.7,85.3275,14.8995,0.1247,86.2,57.6,15.7357,45.3,280.65,518.88,43.2271,710,12.316,72.2857,710,343.02,516.2,82.3425,365.1,0.1289,600.06,83.475,25.3575,72.7232,33.13,4.57,9.613,9.9858,600.06,19.4538,4.3484,2.5998,76.785,2.5998,0.1289,357.6146,173.664,11.1242,84.5175,0.2099,14.0811,343.02,0.1987,173.67,538.6,85.035,57.6,9.1102,0.1315,20.4555,4.57,571.45,287.235,0.1785,0.1315,4.178,66.2248,520,45.3
82.0425,487.7,85.365,14.9001,0.1248,86.075,57.5625,15.7329,45.276,280.55,518.85,43.2354,710,12.316,72.2857,710,343.02,516.2,82.3875,365,0.1289,599.88,83.4525,25.3245,72.7395,33.13,4.57,9.614,9.9852,599.88,19.4558,4,2.5998,76.7853,2.5998,0.129,357.959,174.0015,11.1268,84.5625,0.21,14.0698,343.02,0.1988,174.006,538.6,85.08,57.525,9.1096,0.1316,20.4559,4.57,571.3,286.4475,0.1785,0.1315,4.174,66.2255,520,45.276
82.0425,487.7,85.32,14.9007,0.1248,86.75,57.525,15.7322,45.234,280.5,518.82,43.2438,710,12.316,72.2857,710,343.02,516.2,82.4025,364.9,0.1289,599.88,83.475,25.297,72.7557,33.13,4.5675,9.615,9.9851,599.88,19.4563,4.8203,2.5998,76.7855,2.5998,0.129,357.6835,174.1095,11.1268,84.5625,0.2101,14.0584,343.02,0.1988,174.104,538.6,85.095,57.6,9.1096,0.1316,20.4563,4.5675,570.8,287.3025,0.1784,0.1315,4.168,66.2256,520,45.234
82.0125,487.7,85.3125,14.9012,0.1248,86.025,57.6,15.7314,45.186,280.45,518.85,43.2448,710,12.316,72.2857,710,343.02,516.2,82.4025,364.8,0.129,599.82,83.475,25.2805,72.7213,33.125,4.5675,9.616,9.985,599.82,19.4576,4.425,2.6002,76.7843,2.6002,0.129,357.7523,173.3265,11.1307,84.5475,0.21,14.0471,343.02,0.1988,173.32,538.6,85.065,57.5625,9.1102,0.1316,20.4567,4.5675,570.9,286.4925,0.1784,0.1316,4.162,66.2258,520,45.186
82.035,487.7,85.2975,14.9018,0.1247,86.125,57.6,15.7329,45.48,280.35,518.88,43.2457,710,12.317,72.2857,710,343.02,516.2,82.3875,364.75,0.1289,600.12,83.505,25.253,72.737,33.125,4.57,9.618,9.9849,600.12,19.4546,4.7547,2.6004,76.7833,2.6004,0.129,357.8557,173.8395,11.1282,84.5325,0.2098,14.0358,343.02,0.1985,173.838,538.6,85.065,57.6,9.1108,0.1315,20.4571,4.57,571.45,287.3025,0.1781,0.1315,4.159,66.2252,520,45.48
82.0275,487.7,85.305,14.9023,0.1246,86.9,57.525,15.7329,45.702,280.3,518.94,43.2427,710.08,12.317,72.2851,710.08,343.05,516.2,82.41,364.65,0.1288,600.18,83.5425,25.319,72.7526,33.125,4.5725,9.614,9.9849,600.18,19.4533,4.7547,2.6006,76.782,2.6006,0.1288,358.1312,173.907,11.1283,84.4875,0.2096,14.0244,343.05,0.1983,173.908,538.64,85.0875,57.5625,9.1118,0.1314,20.4575,4.5725,570.85,286.83,0.1779,0.1314,4.144,66.2251,520,45.702
82.005,487.7,85.32,14.9029,0.1245,86.8,57.6375,15.7337,45.894,280.2,519,43.2395,710.16,12.316,72.2844,710.16,343.05,516.2,82.3725,364.55,0.1287,600.24,83.55,25.429,72.7176,33.12,4.575,9.61,9.984,600.24,19.4518,4.2578,2.6002,76.7828,2.6002,0.1287,358.2689,174.2985,11.1246,84.5325,0.2094,14.0131,343.05,0.1981,174.3,538.72,85.095,57.5625,9.1118,0.1313,20.458,4.575,571.45,286.9425,0.1779,0.1313,4.134,66.2243,520,45.894
81.975,487.7,85.305,14.9034,0.1244,86.85,57.525,15.7332,46.026,280.15,519.06,43.236,710.16,12.316,72.2841,710.16,343.08,516.2,82.4175,364.45,0.1286,600.18,83.55,25.539,72.7326,33.12,4.5775,9.605,9.9844,600.18,19.4516,4.2578,2.6004,76.7818,2.6004,0.1286,357.7179,174.3255,11.1272,84.5475,0.2093,14.0018,343.08,0.198,174.314,538.76,85.0575,57.5625,9.1118,0.1312,20.4584,4.5775,571.55,287.0775,0.1782,0.1312,4.145,66.224,520,46.026
81.9375,487.7,85.3275,14.904,0.1243,86.675,57.5625,15.7332,46.116,280.1,519.15,43.2286,710.24,12.316,72.2832,710.24,343.11,516.2,82.4175,364.35,0.1285,600.18,83.5125,25.638,72.7476,33.12,4.58,9.601,9.9844,600.18,19.4508,3.9688,2.6006,76.7805,2.6006,0.1286,357.4424,173.934,11.1273,84.525,0.2091,13.9904,343.11,0.1979,173.936,538.8,85.0875,57.6,9.1118,0.1312,20.4588,4.58,571,286.5375,0.1785,0.1311,4.172,66.2236,520,46.116
81.9825,487.73,85.32,14.8959,0.1243,86.05,57.525,15.7332,46.182,280,519.21,43.2245,710.08,12.316,72.2841,710.08,343.11,516.2,82.44,364.25,0.1285,600.24,83.55,25.7095,72.7626,33.12,4.5825,9.597,9.9843,600.24,19.4493,4.7562,2.6006,76.7798,2.6006,0.1285,357.8557,174.258,11.1304,84.48,0.2091,13.9791,343.11,0.1979,174.258,538.92,85.0725,57.525,9.1113,0.1311,20.4592,4.5825,570.65,286.4025,0.1788,0.1311,4.202,66.2241,520,46.182
82.02,487.73,85.2675,14.8962,0.1243,86.15,57.6,15.7332,46.2,279.95,519.33,43.2126,710.08,12.316,72.284,710.08,343.11,516.2,82.3875,364.2,0.1285,600.24,83.595,25.7535,72.7776,33.12,4.5825,9.593,9.9842,600.24,19.4483,4.0172,2.6006,76.779,2.6006,0.1285,357.5801,173.5155,11.1285,84.525,0.209,13.9678,343.11,0.1978,173.516,539,85.0275,57.6,9.1118,0.1311,20.4596,4.5825,570.75,286.9425,0.1789,0.131,4.226,66.224,520,46.2
82.0125,487.73,85.275,14.8965,0.1242,86.275,57.6,15.7332,46.236,279.9,519.45,43.2003,710.08,12.316,72.2839,710.08,343.11,516.23,82.3875,364.1,0.1285,600.24,83.5575,25.7865,72.7926,33.12,4.5825,9.591,9.9841,600.24,19.4473,4.825,2.6008,76.7775,2.6008,0.1285,358.0623,173.7045,11.1285,84.5475,0.209,13.9564,343.11,0.1978,173.712,539.12,85.035,57.5625,9.1118,0.1311,20.46,4.5825,571.4,286.425,0.179,0.131,4.242,66.2239,520,46.236
82.005,487.73,85.275,14.9054,0.1242,86.45,57.6,15.7339,46.254,279.8,519.51,43.195,710.16,12.315,72.2831,710.16,343.11,516.23,82.3275,364,0.1285,600.12,83.52,25.814,72.8076,33.12,4.585,9.588,9.984,600.12,19.4478,4.2578,2.6002,76.7788,2.6002,0.1284,357.5457,173.7315,11.1249,84.525,0.209,13.9451,343.11,0.1978,173.74,539.2,85.065,57.525,9.1113,0.131,20.4604,4.585,570.8,287.01,0.179,0.131,4.25,66.2238,520,46.254
82.005,487.73,85.3125,14.9059,0.1242,86.8,57.6,15.7334,46.248,279.75,519.6,43.1857,710.16,12.315,72.2829,710.16,343.14,516.23,82.3575,363.9,0.1285,600.12,83.475,25.8415,72.8226,33.12,4.585,9.586,9.9839,600.12,19.4473,4.2578,2.6002,76.7785,2.6002,0.1284,357.408,173.9475,11.1274,84.495,0.209,13.9338,343.14,0.1978,173.95,539.32,85.0275,57.525,9.1113,0.131,20.4609,4.585,571.4,287.0325,0.179,0.131,4.252,66.223,520,46.248
82.0275,487.73,85.3425,14.9065,0.1242,86.25,57.6,15.7334,46.212,279.65,519.69,43.1761,710.16,12.315,72.2826,710.16,343.14,516.23,82.3275,363.8,0.1285,600.06,83.43,25.8525,72.8376,33.12,4.585,9.585,9.9839,600.06,19.4476,4.0016,2.6002,76.7783,2.6002,0.1284,357.649,173.313,11.1275,84.465,0.209,13.9224,343.14,0.1978,173.32,539.36,85.0425,57.6,9.1118,0.131,20.4613,4.585,571.1,286.5375,0.179,0.131,4.253,66.2226,520,46.212
82.0725,487.73,85.305,14.8984,0.1242,86.525,57.6,15.7334,46.2,279.6,519.75,43.1698,710.16,12.317,72.2824,710.16,343.11,516.23,82.3275,363.7,0.1285,600.06,83.49,25.847,72.9032,33.125,4.585,9.584,9.9838,600.06,19.4473,4.3469,2.6002,76.778,2.6002,0.1284,357.7179,173.3535,11.1306,84.4425,0.209,13.9111,343.11,0.1978,173.348,539.48,85.0425,57.5625,9.1113,0.131,20.4617,4.585,571.4,287.055,0.179,0.131,4.254,66.2231,520,46.2
82.0725,487.73,85.2825,14.8987,0.1242,86.3,57.6,15.7334,46.188,279.55,519.84,43.1595,710.16,12.317,72.2821,710.16,343.11,516.23,82.2825,363.65,0.1285,600.06,83.46,25.836,72.9188,33.125,4.585,9.583,9.9837,600.06,19.4471,4.3469,2.6002,76.7778,2.6002,0.1284,358.2345,173.1645,11.1287,84.495,0.209,13.8998,343.11,0.1978,173.152,539.56,85.035,57.6,9.1113,0.131,20.4621,4.585,571.2,286.74,0.1789,0.131,4.251,66.223,520,46.188
82.05,487.76,85.32,14.899,0.1242,86.375,57.5625,15.7334,46.182,279.45,519.84,43.1602,710.16,12.317,72.2819,710.16,343.11,516.26,82.3125,363.55,0.1284,600.06,83.475,25.8305,72.9344,33.125,4.585,9.583,9.9836,600.06,19.4468,4.0484,2.6002,76.7775,2.6002,0.1284,357.8557,174.2445,11.1288,84.4875,0.2091,13.8884,343.11,0.1978,174.244,539.64,84.9975,57.5625,9.1113,0.131,20.4625,4.585,571.1,287.1,0.1789,0.131,4.247,66.2229,520,46.182
82.0575,487.76,85.29,14.8993,0.1242,86.35,57.6,15.7342,46.104,279.4,519.84,43.1608,710.08,12.315,72.2822,710.08,343.11,516.26,82.335,363.45,0.1285,600.06,83.4525,25.836,72.9501,33.125,4.585,9.582,9.9835,600.06,19.4466,4.0484,2.6002,76.7773,2.6002,0.1284,357.9245,173.988,11.1251,84.4725,0.2092,13.8771,343.11,0.1979,173.992,539.64,85.0275,57.5625,9.1113,0.1311,20.4629,4.585,571.15,286.6275,0.1789,0.131,4.242,66.2228,520,46.104
82.0425,487.76,85.26,14.8995,0.1243,86.025,57.6,15.7337,46.008,279.35,519.84,43.1615,710.08,12.315,72.2821,710.08,343.11,516.26,82.3125,363.35,0.1285,600,83.475,25.8305,72.9657,33.125,4.5825,9.583,9.9834,600,19.4471,4,2.6002,76.777,2.6002,0.1285,358.2345,173.745,11.1277,84.5325,0.2092,13.8658,343.11,0.198,173.74,539.64,85.05,57.6,9.1113,0.1311,20.4634,4.5825,570.75,286.6275,0.1789,0.131,4.241,66.2227,520,46.008
82.0425,487.76,85.2225,14.8998,0.1243,86.4,57.6,15.7337,45.912,279.25,519.87,43.1584,710.08,12.315,72.282,710.08,343.11,516.26,82.305,363.25,0.1285,599.94,83.5125,25.792,72.9813,33.125,4.5825,9.584,9.9834,599.94,19.4478,4.2969,2.6,76.7775,2.6,0.1285,358.3034,173.4885,11.1278,84.54,0.2093,13.8544,343.11,0.1981,173.488,539.64,85.0875,57.525,9.1108,0.1311,20.4638,4.5825,571.3,286.74,0.1789,0.1311,4.241,66.2226,520,45.912
82.05,487.76,85.26,14.9087,0.1244,86.15,57.525,15.7337,45.834,279.2,519.84,43.1627,710.08,12.315,72.2819,710.08,343.11,516.26,82.2675,363.2,0.1286,599.94,83.5425,25.748,72.9463,33.12,4.58,9.586,9.9833,599.94,19.4481,4.1656,2.6,76.7775,2.6,0.1286,358.1312,173.61,11.1278,84.525,0.2094,13.8431,343.11,0.1982,173.6,539.64,85.1325,57.6,9.1108,0.1312,20.4642,4.58,570.8,286.875,0.1788,0.1311,4.237,66.2225,520,45.834
82.0725,487.79,85.2825,14.9093,0.1244,86.075,57.5625,15.7344,45.744,279.15,519.81,43.1671,710,12.315,72.2824,710,343.08,516.29,82.32,363.1,0.1286,599.88,83.55,25.6985,72.9613,33.12,4.58,9.588,9.9832,599.88,19.4491,4.1188,2.6,76.7775,2.6,0.1286,357.4424,173.8125,11.1279,84.5175,0.2095,13.8318,343.08,0.1983,173.824,539.64,85.1325,57.5625,9.1108,0.1312,20.4646,4.58,570.7,286.74,0.1787,0.1312,4.227,66.2225,520,45.744
82.02,487.79,85.3275,14.9098,0.1245,86.15,57.6,15.7339,45.636,279.05,519.75,43.1753,710,12.315,72.2824,710,343.08,516.29,82.3275,363,0.1287,599.88,83.55,25.649,72.9763,33.12,4.5775,9.59,9.9839,599.88,19.4496,4.1922,2.5998,76.7783,2.5998,0.1287,357.8557,174.1635,11.128,84.4875,0.2097,13.8204,343.08,0.1984,174.16,539.6,85.1025,57.5625,9.1108,0.1313,20.465,4.5775,571.25,286.74,0.1787,0.1313,4.216,66.2224,520,45.636
82.065,487.79,85.305,14.9018,0.1245,86.65,57.6,15.7339,45.498,279,519.66,43.1876,710,12.317,72.2824,710,343.05,516.29,82.29,362.9,0.1287,599.82,83.5125,25.5885,72.9913,33.12,4.575,9.593,9.984,599.82,19.4508,4.1641,2.5998,76.7785,2.5998,0.1287,357.5457,174.339,11.1281,84.465,0.2098,13.8091,343.05,0.1985,174.342,539.52,85.11,57.525,9.1102,0.1313,20.4654,4.575,570.8,286.83,0.1786,0.1313,4.206,66.2223,520,45.498
82.035,487.79,85.2975,14.902,0.1246,86.125,57.525,15.7339,45.234,278.9,519.54,43.204,709.92,12.317,72.283,709.92,343.05,516.29,82.2525,362.8,0.1288,599.7,83.5275,25.5225,73.0063,33.12,4.5725,9.597,9.9842,599.7,19.4531,3.9016,2.5996,76.7795,2.5996,0.1288,357.7179,174.3525,11.1281,84.435,0.2101,13.7978,343.05,0.1988,174.356,539.44,85.0575,57.6375,9.1096,0.1314,20.4659,4.5725,571.05,286.9875,0.1787,0.1314,4.199,66.223,520,45.234
82.0275,487.79,85.275,14.9023,0.1248,86.875,57.5625,15.7339,44.916,278.85,519.42,43.2209,709.84,12.317,72.2837,709.84,343.02,516.29,82.2375,362.7,0.129,599.58,83.5425,25.407,72.9707,33.115,4.5675,9.602,9.9844,599.58,19.4558,3.9781,2.5992,76.7815,2.5992,0.129,357.5801,173.637,11.1282,84.4125,0.2103,13.7864,343.02,0.1991,173.628,539.32,85.0275,57.6,9.1091,0.1316,20.4663,4.5675,570.7,286.965,0.1788,0.1315,4.195,66.2231,520,44.916
82.0725,487.79,85.2675,14.9026,0.1248,86.9,57.5625,15.7347,44.94,278.8,519.36,43.2308,709.84,12.316,72.284,709.84,342.99,516.29,82.2225,362.65,0.129,599.76,83.55,25.264,72.985,33.115,4.5675,9.609,9.9845,599.76,19.4553,4.5531,2.5992,76.7825,2.5992,0.1291,357.8212,173.2455,11.1283,84.4125,0.2102,13.7751,342.99,0.1991,173.236,539.2,85.02,57.5625,9.1086,0.1316,20.4667,4.5675,571.3,286.4025,0.1785,0.1316,4.19,66.2233,520,44.94
82.08,487.79,85.3125,14.9029,0.1247,86.65,57.6,15.7349,45.384,278.7,519.36,43.2334,709.84,12.316,72.2842,709.84,343.02,516.29,82.2675,362.55,0.1288,599.94,83.5575,25.198,72.9488,33.11,4.57,9.613,9.9847,599.94,19.4541,4.5531,2.5994,76.7828,2.5994,0.129,358.0279,173.637,11.1284,84.42,0.2098,13.7638,343.02,0.1986,173.642,539.16,85.0125,57.5625,9.1091,0.1316,20.4671,4.57,571,286.3575,0.1777,0.1315,4.162,66.2235,520,45.384
82.0275,487.82,85.3275,14.9031,0.1246,86.875,57.5625,15.7352,45.684,278.65,519.33,43.2397,709.92,12.316,72.2839,709.92,343.05,516.32,82.2375,362.45,0.1287,600.18,83.505,25.3025,72.9626,33.11,4.5725,9.609,9.9849,600.18,19.4513,4.5062,2.6,76.7813,2.6,0.1288,358.2345,174.393,11.1285,84.4125,0.2097,13.7524,343.05,0.1983,174.398,539.12,84.9825,57.5625,9.1102,0.1314,20.4675,4.5725,571.1,286.7625,0.1772,0.1314,4.111,66.2229,520,45.684
82.02,487.82,85.32,14.9034,0.1245,86.825,57.6,15.7354,45.768,278.6,519.36,43.2387,710,12.316,72.2834,710,343.08,516.32,82.2,362.35,0.1286,600.24,83.4825,25.451,72.9257,33.105,4.5775,9.604,9.9843,600.24,19.4498,4.1937,2.6002,76.7805,2.6002,0.1287,357.5457,173.9205,11.1285,84.4275,0.2095,13.7411,343.08,0.1982,173.922,539.12,85.02,57.5625,9.1108,0.1313,20.4679,4.5775,571.2,286.3575,0.1774,0.1313,4.082,66.2228,520,45.768
82.035,487.82,85.3275,14.9037,0.1244,86.275,57.5625,15.7357,45.876,278.5,519.42,43.2337,710,12.316,72.2834,710,343.08,516.32,82.1625,362.3,0.1286,600.12,83.535,25.5555,72.9388,33.105,4.5775,9.601,9.9842,600.12,19.4503,4.0969,2.6004,76.7795,2.6004,0.1286,357.7523,173.4345,11.1286,84.4875,0.2094,13.7298,343.08,0.1982,173.432,539.12,85.065,57.6,9.1108,0.1313,20.4683,4.5775,571.15,286.38,0.1779,0.1312,4.106,66.2227,520,45.876
82.05,487.82,85.29,14.904,0.1244,86.5,57.5625,15.7329,46.002,278.45,519.51,43.2248,710.08,12.316,72.2827,710.08,343.08,516.32,82.1775,362.2,0.1285,600.18,83.4975,25.627,72.9519,33.105,4.58,9.598,9.9841,600.18,19.4491,3.9781,2.6006,76.7783,2.6006,0.1286,358.1656,173.6235,11.1287,84.525,0.2092,13.7184,343.08,0.198,173.628,539.2,85.05,57.525,9.1113,0.1312,20.4688,4.58,571.3,287.325,0.1784,0.1312,4.153,66.2226,520,46.002
82.0425,487.82,85.29,14.9043,0.1243,86.8,57.5625,15.7322,46.092,278.4,519.51,43.2268,710.08,12.316,72.2826,710.08,343.11,516.32,82.185,362.1,0.1285,600.06,83.52,25.6875,72.965,33.105,4.5825,9.594,9.984,600.06,19.4498,4.6719,2.6006,76.7775,2.6006,0.1285,357.6835,174.4065,11.1288,84.5175,0.2093,13.7071,343.11,0.1979,174.412,539.28,85.035,57.6,9.1118,0.1311,20.4692,4.5825,571.1,286.65,0.1786,0.1311,4.192,66.2225,520,46.092
82.02,487.82,85.2975,14.9045,0.1243,86.15,57.6,15.7314,46.092,278.3,519.54,43.225,710.08,12.316,72.2825,710.08,343.11,516.32,82.185,362,0.1285,600.18,83.5425,25.7425,72.9782,33.105,4.5825,9.591,9.984,600.18,19.4481,4.6719,2.6002,76.7783,2.6002,0.1285,358.4067,174.3255,11.1288,84.555,0.2092,13.6958,343.11,0.1979,174.328,539.28,85.035,57.525,9.1113,0.1311,20.4696,4.5825,570.8,286.38,0.1788,0.131,4.215,66.2225,520,46.092
82.0425,487.82,85.275,14.9048,0.1243,86.4,57.525,15.7337,46.05,278.25,519.54,43.2269,710.08,12.316,72.2824,710.08,343.11,516.32,82.17,361.9,0.1285,600,83.49,25.7755,72.9407,33.1,4.5825,9.59,9.9839,600,19.4496,4.0547,2.6002,76.778,2.6002,0.1285,358.0967,174.4065,11.1289,84.5325,0.2093,13.6844,343.11,0.198,174.398,539.32,85.0875,57.6,9.1113,0.1311,20.47,4.5825,571.05,286.65,0.1789,0.131,4.231,66.2224,520,46.05
82.065,487.82,85.2975,14.9137,0.1243,86.175,57.6375,15.7339,45.954,278.2,519.57,43.225,710.08,12.317,72.2822,710.08,343.11,516.32,82.1325,361.85,0.1286,600,83.52,25.7755,72.9532,33.1,4.5825,9.589,9.9838,600,19.4496,4.5312,2.6,76.7785,2.6,0.1285,357.5801,174.1905,11.129,84.555,0.2094,13.6731,343.11,0.1981,174.202,539.32,85.095,57.5625,9.1108,0.1311,20.4704,4.5825,571.15,286.65,0.1791,0.1311,4.242,66.2223,520,45.954
82.05,487.82,85.3125,14.9142,0.1244,86.125,57.6,15.7342,45.84,278.1,519.6,43.2229,710.08,12.317,72.2821,710.08,343.08,516.32,82.155,361.75,0.1286,599.94,83.565,25.7425,72.9657,33.1,4.58,9.59,9.9837,599.94,19.4503,3.8562,2.6,76.7785,2.6,0.1286,358.2689,173.6775,11.1291,84.57,0.2094,13.6617,343.08,0.1982,173.684,539.36,85.095,57.6,9.1108,0.1312,20.4708,4.58,571.55,286.875,0.1791,0.1311,4.248,66.2222,520,45.84
82.08,487.85,85.35,14.9148,0.1244,86.05,57.6,15.7337,45.732,278.05,519.57,43.2283,710,12.317,72.2826,710,343.08,516.35,82.125,361.65,0.1287,599.88,83.58,25.6875,72.9781,33.1,4.5775,9.591,9.9836,599.88,19.4513,3.8562,2.5998,76.7793,2.5998,0.1286,358.0279,174.096,11.1292,84.555,0.2096,13.6611,343.08,0.1983,174.09,539.36,85.08,57.525,9.1102,0.1312,20.4713,4.5775,570.8,287.2125,0.179,0.1312,4.246,66.2221,520,45.732
82.0425,487.85,85.335,14.9067,0.1245,86.325,57.525,15.7337,45.594,278,519.54,43.2338,710,12.319,72.2826,710,343.08,516.35,82.11,361.55,0.1287,599.82,83.6175,25.616,72.9906,33.1,4.5775,9.593,9.9843,599.82,19.4526,4.5812,2.5998,76.7795,2.5998,0.1287,358.3034,174.1635,11.1292,84.5325,0.2097,13.6504,343.08,0.1984,174.16,539.36,85.11,57.5625,9.1102,0.1313,20.4717,4.5775,571.6,286.605,0.179,0.1313,4.238,66.222,520,45.594
82.035,487.85,85.29,14.907,0.1246,86.6,57.525,15.7337,45.444,277.9,519.51,43.2394,709.92,12.318,72.2832,709.92,343.05,516.35,82.14,361.5,0.1288,599.94,83.5875,25.55,73.0031,33.1,4.575,9.596,9.9845,599.94,19.4518,4.5812,2.5996,76.7805,2.5996,0.1288,357.4424,174.042,11.1293,84.5775,0.2098,13.6398,343.05,0.1986,174.048,539.32,85.0875,57.5625,9.1096,0.1314,20.4721,4.575,570.8,286.3575,0.1789,0.1314,4.227,66.222,520,45.444
81.9975,487.85,85.335,14.9073,0.1247,86.825,57.6,15.7337,45.228,277.85,519.48,43.2452,709.92,12.318,72.2834,709.92,343.05,516.35,82.185,361.4,0.1289,599.88,83.6025,25.4675,73.0156,33.1,4.5725,9.6,9.9846,599.88,19.4528,4.1547,2.5994,76.7818,2.5994,0.1289,358.1656,173.475,11.1294,84.585,0.21,13.6291,343.05,0.1988,173.474,539.28,85.05,57.6,9.1096,0.1315,20.4725,4.5725,570.75,286.6725,0.1789,0.1314,4.216,66.2226,520,45.228
82.0125,487.85,85.335,14.9076,0.1248,86.975,57.6,15.7337,45.126,277.8,519.36,43.2623,709.84,12.317,72.2841,709.84,343.02,516.35,82.23,361.35,0.1289,599.82,83.64,25.3685,73.0281,33.1,4.57,9.605,9.9848,599.82,19.4541,4.7828,2.5992,76.7833,2.5992,0.129,357.9934,174.447,11.1295,84.57,0.2102,13.6184,343.02,0.1989,174.454,539.24,85.095,57.525,9.1091,0.1316,20.4729,4.57,571.1,287.235,0.1787,0.1315,4.205,66.2228,520,45.126
