AR1410B.PV,DR1103.PV,DR1105.PV,DR1106.PV,DR1107.PV,DR1108.PV,DR1110.PV,FI1113.PV,FI1424.PV,FI1902.PV,FIC_1121.PV,FIC_1122.MV,FIC_1122.PV,FIC_1127.MV,FIC_1127.PV,FI_1127.PV,FRC1102.MV,FRC1107.MV,FRC1113.MV,FRC1113.PV,FRC1424.PV,FRCA1110.MV,FRCA1112.MV,FRQ1623.PV,FRSA1101.PV,FT_1121.PV,FT_1122.PV,LRCA1101.MV,LRCA1101.PV,PDI_1109.PV,PDR1103.PV,PDR1106.PV,PDR1401.PV,PDRCA1109.PV,PDRSA1104.PV,PIC1101A.PV,PI_1132A.PV,PI_1132B.PV,PI_1134.PV,PI_1138A.PV,PI_1180.PV,PI_1182.PV,PR1102A.PV,PRA1102.PV,TI1105A.PV,TI1132.PV,TI1133.PV,TIA2872.PV,TIA2873.PV,TIA2874.PV,TIA2875.PV,TIA2876.PV,TIA2877.PV,TIC_1101.MV,TIC_1101.PV,TIC_1101.SV,TIC_1155.MV,TI_1142.PV,TI_1145.PV,TRC1118A.MV
86.0,57.5625,4.5297,57.6,287.3475,358.4067,571.45,2.6004,4.6,173.502,343.26,72.2757,710.24,19.4351,600.06,600.06,9.9783,66.2164,76.7659,2.6004,4.6,11.1293,15.7322,9.1124,173.502,343.26,710.24,72.4364,33.015,47.004,9.534,4.311,12.302,47.004,26.4465,14.8969,0.179,0.1279,0.1304,0.1278,0.2082,0.1303,0.197,0.1236,541.04,275.75,358.55,84.51,85.005,85.3425,82.2825,83.445,81.9675,42.7674,521.22,520,20.3444,517.55,488.99,13.2925
86.05,57.525,3.8984,57.6375,287.325,358.5444,571.3,2.6002,4.5975,173.583,343.23,72.2753,710.24,19.4371,599.88,599.88,9.9783,66.216,76.7661,2.6002,4.5975,11.1294,15.7314,9.1118,173.586,343.23,710.24,72.4383,33.015,46.794,9.536,4.297,12.302,46.794,26.3695,14.8966,0.1789,0.128,0.1305,0.1279,0.2084,0.1304,0.1972,0.1237,541.04,275.75,358.55,84.54,85.0125,85.3575,82.305,83.4075,81.9525,42.7663,521.19,520,20.3443,517.55,488.99,13.2925
86.05,57.6,3.8984,57.5625,286.7625,358.2,571.35,2.6,4.595,173.2455,343.23,72.2755,710.16,19.4391,599.76,599.76,9.9782,66.2157,76.7666,2.6,4.595,11.1295,15.7337,9.1113,173.236,343.23,710.16,72.4908,33.02,46.56,9.54,4.281,12.302,46.56,26.2815,14.8963,0.1788,0.1281,0.1306,0.128,0.2086,0.1306,0.1974,0.1238,541.04,275.75,358.55,84.51,85.05,85.395,82.335,83.4225,81.9375,42.7652,521.16,520,20.3442,517.58,488.99,13.2925
86.175,57.5625,4.0359,57.525,287.415,357.8557,571.8,2.5998,4.5925,173.772,343.2,72.2759,710.08,19.4409,599.7,599.7,9.9781,66.2161,76.7674,2.5998,4.5925,11.1295,15.7339,9.1108,173.768,343.2,710.08,72.4933,33.02,46.326,9.545,4.264,12.3,46.326,26.177,14.8961,0.1786,0.1282,0.1307,0.1281,0.2089,0.1306,0.1976,0.1239,541.0,275.75,358.55,84.495,85.005,85.395,82.3575,83.475,81.9225,42.7718,521.07,520,20.3442,517.58,488.99,13.2925
86.65,57.5625,4.2531,57.5625,286.8525,357.8901,571.15,2.5994,4.5875,174.015,343.17,72.2764,710.0,19.4421,599.7,599.7,9.9788,66.216,76.7691,2.5994,4.5875,11.1296,15.7342,9.1102,174.006,343.17,710.0,72.4958,33.02,45.924,9.55,4.242,12.3,45.924,26.056,14.9044,0.1785,0.1283,0.1309,0.1283,0.2093,0.1308,0.198,0.1241,540.92,275.75,358.55,84.4875,85.02,85.365,82.335,83.505,81.9,42.7863,520.92,520,20.3441,517.58,488.99,13.2925
86.675,57.5625,4.5062,57.6,287.19,357.8557,571.3,2.599,4.58,173.691,343.11,72.277,709.92,19.4464,599.46,599.46,9.9797,66.2167,76.7714,2.599,4.58,11.1297,15.7344,9.1091,173.684,343.11,709.92,72.4983,33.02,45.414,9.559,4.223,12.3,45.414,25.88,14.9044,0.1786,0.1286,0.1311,0.1285,0.2098,0.131,0.1986,0.1244,540.76,275.75,358.5,84.5025,85.0725,85.35,82.32,83.49,81.9,42.8051,520.74,520,20.344,517.58,489.02,13.2925
86.9,57.5625,4.5062,57.6,287.3475,358.3378,571.0,2.5986,4.5725,173.556,343.08,72.2784,709.76,19.4509,599.28,599.28,9.9801,66.2169,76.7741,2.5986,4.5725,11.1298,15.7347,9.108,173.558,343.08,709.76,72.5008,33.02,44.928,9.57,4.206,12.3,44.928,25.649,14.9044,0.1785,0.1288,0.1313,0.1288,0.2102,0.1313,0.1991,0.1246,540.56,275.75,358.5,84.4875,85.0725,85.2975,82.365,83.4525,81.93,42.8322,520.5,520,20.3439,517.58,489.02,13.2925
86.25,57.6,4.3922,57.5625,287.2575,358.3723,571.55,2.5982,4.5675,173.286,343.02,72.2794,709.68,19.4531,599.34,599.34,9.9813,66.2178,76.7774,2.5982,4.5675,11.1298,15.7349,9.1069,173.292,343.02,709.68,72.5033,33.02,44.592,9.583,4.178,12.301,44.592,25.3905,14.9044,0.178,0.129,0.1315,0.129,0.2106,0.1315,0.1994,0.1248,540.32,275.75,358.5,84.4725,85.11,85.35,82.335,83.4675,81.9225,42.8602,520.26,520,20.3439,517.58,489.02,13.2925
86.875,57.5625,4.6953,57.5625,287.0775,358.2689,571.95,2.5986,4.565,173.961,343.02,72.2799,709.68,19.4529,599.58,599.58,9.9812,66.2182,76.7781,2.5986,4.565,11.1299,15.7352,9.1074,173.964,343.02,709.68,72.4552,33.015,44.856,9.595,4.126,12.302,44.856,25.1595,14.9044,0.177,0.1289,0.1316,0.1291,0.2104,0.1316,0.1991,0.1249,540.08,275.75,358.5,84.525,85.125,85.38,82.3275,83.4375,81.975,42.8855,520.05,520,20.3438,517.58,489.02,13.2925
86.025,57.525,4.1375,57.525,287.145,357.649,571.4,2.5986,4.5675,172.962,343.02,72.2804,709.68,19.4524,599.76,599.76,9.9808,66.2186,76.7799,2.5986,4.5675,11.13,15.7354,9.1074,172.956,343.02,709.68,72.4064,33.01,44.958,9.598,4.045,12.302,44.958,25.132,14.9044,0.1762,0.1288,0.1316,0.129,0.2102,0.1315,0.1991,0.1248,539.84,275.75,358.5,84.5325,85.08,85.365,82.335,83.4675,81.9675,42.8965,519.96,520,20.3437,517.58,489.02,13.3032
86.175,57.6,4.1375,57.525,287.4825,357.8557,571.25,2.5994,4.57,173.4345,343.05,72.2803,709.76,19.4511,599.94,599.94,9.981,66.2183,76.7786,2.5994,4.57,11.1301,15.7357,9.1086,173.432,343.05,709.76,72.4077,33.01,45.39,9.601,3.983,12.302,45.39,25.1595,14.9044,0.1758,0.1287,0.1315,0.1289,0.2098,0.1314,0.1986,0.1247,539.76,275.75,358.55,84.54,85.08,85.3575,82.2975,83.445,81.96,42.908,519.87,520,20.3436,517.58,489.02,13.3038
86.525,57.6,4.3812,57.6375,286.6275,358.0623,571.2,2.5996,4.575,173.934,343.08,72.28,709.84,19.4499,600.06,600.06,9.9804,66.2185,76.7786,2.5996,4.575,11.1302,15.7329,9.1091,173.936,343.08,709.84,72.3583,33.005,45.702,9.597,3.963,12.302,45.702,25.297,14.9044,0.1759,0.1285,0.1313,0.1287,0.2096,0.1313,0.1983,0.1245,539.68,275.75,358.55,84.5325,85.0425,85.38,82.2675,83.415,81.9975,42.9123,519.84,520,20.3435,517.58,489.02,13.3045
86.825,57.6,4.4922,57.525,287.0325,358.0279,572.0,2.5998,4.5775,174.069,343.11,72.279,710.0,19.4489,600.12,600.12,9.9803,66.2186,76.7784,2.5998,4.5775,11.1272,15.7322,9.1102,174.062,343.11,710.0,72.3083,33.0,45.846,9.592,3.988,12.303,45.846,25.4565,14.9044,0.1766,0.1285,0.1312,0.1286,0.2094,0.1311,0.1982,0.1244,539.64,275.8,358.55,84.5025,85.0125,85.3875,82.2375,83.4,81.99,42.9166,519.81,520,20.3435,517.58,489.02,13.3052
86.425,57.525,4.2891,57.5625,286.7175,358.2345,571.4,2.6,4.58,173.7855,343.11,72.2784,710.08,19.4484,600.12,600.12,9.9803,66.2188,76.7778,2.6,4.58,11.1263,15.7314,9.1102,173.796,343.11,710.08,72.3083,33.0,45.84,9.589,4.05,12.303,45.84,25.583,14.9044,0.1775,0.1285,0.1311,0.1286,0.2094,0.1311,0.1982,0.1244,539.6,275.8,358.55,84.51,85.0275,85.395,82.29,83.37,82.035,42.9174,519.81,520,20.3434,517.58,489.02,13.3058
86.6,57.525,4.2547,57.6,287.055,358.0623,572.05,2.6,4.58,173.3805,343.11,72.2783,710.08,19.4501,599.94,599.94,9.9802,66.219,76.7778,2.6,4.58,11.1254,15.7337,9.1102,173.376,343.11,710.08,72.3083,33.0,45.834,9.587,4.118,12.303,45.834,25.627,14.9044,0.178,0.1285,0.1311,0.1285,0.2094,0.1311,0.1982,0.1244,539.6,275.8,358.55,84.48,84.99,85.4175,82.2525,83.4225,82.0275,42.9182,519.81,520,20.3433,517.58,489.02,13.3065
86.65,57.525,4.0516,57.525,287.235,357.7523,572.0,2.6,4.58,173.6235,343.11,72.2794,709.92,19.4504,599.94,599.94,9.9801,66.2191,76.7778,2.6,4.58,11.1275,15.7339,9.1096,173.628,343.11,709.92,72.3083,33.0,45.786,9.586,4.16,12.303,45.786,25.638,14.913,0.1782,0.1286,0.1311,0.1286,0.2094,0.1311,0.1982,0.1244,539.6,275.8,358.55,84.465,84.975,85.4175,82.2975,83.4675,82.0275,42.9189,519.81,520,20.3432,517.58,489.02,13.3072
86.15,57.5625,4.1672,57.525,287.1,357.7523,572.0,2.5998,4.5775,173.367,343.08,72.2802,709.84,19.4514,599.88,599.88,9.9808,66.2193,76.7786,2.5998,4.5775,11.1276,15.7342,9.1096,173.362,343.08,709.84,72.3083,33.0,45.654,9.587,4.174,12.304,45.654,25.616,14.9133,0.1782,0.1286,0.1312,0.1286,0.2095,0.1311,0.1984,0.1245,539.6,275.85,358.6,84.525,85.02,85.3875,82.32,83.505,82.0275,42.9197,519.81,520,20.3432,517.58,489.02,13.3078
86.7,57.5625,4.4078,57.5625,287.145,357.7868,572.0,2.5996,4.575,173.1645,343.08,72.2804,709.84,19.4511,599.94,599.94,9.9809,66.2195,76.7796,2.5996,4.575,11.1276,15.7344,9.1091,173.166,343.08,709.84,72.3083,33.0,45.51,9.589,4.173,12.304,45.51,25.561,14.9136,0.1782,0.1287,0.1313,0.1287,0.2097,0.1312,0.1985,0.1245,539.6,275.85,358.6,84.5025,85.035,85.41,82.29,83.5425,82.0425,42.9205,519.81,520,20.3431,517.58,489.02,13.3085
86.075,57.525,4.1125,57.6,287.235,358.4756,571.7,2.5996,4.5725,173.016,343.08,72.2813,709.76,19.4514,599.94,599.94,9.9811,66.2196,76.7801,2.5996,4.5725,11.1277,15.7347,9.1091,173.012,343.08,709.76,72.3083,33.0,45.42,9.592,4.163,12.306,45.42,25.473,14.9052,0.178,0.1288,0.1313,0.1288,0.2098,0.1313,0.1986,0.1246,539.6,275.85,358.6,84.5025,84.9975,85.4175,82.3275,83.5725,82.05,42.9212,519.81,520,20.343,517.58,489.02,13.3092
86.6,57.5625,4.1125,57.5625,287.505,357.8557,571.55,2.5996,4.5725,173.313,343.08,72.2804,709.92,19.4509,600.0,600.0,9.9813,66.2198,76.7806,2.5996,4.5725,11.1278,15.7349,9.1091,173.306,343.08,709.92,72.3083,33.0,45.558,9.595,4.145,12.306,45.558,25.4015,14.9052,0.1777,0.1287,0.1313,0.1288,0.2096,0.1313,0.1984,0.1246,539.6,275.85,358.65,84.51,85.0425,85.395,82.29,83.535,82.065,42.9258,519.78,520,20.3429,517.58,489.02,13.3098
86.65,57.6,4.7734,57.525,286.6725,357.8901,571.95,2.5996,4.575,172.9485,343.08,72.2805,709.92,19.4509,600.0,600.0,9.9814,66.22,76.7811,2.5996,4.575,11.1279,15.7352,9.1091,172.956,343.08,709.92,72.3083,33.0,45.63,9.595,4.117,12.306,45.63,25.407,14.9052,0.1774,0.1287,0.1313,0.1287,0.2095,0.1313,0.1984,0.1246,539.6,275.85,358.65,84.5025,85.0875,85.3425,82.2975,83.505,82.0125,42.9229,519.81,520,20.3429,517.58,488.99,13.3105
86.775,57.6,4.7734,57.6,286.9425,358.5789,571.3,2.6002,4.575,174.015,343.08,72.28,710.0,19.4501,600.06,600.06,9.9808,66.2201,76.7794,2.6002,4.575,11.1279,15.7354,9.1102,174.02,343.08,710.0,72.2577,32.995,45.714,9.594,4.099,12.305,45.714,25.44,14.9052,0.1774,0.1286,0.1313,0.1287,0.2096,0.1313,0.1983,0.1245,539.6,275.85,358.65,84.555,85.0575,85.305,82.29,83.4975,82.005,42.9274,519.78,520,20.3428,517.58,488.99,13.3112
86.425,57.5625,4.6875,57.525,287.4825,358.0623,571.2,2.6002,4.575,173.8935,343.08,72.28,710.0,19.4506,600.0,600.0,9.9815,66.2203,76.7791,2.6002,4.575,11.128,15.7357,9.1102,173.894,343.08,710.0,72.2571,32.995,45.624,9.593,4.098,12.305,45.624,25.473,14.9052,0.1776,0.1287,0.1313,0.1287,0.2096,0.1313,0.1984,0.1245,539.56,275.85,358.65,84.5775,85.02,85.275,82.2975,83.5275,82.035,42.9321,519.75,520,20.3427,517.58,488.99,13.3118
86.025,57.6,4.6734,57.525,287.4825,357.8901,572.05,2.6,4.5725,173.772,343.08,72.2807,709.92,19.4514,599.94,599.94,9.9817,66.2205,76.7796,2.6,4.5725,11.1281,15.7329,9.1102,173.782,343.08,709.92,72.2564,32.995,45.462,9.594,4.116,12.305,45.462,25.473,14.9052,0.1779,0.1287,0.1313,0.1288,0.2098,0.1313,0.1985,0.1246,539.52,275.9,358.65,84.57,85.0275,85.2825,82.3125,83.4975,82.0425,42.9406,519.69,520,20.3426,517.58,488.99,13.3125
86.25,57.6,4.4828,57.5625,286.6725,358.0623,571.25,2.5994,4.57,172.935,343.05,72.2808,709.92,19.4524,599.88,599.88,9.9818,66.2206,76.7819,2.5994,4.57,11.1282,15.7322,9.1096,172.928,343.05,709.92,72.2558,32.995,45.276,9.596,4.139,12.305,45.276,25.418,14.9052,0.1782,0.1288,0.1314,0.1288,0.2098,0.1314,0.1987,0.1247,539.48,275.9,358.7,84.585,85.005,85.2675,82.2975,83.4825,82.0125,42.9419,519.69,520,20.3426,517.58,488.99,13.3132
86.7,57.6,3.8891,57.525,287.145,358.51,572.05,2.5996,4.5725,173.772,343.05,72.2809,709.92,19.4506,600.06,600.06,9.9813,66.2201,76.7819,2.5996,4.5725,11.1283,15.7314,9.1096,173.768,343.05,709.92,72.2552,32.995,45.672,9.6,4.151,12.305,45.672,25.33,14.9052,0.1778,0.1287,0.1313,0.1288,0.2096,0.1313,0.1983,0.1246,539.48,275.9,358.7,84.5475,85.065,85.2225,82.2975,83.52,81.99,42.9431,519.69,520,20.3425,517.55,488.99,13.3138
86.95,57.6,3.8891,57.5625,287.3025,358.5789,571.9,2.5998,4.575,173.6775,343.08,72.2804,710.0,19.4496,600.12,600.12,9.9812,66.22,76.7816,2.5998,4.575,11.1283,15.7337,9.1102,173.684,343.08,710.0,72.2546,32.995,45.84,9.596,4.123,12.305,45.84,25.396,14.9052,0.1773,0.1286,0.1313,0.1287,0.2094,0.1312,0.1982,0.1245,539.48,275.9,358.7,84.5475,85.0425,85.215,82.2525,83.5425,81.9675,42.9444,519.69,520,20.3424,517.55,488.99,13.3145
86.6,57.5625,4.0812,57.6,286.65,358.1312,571.45,2.6004,4.5775,174.231,343.08,72.2804,710.0,19.4491,600.12,600.12,9.9811,66.2199,76.7796,2.6004,4.5775,11.1284,15.7339,9.1108,174.23,343.08,710.0,72.2033,32.99,45.888,9.593,4.096,12.305,45.888,25.495,14.9052,0.1773,0.1286,0.1312,0.1286,0.2094,0.1312,0.1981,0.1245,539.48,275.9,358.7,84.5775,85.035,85.2675,82.2675,83.5275,82.02,42.9456,519.69,520,20.3423,517.55,488.99,13.3152
86.175,57.6,4.6937,57.525,286.8975,358.4067,571.7,2.6004,4.5775,174.0285,343.08,72.2804,710.0,19.4494,600.06,600.06,9.981,66.2198,76.7791,2.6004,4.5775,11.1285,15.7342,9.1108,174.02,343.08,710.0,72.2021,32.99,45.762,9.591,4.101,12.305,45.762,25.55,14.9052,0.1777,0.1286,0.1312,0.1286,0.2095,0.1312,0.1982,0.1245,539.48,275.9,358.7,84.6225,85.05,85.23,82.3125,83.49,81.9675,42.9506,519.66,520,20.3422,517.55,488.99,13.3158
86.75,57.6,4.6937,57.5625,286.875,357.9934,571.35,2.6002,4.575,173.7315,343.08,72.2804,710.0,19.4514,599.88,599.88,9.9817,66.2205,76.7794,2.6002,4.575,11.1286,15.7344,9.1102,173.726,343.08,710.0,72.2008,32.99,45.636,9.592,4.133,12.304,45.636,25.5445,14.9052,0.1782,0.1287,0.1312,0.1287,0.2096,0.1312,0.1984,0.1245,539.44,275.9,358.7,84.6225,85.0725,85.2225,82.35,83.5275,82.005,42.952,519.66,520,20.3422,517.55,488.99,13.3165
86.125,57.6,4.6391,57.5625,286.8975,358.2689,571.4,2.5996,4.5725,173.205,343.08,72.281,709.92,19.4526,599.82,599.82,9.9818,66.2206,76.7814,2.5996,4.5725,11.1286,15.7347,9.1091,173.194,343.08,709.92,72.1996,32.99,45.462,9.593,4.162,12.304,45.462,25.495,14.9052,0.1784,0.1288,0.1313,0.1288,0.2097,0.1313,0.1985,0.1246,539.44,275.9,358.7,84.5775,85.08,85.185,82.3575,83.4825,81.99,42.9534,519.66,520,20.3421,517.55,488.99,13.3172
86.0,57.5625,4.0906,57.6,287.5275,357.959,571.2,2.5994,4.5725,173.6505,343.05,72.2812,709.92,19.4541,599.76,599.76,9.982,66.2208,76.7826,2.5994,4.5725,11.1287,15.7349,9.1091,173.656,343.05,709.92,72.1983,32.99,45.396,9.596,4.173,12.304,45.396,25.407,14.9052,0.1783,0.1288,0.1314,0.1288,0.2098,0.1314,0.1986,0.1247,539.44,275.9,358.7,84.57,85.0425,85.245,82.32,83.5125,82.0425,42.9585,519.63,520,20.342,517.55,488.99,13.3178
86.85,57.525,4.0906,57.525,287.325,357.7868,571.1,2.5994,4.57,173.9475,343.05,72.2819,709.84,19.4536,599.88,599.88,9.9822,66.221,76.7834,2.5994,4.57,11.1288,15.7352,9.1096,173.95,343.05,709.84,72.1971,32.99,45.27,9.598,4.161,12.304,45.27,25.3465,14.9052,0.1781,0.1289,0.1314,0.1289,0.21,0.1314,0.1987,0.1247,539.4,275.9,358.7,84.5625,85.065,85.2525,82.29,83.5425,82.08,42.9675,519.57,520,20.3419,517.55,488.99,13.3185
86.45,57.5625,4.6906,57.5625,286.6275,357.959,571.55,2.5998,4.5675,174.15,343.02,72.2822,709.84,19.4549,599.82,599.82,9.9823,66.2211,76.7826,2.5998,4.5675,11.1289,15.7354,9.1096,174.146,343.02,709.84,72.1958,32.99,45.078,9.602,4.141,12.304,45.078,25.2805,14.9052,0.178,0.1289,0.1315,0.129,0.2102,0.1315,0.1989,0.1248,539.36,275.9,358.7,84.6075,85.0275,85.26,82.245,83.49,82.035,42.9805,519.48,520,20.3419,517.55,488.99,13.3192
86.925,57.6,4.6906,57.525,287.055,357.7179,571.9,2.5996,4.565,173.8125,343.02,72.283,709.76,19.4571,599.7,599.7,9.9833,66.2213,76.7836,2.5996,4.565,11.129,15.7357,9.1091,173.81,343.02,709.76,72.1945,32.99,44.832,9.606,4.125,12.304,44.832,25.198,14.9052,0.178,0.129,0.1316,0.1291,0.2104,0.1316,0.1992,0.1249,539.24,275.9,358.7,84.6525,85.035,85.26,82.2675,83.475,82.02,42.9976,519.36,520,20.3418,517.55,488.99,13.3198
86.425,57.5625,4.6703,57.6,286.83,358.2689,571.75,2.5992,4.56,173.178,342.99,72.284,709.68,19.4591,599.64,599.64,9.9837,66.2215,76.7856,2.5992,4.56,11.129,15.7329,9.1086,173.18,342.99,709.68,72.1933,32.99,44.64,9.612,4.115,12.304,44.64,25.0825,14.9052,0.1779,0.1291,0.1317,0.1292,0.2105,0.1317,0.1993,0.125,539.16,275.9,358.75,84.6375,85.0875,85.2525,82.2525,83.43,82.0575,43.0077,519.3,520,20.3417,517.55,488.96,13.3205
86.3,57.5625,4.7172,57.525,287.19,358.4067,571.85,2.5996,4.565,173.61,343.02,72.2839,709.76,19.4576,599.88,599.88,9.9833,66.2216,76.7851,2.5996,4.565,11.1291,15.7322,9.1091,173.614,343.02,709.76,72.1414,32.985,45.324,9.618,4.101,12.304,45.324,24.9615,14.9052,0.1771,0.1289,0.1316,0.1291,0.2099,0.1316,0.1987,0.1249,539.08,275.9,358.75,84.615,85.1325,85.305,82.2225,83.4225,82.05,43.0106,519.3,520,20.3416,517.52,488.96,13.3212
86.225,57.525,4.5984,57.6,287.325,358.4411,572.05,2.6,4.5725,173.7855,343.05,72.283,709.92,19.4536,600.24,600.24,9.9828,66.2218,76.7841,2.6,4.5725,11.1292,15.7314,9.1102,173.782,343.05,709.92,72.1396,32.985,45.786,9.611,4.049,12.304,45.786,25.1155,14.9052,0.1764,0.1287,0.1314,0.1288,0.2094,0.1314,0.1982,0.1247,539.08,275.9,358.75,84.6525,85.14,85.2975,82.2375,83.46,82.0425,43.0059,519.36,520,20.3416,517.52,488.96,13.3218
86.075,57.5625,4.4109,57.5625,286.92,358.2689,571.7,2.6008,4.5775,173.8395,343.08,72.2825,710.0,19.4511,600.36,600.36,9.9827,66.2212,76.7811,2.6008,4.5775,11.1293,15.7337,9.1113,173.838,343.08,710.0,72.0871,32.98,46.086,9.603,4.012,12.304,46.086,25.341,14.9052,0.1765,0.1285,0.1312,0.1286,0.2091,0.1312,0.1979,0.1245,539.12,275.9,358.7,84.6975,85.11,85.305,82.2825,83.43,81.9825,42.9972,519.45,520,20.3415,517.52,488.96,13.3225
86.525,57.6,4.6406,57.5625,286.9875,358.2345,571.7,2.6012,4.5825,173.718,343.11,72.2819,710.08,19.4481,600.48,600.48,9.9826,66.2212,76.7786,2.6012,4.5825,11.1294,15.7339,9.1118,173.712,343.11,710.08,72.0846,32.98,46.35,9.595,4.036,12.304,46.35,25.539,14.9052,0.1771,0.1284,0.131,0.1285,0.2089,0.131,0.1976,0.1243,539.2,275.9,358.7,84.6825,85.1025,85.2675,82.2825,83.49,81.945,42.9844,519.57,520,20.3414,517.52,488.96,13.3232
86.225,57.6,4.0984,57.5625,286.605,357.8212,571.35,2.601,4.5875,173.0025,343.14,72.2812,710.16,19.4476,600.36,600.36,9.9818,66.2203,76.7779,2.601,4.5875,11.1294,15.7342,9.1124,172.998,343.14,710.16,72.0821,32.98,46.59,9.587,4.097,12.303,46.59,25.7095,14.9052,0.1777,0.1283,0.1309,0.1283,0.2086,0.1309,0.1974,0.1241,539.36,275.9,358.75,84.6675,85.0575,85.245,82.2525,83.5125,81.9525,42.9636,519.75,520,20.3413,517.52,488.96,13.3238
86.45,57.5625,4.6641,57.5625,286.83,358.2,571.95,2.6012,4.59,173.3535,343.17,72.2803,710.24,19.4446,600.48,600.48,9.9814,66.22,76.7759,2.6012,4.59,11.1295,15.7344,9.1129,173.362,343.17,710.24,72.0796,32.98,46.824,9.58,4.158,12.303,46.824,25.858,14.9052,0.1782,0.1282,0.1308,0.1282,0.2083,0.1307,0.1972,0.124,539.52,275.95,358.75,84.645,85.035,85.2375,82.2225,83.46,81.9525,42.9421,519.93,520,20.3413,517.52,488.96,13.3245
86.15,57.6,4.2172,57.5625,287.19,358.1656,571.45,2.6008,4.5925,173.7045,343.2,72.2799,710.24,19.4419,600.54,600.54,9.9811,66.2197,76.7759,2.6008,4.5925,11.1296,15.7347,9.1129,173.712,343.2,710.24,72.1277,32.985,46.986,9.572,4.201,12.303,46.986,25.9845,14.9052,0.1784,0.1281,0.1307,0.1281,0.2082,0.1306,0.197,0.1239,539.72,275.95,358.75,84.675,85.005,85.2,82.215,83.4375,81.975,42.9235,520.08,520,20.3412,517.52,488.96,13.3252
86.2,57.6,4.2172,57.525,287.0325,358.2689,571.25,2.601,4.595,173.907,343.23,72.2789,710.32,19.4411,600.42,600.42,9.9808,66.2193,76.7741,2.601,4.595,11.1297,15.7349,9.1129,173.908,343.23,710.32,72.1258,32.985,47.07,9.565,4.229,12.303,47.07,26.0945,14.9052,0.1786,0.1281,0.1306,0.128,0.2082,0.1306,0.1969,0.1238,539.88,275.95,358.75,84.6375,85.005,85.17,82.185,83.4525,81.975,42.9044,520.23,520,20.3411,517.52,488.96,13.3258
86.85,57.6,4.0563,57.6,286.605,358.5444,571.4,2.601,4.5975,174.015,343.23,72.2784,710.32,19.4416,600.24,600.24,9.9804,66.219,76.7729,2.601,4.5975,11.1297,15.7352,9.1124,174.02,343.23,710.32,72.1745,32.99,47.088,9.56,4.25,12.303,47.088,26.177,14.9052,0.1788,0.128,0.1305,0.1279,0.2082,0.1305,0.1969,0.1238,540.04,275.95,358.75,84.675,84.99,85.1475,82.1925,83.475,82.005,42.8885,520.35,520,20.341,517.52,488.96,13.3265
86.425,57.5625,4.4734,57.5625,287.4375,357.959,571.3,2.6012,4.5975,173.448,343.23,72.2785,710.24,19.4406,600.24,600.24,9.9801,66.2186,76.7709,2.6012,4.5975,11.1298,15.7354,9.1124,173.446,343.23,710.24,72.1733,32.99,47.04,9.556,4.269,12.303,47.04,26.232,14.9052,0.1789,0.128,0.1305,0.1279,0.2082,0.1305,0.1969,0.1237,540.16,275.95,358.75,84.6525,85.02,85.2,82.215,83.5125,82.05,42.872,520.47,520,20.341,517.52,488.96,13.3272
86.425,57.6,4.4734,57.5625,286.8525,358.2,571.45,2.6006,4.5975,174.0285,343.23,72.2781,710.24,19.4396,600.24,600.24,9.9798,66.2183,76.7716,2.6006,4.5975,11.1299,15.7349,9.1118,174.034,343.23,710.24,72.2227,32.995,46.98,9.553,4.281,12.302,46.98,26.2485,14.8966,0.179,0.128,0.1305,0.1279,0.2082,0.1305,0.197,0.1238,540.28,275.95,358.75,84.6225,85.0725,85.215,82.2375,83.535,82.02,42.8626,520.53,520,20.3409,517.52,488.96,13.3278
86.125,57.6,4.0391,57.6,286.8525,358.5789,571.35,2.6006,4.5975,173.6505,343.23,72.2784,710.16,19.4394,600.18,600.18,9.9794,66.218,76.7709,2.6006,4.5975,11.13,15.7327,9.1118,173.642,343.23,710.16,72.222,32.995,46.854,9.551,4.285,12.302,46.854,26.243,14.8963,0.179,0.128,0.1305,0.1279,0.2083,0.1305,0.1971,0.1238,540.36,275.95,358.8,84.5925,85.0575,85.2225,82.2675,83.5425,81.99,42.853,520.59,520,20.3408,517.52,488.96,13.3285
86.0,57.6,4.0391,57.525,287.46,358.3034,571.5,2.6004,4.595,173.0295,343.2,72.2781,710.16,19.4394,600.12,600.12,9.9791,66.2176,76.7709,2.6004,4.595,11.1301,15.7319,9.1118,173.026,343.2,710.16,72.272,33.0,46.71,9.551,4.283,12.302,46.71,26.2155,14.8961,0.1789,0.1281,0.1306,0.128,0.2084,0.1306,0.1973,0.1238,540.44,275.95,358.8,84.6075,85.0425,85.2675,82.2975,83.58,81.9975,42.8393,520.68,520,20.3407,517.52,488.96,13.3292
86.175,57.5625,4.7219,57.6,286.5825,358.0967,571.8,2.6004,4.5925,173.5695,343.2,72.2779,710.16,19.4411,599.94,599.94,9.9795,66.2181,76.7704,2.6004,4.5925,11.1301,15.7342,9.1118,173.558,343.2,710.16,72.272,33.0,46.59,9.552,4.275,12.3,46.59,26.1605,14.8958,0.1788,0.1282,0.1306,0.1281,0.2086,0.1306,0.1974,0.1239,540.52,275.95,358.8,84.6225,85.065,85.29,82.335,83.5275,81.975,42.8328,520.71,520,20.3406,517.52,488.96,13.3298
86.4,57.6,4.7219,57.5625,286.6725,358.0279,571.2,2.6002,4.5925,173.529,343.2,72.2783,710.08,19.4421,599.88,599.88,9.9794,66.218,76.7706,2.6002,4.5925,11.1302,15.7344,9.1113,173.53,343.2,710.08,72.3227,33.005,46.422,9.554,4.261,12.3,46.422,26.1,14.9041,0.1787,0.1282,0.1307,0.1282,0.2087,0.1307,0.1975,0.124,540.52,275.95,358.8,84.6075,85.1025,85.26,82.3125,83.55,81.975,42.8299,520.71,520,20.3406,517.55,488.96,13.3305
86.425,57.5625,3.9391,57.6375,286.56,358.3378,571.75,2.6,4.59,173.6235,343.17,72.2781,710.08,19.4434,599.82,599.82,9.9801,66.2179,76.7711,2.6,4.59,11.1265,15.7347,9.1113,173.628,343.17,710.08,72.3233,33.005,46.236,9.557,4.244,12.3,46.236,26.0285,14.9041,0.1785,0.1283,0.1308,0.1283,0.209,0.1308,0.1977,0.124,540.52,275.95,358.8,84.6,85.125,85.2675,82.3125,83.5575,82.02,42.8346,520.65,520,20.3405,517.55,488.96,13.3312
86.575,57.5625,4.2734,57.5625,287.1,358.51,571.5,2.5998,4.585,172.8,343.14,72.2786,710.0,19.4434,599.88,599.88,9.9803,66.2178,76.7719,2.5998,4.585,11.1254,15.7349,9.1102,172.802,343.14,710.0,72.3239,33.005,46.038,9.561,4.228,12.3,46.038,25.9405,14.9041,0.1784,0.1284,0.1309,0.1283,0.209,0.1309,0.1979,0.1242,540.48,275.95,358.8,84.5925,85.1175,85.2525,82.2825,83.5275,82.035,42.832,520.65,520,20.3404,517.55,488.96,13.3318
86.925,57.5625,4.2734,57.6,286.9425,357.6835,571.65,2.5996,4.5825,173.178,343.14,72.2793,709.92,19.4446,599.82,599.82,9.9804,66.2177,76.7729,2.5996,4.5825,11.1242,15.7352,9.1102,173.18,343.14,709.92,72.3246,33.005,45.87,9.565,4.211,12.301,45.87,25.836,14.8955,0.1783,0.1285,0.131,0.1284,0.2093,0.131,0.1981,0.1243,540.48,276.0,358.8,84.6,85.17,85.275,82.305,83.5125,82.02,42.8368,520.59,520,20.3403,517.55,488.96,13.3325
86.15,57.525,4.6,57.6,286.65,358.6478,571.45,2.5994,4.58,173.772,343.11,72.2794,709.92,19.4461,599.76,599.76,9.9798,66.2184,76.7741,2.5994,4.58,11.1268,15.7354,9.1096,173.768,343.11,709.92,72.3252,33.005,45.654,9.57,4.19,12.301,45.654,25.7205,14.8952,0.1781,0.1285,0.1311,0.1285,0.2095,0.1311,0.1983,0.1244,540.4,276.0,358.8,84.6,85.14,85.29,82.305,83.505,81.975,42.8495,520.47,520,20.3403,517.55,488.99,13.3332
86.2,57.6,3.9234,57.6,286.965,358.0623,571.4,2.5992,4.575,174.015,343.08,72.2801,709.84,19.4486,599.64,599.64,9.9805,66.2186,76.7756,2.5992,4.575,11.1269,15.7357,9.1091,174.02,343.08,709.84,72.3258,33.005,45.342,9.576,4.169,12.301,45.342,25.6105,14.8949,0.1781,0.1287,0.1312,0.1287,0.2099,0.1312,0.1986,0.1245,540.28,276.0,358.8,84.6075,85.0875,85.2525,82.3425,83.505,81.99,42.8664,520.32,520,20.3402,517.55,488.99,13.3338
86.825,57.5625,3.9234,57.5625,287.46,358.3723,571.1,2.5988,4.57,173.529,343.05,72.281,709.76,19.4524,599.46,599.46,9.9807,66.2187,76.7781,2.5988,4.57,11.1307,15.7329,9.108,173.516,343.05,709.76,72.3264,33.005,44.964,9.584,4.154,12.3,44.964,25.473,14.9033,0.1781,0.1288,0.1314,0.1289,0.2102,0.1314,0.199,0.1247,540.12,276.0,358.85,84.585,85.0575,85.2075,82.29,83.46,81.9675,42.8876,520.14,520,20.3401,517.55,488.99,13.3345
86.7,57.525,3.9984,57.6,287.2125,358.4756,572.0,2.5986,4.565,173.178,343.02,72.282,709.68,19.4539,599.52,599.52,9.9816,66.2196,76.7804,2.5986,4.565,11.1283,15.7322,9.1074,173.18,343.02,709.68,72.3271,33.005,44.73,9.593,4.14,12.3,44.73,25.2915,14.9033,0.1779,0.129,0.1316,0.129,0.2104,0.1315,0.1993,0.1249,539.96,276.0,358.85,84.6,85.0875,85.1775,82.3275,83.4375,81.9975,42.9058,519.99,520,20.34,517.55,488.99,13.3352
86.45,57.5625,4.0969,57.525,287.4375,358.6133,571.5,2.5992,4.5675,173.4615,343.02,72.2813,709.84,19.4536,599.7,599.7,9.9813,66.2201,76.7799,2.5992,4.5675,11.1283,15.7314,9.1086,173.46,343.02,709.84,72.2771,33.0,45.102,9.601,4.113,12.299,45.102,25.1375,14.9033,0.1771,0.1289,0.1316,0.129,0.2101,0.1315,0.1989,0.1248,539.8,276.0,358.85,84.5625,85.05,85.155,82.3125,83.4825,82.0275,42.9172,519.9,520,20.34,517.55,488.99,13.3358
86.525,57.5625,4.3906,57.525,287.01,358.5444,571.55,2.5994,4.57,173.502,343.05,72.2815,709.84,19.4519,599.94,599.94,9.9814,66.2205,76.7801,2.5994,4.57,11.1254,15.7337,9.1091,173.502,343.05,709.84,72.2771,33.0,45.348,9.601,4.055,12.302,45.348,25.1705,14.9033,0.1764,0.1287,0.1315,0.1289,0.2098,0.1314,0.1987,0.1247,539.68,276.0,358.85,84.5175,85.1025,85.155,82.3425,83.505,82.035,42.9251,519.84,520,20.3399,517.55,488.99,13.3365
86.025,57.6,4.6359,57.6,286.8075,358.1656,571.3,2.6,4.5725,173.259,343.05,72.2811,709.92,19.4514,600.0,600.0,9.9816,66.2201,76.7786,2.6,4.5725,11.1275,15.7339,9.1096,173.264,343.05,709.92,72.2264,32.995,45.528,9.6,4.009,12.302,45.528,25.264,14.9033,0.1763,0.1286,0.1314,0.1288,0.2097,0.1314,0.1985,0.1246,539.6,276.0,358.85,84.555,85.125,85.1325,82.305,83.5275,82.0425,42.9295,519.81,520,20.3398,517.55,488.99,13.3372
86.125,57.525,4.0312,57.6,287.055,357.8557,571.45,2.5996,4.575,173.4345,343.08,72.2806,710.0,19.4506,600.06,600.06,9.981,66.2196,76.7801,2.5996,4.575,11.1276,15.7342,9.1102,173.432,343.08,710.0,72.2258,32.995,45.69,9.597,4.012,12.302,45.69,25.3685,14.9033,0.1767,0.1286,0.1313,0.1287,0.2095,0.1313,0.1983,0.1245,539.6,276.0,358.85,84.5625,85.1475,85.2,82.3125,83.5725,82.0125,42.9303,519.81,520,20.3397,517.55,488.99,13.3378
86.775,57.5625,4.0312,57.6,287.145,358.5444,571.7,2.6002,4.5775,174.0015,343.08,72.2806,710.0,19.4504,600.06,600.06,9.9809,66.2195,76.7784,2.6002,4.5775,11.1277,15.7344,9.1108,174.006,343.08,710.0,72.2252,32.995,45.786,9.594,4.049,12.302,45.786,25.4565,14.9033,0.1773,0.1286,0.1312,0.1287,0.2095,0.1312,0.1982,0.1245,539.6,276.0,358.85,84.57,85.1025,85.155,82.3425,83.595,82.02,42.9348,519.78,520,20.3549,517.55,488.99,13.3385
86.475,57.5625,4.5812,57.6,286.5825,358.2689,571.55,2.5998,4.5775,173.2725,343.08,72.2806,710.0,19.4501,600.06,600.06,9.9808,66.2194,76.7796,2.5998,4.5775,11.1277,15.7347,9.1102,173.278,343.08,710.0,72.1739,32.99,45.732,9.592,4.096,12.302,45.732,25.528,14.9033,0.1778,0.1286,0.1312,0.1286,0.2094,0.1312,0.1983,0.1245,539.56,276.05,358.85,84.57,85.1475,85.2225,82.305,83.625,81.99,42.9319,519.81,520,20.3554,517.55,488.99,13.3392
86.2,57.525,4.5812,57.525,287.3925,357.9245,571.4,2.6002,4.5775,173.907,343.08,72.2806,710.0,19.4499,600.06,600.06,9.9808,66.2201,76.7784,2.6002,4.5775,11.1278,15.7349,9.1102,173.908,343.08,710.0,72.1727,32.99,45.69,9.591,4.138,12.303,45.69,25.55,14.9033,0.1781,0.1286,0.1312,0.1286,0.2096,0.1312,0.1983,0.1245,539.6,276.05,358.9,84.5625,85.185,85.1925,82.29,83.61,81.9975,42.9364,519.78,520,20.3558,517.55,488.99,13.3398
86.4,57.6,4.3797,57.525,286.7175,358.2689,571.3,2.5996,4.575,172.8675,343.08,72.2806,710.0,19.4504,600.0,600.0,9.9814,66.2202,76.7804,2.5996,4.575,11.1279,15.7352,9.1096,172.858,343.08,710.0,72.222,32.995,45.534,9.591,4.161,12.303,45.534,25.528,14.9033,0.1783,0.1287,0.1313,0.1287,0.2096,0.1312,0.1985,0.1245,539.56,276.05,358.9,84.5625,85.185,85.23,82.2825,83.625,81.9825,42.9336,519.81,520,20.3562,517.55,488.99,13.3405
86.65,57.5625,4.0703,57.5625,287.415,357.959,571.85,2.5998,4.575,174.0555,343.08,72.2806,710.0,19.4496,600.06,600.06,9.9808,66.2204,76.7801,2.5998,4.575,11.128,15.7354,9.1096,174.062,343.08,710.0,72.1708,32.99,45.798,9.594,4.167,12.303,45.798,25.473,14.9033,0.1779,0.1286,0.1312,0.1287,0.2095,0.1312,0.1982,0.1245,539.6,276.05,358.9,84.54,85.215,85.2225,82.275,83.64,82.0125,42.9381,519.78,520,20.3566,517.55,488.96,13.3412
86.925,57.5625,4.0703,57.5625,286.83,358.0623,571.55,2.5998,4.5775,173.421,343.08,72.2806,710.0,19.4509,599.94,599.94,9.9808,66.2198,76.7804,2.5998,4.5775,11.128,15.7357,9.1108,173.418,343.08,710.0,72.1695,32.99,45.81,9.591,4.146,12.303,45.81,25.517,14.9119,0.1777,0.1286,0.1312,0.1286,0.2094,0.1312,0.1982,0.1245,539.56,276.05,358.9,84.525,85.1925,85.2075,82.2675,83.6475,82.0575,42.9352,519.81,520,20.357,517.55,488.96,13.3418
86.85,57.6,4.7609,57.6,286.9425,357.7523,571.1,2.6004,4.5775,174.015,343.08,72.2806,710.0,19.4496,600.06,600.06,9.9807,66.2197,76.7784,2.6004,4.5775,11.1281,15.7329,9.1113,174.02,343.08,710.0,72.1683,32.99,45.786,9.591,4.127,12.303,45.786,25.5555,14.9122,0.1777,0.1286,0.1312,0.1286,0.2095,0.1312,0.1982,0.1245,539.6,276.05,358.9,84.57,85.23,85.1925,82.2375,83.6775,82.0875,42.9397,519.78,520,20.3421,517.55,488.96,13.3425
86.15,57.5625,3.8781,57.6,286.7175,358.51,571.8,2.6002,4.575,173.88,343.08,72.2806,710.0,19.4516,599.88,599.88,9.9813,66.2196,76.7786,2.6002,4.575,11.1282,15.7322,9.1108,173.88,343.08,710.0,72.167,32.99,45.612,9.59,4.129,12.303,45.612,25.55,14.9124,0.1779,0.1287,0.1313,0.1287,0.2097,0.1312,0.1984,0.1245,539.56,276.05,358.9,84.5475,85.2,85.185,82.26,83.6325,82.0425,42.9444,519.75,520,20.3421,517.55,488.96,13.3432
86.0,57.525,4.5922,57.5625,287.505,357.9934,571.85,2.6,4.5725,173.529,343.05,72.2813,709.92,19.4514,599.94,599.94,9.9815,66.2203,76.7791,2.6,4.5725,11.1283,15.7314,9.1096,173.53,343.05,709.92,72.1658,32.99,45.384,9.593,4.145,12.305,45.384,25.495,14.9041,0.1782,0.1288,0.1313,0.1288,0.2098,0.1313,0.1986,0.1246,539.52,276.05,358.9,84.5925,85.185,85.1625,82.2375,83.655,82.02,42.9492,519.72,520,20.342,517.52,488.96,13.3438
86.0,57.6,3.8797,57.5625,287.46,358.6478,571.4,2.5994,4.57,173.394,343.05,72.282,709.84,19.4546,599.7,599.7,9.9817,66.2212,76.7814,2.5994,4.57,11.1284,15.7337,9.1086,173.39,343.05,709.84,72.1645,32.99,45.18,9.597,4.16,12.305,45.18,25.3905,14.9041,0.1783,0.1289,0.1315,0.1289,0.21,0.1314,0.1988,0.1247,539.52,276.05,358.9,84.5925,85.1925,85.1625,82.245,83.6175,82.0575,42.9578,519.66,520,20.3419,517.52,488.96,13.3445
86.425,57.6,3.8797,57.5625,287.5275,358.5789,571.85,2.5992,4.5675,173.5695,343.02,72.2823,709.84,19.4544,599.82,599.82,9.9818,66.2216,76.7829,2.5992,4.5675,11.1284,15.7339,9.1086,173.558,343.02,709.84,72.1633,32.99,45.138,9.602,4.159,12.305,45.138,25.275,14.9041,0.1781,0.1289,0.1315,0.129,0.2101,0.1315,0.1989,0.1248,539.44,276.05,358.9,84.5475,85.1475,85.1625,82.305,83.58,82.0575,42.9667,519.6,520,20.3571,517.52,488.96,13.3452
86.1,57.5625,4.1719,57.6,286.8075,358.0279,571.7,2.5992,4.5675,173.016,343.02,72.2825,709.84,19.4551,599.82,599.82,9.982,66.2213,76.7839,2.5992,4.5675,11.1285,15.7342,9.1091,173.026,343.02,709.84,72.162,32.99,45.078,9.605,4.136,12.303,45.078,25.2145,14.9041,0.1778,0.1289,0.1316,0.129,0.2101,0.1315,0.1989,0.1248,539.4,276.05,358.9,84.5475,85.11,85.1925,82.305,83.61,82.02,42.9721,519.57,520,20.3575,517.52,488.96,13.3458
86.925,57.5625,4.3641,57.6,286.695,358.5444,571.7,2.5998,4.57,173.313,343.05,72.2828,709.84,19.4536,600.0,600.0,9.9822,66.2215,76.7826,2.5998,4.57,11.1286,15.7344,9.1096,173.32,343.05,709.84,72.1608,32.99,45.558,9.608,4.106,12.303,45.558,25.1705,14.9041,0.1771,0.1288,0.1315,0.1289,0.2096,0.1314,0.1984,0.1247,539.36,276.05,358.9,84.5325,85.1475,85.245,82.2825,83.6475,81.9825,42.9701,519.6,520,20.358,517.52,488.96,13.3465
86.9,57.5625,4.7875,57.525,287.1675,358.4756,571.4,2.6002,4.575,174.0015,343.08,72.2824,709.92,19.4521,600.12,600.12,9.9816,66.2209,76.7814,2.6002,4.575,11.1287,15.7347,9.1108,173.992,343.08,709.92,72.1089,32.985,45.894,9.603,4.066,12.303,45.894,25.297,14.9041,0.1767,0.1286,0.1313,0.1287,0.2094,0.1313,0.1981,0.1245,539.36,276.05,358.9,84.5475,85.14,85.23,82.2375,83.595,81.9975,42.9679,519.63,520,20.3584,517.52,488.96,13.3472
86.325,57.6,4.3234,57.6,287.0325,357.6835,571.7,2.6004,4.5775,174.285,343.11,72.2819,710.0,19.4494,600.3,600.3,9.9815,66.2208,76.7804,2.6004,4.5775,11.1287,15.7349,9.1113,174.286,343.11,710.0,72.107,32.985,46.026,9.596,4.046,12.303,46.026,25.462,14.9041,0.1769,0.1285,0.1312,0.1286,0.2093,0.1311,0.198,0.1244,539.4,276.05,358.9,84.5625,85.1625,85.26,82.2,83.625,81.9975,42.9694,519.63,520,20.3588,517.52,488.96,13.3478
86.45,57.525,4.7469,57.525,286.785,358.3034,571.5,2.6006,4.58,173.6775,343.11,72.2813,710.08,19.4496,600.18,600.18,9.9814,66.2207,76.7791,2.6006,4.58,11.1288,15.7352,9.1118,173.67,343.11,710.08,72.1052,32.985,46.116,9.592,4.075,12.303,46.116,25.594,14.9041,0.1775,0.1285,0.1311,0.1285,0.2091,0.131,0.1979,0.1243,539.4,276.1,358.95,84.5625,85.2,85.29,82.2,83.6325,81.9975,42.9596,519.72,520,20.3592,517.52,488.96,13.3485
86.45,57.525,4.3453,57.6375,287.055,358.0623,571.7,2.6006,4.5825,173.934,343.14,72.2811,710.08,19.4481,600.24,600.24,9.9813,66.2206,76.7784,2.6006,4.5825,11.1289,15.7354,9.1118,173.936,343.14,710.08,72.1033,32.985,46.206,9.588,4.127,12.303,46.206,25.6765,14.9041,0.178,0.1284,0.131,0.1285,0.209,0.131,0.1978,0.1243,539.48,276.1,358.95,84.5775,85.1775,85.245,82.1925,83.6175,81.975,42.957,519.75,520,20.3443,517.52,488.96,13.3492
86.65,57.525,3.9078,57.5625,287.1,358.4411,571.45,2.6008,4.5825,173.772,343.14,72.281,710.08,19.4486,600.12,600.12,9.9813,66.2206,76.7769,2.6008,4.5825,11.129,15.7357,9.1118,173.768,343.14,710.08,72.1014,32.985,46.236,9.584,4.17,12.303,46.236,25.7315,14.9041,0.1783,0.1284,0.131,0.1284,0.209,0.131,0.1978,0.1242,539.56,276.1,358.95,84.615,85.1775,85.2675,82.185,83.6025,81.99,42.9467,519.84,520,20.3443,517.52,488.96,13.3498
86.475,57.5625,3.9078,57.5625,286.92,358.4067,571.8,2.6002,4.5825,173.4345,343.14,72.2809,710.08,19.4481,600.12,600.12,9.9812,66.2205,76.7781,2.6002,4.5825,11.1291,15.7329,9.1113,173.432,343.14,710.08,72.1501,32.99,46.236,9.582,4.195,12.303,46.236,25.7645,14.9041,0.1784,0.1284,0.131,0.1284,0.209,0.131,0.1978,0.1242,539.6,276.1,358.95,84.63,85.1325,85.2525,82.155,83.6175,81.9825,42.9399,519.9,520,20.3442,517.52,488.96,13.3505
86.875,57.6,3.9141,57.6375,287.1675,358.2689,571.8,2.6002,4.5825,173.799,343.14,72.2808,710.08,19.4484,600.06,600.06,9.9811,66.2204,76.7779,2.6002,4.5825,11.1291,15.7322,9.1113,173.796,343.14,710.08,72.1489,32.99,46.218,9.58,4.205,12.303,46.218,25.7755,14.9041,0.1785,0.1284,0.131,0.1284,0.209,0.131,0.1978,0.1242,539.72,276.1,358.95,84.5925,85.125,85.215,82.1775,83.64,81.9825,42.9328,519.96,520,20.3441,517.52,488.96,13.3512
86.05,57.5625,4.0422,57.6,286.965,357.8212,571.55,2.6002,4.5825,173.907,343.14,72.2807,710.08,19.4481,600.06,600.06,9.981,66.2203,76.7776,2.6002,4.5825,11.1292,15.7314,9.1113,173.908,343.14,710.08,72.1476,32.99,46.158,9.579,4.206,12.303,46.158,25.77,14.9041,0.1784,0.1285,0.131,0.1284,0.2091,0.131,0.1978,0.1242,539.76,276.1,358.95,84.5775,85.14,85.2075,82.14,83.61,82.0275,42.9292,519.99,520,20.344,517.52,488.96,13.3518
86.55,57.6,4.6516,57.5625,287.325,357.7179,572.05,2.6002,4.5825,174.0555,343.14,72.2805,710.08,19.4479,600.06,600.06,9.9809,66.2202,76.7774,2.6002,4.5825,11.1293,15.7337,9.1113,174.062,343.14,710.08,72.1464,32.99,46.068,9.579,4.204,12.303,46.068,25.759,14.9041,0.1784,0.1285,0.131,0.1285,0.2092,0.131,0.1979,0.1243,539.76,276.1,358.95,84.6075,85.1475,85.1775,82.1325,83.565,81.99,42.9292,519.99,520,20.344,517.52,488.96,13.3525
86.225,57.5625,4.6516,57.5625,286.74,358.51,571.95,2.6,4.58,173.664,343.11,72.2804,710.08,19.4484,600.0,600.0,9.9809,66.2201,76.7779,2.6,4.58,11.1294,15.7339,9.1108,173.656,343.11,710.08,72.1451,32.99,45.948,9.58,4.201,12.302,45.948,25.7315,14.9041,0.1784,0.1285,0.1311,0.1285,0.2093,0.131,0.198,0.1243,539.76,276.1,358.95,84.6225,85.1325,85.1775,82.1475,83.565,81.975,42.9292,519.99,520,20.3439,517.52,488.96,13.3532
86.375,57.525,3.9719,57.6,287.2125,357.7523,572.0,2.6,4.58,173.205,343.11,72.2803,710.08,19.4491,599.94,599.94,9.9808,66.2201,76.7779,2.6,4.58,11.1295,15.7342,9.1108,173.194,343.11,710.08,72.1945,32.995,45.834,9.581,4.198,12.302,45.834,25.682,14.9041,0.1784,0.1286,0.1311,0.1286,0.2093,0.1311,0.1982,0.1244,539.8,276.1,358.95,84.645,85.155,85.2075,82.14,83.5275,81.9825,42.9255,520.02,520,20.3438,517.52,488.96,13.3538
86.7,57.6,4.5906,57.5625,287.4375,358.5789,571.95,2.5998,4.5775,172.9485,343.11,72.2808,710.0,19.4501,599.88,599.88,9.9807,66.22,76.7786,2.5998,4.5775,11.1295,15.7344,9.1108,172.956,343.11,710.0,72.1939,32.995,45.72,9.583,4.189,12.302,45.72,25.6215,14.9041,0.1783,0.1286,0.1312,0.1286,0.2094,0.1311,0.1983,0.1245,539.8,276.1,359.0,84.675,85.1475,85.17,82.1925,83.52,82.0275,42.9217,520.05,520,20.3437,517.52,488.96,13.3545
86.425,57.5625,4.5906,57.5625,287.4375,358.2345,571.85,2.5998,4.575,173.4075,343.08,72.2808,710.0,19.4506,599.88,599.88,9.9814,66.2199,76.7789,2.5998,4.575,11.1296,15.7347,9.1102,173.404,343.08,710.0,72.1933,32.995,45.642,9.586,4.177,12.302,45.642,25.5555,14.9041,0.1781,0.1287,0.1312,0.1287,0.2095,0.1312,0.1983,0.1245,539.84,276.1,359.0,84.66,85.1475,85.1925,82.2225,83.5125,81.99,42.9253,520.02,520,20.3437,517.52,488.96,13.3552
86.3,57.6,4.0359,57.5625,286.65,357.7868,571.7,2.5996,4.575,173.691,343.08,72.2814,709.92,19.4519,599.82,599.82,9.9815,66.2198,76.7799,2.5996,4.575,11.1297,15.7349,9.1102,173.698,343.08,709.92,72.1926,32.995,45.516,9.588,4.161,12.302,45.516,25.5005,14.9041,0.178,0.1287,0.1313,0.1287,0.2097,0.1313,0.1985,0.1246,539.8,276.1,359.0,84.6225,85.1325,85.1475,82.2225,83.4975,81.99,42.9327,519.96,520,20.3436,517.52,488.96,13.3558
86.15,57.5625,4.4344,57.6,286.65,358.3723,571.25,2.5994,4.5725,174.042,343.05,72.2815,709.92,19.4511,599.94,599.94,9.9817,66.2205,76.7811,2.5994,4.5725,11.1298,15.7352,9.1091,174.034,343.05,709.92,72.192,32.995,45.33,9.592,4.148,12.302,45.33,25.44,14.9041,0.178,0.1288,0.1314,0.1288,0.2099,0.1314,0.1987,0.1247,539.76,276.1,359.0,84.6525,85.1325,85.17,82.185,83.5125,82.005,42.9441,519.87,520,20.3435,517.52,488.96,13.3565
86.925,57.6,4.4344,57.6,286.6725,357.7179,571.65,2.5992,4.57,173.4885,343.05,72.2823,709.84,19.4529,599.82,599.82,9.9819,66.2214,76.7826,2.5992,4.57,11.1298,15.7354,9.1086,173.488,343.05,709.84,72.1914,32.995,45.078,9.596,4.141,12.302,45.078,25.363,14.9041,0.1781,0.1289,0.1315,0.1289,0.2101,0.1314,0.1989,0.1248,539.64,276.15,359.0,84.6225,85.08,85.1925,82.2,83.5125,82.0425,42.9559,519.78,520,20.3587,517.52,488.93,13.3572
86.975,57.6,4.3656,57.525,287.055,358.4756,571.7,2.5992,4.5675,173.6235,343.02,72.2825,709.84,19.4544,599.76,599.76,9.982,66.2218,76.7836,2.5992,4.5675,11.1299,15.7357,9.108,173.628,343.02,709.84,72.1401,32.99,44.982,9.602,4.136,12.302,44.982,25.253,14.9041,0.1779,0.129,0.1316,0.129,0.2102,0.1315,0.199,0.1248,539.56,276.15,359.0,84.66,85.0575,85.23,82.26,83.5275,82.065,42.9681,519.69,520,20.3591,517.52,488.93,13.3578
86.3,57.5625,4.0297,57.6,286.6725,357.7179,572.05,2.5996,4.565,173.5695,343.02,72.2834,709.76,19.4554,599.76,599.76,9.9822,66.2215,76.7831,2.5996,4.565,11.13,15.7329,9.1091,173.572,343.02,709.76,72.1389,32.99,44.88,9.606,4.12,12.302,44.88,25.1595,14.9041,0.1777,0.129,0.1316,0.1291,0.2103,0.1316,0.1991,0.1249,539.48,276.15,359.0,84.69,85.08,85.2,82.245,83.475,82.08,42.9844,519.57,520,20.3595,517.52,488.93,13.3585
86.4,57.6,4.0297,57.525,287.235,358.5444,571.4,2.5994,4.5625,173.1375,342.99,72.2838,709.76,19.4564,599.76,599.76,9.9824,66.2216,76.7844,2.5994,4.5625,11.1301,15.7322,9.1091,173.138,342.99,709.76,72.1376,32.99,44.892,9.61,4.096,12.302,44.892,25.088,14.9041,0.1774,0.129,0.1317,0.1291,0.2102,0.1316,0.1991,0.1249,539.36,276.15,359.0,84.72,85.125,85.2375,82.2375,83.49,82.11,42.9899,519.54,520,20.36,517.49,488.93,13.3592
86.075,57.5625,4.7797,57.6,287.4375,357.6835,571.7,2.5998,4.5675,172.9485,343.02,72.2835,709.84,19.4551,599.94,599.94,9.9825,66.2218,76.7836,2.5998,4.5675,11.1302,15.7314,9.1096,172.942,343.02,709.84,72.0858,32.985,45.408,9.613,4.072,12.302,45.408,25.0605,14.9041,0.1768,0.1288,0.1315,0.129,0.2098,0.1315,0.1986,0.1248,539.32,276.15,359.0,84.6975,85.125,85.2525,82.2675,83.445,82.1025,42.988,519.57,520,20.3604,517.49,488.93,13.3598
86.975,57.6,4.7797,57.6,286.8075,358.3378,571.55,2.6,4.5725,173.853,343.05,72.2832,709.92,19.4516,600.24,600.24,9.9819,66.2212,76.7831,2.6,4.5725,11.1265,15.7337,9.1108,173.852,343.05,709.92,72.0839,32.985,45.858,9.607,4.037,12.302,45.858,25.2035,14.9041,0.1764,0.1286,0.1314,0.1288,0.2094,0.1314,0.1982,0.1246,539.36,276.15,359.0,84.6975,85.125,85.2225,82.26,83.4,82.095,42.9859,519.6,520,20.3608,517.49,488.93,13.3605
86.7,57.5625,4.6922,57.6,286.785,357.8557,572.05,2.6004,4.5775,174.1905,343.11,72.2827,710.0,19.4491,600.36,600.36,9.9819,66.2211,76.7816,2.6004,4.5775,11.1253,15.7339,9.1113,174.188,343.11,710.0,72.082,32.985,46.11,9.599,4.023,12.302,46.11,25.407,14.9041,0.1767,0.1285,0.1312,0.1286,0.2092,0.1311,0.1979,0.1244,539.36,276.15,359.05,84.7125,85.1325,85.2825,82.2825,83.4225,82.0725,42.9838,519.63,520,20.3612,517.49,488.93,13.3612
86.75,57.6,4.1109,57.6,287.325,357.7523,571.7,2.6006,4.5825,173.6775,343.14,72.282,710.08,19.4469,600.42,600.42,9.9818,66.2211,76.7804,2.6006,4.5825,11.1241,15.7342,9.1118,173.684,343.14,710.08,72.0801,32.985,46.308,9.592,4.056,12.302,46.308,25.594,14.9041,0.1773,0.1284,0.131,0.1285,0.209,0.131,0.1977,0.1243,539.4,276.15,359.05,84.6525,85.0875,85.2675,82.275,83.4675,82.0875,42.974,519.72,520,20.3616,517.49,488.93,13.3618
86.825,57.6,4.5703,57.6,286.8075,358.2,571.85,2.6008,4.585,173.8395,343.14,72.2813,710.16,19.4459,600.36,600.36,9.9809,66.2202,76.7789,2.6008,4.585,11.1267,15.7344,9.1118,173.838,343.14,710.16,72.0783,32.985,46.482,9.586,4.116,12.302,46.482,25.7425,14.9041,0.1779,0.1283,0.1309,0.1283,0.2088,0.1309,0.1975,0.1242,539.52,276.15,359.05,84.6,85.125,85.2375,82.305,83.49,82.0275,42.9601,519.84,520,20.3468,517.49,488.93,13.3625
86.7,57.525,4.5703,57.6,286.605,358.5789,571.15,2.601,4.5875,173.5965,343.17,72.281,710.16,19.4459,600.24,600.24,9.9806,66.2199,76.7771,2.601,4.5875,11.1268,15.7347,9.1124,173.6,343.17,710.16,72.0764,32.985,46.602,9.579,4.169,12.302,46.602,25.8525,14.9041,0.1783,0.1283,0.1308,0.1283,0.2086,0.1308,0.1974,0.1241,539.64,276.15,359.05,84.555,85.095,85.275,82.2825,83.4675,82.0575,42.9457,519.96,520,20.3467,517.49,488.93,13.3632
86.275,57.6,4.8109,57.5625,287.19,358.2689,571.55,2.6012,4.59,173.6235,343.17,72.2802,710.24,19.4449,600.24,600.24,9.9803,66.2196,76.7751,2.6012,4.59,11.1306,15.7349,9.1129,173.628,343.17,710.24,72.0745,32.985,46.68,9.574,4.205,12.302,46.68,25.935,14.9041,0.1785,0.1282,0.1308,0.1282,0.2086,0.1307,0.1973,0.124,539.76,276.15,359.05,84.5475,85.125,85.23,82.2375,83.4825,82.0275,42.9309,520.08,520,20.3466,517.49,488.93,13.3638
86.825,57.5625,4.7641,57.6,286.6275,358.1312,571.75,2.6006,4.59,173.475,343.17,72.2798,710.24,19.4431,600.3,600.3,9.9799,66.2192,76.7759,2.6006,4.59,11.1282,15.7352,9.1124,173.474,343.17,710.24,72.1232,32.99,46.704,9.57,4.226,12.302,46.704,25.9955,14.9041,0.1786,0.1282,0.1307,0.1282,0.2085,0.1307,0.1973,0.124,539.88,276.15,359.05,84.5025,85.1175,85.245,82.2075,83.52,82.0575,42.9155,520.2,520,20.3465,517.49,488.93,13.3645
86.775,57.525,4.8016,57.5625,287.3025,358.3378,571.5,2.6008,4.59,173.691,343.17,72.2794,710.24,19.4419,600.3,600.3,9.9796,66.2196,76.7744,2.6008,4.59,11.1283,15.7354,9.1118,173.698,343.17,710.24,72.122,32.99,46.698,9.567,4.237,12.302,46.698,26.023,14.9041,0.1787,0.1282,0.1307,0.1282,0.2086,0.1307,0.1973,0.124,540.0,276.15,359.05,84.54,85.11,85.2075,82.1925,83.4825,82.065,42.9034,520.29,520,20.3464,517.49,488.93,13.3652
86.425,57.5625,3.9703,57.525,287.19,358.0279,571.55,2.6008,4.5925,173.6505,343.2,72.279,710.24,19.4429,600.12,600.12,9.9793,66.2196,76.7734,2.6008,4.5925,11.1246,15.7357,9.1118,173.642,343.2,710.24,72.1714,32.995,46.65,9.565,4.243,12.302,46.65,26.045,14.9041,0.1787,0.1282,0.1307,0.1282,0.2086,0.1307,0.1973,0.124,540.08,276.15,359.05,84.5625,85.14,85.2525,82.185,83.5275,82.08,42.8947,520.35,520,20.3464,517.49,488.93,13.3658
86.5,57.525,3.9703,57.6375,287.19,358.3723,571.45,2.6006,4.59,173.2995,343.17,72.2799,710.08,19.4431,600.06,600.06,9.9797,66.2195,76.7731,2.6006,4.59,11.1272,15.7329,9.1118,173.292,343.17,710.08,72.1707,32.995,46.578,9.564,4.246,12.302,46.578,26.045,14.9041,0.1787,0.1282,0.1307,0.1282,0.2086,0.1307,0.1974,0.124,540.16,276.15,359.05,84.5625,85.17,85.2975,82.185,83.5425,82.08,42.8821,520.44,520,20.3463,517.49,488.93,13.3665
86.75,57.5625,4.325,57.5625,286.5825,358.51,571.25,2.6002,4.59,173.9475,343.17,72.2798,710.08,19.4429,600.06,600.06,9.9796,66.2194,76.7739,2.6002,4.59,11.1273,15.7322,9.1113,173.95,343.17,710.08,72.1701,32.995,46.5,9.563,4.246,12.302,46.5,26.0285,14.9041,0.1787,0.1282,0.1308,0.1282,0.2087,0.1307,0.1975,0.124,540.24,276.2,359.05,84.555,85.1325,85.275,82.23,83.4975,82.0875,42.8803,520.44,520,20.3462,517.49,488.93,13.3672
86.2,57.5625,4.325,57.6,287.3925,358.2,571.4,2.6,4.59,173.7585,343.17,72.2797,710.08,19.4434,600.0,600.0,9.9795,66.2193,76.7744,2.6,4.59,11.1311,15.7314,9.1113,173.768,343.17,710.08,72.2201,33.0,46.368,9.563,4.241,12.302,46.368,26.001,14.9041,0.1786,0.1283,0.1308,0.1283,0.2089,0.1308,0.1976,0.124,540.28,276.2,359.05,84.5175,85.1025,85.245,82.29,83.49,82.0875,42.8747,520.47,520,20.3461,517.49,488.93,13.3678
86.2,57.5625,3.9688,57.525,286.8975,358.51,571.3,2.6,4.5875,173.6235,343.17,72.2802,710.0,19.4441,599.94,599.94,9.9802,66.2192,76.7744,2.6,4.5875,11.1287,15.7337,9.1108,173.628,343.17,710.0,72.2201,33.0,46.212,9.565,4.235,12.302,46.212,25.957,14.9041,0.1786,0.1283,0.1309,0.1283,0.209,0.1308,0.1978,0.1241,540.28,276.2,359.1,84.4875,85.095,85.215,82.3275,83.4675,82.0575,42.8766,520.44,520,20.3461,517.49,488.93,13.3685
86.95,57.5625,4.4078,57.525,286.83,358.1656,571.7,2.5998,4.585,173.8665,343.14,72.2802,710.0,19.4451,599.88,599.88,9.9804,66.2191,76.7751,2.5998,4.585,11.1288,15.7339,9.1102,173.866,343.14,710.0,72.2201,33.0,46.05,9.567,4.226,12.302,46.05,25.8855,14.9041,0.1785,0.1284,0.1309,0.1284,0.2092,0.1309,0.1979,0.1242,540.28,276.2,359.1,84.45,85.125,85.2075,82.3575,83.445,82.065,42.8786,520.41,520,20.346,517.52,488.93,13.3692
86.075,57.525,4.7984,57.525,287.505,357.7523,571.5,2.5996,4.5825,173.5965,343.14,72.2808,709.92,19.4464,599.82,599.82,9.9805,66.219,76.7761,2.5996,4.5825,11.1251,15.7342,9.1096,173.6,343.14,709.92,72.2201,33.0,45.858,9.57,4.214,12.302,45.858,25.803,14.9041,0.1784,0.1285,0.131,0.1285,0.2094,0.131,0.1981,0.1243,540.2,276.2,359.1,84.4275,85.1025,85.26,82.3875,83.415,82.02,42.8844,520.35,520,20.3459,517.52,488.93,13.3698
86.2,57.5625,4.0656,57.525,287.0325,357.9245,571.85,2.5994,4.5775,173.2185,343.11,72.2803,710.0,19.4486,599.7,599.7,9.9807,66.2197,76.7774,2.5994,4.5775,11.1277,15.7344,9.1096,173.208,343.11,710.0,72.2708,33.005,45.606,9.575,4.198,12.301,45.606,25.7095,14.9041,0.1784,0.1286,0.1311,0.1286,0.2095,0.1311,0.1984,0.1244,540.16,276.2,359.1,84.48,85.125,85.2825,82.41,83.415,81.9675,42.8905,520.29,520,20.3458,517.52,488.93,13.3705
86.025,57.6375,4.0656,57.525,287.1,357.7868,572.0,2.5996,4.575,173.475,343.08,72.2803,710.0,19.4491,599.76,599.76,9.9809,66.2199,76.7774,2.5996,4.575,11.1277,15.7347,9.1096,173.474,343.08,710.0,72.2714,33.005,45.39,9.58,4.183,12.301,45.39,25.583,14.9041,0.1782,0.1287,0.1313,0.1287,0.2098,0.1312,0.1986,0.1245,540.12,276.2,359.1,84.5175,85.1175,85.275,82.38,83.43,81.9375,42.9006,520.2,520,20.3458,517.52,488.93,13.3712
86.7,57.6,4.6703,57.6,287.415,358.5444,571.85,2.5994,4.5725,173.124,343.05,72.2809,709.92,19.4509,599.7,599.7,9.981,66.22,76.7786,2.5994,4.5725,11.1278,15.7349,9.1091,173.124,343.05,709.92,72.2214,33.0,45.162,9.586,4.164,12.301,45.162,25.4565,14.9041,0.178,0.1288,0.1314,0.1288,0.21,0.1314,0.1988,0.1247,540.0,276.2,359.1,84.5625,85.095,85.2675,82.3275,83.4375,81.975,42.9111,520.11,520,20.3457,517.52,488.96,13.3718
86.75,57.6,4.1516,57.5625,286.5375,357.7868,571.6,2.5994,4.57,173.286,343.05,72.281,709.92,19.4514,599.76,599.76,9.9812,66.2202,76.7794,2.5994,4.57,11.1279,15.7352,9.1091,173.292,343.05,709.92,72.2214,33.0,45.282,9.593,4.141,12.301,45.282,25.33,14.9041,0.1776,0.1288,0.1314,0.1289,0.2098,0.1314,0.1987,0.1247,539.92,276.2,359.1,84.5475,85.0875,85.2825,82.305,83.46,81.96,42.9182,520.05,520,20.3456,517.52,488.96,13.3725
86.3,57.525,4.1516,57.5625,287.1,358.1312,571.55,2.5994,4.57,173.7315,343.05,72.2812,709.92,19.4524,599.76,599.76,9.9814,66.2204,76.7801,2.5994,4.57,11.128,15.7354,9.1091,173.74,343.05,709.92,72.2214,33.0,45.354,9.595,4.104,12.301,45.354,25.308,14.9041,0.1772,0.1288,0.1314,0.1288,0.2098,0.1314,0.1986,0.1247,539.84,276.2,359.1,84.5475,85.0725,85.335,82.305,83.4975,81.915,42.9292,519.96,520,20.3455,517.52,488.96,13.3732
86.5,57.6,4.3812,57.5625,287.0325,358.3378,571.65,2.5994,4.5725,173.8125,343.05,72.2813,709.92,19.4511,599.94,599.94,9.9815,66.2206,76.7809,2.5994,4.5725,11.1281,15.7357,9.1096,173.81,343.05,709.92,72.2214,33.0,45.342,9.596,4.073,12.302,45.342,25.319,14.9041,0.1771,0.1287,0.1314,0.1288,0.2099,0.1314,0.1987,0.1247,539.76,276.2,359.15,84.585,85.065,85.3725,82.2975,83.475,81.9075,42.9407,519.87,520,20.3455,517.52,488.96,13.3738
86.75,57.525,4.1937,57.6,286.6275,358.1656,572.0,2.5994,4.57,173.826,343.05,72.2814,709.92,19.4521,599.88,599.88,9.9817,66.2207,76.7816,2.5994,4.57,11.1281,15.7329,9.1096,173.824,343.05,709.92,72.1707,32.995,45.27,9.598,4.068,12.302,45.27,25.33,14.9041,0.1773,0.1288,0.1314,0.1289,0.21,0.1314,0.1987,0.1247,539.68,276.2,359.15,84.6,85.11,85.3875,82.29,83.505,81.8925,42.9525,519.78,520,20.3454,517.52,488.96,13.3745
86.825,57.5625,4.0844,57.6,287.4825,358.6133,571.15,2.5998,4.57,173.502,343.05,72.2822,709.84,19.4534,599.82,599.82,9.9819,66.2209,76.7809,2.5998,4.57,11.1282,15.7322,9.1096,173.502,343.05,709.84,72.1701,32.995,45.168,9.6,4.084,12.302,45.168,25.308,14.9041,0.1776,0.1288,0.1315,0.1289,0.21,0.1314,0.1988,0.1247,539.56,276.25,359.15,84.6075,85.0875,85.4325,82.3275,83.5275,81.945,42.9609,519.72,520,20.3453,517.52,488.93,13.3752
86.925,57.5625,4.3891,57.525,286.9425,357.7179,571.95,2.5998,4.5675,173.232,343.02,72.2824,709.84,19.4541,599.82,599.82,9.982,66.2211,76.7811,2.5998,4.5675,11.1283,15.7314,9.1096,173.236,343.02,709.84,72.1695,32.995,45.09,9.603,4.102,12.302,45.09,25.264,14.9041,0.1778,0.1289,0.1315,0.129,0.2101,0.1315,0.1989,0.1248,539.52,276.25,359.15,84.615,85.0425,85.425,82.3575,83.4975,81.9075,42.9695,519.66,520,20.3452,517.52,488.93,13.3758
86.675,57.6,4.5,57.5625,286.92,358.5789,571.8,2.5998,4.57,173.475,343.05,72.2827,709.84,19.4541,599.88,599.88,9.9822,66.2212,76.7814,2.5998,4.57,11.1284,15.7337,9.1096,173.474,343.05,709.84,72.1689,32.995,45.336,9.605,4.109,12.302,45.336,25.2145,14.9041,0.1775,0.1288,0.1315,0.1289,0.2098,0.1314,0.1987,0.1248,539.44,276.25,359.15,84.63,84.9975,85.365,82.395,83.475,81.8625,42.9747,519.63,520,20.3451,517.52,488.93,13.3765
86.825,57.525,4.6234,57.525,287.325,358.6133,571.25,2.6,4.57,173.961,343.05,72.2823,709.92,19.4539,599.94,599.94,9.9824,66.2214,76.7809,2.6,4.57,11.1284,15.7339,9.1102,173.964,343.05,709.92,72.1176,32.99,45.498,9.604,4.093,12.302,45.498,25.264,14.9041,0.1772,0.1288,0.1314,0.1288,0.2098,0.1314,0.1985,0.1247,539.44,276.25,359.15,84.6675,85.0275,85.3575,82.4175,83.5125,81.885,42.9799,519.6,520,20.3451,517.49,488.93,13.3772
86.275,57.6,4.7125,57.6,286.5825,358.0279,571.75,2.6,4.5725,173.6235,343.05,72.2824,709.92,19.4534,600.0,600.0,9.9825,66.2216,76.7809,2.6,4.5725,11.1285,15.7342,9.1102,173.628,343.05,709.92,72.1163,32.99,45.528,9.602,4.077,12.302,45.528,25.3355,14.9041,0.1773,0.1287,0.1314,0.1288,0.2097,0.1314,0.1985,0.1246,539.4,276.25,359.15,84.6225,85.0125,85.3425,82.3725,83.5275,81.87,42.9815,519.6,520,20.345,517.49,488.93,13.3778
86.475,57.6,4.6766,57.6,287.1225,358.0279,571.7,2.6,4.5725,174.177,343.05,72.2825,709.92,19.4534,600.0,600.0,9.9827,66.221,76.7809,2.6,4.5725,11.1286,15.7344,9.1108,174.174,343.05,709.92,72.1151,32.99,45.528,9.601,4.085,12.303,45.528,25.385,14.9041,0.1776,0.1287,0.1313,0.1288,0.2098,0.1313,0.1985,0.1246,539.4,276.25,359.15,84.615,85.065,85.3425,82.365,83.565,81.84,42.9869,519.57,520,20.3449,517.49,488.93,13.3785
86.275,57.525,4.475,57.6,287.415,358.0279,572.05,2.6,4.5725,173.9745,343.05,72.2826,709.92,19.4541,599.94,599.94,9.9829,66.2216,76.7809,2.6,4.5725,11.1287,15.7347,9.1102,173.978,343.05,709.92,72.1138,32.99,45.402,9.6,4.107,12.303,45.402,25.4015,14.9127,0.1779,0.1288,0.1314,0.1288,0.2098,0.1314,0.1986,0.1247,539.36,276.25,359.2,84.6675,85.0425,85.32,82.4025,83.5575,81.855,42.9924,519.54,520,20.3448,517.49,488.93,13.3792
86.45,57.525,4.3625,57.5625,286.8075,358.0623,571.55,2.5998,4.57,173.9205,343.05,72.2834,709.84,19.4551,599.88,599.88,9.983,66.2218,76.7816,2.5998,4.57,11.1288,15.7349,9.1102,173.922,343.05,709.84,72.1126,32.99,45.228,9.602,4.133,12.303,45.228,25.374,14.913,0.1782,0.1289,0.1314,0.1289,0.2101,0.1314,0.1988,0.1247,539.32,276.25,359.2,84.69,85.02,85.365,82.425,83.535,81.8775,43.0624,519.48,535,20.3448,517.49,488.93,13.3798
86.35,57.5625,4.4172,57.5625,287.235,358.4756,571.7,2.5996,4.5675,173.6775,343.02,72.2836,709.84,19.4564,599.82,599.82,9.9832,66.222,76.7826,2.5996,4.5675,11.1288,15.7352,9.1096,173.67,343.02,709.84,72.1113,32.99,45.03,9.605,4.149,12.303,45.03,25.297,14.9133,0.1783,0.129,0.1315,0.129,0.2102,0.1315,0.199,0.1248,539.24,276.25,359.2,84.645,84.9975,85.32,82.4025,83.55,81.9,43.1326,519.42,535,20.3447,517.49,488.93,13.3805
86.35,57.5625,4.1594,57.6,287.505,357.9934,571.7,2.5994,4.565,173.8125,343.02,72.2845,709.76,19.4579,599.76,599.76,9.9834,66.2221,76.7839,2.5994,4.565,11.1289,15.7354,9.1091,173.824,343.02,709.76,72.1101,32.99,44.904,9.609,4.149,12.305,44.904,25.187,14.9049,0.1782,0.129,0.1316,0.1291,0.2103,0.1316,0.1991,0.1249,539.2,276.25,359.2,84.615,84.9825,85.2975,82.425,83.565,81.9075,43.2031,519.36,535,20.3446,517.49,488.93,13.3812
86.275,57.6,4.1469,57.5625,287.4375,358.2,571.65,2.5994,4.5625,173.2995,342.99,72.2849,709.76,19.4574,599.88,599.88,9.9843,66.2223,76.7846,2.5994,4.5625,11.129,15.7357,9.1086,173.292,342.99,709.76,72.1088,32.99,44.772,9.613,4.131,12.305,44.772,25.0935,14.9049,0.1779,0.1291,0.1317,0.1292,0.2104,0.1317,0.1992,0.125,539.12,276.25,359.2,84.6225,84.96,85.3275,82.4025,83.535,81.9375,43.27,519.33,535,20.3445,517.49,488.93,13.3818
86.625,57.6,4.3625,57.5625,287.01,358.0279,572.0,2.5996,4.565,173.6505,343.02,72.2853,709.76,19.4556,600.06,600.06,9.9839,66.2225,76.7846,2.5996,4.565,11.1291,15.7329,9.1091,173.656,343.02,709.76,72.057,32.985,45.294,9.618,4.106,12.305,45.294,25.0055,14.9049,0.1772,0.1289,0.1316,0.1291,0.2099,0.1316,0.1987,0.1249,539.08,276.25,359.2,84.6375,84.99,85.35,82.3575,83.5725,81.93,43.3296,519.36,535,20.3445,517.49,488.93,13.3825
86.525,57.5625,4.3109,57.6,287.01,357.9934,571.55,2.5998,4.57,173.691,343.05,72.2844,709.92,19.4539,600.18,600.18,9.9841,66.2226,76.7844,2.5998,4.57,11.1292,15.7322,9.1096,173.684,343.05,709.92,72.0551,32.985,45.654,9.613,4.06,12.303,45.654,25.132,14.9049,0.1767,0.1287,0.1314,0.1289,0.2096,0.1314,0.1984,0.1247,539.12,276.3,359.2,84.675,84.9975,85.2975,82.32,83.535,81.8925,43.3815,519.45,535,20.3444,517.49,488.93,13.3832
86.675,57.525,3.9937,57.5625,287.1,358.1312,571.25,2.6002,4.575,173.3265,343.08,72.2839,710.0,19.4516,600.3,600.3,9.9835,66.2221,76.7831,2.6002,4.575,11.1292,15.7314,9.1108,173.32,343.08,710.0,72.0532,32.985,45.984,9.606,4.037,12.303,45.984,25.308,14.9049,0.1769,0.1286,0.1313,0.1287,0.2092,0.1313,0.198,0.1245,539.24,276.3,359.2,84.6375,84.975,85.2675,82.365,83.5575,81.93,43.4218,519.63,535,20.3443,517.46,488.9,13.3838
86.6,57.5625,4.7828,57.6,287.3925,358.4411,571.25,2.6006,4.58,173.8125,343.11,72.282,710.24,19.4489,600.42,600.42,9.9834,66.222,76.7814,2.6006,4.58,11.1293,15.7337,9.1113,173.824,343.11,710.24,72.0007,32.98,46.314,9.599,4.066,12.303,46.314,25.4895,14.9049,0.1775,0.1285,0.1311,0.1285,0.209,0.131,0.1977,0.1244,539.4,276.3,359.2,84.6225,84.9975,85.2525,82.3575,83.505,81.9,43.4613,519.81,535,20.3442,517.46,488.9,13.3845
86.6,57.525,3.9984,57.6,287.4375,358.5444,571.8,2.6008,4.585,174.069,343.14,72.2823,710.16,19.4479,600.36,600.36,9.9826,66.2212,76.7799,2.6008,4.585,11.1294,15.7339,9.1124,174.062,343.14,710.16,72.0489,32.985,46.578,9.59,4.124,12.303,46.578,25.671,14.9049,0.1782,0.1284,0.1309,0.1284,0.2087,0.1309,0.1974,0.1242,539.6,276.3,359.2,84.6225,85.035,85.26,82.305,83.4675,81.885,43.4964,520.02,535,20.3442,517.46,488.9,13.3852
86.725,57.5625,4.5109,57.525,287.37,358.0967,571.65,2.601,4.59,173.4885,343.17,72.2814,710.24,19.4449,600.48,600.48,9.9823,66.2208,76.7781,2.601,4.59,11.1295,15.7342,9.1129,173.488,343.17,710.24,72.047,32.985,46.776,9.583,4.189,12.303,46.776,25.836,14.9049,0.1788,0.1283,0.1308,0.1283,0.2084,0.1308,0.1972,0.124,539.8,276.3,359.2,84.66,85.0575,85.26,82.335,83.4975,81.9375,43.5269,520.26,535,20.3441,517.46,488.9,13.3858
86.975,57.5625,4.5109,57.5625,286.6725,357.8212,571.85,2.6012,4.5925,173.853,343.2,72.281,710.24,19.4444,600.36,600.36,9.9819,66.2205,76.7761,2.6012,4.5925,11.1295,15.7344,9.1129,173.852,343.2,710.24,72.0957,32.99,46.95,9.575,4.246,12.303,46.95,25.968,14.9049,0.1792,0.1282,0.1307,0.1281,0.2083,0.1306,0.197,0.1239,540.08,276.3,359.2,84.6825,85.0875,85.305,82.3275,83.5425,81.93,43.5526,520.53,535,20.344,517.46,488.9,13.3865
86.625,57.6,4.7766,57.525,287.19,357.6835,571.8,2.601,4.595,173.016,343.2,72.28,710.32,19.4421,600.42,600.42,9.9816,66.2201,76.7754,2.601,4.595,11.1296,15.7347,9.1129,173.012,343.2,710.32,72.0945,32.99,47.058,9.568,4.289,12.303,47.058,26.0725,14.9049,0.1796,0.1282,0.1306,0.128,0.2081,0.1306,0.1969,0.1239,540.32,276.3,359.25,84.7125,85.125,85.275,82.2825,83.565,81.8925,43.5735,520.83,535,20.3439,517.49,488.9,13.3872
86.425,57.5625,4.1891,57.525,286.5825,358.2689,571.45,2.601,4.5975,173.5965,343.23,72.2795,710.32,19.4419,600.3,600.3,9.9813,66.2191,76.7741,2.601,4.5975,11.1297,15.7349,9.1129,173.586,343.23,710.32,72.1438,32.995,47.19,9.563,4.322,12.303,47.19,26.166,14.9049,0.1798,0.1281,0.1305,0.1279,0.208,0.1305,0.1968,0.1238,540.64,276.3,359.25,84.675,85.095,85.3125,82.2975,83.5875,81.8625,43.5969,521.1,535,20.3439,517.49,488.9,13.3878
86.55,57.5625,4.1891,57.525,287.1225,357.959,571.75,2.6012,4.6,173.1375,343.23,72.2784,710.4,19.4399,600.36,600.36,9.9802,66.2185,76.7721,2.6012,4.6,11.1298,15.7352,9.1135,173.138,343.23,710.4,72.1938,33.0,47.268,9.556,4.346,12.302,47.268,26.2485,14.9049,0.18,0.128,0.1304,0.1279,0.2078,0.1304,0.1967,0.1237,540.92,276.3,359.25,84.705,85.065,85.32,82.3125,83.5725,81.87,43.6155,521.4,535,20.3438,517.49,488.93,13.3885
86.6,57.6,4.8312,57.6,287.3025,358.51,571.05,2.6014,4.6,173.1375,343.26,72.2778,710.4,19.4384,600.36,600.36,9.9796,66.2179,76.7699,2.6014,4.6,11.1299,15.7354,9.114,173.138,343.26,710.4,72.2445,33.005,47.346,9.551,4.366,12.302,47.346,26.331,14.9049,0.1801,0.128,0.1304,0.1278,0.2078,0.1303,0.1966,0.1236,541.24,276.3,359.25,84.7275,85.0875,85.35,82.275,83.565,81.9,43.6366,521.67,535,20.3437,517.49,488.93,13.3892
86.9,57.5625,4.8312,57.5625,286.965,358.4411,571.55,2.601,4.6025,173.6235,343.26,72.2778,710.32,19.4369,600.36,600.36,9.979,66.2181,76.7696,2.601,4.6025,11.1299,15.7357,9.1129,173.614,343.26,710.32,72.2957,33.01,47.4,9.546,4.384,12.302,47.4,26.3915,14.9049,0.1803,0.128,0.1303,0.1277,0.2078,0.1303,0.1966,0.1236,541.52,276.3,359.25,84.765,85.0725,85.3725,82.29,83.6025,81.945,43.6604,521.91,535,20.3436,517.49,488.93,13.3898
86.75,57.525,4.6,57.5625,287.0775,358.5789,571.95,2.601,4.605,173.583,343.26,72.2773,710.32,19.4369,600.24,600.24,9.9784,66.2177,76.7684,2.601,4.605,11.13,15.7329,9.1129,173.586,343.26,710.32,72.3476,33.015,47.406,9.541,4.4,12.302,47.406,26.452,14.9049,0.1804,0.1279,0.1303,0.1277,0.2078,0.1302,0.1966,0.1235,541.8,276.3,359.25,84.735,85.05,85.395,82.29,83.5875,81.9,43.6833,522.15,535,20.3435,517.52,488.93,13.3905
86.775,57.6375,4.3906,57.5625,286.6725,358.2345,571.85,2.6006,4.605,173.8395,343.29,72.2768,710.32,19.4359,600.24,600.24,9.9786,66.2174,76.7686,2.6006,4.605,11.1301,15.7322,9.1129,173.838,343.29,710.32,72.4001,33.02,47.37,9.538,4.415,12.302,47.37,26.496,14.9049,0.1806,0.1279,0.1303,0.1277,0.2078,0.1302,0.1966,0.1235,542.0,276.3,359.25,84.6825,85.02,85.4325,82.3275,83.5425,81.9525,43.7126,522.33,535,20.3435,517.52,488.96,13.3912
86.325,57.6,4.7953,57.5625,287.3925,357.8557,571.6,2.6006,4.605,173.988,343.29,72.2763,710.32,19.4356,600.18,600.18,9.9783,66.2171,76.7679,2.6006,4.605,11.1302,15.7314,9.1129,173.992,343.29,710.32,72.4532,33.025,47.28,9.535,4.43,12.301,47.28,26.5125,14.9049,0.1807,0.1279,0.1303,0.1277,0.2079,0.1302,0.1967,0.1235,542.2,276.3,359.25,84.6975,85.0425,85.3725,82.3425,83.5125,81.96,43.745,522.48,535,20.3434,517.55,488.96,13.3918
86.5,57.5625,3.975,57.6,287.0775,358.4067,571.55,2.6004,4.6025,173.8935,343.26,72.2757,710.32,19.4356,600.12,600.12,9.9779,66.2167,76.7679,2.6004,4.6025,11.1265,15.7337,9.1124,173.894,343.26,710.32,72.507,33.03,47.142,9.534,4.442,12.301,47.142,26.5015,14.9049,0.1809,0.128,0.1303,0.1277,0.2081,0.1302,0.1968,0.1235,542.4,276.3,359.25,84.6825,85.035,85.38,82.2975,83.5125,81.9825,43.7768,522.63,535,20.3433,517.55,488.96,13.3925
86.525,57.5625,3.975,57.6,286.695,357.9245,570.9,2.6004,4.6025,173.88,343.26,72.2752,710.32,19.4359,600.06,600.06,9.9784,66.2164,76.7674,2.6004,4.6025,11.1253,15.7339,9.1124,173.88,343.26,710.32,72.5614,33.035,46.968,9.535,4.452,12.301,46.968,26.463,14.9049,0.1811,0.1281,0.1304,0.1278,0.2082,0.1303,0.197,0.1236,542.52,276.35,359.25,84.6975,85.065,85.4175,82.305,83.5125,81.9975,43.8118,522.75,535,20.3432,517.58,488.99,13.3932
86.9,57.5625,4.6094,57.5625,286.875,357.959,571.5,2.6002,4.6,173.5425,343.23,72.2754,710.24,19.4364,600.0,600.0,9.9783,66.2161,76.7676,2.6002,4.6,11.1242,15.7342,9.1118,173.53,343.23,710.24,72.6164,33.04,46.77,9.536,4.456,12.301,46.77,26.397,14.9049,0.1811,0.1281,0.1304,0.1279,0.2084,0.1304,0.1972,0.1237,542.64,276.35,359.3,84.675,85.0275,85.3875,82.305,83.5425,82.005,43.8463,522.87,535,20.3432,517.58,488.99,13.3938
86.85,57.6,4.6094,57.5625,286.7625,358.0967,571.0,2.6,4.5975,173.502,343.23,72.2756,710.16,19.4371,599.94,599.94,9.9782,66.2157,76.7681,2.6,4.5975,11.1267,15.7344,9.1113,173.502,343.23,710.16,72.672,33.045,46.572,9.539,4.455,12.301,46.572,26.3145,14.9049,0.1811,0.1282,0.1305,0.128,0.2086,0.1305,0.1974,0.1238,542.76,276.35,359.3,84.66,85.065,85.35,82.305,83.5425,81.99,43.884,522.96,535,20.3431,517.61,489.02,13.3945
86.9,57.6,4.3438,57.5625,286.65,358.51,571.3,2.5998,4.5925,173.583,343.2,72.2754,710.16,19.4389,599.82,599.82,9.9781,66.2161,76.7689,2.5998,4.5925,11.1268,15.7347,9.1108,173.586,343.2,710.16,72.7282,33.05,46.368,9.543,4.447,12.301,46.368,26.21,14.9049,0.1811,0.1283,0.1306,0.1281,0.2088,0.1306,0.1976,0.1239,542.88,276.35,359.3,84.66,85.0425,85.3425,82.3575,83.5275,82.035,43.9251,523.02,535,20.343,517.61,489.02,13.3952
86.0,57.6,4.2734,57.5625,286.875,358.0623,571.4,2.5996,4.59,173.7045,343.17,72.2757,710.08,19.4404,599.76,599.76,9.9788,66.2161,76.7699,2.5996,4.59,11.1306,15.7349,9.1108,173.698,343.17,710.08,72.7851,33.055,46.152,9.548,4.436,12.301,46.152,26.1,14.9049,0.181,0.1284,0.1308,0.1282,0.209,0.1307,0.1978,0.124,542.92,276.35,359.3,84.6675,85.02,85.32,82.3875,83.49,81.99,43.9698,523.05,535,20.3429,517.64,489.05,13.3958
86.55,57.5625,4.5219,57.6,287.3025,358.1312,571.1,2.5994,4.5875,173.1915,343.17,72.2762,710.0,19.4421,599.7,599.7,9.9789,66.216,76.7711,2.5994,4.5875,11.1282,15.7352,9.1102,173.194,343.17,710.0,72.8426,33.06,45.936,9.553,4.422,12.301,45.936,25.99,14.9049,0.181,0.1285,0.1309,0.1283,0.2092,0.1309,0.198,0.1241,542.96,276.35,359.3,84.6525,84.99,85.275,82.395,83.49,82.035,44.0143,523.08,535,20.3429,517.64,489.05,13.3965
86.425,57.5625,4.2375,57.525,286.8075,358.1656,571.5,2.5992,4.5825,173.502,343.14,72.2762,710.0,19.4441,599.64,599.64,9.9791,66.2159,76.7726,2.5992,4.5825,11.1283,15.7354,9.1096,173.502,343.14,710.0,72.8501,33.06,45.75,9.56,4.408,12.301,45.75,25.869,14.9049,0.1808,0.1286,0.131,0.1284,0.2094,0.131,0.1982,0.1242,543.0,276.35,359.3,84.645,85.02,85.2375,82.395,83.52,82.005,44.0587,523.11,535,20.3428,517.67,489.08,13.3972
86.15,57.6,4.1922,57.525,286.9875,357.959,571.3,2.599,4.58,173.448,343.11,72.2769,709.92,19.4449,599.7,599.7,9.9793,66.2166,76.7744,2.599,4.58,11.1246,15.7357,9.1091,173.446,343.11,709.92,72.9082,33.065,45.564,9.565,4.391,12.301,45.564,25.7535,14.9049,0.1807,0.1287,0.1311,0.1285,0.2096,0.131,0.1984,0.1244,543.0,276.35,359.3,84.6375,85.0425,85.2675,82.3575,83.5275,81.9675,44.1105,523.08,535,20.3427,517.67,489.08,13.3978
86.6,57.5625,4.8422,57.525,286.74,358.4411,571.15,2.5994,4.5775,173.988,343.08,72.2776,709.84,19.4469,599.64,599.64,9.9802,66.2167,76.7741,2.5994,4.5775,11.1272,15.7329,9.1096,173.992,343.08,709.84,72.9163,33.065,45.396,9.572,4.374,12.302,45.396,25.6435,14.9049,0.1806,0.1288,0.1312,0.1286,0.2098,0.1312,0.1986,0.1245,543.0,276.35,359.3,84.66,85.0275,85.23,82.35,83.5275,81.9525,44.1624,523.05,535,20.3426,517.7,489.11,13.3985
86.7,57.5625,4.8422,57.525,286.65,357.649,571.4,2.5992,4.575,173.8935,343.08,72.2779,709.84,19.4491,599.58,599.58,9.9806,66.2169,76.7756,2.5992,4.575,11.1273,15.7322,9.1086,173.894,343.08,709.84,72.9751,33.07,45.21,9.578,4.359,12.302,45.21,25.539,14.9049,0.1806,0.1289,0.1313,0.1287,0.21,0.1313,0.1988,0.1246,542.96,276.35,359.3,84.6075,85.08,85.2,82.3125,83.4825,81.96,44.2182,522.99,535,20.3426,517.7,489.11,13.3992
86.55,57.6,4.5484,57.5625,287.3025,357.5113,571.25,2.599,4.5725,174.0825,343.05,72.2787,709.76,19.4516,599.52,599.52,9.981,66.2171,76.7774,2.599,4.5725,11.1311,15.7314,9.1086,174.076,343.05,709.76,72.9838,33.07,45.03,9.584,4.347,12.302,45.03,25.44,14.9049,0.1806,0.129,0.1314,0.1288,0.2102,0.1314,0.199,0.1247,542.92,276.35,359.35,84.6,85.08,85.185,82.32,83.49,81.96,44.2743,522.93,535,20.3425,517.73,489.14,13.3998
86.75,57.5625,3.9109,57.6,287.19,357.8901,570.9,2.5988,4.5675,173.7315,343.02,72.2797,709.68,19.4529,599.58,599.58,9.9814,66.218,76.7794,2.5988,4.5675,11.1287,15.7337,9.108,173.726,343.02,709.68,72.9926,33.07,44.85,9.591,4.337,12.303,44.85,25.3355,14.9049,0.1806,0.1291,0.1315,0.1289,0.2104,0.1314,0.1991,0.1248,542.84,276.35,359.35,84.5625,85.095,85.215,82.3125,83.46,82.0125,44.3305,522.87,535,20.3424,517.73,489.14,13.4005
86.125,57.6,3.9109,57.5625,286.5375,357.6146,571.3,2.599,4.565,173.1105,343.02,72.2803,709.68,19.4554,599.52,599.52,9.9819,66.2184,76.7801,2.599,4.565,11.1288,15.7339,9.108,173.11,343.02,709.68,73.0014,33.07,44.718,9.597,4.328,12.303,44.718,25.231,14.9049,0.1805,0.1292,0.1316,0.1291,0.2105,0.1316,0.1993,0.1249,542.8,276.4,359.35,84.5325,85.125,85.245,82.26,83.4525,82.0275,44.3796,522.87,535,20.3423,517.76,489.17,13.4012
86.9,57.525,4.3719,57.5625,286.965,357.8557,570.85,2.599,4.565,173.016,343.02,72.2814,709.6,19.4551,599.7,599.7,9.9823,66.2188,76.7814,2.599,4.565,11.1259,15.7342,9.108,173.012,343.02,709.6,73.0607,33.075,44.814,9.603,4.318,12.303,44.814,25.1375,14.9049,0.1803,0.1292,0.1316,0.1291,0.2103,0.1316,0.1992,0.1249,542.76,276.4,359.35,84.5625,85.11,85.2675,82.3125,83.49,81.9825,44.4248,522.9,535,20.3422,517.76,489.17,13.4018
86.825,57.525,4.3719,57.525,286.65,357.5457,571.55,2.599,4.565,173.2995,343.02,72.2814,709.68,19.4556,599.76,599.76,9.9819,66.2192,76.7826,2.599,4.565,11.1279,15.7344,9.108,173.306,343.02,709.68,73.0701,33.075,44.97,9.605,4.3,12.304,44.97,25.1155,14.9136,0.1801,0.1292,0.1316,0.1291,0.2102,0.1316,0.1991,0.1249,542.8,276.4,359.35,84.5475,85.065,85.305,82.275,83.5275,82.02,44.4699,522.93,535,20.3422,517.79,489.2,13.4025
86.525,57.5625,3.9828,57.6,286.9425,358.3378,571.35,2.5998,4.5675,173.2185,343.02,72.2806,709.84,19.4536,600.0,600.0,9.9821,66.2197,76.7809,2.5998,4.5675,11.128,15.7347,9.1091,173.222,343.02,709.84,73.0795,33.075,45.132,9.606,4.284,12.305,45.132,25.154,14.9138,0.1801,0.1291,0.1315,0.129,0.2101,0.1315,0.1989,0.1248,542.84,276.4,359.35,84.5175,85.02,85.335,82.29,83.535,82.005,44.5074,523.02,535,20.3421,517.79,489.2,13.4032
86.225,57.5625,4.775,57.525,286.695,358.0967,571.75,2.5998,4.57,173.583,343.05,72.2809,709.84,19.4529,600.06,600.06,9.9823,66.2201,76.7811,2.5998,4.57,11.1281,15.7349,9.1096,173.586,343.05,709.84,73.0889,33.075,45.312,9.605,4.285,12.305,45.312,25.2255,14.9141,0.1802,0.129,0.1315,0.1289,0.2099,0.1314,0.1987,0.1247,542.92,276.4,359.35,84.57,85.065,85.2975,82.2825,83.5575,81.99,44.5446,523.11,535,20.342,517.82,489.23,13.4038
86.225,57.6,4.2109,57.525,286.875,358.2,571.1,2.6,4.5725,174.042,343.05,72.2805,709.92,19.4519,600.12,600.12,9.9824,66.2197,76.7806,2.6,4.5725,11.1282,15.7352,9.1096,174.048,343.05,709.92,73.0982,33.075,45.48,9.602,4.302,12.308,45.48,25.308,14.9144,0.1804,0.129,0.1314,0.1288,0.2098,0.1314,0.1986,0.1246,543.04,276.4,359.35,84.5775,85.02,85.305,82.2375,83.5425,81.945,44.5813,523.2,535,20.3419,517.82,489.23,13.4045
86.9,57.5625,4.2109,57.6,286.92,358.4756,570.75,2.6002,4.575,173.2725,343.08,72.28,710.0,19.4529,600.0,600.0,9.9826,66.2199,76.7799,2.6002,4.575,11.1282,15.7354,9.1102,173.278,343.08,710.0,73.1076,33.075,45.612,9.599,4.329,12.308,45.612,25.4015,14.9147,0.1808,0.1289,0.1313,0.1287,0.2096,0.1313,0.1984,0.1245,543.12,276.4,359.35,84.54,85.0725,85.3425,82.23,83.52,81.945,44.6102,523.35,535,20.3419,517.85,489.26,13.4052
86.975,57.5625,4.5234,57.6,286.515,358.0967,571.15,2.6002,4.5775,174.2175,343.08,72.28,710.0,19.4521,600.06,600.06,9.982,66.2193,76.7796,2.6002,4.5775,11.1283,15.7357,9.1108,174.216,343.08,710.0,73.1676,33.08,45.756,9.596,4.361,12.308,45.756,25.484,14.9149,0.1811,0.1289,0.1312,0.1287,0.2096,0.1312,0.1983,0.1245,543.28,276.4,359.35,84.5175,85.095,85.35,82.215,83.5125,81.9225,44.646,523.44,535,20.3418,517.85,489.26,13.4165
86.775,57.6,4.4203,57.5625,287.325,357.6146,571.15,2.6004,4.5775,174.015,343.11,72.28,710.0,19.4519,600.06,600.06,9.9819,66.22,76.7786,2.6004,4.5775,11.1284,15.7329,9.1108,174.02,343.11,710.0,73.1776,33.08,45.828,9.592,4.39,12.309,45.828,25.5555,14.9152,0.1814,0.1288,0.1312,0.1286,0.2095,0.1311,0.1982,0.1244,543.36,276.4,359.35,84.5625,85.1325,85.3725,82.2525,83.5275,81.975,44.6777,523.56,535,20.3417,517.88,489.29,13.4178
86.825,57.525,4.6,57.525,287.0775,357.7523,571.4,2.6,4.58,173.853,343.11,72.2806,709.92,19.4509,600.12,600.12,9.9819,66.2202,76.7796,2.6,4.58,11.1285,15.7322,9.1102,173.852,343.11,709.92,73.2382,33.085,45.87,9.589,4.418,12.309,45.87,25.6215,14.9155,0.1817,0.1288,0.1311,0.1286,0.2094,0.1311,0.1982,0.1244,543.52,276.4,359.35,84.555,85.14,85.365,82.245,83.5125,81.9375,44.7051,523.71,535,20.3416,517.91,489.29,13.4192
86.0,57.6375,4.3719,57.525,286.9875,357.6146,570.75,2.6,4.58,174.015,343.11,72.2807,709.92,19.4504,600.12,600.12,9.9818,66.2203,76.7796,2.6,4.58,11.1286,15.7314,9.1102,174.02,343.11,709.92,73.2995,33.09,45.888,9.587,4.443,12.31,45.888,25.66,14.9158,0.1819,0.1288,0.1311,0.1285,0.2094,0.131,0.1982,0.1244,543.64,276.4,359.4,84.5625,85.0875,85.38,82.29,83.5125,81.99,44.732,523.86,535,20.3416,517.91,489.32,13.4205
86.825,57.525,4.5797,57.6,287.235,357.4768,571.4,2.6,4.58,174.0285,343.11,72.2809,709.92,19.4499,600.12,600.12,9.9817,66.2205,76.7796,2.6,4.58,11.1286,15.7337,9.1102,174.02,343.11,709.92,73.3108,33.09,45.876,9.585,4.464,12.311,45.876,25.6765,14.9161,0.1821,0.1288,0.1311,0.1285,0.2094,0.131,0.1982,0.1244,543.8,276.45,359.4,84.5475,85.125,85.4175,82.335,83.5275,81.945,44.7619,523.98,535,20.3415,517.94,489.32,13.4218
86.8,57.6,4.5281,57.525,287.01,358.0623,571.6,2.6,4.58,174.042,343.11,72.2797,710.08,19.4501,600.06,600.06,9.9816,66.2199,76.7796,2.6,4.58,11.1287,15.7339,9.1113,174.048,343.11,710.08,73.3726,33.095,45.84,9.584,4.481,12.311,45.84,25.693,14.9163,0.1823,0.1289,0.1311,0.1285,0.2095,0.131,0.1982,0.1244,543.92,276.45,359.45,84.6,85.08,85.395,82.35,83.52,81.9675,44.7914,524.1,535,20.3414,517.97,489.35,13.4232
86.675,57.6,4.3922,57.6,286.47,357.8557,571.55,2.6,4.58,173.8665,343.11,72.2796,710.08,19.4499,600.06,600.06,9.9815,66.2198,76.7796,2.6,4.58,11.1288,15.7342,9.1108,173.866,343.11,710.08,73.4351,33.1,45.786,9.583,4.495,12.312,45.786,25.693,14.9252,0.1824,0.1289,0.1311,0.1285,0.2095,0.131,0.1983,0.1244,544.04,276.5,359.45,84.5775,85.1025,85.3725,82.3575,83.4825,81.9675,44.8204,524.22,535,20.3413,517.97,489.35,13.4245
86.575,57.6,4.55,57.525,286.965,357.9934,571.5,2.6,4.58,173.907,343.11,72.2801,710.0,19.4519,599.88,599.88,9.9814,66.2197,76.7796,2.6,4.58,11.1289,15.7344,9.1108,173.908,343.11,710.0,73.4982,33.105,45.726,9.583,4.505,12.312,45.726,25.6765,14.9258,0.1825,0.1289,0.1311,0.1286,0.2096,0.1311,0.1983,0.1244,544.16,276.5,359.5,84.585,85.095,85.3725,82.35,83.5275,81.975,44.8527,524.31,535,20.3413,518.0,489.38,13.4258
86.875,57.5625,4.7391,57.5625,287.28,358.2345,570.95,2.5998,4.5775,173.178,343.11,72.2814,709.84,19.4509,600.0,600.0,9.9821,66.2204,76.7804,2.5998,4.5775,11.1289,15.7347,9.1096,173.18,343.11,709.84,73.562,33.11,45.654,9.584,4.511,12.312,45.654,25.6545,14.9263,0.1826,0.1289,0.1312,0.1286,0.2096,0.1311,0.1984,0.1244,544.28,276.5,359.5,84.5775,85.0725,85.35,82.3275,83.475,82.0125,44.8771,524.46,535,20.3412,518.03,489.41,13.4272
86.4,57.6,3.9031,57.5625,287.055,358.0967,571.05,2.5998,4.5775,173.475,343.08,72.2816,709.84,19.4531,599.82,599.82,9.9823,66.2206,76.7806,2.5998,4.5775,11.129,15.7349,9.1096,173.474,343.08,709.84,73.5757,33.11,45.624,9.584,4.514,12.314,45.624,25.6215,14.9183,0.1826,0.129,0.1312,0.1286,0.2096,0.1311,0.1984,0.1245,544.44,276.5,359.5,84.6075,85.1175,85.3875,82.2825,83.505,82.02,44.9047,524.58,535,20.3411,518.03,489.41,13.4285
86.3,57.525,4.5938,57.6,286.9875,357.9934,571.6,2.5998,4.5775,173.2725,343.08,72.2806,710.0,19.4516,600.0,600.0,9.9824,66.2207,76.7809,2.5998,4.5775,11.1291,15.7352,9.1096,173.278,343.08,710.0,73.6401,33.115,45.594,9.585,4.512,12.314,45.594,25.5885,14.9185,0.1826,0.129,0.1312,0.1286,0.2096,0.1312,0.1984,0.1245,544.56,276.55,359.5,84.6075,85.0725,85.35,82.2975,83.4975,81.9975,44.9318,524.7,535,20.341,518.06,489.44,13.4298
86.225,57.6,4.5938,57.525,286.7625,358.2,570.8,2.6002,4.5775,174.1365,343.08,72.2806,710.0,19.4516,600.0,600.0,9.9826,66.2202,76.7796,2.6002,4.5775,11.1292,15.7354,9.1108,174.132,343.08,710.0,73.7051,33.12,45.57,9.586,4.51,12.314,45.57,25.572,14.9188,0.1826,0.129,0.1312,0.1287,0.2098,0.1312,0.1985,0.1245,544.68,276.55,359.55,84.63,85.095,85.305,82.2975,83.52,82.05,44.9659,524.76,535,20.341,518.09,489.47,13.4312
86.2,57.5625,4.3172,57.6,287.235,358.2345,570.8,2.6002,4.5775,173.7855,343.08,72.2806,710.0,19.4524,599.94,599.94,9.9828,66.2201,76.7794,2.6002,4.5775,11.1293,15.7357,9.1108,173.782,343.08,710.0,73.7201,33.12,45.504,9.586,4.509,12.313,45.504,25.561,14.9191,0.1826,0.129,0.1312,0.1287,0.2098,0.1312,0.1985,0.1245,544.76,276.55,359.55,84.5775,85.08,85.2825,82.2975,83.5425,82.0275,44.996,524.85,535,20.3409,518.12,489.5,13.4325
86.775,57.5625,4.5141,57.525,286.7625,357.959,570.9,2.6002,4.575,173.826,343.08,72.2806,710.0,19.4526,599.94,599.94,9.9829,66.22,76.7791,2.6002,4.575,11.1293,15.7329,9.1108,173.824,343.08,710.0,73.7857,33.125,45.438,9.587,4.512,12.313,45.438,25.55,14.9194,0.1828,0.129,0.1313,0.1287,0.2098,0.1312,0.1986,0.1245,544.84,276.55,359.55,84.6,85.1175,85.305,82.3275,83.4975,82.05,45.0295,524.91,535,20.3408,518.15,489.5,13.4338
86.575,57.5625,3.9812,57.6,287.1,357.9934,571.4,2.5996,4.575,173.772,343.08,72.2812,709.92,19.4536,599.88,599.88,9.9831,66.2199,76.7811,2.5996,4.575,11.1294,15.7322,9.1102,173.782,343.08,709.92,73.8014,33.125,45.372,9.589,4.515,12.313,45.372,25.5225,14.9283,0.1828,0.1291,0.1313,0.1287,0.2099,0.1313,0.1987,0.1246,544.88,276.55,359.6,84.555,85.1025,85.335,82.3125,83.4975,82.08,45.0627,524.97,535,20.3407,518.15,489.53,13.4352
86.2,57.5625,4.5234,57.5625,287.1675,357.8901,571.35,2.5996,4.5725,173.799,343.08,72.2814,709.92,19.4541,599.88,599.88,9.9833,66.2198,76.7816,2.5996,4.5725,11.1295,15.7314,9.1102,173.81,343.08,709.92,73.8676,33.13,45.3,9.59,4.518,12.314,45.3,25.4895,14.9288,0.1828,0.1291,0.1313,0.1288,0.21,0.1313,0.1988,0.1246,544.96,276.6,359.6,84.54,85.0875,85.38,82.3275,83.4825,82.035,45.0957,525.03,535,20.3406,518.18,489.56,13.4365
86.3,57.6,4.075,57.6,286.605,357.6146,570.85,2.5996,4.5725,173.583,343.05,72.2815,709.92,19.4554,599.82,599.82,9.9834,66.2205,76.7821,2.5996,4.5725,11.1296,15.7337,9.1091,173.586,343.05,709.92,73.9345,33.135,45.234,9.592,4.518,12.314,45.234,25.4565,14.9294,0.1829,0.1292,0.1314,0.1288,0.2101,0.1314,0.1988,0.1246,545.04,276.6,359.6,84.5175,85.095,85.38,82.335,83.4675,81.9975,45.1285,525.09,535,20.3406,518.21,489.59,13.4378
86.6,57.6,4.8047,57.5625,286.4925,358.0279,570.9,2.6,4.5725,173.907,343.05,72.2816,709.92,19.4561,599.82,599.82,9.9836,66.2207,76.7811,2.6,4.5725,11.1296,15.7339,9.1096,173.908,343.05,709.92,73.9513,33.135,45.174,9.594,4.518,12.316,45.174,25.4125,14.9213,0.1829,0.1292,0.1314,0.1288,0.2102,0.1314,0.1989,0.1247,545.08,276.6,359.6,84.54,85.14,85.395,82.3725,83.52,82.035,45.1648,525.12,535,20.3405,518.24,489.59,13.4392
86.825,57.525,4.8047,57.6,286.9875,357.7523,571.4,2.5998,4.57,173.7585,343.05,72.2817,709.92,19.4569,599.82,599.82,9.9838,66.2208,76.7819,2.5998,4.57,11.1297,15.7342,9.1091,173.768,343.05,709.92,74.0189,33.14,45.108,9.595,4.516,12.316,45.108,25.374,14.9216,0.1829,0.1292,0.1314,0.1289,0.2102,0.1314,0.199,0.1247,545.12,276.6,359.65,84.585,85.1625,85.335,82.32,83.55,81.99,45.1972,525.18,535,20.3404,518.27,489.62,13.4405
86.0,57.5625,4.1609,57.6,286.4025,357.3735,571.35,2.5998,4.57,173.5965,343.05,72.2825,709.84,19.4561,599.94,599.94,9.9839,66.221,76.7821,2.5998,4.57,11.1298,15.7344,9.1096,173.6,343.05,709.84,74.0364,33.14,45.042,9.597,4.515,12.316,45.042,25.3355,14.9219,0.1829,0.1293,0.1315,0.1289,0.2102,0.1314,0.199,0.1248,545.2,276.6,359.65,84.5625,85.17,85.38,82.35,83.58,81.9975,45.2293,525.24,535,20.3403,518.27,489.65,13.4418
86.85,57.5625,4.7859,57.5625,287.1675,358.2345,571.5,2.5998,4.5675,173.475,343.02,72.2827,709.84,19.4564,599.94,599.94,9.9841,66.2212,76.7824,2.5998,4.5675,11.1299,15.7347,9.1096,173.474,343.02,709.84,74.1045,33.145,45.0,9.599,4.515,12.316,45.0,25.3025,14.9308,0.183,0.1293,0.1315,0.1289,0.2102,0.1314,0.1991,0.1248,545.24,276.6,359.65,84.5625,85.185,85.3875,82.35,83.595,81.96,45.2613,525.3,535,20.3403,518.3,489.68,13.4432
86.1,57.525,4.0812,57.6,287.145,357.5801,570.85,2.5998,4.5675,173.556,343.02,72.283,709.84,19.4574,599.88,599.88,9.9843,66.2213,76.7826,2.5998,4.5675,11.13,15.7349,9.1096,173.558,343.02,709.84,74.1226,33.145,44.976,9.601,4.513,12.316,44.976,25.2695,14.9313,0.183,0.1293,0.1315,0.129,0.2103,0.1315,0.1991,0.1248,545.28,276.6,359.65,84.5475,85.2,85.3725,82.3275,83.55,81.9225,45.2929,525.36,535,20.3402,518.33,489.71,13.4445
86.8,57.525,4.0812,57.6,287.1,357.8557,571.3,2.5996,4.5675,173.6235,343.02,72.2832,709.84,19.4579,599.88,599.88,9.9844,66.2215,76.7836,2.5996,4.5675,11.13,15.7352,9.1096,173.628,343.02,709.84,74.1408,33.145,44.964,9.603,4.511,12.316,44.964,25.2475,14.9319,0.183,0.1293,0.1315,0.129,0.2103,0.1315,0.1991,0.1248,545.36,276.65,359.65,84.525,85.155,85.3875,82.365,83.5875,81.915,45.3281,525.39,535,20.3401,518.36,489.71,13.4458
86.0,57.6,3.9516,57.525,287.1,357.9934,570.8,2.5996,4.5675,173.7855,343.02,72.2835,709.84,19.4584,599.88,599.88,9.9846,66.2217,76.7841,2.5996,4.5675,11.1301,15.7354,9.1096,173.796,343.02,709.84,74.2095,33.15,44.952,9.604,4.511,12.319,44.952,25.2255,14.9324,0.183,0.1293,0.1316,0.129,0.2104,0.1315,0.1991,0.1248,545.4,276.65,359.7,84.5625,85.14,85.395,82.3125,83.6175,81.9075,45.3594,525.45,535,20.34,518.39,489.74,13.4472
86.825,57.5625,4.5187,57.6,286.4025,358.2,571.2,2.5996,4.5675,173.799,343.02,72.2837,709.84,19.4589,599.88,599.88,9.9855,66.2218,76.7846,2.5996,4.5675,11.1302,15.7357,9.1096,173.796,343.02,709.84,74.2282,33.15,44.94,9.605,4.512,12.319,44.94,25.2145,14.933,0.183,0.1294,0.1316,0.129,0.2104,0.1315,0.1991,0.1248,545.48,276.65,359.7,84.585,85.185,85.38,82.305,83.655,81.9075,45.3943,525.48,535,20.34,518.42,489.77,13.4485
86.7,57.5625,4.5187,57.5625,286.9875,357.408,571.35,2.5996,4.5675,172.989,343.02,72.284,709.84,19.4594,599.88,599.88,9.9859,66.222,76.7851,2.5996,4.5675,11.1273,15.7329,9.1096,172.998,343.02,709.84,74.2976,33.155,44.934,9.606,4.516,12.319,44.934,25.209,14.9335,0.1831,0.1294,0.1316,0.129,0.2103,0.1315,0.1991,0.1248,545.52,276.65,359.7,84.5625,85.2,85.3875,82.3425,83.6775,81.9,45.4177,525.6,535,20.3399,518.45,489.8,13.4498
86.825,57.6,4.6984,57.5625,286.2675,358.1312,570.7,2.5996,4.5675,174.015,343.02,72.2842,709.84,19.4599,599.88,599.88,9.9856,66.2222,76.7856,2.5996,4.5675,11.1264,15.7322,9.1096,174.02,343.02,709.84,74.317,33.155,44.982,9.606,4.52,12.319,44.982,25.2035,14.9341,0.1831,0.1294,0.1316,0.129,0.2104,0.1315,0.1991,0.1248,545.64,276.65,359.7,84.5775,85.1475,85.3725,82.3575,83.6325,81.9375,45.4519,525.63,535,20.3398,518.45,489.83,13.4512
86.1,57.5625,4.5875,57.525,286.56,358.0967,570.9,2.5996,4.5675,173.3805,343.02,72.2845,709.84,19.4604,599.88,599.88,9.9858,66.2223,76.7861,2.5996,4.5675,11.1254,15.7314,9.1096,173.376,343.02,709.84,74.3364,33.155,44.994,9.606,4.523,12.32,44.994,25.2035,14.9347,0.1832,0.1294,0.1316,0.129,0.2103,0.1315,0.1991,0.1248,545.68,276.65,359.7,84.5625,85.1025,85.3575,82.3875,83.5875,81.93,45.4747,525.75,535,20.3397,518.48,489.83,13.4525
86.825,57.6,4.2125,57.5625,286.425,357.8901,570.45,2.6002,4.5675,173.3535,343.02,72.2848,709.84,19.4601,599.94,599.94,9.9859,66.2225,76.7844,2.6002,4.5675,11.1275,15.7337,9.1102,173.362,343.02,709.84,74.4064,33.16,45.036,9.606,4.528,12.32,45.036,25.2255,14.9352,0.1833,0.1294,0.1315,0.129,0.2102,0.1315,0.1991,0.1248,545.76,276.65,359.75,84.585,85.095,85.3125,82.4175,83.6175,81.9225,45.5009,525.84,535,20.3397,518.51,489.86,13.4538
86.325,57.5625,4.2125,57.6,286.245,357.8212,571.45,2.6002,4.5675,173.3265,343.02,72.285,709.84,19.4604,599.94,599.94,9.9854,66.2227,76.7841,2.6002,4.5675,11.1276,15.7339,9.1102,173.334,343.02,709.84,74.4264,33.16,45.102,9.605,4.535,12.32,45.102,25.2365,14.9358,0.1833,0.1293,0.1315,0.129,0.2102,0.1315,0.199,0.1248,545.88,276.7,359.75,84.63,85.0725,85.2975,82.44,83.6025,81.8925,45.5266,525.93,535,20.3549,518.54,489.89,13.4552
86.75,57.6,4.4453,57.525,286.9425,358.1312,570.9,2.6002,4.57,173.8125,343.05,72.2853,709.84,19.4584,600.12,600.12,9.9853,66.2228,76.7839,2.6002,4.57,11.1277,15.7342,9.1102,173.81,343.05,709.84,74.497,33.165,45.168,9.604,4.542,12.321,45.168,25.264,14.9363,0.1834,0.1293,0.1315,0.1289,0.2102,0.1314,0.1989,0.1248,545.96,276.7,359.75,84.675,85.0425,85.2825,82.4475,83.6325,81.885,45.552,526.02,535,20.3553,518.57,489.92,13.4565
86.175,57.525,4.1844,57.5625,286.4025,357.8901,570.6,2.5998,4.57,173.5425,343.05,72.2855,709.84,19.4579,600.12,600.12,9.9852,66.223,76.7851,2.5998,4.57,11.1277,15.7344,9.1096,173.544,343.05,709.84,74.5176,33.165,45.216,9.603,4.549,12.322,45.216,25.297,14.9369,0.1835,0.1293,0.1314,0.1289,0.2101,0.1314,0.1989,0.1247,546.08,276.7,359.75,84.63,85.0275,85.3275,82.485,83.61,81.915,45.5732,526.14,535,20.3557,518.6,489.95,13.4578
86.7,57.6,3.9516,57.5625,286.7175,358.0623,571.3,2.6,4.57,173.8935,343.05,72.2845,710.0,19.4566,600.18,600.18,9.9851,66.2232,76.7846,2.6,4.57,11.1278,15.7347,9.1102,173.894,343.05,710.0,74.5383,33.165,45.27,9.601,4.561,12.322,45.27,25.3355,14.9374,0.1837,0.1293,0.1314,0.1289,0.2101,0.1314,0.1988,0.1247,546.16,276.7,359.75,84.6375,85.0575,85.365,82.4175,83.6025,81.885,45.5977,526.23,535,20.3561,518.63,489.98,13.4592
86.725,57.5625,4.4594,57.6,286.515,357.4424,570.95,2.6,4.5725,174.1365,343.05,72.2839,710.08,19.4581,600.0,600.0,9.985,66.2233,76.7846,2.6,4.5725,11.1279,15.7349,9.1108,174.132,343.05,710.08,74.6095,33.17,45.294,9.599,4.572,12.323,45.294,25.363,14.938,0.1838,0.1293,0.1314,0.1288,0.2101,0.1314,0.1988,0.1247,546.28,276.7,359.75,84.63,85.0875,85.365,82.365,83.565,81.87,45.6257,526.29,535,20.3565,518.66,490.01,13.4605
86.6,57.5625,4.0062,57.5625,287.055,357.3391,570.9,2.6004,4.5725,173.313,343.05,72.2838,710.08,19.4581,600.0,600.0,9.9849,66.2235,76.7831,2.6004,4.5725,11.128,15.7352,9.1113,173.306,343.05,710.08,74.6307,33.17,45.294,9.598,4.585,12.323,45.294,25.396,14.9385,0.1839,0.1292,0.1314,0.1288,0.21,0.1314,0.1988,0.1247,546.36,276.7,359.8,84.66,85.1325,85.3425,82.365,83.565,81.8925,45.6421,526.44,535,20.3417,518.69,490.01,13.4618
86.2,57.6,4.0062,57.6,286.425,357.2702,571.0,2.6,4.5725,173.799,343.05,72.2849,709.92,19.4581,600.0,600.0,9.9849,66.2237,76.7841,2.6,4.5725,11.1281,15.7354,9.1102,173.796,343.05,709.92,74.7026,33.175,45.33,9.597,4.598,12.323,45.33,25.4125,14.9391,0.184,0.1292,0.1314,0.1288,0.21,0.1314,0.1988,0.1246,546.48,276.7,359.8,84.615,85.14,85.3125,82.335,83.565,81.855,45.6654,526.53,535,20.3416,518.72,490.04,13.4632
86.125,57.6,4.8328,57.5625,286.38,357.3046,570.45,2.6,4.5725,174.0015,343.05,72.285,709.92,19.4581,600.0,600.0,9.9848,66.2231,76.7841,2.6,4.5725,11.1281,15.7357,9.1102,174.006,343.05,709.92,74.7751,33.18,45.342,9.595,4.608,12.323,45.342,25.429,14.9396,0.1841,0.1292,0.1314,0.1288,0.21,0.1314,0.1988,0.1246,546.56,276.75,359.8,84.63,85.14,85.35,82.2975,83.52,81.885,45.6921,526.59,535,20.3415,518.75,490.07,13.4645
86.375,57.6,4.4391,57.5625,286.7625,357.8212,570.85,2.6,4.5725,173.961,343.05,72.2851,709.92,19.4581,600.0,600.0,9.9854,66.223,76.7841,2.6,4.5725,11.1282,15.7329,9.1102,173.964,343.05,709.92,74.7976,33.18,45.324,9.594,4.616,12.324,45.324,25.4455,14.9402,0.1842,0.1292,0.1314,0.1288,0.2101,0.1314,0.1988,0.1246,546.68,276.75,359.8,84.615,85.1025,85.305,82.2975,83.5575,81.93,45.7148,526.68,535,20.3414,518.78,490.1,13.4658
86.95,57.6,3.9375,57.6,286.6725,357.3046,570.55,2.6,4.5725,173.5425,343.05,72.2852,709.92,19.4581,600.0,600.0,9.9856,66.2229,76.7841,2.6,4.5725,11.1283,15.7322,9.1102,173.544,343.05,709.92,74.8707,33.185,45.294,9.594,4.625,12.324,45.294,25.451,14.9408,0.1844,0.1293,0.1314,0.1288,0.21,0.1314,0.1988,0.1246,546.76,276.75,359.8,84.66,85.1475,85.3125,82.2975,83.58,81.8925,45.7334,526.8,535,20.3414,518.81,490.13,13.4671
86.075,57.5625,3.9375,57.5625,287.0775,357.4424,571.2,2.6,4.5725,173.9475,343.05,72.2841,710.08,19.4581,600.0,600.0,9.9858,66.2236,76.7841,2.6,4.5725,11.1284,15.7314,9.1102,173.936,343.05,710.08,74.8938,33.185,45.282,9.593,4.634,12.324,45.282,25.451,14.9413,0.1845,0.1293,0.1314,0.1288,0.2101,0.1314,0.1988,0.1246,546.84,276.75,359.85,84.6225,85.1025,85.275,82.305,83.565,81.945,45.759,526.86,535,20.3413,518.84,490.16,13.4685
86.225,57.6,4.1219,57.525,286.695,357.8557,571.25,2.6,4.5725,173.7315,343.05,72.284,710.08,19.4581,600.0,600.0,9.9852,66.2238,76.7841,2.6,4.5725,11.1284,15.7337,9.1102,173.726,343.05,710.08,74.9676,33.19,45.24,9.593,4.64,12.326,45.24,25.4345,14.9419,0.1845,0.1293,0.1314,0.1288,0.2101,0.1314,0.1989,0.1247,546.92,276.75,359.85,84.6225,85.1325,85.275,82.305,83.535,81.9,45.7806,526.95,535,20.3412,518.87,490.19,13.4805
86.45,57.5625,3.9891,57.5625,287.1225,357.2357,571.0,2.6,4.5725,173.637,343.05,72.2839,710.08,19.4581,600.0,600.0,9.9851,66.2239,76.7841,2.6,4.5725,11.1285,15.7339,9.1102,173.642,343.05,710.08,74.9914,33.19,45.204,9.593,4.644,12.326,45.204,25.429,14.9424,0.1846,0.1293,0.1314,0.1288,0.2102,0.1314,0.1989,0.1247,547.0,276.75,359.85,84.675,85.17,85.3275,82.2975,83.49,81.8625,45.8019,527.04,535,20.3411,518.9,490.22,13.4825
86.875,57.5625,4.2328,57.525,286.2,358.0967,570.5,2.6,4.57,173.3805,343.05,72.285,709.92,19.4589,599.94,599.94,9.985,66.2241,76.7841,2.6,4.57,11.1286,15.7342,9.1102,173.376,343.05,709.92,75.0657,33.195,45.174,9.594,4.648,12.326,45.174,25.407,14.943,0.1846,0.1293,0.1314,0.1288,0.2102,0.1314,0.199,0.1247,547.12,276.75,359.85,84.615,85.17,85.3425,82.2675,83.4975,81.8925,45.8227,527.13,535,20.341,518.93,490.25,13.4845
86.95,57.6375,4.0469,57.5625,286.4925,358.1312,570.45,2.6,4.57,173.988,343.05,72.2851,709.92,19.4591,599.94,599.94,9.985,66.2243,76.7841,2.6,4.57,11.1287,15.7344,9.1102,173.992,343.05,709.92,75.0901,33.195,45.156,9.594,4.65,12.326,45.156,25.3905,14.9435,0.1846,0.1293,0.1314,0.1289,0.2102,0.1314,0.199,0.1247,547.2,276.8,359.85,84.6525,85.155,85.32,82.3125,83.49,81.8625,45.8508,527.16,535,20.341,518.96,490.28,13.4865
86.975,57.5625,4.7391,57.525,286.245,357.6146,571.05,2.5998,4.57,172.9215,343.05,72.2852,709.92,19.4594,599.94,599.94,9.9856,66.2244,76.7849,2.5998,4.57,11.1288,15.7347,9.1102,172.914,343.05,709.92,75.1651,33.2,45.114,9.595,4.65,12.327,45.114,25.3795,14.9441,0.1847,0.1294,0.1314,0.1289,0.2102,0.1314,0.199,0.1247,547.24,276.8,359.9,84.6975,85.1325,85.35,82.305,83.5275,81.87,45.8674,527.28,535,20.3409,518.99,490.31,13.4885
86.125,57.5625,4.0812,57.5625,286.3575,357.5457,570.6,2.5998,4.57,173.718,343.05,72.2847,710.0,19.4596,599.94,599.94,9.985,66.2246,76.7851,2.5998,4.57,11.1288,15.7349,9.1102,173.712,343.05,710.0,75.1901,33.2,45.132,9.595,4.652,12.327,45.132,25.3685,14.9446,0.1847,0.1294,0.1314,0.1289,0.2102,0.1314,0.199,0.1247,547.36,276.85,359.9,84.72,85.0875,85.32,82.2975,83.4825,81.9225,45.8911,527.34,535,20.3408,519.02,490.34,13.4905
86.9,57.5625,4.0812,57.6,286.9425,357.5801,571.0,2.5998,4.57,174.0825,343.05,72.2847,710.0,19.4599,599.94,599.94,9.9857,66.2248,76.7854,2.5998,4.57,11.1289,15.7352,9.1102,174.076,343.05,710.0,75.2657,33.205,45.12,9.595,4.651,12.327,45.12,25.352,14.9452,0.1847,0.1294,0.1314,0.1289,0.2103,0.1314,0.199,0.1247,547.44,276.85,359.95,84.66,85.0575,85.2975,82.2825,83.49,81.9375,45.9145,527.4,535,20.3407,519.08,490.37,13.4925
86.0,57.5625,4.3312,57.6,286.56,358.0279,570.55,2.5998,4.57,174.231,343.05,72.2847,710.0,19.4601,599.94,599.94,9.9859,66.2249,76.7856,2.5998,4.57,11.129,15.7354,9.1102,174.23,343.05,710.0,75.2914,33.205,45.072,9.596,4.652,12.328,45.072,25.3575,14.9544,0.1847,0.1294,0.1315,0.1289,0.2103,0.1314,0.1991,0.1247,547.48,276.85,360.0,84.6375,85.05,85.335,82.2825,83.4675,81.9375,45.9453,527.4,535,20.3407,519.11,490.4,13.4945
86.55,57.6,4.0484,57.525,286.38,357.649,571.25,2.6004,4.57,174.0555,343.05,72.286,709.84,19.4611,599.88,599.88,9.986,66.2251,76.7836,2.6004,4.57,11.1291,15.7357,9.1102,174.062,343.05,709.84,75.3676,33.21,44.994,9.596,4.656,12.328,44.994,25.352,14.9552,0.1849,0.1294,0.1315,0.1289,0.2104,0.1314,0.1991,0.1248,547.52,276.9,360.0,84.63,85.0575,85.3275,82.3275,83.4525,81.975,45.9722,527.43,535,20.3406,519.14,490.43,13.4965
86.1,57.6,3.9891,57.5625,286.3125,357.7868,571.0,2.6002,4.5675,174.042,343.02,72.2862,709.84,19.4616,599.88,599.88,9.9862,66.2253,76.7839,2.6002,4.5675,11.1292,15.7329,9.1102,174.048,343.02,709.84,75.3939,33.21,44.916,9.598,4.663,12.329,44.916,25.319,14.956,0.1849,0.1295,0.1315,0.129,0.2105,0.1315,0.1992,0.1248,547.52,276.9,360.05,84.6225,85.0275,85.3575,82.32,83.4225,82.005,45.999,527.46,535,20.3405,519.17,490.46,13.4985
86.375,57.6,4.1188,57.6,286.7175,357.3046,570.85,2.6002,4.5675,172.9485,343.02,72.2865,709.84,19.4606,600.0,600.0,9.9864,66.2254,76.7836,2.6002,4.5675,11.1292,15.7322,9.1096,172.942,343.02,709.84,75.4201,33.21,44.832,9.599,4.667,12.33,44.832,25.275,14.9483,0.185,0.1295,0.1316,0.129,0.2104,0.1315,0.1993,0.1248,547.56,276.95,360.05,84.5925,84.9975,85.32,82.305,83.475,81.9825,46.0182,527.55,535,20.3404,519.2,490.49,13.5005
86.375,57.6,4.2,57.5625,286.2675,358.0967,570.95,2.5996,4.565,173.259,343.02,72.2861,709.92,19.4606,600.0,600.0,9.9865,66.2249,76.7856,2.5996,4.565,11.1293,15.7314,9.1102,173.25,343.02,709.92,75.497,33.215,44.832,9.601,4.668,12.331,44.832,25.2255,14.9488,0.185,0.1295,0.1316,0.1291,0.2105,0.1315,0.1993,0.1249,547.64,276.95,360.05,84.585,85.005,85.2975,82.305,83.5125,81.9825,46.0408,527.61,535,20.3404,519.23,490.55,13.5025
86.3,57.6,4.4406,57.525,286.83,357.4768,570.25,2.5996,4.565,173.5695,343.02,72.2862,709.92,19.4606,600.0,600.0,9.9867,66.2248,76.7861,2.5996,4.565,11.1294,15.7337,9.1102,173.558,343.02,709.92,75.5239,33.215,44.844,9.602,4.662,12.331,44.844,25.187,14.9494,0.1849,0.1295,0.1316,0.1291,0.2105,0.1316,0.1993,0.1249,547.72,276.95,360.1,84.5475,85.05,85.2675,82.3125,83.4975,81.9975,46.0632,527.67,535,20.3403,519.26,490.58,13.5045
86.2,57.5625,4.4406,57.5625,286.74,357.408,570.95,2.5996,4.565,174.015,343.02,72.2864,709.92,19.4606,600.0,600.0,9.9869,66.2247,76.7866,2.5996,4.565,11.1295,15.7339,9.1102,174.02,343.02,709.92,75.5508,33.215,44.85,9.603,4.656,12.33,44.85,25.187,14.9499,0.1849,0.1295,0.1316,0.1291,0.2106,0.1316,0.1993,0.1249,547.76,276.95,360.1,84.5775,85.035,85.26,82.29,83.4525,81.9525,46.089,527.7,535,20.3402,519.29,490.61,13.5065
86.025,57.5625,4.2391,57.5625,286.5825,357.649,571.2,2.6,4.565,173.7315,343.02,72.2865,709.92,19.4606,600.0,600.0,9.987,66.2254,76.7856,2.6,4.565,11.1295,15.7342,9.1096,173.726,343.02,709.92,75.6282,33.22,44.832,9.603,4.654,12.33,44.832,25.198,14.9505,0.1849,0.1295,0.1316,0.1291,0.2106,0.1316,0.1993,0.1249,547.8,277.0,360.1,84.555,85.065,85.215,82.275,83.4825,81.9675,46.1147,527.73,535,20.3401,519.35,490.64,13.5085
86.375,57.525,4.2391,57.5625,286.3125,357.3391,570.6,2.6,4.565,173.826,343.02,72.2866,709.92,19.4606,600.0,600.0,9.9872,66.2255,76.7856,2.6,4.565,11.1296,15.7344,9.1096,173.824,343.02,709.92,75.6557,33.22,44.826,9.604,4.657,12.33,44.826,25.2035,14.9596,0.185,0.1295,0.1316,0.1291,0.2106,0.1316,0.1993,0.1249,547.84,277.0,360.15,84.5475,85.1025,85.185,82.275,83.445,82.02,46.1366,527.79,535,20.3401,519.38,490.67,13.5105
86.675,57.525,4.7219,57.5625,286.2,357.5801,570.9,2.6,4.565,173.475,343.02,72.2867,709.92,19.4606,600.0,600.0,9.9874,66.2257,76.7856,2.6,4.565,11.1297,15.7347,9.1096,173.474,343.02,709.92,75.6832,33.22,44.814,9.604,4.661,12.331,44.814,25.198,14.9605,0.185,0.1296,0.1316,0.1291,0.2106,0.1316,0.1993,0.1249,547.88,277.0,360.15,84.6,85.0725,85.23,82.2975,83.4225,81.975,46.1582,527.85,535,20.3553,519.41,490.7,13.5125
86.125,57.6,3.9734,57.5625,286.695,357.959,570.75,2.6,4.565,173.583,343.02,72.2869,709.92,19.4606,600.0,600.0,9.9875,66.2251,76.7856,2.6,4.565,11.1298,15.7349,9.1102,173.586,343.02,709.92,75.7107,33.22,44.82,9.604,4.665,12.332,44.82,25.187,14.9613,0.1851,0.1296,0.1316,0.1291,0.2106,0.1316,0.1993,0.1249,547.96,277.0,360.15,84.645,85.035,85.2075,82.2525,83.43,81.9525,46.1796,527.91,535,20.3557,519.44,490.73,13.5145
86.65,57.5625,3.9734,57.6,286.7625,357.3046,570.4,2.6,4.565,173.34,343.02,72.287,709.92,19.4606,600.0,600.0,9.9877,66.225,76.7856,2.6,4.565,11.1299,15.7352,9.1102,173.348,343.02,709.92,75.7889,33.225,44.832,9.604,4.668,12.333,44.832,25.176,14.9621,0.1851,0.1296,0.1316,0.1291,0.2105,0.1316,0.1993,0.1249,548.0,277.0,360.2,84.6,85.0875,85.2075,82.275,83.4075,81.99,46.2007,527.97,535,20.3561,519.47,490.76,13.5165
86.65,57.6,3.9312,57.5625,286.5825,357.649,570.55,2.6,4.565,173.259,343.02,72.2871,709.92,19.4606,600.0,600.0,9.9879,66.2249,76.7856,2.6,4.565,11.1299,15.7354,9.1102,173.25,343.02,709.92,75.817,33.225,44.868,9.604,4.671,12.335,44.868,25.1705,14.9544,0.1851,0.1296,0.1316,0.1291,0.2105,0.1316,0.1993,0.1249,548.08,277.05,360.2,84.6375,85.1025,85.26,82.2525,83.4075,82.0425,46.2179,528.06,535,20.3412,519.5,490.79,13.5185
86.6,57.525,4.7922,57.525,286.83,357.8901,570.45,2.6,4.565,173.3535,343.02,72.2872,709.92,19.4606,600.0,600.0,9.988,66.2249,76.7856,2.6,4.565,11.13,15.7357,9.1108,173.348,343.02,709.92,75.8451,33.225,44.916,9.604,4.673,12.335,44.916,25.176,14.9549,0.1851,0.1296,0.1316,0.1291,0.2104,0.1316,0.1992,0.1249,548.2,277.05,360.2,84.5925,85.125,85.26,82.245,83.4375,81.99,46.2346,528.15,535,20.3412,519.53,490.82,13.5205
86.65,57.6,4.4484,57.6375,287.055,357.8557,570.8,2.6002,4.5675,173.691,343.02,72.2873,709.92,19.4606,600.0,600.0,9.9882,66.2248,76.7849,2.6002,4.5675,11.1301,15.7329,9.1108,173.684,343.02,709.92,75.8732,33.225,44.976,9.603,4.676,12.335,44.976,25.198,14.9555,0.1852,0.1295,0.1316,0.129,0.2104,0.1315,0.1992,0.1248,548.28,277.05,360.25,84.585,85.08,85.26,82.2525,83.46,81.96,46.2548,528.21,535,20.3411,519.59,490.85,13.5225
86.625,57.5625,4.4484,57.525,286.1325,357.3391,570.4,2.6002,4.5675,173.0835,343.02,72.2868,710.0,19.4599,600.06,600.06,9.9884,66.2254,76.7846,2.6002,4.5675,11.1302,15.7322,9.1102,173.082,343.02,710.0,75.952,33.23,45.024,9.602,4.681,12.333,45.024,25.231,14.9646,0.1852,0.1295,0.1315,0.129,0.2103,0.1315,0.1991,0.1248,548.36,277.05,360.25,84.615,85.08,85.3125,82.23,83.445,81.9825,46.2672,528.33,535,20.341,519.62,490.88,13.5245
86.05,57.6,4.3438,57.525,286.4475,357.9245,570.95,2.6002,4.5675,174.069,343.02,72.2868,710.0,19.4596,600.06,600.06,9.9885,66.2256,76.7844,2.6002,4.5675,11.1272,15.7322,9.1102,174.062,343.02,710.0,75.9807,33.23,45.096,9.6,4.689,12.334,45.096,25.2695,14.9655,0.1853,0.1295,0.1315,0.129,0.2103,0.1315,0.1991,0.1248,548.48,277.1,360.25,84.6075,85.0425,85.3425,82.2075,83.4075,81.96,46.2866,528.39,535,20.3409,519.65,490.91,13.5265
86.325,57.6,4.7281,57.5625,287.01,357.649,570.75,2.5998,4.57,173.6775,343.05,72.2868,710.0,19.4594,600.06,600.06,9.9887,66.2258,76.7856,2.5998,4.57,11.1263,15.7339,9.1096,173.684,343.05,710.0,76.0095,33.23,45.114,9.598,4.696,12.335,45.114,25.297,14.9663,0.1854,0.1295,0.1315,0.1289,0.2102,0.1314,0.1991,0.1248,548.52,277.1,360.25,84.585,85.035,85.3425,82.17,83.37,81.9525,46.3021,528.48,535,20.3408,519.68,490.97,13.5392
86.525,57.5625,4.7281,57.6,286.6725,357.5113,571.0,2.5998,4.57,173.583,343.05,72.2868,710.0,19.4606,599.94,599.94,9.9889,66.2252,76.7859,2.5998,4.57,11.1254,15.7342,9.1108,173.586,343.05,710.0,76.0382,33.23,45.138,9.597,4.707,12.336,45.138,25.33,14.9671,0.1855,0.1295,0.1315,0.1289,0.2102,0.1314,0.199,0.1247,548.6,277.1,360.3,84.6,85.0725,85.29,82.2,83.3625,81.9825,46.3209,528.54,535,20.3408,519.71,491.0,13.5418
86.0,57.525,4.65,57.525,286.7625,357.959,570.2,2.5998,4.57,173.664,343.05,72.2868,710.0,19.4609,599.94,599.94,9.989,66.2251,76.7861,2.5998,4.57,11.1275,15.7344,9.1108,173.656,343.05,710.0,76.1176,33.235,45.156,9.596,4.718,12.337,45.156,25.341,14.968,0.1856,0.1295,0.1314,0.1289,0.2102,0.1314,0.199,0.1247,548.68,277.1,360.3,84.57,85.0425,85.3275,82.1925,83.3625,81.9975,46.3357,528.63,535,20.3407,519.74,491.03,13.5445
86.225,57.525,4.5656,57.525,286.5375,357.1324,570.45,2.6004,4.57,174.204,343.05,72.2868,710.0,19.4611,599.94,599.94,9.9885,66.225,76.7841,2.6004,4.57,11.1276,15.7347,9.1113,174.202,343.05,710.0,76.147,33.235,45.162,9.594,4.727,12.337,45.162,25.3575,14.9688,0.1857,0.1294,0.1314,0.1289,0.2103,0.1314,0.199,0.1247,548.76,277.15,360.3,84.5475,85.0725,85.3725,82.2525,83.34,82.005,46.3539,528.69,535,20.3406,519.8,491.06,13.5472
86.125,57.5625,4.3906,57.5625,286.7625,358.0279,570.4,2.6004,4.57,173.097,343.05,72.2868,710.0,19.4599,600.06,600.06,9.9891,66.2249,76.7836,2.6004,4.57,11.1276,15.7349,9.1113,173.096,343.05,710.0,76.1764,33.235,45.126,9.593,4.735,12.338,45.126,25.363,14.961,0.1859,0.1295,0.1314,0.1289,0.2102,0.1314,0.199,0.1247,548.84,277.15,360.35,84.525,85.065,85.3875,82.2525,83.3025,82.0425,46.3644,528.81,535,20.3405,519.83,491.09,13.5498
86.0,57.6,4.3906,57.5625,286.3125,357.5113,570.65,2.6004,4.57,174.177,343.05,72.2868,710.0,19.4596,600.06,600.06,9.9893,66.2249,76.7831,2.6004,4.57,11.1277,15.7352,9.1113,174.188,343.05,710.0,76.2563,33.24,45.138,9.593,4.745,12.338,45.138,25.3685,14.9616,0.1859,0.1295,0.1314,0.1289,0.2103,0.1314,0.199,0.1247,548.96,277.2,360.4,84.51,85.05,85.4175,82.26,83.3025,82.035,46.3857,528.84,535,20.3405,519.86,491.12,13.5525
86.85,57.6,3.8609,57.6,286.8075,357.3391,570.85,2.5998,4.57,174.0015,343.05,72.2868,710.0,19.4594,600.06,600.06,9.9895,66.2248,76.7849,2.5998,4.57,11.1278,15.7354,9.1108,174.006,343.05,710.0,76.2863,33.24,45.096,9.592,4.75,12.338,45.096,25.3575,14.9708,0.186,0.1295,0.1314,0.1289,0.2103,0.1314,0.1991,0.1247,549.0,277.2,360.4,84.5325,85.035,85.44,82.245,83.2725,82.065,46.4068,528.87,535,20.3404,519.89,491.15,13.5552
86.65,57.525,4.6016,57.6,286.56,357.6146,570.55,2.5998,4.57,174.069,343.05,72.2868,710.0,19.4614,599.88,599.88,9.9896,66.2254,76.7851,2.5998,4.57,11.1279,15.7357,9.1102,174.076,343.05,710.0,76.3163,33.24,45.036,9.592,4.756,12.337,45.036,25.363,14.9716,0.1861,0.1295,0.1315,0.1289,0.2104,0.1314,0.1991,0.1247,549.04,277.2,360.45,84.525,85.0125,85.4625,82.245,83.2575,82.0425,46.4278,528.9,535,20.3403,519.95,491.21,13.5578
86.3,57.5625,4.6016,57.525,287.0775,357.408,570.3,2.5998,4.5675,174.042,343.02,72.2868,710.0,19.4619,599.88,599.88,9.9898,66.2256,76.7854,2.5998,4.5675,11.128,15.7329,9.1096,174.034,343.02,710.0,76.397,33.245,44.952,9.593,4.763,12.337,44.952,25.3465,14.9724,0.1862,0.1295,0.1315,0.1289,0.2105,0.1314,0.1992,0.1248,549.08,277.25,360.45,84.5325,84.99,85.4775,82.2825,83.2575,82.0425,46.4487,528.93,535,20.3402,519.98,491.24,13.5605
86.475,57.6,3.95,57.5625,286.6725,357.3391,571.0,2.5996,4.5675,173.826,343.02,72.2868,710.0,19.4631,599.82,599.82,9.99,66.2258,76.7864,2.5996,4.5675,11.128,15.7322,9.1096,173.824,343.02,710.0,76.4276,33.245,44.862,9.594,4.767,12.34,44.862,25.308,14.9733,0.1863,0.1296,0.1315,0.129,0.2106,0.1315,0.1993,0.1248,549.08,277.25,360.5,84.555,84.99,85.4625,82.245,83.3325,82.065,46.4695,528.96,535,20.3402,520.01,491.27,13.5632
86.95,57.5625,4.3547,57.5625,286.29,357.7179,571.05,2.6,4.565,173.502,343.02,72.2875,709.92,19.4624,599.94,599.94,9.9901,66.2252,76.7854,2.6,4.565,11.1281,15.7314,9.1108,173.502,343.02,709.92,76.4582,33.245,44.772,9.596,4.769,12.34,44.772,25.2585,14.9741,0.1863,0.1296,0.1316,0.129,0.2106,0.1315,0.1994,0.1249,549.12,277.3,360.55,84.5775,85.035,85.4475,82.245,83.3775,82.035,46.4864,529.02,535,20.3401,520.04,491.3,13.5658
86.775,57.525,4.3547,57.6,286.3125,357.098,570.3,2.6,4.565,173.961,343.02,72.2876,709.92,19.4626,599.94,599.94,9.9903,66.2251,76.7854,2.6,4.565,11.1282,15.7337,9.1102,173.964,343.02,709.92,76.5395,33.25,44.712,9.598,4.768,12.34,44.712,25.209,14.9663,0.1863,0.1297,0.1316,0.1291,0.2107,0.1316,0.1995,0.1249,549.16,277.3,360.55,84.6225,85.08,85.395,82.29,83.3925,81.9975,46.5105,529.02,535,20.34,520.1,491.33,13.5685
86.1,57.5625,4.2766,57.6,286.4025,357.1324,571.1,2.6,4.5625,173.88,342.99,72.2877,709.92,19.4636,599.88,599.88,9.9905,66.2258,76.7854,2.6,4.5625,11.1283,15.7339,9.1102,173.88,342.99,709.92,76.5707,33.25,44.622,9.599,4.764,12.34,44.622,25.1595,14.9669,0.1863,0.1297,0.1317,0.1291,0.2108,0.1316,0.1995,0.125,549.16,277.35,360.6,84.6675,85.035,85.425,82.2975,83.385,82.0275,46.5347,529.02,535,20.3399,520.13,491.36,13.5712
86.15,57.6,4.1188,57.5625,286.56,358.0623,570.55,2.5998,4.5625,173.9745,342.99,72.2878,709.92,19.4641,599.88,599.88,9.9899,66.2259,76.7861,2.5998,4.5625,11.1283,15.7342,9.1102,173.978,342.99,709.92,76.602,33.25,44.544,9.602,4.76,12.34,44.544,25.1155,14.9674,0.1863,0.1298,0.1317,0.1292,0.2109,0.1317,0.1996,0.125,549.16,277.35,360.6,84.6975,85.02,85.4625,82.32,83.4225,82.035,46.5588,529.02,535,20.3399,520.16,491.42,13.5738
86.9,57.525,4.6969,57.525,286.3125,357.3046,570.5,2.5998,4.56,173.4615,342.99,72.2886,709.84,19.4654,599.82,599.82,9.9905,66.2261,76.7864,2.5998,4.56,11.1284,15.7344,9.1096,173.46,342.99,709.84,76.6332,33.25,44.46,9.604,4.756,12.339,44.46,25.077,14.9766,0.1863,0.1298,0.1318,0.1292,0.2109,0.1318,0.1997,0.1251,549.16,277.35,360.65,84.6825,84.9975,85.4925,82.3125,83.4225,82.0575,46.5792,529.05,535,20.3398,520.19,491.45,13.5765
86.75,57.6,4.2141,57.6,286.605,357.8212,570.45,2.5996,4.56,173.259,342.96,72.2888,709.84,19.4661,599.82,599.82,9.9907,66.2263,76.7874,2.5996,4.56,11.1285,15.7347,9.1096,173.25,342.96,709.84,76.6645,33.25,44.424,9.607,4.751,12.34,44.424,25.033,14.9774,0.1863,0.1298,0.1318,0.1292,0.211,0.1318,0.1997,0.1251,549.2,277.4,360.65,84.7125,84.975,85.4325,82.2675,83.445,82.08,46.5995,529.08,535,20.3397,520.25,491.48,13.5792
86.4,57.6,4.2141,57.5625,286.9425,357.2357,570.85,2.5996,4.5575,173.8935,342.96,72.2891,709.84,19.4669,599.82,599.82,9.9909,66.2264,76.7879,2.5996,4.5575,11.1286,15.7349,9.1096,173.894,342.96,709.84,76.6957,33.25,44.418,9.608,4.744,12.34,44.418,24.9945,14.9783,0.1862,0.1299,0.1318,0.1293,0.211,0.1318,0.1998,0.1251,549.24,277.4,360.7,84.69,84.9675,85.4475,82.305,83.415,82.0575,46.6234,529.08,535,20.3396,520.28,491.51,13.5818
86.775,57.6,3.9719,57.6,286.4475,358.0279,570.8,2.5996,4.5575,173.0835,342.96,72.2893,709.84,19.4661,599.94,599.94,9.991,66.2266,76.7884,2.5996,4.5575,11.1287,15.7352,9.1096,173.082,342.96,709.84,76.727,33.25,44.4,9.61,4.735,12.342,44.4,24.967,14.9791,0.1861,0.1299,0.1318,0.1293,0.211,0.1318,0.1998,0.1251,549.24,277.4,360.7,84.66,84.99,85.47,82.3125,83.4075,82.0725,46.6398,529.14,535,20.3395,520.31,491.54,13.5845
86.7,57.6,3.9812,57.6,286.8075,357.7868,570.7,2.5998,4.56,174.1095,342.99,72.2896,709.84,19.4649,600.06,600.06,9.9905,66.2268,76.7881,2.5998,4.56,11.1287,15.7354,9.1096,174.104,342.99,709.84,76.7582,33.25,44.628,9.611,4.731,12.342,44.628,24.956,14.9799,0.1859,0.1298,0.1318,0.1292,0.2108,0.1318,0.1996,0.1251,549.28,277.45,360.7,84.6825,84.96,85.455,82.2975,83.3925,82.1175,46.6635,529.14,535,20.3395,520.34,491.57,13.5871
86.45,57.5625,4.525,57.5625,286.695,357.3391,570.95,2.5998,4.5625,173.772,342.99,72.2892,709.92,19.4639,600.12,600.12,9.9904,66.227,76.7884,2.5998,4.5625,11.1288,15.7357,9.1102,173.768,342.99,709.92,76.7895,33.25,44.778,9.608,4.719,12.342,44.778,25.011,14.9808,0.1857,0.1297,0.1317,0.1292,0.2106,0.1317,0.1994,0.125,549.32,277.45,360.75,84.6375,84.9525,85.4775,82.2975,83.385,82.065,46.6797,529.2,535,20.3394,520.37,491.6,13.5898
86.375,57.5625,4.525,57.6,286.605,357.3046,570.8,2.6,4.565,174.258,343.02,72.2893,709.92,19.4626,600.18,600.18,9.9903,66.2264,76.7879,2.6,4.565,11.1289,15.7329,9.1102,174.258,343.02,709.92,76.8207,33.25,44.916,9.606,4.714,12.343,44.916,25.099,14.9816,0.1858,0.1296,0.1316,0.1291,0.2106,0.1316,0.1993,0.1249,549.36,277.45,360.75,84.6,85.005,85.5075,82.2675,83.43,82.0125,46.6956,529.26,535,20.3393,520.43,491.66,13.6031
86.35,57.6,4.7656,57.5625,286.695,358.0279,570.4,2.6002,4.5675,173.637,343.02,72.2888,710.0,19.4641,600.0,600.0,9.9902,66.2263,76.7871,2.6002,4.5675,11.129,15.7322,9.1108,173.642,343.02,710.0,76.852,33.25,45.012,9.602,4.721,12.343,45.012,25.176,14.9824,0.1859,0.1296,0.1316,0.129,0.2104,0.1315,0.1992,0.1248,549.4,277.45,360.75,84.6075,84.975,85.485,82.275,83.46,82.05,46.7075,529.35,535,20.3392,520.46,491.69,13.6065
86.25,57.5625,4.7172,57.5625,286.4925,357.9245,570.4,2.6002,4.5675,174.123,343.02,72.2888,710.0,19.4634,600.06,600.06,9.9901,66.2262,76.7869,2.6002,4.5675,11.129,15.7314,9.1108,174.132,343.02,710.0,76.8832,33.25,45.102,9.599,4.737,12.344,45.102,25.242,14.9746,0.1861,0.1295,0.1315,0.1289,0.2104,0.1314,0.1991,0.1248,549.52,277.5,360.8,84.63,84.99,85.485,82.29,83.4975,82.0425,46.7191,529.44,535,20.3392,520.49,491.72,13.6098
86.525,57.6,4.6375,57.5625,286.47,357.7868,570.55,2.6004,4.57,173.556,343.05,72.2888,710.0,19.4631,600.06,600.06,9.99,66.2261,76.7859,2.6004,4.57,11.1291,15.7337,9.1108,173.558,343.05,710.0,76.9145,33.25,45.15,9.596,4.755,12.344,45.15,25.2915,14.9752,0.1863,0.1295,0.1315,0.1289,0.2102,0.1314,0.1991,0.1247,549.6,277.5,360.8,84.615,85.0275,85.485,82.335,83.46,81.99,46.7265,529.56,535,20.3391,520.52,491.75,13.6131
86.45,57.6,4.5891,57.6,286.6725,357.4424,570.3,2.6004,4.57,173.4075,343.05,72.2888,710.0,19.4621,600.12,600.12,9.99,66.226,76.7854,2.6004,4.57,11.1292,15.7339,9.1113,173.418,343.05,710.0,76.9457,33.25,45.198,9.593,4.773,12.344,45.198,25.33,14.9757,0.1865,0.1295,0.1314,0.1289,0.2102,0.1314,0.199,0.1247,549.72,277.55,360.85,84.6225,85.0125,85.5075,82.305,83.415,81.9975,46.7537,529.68,540,20.339,520.58,491.78,13.6165
86.7,57.525,4.5906,57.6,286.425,357.408,570.15,2.6004,4.57,173.637,343.05,72.2888,710.0,19.4616,600.12,600.12,9.9899,66.226,76.7849,2.6004,4.57,11.1293,15.7342,9.1113,173.628,343.05,710.0,77.0276,33.255,45.246,9.591,4.79,12.342,45.246,25.3685,14.9849,0.1866,0.1295,0.1314,0.1289,0.2102,0.1314,0.1989,0.1247,549.88,277.55,360.9,84.645,85.065,85.455,82.305,83.4,82.02,46.7803,529.8,540,20.3389,520.61,491.81,13.6198
86.825,57.525,3.9719,57.5625,286.38,357.3391,571.05,2.6004,4.5725,173.367,343.05,72.2882,710.08,19.4611,600.12,600.12,9.9898,66.2259,76.7844,2.6004,4.5725,11.1294,15.7344,9.1113,173.362,343.05,710.08,77.0594,33.255,45.27,9.589,4.804,12.344,45.27,25.3905,14.9858,0.1868,0.1295,0.1314,0.1288,0.2101,0.1314,0.1989,0.1247,550.0,277.6,360.9,84.69,85.11,85.41,82.29,83.445,82.02,46.8065,529.92,540,20.3389,520.64,491.87,13.6231
86.625,57.5625,4.5563,57.6,286.6725,357.8212,570.4,2.6004,4.5725,174.0285,343.05,72.2881,710.08,19.4606,600.12,600.12,9.9897,66.2258,76.7839,2.6004,4.5725,11.1294,15.7347,9.1113,174.02,343.05,710.08,77.0913,33.255,45.294,9.587,4.817,12.344,45.294,25.4125,14.9866,0.1869,0.1295,0.1314,0.1288,0.2102,0.1314,0.1989,0.1247,550.12,277.6,360.95,84.7275,85.1625,85.395,82.275,83.445,82.0725,46.836,530.01,540,20.3388,520.67,491.9,13.6265
86.85,57.5625,3.9375,57.5625,286.965,357.4768,570.25,2.6,4.5725,172.9485,343.05,72.288,710.08,19.4601,600.12,600.12,9.9896,66.2257,76.7849,2.6,4.5725,11.1295,15.7349,9.1108,172.942,343.05,710.08,77.1232,33.255,45.27,9.586,4.828,12.345,45.27,25.429,14.9874,0.187,0.1295,0.1314,0.1288,0.2101,0.1314,0.1989,0.1247,550.2,277.65,361.0,84.7575,85.1175,85.38,82.29,83.4,82.065,46.8575,530.16,540,20.3387,520.73,491.93,13.6298
86.925,57.6,4.4953,57.525,286.245,357.3046,570.7,2.6,4.5725,173.5965,343.05,72.2878,710.08,19.4596,600.12,600.12,9.9895,66.2256,76.7849,2.6,4.5725,11.1296,15.7352,9.1108,173.6,343.05,710.08,77.1551,33.255,45.3,9.585,4.84,12.346,45.3,25.4345,14.9883,0.1871,0.1295,0.1314,0.1288,0.2101,0.1314,0.1989,0.1247,550.36,277.65,361.0,84.7125,85.14,85.365,82.32,83.3925,82.065,46.886,530.25,540,20.3386,520.76,491.96,13.6331
86.925,57.525,4.4953,57.525,286.9875,357.8557,570.55,2.6,4.5725,173.2185,343.05,72.2877,710.08,19.4591,600.12,600.12,9.9895,66.2255,76.7849,2.6,4.5725,11.1297,15.7354,9.1108,173.222,343.05,710.08,77.2376,33.26,45.294,9.583,4.847,12.346,45.294,25.4345,14.9891,0.1872,0.1295,0.1314,0.1288,0.2101,0.1314,0.1989,0.1246,550.48,277.7,361.05,84.69,85.1625,85.3875,82.35,83.4375,82.035,46.9066,530.4,540,20.3386,520.79,492.02,13.6365
86.45,57.525,4.3109,57.5625,286.47,357.5801,570.6,2.6,4.5725,173.934,343.05,72.2876,710.08,19.4586,600.12,600.12,9.9894,66.2254,76.7849,2.6,4.5725,11.1298,15.7357,9.1108,173.936,343.05,710.08,77.2701,33.26,45.306,9.582,4.855,12.346,45.306,25.451,14.9813,0.1873,0.1295,0.1313,0.1288,0.2102,0.1313,0.1989,0.1246,550.6,277.7,361.1,84.7125,85.125,85.3875,82.365,83.475,81.9975,46.9379,530.46,540,20.3385,520.85,492.05,13.6398
86.55,57.5625,4.0812,57.6,286.245,357.5113,570.6,2.6,4.5725,174.0555,343.05,72.2875,710.08,19.4604,599.94,599.94,9.9893,66.2254,76.7849,2.6,4.5725,11.1298,15.7329,9.1108,174.048,343.05,710.08,77.3026,33.26,45.264,9.581,4.862,12.346,45.264,25.451,14.9819,0.1874,0.1295,0.1313,0.1288,0.2102,0.1313,0.1989,0.1246,550.68,277.75,361.1,84.6825,85.1175,85.365,82.305,83.5275,81.9825,46.9689,530.52,540,20.3384,520.88,492.08,13.6431
86.675,57.5625,4.75,57.5625,286.92,357.1669,570.85,2.6,4.5725,173.8665,343.05,72.2874,710.08,19.4606,599.94,599.94,9.99,66.2253,76.7849,2.6,4.5725,11.1299,15.7322,9.1113,173.866,343.05,710.08,77.3857,33.265,45.186,9.581,4.871,12.346,45.186,25.451,14.9824,0.1875,0.1295,0.1314,0.1288,0.2102,0.1314,0.199,0.1247,550.76,277.75,361.15,84.6525,85.1325,85.395,82.3125,83.55,81.9675,46.9997,530.58,540,20.3383,520.94,492.11,13.6465
86.675,57.5625,4.75,57.5625,286.2,357.8557,570.95,2.6,4.57,173.988,343.05,72.2872,710.08,19.4616,599.88,599.88,9.9901,66.2252,76.7849,2.6,4.57,11.13,15.7314,9.1108,173.978,343.05,710.08,77.4189,33.265,45.108,9.581,4.88,12.345,45.108,25.4345,14.9916,0.1877,0.1296,0.1314,0.1288,0.2103,0.1314,0.1991,0.1247,550.8,277.75,361.15,84.645,85.1625,85.4325,82.2675,83.505,81.9525,47.0303,530.64,540,20.3383,520.97,492.17,13.6498
86.275,57.5625,4.45,57.5625,286.4475,357.098,570.4,2.5998,4.57,173.7315,343.05,72.2877,710.0,19.4606,600.0,600.0,9.9903,66.2251,76.7856,2.5998,4.57,11.1301,15.7337,9.1108,173.726,343.05,710.0,77.452,33.265,45.006,9.582,4.888,12.346,45.006,25.4015,14.9924,0.1878,0.1296,0.1314,0.1289,0.2104,0.1314,0.1992,0.1247,550.88,277.8,361.2,84.675,85.125,85.3875,82.2675,83.505,81.9675,47.0606,530.7,540,20.3382,521.0,492.2,13.6531
86.85,57.6,4.4578,57.5625,286.74,357.7179,571.0,2.5998,4.5675,173.4345,343.02,72.2877,710.0,19.4606,600.0,600.0,9.9905,66.225,76.7859,2.5998,4.5675,11.1301,15.7339,9.1102,173.432,343.02,710.0,77.4851,33.265,44.91,9.584,4.893,12.346,44.91,25.3575,14.9933,0.1879,0.1297,0.1315,0.1289,0.2105,0.1314,0.1993,0.1248,550.92,277.8,361.2,84.66,85.1175,85.425,82.23,83.5275,81.945,47.0906,530.76,540,20.3381,521.06,492.23,13.6565
86.0,57.5625,3.8516,57.6,286.2225,357.5801,570.25,2.5996,4.5675,173.7585,343.02,72.2877,710.0,19.4614,599.94,599.94,9.9899,66.2249,76.7869,2.5996,4.5675,11.1302,15.7342,9.1102,173.768,343.02,710.0,77.5689,33.27,44.832,9.586,4.896,12.348,44.832,25.297,14.9855,0.1879,0.1297,0.1315,0.129,0.2106,0.1315,0.1993,0.1248,551.0,277.85,361.25,84.6075,85.1625,85.4175,82.275,83.505,81.975,47.1242,530.79,540,20.338,521.09,492.29,13.6598
86.225,57.5625,4.7016,57.6,286.38,357.1324,570.75,2.6,4.565,173.988,343.02,72.2884,709.92,19.4616,599.94,599.94,9.9898,66.2249,76.7859,2.6,4.565,11.1273,15.7344,9.1102,173.992,343.02,709.92,77.6026,33.27,44.736,9.588,4.894,12.348,44.736,25.242,14.986,0.188,0.1298,0.1316,0.1291,0.2107,0.1315,0.1994,0.1249,551.04,277.85,361.25,84.5625,85.1925,85.4325,82.275,83.4675,81.9675,47.1577,530.82,540,20.3379,521.15,492.32,13.6738
86.3,57.6,4.7016,57.5625,286.38,357.4424,570.7,2.6,4.565,173.124,342.99,72.2886,709.92,19.4626,599.88,599.88,9.9897,66.2254,76.7866,2.5998,4.5625,11.1264,15.7347,9.1102,173.124,342.99,709.92,77.6701,33.27,44.628,9.59,4.892,12.348,44.58,25.1925,14.9871,0.188,0.1298,0.1316,0.1291,0.2107,0.1316,0.1996,0.1249,551.04,277.85,361.3,84.525,85.1925,85.3875,82.29,83.43,82.005,47.2241,530.88,540,20.3379,521.18,492.35,13.6778
86.725,57.5625,4.7156,57.5625,286.2675,357.098,570.1,2.5998,4.5625,173.961,342.99,72.2894,709.84,19.4644,599.82,599.88,9.9905,66.2256,76.7869,2.5998,4.5625,11.1255,15.7349,9.1096,173.964,342.99,709.92,77.7039,33.27,44.58,9.593,4.891,12.347,44.496,25.143,14.9877,0.188,0.1299,0.1317,0.1292,0.2109,0.1317,0.1996,0.125,551.12,277.9,361.3,84.5475,85.23,85.4025,82.26,83.4225,82.005,47.2572,530.91,540,20.3378,521.21,492.41,13.6858
86.0,57.6375,4.3094,57.525,286.155,357.8557,570.95,2.5998,4.5625,173.826,342.99,72.2894,709.84,19.4644,599.82,599.82,9.9905,66.2256,76.7869,2.5998,4.5625,11.1275,15.7352,9.1091,173.824,342.99,709.84,77.7039,33.27,44.496,9.595,4.886,12.347,44.496,25.0935,14.9877,0.188,0.1299,0.1317,0.1292,0.211,0.1317,0.1997,0.125,551.12,277.9,361.35,84.525,85.2525,85.3875,82.26,83.4825,81.96,47.2572,530.91,540,20.3377,521.27,492.44,13.6858
86.875,57.6,4.3094,57.5625,286.2225,357.4768,570.7,2.5998,4.56,173.097,342.99,72.2896,709.84,19.4651,599.82,599.82,9.9907,66.2265,76.7871,2.5998,4.56,11.1276,15.7354,9.1091,173.11,342.99,709.84,77.7376,33.27,44.43,9.598,4.882,12.347,44.43,25.055,14.9882,0.188,0.1299,0.1318,0.1292,0.2109,0.1318,0.1998,0.1251,551.12,277.95,361.4,84.5775,85.215,85.4025,82.2825,83.4825,81.975,47.2901,530.94,540,20.3376,521.3,492.47,13.6898
86.775,57.525,4.0531,57.5625,286.515,357.3046,570.75,2.5996,4.56,173.691,342.96,72.2899,709.84,19.4659,599.82,599.82,9.9909,66.2262,76.7881,2.5996,4.56,11.1277,15.7357,9.1096,173.684,342.96,709.84,77.7714,33.27,44.412,9.6,4.879,12.348,44.412,25.0165,14.9974,0.1879,0.13,0.1318,0.1292,0.211,0.1318,0.1998,0.1251,551.2,278.0,361.45,84.5925,85.17,85.3725,82.275,83.4525,81.9525,47.323,530.97,540,20.3376,521.36,492.53,13.6938
86.35,57.525,4.5141,57.525,286.65,357.5113,570.95,2.5996,4.5575,173.799,342.96,72.2901,709.84,19.4666,599.82,599.82,9.991,66.2264,76.7886,2.5996,4.5575,11.1285,15.7329,9.1096,173.796,342.96,709.84,77.8557,33.275,44.388,9.601,4.873,12.348,44.388,24.978,14.9983,0.1879,0.13,0.1318,0.1293,0.211,0.1318,0.1998,0.1251,551.2,278.0,361.45,84.6,85.185,85.3875,82.2525,83.43,81.9225,47.3557,531.0,540,20.3375,521.39,492.56,13.6978
86.725,57.525,4.5141,57.5625,286.3575,357.1324,570.4,2.5996,4.5575,173.7855,342.96,72.2904,709.84,19.4659,599.94,599.94,9.9912,66.2265,76.7891,2.5996,4.5575,11.1288,15.7322,9.1096,173.782,342.96,709.84,77.8395,33.27,44.358,9.603,4.869,12.348,44.358,24.9615,14.9991,0.1879,0.13,0.1318,0.1293,0.2111,0.1318,0.1998,0.1251,551.24,278.05,361.5,84.6375,85.1925,85.3425,82.2675,83.43,81.9375,47.3921,531.0,540,20.3374,521.42,492.59,13.7018
86.45,57.6375,4.8234,57.6,286.4925,357.959,570.7,2.5996,4.5575,173.718,342.96,72.2906,709.84,19.4661,599.94,599.94,9.9914,66.2267,76.7896,2.5996,4.5575,11.1284,15.7314,9.1091,173.712,342.96,709.84,77.8733,33.27,44.34,9.604,4.867,12.35,44.34,24.9395,14.9913,0.1879,0.13,0.1318,0.1293,0.2111,0.1318,0.1999,0.1251,551.24,278.05,361.55,84.6525,85.14,85.305,82.245,83.4375,81.9525,47.4247,531.03,540,20.3373,521.48,492.65,13.7058
86.05,57.6,4.5422,57.525,286.4925,357.3391,570.75,2.5996,4.5575,173.529,342.96,72.2902,709.92,19.4664,599.94,599.94,9.9915,66.2269,76.7901,2.5996,4.5575,11.1285,15.7337,9.1096,173.53,342.96,709.92,77.907,33.27,44.334,9.605,4.868,12.35,44.334,24.923,14.9919,0.1879,0.13,0.1319,0.1293,0.211,0.1318,0.1999,0.1252,551.28,278.1,361.6,84.6375,85.1025,85.335,82.2225,83.4675,82.005,47.4534,531.09,540,20.3373,521.51,492.68,13.7098
86.05,57.525,4.7578,57.6,286.8525,357.1324,570.55,2.5996,4.5575,173.907,342.96,72.2904,709.92,19.4666,599.94,599.94,9.9917,66.227,76.7906,2.5996,4.5575,11.1286,15.7339,9.1096,173.908,342.96,709.92,77.9408,33.27,44.346,9.606,4.868,12.35,44.346,24.912,14.9924,0.1879,0.13,0.1319,0.1293,0.2111,0.1318,0.1999,0.1252,551.32,278.15,361.65,84.615,85.095,85.3725,82.23,83.4525,81.9825,47.4857,531.12,540,20.3372,521.54,492.71,13.7138
86.325,57.5625,4.2172,57.6,286.2675,357.7523,570.4,2.5996,4.5575,173.988,342.96,72.2905,709.92,19.4669,599.94,599.94,9.9919,66.2272,76.7912,2.5996,4.5575,11.1287,15.7342,9.1096,173.992,342.96,709.92,77.9745,33.27,44.346,9.606,4.869,12.349,44.346,24.912,14.993,0.188,0.13,0.1319,0.1293,0.2111,0.1318,0.1999,0.1252,551.36,278.15,361.65,84.66,85.095,85.3725,82.2825,83.4075,81.975,47.5178,531.15,540,20.3371,521.6,492.74,13.7178
86.625,57.5625,4.2172,57.6,286.695,357.649,570.2,2.6,4.5575,173.88,342.96,72.2906,709.92,19.4671,599.94,599.94,9.992,66.2274,76.7902,2.6,4.5575,11.1287,15.7344,9.1096,173.88,342.96,709.92,78.0083,33.27,44.334,9.607,4.872,12.35,44.334,24.9175,15.0021,0.1881,0.13,0.1319,0.1293,0.2111,0.1318,0.1999,0.1252,551.4,278.2,361.7,84.6825,85.0425,85.32,82.2975,83.4,82.0125,47.5498,531.18,540,20.337,521.63,492.8,13.7218
86.775,57.6,4.125,57.5625,286.8975,357.2357,570.35,2.6,4.5575,173.7585,342.96,72.2907,709.92,19.4674,599.94,599.94,9.9922,66.2275,76.7902,2.6,4.5575,11.1296,15.7347,9.1102,173.754,342.96,709.92,78.042,33.27,44.328,9.607,4.878,12.35,44.328,24.912,15.003,0.1881,0.1301,0.1319,0.1293,0.2111,0.1318,0.1999,0.1252,551.44,278.2,361.75,84.6375,85.0575,85.3425,82.26,83.46,81.9975,47.5779,531.24,540,20.337,521.69,492.83,13.7258
86.875,57.6,3.925,57.525,286.2675,357.0291,571.0,2.6,4.5575,174.069,342.96,72.2908,709.92,19.4676,599.94,599.94,9.9924,66.2277,76.7902,2.6,4.5575,11.1291,15.7349,9.1102,174.062,342.96,709.92,78.0758,33.27,44.328,9.607,4.883,12.35,44.328,24.912,15.0038,0.1882,0.1301,0.1319,0.1293,0.2111,0.1318,0.1999,0.1252,551.48,278.25,361.75,84.5925,85.0875,85.32,82.305,83.415,81.9675,47.6096,531.27,540,20.3369,521.72,492.86,13.7298
86.05,57.6,4.2125,57.525,286.4925,357.098,570.3,2.6,4.5575,173.7855,342.96,72.291,709.92,19.4679,599.94,599.94,9.9925,66.2279,76.7902,2.6,4.5575,11.1292,15.7352,9.1102,173.782,342.96,709.92,78.1095,33.27,44.316,9.608,4.888,12.352,44.316,24.8955,15.0046,0.1883,0.1301,0.1319,0.1293,0.2111,0.1318,0.1999,0.1252,551.52,278.25,361.8,84.585,85.14,85.305,82.3125,83.3775,81.9675,47.6373,531.33,540,20.3368,521.75,492.92,13.7338
86.05,57.525,4.4859,57.6,286.56,357.6146,570.1,2.6,4.5575,174.0555,342.96,72.2911,709.92,19.4689,599.88,599.88,9.9927,66.228,76.7902,2.6,4.5575,11.1293,15.7354,9.1096,174.048,342.96,709.92,78.1433,33.27,44.31,9.608,4.895,12.353,44.31,24.89,14.9969,0.1884,0.1301,0.1319,0.1293,0.2112,0.1318,0.1999,0.1252,551.56,278.3,361.85,84.5775,85.0875,85.32,82.335,83.4375,81.93,47.6686,531.36,540,20.3367,521.81,492.95,13.7378
86.475,57.525,4.1453,57.5625,286.4475,357.3391,570.9,2.6,4.5575,173.286,342.96,72.2912,709.92,19.4694,599.88,599.88,9.9929,66.2282,76.7902,2.6,4.5575,11.1294,15.7357,9.1096,173.292,342.96,709.92,78.177,33.27,44.292,9.608,4.9,12.353,44.328,24.879,14.9974,0.1884,0.1301,0.1319,0.1293,0.2111,0.1318,0.1999,0.1252,551.6,278.3,361.85,84.54,85.11,85.365,82.335,83.4075,81.8925,47.7155,531.54,540,20.3366,521.84,492.98,13.7525
86.15,57.6,4.5953,57.525,286.9425,357.0291,570.6,2.6,4.555,173.61,342.96,72.2913,709.92,19.4691,599.94,599.94,9.993,66.2284,76.7902,2.6,4.555,11.1302,15.7329,9.1096,173.614,342.96,709.92,78.2108,33.27,44.328,9.609,4.906,12.353,44.328,24.868,14.998,0.1885,0.1301,0.1319,0.1294,0.2111,0.1318,0.1999,0.1252,551.72,278.3,361.9,84.5175,85.0725,85.3875,82.3125,83.3775,81.9,47.7155,531.54,540,20.3366,521.87,493.01,13.7571
86.175,57.6,4.0187,57.6,286.8975,357.5113,570.7,2.6,4.5575,172.719,342.96,72.2915,709.92,19.4694,599.94,599.94,9.9932,66.2285,76.7902,2.6,4.5575,11.1305,15.7322,9.1096,172.718,342.96,709.92,78.2445,33.27,44.364,9.608,4.91,12.352,44.364,24.8735,15.0071,0.1885,0.1301,0.1319,0.1293,0.211,0.1318,0.1999,0.1252,551.8,278.35,361.9,84.555,85.05,85.365,82.26,83.3775,81.945,47.7346,531.66,540,20.3365,521.93,493.07,13.7618
86.025,57.6,4.0187,57.525,286.3575,357.1669,570.65,2.6002,4.56,173.4345,342.99,72.291,710.0,19.4674,600.12,600.12,9.9926,66.2287,76.7894,2.6002,4.56,11.1309,15.7314,9.1102,173.432,342.99,710.0,78.2783,33.27,44.862,9.608,4.913,12.352,45.264,24.89,15.008,0.1882,0.1299,0.1318,0.1292,0.2106,0.1318,0.1993,0.125,551.92,278.4,361.95,84.585,85.02,85.335,82.2675,83.3775,81.99,47.7525,532.05,540,20.3364,521.96,493.1,13.7665
86.175,57.5625,4.7625,57.6,286.9425,357.0291,570.2,2.6006,4.5675,173.2185,343.02,72.2903,710.08,19.4654,600.24,600.24,9.9925,66.2281,76.7877,2.6006,4.5675,11.1274,15.7337,9.1113,173.208,343.02,710.08,78.312,33.27,45.264,9.6,4.898,12.352,45.264,25.044,15.0088,0.1879,0.1297,0.1316,0.129,0.2101,0.1315,0.199,0.1248,552.08,278.4,362.0,84.63,85.065,85.305,82.2375,83.3625,82.0125,47.7525,532.05,540,20.3363,522.02,493.13,13.7711
86.65,57.5625,4.7625,57.6,286.155,357.9934,570.35,2.601,4.5725,173.502,343.05,72.289,710.24,19.4621,600.42,600.42,9.9917,66.228,76.7854,2.601,4.5725,11.1265,15.7339,9.1124,173.502,343.05,710.24,78.3458,33.27,45.636,9.592,4.894,12.354,45.948,25.242,15.0096,0.1879,0.1295,0.1314,0.1288,0.2098,0.1314,0.1986,0.1246,552.32,278.45,362.05,84.6525,85.0725,85.3125,82.29,83.3625,81.9675,47.7594,532.5,540,20.3363,522.05,493.19,13.7758
86.4,57.6,4.4812,57.5625,286.4925,357.649,570.05,2.6008,4.5775,173.8395,343.11,72.288,710.32,19.4589,600.54,600.54,9.9914,66.2272,76.7849,2.6008,4.5775,11.1256,15.7342,9.1124,173.838,343.11,710.32,78.3796,33.27,45.948,9.582,4.907,12.354,45.948,25.451,15.0019,0.188,0.1294,0.1312,0.1286,0.2095,0.1311,0.1983,0.1244,552.56,278.5,362.1,84.6375,85.0575,85.2825,82.3425,83.355,81.99,47.7594,532.5,540,20.3362,522.11,493.22,13.7805
86.7,57.6,3.8719,57.6,286.8975,357.0636,570.7,2.6012,4.5825,174.2445,343.14,72.2868,710.4,19.4559,600.6,600.6,9.9903,66.2269,76.7824,2.6012,4.5825,11.1277,15.7344,9.1135,174.244,343.14,710.4,78.4133,33.27,46.176,9.572,4.934,12.354,46.176,25.6435,15.0024,0.1883,0.1292,0.131,0.1284,0.2094,0.131,0.198,0.1243,552.8,278.55,362.15,84.6075,85.0575,85.335,82.38,83.4,81.96,47.7634,532.71,540,20.3361,522.14,493.28,13.7851
86.775,57.525,4.6656,57.5625,286.4025,357.6835,570.7,2.6014,4.585,174.258,343.14,72.2868,710.32,19.4549,600.48,600.48,9.9897,66.2265,76.7802,2.6014,4.585,11.1278,15.7347,9.1135,174.258,343.14,710.32,78.4471,33.27,46.29,9.563,4.969,12.354,46.29,25.8085,15.003,0.1887,0.1292,0.1309,0.1283,0.2092,0.1309,0.1979,0.1242,553.04,278.55,362.2,84.6525,85.1025,85.3425,82.3875,83.3775,81.945,47.7665,532.92,540,20.336,522.2,493.31,13.7898
86.875,57.6,4.6656,57.6375,286.74,357.8901,570.1,2.601,4.5875,174.096,343.17,72.2858,710.32,19.4544,600.36,600.36,9.9891,66.2249,76.7786,2.601,4.59,11.1278,15.7349,9.1129,174.104,343.17,710.32,78.5314,33.275,46.338,9.555,5.008,12.353,46.326,25.924,15.0035,0.1891,0.1291,0.1308,0.1283,0.2091,0.1308,0.1979,0.1241,553.24,278.6,362.25,84.6225,85.0725,85.32,82.4025,83.3475,81.915,47.7703,533.34,540,20.336,522.23,493.34,13.7945
86.15,57.5625,4.1484,57.525,286.065,357.4424,569.95,2.601,4.59,173.718,343.17,72.2858,710.32,19.4529,600.36,600.36,9.9885,66.2249,76.7786,2.601,4.59,11.1279,15.7352,9.1135,173.712,343.17,710.32,78.5658,33.275,46.326,9.549,5.046,12.353,46.326,26.0065,15.0041,0.1895,0.1291,0.1308,0.1282,0.2091,0.1307,0.1979,0.124,553.44,278.65,362.3,84.5925,85.0725,85.2675,82.395,83.4,81.885,47.7703,533.34,540,20.3359,522.29,493.4,13.7991
86.35,57.6,4.7922,57.5625,286.11,356.9947,570.1,2.6012,4.59,173.2185,343.17,72.2847,710.4,19.4536,600.18,600.18,9.9887,66.2243,76.7766,2.6012,4.59,11.128,15.7354,9.1135,173.222,343.17,710.4,78.6508,33.28,46.29,9.545,5.08,12.353,46.248,26.0505,15.0046,0.1899,0.1291,0.1308,0.1282,0.209,0.1307,0.1979,0.124,553.68,278.65,362.35,84.615,85.0575,85.2675,82.3725,83.445,81.93,47.7705,533.76,540,20.3358,522.35,493.46,13.8038
86.9,57.5625,3.8687,57.6,286.9425,357.8212,570.7,2.6006,4.59,173.3265,343.17,72.2841,710.32,19.4529,600.12,600.18,9.988,66.2239,76.7766,2.6006,4.59,11.1281,15.7357,9.1129,173.334,343.17,710.4,78.7714,33.285,46.248,9.541,5.108,12.353,46.17,26.0615,15.0057,0.1901,0.1291,0.1308,0.1282,0.2091,0.1307,0.1979,0.124,553.92,278.7,362.35,84.5775,85.1025,85.2975,82.3875,83.4675,81.9375,47.7807,533.88,540,20.3357,522.38,493.49,13.8131
86.725,57.6,3.8687,57.6,286.11,357.8557,570.25,2.6006,4.59,174.069,343.17,72.2841,710.32,19.4529,600.12,600.12,9.988,66.2239,76.7766,2.6006,4.59,11.1282,15.7329,9.1124,174.076,343.17,710.32,78.7714,33.285,46.17,9.539,5.13,12.353,46.17,26.0615,15.0057,0.1904,0.1292,0.1308,0.1282,0.2093,0.1307,0.198,0.124,554.12,278.7,362.4,84.555,85.1325,85.245,82.425,83.5125,81.9375,47.7807,533.88,540,20.3357,522.44,493.55,13.8131
86.575,57.6,4.0969,57.6,286.155,357.1324,570.5,2.6006,4.5875,174.2445,343.17,72.2848,710.16,19.4531,600.06,600.06,9.9877,66.2235,76.7759,2.6006,4.5875,11.1282,15.7322,9.1118,174.244,343.17,710.16,78.8577,33.29,46.002,9.538,5.148,12.353,45.78,26.045,15.0063,0.1907,0.1292,0.1308,0.1283,0.2095,0.1308,0.1982,0.1241,554.24,278.75,362.45,84.6,85.1475,85.2,82.4625,83.505,81.96,47.811,534.03,540,20.3356,522.5,493.58,13.8178
86.8,57.6,4.4828,57.5625,286.695,357.6835,570.45,2.6004,4.585,173.7585,343.14,72.2846,710.16,19.4536,600.0,600.0,9.9881,66.2232,76.7759,2.6004,4.585,11.1283,15.7314,9.1118,173.754,343.14,710.16,78.8939,33.29,45.78,9.539,5.166,12.354,45.78,25.9955,15.0069,0.1909,0.1293,0.1309,0.1283,0.2097,0.1309,0.1984,0.1242,554.32,278.75,362.45,84.5625,85.185,85.1925,82.425,83.505,81.93,47.811,534.03,540,20.3355,522.56,493.64,13.8225
86.725,57.525,4.4828,57.5625,286.56,357.4424,570.65,2.6002,4.5825,173.3805,343.14,72.285,710.08,19.4544,599.94,599.94,9.988,66.2236,76.7762,2.6002,4.5825,11.1284,15.7337,9.1113,173.376,343.14,710.08,78.9808,33.295,45.546,9.541,5.182,12.354,45.546,25.9075,15.0074,0.1912,0.1295,0.131,0.1284,0.2098,0.131,0.1986,0.1243,554.4,278.8,362.5,84.6,85.2225,85.1775,82.38,83.52,81.9,47.8276,534.09,540,20.3354,522.62,493.7,13.8378
86.975,57.5625,4.3406,57.6,286.11,357.7868,570.85,2.6,4.58,174.0825,343.08,72.2854,710.0,19.4584,599.7,599.82,9.9886,66.2235,76.7782,2.5996,4.575,11.1285,15.7342,9.1108,174.09,343.11,710.0,79.1058,33.3,45.318,9.545,5.191,12.354,45.036,25.7975,15.0085,0.1913,0.1296,0.1311,0.1286,0.2102,0.1311,0.1989,0.1244,554.44,278.8,362.55,84.6,85.215,85.2,82.365,83.4675,81.9,47.8791,534.06,540,20.3353,522.65,493.73,13.8485
86.05,57.5625,4.8344,57.6,286.02,357.4768,570.0,2.5996,4.575,173.8125,343.08,72.2854,710.0,19.4584,599.7,599.7,9.9886,66.2235,76.7782,2.5996,4.575,11.1285,15.7342,9.1102,173.81,343.08,710.0,79.1058,33.3,45.036,9.549,5.193,12.354,45.036,25.671,15.0085,0.1915,0.1297,0.1312,0.1287,0.2104,0.1312,0.1991,0.1245,554.44,278.85,362.6,84.57,85.2225,85.185,82.32,83.4675,81.9225,47.8791,534.06,540,20.3353,522.71,493.79,13.8485
86.45,57.5625,4.3531,57.5625,286.92,356.9602,570.6,2.5994,4.57,173.2995,343.05,72.2861,709.92,19.4604,599.64,599.64,9.9888,66.2241,76.7794,2.5994,4.57,11.1286,15.7344,9.1096,173.306,343.05,709.92,79.1939,33.305,44.754,9.556,5.193,12.354,44.502,25.5335,15.0091,0.1916,0.1299,0.1314,0.1288,0.2106,0.1314,0.1994,0.1247,554.4,278.9,362.6,84.5925,85.17,85.185,82.365,83.4825,81.9525,47.9385,533.97,540,20.3352,522.77,493.85,13.8538
86.675,57.525,4.3531,57.5625,286.11,357.098,570.25,2.5992,4.5675,173.367,342.99,72.2862,709.92,19.4639,599.58,599.7,9.9899,66.2245,76.7834,2.5988,4.5625,11.1287,15.7347,9.1091,173.362,343.02,710.0,79.3208,33.31,44.502,9.563,5.188,12.354,44.268,25.3795,15.0102,0.1916,0.13,0.1315,0.129,0.2109,0.1315,0.1997,0.1248,554.4,278.9,362.65,84.615,85.155,85.185,82.3425,83.4375,81.945,47.9779,533.85,540,20.3351,522.83,493.88,13.8645
86.775,57.5625,4.7969,57.6,286.0425,357.2013,570.0,2.5988,4.5625,173.9745,342.99,72.2869,709.84,19.4639,599.58,599.58,9.9899,66.2254,76.7857,2.5986,4.5575,11.1288,15.7349,9.1086,173.978,342.99,709.92,79.3595,33.31,44.268,9.57,5.175,12.354,44.01,25.22,15.0107,0.1915,0.1301,0.1317,0.1292,0.2112,0.1317,0.1999,0.125,554.32,278.95,362.75,84.5925,85.1775,85.155,82.38,83.4225,81.945,48.0178,533.73,540,20.335,522.86,493.94,13.8645
86.9,57.525,4.2828,57.6,286.425,357.1324,570.15,2.5988,4.5575,173.6775,342.93,72.2878,709.76,19.4671,599.58,599.58,9.9907,66.2258,76.7867,2.5988,4.555,11.1289,15.7354,9.108,173.67,342.93,709.76,79.3983,33.31,43.764,9.578,5.158,12.354,43.764,24.9395,15.0113,0.1914,0.1303,0.1318,0.1293,0.2114,0.1318,0.2002,0.1251,554.2,279.0,362.8,84.585,85.17,85.1925,82.4025,83.4675,81.9375,48.0582,533.61,540,20.3349,522.92,494.0,13.8751
86.1,57.6,4.2828,57.5625,286.785,357.0291,570.5,2.5988,4.555,173.6775,342.93,72.2882,709.76,19.4689,599.58,599.58,9.9911,66.2262,76.7882,2.5988,4.555,11.129,15.7357,9.108,173.67,342.93,709.76,79.437,33.31,43.764,9.586,5.139,12.354,43.764,24.9395,15.0118,0.1912,0.1304,0.132,0.1294,0.2117,0.1319,0.2004,0.1253,554.08,279.05,362.85,84.585,85.17,85.1925,82.4025,83.4675,81.9375,48.084,533.61,540,20.3348,522.98,494.03,13.8805
86.1,57.6,4.2828,57.5625,286.785,357.0291,570.5,2.5988,4.555,173.6775,342.93,72.2882,709.76,19.4689,599.58,599.58,9.9911,66.2262,76.7882,2.5988,4.555,11.129,15.7357,9.108,173.67,342.93,709.76,79.437,33.31,43.764,9.586,5.139,12.354,43.764,24.9395,15.0118,0.1912,0.1304,0.132,0.1294,0.2117,0.1319,0.2004,0.1253,554.08,279.05,362.85,84.585,85.17,85.1925,82.4025,83.4675,81.9375,48.084,533.61,540,20.3348,522.98,494.03,13.8805
86.1,57.6,4.2828,57.5625,286.785,357.0291,570.5,2.5988,4.555,173.6775,342.93,72.2889,709.76,19.4724,599.58,599.58,9.992,66.2271,76.7912,2.5988,4.555,11.1292,15.7362,9.108,173.67,342.93,709.76,79.5145,33.31,43.764,9.586,5.139,12.354,43.764,24.9395,15.013,0.1912,0.1304,0.132,0.1294,0.2117,0.1319,0.2004,0.1253,554.08,279.05,362.85,84.585,85.17,85.1925,82.4025,83.4675,81.9375,48.1356,533.61,540,20.3347,522.98,494.03,13.8911
86.1,57.6,4.6391,57.5625,286.785,357.0291,570.5,2.5988,4.555,173.6775,342.93,72.2899,709.68,19.4756,599.46,599.58,9.9924,66.2275,76.7912,2.5992,4.55,11.13,15.7334,9.108,173.67,342.93,709.76,79.5533,33.31,43.764,9.586,5.139,12.354,43.554,24.9395,15.0135,0.1912,0.1304,0.132,0.1294,0.2117,0.1319,0.2004,0.1253,554.08,279.05,362.85,84.585,85.17,85.1925,82.4025,83.4675,81.9375,48.1765,533.49,540,20.3346,522.98,494.03,13.8965
86.975,57.6,4.6391,57.6,285.93,357.649,570.55,2.5992,4.55,173.394,342.9,72.2911,709.6,19.4741,599.76,599.46,9.9928,66.2279,76.7929,2.599,4.5475,11.1303,15.7327,9.1086,173.39,342.93,709.68,79.592,33.31,43.554,9.594,5.117,12.356,43.422,24.791,15.0141,0.191,0.1305,0.1321,0.1295,0.2118,0.1321,0.2006,0.1254,553.96,279.1,362.85,84.6225,85.185,85.2225,82.395,83.4975,81.9075,48.214,533.4,540,20.3345,523.01,494.09,13.9018
86.95,57.5625,4.3391,57.525,286.695,357.3391,570.3,2.599,4.5475,173.7315,342.87,72.2917,709.6,19.4759,599.7,599.76,9.9932,66.2283,76.7934,2.5992,4.545,11.1307,15.7327,9.108,173.74,342.9,709.6,79.6308,33.31,43.422,9.601,5.091,12.356,43.308,24.659,15.0146,0.1907,0.1306,0.1322,0.1296,0.212,0.1322,0.2008,0.1255,553.84,279.15,362.95,84.6225,85.185,85.2225,82.395,83.4975,81.9075,48.2595,533.25,540,20.3344,523.07,494.12,13.9071
86.8,57.5625,4.5609,57.6,286.0875,357.3046,570.2,2.5992,4.545,173.9205,342.87,72.2929,709.52,19.4756,599.82,599.7,9.9936,66.2287,76.7944,2.5992,4.5425,11.131,15.7344,9.108,173.922,342.87,709.6,79.6189,33.305,43.308,9.607,5.06,12.356,43.218,24.549,15.0152,0.1904,0.1306,0.1323,0.1297,0.2122,0.1322,0.2009,0.1256,553.72,279.2,363.0,84.6225,85.1925,85.1625,82.365,83.505,81.8625,48.298,533.16,540,20.3344,523.1,494.18,13.9125
86.925,57.6375,4.5938,57.5625,286.8975,357.2702,570.0,2.5992,4.5425,173.691,342.87,72.2924,709.68,19.4786,599.64,599.82,9.994,66.2292,76.7962,2.599,4.5425,11.131,15.7344,9.108,173.698,342.87,709.52,79.6571,33.305,43.218,9.613,5.03,12.356,43.182,24.461,15.0157,0.1902,0.1307,0.1323,0.1298,0.2122,0.1323,0.201,0.1257,553.6,279.25,363.1,84.6225,85.1925,85.1625,82.365,83.505,81.8625,48.3294,533.13,540,20.3344,523.16,494.21,13.9178
86.6,57.5625,4.6437,57.6,286.2225,357.3046,570.05,2.5994,4.5475,173.7315,342.9,72.2923,709.76,19.4749,600.06,600.06,9.9937,66.2296,76.7959,2.5994,4.5475,11.1266,15.7349,9.1086,173.726,342.9,709.76,79.6445,33.3,43.902,9.622,4.982,12.357,43.902,24.351,15.0163,0.1891,0.1304,0.1322,0.1297,0.2115,0.1322,0.2003,0.1255,553.44,279.35,363.2,84.6,85.14,85.2,82.3275,83.4975,81.9225,48.3572,533.13,540,20.3342,523.25,494.3,13.9231
86.6,57.5625,3.9375,57.6,286.2225,357.3046,570.05,2.5994,4.5475,173.7315,342.9,72.2914,709.92,19.4749,600.06,600.06,9.9937,66.2292,76.7944,2.6,4.555,11.1266,15.7349,9.1086,173.726,342.9,709.76,79.6445,33.3,43.902,9.622,4.982,12.357,44.502,24.351,15.0163,0.1891,0.1304,0.1322,0.1297,0.2115,0.1322,0.2003,0.1255,553.44,279.35,363.2,84.6,85.14,85.2,82.3275,83.4975,81.9225,48.3662,533.28,540,20.3342,523.25,494.3,13.9231
86.75,57.525,4.4953,57.5625,286.6725,357.6146,570.75,2.6,4.555,173.3265,342.99,72.2903,710.08,19.4681,600.48,600.3,9.9933,66.2287,76.7907,2.601,4.565,11.1285,15.7357,9.1096,173.334,342.93,709.92,79.6683,33.295,44.502,9.615,4.931,12.358,45.072,24.5435,15.0174,0.1884,0.1301,0.132,0.1294,0.2109,0.1319,0.1997,0.1252,553.48,279.4,363.3,84.6,85.1775,85.2375,82.2975,83.535,81.9,48.3633,533.52,540,20.3341,523.28,494.36,13.9445
86.575,57.525,4.4953,57.6,286.4925,357.4768,570.45,2.601,4.565,173.0295,343.05,72.2889,710.24,19.4654,600.54,600.48,9.9925,66.2286,76.7872,2.6016,4.5725,11.1289,15.7359,9.1113,173.026,342.99,710.08,79.6545,33.29,45.072,9.605,4.898,12.358,45.612,24.8295,15.018,0.1881,0.1298,0.1317,0.1291,0.2103,0.1316,0.1992,0.1249,553.6,279.4,363.35,84.5925,85.1325,85.2975,82.335,83.5125,81.9225,48.3631,533.73,540,20.334,523.34,494.39,13.9505
86.175,57.525,4.2812,57.6,286.7175,356.9947,570.8,2.6016,4.5725,174.15,343.11,72.2879,710.32,19.4609,600.72,600.54,9.9921,66.2277,76.7859,2.6014,4.58,11.1289,15.7359,9.1129,174.146,343.05,710.24,79.6908,33.29,45.612,9.592,4.898,12.359,46.014,25.132,15.0185,0.1881,0.1296,0.1314,0.1288,0.2099,0.1314,0.1986,0.1247,553.84,279.45,363.4,84.615,85.11,85.3275,82.35,83.55,81.9075,48.3546,534.0,540,20.334,523.37,494.42,13.9565
86.45,57.5625,4.2812,57.6,286.65,357.4768,570.15,2.6014,4.58,173.961,343.14,72.2868,710.4,19.4586,600.66,600.72,9.991,66.2274,76.7827,2.6018,4.585,11.1292,15.7339,9.1129,173.964,343.11,710.32,79.6764,33.285,46.014,9.578,4.922,12.359,46.32,25.429,15.0191,0.1884,0.1293,0.1311,0.1285,0.2095,0.1311,0.1982,0.1244,554.08,279.5,363.45,84.57,85.065,85.3275,82.335,83.5125,81.9,48.3488,534.24,540,20.3339,523.43,494.48,13.9625
86.45,57.6,4.2453,57.5625,286.4925,356.9947,570.65,2.6016,4.59,173.61,343.17,72.2862,710.4,19.4551,600.72,600.72,9.9905,66.2263,76.7812,2.6016,4.59,11.1299,15.7329,9.114,173.6,343.17,710.4,79.712,33.285,46.494,9.553,5.014,12.36,46.494,25.913,15.0282,0.1893,0.1291,0.1308,0.1282,0.209,0.1307,0.1978,0.124,554.6,279.6,363.55,84.6375,85.0575,85.2525,82.3425,83.5575,81.8775,48.3345,534.54,540,20.3337,523.52,494.57,13.9685
86.45,57.6,4.2453,57.5625,286.4925,356.9947,570.65,2.6016,4.59,173.61,343.17,72.2856,710.4,19.4551,600.72,600.72,9.9905,66.2257,76.7784,2.6018,4.5925,11.1299,15.7329,9.114,173.6,343.17,710.4,79.712,33.285,46.494,9.553,5.014,12.36,46.596,25.913,15.0282,0.1893,0.1291,0.1308,0.1282,0.209,0.1307,0.1978,0.124,554.6,279.6,363.55,84.6375,85.0575,85.2525,82.3425,83.5575,81.8775,48.3228,534.81,540,20.3337,523.52,494.57,13.9685
86.675,57.6,4.7703,57.6,286.6275,357.8901,570.1,2.6018,4.5925,174.0555,343.2,72.2849,710.4,19.4534,600.42,600.6,9.9893,66.2252,76.7777,2.6014,4.5925,11.1295,15.7349,9.114,174.048,343.2,710.4,79.8339,33.29,46.596,9.544,5.066,12.36,46.572,26.0615,15.0299,0.1899,0.129,0.1307,0.1281,0.209,0.1306,0.1976,0.1239,554.92,279.6,363.6,84.6225,85.0425,85.2075,82.305,83.5875,81.855,48.3099,535.08,540,20.3336,523.58,494.6,13.9805
86.525,57.6,4.1891,57.525,286.2225,357.2357,570.35,2.6014,4.5925,173.5425,343.2,72.2843,710.4,19.4516,600.42,600.42,9.9887,66.2246,76.7759,2.6014,4.5925,11.1296,15.7352,9.114,173.544,343.2,710.4,79.8702,33.29,46.572,9.536,5.113,12.36,46.506,26.144,15.0221,0.1904,0.1291,0.1306,0.1281,0.2089,0.1306,0.1977,0.1239,555.2,279.65,363.65,84.63,85.095,85.2375,82.2525,83.55,81.9,48.2997,535.32,540,20.3335,523.61,494.66,13.9865
86.525,57.5625,4.1891,57.5625,285.93,357.7868,570.8,2.6014,4.5925,173.367,343.2,72.2837,710.4,19.4521,600.24,600.42,9.9889,66.224,76.7764,2.6008,4.5925,11.1297,15.7354,9.114,173.362,343.2,710.4,79.9064,33.29,46.506,9.532,5.157,12.362,46.404,26.1715,15.0227,0.1909,0.1291,0.1306,0.1281,0.2089,0.1306,0.1977,0.1239,555.48,279.7,363.7,84.585,85.0575,85.2375,82.23,83.565,81.9075,48.2999,535.47,540,20.3334,523.67,494.69,13.9925
86.7,57.6,3.9547,57.5625,285.975,357.4424,569.95,2.6008,4.5925,173.7045,343.2,72.2843,710.24,19.4519,600.18,600.24,9.9885,66.2234,76.7762,2.6006,4.5925,11.1297,15.7357,9.1135,173.712,343.2,710.4,79.9932,33.295,46.404,9.528,5.195,12.362,46.236,26.177,15.0232,0.1913,0.1291,0.1306,0.1281,0.209,0.1306,0.1978,0.1239,555.72,279.75,363.75,84.5925,85.02,85.245,82.2225,83.595,81.885,48.2994,535.62,540,20.3334,523.73,494.75,13.9985
86.525,57.6,3.8906,57.5625,286.335,357.6835,569.95,2.6006,4.5925,173.9205,343.17,72.2839,710.24,19.4526,600.06,600.18,9.989,66.2236,76.7754,2.6006,4.59,11.1298,15.7329,9.1129,173.922,343.2,710.24,80.0301,33.295,46.236,9.526,5.226,12.362,45.996,26.155,15.0238,0.1917,0.1292,0.1307,0.1282,0.2093,0.1306,0.198,0.124,555.88,279.8,363.8,84.6375,85.02,85.2375,82.2,83.49,81.9075,48.3095,535.68,540,20.3333,523.79,494.81,14.0045
86.3,57.6,4.2016,57.6375,286.6725,357.8212,570.0,2.6006,4.59,174.0825,343.14,72.2842,710.16,19.4531,600.0,600.06,9.9889,66.2233,76.7754,2.6004,4.585,11.1299,15.7322,9.1124,174.09,343.17,710.24,80.1176,33.3,45.996,9.526,5.254,12.361,45.702,26.1055,15.0243,0.1921,0.1293,0.1308,0.1282,0.2095,0.1307,0.1982,0.124,556.04,279.8,363.85,84.6375,85.02,85.2375,82.2,83.49,81.9075,48.3232,535.71,540,20.3332,523.85,494.84,14.0105
86.175,57.5625,4.2016,57.525,285.9975,357.0636,569.85,2.6004,4.585,173.88,343.11,72.2846,710.08,19.4546,599.88,600.0,9.9888,66.2237,76.7764,2.6,4.5825,11.13,15.7314,9.1113,173.88,343.14,710.16,80.2058,33.305,45.702,9.528,5.278,12.361,45.378,26.023,15.0249,0.1925,0.1295,0.1309,0.1283,0.2098,0.1309,0.1985,0.1242,556.08,279.85,363.9,84.6,84.9825,85.215,82.1775,83.49,81.9075,48.3443,535.68,540,20.3331,523.91,494.9,14.0165
86.225,57.5625,4.225,57.6,286.8525,357.7523,569.8,2.6,4.5825,174.096,343.08,72.2851,710.0,19.4574,599.7,599.88,9.9895,66.2236,76.7772,2.5998,4.5775,11.1301,15.7337,9.1108,174.104,343.11,710.08,80.2439,33.305,45.378,9.532,5.297,12.361,45.012,25.902,15.0254,0.1928,0.1296,0.131,0.1285,0.2101,0.131,0.1988,0.1243,556.12,279.9,363.95,84.6075,84.9525,85.215,82.2075,83.52,81.9375,48.3656,535.65,540,20.3331,523.94,494.96,14.0225
86.425,57.525,4.7922,57.5625,286.38,356.8914,570.7,2.5994,4.57,173.151,343.05,72.2857,709.92,19.4601,599.58,599.58,9.9896,66.2243,76.7789,2.5994,4.57,11.1301,15.7339,9.1096,173.152,343.05,709.92,80.3326,33.31,44.64,9.545,5.317,12.361,44.64,25.561,15.026,0.1933,0.13,0.1314,0.1288,0.2107,0.1314,0.1996,0.1247,556.08,279.95,364.05,84.5775,84.96,85.1925,82.26,83.5725,81.975,48.3906,535.59,540,20.333,524.06,495.05,14.0285
86.425,57.525,4.7922,57.5625,286.38,356.8914,570.7,2.5994,4.57,173.151,343.02,72.2871,709.76,19.4634,599.46,599.58,9.9905,66.2244,76.7812,2.599,4.565,11.1302,15.7342,9.1096,173.152,343.05,709.92,80.3714,33.31,44.64,9.545,5.317,12.361,44.316,25.561,15.0266,0.1933,0.13,0.1314,0.1288,0.2107,0.1314,0.1996,0.1247,556.08,279.95,364.05,84.5775,84.96,85.1925,82.26,83.5725,81.975,48.416,535.53,540,20.3329,524.06,495.05,14.0451
86.725,57.5625,4.8234,57.6,285.9525,357.6835,570.7,2.599,4.565,172.8945,342.99,72.2868,709.84,19.4649,599.52,599.46,9.991,66.2253,76.7839,2.5986,4.56,11.1273,15.7344,9.1086,172.886,343.02,709.76,80.4101,33.31,44.316,9.554,5.318,12.361,44.04,25.3575,15.0271,0.1933,0.1302,0.1316,0.1291,0.211,0.1316,0.1999,0.1249,556.0,280.0,364.1,84.5175,84.9375,85.14,82.2525,83.475,81.93,48.4453,535.44,540,20.3328,524.12,495.11,14.0518
86.275,57.6,4.8234,57.5625,286.56,357.1324,569.95,2.5986,4.56,173.0835,342.96,72.2877,709.76,19.4661,599.58,599.52,9.9914,66.2258,76.7864,2.5984,4.555,11.1264,15.7347,9.108,173.082,342.99,709.84,80.4489,33.31,44.04,9.564,5.308,12.362,43.788,25.1485,15.0191,0.1933,0.1304,0.1318,0.1292,0.2113,0.1318,0.2002,0.1251,555.96,280.05,364.15,84.5175,84.9375,85.14,82.2525,83.475,81.93,48.4863,535.26,540,20.3328,524.18,495.17,14.0585
86.575,57.5625,4.4344,57.525,286.47,357.2702,569.9,2.5984,4.555,173.9205,342.93,72.2887,709.68,19.4694,599.46,599.58,9.9918,66.2262,76.7877,2.5986,4.55,11.1255,15.7349,9.1074,173.922,342.96,709.76,80.5382,33.315,43.788,9.573,5.291,12.361,43.524,24.9615,15.0193,0.1931,0.1305,0.1319,0.1294,0.2117,0.1319,0.2004,0.1252,555.84,280.05,364.2,84.4875,84.93,85.1775,82.26,83.46,81.915,48.528,535.08,540,20.3327,524.21,495.23,14.0651
86.425,57.5625,4.4344,57.6,286.6725,357.098,570.65,2.5984,4.55,173.016,342.9,72.2898,709.6,19.4731,599.34,599.34,9.9922,66.2266,76.7902,2.5984,4.5475,11.1283,15.7352,9.1074,173.026,342.9,709.6,80.527,33.31,43.272,9.582,5.268,12.361,43.272,24.6535,15.0196,0.193,0.1306,0.1321,0.1295,0.212,0.132,0.2007,0.1254,555.68,280.1,364.25,84.465,84.9825,85.2075,82.275,83.5125,81.9975,48.5666,534.93,540,20.3326,524.27,495.26,14.0718
86.425,57.525,4.8234,57.5625,286.5825,357.7523,570.75,2.5984,4.5475,173.016,342.87,72.2904,709.6,19.4729,599.58,599.34,9.9926,66.227,76.7907,2.5988,4.545,11.1286,15.7354,9.1074,173.026,342.9,709.6,80.5657,33.31,43.272,9.591,5.244,12.361,43.422,24.6535,15.0285,0.1928,0.1308,0.1322,0.1297,0.2121,0.1322,0.2009,0.1255,555.48,280.15,364.3,84.465,84.9825,85.2075,82.275,83.5125,81.9975,48.6022,534.81,540,20.3325,524.33,495.32,14.0785
86.7,57.5625,3.9969,57.5625,286.8075,357.3391,570.0,2.5988,4.545,173.5155,342.9,72.2911,709.6,19.4746,599.58,599.58,9.993,66.2274,76.7922,2.5988,4.5475,11.1289,15.7357,9.1074,173.782,342.9,709.6,80.6045,33.31,43.422,9.599,5.218,12.359,43.518,24.494,15.0291,0.1922,0.1307,0.1323,0.1297,0.2121,0.1322,0.2008,0.1256,555.32,280.2,364.35,84.5625,85.005,85.1625,82.2675,83.4825,81.96,48.6344,534.72,540,20.3325,524.36,495.35,14.0851
86.175,57.525,4.6594,57.6,286.92,357.8557,570.3,2.5988,4.5475,173.5155,342.9,72.2917,709.6,19.4734,599.82,599.58,9.9935,66.2279,76.7914,2.5994,4.5475,11.1293,15.7337,9.1074,173.516,342.9,709.6,80.5926,33.305,43.518,9.602,5.17,12.36,43.626,24.494,15.0296,0.1916,0.1307,0.1322,0.1297,0.2119,0.1322,0.2007,0.1256,555.2,280.25,364.45,84.5625,85.005,85.1625,82.2675,83.4825,81.96,48.6708,534.6,540,20.3324,524.42,495.41,14.0918
86.6,57.5625,4.0781,57.5625,286.4925,357.408,570.8,2.5994,4.5475,174.2445,342.9,72.2911,709.76,19.4741,599.82,599.82,9.9939,66.2283,76.7922,2.5994,4.5475,11.1296,15.7332,9.1086,174.244,342.9,709.6,80.6308,33.305,43.626,9.604,5.126,12.36,43.686,24.516,15.0302,0.1912,0.1306,0.1322,0.1297,0.2119,0.1322,0.2006,0.1255,555.08,280.3,364.5,84.5775,85.02,85.155,82.2975,83.475,81.9375,48.7001,534.54,540,20.3323,524.48,495.44,14.0985
86.775,57.5625,4.0781,57.5625,286.83,357.1669,570.6,2.5996,4.5475,173.9475,342.9,72.2908,709.84,19.4749,599.82,599.82,9.9943,66.2287,76.7922,2.5996,4.55,11.1299,15.7327,9.1086,173.95,342.9,709.84,80.6182,33.3,43.746,9.605,5.094,12.363,43.746,24.593,15.0307,0.1909,0.1305,0.1322,0.1296,0.2118,0.1322,0.2006,0.1255,554.96,280.35,364.55,84.495,85.0575,85.1475,82.2375,83.505,81.885,48.7297,534.48,540,20.3322,524.51,495.5,14.1051
86.325,57.6,4.7125,57.5625,286.2675,357.8212,569.95,2.5996,4.55,173.9475,342.9,72.2911,709.84,19.4749,599.88,599.82,9.9947,66.2291,76.7927,2.5996,4.55,11.1303,15.7352,9.1086,173.95,342.9,709.84,80.6557,33.3,43.746,9.605,5.074,12.363,43.794,24.593,15.0313,0.1907,0.1305,0.1321,0.1296,0.2118,0.1321,0.2005,0.1254,554.92,280.4,364.65,84.495,85.0575,85.1475,82.2375,83.505,81.885,48.7482,534.51,540,20.3321,524.57,495.53,14.1118
86.35,57.5625,4.7125,57.6,286.425,357.3046,570.5,2.5996,4.55,173.5155,342.93,72.2913,709.84,19.4754,599.88,599.88,9.9944,66.2295,76.7932,2.5996,4.55,11.1306,15.7349,9.1091,173.516,342.9,709.84,80.6426,33.295,43.794,9.605,5.063,12.363,43.866,24.626,15.0318,0.1906,0.1305,0.1321,0.1296,0.2117,0.1321,0.2005,0.1254,554.88,280.45,364.7,84.555,85.0725,85.2075,82.2675,83.5575,81.8925,48.7666,534.54,540,20.3321,524.6,495.59,14.1185
86.75,57.6375,4.025,57.5625,286.3125,357.7523,570.6,2.5996,4.55,173.34,342.93,72.2916,709.84,19.4759,599.88,599.88,9.9945,66.23,76.7937,2.5996,4.55,11.1309,15.7352,9.1091,173.348,342.93,709.84,80.6289,33.29,43.866,9.604,5.057,12.365,43.944,24.6425,15.0324,0.1906,0.1305,0.1321,0.1295,0.2116,0.1321,0.2004,0.1254,554.88,280.5,364.75,84.615,85.125,85.1925,82.215,83.5875,81.84,48.7849,534.57,540,20.332,524.63,495.62,14.1251
86.5,57.6,4.675,57.5625,286.4025,357.7179,570.6,2.5996,4.55,173.961,342.93,72.2918,709.84,19.4756,599.94,599.88,9.9947,66.2304,76.7942,2.5996,4.5525,11.1275,15.7332,9.1091,173.964,342.93,709.84,80.6651,33.29,43.944,9.603,5.055,12.365,43.98,24.659,15.0329,0.1906,0.1304,0.1321,0.1295,0.2116,0.1321,0.2003,0.1254,554.92,280.5,364.8,84.615,85.125,85.1925,82.215,83.5875,81.84,48.7994,534.63,540,20.3319,524.69,495.65,14.1318
86.075,57.6,4.675,57.6,286.8525,357.2357,570.4,2.5996,4.5525,173.205,342.93,72.2921,709.84,19.4736,600.12,599.94,9.9949,66.23,76.7939,2.5998,4.5525,11.1266,15.7357,9.1091,173.208,342.93,709.84,80.6507,33.285,43.98,9.603,5.056,12.365,44.046,24.6865,15.0335,0.1906,0.1304,0.132,0.1295,0.2114,0.132,0.2003,0.1254,554.92,280.55,364.85,84.645,85.1325,85.185,82.185,83.5875,81.87,48.8173,534.66,540,20.3318,524.72,495.71,14.1385
86.325,57.5625,4.75,57.5625,286.3125,357.2357,570.2,2.5998,4.5525,173.2995,342.93,72.2923,709.84,19.4731,600.12,600.12,9.995,66.2302,76.7942,2.5998,4.5525,11.1256,15.7332,9.1091,174.076,342.93,709.84,80.6357,33.28,44.058,9.602,5.062,12.365,44.058,24.7305,15.0427,0.1907,0.1304,0.132,0.1295,0.2115,0.132,0.2002,0.1254,555.0,280.6,364.9,84.6675,85.185,85.2525,82.1775,83.5575,81.96,48.8314,534.72,540,20.3318,524.78,495.74,14.1558
86.25,57.6,4.0266,57.525,286.0425,357.4768,570.7,2.5998,4.5525,173.2995,342.93,72.2926,709.84,19.4726,600.12,600.12,9.9952,66.2304,76.7944,2.5998,4.5525,11.1285,15.7349,9.1091,173.306,342.93,709.84,80.6707,33.28,44.058,9.601,5.069,12.366,44.088,24.7305,15.0435,0.1908,0.1304,0.132,0.1295,0.2114,0.132,0.2002,0.1253,555.04,280.65,364.95,84.6675,85.185,85.2525,82.1775,83.5575,81.96,48.8489,534.75,540,20.3317,524.81,495.8,14.1631
86.6,57.5625,4.0266,57.525,286.605,357.1669,570.5,2.5998,4.5525,174.096,342.93,72.2928,709.84,19.4744,599.94,600.12,9.9954,66.2305,76.7947,2.5998,4.5525,11.1288,15.7329,9.1096,174.09,342.93,709.84,80.6551,33.275,44.088,9.6,5.079,12.366,44.058,24.747,15.0443,0.1909,0.1304,0.132,0.1295,0.2114,0.132,0.2002,0.1253,555.12,280.7,365.0,84.645,85.23,85.215,82.17,83.6325,82.035,48.8664,534.78,540,20.3316,524.87,495.83,14.1705
86.925,57.6,4.5453,57.5625,286.5825,357.408,570.05,2.5998,4.5525,174.0555,342.93,72.2931,709.84,19.4746,599.94,599.94,9.9948,66.2307,76.7949,2.5998,4.5525,11.1291,15.7347,9.1096,174.048,342.93,709.84,80.6895,33.275,44.004,9.599,5.089,12.366,44.004,24.7415,15.0366,0.1911,0.1304,0.132,0.1295,0.2115,0.132,0.2002,0.1253,555.12,280.75,365.1,84.6225,85.2,85.245,82.1475,83.6175,81.9975,48.8875,534.78,540,20.3315,524.9,495.86,14.1778
86.525,57.6,4.5453,57.525,286.29,357.3391,570.8,2.5998,4.5525,174.0555,342.93,72.2933,709.84,19.4756,599.88,599.94,9.9955,66.2309,76.7959,2.5996,4.55,11.1287,15.7349,9.1096,174.048,342.93,709.84,80.6733,33.27,44.004,9.599,5.1,12.368,43.926,24.7415,15.0371,0.1912,0.1305,0.132,0.1295,0.2115,0.132,0.2003,0.1254,555.16,280.8,365.15,84.6225,85.2,85.245,82.1475,83.6175,81.9975,48.9011,534.84,540,20.3315,524.96,495.92,14.1851
86.7,57.525,4.25,57.6,286.3125,357.5457,570.55,2.5996,4.55,173.556,342.9,72.2936,709.84,19.4761,599.88,599.88,9.9956,66.231,76.7964,2.5996,4.55,11.1288,15.7352,9.1096,173.558,342.93,709.84,80.707,33.27,43.926,9.6,5.112,12.368,43.866,24.714,15.0377,0.1914,0.1305,0.1321,0.1295,0.2115,0.1321,0.2003,0.1254,555.16,280.85,365.2,84.6075,85.2375,85.305,82.2,83.58,81.93,48.9219,534.84,540,20.3314,524.99,495.95,14.1925
86.425,57.6,4.45,57.6,286.245,357.2013,570.4,2.5994,4.5475,173.61,342.9,72.2945,709.76,19.4766,599.88,599.88,9.9965,66.2312,76.7977,2.5994,4.5475,11.1289,15.7354,9.1096,173.614,342.9,709.76,80.7408,33.27,43.788,9.603,5.128,12.367,43.788,24.6315,15.0382,0.1916,0.1306,0.1322,0.1296,0.2117,0.1322,0.2005,0.1255,555.24,280.95,365.35,84.585,85.2075,85.2675,82.215,83.58,81.945,48.939,534.87,540,20.3313,525.08,496.04,14.1998
86.425,57.6,4.45,57.6,286.245,357.2013,570.4,2.5994,4.5475,173.61,342.9,72.2948,709.76,19.4756,600.0,599.88,9.9962,66.2314,76.7962,2.6,4.5475,11.1289,15.7357,9.1096,173.614,342.9,709.76,80.7239,33.265,43.788,9.603,5.128,12.367,43.716,24.6315,15.0388,0.1916,0.1306,0.1322,0.1296,0.2117,0.1322,0.2005,0.1255,555.24,280.95,365.35,84.585,85.2075,85.2675,82.215,83.58,81.945,48.9597,534.87,540,20.3312,525.08,496.04,14.2071
86.55,57.5625,4.3266,57.6,286.5825,357.6146,570.95,2.5998,4.545,174.1365,342.9,72.2952,709.76,19.4764,599.94,599.94,9.9964,66.2316,76.7969,2.5998,4.545,11.129,15.7329,9.1096,174.146,342.9,709.76,80.757,33.265,43.632,9.606,5.135,12.367,43.632,24.5435,15.0393,0.1918,0.1307,0.1322,0.1297,0.2119,0.1322,0.2006,0.1256,555.28,281.05,365.45,84.5475,85.155,85.275,82.2675,83.64,81.9375,48.9842,534.84,540,20.3312,525.17,496.13,14.2145
86.175,57.525,4.55,57.5625,286.2,357.9245,570.9,2.5998,4.545,173.448,342.87,72.2962,709.68,19.4766,599.94,599.94,9.9966,66.2317,76.7972,2.5998,4.545,11.1291,15.7322,9.1096,173.46,342.87,709.68,80.7395,33.26,43.53,9.609,5.137,12.367,43.53,24.494,15.0399,0.1919,0.1308,0.1323,0.1297,0.2119,0.1322,0.2007,0.1256,555.24,281.1,365.55,84.51,85.1775,85.2525,82.23,83.655,81.9675,49.0013,534.87,540,20.3311,525.2,496.16,14.2218
86.175,57.525,4.55,57.5625,286.2,357.9245,570.9,2.5998,4.545,173.448,342.87,72.2967,709.68,19.4776,599.88,599.94,9.9967,66.2319,76.7982,2.5996,4.5425,11.1292,15.7314,9.1091,173.46,342.87,709.68,80.772,33.26,43.53,9.609,5.137,12.367,43.47,24.494,15.0404,0.1919,0.1308,0.1323,0.1297,0.2119,0.1322,0.2007,0.1256,555.24,281.1,365.55,84.51,85.1775,85.2525,82.23,83.655,81.9675,49.0258,534.84,540,20.331,525.2,496.16,14.2291
86.475,57.6,4.6109,57.6,286.29,357.8901,570.25,2.5996,4.5425,173.907,342.87,72.296,709.84,19.4781,599.88,599.88,9.9969,66.2328,76.7987,2.5996,4.5425,11.1293,15.7337,9.1091,174.062,342.87,709.84,80.8045,33.26,43.392,9.611,5.139,12.367,43.392,24.3895,15.041,0.1919,0.1308,0.1323,0.1298,0.2121,0.1323,0.2008,0.1257,555.24,281.15,365.6,84.5475,85.1475,85.2525,82.32,83.61,81.9675,49.0504,534.81,540,20.3309,525.26,496.19,14.2365
86.75,57.6,4.5156,57.5625,286.1325,357.3046,571.0,2.5994,4.54,174.231,342.84,72.2968,709.76,19.4794,599.82,599.82,9.9971,66.2332,76.7999,2.5994,4.54,11.1293,15.7339,9.1086,174.23,342.84,709.76,80.7864,33.255,43.32,9.616,5.133,12.366,43.32,24.3455,15.0415,0.1919,0.1309,0.1324,0.1299,0.2122,0.1324,0.2009,0.1258,555.2,281.2,365.7,84.5175,85.185,85.2825,82.2825,83.5575,81.9825,49.0751,534.78,540,20.3309,525.35,496.28,14.2438
86.75,57.6,4.5156,57.5625,286.1325,357.3046,571.0,2.5994,4.54,174.231,342.84,72.2972,709.76,19.4801,599.82,599.82,9.9972,66.2336,76.8007,2.5994,4.54,11.1294,15.7342,9.1086,174.23,342.84,709.76,80.8182,33.255,43.32,9.616,5.133,12.366,43.236,24.3455,15.0421,0.1919,0.1309,0.1324,0.1299,0.2122,0.1324,0.2009,0.1258,555.2,281.2,365.7,84.495,85.1775,85.29,82.275,83.5125,82.0275,49.1,534.75,540,20.3308,525.35,496.28,14.2511
86.575,57.6,4.6562,57.525,286.4925,357.649,570.45,2.5994,4.5375,173.5425,342.84,72.2976,709.76,19.4809,599.82,599.82,9.9974,66.2341,76.8014,2.5994,4.5375,11.1295,15.7344,9.1086,173.53,342.84,709.76,80.7995,33.25,43.2,9.62,5.127,12.367,43.2,24.252,15.034,0.1918,0.131,0.1325,0.13,0.2122,0.1325,0.201,0.1258,555.16,281.3,365.85,84.495,85.1325,85.245,82.275,83.4975,82.065,49.1212,534.75,540,20.3307,525.41,496.37,14.2691
86.25,57.6,4.0484,57.6375,286.785,357.649,570.5,2.5994,4.5375,173.907,342.84,72.298,709.76,19.4824,599.76,599.76,9.9976,66.2345,76.8022,2.5994,4.5375,11.1296,15.7347,9.1086,173.908,342.84,709.76,80.7801,33.245,43.188,9.622,5.121,12.367,43.188,24.208,15.0343,0.1918,0.131,0.1325,0.13,0.2123,0.1325,0.2011,0.1259,555.16,281.35,365.9,84.5325,85.095,85.29,82.32,83.5125,82.0125,49.1424,534.75,540,20.3306,525.47,496.4,14.2771
86.25,57.6,4.0484,57.6375,286.785,357.649,570.5,2.5994,4.5375,173.907,342.84,72.2983,709.76,19.4811,599.94,599.76,9.9977,66.2349,76.8014,2.5998,4.5375,11.1296,15.7349,9.1086,173.908,342.84,709.76,80.8108,33.245,43.182,9.622,5.121,12.367,43.182,24.208,15.0346,0.1918,0.131,0.1325,0.13,0.2123,0.1325,0.2011,0.1259,555.16,281.35,365.9,84.51,85.065,85.2675,82.3275,83.535,82.005,49.1599,534.78,540,20.3305,525.47,496.4,14.2851
86.075,57.6,3.9641,57.6,286.4925,357.649,570.6,2.5998,4.5375,174.2445,342.84,72.2987,709.76,19.4806,600.0,600.0,9.9979,66.2353,76.8017,2.5998,4.5375,11.1297,15.7352,9.1091,174.258,342.84,709.76,80.7907,33.24,43.344,9.625,5.109,12.364,43.344,24.1805,15.0349,0.1916,0.1309,0.1325,0.13,0.2122,0.1325,0.2009,0.1258,555.16,281.45,366.05,84.555,85.0875,85.245,82.3275,83.52,82.02,49.1847,534.75,540,20.3305,525.53,496.46,14.2931
86.45,57.6,4.3703,57.6,286.335,357.2702,570.5,2.6,4.54,173.826,342.84,72.2991,709.76,19.4799,600.06,600.06,9.9981,66.2357,76.8012,2.6,4.54,11.1298,15.7354,9.1091,173.824,342.84,709.76,80.8207,33.24,43.446,9.623,5.097,12.364,43.446,24.219,15.0352,0.1914,0.1309,0.1324,0.1299,0.212,0.1324,0.2008,0.1258,555.16,281.5,366.1,84.57,85.125,85.2525,82.365,83.4825,81.9675,49.1984,534.81,540,20.3304,525.59,496.52,14.3011
86.125,57.525,4.5297,57.6,286.4025,357.1324,570.45,2.6,4.5425,173.583,342.87,72.2988,709.84,19.4796,600.06,600.06,9.9982,66.2362,76.8012,2.6,4.5425,11.1299,15.7357,9.1091,173.586,342.87,709.84,80.8001,33.235,43.554,9.621,5.093,12.364,43.554,24.2795,15.044,0.1914,0.1308,0.1324,0.1299,0.2119,0.1323,0.2007,0.1257,555.2,281.6,366.2,84.585,85.1175,85.275,82.3425,83.5275,81.99,49.2119,534.87,540,20.3303,525.62,496.55,14.3091
86.95,57.5625,4.4172,57.525,286.5375,357.5801,570.25,2.6002,4.5425,174.096,342.87,72.2991,709.84,19.4786,600.12,600.12,9.9984,66.2358,76.8004,2.6002,4.5425,11.13,15.7329,9.1102,174.09,342.87,709.84,80.7789,33.23,43.674,9.619,5.094,12.364,43.674,24.34,15.0446,0.1914,0.1308,0.1323,0.1298,0.2118,0.1323,0.2006,0.1257,555.24,281.65,366.25,84.6225,85.1175,85.2975,82.29,83.52,82.0275,49.2251,534.93,540,20.3302,525.65,496.58,14.3171
86.15,57.6,4.6937,57.5625,286.155,357.3735,570.4,2.6002,4.545,173.421,342.87,72.2993,709.84,19.4796,600.0,600.0,9.9986,66.236,76.8002,2.6002,4.545,11.13,15.7322,9.1102,173.418,342.87,709.84,80.8076,33.23,43.758,9.616,5.097,12.365,43.758,24.3895,15.0365,0.1914,0.1307,0.1323,0.1297,0.2117,0.1322,0.2005,0.1256,555.32,281.7,366.35,84.6525,85.1625,85.305,82.2975,83.475,82.0125,49.2343,535.02,540,20.3302,525.71,496.61,14.3251
86.825,57.5625,4.6062,57.525,287.01,357.7523,570.25,2.6004,4.5475,173.8935,342.9,72.299,709.92,19.4789,600.06,600.06,9.9987,66.2354,76.7992,2.6004,4.5475,11.1301,15.7314,9.1102,173.894,342.9,709.92,80.7857,33.225,43.866,9.613,5.106,12.366,43.866,24.439,15.0368,0.1915,0.1307,0.1322,0.1297,0.2116,0.1322,0.2003,0.1256,555.44,281.75,366.4,84.6825,85.1325,85.335,82.26,83.4975,81.975,49.2431,535.11,540,20.3301,525.74,496.67,14.3331
86.875,57.6,4.3703,57.5625,286.4025,357.8901,571.1,2.6004,4.5475,174.042,342.9,72.2991,709.92,19.4786,600.06,600.06,9.9981,66.2353,76.7987,2.6004,4.5475,11.1302,15.7337,9.1108,174.048,342.9,709.92,80.8139,33.225,43.932,9.61,5.115,12.365,43.932,24.483,15.0371,0.1916,0.1306,0.1322,0.1296,0.2115,0.1322,0.2003,0.1255,555.52,281.8,366.45,84.69,85.095,85.3575,82.2975,83.49,81.945,49.2516,535.2,540,20.33,525.77,496.7,14.3411
86.675,57.6,4.0391,57.525,286.56,357.6146,570.8,2.6006,4.55,174.096,342.9,72.2992,709.92,19.4776,600.12,600.12,9.9981,66.2352,76.7974,2.6006,4.55,11.1273,15.7339,9.1113,174.09,342.9,709.92,80.842,33.225,43.968,9.607,5.128,12.364,43.968,24.5325,15.0374,0.1917,0.1306,0.1321,0.1296,0.2115,0.1321,0.2002,0.1255,555.6,281.85,366.55,84.66,85.08,85.3125,82.29,83.52,81.975,49.2635,535.26,540,20.3299,525.83,496.73,14.3491
86.7,57.5625,3.9422,57.525,286.335,357.2702,570.2,2.6,4.55,174.0015,342.9,72.2993,709.92,19.4771,600.12,600.12,9.998,66.2352,76.7989,2.6,4.55,11.1264,15.7342,9.1113,174.006,342.9,709.92,80.8195,33.22,43.968,9.605,5.142,12.364,43.968,24.5655,15.0377,0.1919,0.1306,0.1321,0.1296,0.2115,0.1321,0.2002,0.1254,555.68,281.9,366.6,84.69,85.08,85.2675,82.2825,83.5575,81.975,49.2714,535.35,540,20.3299,525.86,496.76,14.3571
86.35,57.6,4.1891,57.6,286.875,357.6835,570.5,2.6,4.55,173.7855,342.9,72.2994,709.92,19.4774,600.06,600.06,9.9979,66.2351,76.7989,2.6,4.55,11.1254,15.7344,9.1108,173.796,342.9,709.92,80.847,33.22,43.95,9.603,5.157,12.363,43.95,24.5765,15.0379,0.1921,0.1306,0.1321,0.1296,0.2115,0.1321,0.2002,0.1254,555.76,281.95,366.7,84.645,85.065,85.245,82.26,83.505,81.9525,49.2789,535.44,540,20.3298,525.92,496.82,14.3651
86.75,57.6,4.2266,57.6,287.01,357.3391,571.1,2.6,4.55,173.5425,342.9,72.2996,709.92,19.4771,600.06,600.06,9.9978,66.235,76.7989,2.6,4.55,11.1275,15.7347,9.1108,173.544,342.9,709.92,80.8745,33.22,43.926,9.602,5.171,12.363,43.926,24.5765,15.0382,0.1923,0.1306,0.1321,0.1296,0.2114,0.1321,0.2003,0.1255,555.84,282.0,366.75,84.615,85.0275,85.26,82.2525,83.55,81.915,49.286,535.53,540,20.3297,525.95,496.85,14.3731
86.55,57.525,4.2328,57.6,286.5825,357.9934,570.2,2.6,4.55,173.178,342.9,72.2997,709.92,19.4769,600.06,600.06,9.9977,66.2349,76.7989,2.6,4.55,11.1276,15.7349,9.1102,173.18,342.9,709.92,80.8514,33.215,43.914,9.602,5.182,12.363,43.914,24.56,15.0385,0.1924,0.1307,0.1321,0.1296,0.2114,0.1321,0.2003,0.1255,555.96,282.05,366.8,84.645,85.0575,85.215,82.29,83.5125,81.9675,49.2891,535.65,540,20.3296,525.98,496.88,14.3811
86.75,57.6,4.3125,57.5625,286.875,357.959,570.95,2.6,4.5475,173.8665,342.9,72.2998,709.92,19.4766,600.06,600.06,9.9976,66.2348,76.7989,2.6,4.5475,11.1277,15.7352,9.1102,173.866,342.9,709.92,80.8782,33.215,43.926,9.601,5.191,12.363,43.926,24.549,15.0302,0.1925,0.1307,0.1321,0.1296,0.2115,0.1321,0.2002,0.1255,556.08,282.1,366.9,84.675,85.035,85.2675,82.3275,83.55,81.9825,49.2991,535.71,540,20.3296,526.04,496.94,14.3891
86.275,57.5625,4.6219,57.6,286.3575,358.0279,570.8,2.6,4.55,173.88,342.9,72.2999,709.92,19.4764,600.06,600.06,9.9976,66.2355,76.7989,2.6,4.55,11.1277,15.7354,9.1096,173.88,342.9,709.92,80.9051,33.215,43.896,9.601,5.197,12.362,43.896,24.5435,15.0302,0.1925,0.1307,0.1321,0.1296,0.2115,0.1321,0.2003,0.1255,556.12,282.15,366.95,84.6225,85.065,85.29,82.3125,83.5875,81.9975,49.3127,535.74,540,20.3295,526.07,496.97,14.4078
86.1,57.525,4.4156,57.525,286.155,357.7179,570.45,2.6,4.5475,173.1915,342.9,72.3001,709.92,19.4761,600.06,600.06,9.9982,66.2357,76.7989,2.6,4.5475,11.1278,15.7357,9.1096,173.194,342.9,709.92,80.932,33.215,43.86,9.601,5.204,12.362,43.86,24.538,15.0302,0.1926,0.1307,0.1321,0.1296,0.2114,0.1321,0.2003,0.1255,556.16,282.2,367.0,84.6,85.0875,85.245,82.29,83.565,82.0275,49.3187,535.83,540,20.3294,526.13,497.0,14.4164
86.45,57.525,3.8719,57.525,286.47,357.1669,570.25,2.6,4.5475,173.7315,342.9,72.3002,709.92,19.4759,600.06,600.06,9.9984,66.2358,76.7989,2.6,4.5475,11.1279,15.7329,9.1096,173.726,342.9,709.92,80.9082,33.21,43.86,9.6,5.211,12.361,43.86,24.5325,15.0302,0.1927,0.1307,0.1322,0.1296,0.2115,0.1322,0.2003,0.1255,556.28,282.25,367.1,84.585,85.1175,85.215,82.305,83.565,81.99,49.328,535.89,540,20.3293,526.16,497.06,14.4251
86.25,57.525,4.5391,57.6,286.8975,357.9245,571.05,2.6,4.5475,173.3535,342.9,72.3003,709.92,19.4756,600.06,600.06,9.9986,66.2352,76.7989,2.6,4.5475,11.128,15.7322,9.1108,173.348,342.9,709.92,80.9345,33.21,43.842,9.6,5.215,12.36,43.842,24.5215,15.0302,0.1927,0.1307,0.1322,0.1296,0.2115,0.1322,0.2003,0.1255,556.32,282.3,367.15,84.6,85.1175,85.2525,82.3425,83.5125,81.975,49.3371,535.95,540,20.3292,526.22,497.09,14.4338
86.375,57.6,4.2969,57.6,286.875,357.9245,571.0,2.6,4.5475,174.042,342.9,72.2992,710.08,19.4754,600.06,600.06,9.9987,66.2352,76.7989,2.6,4.5475,11.1281,15.7314,9.1108,174.048,342.9,710.08,80.9607,33.21,43.842,9.6,5.218,12.36,43.842,24.516,15.0302,0.1928,0.1307,0.1322,0.1296,0.2116,0.1322,0.2003,0.1255,556.4,282.35,367.2,84.615,85.14,85.2675,82.38,83.49,81.9825,49.3497,535.98,540,20.3292,526.25,497.15,14.4424
86.575,57.5625,4.5516,57.5625,286.2675,357.4424,570.55,2.6,4.5475,173.9205,342.9,72.2991,710.08,19.4751,600.06,600.06,9.9989,66.2351,76.7989,2.6,4.5475,11.1281,15.7337,9.1108,173.922,342.9,710.08,80.987,33.21,43.794,9.6,5.22,12.36,43.794,24.5105,15.0302,0.1928,0.1307,0.1322,0.1296,0.2116,0.1322,0.2004,0.1255,556.4,282.45,367.3,84.645,85.14,85.245,82.3725,83.49,81.9975,49.3659,535.98,540,20.3291,526.28,497.18,14.4511
86.925,57.525,4.5031,57.525,286.4925,357.408,570.45,2.5998,4.5475,173.2185,342.9,72.2989,710.08,19.4756,600.0,600.0,9.9991,66.235,76.7997,2.5998,4.5475,11.1282,15.7339,9.1102,173.222,342.9,710.08,81.0133,33.21,43.74,9.6,5.224,12.36,43.74,24.4995,15.0302,0.1929,0.1307,0.1322,0.1296,0.2116,0.1322,0.2004,0.1255,556.44,282.5,367.4,84.6,85.125,85.2075,82.3725,83.5125,82.02,49.3747,536.04,540,20.329,526.34,497.21,14.4598
86.2,57.6,4.3797,57.525,286.38,357.1669,570.75,2.5998,4.5475,173.3535,342.9,72.3001,709.92,19.4756,600.0,600.0,9.9992,66.2349,76.7999,2.5998,4.5475,11.1283,15.7342,9.1102,173.348,342.9,709.92,80.9889,33.205,43.734,9.601,5.228,12.359,43.734,24.4775,15.0302,0.1929,0.1308,0.1322,0.1297,0.2116,0.1322,0.2004,0.1256,556.48,282.55,367.45,84.555,85.17,85.2225,82.3275,83.5275,82.0425,49.3831,536.1,540,20.3289,526.37,497.27,14.4684
86.375,57.6,4.4344,57.6,286.1325,357.959,571.05,2.5998,4.5475,173.907,342.9,72.3002,709.92,19.4756,600.0,600.0,9.9994,66.2348,76.8002,2.5998,4.5475,11.1284,15.7344,9.1102,173.908,342.9,709.92,81.0145,33.205,43.728,9.601,5.228,12.359,43.728,24.4555,15.0302,0.1929,0.1308,0.1322,0.1297,0.2117,0.1322,0.2004,0.1256,556.52,282.6,367.55,84.585,85.125,85.2,82.2825,83.5275,82.0425,49.3989,536.1,540,20.3289,526.43,497.3,14.4771
86.925,57.6,4.0672,57.6,287.01,357.4768,570.3,2.5998,4.5475,173.772,342.9,72.3003,709.92,19.4756,600.0,600.0,9.9996,66.2355,76.8004,2.5998,4.5475,11.1284,15.7347,9.1096,173.782,342.9,709.92,81.0401,33.205,43.692,9.601,5.227,12.359,43.692,24.4445,15.0302,0.1929,0.1308,0.1322,0.1297,0.2117,0.1322,0.2005,0.1256,556.56,282.65,367.6,84.6225,85.1625,85.245,82.26,83.565,82.035,49.4109,536.13,540,20.3288,526.46,497.33,14.4858
86.525,57.5625,4.3719,57.5625,286.605,357.8212,570.65,2.5998,4.545,173.8665,342.9,72.2998,710.0,19.4756,600.0,600.0,9.9997,66.2357,76.8007,2.5998,4.545,11.1285,15.7349,9.1096,173.866,342.9,710.0,81.0658,33.205,43.65,9.602,5.229,12.359,43.65,24.439,15.0302,0.193,0.1308,0.1322,0.1297,0.2118,0.1322,0.2005,0.1256,556.56,282.7,367.7,84.66,85.1925,85.29,82.3125,83.5875,82.0275,49.4265,536.13,540,20.3287,526.52,497.39,14.4944
86.175,57.6,3.9109,57.525,286.155,357.9934,570.9,2.6002,4.545,173.988,342.87,72.2998,710.0,19.4756,600.0,600.0,9.9999,66.2358,76.7994,2.6002,4.545,11.1286,15.7352,9.1102,173.992,342.87,710.0,81.0408,33.2,43.602,9.602,5.23,12.358,43.602,24.4225,15.0302,0.193,0.1308,0.1323,0.1297,0.2118,0.1322,0.2006,0.1256,556.56,282.75,367.75,84.6225,85.23,85.3125,82.305,83.58,82.0425,49.4422,536.13,540,20.3286,526.55,497.42,14.5031
86.65,57.6,4.0859,57.6,286.29,357.3046,570.85,2.6002,4.545,173.88,342.87,72.2998,710.0,19.4764,599.94,599.94,10.0001,66.236,76.7992,2.6002,4.545,11.1287,15.7354,9.1108,173.88,342.87,710.0,81.0658,33.2,43.542,9.603,5.231,12.358,43.542,24.4005,15.0302,0.1931,0.1309,0.1323,0.1297,0.2118,0.1322,0.2006,0.1256,556.56,282.8,367.85,84.66,85.185,85.35,82.3275,83.535,82.0125,49.4616,536.1,540,20.3286,526.58,497.45,14.5118
86.15,57.6,4.4391,57.5625,286.8075,357.6835,570.2,2.6002,4.5425,174.0015,342.87,72.301,709.84,19.4766,599.94,599.94,10.0002,66.2362,76.7989,2.6002,4.5425,11.1288,15.7357,9.1102,174.006,342.87,709.84,81.0908,33.2,43.476,9.604,5.233,12.358,43.476,24.3675,15.0302,0.1931,0.1309,0.1323,0.1298,0.2119,0.1323,0.2007,0.1257,556.56,282.9,367.9,84.6825,85.1625,85.3725,82.3275,83.55,81.9825,49.4773,536.1,540,20.3285,526.64,497.51,14.5204
86.0,57.525,4.7359,57.525,286.9875,357.649,571.0,2.5996,4.5425,173.4615,342.87,72.3013,709.84,19.4776,599.88,599.88,10.0004,66.2363,76.8009,2.5996,4.5425,11.1288,15.7329,9.1096,173.46,342.87,709.84,81.1158,33.2,43.41,9.605,5.233,12.358,43.41,24.3345,15.0302,0.1931,0.1309,0.1323,0.1298,0.2119,0.1323,0.2007,0.1257,556.52,282.95,368.0,84.69,85.14,85.3275,82.3275,83.5575,81.9525,49.4931,536.1,540,20.3284,526.67,497.54,14.5291
86.725,57.525,4.4344,57.6,286.4025,357.649,570.3,2.5996,4.5425,174.0285,342.87,72.3016,709.84,19.4781,599.88,599.88,9.9998,66.2365,76.8014,2.5996,4.5425,11.1289,15.7322,9.1096,174.02,342.87,709.84,81.0901,33.195,43.374,9.607,5.233,12.358,43.374,24.296,15.0215,0.1931,0.131,0.1324,0.1299,0.2121,0.1323,0.2008,0.1257,556.56,283.0,368.05,84.63,85.14,85.3725,82.3125,83.565,81.9675,49.5088,536.1,540,20.3283,526.73,497.57,14.5378
86.75,57.525,3.9672,57.5625,286.38,357.2702,570.2,2.5994,4.54,174.0015,342.84,72.3012,709.92,19.4786,599.88,599.88,9.9997,66.2367,76.8027,2.5994,4.54,11.129,15.7314,9.1096,173.992,342.84,709.92,81.1145,33.195,43.314,9.608,5.229,12.358,43.314,24.263,15.0213,0.1931,0.131,0.1324,0.1299,0.2121,0.1324,0.2009,0.1258,556.52,283.05,368.15,84.645,85.1025,85.335,82.3125,83.6025,82.005,49.5284,536.07,540,20.3283,526.76,497.63,14.5464
86.425,57.5625,3.9375,57.5625,286.7625,357.1324,571.15,2.6,4.54,173.8125,342.84,72.3013,709.92,19.4799,599.82,599.82,9.9996,66.2368,76.8012,2.6,4.54,11.1291,15.7337,9.1096,173.81,342.84,709.92,81.1389,33.195,43.254,9.61,5.227,12.357,43.254,24.23,15.021,0.1931,0.131,0.1324,0.1299,0.2122,0.1324,0.2009,0.1258,556.52,283.1,368.2,84.6525,85.0725,85.35,82.275,83.58,81.99,49.548,536.04,540,20.3282,526.79,497.66,14.5551
86.125,57.5625,4.4562,57.6,286.2,357.5801,571.1,2.5998,4.54,173.502,342.84,72.3014,709.92,19.4806,599.82,599.82,10.0003,66.237,76.8019,2.5998,4.54,11.1292,15.7339,9.1096,173.502,342.84,709.92,81.1633,33.195,43.218,9.612,5.225,12.355,43.218,24.208,15.0293,0.1931,0.131,0.1325,0.13,0.2122,0.1324,0.2009,0.1258,556.48,283.15,368.25,84.6075,85.0275,85.32,82.3125,83.5425,82.0125,49.5602,536.07,540,20.3281,526.85,497.69,14.5638
86.9,57.525,3.8578,57.6,286.2,357.649,571.15,2.5998,4.5375,173.8665,342.84,72.3015,709.92,19.4814,599.82,599.82,10.0005,66.2372,76.8022,2.5998,4.5375,11.1292,15.7342,9.1096,173.866,342.84,709.92,81.137,33.19,43.206,9.613,5.222,12.355,43.206,24.1805,15.0293,0.1931,0.1311,0.1325,0.13,0.2122,0.1325,0.2009,0.1258,556.48,283.2,368.35,84.6075,85.02,85.3575,82.275,83.505,81.975,49.5799,536.04,540,20.328,526.88,497.72,14.5831
86.85,57.5625,4.7875,57.6,286.92,357.6835,570.95,2.5998,4.5375,172.854,342.84,72.3017,709.92,19.4821,599.82,599.82,10.0006,66.2373,76.8024,2.5998,4.5375,11.1293,15.7344,9.1096,172.858,342.84,709.92,81.1608,33.19,43.2,9.614,5.217,12.355,43.2,24.164,15.0293,0.193,0.1311,0.1325,0.13,0.2121,0.1325,0.201,0.1259,556.48,283.25,368.4,84.6375,84.9975,85.365,82.3275,83.4675,81.9975,49.5884,536.1,540,20.328,526.91,497.78,14.5924
86.9,57.6375,4.2062,57.5625,286.74,357.8557,570.75,2.6002,4.5425,173.907,342.87,72.3012,710.0,19.4776,600.24,600.24,10.0001,66.2375,76.8012,2.6002,4.5425,11.1294,15.7347,9.1108,173.908,342.87,710.0,81.1339,33.185,43.83,9.615,5.212,12.356,43.83,24.153,15.0293,0.1924,0.1308,0.1323,0.1298,0.2116,0.1323,0.2003,0.1257,556.56,283.3,368.5,84.6525,85.0275,85.3875,82.3275,83.5125,82.0125,49.5928,536.19,540,20.3279,526.97,497.81,14.6018
86.475,57.525,4.7281,57.6,287.1,357.3735,570.7,2.6006,4.55,173.7045,342.9,72.3005,710.08,19.4744,600.42,600.42,9.9992,66.2369,76.7994,2.6006,4.55,11.1295,15.7349,9.1113,173.712,342.9,710.08,81.157,33.185,44.316,9.606,5.18,12.356,44.316,24.3345,15.0293,0.1919,0.1306,0.1321,0.1296,0.211,0.1321,0.1998,0.1254,556.64,283.35,368.55,84.63,85.005,85.3275,82.3725,83.5125,81.9825,49.5894,536.34,540,20.3278,527.0,497.84,14.6111
86.325,57.6,4.775,57.525,286.3575,357.8212,570.7,2.601,4.5575,173.529,342.96,72.2992,710.24,19.4711,600.54,600.54,9.9989,66.2361,76.7972,2.601,4.5575,11.1295,15.7352,9.1124,173.53,342.96,710.24,81.1295,33.18,44.748,9.596,5.162,12.356,44.748,24.5875,15.0293,0.1917,0.1303,0.1319,0.1293,0.2106,0.1318,0.1994,0.1252,556.76,283.45,368.65,84.6075,85.02,85.32,82.395,83.4825,82.0275,49.5779,536.55,540,20.3277,527.03,497.9,14.6204
86.975,57.6,4.0891,57.6,286.47,357.4768,570.45,2.6014,4.565,173.4075,342.99,72.2982,710.32,19.4689,600.54,600.54,9.9978,66.2358,76.7944,2.6014,4.565,11.1296,15.7354,9.1135,173.404,342.99,710.32,81.152,33.18,45.12,9.585,5.165,12.356,45.12,24.8295,15.0293,0.1917,0.1301,0.1316,0.1291,0.2102,0.1316,0.199,0.1249,557.0,283.5,368.7,84.6525,85.0425,85.3575,82.38,83.505,82.035,49.5618,536.79,540,20.3276,527.09,497.93,14.6298
86.575,57.6,4.7266,57.5625,286.6725,358.0623,571.05,2.6014,4.57,174.177,343.05,72.2964,710.48,19.4666,600.54,600.54,9.9972,66.2347,76.7927,2.6014,4.57,11.1297,15.7357,9.1135,174.174,343.05,710.48,81.1745,33.18,45.438,9.573,5.18,12.356,45.438,25.0605,15.0293,0.1918,0.1299,0.1314,0.1289,0.21,0.1314,0.1987,0.1247,557.24,283.55,368.8,84.615,85.065,85.3425,82.3575,83.475,82.065,49.5485,537.0,540,20.3276,527.12,497.96,14.6391
86.55,57.6,4.35,57.6375,286.56,357.7868,570.7,2.6016,4.575,173.7855,343.08,72.2963,710.4,19.4636,600.6,600.6,9.9966,66.2341,76.7902,2.6016,4.575,11.1298,15.7329,9.114,173.796,343.08,710.4,81.197,33.18,45.624,9.562,5.203,12.356,45.624,25.2585,15.0293,0.192,0.1298,0.1313,0.1287,0.2098,0.1313,0.1985,0.1246,557.48,283.65,368.9,84.6075,85.0725,85.32,82.335,83.505,82.0575,49.5305,537.24,540,20.3275,527.18,497.99,14.6484
86.1,57.525,4.4453,57.5625,286.3575,357.5113,570.9,2.6012,4.5775,174.2985,343.11,72.2957,710.4,19.4626,600.48,600.48,9.9961,66.2335,76.7897,2.6012,4.5775,11.1299,15.7322,9.114,174.3,343.11,710.4,81.2195,33.18,45.726,9.553,5.235,12.355,45.726,25.4125,15.0207,0.1924,0.1297,0.1312,0.1286,0.2097,0.1311,0.1984,0.1245,557.72,283.7,369.0,84.585,85.1175,85.3275,82.3275,83.5125,82.0275,49.5154,537.45,540,20.3274,527.21,498.05,14.6578
86.75,57.525,4.3875,57.5625,286.65,357.408,570.95,2.6014,4.5775,174.0015,343.11,72.2944,710.48,19.4606,600.48,600.48,9.9955,66.2329,76.7874,2.6014,4.5775,11.1299,15.7314,9.1135,174.006,343.11,710.48,81.242,33.18,45.72,9.546,5.268,12.355,45.72,25.5115,15.0204,0.1928,0.1297,0.1311,0.1286,0.2097,0.1311,0.1984,0.1244,557.92,283.75,369.05,84.6,85.125,85.3125,82.3275,83.4975,81.99,49.5031,537.63,540,20.3273,527.27,498.08,14.6671
86.575,57.5625,4.4016,57.6,286.8525,357.2013,570.75,2.6014,4.58,174.0825,343.11,72.2937,710.48,19.4609,600.3,600.3,9.9949,66.2324,76.7857,2.6014,4.58,11.13,15.7337,9.1135,174.076,343.11,710.48,81.2645,33.18,45.654,9.54,5.304,12.355,45.654,25.5665,15.0202,0.1932,0.1297,0.1311,0.1285,0.2098,0.131,0.1985,0.1244,558.12,283.8,369.15,84.57,85.0725,85.3125,82.275,83.4525,81.9675,49.4902,537.81,540,20.3273,527.3,498.14,14.6764
86.425,57.6,4.575,57.6,286.1325,357.1324,570.8,2.6008,4.5775,173.4075,343.11,72.2929,710.48,19.4604,600.24,600.24,9.9943,66.2318,76.7862,2.6008,4.5775,11.1301,15.7339,9.1129,173.418,343.11,710.48,81.287,33.18,45.528,9.537,5.336,12.354,45.528,25.583,15.0199,0.1936,0.1298,0.1311,0.1286,0.2098,0.1311,0.1986,0.1244,558.32,283.85,369.25,84.585,85.0875,85.3125,82.275,83.4525,81.9525,49.4802,537.96,540,20.3272,527.36,498.17,14.6858
86.05,57.525,4.3875,57.5625,286.2,357.8901,570.7,2.6008,4.5775,174.177,343.11,72.294,710.24,19.4601,600.18,600.18,9.9937,66.2319,76.7852,2.6008,4.5775,11.1302,15.7342,9.1129,174.188,343.11,710.24,81.3095,33.18,45.384,9.535,5.366,12.353,45.384,25.561,15.0196,0.1939,0.1299,0.1312,0.1286,0.21,0.1311,0.1987,0.1245,558.48,283.95,369.3,84.5625,85.14,85.29,82.2675,83.4375,81.945,49.4772,538.05,540,20.3271,527.42,498.23,14.6951
86.625,57.6,4.2391,57.525,286.92,357.5801,570.9,2.6006,4.575,172.935,343.08,72.2937,710.24,19.4601,600.12,600.12,9.9946,66.2316,76.7849,2.6006,4.575,11.1265,15.7344,9.1124,172.928,343.08,710.24,81.3826,33.185,45.162,9.535,5.389,12.353,45.162,25.506,15.0193,0.1943,0.13,0.1312,0.1287,0.2101,0.1312,0.1989,0.1245,558.56,284.0,369.4,84.6075,85.1175,85.26,82.26,83.415,81.93,49.4701,538.17,540,20.327,527.45,498.26,14.7045
86.75,57.5625,3.8766,57.5625,286.605,357.9245,570.4,2.6004,4.5725,173.9745,343.05,72.2939,710.16,19.4604,600.06,600.06,9.9946,66.2313,76.7849,2.6004,4.5725,11.1261,15.7347,9.1124,173.978,343.05,710.16,81.4057,33.185,44.97,9.537,5.411,12.352,44.97,25.4345,15.019,0.1946,0.1301,0.1313,0.1288,0.2104,0.1313,0.1991,0.1247,558.68,284.05,369.45,84.5775,85.155,85.2375,82.29,83.415,81.8925,49.4774,538.17,540,20.327,527.51,498.32,14.7138
86.65,57.6,4.1734,57.6,286.245,357.9245,570.35,2.6002,4.57,173.3265,343.05,72.2937,710.16,19.4616,599.94,599.94,9.9945,66.2309,76.7852,2.6002,4.57,11.1252,15.7349,9.1113,173.32,343.05,710.16,81.4289,33.185,44.712,9.539,5.426,12.352,44.712,25.3245,15.0188,0.1949,0.1302,0.1315,0.1289,0.2106,0.1314,0.1994,0.1248,558.72,284.1,369.55,84.5625,85.1925,85.2225,82.2525,83.4525,81.8775,49.4811,538.2,540,20.3269,527.57,498.35,14.7231
86.85,57.525,4.0406,57.5625,286.74,357.7868,570.25,2.5994,4.565,173.6775,343.02,72.294,710.08,19.4626,599.88,599.88,9.9951,66.2314,76.7879,2.5994,4.565,11.1272,15.7352,9.1108,173.684,343.02,710.08,81.5026,33.19,44.46,9.544,5.439,12.351,44.46,25.2145,15.0185,0.1951,0.1303,0.1316,0.1291,0.2109,0.1315,0.1997,0.1249,558.72,284.15,369.65,84.5475,85.23,85.2075,82.2225,83.445,81.9,49.4921,538.17,540,20.3268,527.6,498.41,14.7325
86.025,57.5625,4.7438,57.525,287.0325,357.2013,571.05,2.5992,4.56,173.556,342.99,72.2945,710.0,19.4646,599.76,599.76,9.9953,66.2313,76.7894,2.5992,4.56,11.1273,15.7354,9.1096,173.544,342.99,710.0,81.5264,33.19,44.184,9.549,5.447,12.351,44.184,25.077,15.0182,0.1953,0.1305,0.1317,0.1292,0.2111,0.1317,0.1999,0.125,558.68,284.2,369.7,84.5925,85.2,85.23,82.275,83.4,81.9,49.507,538.11,540,20.3267,527.66,498.47,14.7418
86.525,57.6375,3.8969,57.5625,286.785,357.5801,570.15,2.5994,4.5575,173.664,342.96,72.2952,709.92,19.4671,599.64,599.64,9.9955,66.2312,76.7897,2.5994,4.5575,11.1274,15.7357,9.1096,173.656,342.96,709.92,81.6008,33.195,43.902,9.556,5.452,12.351,43.902,24.934,15.0179,0.1955,0.1307,0.1319,0.1293,0.2114,0.1318,0.2002,0.1252,558.64,284.3,369.8,84.5775,85.17,85.2075,82.23,83.415,81.9375,49.5259,538.02,540,20.3267,527.72,498.5,14.7511
86.2,57.525,4.3609,57.5625,286.65,357.7868,570.9,2.5992,4.5525,173.799,342.93,72.2959,709.84,19.4701,599.52,599.52,9.9956,66.2318,76.7912,2.5992,4.5525,11.1275,15.7329,9.1091,173.81,342.93,709.84,81.6251,33.195,43.614,9.563,5.452,12.351,43.614,24.7745,15.0177,0.1956,0.1308,0.132,0.1295,0.2118,0.132,0.2005,0.1254,558.52,284.35,369.85,84.555,85.14,85.2225,82.215,83.37,81.9225,49.5527,537.87,540,20.3266,527.75,498.56,14.7605
86.4,57.5625,4.2031,57.6,286.56,357.959,570.3,2.5988,4.5475,173.6505,342.9,72.2968,709.76,19.4736,599.4,599.4,9.9958,66.232,76.7937,2.5988,4.5475,11.1275,15.7322,9.1086,173.656,342.9,709.76,81.6495,33.195,43.326,9.571,5.449,12.351,43.326,24.6095,15.0174,0.1957,0.131,0.1322,0.1296,0.212,0.1322,0.2008,0.1255,558.4,284.4,369.95,84.5175,85.1625,85.2225,82.23,83.3475,81.93,49.5801,537.72,540,20.3265,527.81,498.59,14.7698
86.1,57.6,4.0141,57.525,286.5825,357.7868,570.9,2.5986,4.5425,173.637,342.87,72.2965,709.84,19.4754,599.46,599.46,9.996,66.2329,76.796,2.5986,4.5425,11.1276,15.7314,9.108,173.642,342.87,709.84,81.6739,33.195,43.068,9.58,5.442,12.351,43.068,24.45,15.0171,0.1957,0.1311,0.1323,0.1298,0.2122,0.1323,0.201,0.1257,558.24,284.45,370.0,84.525,85.14,85.245,82.23,83.3175,81.9075,49.6081,537.57,540,20.3264,527.84,498.65,14.7791
86.275,57.5625,4.6031,57.6,286.38,357.9245,570.45,2.5988,4.5375,173.9745,342.84,72.2974,709.76,19.4769,599.52,599.52,9.9969,66.2334,76.797,2.5988,4.5375,11.1277,15.7337,9.108,173.978,342.84,709.76,81.6983,33.195,42.828,9.588,5.429,12.351,42.828,24.2905,15.0168,0.1956,0.1312,0.1325,0.13,0.2126,0.1325,0.2013,0.1258,558.08,284.5,370.1,84.5325,85.14,85.2375,82.2,83.31,81.96,49.6442,537.36,540,20.3263,527.9,498.68,14.7991
86.95,57.6,4.3828,57.525,287.0325,357.1669,570.85,2.5986,4.535,174.069,342.81,72.2984,709.68,19.4796,599.46,599.46,9.9973,66.2338,76.7992,2.5986,4.535,11.1278,15.7339,9.1074,174.062,342.81,709.68,81.7226,33.195,42.6,9.596,5.411,12.351,42.6,24.142,15.0165,0.1954,0.1314,0.1326,0.1301,0.2128,0.1326,0.2015,0.126,557.84,284.6,370.15,84.5925,85.155,85.2225,82.2375,83.28,81.9975,49.6812,537.15,540,20.3263,527.93,498.71,14.8091
86.5,57.5625,4.0484,57.6,286.875,357.8212,570.45,2.5988,4.53,173.367,342.78,72.2995,709.6,19.4811,599.52,599.52,9.9977,66.2349,76.8002,2.5988,4.53,11.1279,15.7342,9.1074,173.362,342.78,709.6,81.747,33.195,42.396,9.605,5.391,12.351,42.396,24.01,15.0163,0.1953,0.1315,0.1327,0.1302,0.2129,0.1327,0.2017,0.1261,557.64,284.65,370.25,84.585,85.11,85.245,82.245,83.31,82.005,49.7115,537.0,540,20.3262,527.96,498.77,14.8191
86.275,57.6,4.1937,57.5625,286.605,357.5113,570.45,2.599,4.5325,173.5155,342.78,72.3002,709.6,19.4816,599.64,599.64,9.9981,66.2349,76.8009,2.599,4.5325,11.1279,15.7344,9.1074,173.516,342.78,709.6,81.7714,33.195,42.69,9.612,5.367,12.351,42.69,23.8835,15.016,0.1946,0.1314,0.1327,0.1302,0.2126,0.1327,0.2015,0.1261,557.48,284.7,370.3,84.6225,85.095,85.23,82.2075,83.31,82.0425,49.7387,536.88,540,20.3261,528.02,498.8,14.8291
86.2,57.6,4.1141,57.5625,286.7175,357.6146,570.85,2.599,4.5325,173.3535,342.81,72.3002,709.68,19.4824,599.7,599.7,9.9986,66.2353,76.8022,2.599,4.5325,11.1288,15.7347,9.1074,173.362,342.81,709.68,81.7451,33.19,42.918,9.613,5.317,12.351,42.918,23.9055,15.0157,0.194,0.1313,0.1327,0.1301,0.2124,0.1326,0.2012,0.126,557.36,284.75,370.4,84.6375,85.065,85.275,82.26,83.3175,82.0425,49.7588,536.82,540,20.326,528.05,498.83,14.8391
86.3,57.5625,4.6266,57.6,286.1325,358.0623,570.6,2.5998,4.5375,173.259,342.81,72.3,709.76,19.4806,599.94,599.94,9.9982,66.2357,76.8005,2.5998,4.5375,11.1291,15.7349,9.1086,173.264,342.81,709.76,81.7689,33.19,43.14,9.612,5.274,12.351,43.14,23.9935,15.0154,0.1935,0.1311,0.1326,0.13,0.2122,0.1326,0.201,0.1259,557.28,284.85,370.5,84.6075,85.0875,85.2675,82.2525,83.34,82.005,49.7716,536.82,540,20.326,528.08,498.86,14.8491
86.725,57.5625,4.0984,57.525,286.695,358.0279,570.8,2.6,4.54,174.015,342.84,72.2992,709.92,19.4794,600.06,600.06,9.9984,66.2361,76.7999,2.6,4.54,11.1294,15.7352,9.1091,174.006,342.84,709.92,81.742,33.185,43.356,9.609,5.244,12.351,43.356,24.098,15.0238,0.1931,0.131,0.1325,0.1299,0.2121,0.1324,0.2008,0.1258,557.28,284.9,370.6,84.6075,85.08,85.26,82.2375,83.31,82.035,49.7882,536.79,540,20.3259,528.14,498.92,14.8591
86.3,57.6,4.4391,57.5625,286.605,357.5457,570.3,2.6,4.5425,173.7315,342.87,72.2987,710.0,19.4791,600.06,600.06,9.9986,66.2358,76.7999,2.6,4.5425,11.1297,15.7354,9.1102,173.726,342.87,710.0,81.7651,33.185,43.416,9.606,5.224,12.352,43.416,24.208,15.0238,0.193,0.1309,0.1324,0.1299,0.212,0.1323,0.2007,0.1257,557.28,284.95,370.7,84.5775,85.0875,85.2675,82.29,83.3325,82.08,49.7974,536.82,540,20.3258,528.17,498.95,14.8691
86.125,57.6,4.2375,57.5625,286.425,357.5113,570.75,2.6,4.5425,173.9745,342.87,72.2987,710.0,19.4789,600.06,600.06,9.9987,66.2359,76.7999,2.6,4.5425,11.1301,15.7357,9.1102,173.978,342.87,710.0,81.7377,33.18,43.422,9.603,5.221,12.352,43.422,24.2795,15.0238,0.193,0.1309,0.1324,0.1298,0.212,0.1323,0.2007,0.1257,557.28,285.05,370.75,84.6075,85.0425,85.275,82.305,83.325,82.0575,49.8103,536.82,540,20.3257,528.2,498.98,14.8791
86.375,57.5625,4.5656,57.6375,286.695,357.8901,571.2,2.5996,4.5425,174.2175,342.87,72.2999,709.84,19.4809,599.88,599.88,9.9989,66.2361,76.8015,2.5996,4.5425,11.1304,15.7329,9.1096,174.216,342.87,709.84,81.7602,33.18,43.314,9.602,5.226,12.353,43.314,24.3015,15.0238,0.1932,0.131,0.1324,0.1299,0.2122,0.1323,0.2009,0.1257,557.28,285.1,370.85,84.63,85.0125,85.2675,82.2825,83.385,82.08,49.8269,536.79,540,20.3257,528.23,499.01,14.8891
86.85,57.6,4.3438,57.6,286.9425,357.7523,570.8,2.5994,4.54,173.2995,342.84,72.3008,709.76,19.4829,599.76,599.76,9.9991,66.2363,76.8027,2.5994,4.54,11.1307,15.7322,9.1091,173.292,342.84,709.76,81.732,33.175,43.104,9.603,5.236,12.353,43.104,24.274,15.0238,0.1935,0.1311,0.1324,0.1299,0.2122,0.1324,0.2011,0.1258,557.28,285.2,370.95,84.615,85.005,85.305,82.3125,83.385,82.0275,49.8361,536.82,540,20.3256,528.26,499.04,14.8991
86.3,57.6,4.7578,57.6,286.56,357.8212,570.95,2.5992,4.5375,173.043,342.84,72.3012,709.76,19.4831,599.82,599.82,9.9992,66.2365,76.8042,2.5992,4.5375,11.1273,15.7322,9.1086,173.054,342.84,709.76,81.7539,33.175,43.128,9.606,5.249,12.353,43.128,24.1915,15.0238,0.1935,0.1311,0.1325,0.13,0.2122,0.1325,0.201,0.1259,557.28,285.25,371.05,84.645,84.975,85.305,82.3275,83.3775,82.0125,49.8452,536.85,540,20.3255,528.32,499.07,14.9091
86.4,57.525,4.7188,57.6,286.8075,357.5113,570.65,2.5998,4.54,173.07,342.84,72.3015,709.76,19.4809,600.06,600.06,9.9994,66.2366,76.803,2.5998,4.54,11.1264,15.7339,9.1096,173.082,342.84,709.76,81.7251,33.17,43.404,9.607,5.247,12.354,43.404,24.142,15.0238,0.1932,0.131,0.1325,0.1299,0.2119,0.1324,0.2008,0.1258,557.32,285.3,371.15,84.6,84.9675,85.2825,82.3425,83.43,81.975,49.8504,536.91,540,20.3254,528.35,499.13,14.9191
86.75,57.6,4.5125,57.5625,286.245,357.6835,570.8,2.6,4.5425,174.231,342.87,72.3,710.0,19.4799,600.12,600.12,9.9996,66.2368,76.8025,2.6,4.5425,11.1255,15.7342,9.1102,174.23,342.87,710.0,81.7464,33.17,43.62,9.605,5.23,12.354,43.62,24.2025,15.0238,0.193,0.1309,0.1324,0.1299,0.2118,0.1323,0.2006,0.1257,557.4,285.35,371.2,84.615,84.9975,85.26,82.365,83.3925,82.0125,49.8591,536.94,540,20.3254,528.38,499.16,14.9291
86.525,57.6,4.7453,57.6,286.3125,357.5457,570.5,2.6002,4.545,174.0015,342.87,72.3,710.0,19.4786,600.18,600.18,9.9997,66.237,76.8017,2.6002,4.545,11.1275,15.7344,9.1102,173.992,342.87,710.0,81.717,33.165,43.746,9.601,5.22,12.354,43.746,24.296,15.0238,0.1929,0.1308,0.1323,0.1297,0.2117,0.1322,0.2004,0.1256,557.4,285.45,371.3,84.5775,85.005,85.305,82.335,83.415,82.0125,49.864,537.0,540,20.3253,528.41,499.19,14.9391
86.525,57.525,4.3047,57.6,286.47,357.9934,570.55,2.6004,4.5475,174.069,342.9,72.2994,710.08,19.4771,600.24,600.24,9.9999,66.2364,76.8007,2.6004,4.5475,11.1276,15.7347,9.1108,174.062,342.9,710.08,81.7376,33.165,43.842,9.598,5.223,12.354,43.842,24.3895,15.0238,0.193,0.1308,0.1322,0.1297,0.2116,0.1322,0.2003,0.1256,557.48,285.5,371.4,84.5475,84.9825,85.3275,82.3125,83.3775,82.035,49.8686,537.06,540,20.3252,528.47,499.22,14.9491
86.6,57.6375,4.1094,57.525,286.2225,357.3046,570.7,2.6004,4.5475,173.8935,342.9,72.2993,710.08,19.4784,600.06,600.06,9.9993,66.2363,76.8002,2.6004,4.5475,11.1277,15.7349,9.1108,173.894,342.9,710.08,81.7076,33.16,43.896,9.594,5.233,12.354,43.896,24.461,15.0238,0.1931,0.1307,0.1322,0.1296,0.2115,0.1322,0.2002,0.1255,557.52,285.55,371.45,84.6,84.99,85.305,82.335,83.3925,82.065,49.873,537.12,540,20.3251,528.5,499.25,14.9591
86.8,57.6,4.7391,57.525,286.155,357.6835,570.35,2.6004,4.5475,174.231,342.9,72.2992,710.08,19.4774,600.12,600.12,9.9992,66.2362,76.7997,2.6004,4.5475,11.1278,15.7352,9.1113,174.23,342.9,710.08,81.7276,33.16,43.92,9.591,5.245,12.354,43.92,24.505,15.0238,0.1933,0.1307,0.1321,0.1296,0.2115,0.1321,0.2002,0.1255,557.6,285.6,371.55,84.6225,84.9825,85.35,82.305,83.4,82.05,49.8771,537.18,540,20.3251,528.53,499.28,14.9691
86.275,57.5625,3.8922,57.6,286.4025,357.5457,570.35,2.6004,4.5475,174.0285,342.9,72.3003,709.92,19.4776,600.06,600.06,9.9991,66.2361,76.7992,2.6004,4.5475,11.1279,15.7354,9.1113,174.034,342.9,709.92,81.697,33.155,43.878,9.589,5.259,12.354,43.878,24.5215,15.0238,0.1935,0.1308,0.1321,0.1296,0.2115,0.1321,0.2003,0.1255,557.64,285.7,371.65,84.5925,85.035,85.335,82.26,83.3775,82.02,49.881,537.24,540,20.325,528.56,499.31,14.9791
86.075,57.5625,4.2219,57.6,286.2225,357.4768,570.7,2.6004,4.5475,173.934,342.9,72.3004,709.92,19.4774,600.06,600.06,9.9998,66.236,76.7987,2.6004,4.5475,11.1279,15.7357,9.1108,173.936,342.9,709.92,81.7164,33.155,43.806,9.588,5.274,12.353,43.806,24.516,15.0238,0.1937,0.1308,0.1322,0.1296,0.2116,0.1322,0.2003,0.1255,557.72,285.75,371.7,84.5625,85.0575,85.335,82.245,83.3475,82.005,49.8884,537.27,540,20.3249,528.59,499.37,14.9891
86.6,57.5625,3.9828,57.6,286.875,357.3735,571.15,2.5998,4.5475,174.0015,342.9,72.3005,709.92,19.4779,600.0,600.0,10.0,66.236,76.8004,2.5998,4.5475,11.128,15.7329,9.1102,173.992,342.9,709.92,81.7357,33.155,43.71,9.589,5.288,12.353,43.71,24.4885,15.0238,0.1939,0.1309,0.1322,0.1297,0.2117,0.1322,0.2004,0.1256,557.76,285.8,371.8,84.585,85.05,85.3725,82.215,83.355,82.0125,49.8956,537.3,540,20.3248,528.65,499.4,14.9991
86.3,57.6,3.8984,57.6,286.8975,357.2702,570.3,2.5998,4.545,173.961,342.87,72.3,710.0,19.4779,600.0,600.0,10.0001,66.2366,76.8007,2.5998,4.545,11.1281,15.7322,9.1102,173.964,342.87,710.0,81.7045,33.15,43.584,9.59,5.3,12.353,43.584,24.439,15.0238,0.1941,0.1309,0.1323,0.1297,0.2118,0.1322,0.2006,0.1256,557.8,285.85,371.9,84.5775,85.02,85.4025,82.2225,83.4225,81.9825,49.9065,537.3,540,20.3247,528.68,499.43,15.0091
86.4,57.525,4.4891,57.5625,286.4925,357.5801,571.05,2.5996,4.5425,173.178,342.87,72.3,710.0,19.4786,599.94,599.94,10.0003,66.2368,76.8017,2.5996,4.5425,11.1282,15.7314,9.1096,173.18,342.87,710.0,81.7232,33.15,43.452,9.592,5.31,12.353,43.452,24.3785,15.0238,0.1943,0.131,0.1323,0.1298,0.2118,0.1323,0.2007,0.1257,557.8,285.95,371.95,84.5775,85.0275,85.4025,82.2075,83.4375,82.0275,49.9099,537.36,540,20.3247,528.71,499.46,15.0191
86.65,57.6,4.0187,57.6,286.515,357.9934,571.15,2.6,4.54,174.285,342.84,72.3007,709.92,19.4796,599.88,599.88,10.0005,66.237,76.8007,2.6,4.54,11.1283,15.7337,9.1096,174.286,342.84,709.92,81.742,33.15,43.356,9.594,5.318,12.353,43.356,24.3015,15.0238,0.1943,0.1311,0.1324,0.1299,0.2121,0.1324,0.2008,0.1258,557.84,286.0,372.05,84.5925,84.99,85.395,82.2375,83.4825,81.99,49.9281,537.3,540,20.3246,528.74,499.49,15.0291
86.725,57.5625,4.5234,57.6,286.7625,358.1312,570.95,2.5998,4.5375,174.015,342.84,72.3008,709.92,19.4809,599.82,599.82,9.9999,66.2371,76.8014,2.5998,4.5375,11.1283,15.7339,9.1096,174.02,342.84,709.92,81.7607,33.15,43.2,9.597,5.32,12.352,43.2,24.23,15.0152,0.1944,0.1311,0.1325,0.13,0.2122,0.1325,0.2009,0.1258,557.8,286.05,372.15,84.6375,84.96,85.41,82.2525,83.4675,81.96,49.9428,537.27,540,20.3245,528.8,499.52,15.0391
86.275,57.6,4.7391,57.5625,286.875,357.8557,570.5,2.5998,4.5375,174.1635,342.84,72.3015,709.84,19.4824,599.76,599.76,10.0006,66.2373,76.8017,2.5998,4.5375,11.1284,15.7342,9.1091,174.16,342.84,709.84,81.7795,33.15,43.05,9.601,5.323,12.352,43.05,24.1585,15.0149,0.1945,0.1312,0.1325,0.13,0.2124,0.1325,0.2011,0.1259,557.76,286.1,372.2,84.675,85.02,85.395,82.2675,83.5125,81.96,49.9613,537.21,540,20.3244,528.83,499.58,15.0491
86.0,57.6375,4.5969,57.5625,286.5375,357.4424,571.2,2.5996,4.535,173.232,342.81,72.3018,709.84,19.4841,599.7,599.7,10.0007,66.2375,76.8027,2.5996,4.535,11.1285,15.7344,9.1091,173.236,342.81,709.84,81.7477,33.145,42.894,9.604,5.324,12.352,42.894,24.076,15.0146,0.1946,0.1313,0.1326,0.1301,0.2124,0.1326,0.2012,0.126,557.68,286.2,372.3,84.7125,85.005,85.35,82.23,83.4975,81.9675,49.9764,537.18,540,20.3244,528.86,499.61,15.0698
86.225,57.5625,4.2422,57.6,286.9875,357.959,570.4,2.5996,4.5325,174.0555,342.81,72.302,709.84,19.4831,599.88,599.88,10.0016,66.2384,76.8032,2.5996,4.5325,11.1286,15.7347,9.1091,174.062,342.81,709.84,81.7658,33.145,42.96,9.608,5.322,12.351,42.96,23.999,15.0143,0.1944,0.1313,0.1327,0.1301,0.2124,0.1326,0.2012,0.126,557.68,286.25,372.4,84.6825,84.9825,85.3125,82.215,83.4525,82.005,49.9953,537.12,540,20.3243,528.89,499.64,15.0805
86.75,57.525,4.3734,57.525,286.2675,357.9245,571.3,2.5996,4.5325,174.2715,342.81,72.3023,709.84,19.4836,599.88,599.88,10.0013,66.2388,76.8037,2.5996,4.5325,11.1286,15.7349,9.1091,174.272,342.81,709.84,81.7839,33.145,42.972,9.61,5.307,12.35,42.972,23.9715,15.014,0.1943,0.1313,0.1327,0.1301,0.2125,0.1326,0.2012,0.126,557.6,286.3,372.45,84.6525,84.9975,85.275,82.1775,83.4825,82.02,50.0144,537.06,540,20.3242,528.92,499.67,15.0911
86.75,57.6,4.6531,57.5625,286.83,357.2357,570.6,2.5996,4.5325,173.6505,342.81,72.3025,709.84,19.4841,599.88,599.88,10.0015,66.2392,76.8042,2.5996,4.5325,11.1287,15.7352,9.1091,173.656,342.81,709.84,81.7514,33.14,42.966,9.611,5.296,12.35,42.966,23.977,15.0224,0.1942,0.1313,0.1327,0.1301,0.2124,0.1326,0.2012,0.126,557.56,286.4,372.55,84.645,85.0575,85.2825,82.1475,83.4525,82.0125,50.0263,537.06,540,20.3241,528.98,499.7,15.1018
86.225,57.525,4.8219,57.5625,286.9425,357.6146,570.8,2.5996,4.5325,173.8935,342.81,72.3028,709.84,19.4846,599.88,599.88,10.0016,66.2396,76.8047,2.5996,4.5325,11.1288,15.7354,9.1091,173.894,342.81,709.84,81.7689,33.14,42.99,9.612,5.289,12.35,42.99,23.977,15.0224,0.1941,0.1313,0.1327,0.1301,0.2124,0.1326,0.2012,0.126,557.52,286.45,372.65,84.6375,85.08,85.305,82.1475,83.4825,81.99,49.8803,537.03,500,20.3241,529.01,499.73,15.1125
86.8,57.5625,4.1406,57.6,286.245,357.7868,570.55,2.5996,4.5325,174.15,342.81,72.303,709.84,19.4844,599.94,599.94,10.0018,66.2401,76.8052,2.5996,4.5325,11.1289,15.7357,9.1091,174.16,342.81,709.84,81.7358,33.135,42.996,9.612,5.282,12.349,42.996,23.977,15.0224,0.194,0.1313,0.1326,0.1301,0.2124,0.1326,0.2011,0.126,557.52,286.55,372.75,84.645,85.125,85.3125,82.1625,83.4825,82.0275,49.7345,537.0,500,20.324,529.04,499.76,15.1231
86.65,57.525,4.2516,57.5625,286.4475,357.959,571.05,2.5996,4.5325,173.8935,342.81,72.3033,709.84,19.4854,599.88,599.88,10.002,66.2405,76.8057,2.5996,4.5325,11.129,15.7329,9.1091,173.894,342.81,709.84,81.7526,33.135,42.99,9.612,5.276,12.351,42.99,23.9715,15.0138,0.194,0.1313,0.1326,0.1301,0.2124,0.1326,0.2012,0.126,557.48,286.6,372.85,84.6675,85.1325,85.335,82.2225,83.5275,81.99,49.585,537.0,500,20.3239,529.07,499.79,15.1338
86.2,57.525,4.7484,57.6,286.2675,357.649,570.95,2.5996,4.5325,173.8125,342.81,72.3035,709.84,19.4851,599.94,599.94,10.0021,66.2409,76.8062,2.5996,4.5325,11.129,15.7322,9.1091,173.824,342.81,709.84,81.7695,33.135,42.99,9.613,5.274,12.351,42.99,23.9715,15.0135,0.194,0.1313,0.1326,0.1301,0.2124,0.1326,0.2011,0.126,557.48,286.7,372.95,84.6975,85.155,85.365,82.2675,83.5725,81.9675,49.4392,536.97,500,20.3238,529.1,499.82,15.1445
86.975,57.525,4.4062,57.5625,286.245,358.2,571.1,2.6,4.5325,173.421,342.81,72.3038,709.84,19.4854,599.94,599.94,10.0023,66.2406,76.8052,2.6,4.5325,11.1291,15.7314,9.1102,173.432,342.81,709.84,81.7358,33.13,43.002,9.613,5.272,12.351,43.002,23.966,15.0132,0.1939,0.1313,0.1326,0.1301,0.2123,0.1326,0.2011,0.126,557.44,286.75,373.05,84.6675,85.1175,85.3275,82.26,83.58,81.96,49.2936,536.94,500,20.3238,529.13,499.85,15.1551
86.075,57.6,4.475,57.525,286.83,357.9245,571.35,2.6,4.5325,173.556,342.81,72.304,709.84,19.4841,600.06,600.06,10.0025,66.2407,76.8052,2.6,4.5325,11.1292,15.7337,9.1102,173.558,342.81,709.84,81.7521,33.13,43.026,9.613,5.269,12.348,43.026,23.9715,15.0129,0.1938,0.1313,0.1326,0.1301,0.2123,0.1326,0.2011,0.126,557.4,286.85,373.15,84.705,85.125,85.365,82.23,83.58,81.975,49.1556,536.85,500,20.3237,529.16,499.88,15.1658
86.725,57.525,4.3172,57.5625,286.875,358.2,571.15,2.6,4.5325,173.934,342.81,72.3043,709.84,19.4839,600.06,600.06,10.0026,66.2409,76.8052,2.6,4.5325,11.1293,15.7339,9.1102,173.936,342.81,709.84,81.7177,33.125,43.02,9.612,5.263,12.348,43.02,23.977,15.0127,0.1937,0.1313,0.1326,0.1301,0.2123,0.1326,0.2011,0.126,557.32,286.9,373.25,84.7275,85.095,85.38,82.2825,83.5575,81.975,49.0218,536.73,500,20.3236,529.19,499.91,15.1765
86.675,57.6375,4.4172,57.5625,286.3575,357.4768,570.45,2.6,4.5325,173.853,342.81,72.3045,709.84,19.4836,600.06,600.06,10.0028,66.2411,76.8052,2.6,4.5325,11.1293,15.7342,9.1102,173.866,342.81,709.84,81.7333,33.125,42.942,9.612,5.254,12.348,42.942,23.9825,15.0124,0.1936,0.1313,0.1327,0.1301,0.2124,0.1326,0.2012,0.126,557.2,287.0,373.35,84.705,85.1025,85.3425,82.26,83.5125,81.96,48.8922,536.58,500,20.3235,529.22,499.94,15.1871
86.85,57.6,4.1078,57.6,286.9875,357.4424,571.2,2.6,4.5325,173.9745,342.81,72.3054,709.76,19.4856,599.88,599.88,10.003,66.2412,76.8052,2.6,4.5325,11.1294,15.7344,9.1096,173.964,342.81,709.76,81.6983,33.12,42.834,9.613,5.246,12.348,42.834,23.966,15.0121,0.1935,0.1313,0.1327,0.1302,0.2126,0.1326,0.2013,0.1261,557.04,287.05,373.45,84.705,85.0875,85.29,82.215,83.4675,81.93,48.7707,536.37,500,20.3235,529.25,499.97,15.1978
86.225,57.5625,4.7812,57.5625,286.38,358.1312,570.7,2.5998,4.53,173.259,342.78,72.3058,709.76,19.4869,599.82,599.82,10.0031,66.2414,76.806,2.5998,4.53,11.1295,15.7347,9.1096,173.25,342.78,709.76,81.7133,33.12,42.69,9.615,5.235,12.348,42.69,23.9275,15.0118,0.1934,0.1313,0.1327,0.1302,0.2126,0.1327,0.2014,0.1261,556.8,287.15,373.55,84.7275,85.1325,85.305,82.26,83.4675,81.9225,48.6463,536.19,500,20.3234,529.28,500.0,15.2085
86.4,57.6,4.2578,57.6375,287.145,357.8212,570.85,2.6,4.535,173.34,342.81,72.3055,709.84,19.4854,600.0,600.0,10.0026,66.2416,76.8055,2.6,4.535,11.1296,15.7349,9.1102,173.348,342.81,709.84,81.6776,33.115,43.218,9.617,5.219,12.348,43.218,23.8725,15.0115,0.1926,0.1311,0.1326,0.1301,0.2121,0.1326,0.2009,0.126,556.64,287.2,373.65,84.72,85.11,85.305,82.2975,83.475,81.96,48.5188,536.04,500,20.3233,529.31,500.03,15.2191
86.725,57.5625,4.2297,57.525,286.245,357.408,571.4,2.6004,4.54,173.394,342.84,72.3039,710.08,19.4816,600.3,600.3,10.0025,66.241,76.804,2.6004,4.54,11.1297,15.7352,9.1108,173.39,342.84,710.08,81.6414,33.11,43.602,9.611,5.166,12.348,43.602,23.999,15.0113,0.1918,0.1309,0.1325,0.1299,0.2117,0.1324,0.2005,0.1258,556.48,287.25,373.75,84.6975,85.095,85.335,82.35,83.445,81.9975,48.3845,535.95,500,20.3232,529.34,500.06,15.2298
86.35,57.5625,3.8703,57.525,287.1225,357.5801,570.8,2.6008,4.545,174.2715,342.87,72.3032,710.16,19.4789,600.42,600.42,10.0024,66.2409,76.802,2.6008,4.545,11.1297,15.7354,9.1118,174.272,342.87,710.16,81.6045,33.105,43.872,9.603,5.12,12.348,43.872,24.186,15.011,0.1913,0.1307,0.1323,0.1297,0.2115,0.1322,0.2002,0.1256,556.4,287.35,373.8,84.6825,85.05,85.3275,82.3725,83.49,81.9825,48.258,535.8,500,20.3231,529.37,500.09,15.2405
86.35,57.5625,4.6328,57.6,287.19,357.4424,571.4,2.601,4.5475,174.096,342.9,72.3023,710.24,19.4771,600.42,600.42,10.0023,66.2408,76.8002,2.601,4.5475,11.1298,15.7357,9.1118,174.09,342.9,710.24,81.567,33.1,43.896,9.595,5.094,12.347,43.896,24.362,15.0107,0.1911,0.1306,0.1322,0.1296,0.2115,0.1322,0.2002,0.1255,556.24,287.4,373.9,84.6375,85.05,85.2825,82.365,83.4675,81.9525,48.1322,535.65,500,20.3231,529.37,500.09,15.2511
86.15,57.5625,4.0984,57.6,286.875,357.5113,571.4,2.6004,4.5475,174.069,342.9,72.3032,710.08,19.4784,600.18,600.18,10.0022,66.2407,76.8012,2.6004,4.5475,11.1299,15.7329,9.1113,174.062,342.9,710.08,81.5289,33.095,43.776,9.591,5.088,12.347,43.776,24.461,15.0104,0.1911,0.1306,0.1322,0.1296,0.2116,0.1322,0.2003,0.1255,556.08,287.45,374.0,84.5925,85.05,85.23,82.3875,83.43,81.9675,48.0107,535.47,500,20.323,529.4,500.12,15.2618
86.8,57.6,3.9781,57.6,286.47,357.9934,571.3,2.6002,4.545,174.258,342.9,72.3037,710.0,19.4806,599.94,599.94,10.0021,66.2406,76.8015,2.6002,4.545,11.13,15.7322,9.1113,174.258,342.9,710.0,81.4902,33.09,43.53,9.589,5.092,12.347,43.53,24.461,15.0102,0.1912,0.1307,0.1322,0.1297,0.2118,0.1322,0.2006,0.1256,555.88,287.5,374.05,84.5925,85.05,85.2675,82.35,83.4225,81.9675,47.8974,535.23,500,20.3229,529.43,500.15,15.2725
86.875,57.5625,4.2547,57.6,286.9425,357.9934,570.75,2.6,4.54,174.1905,342.87,72.3043,709.92,19.4824,599.82,599.82,10.0028,66.2406,76.802,2.6,4.54,11.13,15.7314,9.1108,174.188,342.87,709.92,81.4508,33.085,43.164,9.591,5.094,12.347,43.164,24.3785,15.0099,0.1914,0.1308,0.1324,0.1299,0.2122,0.1323,0.2009,0.1257,555.64,287.6,374.15,84.5775,85.0125,85.245,82.3125,83.445,81.93,47.7926,534.93,500,20.3228,529.43,500.18,15.2831
86.1,57.6,4.3844,57.525,286.8525,357.8901,570.75,2.5996,4.535,173.6775,342.81,72.305,709.84,19.4846,599.7,599.7,10.003,66.2412,76.8035,2.5996,4.535,11.1301,15.7337,9.1096,173.67,342.81,709.84,81.4108,33.08,42.744,9.596,5.091,12.346,42.744,24.2245,15.0096,0.1914,0.131,0.1326,0.1301,0.2126,0.1326,0.2014,0.1259,555.32,287.65,374.25,84.6075,85.0275,85.215,82.29,83.4825,81.9,47.6928,534.6,500,20.3228,529.46,500.18,15.2938
86.75,57.5625,4.3937,57.5625,287.235,357.408,571.3,2.5996,4.5325,173.7045,342.81,72.3053,709.84,19.4836,599.88,599.88,10.0031,66.2414,76.804,2.5996,4.5325,11.1302,15.7339,9.1096,173.698,342.81,709.84,81.3702,33.075,42.906,9.604,5.077,12.346,42.906,24.021,15.0093,0.1907,0.131,0.1326,0.1301,0.2124,0.1326,0.2012,0.126,554.96,287.75,374.35,84.5625,84.99,85.215,82.2525,83.5125,81.9075,47.5906,534.3,500,20.3227,529.49,500.21,15.3045
86.9,57.6,4.8234,57.5625,286.5825,358.3378,571.15,2.5996,4.5325,173.9205,342.81,72.3055,709.84,19.4834,599.94,599.94,10.0033,66.2416,76.8045,2.5996,4.5325,11.1273,15.7342,9.1096,173.922,342.81,709.84,81.3289,33.07,42.972,9.606,5.022,12.345,42.972,23.9715,15.009,0.1899,0.131,0.1326,0.1301,0.2124,0.1326,0.2011,0.126,554.68,287.8,374.45,84.5625,85.035,85.26,82.2975,83.5575,81.9,47.4934,533.97,500,20.3226,529.49,500.21,15.3151
86.925,57.5625,4.2062,57.6,287.01,357.6835,570.9,2.5996,4.535,173.6505,342.81,72.3045,710.0,19.4836,599.94,599.94,10.0035,66.2417,76.805,2.5996,4.535,11.1264,15.7344,9.1096,173.642,342.81,710.0,81.287,33.065,42.966,9.606,4.962,12.344,42.966,23.9715,15.0088,0.1893,0.1309,0.1326,0.1301,0.2123,0.1326,0.2011,0.126,554.32,287.85,374.55,84.5775,85.035,85.215,82.3275,83.52,81.96,47.3899,533.7,500,20.3225,529.49,500.24,15.3258
86.875,57.525,4.6484,57.5625,286.695,357.9245,571.25,2.5996,4.535,174.177,342.81,72.3045,710.0,19.4839,599.94,599.94,10.0037,66.2419,76.8055,2.5996,4.535,11.1254,15.7347,9.1096,174.188,342.81,710.0,81.1939,33.055,43.086,9.607,4.912,12.344,43.086,23.9715,15.0085,0.1887,0.1308,0.1326,0.1301,0.2123,0.1326,0.201,0.126,554.04,287.95,374.6,84.57,85.0875,85.2075,82.29,83.5125,81.93,47.2951,533.37,500,20.3225,529.52,500.24,15.3365
86.475,57.6,4.7281,57.525,287.01,357.7179,571.5,2.5996,4.535,173.8665,342.81,72.3045,710.0,19.4841,599.94,599.94,10.0038,66.2421,76.806,2.5996,4.535,11.1275,15.7349,9.1096,173.866,342.81,710.0,81.0995,33.045,43.074,9.606,4.865,12.344,43.074,24.0045,14.9996,0.1882,0.1308,0.1326,0.1301,0.2122,0.1326,0.201,0.1259,553.72,288.0,374.7,84.5625,85.14,85.1775,82.3125,83.5275,81.93,47.1941,533.1,500,20.3224,529.52,500.24,15.3471
86.775,57.5625,4.4922,57.5625,286.92,358.1312,571.25,2.5996,4.535,173.88,342.81,72.3058,709.84,19.4844,599.94,599.94,10.004,66.2422,76.8065,2.5996,4.535,11.1276,15.7352,9.1096,173.88,342.81,709.84,81.0545,33.04,43.05,9.606,4.828,12.343,43.05,24.021,14.9991,0.1878,0.1307,0.1326,0.1301,0.2123,0.1326,0.201,0.1259,553.4,288.05,374.8,84.5475,85.155,85.1775,82.275,83.535,81.945,47.0979,532.8,500,20.3223,529.52,500.27,15.3578
86.525,57.5625,4.8219,57.6375,286.7625,358.2345,571.65,2.6002,4.535,173.8935,342.81,72.306,709.84,19.4846,599.94,599.94,10.0042,66.2424,76.8047,2.6002,4.535,11.1277,15.7354,9.1102,173.894,342.81,709.84,80.9583,33.03,42.996,9.606,4.799,12.343,42.996,24.0155,14.9985,0.1875,0.1307,0.1326,0.1301,0.2123,0.1326,0.2011,0.126,553.12,288.15,374.9,84.51,85.185,85.215,82.2375,83.55,81.9375,47.003,532.5,500,20.3222,529.52,500.27,15.3685
86.65,57.5625,3.9781,57.6,287.2575,358.3723,570.95,2.6,4.535,173.9475,342.81,72.3063,709.84,19.4849,599.94,599.94,10.0043,66.2426,76.8052,2.6,4.535,11.1278,15.7357,9.1102,173.936,342.81,709.84,80.8608,33.02,42.99,9.607,4.773,12.341,42.99,23.999,14.9979,0.1872,0.1307,0.1326,0.1301,0.2123,0.1326,0.2011,0.126,552.8,288.2,375.0,84.4875,85.14,85.1925,82.2075,83.52,81.9375,46.9092,532.2,500,20.3222,529.52,500.27,15.3791
86.325,57.525,4.4516,57.6375,287.19,357.5457,571.45,2.6,4.535,173.988,342.81,72.3053,710.0,19.4851,599.94,599.94,10.0045,66.2427,76.8052,2.6,4.535,11.1278,15.7329,9.1102,173.978,342.81,710.0,80.762,33.01,42.972,9.608,4.746,12.34,42.972,23.9825,14.9974,0.1868,0.1307,0.1326,0.1301,0.2124,0.1326,0.2011,0.126,552.48,288.3,375.1,84.5025,85.1175,85.245,82.17,83.5425,81.9,46.8167,531.9,500,20.3221,529.52,500.27,15.3898
86.625,57.6,4.5609,57.525,287.19,357.8901,571.05,2.5996,4.5325,173.2185,342.81,72.3053,710.0,19.4854,599.94,599.94,10.0047,66.2429,76.8067,2.5996,4.5325,11.1279,15.7322,9.1096,173.222,342.81,710.0,80.662,33.0,42.966,9.609,4.718,12.34,42.966,23.9605,14.9968,0.1865,0.1307,0.1326,0.1301,0.2122,0.1326,0.2011,0.126,552.16,288.35,375.15,84.5625,85.1325,85.29,82.185,83.5125,81.885,46.7179,531.66,500,20.322,529.52,500.27,15.4005
86.875,57.525,3.8844,57.5625,287.4375,358.51,571.35,2.6006,4.54,173.205,342.84,72.3047,710.08,19.4819,600.24,600.24,10.0041,66.2423,76.8035,2.6006,4.54,11.128,15.7314,9.1113,173.208,342.84,710.08,80.5608,32.99,43.854,9.61,4.692,12.34,43.854,23.944,14.9963,0.1854,0.1304,0.1324,0.1299,0.2114,0.1324,0.2002,0.1257,551.92,288.4,375.25,84.5925,85.125,85.2375,82.2225,83.5275,81.87,46.605,531.54,500,20.3219,529.52,500.27,15.4111
86.425,57.5625,4.1219,57.5625,287.3025,358.2,571.4,2.6012,4.55,173.4075,342.9,72.3033,710.24,19.4756,600.66,600.66,10.0032,66.2415,76.8005,2.6012,4.55,11.1281,15.7337,9.1124,173.418,342.9,710.24,80.4583,32.98,44.526,9.598,4.629,12.339,44.526,24.2025,14.9957,0.1845,0.13,0.1321,0.1296,0.2107,0.1321,0.1995,0.1254,551.8,288.45,375.35,84.555,85.0875,85.245,82.26,83.49,81.87,46.4888,531.45,500,20.3218,529.52,500.27,15.4218
86.475,57.6,3.8547,57.525,287.4375,358.0967,571.2,2.6016,4.56,173.9205,342.96,72.3017,710.4,19.4706,600.84,600.84,10.0022,66.2412,76.7975,2.6016,4.56,11.1281,15.7339,9.1135,173.922,342.96,710.4,80.3545,32.97,44.982,9.584,4.585,12.338,44.982,24.527,14.9952,0.1843,0.1297,0.1318,0.1293,0.2103,0.1318,0.1991,0.1251,551.72,288.55,375.4,84.54,85.1175,85.2075,82.275,83.46,81.8925,46.3655,531.42,500,20.3218,529.52,500.27,15.4325
86.15,57.525,3.9922,57.5625,286.8525,358.2345,571.9,2.6014,4.565,173.3265,343.02,72.3017,710.32,19.4679,600.78,600.78,10.0016,66.2401,76.7962,2.6014,4.565,11.1282,15.7342,9.114,173.32,343.02,710.32,80.2495,32.96,45.168,9.571,4.592,12.338,45.168,24.8185,14.9946,0.1847,0.1296,0.1316,0.1291,0.2101,0.1316,0.1989,0.1249,551.64,288.6,375.5,84.51,85.1475,85.245,82.275,83.4375,81.885,46.2423,531.39,500,20.3217,529.52,500.27,15.4431
86.675,57.6,4.4531,57.6,287.235,358.0967,571.35,2.6016,4.5675,173.9475,343.02,72.3006,710.4,19.4669,600.6,600.6,10.001,66.2395,76.7937,2.6016,4.5675,11.1283,15.7337,9.114,173.95,343.02,710.4,80.1433,32.95,45.216,9.561,4.637,12.337,45.216,25.0055,14.9854,0.1853,0.1295,0.1315,0.129,0.2101,0.1315,0.1988,0.1248,551.64,288.7,375.6,84.51,85.155,85.2525,82.2375,83.445,81.915,46.1268,531.3,500,20.3216,529.52,500.27,15.4538
86.65,57.6,4.2,57.5625,287.46,358.2,571.1,2.601,4.565,174.15,343.02,72.2999,710.4,19.4666,600.42,600.42,10.0004,66.2389,76.794,2.601,4.565,11.1284,15.7337,9.114,174.146,343.02,710.4,80.0864,32.945,45.006,9.554,4.688,12.336,45.006,25.088,14.9846,0.1859,0.1296,0.1315,0.129,0.2103,0.1315,0.199,0.1249,551.56,288.75,375.7,84.5625,85.1475,85.245,82.215,83.4225,81.9375,46.0191,531.15,500,20.3215,529.52,500.24,15.4645
86.875,57.6,4.4016,57.6,287.3925,358.5444,571.2,2.6008,4.5625,174.15,342.99,72.2999,710.32,19.4686,600.12,600.12,10.0006,66.2383,76.7935,2.6008,4.5625,11.1285,15.7337,9.1129,174.16,342.99,710.32,79.9783,32.935,44.574,9.552,4.734,12.334,44.574,25.0605,14.9838,0.1865,0.1298,0.1317,0.1291,0.2107,0.1316,0.1994,0.125,551.4,288.8,375.8,84.5625,85.185,85.2075,82.2225,83.4375,81.945,45.9196,530.94,500,20.3215,529.49,500.24,15.4751
86.25,57.5625,3.9719,57.5625,286.6275,358.3378,572.1,2.5998,4.555,174.1095,342.96,72.3007,710.16,19.4711,599.88,599.88,10.0002,66.2393,76.7962,2.5998,4.555,11.1285,15.7337,9.1113,174.104,342.96,710.16,79.9195,32.93,43.992,9.556,4.768,12.332,43.992,24.9065,14.9829,0.1869,0.13,0.1319,0.1294,0.2113,0.1318,0.2,0.1253,551.16,288.9,375.9,84.6,85.125,85.2075,82.26,83.4225,81.945,45.8321,530.64,500,20.3214,529.49,500.24,15.4858
86.4,57.6,4.7687,57.6,286.74,358.0967,571.9,2.5992,4.545,173.3535,342.9,72.3023,709.92,19.4746,599.64,599.64,10.0007,66.2392,76.7988,2.5992,4.545,11.1286,15.7337,9.1096,173.348,342.9,709.92,79.8601,32.925,43.35,9.565,4.781,12.331,43.35,24.648,14.9821,0.187,0.1303,0.1322,0.1297,0.2118,0.1322,0.2006,0.1256,550.84,288.95,375.95,84.585,85.155,85.2,82.275,83.3775,81.96,45.7534,530.28,500,20.3213,529.49,500.24,15.4965
86.25,57.525,4.4234,57.525,287.3475,358.4411,571.95,2.5992,4.5425,173.745,342.87,72.303,709.84,19.4746,599.76,599.76,10.0006,66.2398,76.7998,2.5992,4.5425,11.1287,15.7337,9.1091,173.74,342.87,709.84,79.7495,32.915,43.62,9.578,4.767,12.33,43.62,24.318,14.9813,0.186,0.1303,0.1323,0.1298,0.2116,0.1322,0.2003,0.1257,550.48,289.0,376.05,84.5775,85.185,85.245,82.245,83.4,82.005,45.6724,529.95,500,20.3212,529.49,500.24,15.5071
86.625,57.5625,4.1609,57.5625,287.4375,358.1312,571.5,2.5996,4.5425,173.583,342.87,72.302,710.0,19.4734,599.94,599.94,10.0005,66.24,76.7993,2.5996,4.5425,11.1288,15.7337,9.1096,173.586,342.87,710.0,79.6883,32.91,43.674,9.58,4.685,12.329,43.674,24.2355,14.9718,0.1849,0.1303,0.1323,0.1298,0.2115,0.1323,0.2003,0.1257,550.16,289.1,376.15,84.6,85.215,85.275,82.29,83.43,81.96,45.589,529.65,500,20.3212,529.46,500.21,15.5178
86.925,57.6,4.6656,57.525,287.2575,358.7511,571.85,2.5996,4.5425,173.9745,342.87,72.302,710.0,19.4736,599.94,599.94,10.0004,66.2402,76.7998,2.5996,4.5425,11.1288,15.7337,9.1096,173.978,342.87,710.0,79.5758,32.9,43.662,9.582,4.593,12.328,43.662,24.2245,14.9707,0.184,0.1302,0.1323,0.1298,0.2115,0.1323,0.2003,0.1257,549.84,289.15,376.25,84.63,85.215,85.3125,82.26,83.385,81.915,45.5105,529.32,500,20.3211,529.46,500.21,15.5285
86.625,57.525,3.8484,57.6,286.83,358.5789,571.7,2.5996,4.5425,173.9475,342.87,72.302,710.0,19.4746,599.88,599.88,10.0003,66.2403,76.8003,2.5996,4.5425,11.1289,15.7337,9.1096,173.936,342.87,710.0,79.4114,32.885,43.548,9.584,4.526,12.327,43.548,24.2135,14.9696,0.1835,0.1302,0.1323,0.1298,0.2117,0.1323,0.2004,0.1257,549.48,289.25,376.35,84.5925,85.185,85.3275,82.2375,83.3775,81.9525,45.4334,528.99,500,20.321,529.43,500.21,15.5391
86.0,57.5625,4.2391,57.525,287.325,357.9245,572.0,2.5994,4.54,173.9475,342.84,72.3027,709.92,19.4759,599.82,599.82,10.0002,66.2405,76.8015,2.5994,4.54,11.129,15.7337,9.1096,173.95,342.84,709.92,79.2958,32.875,43.386,9.587,4.485,12.324,43.386,24.1805,14.9685,0.1833,0.1302,0.1324,0.1299,0.2118,0.1324,0.2006,0.1258,549.12,289.3,376.45,84.5925,85.17,85.35,82.2825,83.3925,81.9525,45.3613,528.63,500,20.3209,529.43,500.18,15.5498
86.35,57.6,3.8531,57.525,287.46,358.6822,571.4,2.5994,4.5375,172.9755,342.84,72.3028,709.92,19.4774,599.76,599.76,10.0002,66.2399,76.8023,2.5994,4.5375,11.1291,15.7337,9.1096,172.984,342.84,709.92,79.1789,32.865,43.206,9.59,4.461,12.323,43.206,24.1145,14.9588,0.1831,0.1303,0.1325,0.13,0.2118,0.1325,0.2007,0.1259,548.76,289.35,376.55,84.6375,85.2075,85.335,82.2675,83.355,81.99,45.2832,528.33,500,20.3209,529.4,500.15,15.5605
86.775,57.5625,4.1078,57.5625,287.3025,358.6133,571.6,2.6002,4.545,173.8665,342.87,72.3023,710.0,19.4739,600.12,600.12,9.9993,66.2398,76.8,2.6002,4.545,11.1292,15.7337,9.1113,173.88,342.87,710.0,79.0608,32.855,44.19,9.595,4.441,12.321,44.19,24.021,14.9574,0.1819,0.13,0.1323,0.1297,0.211,0.1322,0.1997,0.1256,548.48,289.45,376.6,84.6525,85.215,85.3425,82.2525,83.4,82.0275,45.1951,528.12,500,20.3208,529.37,500.15,15.5711
86.95,57.5625,3.8844,57.6,287.3475,358.3723,571.85,2.6008,4.555,173.4345,342.93,72.301,710.16,19.4689,600.48,600.48,9.9982,66.239,76.7975,2.6008,4.555,11.1292,15.7337,9.1124,173.432,342.93,710.16,78.8908,32.84,44.772,9.584,4.371,12.32,44.772,24.2685,14.956,0.181,0.1296,0.132,0.1294,0.2103,0.1319,0.1991,0.1253,548.24,289.5,376.7,84.645,85.185,85.3125,82.26,83.445,82.02,45.0965,528.0,500,20.3207,529.37,500.12,15.5818
86.325,57.6,4.8359,57.525,287.505,358.5789,572.45,2.6014,4.5625,173.5695,342.99,72.2995,710.32,19.4646,600.66,600.66,9.9977,66.2387,76.7943,2.6014,4.5625,11.1293,15.7337,9.1129,173.572,342.99,710.32,78.7695,32.83,45.174,9.572,4.321,12.318,45.174,24.582,14.9546,0.1809,0.1293,0.1317,0.1292,0.2099,0.1317,0.1987,0.125,548.12,289.55,376.8,84.66,85.2,85.305,82.305,83.4525,82.065,44.9946,527.91,500,20.3206,529.34,500.12,15.5925
86.225,57.5625,4.0594,57.6,287.685,358.4756,571.6,2.6016,4.5675,174.177,343.02,72.2984,710.4,19.4626,600.6,600.6,9.9971,66.2383,76.7918,2.6016,4.5675,11.1294,15.7337,9.1135,174.188,343.02,710.4,78.647,32.82,45.36,9.561,4.336,12.317,45.36,24.8405,14.9532,0.1814,0.1292,0.1315,0.129,0.2098,0.1315,0.1985,0.1248,548.04,289.65,376.9,84.615,85.14,85.3425,82.3425,83.43,82.0575,44.8931,527.82,500,20.3206,529.31,500.09,15.6031
86.475,57.5625,4.0609,57.5625,287.325,358.2689,572.1,2.6012,4.5675,174.1365,343.05,72.2978,710.4,19.4631,600.36,600.36,9.9965,66.238,76.7913,2.6012,4.5675,11.1287,15.7337,9.1135,174.132,343.05,710.4,78.5233,32.81,45.246,9.552,4.391,12.316,45.246,25.011,14.9518,0.1822,0.1293,0.1315,0.1289,0.2099,0.1314,0.1986,0.1248,547.92,289.7,376.95,84.645,85.1025,85.305,82.32,83.43,82.0725,44.7995,527.67,500,20.3205,529.28,500.06,15.6138
86.525,57.525,3.8687,57.5625,286.875,358.6478,571.75,2.6006,4.565,173.7855,343.02,72.2984,710.24,19.4646,600.12,600.12,9.9967,66.2377,76.792,2.6006,4.565,11.1286,15.7337,9.1124,173.796,343.02,710.24,78.4489,32.805,44.916,9.549,4.457,12.314,44.916,25.055,14.9504,0.183,0.1294,0.1315,0.129,0.2102,0.1315,0.199,0.1249,547.76,289.75,377.05,84.6225,85.14,85.2975,82.365,83.445,82.0875,44.7103,527.49,500,20.3204,529.28,500.03,15.6245
86.7,57.5625,3.975,57.5625,287.6625,358.4067,572.0,2.6002,4.56,173.8395,342.99,72.2987,710.16,19.4664,599.94,599.94,9.9963,66.2373,76.7927,2.6002,4.56,11.1284,15.7337,9.1113,173.852,342.99,710.16,78.3233,32.795,44.472,9.551,4.509,12.313,44.472,24.956,14.949,0.1835,0.1296,0.1317,0.1292,0.2106,0.1317,0.1994,0.1251,547.6,289.85,377.15,84.6675,85.1325,85.2825,82.3725,83.49,82.0575,44.6293,527.25,500,20.3203,529.25,500.03,15.6351
86.675,57.6,4.4984,57.5625,287.7075,358.5444,572.25,2.5998,4.5525,173.637,342.93,72.2997,710.0,19.4689,599.76,599.76,9.9967,66.2377,76.794,2.5998,4.5525,11.1282,15.7337,9.1102,173.642,342.93,710.0,78.247,32.79,43.938,9.557,4.531,12.312,43.938,24.7525,14.939,0.1836,0.1299,0.132,0.1294,0.2111,0.1319,0.1999,0.1253,547.32,289.9,377.25,84.675,85.1025,85.245,82.365,83.4825,82.095,44.5605,526.92,500,20.3202,529.22,500.0,15.6458
86.4,57.6,3.8594,57.5625,286.9425,358.2,572.25,2.5992,4.545,173.799,342.9,72.3009,709.84,19.4721,599.58,599.58,9.9974,66.2384,76.7965,2.5992,4.545,11.128,15.7337,9.1096,173.796,342.9,709.84,78.1195,32.78,43.512,9.567,4.519,12.311,43.512,24.483,14.9374,0.1832,0.1301,0.1322,0.1297,0.2115,0.1322,0.2003,0.1256,547.0,289.95,377.35,84.675,85.155,85.2525,82.3275,83.445,82.095,44.4968,526.56,500,20.3202,529.19,499.97,15.6565
86.125,57.6,4.5172,57.6375,287.01,358.51,571.85,2.599,4.54,173.934,342.84,72.3018,709.76,19.4731,599.64,599.64,9.9976,66.2386,76.7982,2.599,4.54,11.1279,15.7337,9.1086,173.936,342.84,709.76,78.0414,32.775,43.254,9.578,4.471,12.309,43.254,24.2245,14.9357,0.1824,0.1302,0.1324,0.1299,0.2118,0.1324,0.2006,0.1258,546.6,290.05,377.4,84.6375,85.1625,85.2525,82.2825,83.4975,82.065,44.4421,526.14,500,20.3201,529.16,499.94,15.6671
86.425,57.5625,4.4719,57.6,287.37,358.6822,572.45,2.5986,4.535,173.5965,342.81,72.3028,709.68,19.4754,599.58,599.58,9.9977,66.2387,76.801,2.5986,4.535,11.1277,15.7337,9.108,173.6,342.81,709.68,77.8614,32.76,43.068,9.587,4.393,12.306,43.068,24.0265,14.934,0.1814,0.1302,0.1326,0.1301,0.2119,0.1326,0.2007,0.1259,546.16,290.1,377.5,84.66,85.1475,85.29,82.335,83.535,82.0725,44.3853,525.75,500,20.32,529.13,499.91,15.6778
86.2,57.6,4.0281,57.5625,287.685,358.6133,572.0,2.5992,4.5375,174.015,342.84,72.3014,709.92,19.4734,599.88,599.88,9.9979,66.2389,76.8005,2.5992,4.5375,11.1275,15.7337,9.1091,174.02,342.84,709.92,77.7301,32.75,43.44,9.595,4.302,12.305,43.44,23.878,14.9324,0.18,0.1301,0.1325,0.13,0.2116,0.1325,0.2004,0.1259,545.76,290.2,377.6,84.645,85.1025,85.3275,82.3125,83.4975,82.02,44.3264,525.39,500,20.3199,529.1,499.88,15.6885
86.3,57.6375,4.7391,57.5625,287.91,358.7855,572.15,2.5994,4.54,173.7855,342.84,72.3015,709.92,19.4731,599.94,599.94,9.9973,66.2391,76.8007,2.5994,4.54,11.1274,15.7337,9.1091,173.796,342.84,709.92,77.547,32.735,43.632,9.595,4.2,12.304,43.632,23.922,14.9221,0.179,0.1299,0.1325,0.1299,0.2114,0.1324,0.2002,0.1258,545.4,290.25,377.7,84.645,85.065,85.275,82.26,83.505,82.0425,44.2651,525.06,500,20.3199,529.07,499.85,15.6991
86.575,57.5625,4.6094,57.5625,287.145,359.1643,572.0,2.6,4.5425,174.0015,342.87,72.301,710.0,19.4704,600.18,600.18,9.9972,66.2393,76.7992,2.6,4.5425,11.1272,15.7337,9.1102,174.006,342.87,710.0,77.4126,32.725,43.758,9.594,4.131,12.302,43.758,24.01,14.9202,0.1788,0.1298,0.1324,0.1299,0.2113,0.1323,0.2,0.1257,545.08,290.3,377.8,84.69,85.08,85.3125,82.245,83.4975,82.035,44.1977,524.79,500,20.3198,529.04,499.82,15.7098
86.625,57.6,4.3922,57.525,287.6175,358.5444,572.2,2.6002,4.5425,173.5695,342.87,72.301,710.0,19.4711,600.06,600.06,9.9972,66.2394,76.7985,2.6002,4.5425,11.127,15.7337,9.1102,173.572,342.87,710.0,77.2264,32.71,43.8,9.592,4.119,12.301,43.8,24.0815,14.9182,0.1791,0.1298,0.1323,0.1298,0.2112,0.1323,0.2,0.1257,544.76,290.4,377.9,84.63,85.0425,85.2825,82.26,83.5275,82.05,44.1276,524.55,500,20.3197,528.98,499.79,15.7205
86.25,57.6,3.8828,57.6,287.01,358.5789,572.4,2.6002,4.545,173.421,342.87,72.301,710.0,19.4709,600.06,600.06,9.9971,66.2396,76.7982,2.6002,4.545,11.1268,15.7337,9.1102,173.418,342.87,710.0,77.0889,32.7,43.842,9.591,4.146,12.298,43.842,24.131,14.9163,0.1795,0.1298,0.1323,0.1298,0.2111,0.1322,0.1999,0.1256,544.52,290.45,378.0,84.6525,85.005,85.245,82.2975,83.55,82.005,44.0585,524.31,500,20.3196,528.95,499.76,15.7311
86.65,57.5625,4.5734,57.5625,287.055,359.1643,572.5,2.5998,4.545,173.799,342.9,72.301,710.0,19.4699,600.12,600.12,9.997,66.239,76.7995,2.5998,4.545,11.1267,15.7337,9.1102,173.796,342.9,710.0,76.9501,32.69,44.034,9.59,4.177,12.297,44.034,24.153,14.9143,0.1796,0.1298,0.1322,0.1297,0.211,0.1322,0.1997,0.1256,544.28,290.55,378.05,84.6825,84.99,85.26,82.275,83.5425,82.0425,43.9865,524.1,500,20.3196,528.92,499.73,15.7418
86.675,57.5625,4.15,57.6,287.325,358.7166,572.45,2.5998,4.5475,174.2715,342.9,72.3004,710.08,19.4686,600.18,600.18,9.9969,66.2389,76.7997,2.5998,4.5475,11.1265,15.7337,9.1108,174.272,342.9,710.08,76.8102,32.68,44.094,9.588,4.188,12.295,44.094,24.2135,14.9124,0.1795,0.1297,0.1322,0.1296,0.211,0.1322,0.1997,0.1255,544.04,290.6,378.15,84.645,84.9975,85.305,82.2675,83.52,82.0725,43.923,523.83,500,20.3195,528.86,499.67,15.7525
86.0,57.6375,4.3984,57.5625,287.415,358.7855,572.15,2.5998,4.5475,173.7315,342.9,72.3003,710.08,19.4686,600.12,600.12,9.9968,66.2388,76.8,2.5998,4.5475,11.1263,15.7337,9.1108,173.74,342.9,710.08,76.6689,32.67,44.004,9.586,4.188,12.294,44.004,24.2575,14.9104,0.1796,0.1297,0.1322,0.1296,0.211,0.1322,0.1997,0.1255,543.8,290.65,378.25,84.6375,85.0275,85.26,82.26,83.505,82.0425,43.853,523.62,500,20.3194,528.83,499.64,15.7631
86.625,57.6,4.3375,57.6,287.055,359.1988,572.1,2.5998,4.545,173.5155,342.9,72.3008,710.0,19.4704,599.94,599.94,9.9967,66.2395,76.8002,2.5998,4.545,11.1262,15.7337,9.1102,173.516,342.9,710.0,76.5264,32.66,43.89,9.587,4.192,12.292,43.89,24.2465,14.9085,0.1796,0.1298,0.1322,0.1297,0.211,0.1322,0.1998,0.1256,543.56,290.75,378.35,84.585,85.0875,85.215,82.275,83.55,82.0725,43.7839,523.41,500,20.3193,528.77,499.61,15.7738
86.35,57.6375,4.025,57.6,287.3025,358.5444,572.5,2.5998,4.545,173.9745,342.9,72.3008,710.0,19.4699,600.0,600.0,9.9967,66.2389,76.8005,2.5998,4.545,11.126,15.7337,9.1102,173.978,342.9,710.0,76.3826,32.65,43.998,9.589,4.191,12.291,43.998,24.1915,14.8979,0.1793,0.1298,0.1322,0.1297,0.211,0.1322,0.1997,0.1256,543.32,290.8,378.45,84.6075,85.0875,85.2375,82.32,83.4975,82.1175,43.7194,523.17,500,20.3193,528.74,499.55,15.7845
86.225,57.6,4.1359,57.5625,287.6625,358.4067,572.6,2.5998,4.545,173.394,342.9,72.3008,710.0,19.4699,600.0,600.0,9.9966,66.2396,76.8008,2.5998,4.545,11.1258,15.7337,9.1102,173.39,342.9,710.0,76.2883,32.645,43.962,9.588,4.171,12.29,43.962,24.186,14.8957,0.179,0.1297,0.1322,0.1297,0.211,0.1322,0.1997,0.1256,543.08,290.9,378.55,84.63,85.125,85.2075,82.335,83.4525,82.0725,43.652,522.96,500,20.3192,528.71,499.52,15.7951
86.775,57.5625,4.1594,57.6,287.7525,358.8888,572.8,2.6004,4.5475,173.8125,342.9,72.3002,710.08,19.4676,600.18,600.18,9.9965,66.239,76.7988,2.6004,4.5475,11.1256,15.7337,9.1108,173.81,342.9,710.08,76.1426,32.635,44.154,9.589,4.147,12.288,44.154,24.175,14.8935,0.1787,0.1297,0.1322,0.1297,0.2108,0.1322,0.1995,0.1256,542.88,290.95,378.6,84.6225,85.1625,85.26,82.38,83.4825,82.065,43.5856,522.75,500,20.3191,528.65,499.49,15.7951
86.075,57.6,3.9156,57.525,287.3025,359.3021,573.1,2.6004,4.5475,173.934,342.9,72.3,710.08,19.4684,600.06,600.06,9.9957,66.2389,76.7982,2.6004,4.5475,11.1255,15.7337,9.1108,173.936,342.9,710.08,75.9958,32.625,44.202,9.587,4.122,12.285,44.202,24.2245,14.8913,0.1784,0.1296,0.1322,0.1296,0.2107,0.1322,0.1995,0.1255,542.64,291.0,378.7,84.63,85.1325,85.2225,82.3575,83.4525,82.0275,43.52,522.54,500,20.319,528.59,499.43,15.8051
86.65,57.6,3.9344,57.6,287.5725,358.7511,572.9,2.6004,4.5475,174.1635,342.9,72.2999,710.08,19.4681,600.06,600.06,9.9961,66.2388,76.7977,2.6004,4.5475,11.1253,15.7337,9.1108,174.174,342.9,710.08,75.8476,32.615,44.142,9.586,4.107,12.284,44.142,24.2575,14.889,0.1785,0.1296,0.1322,0.1296,0.2108,0.1322,0.1995,0.1255,542.44,291.1,378.8,84.6375,85.08,85.2225,82.35,83.415,82.065,43.459,522.3,500,20.3189,528.56,499.4,15.8151
86.65,57.6,4.4141,57.6,287.3475,358.8888,572.85,2.5998,4.5475,173.4615,342.9,72.2998,710.08,19.4686,600.0,600.0,9.996,66.2388,76.7995,2.5998,4.5475,11.1251,15.7337,9.1102,173.474,342.9,710.08,75.6983,32.605,43.974,9.586,4.11,12.282,43.974,24.252,14.8868,0.1786,0.1297,0.1322,0.1297,0.2109,0.1322,0.1997,0.1256,542.2,291.15,378.9,84.63,85.035,85.1925,82.3875,83.4075,82.035,43.3952,522.09,500,20.3189,528.5,499.34,15.8251
86.725,57.5625,4.4516,57.6,287.55,358.51,572.75,2.5998,4.5475,173.4885,342.9,72.2997,710.08,19.4679,600.06,600.06,9.9959,66.2387,76.7997,2.5998,4.5475,11.125,15.7337,9.1102,173.488,342.9,710.08,75.5476,32.595,44.112,9.588,4.119,12.281,44.112,24.197,14.8846,0.1785,0.1297,0.1322,0.1297,0.2107,0.1322,0.1995,0.1256,541.96,291.2,379.0,84.615,84.9975,85.155,82.3725,83.4675,82.065,43.3284,521.91,500,20.3188,528.47,499.31,15.8351
86.8,57.5625,4.325,57.6,287.6175,358.7855,572.85,2.5998,4.5475,173.367,342.9,72.3008,709.92,19.4676,600.06,600.06,9.9951,66.2386,76.8,2.5998,4.5475,11.1248,15.7337,9.1102,173.376,342.9,709.92,75.3958,32.585,44.178,9.587,4.106,12.279,44.178,24.197,14.8738,0.1781,0.1296,0.1322,0.1296,0.2106,0.1322,0.1995,0.1255,541.76,291.25,379.05,84.6225,85.005,85.1475,82.38,83.4225,82.035,43.2625,521.73,500,20.3187,528.41,499.25,15.8451
86.75,57.6,4.4734,57.5625,287.46,359.061,572.35,2.6,4.5475,173.8395,342.9,72.3009,709.92,19.4666,600.12,600.12,9.9947,66.2385,76.7995,2.6,4.5475,11.1246,15.7329,9.1108,173.838,342.9,709.92,75.2933,32.58,44.256,9.587,4.081,12.278,44.256,24.2135,14.8713,0.1778,0.1296,0.1321,0.1296,0.2106,0.1321,0.1994,0.1255,541.6,291.3,379.15,84.645,85.0275,85.1175,82.4025,83.3925,82.0425,43.201,521.52,500,20.3186,528.35,499.22,15.8551
86.0,57.6,4.0703,57.5625,287.91,358.8199,572.9,2.6,4.5475,173.88,342.9,72.301,709.92,19.4661,600.12,600.12,9.9944,66.2384,76.7995,2.6,4.5475,11.1282,15.7327,9.1108,173.88,342.9,709.92,75.1395,32.57,44.226,9.586,4.062,12.276,44.226,24.241,14.8688,0.1778,0.1295,0.1321,0.1296,0.2106,0.1321,0.1994,0.1255,541.4,291.4,379.2,84.615,84.9975,85.1625,82.4325,83.385,82.065,43.1403,521.31,500,20.3186,528.29,499.16,15.8651
86.05,57.525,4.8203,57.6,288.2025,358.51,572.45,2.6,4.5475,174.069,342.9,72.2999,710.08,19.4664,600.06,600.06,9.9941,66.2383,76.7995,2.6,4.5475,11.1293,15.7324,9.1102,174.062,342.9,710.08,74.9845,32.56,44.118,9.586,4.056,12.273,44.118,24.252,14.8663,0.1778,0.1296,0.1322,0.1296,0.2108,0.1322,0.1995,0.1255,541.16,291.45,379.3,84.5925,84.975,85.1925,82.425,83.3775,82.0575,43.0843,521.07,500,20.3185,528.26,499.1,15.8751
86.525,57.5625,4.6687,57.6,288.0,358.5444,572.7,2.5998,4.545,174.1365,342.9,72.3004,710.0,19.4669,600.0,600.0,9.9952,66.239,76.8002,2.5998,4.545,11.1303,15.7322,9.1102,174.146,342.9,710.0,74.8789,32.555,43.932,9.587,4.06,12.272,43.932,24.2135,14.8638,0.1779,0.1296,0.1322,0.1297,0.211,0.1322,0.1997,0.1256,540.92,291.5,379.35,84.6,84.9825,85.1925,82.455,83.4225,82.0125,43.0292,520.83,500,20.3184,528.2,499.07,15.8851
86.325,57.6,4.4578,57.5625,287.4825,358.9922,572.75,2.5996,4.5425,174.258,342.87,72.3004,710.0,19.4684,599.88,599.88,9.9954,66.2392,76.8012,2.5996,4.5425,11.1277,15.7319,9.1096,174.258,342.87,710.0,74.722,32.545,43.68,9.591,4.061,12.27,43.68,24.1365,14.8613,0.1779,0.1298,0.1323,0.1298,0.2112,0.1323,0.1999,0.1257,540.64,291.55,379.45,84.63,85.035,85.1925,82.4325,83.46,82.0425,42.9864,520.5,500,20.3183,528.14,499.01,15.8951
86.05,57.5625,3.9422,57.6,287.955,358.7855,573.25,2.5994,4.5375,173.664,342.84,72.3023,709.76,19.4696,599.82,599.82,9.9956,66.2393,76.8025,2.5994,4.5375,11.1275,15.7317,9.1091,173.67,342.84,709.76,74.5639,32.535,43.392,9.596,4.052,12.269,43.392,24.021,14.8588,0.1778,0.1299,0.1325,0.13,0.2114,0.1324,0.2002,0.1259,540.32,291.65,379.55,84.645,85.0575,85.1775,82.395,83.4225,81.9975,42.9374,520.23,500,20.3183,528.08,498.95,15.9051
86.575,57.5625,4.6391,57.525,287.73,358.8888,573.35,2.6,4.54,173.4615,342.84,72.3014,709.92,19.4681,600.0,600.0,9.995,66.2395,76.801,2.6,4.54,11.1236,15.7322,9.1096,173.474,342.84,709.92,74.4551,32.53,43.854,9.603,4.028,12.267,43.854,23.8725,14.8477,0.1769,0.1297,0.1324,0.1299,0.2109,0.1324,0.1997,0.1258,540.04,291.7,379.6,84.675,85.0725,85.155,82.3425,83.4375,81.975,42.8819,520.02,500,20.3182,528.02,498.92,15.9151
86.375,57.5625,4.1203,57.5625,287.4375,359.1643,573.55,2.6002,4.545,173.907,342.87,72.3009,710.0,19.4666,600.12,600.12,9.9942,66.2397,76.8002,2.6002,4.545,11.1259,15.7314,9.1102,173.908,342.87,710.0,74.2951,32.52,44.196,9.6,3.965,12.266,44.196,23.933,14.8449,0.1759,0.1295,0.1323,0.1298,0.2106,0.1322,0.1994,0.1256,539.8,291.75,379.7,84.6225,85.0725,85.1625,82.365,83.4075,81.975,42.8236,519.84,500,20.3181,527.96,498.86,15.9251
86.075,57.525,4.6922,57.525,287.3925,358.8888,573.4,2.6004,4.5475,173.7855,342.9,72.3003,710.08,19.4654,600.18,600.18,9.9938,66.2391,76.7992,2.6004,4.5475,11.1257,15.7312,9.1113,173.796,342.9,710.08,74.1339,32.51,44.394,9.595,3.903,12.264,44.394,24.0705,14.8421,0.1757,0.1294,0.1322,0.1296,0.2104,0.1322,0.1992,0.1255,539.6,291.8,379.8,84.5925,85.0425,85.2075,82.3725,83.4075,82.02,42.7622,519.69,500,20.318,527.93,498.8,15.9245
86.15,57.6,4.0312,57.525,287.505,359.5776,573.2,2.6006,4.55,173.151,342.93,72.3002,710.08,19.4639,600.24,600.24,9.9942,66.239,76.798,2.6006,4.55,11.1293,15.7309,9.1113,173.152,342.93,710.08,73.9714,32.5,44.514,9.591,3.895,12.261,44.514,24.2025,14.8393,0.1761,0.1293,0.1321,0.1295,0.2102,0.1321,0.199,0.1254,539.48,291.9,379.9,84.63,85.0875,85.185,82.32,83.4,82.0575,42.6939,519.6,500,20.318,527.87,498.74,15.9338
86.075,57.6,4.5766,57.5625,287.73,358.9233,572.85,2.6008,4.5525,173.664,342.93,72.2994,710.16,19.4621,600.3,600.3,9.9934,66.2389,76.7965,2.6008,4.5525,11.1266,15.7307,9.1118,173.67,342.93,710.16,73.8583,32.495,44.73,9.587,3.934,12.259,44.73,24.296,14.8365,0.1766,0.1293,0.132,0.1294,0.21,0.1319,0.1988,0.1253,539.36,291.95,379.95,84.675,85.1325,85.245,82.305,83.4375,82.035,42.6298,519.48,500,20.3179,527.81,498.68,15.9431
86.375,57.5625,4.6109,57.525,288.18,358.9577,573.15,2.6004,4.555,173.664,342.96,72.2992,710.16,19.4601,600.36,600.36,9.9931,66.2388,76.797,2.6004,4.555,11.1265,15.7304,9.1113,173.67,342.96,710.16,73.6939,32.485,44.808,9.582,3.977,12.258,44.808,24.395,14.8338,0.1769,0.1292,0.1319,0.1294,0.2099,0.1318,0.1987,0.1252,539.24,292.0,380.05,84.6375,85.1625,85.26,82.35,83.43,82.02,42.5661,519.36,500,20.3178,527.75,498.65,15.9525
86.375,57.5625,3.9937,57.5625,287.9325,358.8888,573.05,2.6004,4.555,173.8665,342.96,72.2983,710.24,19.4609,600.18,600.18,9.9927,66.2388,76.7965,2.6004,4.555,11.1263,15.7302,9.1113,173.866,342.96,710.24,73.5789,32.48,44.784,9.579,4.005,12.256,44.784,24.4665,14.831,0.177,0.1292,0.1319,0.1293,0.21,0.1318,0.1987,0.1252,539.16,292.05,380.1,84.645,85.155,85.245,82.3425,83.445,81.9975,42.5029,519.24,500,20.3177,527.69,498.59,15.9618
86.275,57.5625,4.0422,57.5625,287.73,359.5776,573.6,2.6004,4.555,173.502,342.96,72.2992,710.08,19.4609,600.12,600.12,9.9932,66.2387,76.796,2.6004,4.555,11.1261,15.7299,9.1113,173.502,342.96,710.08,73.4632,32.475,44.646,9.577,4.02,12.255,44.646,24.483,14.8282,0.1771,0.1293,0.1319,0.1294,0.2101,0.1318,0.1989,0.1252,539.0,292.1,380.2,84.6375,85.1325,85.215,82.3125,83.4975,81.9975,42.444,519.09,500,20.3177,527.63,498.53,15.9711
86.6,57.6,4.4609,57.5625,288.18,358.9577,573.6,2.6002,4.5525,174.2715,342.93,72.2997,710.0,19.4611,600.06,600.06,9.9931,66.2386,76.7962,2.6002,4.5525,11.126,15.7297,9.1108,174.272,342.93,710.0,73.347,32.47,44.484,9.578,4.023,12.253,44.484,24.45,14.8254,0.177,0.1293,0.132,0.1294,0.2103,0.1319,0.199,0.1253,538.88,292.15,380.25,84.6525,85.14,85.215,82.29,83.475,82.05,42.3931,518.88,500,20.3176,527.57,498.47,15.9805
86.9,57.5625,4.1391,57.6,288.2025,359.2676,573.3,2.6,4.55,173.745,342.93,72.3003,709.92,19.4616,600.0,600.0,9.993,66.2385,76.7967,2.6,4.55,11.1258,15.7294,9.1102,173.74,342.93,709.92,73.2301,32.465,44.172,9.58,4.01,12.252,44.172,24.3675,14.8227,0.1769,0.1294,0.1321,0.1296,0.2106,0.1321,0.1993,0.1254,538.64,292.2,380.3,84.6075,85.1175,85.2225,82.245,83.4975,82.08,42.3431,518.67,500,20.3175,527.51,498.41,15.9898
86.15,57.5625,4.2641,57.5625,288.2925,359.4398,573.55,2.5998,4.545,173.6775,342.9,72.3004,709.92,19.4631,599.88,599.88,9.9929,66.2384,76.7975,2.5998,4.545,11.1256,15.7322,9.1102,173.67,342.9,709.92,73.1126,32.46,43.974,9.586,3.99,12.25,43.974,24.241,14.8199,0.1766,0.1295,0.1322,0.1297,0.2107,0.1322,0.1995,0.1256,538.4,292.25,380.4,84.6225,85.1475,85.245,82.2225,83.5125,82.1175,42.2978,518.43,500,20.3174,527.45,498.35,15.9991
86.025,57.525,4.2859,57.5625,287.46,358.8199,573.05,2.5998,4.545,173.6505,342.87,72.3012,709.84,19.4629,599.94,599.94,9.9928,66.2391,76.7977,2.5998,4.545,11.1254,15.7329,9.1102,173.642,342.87,709.84,72.9439,32.45,44.004,9.591,3.956,12.249,44.004,24.109,14.8085,0.1759,0.1295,0.1323,0.1297,0.2107,0.1322,0.1995,0.1256,538.16,292.3,380.45,84.57,85.185,85.2375,82.2075,83.5275,82.155,42.2534,518.19,500,20.3173,527.36,498.29,16.0085
86.725,57.525,4.7656,57.525,287.955,359.7498,573.55,2.5996,4.545,173.7855,342.87,72.3002,710.0,19.4631,599.94,599.94,9.9927,66.2393,76.7987,2.5996,4.545,11.1253,15.7337,9.1102,173.782,342.87,710.0,72.8245,32.445,44.04,9.594,3.903,12.247,44.04,24.054,14.8054,0.1753,0.1295,0.1323,0.1297,0.2106,0.1322,0.1994,0.1256,537.92,292.35,380.55,84.5925,85.1775,85.2525,82.2075,83.4825,82.1175,42.2099,517.95,500,20.3173,527.3,498.23,16.0178
86.675,57.5625,4.0328,57.5625,287.4825,358.7855,573.6,2.5996,4.545,174.0825,342.87,72.3002,710.0,19.4634,599.94,599.94,9.9927,66.2394,76.7992,2.5996,4.545,11.1251,15.7314,9.1102,174.076,342.87,710.0,72.6539,32.435,44.022,9.595,3.853,12.245,44.022,24.043,14.8024,0.175,0.1295,0.1323,0.1298,0.2107,0.1322,0.1994,0.1256,537.68,292.4,380.6,84.6225,85.1925,85.275,82.2375,83.475,82.14,42.1675,517.71,500,20.3172,527.24,498.17,16.0165
86.025,57.6,4.0219,57.6,287.9775,358.8544,573.65,2.5996,4.5425,174.1365,342.87,72.3002,710.0,19.4644,599.88,599.88,9.9926,66.2396,76.7997,2.5996,4.5425,11.1249,15.7312,9.1096,174.146,342.87,710.0,72.5326,32.43,43.944,9.597,3.83,12.242,43.944,24.043,14.7993,0.1751,0.1295,0.1323,0.1298,0.2108,0.1322,0.1995,0.1257,537.4,292.5,380.65,84.5925,85.17,85.2825,82.245,83.4375,82.0875,42.1297,517.44,500,20.3171,527.18,498.11,16.0251
86.225,57.5625,4.5266,57.5625,288.0225,359.8187,573.15,2.5996,4.5425,174.0825,342.87,72.3002,710.0,19.4649,599.88,599.88,9.9925,66.2398,76.8002,2.5996,4.5425,11.1248,15.7309,9.1096,174.09,342.87,710.0,72.3601,32.42,43.818,9.599,3.834,12.241,43.818,24.0155,14.7963,0.1753,0.1296,0.1324,0.1299,0.2109,0.1323,0.1997,0.1257,537.16,292.55,380.75,84.555,85.11,85.335,82.2975,83.43,82.065,42.0893,517.2,500,20.317,527.12,498.05,16.0338
86.35,57.525,4.2297,57.6375,287.6175,359.3365,573.45,2.5994,4.54,173.826,342.84,72.3008,709.92,19.4661,599.82,599.82,9.9932,66.2399,76.8015,2.5994,4.54,11.1246,15.7307,9.1091,173.824,342.84,709.92,72.237,32.415,43.68,9.602,3.846,12.239,43.68,23.9605,14.7932,0.1754,0.1296,0.1324,0.1299,0.211,0.1324,0.1998,0.1258,536.88,292.6,380.85,84.5175,85.1325,85.35,82.2525,83.4075,82.0125,42.0536,516.93,500,20.317,527.06,497.99,16.0425
86.4,57.5625,4.0453,57.525,288.4725,358.9577,573.15,2.5994,4.54,173.7855,342.87,72.3009,709.92,19.4661,599.88,599.88,9.9926,66.2401,76.8022,2.5994,4.54,11.1282,15.7304,9.1096,173.782,342.87,709.92,72.1133,32.41,43.944,9.606,3.848,12.238,43.944,23.8945,14.7902,0.175,0.1296,0.1324,0.1299,0.2107,0.1323,0.1995,0.1257,536.6,292.65,380.9,84.4875,85.1775,85.335,82.2825,83.3775,81.99,42.0116,516.72,500,20.3169,526.97,497.93,16.0511
86.65,57.6375,3.9187,57.5625,288.1125,358.9922,573.45,2.6002,4.5425,173.88,342.87,72.3004,710.0,19.4651,600.0,600.0,9.9925,66.2403,76.8,2.6002,4.5425,11.1292,15.7302,9.1102,173.88,342.87,710.0,71.9889,32.405,44.124,9.605,3.82,12.237,44.124,23.933,14.7871,0.1744,0.1295,0.1323,0.1298,0.2106,0.1323,0.1993,0.1257,536.4,292.7,380.95,84.4725,85.1775,85.32,82.2825,83.3775,82.005,41.9665,516.54,500,20.3168,526.91,497.87,16.0598
86.1,57.5625,4.4281,57.5625,287.8875,359.7842,573.3,2.6002,4.545,174.2985,342.87,72.3004,710.0,19.4629,600.18,600.18,9.9924,66.2404,76.7997,2.6002,4.545,11.1296,15.7299,9.1108,174.3,342.87,710.0,71.8133,32.395,44.232,9.603,3.784,12.235,44.232,24.01,14.784,0.1743,0.1294,0.1323,0.1297,0.2105,0.1322,0.1992,0.1256,536.2,292.75,381.0,84.45,85.1475,85.3275,82.2825,83.4075,82.05,41.9223,516.36,500,20.3167,526.85,497.81,16.0685
86.075,57.5625,3.9609,57.525,288.4275,359.7842,573.5,2.6004,4.545,173.9745,342.9,72.3004,710.0,19.4621,600.18,600.18,9.9923,66.2398,76.7987,2.6004,4.545,11.1274,15.7297,9.1113,173.978,342.9,710.0,71.687,32.39,44.226,9.601,3.776,12.234,44.226,24.076,14.781,0.1745,0.1294,0.1322,0.1297,0.2105,0.1322,0.1992,0.1256,536.0,292.8,381.1,84.4725,85.1325,85.2975,82.2675,83.4525,82.02,41.8787,516.18,500,20.3167,526.76,497.72,16.0771
86.225,57.5625,3.9656,57.6,288.045,359.061,573.25,2.5998,4.545,174.231,342.9,72.3004,710.0,19.4614,600.18,600.18,9.9922,66.2398,76.8005,2.5998,4.545,11.1272,15.7294,9.1108,174.23,342.9,710.0,71.5601,32.385,44.196,9.601,3.797,12.233,44.196,24.109,14.7779,0.1749,0.1294,0.1322,0.1297,0.2106,0.1322,0.1992,0.1256,535.84,292.85,381.15,84.525,85.1625,85.32,82.23,83.415,82.0575,41.8359,516.0,500,20.3166,526.7,497.66,16.0858
86.975,57.6,4.3406,57.5625,287.955,359.6809,573.7,2.5998,4.545,173.2725,342.9,72.3004,710.0,19.4629,600.0,600.0,9.9922,66.2397,76.8007,2.5998,4.545,11.1271,15.7322,9.1108,173.278,342.9,710.0,71.4326,32.38,44.094,9.601,3.825,12.231,44.094,24.109,14.7749,0.1751,0.1294,0.1322,0.1297,0.2105,0.1322,0.1993,0.1256,535.64,292.9,381.2,84.51,85.185,85.2825,82.1925,83.4375,82.0275,41.7863,515.88,500,20.3165,526.64,497.6,16.0838
86.525,57.6,3.8641,57.5625,288.27,359.371,573.15,2.6,4.55,173.9745,342.9,72.2998,710.08,19.4599,600.24,600.24,9.9913,66.2396,76.8002,2.6,4.55,11.1269,15.7329,9.1108,173.978,342.9,710.08,71.3045,32.375,44.76,9.603,3.838,12.23,44.76,24.0705,14.7718,0.1745,0.1292,0.1321,0.1296,0.2099,0.1321,0.1987,0.1254,535.48,292.95,381.3,84.555,85.155,85.2675,82.185,83.4525,82.035,41.7371,515.76,500,20.3164,526.55,497.54,16.0918
86.75,57.5625,4.1734,57.6375,288.3825,359.6809,573.65,2.601,4.555,173.34,342.96,72.2984,710.24,19.4574,600.36,600.36,9.991,66.2395,76.7965,2.601,4.555,11.1267,15.7337,9.1118,173.334,342.96,710.24,71.1757,32.37,45.138,9.594,3.804,12.228,45.138,24.2465,14.7688,0.1738,0.129,0.1319,0.1294,0.2094,0.1318,0.1983,0.1252,535.4,293.0,381.35,84.5325,85.1175,85.305,82.2225,83.4975,82.035,41.6734,515.76,500,20.3164,526.49,497.48,16.0998
86.1,57.6375,4.6562,57.5625,287.865,359.2332,573.85,2.6012,4.56,173.475,342.99,72.2974,710.32,19.4544,600.48,600.48,9.9899,66.2387,76.7945,2.6012,4.56,11.1265,15.7314,9.1129,173.474,342.99,710.32,71.0464,32.365,45.426,9.586,3.768,12.227,45.426,24.4555,14.7657,0.1738,0.1288,0.1317,0.1292,0.2092,0.1317,0.198,0.125,535.4,293.05,381.45,84.54,85.1625,85.2525,82.26,83.4975,82.0125,41.606,515.79,500,20.3163,526.43,497.39,16.1078
86.9,57.6,4.0141,57.525,287.685,359.922,573.7,2.6014,4.565,174.096,343.02,72.2975,710.24,19.4539,600.36,600.36,9.9893,66.2383,76.7922,2.6014,4.565,11.1264,15.7312,9.1129,174.104,343.02,710.24,70.9164,32.36,45.588,9.577,3.781,12.226,45.588,24.6315,14.7627,0.1743,0.1287,0.1316,0.1291,0.209,0.1315,0.1978,0.1249,535.4,293.05,381.5,84.5625,85.17,85.215,82.29,83.4975,81.99,41.546,515.76,500,20.3162,526.34,497.33,16.1158
86.1,57.5625,4.5469,57.6,288.45,359.612,573.6,2.601,4.565,173.907,343.02,72.2972,710.24,19.4524,600.36,600.36,9.9887,66.238,76.792,2.601,4.565,11.1262,15.7309,9.1129,173.908,343.02,710.24,70.8364,32.36,45.522,9.571,3.831,12.224,45.522,24.7635,14.7596,0.175,0.1288,0.1315,0.129,0.2091,0.1315,0.1979,0.1249,535.36,293.1,381.55,84.6,85.1475,85.2675,82.2975,83.535,81.96,41.4898,515.7,500,20.3161,526.28,497.27,16.1238
86.675,57.6,4.5312,57.6,288.36,359.7498,573.35,2.6004,4.565,174.258,343.02,72.2968,710.24,19.4539,600.12,600.12,9.9889,66.2377,76.793,2.6004,4.565,11.126,15.7307,9.1124,174.258,343.02,710.24,70.7564,32.36,45.324,9.568,3.888,12.223,45.324,24.8075,14.7565,0.1755,0.1288,0.1316,0.1291,0.2094,0.1315,0.1981,0.1249,535.32,293.15,381.6,84.645,85.1625,85.2825,82.29,83.4825,81.9225,41.4377,515.61,500,20.316,526.19,497.21,16.1318
86.45,57.5625,4.4828,57.6,288.045,359.1643,574.1,2.6002,4.56,173.8395,342.99,72.2971,710.16,19.4549,600.0,600.0,9.9893,66.2373,76.7932,2.6002,4.56,11.1259,15.7304,9.1118,173.852,342.99,710.16,70.6764,32.36,44.958,9.569,3.924,12.221,44.958,24.758,14.7535,0.1757,0.129,0.1317,0.1292,0.2097,0.1317,0.1984,0.1251,535.24,293.2,381.65,84.6525,85.1625,85.26,82.305,83.46,81.945,41.3934,515.46,500,20.316,526.13,497.12,16.1398
86.025,57.6,4.4734,57.5625,287.6175,359.8531,573.65,2.6,4.555,173.34,342.96,72.2974,710.08,19.4564,599.88,599.88,9.9892,66.2378,76.7937,2.6,4.555,11.1257,15.7302,9.1113,173.348,342.96,710.08,70.5457,32.355,44.568,9.573,3.926,12.22,44.568,24.6205,14.7504,0.1754,0.1291,0.1319,0.1293,0.21,0.1318,0.1988,0.1252,535.08,293.25,381.7,84.6,85.1925,85.2825,82.29,83.46,81.9075,41.3497,515.31,500,20.3159,526.07,497.06,16.1371
86.45,57.5625,4.1641,57.6,288.3825,359.8187,573.85,2.5998,4.555,174.123,342.96,72.2979,710.0,19.4569,599.88,599.88,9.9892,66.2377,76.7945,2.5998,4.555,11.1255,15.7299,9.1108,174.118,342.96,710.0,70.4651,32.355,44.658,9.58,3.894,12.219,44.658,24.439,14.7474,0.1745,0.1291,0.1319,0.1294,0.21,0.1319,0.1987,0.1253,534.92,293.3,381.8,84.5775,85.17,85.32,82.2675,83.445,81.9225,41.3141,515.1,500,20.3158,525.98,497.0,16.1445
86.05,57.5625,3.925,57.5625,288.3825,359.6465,574.1,2.5998,4.5525,173.7585,342.93,72.2979,710.0,19.4574,599.88,599.88,9.9891,66.2376,76.7947,2.5998,4.5525,11.1253,15.7297,9.1102,173.768,342.93,710.0,70.3338,32.35,44.55,9.582,3.818,12.217,44.55,24.384,14.7443,0.1736,0.1291,0.132,0.1294,0.21,0.1319,0.1988,0.1253,534.72,293.35,381.85,84.6075,85.17,85.3125,82.2225,83.46,81.9825,41.2757,514.92,500,20.3157,525.92,496.94,16.1518
86.775,57.6,4.4594,57.6,288.1125,359.2332,574.0,2.5996,4.55,173.961,342.93,72.2979,710.0,19.4571,599.94,599.94,9.989,66.2375,76.7957,2.5996,4.55,11.1252,15.7294,9.1102,173.964,342.93,710.0,70.202,32.345,44.406,9.585,3.743,12.216,44.406,24.3345,14.7413,0.1732,0.1291,0.132,0.1295,0.2102,0.132,0.1989,0.1254,534.52,293.4,381.9,84.5775,85.14,85.35,82.1925,83.4675,81.9525,41.2454,514.68,500,20.3157,525.83,496.85,16.1591
86.875,57.6,4.8063,57.6,288.585,359.6465,573.55,2.5994,4.5475,173.556,342.9,72.2986,709.92,19.4581,599.88,599.88,9.9897,66.2374,76.797,2.5994,4.5475,11.125,15.7322,9.1096,173.558,342.9,709.92,70.0695,32.34,44.22,9.589,3.708,12.215,44.22,24.263,14.7382,0.1733,0.1292,0.1321,0.1296,0.2103,0.1321,0.1991,0.1255,534.28,293.4,381.95,84.5475,85.1625,85.3125,82.1925,83.4375,81.9225,41.2124,514.47,500,20.3156,525.77,496.79,16.1665
86.65,57.5625,4.2719,57.5625,288.405,359.4398,574.1,2.5994,4.5475,173.8935,342.9,72.2987,709.92,19.4579,599.94,599.94,9.9891,66.2373,76.7977,2.5994,4.5475,11.1248,15.7329,9.1096,173.894,342.9,709.92,69.987,32.34,44.394,9.594,3.708,12.213,44.394,24.175,14.7352,0.1732,0.1292,0.1321,0.1296,0.2102,0.1321,0.199,0.1255,534.04,293.45,382.0,84.5625,85.2,85.2675,82.155,83.475,81.9675,41.1765,514.29,500,20.3155,525.71,496.73,16.1738
86.275,57.525,4.4531,57.6375,287.6625,359.7498,573.25,2.6,4.55,173.2455,342.9,72.2988,709.92,19.4574,600.0,600.0,9.989,66.2373,76.7962,2.6,4.55,11.1247,15.7337,9.1102,173.25,342.9,709.92,69.8539,32.335,44.454,9.595,3.704,12.212,44.454,24.1805,14.7321,0.1731,0.1292,0.1321,0.1296,0.2101,0.1321,0.1989,0.1255,533.84,293.5,382.05,84.54,85.1475,85.275,82.155,83.46,81.9525,41.1376,514.14,500,20.3307,525.62,496.67,16.1811
86.65,57.6,4.475,57.6,288.4275,359.7842,573.55,2.6002,4.5525,174.2715,342.93,72.2983,710.0,19.4559,600.12,600.12,9.9889,66.2372,76.7955,2.6002,4.5525,11.1245,15.7314,9.1108,174.272,342.93,710.0,69.7201,32.33,44.826,9.595,3.694,12.211,44.826,24.2135,14.729,0.1728,0.129,0.132,0.1295,0.2098,0.132,0.1985,0.1253,533.68,293.55,382.1,84.51,85.185,85.2675,82.2,83.4825,81.96,41.103,513.96,500,20.3311,525.56,496.58,16.1778
86.425,57.5625,4.4266,57.6,287.6625,359.612,573.75,2.6004,4.555,172.962,342.96,72.2977,710.08,19.4546,600.18,600.18,9.9888,66.2371,76.7945,2.6004,4.555,11.1281,15.7312,9.1118,172.97,342.96,710.08,69.5858,32.325,44.952,9.591,3.682,12.21,44.952,24.329,14.726,0.1727,0.1289,0.1319,0.1294,0.2095,0.1318,0.1984,0.1252,533.52,293.6,382.15,84.5175,85.155,85.2225,82.2525,83.52,81.9225,41.0541,513.9,500,20.3316,525.47,496.52,16.1845
86.375,57.5625,4.2109,57.5625,288.09,359.0266,573.3,2.6006,4.56,173.718,342.99,72.2975,710.08,19.4524,600.3,600.3,9.988,66.2363,76.7932,2.6006,4.56,11.1291,15.7309,9.1118,173.726,342.99,710.08,69.5014,32.325,45.282,9.588,3.686,12.209,45.282,24.439,14.7229,0.1728,0.1288,0.1318,0.1292,0.2093,0.1318,0.1981,0.1251,533.48,293.6,382.2,84.51,85.11,85.2075,82.245,83.565,81.9,41.0055,513.84,500,20.332,525.41,496.46,16.1911
86.825,57.5625,4.0156,57.6,288.54,359.5087,573.35,2.6008,4.5625,173.502,342.99,72.2968,710.16,19.4504,600.36,600.36,9.9877,66.2359,76.7917,2.6008,4.5625,11.1302,15.7307,9.1124,173.502,342.99,710.16,69.3664,32.32,45.432,9.581,3.704,12.207,45.432,24.5765,14.7199,0.1731,0.1287,0.1317,0.1291,0.2091,0.1316,0.1979,0.125,533.4,293.65,382.3,84.5175,85.0725,85.17,82.2075,83.55,81.93,40.9533,513.81,500,20.3324,525.32,496.37,16.1978
86.225,57.6,3.9203,57.5625,288.585,360.0253,573.85,2.6004,4.565,174.4875,343.02,72.2959,710.24,19.4504,600.24,600.24,9.9873,66.2356,76.7922,2.6004,4.565,11.1276,15.7304,9.1118,174.482,343.02,710.24,69.2814,32.32,45.48,9.577,3.729,12.207,45.48,24.692,14.7168,0.1733,0.1287,0.1316,0.1291,0.2092,0.1316,0.1979,0.1249,533.36,293.7,382.3,84.5025,85.05,85.155,82.2075,83.505,81.915,40.9125,513.69,500,20.3328,525.26,496.31,16.2045
86.075,57.5625,4.4891,57.525,287.8875,359.5087,573.5,2.6004,4.5625,174.1365,343.02,72.2962,710.16,19.4509,600.12,600.12,9.987,66.2352,76.7917,2.6004,4.5625,11.1274,15.7302,9.1118,174.132,343.02,710.16,69.1964,32.32,45.282,9.574,3.758,12.205,45.282,24.758,14.7138,0.1737,0.1287,0.1316,0.1291,0.2094,0.1316,0.198,0.1249,533.24,293.7,382.35,84.54,85.035,85.1325,82.245,83.52,81.885,40.8722,513.57,500,20.3332,525.17,496.22,16.2111
86.65,57.5625,4.2906,57.6,287.7975,359.7498,573.7,2.6002,4.56,173.529,342.99,72.2959,710.16,19.4511,600.06,600.06,9.9874,66.2349,76.792,2.6002,4.56,11.1235,15.7307,9.1113,173.53,342.99,710.16,69.1114,32.32,44.982,9.575,3.784,12.204,44.982,24.7415,14.7107,0.174,0.1289,0.1317,0.1292,0.2095,0.1317,0.1983,0.1251,533.12,293.75,382.4,84.57,85.005,85.1475,82.215,83.505,81.8625,40.8324,513.45,500,20.3336,525.11,496.16,16.2178
86.15,57.5625,4.275,57.5625,287.7525,359.5776,574.25,2.6,4.555,173.88,342.96,72.2963,710.08,19.4524,599.94,599.94,9.9873,66.2353,76.7925,2.6,4.555,11.1258,15.7299,9.1108,173.88,342.96,710.08,69.0264,32.32,44.706,9.579,3.792,12.203,44.706,24.626,14.7077,0.1738,0.129,0.1319,0.1293,0.2098,0.1318,0.1986,0.1252,532.96,293.8,382.45,84.5625,85.0425,85.1925,82.215,83.4675,81.9,40.8044,513.24,500,20.334,525.02,496.1,16.2138
86.8,57.5625,4.6937,57.525,287.9775,359.371,574.0,2.5996,4.5525,173.88,342.93,72.2968,710.0,19.4541,599.82,599.82,9.9872,66.2352,76.794,2.5996,4.5525,11.1256,15.7297,9.1102,173.88,342.93,710.0,68.9414,32.32,44.388,9.584,3.77,12.202,44.388,24.483,14.7132,0.1733,0.1291,0.132,0.1295,0.2102,0.132,0.1989,0.1254,532.76,293.85,382.5,84.54,85.0725,85.185,82.2375,83.4825,81.9375,40.7772,513.03,500,20.3345,524.96,496.01,16.2198
86.85,57.5625,4.3953,57.6,288.18,359.7842,573.8,2.5994,4.5475,173.3265,342.9,72.2974,709.92,19.4556,599.76,599.76,9.9879,66.2359,76.7952,2.5994,4.5475,11.1292,15.7294,9.1091,173.32,342.9,709.92,68.8057,32.315,44.178,9.592,3.722,12.202,44.178,24.3235,14.7104,0.1727,0.1292,0.1322,0.1296,0.2103,0.1322,0.1991,0.1255,532.52,293.85,382.55,84.5175,85.0875,85.215,82.2,83.505,81.945,40.7509,512.82,500,20.3349,524.87,495.95,16.2258
86.95,57.525,4.3359,57.6,287.91,359.612,573.7,2.5996,4.55,173.5695,342.93,72.2969,710.0,19.4543,599.94,599.94,9.9873,66.2353,76.7952,2.5996,4.55,11.1265,15.7322,9.1102,173.572,342.93,710.0,68.7201,32.315,44.754,9.599,3.664,12.2,44.754,24.186,14.7077,0.1716,0.129,0.1321,0.1295,0.2098,0.1321,0.1986,0.1254,532.32,293.9,382.6,84.51,85.0875,85.26,82.23,83.505,81.945,40.7179,512.67,500,20.3353,524.78,495.89,16.2318
86.65,57.6,4.2016,57.6,287.775,359.7842,573.3,2.6,4.555,173.7045,342.96,72.2963,710.08,19.4523,600.12,600.12,9.9865,66.2352,76.7943,2.6,4.555,11.1264,15.7329,9.1113,173.712,342.96,710.08,68.5839,32.31,45.132,9.595,3.587,12.201,45.132,24.2905,14.7049,0.1709,0.1288,0.1319,0.1294,0.2094,0.1319,0.1982,0.1252,532.16,293.9,382.65,84.4725,85.125,85.3125,82.275,83.5275,81.9525,40.6817,512.55,500,20.3357,524.72,495.8,16.2378
86.0,57.5625,4.1937,57.525,288.585,359.9564,573.95,2.6008,4.56,173.394,342.99,72.2955,710.16,19.4488,600.36,600.36,9.9862,66.2344,76.7913,2.6008,4.56,11.1262,15.7337,9.1124,173.404,342.99,710.16,68.447,32.305,45.372,9.589,3.543,12.2,45.372,24.461,14.6935,0.1712,0.1286,0.1318,0.1292,0.2091,0.1318,0.1979,0.1251,532.08,293.95,382.7,84.525,85.11,85.2975,82.26,83.5425,81.9225,40.6347,512.52,500,20.3361,524.63,495.74,16.2438
86.925,57.525,4.5906,57.6375,287.775,359.8531,573.85,2.601,4.5625,173.529,343.02,72.2953,710.16,19.4488,600.24,600.24,9.9858,66.2341,76.7895,2.601,4.5625,11.126,15.7314,9.1129,173.53,343.02,710.16,68.3601,32.305,45.552,9.583,3.578,12.199,45.552,24.6205,14.699,0.1721,0.1286,0.1316,0.1291,0.209,0.1316,0.1978,0.1249,532.0,294.0,382.7,84.5025,85.1175,85.2825,82.2975,83.4975,81.93,40.5879,512.49,500,20.3365,524.57,495.65,16.2498
86.275,57.525,4.2156,57.525,287.9775,359.3365,573.35,2.6006,4.565,174.312,343.02,72.2944,710.24,19.4471,600.3,600.3,9.9855,66.2337,76.7898,2.6006,4.565,11.1258,15.7312,9.1124,174.314,343.02,710.24,68.2733,32.305,45.63,9.578,3.658,12.197,45.63,24.747,14.6963,0.1729,0.1286,0.1316,0.129,0.209,0.1315,0.1977,0.1249,531.96,294.0,382.75,84.54,85.0725,85.305,82.2525,83.4975,81.975,40.5487,512.4,500,20.337,524.48,495.59,16.2451
86.3,57.5625,4.5984,57.6,288.2475,359.1988,573.7,2.6006,4.565,173.8125,343.02,72.294,710.24,19.4488,600.06,600.06,9.9852,66.2342,76.789,2.6006,4.565,11.1257,15.7309,9.1118,173.824,343.02,710.24,68.237,32.31,45.486,9.575,3.727,12.195,45.486,24.835,14.6935,0.1733,0.1286,0.1315,0.129,0.209,0.1315,0.1978,0.1249,531.88,294.05,382.8,84.5925,85.0425,85.29,82.215,83.52,81.9675,40.5099,512.31,500,20.3374,524.39,495.5,16.2505
86.975,57.6,4.3094,57.6375,288.0,359.9564,574.05,2.6,4.5625,174.096,343.02,72.2943,710.16,19.4493,600.0,600.0,9.9848,66.2341,76.7905,2.6,4.5625,11.1255,15.7307,9.1108,174.104,343.02,710.16,68.1507,32.31,45.264,9.575,3.76,12.196,45.264,24.835,14.6907,0.1733,0.1287,0.1316,0.1291,0.2094,0.1316,0.198,0.1249,531.8,294.1,382.85,84.555,85.0425,85.3275,82.245,83.4825,81.9675,40.4789,512.16,500,20.3378,524.33,495.44,16.2558
86.625,57.525,4.2797,57.6,288.1575,359.7498,573.9,2.5996,4.56,173.259,342.99,72.2953,710.0,19.4508,599.88,599.88,9.9852,66.234,76.792,2.5996,4.56,11.1253,15.7304,9.1102,173.264,342.99,710.0,68.0645,32.31,44.94,9.577,3.754,12.195,44.94,24.7525,14.6879,0.173,0.1288,0.1317,0.1292,0.2095,0.1317,0.1984,0.1251,531.64,294.1,382.9,84.5175,85.0425,85.3275,82.2825,83.52,81.9675,40.4448,512.04,500,20.3382,524.24,495.35,16.2611
86.975,57.5625,4.0859,57.6,288.225,359.922,573.65,2.5996,4.5575,174.0825,342.99,72.2953,710.0,19.4513,599.88,599.88,9.9852,66.2339,76.7925,2.5996,4.5575,11.1252,15.7302,9.1102,174.076,342.99,710.0,67.9782,32.31,45.048,9.583,3.72,12.194,45.048,24.6205,14.6851,0.1723,0.1288,0.1318,0.1292,0.2095,0.1318,0.1983,0.1251,531.52,294.15,382.95,84.525,85.0875,85.365,82.2675,83.5425,81.9825,40.4187,511.86,500,20.3386,524.18,495.29,16.2665
86.3,57.5625,4.0859,57.5625,288.5625,360.0253,574.25,2.6,4.5575,174.0825,342.96,72.2959,709.92,19.4518,599.88,599.88,9.9858,66.2338,76.7915,2.6,4.5575,11.125,15.7307,9.1102,174.09,342.96,709.92,67.892,32.31,44.958,9.584,3.656,12.193,44.958,24.5875,14.6824,0.1715,0.1287,0.1318,0.1293,0.2096,0.1318,0.1984,0.1251,531.32,294.15,382.95,84.51,85.0575,85.3875,82.2825,83.5125,81.9375,40.3934,511.68,500,20.339,524.09,495.23,16.2718
86.975,57.5625,4.4938,57.6,288.225,359.6465,574.15,2.6,4.555,174.096,342.96,72.2948,710.08,19.4516,599.94,599.94,9.9852,66.2337,76.7915,2.6,4.555,11.1248,15.7307,9.1108,174.09,342.96,710.08,67.7551,32.305,44.778,9.586,3.599,12.192,44.778,24.5545,14.6796,0.1714,0.1288,0.1319,0.1294,0.2098,0.1318,0.1985,0.1252,531.16,294.2,383.0,84.465,85.0425,85.365,82.2375,83.46,81.9525,40.3687,511.5,500,20.3395,524.0,495.14,16.2665
86.2,57.5625,4.3828,57.6,287.9775,359.5432,574.15,2.5998,4.5525,173.9205,342.93,72.2953,710.0,19.4526,599.88,599.88,9.9852,66.2344,76.7923,2.5998,4.5525,11.1246,15.7307,9.1102,173.908,342.93,710.0,67.6683,32.305,44.544,9.59,3.585,12.192,44.544,24.483,14.6768,0.1717,0.1289,0.132,0.1295,0.21,0.132,0.1988,0.1253,530.96,294.2,383.05,84.4725,85.0725,85.395,82.2225,83.43,81.99,40.3486,511.29,500,20.3399,523.94,495.08,16.2711
86.6,57.6,4.2687,57.6,288.6075,359.6809,573.6,2.5996,4.55,173.988,342.9,72.2959,709.92,19.4538,599.82,599.82,9.9851,66.2346,76.7933,2.5996,4.55,11.1282,15.7307,9.1096,173.992,342.9,709.92,67.5814,32.305,44.328,9.596,3.599,12.191,44.328,24.3785,14.674,0.172,0.1291,0.1321,0.1296,0.2102,0.1321,0.199,0.1255,530.72,294.25,383.05,84.495,85.1175,85.38,82.245,83.4,81.96,40.333,511.05,500,20.3403,523.85,494.99,16.2758
86.25,57.6,4.8219,57.6,288.3375,359.5776,573.7,2.5994,4.545,173.8665,342.9,72.2973,709.76,19.4553,599.76,599.76,9.9857,66.2347,76.7945,2.5994,4.545,11.1293,15.7307,9.1086,173.866,342.9,709.76,67.4945,32.305,44.196,9.602,3.609,12.189,44.196,24.263,14.6799,0.1718,0.1292,0.1322,0.1297,0.2104,0.1322,0.1991,0.1256,530.48,294.25,383.1,84.4875,85.0875,85.395,82.2975,83.3925,81.9975,40.3184,510.81,500,20.3407,523.76,494.93,16.2805
86.35,57.6,4.8172,57.6,287.7525,359.6465,573.75,2.5994,4.545,173.6775,342.9,72.2964,709.92,19.4556,599.82,599.82,9.9852,66.2349,76.7953,2.5994,4.545,11.1304,15.7307,9.1091,173.67,342.9,709.92,67.4076,32.305,44.334,9.608,3.592,12.189,44.334,24.164,14.6774,0.1713,0.1291,0.1322,0.1297,0.2102,0.1322,0.199,0.1256,530.24,294.3,383.15,84.45,85.095,85.3725,82.26,83.4075,82.0425,40.2973,510.63,500,20.3411,523.7,494.84,16.2851
86.075,57.5625,4.5687,57.5625,288.3375,359.0955,573.45,2.5994,4.5475,173.2995,342.9,72.2965,709.92,19.4556,599.88,599.88,9.9851,66.2351,76.796,2.5994,4.5475,11.1277,15.7307,9.1091,173.306,342.9,709.92,67.2701,32.3,44.604,9.61,3.546,12.188,44.604,24.164,14.6749,0.1706,0.129,0.1322,0.1296,0.2099,0.1322,0.1987,0.1255,530.04,294.3,383.15,84.465,85.11,85.38,82.2225,83.445,82.065,40.2694,510.51,500,20.3415,523.61,494.78,16.2898
86.775,57.6375,3.8641,57.525,287.9325,359.8531,574.3,2.5998,4.5525,174.0555,342.93,72.296,710.0,19.4516,600.24,600.24,9.985,66.2352,76.7953,2.5998,4.5525,11.1275,15.7307,9.1102,174.062,342.93,710.0,67.1826,32.3,45.102,9.608,3.499,12.189,45.102,24.241,14.6724,0.1702,0.1288,0.132,0.1294,0.2095,0.132,0.1982,0.1253,529.92,294.35,383.2,84.4575,85.155,85.35,82.2675,83.46,82.08,40.2419,510.39,500,20.3419,523.52,494.69,16.2838
86.075,57.6,4.0437,57.6375,288.5625,359.371,573.7,2.6006,4.56,174.366,342.96,72.2954,710.08,19.4491,600.36,600.36,9.9842,66.2347,76.7925,2.6006,4.56,11.1236,15.7307,9.1113,174.37,342.96,710.08,67.0951,32.3,45.39,9.601,3.481,12.189,45.39,24.428,14.6699,0.1704,0.1286,0.1318,0.1293,0.2092,0.1318,0.1979,0.1251,529.8,294.35,383.2,84.465,85.1325,85.3425,82.305,83.4975,82.0875,40.2075,510.33,500,20.3424,523.46,494.6,16.2878
86.1,57.6,4.3781,57.6,287.82,359.7498,574.1,2.6008,4.5625,174.3255,342.99,72.2947,710.16,19.4476,600.36,600.36,9.9838,66.2338,76.791,2.6008,4.5625,11.1259,15.7307,9.1124,174.328,342.99,710.16,67.0076,32.3,45.492,9.595,3.516,12.187,45.492,24.6205,14.6674,0.1713,0.1286,0.1317,0.1292,0.2091,0.1317,0.1978,0.125,529.72,294.4,383.25,84.435,85.155,85.3275,82.3275,83.52,82.1175,40.177,510.24,500,20.3428,523.37,494.54,16.2918
86.05,57.5625,4.6875,57.525,288.1575,359.7842,573.6,2.6008,4.5625,174.042,342.99,72.2944,710.16,19.4483,600.18,600.18,9.9842,66.2335,76.79,2.6008,4.5625,11.1258,15.7307,9.1124,174.048,342.99,710.16,66.9201,32.3,45.444,9.591,3.591,12.187,45.444,24.736,14.6649,0.1721,0.1286,0.1317,0.1291,0.2091,0.1316,0.1979,0.125,529.64,294.4,383.3,84.4875,85.17,85.29,82.32,83.55,82.065,40.1431,510.18,500,20.3432,523.28,494.45,16.2958
86.725,57.5625,4.6984,57.5625,288.6525,360.0598,574.15,2.6004,4.5625,174.2445,342.99,72.2942,710.16,19.4498,600.0,600.0,9.9842,66.2339,76.7905,2.6004,4.5625,11.1293,15.7307,9.1113,174.244,342.99,710.16,66.8832,32.305,45.306,9.589,3.659,12.186,45.306,24.7745,14.6624,0.1725,0.1287,0.1317,0.1292,0.2093,0.1317,0.198,0.125,529.6,294.4,383.3,84.5475,85.1625,85.335,82.365,83.55,82.0275,40.1133,510.09,500,20.3436,523.19,494.39,16.2998
86.875,57.5625,4.8234,57.525,288.4275,359.9909,573.65,2.6002,4.56,174.0555,342.99,72.2952,710.0,19.4513,599.88,599.88,9.9841,66.2338,76.7908,2.6002,4.56,11.1267,15.7307,9.1108,174.048,342.99,710.0,66.7964,32.305,45.06,9.589,3.682,12.186,45.06,24.7415,14.6599,0.1723,0.1288,0.1318,0.1292,0.2095,0.1318,0.1983,0.1251,529.48,294.4,383.3,84.54,85.2075,85.3275,82.3425,83.4975,82.065,40.0875,509.97,500,20.344,523.13,494.3,16.3038
86.425,57.5625,4.0141,57.5625,287.955,359.0955,573.35,2.6,4.555,174.0825,342.96,72.2958,709.92,19.4526,599.82,599.82,9.9847,66.2337,76.7913,2.6,4.555,11.1265,15.7307,9.1102,174.076,342.96,709.92,66.7601,32.31,44.778,9.593,3.663,12.185,44.778,24.648,14.6574,0.1719,0.1289,0.1319,0.1294,0.2098,0.1318,0.1985,0.1252,529.36,294.45,383.35,84.6,85.155,85.275,82.3125,83.52,82.0875,40.0661,509.82,500,20.3444,523.04,494.24,16.2971
86.775,57.525,4.8391,57.5625,287.7075,359.7498,573.6,2.5996,4.55,173.8395,342.93,72.2965,709.84,19.4548,599.7,599.7,9.9849,66.2344,76.7928,2.5996,4.55,11.1263,15.7307,9.1096,173.852,342.93,709.84,66.6738,32.31,44.484,9.599,3.617,12.184,44.484,24.5105,14.6635,0.1714,0.129,0.132,0.1295,0.2101,0.132,0.1988,0.1254,529.2,294.45,383.35,84.5475,85.1925,85.275,82.3425,83.5425,82.095,40.0489,509.64,500,20.3449,522.95,494.15,16.3005
86.025,57.5625,4.1625,57.525,288.2925,359.612,574.3,2.5996,4.55,173.313,342.9,72.2962,709.92,19.4538,599.88,599.88,9.9851,66.2346,76.7933,2.5996,4.55,11.1262,15.7307,9.1096,173.306,342.9,709.92,66.5876,32.31,44.562,9.606,3.566,12.183,44.562,24.3675,14.6613,0.1707,0.1289,0.1321,0.1296,0.2099,0.1321,0.1988,0.1254,529.0,294.45,383.4,84.5925,85.1475,85.2975,82.35,83.4975,82.08,40.025,509.52,500,20.3453,522.86,494.06,16.3038
86.725,57.525,4.6719,57.525,288.0675,360.0253,574.15,2.5998,4.555,173.826,342.93,72.2957,710.0,19.4513,600.12,600.12,9.9845,66.2347,76.793,2.5998,4.555,11.126,15.7307,9.1102,173.838,342.93,710.0,66.5013,32.31,45.162,9.609,3.511,12.183,45.162,24.3235,14.659,0.1698,0.1287,0.132,0.1294,0.2094,0.1319,0.1982,0.1253,528.88,294.5,383.4,84.585,85.17,85.305,82.2975,83.4525,82.05,39.9978,509.43,500,20.3457,522.8,494.0,16.3071
86.65,57.5625,4.65,57.525,288.45,359.7498,573.95,2.6002,4.56,173.7315,342.99,72.2944,710.16,19.4493,600.24,600.24,9.9844,66.2342,76.7918,2.6002,4.56,11.1258,15.7307,9.1108,173.726,342.99,710.16,66.3645,32.305,45.546,9.603,3.456,12.184,45.546,24.4775,14.6568,0.1696,0.1285,0.1318,0.1292,0.209,0.1318,0.1978,0.1251,528.8,294.5,383.4,84.63,85.2,85.3275,82.29,83.49,82.065,39.9635,509.4,500,20.3461,522.71,493.91,16.3105
86.975,57.5625,4.6,57.525,288.18,359.8875,573.4,2.6006,4.565,173.5155,343.02,72.2935,710.24,19.4468,600.36,600.36,9.9836,66.2341,76.79,2.6006,4.565,11.1256,15.7307,9.1113,173.516,343.02,710.24,66.3282,32.31,45.804,9.596,3.451,12.184,45.804,24.6755,14.6546,0.1702,0.1284,0.1316,0.1291,0.2087,0.1316,0.1975,0.1249,528.8,294.5,383.45,84.66,85.1775,85.2975,82.3275,83.4975,82.0575,39.9217,509.43,500,20.3465,522.62,493.85,16.3138
86.725,57.5625,4.5797,57.6,287.82,359.9909,573.45,2.6008,4.5675,174.3525,343.05,72.2932,710.24,19.4446,600.42,600.42,9.9832,66.2333,76.7885,2.6008,4.5675,11.1255,15.7307,9.1124,174.356,343.05,710.24,66.242,32.31,45.984,9.589,3.515,12.182,45.984,24.8515,14.6524,0.1712,0.1284,0.1315,0.1289,0.2086,0.1314,0.1973,0.1248,528.8,294.5,383.45,84.69,85.2075,85.3125,82.3425,83.475,82.05,39.8874,509.4,500,20.3469,522.53,493.76,16.3065
86.55,57.6,4.0734,57.5625,287.73,359.8187,573.75,2.6008,4.57,173.556,343.05,72.2934,710.16,19.4451,600.24,600.24,9.9829,66.2329,76.7875,2.6008,4.57,11.1253,15.7307,9.1124,173.544,343.05,710.16,66.2063,32.315,45.924,9.583,3.6,12.182,45.924,24.978,14.6501,0.1719,0.1284,0.1314,0.1289,0.2086,0.1314,0.1974,0.1247,528.76,294.55,383.45,84.705,85.1625,85.275,82.3275,83.5125,82.065,39.8456,509.43,500,20.3474,522.47,493.67,16.3091
86.65,57.5625,4.0094,57.6,288.09,359.1643,573.95,2.6008,4.57,173.9205,343.05,72.2932,710.16,19.4448,600.18,600.18,9.9826,66.2326,76.7865,2.6008,4.57,11.1251,15.7307,9.1124,173.922,343.05,710.16,66.1714,32.32,45.828,9.581,3.66,12.181,45.828,25.033,14.6479,0.1721,0.1284,0.1314,0.1289,0.2087,0.1314,0.1975,0.1248,528.8,294.55,383.5,84.675,85.17,85.2525,82.305,83.49,82.035,39.8151,509.37,500,20.3478,522.38,493.61,16.3118
86.25,57.6,4.1844,57.5625,288.36,359.4398,573.4,2.6002,4.5675,174.015,343.02,72.2935,710.08,19.4471,599.94,599.94,9.983,66.2322,76.7878,2.6002,4.5675,11.125,15.7307,9.1113,174.02,343.02,710.08,66.0864,32.32,45.624,9.58,3.673,12.181,45.624,25.011,14.6457,0.1718,0.1285,0.1315,0.129,0.209,0.1314,0.1977,0.1248,528.76,294.55,383.5,84.72,85.2,85.305,82.2975,83.4975,82.05,39.8655,509.31,520,20.3482,522.29,493.52,16.3145
86.475,57.6,4.1797,57.5625,288.585,359.7842,573.8,2.6,4.565,173.961,343.02,72.2934,710.08,19.4466,600.0,600.0,9.9829,66.2327,76.7883,2.6,4.565,11.1248,15.7307,9.1108,173.964,343.02,710.08,66.052,32.325,45.336,9.583,3.646,12.181,45.336,24.9505,14.6435,0.1714,0.1285,0.1316,0.1291,0.2093,0.1316,0.198,0.1249,528.68,294.55,383.5,84.705,85.17,85.35,82.2675,83.4975,82.0125,39.9238,509.19,520,20.3486,522.2,493.46,16.3171
86.25,57.6,3.9828,57.5625,287.9775,359.7842,573.55,2.5998,4.56,173.853,342.99,72.2939,710.0,19.4496,599.76,599.76,9.9828,66.2326,76.789,2.5998,4.56,11.1246,15.7307,9.1102,173.852,342.99,710.0,66.0182,32.33,45.03,9.587,3.603,12.18,45.03,24.846,14.6413,0.171,0.1286,0.1317,0.1292,0.2095,0.1317,0.1983,0.1251,528.56,294.55,383.5,84.6825,85.17,85.3425,82.3125,83.46,82.0125,39.9862,509.04,520,20.349,522.14,493.37,16.3091
86.15,57.525,4.3547,57.5625,287.9325,359.2332,574.15,2.5994,4.555,174.1635,342.96,72.2945,709.92,19.4506,599.76,599.76,9.9835,66.2325,76.7908,2.5994,4.555,11.1282,15.7307,9.1096,174.16,342.96,709.92,65.9345,32.33,44.736,9.593,3.56,12.179,44.736,24.7085,14.639,0.1706,0.1287,0.1319,0.1294,0.2098,0.1318,0.1986,0.1252,528.4,294.55,383.5,84.6675,85.125,85.365,82.29,83.4375,82.0125,40.053,508.86,520,20.3494,522.05,493.31,16.3111
86.925,57.5625,4.3234,57.525,287.775,359.6809,573.35,2.5992,4.55,173.5965,342.93,72.2953,709.84,19.4531,599.64,599.64,9.9837,66.2332,76.7923,2.5992,4.55,11.1293,15.7307,9.1091,173.586,342.93,709.84,65.8507,32.33,44.424,9.6,3.523,12.178,44.424,24.56,14.6454,0.1705,0.1289,0.1321,0.1295,0.2101,0.132,0.1989,0.1254,528.2,294.55,383.5,84.705,85.125,85.3725,82.335,83.4675,82.035,40.1206,508.68,520,20.3498,521.96,493.22,16.3131
86.375,57.5625,4.7797,57.5625,288.3375,359.2676,573.35,2.5992,4.5525,173.4615,342.93,72.2955,709.84,19.4523,599.82,599.82,9.9838,66.2333,76.7933,2.5992,4.5525,11.1304,15.7307,9.1091,173.474,342.93,709.84,65.767,32.33,44.916,9.609,3.494,12.178,44.916,24.395,14.6435,0.1699,0.1288,0.132,0.1295,0.2096,0.132,0.1984,0.1253,528.04,294.55,383.55,84.645,85.14,85.3425,82.38,83.43,81.99,40.1701,508.65,520,20.3503,521.9,493.13,16.3151
86.45,57.5625,4.4672,57.5625,287.865,359.1988,573.35,2.6,4.5575,173.8395,342.96,72.2952,709.92,19.4493,600.12,600.12,9.9832,66.2327,76.7913,2.6,4.5575,11.1277,15.7307,9.1108,173.838,342.96,709.92,65.6832,32.33,45.294,9.607,3.455,12.177,45.294,24.461,14.6415,0.1695,0.1286,0.1319,0.1293,0.2093,0.1318,0.1981,0.1252,527.96,294.55,383.55,84.66,85.1475,85.3275,82.395,83.46,81.975,40.2197,508.62,520,20.3507,521.81,493.07,16.3171
86.15,57.525,4.5109,57.525,288.315,359.4398,573.65,2.6002,4.56,173.3535,342.99,72.2934,710.16,19.4473,600.24,600.24,9.9832,66.2327,76.7905,2.6002,4.56,11.1275,15.7307,9.1113,173.348,342.99,710.16,65.5995,32.33,45.546,9.603,3.434,12.179,45.546,24.5985,14.6396,0.1699,0.1285,0.1318,0.1292,0.209,0.1318,0.1978,0.125,527.96,294.55,383.55,84.645,85.14,85.2825,82.41,83.46,81.93,40.2544,508.71,520,20.3511,521.72,492.98,16.3191
86.325,57.5625,4.1188,57.6,288.1125,359.4054,574.15,2.6004,4.565,174.4065,343.02,72.2925,710.24,19.4456,600.3,600.3,9.9831,66.2326,76.7895,2.6004,4.565,11.1243,15.7307,9.1118,174.398,343.02,710.24,65.5664,32.335,45.786,9.598,3.478,12.178,45.786,24.747,14.6376,0.1708,0.1285,0.1316,0.1291,0.2089,0.1316,0.1975,0.1249,528.04,294.6,383.55,84.6675,85.1625,85.29,82.35,83.475,81.9375,40.2925,508.77,520,20.3515,521.63,492.92,16.3105
86.525,57.525,4.3562,57.5625,288.315,359.9564,573.5,2.6006,4.5675,174.177,343.02,72.2922,710.24,19.4458,600.18,600.18,9.9822,66.2318,76.7883,2.6006,4.5675,11.1262,15.7307,9.1118,174.174,343.02,710.24,65.5339,32.34,45.804,9.593,3.562,12.178,45.804,24.879,14.6357,0.1718,0.1285,0.1315,0.129,0.2088,0.1315,0.1975,0.1248,528.12,294.6,383.55,84.6375,85.14,85.2825,82.3725,83.475,81.93,40.3304,508.83,520,20.3519,521.57,492.83,16.3118
86.675,57.6,4.825,57.5625,288.5625,359.371,573.35,2.6006,4.5675,174.0825,343.02,72.293,710.08,19.4458,600.12,600.12,9.9827,66.2322,76.7875,2.6006,4.5675,11.126,15.7307,9.1118,174.076,343.02,710.08,65.502,32.345,45.714,9.591,3.642,12.177,45.714,24.956,14.6338,0.1724,0.1285,0.1315,0.129,0.2089,0.1315,0.1976,0.1248,528.2,294.6,383.55,84.6075,85.1175,85.2825,82.335,83.49,81.9525,40.3642,508.92,520,20.3523,521.48,492.77,16.3131
86.475,57.5625,4.8234,57.6,288.5625,359.8187,573.7,2.6,4.565,173.1915,343.02,72.2929,710.08,19.4461,600.06,600.06,9.9826,66.2321,76.789,2.6,4.565,11.1296,15.7307,9.1108,173.194,343.02,710.08,65.5214,32.355,45.558,9.59,3.69,12.177,45.558,24.956,14.6318,0.1725,0.1286,0.1316,0.1291,0.209,0.1315,0.1978,0.1249,528.28,294.6,383.55,84.5625,85.1175,85.2675,82.38,83.505,81.96,40.394,509.04,520,20.3528,521.39,492.68,16.3145
86.225,57.6,4.8234,57.5625,287.73,359.1299,573.4,2.6,4.565,173.8395,343.02,72.2928,710.08,19.4451,600.12,600.12,9.9825,66.232,76.789,2.6,4.565,11.1269,15.7307,9.1108,173.838,343.02,710.08,65.4914,32.36,45.606,9.592,3.696,12.177,45.606,24.912,14.6385,0.1722,0.1286,0.1316,0.1291,0.209,0.1316,0.1978,0.1249,528.4,294.6,383.55,84.5625,85.1475,85.305,82.395,83.55,81.945,40.4307,509.1,520,20.3532,521.33,492.62,16.3158
86.0,57.5625,4.0734,57.525,288.27,359.3365,573.6,2.6,4.565,173.583,343.02,72.2927,710.08,19.4453,600.06,600.06,9.9824,66.2319,76.789,2.6,4.565,11.1267,15.7307,9.1108,173.572,343.02,710.08,65.462,32.365,45.546,9.592,3.665,12.176,45.546,24.912,14.6368,0.1717,0.1286,0.1316,0.1291,0.209,0.1316,0.1978,0.1249,528.48,294.6,383.55,84.5625,85.155,85.305,82.3425,83.58,81.93,40.4598,509.22,520,20.3536,521.24,492.53,16.3065
86.475,57.6375,4.7,57.6,288.36,359.2332,573.35,2.6,4.5625,173.934,342.99,72.2926,710.08,19.4451,600.06,600.06,9.9823,66.2318,76.789,2.6,4.5625,11.1266,15.7307,9.1108,173.936,342.99,710.08,65.4332,32.37,45.486,9.593,3.631,12.176,45.486,24.8955,14.6351,0.1716,0.1286,0.1316,0.1291,0.2091,0.1316,0.1979,0.1249,528.56,294.55,383.55,84.525,85.14,85.26,82.3125,83.6175,81.9375,40.4958,509.28,520,20.354,521.18,492.47,16.3071
86.2,57.6,4.7,57.525,288.1125,359.5432,574.0,2.5998,4.5625,174.0015,342.99,72.2931,710.0,19.4456,600.0,600.0,9.9822,66.2318,76.7898,2.5998,4.5625,11.1264,15.7307,9.1108,174.006,342.99,710.0,65.4051,32.375,45.366,9.594,3.622,12.178,45.366,24.868,14.6335,0.1718,0.1286,0.1317,0.1292,0.2093,0.1317,0.198,0.125,528.64,294.6,383.55,84.54,85.125,85.2675,82.2975,83.58,81.9675,40.5353,509.31,520,20.3544,521.09,492.38,16.3078
86.775,57.525,4.3672,57.5625,287.91,359.371,573.75,2.5998,4.56,173.988,342.99,72.2931,710.0,19.4463,599.94,599.94,9.9822,66.2317,76.79,2.5998,4.56,11.1262,15.7307,9.1108,173.992,342.99,710.0,65.3776,32.38,45.216,9.597,3.636,12.177,45.216,24.8295,14.6318,0.1722,0.1287,0.1317,0.1292,0.2094,0.1317,0.1982,0.1251,528.68,294.55,383.55,84.5325,85.14,85.26,82.245,83.5875,81.9525,40.5748,509.34,520,20.3548,521.03,492.32,16.3085
86.075,57.6,4.5797,57.6,287.8875,359.061,573.4,2.5996,4.5575,173.6235,342.96,72.2931,710.0,19.4473,599.88,599.88,9.9821,66.2316,76.791,2.5996,4.5575,11.126,15.7307,9.1102,173.628,342.96,710.0,65.3507,32.385,45.066,9.6,3.656,12.178,45.066,24.769,14.6301,0.1724,0.1288,0.1318,0.1293,0.2095,0.1318,0.1983,0.1251,528.72,294.55,383.55,84.4875,85.155,85.29,82.2225,83.6025,81.915,40.6103,509.4,520,20.3553,520.94,492.26,16.3091
86.075,57.525,4.3125,57.6,287.8425,359.2676,573.85,2.5996,4.5575,173.7585,342.96,72.2937,709.92,19.4478,599.88,599.88,9.9827,66.2315,76.7915,2.5996,4.5575,11.1259,15.7307,9.1096,173.754,342.96,709.92,65.3245,32.39,45.036,9.603,3.667,12.177,45.036,24.703,14.6285,0.1723,0.1288,0.1319,0.1293,0.2096,0.1318,0.1983,0.1252,528.76,294.55,383.5,84.45,85.1775,85.32,82.2675,83.6325,81.9675,40.6494,509.43,520,20.3557,520.88,492.17,16.3098
86.475,57.5625,4.5906,57.5625,288.135,359.8187,573.1,2.6,4.555,173.367,342.96,72.2938,709.92,19.4483,599.88,599.88,9.9829,66.2314,76.7905,2.6,4.555,11.1257,15.7307,9.1102,173.376,342.96,709.92,65.2989,32.395,45.006,9.606,3.657,12.177,45.006,24.6645,14.6268,0.1721,0.1288,0.1319,0.1293,0.2095,0.1318,0.1984,0.1252,528.8,294.55,383.5,84.48,85.1625,85.3125,82.305,83.625,82.005,40.6808,509.52,520,20.3561,520.79,492.11,16.2998
86.675,57.525,4.3719,57.6,287.73,359.612,573.65,2.6,4.5575,173.9475,342.96,72.2939,709.92,19.4473,600.0,600.0,9.9823,66.2313,76.7905,2.6,4.5575,11.1255,15.7307,9.1108,173.95,342.96,709.92,65.2739,32.4,45.312,9.609,3.637,12.177,45.312,24.6315,14.6337,0.1717,0.1288,0.1318,0.1293,0.2094,0.1318,0.1981,0.1251,528.88,294.55,383.5,84.525,85.1625,85.29,82.3425,83.595,81.9675,40.7157,509.58,520,20.3565,520.73,492.05,16.2998
86.075,57.6,4.1266,57.5625,288.4725,358.8888,573.85,2.6002,4.56,174.069,342.99,72.2934,710.0,19.4466,600.06,600.06,9.9822,66.2312,76.7898,2.6002,4.56,11.1254,15.7307,9.1108,174.076,342.99,710.0,65.2495,32.405,45.474,9.606,3.615,12.176,45.474,24.714,14.6324,0.1716,0.1287,0.1318,0.1292,0.2092,0.1318,0.1979,0.1251,528.96,294.55,383.5,84.5475,85.17,85.32,82.3575,83.5575,81.99,40.7465,509.67,520,20.3569,520.64,491.96,16.2998
86.65,57.525,4.7516,57.5625,288.1575,359.4054,573.0,2.6004,4.5625,174.2715,342.99,72.2934,710.0,19.4463,600.06,600.06,9.9822,66.2312,76.7888,2.6004,4.5625,11.1259,15.7307,9.1113,174.272,342.99,710.0,65.2258,32.41,45.522,9.604,3.616,12.177,45.522,24.8075,14.631,0.1721,0.1286,0.1317,0.1292,0.2092,0.1317,0.1979,0.125,529.08,294.5,383.5,84.5325,85.1775,85.335,82.3425,83.55,82.0275,40.777,509.76,520,20.3573,520.58,491.9,16.2998
86.175,57.6,4.4516,57.525,288.495,359.3021,573.55,2.6004,4.5625,173.3265,342.99,72.2934,710.0,19.4461,600.06,600.06,9.9821,66.2311,76.7883,2.6004,4.5625,11.126,15.7307,9.1113,173.334,342.99,710.0,65.2532,32.42,45.48,9.602,3.652,12.178,45.48,24.8625,14.6296,0.1727,0.1287,0.1317,0.1292,0.2091,0.1317,0.1979,0.125,529.16,294.5,383.45,84.585,85.1775,85.3275,82.38,83.5725,82.0125,40.7996,509.91,520,20.3577,520.52,491.84,16.2998
86.275,57.5625,4.6813,57.5625,288.0,359.7154,573.75,2.5998,4.5625,174.0015,342.99,72.2928,710.08,19.4458,600.06,600.06,9.982,66.231,76.79,2.5998,4.5625,11.1261,15.7307,9.1108,174.006,342.99,710.08,65.2314,32.425,45.528,9.602,3.703,12.178,45.528,24.8845,14.6282,0.1731,0.1287,0.1317,0.1291,0.2091,0.1316,0.1979,0.125,529.32,294.5,383.45,84.5925,85.14,85.2825,82.41,83.58,82.0425,40.8253,510.03,520,20.3582,520.43,491.78,16.2891
86.6,57.6,4.6813,57.5625,287.685,359.4743,573.45,2.6,4.5625,173.178,342.99,72.2927,710.08,19.4456,600.06,600.06,9.9819,66.2309,76.7895,2.6,4.5625,11.1262,15.7307,9.1108,173.18,342.99,710.08,65.2607,32.435,45.492,9.601,3.734,12.178,45.492,24.9065,14.6268,0.1732,0.1287,0.1317,0.1291,0.2091,0.1316,0.1979,0.1249,529.4,294.5,383.4,84.63,85.1325,85.2825,82.4325,83.58,82.0875,40.8468,510.18,520,20.3586,520.37,491.69,16.2885
86.725,57.5625,4.6531,57.5625,287.685,359.1643,572.95,2.6,4.565,173.718,343.02,72.2926,710.08,19.4446,600.12,600.12,9.9818,66.2308,76.7895,2.6,4.565,11.1263,15.7307,9.1113,173.726,343.02,710.08,65.2407,32.44,45.66,9.601,3.74,12.178,45.66,24.923,14.634,0.1729,0.1286,0.1316,0.1291,0.209,0.1316,0.1978,0.1249,529.56,294.45,383.4,84.6075,85.0875,85.2375,82.4475,83.61,82.11,40.8714,510.3,520,20.359,520.31,491.63,16.2878
86.05,57.5625,4.3953,57.6,288.2025,359.4398,573.8,2.6006,4.565,173.8125,343.02,72.2924,710.08,19.4441,600.12,600.12,9.9817,66.2307,76.7873,2.6006,4.565,11.1263,15.7307,9.1118,173.824,343.02,710.08,65.272,32.45,45.732,9.598,3.726,12.178,45.732,24.9835,14.6329,0.1727,0.1286,0.1316,0.129,0.209,0.1315,0.1977,0.1249,529.72,294.45,383.4,84.585,85.0725,85.245,82.395,83.565,82.08,40.8918,510.45,520,20.3594,520.25,491.57,16.2871
86.625,57.5625,4.3953,57.5625,287.8875,359.1988,573.0,2.6002,4.5675,173.826,343.02,72.2923,710.08,19.4436,600.12,600.12,9.9817,66.2299,76.788,2.6002,4.5675,11.1264,15.7307,9.1113,173.824,343.02,710.08,65.2539,32.455,45.732,9.597,3.715,12.179,45.732,25.0385,14.6318,0.1728,0.1285,0.1315,0.129,0.209,0.1315,0.1977,0.1248,529.84,294.45,383.35,84.5775,85.0875,85.275,82.395,83.55,82.0725,40.9154,510.57,520,20.3598,520.16,491.51,16.2865
86.9,57.5625,3.8891,57.5625,287.955,358.7855,573.2,2.6002,4.5675,174.204,343.02,72.2922,710.08,19.4453,599.94,599.94,9.9816,66.2296,76.7878,2.6002,4.5675,11.1265,15.7307,9.1113,174.216,343.02,710.08,65.287,32.465,45.69,9.596,3.723,12.18,45.69,25.0715,14.6307,0.1731,0.1286,0.1315,0.129,0.209,0.1315,0.1978,0.1248,530.0,294.4,383.35,84.6225,85.0575,85.29,82.3725,83.4975,82.0725,40.9422,510.66,520,20.3602,520.1,491.45,16.2751
86.5,57.6,4.3859,57.6,287.55,359.0955,573.05,2.6002,4.5675,174.015,343.02,72.2921,710.08,19.4463,599.88,599.88,9.9815,66.2292,76.7875,2.6002,4.5675,11.1266,15.7307,9.1113,174.006,343.02,710.08,65.2707,32.47,45.552,9.595,3.746,12.18,45.552,25.0825,14.6382,0.1734,0.1286,0.1316,0.129,0.2092,0.1315,0.1979,0.1248,530.08,294.4,383.35,84.5775,85.02,85.29,82.3725,83.5275,82.095,40.9687,510.75,520,20.3607,520.04,491.39,16.2738
86.65,57.6,4.3859,57.525,287.9325,359.3365,573.05,2.6,4.565,173.664,343.02,72.2919,710.08,19.4476,599.82,599.82,9.9814,66.2297,76.788,2.6,4.565,11.1266,15.7307,9.1102,173.67,343.02,710.08,65.3057,32.48,45.402,9.597,3.77,12.181,45.402,25.0605,14.6374,0.1736,0.1287,0.1316,0.1291,0.2093,0.1316,0.1981,0.1249,530.16,294.4,383.3,84.5475,84.9825,85.2525,82.35,83.49,82.125,40.9948,510.84,520,20.3611,519.98,491.33,16.2725
86.025,57.6,4.2438,57.5625,287.865,359.1643,573.5,2.6,4.5625,173.9205,342.99,72.2918,710.08,19.4468,599.94,599.94,9.9813,66.2303,76.788,2.6,4.5625,11.1267,15.7307,9.1102,173.922,342.99,710.08,65.342,32.49,45.294,9.599,3.78,12.181,45.294,25.011,14.6365,0.1736,0.1287,0.1317,0.1291,0.2094,0.1316,0.1982,0.125,530.28,294.35,383.3,84.54,84.96,85.29,82.32,83.5125,82.0725,41.0243,510.9,520,20.3615,519.92,491.27,16.2711
86.175,57.525,4.1469,57.5625,287.9775,358.8199,572.75,2.5998,4.5625,173.8125,342.99,72.2923,710.0,19.4478,599.88,599.88,9.9812,66.2305,76.7888,2.5998,4.5625,11.1268,15.7307,9.1096,173.81,342.99,710.0,65.3289,32.495,45.162,9.602,3.771,12.183,45.162,24.9505,14.6357,0.1734,0.1288,0.1317,0.1292,0.2095,0.1317,0.1983,0.125,530.32,294.35,383.3,84.54,84.9975,85.2825,82.2825,83.5575,82.065,41.0535,510.96,520,20.3619,519.86,491.21,16.2698
86.925,57.5625,4.1469,57.5625,288.18,359.612,572.8,2.5996,4.56,174.2985,342.99,72.2923,710.0,19.4491,599.82,599.82,9.9819,66.2307,76.7898,2.5996,4.56,11.1269,15.7307,9.1096,174.3,342.99,710.0,65.367,32.505,45.054,9.605,3.752,12.183,45.054,24.89,14.6349,0.1732,0.1288,0.1318,0.1292,0.2098,0.1318,0.1984,0.1251,530.4,294.35,383.25,84.5925,85.005,85.2675,82.32,83.58,82.0275,41.0901,510.96,520,20.3623,519.8,491.15,16.2685
86.525,57.6375,4.8266,57.5625,288.1125,359.4743,572.8,2.5996,4.5575,173.907,342.96,72.293,709.92,19.4506,599.76,599.76,9.9821,66.2301,76.7903,2.5996,4.5575,11.127,15.7307,9.1102,173.908,342.96,709.92,65.3557,32.51,44.892,9.608,3.734,12.184,44.892,24.8295,14.634,0.1732,0.1289,0.1319,0.1293,0.2098,0.1318,0.1986,0.1252,530.4,294.3,383.2,84.615,85.0575,85.2375,82.29,83.6175,82.0125,41.1266,510.96,520,20.3627,519.74,491.09,16.2565
86.8,57.5625,3.9359,57.5625,288.135,358.8888,572.85,2.5994,4.555,174.0555,342.96,72.2931,709.92,19.4516,599.76,599.76,9.9822,66.23,76.7915,2.5994,4.555,11.127,15.7314,9.1096,174.048,342.96,709.92,65.3958,32.52,44.79,9.613,3.726,12.184,44.79,24.758,14.6418,0.1732,0.129,0.1319,0.1294,0.21,0.1319,0.1987,0.1252,530.4,294.3,383.2,84.6375,85.0425,85.275,82.2975,83.595,82.0275,41.1631,510.96,520,20.3632,519.68,491.03,16.2545
86.5,57.525,4.7281,57.525,288.18,358.7511,573.4,2.5992,4.5525,173.4075,342.93,72.2938,709.84,19.4533,599.7,599.7,9.9824,66.2307,76.793,2.5992,4.5525,11.1271,15.7317,9.1091,173.418,342.93,709.84,65.3864,32.525,44.706,9.617,3.722,12.184,44.706,24.6975,14.6413,0.1732,0.129,0.132,0.1294,0.21,0.132,0.1988,0.1253,530.4,294.3,383.15,84.585,85.0275,85.26,82.3275,83.565,82.065,41.1921,511.02,520,20.3636,519.62,491.0,16.2525
86.25,57.5625,4.3156,57.525,287.9775,358.7511,573.25,2.6,4.5575,173.8125,342.96,72.2934,709.92,19.4501,600.06,600.06,9.9818,66.2301,76.791,2.6,4.5575,11.1272,15.7319,9.1102,173.824,342.96,709.92,65.3776,32.53,45.336,9.621,3.719,12.184,45.336,24.648,14.6407,0.1727,0.1288,0.1319,0.1293,0.2094,0.1318,0.1982,0.1251,530.44,294.25,383.15,84.555,85.0275,85.29,82.32,83.52,82.0275,41.2171,511.11,520,20.364,519.56,490.94,16.2505
86.775,57.525,4.3156,57.5625,287.7075,359.5776,573.05,2.6004,4.565,174.042,342.99,72.2923,710.08,19.4476,600.24,600.24,9.9817,66.2307,76.7895,2.6004,4.565,11.1273,15.7322,9.1108,174.034,342.99,710.08,65.3695,32.535,45.774,9.615,3.692,12.187,45.774,24.802,14.6401,0.1724,0.1286,0.1317,0.1291,0.209,0.1317,0.1978,0.1249,530.56,294.25,383.1,84.5175,85.0725,85.2675,82.305,83.565,82.0725,41.2343,511.26,520,20.3644,519.5,490.88,16.2485
86.275,57.6,4.4313,57.5625,287.685,358.9577,573.35,2.6008,4.57,173.934,343.05,72.2916,710.16,19.4451,600.36,600.36,9.9809,66.2294,76.7875,2.6008,4.57,11.1273,15.7324,9.1124,173.936,343.05,710.16,65.4126,32.545,46.158,9.607,3.679,12.188,46.158,25.0165,14.6396,0.1726,0.1284,0.1315,0.1289,0.2086,0.1314,0.1974,0.1247,530.72,294.2,383.1,84.525,85.0275,85.2225,82.335,83.5125,82.0275,41.2433,511.47,520,20.3648,519.44,490.82,16.2465
86.025,57.525,4.5516,57.6,287.7075,358.6478,573.05,2.6012,4.575,174.0555,343.08,72.2907,710.24,19.4413,600.54,600.54,9.9806,66.2291,76.785,2.6012,4.575,11.1274,15.7327,9.1129,174.048,343.08,710.24,65.4064,32.55,46.506,9.598,3.718,12.188,46.506,25.242,14.6476,0.1733,0.1283,0.1313,0.1287,0.2083,0.1312,0.197,0.1245,530.92,294.2,383.05,84.555,85.0275,85.2375,82.3725,83.4975,81.9975,41.2477,511.71,520,20.3652,519.38,490.76,16.2338
86.725,57.5625,4.7766,57.6,287.91,359.3365,573.2,2.601,4.58,174.1905,343.11,72.2897,710.32,19.4398,600.48,600.48,9.9795,66.228,76.7843,2.601,4.58,11.1275,15.7329,9.1135,174.188,343.11,710.32,65.4514,32.56,46.8,9.589,3.788,12.189,46.8,25.451,14.6474,0.174,0.1282,0.1311,0.1285,0.2081,0.131,0.1968,0.1243,531.16,294.15,383.0,84.57,85.065,85.2075,82.3575,83.5275,81.96,41.2511,511.95,520,20.3656,519.32,490.7,16.2311
86.175,57.6,4.1422,57.525,287.3475,359.2332,572.95,2.6014,4.585,173.259,343.14,72.2886,710.4,19.4371,600.54,600.54,9.9789,66.2282,76.7815,2.6014,4.585,11.1276,15.7332,9.1135,173.264,343.14,710.4,65.4976,32.57,47.034,9.581,3.856,12.188,47.034,25.638,14.6471,0.1745,0.1281,0.1309,0.1284,0.2077,0.1309,0.1965,0.1242,531.44,294.15,383.0,84.57,85.11,85.17,82.305,83.5125,81.945,41.2423,512.28,520,20.3661,519.29,490.67,16.2285
86.625,57.5625,4.1422,57.6,287.4375,359.0266,573.25,2.6016,4.59,174.258,343.17,72.2873,710.48,19.4356,600.48,600.48,9.9783,66.2271,76.779,2.6016,4.59,11.1277,15.7334,9.114,174.258,343.17,710.48,65.5957,32.585,47.28,9.572,3.905,12.191,47.28,25.803,14.6468,0.1747,0.128,0.1308,0.1282,0.2076,0.1307,0.1963,0.124,531.76,294.1,382.95,84.57,85.14,85.2225,82.29,83.505,81.9525,41.2434,512.52,520,20.3665,519.23,490.61,16.2258
86.725,57.525,4.75,57.6,288.18,358.9233,573.2,2.6014,4.5925,174.366,343.2,72.2872,710.4,19.4351,600.36,600.36,9.9785,66.2265,76.7778,2.6014,4.5925,11.1277,15.7337,9.114,174.356,343.2,710.4,65.6451,32.595,47.43,9.563,3.931,12.192,47.43,25.957,14.6465,0.1748,0.1278,0.1306,0.1281,0.2074,0.1306,0.1961,0.1239,532.04,294.1,382.95,84.6075,85.14,85.2675,82.29,83.49,81.915,41.2398,512.79,520,20.3669,519.17,490.55,16.2231
86.85,57.6,4.75,57.5625,288.1575,358.8199,572.7,2.6016,4.5975,174.3795,343.23,72.286,710.48,19.4328,600.42,600.42,9.9774,66.2259,76.7753,2.6016,4.5975,11.1278,15.7339,9.114,174.384,343.23,710.48,65.6957,32.605,47.514,9.556,3.948,12.192,47.514,26.1055,14.6549,0.1749,0.1277,0.1305,0.128,0.2074,0.1305,0.1961,0.1238,532.28,294.05,382.9,84.5925,85.095,85.275,82.305,83.5275,81.9375,41.2389,513.03,520,20.3673,519.14,490.52,16.2098
86.825,57.5625,4.6734,57.5625,288.0,358.5789,572.35,2.6012,4.5975,173.5965,343.23,72.2852,710.48,19.4311,600.42,600.42,9.9768,66.2253,76.7748,2.6012,4.5975,11.1279,15.7342,9.114,173.6,343.23,710.48,65.7982,32.62,47.538,9.549,3.964,12.193,47.538,26.2155,14.6549,0.175,0.1277,0.1305,0.1279,0.2073,0.1305,0.1961,0.1237,532.52,294.05,382.85,84.6,85.0575,85.3125,82.3425,83.4825,81.9525,41.2332,513.3,520,20.3677,519.08,490.46,16.2065
86.35,57.525,4.5344,57.5625,287.775,358.6822,572.55,2.6012,4.6,173.4615,343.23,72.2838,710.56,19.4293,600.42,600.42,9.9762,66.224,76.7733,2.6012,4.6,11.128,15.7344,9.114,173.46,343.23,710.56,65.852,32.63,47.562,9.544,3.98,12.193,47.562,26.2925,14.6549,0.1751,0.1277,0.1304,0.1279,0.2072,0.1304,0.1961,0.1237,532.8,294.0,382.8,84.5775,85.035,85.2675,82.3275,83.49,81.99,41.2303,513.54,520,20.3681,519.05,490.43,16.2031
86.825,57.6,4.5078,57.525,287.91,359.1299,572.3,2.6012,4.6,173.4885,343.26,72.283,710.56,19.4291,600.3,600.3,9.9757,66.2232,76.7718,2.6012,4.6,11.128,15.7347,9.114,173.488,343.26,710.56,65.907,32.64,47.568,9.539,3.989,12.195,47.568,26.331,14.6549,0.1751,0.1276,0.1304,0.1278,0.2072,0.1304,0.1961,0.1236,533.08,293.95,382.8,84.5475,85.08,85.305,82.3425,83.4975,81.9675,41.2263,513.78,520,20.3686,518.99,490.37,16.1998
86.2,57.6,4.4781,57.6,287.8875,358.4756,572.55,2.6008,4.6,173.637,343.26,72.2821,710.56,19.4286,600.24,600.24,9.9751,66.2223,76.7718,2.6008,4.6,11.1281,15.7349,9.114,173.628,343.26,710.56,66.0139,32.655,47.544,9.536,3.992,12.195,47.544,26.3695,14.6549,0.1751,0.1276,0.1304,0.1278,0.2073,0.1304,0.1961,0.1236,533.32,293.95,382.75,84.585,85.035,85.32,82.3725,83.4525,81.9825,41.2251,513.99,520,20.369,518.96,490.34,16.1965
86.8,57.6,4.7781,57.6,287.2575,359.3021,572.3,2.6008,4.6,173.934,343.26,72.2825,710.4,19.4298,600.06,600.06,9.9752,66.2223,76.7708,2.6008,4.6,11.1282,15.7352,9.1129,173.936,343.26,710.4,66.072,32.665,47.478,9.534,3.992,12.196,47.478,26.386,14.6549,0.1751,0.1276,0.1304,0.1278,0.2074,0.1304,0.1961,0.1236,533.56,293.9,382.7,84.5625,85.05,85.305,82.4175,83.445,81.9525,41.2306,514.14,520,20.3694,518.9,490.31,16.1931
86.0,57.5625,4.5391,57.5625,287.145,359.2676,572.5,2.6008,4.6,173.772,343.23,72.2818,710.4,19.4296,600.06,600.06,9.9749,66.2217,76.7698,2.6008,4.6,11.1283,15.7354,9.1135,173.768,343.23,710.4,66.1314,32.675,47.364,9.533,3.992,12.197,47.364,26.3915,14.6635,0.1751,0.1277,0.1304,0.1279,0.2075,0.1304,0.1963,0.1237,533.72,293.85,382.65,84.5475,85.0425,85.26,82.3875,83.4225,81.9975,41.2355,514.29,520,20.3698,518.87,490.28,16.1791
86.725,57.6,4.5406,57.6,287.9775,358.3723,572.4,2.6006,4.5975,173.826,343.23,72.2812,710.4,19.4301,600.0,600.0,9.9746,66.2211,76.7695,2.6006,4.5975,11.1284,15.7357,9.1129,173.824,343.23,710.4,66.192,32.685,47.22,9.533,3.992,12.197,47.22,26.3695,14.6638,0.1751,0.1277,0.1305,0.1279,0.2077,0.1305,0.1964,0.1237,533.84,293.85,382.6,84.5475,85.065,85.2675,82.425,83.4225,82.0425,41.2473,514.38,520,20.3702,518.84,490.22,16.1751
86.05,57.6,3.8969,57.525,288.0,358.9577,573.05,2.6004,4.595,174.3525,343.23,72.2812,710.32,19.4316,599.88,599.88,9.9742,66.2213,76.7695,2.6004,4.595,11.1284,15.7329,9.1129,174.356,343.23,710.32,66.2539,32.695,47.04,9.535,3.99,12.198,47.04,26.3255,14.664,0.1751,0.1278,0.1306,0.128,0.2079,0.1306,0.1966,0.1238,533.96,293.8,382.55,84.555,85.065,85.3125,82.4175,83.3925,82.0425,41.2625,514.44,520,20.3706,518.81,490.19,16.1711
86.05,57.6,3.8969,57.6,287.2125,358.8888,572.7,2.5998,4.5925,173.8935,343.2,72.2813,710.24,19.4328,599.82,599.82,9.9747,66.2209,76.7713,2.5998,4.5925,11.1285,15.7322,9.1118,173.894,343.2,710.24,66.317,32.705,46.8,9.538,3.983,12.201,46.8,26.2485,14.6643,0.1751,0.1279,0.1307,0.1281,0.2081,0.1306,0.1969,0.1239,534.0,293.75,382.5,84.585,85.065,85.275,82.4475,83.3925,82.035,41.2812,514.47,520,20.3711,518.75,490.16,16.1671
86.975,57.6,4.3891,57.525,287.82,358.4067,572.65,2.5996,4.59,173.124,343.17,72.281,710.24,19.4328,599.88,599.88,9.9753,66.2206,76.7723,2.5996,4.59,11.1286,15.7314,9.1113,173.124,343.17,710.24,66.3814,32.715,46.56,9.542,3.973,12.202,46.56,26.1495,14.6646,0.175,0.128,0.1308,0.1282,0.2082,0.1307,0.1971,0.124,534.04,293.7,382.45,84.615,85.05,85.29,82.4775,83.385,81.9975,41.296,514.53,520,20.3715,518.72,490.13,16.1631
86.55,57.525,4.7922,57.6,287.64,358.8888,572.25,2.5994,4.585,174.0285,343.14,72.2812,710.16,19.4341,599.82,599.82,9.9755,66.2203,76.7735,2.5994,4.585,11.1287,15.7337,9.1108,174.034,343.14,710.16,66.447,32.725,46.362,9.548,3.958,12.202,46.362,26.034,14.6735,0.1749,0.1281,0.1309,0.1283,0.2086,0.1309,0.1973,0.1242,534.08,293.7,382.4,84.5925,85.0275,85.2525,82.5,83.4375,82.035,41.3219,514.5,520,20.3719,518.69,490.1,16.1591
86.325,57.5625,4.0766,57.6,287.6175,358.8199,572.2,2.5996,4.5825,173.9745,343.11,72.2816,710.08,19.4363,599.7,599.7,9.9757,66.2207,76.7735,2.5996,4.5825,11.1288,15.7339,9.1108,173.978,343.11,710.08,66.5139,32.735,46.11,9.553,3.935,12.203,46.11,25.913,14.674,0.1747,0.1282,0.131,0.1285,0.2089,0.131,0.1976,0.1243,534.08,293.65,382.35,84.585,85.005,85.2825,82.44,83.4075,82.035,41.3516,514.44,520,20.3723,518.66,490.04,16.1445
86.2,57.5625,4.0766,57.5625,287.8425,358.4411,571.9,2.5992,4.5775,173.8935,343.08,72.2821,710.0,19.4398,599.52,599.52,9.9758,66.2206,76.7755,2.5992,4.5775,11.1288,15.7342,9.1096,173.894,343.08,710.0,66.5314,32.74,45.726,9.561,3.912,12.204,45.726,25.792,14.6746,0.1747,0.1284,0.1312,0.1286,0.2093,0.1312,0.198,0.1245,534.0,293.6,382.3,84.63,85.0275,85.275,82.4625,83.3925,82.065,41.3854,514.35,520,20.3727,518.63,490.01,16.1398
86.1,57.525,4.4641,57.6,287.64,358.6133,572.3,2.599,4.5725,173.4345,343.05,72.2827,709.92,19.4433,599.4,599.4,9.976,66.2213,76.7773,2.599,4.5725,11.1289,15.7344,9.1091,173.432,343.05,709.92,66.6001,32.75,45.312,9.57,3.897,12.207,45.312,25.6105,14.6751,0.1748,0.1286,0.1314,0.1288,0.2096,0.1314,0.1984,0.1247,533.92,293.6,382.25,84.66,85.005,85.32,82.4925,83.43,82.0275,41.4195,514.26,520,20.3731,518.57,489.98,16.1351
86.225,57.6,3.8547,57.5625,287.775,358.8544,572.1,2.5986,4.565,173.7585,343.02,72.2841,709.76,19.4458,599.4,599.4,9.9769,66.2214,76.78,2.5986,4.565,11.129,15.7347,9.1086,173.754,343.02,709.76,66.6195,32.755,44.964,9.581,3.885,12.208,44.964,25.4015,14.6843,0.1746,0.1287,0.1316,0.1291,0.21,0.1316,0.1988,0.1249,533.84,293.55,382.2,84.6825,84.9675,85.3425,82.47,83.4075,82.0125,41.4615,514.11,520,20.3735,518.54,489.95,16.1305
86.05,57.5625,3.8547,57.6,287.1675,359.1299,572.15,2.5986,4.56,173.205,342.96,72.2851,709.68,19.4498,599.28,599.28,9.9773,66.2223,76.7818,2.5986,4.56,11.1291,15.7349,9.108,173.208,342.96,709.68,66.6901,32.765,44.64,9.592,3.86,12.209,44.64,25.198,14.6851,0.1744,0.1289,0.1318,0.1292,0.2102,0.1318,0.1991,0.1251,533.68,293.5,382.15,84.675,84.975,85.3425,82.455,83.46,81.99,41.5003,513.99,520,20.374,518.51,489.92,16.1258
86.025,57.6,4.5953,57.6,287.235,358.5789,572.15,2.5988,4.56,173.556,342.99,72.2856,709.68,19.4491,599.58,599.58,9.9777,66.2228,76.7828,2.5988,4.56,11.1291,15.7352,9.108,173.558,342.99,709.68,66.6608,32.765,45.096,9.604,3.824,12.211,45.096,25.0,14.686,0.1735,0.1288,0.1318,0.1292,0.2098,0.1318,0.1987,0.1251,533.52,293.45,382.1,84.6375,84.96,85.29,82.4775,83.49,82.035,41.5358,513.9,520,20.3744,518.48,489.89,16.1211
86.075,57.6,4.5953,57.6,287.82,359.0266,572.55,2.5994,4.565,174.096,342.99,72.2855,709.76,19.4471,599.88,599.88,9.9774,66.2224,76.782,2.5994,4.565,11.1292,15.7354,9.1091,174.104,342.99,709.76,66.682,32.77,45.402,9.604,3.76,12.213,45.402,25.0385,14.6868,0.1728,0.1287,0.1317,0.1291,0.2097,0.1317,0.1984,0.1249,533.44,293.4,382.05,84.66,84.9675,85.32,82.425,83.4675,82.0575,41.568,513.84,520,20.3748,518.42,489.86,16.1165
86.375,57.525,4.6078,57.6,287.775,358.4067,572.55,2.5996,4.5675,173.745,343.02,72.284,710.0,19.4468,599.94,599.94,9.9776,66.2226,76.782,2.5996,4.5675,11.1293,15.7357,9.1096,173.74,343.02,710.0,66.7039,32.775,45.54,9.603,3.715,12.215,45.54,25.154,14.6876,0.1731,0.1286,0.1316,0.129,0.2094,0.1315,0.1982,0.1248,533.4,293.4,382.0,84.63,84.9675,85.35,82.425,83.5125,82.08,41.5929,513.84,520,20.3752,518.39,489.8,16.1011
86.525,57.6,4.7891,57.5625,286.965,358.6478,571.8,2.5998,4.57,173.8125,343.02,72.284,710.0,19.4463,600.0,600.0,9.9777,66.2228,76.7818,2.5998,4.57,11.1294,15.7329,9.1096,173.81,343.02,710.0,66.7264,32.78,45.714,9.601,3.739,12.215,45.714,25.264,14.6885,0.1738,0.1286,0.1315,0.1289,0.2093,0.1314,0.1981,0.1248,533.4,293.35,381.95,84.585,84.975,85.335,82.4475,83.4975,82.0575,41.614,513.87,520,20.3756,518.36,489.77,16.0958
86.25,57.6,4.7891,57.525,286.8975,358.6822,572.6,2.6,4.5725,174.204,343.05,72.2833,710.08,19.4456,600.06,600.06,9.9779,66.2229,76.7812,2.6,4.5725,11.1295,15.7322,9.1102,174.202,343.05,710.08,66.7495,32.785,45.87,9.599,3.806,12.216,45.87,25.3575,14.6893,0.1745,0.1285,0.1314,0.1288,0.2092,0.1314,0.1979,0.1247,533.44,293.3,381.9,84.555,85.0275,85.305,82.4625,83.475,82.0275,41.635,513.9,520,20.376,518.33,489.74,16.0905
86.2,57.5625,3.9547,57.6,287.37,358.8888,571.85,2.6,4.5725,174.231,343.05,72.2844,709.92,19.4453,600.06,600.06,9.9781,66.2223,76.7812,2.6,4.5725,11.1295,15.7314,9.1102,174.23,343.05,709.92,66.8239,32.795,45.984,9.596,3.868,12.217,45.984,25.4455,14.6987,0.1749,0.1285,0.1313,0.1288,0.2091,0.1313,0.1978,0.1246,533.44,293.25,381.85,84.51,85.05,85.26,82.425,83.43,82.0575,41.6522,513.96,520,20.3765,518.27,489.71,16.0851
86.375,57.5625,3.9547,57.6,287.685,359.0266,572.4,2.6002,4.575,174.366,343.08,72.2846,709.92,19.4443,600.12,600.12,9.9782,66.2223,76.7805,2.6002,4.575,11.1296,15.7337,9.1102,174.356,343.08,709.92,66.8489,32.8,46.044,9.594,3.907,12.218,46.044,25.5225,14.6999,0.1751,0.1285,0.1313,0.1287,0.209,0.1313,0.1978,0.1245,533.52,293.2,381.8,84.5475,85.005,85.305,82.4475,83.4525,82.0275,41.6728,513.99,520,20.3769,518.24,489.68,16.0798
86.5,57.6,3.9328,57.6,286.83,358.5789,571.75,2.6002,4.575,174.366,343.08,72.2841,710.0,19.4438,600.12,600.12,9.9784,66.2222,76.7803,2.6002,4.575,11.1297,15.7339,9.1108,174.37,343.08,710.0,66.9251,32.81,46.05,9.592,3.923,12.219,46.05,25.5775,14.701,0.1752,0.1285,0.1313,0.1287,0.209,0.1313,0.1978,0.1245,533.56,293.15,381.75,84.5625,85.005,85.35,82.395,83.4675,82.0275,41.6896,514.05,520,20.3773,518.21,489.62,16.0745
86.975,57.6,4.7125,57.525,287.64,358.1656,572.6,2.6002,4.575,174.015,343.08,72.2847,709.92,19.4441,600.06,600.06,9.9786,66.2221,76.78,2.6002,4.575,11.1298,15.7342,9.1108,174.02,343.08,709.92,67.0026,32.82,46.014,9.591,3.929,12.222,46.014,25.594,14.7021,0.1752,0.1285,0.1313,0.1287,0.209,0.1313,0.1978,0.1245,533.6,293.15,381.7,84.6075,84.99,85.3725,82.35,83.475,82.0125,41.7061,514.11,520,20.3777,518.18,489.59,16.0691
86.925,57.6,4.7125,57.5625,287.2125,358.2689,572.45,2.6002,4.575,173.3535,343.08,72.2848,709.92,19.4461,599.88,599.88,9.9787,66.222,76.7797,2.6002,4.575,11.1298,15.7344,9.1108,173.348,343.08,709.92,67.0308,32.825,45.966,9.591,3.932,12.222,45.966,25.583,14.7032,0.1753,0.1285,0.1313,0.1287,0.209,0.1313,0.1979,0.1246,533.68,293.1,381.6,84.6525,84.96,85.32,82.3575,83.5125,82.0275,41.7149,514.23,520,20.3781,518.15,489.56,16.0531
86.425,57.5625,4.3812,57.6,287.595,357.9934,572.25,2.6,4.5725,174.2175,343.05,72.2849,709.92,19.4466,599.88,599.88,9.9789,66.2219,76.7803,2.6,4.5725,11.1299,15.7347,9.1102,174.23,343.05,709.92,67.1101,32.835,45.948,9.592,3.934,12.224,45.948,25.5555,14.7043,0.1753,0.1285,0.1313,0.1288,0.2092,0.1313,0.1979,0.1246,533.8,293.05,381.55,84.615,84.9825,85.2825,82.3125,83.4675,81.9975,41.7344,514.26,520,20.3785,518.09,489.53,16.0471
86.3,57.6,4.3812,57.5625,287.415,358.6478,571.85,2.5996,4.5725,173.934,343.05,72.2851,709.92,19.4471,599.88,599.88,9.9791,66.2218,76.7818,2.5996,4.5725,11.13,15.7349,9.1096,173.936,343.05,709.92,67.1401,32.84,45.876,9.592,3.933,12.225,45.876,25.539,14.7054,0.1753,0.1285,0.1314,0.1288,0.2092,0.1314,0.1979,0.1246,533.84,293.0,381.5,84.645,84.9675,85.245,82.3275,83.4375,82.05,41.7501,514.32,520,20.379,518.06,489.5,16.0411
86.75,57.525,4.3031,57.525,287.1,358.9577,571.7,2.5994,4.5725,174.069,343.05,72.2852,709.92,19.4461,600.0,600.0,9.9792,66.2225,76.783,2.5994,4.5725,11.1301,15.7352,9.1096,174.076,343.05,709.92,67.1707,32.845,45.81,9.594,3.933,12.225,45.81,25.5225,14.7065,0.1753,0.1286,0.1314,0.1288,0.2093,0.1314,0.198,0.1246,533.88,292.95,381.45,84.645,84.945,85.215,82.365,83.43,82.05,41.7693,514.35,520,20.3794,518.03,489.47,16.0351
86.9,57.525,4.7109,57.6,287.4375,358.0623,572.0,2.6,4.57,174.2445,343.05,72.2853,709.92,19.4468,599.94,599.94,9.9794,66.2227,76.7815,2.6,4.57,11.1302,15.7354,9.1102,174.244,343.05,709.92,67.2526,32.855,45.726,9.595,3.934,12.226,45.726,25.495,14.7076,0.1754,0.1286,0.1314,0.1289,0.2094,0.1314,0.1981,0.1247,533.92,292.9,381.4,84.6675,84.96,85.26,82.3125,83.445,82.0275,41.7921,514.35,520,20.3798,518.0,489.44,16.0291
86.8,57.5625,4.7109,57.6,287.415,358.2,572.45,2.5998,4.57,174.096,343.05,72.2848,710.0,19.4471,599.94,599.94,9.9796,66.2228,76.7822,2.5998,4.57,11.1265,15.7357,9.1096,174.09,343.05,710.0,67.2851,32.86,45.618,9.597,3.934,12.228,45.618,25.4565,14.7087,0.1754,0.1287,0.1315,0.1289,0.2095,0.1314,0.1982,0.1247,533.92,292.85,381.3,84.66,84.9975,85.2525,82.335,83.4525,81.9975,41.8112,514.38,520,20.3802,517.97,489.41,16.0231
86.05,57.5625,3.9375,57.5625,286.74,358.51,572.25,2.5998,4.5675,174.1635,343.02,72.2848,710.0,19.4481,599.88,599.88,9.9797,66.223,76.7825,2.5998,4.5675,11.1253,15.7329,9.1096,174.16,343.02,710.0,67.3182,32.865,45.516,9.6,3.932,12.228,45.516,25.4125,14.7099,0.1754,0.1287,0.1315,0.1289,0.2096,0.1315,0.1983,0.1248,533.96,292.8,381.25,84.675,84.99,85.2225,82.3725,83.4825,82.0125,41.8339,514.38,520,20.3806,517.94,489.38,16.0171
86.525,57.5625,3.9375,57.5625,287.7075,358.4067,572.35,2.5996,4.5675,173.853,343.02,72.2848,710.0,19.4493,599.82,599.82,9.9799,66.2232,76.7835,2.5996,4.5675,11.1241,15.7322,9.1096,173.852,343.02,710.0,67.4026,32.875,45.408,9.602,3.927,12.229,45.408,25.3575,14.711,0.1754,0.1288,0.1316,0.129,0.2097,0.1315,0.1984,0.1248,533.92,292.75,381.2,84.645,85.035,85.2075,82.3275,83.49,82.065,41.8566,514.38,520,20.381,517.91,489.35,16.0005
86.9,57.6,4.1297,57.6,287.505,358.4411,572.1,2.5996,4.565,173.2455,343.02,72.2867,709.76,19.4501,599.82,599.82,9.9808,66.2233,76.784,2.5996,4.565,11.1267,15.7314,9.1091,173.25,343.02,709.76,67.4376,32.88,45.324,9.605,3.921,12.229,45.324,25.3025,14.7121,0.1753,0.1288,0.1316,0.1291,0.2097,0.1316,0.1985,0.1249,533.96,292.7,381.1,84.6675,85.05,85.215,82.35,83.4525,82.0725,41.8756,514.41,520,20.3814,517.88,489.32,15.9938
86.125,57.6,4.0703,57.5625,287.37,358.4756,571.85,2.5994,4.565,174.1365,342.99,72.287,709.76,19.4508,599.82,599.82,9.9812,66.2235,76.7853,2.5994,4.565,11.1268,15.7337,9.1091,174.146,342.99,709.76,67.4732,32.885,45.294,9.608,3.913,12.23,45.294,25.2475,14.7132,0.1752,0.1288,0.1317,0.1291,0.2098,0.1316,0.1985,0.1249,534.0,292.65,381.05,84.66,85.0725,85.215,82.2975,83.4525,82.08,41.8982,514.41,520,20.3819,517.85,489.29,15.9871
86.45,57.5625,4.3125,57.5625,287.46,358.4756,571.5,2.5994,4.5625,173.961,342.99,72.2874,709.76,19.4523,599.76,599.76,9.9817,66.2237,76.786,2.5994,4.5625,11.1306,15.7339,9.1091,173.95,342.99,709.76,67.5095,32.89,45.228,9.611,3.903,12.231,45.228,25.2035,14.7143,0.1752,0.1289,0.1317,0.1292,0.2098,0.1317,0.1986,0.125,533.96,292.6,381.0,84.645,85.035,85.185,82.335,83.4525,82.1025,41.9207,514.41,520,20.3823,517.82,489.26,15.9805
86.725,57.525,4.2156,57.5625,287.1,358.6822,571.55,2.5994,4.5625,173.3265,342.99,72.2865,709.92,19.4511,599.94,599.94,9.9813,66.2238,76.7868,2.5994,4.5625,11.1282,15.7342,9.1086,173.334,342.99,709.92,67.5464,32.895,45.174,9.614,3.897,12.232,45.174,25.176,14.7154,0.1752,0.1289,0.1317,0.1292,0.2098,0.1317,0.1987,0.125,533.96,292.55,380.95,84.6225,85.065,85.1625,82.365,83.505,82.125,41.9396,514.44,520,20.3827,517.76,489.23,15.9738
86.95,57.6,4.2156,57.6375,287.46,358.6133,571.4,2.5998,4.5625,173.7855,342.99,72.2873,709.84,19.4513,599.94,599.94,9.9815,66.224,76.786,2.5998,4.5625,11.1283,15.7344,9.1091,173.782,342.99,709.84,67.5839,32.9,45.18,9.616,3.897,12.232,45.18,25.143,14.7165,0.1752,0.1289,0.1318,0.1292,0.2099,0.1318,0.1987,0.125,534.0,292.5,380.85,84.6525,85.035,85.155,82.3725,83.5125,82.155,41.962,514.44,520,20.3831,517.73,489.2,15.9671
86.625,57.6,4.2828,57.5625,287.4375,358.1656,571.65,2.5998,4.5625,173.9745,342.99,72.2875,709.84,19.4523,599.88,599.88,9.9817,66.2242,76.7863,2.5998,4.5625,11.1246,15.7347,9.1091,173.978,342.99,709.84,67.622,32.905,45.18,9.617,3.897,12.233,45.18,25.121,14.7262,0.1753,0.1289,0.1318,0.1292,0.2099,0.1318,0.1987,0.125,534.0,292.45,380.8,84.69,85.005,85.1925,82.365,83.475,82.17,41.9845,514.44,520,20.3835,517.7,489.17,15.9605
86.925,57.5625,4.2922,57.5625,286.83,358.5789,571.5,2.5998,4.5625,174.096,342.99,72.2878,709.84,19.4528,599.88,599.88,9.9818,66.2243,76.7865,2.5998,4.5625,11.1272,15.7349,9.1091,174.104,342.99,709.84,67.6608,32.91,45.174,9.619,3.897,12.234,45.174,25.1155,14.7276,0.1753,0.1289,0.1318,0.1292,0.2099,0.1318,0.1987,0.125,534.0,292.4,380.7,84.6825,85.005,85.17,82.3275,83.4675,82.1325,42.007,514.44,520,20.3839,517.67,489.14,15.9538
86.35,57.5625,4.7578,57.6,286.9425,358.2689,571.95,2.5998,4.56,173.8395,342.99,72.288,709.84,19.4533,599.88,599.88,9.982,66.2245,76.7868,2.5998,4.56,11.1273,15.7352,9.1091,173.838,342.99,709.84,67.7001,32.915,45.168,9.62,3.9,12.235,45.168,25.1155,14.729,0.1754,0.1289,0.1318,0.1292,0.2099,0.1318,0.1987,0.125,534.0,292.35,380.65,84.705,85.0575,85.2225,82.2825,83.5125,82.1325,42.0257,514.47,520,20.3844,517.64,489.11,15.9365
86.0,57.6375,4.3859,57.525,287.6175,357.8212,572.2,2.5998,4.56,173.5155,342.99,72.2883,709.84,19.4538,599.88,599.88,9.9822,66.2247,76.787,2.5998,4.56,11.1311,15.7354,9.1091,173.516,342.99,709.84,67.7401,32.92,45.18,9.621,3.906,12.237,45.18,25.1045,14.7218,0.1754,0.1289,0.1318,0.1292,0.2098,0.1318,0.1987,0.125,534.04,292.3,380.6,84.645,85.0725,85.275,82.29,83.4675,82.125,42.0443,514.5,520,20.3848,517.61,489.08,15.9291
86.525,57.525,4.3859,57.5625,287.6175,358.3378,571.55,2.5998,4.5625,173.745,342.99,72.2886,709.84,19.4536,599.94,599.94,9.9823,66.2249,76.7873,2.5998,4.5625,11.1287,15.7357,9.1096,173.754,342.99,709.84,67.7808,32.925,45.228,9.621,3.911,12.238,45.228,25.099,14.7229,0.1754,0.1289,0.1318,0.1292,0.2098,0.1318,0.1986,0.125,534.08,292.25,380.5,84.6225,85.11,85.32,82.3275,83.5125,82.14,42.0627,514.53,520,20.3852,517.58,489.05,15.9218
86.225,57.6375,4.1859,57.525,287.19,358.1656,571.6,2.5998,4.5625,173.7045,342.99,72.2882,709.92,19.4538,599.94,599.94,9.9825,66.225,76.7875,2.5998,4.5625,11.1288,15.7329,9.1096,173.712,342.99,709.92,67.822,32.93,45.276,9.621,3.913,12.238,45.276,25.11,14.724,0.1755,0.1289,0.1317,0.1292,0.2098,0.1317,0.1986,0.125,534.12,292.2,380.45,84.645,85.1025,85.335,82.2825,83.505,82.1175,42.0773,514.59,520,20.3856,517.55,489.02,15.9145
86.35,57.525,4.2766,57.6,287.5725,357.8212,571.4,2.6,4.5625,173.8665,342.99,72.2883,709.92,19.4541,599.94,599.94,9.9827,66.2252,76.787,2.6,4.5625,11.1251,15.7322,9.1096,173.866,342.99,709.92,67.8639,32.935,45.342,9.621,3.915,12.238,45.342,25.143,14.7251,0.1755,0.1289,0.1317,0.1292,0.2098,0.1317,0.1985,0.125,534.16,292.15,380.35,84.6825,85.0875,85.305,82.335,83.4975,82.065,42.0917,514.65,520,20.386,517.52,488.99,15.9071
86.525,57.5625,3.8766,57.525,287.1,358.1312,572.0,2.6,4.565,173.907,342.99,72.2884,709.92,19.4536,600.0,600.0,9.9828,66.2254,76.787,2.6,4.565,11.1277,15.7314,9.1096,173.908,342.99,709.92,67.9064,32.94,45.402,9.62,3.921,12.238,45.402,25.176,14.7349,0.1756,0.1289,0.1317,0.1291,0.2098,0.1317,0.1985,0.1249,534.24,292.05,380.3,84.705,85.065,85.275,82.335,83.5425,82.02,42.1095,514.68,520,20.3864,517.49,488.96,15.8998
86.625,57.6,3.8766,57.6375,286.92,358.4756,571.25,2.6,4.565,174.0015,342.99,72.2885,709.92,19.4536,600.0,600.0,9.983,66.2248,76.787,2.6,4.565,11.1277,15.7337,9.1102,173.992,342.99,709.92,67.9495,32.945,45.456,9.619,3.931,12.239,45.456,25.2145,14.7362,0.1757,0.1288,0.1316,0.1291,0.2097,0.1316,0.1984,0.1249,534.28,292.0,380.2,84.7275,85.0875,85.2975,82.3575,83.5575,82.035,42.1235,514.74,520,20.3869,517.46,488.93,15.8925
86.6,57.5625,4.1703,57.6,287.3475,358.7166,572.05,2.6,4.565,174.2445,343.02,72.2887,709.92,19.4536,600.0,600.0,9.9832,66.2247,76.787,2.6,4.565,11.1278,15.7339,9.1102,174.244,343.02,709.92,67.9933,32.95,45.504,9.617,3.941,12.241,45.504,25.2475,14.7376,0.1758,0.1288,0.1316,0.1291,0.2097,0.1316,0.1984,0.1249,534.32,291.95,380.15,84.6825,85.095,85.3275,82.32,83.55,81.9825,42.1372,514.8,520,20.3873,517.46,488.9,15.8851
86.925,57.6,4.8344,57.6,286.65,358.1656,571.2,2.6002,4.5675,174.2445,343.02,72.2888,709.92,19.4536,600.0,600.0,9.9833,66.2246,76.7863,2.6002,4.5675,11.1279,15.7342,9.1108,174.244,343.02,709.92,68.0883,32.96,45.528,9.616,3.952,12.242,45.528,25.2805,14.739,0.1759,0.1288,0.1316,0.129,0.2097,0.1315,0.1984,0.1248,534.4,291.9,380.05,84.6975,85.125,85.365,82.3275,83.595,81.9975,42.1545,514.83,520,20.3877,517.43,488.87,15.8671
86.875,57.5625,3.9688,57.5625,286.74,358.3378,571.2,2.6002,4.5675,173.88,343.02,72.2883,710.0,19.4528,600.06,600.06,9.9835,66.2253,76.786,2.6002,4.5675,11.128,15.7344,9.1102,173.88,343.02,710.0,68.1339,32.965,45.54,9.615,3.962,12.244,45.54,25.3025,14.7404,0.176,0.1288,0.1316,0.129,0.2096,0.1315,0.1983,0.1248,534.44,291.85,380.0,84.6525,85.1475,85.38,82.365,83.55,81.975,42.1641,514.92,520,20.3881,517.4,488.87,15.8591
86.95,57.6375,3.9688,57.5625,286.6275,357.7868,571.85,2.6002,4.5675,173.664,343.02,72.2883,710.0,19.4526,600.06,600.06,9.9829,66.2254,76.7858,2.6002,4.5675,11.1281,15.7347,9.1102,173.67,343.02,710.0,68.1801,32.97,45.564,9.614,3.971,12.244,45.564,25.319,14.7418,0.176,0.1288,0.1316,0.129,0.2095,0.1315,0.1983,0.1248,534.52,291.8,379.95,84.69,85.1325,85.3575,82.35,83.565,81.975,42.1733,515.01,520,20.3885,517.37,488.84,15.8511
86.725,57.6,4.7297,57.6,287.055,358.4411,571.45,2.6002,4.5675,173.6505,343.02,72.2883,710.0,19.4523,600.06,600.06,9.9828,66.2256,76.7855,2.6002,4.5675,11.1281,15.7349,9.1102,173.656,343.02,710.0,68.227,32.975,45.612,9.613,3.976,12.244,45.612,25.3355,14.7432,0.176,0.1288,0.1315,0.129,0.2095,0.1315,0.1983,0.1248,534.6,291.75,379.85,84.6375,85.1175,85.35,82.3275,83.5425,81.9525,42.1822,515.1,520,20.3889,517.34,488.81,15.8431
86.825,57.525,3.9828,57.6,286.875,358.4756,571.35,2.6002,4.57,173.9205,343.02,72.2883,710.0,19.4521,600.06,600.06,9.9828,66.225,76.7853,2.6002,4.57,11.1282,15.7352,9.1113,173.922,343.02,710.0,68.2745,32.98,45.66,9.612,3.978,12.246,45.66,25.352,14.736,0.176,0.1287,0.1315,0.1289,0.2094,0.1314,0.1982,0.1248,534.68,291.7,379.8,84.63,85.08,85.38,82.275,83.535,81.99,42.1945,515.16,520,20.3893,517.31,488.78,15.8351
86.775,57.525,4.775,57.5625,287.01,357.8557,571.85,2.6004,4.57,173.2995,343.05,72.2883,710.0,19.4511,600.12,600.12,9.9827,66.2249,76.7843,2.6004,4.57,11.1283,15.7354,9.1113,173.306,343.05,710.0,68.3226,32.985,45.702,9.61,3.979,12.246,45.702,25.3795,14.7371,0.1761,0.1287,0.1315,0.1289,0.2094,0.1314,0.1982,0.1247,534.76,291.6,379.7,84.6525,85.0875,85.3575,82.3275,83.535,81.9975,42.199,515.28,520,20.3898,517.28,488.75,15.8271
86.4,57.525,4.0547,57.525,286.605,357.9934,571.9,2.6004,4.57,173.313,343.05,72.2883,710.0,19.4506,600.12,600.12,9.9826,66.2249,76.7838,2.6004,4.57,11.1284,15.7357,9.1113,173.32,343.05,710.0,68.3714,32.99,45.78,9.609,3.984,12.247,45.78,25.4125,14.7468,0.1761,0.1287,0.1314,0.1289,0.2093,0.1314,0.1981,0.1247,534.92,291.55,379.6,84.615,85.0875,85.305,82.2825,83.52,82.02,42.1993,515.43,520,20.3902,517.25,488.72,15.8191
86.075,57.5625,4.0547,57.525,287.325,358.51,571.2,2.6004,4.5725,173.5155,343.05,72.2877,710.08,19.4493,600.18,600.18,9.9825,66.2248,76.7832,2.6004,4.5725,11.1285,15.7329,9.1113,173.516,343.05,710.08,68.4207,32.995,45.876,9.607,3.99,12.246,45.876,25.451,14.7482,0.1761,0.1286,0.1314,0.1288,0.2092,0.1314,0.198,0.1247,535.04,291.5,379.55,84.66,85.05,85.35,82.2975,83.535,81.975,42.2065,515.52,520,20.3906,517.25,488.72,15.8111
86.925,57.6,4.0406,57.6,287.235,357.959,571.65,2.6,4.5725,174.15,343.05,72.2875,710.08,19.4486,600.18,600.18,9.9824,66.2247,76.7842,2.6,4.5725,11.1285,15.7322,9.1102,174.146,343.05,710.08,68.4708,33.0,45.96,9.604,3.995,12.247,45.96,25.506,14.7496,0.1762,0.1286,0.1314,0.1288,0.2092,0.1314,0.1979,0.1246,535.16,291.45,379.45,84.6675,85.08,85.38,82.32,83.535,81.9825,42.2133,515.61,520,20.391,517.22,488.69,15.8031
86.0,57.525,4.0141,57.6,286.83,357.8212,571.75,2.6002,4.575,173.448,343.08,72.2874,710.08,19.4478,600.18,600.18,9.9823,66.2246,76.7835,2.6002,4.575,11.1286,15.7314,9.1108,173.46,343.08,710.08,68.5214,33.005,46.002,9.602,4.003,12.249,46.002,25.5555,14.751,0.1763,0.1286,0.1313,0.1287,0.209,0.1313,0.1979,0.1245,535.24,291.4,379.4,84.645,85.0575,85.41,82.2975,83.55,81.945,42.2161,515.73,520,20.3914,517.19,488.66,15.7844
86.025,57.6,4.0141,57.5625,286.6725,357.8212,571.4,2.6002,4.575,174.339,343.08,72.2867,710.16,19.4486,600.06,600.06,9.9823,66.2245,76.7832,2.6002,4.575,11.1287,15.7337,9.1108,174.342,343.08,710.16,68.5726,33.01,46.068,9.6,4.015,12.25,46.068,25.605,14.7524,0.1764,0.1285,0.1313,0.1287,0.2091,0.1312,0.1978,0.1245,535.36,291.35,379.3,84.6075,85.0875,85.4175,82.3425,83.5575,81.975,42.2258,515.79,520,20.3918,517.16,488.66,15.7758
86.5,57.5625,4.275,57.5625,287.2125,358.2689,571.8,2.6004,4.5775,173.934,343.08,72.2864,710.16,19.4483,600.06,600.06,9.9822,66.2244,76.7822,2.6004,4.5775,11.1288,15.7339,9.1108,173.936,343.08,710.16,68.6751,33.02,46.068,9.597,4.026,12.25,46.068,25.638,14.7537,0.1765,0.1285,0.1312,0.1287,0.209,0.1312,0.1978,0.1245,535.4,291.3,379.25,84.57,85.035,85.4175,82.35,83.595,81.9675,42.2315,515.88,520,20.3923,517.16,488.63,15.7671
86.55,57.525,4.2906,57.6,287.3925,358.5789,571.65,2.6004,4.5775,173.7045,343.08,72.2862,710.16,19.4481,600.06,600.06,9.9821,66.2244,76.7817,2.6004,4.5775,11.1288,15.7342,9.1113,173.698,343.08,710.16,68.7282,33.025,46.068,9.596,4.036,12.252,46.068,25.671,14.7551,0.1766,0.1285,0.1312,0.1286,0.209,0.1312,0.1978,0.1245,535.48,291.2,379.15,84.5925,85.0125,85.425,82.3725,83.625,81.9675,42.2369,515.97,520,20.3927,517.13,488.6,15.7584
86.675,57.525,4.4359,57.525,287.01,358.2,571.45,2.6004,4.5775,173.5425,343.08,72.2859,710.16,19.4478,600.06,600.06,9.982,66.2243,76.7812,2.6004,4.5775,11.1289,15.7344,9.1113,173.544,343.08,710.16,68.782,33.03,46.074,9.594,4.043,12.252,46.074,25.682,14.7565,0.1766,0.1285,0.1312,0.1286,0.209,0.1312,0.1978,0.1244,535.6,291.15,379.05,84.6075,85.05,85.4625,82.4025,83.64,82.0125,42.2419,516.06,520,20.3931,517.1,488.6,15.7498
86.425,57.5625,4.6516,57.6,286.5375,358.1656,571.0,2.6004,4.5775,173.9205,343.08,72.2857,710.16,19.4476,600.06,600.06,9.9819,66.2242,76.7807,2.6004,4.5775,11.129,15.7347,9.1113,173.922,343.08,710.16,68.8364,33.035,46.086,9.593,4.046,12.252,46.086,25.6985,14.7579,0.1766,0.1285,0.1312,0.1286,0.209,0.1312,0.1978,0.1244,535.68,291.1,379.0,84.5775,85.02,85.4325,82.3725,83.655,82.0425,42.2503,516.12,520,20.3935,517.1,488.57,15.7411
86.375,57.6,4.6516,57.5625,286.9875,357.6835,570.9,2.6004,4.5775,174.393,343.08,72.2854,710.16,19.4473,600.06,600.06,9.9818,66.2241,76.7802,2.6004,4.5775,11.1291,15.7349,9.1113,174.398,343.08,710.16,68.8914,33.04,46.062,9.592,4.046,12.254,46.062,25.704,14.7593,0.1766,0.1285,0.1312,0.1286,0.2091,0.1312,0.1979,0.1244,535.76,291.0,378.9,84.5775,85.05,85.4025,82.3875,83.595,82.0125,42.2622,516.15,520,20.3939,517.07,488.54,15.7324
86.825,57.6,4.5766,57.6,287.3025,358.51,571.15,2.6004,4.5775,173.3265,343.08,72.2852,710.16,19.4471,600.06,600.06,9.9818,66.224,76.7797,2.6004,4.5775,11.1292,15.7352,9.1113,173.334,343.08,710.16,68.947,33.045,45.99,9.592,4.046,12.254,45.99,25.7095,14.7521,0.1767,0.1285,0.1312,0.1286,0.2091,0.1312,0.1979,0.1244,535.8,290.95,378.8,84.585,85.1025,85.425,82.35,83.6025,81.9975,42.2665,516.24,520,20.3943,517.07,488.54,15.7238
86.2,57.5625,4.7734,57.6,287.3475,358.0623,571.3,2.6004,4.5775,174.0285,343.08,72.2849,710.16,19.4468,600.06,600.06,9.9817,66.2239,76.7792,2.6004,4.5775,11.1292,15.7354,9.1108,174.034,343.08,710.16,69.0032,33.05,45.972,9.592,4.05,12.255,45.972,25.6985,14.7618,0.1767,0.1285,0.1312,0.1287,0.2092,0.1312,0.1979,0.1245,535.88,290.9,378.7,84.6075,85.1025,85.4325,82.3875,83.565,82.0425,42.278,516.27,520,20.3948,517.04,488.51,15.7151
86.75,57.6,4.3203,57.5625,287.1,358.3378,571.65,2.6002,4.5775,174.0015,343.08,72.2847,710.16,19.4473,600.0,600.0,9.9816,66.2239,76.7795,2.6002,4.5775,11.1293,15.7357,9.1108,174.006,343.08,710.16,69.0601,33.055,45.912,9.592,4.05,12.255,45.912,25.6765,14.7632,0.1767,0.1285,0.1312,0.1287,0.2093,0.1312,0.198,0.1245,535.92,290.85,378.65,84.6375,85.125,85.4625,82.38,83.5425,82.0575,42.2893,516.3,520,20.3952,517.01,488.51,15.7064
86.775,57.6,3.8812,57.525,286.83,358.2,570.9,2.5998,4.575,174.5415,343.08,72.2844,710.16,19.4473,600.0,600.0,9.9815,66.2238,76.7807,2.5998,4.575,11.1294,15.7329,9.1102,174.538,343.08,710.16,69.1176,33.06,45.834,9.593,4.047,12.255,45.834,25.6655,14.7646,0.1767,0.1286,0.1313,0.1287,0.2094,0.1313,0.1981,0.1245,535.96,290.75,378.55,84.585,85.0875,85.455,82.3875,83.5575,82.095,42.3042,516.3,520,20.3956,517.01,488.48,15.6871
86.775,57.525,4.3266,57.525,287.0775,357.9934,571.7,2.5996,4.575,174.393,343.08,72.286,709.92,19.4481,599.94,599.94,9.9814,66.2237,76.7817,2.5996,4.575,11.1295,15.7322,9.1102,174.398,343.08,709.92,69.1757,33.065,45.708,9.595,4.045,12.257,45.708,25.627,14.766,0.1767,0.1286,0.1313,0.1287,0.2095,0.1313,0.1982,0.1246,535.96,290.7,378.5,84.6225,85.0575,85.44,82.3875,83.6025,82.0575,42.3229,516.27,520,20.396,516.98,488.48,15.6778
86.45,57.525,4.6875,57.6,286.92,358.1312,571.4,2.5996,4.5725,174.015,343.05,72.2861,709.92,19.4491,599.88,599.88,9.9821,66.2243,76.7822,2.5996,4.5725,11.1295,15.7314,9.1096,174.02,343.05,709.92,69.2345,33.07,45.564,9.597,4.044,12.258,45.564,25.583,14.7673,0.1767,0.1287,0.1314,0.1288,0.2096,0.1314,0.1984,0.1246,535.92,290.65,378.4,84.585,85.0575,85.44,82.4025,83.55,82.0875,42.338,516.27,520,20.3964,516.98,488.45,15.6684
86.075,57.525,4.6875,57.6,287.28,358.3034,571.6,2.5998,4.57,173.9205,343.05,72.2863,709.92,19.4503,599.82,599.82,9.9823,66.2245,76.782,2.5998,4.57,11.1296,15.7337,9.1102,173.922,343.05,709.92,69.2939,33.075,45.438,9.6,4.042,12.258,45.438,25.517,14.7687,0.1767,0.1287,0.1315,0.1289,0.2098,0.1314,0.1985,0.1247,535.92,290.6,378.3,84.57,85.0275,85.41,82.35,83.55,82.125,42.3568,516.24,520,20.3968,516.95,488.42,15.6591
86.75,57.5625,4.6437,57.6,286.9875,357.5457,571.35,2.5998,4.5675,173.286,343.02,72.2858,710.0,19.4518,599.76,599.76,9.9824,66.2247,76.7822,2.5998,4.5675,11.1297,15.7339,9.1102,173.278,343.02,710.0,69.3033,33.075,45.33,9.603,4.034,12.259,45.33,25.44,14.7701,0.1766,0.1288,0.1315,0.129,0.2098,0.1315,0.1986,0.1248,535.88,290.5,378.25,84.5925,85.065,85.365,82.3125,83.52,82.1175,42.3683,516.27,520,20.3972,516.92,488.42,15.6498
86.9,57.5625,4.5766,57.5625,287.28,357.959,571.0,2.5996,4.5675,174.096,343.02,72.2858,710.0,19.4528,599.76,599.76,9.9826,66.2249,76.7832,2.5996,4.5675,11.1298,15.7342,9.1096,174.104,343.02,710.0,69.3632,33.08,45.312,9.607,4.021,12.26,45.312,25.374,14.7715,0.1764,0.1288,0.1316,0.129,0.2099,0.1315,0.1986,0.1248,535.92,290.45,378.15,84.6075,85.065,85.3125,82.275,83.4975,82.08,42.3871,516.24,520,20.3977,516.92,488.39,15.6404
86.025,57.6,4.6047,57.5625,286.785,357.7179,571.7,2.5996,4.5675,173.6775,343.02,72.2864,709.92,19.4516,599.94,599.94,9.9828,66.225,76.7837,2.5996,4.5675,11.1299,15.7344,9.1096,173.67,343.02,709.92,69.4239,33.085,45.258,9.609,4.004,12.26,45.258,25.3245,14.7729,0.1763,0.1288,0.1316,0.1291,0.2099,0.1316,0.1987,0.1248,535.88,290.35,378.05,84.6225,85.0725,85.2825,82.29,83.5125,82.065,42.4023,516.24,520,20.3981,516.89,488.39,15.6311
86.9,57.6,4.4656,57.6,286.8975,357.7868,571.5,2.5996,4.565,173.9745,343.02,72.2865,709.92,19.4526,599.88,599.88,9.9829,66.2252,76.7842,2.5996,4.565,11.1299,15.7347,9.1091,173.978,343.02,709.92,69.4345,33.085,45.234,9.612,3.992,12.262,45.234,25.297,14.7743,0.1763,0.1289,0.1316,0.1291,0.2099,0.1316,0.1987,0.1249,535.88,290.3,377.95,84.645,85.0425,85.245,82.3125,83.4825,82.08,42.4212,516.21,520,20.3985,516.89,488.36,15.6218
86.35,57.5625,4.7531,57.5625,286.6275,358.1656,571.0,2.5996,4.565,174.1905,342.99,72.2866,709.92,19.4531,599.88,599.88,9.9831,66.2254,76.7847,2.5996,4.565,11.13,15.7349,9.1091,174.188,342.99,709.92,69.4958,33.09,45.198,9.614,3.989,12.262,45.198,25.2695,14.7757,0.1763,0.1289,0.1317,0.1291,0.21,0.1316,0.1987,0.1249,535.84,290.25,377.85,84.6675,85.005,85.2225,82.275,83.46,82.1025,42.4403,516.18,520,20.3989,516.86,488.36,15.6124
86.65,57.6,4.4953,57.525,287.0775,357.7868,570.9,2.5994,4.565,173.151,342.99,72.2868,709.92,19.4536,599.88,599.88,9.9833,66.2248,76.786,2.5994,4.565,11.1301,15.7352,9.1096,173.152,342.99,709.92,69.507,33.09,45.162,9.616,3.991,12.263,45.162,25.2475,14.7771,0.1764,0.1289,0.1317,0.1291,0.2099,0.1317,0.1988,0.1249,535.8,290.15,377.75,84.6975,85.005,85.185,82.2525,83.46,82.14,42.452,516.21,520,20.3993,516.86,488.33,15.6031
86.625,57.5625,4.0547,57.5625,287.325,358.3723,571.45,2.5996,4.5675,173.88,343.02,72.2863,710.0,19.4526,600.0,600.0,9.9834,66.2247,76.786,2.5996,4.5675,11.1302,15.7354,9.1102,173.88,343.02,710.0,69.5689,33.095,45.504,9.618,3.995,12.263,45.504,25.231,14.7785,0.1762,0.1288,0.1316,0.129,0.2097,0.1316,0.1984,0.1248,535.84,290.1,377.7,84.72,84.9975,85.1925,82.2675,83.49,82.1025,42.4635,516.24,520,20.3997,516.83,488.33,15.5938
86.3,57.525,4.3844,57.6,287.0325,357.9934,571.15,2.5998,4.57,173.799,343.05,72.2863,710.0,19.4511,600.12,600.12,9.9828,66.2246,76.7857,2.5998,4.57,11.1265,15.7357,9.1108,173.796,343.05,710.0,69.5807,33.095,45.768,9.614,3.984,12.265,45.768,25.3135,14.7798,0.176,0.1287,0.1315,0.1289,0.2094,0.1314,0.1982,0.1247,535.88,290.05,377.6,84.705,84.96,85.185,82.2975,83.49,82.0425,42.4712,516.3,520,20.4002,516.8,488.3,15.5844
86.975,57.5625,4.3844,57.6,286.6275,357.9245,571.05,2.6006,4.575,174.0555,343.05,72.2856,710.08,19.4498,600.18,600.18,9.9828,66.2245,76.783,2.6006,4.575,11.1253,15.7329,9.1113,174.048,343.05,710.08,69.6432,33.1,46.002,9.61,3.977,12.266,46.002,25.44,14.7812,0.1761,0.1286,0.1314,0.1288,0.2092,0.1314,0.1979,0.1246,535.96,290.0,377.5,84.675,84.9225,85.2075,82.2825,83.46,82.08,42.4749,516.39,520,20.4006,516.8,488.3,15.5644
86.9,57.5625,4.3547,57.6,287.01,358.2,570.9,2.6008,4.5775,173.2455,343.08,72.2849,710.16,19.4483,600.24,600.24,9.9827,66.2244,76.7815,2.6008,4.5775,11.1242,15.7322,9.1118,173.25,343.08,710.16,69.6557,33.1,46.2,9.604,3.994,12.266,46.2,25.5775,14.7826,0.1764,0.1285,0.1312,0.1287,0.2089,0.1312,0.1978,0.1245,536.04,289.9,377.45,84.6525,84.9375,85.23,82.2825,83.415,82.05,42.4669,516.57,520,20.401,516.77,488.27,15.5544
86.725,57.6,4.1562,57.6,287.145,357.649,570.8,2.601,4.58,173.7045,343.11,72.284,710.24,19.4458,600.36,600.36,9.9818,66.2244,76.7797,2.601,4.58,11.1267,15.7314,9.1118,173.712,343.11,710.24,69.7189,33.105,46.41,9.599,4.028,12.267,46.41,25.6985,14.784,0.1767,0.1284,0.1311,0.1285,0.2088,0.1311,0.1975,0.1244,536.2,289.85,377.35,84.69,84.945,85.1925,82.2975,83.445,82.095,42.4658,516.69,520,20.4014,516.77,488.27,15.5444
86.475,57.6,4.1344,57.5625,286.4475,357.5113,571.35,2.6008,4.5825,173.691,343.14,72.2836,710.24,19.4458,600.24,600.24,9.9815,66.2243,76.7792,2.6008,4.5825,11.1268,15.7337,9.1118,173.698,343.14,710.24,69.7826,33.11,46.572,9.593,4.063,12.268,46.572,25.8085,14.7854,0.177,0.1283,0.131,0.1284,0.2086,0.131,0.1974,0.1242,536.36,289.8,377.25,84.645,84.9675,85.245,82.3125,83.4375,82.1175,42.4566,516.87,520,20.4018,516.74,488.24,15.5344
86.475,57.6,4.6547,57.5625,287.19,357.7179,571.3,2.6008,4.585,174.4875,343.14,72.2839,710.16,19.4441,600.3,600.3,9.9812,66.2234,76.7782,2.6008,4.585,11.1306,15.7339,9.1118,174.482,343.14,710.16,69.847,33.115,46.692,9.588,4.092,12.269,46.692,25.913,14.7868,0.1772,0.1283,0.1309,0.1284,0.2086,0.1309,0.1973,0.1242,536.52,289.7,377.15,84.645,84.93,85.2525,82.2975,83.475,82.1175,42.458,516.96,520,20.4022,516.74,488.24,15.5244
86.65,57.6,3.9531,57.525,286.965,357.959,571.0,2.6004,4.5875,174.474,343.17,72.2836,710.16,19.4428,600.3,600.3,9.9808,66.2231,76.7787,2.6004,4.5875,11.1282,15.7342,9.1118,174.468,343.17,710.16,69.912,33.12,46.722,9.583,4.116,12.269,46.722,26.0065,14.7882,0.1774,0.1282,0.1309,0.1283,0.2086,0.1309,0.1973,0.1241,536.64,289.65,377.05,84.5925,84.975,85.26,82.2825,83.4525,82.065,42.459,517.05,520,20.4027,516.74,488.21,15.5144
86.025,57.6,4.4187,57.6,286.965,357.8901,571.1,2.6006,4.59,173.745,343.17,72.2828,710.24,19.4416,600.3,600.3,9.9805,66.2228,76.7775,2.6006,4.59,11.1283,15.7344,9.1118,173.74,343.17,710.24,69.9776,33.125,46.71,9.579,4.137,12.271,46.71,26.0725,14.7896,0.1776,0.1282,0.1308,0.1283,0.2085,0.1308,0.1973,0.124,536.72,289.55,376.95,84.5775,84.9525,85.275,82.305,83.49,82.0125,42.4521,517.2,520,20.4031,516.71,488.21,15.5044
86.3,57.5625,3.8594,57.525,287.0775,357.4768,570.65,2.6006,4.59,174.015,343.17,72.2824,710.24,19.4426,600.12,600.12,9.9802,66.2224,76.7767,2.6006,4.59,11.1246,15.7347,9.1118,174.02,343.17,710.24,70.0439,33.13,46.692,9.576,4.153,12.271,46.692,26.1055,14.791,0.1777,0.1282,0.1308,0.1283,0.2086,0.1308,0.1973,0.124,536.88,289.5,376.85,84.585,84.9525,85.275,82.29,83.4375,82.05,42.4521,517.29,520,20.4035,516.71,488.21,15.4944
86.35,57.525,4.6687,57.525,286.47,358.0623,571.35,2.6006,4.59,174.231,343.17,72.282,710.24,19.4421,600.12,600.12,9.9798,66.2221,76.776,2.6006,4.59,11.1272,15.7349,9.1118,174.23,343.17,710.24,70.1107,33.135,46.638,9.574,4.16,12.272,46.638,26.1165,14.7923,0.1777,0.1282,0.1308,0.1283,0.2086,0.1308,0.1973,0.124,537.0,289.4,376.75,84.54,84.9825,85.29,82.275,83.46,82.0125,42.4518,517.38,520,20.4039,516.68,488.18,15.4844
86.55,57.6375,4.2438,57.5625,286.6275,357.4768,571.55,2.6006,4.5875,174.1905,343.17,72.2823,710.16,19.4423,600.06,600.06,9.9795,66.2218,76.7752,2.6006,4.5875,11.1273,15.7352,9.1124,174.188,343.17,710.16,70.1782,33.14,46.53,9.573,4.159,12.272,46.53,26.1165,14.7937,0.1777,0.1282,0.1309,0.1283,0.2087,0.1308,0.1974,0.1241,537.08,289.35,376.7,84.5175,85.035,85.2825,82.275,83.445,81.96,42.4549,517.44,520,20.4043,516.68,488.18,15.4744
86.375,57.6,4.2438,57.525,286.8525,357.649,570.95,2.6004,4.5875,174.3525,343.14,72.282,710.16,19.4428,600.0,600.0,9.9799,66.2214,76.7752,2.6004,4.5875,11.1311,15.7354,9.1118,174.356,343.14,710.16,70.2464,33.145,46.392,9.573,4.157,12.274,46.392,26.0835,14.7951,0.1777,0.1283,0.1309,0.1283,0.2089,0.1309,0.1976,0.1241,537.12,289.25,376.6,84.54,85.0875,85.2825,82.2675,83.4975,81.93,42.4652,517.44,520,20.4047,516.68,488.18,15.4644
86.7,57.525,4.7281,57.5625,286.9425,358.2689,571.3,2.6002,4.585,173.7045,343.14,72.2818,710.16,19.4436,599.94,599.94,9.9806,66.2211,76.7755,2.6002,4.585,11.1287,15.7357,9.1118,173.712,343.14,710.16,70.2645,33.145,46.218,9.575,4.153,12.274,46.218,26.034,14.7965,0.1776,0.1283,0.131,0.1284,0.209,0.131,0.1978,0.1242,537.16,289.2,376.5,84.5775,85.0425,85.3125,82.2375,83.535,81.9075,42.4681,517.5,520,20.4051,516.68,488.15,15.4544
86.375,57.6,4.7281,57.6,286.6725,357.8557,570.65,2.6002,4.5825,173.7045,343.11,72.2821,710.08,19.4446,599.88,599.88,9.9808,66.2215,76.7752,2.6002,4.5825,11.1288,15.7329,9.1113,173.698,343.11,710.08,70.3332,33.15,46.056,9.578,4.146,12.274,46.056,25.9625,14.7979,0.1776,0.1284,0.1311,0.1285,0.2091,0.131,0.1979,0.1243,537.2,289.15,376.4,84.5625,85.0275,85.3125,82.275,83.5275,81.87,42.4782,517.5,520,20.4056,516.65,488.15,15.4444
86.5,57.6,4.4313,57.525,286.6725,358.0623,570.75,2.6,4.58,174.204,343.11,72.282,710.08,19.4458,599.82,599.82,9.9809,66.2214,76.7757,2.6,4.58,11.1251,15.7322,9.1108,174.202,343.11,710.08,70.4026,33.155,45.9,9.581,4.134,12.276,45.9,25.869,14.7993,0.1775,0.1285,0.1312,0.1286,0.2094,0.1311,0.1981,0.1244,537.2,289.05,376.3,84.525,85.065,85.365,82.245,83.55,81.9225,42.492,517.47,520,20.406,516.65,488.15,15.4344
86.475,57.525,4.2609,57.525,286.56,357.7868,571.4,2.5998,4.5775,174.0555,343.08,72.2825,710.0,19.4473,599.76,599.76,9.9803,66.2213,76.7765,2.5998,4.5775,11.1277,15.7314,9.1102,174.062,343.08,710.0,70.422,33.155,45.702,9.585,4.117,12.276,45.702,25.781,14.8007,0.1773,0.1286,0.1312,0.1287,0.2095,0.1312,0.1983,0.1245,537.16,289.0,376.25,84.5775,85.1025,85.32,82.2375,83.565,81.8925,42.5098,517.41,520,20.4064,516.65,488.12,15.4244
86.325,57.525,4.4,57.5625,287.1675,358.2,570.85,2.5996,4.575,174.0285,343.05,72.2831,709.92,19.4491,599.7,599.7,9.981,66.2213,76.7775,2.5996,4.575,11.1278,15.7337,9.1096,174.02,343.05,709.92,70.492,33.16,45.504,9.59,4.1,12.276,45.504,25.6875,14.8021,0.1772,0.1287,0.1313,0.1288,0.2098,0.1313,0.1985,0.1246,537.12,288.95,376.15,84.585,85.14,85.2825,82.215,83.55,81.945,42.5277,517.35,520,20.4068,516.62,488.12,15.4038
86.675,57.5625,4.5516,57.5625,287.1675,357.959,571.25,2.5994,4.57,173.934,343.05,72.2832,709.92,19.4496,599.76,599.76,9.9812,66.2219,76.7787,2.5994,4.57,11.1278,15.7339,9.1096,173.936,343.05,709.92,70.512,33.16,45.312,9.595,4.085,12.277,45.312,25.5775,14.8035,0.1771,0.1288,0.1315,0.1289,0.2099,0.1314,0.1987,0.1247,537.04,288.9,376.05,84.615,85.185,85.32,82.185,83.55,81.9075,42.546,517.29,520,20.4072,516.62,488.12,15.3931
86.825,57.525,3.8937,57.525,286.3575,357.408,570.75,2.5992,4.5675,173.961,343.02,72.284,709.84,19.4513,599.7,599.7,9.9813,66.2221,76.7803,2.5992,4.5675,11.1279,15.7342,9.1091,173.964,343.02,709.84,70.5826,33.165,45.126,9.601,4.068,12.278,45.126,25.462,14.8048,0.177,0.1288,0.1316,0.129,0.2101,0.1315,0.1988,0.1248,536.96,288.8,375.95,84.6,85.155,85.35,82.155,83.565,81.885,42.5682,517.2,520,20.4076,516.62,488.09,15.3824
86.075,57.5625,4.2828,57.5625,286.7175,357.649,570.6,2.599,4.565,173.1915,342.99,72.2849,709.76,19.4541,599.58,599.58,9.9815,66.2223,76.782,2.599,4.565,11.128,15.7344,9.1086,173.194,342.99,709.76,70.6033,33.165,44.916,9.607,4.051,12.278,44.916,25.352,14.8062,0.1769,0.129,0.1317,0.1291,0.2102,0.1317,0.1991,0.1249,536.88,288.75,375.9,84.6375,85.1175,85.35,82.125,83.5125,81.8625,42.587,517.14,520,20.4081,516.59,488.09,15.3718
86.7,57.6,4.2828,57.5625,286.875,357.5113,571.45,2.599,4.565,174.1905,342.99,72.2852,709.76,19.4543,599.7,599.7,9.9817,66.2224,76.7832,2.599,4.565,11.1281,15.7347,9.1091,174.188,342.99,709.76,70.6239,33.165,45.234,9.614,4.034,12.279,45.234,25.2365,14.8076,0.1764,0.1289,0.1317,0.1291,0.21,0.1316,0.1988,0.1249,536.8,288.65,375.8,84.6075,85.0725,85.3875,82.155,83.4825,81.9225,42.6061,517.08,520,20.4085,516.59,488.09,15.3611
86.45,57.6,4.0578,57.6,286.785,357.649,570.9,2.5996,4.5675,174.3525,343.02,72.285,709.84,19.4526,599.94,599.94,9.9818,66.2226,76.7822,2.5996,4.5675,11.1282,15.7349,9.1096,174.342,343.02,709.84,70.6445,33.165,45.336,9.613,4.0,12.279,45.336,25.2695,14.809,0.1761,0.1288,0.1316,0.129,0.2099,0.1316,0.1987,0.1248,536.76,288.6,375.7,84.5625,85.11,85.395,82.1175,83.475,81.9825,42.6254,517.02,520,20.4089,516.59,488.09,15.3504
86.025,57.5625,4.7828,57.5625,286.5825,357.649,571.05,2.5998,4.5675,173.9205,343.02,72.2852,709.84,19.4528,599.94,599.94,9.982,66.2228,76.782,2.5998,4.5675,11.1282,15.7352,9.1096,173.922,343.02,709.84,70.6651,33.165,45.414,9.613,3.979,12.281,45.414,25.33,14.8104,0.1762,0.1288,0.1315,0.129,0.2098,0.1315,0.1986,0.1248,536.68,288.5,375.6,84.525,85.1025,85.335,82.1025,83.445,81.9975,42.6412,516.99,520,20.4093,516.56,488.06,15.3398
86.2,57.6,4.7828,57.525,286.7625,357.7868,571.15,2.5998,4.57,174.0555,343.02,72.2842,710.0,19.4523,600.0,600.0,9.9822,66.2229,76.7822,2.5998,4.57,11.1283,15.7354,9.1096,174.048,343.02,710.0,70.6857,33.165,45.504,9.612,3.991,12.281,45.504,25.3795,14.8118,0.1765,0.1287,0.1315,0.1289,0.2098,0.1314,0.1985,0.1247,536.68,288.45,375.5,84.585,85.1175,85.3425,82.0875,83.46,82.0425,42.6496,517.02,520,20.4097,516.56,488.06,15.3291
86.4,57.6,4.5109,57.525,286.9875,357.6835,571.3,2.6,4.57,174.1365,343.05,72.2849,709.92,19.4523,600.0,600.0,9.9823,66.2231,76.7817,2.6,4.57,11.1284,15.7357,9.1102,174.132,343.05,709.92,70.7064,33.165,45.576,9.611,4.018,12.282,45.576,25.429,14.8132,0.1768,0.1287,0.1315,0.1289,0.2097,0.1314,0.1984,0.1247,536.68,288.4,375.4,84.5625,85.065,85.38,82.0725,83.415,82.065,42.6616,517.02,520,20.4101,516.53,488.03,15.3184
86.1,57.6,4.6344,57.5625,286.515,357.649,571.35,2.6,4.5725,174.042,343.05,72.2838,710.08,19.4523,600.0,600.0,9.9825,66.2233,76.7817,2.6,4.5725,11.1285,15.7329,9.1102,174.034,343.05,710.08,70.727,33.165,45.624,9.609,4.046,12.283,45.624,25.4675,14.8146,0.1771,0.1287,0.1314,0.1289,0.2096,0.1314,0.1984,0.1247,536.68,288.3,375.3,84.615,85.065,85.3575,82.08,83.4,82.095,42.6699,517.05,520,20.4106,516.53,488.03,15.3078
86.0,57.525,4.0766,57.5625,287.1,357.9245,570.8,2.6,4.5725,174.0555,343.05,72.2849,709.92,19.4516,600.06,600.06,9.9827,66.2234,76.7817,2.6,4.5725,11.1285,15.7322,9.1102,174.062,343.05,709.92,70.7982,33.17,45.66,9.608,4.066,12.284,45.66,25.495,14.8159,0.1772,0.1287,0.1314,0.1288,0.2096,0.1314,0.1983,0.1246,536.72,288.25,375.2,84.6225,85.065,85.395,82.0875,83.43,82.05,42.6781,517.08,520,20.411,516.53,488.03,15.2971
86.55,57.525,4.5125,57.5625,286.29,357.8901,570.5,2.6,4.5725,174.0555,343.05,72.285,709.92,19.4513,600.06,600.06,9.9821,66.2236,76.7817,2.6,4.5725,11.1286,15.7314,9.1102,174.048,343.05,709.92,70.8195,33.17,45.672,9.607,4.079,12.284,45.672,25.517,14.8173,0.1773,0.1287,0.1314,0.1288,0.2096,0.1314,0.1983,0.1246,536.76,288.15,375.1,84.5775,85.1175,85.4175,82.065,83.475,82.035,42.6861,517.11,520,20.4114,516.5,488.0,15.2864
86.3,57.6,4.5125,57.6,286.335,358.1656,570.5,2.6,4.5725,173.9745,343.05,72.2851,709.92,19.4511,600.06,600.06,9.9828,66.2238,76.7817,2.6,4.5725,11.1287,15.7337,9.1102,173.978,343.05,709.92,70.8407,33.17,45.666,9.607,4.086,12.284,45.666,25.528,14.8187,0.1773,0.1287,0.1314,0.1288,0.2096,0.1314,0.1984,0.1246,536.8,288.1,375.0,84.5475,85.095,85.365,82.125,83.475,82.035,42.694,517.14,520,20.4118,516.5,488.0,15.2758
86.9,57.6,3.8828,57.6,286.7175,358.0967,570.75,2.6,4.5725,174.3255,343.05,72.2852,709.92,19.4516,600.0,600.0,9.9829,66.2239,76.7817,2.6,4.5725,11.1288,15.7339,9.1102,174.328,343.05,709.92,70.862,33.17,45.636,9.607,4.09,12.286,45.636,25.528,14.8201,0.1774,0.1287,0.1314,0.1288,0.2097,0.1314,0.1984,0.1247,536.84,288.0,374.9,84.5325,85.0575,85.395,82.155,83.52,82.0575,42.7056,517.14,520,20.4122,516.5,488.0,15.2651
86.2,57.5625,4.4688,57.6,287.1,357.9934,570.6,2.6,4.5725,173.7045,343.05,72.2854,709.92,19.4516,600.0,600.0,9.9831,66.2241,76.7817,2.6,4.5725,11.1289,15.7342,9.1102,173.712,343.05,709.92,70.9338,33.175,45.576,9.607,4.092,12.286,45.576,25.517,14.8215,0.1775,0.1288,0.1314,0.1289,0.2097,0.1314,0.1984,0.1247,536.84,287.95,374.8,84.4875,85.11,85.3425,82.185,83.55,82.05,42.7096,517.2,520,20.4126,516.47,487.97,15.2544
86.2,57.525,4.4688,57.5625,286.7625,357.4424,571.35,2.5998,4.57,173.286,343.05,72.2849,710.0,19.4516,600.0,600.0,9.9833,66.2243,76.7825,2.5998,4.57,11.1289,15.7344,9.1102,173.278,343.05,710.0,70.9557,33.175,45.546,9.609,4.094,12.287,45.546,25.495,14.8229,0.1775,0.1288,0.1315,0.1289,0.2097,0.1314,0.1985,0.1247,536.88,287.9,374.75,84.45,85.095,85.35,82.2225,83.55,82.08,42.7134,517.26,520,20.413,516.47,487.97,15.2438
86.95,57.5625,4.3063,57.5625,286.4925,357.8557,570.6,2.5998,4.57,173.853,343.05,72.2849,710.0,19.4516,600.0,600.0,9.9834,66.2244,76.7827,2.5998,4.57,11.129,15.7347,9.1102,173.852,343.05,710.0,70.9776,33.175,45.546,9.609,4.093,12.288,45.546,25.4675,14.8243,0.1774,0.1288,0.1315,0.1289,0.2097,0.1314,0.1985,0.1247,536.96,287.8,374.65,84.435,85.05,85.3725,82.185,83.55,82.0875,42.7207,517.29,520,20.4135,516.47,487.97,15.2331
86.725,57.525,4.3063,57.6,286.425,357.7868,571.05,2.5998,4.57,173.853,343.02,72.2849,710.0,19.4516,600.0,600.0,9.9836,66.2246,76.783,2.5998,4.57,11.1291,15.7349,9.1102,173.852,343.02,710.0,70.9995,33.175,45.528,9.61,4.088,12.289,45.528,25.451,14.8257,0.1774,0.1288,0.1315,0.1289,0.2098,0.1314,0.1985,0.1247,536.96,287.75,374.55,84.5025,85.02,85.38,82.23,83.595,82.035,42.7279,517.32,520,20.4139,516.44,487.97,15.2224
86.825,57.6,4.2687,57.5625,286.335,357.7868,571.35,2.5998,4.57,173.664,343.02,72.2861,709.84,19.4523,599.94,599.94,9.9838,66.2248,76.7832,2.5998,4.57,11.1292,15.7352,9.1096,173.656,343.02,709.84,71.072,33.18,45.51,9.611,4.084,12.289,45.51,25.4455,14.8271,0.1774,0.1288,0.1315,0.1289,0.2098,0.1314,0.1985,0.1247,537.0,287.7,374.45,84.555,85.0725,85.3725,82.2675,83.55,82.035,42.735,517.35,520,20.4143,516.44,487.94,15.2118
86.975,57.5625,4.6109,57.6,286.7175,357.5457,571.3,2.5998,4.57,173.8665,343.02,72.2864,709.84,19.4526,599.94,599.94,9.9839,66.2249,76.7835,2.5998,4.57,11.1292,15.7354,9.1096,173.866,343.02,709.84,71.0945,33.18,45.504,9.611,4.084,12.289,45.504,25.44,14.8284,0.1774,0.1288,0.1315,0.1289,0.2098,0.1314,0.1985,0.1247,537.04,287.6,374.35,84.5925,85.1175,85.365,82.2975,83.5125,81.99,42.7457,517.35,520,20.4147,516.44,487.94,15.2011
86.5,57.5625,4.6109,57.525,286.875,358.2689,571.0,2.5998,4.57,173.8935,343.02,72.2866,709.84,19.4528,599.94,599.94,9.9841,66.2251,76.7838,2.5998,4.57,11.1293,15.7357,9.1096,173.894,343.02,709.84,71.117,33.18,45.486,9.612,4.084,12.291,45.486,25.429,14.8298,0.1774,0.1288,0.1315,0.1289,0.2098,0.1315,0.1985,0.1247,537.04,287.55,374.3,84.6075,85.1175,85.3125,82.305,83.5275,82.005,42.7527,517.38,520,20.4151,516.44,487.94,15.1904
86.35,57.5625,3.9922,57.5625,286.335,357.3735,570.65,2.5998,4.57,173.9475,343.02,72.2856,710.0,19.4531,599.94,599.94,9.9843,66.2253,76.784,2.5998,4.57,11.1294,15.7329,9.1102,173.95,343.02,710.0,71.1395,33.18,45.468,9.612,4.084,12.291,45.468,25.4235,14.8312,0.1774,0.1288,0.1315,0.1289,0.2098,0.1315,0.1986,0.1247,537.08,287.45,374.2,84.6375,85.0875,85.3575,82.2975,83.4825,81.96,42.7632,517.38,520,20.4155,516.41,487.91,15.1691
86.825,57.525,3.9922,57.6,286.965,357.8901,571.2,2.5998,4.57,174.1905,343.02,72.2856,710.0,19.4533,599.94,599.94,9.9844,66.2254,76.7843,2.5998,4.57,11.1295,15.7322,9.1102,174.188,343.02,710.0,71.162,33.18,45.444,9.613,4.086,12.291,45.444,25.4125,14.8326,0.1774,0.1288,0.1315,0.1289,0.2098,0.1315,0.1986,0.1248,537.08,287.4,374.1,84.6,85.1175,85.3275,82.3275,83.49,82.0125,42.7738,517.38,520,20.416,516.41,487.91,15.1578
86.55,57.6,4.1391,57.6,286.4925,357.9245,571.4,2.5998,4.5675,173.7585,343.02,72.2856,710.0,19.4536,599.94,599.94,9.9846,66.2249,76.7845,2.5998,4.5675,11.1296,15.7314,9.1108,173.754,343.02,710.0,71.1845,33.18,45.396,9.613,4.086,12.292,45.396,25.407,14.834,0.1775,0.1289,0.1315,0.129,0.2098,0.1315,0.1986,0.1248,537.08,287.35,374.0,84.57,85.1175,85.3125,82.2975,83.5275,81.9825,42.7844,517.38,520,20.4164,516.41,487.91,15.1464
86.85,57.6,3.8422,57.6,287.1225,357.9934,571.0,2.5998,4.5675,173.2455,343.02,72.2856,710.0,19.4538,599.94,599.94,9.9848,66.2248,76.7848,2.5998,4.5675,11.1296,15.7337,9.1102,173.236,343.02,710.0,71.207,33.18,45.378,9.614,4.088,12.293,45.378,25.385,14.8354,0.1775,0.1289,0.1316,0.129,0.2098,0.1315,0.1986,0.1248,537.08,287.25,373.9,84.585,85.11,85.335,82.3125,83.5125,81.945,42.7875,517.44,520,20.4168,516.38,487.91,15.1351
86.25,57.5625,3.9578,57.6,286.335,357.5457,571.35,2.5998,4.5675,173.3805,343.02,72.2856,710.0,19.4541,599.94,599.94,9.9849,66.2247,76.785,2.5998,4.5675,11.1297,15.7339,9.1102,173.376,343.02,710.0,71.2801,33.185,45.426,9.615,4.087,12.293,45.426,25.3685,14.8368,0.1774,0.1289,0.1316,0.129,0.2098,0.1315,0.1986,0.1248,537.12,287.2,373.8,84.5625,85.1175,85.35,82.3575,83.55,81.9225,42.7941,517.47,520,20.4172,516.38,487.88,15.1238
86.0,57.6375,4.5547,57.525,286.7175,357.7523,570.9,2.5998,4.5675,174.15,343.02,72.2856,710.0,19.4543,599.94,599.94,9.9851,66.2254,76.7853,2.5998,4.5675,11.1298,15.7342,9.1096,174.146,343.02,710.0,71.3032,33.185,45.474,9.615,4.082,12.293,45.474,25.3685,14.8382,0.1773,0.1288,0.1315,0.129,0.2098,0.1315,0.1985,0.1248,537.16,287.1,373.7,84.5625,85.155,85.35,82.395,83.5275,81.975,42.8043,517.47,520,20.4176,516.38,487.88,15.1124
86.9,57.6,4.5547,57.6,287.055,357.6146,571.2,2.5998,4.57,174.3525,343.02,72.2856,710.0,19.4546,599.94,599.94,9.9853,66.2255,76.7855,2.5998,4.57,11.1299,15.7344,9.1096,174.356,343.02,710.0,71.3263,33.185,45.474,9.615,4.077,12.295,45.474,25.3795,14.8396,0.1773,0.1288,0.1315,0.1289,0.2098,0.1315,0.1985,0.1248,537.16,287.0,373.6,84.5925,85.17,85.32,82.3575,83.55,81.99,42.8145,517.47,520,20.418,516.38,487.88,15.1011
86.7,57.5625,4.6156,57.5625,286.2675,357.8901,570.55,2.6004,4.57,174.096,343.02,72.2856,710.0,19.4548,599.94,599.94,9.9854,66.2257,76.7835,2.6004,4.57,11.13,15.7347,9.1102,174.09,343.02,710.0,71.3494,33.185,45.45,9.615,4.08,12.295,45.45,25.396,14.8409,0.1775,0.1288,0.1315,0.1289,0.2098,0.1315,0.1986,0.1248,537.16,286.95,373.5,84.555,85.1625,85.32,82.395,83.5725,81.9825,42.8247,517.47,520,20.4185,516.35,487.88,15.0898
86.325,57.5625,4.5344,57.6,287.1675,357.7179,570.5,2.6002,4.57,174.0555,343.02,72.2856,710.0,19.4551,599.94,599.94,9.9848,66.2251,76.7838,2.6002,4.57,11.13,15.7349,9.1108,174.048,343.02,710.0,71.3726,33.185,45.42,9.615,4.089,12.295,45.42,25.396,14.8423,0.1776,0.1289,0.1315,0.129,0.2098,0.1315,0.1986,0.1248,537.16,286.85,373.4,84.57,85.1925,85.3425,82.35,83.55,81.96,42.835,517.47,520,20.4189,516.35,487.85,15.0784
86.35,57.5625,4.5391,57.6,286.515,357.8557,571.05,2.6002,4.5675,174.0285,343.02,72.2856,710.0,19.4553,599.94,599.94,9.9848,66.225,76.7835,2.6002,4.5675,11.1301,15.7352,9.1113,174.02,343.02,710.0,71.3957,33.185,45.39,9.615,4.097,12.295,45.39,25.385,14.8437,0.1776,0.1289,0.1315,0.129,0.2099,0.1315,0.1986,0.1248,537.16,286.8,373.3,84.5775,85.1625,85.365,82.365,83.58,81.96,42.8452,517.47,520,20.4193,516.35,487.85,15.0671
86.325,57.5625,4.3797,57.525,286.605,357.408,570.65,2.5998,4.5675,173.8935,343.02,72.2856,710.0,19.4556,599.94,599.94,9.9847,66.225,76.7848,2.5998,4.5675,11.1302,15.7354,9.1102,173.894,343.02,710.0,71.4188,33.185,45.36,9.616,4.1,12.296,45.36,25.3685,14.8451,0.1776,0.1289,0.1316,0.129,0.2099,0.1315,0.1987,0.1248,537.16,286.7,373.2,84.63,85.1775,85.335,82.3425,83.5425,81.96,42.8517,517.5,520,20.4197,516.35,487.85,15.0558
86.375,57.525,4.6062,57.525,286.2675,357.6146,570.75,2.5996,4.5675,173.7855,343.02,72.2856,710.0,19.4543,600.06,600.06,9.9853,66.2249,76.7858,2.5996,4.5675,11.1265,15.7357,9.1102,173.782,343.02,710.0,71.4419,33.185,45.342,9.616,4.099,12.297,45.342,25.352,14.8465,0.1776,0.1289,0.1316,0.129,0.2099,0.1315,0.1987,0.1248,537.2,286.65,373.1,84.675,85.2225,85.32,82.3875,83.5575,81.9975,42.8618,517.5,520,20.4201,516.32,487.85,15.0444
86.5,57.5625,3.9469,57.6,286.3575,358.0279,570.65,2.5996,4.5675,173.0295,343.02,72.2856,710.0,19.4541,600.06,600.06,9.9855,66.2248,76.7863,2.5996,4.5675,11.1253,15.7329,9.1102,173.026,343.02,710.0,71.4651,33.185,45.336,9.617,4.096,12.297,45.336,25.3355,14.8479,0.1776,0.1289,0.1316,0.129,0.2098,0.1315,0.1987,0.1248,537.2,286.55,373.0,84.645,85.17,85.305,82.335,83.5125,81.96,42.8606,517.59,520,20.4205,516.32,487.85,15.0331
86.975,57.6,4.5641,57.5625,286.965,357.9245,571.0,2.5998,4.57,174.1095,343.02,72.2856,710.0,19.4523,600.18,600.18,9.9849,66.2254,76.786,2.5998,4.57,11.1242,15.7322,9.1102,174.104,343.02,710.0,71.4882,33.185,45.702,9.617,4.092,12.298,45.702,25.3245,14.8407,0.1772,0.1288,0.1315,0.1289,0.2096,0.1314,0.1983,0.1247,537.28,286.5,372.9,84.6375,85.1175,85.29,82.335,83.5275,81.96,42.8666,517.62,520,20.4209,516.32,487.82,15.0218
86.45,57.5625,4.5641,57.6,286.8525,357.3735,571.35,2.6006,4.575,174.0825,343.05,72.285,710.08,19.4523,600.12,600.12,9.9841,66.2249,76.7833,2.6006,4.575,11.1268,15.7314,9.1113,174.076,343.05,710.08,71.5113,33.185,45.954,9.613,4.076,12.298,45.954,25.4235,14.8418,0.177,0.1286,0.1314,0.1288,0.2094,0.1314,0.1981,0.1246,537.32,286.4,372.8,84.675,85.155,85.305,82.29,83.49,81.9525,42.8649,517.71,520,20.4214,516.32,487.82,15.0104
86.55,57.5625,3.8781,57.5625,286.4925,357.4768,570.85,2.6008,4.5775,174.258,343.08,72.2842,710.16,19.4503,600.24,600.24,9.9838,66.2248,76.7818,2.6008,4.5775,11.1268,15.7337,9.1118,174.258,343.08,710.16,71.5344,33.185,46.158,9.607,4.07,12.298,46.158,25.561,14.8429,0.1771,0.1285,0.1312,0.1287,0.2091,0.1312,0.1979,0.1244,537.4,286.35,372.7,84.66,85.155,85.305,82.2975,83.5275,81.9825,42.8667,517.77,520,20.4218,516.32,487.82,14.9991
86.85,57.6,4.7609,57.6,287.01,357.9245,570.7,2.601,4.58,174.339,343.11,72.2834,710.24,19.4493,600.24,600.24,9.9842,66.224,76.78,2.601,4.58,11.1307,15.7339,9.1124,174.342,343.11,710.24,71.5576,33.185,46.314,9.602,4.09,12.297,46.314,25.6985,14.844,0.1775,0.1285,0.1311,0.1285,0.209,0.1311,0.1977,0.1243,537.48,286.25,372.6,84.6675,85.1325,85.335,82.245,83.5425,81.975,42.8644,517.86,520,20.4222,516.29,487.82,14.9878
86.25,57.5625,4.1797,57.6,286.8975,358.0967,571.35,2.6006,4.5825,174.1095,343.11,72.2842,710.08,19.4476,600.3,600.3,9.9841,66.2244,76.7803,2.6006,4.5825,11.1282,15.7342,9.1118,174.104,343.11,710.08,71.5807,33.185,46.41,9.596,4.124,12.298,46.41,25.8085,14.8537,0.1779,0.1284,0.1311,0.1285,0.2089,0.131,0.1976,0.1243,537.6,286.2,372.5,84.6375,85.1325,85.2975,82.2075,83.505,81.96,42.858,517.98,520,20.4226,516.29,487.82,14.9764
86.9,57.6,4.1797,57.5625,286.3575,357.2702,570.75,2.6008,4.585,173.367,343.14,72.2835,710.16,19.4463,600.3,600.3,9.984,66.2235,76.7788,2.6008,4.585,11.1283,15.7344,9.1118,173.362,343.14,710.16,71.6544,33.19,46.47,9.592,4.159,12.298,46.47,25.8855,14.8551,0.1781,0.1284,0.131,0.1284,0.2087,0.131,0.1975,0.1242,537.72,286.1,372.4,84.6225,85.17,85.335,82.2675,83.5125,81.99,42.8436,518.16,520,20.423,516.29,487.79,14.9651
86.55,57.6,4.625,57.525,287.01,358.0623,571.2,2.6008,4.585,173.8125,343.14,72.2832,710.16,19.4466,600.18,600.18,9.9832,66.2232,76.7778,2.6008,4.585,11.1246,15.7347,9.1124,173.81,343.14,710.16,71.6782,33.19,46.548,9.588,4.186,12.298,46.548,25.9405,14.8565,0.1783,0.1284,0.131,0.1284,0.2087,0.131,0.1975,0.1242,537.88,286.05,372.3,84.585,85.2075,85.32,82.2675,83.52,81.9525,42.836,518.28,520,20.4234,516.29,487.79,14.9538
86.85,57.525,4.625,57.6,287.1675,358.2345,571.25,2.601,4.5875,173.151,343.14,72.283,710.16,19.4451,600.24,600.24,9.9828,66.2229,76.776,2.601,4.5875,11.1272,15.7349,9.1124,173.152,343.14,710.16,71.7019,33.19,46.59,9.584,4.199,12.3,46.59,25.9845,14.8493,0.1783,0.1283,0.1309,0.1283,0.2086,0.1309,0.1974,0.1241,538.0,286.0,372.2,84.6075,85.17,85.275,82.2675,83.49,81.99,42.8242,518.43,520,20.4239,516.29,487.79,14.9424
86.15,57.6,4.0406,57.6,286.8975,357.8557,570.55,2.6006,4.5875,173.961,343.14,72.2827,710.16,19.4441,600.24,600.24,9.9825,66.2225,76.7763,2.6006,4.5875,11.1273,15.7352,9.1118,173.964,343.14,710.16,71.7763,33.195,46.644,9.581,4.206,12.302,46.644,26.023,14.8504,0.1783,0.1283,0.1309,0.1283,0.2086,0.1309,0.1974,0.1241,538.16,285.9,372.1,84.5925,85.1775,85.26,82.29,83.4525,81.975,42.8155,518.55,520,20.4243,516.29,487.79,14.9311
86.3,57.525,4.0406,57.5625,287.01,358.0279,570.75,2.6006,4.59,173.286,343.17,72.2819,710.24,19.4431,600.24,600.24,9.9822,66.2222,76.7755,2.6006,4.59,11.1311,15.7347,9.1118,173.292,343.17,710.24,71.8007,33.195,46.638,9.578,4.209,12.301,46.638,26.056,14.8515,0.1784,0.1282,0.1308,0.1283,0.2086,0.1308,0.1974,0.124,538.28,285.85,372.0,84.5925,85.1325,85.23,82.245,83.43,81.99,42.8063,518.67,520,20.4247,516.29,487.79,14.9198
86.5,57.5625,4.8359,57.5625,287.0325,358.2,570.4,2.6006,4.59,174.1635,343.17,72.2815,710.24,19.4421,600.24,600.24,9.9818,66.2219,76.7748,2.6006,4.59,11.1287,15.7354,9.1118,174.16,343.17,710.24,71.8757,33.2,46.644,9.576,4.212,12.3,46.644,26.0945,14.8526,0.1784,0.1282,0.1308,0.1283,0.2086,0.1308,0.1974,0.124,538.4,285.75,371.9,84.555,85.1625,85.2075,82.26,83.4,81.9975,42.8042,518.73,520,20.4251,516.29,487.79,14.9084
86.075,57.525,4.2188,57.525,286.7175,357.8557,570.75,2.6006,4.59,173.961,343.17,72.2811,710.24,19.4433,600.06,600.06,9.9815,66.2215,76.774,2.6006,4.59,11.1288,15.7327,9.1118,173.964,343.17,710.24,71.9007,33.2,46.578,9.574,4.215,12.301,46.578,26.1055,14.8537,0.1784,0.1282,0.1308,0.1283,0.2087,0.1308,0.1975,0.124,538.48,285.7,371.8,84.5775,85.2,85.2225,82.23,83.4525,82.035,42.8018,518.79,520,20.4255,516.29,487.79,14.8971
86.325,57.6,4.2188,57.5625,286.335,357.5113,571.2,2.6006,4.59,174.4605,343.17,72.2807,710.24,19.4438,600.0,600.0,9.9812,66.2212,76.7733,2.6006,4.59,11.1251,15.7349,9.1118,174.468,343.17,710.24,71.9257,33.2,46.482,9.574,4.218,12.301,46.482,26.111,14.8548,0.1784,0.1283,0.1309,0.1283,0.2089,0.1308,0.1975,0.124,538.52,285.6,371.75,84.555,85.2075,85.2375,82.2075,83.4975,81.99,42.8067,518.79,520,20.4259,516.29,487.79,14.8858
86.875,57.5625,4.375,57.6,287.055,357.3391,570.45,2.6,4.5875,174.123,343.14,72.281,710.16,19.4446,599.94,599.94,9.9816,66.2209,76.7748,2.6,4.5875,11.1277,15.7322,9.1113,174.132,343.14,710.16,72.0013,33.205,46.326,9.574,4.219,12.301,46.326,26.078,14.8559,0.1785,0.1283,0.1309,0.1283,0.209,0.1309,0.1977,0.1241,538.56,285.55,371.65,84.5475,85.23,85.29,82.2075,83.505,82.0125,42.8116,518.79,520,20.4264,516.29,487.79,14.8744
86.575,57.5625,3.9953,57.6,286.3575,357.6146,570.8,2.5998,4.585,173.2725,343.14,72.2807,710.16,19.4456,599.88,599.88,9.9815,66.2205,76.7755,2.5998,4.585,11.1278,15.7344,9.1108,173.264,343.14,710.16,72.0269,33.205,46.152,9.576,4.219,12.301,46.152,26.034,14.8571,0.1785,0.1284,0.131,0.1284,0.209,0.131,0.1979,0.1242,538.56,285.5,371.55,84.5325,85.23,85.32,82.2525,83.4825,81.9675,42.809,518.85,520,20.4268,516.29,487.79,14.8631
86.375,57.6,4.4734,57.5625,286.8975,357.408,570.5,2.5996,4.5825,173.5155,343.11,72.2811,710.08,19.4461,599.88,599.88,9.9814,66.2209,76.7765,2.5996,4.5825,11.1279,15.7347,9.1108,173.516,343.11,710.08,72.0526,33.205,46.026,9.578,4.212,12.301,46.026,25.9515,14.8582,0.1784,0.1285,0.1311,0.1285,0.2092,0.131,0.198,0.1243,538.6,285.4,371.45,84.5325,85.26,85.3425,82.2975,83.4975,81.9675,42.8136,518.85,520,20.4272,516.29,487.79,14.8518
86.025,57.5625,4.4734,57.5625,286.8075,357.8212,571.2,2.5996,4.58,174.042,343.11,72.281,710.08,19.4473,599.82,599.82,9.9813,66.2209,76.777,2.5996,4.58,11.1279,15.7349,9.1108,174.048,343.11,710.08,72.0782,33.205,45.888,9.581,4.197,12.303,45.888,25.8635,14.8593,0.1782,0.1285,0.1311,0.1285,0.2094,0.1311,0.1981,0.1243,538.6,285.35,371.35,84.4875,85.2225,85.35,82.3275,83.5125,81.975,42.8258,518.79,520,20.4276,516.29,487.79,14.8404
86.15,57.525,4.6844,57.6,287.1225,357.5113,571.35,2.5998,4.5775,173.799,343.08,72.2815,710.0,19.4473,599.88,599.88,9.9813,66.2208,76.7768,2.5998,4.5775,11.128,15.7352,9.1108,173.796,343.08,710.0,72.1038,33.205,45.714,9.585,4.177,12.303,45.714,25.7865,14.8604,0.1781,0.1286,0.1312,0.1286,0.2095,0.1312,0.1983,0.1244,538.56,285.25,371.25,84.5475,85.17,85.365,82.29,83.4675,81.945,42.8344,518.76,520,20.428,516.29,487.79,14.8291
86.35,57.6,4.6469,57.525,287.1675,357.4768,571.25,2.5998,4.575,174.312,343.08,72.2815,710.0,19.4486,599.82,599.82,9.9819,66.2207,76.777,2.5998,4.575,11.1281,15.7354,9.1102,174.314,343.08,710.0,72.1295,33.205,45.546,9.59,4.161,12.303,45.546,25.704,14.8615,0.178,0.1287,0.1313,0.1287,0.2098,0.1313,0.1985,0.1245,538.48,285.2,371.15,84.555,85.1325,85.3275,82.275,83.43,81.9825,42.8545,518.64,520,20.4284,516.29,487.79,14.8178
86.9,57.6,3.8687,57.6,286.335,357.9245,570.6,2.5996,4.5725,174.177,343.05,72.2821,709.92,19.4501,599.76,599.76,9.9821,66.2206,76.778,2.5996,4.5725,11.1282,15.7357,9.1096,174.188,343.05,709.92,72.1551,33.205,45.336,9.594,4.147,12.303,45.336,25.605,14.8626,0.1779,0.1288,0.1314,0.1288,0.21,0.1314,0.1987,0.1246,538.4,285.1,371.05,84.5775,85.14,85.32,82.26,83.4525,81.9375,42.8712,518.55,520,20.4288,516.29,487.79,14.8064
86.2,57.525,4.7781,57.525,286.8975,357.8557,571.1,2.5992,4.57,174.1095,343.02,72.2829,709.84,19.4526,599.64,599.64,9.9823,66.2213,76.78,2.5992,4.57,11.1282,15.7329,9.1091,174.104,343.02,709.84,72.1807,33.205,45.054,9.6,4.134,12.304,45.054,25.5005,14.8637,0.1779,0.1289,0.1315,0.129,0.2102,0.1315,0.199,0.1248,538.28,285.05,370.95,84.5775,85.17,85.35,82.23,83.445,81.9225,42.8959,518.4,520,20.4293,516.29,487.79,14.7951
86.4,57.525,4.7781,57.5625,286.56,358.2,571.25,2.599,4.565,173.4075,342.99,72.2837,709.76,19.4556,599.52,599.52,9.9832,66.2214,76.7818,2.599,4.565,11.1283,15.7322,9.1086,173.404,342.99,709.76,72.2063,33.205,44.748,9.607,4.123,12.304,44.748,25.3575,14.8648,0.1779,0.129,0.1317,0.1291,0.2105,0.1317,0.1993,0.1249,538.16,285.0,370.85,84.585,85.1175,85.335,82.275,83.4975,81.9075,42.9136,518.31,520,20.4297,516.29,487.79,14.7838
86.675,57.5625,3.9203,57.6,286.605,358.1656,570.45,2.599,4.565,173.961,342.99,72.2841,709.76,19.4546,599.76,599.76,9.9828,66.2216,76.783,2.599,4.565,11.1284,15.7314,9.1086,173.95,342.99,709.76,72.1814,33.2,44.97,9.615,4.11,12.304,44.97,25.198,14.8659,0.1774,0.129,0.1317,0.1292,0.2103,0.1317,0.1991,0.1249,538.04,284.9,370.8,84.57,85.095,85.35,82.275,83.4675,81.9075,42.9317,518.22,520,20.4301,516.29,487.79,14.7724
86.675,57.525,4.3844,57.6,286.965,357.5801,571.25,2.5996,4.565,173.799,342.99,72.2845,709.76,19.4548,599.82,599.82,9.983,66.2218,76.782,2.5996,4.565,11.1285,15.7337,9.1091,173.796,342.99,709.76,72.2064,33.2,45.06,9.617,4.07,12.305,45.06,25.1815,14.8671,0.1769,0.1289,0.1317,0.1291,0.2102,0.1317,0.199,0.1249,537.92,284.85,370.7,84.5775,85.0725,85.3275,82.32,83.4525,81.96,42.9464,518.16,520,20.4305,516.26,487.79,14.7611
86.175,57.6,4.0234,57.6,286.4475,357.6835,571.4,2.5996,4.565,174.069,342.99,72.2849,709.76,19.4533,600.0,600.0,9.9832,66.2219,76.7825,2.5996,4.565,11.1286,15.7339,9.1096,174.076,342.99,709.76,72.1807,33.195,45.114,9.618,4.033,12.305,45.114,25.2145,14.8682,0.1768,0.1289,0.1317,0.1291,0.2102,0.1316,0.1989,0.1249,537.88,284.75,370.6,84.5325,85.0575,85.335,82.3125,83.4225,81.9375,42.9651,518.07,520,20.4309,516.26,487.79,14.7498
86.1,57.6,4.6031,57.5625,287.19,357.3735,570.95,2.5996,4.565,174.1365,342.99,72.2846,709.84,19.4556,599.82,599.82,9.9833,66.2221,76.783,2.5996,4.565,11.1286,15.7342,9.1096,174.146,342.99,709.84,72.2051,33.195,45.102,9.618,4.028,12.306,45.102,25.2365,14.8693,0.1771,0.1289,0.1316,0.1291,0.2102,0.1316,0.1989,0.1249,537.8,284.7,370.5,84.5025,85.095,85.3425,82.32,83.415,81.9075,42.9804,518.01,520,20.4313,516.26,487.79,14.7384
86.75,57.6,3.9656,57.525,286.4925,357.9934,570.9,2.5996,4.565,174.204,342.99,72.2855,709.76,19.4571,599.76,599.76,9.9835,66.2223,76.7835,2.5996,4.565,11.1287,15.7344,9.1091,174.216,342.99,709.76,72.1788,33.19,45.03,9.619,4.049,12.306,45.03,25.2475,14.8704,0.1775,0.129,0.1317,0.1291,0.2103,0.1316,0.199,0.1249,537.72,284.6,370.4,84.5325,85.0575,85.38,82.2825,83.4375,81.9525,42.996,517.95,520,20.4318,516.26,487.76,14.7271
86.225,57.5625,4.4891,57.6,286.4475,357.408,571.35,2.5994,4.565,173.9205,342.99,72.2859,709.76,19.4581,599.76,599.76,9.9844,66.2224,76.7848,2.5994,4.565,11.1288,15.7347,9.1091,173.908,342.99,709.76,72.2026,33.19,44.91,9.621,4.078,12.307,44.91,25.2255,14.8715,0.1778,0.129,0.1317,0.1292,0.2104,0.1317,0.1991,0.1249,537.68,284.55,370.3,84.495,85.02,85.38,82.275,83.4,81.9675,43.008,517.92,520,20.4322,516.26,487.76,14.7158
86.55,57.5625,4.4891,57.5625,286.335,357.4424,570.55,2.5994,4.5625,173.5695,342.99,72.2862,709.76,19.4576,599.88,599.88,9.9848,66.2226,76.7855,2.5994,4.5625,11.1289,15.7349,9.1086,173.558,342.99,709.76,72.2263,33.19,44.808,9.624,4.099,12.307,44.808,25.176,14.8726,0.1779,0.1291,0.1318,0.1292,0.2104,0.1318,0.1992,0.125,537.6,284.5,370.2,84.51,85.0575,85.3575,82.2975,83.4225,81.96,43.0202,517.89,520,20.4326,516.26,487.76,14.7044
86.175,57.6,4.0141,57.6,287.055,357.408,570.6,2.5994,4.5625,173.934,342.99,72.2854,709.92,19.4573,599.94,599.94,9.9845,66.2228,76.7863,2.5994,4.5625,11.1289,15.7352,9.1091,173.936,342.99,709.92,72.1995,33.185,45.012,9.627,4.104,12.308,45.012,25.11,14.8737,0.1776,0.1291,0.1318,0.1292,0.2103,0.1318,0.199,0.125,537.6,284.4,370.1,84.495,85.065,85.4025,82.305,83.4675,82.005,43.0325,517.86,520,20.433,516.26,487.76,14.6931
86.925,57.525,4.0141,57.5625,287.1,358.0967,571.0,2.5994,4.565,173.556,342.99,72.2855,709.92,19.4576,599.94,599.94,9.9847,66.2229,76.787,2.5994,4.565,11.129,15.7354,9.1091,173.558,342.99,709.92,72.2226,33.185,45.126,9.626,4.084,12.308,45.126,25.1375,14.8748,0.1773,0.129,0.1317,0.1292,0.2102,0.1317,0.1989,0.1249,537.56,284.35,370.0,84.495,85.1025,85.4325,82.305,83.4975,82.0125,43.0411,517.86,520,20.4334,516.23,487.76,14.6818
86.425,57.5625,4.2391,57.525,286.4925,357.3391,570.9,2.6,4.565,174.285,342.99,72.2856,709.92,19.4571,600.0,600.0,9.9848,66.2231,76.7855,2.6,4.565,11.1291,15.7357,9.1096,174.286,342.99,709.92,72.2457,33.185,45.24,9.625,4.064,12.309,45.24,25.187,14.8759,0.1772,0.1289,0.1317,0.1291,0.2101,0.1316,0.1988,0.1249,537.6,284.25,369.95,84.5325,85.1325,85.4625,82.3125,83.52,82.005,43.0498,517.86,520,20.4338,516.23,487.76,14.6704
86.625,57.6,4.0469,57.6,286.2225,357.5113,570.7,2.6002,4.5675,173.7315,343.02,72.2851,710.0,19.4563,600.06,600.06,9.985,66.2233,76.7848,2.6002,4.5675,11.1292,15.7329,9.1102,173.726,343.02,710.0,72.2182,33.18,45.318,9.623,4.064,12.309,45.318,25.242,14.877,0.1774,0.1289,0.1316,0.129,0.2099,0.1316,0.1987,0.1248,537.56,284.2,369.85,84.57,85.1625,85.425,82.35,83.505,81.9975,43.0509,517.92,520,20.4343,516.23,487.76,14.6591
86.775,57.5625,4.8359,57.5625,286.8525,358.0623,571.05,2.6002,4.5675,174.1095,343.02,72.2851,710.0,19.4561,600.06,600.06,9.9852,66.2234,76.7845,2.6002,4.5675,11.1293,15.7322,9.1102,174.118,343.02,710.0,72.2407,33.18,45.414,9.621,4.08,12.309,45.414,25.297,14.8782,0.1776,0.1289,0.1316,0.129,0.2099,0.1315,0.1986,0.1248,537.64,284.1,369.75,84.5925,85.17,85.4175,82.35,83.475,81.99,43.0555,517.95,520,20.4347,516.23,487.73,14.6478
86.95,57.6,4.0906,57.525,286.6275,357.7523,571.4,2.6004,4.57,173.772,343.02,72.2851,710.0,19.4551,600.12,600.12,9.9853,66.2236,76.7835,2.6004,4.57,11.1293,15.7314,9.1108,173.768,343.02,710.0,72.2632,33.18,45.486,9.619,4.102,12.31,45.486,25.341,14.8793,0.1778,0.1288,0.1315,0.1289,0.2098,0.1315,0.1986,0.1247,537.64,284.05,369.65,84.6225,85.1925,85.4325,82.3725,83.4375,81.99,43.0563,518.01,520,20.4351,516.23,487.73,14.6364
86.7,57.5625,4.0906,57.6375,287.145,357.8901,570.9,2.5998,4.57,174.096,343.05,72.2851,710.0,19.4546,600.12,600.12,9.9848,66.2238,76.7853,2.5998,4.57,11.1294,15.7337,9.1102,174.09,343.05,710.0,72.2351,33.175,45.552,9.617,4.121,12.31,45.552,25.385,14.8804,0.178,0.1288,0.1315,0.1289,0.2098,0.1314,0.1985,0.1247,537.72,284.0,369.55,84.615,85.185,85.4025,82.3875,83.445,81.9675,43.0606,518.04,520,20.4355,516.23,487.73,14.6251
86.85,57.6,4.2047,57.5625,286.4925,357.649,570.5,2.6,4.5725,173.421,343.05,72.2845,710.08,19.4541,600.12,600.12,9.9847,66.224,76.7848,2.6,4.5725,11.1295,15.7339,9.1102,173.432,343.05,710.08,72.257,33.175,45.594,9.615,4.135,12.311,45.594,25.418,14.8815,0.1781,0.1288,0.1315,0.1289,0.2097,0.1314,0.1984,0.1247,537.76,283.9,369.45,84.63,85.14,85.35,82.425,83.4075,81.9975,43.0572,518.13,520,20.4359,516.23,487.73,14.6138
86.6,57.525,4.1828,57.6,286.9875,357.5113,570.5,2.6,4.5725,174.015,343.05,72.2844,710.08,19.4528,600.18,600.18,9.9846,66.2241,76.7848,2.6,4.5725,11.1296,15.7342,9.1102,174.02,343.05,710.08,72.2788,33.175,45.654,9.614,4.145,12.311,45.654,25.4455,14.8826,0.1781,0.1288,0.1314,0.1288,0.2097,0.1314,0.1984,0.1247,537.84,283.85,369.35,84.6,85.1775,85.38,82.365,83.4075,82.02,43.0573,518.19,520,20.4363,516.2,487.73,14.6024
86.675,57.525,4.7906,57.5625,286.92,357.3735,570.9,2.6006,4.5725,174.285,343.05,72.2842,710.08,19.4543,600.0,600.0,9.9853,66.2243,76.7825,2.6006,4.5725,11.1297,15.7344,9.1108,174.286,343.05,710.08,72.3007,33.175,45.672,9.612,4.15,12.312,45.672,25.4675,14.8837,0.1782,0.1288,0.1314,0.1288,0.2097,0.1314,0.1984,0.1246,537.92,283.75,369.25,84.5925,85.2,85.3575,82.35,83.3775,81.9825,43.0608,518.22,520,20.4367,516.2,487.73,14.5911
86.125,57.6,4.7906,57.525,286.965,358.0279,570.6,2.6,4.5725,174.2985,343.05,72.2854,709.92,19.4543,600.0,600.0,9.9854,66.2237,76.784,2.6,4.5725,11.1297,15.7347,9.1102,174.3,343.05,709.92,72.3226,33.175,45.648,9.611,4.155,12.312,45.648,25.484,14.8762,0.1782,0.1288,0.1314,0.1288,0.2097,0.1314,0.1984,0.1246,537.92,283.7,369.2,84.555,85.1775,85.365,82.3875,83.34,81.9825,43.0643,518.25,520,20.4372,516.2,487.73,14.5798
86.825,57.5625,4.5031,57.5625,286.4025,357.8557,571.2,2.6,4.5725,174.177,343.05,72.2855,709.92,19.4543,600.0,600.0,9.9856,66.2244,76.784,2.6,4.5725,11.1298,15.7349,9.1102,174.174,343.05,709.92,72.3445,33.175,45.6,9.61,4.162,12.312,45.6,25.4895,14.8771,0.1784,0.1288,0.1314,0.1288,0.2098,0.1314,0.1984,0.1246,537.96,283.65,369.1,84.5625,85.14,85.335,82.3425,83.325,81.93,43.0714,518.25,520,20.4376,516.2,487.73,14.5684
86.4,57.6,4.5125,57.525,286.8075,358.1656,570.75,2.6,4.5725,173.7315,343.05,72.2856,709.92,19.4543,600.0,600.0,9.985,66.2245,76.784,2.6,4.5725,11.1299,15.7352,9.1102,173.726,343.05,709.92,72.3663,33.175,45.552,9.61,4.168,12.312,45.552,25.4785,14.8779,0.1784,0.1288,0.1314,0.1288,0.2098,0.1314,0.1985,0.1247,538.0,283.55,369.0,84.5625,85.1175,85.35,82.3275,83.3175,81.9675,43.0709,518.31,520,20.438,516.2,487.73,14.5571
86.875,57.525,4.0156,57.5625,286.7625,357.8557,570.95,2.6,4.5725,173.7855,343.05,72.2845,710.08,19.4551,599.94,599.94,9.9849,66.2247,76.784,2.6,4.5725,11.13,15.7354,9.1102,173.782,343.05,710.08,72.3882,33.175,45.516,9.61,4.17,12.311,45.516,25.4675,14.8787,0.1784,0.1288,0.1315,0.1289,0.2098,0.1314,0.1985,0.1247,538.04,283.5,368.9,84.5325,85.0725,85.365,82.35,83.31,81.9375,43.074,518.34,520,20.4384,516.2,487.7,14.5458
86.525,57.5625,4.0156,57.6,286.965,358.1312,571.3,2.6,4.57,173.8395,343.05,72.285,710.0,19.4553,599.94,599.94,9.9848,66.2249,76.784,2.6,4.57,11.13,15.7357,9.1102,173.838,343.05,710.0,72.4101,33.175,45.492,9.611,4.166,12.311,45.492,25.4455,14.8796,0.1783,0.1288,0.1315,0.1289,0.2098,0.1314,0.1986,0.1247,538.08,283.4,368.8,84.495,85.1025,85.41,82.3425,83.3475,81.975,43.0769,518.37,520,20.4388,516.2,487.7,14.5344
86.3,57.5625,4.3203,57.6,286.3575,357.5113,571.4,2.5998,4.57,174.2715,343.02,72.285,710.0,19.4556,599.94,599.94,9.9848,66.225,76.7848,2.5998,4.57,11.1301,15.7329,9.1102,174.272,343.02,710.0,72.432,33.175,45.456,9.611,4.159,12.311,45.456,25.429,14.889,0.1782,0.1289,0.1315,0.1289,0.2099,0.1314,0.1986,0.1247,538.12,283.35,368.7,84.4725,85.1025,85.4025,82.38,83.3925,82.005,43.0835,518.37,520,20.4392,516.2,487.7,14.5231
86.6,57.5625,4.3203,57.5625,287.1675,357.9245,571.2,2.5998,4.57,173.2185,343.02,72.2862,709.84,19.4543,600.06,600.06,9.9854,66.2252,76.785,2.5998,4.57,11.1302,15.7322,9.1096,173.222,343.02,709.84,72.4032,33.17,45.402,9.612,4.153,12.311,45.402,25.4125,14.8901,0.1782,0.1289,0.1315,0.1289,0.2098,0.1314,0.1987,0.1247,538.08,283.3,368.6,84.51,85.0575,85.4175,82.365,83.43,82.02,43.0826,518.43,520,20.4397,516.2,487.7,14.5118
86.875,57.6,3.9047,57.5625,286.3575,357.408,571.35,2.5998,4.57,173.6235,343.02,72.2859,709.92,19.4533,600.12,600.12,9.9856,66.2254,76.7853,2.5998,4.57,11.1265,15.7314,9.1096,173.614,343.02,709.92,72.4244,33.17,45.504,9.613,4.151,12.311,45.504,25.3905,14.8912,0.1781,0.1288,0.1315,0.1289,0.2098,0.1314,0.1985,0.1247,538.16,283.2,368.5,84.54,85.0725,85.4175,82.395,83.445,82.005,43.0852,518.46,520,20.4401,516.2,487.7,14.5004
86.8,57.6,4.4656,57.5625,286.56,357.408,571.45,2.6,4.5725,173.6775,343.05,72.286,709.92,19.4528,600.12,600.12,9.9858,66.2248,76.7848,2.6,4.5725,11.1254,15.7337,9.1108,173.67,343.05,709.92,72.4457,33.17,45.582,9.612,4.143,12.313,45.582,25.396,14.8837,0.178,0.1288,0.1315,0.1289,0.2097,0.1314,0.1984,0.1247,538.2,283.15,368.4,84.5625,85.1175,85.3575,82.3575,83.4075,82.005,43.0839,518.52,520,20.4405,516.2,487.7,14.4891
86.275,57.525,4.4656,57.5625,286.47,357.3391,571.45,2.6006,4.5725,174.069,343.05,72.2849,710.08,19.4538,600.0,600.0,9.9852,66.2247,76.7825,2.6006,4.5725,11.1242,15.7339,9.1113,174.076,343.05,710.08,72.4669,33.17,45.648,9.611,4.136,12.314,45.648,25.4235,14.8846,0.178,0.1288,0.1314,0.1288,0.2097,0.1314,0.1984,0.1246,538.24,283.05,368.35,84.585,85.125,85.3275,82.3725,83.43,82.0425,43.0899,518.52,520,20.4409,516.2,487.7,14.4778
86.35,57.6,3.9719,57.6375,286.8975,357.6146,570.55,2.6006,4.5725,174.1635,343.05,72.2847,710.08,19.4538,600.0,600.0,9.9851,66.2246,76.7818,2.6006,4.5725,11.1268,15.7334,9.1113,174.16,343.05,710.08,72.4882,33.17,45.684,9.609,4.138,12.314,45.684,25.4565,14.8854,0.1781,0.1287,0.1314,0.1288,0.2096,0.1314,0.1984,0.1246,538.28,283.0,368.25,84.5775,85.1475,85.335,82.335,83.4825,82.02,43.0921,518.55,520,20.4413,516.2,487.7,14.4664
86.225,57.5625,3.9719,57.6,286.8075,357.8901,570.85,2.6002,4.575,174.123,343.05,72.2846,710.08,19.4531,600.06,600.06,9.985,66.2245,76.7825,2.6002,4.575,11.1268,15.7342,9.1108,174.132,343.05,710.08,72.4588,33.165,45.69,9.608,4.148,12.312,45.69,25.4895,14.8862,0.1782,0.1287,0.1314,0.1288,0.2096,0.1314,0.1984,0.1246,538.28,282.9,368.15,84.555,85.1325,85.3425,82.3725,83.52,82.005,43.0942,518.58,520,20.4417,516.2,487.7,14.4551
86.475,57.5625,4.0672,57.5625,286.515,357.5113,571.4,2.6002,4.575,173.961,343.05,72.2857,709.92,19.4536,600.0,600.0,9.9849,66.2245,76.7823,2.6002,4.575,11.1299,15.7337,9.1108,173.964,343.05,709.92,72.4795,33.165,45.678,9.607,4.161,12.312,45.678,25.5115,14.8871,0.1784,0.1287,0.1314,0.1288,0.2096,0.1314,0.1984,0.1246,538.32,282.85,368.05,84.525,85.11,85.3425,82.3875,83.4675,82.0425,43.0962,518.61,520,20.4422,516.2,487.7,14.4438
86.175,57.5625,3.9312,57.525,286.785,357.7868,570.9,2.6002,4.575,173.6775,343.05,72.2859,709.92,19.4536,600.0,600.0,9.9849,66.2244,76.782,2.6002,4.575,11.128,15.7337,9.1108,173.684,343.05,709.92,72.5001,33.165,45.666,9.606,4.172,12.313,45.666,25.517,14.8879,0.1784,0.1287,0.1314,0.1288,0.2096,0.1314,0.1984,0.1246,538.36,282.8,367.95,84.57,85.125,85.2975,82.4175,83.445,82.08,43.098,518.64,520,20.4426,516.2,487.7,14.4324
86.825,57.6,4.0469,57.6,286.74,358.2689,570.65,2.6002,4.575,173.8125,343.05,72.286,709.92,19.4536,600.0,600.0,9.9848,66.2243,76.7818,2.6002,4.575,11.1281,15.7337,9.1108,173.81,343.05,709.92,72.5207,33.165,45.666,9.606,4.176,12.313,45.666,25.517,14.8887,0.1784,0.1287,0.1314,0.1288,0.2096,0.1314,0.1984,0.1246,538.4,282.7,367.85,84.525,85.095,85.2525,82.3875,83.4225,82.0875,43.096,518.7,520,20.443,516.2,487.7,14.4211
86.35,57.6,4.7125,57.6,286.4025,357.9934,571.05,2.6002,4.575,173.664,343.05,72.2849,710.08,19.4536,600.0,600.0,9.9854,66.2242,76.7815,2.6002,4.575,11.1282,15.7337,9.1108,173.656,343.05,710.08,72.5413,33.165,45.66,9.605,4.176,12.313,45.66,25.5115,14.8896,0.1784,0.1287,0.1314,0.1288,0.2096,0.1314,0.1984,0.1246,538.44,282.65,367.75,84.51,85.1025,85.29,82.335,83.445,82.1175,43.0975,518.73,520,20.4434,516.2,487.7,14.4098
86.8,57.5625,4.7125,57.5625,286.4025,358.3034,570.9,2.6002,4.575,173.691,343.05,72.2847,710.08,19.4536,600.0,600.0,9.9856,66.2241,76.7813,2.6002,4.575,11.1282,15.7337,9.1108,173.684,343.05,710.08,72.562,33.165,45.654,9.605,4.173,12.313,45.654,25.5115,14.8904,0.1784,0.1287,0.1314,0.1288,0.2096,0.1314,0.1984,0.1246,538.48,282.55,367.65,84.4725,85.08,85.3125,82.3425,83.4825,82.14,43.0989,518.76,520,20.4438,516.2,487.7,14.3984
86.45,57.525,4.7703,57.525,286.7625,357.9245,570.6,2.6002,4.575,174.123,343.05,72.2846,710.08,19.4536,600.0,600.0,9.9858,66.224,76.781,2.6002,4.575,11.1283,15.7337,9.1108,174.118,343.05,710.08,72.5826,33.165,45.648,9.605,4.171,12.313,45.648,25.5115,14.8912,0.1783,0.1287,0.1314,0.1288,0.2097,0.1314,0.1984,0.1246,538.52,282.5,367.6,84.4725,85.0875,85.305,82.38,83.52,82.1175,43.1039,518.76,520,20.4442,516.2,487.7,14.3871
86.55,57.5625,4.6813,57.5625,286.3575,357.649,570.6,2.6002,4.575,174.15,343.05,72.2857,709.92,19.4536,600.0,600.0,9.9852,66.224,76.7808,2.6002,4.575,11.1284,15.7337,9.1102,174.146,343.05,709.92,72.6032,33.165,45.606,9.605,4.169,12.313,45.606,25.5115,14.8921,0.1784,0.1287,0.1314,0.1288,0.2097,0.1314,0.1984,0.1246,538.52,282.45,367.5,84.5325,85.0575,85.35,82.41,83.505,82.0875,43.1089,518.76,520,20.4446,516.2,487.7,14.3758
86.175,57.5625,4.6188,57.525,286.9425,357.5457,570.7,2.6,4.5725,174.312,343.05,72.2859,709.92,19.4536,600.0,600.0,9.9851,66.2239,76.7813,2.6,4.5725,11.1285,15.7337,9.1102,174.314,343.05,709.92,72.5732,33.16,45.546,9.605,4.171,12.314,45.546,25.5005,14.8843,0.1784,0.1288,0.1314,0.1288,0.2098,0.1314,0.1985,0.1246,538.52,282.35,367.4,84.5475,85.08,85.335,82.395,83.5275,82.0575,43.1176,518.73,520,20.4451,516.2,487.7,14.3644
86.4,57.5625,4.3516,57.6375,286.5375,357.3391,570.7,2.6,4.5725,174.1095,343.05,72.286,709.92,19.4543,599.94,599.94,9.985,66.2245,76.7813,2.6,4.5725,11.1285,15.7337,9.1102,174.104,343.05,709.92,72.5932,33.16,45.462,9.606,4.173,12.314,45.462,25.473,14.8848,0.1784,0.1288,0.1314,0.1288,0.2098,0.1314,0.1986,0.1246,538.48,282.3,367.3,84.5625,85.11,85.32,82.4025,83.565,82.035,43.1228,518.73,520,20.4455,516.2,487.7,14.3531
86.375,57.6,4.3516,57.6,286.3125,357.7179,570.85,2.6,4.5725,173.475,343.05,72.2849,710.08,19.4546,599.94,599.94,9.9849,66.2247,76.7813,2.6,4.5725,11.1286,15.7337,9.1102,173.474,343.05,710.08,72.6132,33.16,45.384,9.608,4.173,12.314,45.384,25.44,14.8854,0.1784,0.1288,0.1315,0.1289,0.2098,0.1314,0.1986,0.1247,538.48,282.2,367.2,84.6075,85.1025,85.365,82.425,83.52,82.035,43.1279,518.73,520,20.4459,516.2,487.7,14.3418
86.925,57.525,4.1719,57.6,287.0775,358.2,570.9,2.5998,4.57,173.8395,343.02,72.2854,710.0,19.4556,599.88,599.88,9.9849,66.2249,76.782,2.5998,4.57,11.1287,15.7337,9.1102,173.838,343.02,710.0,72.6332,33.16,45.348,9.609,4.17,12.312,45.348,25.407,14.8946,0.1784,0.1289,0.1315,0.1289,0.2099,0.1314,0.1987,0.1247,538.48,282.15,367.1,84.6225,85.125,85.35,82.38,83.5575,82.005,43.133,518.73,520,20.4463,516.2,487.7,14.3304
86.5,57.6,3.9328,57.6,286.3575,357.6835,571.2,2.5998,4.57,174.069,343.02,72.2854,710.0,19.4561,599.88,599.88,9.9848,66.225,76.7823,2.5998,4.57,11.1288,15.7337,9.1102,174.062,343.02,710.0,72.6532,33.16,45.3,9.611,4.161,12.312,45.3,25.374,14.8954,0.1782,0.1289,0.1315,0.129,0.21,0.1315,0.1987,0.1247,538.48,282.1,367.0,84.585,85.1475,85.38,82.41,83.595,82.035,43.1419,518.7,520,20.4467,516.2,487.7,14.3191
86.45,57.525,4.5031,57.6,286.4475,357.6835,570.65,2.5998,4.5675,174.1635,343.02,72.2866,709.84,19.4566,599.88,599.88,9.9854,66.2252,76.7825,2.5998,4.5675,11.1289,15.7344,9.1096,174.16,343.02,709.84,72.6225,33.155,45.24,9.613,4.151,12.313,45.24,25.341,14.8962,0.1782,0.1289,0.1316,0.129,0.2101,0.1315,0.1988,0.1248,538.44,282.0,366.9,84.6,85.155,85.38,82.4325,83.5425,81.99,43.1509,518.67,520,20.4471,516.2,487.7,14.3078
86.45,57.525,4.5031,57.6,286.56,357.9934,571.1,2.5996,4.5675,173.556,343.02,72.2856,710.0,19.4556,600.0,600.0,9.9856,66.2254,76.7835,2.5996,4.5675,11.1289,15.7347,9.1096,173.558,343.02,710.0,72.6419,33.155,45.168,9.615,4.146,12.314,45.168,25.308,14.8971,0.1782,0.1289,0.1316,0.129,0.2101,0.1316,0.1989,0.1248,538.4,281.95,366.85,84.6,85.1325,85.41,82.4625,83.5725,81.9525,43.1563,518.67,520,20.4476,516.2,487.7,14.2964
86.3,57.525,4.0531,57.5625,286.4475,357.408,571.15,2.5996,4.5675,173.637,343.02,72.2856,710.0,19.4556,600.0,600.0,9.9858,66.2248,76.784,2.5996,4.5675,11.129,15.7342,9.1102,173.628,343.02,710.0,72.6613,33.155,45.144,9.617,4.143,12.315,45.144,25.2695,14.8893,0.1782,0.129,0.1316,0.1291,0.2101,0.1316,0.1989,0.1248,538.4,281.85,366.75,84.585,85.095,85.3575,82.4025,83.61,81.96,43.1654,518.64,520,20.448,516.2,487.7,14.2851
86.625,57.5625,4.6188,57.5625,287.0325,357.5113,571.3,2.5996,4.565,173.745,342.99,72.2862,709.92,19.4556,600.0,600.0,9.9852,66.2247,76.7845,2.5996,4.565,11.1291,15.7342,9.1102,173.74,342.99,709.92,72.63,33.15,45.126,9.618,4.138,12.315,45.126,25.231,14.8898,0.1781,0.129,0.1317,0.1291,0.2102,0.1316,0.1989,0.1249,538.4,281.8,366.65,84.5925,85.065,85.365,82.3575,83.6475,81.93,43.1709,518.64,520,20.4484,516.2,487.7,14.2738
86.825,57.525,4.6188,57.5625,287.1,358.0279,570.8,2.5996,4.565,173.529,342.99,72.2864,709.92,19.4563,599.94,599.94,9.9851,66.2246,76.785,2.5996,4.565,11.1292,15.7349,9.1096,173.53,342.99,709.92,72.6488,33.15,45.102,9.619,4.133,12.315,45.102,25.209,14.8904,0.1781,0.129,0.1317,0.1291,0.2102,0.1316,0.1989,0.1249,538.36,281.75,366.55,84.6225,85.0575,85.35,82.4025,83.6025,81.915,43.1764,518.64,520,20.4488,516.2,487.7,14.2624
86.425,57.525,4.0031,57.6,286.47,358.2,570.7,2.5996,4.565,173.7315,342.99,72.2865,709.92,19.4558,600.0,600.0,9.985,66.2253,76.7855,2.5996,4.565,11.1293,15.7352,9.1096,173.726,342.99,709.92,72.6169,33.145,45.186,9.621,4.129,12.313,45.186,25.2035,14.8909,0.178,0.129,0.1317,0.1291,0.2101,0.1316,0.1988,0.1249,538.36,281.65,366.45,84.645,85.095,85.3125,82.4325,83.5575,81.9525,43.1819,518.64,520,20.4492,516.2,487.7,14.2511
86.075,57.6,4.0031,57.5625,286.515,357.3391,571.4,2.5996,4.5675,174.1095,343.02,72.286,710.0,19.4558,600.0,600.0,9.9849,66.2255,76.786,2.5996,4.5675,11.1293,15.7354,9.1096,174.118,343.02,710.0,72.6351,33.145,45.264,9.62,4.124,12.313,45.264,25.2255,14.8915,0.1779,0.1289,0.1316,0.1291,0.2101,0.1316,0.1988,0.1248,538.36,281.6,366.4,84.6,85.14,85.3125,82.3875,83.5875,82.005,43.1912,518.61,520,20.4496,516.2,487.7,14.2398
86.025,57.6,4.0969,57.5625,286.83,357.7523,571.3,2.6002,4.5675,173.4885,343.02,72.286,710.0,19.4551,600.06,600.06,9.9849,66.2256,76.7843,2.6002,4.5675,11.1294,15.7357,9.1102,173.488,343.02,710.0,72.6532,33.145,45.318,9.619,4.122,12.315,45.318,25.253,14.892,0.178,0.1289,0.1316,0.129,0.2099,0.1315,0.1987,0.1248,538.36,281.55,366.3,84.57,85.1475,85.3125,82.4025,83.5425,82.0275,43.193,518.64,520,20.4501,516.2,487.7,14.2284
86.4,57.5625,4.4797,57.6,286.425,357.6146,570.65,2.6002,4.57,174.0555,343.02,72.286,710.0,19.4548,600.06,600.06,9.9848,66.2251,76.784,2.6002,4.57,11.1295,15.7329,9.1113,174.062,343.02,710.0,72.6207,33.14,45.402,9.618,4.127,12.315,45.402,25.2915,14.8926,0.1781,0.1289,0.1316,0.129,0.2099,0.1315,0.1986,0.1248,538.4,281.45,366.2,84.5625,85.14,85.275,82.4025,83.565,81.9975,43.1948,518.67,520,20.4505,516.2,487.7,14.2171
86.85,57.525,4.4797,57.525,286.7175,357.6146,570.85,2.6004,4.57,173.8395,343.02,72.286,710.0,19.4538,600.12,600.12,9.9854,66.225,76.783,2.6004,4.57,11.1296,15.7322,9.1113,173.838,343.02,710.0,72.6382,33.14,45.45,9.616,4.136,12.315,45.45,25.3245,14.8932,0.1781,0.1289,0.1315,0.1289,0.2098,0.1315,0.1986,0.1247,538.4,281.4,366.1,84.5775,85.1475,85.2975,82.365,83.535,82.02,43.1964,518.7,520,20.4509,516.2,487.7,14.2058
86.825,57.6,4.0703,57.6,287.235,357.6835,571.25,2.6,4.57,173.907,343.05,72.286,710.0,19.4533,600.12,600.12,9.9856,66.2249,76.784,2.6,4.57,11.1296,15.7314,9.1108,173.908,343.05,710.0,72.6557,33.14,45.51,9.615,4.146,12.315,45.51,25.363,14.8937,0.1782,0.1288,0.1315,0.1289,0.2098,0.1314,0.1985,0.1247,538.44,281.35,366.0,84.6075,85.1775,85.32,82.38,83.5275,81.9675,43.1979,518.73,520,20.4513,516.2,487.7,14.1944
86.35,57.6,4.0703,57.525,286.8075,358.0967,570.75,2.6,4.5725,174.069,343.05,72.2853,710.08,19.4543,600.0,600.0,9.9858,66.2248,76.784,2.6,4.5725,11.1297,15.7337,9.1108,174.062,343.05,710.08,72.6732,33.14,45.546,9.614,4.156,12.315,45.546,25.3905,14.8943,0.1784,0.1288,0.1315,0.1289,0.2098,0.1314,0.1985,0.1247,538.48,281.25,365.9,84.57,85.1925,85.3425,82.4025,83.49,81.96,43.1993,518.76,520,20.4517,516.2,487.7,14.1831
86.975,57.525,4.3672,57.6,286.8525,357.9934,571.45,2.6,4.5725,173.907,343.05,72.2852,710.08,19.4543,600.0,600.0,9.9852,66.2255,76.784,2.6,4.5725,11.1298,15.7339,9.1102,173.908,343.05,710.08,72.6401,33.135,45.564,9.612,4.165,12.315,45.564,25.418,14.8948,0.1784,0.1288,0.1314,0.1289,0.2098,0.1314,0.1985,0.1246,538.48,281.2,365.85,84.5925,85.155,85.3575,82.38,83.46,82.0125,43.2005,518.79,520,20.4521,516.2,487.7,14.1718
86.05,57.5625,4.4641,57.5625,286.56,357.8901,570.75,2.6,4.5725,174.3525,343.05,72.2851,710.08,19.4543,600.0,600.0,9.9851,66.2256,76.784,2.6,4.5725,11.1299,15.7342,9.1102,174.342,343.05,710.08,72.6569,33.135,45.576,9.611,4.173,12.315,45.576,25.44,14.8954,0.1785,0.1288,0.1314,0.1288,0.2098,0.1314,0.1985,0.1246,538.52,281.1,365.75,84.585,85.1475,85.335,82.3425,83.415,82.035,43.2054,518.79,520,20.4525,516.2,487.7,14.1604
86.775,57.525,3.9812,57.6,286.74,357.5801,571.25,2.6,4.5725,173.88,343.05,72.285,710.08,19.4543,600.0,600.0,9.985,66.2258,76.784,2.6,4.5725,11.13,15.7344,9.1102,173.88,343.05,710.08,72.6738,33.135,45.546,9.61,4.178,12.315,45.546,25.4455,14.8959,0.1785,0.1288,0.1314,0.1288,0.2098,0.1314,0.1985,0.1246,538.52,281.05,365.65,84.63,85.1175,85.365,82.365,83.43,82.08,43.2065,518.82,520,20.453,516.2,487.7,14.1491
86.675,57.5625,3.9812,57.5625,286.7175,357.6146,570.95,2.6,4.5725,174.096,343.05,72.2849,710.08,19.4551,599.94,599.94,9.9849,66.2252,76.784,2.6,4.5725,11.13,15.7347,9.1108,174.104,343.05,710.08,72.6907,33.135,45.528,9.61,4.183,12.315,45.528,25.451,14.9051,0.1786,0.1288,0.1314,0.1289,0.2098,0.1314,0.1985,0.1246,538.56,280.95,365.55,84.5775,85.08,85.3125,82.3575,83.445,82.0575,43.2113,518.82,520,20.4534,516.2,487.7,14.1378
86.425,57.5625,4.0484,57.6,287.28,358.3723,571.05,2.6,4.5725,173.8125,343.05,72.2847,710.08,19.4553,599.94,599.94,9.9849,66.2251,76.784,2.6,4.5725,11.1301,15.7349,9.1113,173.81,343.05,710.08,72.7076,33.135,45.492,9.61,4.185,12.316,45.492,25.4345,14.8973,0.1786,0.1288,0.1315,0.1289,0.2098,0.1314,0.1985,0.1247,538.6,280.9,365.45,84.585,85.0575,85.365,82.305,83.4675,82.02,43.2123,518.85,520,20.4538,516.2,487.7,14.1264
86.95,57.5625,4.3547,57.5625,286.4475,357.649,570.65,2.6,4.5725,174.1905,343.05,72.2859,709.92,19.4556,599.94,599.94,9.9848,66.2251,76.784,2.6,4.5725,11.1302,15.7344,9.1108,174.188,343.05,709.92,72.7244,33.135,45.462,9.61,4.184,12.316,45.462,25.4235,14.8979,0.1786,0.1288,0.1315,0.1289,0.2098,0.1314,0.1986,0.1247,538.6,280.85,365.35,84.5475,85.065,85.335,82.3425,83.43,82.035,43.217,518.85,520,20.4542,516.2,487.7,14.1151
86.175,57.5625,4.3547,57.6,286.65,358.0967,571.15,2.6,4.57,174.1905,343.02,72.286,709.92,19.4543,600.06,600.06,9.9854,66.225,76.784,2.6,4.57,11.1265,15.7352,9.1108,174.188,343.02,709.92,72.6907,33.13,45.414,9.611,4.182,12.318,45.414,25.396,14.8984,0.1785,0.1289,0.1315,0.1289,0.2099,0.1314,0.1986,0.1247,538.6,280.75,365.25,84.57,85.0575,85.3575,82.3875,83.4525,82.08,43.2216,518.85,520,20.4546,516.2,487.7,14.1038
86.275,57.6,3.9156,57.5625,286.7625,358.0623,571.6,2.5998,4.57,173.9745,343.02,72.2867,709.84,19.4541,600.06,600.06,9.9856,66.2249,76.7848,2.5998,4.57,11.1253,15.7354,9.1102,173.978,343.02,709.84,72.707,33.13,45.354,9.612,4.18,12.316,45.354,25.3795,14.899,0.1786,0.1289,0.1315,0.1289,0.2099,0.1315,0.1987,0.1247,538.6,280.7,365.15,84.5475,85.0575,85.3275,82.3275,83.475,82.0275,43.2262,518.85,520,20.455,516.2,487.7,14.0924
86.2,57.6,4.3484,57.6,287.235,357.6146,571.45,2.5998,4.57,173.664,343.02,72.2857,710.0,19.4538,600.06,600.06,9.9858,66.2248,76.785,2.5998,4.57,11.1242,15.7357,9.1102,173.67,343.02,710.0,72.7232,33.13,45.3,9.613,4.178,12.316,45.3,25.3575,14.8995,0.1785,0.1289,0.1315,0.1289,0.2099,0.1315,0.1987,0.1247,538.6,280.65,365.1,84.5175,85.035,85.3275,82.3425,83.475,82.035,43.2271,518.88,520,20.4555,516.2,487.7,14.0811
86.075,57.5625,4.0,57.525,286.4475,357.959,571.3,2.5998,4.57,174.0015,343.02,72.2857,710.0,19.4558,599.88,599.88,9.9852,66.2255,76.7853,2.5998,4.57,11.1268,15.7329,9.1096,174.006,343.02,710.0,72.7395,33.13,45.276,9.614,4.174,12.316,45.276,25.3245,14.9001,0.1785,0.1289,0.1316,0.129,0.21,0.1315,0.1988,0.1248,538.6,280.55,365.0,84.5625,85.08,85.365,82.3875,83.4525,82.0425,43.2354,518.85,520,20.4559,516.2,487.7,14.0698
86.75,57.525,4.8203,57.6,287.3025,357.6835,570.8,2.5998,4.5675,174.1095,343.02,72.2857,710.0,19.4563,599.88,599.88,9.9851,66.2256,76.7855,2.5998,4.5675,11.1268,15.7322,9.1096,174.104,343.02,710.0,72.7557,33.13,45.234,9.615,4.168,12.316,45.234,25.297,14.9007,0.1784,0.1289,0.1316,0.129,0.2101,0.1315,0.1988,0.1248,538.6,280.5,364.9,84.5625,85.095,85.32,82.4025,83.475,82.0425,43.2438,518.82,520,20.4563,516.2,487.7,14.0584
86.025,57.6,4.425,57.5625,286.4925,357.7523,570.9,2.6002,4.5675,173.3265,343.02,72.2857,710.0,19.4576,599.82,599.82,9.985,66.2258,76.7843,2.6002,4.5675,11.1307,15.7314,9.1102,173.32,343.02,710.0,72.7213,33.125,45.186,9.616,4.162,12.316,45.186,25.2805,14.9012,0.1784,0.129,0.1316,0.129,0.21,0.1316,0.1988,0.1248,538.6,280.45,364.8,84.5475,85.065,85.3125,82.4025,83.475,82.0125,43.2448,518.85,520,20.4567,516.2,487.7,14.0471
86.125,57.6,4.7547,57.6,287.3025,357.8557,571.45,2.6004,4.57,173.8395,343.02,72.2857,710.0,19.4546,600.12,600.12,9.9849,66.2252,76.7833,2.6004,4.57,11.1282,15.7329,9.1108,173.838,343.02,710.0,72.737,33.125,45.48,9.618,4.159,12.317,45.48,25.253,14.9018,0.1781,0.1289,0.1315,0.129,0.2098,0.1315,0.1985,0.1247,538.6,280.35,364.75,84.5325,85.065,85.2975,82.3875,83.505,82.035,43.2457,518.88,520,20.4571,516.2,487.7,14.0358
86.9,57.525,4.7547,57.5625,286.83,358.1312,570.85,2.6006,4.5725,173.907,343.05,72.2851,710.08,19.4533,600.18,600.18,9.9849,66.2251,76.782,2.6006,4.5725,11.1283,15.7329,9.1118,173.908,343.05,710.08,72.7526,33.125,45.702,9.614,4.144,12.317,45.702,25.319,14.9023,0.1779,0.1288,0.1314,0.1288,0.2096,0.1314,0.1983,0.1246,538.64,280.3,364.65,84.4875,85.0875,85.305,82.41,83.5425,82.0275,43.2427,518.94,520,20.4575,516.2,487.7,14.0244
86.8,57.6375,4.2578,57.5625,286.9425,358.2689,571.45,2.6002,4.575,174.2985,343.05,72.2844,710.16,19.4518,600.24,600.24,9.984,66.2243,76.7828,2.6002,4.575,11.1246,15.7337,9.1118,174.3,343.05,710.16,72.7176,33.12,45.894,9.61,4.134,12.316,45.894,25.429,14.9029,0.1779,0.1287,0.1313,0.1287,0.2094,0.1313,0.1981,0.1245,538.72,280.2,364.55,84.5325,85.095,85.32,82.3725,83.55,82.005,43.2395,519.0,520,20.458,516.2,487.7,14.0131
86.85,57.525,4.2578,57.5625,287.0775,357.7179,571.55,2.6004,4.5775,174.3255,343.08,72.2841,710.16,19.4516,600.18,600.18,9.9844,66.224,76.7818,2.6004,4.5775,11.1272,15.7332,9.1118,174.314,343.08,710.16,72.7326,33.12,46.026,9.605,4.145,12.316,46.026,25.539,14.9034,0.1782,0.1286,0.1312,0.1286,0.2093,0.1312,0.198,0.1244,538.76,280.15,364.45,84.5475,85.0575,85.305,82.4175,83.55,81.975,43.236,519.06,520,20.4584,516.2,487.7,14.0018
86.675,57.5625,3.9688,57.6,286.5375,357.4424,571.0,2.6006,4.58,173.934,343.11,72.2832,710.24,19.4508,600.18,600.18,9.9844,66.2236,76.7805,2.6006,4.58,11.1273,15.7332,9.1118,173.936,343.11,710.24,72.7476,33.12,46.116,9.601,4.172,12.316,46.116,25.638,14.904,0.1785,0.1285,0.1312,0.1286,0.2091,0.1311,0.1979,0.1243,538.8,280.1,364.35,84.525,85.0875,85.3275,82.4175,83.5125,81.9375,43.2286,519.15,520,20.4588,516.2,487.7,13.9904
86.05,57.525,4.7562,57.525,286.4025,357.8557,570.65,2.6006,4.5825,174.258,343.11,72.2841,710.08,19.4493,600.24,600.24,9.9843,66.2241,76.7798,2.6006,4.5825,11.1304,15.7332,9.1113,174.258,343.11,710.08,72.7626,33.12,46.182,9.597,4.202,12.316,46.182,25.7095,14.8959,0.1788,0.1285,0.1311,0.1285,0.2091,0.1311,0.1979,0.1243,538.92,280.0,364.25,84.48,85.0725,85.32,82.44,83.55,81.9825,43.2245,519.21,520,20.4592,516.2,487.73,13.9791
86.15,57.6,4.0172,57.6,286.9425,357.5801,570.75,2.6006,4.5825,173.5155,343.11,72.284,710.08,19.4483,600.24,600.24,9.9842,66.224,76.779,2.6006,4.5825,11.1285,15.7332,9.1118,173.516,343.11,710.08,72.7776,33.12,46.2,9.593,4.226,12.316,46.2,25.7535,14.8962,0.1789,0.1285,0.1311,0.1285,0.209,0.131,0.1978,0.1243,539.0,279.95,364.2,84.525,85.0275,85.2675,82.3875,83.595,82.02,43.2126,519.33,520,20.4596,516.2,487.73,13.9678
86.275,57.6,4.825,57.5625,286.425,358.0623,571.4,2.6008,4.5825,173.7045,343.11,72.2839,710.08,19.4473,600.24,600.24,9.9841,66.2239,76.7775,2.6008,4.5825,11.1285,15.7332,9.1118,173.712,343.11,710.08,72.7926,33.12,46.236,9.591,4.242,12.316,46.236,25.7865,14.8965,0.179,0.1285,0.1311,0.1285,0.209,0.131,0.1978,0.1242,539.12,279.9,364.1,84.5475,85.035,85.275,82.3875,83.5575,82.0125,43.2003,519.45,520,20.46,516.23,487.73,13.9564
86.45,57.6,4.2578,57.525,287.01,357.5457,570.8,2.6002,4.585,173.7315,343.11,72.2831,710.16,19.4478,600.12,600.12,9.984,66.2238,76.7788,2.6002,4.585,11.1249,15.7339,9.1113,173.74,343.11,710.16,72.8076,33.12,46.254,9.588,4.25,12.315,46.254,25.814,14.9054,0.179,0.1285,0.131,0.1284,0.209,0.131,0.1978,0.1242,539.2,279.8,364.0,84.525,85.065,85.275,82.3275,83.52,82.005,43.195,519.51,520,20.4604,516.23,487.73,13.9451
86.8,57.6,4.2578,57.525,287.0325,357.408,571.4,2.6002,4.585,173.9475,343.14,72.2829,710.16,19.4473,600.12,600.12,9.9839,66.223,76.7785,2.6002,4.585,11.1274,15.7334,9.1113,173.95,343.14,710.16,72.8226,33.12,46.248,9.586,4.252,12.315,46.248,25.8415,14.9059,0.179,0.1285,0.131,0.1284,0.209,0.131,0.1978,0.1242,539.32,279.75,363.9,84.495,85.0275,85.3125,82.3575,83.475,82.005,43.1857,519.6,520,20.4609,516.23,487.73,13.9338
86.25,57.6,4.0016,57.6,286.5375,357.649,571.1,2.6002,4.585,173.313,343.14,72.2826,710.16,19.4476,600.06,600.06,9.9839,66.2226,76.7783,2.6002,4.585,11.1275,15.7334,9.1118,173.32,343.14,710.16,72.8376,33.12,46.212,9.585,4.253,12.315,46.212,25.8525,14.9065,0.179,0.1285,0.131,0.1284,0.209,0.131,0.1978,0.1242,539.36,279.65,363.8,84.465,85.0425,85.3425,82.3275,83.43,82.0275,43.1761,519.69,520,20.4613,516.23,487.73,13.9224
86.525,57.6,4.3469,57.5625,287.055,357.7179,571.4,2.6002,4.585,173.3535,343.11,72.2824,710.16,19.4473,600.06,600.06,9.9838,66.2231,76.778,2.6002,4.585,11.1306,15.7334,9.1113,173.348,343.11,710.16,72.9032,33.125,46.2,9.584,4.254,12.317,46.2,25.847,14.8984,0.179,0.1285,0.131,0.1284,0.209,0.131,0.1978,0.1242,539.48,279.6,363.7,84.4425,85.0425,85.305,82.3275,83.49,82.0725,43.1698,519.75,520,20.4617,516.23,487.73,13.9111
86.3,57.6,4.3469,57.6,286.74,358.2345,571.2,2.6002,4.585,173.1645,343.11,72.2821,710.16,19.4471,600.06,600.06,9.9837,66.223,76.7778,2.6002,4.585,11.1287,15.7334,9.1113,173.152,343.11,710.16,72.9188,33.125,46.188,9.583,4.251,12.317,46.188,25.836,14.8987,0.1789,0.1285,0.131,0.1284,0.209,0.131,0.1978,0.1242,539.56,279.55,363.65,84.495,85.035,85.2825,82.2825,83.46,82.0725,43.1595,519.84,520,20.4621,516.23,487.73,13.8998
86.375,57.5625,4.0484,57.5625,287.1,357.8557,571.1,2.6002,4.585,174.2445,343.11,72.2819,710.16,19.4468,600.06,600.06,9.9836,66.2229,76.7775,2.6002,4.585,11.1288,15.7334,9.1113,174.244,343.11,710.16,72.9344,33.125,46.182,9.583,4.247,12.317,46.182,25.8305,14.899,0.1789,0.1284,0.131,0.1284,0.2091,0.131,0.1978,0.1242,539.64,279.45,363.55,84.4875,84.9975,85.32,82.3125,83.475,82.05,43.1602,519.84,520,20.4625,516.26,487.76,13.8884
86.35,57.6,4.0484,57.5625,286.6275,357.9245,571.15,2.6002,4.585,173.988,343.11,72.2822,710.08,19.4466,600.06,600.06,9.9835,66.2228,76.7773,2.6002,4.585,11.1251,15.7342,9.1113,173.992,343.11,710.08,72.9501,33.125,46.104,9.582,4.242,12.315,46.104,25.836,14.8993,0.1789,0.1285,0.1311,0.1284,0.2092,0.131,0.1979,0.1242,539.64,279.4,363.45,84.4725,85.0275,85.29,82.335,83.4525,82.0575,43.1608,519.84,520,20.4629,516.26,487.76,13.8771
86.025,57.6,4.0,57.6,286.6275,358.2345,570.75,2.6002,4.5825,173.745,343.11,72.2821,710.08,19.4471,600.0,600.0,9.9834,66.2227,76.777,2.6002,4.5825,11.1277,15.7337,9.1113,173.74,343.11,710.08,72.9657,33.125,46.008,9.583,4.241,12.315,46.008,25.8305,14.8995,0.1789,0.1285,0.1311,0.1285,0.2092,0.131,0.198,0.1243,539.64,279.35,363.35,84.5325,85.05,85.26,82.3125,83.475,82.0425,43.1615,519.84,520,20.4634,516.26,487.76,13.8658
86.4,57.6,4.2969,57.525,286.74,358.3034,571.3,2.6,4.5825,173.4885,343.11,72.282,710.08,19.4478,599.94,599.94,9.9834,66.2226,76.7775,2.6,4.5825,11.1278,15.7337,9.1108,173.488,343.11,710.08,72.9813,33.125,45.912,9.584,4.241,12.315,45.912,25.792,14.8998,0.1789,0.1285,0.1311,0.1285,0.2093,0.1311,0.1981,0.1243,539.64,279.25,363.25,84.54,85.0875,85.2225,82.305,83.5125,82.0425,43.1584,519.87,520,20.4638,516.26,487.76,13.8544
86.15,57.525,4.1656,57.6,286.875,358.1312,570.8,2.6,4.58,173.61,343.11,72.2819,710.08,19.4481,599.94,599.94,9.9833,66.2225,76.7775,2.6,4.58,11.1278,15.7337,9.1108,173.6,343.11,710.08,72.9463,33.12,45.834,9.586,4.237,12.315,45.834,25.748,14.9087,0.1788,0.1286,0.1312,0.1286,0.2094,0.1311,0.1982,0.1244,539.64,279.2,363.2,84.525,85.1325,85.26,82.2675,83.5425,82.05,43.1627,519.84,520,20.4642,516.26,487.76,13.8431
86.075,57.5625,4.1188,57.5625,286.74,357.4424,570.7,2.6,4.58,173.8125,343.08,72.2824,710.0,19.4491,599.88,599.88,9.9832,66.2225,76.7775,2.6,4.58,11.1279,15.7344,9.1108,173.824,343.08,710.0,72.9613,33.12,45.744,9.588,4.227,12.315,45.744,25.6985,14.9093,0.1787,0.1286,0.1312,0.1286,0.2095,0.1312,0.1983,0.1244,539.64,279.15,363.1,84.5175,85.1325,85.2825,82.32,83.55,82.0725,43.1671,519.81,520,20.4646,516.29,487.79,13.8318
86.15,57.6,4.1922,57.5625,286.74,357.8557,571.25,2.5998,4.5775,174.1635,343.08,72.2824,710.0,19.4496,599.88,599.88,9.9839,66.2224,76.7783,2.5998,4.5775,11.128,15.7339,9.1108,174.16,343.08,710.0,72.9763,33.12,45.636,9.59,4.216,12.315,45.636,25.649,14.9098,0.1787,0.1287,0.1313,0.1287,0.2097,0.1313,0.1984,0.1245,539.6,279.05,363.0,84.4875,85.1025,85.3275,82.3275,83.55,82.02,43.1753,519.75,520,20.465,516.29,487.79,13.8204
86.65,57.6,4.1641,57.525,286.83,357.5457,570.8,2.5998,4.575,174.339,343.05,72.2824,710.0,19.4508,599.82,599.82,9.984,66.2223,76.7785,2.5998,4.575,11.1281,15.7339,9.1102,174.342,343.05,710.0,72.9913,33.12,45.498,9.593,4.206,12.317,45.498,25.5885,14.9018,0.1786,0.1287,0.1313,0.1287,0.2098,0.1313,0.1985,0.1245,539.52,279.0,362.9,84.465,85.11,85.305,82.29,83.5125,82.065,43.1876,519.66,520,20.4654,516.29,487.79,13.8091
86.125,57.525,3.9016,57.6375,286.9875,357.7179,571.05,2.5996,4.5725,174.3525,343.05,72.283,709.92,19.4531,599.7,599.7,9.9842,66.223,76.7795,2.5996,4.5725,11.1281,15.7339,9.1096,174.356,343.05,709.92,73.0063,33.12,45.234,9.597,4.199,12.317,45.234,25.5225,14.902,0.1787,0.1288,0.1314,0.1288,0.2101,0.1314,0.1988,0.1246,539.44,278.9,362.8,84.435,85.0575,85.2975,82.2525,83.5275,82.035,43.204,519.54,520,20.4659,516.29,487.79,13.7978
86.875,57.5625,3.9781,57.6,286.965,357.5801,570.7,2.5992,4.5675,173.637,343.02,72.2837,709.84,19.4558,599.58,599.58,9.9844,66.2231,76.7815,2.5992,4.5675,11.1282,15.7339,9.1091,173.628,343.02,709.84,72.9707,33.115,44.916,9.602,4.195,12.317,44.916,25.407,14.9023,0.1788,0.129,0.1316,0.129,0.2103,0.1315,0.1991,0.1248,539.32,278.85,362.7,84.4125,85.0275,85.275,82.2375,83.5425,82.0275,43.2209,519.42,520,20.4663,516.29,487.79,13.7864
86.9,57.5625,4.5531,57.5625,286.4025,357.8212,571.3,2.5992,4.5675,173.2455,342.99,72.284,709.84,19.4553,599.76,599.76,9.9845,66.2233,76.7825,2.5992,4.5675,11.1283,15.7347,9.1086,173.236,342.99,709.84,72.985,33.115,44.94,9.609,4.19,12.316,44.94,25.264,14.9026,0.1785,0.129,0.1316,0.1291,0.2102,0.1316,0.1991,0.1248,539.2,278.8,362.65,84.4125,85.02,85.2675,82.2225,83.55,82.0725,43.2308,519.36,520,20.4667,516.29,487.79,13.7751
86.65,57.6,4.5531,57.5625,286.3575,358.0279,571.0,2.5994,4.57,173.637,343.02,72.2842,709.84,19.4541,599.94,599.94,9.9847,66.2235,76.7828,2.5994,4.57,11.1284,15.7349,9.1091,173.642,343.02,709.84,72.9488,33.11,45.384,9.613,4.162,12.316,45.384,25.198,14.9029,0.1777,0.1288,0.1316,0.129,0.2098,0.1315,0.1986,0.1247,539.16,278.7,362.55,84.42,85.0125,85.3125,82.2675,83.5575,82.08,43.2334,519.36,520,20.4671,516.29,487.79,13.7638
86.875,57.5625,4.5062,57.5625,286.7625,358.2345,571.1,2.6,4.5725,174.393,343.05,72.2839,709.92,19.4513,600.18,600.18,9.9849,66.2229,76.7813,2.6,4.5725,11.1285,15.7352,9.1102,174.398,343.05,709.92,72.9626,33.11,45.684,9.609,4.111,12.316,45.684,25.3025,14.9031,0.1772,0.1287,0.1314,0.1288,0.2097,0.1314,0.1983,0.1246,539.12,278.65,362.45,84.4125,84.9825,85.3275,82.2375,83.505,82.0275,43.2397,519.33,520,20.4675,516.32,487.82,13.7524
86.825,57.6,4.1937,57.5625,286.3575,357.5457,571.2,2.6002,4.5775,173.9205,343.08,72.2834,710.0,19.4498,600.24,600.24,9.9843,66.2228,76.7805,2.6002,4.5775,11.1285,15.7354,9.1108,173.922,343.08,710.0,72.9257,33.105,45.768,9.604,4.082,12.316,45.768,25.451,14.9034,0.1774,0.1286,0.1313,0.1287,0.2095,0.1313,0.1982,0.1245,539.12,278.6,362.35,84.4275,85.02,85.32,82.2,83.4825,82.02,43.2387,519.36,520,20.4679,516.32,487.82,13.7411
86.275,57.5625,4.0969,57.6,286.38,357.7523,571.15,2.6004,4.5775,173.4345,343.08,72.2834,710.0,19.4503,600.12,600.12,9.9842,66.2227,76.7795,2.6004,4.5775,11.1286,15.7357,9.1108,173.432,343.08,710.0,72.9388,33.105,45.876,9.601,4.106,12.316,45.876,25.5555,14.9037,0.1779,0.1286,0.1313,0.1286,0.2094,0.1312,0.1982,0.1244,539.12,278.5,362.3,84.4875,85.065,85.3275,82.1625,83.535,82.035,43.2337,519.42,520,20.4683,516.32,487.82,13.7298
86.5,57.5625,3.9781,57.525,287.325,358.1656,571.3,2.6006,4.58,173.6235,343.08,72.2827,710.08,19.4491,600.18,600.18,9.9841,66.2226,76.7783,2.6006,4.58,11.1287,15.7329,9.1113,173.628,343.08,710.08,72.9519,33.105,46.002,9.598,4.153,12.316,46.002,25.627,14.904,0.1784,0.1285,0.1312,0.1286,0.2092,0.1312,0.198,0.1244,539.2,278.45,362.2,84.525,85.05,85.29,82.1775,83.4975,82.05,43.2248,519.51,520,20.4688,516.32,487.82,13.7184
86.8,57.5625,4.6719,57.6,286.65,357.6835,571.1,2.6006,4.5825,174.4065,343.11,72.2826,710.08,19.4498,600.06,600.06,9.984,66.2225,76.7775,2.6006,4.5825,11.1288,15.7322,9.1118,174.412,343.11,710.08,72.965,33.105,46.092,9.594,4.192,12.316,46.092,25.6875,14.9043,0.1786,0.1285,0.1311,0.1285,0.2093,0.1311,0.1979,0.1243,539.28,278.4,362.1,84.5175,85.035,85.29,82.185,83.52,82.0425,43.2268,519.51,520,20.4692,516.32,487.82,13.7071
86.15,57.6,4.6719,57.525,286.38,358.4067,570.8,2.6002,4.5825,174.3255,343.11,72.2825,710.08,19.4481,600.18,600.18,9.984,66.2225,76.7783,2.6002,4.5825,11.1288,15.7314,9.1113,174.328,343.11,710.08,72.9782,33.105,46.092,9.591,4.215,12.316,46.092,25.7425,14.9045,0.1788,0.1285,0.1311,0.1285,0.2092,0.131,0.1979,0.1243,539.28,278.3,362.0,84.555,85.035,85.2975,82.185,83.5425,82.02,43.225,519.54,520,20.4696,516.32,487.82,13.6958
86.4,57.525,4.0547,57.6,286.65,358.0967,571.05,2.6002,4.5825,174.4065,343.11,72.2824,710.08,19.4496,600.0,600.0,9.9839,66.2224,76.778,2.6002,4.5825,11.1289,15.7337,9.1113,174.398,343.11,710.08,72.9407,33.1,46.05,9.59,4.231,12.316,46.05,25.7755,14.9048,0.1789,0.1285,0.1311,0.1285,0.2093,0.131,0.198,0.1243,539.32,278.25,361.9,84.5325,85.0875,85.275,82.17,83.49,82.0425,43.2269,519.54,520,20.47,516.32,487.82,13.6844
86.175,57.6375,4.5312,57.5625,286.65,357.5801,571.15,2.6,4.5825,174.1905,343.11,72.2822,710.08,19.4496,600.0,600.0,9.9838,66.2223,76.7785,2.6,4.5825,11.129,15.7339,9.1108,174.202,343.11,710.08,72.9532,33.1,45.954,9.589,4.242,12.317,45.954,25.7755,14.9137,0.1791,0.1286,0.1311,0.1285,0.2094,0.1311,0.1981,0.1243,539.32,278.2,361.85,84.555,85.095,85.2975,82.1325,83.52,82.065,43.225,519.57,520,20.4704,516.32,487.82,13.6731
86.125,57.6,3.8562,57.6,286.875,358.2689,571.55,2.6,4.58,173.6775,343.08,72.2821,710.08,19.4503,599.94,599.94,9.9837,66.2222,76.7785,2.6,4.58,11.1291,15.7342,9.1108,173.684,343.08,710.08,72.9657,33.1,45.84,9.59,4.248,12.317,45.84,25.7425,14.9142,0.1791,0.1286,0.1312,0.1286,0.2094,0.1311,0.1982,0.1244,539.36,278.1,361.75,84.57,85.095,85.3125,82.155,83.565,82.05,43.2229,519.6,520,20.4708,516.32,487.82,13.6617
86.05,57.6,3.8562,57.525,287.2125,358.0279,570.8,2.5998,4.5775,174.096,343.08,72.2826,710.0,19.4513,599.88,599.88,9.9836,66.2221,76.7793,2.5998,4.5775,11.1292,15.7337,9.1102,174.09,343.08,710.0,72.9781,33.1,45.732,9.591,4.246,12.317,45.732,25.6875,14.9148,0.179,0.1287,0.1312,0.1286,0.2096,0.1312,0.1983,0.1244,539.36,278.05,361.65,84.555,85.08,85.35,82.125,83.58,82.08,43.2283,519.57,520,20.4713,516.35,487.85,13.6611
86.325,57.525,4.5812,57.5625,286.605,358.3034,571.6,2.5998,4.5775,174.1635,343.08,72.2826,710.0,19.4526,599.82,599.82,9.9843,66.222,76.7795,2.5998,4.5775,11.1292,15.7337,9.1102,174.16,343.08,710.0,72.9906,33.1,45.594,9.593,4.238,12.319,45.594,25.616,14.9067,0.179,0.1287,0.1313,0.1287,0.2097,0.1313,0.1984,0.1245,539.36,278.0,361.55,84.5325,85.11,85.335,82.11,83.6175,82.0425,43.2338,519.54,520,20.4717,516.35,487.85,13.6504
86.6,57.525,4.5812,57.5625,286.3575,357.4424,570.8,2.5996,4.575,174.042,343.05,72.2832,709.92,19.4518,599.94,599.94,9.9845,66.222,76.7805,2.5996,4.575,11.1293,15.7337,9.1096,174.048,343.05,709.92,73.0031,33.1,45.444,9.596,4.227,12.318,45.444,25.55,14.907,0.1789,0.1288,0.1314,0.1288,0.2098,0.1314,0.1986,0.1246,539.32,277.9,361.5,84.5775,85.0875,85.29,82.14,83.5875,82.035,43.2394,519.51,520,20.4721,516.35,487.85,13.6398
86.825,57.6,4.1547,57.6,286.6725,358.1656,570.75,2.5994,4.5725,173.475,343.05,72.2834,709.92,19.4528,599.88,599.88,9.9846,66.2226,76.7818,2.5994,4.5725,11.1294,15.7337,9.1096,173.474,343.05,709.92,73.0156,33.1,45.228,9.6,4.216,12.318,45.228,25.4675,14.9073,0.1789,0.1289,0.1315,0.1289,0.21,0.1314,0.1988,0.1247,539.28,277.85,361.4,84.585,85.05,85.335,82.185,83.6025,81.9975,43.2452,519.48,520,20.4725,516.35,487.85,13.6291
86.975,57.6,4.7828,57.525,287.235,357.9934,571.1,2.5992,4.57,174.447,343.02,72.2841,709.84,19.4541,599.82,599.82,9.9848,66.2228,76.7833,2.5992,4.57,11.1295,15.7337,9.1091,174.454,343.02,709.84,73.0281,33.1,45.126,9.605,4.205,12.317,45.126,25.3685,14.9076,0.1787,0.1289,0.1316,0.129,0.2102,0.1315,0.1989,0.1248,539.24,277.8,361.35,84.57,85.095,85.335,82.23,83.64,82.0125,43.2623,519.36,520,20.4729,516.35,487.85,13.6184
