AR1410B.PV,DR1103.PV,DR1105.PV,DR1106.PV,DR1107.PV,DR1108.PV,DR1110.PV,FI1113.PV,FI1424.PV,FI1902.PV,FIC_1121.PV,FIC_1122.MV,FIC_1122.PV,FIC_1127.MV,FIC_1127.PV,FI_1127.PV,FRC1102.MV,FRC1107.MV,FRC1113.MV,FRC1113.PV,FRC1424.PV,FRCA1110.MV,FRCA1112.MV,FRQ1623.PV,FRSA1101.PV,FT_1121.PV,FT_1122.PV,LRCA1101.MV,LRCA1101.PV,PDI_1109.PV,PDR1103.PV,PDR1106.PV,PDR1401.PV,PDRCA1109.PV,PDRSA1104.PV,PIC1101A.PV,PI_1132A.PV,PI_1132B.PV,PI_1134.PV,PI_1138A.PV,PI_1180.PV,PI_1182.PV,PR1102A.PV,PRA1102.PV,TI1105A.PV,TI1132.PV,TI1133.PV,TIA2872.PV,TIA2873.PV,TIA2874.PV,TIA2875.PV,TIA2876.PV,TIA2877.PV,TIC_1101.MV,TIC_1101.PV,TIC_1101.SV,TIC_1155.MV,TI_1142.PV,TI_1145.PV,TRC1118A.MV
86.225,57.6,4.1125,57.5625,287.01,358.3034,571.75,2.5996,4.575,173.4615,343.08,72.2822,710.0,19.4506,600.0,600.0,9.9818,66.2233,76.7811,2.5998,4.5775,11.1278,15.732,9.1102,173.46,343.08,710.0,72.2452,32.995,45.54,9.587,4.178,12.304,45.54,25.55,14.9055,0.1783,0.1287,0.1313,0.1287,0.2097,0.1312,0.1984,0.1245,539.76,275.75,358.55,84.69,85.0725,85.2525,82.275,83.445,82.02,42.9467,519.93,520.0,20.3464,517.55,488.96,13.2925
86.65,57.6,3.9984,57.525,286.7175,358.3034,571.25,2.6,4.5725,173.9205,343.05,72.2822,710.0,19.4514,599.94,599.94,9.9824,66.2232,76.7821,2.5996,4.575,11.1298,15.7338,9.1102,173.922,343.05,709.92,72.2446,32.995,45.372,9.591,4.17,12.304,45.372,25.473,14.9055,0.1782,0.1288,0.1313,0.1288,0.2099,0.1313,0.1986,0.1246,539.72,275.75,358.55,84.6375,85.0425,85.2975,82.245,83.4675,82.0125,42.9583,519.84,520.0,20.3463,517.55,488.96,13.2925
86.55,57.525,4.6234,57.5625,287.37,358.3378,571.1,2.5998,4.57,173.7855,343.05,72.2828,709.92,19.4531,599.82,599.82,9.9826,66.2239,76.7811,2.6,4.5725,11.1299,15.734,9.1102,173.782,343.05,709.84,72.2439,32.995,45.144,9.595,4.159,12.304,45.144,25.3795,14.9055,0.1782,0.1289,0.1314,0.1289,0.2101,0.1314,0.1988,0.1247,539.64,275.75,358.55,84.6825,85.02,85.32,82.245,83.49,81.9675,42.9702,519.75,520.0,20.3463,517.55,488.96,13.2925
86.95,57.5625,4.3906,57.5625,286.6275,358.5444,571.15,2.5996,4.5675,173.9475,343.02,72.2836,709.84,19.4546,599.76,599.76,9.9828,66.224,76.7819,2.5998,4.57,11.13,15.7343,9.1096,173.95,343.02,709.84,72.2433,32.995,44.928,9.6,4.146,12.304,44.928,25.275,14.9055,0.1781,0.129,0.1316,0.129,0.2103,0.1315,0.1991,0.1248,539.56,275.75,358.55,84.63,85.02,85.3425,82.26,83.475,81.9375,42.9862,519.63,520.0,20.3462,517.55,488.96,13.2925
86.025,57.6,4.5766,57.6,287.325,358.6478,571.35,2.5994,4.5625,173.0295,342.99,72.2838,709.84,19.4564,599.7,599.7,9.9829,66.2242,76.7829,2.5996,4.5675,11.13,15.7345,9.1086,173.026,342.99,709.76,72.2427,32.995,44.724,9.606,4.129,12.304,44.724,25.154,14.9055,0.1779,0.1291,0.1317,0.1291,0.2104,0.1317,0.1993,0.125,539.4,275.75,358.55,84.66,85.035,85.3425,82.2975,83.4525,81.945,42.9952,519.57,520.0,20.3461,517.52,488.96,13.2925
86.7,57.6,4.6125,57.5625,287.28,357.9934,571.45,2.5998,4.57,172.9215,343.02,72.2847,709.76,19.4539,600.0,600.0,9.9838,66.2244,76.7841,2.5994,4.5625,11.1301,15.7348,9.1096,172.928,343.02,709.84,72.1914,32.99,45.6,9.612,4.109,12.304,45.6,25.0385,14.9055,0.1769,0.1288,0.1315,0.1289,0.2095,0.1314,0.1984,0.1248,539.36,275.75,358.55,84.675,85.0125,85.3725,82.3425,83.415,81.9975,42.9895,519.63,520.0,20.346,517.52,488.96,13.2925
86.5,57.525,4.4031,57.6,286.83,358.3723,571.75,2.6004,4.5775,173.9745,343.08,72.2845,709.84,19.4501,600.3,600.3,9.9835,66.2245,76.7834,2.5998,4.57,11.1302,15.735,9.1108,173.978,343.08,710.0,72.1902,32.99,46.296,9.604,4.047,12.304,46.296,25.2475,14.9055,0.176,0.1284,0.1312,0.1286,0.209,0.1312,0.1977,0.1244,539.4,275.75,358.5,84.705,84.9825,85.35,82.3875,83.46,82.0275,42.9834,519.69,520.0,20.3459,517.52,488.96,13.2925
86.5,57.525,4.4031,57.6,286.83,358.3723,571.75,2.6004,4.5775,173.9745,343.08,72.2835,710.0,19.4489,600.3,600.3,9.9829,66.224,76.7814,2.6004,4.5775,11.1303,15.7353,9.1108,173.978,343.08,710.0,72.1889,32.99,46.296,9.604,4.047,12.304,46.296,25.2475,14.9055,0.176,0.1284,0.1312,0.1286,0.209,0.1312,0.1977,0.1244,539.4,275.75,358.5,84.705,84.9825,85.35,82.3875,83.46,82.0275,42.9847,519.69,520.0,20.3459,517.52,488.96,13.2925
86.075,57.525,4.05,57.5625,287.055,358.51,571.45,2.6016,4.595,173.7315,343.2,72.2835,710.0,19.4431,600.66,600.66,9.9828,66.2239,76.7809,2.6004,4.5775,11.1272,15.7355,9.114,173.726,343.2,710.32,72.1371,32.985,47.346,9.578,4.031,12.304,47.346,25.902,14.9055,0.1768,0.1279,0.1306,0.128,0.2079,0.1306,0.1966,0.1238,539.64,275.75,358.5,84.705,84.9825,85.365,82.365,83.55,81.975,42.9409,520.05,520.0,20.3458,517.52,488.96,13.2925
86.9,57.5625,4.0641,57.6,286.9875,358.4756,571.4,2.602,4.6025,174.2445,343.26,72.281,710.32,19.4381,600.84,600.84,9.9813,66.223,76.7759,2.6016,4.595,11.1261,15.7333,9.1146,174.244,343.26,710.48,72.1858,32.99,47.742,9.563,4.111,12.304,47.742,26.2045,14.9055,0.1776,0.1277,0.1303,0.1277,0.2075,0.1303,0.1963,0.1235,539.84,275.75,358.5,84.6825,84.99,85.3275,82.35,83.58,81.9525,42.9143,520.26,520.0,20.3457,517.52,488.96,13.2925
86.9,57.5625,4.0641,57.6,286.9875,358.4756,571.4,2.602,4.6025,174.2445,343.26,72.2792,710.48,19.4346,600.84,600.84,9.9807,66.222,76.7724,2.602,4.6025,11.1249,15.7325,9.1146,174.244,343.26,710.48,72.1845,32.99,47.742,9.563,4.111,12.304,47.742,26.2045,14.9055,0.1776,0.1277,0.1303,0.1277,0.2075,0.1303,0.1963,0.1235,539.84,275.75,358.5,84.6825,84.99,85.3275,82.35,83.58,81.9525,42.9133,520.26,520.0,20.3456,517.52,488.96,13.2925
86.65,57.6,4.8219,57.525,286.6275,357.7868,571.95,2.6018,4.61,174.0015,343.29,72.2785,710.48,19.4341,600.6,600.6,9.9801,66.2214,76.7699,2.602,4.6025,11.1268,15.7318,9.1151,174.006,343.29,710.56,72.1833,32.99,48.006,9.55,4.197,12.304,48.006,26.463,14.9055,0.1784,0.1276,0.1301,0.1275,0.2073,0.1301,0.196,0.1233,540.04,275.75,358.5,84.7125,84.9975,85.365,82.35,83.58,81.96,42.886,520.47,520.0,20.3456,517.52,488.96,13.2925
86.425,57.5625,4.6359,57.5625,286.7625,357.6835,571.25,2.6012,4.615,173.826,343.35,72.2771,710.56,19.4346,600.36,600.36,9.9788,66.22,76.7681,2.6018,4.61,11.13,15.7329,9.1146,173.824,343.35,710.48,72.2833,33.0,48.234,9.529,4.318,12.303,48.234,26.793,14.9055,0.1792,0.1275,0.1299,0.1273,0.207,0.1298,0.1957,0.1231,540.56,275.75,358.55,84.69,85.035,85.4175,82.26,83.5725,81.99,42.8239,520.95,520.0,20.3455,517.52,488.96,13.2925
86.425,57.5625,4.6359,57.5625,286.7625,357.6835,571.25,2.6012,4.615,173.826,343.35,72.2768,710.48,19.4331,600.36,600.36,9.9779,66.2192,76.7681,2.6012,4.615,11.1314,15.7329,9.1146,173.824,343.35,710.48,72.2833,33.0,48.234,9.529,4.318,12.303,48.234,26.793,14.9055,0.1792,0.1275,0.1299,0.1273,0.207,0.1298,0.1957,0.1231,540.56,275.75,358.55,84.69,85.035,85.4175,82.26,83.5725,81.99,42.8201,520.95,520.0,20.3454,517.52,488.96,13.2925
86.375,57.6,4.05,57.6,287.01,357.649,571.15,2.6014,4.6175,173.3535,343.35,72.2761,710.48,19.4316,600.36,600.36,9.9771,66.2184,76.7666,2.6012,4.615,11.1264,15.7335,9.114,173.348,343.35,710.56,72.3339,33.005,48.114,9.517,4.369,12.303,48.114,26.925,14.9055,0.1795,0.1274,0.1298,0.1273,0.207,0.1298,0.1958,0.1231,540.96,275.75,358.55,84.675,84.9975,85.3575,82.215,83.5875,82.005,42.7712,521.31,520.0,20.3453,517.55,488.96,13.2925
86.375,57.6,4.05,57.6,287.01,357.649,571.15,2.6014,4.6175,173.3535,343.35,72.2747,710.56,19.4301,600.36,600.36,9.977,66.2183,76.7644,2.6014,4.6175,11.1253,15.7338,9.114,173.348,343.35,710.56,72.3346,33.005,48.114,9.517,4.369,12.303,48.114,26.925,14.9055,0.1795,0.1274,0.1298,0.1273,0.207,0.1298,0.1958,0.1231,540.96,275.75,358.55,84.675,84.9975,85.3575,82.215,83.5875,82.005,42.7659,521.31,520.0,20.3453,517.55,488.96,13.2925
86.975,57.5625,4.1344,57.5625,287.37,358.4756,571.6,2.6012,4.615,173.178,343.35,72.2738,710.56,19.4294,600.3,600.3,9.9764,66.2177,76.7626,2.6014,4.6175,11.1241,15.734,9.114,173.18,343.35,710.56,72.3858,33.01,47.982,9.514,4.383,12.303,47.982,26.9305,14.9055,0.1797,0.1275,0.1299,0.1273,0.2071,0.1298,0.196,0.1231,541.16,275.75,358.55,84.69,84.975,85.3425,82.2675,83.565,82.005,42.7418,521.46,520.0,20.3452,517.55,488.99,13.2925
86.25,57.6,4.25,57.5625,286.785,358.5444,571.4,2.6006,4.615,173.7855,343.35,72.273,710.56,19.4289,600.24,600.24,9.9758,66.2171,76.7616,2.6012,4.615,11.1261,15.7337,9.1135,173.782,343.35,710.32,72.4377,33.015,47.814,9.512,4.389,12.302,47.814,26.8975,14.9055,0.1796,0.1275,0.1299,0.1274,0.2074,0.1299,0.1961,0.1231,541.32,275.75,358.55,84.645,85.0125,85.3425,82.3125,83.595,82.0275,42.7284,521.52,520.0,20.3451,517.55,488.99,13.2925
86.775,57.5625,4.8141,57.525,287.0325,358.3723,571.7,2.6002,4.6075,173.6775,343.29,72.274,710.32,19.4309,600.0,600.0,9.976,66.2166,76.7624,2.6006,4.615,11.1286,15.7337,9.1124,173.684,343.29,710.24,72.5408,33.025,47.244,9.515,4.37,12.302,47.244,26.749,14.8969,0.1795,0.1277,0.1301,0.1276,0.2079,0.1301,0.1967,0.1234,541.4,275.75,358.55,84.6675,85.005,85.3425,82.2675,83.595,82.0125,42.7185,521.55,520.0,20.345,517.58,488.99,13.2925
86.775,57.5625,4.8141,57.525,287.0325,358.3723,571.7,2.6002,4.6075,173.6775,343.29,72.2741,710.24,19.4309,600.0,600.0,9.9757,66.216,76.7631,2.6002,4.6075,11.1297,15.7337,9.1124,173.684,343.29,710.24,72.5439,33.025,47.244,9.515,4.37,12.302,47.244,26.749,14.8966,0.1795,0.1277,0.1301,0.1276,0.2079,0.1301,0.1967,0.1234,541.4,275.75,358.55,84.6675,85.005,85.3425,82.2675,83.595,82.0125,42.7122,521.55,520.0,20.345,517.58,488.99,13.2925
86.25,57.5625,4.0781,57.6,286.4925,357.959,571.8,2.6,4.6025,173.853,343.26,72.2737,710.24,19.4339,599.76,599.76,9.9753,66.2154,76.7629,2.6002,4.6075,11.1283,15.7343,9.1118,173.852,343.26,710.16,72.5471,33.025,46.902,9.52,4.353,12.302,46.902,26.617,14.8963,0.1793,0.1279,0.1303,0.1277,0.2083,0.1302,0.197,0.1235,541.4,275.75,358.55,84.6525,84.99,85.29,82.2225,83.595,81.96,42.7172,521.46,520.0,20.3449,517.58,488.99,13.2925
86.25,57.6,3.9594,57.6,286.6725,358.4067,571.05,2.5992,4.5925,174.042,343.2,72.274,710.16,19.4371,599.58,599.58,9.9758,66.2156,76.7634,2.6,4.6025,11.1284,15.7345,9.1102,174.048,343.2,710.0,72.6008,33.03,46.086,9.535,4.302,12.3,46.086,26.2705,14.8961,0.1789,0.1282,0.1307,0.1282,0.2091,0.1306,0.1979,0.124,541.24,275.75,358.55,84.645,85.0125,85.2675,82.2,83.61,82.0125,42.7414,521.22,520.0,20.3448,517.61,489.02,13.2925
86.25,57.6,3.9594,57.6,286.6725,358.4067,571.05,2.5992,4.5925,174.042,343.2,72.275,710.0,19.4389,599.58,599.58,9.9764,66.216,76.7664,2.5992,4.5925,11.1285,15.7348,9.1102,174.048,343.2,710.0,72.6046,33.03,46.086,9.535,4.302,12.3,46.086,26.2705,14.8958,0.1789,0.1282,0.1307,0.1282,0.2091,0.1306,0.1979,0.124,541.24,275.75,358.55,84.645,85.0125,85.2675,82.2,83.61,82.0125,42.7365,521.22,520.0,20.3447,517.61,489.02,13.2925
86.05,57.5625,4.7453,57.6,286.605,358.2,571.0,2.5988,4.585,173.8125,343.14,72.275,710.0,19.4436,599.34,599.34,9.9766,66.2159,76.7674,2.5992,4.5925,11.1254,15.735,9.1091,173.81,343.14,709.84,72.6083,33.03,45.48,9.545,4.266,12.3,45.48,26.0395,14.9041,0.1788,0.1285,0.131,0.1284,0.2098,0.131,0.1985,0.1242,541.08,275.75,358.55,84.675,84.9975,85.2225,82.1925,83.5575,82.0425,42.7578,521.01,520.0,20.3447,517.61,489.02,13.2925
86.55,57.525,4.25,57.6,287.235,357.6146,571.25,2.5986,4.575,173.4885,343.08,72.2762,709.84,19.4471,599.28,599.28,9.9775,66.2158,76.7699,2.5988,4.585,11.1274,15.7353,9.108,173.488,343.08,709.68,72.6121,33.03,44.862,9.559,4.231,12.3,44.862,25.759,14.9041,0.1786,0.1287,0.1313,0.1287,0.2103,0.1312,0.1991,0.1246,540.84,275.75,358.55,84.6975,84.99,85.275,82.2,83.55,82.05,42.7876,520.74,520.0,20.3446,517.61,489.02,13.2925
86.825,57.6,4.1766,57.6,286.92,358.6133,571.0,2.5982,4.5675,173.745,343.02,72.2777,709.68,19.4516,599.16,599.16,9.9779,66.2165,76.7721,2.5986,4.575,11.1274,15.7355,9.1069,173.754,343.02,709.52,72.6158,33.03,44.472,9.576,4.189,12.301,44.472,25.4345,14.9041,0.178,0.129,0.1315,0.129,0.2107,0.1315,0.1995,0.1248,540.56,275.75,358.55,84.7125,84.96,85.23,82.23,83.565,82.0425,42.8222,520.44,520.0,20.3445,517.61,489.05,13.2925
86.8,57.5625,3.8453,57.525,287.01,358.0967,571.15,2.5978,4.56,173.2725,342.99,72.2795,709.52,19.4551,599.16,599.16,9.9791,66.2174,76.7754,2.5982,4.5675,11.1306,15.7333,9.1063,173.278,342.99,709.6,72.5689,33.025,44.148,9.59,4.126,12.301,44.148,25.154,14.9041,0.1773,0.1291,0.1318,0.1292,0.211,0.1318,0.1998,0.1251,540.24,275.75,358.55,84.7125,84.975,85.275,82.185,83.5575,82.005,42.8579,520.14,520.0,20.3444,517.61,489.05,13.2925
86.975,57.5625,4.125,57.6,286.6725,358.4756,571.9,2.5978,4.5625,173.826,342.99,72.2796,709.6,19.4564,599.34,599.34,9.9798,66.2178,76.7791,2.5978,4.56,11.132,15.7325,9.1069,173.824,342.99,709.6,72.5215,33.02,44.676,9.604,4.053,12.301,44.676,24.9285,14.9041,0.176,0.129,0.1317,0.1292,0.2106,0.1317,0.1993,0.125,539.96,275.75,358.55,84.6675,84.945,85.26,82.185,83.52,81.9975,42.8875,519.9,520.0,20.3443,517.61,489.05,13.2925
86.95,57.525,4.8234,57.6375,287.0775,357.8212,571.4,2.599,4.565,173.6775,343.02,72.2802,709.6,19.4531,599.82,599.82,9.9804,66.2182,76.7819,2.5978,4.5625,11.1302,15.7318,9.108,173.67,343.02,709.68,72.4733,33.015,45.012,9.604,3.96,12.302,45.012,24.9835,14.9041,0.1752,0.1288,0.1316,0.1291,0.2102,0.1316,0.199,0.1249,539.72,275.75,358.55,84.6525,84.93,85.29,82.2225,83.4675,82.0275,42.9029,519.78,520.0,20.3443,517.61,489.05,13.2925
86.9,57.5625,4.1234,57.6,287.37,357.8212,571.05,2.5994,4.57,173.2725,343.05,72.2802,709.68,19.4531,599.88,599.88,9.9803,66.2187,76.7801,2.599,4.565,11.1303,15.731,9.1086,173.264,343.05,709.76,72.4246,33.01,45.276,9.603,3.902,12.302,45.276,25.1265,14.9041,0.1753,0.1287,0.1315,0.1289,0.2099,0.1314,0.1987,0.1247,539.56,275.75,358.55,84.69,84.915,85.32,82.275,83.4375,82.0575,42.9113,519.72,520.0,20.3442,517.61,489.05,13.2925
86.875,57.525,4.1844,57.6,286.8075,358.2689,571.95,2.5996,4.5725,172.881,343.05,72.2801,709.76,19.4506,600.12,600.12,9.9808,66.2191,76.7799,2.5994,4.57,11.1278,15.7328,9.1091,172.886,343.05,709.76,72.3752,33.005,45.54,9.6,3.921,12.302,45.54,25.2695,14.9041,0.176,0.1286,0.1313,0.1288,0.2096,0.1313,0.1985,0.1246,539.48,275.75,358.55,84.7125,84.9675,85.29,82.2975,83.475,82.065,42.9124,519.72,520.0,20.3441,517.61,489.05,13.2925
86.375,57.5625,4.1031,57.5625,287.19,357.7179,571.6,2.6004,4.5775,173.7045,343.08,72.2805,709.76,19.4509,600.06,600.06,9.9804,66.2187,76.7799,2.5996,4.5725,11.1269,15.733,9.1102,173.698,343.08,710.0,72.3759,33.005,45.816,9.595,3.99,12.303,45.816,25.407,14.9041,0.1768,0.1285,0.1312,0.1286,0.2094,0.1312,0.1982,0.1245,539.48,275.75,358.5,84.6675,84.9375,85.32,82.3275,83.52,82.0725,42.9136,519.72,520.0,20.344,517.61,489.05,13.2925
86.0,57.6,4.5719,57.5625,287.37,358.0623,571.75,2.6004,4.58,173.4615,343.11,72.279,710.0,19.4499,600.12,600.12,9.9798,66.2189,76.7774,2.6004,4.5775,11.126,15.7333,9.1108,173.46,343.11,710.08,72.3259,33.0,45.942,9.59,4.057,12.303,45.942,25.5445,14.9041,0.1773,0.1285,0.1311,0.1285,0.2093,0.1311,0.1981,0.1244,539.52,275.75,358.5,84.69,84.9,85.275,82.29,83.5125,82.05,42.9109,519.75,520.0,20.344,517.61,489.02,13.2925
86.95,57.5625,4.7141,57.5625,286.6275,358.6478,571.2,2.6,4.58,173.88,343.11,72.2783,710.08,19.4494,600.12,600.12,9.9798,66.2191,76.7769,2.6004,4.58,11.1276,15.7335,9.1102,173.88,343.11,710.08,72.3259,33.0,45.978,9.587,4.11,12.303,45.978,25.649,14.9041,0.1778,0.1285,0.1311,0.1285,0.2093,0.131,0.1981,0.1243,539.52,275.75,358.5,84.72,84.945,85.29,82.2975,83.505,82.0425,42.9119,519.75,520.0,20.3439,517.61,489.02,13.3032
86.3,57.5625,4.4484,57.5625,287.3475,357.6835,571.95,2.6,4.58,173.502,343.11,72.2782,710.08,19.4489,600.12,600.12,9.9797,66.2192,76.7779,2.6,4.58,11.1276,15.7338,9.1102,173.502,343.11,709.92,72.3259,33.0,45.864,9.585,4.149,12.304,45.864,25.6985,14.9041,0.1781,0.1285,0.1311,0.1285,0.2094,0.131,0.1982,0.1244,539.56,275.75,358.5,84.735,84.9825,85.335,82.2975,83.4675,82.065,42.9092,519.78,520.0,20.3438,517.61,489.02,13.3038
86.3,57.5625,4.4484,57.5625,287.3475,357.6835,571.95,2.6,4.58,173.502,343.11,72.2793,709.92,19.4489,600.12,600.12,9.9803,66.2194,76.7779,2.6,4.58,11.1277,15.7339,9.1102,173.502,343.11,709.92,72.3259,33.0,45.864,9.585,4.149,12.304,45.864,25.6985,14.9127,0.1781,0.1285,0.1311,0.1285,0.2094,0.131,0.1982,0.1244,539.56,275.75,358.5,84.735,84.9825,85.335,82.2975,83.4675,82.065,42.9092,519.78,520.0,20.3438,517.61,489.02,13.3038
86.3,57.5625,4.4484,57.5625,287.3475,357.6835,571.95,2.6,4.58,173.502,343.11,72.2793,709.92,19.4489,600.12,600.12,9.9803,66.2194,76.7779,2.6,4.58,11.1277,15.7339,9.1102,173.502,343.11,709.92,72.3259,33.0,45.864,9.585,4.149,12.304,45.864,25.6985,14.9127,0.1781,0.1285,0.1311,0.1285,0.2094,0.131,0.1982,0.1244,539.56,275.75,358.5,84.735,84.9825,85.335,82.2975,83.4675,82.065,42.9092,519.78,520.0,20.3438,517.61,489.02,13.3038
86.3,57.5625,4.4484,57.5625,287.3475,357.6835,571.95,2.6,4.58,173.502,343.11,72.2793,709.92,19.4489,600.12,600.12,9.9803,66.2194,76.7779,2.6,4.58,11.1277,15.7339,9.1102,173.502,343.11,709.92,72.3259,33.0,45.864,9.585,4.149,12.304,45.864,25.6985,14.9127,0.1781,0.1285,0.1311,0.1285,0.2094,0.131,0.1982,0.1244,539.56,275.75,358.5,84.735,84.9825,85.335,82.2975,83.4675,82.065,42.9092,519.78,520.0,20.3438,517.61,489.02,13.3038
86.3,57.5625,4.4484,57.5625,287.3475,357.6835,571.95,2.6,4.58,173.502,343.11,72.2793,709.92,19.4489,600.12,600.12,9.9803,66.2194,76.7779,2.6,4.58,11.1277,15.7339,9.1102,173.502,343.11,709.92,72.3259,33.0,45.864,9.585,4.149,12.304,45.864,25.6985,14.9127,0.1781,0.1285,0.1311,0.1285,0.2094,0.131,0.1982,0.1244,539.56,275.75,358.5,84.735,84.9825,85.335,82.2975,83.4675,82.065,42.9092,519.78,520.0,20.3438,517.61,489.02,13.3038
86.3,57.5625,4.4484,57.5625,287.3475,357.6835,571.95,2.6,4.58,173.502,343.11,72.2793,709.92,19.4489,600.12,600.12,9.9803,66.2194,76.7779,2.6,4.58,11.1277,15.7339,9.1102,173.502,343.11,709.92,72.3259,33.0,45.864,9.585,4.149,12.304,45.864,25.6985,14.9127,0.1781,0.1285,0.1311,0.1285,0.2094,0.131,0.1982,0.1244,539.56,275.75,358.5,84.735,84.9825,85.335,82.2975,83.4675,82.065,42.9092,519.78,520.0,20.3438,517.61,489.02,13.3038
86.3,57.5625,4.4484,57.5625,287.3475,357.6835,571.95,2.6,4.58,173.502,343.11,72.2793,709.92,19.4489,600.12,600.12,9.9803,66.2194,76.7779,2.6,4.58,11.1277,15.7339,9.1102,173.502,343.11,709.92,72.3259,33.0,45.864,9.585,4.149,12.304,45.864,25.6985,14.9127,0.1781,0.1285,0.1311,0.1285,0.2094,0.131,0.1982,0.1244,539.56,275.75,358.5,84.735,84.9825,85.335,82.2975,83.4675,82.065,42.9092,519.78,520.0,20.3438,517.61,489.02,13.3038
86.6,57.525,4.2812,57.525,287.19,358.5444,571.7,2.5994,4.57,173.205,343.05,72.2828,709.84,19.4561,599.76,599.76,9.9823,66.2225,76.7826,2.5994,4.57,11.1359,15.7348,9.1086,173.208,343.05,709.84,72.3021,33.0,45.312,9.601,4.112,12.303,45.312,25.1925,14.9055,0.1771,0.1288,0.1315,0.1289,0.2098,0.1314,0.1987,0.1247,539.68,275.75,358.5,84.585,85.0725,85.2675,82.3275,83.5425,81.9675,42.9493,519.87,520.0,20.3476,517.55,488.99,13.2925
86.6,57.525,4.2812,57.525,287.19,358.5444,571.7,2.5994,4.57,173.205,343.05,72.2831,709.84,19.4571,599.76,599.76,9.9824,66.2229,76.7834,2.5994,4.57,11.1372,15.735,9.1086,173.208,343.05,709.84,72.3021,33.0,45.312,9.601,4.112,12.303,45.312,25.1925,14.9055,0.1771,0.1288,0.1315,0.1289,0.2098,0.1314,0.1987,0.1247,539.68,275.75,358.5,84.585,85.0725,85.2675,82.3275,83.5425,81.9675,42.9498,519.87,520.0,20.3475,517.55,488.99,13.2925
86.6,57.525,4.2812,57.525,287.19,358.5444,571.7,2.5994,4.57,173.205,343.05,72.2833,709.84,19.4581,599.76,599.76,9.9826,66.2234,76.7841,2.5994,4.57,11.1386,15.7353,9.1086,173.208,343.05,709.84,72.3021,33.0,45.312,9.601,4.112,12.303,45.312,25.1925,14.9055,0.1771,0.1288,0.1315,0.1289,0.2098,0.1314,0.1987,0.1247,539.68,275.75,358.5,84.585,85.0725,85.2675,82.3275,83.5425,81.9675,42.9503,519.87,520.0,20.3474,517.55,488.99,13.2925
86.6,57.525,4.2812,57.525,287.19,358.5444,571.7,2.5994,4.57,173.205,343.05,72.2836,709.84,19.4591,599.76,599.76,9.9828,66.2238,76.7849,2.5994,4.57,11.1399,15.7355,9.1086,173.208,343.05,709.84,72.3021,33.0,45.312,9.601,4.112,12.303,45.312,25.1925,14.9055,0.1771,0.1288,0.1315,0.1289,0.2098,0.1314,0.1987,0.1247,539.68,275.75,358.5,84.585,85.0725,85.2675,82.3275,83.5425,81.9675,42.9508,519.87,520.0,20.3473,517.55,488.99,13.2925
86.875,57.6,3.8875,57.5625,286.5825,358.0623,571.05,2.5996,4.5725,173.1915,343.05,72.2832,709.92,19.4601,599.76,600.0,9.9829,66.2234,76.7849,2.5996,4.5725,11.1381,15.7358,9.1091,173.194,343.05,709.92,72.3021,33.0,45.564,9.599,4.062,12.303,45.312,25.2475,14.9055,0.1766,0.1287,0.1314,0.1288,0.2096,0.1314,0.1984,0.1246,539.64,275.75,358.5,84.585,85.0275,85.32,82.3725,83.4975,81.9225,42.9514,519.87,520.0,20.3472,517.55,488.99,13.2925
86.75,57.6,3.9922,57.525,287.325,358.0623,571.75,2.5998,4.575,173.745,343.05,72.2827,710.0,19.4581,600.0,600.06,9.9823,66.2236,76.7846,2.5998,4.575,11.1382,15.736,9.1096,173.74,343.08,710.0,72.3021,33.0,45.786,9.596,4.034,12.303,45.564,25.352,14.9055,0.1767,0.1286,0.1313,0.1287,0.2094,0.1313,0.1982,0.1245,539.64,275.75,358.55,84.615,84.9975,85.3575,82.335,83.5125,81.945,42.9519,519.87,520.0,20.3472,517.55,488.99,13.2925
86.525,57.525,4.1406,57.5625,287.235,357.9934,571.2,2.5998,4.5775,173.313,343.08,72.2827,710.0,19.4574,600.06,600.12,9.9823,66.2238,76.7849,2.5998,4.5775,11.1383,15.7363,9.1096,173.306,343.11,710.0,72.2514,32.995,45.888,9.593,4.045,12.303,45.786,25.4675,14.9055,0.1771,0.1285,0.1312,0.1286,0.2093,0.1311,0.1981,0.1244,539.64,275.75,358.55,84.585,85.035,85.3725,82.2975,83.55,81.9225,42.9562,519.84,520.0,20.3471,517.55,488.99,13.2925
86.225,57.5625,4.6469,57.6,286.74,358.3378,571.2,2.6,4.58,173.259,343.11,72.2821,710.08,19.4564,600.12,600.18,9.9822,66.2239,76.7844,2.6,4.58,11.1383,15.7365,9.1102,173.25,343.11,710.08,72.2508,32.995,46.014,9.59,4.086,12.303,45.888,25.561,14.9055,0.1776,0.1285,0.1311,0.1285,0.2091,0.1311,0.198,0.1244,539.68,275.75,358.55,84.6375,85.065,85.3725,82.32,83.5275,81.9075,42.9531,519.87,520.0,20.347,517.55,488.99,13.2925
86.9,57.5625,4.0281,57.6,287.1675,358.6478,571.2,2.6002,4.5825,173.097,343.11,72.2819,710.08,19.4551,600.18,600.24,9.9821,66.2234,76.7836,2.6002,4.5825,11.1384,15.7368,9.1102,173.096,343.11,710.08,72.2502,32.995,46.134,9.586,4.128,12.303,46.014,25.6325,14.9055,0.1779,0.1285,0.131,0.1285,0.209,0.131,0.1979,0.1243,539.72,275.75,358.55,84.675,85.1025,85.3275,82.305,83.4825,81.9075,42.9461,519.93,520.0,20.3469,517.55,488.99,13.2925
86.2,57.5625,4.6359,57.6,287.19,358.4067,571.25,2.6008,4.5825,173.3535,343.11,72.2818,710.08,19.4536,600.24,600.42,9.982,66.2233,76.7811,2.6008,4.5825,11.1329,15.7345,9.1118,173.348,343.14,710.08,72.2496,32.995,46.242,9.583,4.156,12.304,46.134,25.6985,14.9055,0.178,0.1284,0.131,0.1284,0.209,0.131,0.1978,0.1242,539.8,275.75,358.55,84.63,85.1475,85.2975,82.26,83.475,81.9,42.9388,519.99,520.0,20.3469,517.55,488.99,13.2925
86.525,57.6,3.9219,57.5625,287.3475,357.6835,572.0,2.6008,4.585,173.529,343.14,72.2811,710.16,19.4504,600.42,600.42,9.9819,66.2225,76.7801,2.6008,4.585,11.1307,15.7338,9.1124,173.53,343.14,710.16,72.2489,32.995,46.314,9.58,4.17,12.304,46.242,25.759,14.9055,0.178,0.1284,0.1309,0.1284,0.2089,0.1309,0.1977,0.1242,539.88,275.75,358.55,84.645,85.1775,85.26,82.2375,83.46,81.915,42.9276,520.08,520.0,20.3468,517.55,488.99,13.2925
86.75,57.525,4.3406,57.6,287.37,357.8901,571.85,2.6008,4.585,173.7045,343.14,72.2808,710.16,19.4486,600.42,600.42,9.9818,66.2221,76.7791,2.6008,4.585,11.1285,15.733,9.1124,173.698,343.14,710.16,72.2483,32.995,46.344,9.577,4.178,12.304,46.314,25.8085,14.9055,0.1781,0.1283,0.1309,0.1283,0.2089,0.1309,0.1976,0.1242,539.92,275.75,358.5,84.66,85.1775,85.29,82.275,83.46,81.93,42.9198,520.14,520.0,20.3467,517.55,488.99,13.2925
86.025,57.5625,4.1609,57.6,286.83,358.3034,571.1,2.6008,4.585,174.2445,343.14,72.2806,710.16,19.4469,600.42,600.3,9.9818,66.2218,76.7781,2.6008,4.585,11.1289,15.7348,9.1124,174.244,343.14,710.16,72.2477,32.995,46.326,9.575,4.187,12.304,46.344,25.8415,14.9055,0.1782,0.1284,0.1309,0.1283,0.209,0.1309,0.1977,0.1242,540.0,275.75,358.5,84.675,85.215,85.2675,82.2825,83.415,81.9675,42.9154,520.17,520.0,20.3466,517.55,488.99,13.2925
86.575,57.5625,4.4781,57.6,286.56,358.0967,571.35,2.6008,4.585,173.4615,343.14,72.2803,710.16,19.4466,600.3,600.12,9.9817,66.2214,76.7771,2.6008,4.585,11.1308,15.735,9.1124,173.46,343.14,710.16,72.2471,32.995,46.236,9.574,4.197,12.304,46.326,25.847,14.9055,0.1784,0.1284,0.1309,0.1283,0.209,0.1309,0.1978,0.1242,539.96,275.75,358.55,84.6975,85.23,85.305,82.335,83.4525,82.005,42.9148,520.17,520.0,20.3466,517.55,488.99,13.2925
86.775,57.5625,4.6641,57.6,286.56,357.649,571.75,2.6002,4.585,173.5155,343.14,72.2801,710.16,19.4476,600.12,600.06,9.9816,66.2219,76.7784,2.6002,4.585,11.1309,15.7353,9.1118,173.516,343.14,710.16,72.2464,32.995,46.164,9.574,4.207,12.304,46.236,25.8305,14.9055,0.1785,0.1284,0.131,0.1284,0.209,0.131,0.1978,0.1242,540.0,275.75,358.55,84.6525,85.2225,85.3275,82.3425,83.415,81.9975,42.9103,520.2,520.0,20.3465,517.55,488.99,13.2925
86.225,57.5625,4.0734,57.525,287.145,358.2345,571.05,2.6002,4.5825,173.4885,343.14,72.2804,710.08,19.4479,600.06,600.06,9.9815,66.2218,76.7781,2.6002,4.5825,11.131,15.7355,9.1113,173.488,343.14,710.08,72.2964,33.0,46.074,9.575,4.209,12.304,46.164,25.792,14.9055,0.1784,0.1285,0.131,0.1284,0.2091,0.131,0.1979,0.1243,540.04,275.75,358.55,84.5925,85.215,85.3125,82.305,83.3775,81.9825,42.9058,520.23,520.0,20.3464,517.55,488.99,13.2925
86.175,57.525,4.0812,57.6,287.1,358.4411,571.1,2.6002,4.5825,173.475,343.14,72.2803,710.08,19.4476,600.06,600.0,9.9814,66.2217,76.7779,2.6002,4.5825,11.1279,15.7333,9.1108,173.474,343.11,710.08,72.2964,33.0,45.978,9.576,4.202,12.304,46.074,25.7535,14.9055,0.1784,0.1285,0.131,0.1285,0.2092,0.131,0.198,0.1243,540.04,275.75,358.55,84.5625,85.1775,85.3275,82.29,83.4,81.9675,42.9048,520.23,520.0,20.3463,517.55,488.99,13.2925
86.55,57.5625,4.775,57.6,287.5275,357.7868,571.6,2.6,4.58,173.583,343.11,72.2802,710.08,19.4481,600.0,599.94,9.9813,66.2216,76.7784,2.6,4.58,11.1268,15.7325,9.1108,173.586,343.11,710.08,72.2964,33.0,45.822,9.578,4.192,12.304,45.978,25.704,14.9055,0.1783,0.1286,0.1311,0.1285,0.2094,0.131,0.1982,0.1244,540.04,275.75,358.55,84.5925,85.1475,85.305,82.2675,83.3925,82.0125,42.9039,520.23,520.0,20.3463,517.55,488.99,13.2925
86.575,57.525,4.2141,57.5625,287.4375,358.1312,571.55,2.5998,4.5775,173.529,343.11,72.2807,710.0,19.4489,599.94,599.88,9.982,66.2215,76.7791,2.5998,4.5775,11.1256,15.7318,9.1102,173.53,343.08,710.0,72.2964,33.0,45.618,9.581,4.183,12.304,45.822,25.6325,14.9055,0.1783,0.1286,0.1312,0.1286,0.2096,0.1312,0.1984,0.1245,540.0,275.75,358.55,84.555,85.1625,85.3125,82.2525,83.4075,81.9825,42.9067,520.2,520.0,20.3462,517.55,488.99,13.2925
86.95,57.6,4.2547,57.5625,287.0325,358.4067,571.15,2.5996,4.575,173.826,343.08,72.2813,709.92,19.4499,599.88,599.76,9.9822,66.2214,76.7801,2.5996,4.575,11.1244,15.731,9.1102,173.824,343.08,709.92,72.2964,33.0,45.408,9.585,4.176,12.304,45.618,25.539,14.9055,0.1782,0.1287,0.1313,0.1287,0.2098,0.1313,0.1986,0.1246,539.96,275.75,358.55,84.57,85.185,85.3275,82.215,83.4,82.0275,42.9134,520.14,520.0,20.3461,517.55,488.99,13.2925
86.35,57.525,4.8219,57.6,287.37,358.3034,571.2,2.5994,4.57,173.8125,343.08,72.2814,709.92,19.4519,599.76,599.7,9.9823,66.2221,76.7814,2.5994,4.57,11.1264,15.7328,9.1096,173.824,343.05,709.92,72.2964,33.0,45.156,9.59,4.165,12.304,45.408,25.4345,14.9055,0.1782,0.1288,0.1314,0.1288,0.2101,0.1314,0.1988,0.1247,539.84,275.75,358.55,84.5775,85.1775,85.3275,82.185,83.4225,82.05,42.9241,520.05,520.0,20.346,517.55,488.99,13.2925
86.275,57.5625,4.2281,57.5625,286.785,358.3723,571.55,2.5992,4.5675,173.772,343.05,72.2822,709.84,19.4536,599.7,599.58,9.9825,66.2223,76.7829,2.5992,4.5675,11.1264,15.733,9.1091,173.768,343.02,709.84,72.2964,33.0,44.91,9.596,4.15,12.304,45.156,25.3135,14.9055,0.178,0.129,0.1315,0.129,0.2103,0.1315,0.1991,0.1248,539.72,275.75,358.55,84.6,85.125,85.32,82.155,83.43,82.035,42.939,519.93,520.0,20.3459,517.55,488.99,13.2925
86.8,57.5625,4.1219,57.6,287.46,358.6133,571.55,2.5994,4.565,173.259,343.02,72.2831,709.76,19.4564,599.58,599.7,9.9834,66.2224,76.7831,2.5994,4.565,11.1296,15.7333,9.1091,173.25,342.99,709.76,72.2964,33.0,44.742,9.603,4.129,12.304,44.91,25.176,14.9055,0.1778,0.129,0.1316,0.1291,0.2104,0.1316,0.1993,0.1249,539.6,275.75,358.5,84.555,85.08,85.3275,82.2075,83.415,81.99,42.9543,519.81,520.0,20.3459,517.55,488.99,13.2925
86.275,57.6,4.2594,57.6,287.325,357.6835,571.75,2.5996,4.5675,174.1365,342.99,72.2828,709.84,19.4566,599.7,599.88,9.9831,66.2226,76.7831,2.5996,4.5675,11.131,15.7335,9.1096,174.146,343.02,709.84,72.2964,33.0,45.3,9.609,4.102,12.304,44.742,25.0605,14.9055,0.177,0.1289,0.1316,0.129,0.21,0.1315,0.1987,0.1248,539.48,275.75,358.5,84.555,85.065,85.32,82.2225,83.445,81.96,42.9701,519.69,520.0,20.3458,517.55,488.99,13.2925
86.7,57.525,3.8562,57.6,287.325,358.6133,571.45,2.6,4.5725,173.34,343.02,72.2824,709.92,19.4556,599.88,600.0,9.9833,66.2228,76.7821,2.6,4.5725,11.1292,15.7338,9.1102,173.334,343.05,709.92,72.2458,32.995,45.606,9.605,4.047,12.304,45.3,25.176,14.9055,0.1764,0.1287,0.1314,0.1288,0.2096,0.1314,0.1984,0.1247,539.36,275.75,358.5,84.57,85.0875,85.3275,82.2675,83.46,81.915,42.9826,519.6,520.0,20.3457,517.55,488.99,13.2925
86.95,57.5625,3.8484,57.5625,287.19,358.0279,571.5,2.6002,4.575,174.204,343.05,72.2819,710.0,19.4546,600.0,600.24,9.9827,66.2222,76.7814,2.6002,4.575,11.1261,15.734,9.1108,174.202,343.08,710.0,72.1945,32.99,45.876,9.601,4.014,12.304,45.606,25.3355,14.9055,0.1765,0.1285,0.1313,0.1287,0.2094,0.1312,0.1981,0.1245,539.4,275.75,358.5,84.5625,85.065,85.2975,82.23,83.43,81.8775,42.9842,519.6,520.0,20.3456,517.55,488.99,13.2925
86.375,57.525,4.2828,57.5625,287.4375,358.4411,571.6,2.6004,4.5775,174.231,343.08,72.2819,710.0,19.4516,600.24,600.3,9.9826,66.2221,76.7804,2.6004,4.5775,11.125,15.7343,9.1113,174.23,343.11,710.0,72.1933,32.99,45.948,9.594,4.032,12.304,45.876,25.484,14.9055,0.1771,0.1285,0.1312,0.1286,0.2094,0.1311,0.1981,0.1244,539.4,275.75,358.5,84.54,85.0275,85.3425,82.2375,83.4825,81.9,42.9821,519.63,520.0,20.3456,517.55,488.96,13.2925
86.4,57.5625,3.9109,57.525,287.235,358.4756,571.9,2.6006,4.58,173.313,343.11,72.2813,710.08,19.4499,600.3,600.18,9.9825,66.222,76.7791,2.6006,4.58,11.1269,15.7345,9.1113,173.32,343.11,710.08,72.192,32.99,46.002,9.591,4.087,12.304,45.948,25.583,14.9055,0.1778,0.1285,0.1311,0.1285,0.2092,0.131,0.198,0.1244,539.4,275.75,358.5,84.555,84.9975,85.35,82.2375,83.4375,81.93,42.9836,519.63,520.0,20.3455,517.55,488.96,13.2925
86.425,57.6,3.8609,57.525,287.46,357.8212,571.5,2.6006,4.58,173.988,343.11,72.2812,710.08,19.4501,600.18,600.18,9.9824,66.2219,76.7784,2.6006,4.58,11.127,15.7348,9.1113,173.992,343.11,710.08,72.1908,32.99,46.08,9.588,4.145,12.304,46.002,25.638,14.9055,0.1782,0.1285,0.1311,0.1285,0.2092,0.131,0.1979,0.1243,539.48,275.75,358.55,84.5325,85.0425,85.305,82.2,83.4075,81.9375,42.9738,519.72,520.0,20.3454,517.52,488.96,13.2925
86.0,57.6,4.4531,57.6,287.0775,358.2,571.9,2.6006,4.5825,173.448,343.11,72.2811,710.08,19.4494,600.18,600.06,9.9823,66.2219,76.7776,2.6006,4.5825,11.1302,15.735,9.1113,173.446,343.11,710.08,72.1895,32.99,46.092,9.585,4.179,12.304,46.08,25.671,14.9055,0.1784,0.1285,0.131,0.1285,0.2091,0.131,0.1979,0.1243,539.52,275.75,358.55,84.5775,85.02,85.335,82.2225,83.4525,81.99,42.9712,519.75,520.0,20.3453,517.52,488.96,13.2925
86.075,57.6,3.9812,57.6,286.605,358.3034,572.0,2.6006,4.5825,173.7855,343.11,72.281,710.08,19.4501,600.06,600.06,9.9823,66.2218,76.7769,2.6006,4.5825,11.1315,15.7353,9.1113,173.782,343.11,710.08,72.1883,32.99,46.098,9.584,4.192,12.304,46.092,25.6985,14.9055,0.1784,0.1285,0.131,0.1285,0.2091,0.131,0.1979,0.1243,539.6,275.75,358.55,84.5475,85.08,85.3275,82.2375,83.4675,81.975,42.9647,519.81,520.0,20.3453,517.52,488.96,13.2925
86.625,57.525,4.2844,57.5625,287.1675,358.51,571.8,2.6,4.5825,173.7585,343.11,72.2808,710.08,19.4499,600.06,600.06,9.9822,66.2217,76.7784,2.6,4.5825,11.1297,15.7355,9.1108,173.754,343.11,710.08,72.187,32.99,46.062,9.583,4.195,12.304,46.098,25.6985,14.9055,0.1784,0.1285,0.131,0.1285,0.2092,0.131,0.1979,0.1243,539.64,275.75,358.55,84.5175,85.0275,85.32,82.23,83.4825,81.9525,42.9579,519.87,520.0,20.3452,517.52,488.96,13.2925
86.8,57.525,4.4906,57.5625,287.28,358.2,571.3,2.6,4.58,172.962,343.11,72.2807,710.08,19.4496,600.06,600.0,9.9821,66.2216,76.7784,2.6,4.58,11.1298,15.7358,9.1108,172.956,343.11,710.08,72.1858,32.99,46.008,9.583,4.193,12.304,46.062,25.693,14.9055,0.1784,0.1285,0.1311,0.1285,0.2091,0.131,0.198,0.1243,539.68,275.75,358.55,84.5025,85.065,85.365,82.2225,83.4975,81.93,42.9547,519.9,520.0,20.3451,517.52,488.96,13.2925
86.15,57.5625,4.4844,57.6,286.7625,358.0967,571.55,2.6,4.58,173.664,343.11,72.2806,710.08,19.4501,600.0,600.0,9.982,66.2215,76.7784,2.6,4.58,11.1268,15.7335,9.1108,173.67,343.11,710.08,72.1845,32.99,45.984,9.583,4.191,12.304,46.008,25.671,14.9055,0.1783,0.1285,0.1311,0.1285,0.2092,0.131,0.198,0.1244,539.76,275.75,358.55,84.495,85.0875,85.41,82.2375,83.475,81.9075,42.9438,519.99,520.0,20.345,517.52,488.96,13.2925
86.2,57.525,4.2188,57.6,286.8975,358.2689,571.85,2.6,4.58,173.6235,343.11,72.2805,710.08,19.4501,600.0,600.0,9.9819,66.2214,76.7784,2.6,4.58,11.1287,15.7328,9.1108,173.628,343.11,710.08,72.2339,32.995,45.93,9.583,4.185,12.304,45.984,25.6435,14.9055,0.1783,0.1286,0.1311,0.1285,0.2093,0.1311,0.1981,0.1244,539.8,275.75,358.55,84.555,85.05,85.4325,82.2525,83.445,81.9075,42.9439,519.99,520.0,20.345,517.52,488.96,13.2925
86.275,57.5625,4.2656,57.5625,287.1,357.7179,571.45,2.6,4.58,173.151,343.11,72.281,710.0,19.4501,600.0,599.94,9.9818,66.2214,76.7784,2.6,4.58,11.1288,15.732,9.1108,173.152,343.11,710.0,72.2333,32.995,45.864,9.584,4.18,12.304,45.93,25.627,14.9055,0.1782,0.1286,0.1311,0.1286,0.2093,0.1311,0.1981,0.1244,539.8,275.75,358.55,84.5925,85.0575,85.4625,82.245,83.4375,81.9525,42.9401,520.02,520.0,20.3449,517.52,488.96,13.2925
86.975,57.5625,4.5359,57.6375,287.19,357.8212,571.4,2.5998,4.5775,173.8125,343.11,72.281,710.0,19.4509,599.94,600.12,9.9818,66.2213,76.7791,2.5998,4.5775,11.1289,15.7338,9.1108,173.81,343.11,710.0,72.2327,32.995,45.822,9.585,4.176,12.303,45.864,25.5995,14.9055,0.1782,0.1286,0.1312,0.1286,0.2094,0.1311,0.1982,0.1244,539.84,275.75,358.55,84.5475,85.035,85.4925,82.2375,83.415,81.9075,42.9363,520.05,520.0,20.3448,517.52,488.96,13.2925
86.15,57.525,4.5906,57.6,287.505,358.1312,571.35,2.5998,4.5775,174.015,343.11,72.281,710.0,19.4489,600.12,600.06,9.9817,66.2212,76.7794,2.5998,4.5775,11.129,15.734,9.1102,174.02,343.08,710.0,72.232,32.995,45.666,9.586,4.17,12.303,45.822,25.572,14.9055,0.1782,0.1286,0.1312,0.1286,0.2096,0.1312,0.1983,0.1245,539.8,275.75,358.55,84.5925,85.005,85.4925,82.2225,83.4675,81.9,42.9399,520.02,520.0,20.3447,517.52,488.96,13.2925
86.85,57.5625,4.6844,57.6,286.8975,357.9934,571.75,2.5996,4.575,173.88,343.08,72.2816,709.92,19.4491,600.06,599.94,9.9823,66.2211,76.7804,2.5996,4.575,11.129,15.7343,9.1096,173.88,343.08,709.92,72.2314,32.995,45.426,9.589,4.167,12.303,45.666,25.517,14.9055,0.1783,0.1287,0.1313,0.1287,0.2098,0.1313,0.1986,0.1246,539.76,275.75,358.55,84.585,85.05,85.4775,82.2525,83.4675,81.93,42.9473,519.96,520.0,20.3447,517.52,488.96,13.2925
86.275,57.5625,4.0031,57.6375,287.2125,358.0623,571.2,2.5994,4.57,173.8665,343.08,72.2817,709.92,19.4504,599.94,599.7,9.9825,66.2218,76.7816,2.5994,4.57,11.1291,15.7345,9.1096,173.866,343.05,709.92,72.2308,32.995,45.174,9.593,4.167,12.303,45.426,25.4235,14.9055,0.1784,0.1289,0.1314,0.1288,0.2101,0.1314,0.1988,0.1247,539.68,275.75,358.55,84.5475,85.02,85.44,82.2675,83.4975,81.8925,42.955,519.9,520.0,20.3446,517.52,488.96,13.2925
86.65,57.5625,4.775,57.5625,287.37,357.8901,571.55,2.5992,4.5675,172.8,343.05,72.2825,709.84,19.4536,599.7,599.64,9.9827,66.2219,76.7831,2.5992,4.5675,11.1292,15.7348,9.1091,172.802,343.02,709.84,72.2302,32.995,44.928,9.598,4.162,12.303,45.174,25.3025,14.9055,0.1782,0.129,0.1315,0.129,0.2102,0.1315,0.1991,0.1248,539.6,275.75,358.55,84.555,85.0275,85.3875,82.23,83.46,81.945,42.9704,519.78,520.0,20.3445,517.52,488.96,13.2925
86.45,57.6,4.3172,57.6,287.1225,357.6835,571.3,2.5996,4.5725,173.961,343.02,72.2821,709.92,19.4556,599.64,599.94,9.9821,66.2214,76.7827,2.5996,4.5725,11.1293,15.735,9.1096,173.964,343.05,709.92,72.2295,32.995,45.846,9.605,4.145,12.303,44.928,25.1705,14.9055,0.1772,0.1287,0.1314,0.1288,0.2094,0.1314,0.1982,0.1246,539.52,275.75,358.55,84.5475,84.99,85.335,82.245,83.4525,81.9525,42.975,519.75,520.0,20.3444,517.52,488.96,13.2925
86.475,57.6,3.9984,57.6,286.8075,358.0967,571.9,2.6006,4.58,173.5965,343.05,72.281,710.08,19.4534,599.94,600.3,9.982,66.2213,76.7794,2.6006,4.58,11.1293,15.7353,9.1118,173.6,343.11,710.08,72.1783,32.99,46.368,9.595,4.077,12.303,45.846,25.385,14.9055,0.1763,0.1284,0.1311,0.1285,0.2088,0.131,0.1976,0.1243,539.52,275.75,358.55,84.585,84.9675,85.335,82.245,83.445,81.945,42.9761,519.75,520.0,20.3443,517.52,488.96,13.2925
86.1,57.5625,4.6172,57.6,286.6725,358.3378,571.55,2.601,4.5875,173.5695,343.11,72.2796,710.24,19.4491,600.3,600.48,9.9812,66.2204,76.7772,2.601,4.5875,11.1294,15.7355,9.1129,173.572,343.17,710.24,72.177,32.99,46.842,9.585,4.029,12.303,46.368,25.6655,14.9055,0.1763,0.1281,0.1308,0.1283,0.2083,0.1308,0.1972,0.124,539.64,275.75,358.55,84.6225,84.96,85.3275,82.2,83.4375,81.99,42.9658,519.84,520.0,20.3443,517.52,488.96,13.2925
86.225,57.525,3.9672,57.6,287.46,357.9245,571.4,2.6016,4.595,174.1635,343.17,72.2786,710.32,19.4456,600.48,600.66,9.9801,66.2201,76.7737,2.6016,4.595,11.1295,15.7333,9.1135,174.16,343.2,710.32,72.1758,32.99,47.256,9.573,4.053,12.303,46.842,25.9405,14.9055,0.1769,0.1279,0.1306,0.128,0.208,0.1306,0.1967,0.1238,539.8,275.75,358.55,84.6075,84.945,85.35,82.185,83.445,82.035,42.9477,519.99,520.0,20.3442,517.52,488.96,13.2925
86.075,57.525,4.6813,57.525,287.235,357.8212,571.9,2.6018,4.6025,173.475,343.2,72.2775,710.4,19.4414,600.66,600.72,9.9795,66.219,76.7709,2.6018,4.6025,11.1296,15.7325,9.1146,173.474,343.26,710.4,72.1745,32.99,47.55,9.561,4.123,12.303,47.256,26.188,14.9055,0.1777,0.1278,0.1304,0.1278,0.2076,0.1303,0.1964,0.1236,539.96,275.75,358.55,84.6,84.9525,85.32,82.2,83.475,81.9975,42.9289,520.14,520.0,20.3441,517.52,488.96,13.2925
86.175,57.525,4.1406,57.6,287.145,358.3378,571.5,2.6016,4.605,173.5965,343.26,72.2762,710.48,19.4379,600.72,600.66,9.9789,66.2184,76.7694,2.6016,4.605,11.1297,15.7318,9.1146,173.586,343.29,710.48,72.1733,32.99,47.79,9.551,4.2,12.303,47.55,26.4025,14.9055,0.1784,0.1277,0.1302,0.1276,0.2074,0.1302,0.1962,0.1234,540.16,275.75,358.5,84.63,84.9375,85.3125,82.185,83.505,81.9525,42.8983,520.38,520.0,20.344,517.52,488.96,13.2925
86.5,57.525,4.3187,57.6,286.6725,357.959,571.9,2.6014,4.61,173.7855,343.29,72.2761,710.4,19.4356,600.66,600.6,9.9783,66.2171,76.7682,2.6014,4.61,11.1297,15.7335,9.1146,173.782,343.32,710.4,72.172,32.99,47.934,9.541,4.261,12.303,47.79,26.5565,14.9055,0.1788,0.1276,0.1301,0.1275,0.2073,0.1301,0.1961,0.1233,540.4,275.75,358.5,84.5925,84.9675,85.3575,82.2225,83.4675,81.9825,42.8704,520.59,520.0,20.344,517.52,488.96,13.2925
86.375,57.6,4.0406,57.6,287.505,357.8212,571.95,2.6014,4.6125,173.5425,343.32,72.2748,710.48,19.4336,600.6,600.6,9.9778,66.2163,76.7664,2.6014,4.6125,11.1298,15.7338,9.1146,173.544,343.32,710.48,72.2214,32.995,47.976,9.533,4.304,12.303,47.934,26.672,14.9055,0.1791,0.1276,0.13,0.1275,0.2072,0.13,0.196,0.1233,540.6,275.75,358.5,84.57,84.945,85.365,82.2525,83.49,81.9975,42.8418,520.8,520.0,20.3439,517.52,488.96,13.2925
86.3,57.5625,4.275,57.6,287.0325,357.959,571.75,2.601,4.6125,173.1645,343.32,72.2741,710.48,19.4311,600.6,600.42,9.9772,66.2162,76.7662,2.601,4.6125,11.1299,15.734,9.1135,173.152,343.32,710.48,72.2714,33.0,47.964,9.527,4.334,12.303,47.976,26.7435,14.9055,0.1793,0.1276,0.13,0.1274,0.2072,0.1299,0.196,0.1232,540.84,275.75,358.5,84.5325,85.005,85.3275,82.2375,83.4675,81.99,42.816,520.98,520.0,20.3438,517.52,488.96,13.2925
86.55,57.5625,3.9172,57.525,287.3025,357.6835,571.35,2.601,4.6125,173.1645,343.32,72.2733,710.48,19.4309,600.42,600.42,9.9766,66.2156,76.7649,2.601,4.6125,11.13,15.7343,9.114,173.166,343.35,710.48,72.3221,33.005,47.922,9.523,4.352,12.302,47.964,26.7875,14.9055,0.1794,0.1275,0.13,0.1274,0.2072,0.1299,0.1961,0.1232,541.04,275.75,358.5,84.57,85.065,85.29,82.2075,83.5125,81.9825,42.7857,521.19,520.0,20.3437,517.55,488.96,13.3032
86.2,57.6375,4.4875,57.5625,287.3475,357.9245,571.85,2.601,4.6125,174.15,343.35,72.2738,710.32,19.4291,600.42,600.24,9.9768,66.215,76.7636,2.601,4.6125,11.13,15.7345,9.1135,174.146,343.32,710.32,72.3227,33.005,47.838,9.519,4.36,12.302,47.922,26.804,14.9055,0.1794,0.1276,0.13,0.1274,0.2074,0.1299,0.1961,0.1232,541.2,275.75,358.55,84.585,85.11,85.26,82.185,83.535,81.9825,42.7584,521.37,520.0,20.3437,517.55,488.96,13.3038
86.0,57.525,4.2578,57.5625,286.92,358.2345,571.55,2.601,4.6125,173.232,343.32,72.2733,710.32,19.4296,600.24,600.18,9.9764,66.2145,76.7624,2.601,4.6125,11.1301,15.7348,9.1135,173.222,343.32,710.32,72.3739,33.01,47.64,9.518,4.36,12.302,47.838,26.793,14.8969,0.1794,0.1276,0.13,0.1275,0.2075,0.13,0.1963,0.1232,541.28,275.8,358.55,84.6075,85.14,85.2525,82.1925,83.5425,81.96,42.7453,521.43,520.0,20.3436,517.55,488.99,13.3045
86.675,57.6,4.4797,57.6,287.4375,358.0623,571.75,2.6004,4.61,173.961,343.32,72.2735,710.24,19.4294,600.18,599.94,9.9761,66.2139,76.7634,2.6004,4.61,11.1271,15.735,9.1124,173.964,343.32,710.24,72.4258,33.015,47.43,9.518,4.359,12.302,47.64,26.7435,14.8966,0.1794,0.1277,0.1301,0.1275,0.2078,0.1301,0.1965,0.1233,541.36,275.8,358.55,84.6075,85.1175,85.2075,82.17,83.55,81.9975,42.7283,521.52,520.0,20.3435,517.55,488.99,13.3052
86.475,57.5625,4.7062,57.5625,286.965,357.9934,571.85,2.6002,4.605,173.2725,343.32,72.2731,710.24,19.4316,599.94,599.82,9.9758,66.2133,76.7636,2.6002,4.605,11.1259,15.7353,9.1124,173.264,343.29,710.24,72.4783,33.02,47.148,9.52,4.35,12.302,47.43,26.6555,14.8963,0.1793,0.1278,0.1302,0.1276,0.208,0.1302,0.1968,0.1234,541.36,275.8,358.55,84.6075,85.0875,85.1925,82.155,83.5875,82.005,42.7221,521.52,520.0,20.3434,517.58,488.99,13.3058
86.45,57.6,3.8656,57.5625,286.8075,358.2345,571.35,2.5998,4.6025,173.8125,343.29,72.2733,710.16,19.4334,599.82,599.7,9.9762,66.2142,76.7649,2.5998,4.6025,11.1247,15.7355,9.1113,173.81,343.26,710.16,72.4808,33.02,46.866,9.524,4.335,12.302,47.148,26.5455,14.8961,0.1792,0.1279,0.1303,0.1278,0.2083,0.1303,0.1971,0.1236,541.4,275.8,358.55,84.6525,85.05,85.185,82.1325,83.58,81.96,42.716,521.52,520.0,20.3434,517.58,488.99,13.3065
86.45,57.5625,4.3672,57.6,287.0325,358.0967,571.75,2.5996,4.5975,173.745,343.26,72.2737,710.08,19.4356,599.7,599.58,9.9761,66.2141,76.7659,2.5996,4.5975,11.1236,15.7358,9.1108,173.754,343.23,710.08,72.5339,33.025,46.536,9.53,4.311,12.3,46.866,26.4025,14.8958,0.179,0.128,0.1305,0.1279,0.2086,0.1305,0.1974,0.1238,541.32,275.85,358.6,84.6225,85.0425,85.1925,82.155,83.5425,81.9975,42.7174,521.46,520.0,20.3433,517.58,489.02,13.3072
86.625,57.5625,4.0375,57.525,286.965,358.51,571.6,2.5992,4.5925,173.151,343.23,72.2742,710.0,19.4384,599.58,599.64,9.9768,66.214,76.7679,2.5992,4.5925,11.1255,15.7335,9.1096,173.152,343.2,710.0,72.537,33.025,46.176,9.537,4.284,12.3,46.536,26.2485,14.9041,0.1787,0.1282,0.1307,0.1281,0.209,0.1306,0.1978,0.1239,541.2,275.85,358.6,84.6525,84.9975,85.215,82.1775,83.505,82.05,42.7227,521.37,520.0,20.3432,517.58,489.02,13.3078
86.375,57.5625,4.4859,57.5625,287.415,358.5789,571.5,2.5988,4.585,173.3805,343.2,72.2755,709.84,19.4394,599.64,599.46,9.9769,66.2147,76.7704,2.5988,4.585,11.1256,15.7328,9.1091,173.376,343.14,709.84,72.5908,33.03,45.786,9.546,4.252,12.3,46.176,26.0615,14.9041,0.1785,0.1284,0.1309,0.1283,0.2094,0.1309,0.1982,0.1242,541.08,275.85,358.6,84.6,84.9975,85.2675,82.1775,83.4825,82.005,42.7322,521.25,520.0,20.3431,517.61,489.02,13.3085
86.675,57.6,4.4062,57.6,286.8525,358.3034,571.45,2.5984,4.58,173.853,343.14,72.2763,709.76,19.4431,599.46,599.46,9.9778,66.2149,76.7734,2.5984,4.58,11.1288,15.732,9.108,173.852,343.11,709.76,72.5946,33.03,45.354,9.556,4.217,12.3,45.786,25.847,14.9041,0.1783,0.1286,0.1311,0.1285,0.2098,0.131,0.1986,0.1244,540.92,275.85,358.65,84.5925,84.975,85.2225,82.23,83.4675,82.05,42.746,521.1,520.0,20.3431,517.61,489.02,13.3092
86.85,57.6,3.9391,57.525,287.0775,358.4067,571.4,2.5984,4.5725,173.3265,343.11,72.278,709.6,19.4454,599.46,599.28,9.9783,66.2158,76.7754,2.5984,4.5725,11.127,15.7338,9.1074,173.32,343.05,709.6,72.5983,33.03,44.868,9.568,4.18,12.3,45.354,25.616,14.9041,0.178,0.1288,0.1313,0.1288,0.2103,0.1313,0.1991,0.1246,540.68,275.85,358.65,84.5625,84.945,85.2075,82.2225,83.4525,82.035,42.7716,520.86,520.0,20.343,517.61,489.02,13.3098
86.625,57.6,4.8031,57.6,287.235,358.5444,571.75,2.5986,4.5675,173.988,343.05,72.278,709.68,19.4499,599.28,599.4,9.9794,66.2162,76.7766,2.5986,4.5675,11.1271,15.734,9.1069,173.978,343.02,709.68,72.5514,33.025,44.718,9.582,4.142,12.301,44.868,25.363,14.9041,0.1775,0.1289,0.1315,0.129,0.2106,0.1315,0.1993,0.1248,540.44,275.85,358.65,84.5625,84.945,85.215,82.26,83.505,82.0125,42.7982,520.62,520.0,20.3429,517.61,489.05,13.3105
86.775,57.6,4.0828,57.525,287.1225,358.51,571.8,2.5984,4.5625,173.4615,343.02,72.2791,709.6,19.4514,599.4,599.28,9.9801,66.2174,76.7792,2.5984,4.5625,11.1272,15.7343,9.1063,173.46,342.99,709.6,72.5546,33.025,44.496,9.592,4.088,12.302,44.718,25.187,14.9041,0.177,0.129,0.1317,0.1291,0.2107,0.1316,0.1995,0.1249,540.16,275.85,358.65,84.57,84.96,85.245,82.2975,83.5425,81.9675,42.8295,520.35,520.0,20.3428,517.61,489.05,13.3112
86.725,57.525,4.2828,57.6,287.2575,357.8557,571.75,2.5988,4.5625,174.069,342.99,72.2797,709.6,19.4554,599.28,599.46,9.9808,66.2173,76.7797,2.5988,4.5625,11.1272,15.7345,9.1074,174.062,342.99,709.6,72.5071,33.02,44.61,9.601,4.035,12.302,44.496,25.0495,14.9041,0.1764,0.129,0.1317,0.1292,0.2106,0.1317,0.1994,0.125,539.88,275.9,358.65,84.615,84.99,85.2825,82.29,83.5575,82.0125,42.8619,520.08,520.0,20.3427,517.61,489.05,13.3118
86.65,57.6,4.6687,57.5625,287.1225,358.3378,571.9,2.5988,4.5625,173.4885,342.99,72.2803,709.6,19.4561,599.46,599.52,9.9814,66.2177,76.7812,2.5988,4.5625,11.1273,15.7348,9.1074,173.488,342.99,709.6,72.5096,33.02,44.628,9.606,3.989,12.302,44.61,25.011,14.9041,0.1761,0.129,0.1317,0.1292,0.2106,0.1317,0.1994,0.125,539.64,275.9,358.7,84.57,84.9525,85.2825,82.3125,83.52,82.0125,42.8916,519.84,520.0,20.3427,517.61,489.05,13.3125
86.0,57.6,4.1984,57.5625,286.6275,358.2689,571.2,2.599,4.5625,173.2455,342.99,72.281,709.6,19.4576,599.52,599.7,9.9821,66.2181,76.7819,2.599,4.5625,11.1274,15.735,9.1074,173.25,342.99,709.6,72.4615,33.015,44.754,9.61,3.965,12.302,44.628,25.011,14.9041,0.1762,0.1289,0.1317,0.1292,0.2104,0.1317,0.1993,0.125,539.44,275.9,358.7,84.585,84.9975,85.2975,82.2975,83.475,82.02,42.9148,519.66,520.0,20.3426,517.61,489.05,13.3132
86.6,57.6,4.3453,57.5625,287.28,357.7868,571.45,2.5992,4.565,173.7045,342.99,72.281,709.68,19.4574,599.7,600.0,9.9813,66.2186,76.7824,2.5992,4.565,11.1275,15.7353,9.1086,173.712,343.02,709.68,72.4127,33.01,45.108,9.611,3.972,12.303,44.754,25.0385,14.9041,0.1762,0.1288,0.1316,0.1291,0.2102,0.1316,0.1989,0.1249,539.32,275.9,358.7,84.5475,84.9675,85.2825,82.2675,83.43,82.05,42.9312,519.54,520.0,20.3425,517.61,489.05,13.3138
86.375,57.525,4.1156,57.5625,286.6725,358.0967,571.45,2.5994,4.57,173.772,343.02,72.2808,709.76,19.4549,600.0,600.06,9.9814,66.219,76.7827,2.5994,4.57,11.1276,15.7355,9.1086,173.768,343.05,709.76,72.3633,33.005,45.36,9.608,3.983,12.303,45.108,25.154,14.9041,0.1764,0.1287,0.1315,0.1289,0.2099,0.1314,0.1987,0.1247,539.24,275.9,358.7,84.525,84.9525,85.26,82.245,83.4375,81.9975,42.9406,519.48,520.0,20.3424,517.61,489.02,13.3145
86.875,57.6,4.1469,57.525,287.3475,358.0623,571.35,2.6,4.5725,173.826,343.05,72.28,709.92,19.4541,600.06,600.12,9.9816,66.2186,76.7812,2.6,4.5725,11.1276,15.7333,9.1096,173.824,343.05,709.92,72.3133,33.0,45.516,9.604,4.005,12.303,45.36,25.286,14.9127,0.1768,0.1287,0.1314,0.1288,0.2098,0.1314,0.1985,0.1246,539.2,275.9,358.7,84.54,84.9225,85.2675,82.29,83.475,81.99,42.9502,519.42,520.0,20.3424,517.61,489.02,13.3152
86.3,57.5625,4.825,57.6,286.605,358.2345,571.35,2.6002,4.575,173.637,343.05,72.2801,709.92,19.4531,600.12,600.12,9.9818,66.2188,76.7804,2.6002,4.575,11.1277,15.7325,9.1102,173.642,343.08,709.92,72.3133,33.0,45.582,9.601,4.047,12.304,45.516,25.3905,14.913,0.1773,0.1287,0.1313,0.1287,0.2097,0.1313,0.1984,0.1246,539.2,275.9,358.7,84.5025,84.9675,85.2975,82.2825,83.4675,82.0125,42.9525,519.42,520.0,20.3423,517.58,489.02,13.3158
86.45,57.525,4.05,57.6,286.7175,357.959,571.75,2.6002,4.575,174.0015,343.08,72.2802,709.92,19.4526,600.12,600.0,9.9819,66.219,76.7802,2.6002,4.575,11.1278,15.7318,9.1102,174.006,343.08,709.92,72.2627,32.995,45.588,9.599,4.09,12.304,45.582,25.4565,14.9133,0.1777,0.1287,0.1313,0.1287,0.2097,0.1313,0.1984,0.1246,539.2,275.9,358.7,84.5175,84.9825,85.305,82.2825,83.445,82.0275,42.9549,519.42,520.0,20.3422,517.58,489.02,13.3165
86.35,57.5625,4.3312,57.525,286.875,358.4756,571.2,2.6002,4.575,172.8675,343.08,72.2803,709.92,19.4536,600.0,599.94,9.9821,66.2191,76.7799,2.6002,4.575,11.1279,15.731,9.1096,172.872,343.08,709.92,72.2621,32.995,45.48,9.597,4.124,12.306,45.588,25.4675,14.9136,0.178,0.1287,0.1313,0.1287,0.2097,0.1313,0.1985,0.1246,539.16,275.9,358.7,84.57,84.945,85.26,82.2825,83.46,82.0125,42.9572,519.42,520.0,20.3421,517.58,489.02,13.3172
86.175,57.6,3.9859,57.6,287.2125,358.6133,571.1,2.6002,4.575,173.448,343.08,72.2798,710.0,19.4544,599.94,600.06,9.9815,66.2193,76.7797,2.6002,4.575,11.1279,15.7328,9.1102,173.446,343.08,710.0,72.2615,32.995,45.804,9.599,4.145,12.306,45.48,25.4345,14.9138,0.1778,0.1286,0.1312,0.1287,0.2094,0.1312,0.1982,0.1245,539.24,275.9,358.7,84.57,84.96,85.2975,82.26,83.4675,82.035,42.9558,519.45,520.0,20.3421,517.58,489.02,13.3178
86.575,57.5625,4.4703,57.525,286.7175,358.0623,571.85,2.6004,4.5775,173.934,343.08,72.2798,710.0,19.4531,600.06,600.12,9.9814,66.2195,76.7787,2.6004,4.5775,11.128,15.733,9.1102,173.936,343.11,710.0,72.2608,32.995,45.966,9.594,4.134,12.306,45.804,25.5005,14.9055,0.1776,0.1286,0.1312,0.1286,0.2093,0.1311,0.1981,0.1244,539.28,275.9,358.7,84.6225,84.93,85.2825,82.275,83.4225,82.065,42.9505,519.51,520.0,20.342,517.58,489.02,13.3185
86.9,57.6,4.4187,57.525,287.01,358.0967,571.2,2.6,4.58,173.961,343.11,72.2798,710.0,19.4521,600.12,600.12,9.9813,66.2196,76.7797,2.6,4.58,11.1281,15.7333,9.1102,173.964,343.11,710.0,72.2602,32.995,45.936,9.591,4.12,12.306,45.966,25.583,14.9055,0.1776,0.1285,0.1311,0.1286,0.2094,0.1311,0.1981,0.1244,539.32,275.9,358.7,84.6375,84.975,85.275,82.32,83.4525,82.065,42.9487,519.54,520.0,20.3419,517.58,489.02,13.3192
86.9,57.525,4.5359,57.6375,286.8075,358.4067,571.75,2.6,4.58,173.4075,343.11,72.2805,709.92,19.4516,600.12,600.12,9.9813,66.2198,76.7797,2.6,4.58,11.1282,15.7335,9.1102,173.404,343.11,709.92,72.2596,32.995,45.894,9.589,4.13,12.306,45.936,25.616,14.9055,0.1779,0.1285,0.1311,0.1286,0.2093,0.1311,0.1981,0.1244,539.36,275.9,358.75,84.615,84.945,85.3125,82.3125,83.4825,82.065,42.9468,519.57,520.0,20.3418,517.58,489.02,13.3198
86.05,57.6,4.1484,57.6,287.46,358.3034,571.45,2.6,4.5775,173.718,343.11,72.2812,709.84,19.4511,600.12,600.12,9.9812,66.22,76.7797,2.6,4.5775,11.1283,15.7338,9.1096,173.726,343.11,709.84,72.2589,32.995,45.858,9.589,4.152,12.305,45.894,25.6215,14.9055,0.1781,0.1286,0.1311,0.1286,0.2094,0.1311,0.1982,0.1244,539.4,275.9,358.75,84.6525,84.9525,85.29,82.26,83.475,82.0875,42.9411,519.63,520.0,20.3418,517.58,488.99,13.3205
86.4,57.6,4.3469,57.6,287.3925,357.7523,571.4,2.5998,4.5775,173.529,343.11,72.2815,709.84,19.4506,600.12,600.06,9.9811,66.2201,76.7804,2.5998,4.5775,11.1283,15.734,9.1096,173.53,343.11,709.84,72.2583,32.995,45.786,9.589,4.168,12.305,45.858,25.594,14.9055,0.1782,0.1286,0.1312,0.1286,0.2094,0.1311,0.1982,0.1245,539.44,275.9,358.75,84.6525,85.0125,85.275,82.2975,83.52,82.05,42.9388,519.66,520.0,20.3417,517.58,488.99,13.3212
86.925,57.5625,4.15,57.525,286.65,357.959,571.55,2.5998,4.575,173.8935,343.11,72.2817,709.84,19.4509,600.06,600.0,9.9818,66.2203,76.7807,2.5998,4.575,11.1284,15.7343,9.1096,173.894,343.08,709.84,72.2577,32.995,45.648,9.59,4.173,12.305,45.786,25.561,14.9055,0.1783,0.1287,0.1312,0.1287,0.2096,0.1312,0.1984,0.1245,539.48,275.9,358.75,84.6375,85.0425,85.2525,82.2525,83.49,82.08,42.9364,519.69,520.0,20.3416,517.58,488.99,13.3218
86.025,57.525,4.1406,57.6,286.56,358.6133,571.95,2.5996,4.5725,173.799,343.08,72.2813,709.92,19.4514,600.0,599.94,9.9819,66.2205,76.7817,2.5996,4.5725,11.1285,15.7345,9.1096,173.796,343.08,709.92,72.2571,32.995,45.414,9.592,4.172,12.305,45.648,25.5005,14.9055,0.1784,0.1288,0.1313,0.1288,0.2098,0.1313,0.1986,0.1246,539.44,275.9,358.7,84.5775,85.05,85.2825,82.2225,83.475,82.035,42.9414,519.66,520.0,20.3415,517.55,488.99,13.3225
86.05,57.525,4.2172,57.5625,286.7625,357.9934,571.85,2.5998,4.57,173.34,343.08,72.2821,709.84,19.4521,599.94,599.82,9.9821,66.2206,76.7814,2.5998,4.57,11.1286,15.7348,9.1102,173.334,343.05,709.84,72.2564,32.995,45.15,9.596,4.169,12.305,45.414,25.396,14.9055,0.1784,0.1289,0.1314,0.1289,0.21,0.1314,0.1988,0.1247,539.4,275.9,358.75,84.5475,85.005,85.2825,82.215,83.445,82.0275,42.9466,519.63,520.0,20.3414,517.55,488.99,13.3232
86.575,57.5625,4.1547,57.6,287.4375,358.3378,571.5,2.5998,4.5675,173.0025,343.05,72.2823,709.84,19.4539,599.82,599.82,9.9823,66.2208,76.7817,2.5998,4.5675,11.1287,15.735,9.1096,173.012,343.02,709.84,72.2558,32.995,45.12,9.602,4.161,12.305,45.15,25.275,14.9055,0.1781,0.1289,0.1315,0.129,0.21,0.1315,0.1989,0.1248,539.36,275.95,358.75,84.57,84.975,85.275,82.2,83.4375,82.0275,42.9556,519.57,520.0,20.3414,517.55,488.99,13.3238
86.2,57.525,4.0172,57.5625,287.055,358.6133,572.0,2.5998,4.57,173.286,343.02,72.2826,709.84,19.4546,599.82,600.0,9.9824,66.221,76.7819,2.5998,4.57,11.1287,15.7353,9.1102,173.292,343.05,709.84,72.2552,32.995,45.486,9.605,4.135,12.305,45.12,25.2035,14.9055,0.1774,0.1288,0.1315,0.1289,0.2097,0.1314,0.1985,0.1247,539.36,275.95,358.75,84.6075,85.02,85.26,82.2,83.445,82.02,42.9573,519.57,520.0,20.3413,517.55,488.99,13.3245
86.55,57.5625,4.1578,57.525,287.01,357.959,571.35,2.6,4.5725,173.2725,343.05,72.2822,709.92,19.4531,600.0,600.06,9.9818,66.2204,76.7814,2.6,4.5725,11.1288,15.7355,9.1102,173.278,343.05,709.92,72.2546,32.995,45.732,9.602,4.087,12.304,45.486,25.2805,14.9055,0.1769,0.1287,0.1313,0.1288,0.2094,0.1313,0.1983,0.1246,539.36,275.95,358.75,84.5925,85.05,85.3125,82.2075,83.46,82.0275,42.959,519.57,520.0,20.3412,517.55,488.99,13.3252
86.55,57.5625,4.1234,57.6375,287.01,358.3034,571.25,2.6002,4.5775,173.4615,343.05,72.2817,710.0,19.4524,600.06,600.12,9.9818,66.2203,76.7807,2.6002,4.5775,11.1289,15.7333,9.1108,173.46,343.08,710.0,72.2033,32.99,45.912,9.598,4.057,12.304,45.732,25.4015,14.9055,0.1769,0.1286,0.1312,0.1287,0.2093,0.1312,0.1981,0.1245,539.4,275.95,358.75,84.6,85.1025,85.29,82.2225,83.43,81.975,42.9533,519.63,520.0,20.3411,517.55,488.99,13.3258
86.75,57.5625,4.6437,57.525,286.7175,357.959,571.65,2.6004,4.58,173.772,343.08,72.2811,710.08,19.4514,600.12,600.18,9.9817,66.2202,76.7797,2.6004,4.58,11.129,15.7325,9.1113,173.782,343.11,710.08,72.2021,32.99,46.08,9.593,4.068,12.304,45.912,25.5115,14.9055,0.1773,0.1285,0.1311,0.1286,0.2091,0.1311,0.1979,0.1244,539.44,275.95,358.75,84.57,85.0575,85.2975,82.2225,83.43,81.9975,42.951,519.66,520.0,20.3411,517.55,488.99,13.3265
86.475,57.6,4.1906,57.6,287.055,358.5789,571.5,2.6006,4.5825,173.664,343.11,72.281,710.08,19.4501,600.18,600.24,9.9816,66.2202,76.7784,2.6006,4.5825,11.129,15.7318,9.1113,173.67,343.11,710.08,72.2008,32.99,46.194,9.589,4.104,12.304,46.08,25.6105,14.9055,0.1777,0.1284,0.131,0.1285,0.209,0.131,0.1978,0.1243,539.52,275.95,358.75,84.6,85.095,85.3125,82.2075,83.4,81.975,42.9449,519.72,520.0,20.341,517.55,488.99,13.3272
86.7,57.5625,4.2109,57.6,286.8075,358.6133,571.3,2.6008,4.5825,173.745,343.11,72.2808,710.08,19.4486,600.24,600.3,9.9815,66.2201,76.7769,2.6008,4.5825,11.1291,15.7335,9.1118,173.754,343.14,710.08,72.1996,32.99,46.284,9.585,4.144,12.304,46.194,25.6985,14.9055,0.178,0.1284,0.131,0.1284,0.209,0.131,0.1977,0.1242,539.56,275.95,358.8,84.5625,85.095,85.2825,82.2075,83.43,82.02,42.9385,519.78,520.0,20.3409,517.55,488.99,13.3278
86.525,57.6,4.6437,57.6,286.8075,357.9934,571.9,2.6008,4.585,173.5155,343.14,72.2801,710.16,19.4469,600.3,600.3,9.9814,66.2192,76.7759,2.6008,4.585,11.1292,15.7338,9.1118,173.516,343.14,710.16,72.1983,32.99,46.32,9.581,4.174,12.304,46.284,25.759,14.9055,0.1782,0.1284,0.1309,0.1284,0.2089,0.1309,0.1977,0.1242,539.64,275.95,358.8,84.555,85.1325,85.245,82.2225,83.4,82.0125,42.9281,519.87,520.0,20.3408,517.55,488.99,13.3285
86.2,57.5625,4.2078,57.525,286.8075,357.8557,571.55,2.6004,4.585,173.8125,343.14,72.2798,710.16,19.4456,600.3,600.12,9.9814,66.2189,76.7764,2.6004,4.585,11.1293,15.734,9.1113,173.81,343.14,710.16,72.1971,32.99,46.338,9.578,4.193,12.303,46.32,25.7975,14.9055,0.1784,0.1284,0.1309,0.1284,0.2089,0.1309,0.1976,0.1242,539.72,275.95,358.8,84.5475,85.095,85.2225,82.1925,83.3925,81.9675,42.9211,519.93,520.0,20.3408,517.55,488.99,13.3292
86.15,57.5625,4.0531,57.525,286.74,358.0279,572.0,2.6004,4.585,173.7585,343.14,72.2796,710.16,19.4466,600.12,600.12,9.9813,66.2186,76.7759,2.6004,4.585,11.1294,15.7343,9.1113,173.754,343.14,710.16,72.1958,32.99,46.302,9.576,4.203,12.303,46.338,25.814,14.9055,0.1784,0.1284,0.1309,0.1283,0.2089,0.1309,0.1977,0.1242,539.8,275.95,358.8,84.5175,85.1025,85.215,82.2,83.3925,81.99,42.9139,519.99,520.0,20.3407,517.55,488.96,13.3298
86.025,57.5625,4.5687,57.5625,287.37,358.0967,571.95,2.6004,4.585,174.0015,343.14,72.2793,710.16,19.4461,600.12,600.12,9.9812,66.219,76.7754,2.6004,4.585,11.1294,15.7345,9.1113,173.992,343.14,710.16,72.1945,32.99,46.236,9.575,4.208,12.303,46.302,25.8195,14.9055,0.1784,0.1284,0.1309,0.1284,0.209,0.1309,0.1977,0.1242,539.84,275.95,358.8,84.48,85.11,85.245,82.215,83.3925,81.945,42.9064,520.05,520.0,20.3406,517.55,488.96,13.3305
86.025,57.525,3.8937,57.6,286.7175,358.3034,572.05,2.6002,4.585,173.5155,343.14,72.2803,710.0,19.4456,600.12,600.06,9.9811,66.2189,76.7757,2.6002,4.585,11.1295,15.7348,9.1108,173.502,343.14,710.0,72.1933,32.99,46.134,9.575,4.209,12.303,46.236,25.803,14.9055,0.1785,0.1284,0.131,0.1284,0.209,0.131,0.1979,0.1242,539.84,275.95,358.8,84.465,85.14,85.215,82.2075,83.4525,81.9375,42.9062,520.05,520.0,20.3405,517.55,488.96,13.3312
86.775,57.5625,3.8609,57.5625,287.3925,357.6835,571.25,2.6002,4.5825,173.07,343.14,72.281,709.92,19.4459,600.06,600.06,9.981,66.2188,76.7754,2.6002,4.5825,11.1296,15.735,9.1108,173.068,343.14,709.92,72.2427,32.995,46.038,9.576,4.208,12.303,46.134,25.77,14.9055,0.1784,0.1285,0.131,0.1284,0.209,0.131,0.1979,0.1243,539.88,275.95,358.8,84.51,85.185,85.1775,82.2525,83.505,81.99,42.9022,520.08,520.0,20.3405,517.55,488.96,13.3318
86.075,57.6,4.6594,57.6,287.01,358.5444,571.6,2.6,4.5825,173.853,343.14,72.2811,709.92,19.4456,600.06,600.0,9.9809,66.2195,76.7759,2.6,4.5825,11.1297,15.7353,9.1102,173.852,343.11,709.92,72.2421,32.995,45.972,9.577,4.201,12.303,46.038,25.7205,14.8969,0.1783,0.1285,0.131,0.1285,0.2093,0.131,0.198,0.1243,539.92,276.0,358.8,84.5475,85.2225,85.17,82.2525,83.4825,81.975,42.8944,520.14,520.0,20.3404,517.55,488.96,13.3325
86.75,57.6,4.3672,57.6,287.1,357.9245,571.65,2.6,4.58,173.9475,343.11,72.2806,710.0,19.4461,600.0,599.94,9.9809,66.2197,76.7759,2.6,4.58,11.1297,15.7355,9.1102,173.95,343.11,710.0,72.2414,32.995,45.738,9.578,4.189,12.303,45.972,25.6765,14.8966,0.1783,0.1286,0.1311,0.1286,0.2095,0.1311,0.1982,0.1244,539.92,276.0,358.8,84.585,85.1775,85.2225,82.2075,83.5125,81.9375,42.8976,520.11,520.0,20.3403,517.55,488.96,13.3332
86.625,57.525,4.5672,57.5625,286.8525,358.0279,571.3,2.5998,4.575,173.7585,343.11,72.2806,710.0,19.4469,599.94,599.82,9.9815,66.2198,76.7766,2.5998,4.575,11.1298,15.7333,9.1096,173.768,343.08,710.0,72.2408,32.995,45.426,9.582,4.182,12.303,45.738,25.594,14.8963,0.1784,0.1287,0.1312,0.1287,0.2098,0.1312,0.1985,0.1245,539.84,276.0,358.8,84.5625,85.14,85.275,82.1775,83.52,81.93,42.9047,520.05,520.0,20.3402,517.55,488.99,13.3338
86.175,57.6375,4.0797,57.525,286.875,358.0279,571.85,2.5994,4.5725,173.7315,343.08,72.2812,709.92,19.4486,599.82,599.7,9.9817,66.22,76.7784,2.5994,4.5725,11.1299,15.7325,9.1091,173.726,343.05,709.92,72.2402,32.995,45.108,9.588,4.179,12.3,45.426,25.473,14.9047,0.1784,0.1288,0.1314,0.1288,0.2101,0.1314,0.1989,0.1247,539.76,276.0,358.85,84.5775,85.1325,85.2825,82.2,83.505,81.9825,42.9157,519.96,520.0,20.3402,517.55,488.96,13.3345
86.15,57.525,4.5922,57.6,287.28,358.0967,571.75,2.5992,4.5675,173.394,343.05,72.282,709.84,19.4509,599.7,599.58,9.9826,66.2209,76.7799,2.5992,4.5675,11.13,15.7318,9.108,173.39,343.02,709.84,72.2396,32.995,44.808,9.596,4.168,12.301,45.108,25.3245,14.9047,0.1782,0.129,0.1315,0.129,0.2103,0.1315,0.1992,0.1248,539.64,276.0,358.85,84.5625,85.1475,85.26,82.215,83.5425,81.9375,42.9309,519.84,520.0,20.3401,517.55,488.96,13.3352
86.15,57.6,4.6594,57.525,287.1225,358.0623,571.3,2.599,4.565,173.3805,343.02,72.2828,709.76,19.4536,599.58,599.64,9.9823,66.2213,76.7816,2.599,4.565,11.1301,15.7335,9.1086,173.39,343.02,709.76,72.2389,32.995,44.958,9.604,4.143,12.301,44.808,25.1595,14.9047,0.1776,0.129,0.1316,0.1291,0.2102,0.1316,0.199,0.1249,539.52,276.0,358.85,84.5775,85.1475,85.2825,82.2675,83.5425,81.93,42.9466,519.72,520.0,20.34,517.55,488.96,13.3358
86.275,57.6,3.8687,57.6,286.65,358.2689,571.5,2.5992,4.565,173.5695,343.02,72.2826,709.84,19.4546,599.64,599.82,9.9824,66.2217,76.7822,2.5992,4.565,11.1301,15.7338,9.1086,173.572,343.02,709.84,72.2383,32.995,45.066,9.606,4.092,12.301,44.958,25.1265,14.9047,0.177,0.1289,0.1316,0.129,0.2102,0.1315,0.1989,0.1249,539.44,276.0,358.85,84.57,85.185,85.2975,82.29,83.52,81.9075,42.959,519.63,520.0,20.3399,517.55,488.96,13.3365
86.15,57.6,4.0922,57.5625,287.3925,357.6835,572.0,2.5992,4.5675,173.6505,343.02,72.2828,709.84,19.4539,599.82,599.82,9.9826,66.2214,76.7831,2.5992,4.5675,11.1271,15.734,9.1091,173.642,343.02,709.84,72.187,32.99,45.144,9.607,4.044,12.302,45.066,25.1375,14.9047,0.1767,0.1289,0.1316,0.129,0.2101,0.1315,0.1988,0.1248,539.36,276.0,358.85,84.6225,85.1325,85.2975,82.275,83.505,81.945,42.968,519.57,520.0,20.3549,517.52,488.96,13.3372
86.5,57.6,4.3937,57.525,287.01,357.8901,571.1,2.5998,4.5675,173.7045,343.02,72.2831,709.84,19.4546,599.82,599.88,9.9828,66.2216,76.7819,2.5998,4.5675,11.1265,15.7343,9.1096,173.698,343.02,709.84,72.1858,32.99,45.186,9.607,4.028,12.302,45.144,25.1705,14.9047,0.1769,0.1288,0.1315,0.129,0.21,0.1315,0.1988,0.1248,539.28,276.0,358.85,84.66,85.1025,85.275,82.2375,83.49,81.9675,42.9773,519.51,520.0,20.3553,517.52,488.96,13.3378
86.05,57.525,4.2969,57.5625,286.7175,358.6133,571.85,2.5998,4.5675,174.0285,343.02,72.2833,709.84,19.4546,599.88,599.88,9.9829,66.2217,76.7822,2.5998,4.5675,11.1256,15.7345,9.1096,174.034,343.02,709.84,72.1339,32.985,45.198,9.607,4.044,12.302,45.186,25.198,14.9047,0.1773,0.1289,0.1315,0.1289,0.2101,0.1315,0.1988,0.1248,539.24,276.05,358.85,84.645,85.14,85.32,82.2825,83.505,81.9525,42.9868,519.45,520.0,20.3557,517.52,488.96,13.3385
86.675,57.6,4.2516,57.6375,286.74,357.7523,571.35,2.5998,4.5675,173.799,343.02,72.2836,709.84,19.4551,599.88,599.82,9.9831,66.2219,76.7824,2.5998,4.5675,11.1272,15.7348,9.1096,173.81,343.02,709.84,72.1321,32.985,45.138,9.608,4.071,12.302,45.198,25.2145,14.9047,0.1776,0.1289,0.1315,0.129,0.2101,0.1315,0.1989,0.1248,539.16,276.05,358.85,84.6525,85.11,85.2825,82.335,83.52,81.9975,42.9965,519.39,520.0,20.3561,517.52,488.96,13.3392
86.8,57.5625,4.5875,57.525,287.5275,358.4067,571.1,2.5996,4.5675,173.718,343.02,72.2838,709.84,19.4564,599.82,599.82,9.9833,66.2221,76.7834,2.5996,4.5675,11.1273,15.735,9.1091,173.712,343.02,709.84,72.1302,32.985,45.066,9.609,4.097,12.302,45.138,25.2035,14.9047,0.1778,0.129,0.1315,0.129,0.2102,0.1315,0.1989,0.1248,539.12,276.05,358.9,84.66,85.0725,85.32,82.3275,83.52,81.9825,43.0027,519.36,520.0,20.3565,517.52,488.96,13.3398
86.6,57.525,3.95,57.5625,286.6275,358.5789,571.3,2.5996,4.565,173.61,343.02,72.2847,709.76,19.4571,599.82,599.76,9.9834,66.2222,76.7839,2.5996,4.565,11.1274,15.7353,9.1091,173.6,343.02,709.76,72.1283,32.985,44.994,9.611,4.112,12.302,45.066,25.165,14.9047,0.1779,0.129,0.1316,0.1291,0.2102,0.1316,0.199,0.1249,539.08,276.05,358.9,84.6675,85.035,85.2825,82.3725,83.55,82.005,43.0128,519.3,520.0,20.357,517.52,488.96,13.3405
86.85,57.6,4.1016,57.6,286.8075,358.1656,571.4,2.5996,4.565,173.34,343.02,72.2851,709.76,19.4586,599.76,599.94,9.9836,66.2224,76.7844,2.5996,4.565,11.1274,15.7355,9.1091,173.334,343.02,709.76,72.1264,32.985,44.964,9.613,4.112,12.302,44.994,25.1265,14.9047,0.1778,0.129,0.1316,0.1291,0.2102,0.1316,0.1991,0.1249,539.04,276.05,358.9,84.6675,85.005,85.3125,82.3875,83.5575,82.0125,43.0194,519.27,520.0,20.3574,517.52,488.96,13.3412
86.05,57.525,4.6813,57.5625,287.37,358.0279,571.15,2.5996,4.5675,173.3535,343.02,72.2848,709.84,19.4574,599.94,600.06,9.9838,66.2226,76.7849,2.5996,4.5675,11.1275,15.7333,9.1091,173.348,343.02,709.84,72.0739,32.98,45.27,9.615,4.102,12.302,44.964,25.088,14.9047,0.1774,0.1289,0.1316,0.129,0.2099,0.1315,0.1987,0.1248,539.0,276.05,358.9,84.645,85.035,85.3575,82.41,83.535,82.0125,43.0261,519.24,520.0,20.3578,517.52,488.96,13.3418
86.0,57.5625,4.3203,57.5625,287.4375,358.6133,571.3,2.5998,4.57,173.691,343.02,72.2851,709.84,19.4561,600.06,600.12,9.9839,66.2227,76.7847,2.5998,4.57,11.1276,15.7325,9.1102,173.698,343.05,709.84,72.0714,32.98,45.516,9.612,4.077,12.303,45.27,25.165,14.9047,0.1771,0.1288,0.1315,0.1289,0.2097,0.1314,0.1985,0.1247,539.04,276.05,358.9,84.615,85.035,85.3125,82.4325,83.505,81.9975,43.0254,519.27,520.0,20.3582,517.49,488.93,13.3425
86.475,57.6,4.2484,57.6,286.8525,357.7179,571.25,2.6,4.5725,173.4075,343.05,72.2835,710.08,19.4551,600.12,600.18,9.9834,66.2229,76.7842,2.6,4.5725,11.1277,15.7318,9.1108,173.404,343.05,710.08,72.0689,32.98,45.666,9.608,4.062,12.303,45.516,25.275,14.9047,0.1772,0.1287,0.1314,0.1288,0.2095,0.1314,0.1983,0.1246,539.08,276.05,358.9,84.5925,85.0425,85.2825,82.455,83.46,81.96,43.0246,519.3,520.0,20.3586,517.49,488.93,13.3432
86.275,57.525,4.15,57.5625,287.2575,357.8557,571.5,2.6002,4.575,173.2455,343.05,72.284,710.0,19.4539,600.18,600.24,9.9833,66.2223,76.7834,2.6002,4.575,11.1277,15.7335,9.1108,173.25,343.08,710.0,72.0158,32.975,45.828,9.604,4.075,12.303,45.666,25.3795,14.9047,0.1775,0.1286,0.1313,0.1287,0.2094,0.1313,0.1982,0.1245,539.12,276.05,358.9,84.585,85.0725,85.3125,82.395,83.4675,81.9375,43.0199,519.36,520.0,20.359,517.49,488.93,13.3438
86.625,57.6,4.7953,57.6,287.1675,358.2345,571.25,2.6004,4.5775,173.691,343.08,72.2827,710.16,19.4524,600.24,600.3,9.9832,66.2223,76.7824,2.6004,4.5775,11.1278,15.7338,9.1113,173.698,343.08,710.16,72.0126,32.975,45.984,9.599,4.106,12.303,45.828,25.4675,14.9047,0.1778,0.1286,0.1312,0.1286,0.2092,0.1312,0.198,0.1245,539.24,276.05,358.9,84.6075,85.0725,85.2975,82.41,83.4675,81.9825,43.0075,519.48,520.0,20.3595,517.49,488.93,13.3445
86.25,57.525,3.9078,57.5625,286.9425,358.1656,571.75,2.6004,4.58,173.34,343.08,72.2831,710.08,19.4506,600.3,600.18,9.9831,66.2222,76.7819,2.6004,4.58,11.1279,15.734,9.1113,173.348,343.11,710.08,72.0095,32.975,46.098,9.595,4.135,12.303,45.984,25.5555,14.9047,0.178,0.1285,0.1311,0.1286,0.209,0.1311,0.1979,0.1244,539.32,276.05,358.9,84.66,85.0575,85.2675,82.38,83.5125,81.9975,43.0021,519.54,520.0,20.3599,517.49,488.93,13.3452
86.95,57.6,4.5922,57.6375,287.055,358.6478,571.2,2.6006,4.5825,174.1095,343.11,72.283,710.08,19.4509,600.18,600.24,9.983,66.2221,76.7807,2.6006,4.5825,11.128,15.7343,9.1113,174.104,343.11,710.08,72.0064,32.975,46.2,9.591,4.161,12.302,46.098,25.6325,14.9047,0.1782,0.1285,0.1311,0.1285,0.209,0.131,0.1978,0.1243,539.44,276.05,358.9,84.615,85.0125,85.2825,82.41,83.49,81.99,42.9889,519.66,520.0,20.3603,517.49,488.93,13.3458
86.3,57.6,4.5109,57.6,286.83,357.7523,571.15,2.6006,4.5825,173.9205,343.11,72.2828,710.08,19.4494,600.24,600.24,9.9829,66.222,76.7799,2.6006,4.5825,11.1281,15.7345,9.1118,173.922,343.14,710.08,72.0539,32.98,46.218,9.587,4.179,12.302,46.2,25.693,14.9047,0.1783,0.1285,0.131,0.1285,0.209,0.131,0.1978,0.1243,539.52,276.05,358.9,84.63,85.065,85.3275,82.35,83.4675,81.975,42.9828,519.72,520.0,20.3607,517.49,488.93,13.3465
86.1,57.5625,4.5812,57.525,286.9875,357.9245,571.6,2.6006,4.5825,173.853,343.14,72.2827,710.08,19.4484,600.24,600.24,9.9829,66.2219,76.7792,2.6006,4.5825,11.1281,15.7348,9.1118,173.852,343.14,710.08,72.0514,32.98,46.2,9.584,4.194,12.302,46.218,25.7315,14.9047,0.1785,0.1285,0.131,0.1284,0.209,0.131,0.1978,0.1243,539.56,276.05,358.9,84.5775,85.1025,85.3725,82.3425,83.4675,81.96,42.9764,519.78,520.0,20.3461,517.49,488.93,13.3472
86.125,57.5625,4.3094,57.5625,287.1,357.9934,571.3,2.6006,4.5825,173.664,343.14,72.2826,710.08,19.4474,600.24,600.06,9.9828,66.2218,76.7784,2.6006,4.5825,11.1282,15.735,9.1118,173.67,343.14,710.08,72.0489,32.98,46.164,9.582,4.205,12.302,46.2,25.7425,14.9047,0.1785,0.1285,0.131,0.1284,0.209,0.131,0.1978,0.1243,539.64,276.05,358.95,84.5325,85.14,85.3425,82.305,83.4375,81.93,42.9697,519.84,520.0,20.346,517.49,488.93,13.3478
86.5,57.5625,3.9203,57.5625,287.01,358.51,571.85,2.6002,4.5825,173.1375,343.14,72.2825,710.08,19.4486,600.06,600.06,9.9827,66.2217,76.7792,2.6002,4.5825,11.1283,15.7353,9.1113,173.138,343.14,710.08,72.0464,32.98,46.116,9.581,4.21,12.302,46.164,25.7425,14.9047,0.1785,0.1285,0.131,0.1285,0.209,0.131,0.1979,0.1243,539.68,276.1,358.95,84.57,85.1175,85.3575,82.29,83.475,81.975,42.9629,519.9,520.0,20.3459,517.49,488.93,13.3485
86.95,57.525,4.3844,57.6,286.695,357.8901,572.05,2.6002,4.5825,173.016,343.14,72.2824,710.08,19.4484,600.06,600.06,9.9826,66.2217,76.7789,2.6002,4.5825,11.1284,15.7355,9.1113,173.012,343.11,710.08,72.0945,32.985,46.098,9.581,4.209,12.302,46.116,25.726,14.9047,0.1784,0.1285,0.131,0.1285,0.209,0.131,0.1979,0.1243,539.8,276.1,358.95,84.5925,85.11,85.3725,82.275,83.43,81.945,42.952,519.99,520.0,20.3459,517.49,488.93,13.3492
86.775,57.6,4.7672,57.6,287.19,358.1656,572.1,2.6002,4.5825,173.88,343.11,72.2822,710.08,19.4481,600.06,600.06,9.9825,66.2216,76.7787,2.6002,4.5825,11.1285,15.7333,9.1113,173.88,343.11,710.08,72.0927,32.985,46.08,9.58,4.202,12.302,46.098,25.7095,14.9047,0.1784,0.1285,0.131,0.1285,0.2091,0.131,0.1979,0.1243,539.88,276.1,358.95,84.5625,85.0725,85.38,82.29,83.4375,81.9525,42.9408,520.08,520.0,20.3458,517.49,488.93,13.3498
86.45,57.5625,4.0719,57.525,286.965,358.6822,571.75,2.6,4.5825,173.4345,343.11,72.2821,710.08,19.4479,600.06,600.0,9.9824,66.2215,76.7792,2.6,4.5825,11.1285,15.7325,9.1108,173.432,343.11,710.08,72.0908,32.985,46.014,9.58,4.193,12.301,46.08,25.6985,14.9047,0.1783,0.1285,0.1311,0.1285,0.2091,0.131,0.198,0.1243,539.88,276.1,358.95,84.54,85.0425,85.35,82.2975,83.4825,81.9975,42.9404,520.08,520.0,20.3457,517.49,488.93,13.3505
86.475,57.6,4.1406,57.5625,286.8525,358.3034,571.2,2.6,4.58,174.015,343.11,72.282,710.08,19.4484,600.0,600.0,9.9824,66.2214,76.7792,2.6,4.58,11.1286,15.7318,9.1108,174.02,343.11,710.08,72.0889,32.985,45.948,9.581,4.188,12.301,46.014,25.6875,14.9047,0.1783,0.1285,0.1311,0.1285,0.2093,0.131,0.198,0.1243,539.92,276.1,358.95,84.5625,85.065,85.3125,82.3275,83.445,81.99,42.9364,520.11,520.0,20.3456,517.49,488.93,13.3512
86.175,57.525,4.0984,57.6375,287.2125,358.0967,571.35,2.6,4.58,173.5425,343.11,72.2819,710.08,19.4484,600.0,599.94,9.9823,66.2213,76.7792,2.6,4.58,11.1287,15.7335,9.1108,173.544,343.11,710.08,72.1376,32.99,45.84,9.581,4.185,12.301,45.948,25.6545,14.9047,0.1783,0.1285,0.1311,0.1285,0.2094,0.131,0.1981,0.1244,539.88,276.1,358.95,84.5325,85.0275,85.2825,82.35,83.4375,82.035,42.9397,520.08,520.0,20.3455,517.49,488.93,13.3518
86.875,57.5625,4.4781,57.6,286.5375,358.6133,571.6,2.5998,4.5775,173.4885,343.11,72.2824,710.0,19.4491,599.94,599.94,9.9822,66.2212,76.7799,2.5998,4.5775,11.1288,15.7338,9.1108,173.488,343.11,710.0,72.1364,32.99,45.75,9.583,4.182,12.301,45.84,25.6215,14.8961,0.1782,0.1286,0.1312,0.1286,0.2094,0.1311,0.1982,0.1244,539.88,276.1,358.95,84.54,85.05,85.2375,82.32,83.3925,82.035,42.9394,520.08,520.0,20.3455,517.49,488.93,13.3525
86.525,57.5625,4.1266,57.6,287.2125,358.3034,571.9,2.5998,4.5775,173.502,343.11,72.2824,710.0,19.4494,599.94,599.88,9.9829,66.2212,76.7802,2.5998,4.5775,11.1288,15.734,9.1102,173.502,343.08,710.0,72.1351,32.99,45.612,9.585,4.176,12.301,45.75,25.5665,14.8958,0.1782,0.1287,0.1312,0.1287,0.2095,0.1312,0.1984,0.1245,539.88,276.1,358.95,84.5325,85.0575,85.245,82.2825,83.445,82.0575,42.939,520.08,520.0,20.3454,517.49,488.93,13.3532
86.75,57.525,4.0797,57.525,286.8525,358.4411,571.8,2.5996,4.575,173.34,343.08,72.283,709.92,19.4504,599.88,599.82,9.983,66.2211,76.7812,2.5996,4.575,11.1289,15.7343,9.1102,173.334,343.08,709.92,72.1339,32.99,45.45,9.588,4.168,12.301,45.612,25.5005,14.8955,0.1782,0.1287,0.1313,0.1287,0.2097,0.1313,0.1985,0.1246,539.84,276.1,358.95,84.54,85.0575,85.275,82.3275,83.4075,82.05,42.9425,520.05,520.0,20.3453,517.49,488.93,13.3538
86.75,57.525,4.1078,57.525,287.1225,357.8557,572.1,2.5994,4.5725,173.6505,343.08,72.2831,709.92,19.4516,599.82,599.76,9.9832,66.2217,76.7824,2.5994,4.5725,11.129,15.7345,9.1096,173.642,343.05,709.92,72.1326,32.99,45.318,9.592,4.158,12.301,45.45,25.4235,14.8952,0.1781,0.1288,0.1314,0.1288,0.2098,0.1314,0.1987,0.1247,539.8,276.1,359.0,84.5625,85.095,85.26,82.3125,83.46,82.0425,42.946,520.02,520.0,20.3452,517.49,488.93,13.3545
86.35,57.5625,4.4594,57.5625,286.9875,358.1312,571.7,2.5998,4.57,173.178,343.05,72.2839,709.84,19.4531,599.76,599.88,9.9834,66.2219,76.7817,2.5998,4.57,11.1291,15.7348,9.1102,173.18,343.05,709.84,72.1314,32.99,45.156,9.595,4.146,12.299,45.318,25.3465,14.9036,0.178,0.1289,0.1314,0.1289,0.21,0.1314,0.1988,0.1247,539.72,276.1,359.0,84.5775,85.1025,85.3125,82.2675,83.4525,82.0425,42.9572,519.93,520.0,20.3452,517.49,488.93,13.3552
86.25,57.5625,3.9203,57.6,286.74,357.9934,571.8,2.5998,4.57,173.772,343.05,72.2835,709.92,19.4526,599.88,599.94,9.9835,66.2221,76.7819,2.5998,4.57,11.1292,15.735,9.1102,173.782,343.05,709.92,72.1301,32.99,45.372,9.6,4.131,12.3,45.156,25.264,14.9036,0.1776,0.1288,0.1314,0.1289,0.2098,0.1314,0.1986,0.1247,539.68,276.1,359.0,84.555,85.1025,85.2675,82.29,83.49,82.035,42.965,519.87,520.0,20.3451,517.49,488.93,13.3558
86.325,57.5625,4.1859,57.5625,287.4375,358.5444,571.25,2.6,4.5725,173.4075,343.05,72.2836,709.92,19.4524,599.94,599.94,9.9837,66.2222,76.7814,2.6,4.5725,11.1292,15.7353,9.1102,173.418,343.05,709.92,72.1289,32.99,45.45,9.6,4.103,12.3,45.372,25.2915,14.9036,0.1773,0.1287,0.1314,0.1288,0.2097,0.1314,0.1985,0.1247,539.6,276.1,359.0,84.54,85.11,85.2825,82.3275,83.4975,82.0425,42.9731,519.81,520.0,20.345,517.49,488.93,13.3565
86.675,57.525,4.7391,57.5625,287.325,358.2345,571.9,2.6,4.5725,173.4885,343.05,72.2837,709.92,19.4526,599.94,600.0,9.9839,66.2224,76.7814,2.6,4.5725,11.1293,15.7355,9.1102,173.488,343.05,709.92,72.077,32.985,45.522,9.599,4.082,12.3,45.45,25.3355,14.9036,0.1773,0.1287,0.1314,0.1288,0.2097,0.1314,0.1984,0.1246,539.6,276.15,359.0,84.5475,85.1175,85.275,82.35,83.5275,82.0725,42.9776,519.78,520.0,20.3449,517.49,488.93,13.3572
86.575,57.5625,4.4891,57.5625,287.19,358.2345,571.85,2.6,4.5725,173.3535,343.05,72.2839,709.92,19.4521,600.0,600.0,9.984,66.2218,76.7814,2.6,4.5725,11.1294,15.7333,9.1102,173.348,343.08,709.92,72.0751,32.985,45.558,9.598,4.085,12.301,45.522,25.3685,14.9036,0.1775,0.1287,0.1313,0.1288,0.2096,0.1313,0.1984,0.1246,539.56,276.15,359.0,84.5325,85.11,85.32,82.365,83.5575,82.095,42.9785,519.78,520.0,20.3449,517.49,488.93,13.3578
86.125,57.6,4.3844,57.525,286.5825,358.6822,571.3,2.6,4.575,173.88,343.08,72.284,709.92,19.4521,600.0,600.0,9.9842,66.2217,76.7814,2.6,4.575,11.1295,15.7325,9.1102,173.88,343.08,709.92,72.0733,32.985,45.582,9.597,4.1,12.301,45.558,25.396,14.9036,0.1777,0.1287,0.1313,0.1288,0.2097,0.1313,0.1984,0.1246,539.56,276.15,359.0,84.525,85.11,85.335,82.32,83.55,82.0725,42.9794,519.78,520.0,20.3448,517.49,488.93,13.3585
86.025,57.6,4.125,57.6,287.5275,357.8212,571.65,2.6,4.5725,172.935,343.08,72.2841,709.92,19.4521,600.0,600.0,9.9844,66.2217,76.7814,2.6,4.5725,11.1295,15.7318,9.1102,172.942,343.08,709.92,72.0714,32.985,45.516,9.597,4.119,12.301,45.582,25.4125,14.9036,0.1779,0.1287,0.1313,0.1288,0.2096,0.1313,0.1985,0.1246,539.56,276.15,359.0,84.5475,85.1025,85.365,82.3125,83.5575,82.0275,42.984,519.75,520.0,20.3447,517.49,488.93,13.3592
86.275,57.6,4.3828,57.5625,286.9425,357.8901,571.2,2.6002,4.575,173.907,343.08,72.2836,710.0,19.4521,600.0,600.12,9.9838,66.2216,76.7807,2.6002,4.575,11.1296,15.7335,9.1108,173.908,343.08,710.0,72.0695,32.985,45.822,9.598,4.137,12.301,45.516,25.4015,14.9036,0.1778,0.1287,0.1313,0.1287,0.2094,0.1312,0.1982,0.1245,539.6,276.15,359.0,84.5925,85.125,85.3575,82.2975,83.5275,82.0275,42.9813,519.78,520.0,20.3597,517.49,488.93,13.3598
86.375,57.525,3.9594,57.5625,287.4375,357.7523,571.4,2.6004,4.5775,173.5155,343.08,72.2836,710.0,19.4506,600.12,600.12,9.9837,66.2215,76.7797,2.6004,4.5775,11.1297,15.7338,9.1113,173.502,343.08,710.0,72.0676,32.985,45.918,9.594,4.132,12.301,45.822,25.4785,14.9036,0.1776,0.1286,0.1312,0.1286,0.2093,0.1311,0.1981,0.1244,539.6,276.15,359.0,84.57,85.08,85.3425,82.335,83.52,82.005,42.9784,519.81,520.0,20.3601,517.49,488.9,13.3605
86.7,57.6,4.0359,57.6,287.19,358.2689,571.85,2.6004,4.58,173.934,343.08,72.2836,710.0,19.4501,600.12,600.18,9.9836,66.2214,76.7792,2.6004,4.58,11.1298,15.734,9.1113,173.936,343.11,710.0,72.0658,32.985,46.008,9.591,4.128,12.301,45.918,25.5555,14.9036,0.1777,0.1285,0.1311,0.1286,0.2092,0.1311,0.198,0.1244,539.64,276.15,359.05,84.54,85.125,85.38,82.38,83.4825,82.02,42.9754,519.84,520.0,20.3605,517.49,488.9,13.3612
86.425,57.5625,4.3594,57.5625,287.28,357.6835,572.05,2.6006,4.58,173.664,343.11,72.283,710.08,19.4489,600.18,600.18,9.9835,66.2213,76.7779,2.6006,4.58,11.1299,15.7343,9.1118,173.656,343.11,710.08,72.0639,32.985,46.05,9.588,4.138,12.301,46.008,25.616,14.9036,0.1779,0.1285,0.1311,0.1285,0.2091,0.131,0.1979,0.1243,539.64,276.15,359.05,84.555,85.125,85.35,82.35,83.535,82.05,42.9723,519.87,520.0,20.3459,517.49,488.9,13.3618
86.6,57.525,3.8453,57.6375,286.965,358.0967,572.05,2.6,4.5825,174.1095,343.11,72.2828,710.08,19.4481,600.18,600.18,9.9834,66.2212,76.7794,2.6,4.5825,11.1299,15.7345,9.1108,174.104,343.11,710.08,72.062,32.985,46.08,9.586,4.156,12.301,46.05,25.66,14.9036,0.1781,0.1285,0.1311,0.1285,0.2092,0.131,0.1979,0.1243,539.72,276.15,359.05,84.6,85.1025,85.2975,82.2975,83.58,82.0575,42.9691,519.9,520.0,20.3458,517.49,488.9,13.3625
86.525,57.6,4.0578,57.5625,287.055,358.4411,572.05,2.6,4.5825,173.664,343.11,72.2827,710.08,19.4474,600.18,600.18,9.9834,66.2212,76.7794,2.6,4.5825,11.13,15.7348,9.1108,173.656,343.11,710.08,72.0601,32.985,46.044,9.584,4.172,12.301,46.08,25.682,14.9036,0.1782,0.1285,0.1311,0.1285,0.2092,0.131,0.1979,0.1243,539.72,276.15,359.05,84.645,85.065,85.3125,82.32,83.595,82.095,42.9657,519.93,520.0,20.3457,517.49,488.9,13.3632
86.3,57.525,4.1766,57.5625,286.9875,357.9245,571.5,2.6,4.58,173.718,343.11,72.2826,710.08,19.4466,600.18,600.0,9.9833,66.2211,76.7794,2.6,4.58,11.1301,15.735,9.1108,173.726,343.11,710.08,72.0582,32.985,46.008,9.584,4.185,12.301,46.044,25.6875,14.9036,0.1784,0.1285,0.1311,0.1285,0.2092,0.131,0.198,0.1243,539.76,276.15,359.05,84.615,85.065,85.29,82.29,83.535,82.0575,42.9622,519.96,520.0,20.3457,517.49,488.9,13.3638
86.825,57.5625,3.8531,57.525,287.235,358.4411,571.6,2.6,4.58,173.2725,343.11,72.2825,710.08,19.4481,600.0,600.0,9.9832,66.221,76.7794,2.6,4.58,11.1302,15.7353,9.1108,173.264,343.11,710.08,72.107,32.99,45.954,9.583,4.191,12.301,46.008,25.671,14.9036,0.1784,0.1285,0.1311,0.1285,0.2092,0.131,0.198,0.1244,539.76,276.15,359.05,84.585,85.05,85.335,82.3275,83.535,82.1025,42.9586,519.99,520.0,20.3456,517.49,488.9,13.3645
86.95,57.5625,4.2766,57.525,287.37,357.6835,571.7,2.6,4.58,173.529,343.11,72.2824,710.08,19.4481,600.0,600.0,9.9831,66.2209,76.7794,2.6,4.58,11.1271,15.7355,9.1108,173.53,343.11,710.08,72.1057,32.99,45.918,9.584,4.191,12.301,45.954,25.649,14.9036,0.1783,0.1286,0.1311,0.1285,0.2093,0.1311,0.1981,0.1244,539.84,276.15,359.05,84.63,85.02,85.3125,82.335,83.55,82.1025,42.9549,520.02,520.0,20.3455,517.49,488.9,13.3652
86.375,57.6,4.4641,57.525,286.7625,358.3034,571.7,2.6,4.58,173.7855,343.11,72.2829,710.0,19.4481,600.0,599.94,9.983,66.2208,76.7794,2.6,4.58,11.126,15.7333,9.1108,173.782,343.11,710.0,72.1045,32.99,45.864,9.584,4.185,12.301,45.918,25.627,14.9036,0.1782,0.1286,0.1311,0.1286,0.2094,0.1311,0.1981,0.1244,539.84,276.15,359.05,84.645,84.99,85.335,82.2975,83.535,82.0725,42.9511,520.05,520.0,20.3454,517.49,488.9,13.3658
86.75,57.6,4.7516,57.6,286.965,358.3723,571.75,2.5998,4.5775,173.691,343.11,72.2829,710.0,19.4489,599.94,599.94,9.9829,66.2207,76.7802,2.5998,4.5775,11.1248,15.7325,9.1108,173.684,343.11,710.0,72.1032,32.99,45.786,9.585,4.177,12.301,45.864,25.605,14.9036,0.1782,0.1286,0.1312,0.1286,0.2094,0.1311,0.1982,0.1244,539.84,276.2,359.05,84.6225,84.9675,85.3425,82.275,83.535,82.0275,42.9509,520.05,520.0,20.3453,517.49,488.9,13.3665
86.675,57.6,3.8812,57.6,286.9875,358.6133,571.45,2.5998,4.5775,173.6505,343.11,72.2829,710.0,19.4491,599.94,599.88,9.9829,66.2207,76.7804,2.5998,4.5775,11.1267,15.7318,9.1108,173.656,343.08,710.0,72.102,32.99,45.702,9.587,4.172,12.301,45.786,25.572,14.9036,0.1782,0.1286,0.1312,0.1286,0.2095,0.1312,0.1983,0.1245,539.84,276.2,359.1,84.645,84.9375,85.3425,82.275,83.5575,82.0575,42.9544,520.02,520.0,20.3453,517.49,488.9,13.3672
86.775,57.6,4.1031,57.5625,286.8075,358.4067,571.95,2.5996,4.575,173.5155,343.08,72.2829,710.0,19.4501,599.88,599.82,9.9835,66.2206,76.7814,2.5996,4.575,11.1268,15.7335,9.1102,173.516,343.08,710.0,72.1007,32.99,45.564,9.588,4.166,12.301,45.702,25.5335,14.9036,0.1782,0.1287,0.1313,0.1287,0.2096,0.1312,0.1984,0.1245,539.8,276.2,359.1,84.6225,84.9675,85.38,82.29,83.5425,82.0575,42.9581,519.99,520.0,20.3452,517.49,488.9,13.3678
86.875,57.5625,4.0984,57.5625,286.875,357.9245,571.3,2.6,4.5725,173.718,343.08,72.2835,709.92,19.4514,599.82,599.82,9.9837,66.2205,76.7804,2.6,4.5725,11.13,15.7338,9.1102,173.712,343.08,709.92,72.0995,32.99,45.42,9.591,4.161,12.301,45.564,25.4675,14.9036,0.1782,0.1288,0.1313,0.1288,0.2098,0.1313,0.1986,0.1246,539.76,276.2,359.1,84.66,84.99,85.4025,82.2675,83.52,82.05,42.9581,519.99,520.0,20.3451,517.49,488.9,13.3685
86.55,57.6,4.4297,57.6,286.5375,358.5444,571.7,2.6,4.57,173.124,343.08,72.2836,709.92,19.4521,599.82,599.88,9.9839,66.2212,76.7804,2.6,4.57,11.1282,15.734,9.1102,173.124,343.05,709.92,72.0982,32.99,45.246,9.595,4.155,12.301,45.42,25.396,14.9036,0.1781,0.1288,0.1314,0.1288,0.2099,0.1314,0.1988,0.1247,539.72,276.2,359.1,84.675,84.9975,85.3875,82.305,83.55,82.0275,42.9657,519.93,520.0,20.345,517.49,488.9,13.3692
86.125,57.525,3.9391,57.6375,286.605,358.2345,571.2,2.6,4.5725,173.9745,343.05,72.2837,709.92,19.4521,599.88,600.0,9.984,66.2213,76.7804,2.6,4.5725,11.1283,15.7343,9.1102,173.964,343.05,709.92,72.097,32.99,45.504,9.599,4.146,12.301,45.246,25.3135,14.9036,0.1777,0.1288,0.1314,0.1288,0.2098,0.1314,0.1985,0.1247,539.68,276.2,359.1,84.675,85.0275,85.4025,82.2825,83.5125,82.0425,42.9735,519.87,520.0,20.345,517.46,488.9,13.3698
86.95,57.525,4.6188,57.5625,287.46,358.6133,571.35,2.6,4.5725,173.8935,343.05,72.2838,709.92,19.4511,600.0,600.0,9.9842,66.2207,76.7804,2.6,4.5725,11.1253,15.7345,9.1102,173.88,343.05,709.92,72.0957,32.99,45.57,9.597,4.118,12.301,45.504,25.3465,14.9036,0.1774,0.1287,0.1313,0.1288,0.2097,0.1313,0.1984,0.1246,539.6,276.2,359.1,84.6225,85.0425,85.35,82.305,83.4675,82.08,42.9778,519.84,520.0,20.3449,517.46,488.9,13.3705
86.625,57.525,4.575,57.525,286.83,358.6133,571.45,2.6,4.5725,173.7045,343.05,72.284,709.92,19.4511,600.0,600.0,9.9844,66.2207,76.7804,2.6,4.5725,11.1272,15.7348,9.1102,173.712,343.08,709.92,72.0945,32.99,45.552,9.597,4.096,12.301,45.57,25.396,14.9036,0.1775,0.1287,0.1313,0.1288,0.2097,0.1313,0.1984,0.1246,539.6,276.2,359.1,84.6525,85.005,85.3275,82.2675,83.505,82.0725,42.9822,519.81,520.0,20.3448,517.46,488.9,13.3712
86.425,57.525,4.6891,57.5625,287.2125,357.7523,571.35,2.6,4.5725,173.907,343.08,72.2841,709.92,19.4511,600.0,600.0,9.9845,66.2206,76.7804,2.6,4.5725,11.1273,15.735,9.1102,173.908,343.05,709.92,72.0932,32.99,45.498,9.597,4.102,12.301,45.552,25.4125,14.9036,0.1777,0.1287,0.1313,0.1288,0.2098,0.1313,0.1985,0.1246,539.56,276.2,359.1,84.675,85.0275,85.3425,82.3125,83.46,82.0725,42.9867,519.78,520.0,20.3447,517.46,488.9,13.3718
86.825,57.5625,4.3375,57.6375,286.8525,358.0279,571.55,2.6,4.5725,173.8125,343.05,72.2842,709.92,19.4511,600.0,599.94,9.9847,66.2212,76.7804,2.6,4.5725,11.1305,15.7353,9.1102,173.824,343.05,709.92,72.0919,32.99,45.372,9.597,4.121,12.301,45.498,25.396,14.9036,0.178,0.1288,0.1314,0.1288,0.2098,0.1314,0.1986,0.1247,539.52,276.2,359.1,84.675,85.08,85.38,82.335,83.475,82.0575,42.9914,519.75,520.0,20.3447,517.46,488.9,13.3725
86.45,57.6,4.4422,57.6,287.3025,358.51,571.9,2.5998,4.57,173.6775,343.05,72.285,709.84,19.4519,599.94,599.88,9.9849,66.2214,76.7812,2.5998,4.57,11.1287,15.7355,9.1102,173.684,343.05,709.84,72.0907,32.99,45.222,9.6,4.139,12.301,45.372,25.352,14.9036,0.1782,0.1289,0.1314,0.1289,0.21,0.1314,0.1988,0.1247,539.48,276.2,359.15,84.66,85.0575,85.3275,82.35,83.475,82.0575,42.9999,519.69,520.0,20.3596,517.46,488.9,13.3732
86.85,57.6,4.4062,57.5625,287.3025,358.51,571.25,2.5998,4.5675,173.1915,343.05,72.2852,709.84,19.4529,599.88,599.82,9.985,66.2216,76.7814,2.5998,4.5675,11.1288,15.7333,9.1096,173.194,343.02,709.84,72.0894,32.99,45.09,9.603,4.147,12.301,45.222,25.2805,14.9036,0.1782,0.1289,0.1315,0.129,0.2101,0.1315,0.1989,0.1248,539.44,276.25,359.15,84.6075,85.05,85.2975,82.32,83.43,82.02,43.0049,519.66,520.0,20.36,517.46,488.9,13.3738
86.15,57.525,3.8828,57.6,287.2575,358.0623,571.8,2.5998,4.57,173.826,343.02,72.2855,709.84,19.4541,599.82,600.0,9.9852,66.2217,76.7817,2.5998,4.57,11.1257,15.7325,9.1096,173.824,343.05,709.84,72.0882,32.99,45.492,9.607,4.141,12.302,45.09,25.198,14.9036,0.1776,0.1288,0.1315,0.1289,0.2098,0.1314,0.1985,0.1247,539.4,276.25,359.15,84.63,85.065,85.305,82.2825,83.49,82.02,43.01,519.63,520.0,20.3604,517.46,488.9,13.3745
86.325,57.5625,4.8,57.6,286.6275,358.4756,571.35,2.6,4.5725,173.259,343.05,72.2851,709.92,19.4526,600.0,600.06,9.9846,66.2212,76.7812,2.6,4.5725,11.1277,15.7318,9.1102,173.264,343.05,709.92,72.0869,32.99,45.708,9.603,4.106,12.302,45.492,25.286,14.9036,0.1772,0.1287,0.1313,0.1288,0.2094,0.1313,0.1983,0.1246,539.4,276.25,359.15,84.6225,85.0125,85.35,82.2825,83.475,82.0125,43.0153,519.6,520.0,20.3609,517.46,488.9,13.3752
86.925,57.525,4.4094,57.5625,286.7625,358.0623,571.4,2.6002,4.575,173.34,343.05,72.2833,710.16,19.4519,600.06,600.12,9.9838,66.2211,76.7804,2.6002,4.575,11.1278,15.7335,9.1108,173.334,343.08,710.16,72.0351,32.985,45.9,9.599,4.079,12.302,45.708,25.4015,14.9036,0.1772,0.1286,0.1312,0.1287,0.2093,0.1312,0.1981,0.1245,539.44,276.25,359.15,84.5925,85.0575,85.335,82.2975,83.4375,82.035,43.0094,519.66,520.0,20.3613,517.46,488.9,13.3758
86.85,57.5625,4.4437,57.5625,286.8975,358.51,571.5,2.6004,4.58,173.772,343.08,72.2831,710.16,19.4509,600.12,600.18,9.9835,66.221,76.7794,2.6004,4.58,11.1278,15.7338,9.1113,173.768,343.11,710.16,72.0332,32.985,46.086,9.595,4.086,12.302,45.9,25.506,14.9036,0.1774,0.1285,0.1311,0.1286,0.2091,0.1311,0.1979,0.1244,539.52,276.25,359.15,84.57,85.0875,85.2975,82.2525,83.415,81.9975,42.9995,519.75,520.0,20.3467,517.46,488.9,13.3765
86.95,57.6,4.5859,57.6,287.145,358.4756,572.0,2.6006,4.5825,173.745,343.11,72.2822,710.24,19.4496,600.18,600.24,9.9839,66.2209,76.7782,2.6006,4.5825,11.1279,15.734,9.1118,173.754,343.11,710.24,72.0313,32.985,46.224,9.59,4.115,12.302,46.086,25.616,14.9036,0.1778,0.1284,0.1311,0.1285,0.209,0.131,0.1978,0.1243,539.6,276.25,359.15,84.5925,85.1025,85.35,82.2225,83.4525,82.035,42.993,519.81,520.0,20.3466,517.46,488.9,13.3772
86.55,57.525,3.9312,57.525,286.9875,358.1312,572.05,2.6008,4.585,173.961,343.11,72.2831,710.08,19.4481,600.24,600.3,9.9838,66.2208,76.7767,2.6008,4.585,11.128,15.7343,9.1118,173.964,343.14,710.08,72.0295,32.985,46.326,9.585,4.15,12.302,46.224,25.7095,14.9036,0.1781,0.1284,0.131,0.1284,0.209,0.131,0.1977,0.1242,539.68,276.25,359.15,84.615,85.1475,85.3125,82.1925,83.46,82.0275,42.9862,519.87,520.0,20.3465,517.46,488.9,13.3778
86.675,57.6,4.3719,57.6375,286.695,358.5789,571.8,2.6004,4.585,173.637,343.14,72.2823,710.16,19.4464,600.3,600.12,9.9837,66.22,76.7772,2.6004,4.585,11.1281,15.7345,9.1113,173.628,343.14,710.16,72.0276,32.985,46.374,9.581,4.181,12.302,46.326,25.781,14.9036,0.1784,0.1284,0.1309,0.1284,0.2089,0.1309,0.1976,0.1242,539.72,276.25,359.15,84.6075,85.125,85.335,82.245,83.4975,81.9975,42.9792,519.93,520.0,20.3464,517.46,488.9,13.3785
86.05,57.6,3.8594,57.525,287.5275,357.7179,571.9,2.6004,4.585,173.745,343.14,72.2821,710.16,19.4474,600.12,600.18,9.9836,66.2197,76.7767,2.6004,4.585,11.1282,15.7348,9.1118,173.754,343.14,710.16,72.0763,32.99,46.392,9.578,4.203,12.302,46.374,25.8305,14.9036,0.1785,0.1284,0.1309,0.1283,0.2088,0.1309,0.1976,0.1242,539.84,276.25,359.2,84.57,85.1325,85.3425,82.2975,83.46,82.035,42.9683,520.02,520.0,20.3464,517.46,488.9,13.3792
86.225,57.6,4.3031,57.525,287.28,358.3378,571.5,2.6004,4.5875,172.827,343.14,72.2818,710.16,19.4461,600.18,600.18,9.9835,66.2193,76.7762,2.6004,4.5875,11.1282,15.735,9.1118,172.83,343.14,710.16,72.0751,32.99,46.38,9.576,4.216,12.302,46.392,25.8525,14.9036,0.1785,0.1284,0.1309,0.1283,0.2087,0.1309,0.1976,0.1241,539.88,276.25,359.2,84.6,85.095,85.3275,82.305,83.4225,82.0725,42.9569,520.11,520.0,20.3463,517.46,488.9,13.3798
86.925,57.6,3.8781,57.5625,287.3925,358.4756,571.8,2.6004,4.5875,172.989,343.14,72.2816,710.16,19.4454,600.18,600.18,9.9835,66.2197,76.7757,2.6004,4.5875,11.1283,15.7353,9.1113,172.998,343.14,710.16,72.0738,32.99,46.416,9.574,4.221,12.302,46.38,25.869,14.9036,0.1785,0.1283,0.1309,0.1283,0.2087,0.1309,0.1976,0.1241,540.04,276.25,359.2,84.585,85.0575,85.35,82.32,83.475,82.02,42.9414,520.23,520.0,20.3462,517.46,488.9,13.3805
86.775,57.6,4.6578,57.6,287.3025,358.5789,571.25,2.6004,4.5875,173.2455,343.14,72.2813,710.16,19.4446,600.18,600.18,9.9826,66.2197,76.7751,2.6004,4.5875,11.1284,15.7355,9.1113,173.25,343.17,710.16,72.1232,32.995,46.44,9.572,4.22,12.302,46.416,25.8745,14.9036,0.1784,0.1283,0.1309,0.1283,0.2087,0.1308,0.1975,0.1241,540.12,276.25,359.2,84.6225,85.0875,85.3725,82.2825,83.4375,82.0125,42.9292,520.32,520.0,20.3461,517.46,488.9,13.3812
86.225,57.5625,4.7891,57.5625,286.65,357.8901,571.65,2.6004,4.5875,174.0015,343.17,72.2811,710.16,19.4439,600.18,600.18,9.9823,66.2196,76.7746,2.6004,4.5875,11.1285,15.7333,9.1113,173.992,343.17,710.16,72.1226,32.995,46.434,9.571,4.215,12.302,46.44,25.8965,14.9036,0.1784,0.1283,0.1308,0.1283,0.2088,0.1308,0.1975,0.1241,540.2,276.25,359.2,84.615,85.125,85.4025,82.275,83.4225,81.96,42.9167,520.41,520.0,20.3461,517.46,488.9,13.3818
86.425,57.525,4.5203,57.5625,287.505,357.8212,571.6,2.6004,4.5875,173.259,343.17,72.2808,710.16,19.4431,600.18,600.0,9.9827,66.2195,76.7741,2.6004,4.5875,11.1285,15.7325,9.1113,173.264,343.17,710.16,72.1219,32.995,46.368,9.57,4.213,12.302,46.434,25.9075,14.9036,0.1784,0.1283,0.1308,0.1283,0.2088,0.1308,0.1976,0.1241,540.24,276.3,359.2,84.63,85.1175,85.395,82.2975,83.4,82.0125,42.915,520.41,520.0,20.346,517.46,488.9,13.3825
86.175,57.6,4.1625,57.6,286.605,357.7868,571.45,2.6004,4.5875,173.6775,343.17,72.2806,710.16,19.4446,600.0,600.0,9.9826,66.2194,76.7736,2.6004,4.5875,11.1286,15.7318,9.1113,173.684,343.17,710.16,72.1213,32.995,46.32,9.569,4.215,12.301,46.368,25.9075,14.9036,0.1784,0.1283,0.1309,0.1283,0.2089,0.1308,0.1977,0.1241,540.28,276.3,359.2,84.6075,85.155,85.4025,82.2675,83.4525,82.0575,42.9058,520.47,520.0,20.3459,517.46,488.9,13.3832
86.65,57.5625,4.5125,57.5625,286.875,357.7868,572.05,2.5998,4.5875,173.6235,343.17,72.2803,710.16,19.4446,600.0,599.94,9.9825,66.2193,76.7754,2.5998,4.5875,11.1287,15.7335,9.1108,173.628,343.14,710.16,72.1713,33.0,46.236,9.569,4.216,12.301,46.32,25.8855,14.9036,0.1784,0.1284,0.1309,0.1283,0.209,0.1309,0.1977,0.1241,540.28,276.3,359.2,84.6525,85.185,85.44,82.2675,83.43,82.0125,42.9039,520.47,520.0,20.3458,517.46,488.9,13.3838
86.75,57.5625,4.8359,57.6,286.695,357.959,571.4,2.5998,4.585,173.7315,343.14,72.2801,710.16,19.4454,599.94,599.88,9.9825,66.2192,76.7756,2.5998,4.585,11.1288,15.7338,9.1102,173.726,343.14,710.16,72.1713,33.0,46.134,9.57,4.213,12.301,46.236,25.858,14.9036,0.1784,0.1284,0.1309,0.1284,0.2091,0.1309,0.1979,0.1242,540.32,276.3,359.2,84.69,85.125,85.4475,82.275,83.49,82.0275,42.8983,520.5,520.0,20.3457,517.46,488.9,13.3845
86.075,57.6,4.6984,57.5625,286.8525,357.959,571.1,2.5998,4.5825,173.772,343.14,72.2804,710.08,19.4464,599.88,599.88,9.9824,66.2192,76.7759,2.5998,4.5825,11.1289,15.734,9.1102,173.768,343.14,710.08,72.1713,33.0,46.008,9.572,4.207,12.301,46.134,25.814,14.9036,0.1784,0.1284,0.131,0.1284,0.2092,0.131,0.198,0.1242,540.28,276.3,359.2,84.69,85.1475,85.4475,82.2225,83.4675,82.02,42.9,520.47,520.0,20.3457,517.49,488.9,13.3852
86.2,57.6,3.8734,57.5625,287.145,358.2689,571.5,2.6,4.5825,173.664,343.14,72.2803,710.08,19.4469,599.88,599.94,9.9823,66.2198,76.7754,2.6,4.5825,11.1289,15.7343,9.1108,173.656,343.11,710.08,72.1713,33.0,45.864,9.574,4.199,12.301,46.008,25.759,14.9036,0.1783,0.1285,0.1311,0.1285,0.2094,0.131,0.1981,0.1243,540.24,276.3,359.2,84.675,85.155,85.44,82.185,83.475,82.065,42.9019,520.44,520.0,20.3456,517.49,488.9,13.3858
86.0,57.5625,4.5484,57.6,287.3025,358.5789,571.3,2.6,4.5775,173.7585,343.11,72.2808,710.0,19.4466,599.94,599.88,9.9822,66.22,76.7754,2.6,4.5775,11.129,15.7345,9.1102,173.754,343.11,710.0,72.222,33.005,45.654,9.577,4.19,12.301,45.864,25.6875,14.9036,0.1783,0.1286,0.1311,0.1286,0.2096,0.1311,0.1983,0.1244,540.2,276.3,359.2,84.6975,85.1475,85.395,82.2375,83.4825,82.1025,42.9076,520.38,520.0,20.3455,517.49,488.9,13.3865
86.875,57.5625,4.7078,57.6,286.7175,357.7868,571.2,2.5996,4.575,173.0565,343.11,72.2808,710.0,19.4476,599.88,599.76,9.9829,66.2202,76.7769,2.5996,4.575,11.1291,15.7348,9.1096,173.068,343.08,710.0,72.2226,33.005,45.396,9.582,4.18,12.301,45.654,25.5885,14.9036,0.1783,0.1287,0.1313,0.1287,0.2098,0.1312,0.1986,0.1245,540.12,276.3,359.25,84.7125,85.1475,85.41,82.2525,83.4675,82.14,42.9173,520.29,520.0,20.3454,517.49,488.93,13.3872
86.55,57.5625,4.3969,57.525,287.055,358.0623,571.65,2.5996,4.575,174.015,343.08,72.2814,709.92,19.4496,599.76,599.82,9.983,66.2203,76.7774,2.5996,4.575,11.1292,15.735,9.1096,174.02,343.08,709.92,72.2232,33.005,45.528,9.588,4.169,12.301,45.396,25.4675,14.9036,0.1779,0.1287,0.1313,0.1287,0.2098,0.1313,0.1984,0.1246,540.04,276.3,359.25,84.66,85.1475,85.35,82.2225,83.4525,82.08,42.9237,520.23,520.0,20.3454,517.49,488.93,13.3878
86.3,57.6,3.9344,57.6375,286.74,358.3378,571.4,2.5996,4.575,174.0015,343.08,72.2816,709.92,19.4499,599.82,599.82,9.9832,66.2205,76.7779,2.5996,4.575,11.1292,15.7353,9.1091,173.992,343.08,709.92,72.2238,33.005,45.48,9.589,4.139,12.301,45.528,25.4455,14.9036,0.1776,0.1287,0.1313,0.1287,0.2098,0.1313,0.1985,0.1246,539.96,276.3,359.25,84.675,85.11,85.2975,82.2375,83.415,82.0425,42.934,520.14,520.0,20.3453,517.49,488.93,13.3885
86.925,57.6,4.75,57.6,286.785,358.5789,571.35,2.5996,4.5725,174.069,343.08,72.2817,709.92,19.4506,599.82,599.76,9.9834,66.2199,76.7784,2.5996,4.5725,11.1293,15.7355,9.1096,174.076,343.05,709.92,72.2245,33.005,45.342,9.591,4.112,12.301,45.48,25.429,14.9036,0.1776,0.1287,0.1314,0.1288,0.2099,0.1314,0.1987,0.1246,539.84,276.3,359.25,84.63,85.1475,85.32,82.26,83.4525,81.99,42.9447,520.05,520.0,20.3452,517.49,488.93,13.3892
86.95,57.5625,4.1156,57.5625,287.2575,358.3378,571.75,2.5994,4.57,173.2725,343.05,72.2824,709.84,19.4521,599.76,599.7,9.9835,66.2206,76.7796,2.5994,4.57,11.1294,15.7333,9.1096,173.278,343.05,709.84,72.1745,33.0,45.144,9.595,4.107,12.301,45.342,25.3795,14.9036,0.1777,0.1288,0.1314,0.1289,0.21,0.1314,0.1988,0.1247,539.72,276.3,359.25,84.6,85.095,85.32,82.2525,83.4375,82.005,42.9596,519.93,520.0,20.3451,517.49,488.93,13.3898
86.0,57.5625,4.4812,57.6,286.5375,357.8557,571.1,2.5994,4.57,173.826,343.05,72.2821,709.92,19.4539,599.7,599.88,9.9837,66.2207,76.7804,2.5994,4.57,11.1295,15.7325,9.1096,173.824,343.05,709.92,72.1745,33.0,45.318,9.599,4.115,12.302,45.144,25.2915,14.9036,0.1776,0.1288,0.1314,0.1289,0.2099,0.1314,0.1987,0.1247,539.68,276.3,359.25,84.5625,85.0725,85.3125,82.2525,83.4675,81.9825,42.9674,519.87,520.0,20.3451,517.49,488.93,13.3905
86.425,57.6,4.0672,57.5625,287.19,358.0967,571.9,2.5994,4.57,173.9475,343.05,72.2822,709.92,19.4529,599.88,599.94,9.9839,66.2209,76.7811,2.5994,4.57,11.1296,15.7318,9.1091,173.95,343.05,709.92,72.1745,33.0,45.372,9.599,4.104,12.302,45.318,25.297,14.9036,0.1774,0.1288,0.1314,0.1289,0.2099,0.1314,0.1986,0.1247,539.6,276.3,359.25,84.615,85.035,85.35,82.2075,83.49,82.0125,42.9754,519.81,520.0,20.345,517.49,488.93,13.3912
86.65,57.525,4.3766,57.6,286.875,357.6835,571.85,2.5994,4.57,173.124,343.05,72.2823,709.92,19.4526,599.94,599.94,9.984,66.2211,76.7819,2.5994,4.57,11.1296,15.7335,9.1096,173.124,343.05,709.92,72.1745,33.0,45.348,9.6,4.09,12.302,45.372,25.3245,14.9036,0.1775,0.1288,0.1314,0.1289,0.2098,0.1314,0.1987,0.1247,539.52,276.3,359.25,84.5925,84.99,85.35,82.23,83.4975,82.0425,42.9837,519.75,520.0,20.3449,517.49,488.93,13.3918
86.7,57.6,4.0625,57.6,286.5375,358.4756,571.35,2.6,4.5725,173.4885,343.05,72.2824,709.92,19.4529,599.94,600.0,9.9842,66.2205,76.7804,2.6,4.5725,11.1297,15.7338,9.1108,173.488,343.05,709.92,72.1238,32.995,45.594,9.601,4.092,12.302,45.348,25.3245,14.9036,0.1774,0.1287,0.1314,0.1288,0.2096,0.1314,0.1984,0.1246,539.52,276.35,359.25,84.585,85.0425,85.3125,82.23,83.52,82.0425,42.9847,519.75,520.0,20.3448,517.49,488.93,13.3925
86.325,57.525,4.3609,57.5625,286.785,357.8212,571.05,2.6002,4.575,172.7865,343.05,72.2819,710.0,19.4524,600.0,600.06,9.9836,66.2204,76.7796,2.6002,4.575,11.1298,15.734,9.1108,172.788,343.08,710.0,72.1232,32.995,45.756,9.598,4.093,12.302,45.594,25.3905,14.9036,0.1774,0.1286,0.1313,0.1287,0.2094,0.1313,0.1983,0.1245,539.52,276.35,359.3,84.6375,85.0725,85.305,82.2825,83.5125,82.0275,42.9857,519.75,520.0,20.3448,517.49,488.93,13.3932
86.1,57.6,4.6156,57.5625,286.8975,358.3723,571.1,2.6004,4.5775,173.5965,343.08,72.2819,710.0,19.4516,600.06,600.18,9.9835,66.2203,76.7786,2.6004,4.5775,11.1299,15.7343,9.1113,173.6,343.11,710.0,72.1226,32.995,46.08,9.595,4.098,12.302,45.756,25.4785,14.9036,0.1774,0.1285,0.1312,0.1286,0.2091,0.1311,0.1979,0.1244,539.6,276.35,359.3,84.585,85.0425,85.2975,82.32,83.475,81.99,42.9792,519.81,520.0,20.3447,517.49,488.9,13.3938
86.1,57.5625,4.7328,57.6,286.9875,357.8557,571.8,2.6006,4.5825,172.989,343.11,72.2813,710.08,19.4499,600.18,600.3,9.9835,66.2202,76.7774,2.6006,4.5825,11.13,15.7345,9.1118,172.984,343.14,710.08,72.1219,32.995,46.326,9.589,4.108,12.303,46.08,25.605,14.9036,0.1775,0.1284,0.131,0.1284,0.2088,0.131,0.1977,0.1243,539.68,276.35,359.3,84.54,85.0425,85.2675,82.29,83.4825,82.005,42.9725,519.87,520.0,20.3446,517.49,488.9,13.3945
86.2,57.5625,4.2594,57.525,287.145,358.0967,571.8,2.6004,4.5875,174.1635,343.14,72.2806,710.16,19.4476,600.3,600.36,9.9826,66.2194,76.7774,2.6004,4.5875,11.13,15.7348,9.1118,174.16,343.14,710.16,72.1213,32.995,46.572,9.583,4.126,12.303,46.326,25.7535,14.9122,0.1776,0.1283,0.1309,0.1283,0.2087,0.1309,0.1974,0.1241,539.8,276.35,359.3,84.57,85.095,85.305,82.26,83.43,81.9825,42.9542,520.02,520.0,20.3445,517.49,488.9,13.3952
86.05,57.525,4.0406,57.6,286.9875,357.9245,571.6,2.6006,4.59,173.556,343.14,72.2797,710.24,19.4456,600.36,600.24,9.9823,66.2191,76.7761,2.6006,4.59,11.1301,15.735,9.1124,173.558,343.17,710.24,72.1207,32.995,46.71,9.576,4.152,12.303,46.572,25.891,14.9124,0.178,0.1282,0.1308,0.1282,0.2085,0.1307,0.1973,0.124,539.88,276.35,359.3,84.6225,85.1475,85.275,82.23,83.3925,81.9375,42.9466,520.08,520.0,20.3444,517.49,488.9,13.3958
86.85,57.525,4.2188,57.5625,286.965,358.6133,571.35,2.6008,4.5925,174.2715,343.17,72.2793,710.24,19.4456,600.24,600.3,9.982,66.2187,76.7746,2.6008,4.5925,11.1302,15.7353,9.1124,174.272,343.2,710.24,72.1201,32.995,46.806,9.571,4.185,12.303,46.71,26.0065,14.9127,0.1783,0.1282,0.1307,0.1281,0.2085,0.1306,0.1972,0.1239,540.0,276.35,359.3,84.645,85.1775,85.2675,82.1925,83.4,81.9075,42.9312,520.2,520.0,20.3444,517.49,488.9,13.3965
86.975,57.5625,4.525,57.5625,287.01,358.0279,571.75,2.6008,4.5925,174.2175,343.2,72.2789,710.24,19.4439,600.3,600.3,9.9816,66.2192,76.7736,2.6008,4.5925,11.1271,15.7355,9.1124,174.216,343.2,710.24,72.1194,32.995,46.8,9.566,4.215,12.305,46.806,26.0725,14.9044,0.1785,0.1281,0.1307,0.1281,0.2085,0.1306,0.1972,0.1239,540.08,276.35,359.3,84.6375,85.2,85.29,82.2375,83.4075,81.9225,42.9229,520.26,520.0,20.3443,517.49,488.9,13.3972
86.325,57.5625,4.7797,57.6,286.7625,357.649,571.9,2.6008,4.5925,173.745,343.2,72.2792,710.16,19.4426,600.3,600.3,9.9813,66.2191,76.7726,2.6008,4.5925,11.126,15.7333,9.1124,173.74,343.2,710.16,72.1694,33.0,46.728,9.563,4.24,12.305,46.8,26.1055,14.9044,0.1788,0.1282,0.1307,0.1281,0.2085,0.1306,0.1973,0.1239,540.12,276.35,359.3,84.6075,85.1775,85.3425,82.26,83.3625,81.975,42.9143,520.32,520.0,20.3442,517.49,488.9,13.3978
86.85,57.6,4.7328,57.525,286.695,358.4067,571.55,2.6002,4.5925,173.502,343.2,72.2796,710.08,19.4414,600.3,600.12,9.981,66.219,76.7739,2.6002,4.5925,11.1248,15.7325,9.1113,173.502,343.2,710.08,72.1694,33.0,46.644,9.562,4.256,12.304,46.728,26.0945,14.9044,0.1788,0.1282,0.1307,0.1281,0.2086,0.1306,0.1973,0.1239,540.2,276.35,359.3,84.6225,85.2,85.2975,82.2825,83.3475,81.9825,42.9018,520.41,520.0,20.3441,517.49,488.93,13.3985
86.9,57.6,4.5047,57.6375,287.3925,357.959,571.85,2.6002,4.59,173.205,343.2,72.2794,710.08,19.4424,600.12,600.06,9.9806,66.2189,76.7736,2.6002,4.59,11.1268,15.7318,9.1113,173.208,343.2,710.08,72.2201,33.005,46.554,9.561,4.261,12.302,46.644,26.078,14.9044,0.1788,0.1282,0.1307,0.1282,0.2086,0.1307,0.1974,0.124,540.28,276.35,359.35,84.66,85.155,85.29,82.26,83.4075,81.96,42.8926,520.47,520.0,20.3441,517.49,488.93,13.3992
86.6,57.525,4.8031,57.525,286.515,357.7179,571.25,2.6002,4.59,173.853,343.2,72.2793,710.08,19.4426,600.06,600.0,9.9803,66.2188,76.7734,2.6002,4.59,11.1268,15.7335,9.1108,173.852,343.17,710.08,72.2207,33.005,46.458,9.561,4.256,12.302,46.554,26.0395,14.9044,0.1787,0.1283,0.1308,0.1282,0.2088,0.1307,0.1975,0.124,540.36,276.35,359.35,84.645,85.1775,85.275,82.29,83.43,81.9975,42.8832,520.53,520.0,20.344,517.49,488.93,13.3998
86.625,57.525,4.2828,57.525,287.01,358.0279,571.45,2.6,4.5875,173.772,343.17,72.2792,710.08,19.4431,600.0,600.0,9.9807,66.2187,76.7739,2.6,4.5875,11.13,15.7338,9.1108,173.768,343.17,710.08,72.2719,33.01,46.314,9.562,4.244,12.302,46.458,25.9955,14.9044,0.1786,0.1283,0.1308,0.1283,0.2089,0.1308,0.1977,0.1241,540.36,276.35,359.35,84.6525,85.14,85.26,82.2675,83.415,82.05,42.8773,520.56,520.0,20.3439,517.49,488.93,13.4005
86.375,57.6,4.6969,57.6375,287.2125,358.2,571.35,2.5998,4.585,174.069,343.17,72.2797,710.0,19.4431,600.0,599.88,9.9806,66.2187,76.7746,2.5998,4.585,11.1282,15.734,9.1102,174.062,343.14,710.0,72.2732,33.01,46.14,9.565,4.233,12.302,46.314,25.9405,14.9044,0.1786,0.1284,0.1309,0.1283,0.2091,0.1309,0.1979,0.1241,540.36,276.4,359.35,84.6,85.1775,85.23,82.2975,83.415,82.08,42.8788,520.53,520.0,20.3438,517.49,488.93,13.4012
86.2,57.6,4.2219,57.5625,287.19,358.4411,571.5,2.5998,4.5825,173.5695,343.14,72.2797,710.0,19.4446,599.88,599.82,9.9805,66.2186,76.7749,2.5998,4.5825,11.1283,15.7343,9.1102,173.572,343.14,710.0,72.2744,33.01,45.936,9.568,4.221,12.302,46.14,25.8635,14.9044,0.1785,0.1284,0.131,0.1284,0.2093,0.131,0.1981,0.1242,540.28,276.4,359.35,84.57,85.2075,85.2075,82.3125,83.43,82.05,42.8842,520.47,520.0,20.3438,517.49,488.93,13.4018
86.725,57.6,4.3375,57.5625,287.1,358.4067,571.05,2.5994,4.58,172.9755,343.14,72.2803,709.92,19.4459,599.82,599.76,9.9805,66.2192,76.7766,2.5994,4.58,11.1253,15.7345,9.1096,172.984,343.11,709.92,72.2757,33.01,45.684,9.572,4.209,12.302,45.936,25.77,14.9044,0.1784,0.1286,0.1311,0.1285,0.2094,0.131,0.1983,0.1244,540.24,276.4,359.35,84.5625,85.2225,85.185,82.29,83.4375,82.0575,42.886,520.44,520.0,20.3437,517.49,488.93,13.4025
86.825,57.525,4.4453,57.5625,286.875,358.6133,571.1,2.5992,4.5775,174.0825,343.11,72.2811,709.84,19.4474,599.76,599.7,9.9811,66.2194,76.7781,2.5992,4.5775,11.1272,15.7348,9.1096,174.076,343.08,709.84,72.2769,33.01,45.564,9.578,4.194,12.302,45.684,25.638,14.9044,0.1782,0.1286,0.1312,0.1286,0.2097,0.1312,0.1984,0.1245,540.24,276.4,359.35,84.5325,85.2375,85.2075,82.3125,83.475,82.1025,42.888,520.41,520.0,20.3436,517.49,488.93,13.4032
86.825,57.6375,4.3625,57.525,286.83,357.8901,571.1,2.599,4.575,174.15,343.08,72.2819,709.76,19.4491,599.7,599.76,9.9813,66.2196,76.7799,2.599,4.575,11.1273,15.735,9.1091,174.146,343.08,709.76,72.2782,33.01,45.294,9.582,4.17,12.302,45.564,25.539,14.9044,0.1781,0.1287,0.1313,0.1287,0.21,0.1313,0.1987,0.1246,540.08,276.4,359.35,84.585,85.185,85.2525,82.35,83.46,82.065,42.9014,520.29,520.0,20.3435,517.49,488.93,13.4038
86.775,57.525,4.8297,57.5625,287.145,357.9245,571.9,2.5994,4.57,173.718,343.08,72.2817,709.84,19.4496,599.76,599.64,9.9815,66.2205,76.7796,2.5994,4.57,11.1305,15.7353,9.1091,173.726,343.05,709.84,72.2794,33.01,44.958,9.589,4.148,12.302,45.294,25.4235,14.9044,0.178,0.1289,0.1315,0.1289,0.2102,0.1314,0.1991,0.1247,539.96,276.4,359.35,84.6075,85.185,85.215,82.3725,83.5125,82.05,42.919,520.14,520.0,20.3435,517.49,488.93,13.4045
86.225,57.5625,4.2469,57.525,287.4375,358.0967,571.85,2.599,4.565,173.7585,343.05,72.2826,709.76,19.4521,599.64,599.52,9.9824,66.2209,76.7819,2.599,4.565,11.1287,15.7355,9.108,173.768,343.02,709.76,72.2807,33.01,44.676,9.597,4.134,12.302,44.958,25.264,14.9044,0.1779,0.129,0.1316,0.1291,0.2106,0.1316,0.1993,0.1249,539.8,276.4,359.35,84.6225,85.1325,85.245,82.335,83.4975,82.0125,42.9372,519.99,520.0,20.3434,517.49,488.93,13.4052
86.325,57.525,4.0781,57.525,286.7625,357.649,571.25,2.5988,4.5625,173.4075,343.02,72.2829,709.76,19.4551,599.52,599.46,9.9828,66.2213,76.7839,2.5988,4.5625,11.1288,15.7333,9.1074,173.404,342.99,709.76,72.2819,33.01,44.598,9.606,4.115,12.302,44.676,25.099,14.9044,0.1776,0.1291,0.1317,0.1292,0.2106,0.1317,0.1994,0.125,539.6,276.4,359.35,84.615,85.0875,85.215,82.35,83.52,81.9675,42.9598,519.81,520.0,20.3433,517.49,488.93,13.4058
86.8,57.5625,4.5625,57.6,286.605,358.3378,571.35,2.599,4.5625,173.934,342.99,72.2833,709.76,19.4579,599.46,599.76,9.9825,66.221,76.7846,2.599,4.5625,11.1264,15.7325,9.1086,173.936,342.99,709.76,72.2832,33.01,45.006,9.612,4.08,12.302,44.598,24.9945,14.9044,0.1768,0.129,0.1317,0.1291,0.2102,0.1316,0.199,0.1249,539.48,276.4,359.35,84.585,85.05,85.23,82.3725,83.505,81.975,42.9756,519.69,520.0,20.3432,517.49,488.93,13.4065
86.125,57.525,4.3984,57.525,287.145,358.51,571.4,2.5996,4.5675,173.394,342.99,72.2831,709.84,19.4564,599.76,600.06,9.9826,66.2212,76.7836,2.5996,4.5675,11.1279,15.7318,9.1096,173.39,343.02,709.84,72.2338,33.005,45.258,9.611,4.027,12.303,45.006,25.0715,14.9044,0.1763,0.1288,0.1316,0.129,0.2099,0.1315,0.1988,0.1248,539.36,276.4,359.4,84.5925,85.08,85.2075,82.4025,83.475,81.9675,42.9919,519.57,520.0,20.3432,517.49,488.93,13.4072
86.925,57.5625,4.3953,57.6,286.74,358.4756,571.85,2.5998,4.57,173.961,343.02,72.2827,709.92,19.4536,600.06,600.12,9.9828,66.2213,76.7834,2.5998,4.57,11.128,15.7335,9.1102,173.95,343.05,709.92,72.1838,33.0,45.504,9.608,3.997,12.303,45.258,25.1925,14.9044,0.1764,0.1287,0.1314,0.1289,0.2098,0.1314,0.1985,0.1247,539.32,276.4,359.4,84.6,85.0875,85.2075,82.35,83.4675,81.9375,42.9974,519.54,520.0,20.3431,517.49,488.93,13.4078
86.275,57.5625,4.6203,57.6,286.785,357.7523,571.5,2.6,4.5725,174.0015,343.05,72.2828,709.92,19.4526,600.12,600.18,9.983,66.2207,76.7829,2.6,4.5725,11.1281,15.7338,9.1102,174.006,343.05,709.92,72.1838,33.0,45.63,9.603,4.014,12.303,45.504,25.319,14.9044,0.177,0.1287,0.1313,0.1288,0.2097,0.1313,0.1984,0.1246,539.32,276.4,359.4,84.555,85.065,85.23,82.305,83.4675,81.9,42.9992,519.54,520.0,20.343,517.49,488.93,13.4085
86.3,57.5625,4.6813,57.6,286.74,357.9934,571.7,2.6002,4.575,173.097,343.05,72.2829,709.92,19.4514,600.18,600.0,9.9831,66.2207,76.7821,2.6002,4.575,11.1282,15.734,9.1108,173.096,343.08,709.92,72.1332,32.995,45.654,9.6,4.062,12.303,45.63,25.418,14.913,0.1776,0.1287,0.1313,0.1287,0.2095,0.1313,0.1984,0.1246,539.32,276.45,359.4,84.6075,85.0275,85.2075,82.335,83.505,81.9075,43.0011,519.54,520.0,20.3429,517.49,488.93,13.4092
86.8,57.5625,4.1672,57.5625,287.145,358.5444,571.45,2.6002,4.575,173.88,343.08,72.2824,710.0,19.4529,600.0,600.06,9.9825,66.2206,76.7819,2.6002,4.575,11.1283,15.7343,9.1108,173.88,343.08,710.0,72.1326,32.995,45.732,9.598,4.116,12.303,45.654,25.4675,14.9133,0.178,0.1287,0.1313,0.1287,0.2095,0.1312,0.1983,0.1245,539.36,276.45,359.4,84.6,85.035,85.26,82.3425,83.5275,81.87,42.9954,519.6,520.0,20.3428,517.49,488.93,13.4098
86.0,57.6,4.4266,57.6,287.505,358.1312,571.6,2.6002,4.575,172.9755,343.08,72.2824,710.0,19.4521,600.06,600.06,9.9825,66.2205,76.7816,2.6002,4.575,11.1283,15.7345,9.1108,172.984,343.08,710.0,72.132,32.995,45.756,9.596,4.15,12.303,45.732,25.495,14.9136,0.1782,0.1287,0.1312,0.1287,0.2094,0.1312,0.1983,0.1245,539.4,276.45,359.4,84.615,85.08,85.2975,82.3125,83.5275,81.915,42.9971,519.6,520.0,20.3428,517.49,488.93,13.4105
86.475,57.525,4.0609,57.525,287.19,358.4411,571.8,2.6004,4.5775,173.853,343.08,72.2824,710.0,19.4519,600.06,600.12,9.9824,66.2204,76.7806,2.6004,4.5775,11.1284,15.7348,9.1108,173.852,343.08,710.0,72.1313,32.995,45.852,9.595,4.163,12.305,45.756,25.517,14.9052,0.1781,0.1286,0.1312,0.1286,0.2094,0.1312,0.1982,0.1245,539.48,276.45,359.4,84.63,85.125,85.26,82.2825,83.505,81.87,42.9874,519.69,520.0,20.3427,517.49,488.93,13.4112
86.15,57.525,4.2234,57.5625,286.92,358.0967,572.0,2.6004,4.5775,173.6775,343.08,72.2824,710.0,19.4509,600.12,600.12,9.9823,66.2203,76.7801,2.6004,4.5775,11.1285,15.735,9.1108,173.67,343.11,710.0,72.1307,32.995,45.882,9.593,4.161,12.305,45.852,25.539,14.9052,0.178,0.1286,0.1312,0.1286,0.2094,0.1311,0.1981,0.1244,539.52,276.45,359.4,84.6075,85.1625,85.2375,82.245,83.4975,81.8625,42.9849,519.72,520.0,20.3426,517.49,488.93,13.4118
86.025,57.6,4.2531,57.6,286.8525,358.3378,571.15,2.6004,4.5775,173.178,343.11,72.2824,710.0,19.4504,600.12,600.12,9.9822,66.2202,76.7796,2.6004,4.5775,11.1286,15.7353,9.1113,173.18,343.11,710.0,72.1301,32.995,45.894,9.592,4.159,12.305,45.882,25.572,14.9052,0.178,0.1286,0.1312,0.1286,0.2093,0.1311,0.1981,0.1244,539.56,276.45,359.4,84.6375,85.11,85.275,82.2525,83.4525,81.8925,42.9823,519.75,520.0,20.3425,517.49,488.93,13.4125
86.975,57.525,4.0891,57.525,287.0775,358.1312,571.5,2.6004,4.5775,174.1365,343.11,72.2824,710.0,19.4499,600.12,600.12,9.9821,66.2202,76.7791,2.6004,4.5775,11.1286,15.7355,9.1113,174.146,343.11,710.0,72.1801,33.0,45.924,9.59,4.161,12.304,45.894,25.5885,14.9052,0.1781,0.1286,0.1312,0.1286,0.2094,0.1311,0.1981,0.1244,539.6,276.45,359.45,84.615,85.08,85.275,82.26,83.415,81.8775,42.972,519.84,520.0,20.3425,517.49,488.93,13.4132
86.175,57.5625,3.8953,57.5625,287.235,358.6478,571.9,2.6004,4.5775,173.7315,343.11,72.2824,710.0,19.4494,600.12,600.12,9.982,66.2201,76.7786,2.6004,4.5775,11.1287,15.7333,9.1113,173.74,343.11,710.0,72.1801,33.0,45.87,9.589,4.164,12.304,45.924,25.594,14.9052,0.1781,0.1286,0.1312,0.1286,0.2094,0.1311,0.1981,0.1244,539.6,276.45,359.45,84.585,85.125,85.305,82.3125,83.4,81.9,42.9727,519.84,520.0,20.3424,517.49,488.93,13.4138
86.05,57.5625,4.3344,57.5625,286.875,358.0623,571.1,2.5998,4.5775,173.8125,343.11,72.2824,710.0,19.4489,600.12,599.94,9.982,66.22,76.7804,2.5998,4.5775,11.1288,15.7325,9.1108,173.81,343.11,710.0,72.1801,33.0,45.816,9.589,4.169,12.304,45.87,25.5885,14.9052,0.1782,0.1286,0.1312,0.1286,0.2094,0.1311,0.1982,0.1244,539.64,276.45,359.45,84.585,85.1025,85.32,82.3275,83.4375,81.915,42.9733,519.84,520.0,20.3423,517.49,488.9,13.4145
86.35,57.5625,4.1266,57.525,287.0325,358.3378,571.25,2.5998,4.5775,173.961,343.11,72.2824,710.0,19.4506,599.94,599.88,9.9819,66.2199,76.7806,2.5998,4.5775,11.1289,15.7318,9.1102,173.964,343.08,710.0,72.1801,33.0,45.744,9.59,4.173,12.304,45.816,25.5665,14.9052,0.1783,0.1286,0.1312,0.1286,0.2095,0.1312,0.1983,0.1245,539.64,276.45,359.45,84.63,85.065,85.32,82.2825,83.415,81.945,42.974,519.84,520.0,20.3422,517.49,488.9,13.4152
86.2,57.5625,3.8547,57.6,287.4375,357.9245,571.3,2.5998,4.575,173.6775,343.08,72.2824,710.0,19.4516,599.88,599.88,9.9825,66.2198,76.7809,2.5998,4.575,11.129,15.7335,9.1102,173.67,343.08,710.0,72.1801,33.0,45.642,9.591,4.174,12.304,45.744,25.5335,14.9052,0.1783,0.1287,0.1312,0.1287,0.2096,0.1312,0.1984,0.1245,539.64,276.45,359.45,84.5925,85.1025,85.3275,82.3275,83.385,81.975,42.9746,519.84,520.0,20.3422,517.49,488.9,13.4158
86.625,57.6,4.2797,57.6,287.415,358.3723,571.55,2.6002,4.575,173.421,343.08,72.2831,709.92,19.4521,599.88,600.0,9.9827,66.2205,76.7796,2.6002,4.575,11.129,15.7338,9.1102,173.432,343.08,709.92,72.1801,33.0,45.504,9.592,4.17,12.304,45.642,25.4895,14.9052,0.1783,0.1287,0.1313,0.1287,0.2097,0.1313,0.1985,0.1246,539.6,276.45,359.45,84.615,85.14,85.29,82.335,83.43,81.9525,42.9753,519.84,520.0,20.3421,517.49,488.9,13.4165
86.375,57.6,4.1797,57.5625,286.7175,358.5444,571.5,2.6,4.5725,173.151,343.08,72.2832,709.92,19.4511,600.0,599.94,9.9829,66.2207,76.7801,2.6,4.5725,11.1291,15.734,9.1096,173.152,343.05,709.92,72.1801,33.0,45.384,9.595,4.164,12.304,45.504,25.4235,14.9052,0.1782,0.1288,0.1314,0.1288,0.2098,0.1314,0.1986,0.1247,539.6,276.5,359.45,84.6525,85.17,85.2675,82.2825,83.475,81.915,42.9797,519.81,520.0,20.342,517.46,488.9,13.4172
86.375,57.5625,4.5875,57.525,286.65,357.6835,571.2,2.6,4.5725,173.7315,343.05,72.2833,709.92,19.4519,599.94,600.0,9.983,66.2208,76.7801,2.6,4.5725,11.1292,15.7343,9.1096,173.74,343.05,709.92,72.1801,33.0,45.51,9.598,4.155,12.304,45.384,25.3575,14.9052,0.1779,0.1288,0.1314,0.1288,0.2098,0.1314,0.1985,0.1247,539.6,276.5,359.5,84.6525,85.2075,85.29,82.2975,83.4675,81.9525,42.9804,519.81,520.0,20.3419,517.46,488.9,13.4178
86.775,57.5625,4.7172,57.525,287.325,358.0623,571.9,2.5996,4.5725,173.448,343.05,72.2834,709.92,19.4514,600.0,600.0,9.9832,66.221,76.7816,2.5996,4.5725,11.1293,15.7345,9.1096,173.446,343.05,709.92,72.1801,33.0,45.516,9.598,4.133,12.304,45.51,25.3575,14.9052,0.1777,0.1287,0.1314,0.1288,0.2097,0.1314,0.1985,0.1246,539.56,276.5,359.5,84.6675,85.1475,85.2525,82.335,83.4375,81.93,42.985,519.78,520.0,20.3569,517.46,488.9,13.4185
86.975,57.525,3.9625,57.6,287.415,358.1656,572.0,2.6,4.5725,173.7045,343.05,72.2835,709.92,19.4514,600.0,600.0,9.9834,66.2212,76.7806,2.6,4.5725,11.1294,15.7348,9.1102,173.698,343.05,709.92,72.1801,33.0,45.516,9.598,4.116,12.303,45.516,25.374,14.9052,0.1777,0.1287,0.1314,0.1288,0.2097,0.1314,0.1985,0.1246,539.56,276.5,359.5,84.6975,85.11,85.2675,82.305,83.415,81.9675,42.9858,519.78,520.0,20.3573,517.46,488.9,13.4192
86.65,57.6,3.8859,57.5625,286.7175,358.3378,571.6,2.6,4.5725,174.1095,343.05,72.2837,709.92,19.4514,600.0,599.94,9.9835,66.2213,76.7806,2.6,4.5725,11.1294,15.735,9.1102,174.104,343.05,709.92,72.1801,33.0,45.45,9.598,4.115,12.303,45.516,25.374,14.9052,0.1778,0.1288,0.1314,0.1288,0.2098,0.1314,0.1985,0.1247,539.56,276.5,359.5,84.72,85.095,85.2525,82.29,83.4225,81.93,42.9867,519.78,520.0,20.3577,517.46,488.9,13.4305
86.65,57.6,4.0812,57.6,286.8525,358.0623,571.8,2.5998,4.57,173.2725,343.05,72.2838,709.92,19.4521,599.94,599.88,9.9837,66.2215,76.7814,2.5998,4.57,11.1295,15.7353,9.1102,173.278,343.05,709.92,72.1294,32.995,45.294,9.6,4.124,12.303,45.45,25.3575,14.9052,0.178,0.1288,0.1314,0.1289,0.2098,0.1314,0.1987,0.1247,539.48,276.5,359.5,84.72,85.0425,85.215,82.245,83.4225,81.975,42.9951,519.72,520.0,20.3581,517.46,488.9,13.4318
86.075,57.5625,4.6484,57.525,286.875,358.4411,571.85,2.5998,4.57,174.3525,343.05,72.2839,709.92,19.4531,599.88,599.94,9.9839,66.2217,76.7816,2.5998,4.57,11.1296,15.7355,9.1102,174.356,343.05,709.92,72.1288,32.995,45.402,9.603,4.136,12.303,45.294,25.3025,14.9052,0.178,0.1288,0.1314,0.1289,0.2099,0.1314,0.1986,0.1247,539.48,276.5,359.5,84.675,85.05,85.1925,82.245,83.4675,82.005,43.0,519.69,520.0,20.3586,517.46,488.9,13.4332
86.2,57.6,4.1422,57.5625,286.8075,358.6478,571.95,2.5998,4.57,173.9475,343.05,72.2847,709.84,19.4529,599.94,599.88,9.984,66.2218,76.7819,2.5998,4.57,11.1297,15.7333,9.1102,173.95,343.05,709.84,72.1282,32.995,45.312,9.602,4.132,12.303,45.402,25.297,14.9052,0.1779,0.1288,0.1314,0.1289,0.2099,0.1314,0.1987,0.1247,539.4,276.55,359.5,84.63,85.08,85.2075,82.2975,83.5125,81.9675,43.0088,519.63,520.0,20.359,517.46,488.9,13.4345
86.125,57.6,4.0875,57.525,286.56,357.8901,571.55,2.5998,4.5675,174.177,343.05,72.2849,709.84,19.4539,599.88,599.88,9.9842,66.222,76.7821,2.5998,4.5675,11.1297,15.7325,9.1096,174.174,343.02,709.84,72.1276,32.995,45.186,9.604,4.125,12.303,45.312,25.2805,14.9052,0.1779,0.1289,0.1315,0.1289,0.2101,0.1314,0.1988,0.1248,539.36,276.55,359.55,84.5775,85.11,85.185,82.2825,83.505,81.945,43.0178,519.57,520.0,20.3594,517.46,488.9,13.4358
86.0,57.6,3.8656,57.6,286.965,357.7868,571.2,2.5996,4.565,173.7855,343.02,72.2852,709.84,19.4544,599.88,599.76,9.9844,66.2222,76.7831,2.5996,4.565,11.1298,15.7318,9.1096,173.782,343.02,709.84,72.1269,32.995,45.0,9.607,4.125,12.303,45.186,25.231,14.9052,0.178,0.129,0.1316,0.129,0.2102,0.1315,0.199,0.1249,539.28,276.55,359.55,84.6225,85.0575,85.2,82.2675,83.535,81.9975,43.027,519.51,520.0,20.3598,517.46,488.9,13.4372
86.675,57.525,3.95,57.6,287.19,357.8557,571.95,2.5994,4.5625,174.258,343.02,72.286,709.76,19.4564,599.76,599.7,9.9853,66.2223,76.7844,2.5994,4.5625,11.1299,15.7335,9.1091,174.258,342.99,709.76,72.1263,32.995,44.85,9.611,4.126,12.303,45.0,25.1485,14.9052,0.1781,0.1291,0.1317,0.1291,0.2105,0.1316,0.1991,0.1249,539.24,276.6,359.6,84.63,85.05,85.1625,82.245,83.49,82.005,43.0365,519.45,520.0,20.3602,517.46,488.9,13.4385
86.95,57.525,4.2687,57.525,287.1,357.959,571.95,2.5992,4.56,172.9755,342.99,72.287,709.68,19.4581,599.7,599.64,9.9857,66.2233,76.7859,2.5992,4.56,11.13,15.7338,9.1086,172.984,342.99,709.68,72.1257,32.995,44.658,9.615,4.121,12.303,44.85,25.055,14.9052,0.178,0.1292,0.1318,0.1292,0.2105,0.1318,0.1993,0.125,539.12,276.6,359.6,84.675,85.0125,85.2225,82.245,83.4675,82.005,43.0538,519.33,520.0,20.3606,517.46,488.9,13.4398
86.55,57.5625,4.0656,57.6,286.695,358.4411,571.2,2.5998,4.5675,173.394,342.99,72.285,710.0,19.4601,599.64,600.18,9.9846,66.2229,76.7846,2.5998,4.5675,11.1301,15.734,9.1096,173.39,343.02,710.0,72.1251,32.995,45.684,9.62,4.109,12.303,44.658,24.9615,14.9052,0.177,0.1288,0.1315,0.129,0.2095,0.1315,0.1983,0.1248,539.08,276.6,359.65,84.69,85.0275,85.1925,82.29,83.46,81.99,43.0603,519.3,520.0,20.346,517.46,488.9,13.4412
86.875,57.6,4.1922,57.525,286.785,358.6478,571.75,2.6004,4.5775,174.0555,343.02,72.2838,710.16,19.4549,600.18,600.48,9.9838,66.2223,76.7826,2.6004,4.5775,11.1301,15.7343,9.1113,174.048,343.08,710.16,72.0738,32.99,46.41,9.608,4.049,12.303,45.684,25.22,14.9052,0.1761,0.1284,0.1312,0.1286,0.2089,0.1312,0.1976,0.1244,539.16,276.6,359.65,84.6825,85.0575,85.155,82.32,83.49,81.9525,43.0518,519.39,520.0,20.3459,517.46,488.9,13.4425
86.8,57.5625,4.5156,57.525,286.5825,358.1656,571.85,2.6016,4.5875,174.2715,343.08,72.2823,710.32,19.4504,600.48,600.84,9.9827,66.2215,76.7776,2.6016,4.5875,11.1271,15.7345,9.1129,174.272,343.17,710.32,72.0726,32.99,47.016,9.594,4.007,12.303,46.41,25.5775,14.9052,0.1762,0.1281,0.1309,0.1283,0.2083,0.1308,0.197,0.1241,539.28,276.6,359.65,84.6825,85.08,85.185,82.365,83.475,81.99,43.0392,519.51,520.0,20.3459,517.43,488.87,13.4438
86.2,57.6,4.4078,57.5625,287.1225,358.3378,571.9,2.6016,4.5975,173.988,343.17,72.2805,710.48,19.4439,600.84,600.72,9.9821,66.2204,76.7756,2.6016,4.5975,11.1259,15.7348,9.114,173.992,343.23,710.48,72.0207,32.985,47.52,9.579,4.044,12.303,47.016,25.946,14.9052,0.177,0.1279,0.1305,0.1279,0.2078,0.1305,0.1965,0.1237,539.48,276.65,359.65,84.705,85.08,85.245,82.365,83.4525,81.945,43.0187,519.69,520.0,20.3458,517.43,488.87,13.4452
86.25,57.6,4.5469,57.6,286.695,357.7868,571.15,2.6022,4.605,174.2985,343.23,72.2798,710.48,19.4419,600.72,600.9,9.9815,66.2198,76.7714,2.6022,4.605,11.1247,15.735,9.1151,174.3,343.29,710.48,72.0188,32.985,47.922,9.563,4.13,12.303,47.52,26.2705,14.9052,0.1779,0.1277,0.1303,0.1277,0.2074,0.1302,0.1961,0.1235,539.72,276.65,359.7,84.72,85.0575,85.26,82.3575,83.415,81.96,42.9899,519.93,520.0,20.3457,517.43,488.87,13.4465
86.775,57.525,4.4594,57.5625,287.2575,357.9934,571.5,2.602,4.61,173.88,343.29,72.2784,710.56,19.4366,600.9,600.66,9.9802,66.2185,76.7694,2.602,4.61,11.1267,15.7353,9.1157,173.88,343.32,710.56,72.0676,32.99,48.186,9.549,4.221,12.303,47.922,26.5345,14.9052,0.1786,0.1276,0.1301,0.1275,0.207,0.13,0.1958,0.1233,540.0,276.65,359.7,84.7125,85.0425,85.275,82.3425,83.43,81.915,42.9563,520.2,520.0,20.3456,517.43,488.87,13.4478
86.375,57.525,3.9641,57.6,287.2125,358.3034,571.6,2.6022,4.615,173.8125,343.32,72.2769,710.64,19.4359,600.66,600.72,9.9794,66.2177,76.7661,2.6022,4.615,11.1268,15.7355,9.1163,173.81,343.35,710.64,72.0663,32.99,48.342,9.537,4.293,12.303,48.186,26.738,14.9052,0.1791,0.1275,0.1299,0.1274,0.2069,0.1299,0.1956,0.1231,540.28,276.65,359.7,84.7275,85.0725,85.275,82.3275,83.385,81.885,42.9217,520.47,520.0,20.3456,517.46,488.87,13.4492
86.975,57.6375,4.0484,57.5625,287.505,357.7523,571.9,2.6018,4.6175,173.799,343.35,72.2765,710.56,19.4324,600.72,600.6,9.9785,66.2168,76.7649,2.6018,4.6175,11.13,15.7333,9.1151,173.796,343.38,710.56,72.1157,32.995,48.414,9.527,4.344,12.303,48.342,26.87,14.9052,0.1795,0.1274,0.1298,0.1273,0.2068,0.1298,0.1956,0.123,540.56,276.65,359.7,84.75,85.0575,85.26,82.3425,83.3775,81.87,42.886,520.74,520.0,20.3455,517.46,488.87,13.4505
86.95,57.525,4.8094,57.6,287.4375,358.4411,571.05,2.6014,4.62,173.6775,343.38,72.2757,710.56,19.4309,600.6,600.6,9.9777,66.216,76.7641,2.6014,4.62,11.1282,15.7325,9.1146,173.684,343.38,710.56,72.1657,33.0,48.402,9.519,4.378,12.303,48.414,26.9745,14.9052,0.1797,0.1274,0.1298,0.1272,0.2068,0.1298,0.1956,0.123,540.84,276.65,359.7,84.705,85.0875,85.245,82.3575,83.3775,81.84,42.8492,521.01,520.0,20.3454,517.46,488.9,13.4518
86.725,57.6,4.2344,57.6,286.7175,358.4411,571.5,2.6016,4.62,173.2725,343.38,72.2742,710.64,19.4284,600.6,600.42,9.9776,66.2152,76.7616,2.6016,4.62,11.1283,15.7318,9.1146,173.278,343.38,710.64,72.2163,33.005,48.324,9.513,4.4,12.302,48.402,27.0295,14.9052,0.1798,0.1274,0.1297,0.1271,0.2068,0.1297,0.1956,0.1229,541.08,276.7,359.75,84.7425,85.125,85.2075,82.335,83.4075,81.8775,42.815,521.25,520.0,20.3453,517.46,488.9,13.4532
86.925,57.5625,4.7891,57.6,287.1225,357.7523,571.85,2.601,4.62,173.637,343.38,72.2738,710.56,19.4281,600.42,600.36,9.977,66.2143,76.7619,2.601,4.62,11.1252,15.7335,9.114,173.642,343.38,710.56,72.3182,33.015,48.204,9.508,4.412,12.302,48.324,27.046,14.9052,0.1799,0.1274,0.1298,0.1272,0.207,0.1298,0.1957,0.123,541.32,276.7,359.75,84.7275,85.1175,85.26,82.335,83.4525,81.84,42.7837,521.46,520.0,20.3453,517.46,488.9,13.4545
86.025,57.6,4.5812,57.5625,286.5825,357.8212,571.55,2.601,4.6175,173.9745,343.38,72.2729,710.56,19.4271,600.36,600.18,9.9765,66.2135,76.7606,2.601,4.6175,11.1272,15.7332,9.114,173.978,343.38,710.56,72.3707,33.02,48.006,9.506,4.414,12.302,48.204,27.024,14.8966,0.1799,0.1274,0.1298,0.1272,0.2072,0.1298,0.1959,0.123,541.48,276.7,359.75,84.75,85.1475,85.2825,82.3575,83.4975,81.8775,42.759,521.61,520.0,20.3452,517.49,488.9,13.4558
86.75,57.5625,4.1094,57.5625,286.8975,357.9934,571.8,2.6008,4.615,173.907,343.38,72.2733,710.4,19.4279,600.18,600.06,9.9766,66.2134,76.7601,2.6008,4.615,11.1272,15.7332,9.1135,173.908,343.35,710.4,72.4238,33.025,47.724,9.506,4.41,12.302,48.006,26.969,14.8963,0.1798,0.1275,0.1299,0.1273,0.2074,0.1298,0.1962,0.1231,541.56,276.7,359.75,84.735,85.1025,85.2975,82.3425,83.5125,81.885,42.7412,521.7,520.0,20.3451,517.49,488.93,13.4572
86.925,57.5625,4.2344,57.5625,287.415,358.5444,571.6,2.6004,4.61,173.259,343.35,72.2733,710.32,19.4286,600.06,599.94,9.9763,66.2136,76.7606,2.6004,4.61,11.1298,15.7332,9.1124,173.264,343.32,710.32,72.4776,33.03,47.394,9.509,4.401,12.301,47.724,26.87,14.8961,0.1798,0.1276,0.13,0.1275,0.2077,0.13,0.1966,0.1233,541.6,276.7,359.75,84.7725,85.1175,85.275,82.3275,83.55,81.8775,42.7306,521.73,520.0,20.345,517.49,488.93,13.4585
86.25,57.6375,4.0234,57.6,286.605,357.6835,571.3,2.6002,4.6075,173.5155,343.32,72.2734,710.24,19.4299,599.94,599.82,9.976,66.2133,76.7609,2.6002,4.6075,11.1284,15.7338,9.1118,173.516,343.29,710.24,72.4813,33.03,47.064,9.514,4.385,12.299,47.394,26.7325,14.8958,0.1796,0.1278,0.1302,0.1276,0.2081,0.1302,0.1969,0.1234,541.6,276.7,359.8,84.7275,85.065,85.26,82.365,83.5875,81.8925,42.7198,521.76,520.0,20.3449,517.52,488.93,13.4598
86.7,57.5625,4.5031,57.5625,286.92,358.4756,571.45,2.5998,4.6025,173.88,343.29,72.2737,710.16,19.4316,599.82,599.7,9.9764,66.2137,76.7621,2.5998,4.6025,11.1285,15.734,9.1113,173.88,343.26,710.16,72.5357,33.035,46.698,9.52,4.358,12.299,47.064,26.5675,14.8955,0.1793,0.1279,0.1304,0.1278,0.2085,0.1303,0.1973,0.1236,541.56,276.7,359.8,84.72,85.08,85.215,82.365,83.5425,81.885,42.7202,521.7,520.0,20.3449,517.52,488.93,13.4612
86.25,57.6,3.9187,57.525,287.3925,358.51,571.5,2.5994,4.595,173.9205,343.26,72.2747,710.0,19.4339,599.7,599.52,9.9763,66.2136,76.7639,2.5994,4.595,11.1254,15.7343,9.1102,173.922,343.2,710.0,72.5907,33.04,46.29,9.528,4.323,12.299,46.698,26.3805,14.8952,0.179,0.1281,0.1306,0.128,0.209,0.1306,0.1977,0.1238,541.48,276.7,359.8,84.6825,85.125,85.1775,82.32,83.52,81.87,42.7247,521.61,520.0,20.3448,517.52,488.96,13.4625
86.475,57.5625,4.7328,57.5625,287.1,358.4756,571.65,2.599,4.5875,174.069,343.2,72.2753,709.92,19.4374,599.52,599.46,9.977,66.2143,76.7661,2.599,4.5875,11.1274,15.7345,9.1091,174.076,343.17,709.92,72.5957,33.04,45.702,9.538,4.284,12.299,46.29,26.1715,14.9036,0.1789,0.1283,0.1308,0.1283,0.2095,0.1308,0.1983,0.1241,541.28,276.75,359.8,84.72,85.155,85.155,82.35,83.52,81.915,42.7407,521.43,520.0,20.3447,517.55,488.96,13.4638
86.375,57.525,3.9656,57.5625,287.235,357.959,571.55,2.5984,4.5775,173.5965,343.17,72.2767,709.76,19.4401,599.46,599.22,9.9779,66.2152,76.7696,2.5984,4.5775,11.1275,15.7348,9.1074,173.6,343.11,709.76,72.6007,33.04,45.03,9.552,4.249,12.299,45.702,25.891,14.9036,0.1787,0.1286,0.1312,0.1286,0.2102,0.1311,0.1989,0.1244,541.04,276.75,359.8,84.6825,85.155,85.2,82.3125,83.4675,81.8925,42.7612,521.22,520.0,20.3446,517.55,488.96,13.4651
86.975,57.6,4.7687,57.6,286.65,357.8901,571.05,2.5978,4.5675,173.529,343.11,72.2789,709.52,19.4454,599.22,599.1,9.979,66.2156,76.7739,2.5978,4.5675,11.1307,15.735,9.1063,173.53,343.05,709.52,72.6057,33.04,44.424,9.569,4.212,12.3,45.03,25.561,14.9036,0.1784,0.1289,0.1315,0.1289,0.2107,0.1314,0.1996,0.1248,540.8,276.75,359.8,84.63,85.155,85.2525,82.32,83.4975,81.945,42.7901,520.95,520.0,20.3446,517.55,488.96,13.4665
86.975,57.6,4.3656,57.5625,287.055,357.8557,571.2,2.5978,4.5625,172.908,343.05,72.279,709.6,19.4501,599.1,599.22,9.9797,66.2168,76.7766,2.5978,4.5625,11.1289,15.7353,9.1058,172.9,342.99,709.6,72.6107,33.04,44.292,9.586,4.159,12.301,44.424,25.209,14.9036,0.1775,0.1291,0.1317,0.1292,0.2108,0.1317,0.1997,0.125,540.44,276.75,359.85,84.6525,85.1475,85.2975,82.2975,83.535,81.93,42.8239,520.65,520.0,20.3445,517.55,488.99,13.4678
86.925,57.525,4.2438,57.5625,286.6275,358.2345,571.65,2.598,4.565,173.826,342.99,72.279,709.68,19.4524,599.22,599.64,9.9796,66.2167,76.7786,2.598,4.565,11.129,15.7355,9.1069,173.824,343.02,709.68,72.6157,33.04,45.0,9.598,4.073,12.301,44.292,25.0055,14.9036,0.1759,0.1288,0.1316,0.1291,0.2102,0.1316,0.199,0.1249,540.2,276.75,359.85,84.6075,85.185,85.3275,82.3425,83.55,81.9525,42.855,520.38,520.0,20.3444,517.55,488.99,13.4691
86.1,57.6,4.4844,57.6,287.19,358.4067,571.35,2.599,4.5725,173.475,343.02,72.2789,709.76,19.4504,599.64,599.94,9.98,66.2163,76.7774,2.599,4.5725,11.1265,15.7333,9.1086,173.474,343.05,709.76,72.5701,33.035,45.426,9.596,3.957,12.301,45.0,25.1265,14.9036,0.1749,0.1286,0.1314,0.1289,0.2098,0.1314,0.1986,0.1247,540.0,276.75,359.85,84.5775,85.2,85.3125,82.32,83.535,81.915,42.8798,520.17,520.0,20.3443,517.55,488.99,13.4705
86.025,57.5625,4.7312,57.525,286.8525,357.7179,571.85,2.5998,4.5775,173.3805,343.05,72.2787,709.84,19.4481,599.94,600.06,9.9797,66.2165,76.7756,2.5998,4.5775,11.1281,15.7325,9.1096,173.39,343.08,709.84,72.4732,33.025,45.75,9.592,3.895,12.302,45.426,25.33,14.9036,0.1752,0.1284,0.1312,0.1287,0.2094,0.1312,0.1982,0.1245,539.88,276.8,359.85,84.57,85.1625,85.32,82.32,83.55,81.9,42.8904,520.08,520.0,20.3443,517.55,488.99,13.4718
86.25,57.6,4.5266,57.525,287.3925,358.2,571.4,2.6,4.58,173.4075,343.08,72.2783,709.92,19.4469,600.06,600.18,9.9799,66.2167,76.7751,2.6,4.58,11.1282,15.7318,9.1108,173.404,343.11,709.92,72.4257,33.02,45.99,9.587,3.933,12.302,45.75,25.517,14.9036,0.1762,0.1284,0.1311,0.1285,0.2092,0.131,0.198,0.1243,539.88,276.8,359.85,84.615,85.1625,85.3125,82.305,83.52,81.93,42.8938,520.05,520.0,20.3442,517.55,488.99,13.4731
86.2,57.6,4.1891,57.5625,286.4925,357.9245,571.5,2.6002,4.5825,173.5965,343.11,72.2778,710.0,19.4451,600.18,600.06,9.9793,66.2161,76.7744,2.6002,4.5825,11.1283,15.7335,9.1108,173.6,343.14,710.0,72.4282,33.02,46.116,9.582,4.024,12.302,45.99,25.671,14.9036,0.1772,0.1284,0.131,0.1284,0.2091,0.131,0.1979,0.1242,539.88,276.8,359.9,84.6,85.1175,85.2975,82.3425,83.505,81.9225,42.8899,520.08,520.0,20.3441,517.55,488.99,13.4745
86.075,57.6,4.1312,57.5625,287.01,358.3034,571.35,2.6004,4.585,174.0825,343.14,72.2778,710.0,19.4459,600.06,600.06,9.98,66.216,76.7734,2.6004,4.585,11.1283,15.7338,9.1108,174.076,343.14,710.0,72.3801,33.015,46.218,9.578,4.112,12.303,46.116,25.7755,14.9036,0.1779,0.1283,0.1309,0.1283,0.209,0.1309,0.1978,0.1242,539.88,276.8,359.9,84.585,85.125,85.275,82.38,83.46,81.9225,42.8895,520.08,520.0,20.344,517.55,488.99,13.4758
86.95,57.525,3.9344,57.6,286.92,358.5444,571.75,2.6004,4.5875,174.2445,343.14,72.2778,710.0,19.4456,600.06,600.06,9.9801,66.2159,76.7729,2.6004,4.5875,11.1284,15.734,9.1113,174.244,343.14,710.0,72.3819,33.015,46.242,9.575,4.168,12.303,46.218,25.847,14.9122,0.1782,0.1283,0.1309,0.1283,0.2091,0.1309,0.1978,0.1241,539.88,276.8,359.9,84.5625,85.17,85.2975,82.3725,83.445,81.945,42.8892,520.08,520.0,20.344,517.55,488.99,13.4771
86.75,57.5625,4.5328,57.6,287.28,358.3378,571.0,2.5998,4.585,173.88,343.14,72.2778,710.0,19.4454,600.06,600.06,9.9803,66.2159,76.7746,2.5998,4.585,11.1285,15.7343,9.1108,173.88,343.14,710.0,72.4345,33.02,46.188,9.573,4.193,12.304,46.242,25.8855,14.9124,0.1783,0.1283,0.1309,0.1283,0.2091,0.1309,0.1978,0.1241,539.88,276.8,359.9,84.5475,85.1325,85.335,82.4025,83.43,81.9675,42.8889,520.08,520.0,20.3439,517.55,488.99,13.4785
86.6,57.6,4.2188,57.525,286.56,358.0623,571.65,2.5998,4.585,173.4075,343.14,72.2778,710.0,19.4451,600.06,600.06,9.9805,66.2158,76.7749,2.5998,4.585,11.1286,15.7345,9.1102,173.418,343.14,710.0,72.437,33.02,46.104,9.573,4.2,12.304,46.188,25.8855,14.9127,0.1783,0.1284,0.1309,0.1284,0.2091,0.1309,0.1979,0.1242,539.88,276.85,359.9,84.51,85.1325,85.3725,82.3575,83.415,81.93,42.8886,520.08,520.0,20.3438,517.55,488.99,13.4798
86.725,57.5625,4.7172,57.5625,287.415,357.9245,571.7,2.5996,4.5825,173.529,343.14,72.2784,709.92,19.4449,600.06,599.94,9.9799,66.2157,76.7759,2.5996,4.5825,11.1287,15.7348,9.1102,173.53,343.14,709.92,72.4395,33.02,45.918,9.574,4.197,12.306,46.104,25.836,14.913,0.1783,0.1285,0.131,0.1284,0.2093,0.131,0.1981,0.1243,539.92,276.85,359.95,84.5625,85.1175,85.395,82.3275,83.46,81.8925,42.8845,520.11,520.0,20.3437,517.55,488.99,13.4811
86.0,57.525,4.7406,57.6,287.4825,357.959,571.85,2.5994,4.58,172.8405,343.14,72.2785,709.92,19.4461,599.94,599.88,9.9805,66.2163,76.7771,2.5994,4.58,11.1287,15.735,9.1096,172.844,343.11,709.92,72.442,33.02,45.648,9.577,4.192,12.306,45.918,25.7425,14.9133,0.1784,0.1286,0.1311,0.1286,0.2095,0.1311,0.1984,0.1244,539.88,276.85,359.95,84.555,85.1625,85.3425,82.335,83.505,81.9075,42.884,520.11,520.0,20.3436,517.55,488.99,13.4825
86.4,57.5625,4.5891,57.5625,286.5825,357.8212,571.15,2.5992,4.575,172.989,343.11,72.2793,709.84,19.4471,599.88,599.64,9.9807,66.2165,76.7786,2.5992,4.575,11.1288,15.7353,9.1091,172.984,343.08,709.84,72.4445,33.02,45.51,9.583,4.185,12.306,45.648,25.6105,14.9136,0.1782,0.1287,0.1312,0.1287,0.2097,0.1312,0.1985,0.1245,539.92,276.85,359.95,84.5475,85.1625,85.38,82.335,83.505,81.9075,42.8836,520.11,520.0,20.3436,517.55,488.99,13.4838
86.6,57.6,4.0047,57.5625,287.3025,358.1312,571.55,2.5996,4.5725,173.664,343.08,72.2802,709.76,19.4506,599.64,599.76,9.9816,66.2167,76.7781,2.5996,4.5725,11.1289,15.7355,9.1091,173.67,343.05,709.76,72.447,33.02,45.378,9.587,4.168,12.306,45.51,25.5005,14.9052,0.178,0.1288,0.1313,0.1288,0.2098,0.1313,0.1986,0.1246,539.88,276.85,359.95,84.5925,85.1775,85.4025,82.3125,83.475,81.915,42.8869,520.08,520.0,20.3435,517.55,488.99,13.4851
86.075,57.5625,4.7562,57.6,287.37,358.3723,571.65,2.5994,4.57,173.394,343.05,72.2805,709.76,19.4506,599.76,599.7,9.9813,66.2169,76.7794,2.5994,4.57,11.129,15.7333,9.1086,173.39,343.05,709.76,72.4495,33.02,45.156,9.592,4.143,12.306,45.378,25.4015,14.9052,0.1779,0.1288,0.1314,0.1289,0.2101,0.1314,0.1989,0.1247,539.8,276.85,360.0,84.5925,85.14,85.4025,82.335,83.4825,81.945,42.8979,519.99,520.0,20.3434,517.55,488.99,13.4865
86.35,57.525,4.3734,57.5625,286.74,358.4411,571.15,2.5992,4.5675,173.745,343.05,72.2815,709.68,19.4524,599.7,599.76,9.9815,66.2178,76.7809,2.5992,4.5675,11.1291,15.7325,9.108,173.74,343.02,709.68,72.4013,33.015,44.964,9.598,4.123,12.306,45.156,25.3025,14.9052,0.1778,0.1289,0.1315,0.129,0.2103,0.1315,0.1991,0.1248,539.68,276.85,360.0,84.555,85.155,85.425,82.29,83.4675,81.9075,42.9092,519.9,520.0,20.3433,517.55,488.99,13.4878
86.825,57.6,4.275,57.5625,286.56,357.8212,571.55,2.599,4.565,173.3265,343.02,72.2814,709.76,19.4529,599.76,599.7,9.9824,66.2182,76.7826,2.599,4.565,11.1291,15.7318,9.108,173.32,342.99,709.76,72.4032,33.015,44.754,9.604,4.107,12.305,44.964,25.1925,14.9052,0.1777,0.129,0.1316,0.1291,0.2105,0.1316,0.1993,0.1249,539.56,276.9,360.0,84.57,85.1175,85.3725,82.2675,83.46,81.8775,42.9246,519.78,520.0,20.3433,517.55,488.99,13.4891
86.025,57.6,4.4812,57.6,286.605,358.3034,571.9,2.599,4.5625,174.2445,342.99,72.2818,709.76,19.4546,599.7,599.76,9.9828,66.2186,76.7839,2.599,4.5625,11.1292,15.7335,9.108,174.244,342.99,709.76,72.4051,33.015,44.892,9.61,4.091,12.305,44.754,25.077,14.9138,0.1773,0.129,0.1317,0.1291,0.2104,0.1317,0.1991,0.1249,539.44,276.9,360.0,84.5325,85.08,85.335,82.305,83.49,81.9,42.9405,519.66,520.0,20.3432,517.55,488.99,13.4905
86.675,57.6,4.7672,57.525,287.1,358.4756,571.3,2.5994,4.5625,174.204,342.99,72.2822,709.76,19.4551,599.76,599.7,9.9832,66.219,76.7836,2.5994,4.5625,11.1293,15.7338,9.1086,174.202,342.99,709.76,72.3563,33.01,44.856,9.612,4.062,12.306,44.892,25.066,14.9141,0.177,0.129,0.1317,0.1291,0.2105,0.1317,0.1992,0.125,539.28,276.9,360.0,84.5025,85.0725,85.35,82.3125,83.475,81.9075,42.9607,519.51,520.0,20.3431,517.55,488.99,13.4918
86.225,57.6,4.2969,57.5625,287.415,358.2345,571.8,2.5994,4.5625,173.4075,342.99,72.2825,709.76,19.4569,599.7,599.7,9.9836,66.2194,76.7844,2.5994,4.5625,11.1294,15.734,9.108,173.418,342.99,709.76,72.3576,33.01,44.754,9.614,4.04,12.306,44.856,25.055,14.9144,0.1771,0.129,0.1317,0.1292,0.2105,0.1317,0.1993,0.125,539.16,276.9,360.0,84.48,85.065,85.3125,82.275,83.4675,81.93,42.9815,519.36,520.0,20.343,517.55,488.96,13.4931
86.9,57.525,4.6547,57.525,287.3025,358.4411,572.0,2.5994,4.5625,174.0285,342.99,72.2829,709.76,19.4581,599.7,599.88,9.984,66.2199,76.7851,2.5994,4.5625,11.1294,15.7343,9.108,174.02,342.99,709.76,72.3082,33.005,44.892,9.617,4.042,12.307,44.754,25.0165,14.9061,0.1771,0.129,0.1317,0.1292,0.2104,0.1317,0.1991,0.125,539.08,276.9,360.05,84.465,85.05,85.2825,82.2975,83.46,81.8925,42.9916,519.3,520.0,20.343,517.52,488.96,13.4945
86.45,57.5625,4.1375,57.5625,287.0775,358.3034,571.25,2.5994,4.5625,173.8935,342.99,72.2833,709.76,19.4571,599.88,599.88,9.9837,66.2203,76.7859,2.5994,4.5625,11.1295,15.7345,9.1086,173.894,342.99,709.76,72.3089,33.005,44.922,9.617,4.044,12.307,44.892,25.0275,14.9061,0.1771,0.129,0.1317,0.1292,0.2103,0.1317,0.1991,0.125,538.96,276.9,360.05,84.45,85.02,85.275,82.2525,83.415,81.9,43.0057,519.21,520.0,20.3429,517.52,488.96,13.4958
86.35,57.5625,4.6141,57.5625,286.5825,358.0623,571.65,2.5994,4.5625,173.313,342.99,72.2836,709.76,19.4576,599.88,599.88,9.9839,66.2207,76.7866,2.5994,4.5625,11.1296,15.7348,9.1086,173.32,342.99,709.76,72.2589,33.0,44.916,9.618,4.048,12.307,44.922,25.044,14.9061,0.1773,0.129,0.1317,0.1291,0.2103,0.1317,0.1991,0.125,538.92,276.95,360.05,84.42,85.065,85.29,82.2975,83.475,81.915,43.0164,519.15,520.0,20.3428,517.52,488.96,13.4971
86.3,57.5625,4.4703,57.525,286.7175,357.8557,572.05,2.6,4.565,173.8665,342.99,72.284,709.76,19.4581,599.88,600.0,9.984,66.2211,76.7851,2.6,4.565,11.1297,15.735,9.1091,173.866,343.02,709.76,72.2589,33.0,45.126,9.619,4.06,12.306,44.916,25.0495,14.9147,0.1773,0.129,0.1316,0.1291,0.2102,0.1316,0.1989,0.1249,538.88,276.95,360.05,84.4425,85.065,85.2375,82.35,83.4675,81.885,43.0236,519.12,520.0,20.3427,517.52,488.96,13.4985
86.825,57.5625,3.8641,57.525,286.9425,358.0623,571.85,2.6002,4.565,174.015,343.02,72.2838,709.84,19.4571,600.0,600.0,9.9842,66.2208,76.7844,2.6002,4.565,11.1298,15.7353,9.1096,174.006,343.02,709.84,72.2082,32.995,45.216,9.616,4.065,12.306,45.126,25.11,14.9149,0.1773,0.1289,0.1316,0.129,0.2101,0.1315,0.1988,0.1249,538.88,276.95,360.1,84.495,85.0725,85.26,82.2975,83.505,81.9225,43.0271,519.12,520.0,20.3427,517.52,488.96,13.4998
86.25,57.6,4.7406,57.6375,287.1675,358.5444,571.85,2.6002,4.5675,173.5965,343.02,72.284,709.84,19.4571,600.0,600.0,9.9844,66.221,76.7841,2.6002,4.5675,11.1298,15.7355,9.1102,173.6,343.02,709.84,72.2076,32.995,45.216,9.615,4.071,12.306,45.216,25.165,14.9152,0.1775,0.1289,0.1315,0.129,0.21,0.1315,0.1988,0.1248,538.84,276.95,360.1,84.495,85.035,85.2525,82.3275,83.475,81.9,43.0344,519.09,520.0,20.3426,517.52,488.96,13.5011
86.225,57.525,4.1391,57.525,287.325,357.9934,571.65,2.6002,4.5675,173.6775,343.02,72.2843,709.84,19.4571,600.0,600.0,9.9845,66.2211,76.7839,2.6002,4.5675,11.1299,15.7333,9.1102,173.684,343.02,709.84,72.207,32.995,45.216,9.614,4.088,12.307,45.216,25.187,14.9155,0.1777,0.1289,0.1315,0.129,0.21,0.1315,0.1988,0.1248,538.88,276.95,360.1,84.5325,85.0875,85.2525,82.365,83.43,81.885,43.0343,519.12,520.0,20.3425,517.49,488.93,13.5025
86.325,57.6,4.6125,57.5625,287.0325,357.7868,571.95,2.5996,4.5675,173.178,343.02,72.2845,709.84,19.4571,600.0,600.0,9.9847,66.2213,76.7859,2.5996,4.5675,11.13,15.7325,9.1096,173.18,343.02,709.84,72.1557,32.99,45.186,9.613,4.106,12.307,45.216,25.187,14.9072,0.1779,0.129,0.1316,0.129,0.21,0.1315,0.1988,0.1248,538.88,276.95,360.1,84.5325,85.065,85.26,82.35,83.43,81.945,43.0379,519.12,520.0,20.3424,517.49,488.93,13.5038
86.15,57.5625,3.8734,57.5625,287.28,357.9934,571.1,2.5998,4.5675,174.1635,343.02,72.2848,709.84,19.4571,600.0,600.06,9.9849,66.2215,76.7856,2.5998,4.5675,11.1301,15.7318,9.1096,174.174,343.02,709.84,72.1544,32.99,45.366,9.614,4.117,12.308,45.186,25.1705,14.9072,0.1778,0.1289,0.1315,0.129,0.2099,0.1315,0.1987,0.1248,538.92,276.95,360.1,84.51,85.08,85.26,82.2975,83.4525,81.93,43.0339,519.18,520.0,20.3424,517.49,488.93,13.5051
86.65,57.6,4.6828,57.525,287.3025,357.6835,571.8,2.5998,4.57,173.88,343.02,72.285,709.84,19.4564,600.06,600.06,9.985,66.2216,76.7859,2.5998,4.57,11.1301,15.7335,9.1096,173.88,343.05,709.84,72.1532,32.99,45.366,9.611,4.112,12.307,45.366,25.2145,14.9072,0.1777,0.1289,0.1315,0.1289,0.2099,0.1314,0.1987,0.1248,538.92,277.0,360.15,84.5475,85.0875,85.2375,82.2975,83.4375,81.93,43.041,519.15,520.0,20.3423,517.49,488.93,13.5065
86.575,57.5625,4.7266,57.5625,287.145,358.0967,571.7,2.6002,4.5675,173.421,343.05,72.2853,709.84,19.4561,600.06,600.06,9.9852,66.2218,76.7846,2.6002,4.5675,11.1271,15.7338,9.1102,173.418,343.02,709.84,72.1519,32.99,45.306,9.611,4.111,12.305,45.366,25.2475,14.9072,0.1779,0.1289,0.1315,0.1289,0.2099,0.1314,0.1987,0.1248,538.92,277.0,360.15,84.585,85.0875,85.2675,82.2525,83.4075,81.915,43.0407,519.18,520.0,20.3422,517.49,488.93,13.5078
86.7,57.5625,4.0953,57.525,287.4825,357.9934,571.35,2.6002,4.5675,173.4075,343.02,72.2855,709.84,19.4559,600.06,600.06,9.9854,66.222,76.7844,2.6002,4.5675,11.1259,15.734,9.1102,173.404,343.02,709.84,72.1507,32.99,45.264,9.611,4.12,12.305,45.306,25.2365,14.9072,0.178,0.1289,0.1315,0.129,0.2099,0.1315,0.1988,0.1248,538.96,277.0,360.15,84.6225,85.0575,85.2375,82.29,83.4,81.915,43.0403,519.21,520.0,20.3421,517.49,488.93,13.5091
86.1,57.525,4.7922,57.5625,286.9425,357.7523,571.25,2.6002,4.5675,173.8665,343.02,72.2845,710.0,19.4556,600.06,600.0,9.9848,66.2221,76.7841,2.6002,4.5675,11.1248,15.7343,9.1102,173.866,343.02,710.0,72.1494,32.99,45.228,9.611,4.128,12.305,45.264,25.2145,14.9072,0.178,0.129,0.1315,0.129,0.21,0.1315,0.1988,0.1248,539.0,277.0,360.15,84.6375,85.095,85.26,82.2675,83.4225,81.945,43.0397,519.24,520.0,20.342,517.49,488.93,13.5105
86.175,57.5625,3.9937,57.6,287.2575,358.51,571.65,2.5996,4.565,173.8935,343.02,72.2852,709.92,19.4561,600.0,600.0,9.9847,66.2223,76.7861,2.5996,4.565,11.1267,15.7345,9.1096,173.894,343.02,709.92,72.0976,32.985,45.126,9.612,4.129,12.305,45.228,25.187,14.9072,0.1781,0.129,0.1316,0.129,0.2102,0.1315,0.1989,0.1249,539.0,277.0,360.2,84.6825,85.065,85.215,82.2525,83.4525,81.9525,43.0428,519.24,520.0,20.342,517.46,488.9,13.5118
86.725,57.525,3.9562,57.525,287.5275,358.3378,571.2,2.5994,4.565,173.8125,343.02,72.2853,709.92,19.4561,600.0,599.94,9.9854,66.2225,76.7874,2.5994,4.565,11.1268,15.7348,9.1091,173.824,343.02,709.92,72.0957,32.985,44.988,9.614,4.129,12.305,45.126,25.1485,14.9072,0.1781,0.129,0.1316,0.1291,0.2102,0.1316,0.199,0.1249,539.0,277.05,360.2,84.7125,85.1025,85.2525,82.2975,83.445,81.9975,43.0496,519.21,520.0,20.3419,517.46,488.9,13.5131
86.75,57.6,4.6781,57.5625,287.1675,358.51,571.65,2.5994,4.5625,173.2995,343.02,72.2867,709.76,19.4569,599.94,599.88,9.9863,66.2226,76.7881,2.5994,4.5625,11.13,15.735,9.1086,173.292,342.99,709.76,72.0938,32.985,44.856,9.617,4.127,12.305,44.988,25.088,14.9072,0.1781,0.1291,0.1317,0.1292,0.2103,0.1317,0.1991,0.125,538.96,277.05,360.2,84.7425,85.14,85.2375,82.2675,83.415,81.9825,43.0565,519.18,520.0,20.3418,517.46,488.9,13.5145
86.05,57.525,4.2891,57.6,287.415,357.8212,571.6,2.6,4.565,173.34,342.99,72.2858,709.92,19.4579,599.88,600.0,9.986,66.2228,76.7866,2.6,4.565,11.1282,15.7353,9.1096,173.348,343.02,709.92,72.092,32.985,45.21,9.62,4.121,12.304,44.856,25.022,14.9072,0.1776,0.129,0.1316,0.1291,0.21,0.1316,0.1988,0.1249,538.92,277.05,360.2,84.735,85.1175,85.2675,82.29,83.4525,81.9975,43.0598,519.18,520.0,20.3417,517.46,488.9,13.5158
86.65,57.5625,4.5766,57.6,287.505,358.6478,571.9,2.6002,4.5675,174.0015,343.02,72.2853,710.0,19.4569,600.0,600.12,9.9854,66.223,76.7859,2.6002,4.5675,11.1283,15.7355,9.1102,174.006,343.02,710.0,72.0901,32.985,45.474,9.616,4.091,12.304,45.21,25.0935,14.9072,0.1772,0.1289,0.1315,0.129,0.2098,0.1315,0.1985,0.1248,538.96,277.05,360.2,84.75,85.095,85.2375,82.335,83.475,82.0425,43.0594,519.21,520.0,20.3417,517.46,488.9,13.5171
86.725,57.5625,4.5625,57.5625,287.28,358.6822,571.8,2.6004,4.57,173.313,343.02,72.2853,710.0,19.4554,600.12,600.18,9.9853,66.2231,76.7849,2.6004,4.57,11.1252,15.7333,9.1108,173.32,343.05,710.0,72.0882,32.985,45.588,9.612,4.065,12.304,45.474,25.209,14.9072,0.1772,0.1288,0.1314,0.1289,0.2096,0.1314,0.1984,0.1247,539.0,277.05,360.25,84.735,85.0875,85.2225,82.3425,83.445,82.05,43.0588,519.24,520.0,20.3416,517.46,488.9,13.5185
86.825,57.5625,4.5844,57.5625,287.325,358.51,572.1,2.6006,4.5725,173.421,343.05,72.2846,710.08,19.4541,600.18,600.24,9.9852,66.2226,76.7836,2.6006,4.5725,11.1272,15.7325,9.1113,173.418,343.05,710.08,72.0357,32.98,45.738,9.608,4.075,12.304,45.588,25.308,14.9072,0.1776,0.1287,0.1313,0.1288,0.2094,0.1313,0.1982,0.1246,539.08,277.05,360.25,84.705,85.125,85.2375,82.335,83.4225,82.0425,43.0544,519.3,520.0,20.3415,517.46,488.9,13.5198
86.825,57.6,4.75,57.6,287.01,358.1312,571.75,2.6008,4.575,173.0565,343.05,72.2845,710.08,19.4526,600.24,600.3,9.9844,66.2225,76.7821,2.6008,4.575,11.1273,15.7318,9.1113,173.054,343.08,710.08,72.0332,32.98,45.882,9.603,4.106,12.304,45.738,25.3905,14.9072,0.1778,0.1287,0.1313,0.1287,0.2093,0.1312,0.1981,0.1245,539.16,277.05,360.25,84.6975,85.08,85.2225,82.305,83.4675,82.065,43.0459,519.39,520.0,20.3414,517.46,488.9,13.5211
86.0,57.525,4.8375,57.525,287.01,358.0279,571.6,2.6004,4.5775,173.7045,343.08,72.2838,710.16,19.4509,600.3,600.18,9.984,66.2224,76.7826,2.6004,4.5775,11.1305,15.7335,9.1113,173.698,343.11,710.16,72.0307,32.98,46.038,9.599,4.137,12.304,45.882,25.473,14.9072,0.1781,0.1286,0.1312,0.1286,0.2092,0.1311,0.1979,0.1244,539.32,277.05,360.25,84.6825,85.05,85.2225,82.32,83.43,82.0275,43.0296,519.54,520.0,20.3414,517.43,488.87,13.5225
86.325,57.6,4.1094,57.5625,287.01,357.8557,571.8,2.6004,4.58,173.0565,343.11,72.2841,710.08,19.4511,600.18,600.24,9.9837,66.2223,76.7821,2.6004,4.58,11.1287,15.7338,9.1113,173.054,343.11,710.08,72.0282,32.98,46.134,9.595,4.159,12.303,46.038,25.55,14.9072,0.1782,0.1285,0.1311,0.1285,0.209,0.131,0.1979,0.1244,539.4,277.1,360.25,84.63,85.005,85.26,82.275,83.4675,82.0725,43.0202,519.63,520.0,20.3413,517.43,488.87,13.5238
86.4,57.525,4.8141,57.6,287.4825,357.9245,572.0,2.6006,4.5825,173.313,343.11,72.284,710.08,19.4496,600.24,600.24,9.9841,66.2222,76.7809,2.6006,4.5825,11.1287,15.734,9.1113,173.32,343.11,710.08,72.0257,32.98,46.248,9.591,4.176,12.303,46.134,25.627,14.9072,0.1783,0.1285,0.131,0.1285,0.2089,0.131,0.1977,0.1243,539.56,277.1,360.3,84.585,84.9825,85.2225,82.305,83.475,82.035,43.0067,519.75,520.0,20.3412,517.43,488.87,13.5251
86.75,57.6,4.0391,57.525,287.0325,358.3723,571.1,2.6008,4.5825,174.2715,343.11,72.2839,710.08,19.4486,600.24,600.3,9.984,66.2221,76.7794,2.6008,4.5825,11.1257,15.7343,9.1118,174.272,343.14,710.08,72.0738,32.985,46.332,9.586,4.188,12.303,46.248,25.6875,14.9072,0.1784,0.1284,0.131,0.1284,0.209,0.131,0.1976,0.1242,539.68,277.1,360.3,84.5625,85.02,85.2225,82.2675,83.52,82.0425,42.9927,519.87,520.0,20.3411,517.43,488.87,13.5265
86.475,57.6,3.9047,57.5625,287.1,358.4756,571.95,2.6008,4.585,174.393,343.14,72.2832,710.16,19.4469,600.3,600.12,9.984,66.2213,76.7784,2.6008,4.585,11.1277,15.7345,9.1118,174.398,343.14,710.16,72.0719,32.985,46.326,9.582,4.197,12.303,46.332,25.7535,14.9072,0.1784,0.1284,0.1309,0.1284,0.209,0.1309,0.1976,0.1242,539.72,277.1,360.3,84.5625,85.035,85.26,82.275,83.4975,82.0725,42.9857,519.93,520.0,20.3411,517.43,488.87,13.5278
86.675,57.525,4.2766,57.525,286.6725,358.2345,571.4,2.6008,4.585,173.637,343.14,72.2829,710.16,19.4479,600.12,600.12,9.9839,66.221,76.7774,2.6008,4.585,11.1277,15.7348,9.1118,173.642,343.14,710.16,72.0701,32.985,46.26,9.58,4.209,12.303,46.326,25.7975,14.8985,0.1786,0.1284,0.1309,0.1284,0.209,0.1309,0.1977,0.1242,539.76,277.1,360.3,84.57,85.0875,85.23,82.29,83.475,82.0425,42.9822,519.96,520.0,20.341,517.43,488.87,13.5291
86.825,57.6,4.1578,57.5625,287.4375,358.2689,571.8,2.6002,4.585,173.934,343.14,72.2827,710.16,19.4474,600.12,600.12,9.9838,66.2206,76.7786,2.6002,4.585,11.1278,15.735,9.1113,173.936,343.14,710.16,72.1188,32.99,46.212,9.578,4.22,12.302,46.26,25.803,14.8983,0.1786,0.1284,0.1309,0.1284,0.209,0.1309,0.1978,0.1242,539.84,277.1,360.3,84.5325,85.095,85.2525,82.2975,83.4675,81.99,42.9748,520.02,520.0,20.3409,517.43,488.87,13.5305
86.275,57.525,4.6937,57.6,286.65,357.8212,571.8,2.6002,4.585,173.691,343.14,72.283,710.08,19.4469,600.12,600.06,9.9837,66.2211,76.7784,2.6002,4.585,11.1279,15.7353,9.1118,173.684,343.14,710.08,72.1175,32.99,46.128,9.577,4.224,12.302,46.212,25.7865,14.898,0.1786,0.1284,0.131,0.1284,0.209,0.131,0.1979,0.1242,539.88,277.15,360.35,84.495,85.065,85.26,82.275,83.475,82.0125,42.9672,520.08,520.0,20.3408,517.43,488.87,13.5318
86.175,57.6,3.9141,57.6,286.92,357.8901,571.2,2.6002,4.5825,174.123,343.14,72.2829,710.08,19.4471,600.06,600.06,9.9836,66.221,76.7781,2.6002,4.5825,11.128,15.7355,9.1113,174.118,343.14,710.08,72.1163,32.99,46.026,9.578,4.221,12.3,46.128,25.77,14.9063,0.1786,0.1285,0.131,0.1284,0.2092,0.131,0.1979,0.1243,539.92,277.15,360.35,84.495,85.095,85.26,82.275,83.5125,82.0425,42.9632,520.11,520.0,20.3407,517.43,488.87,13.5331
86.325,57.6,4.3156,57.525,286.6725,358.0623,571.25,2.6,4.5825,174.0825,343.14,72.2828,710.08,19.4469,600.06,600.0,9.9835,66.2209,76.7786,2.6,4.5825,11.128,15.7333,9.1113,174.076,343.11,710.08,72.115,32.99,45.888,9.579,4.213,12.3,46.026,25.726,14.9063,0.1785,0.1285,0.1311,0.1285,0.2094,0.131,0.1981,0.1243,539.88,277.15,360.35,84.54,85.125,85.3125,82.29,83.4825,81.99,42.9665,520.08,520.0,20.3407,517.43,488.87,13.5345
86.975,57.525,4.7094,57.6,286.65,357.959,571.5,2.6,4.58,173.7855,343.11,72.2833,710.0,19.4474,600.0,599.94,9.9835,66.2208,76.7786,2.6,4.58,11.1281,15.7325,9.1108,173.796,343.11,710.0,72.1644,32.995,45.72,9.581,4.205,12.3,45.888,25.671,14.9063,0.1785,0.1286,0.1311,0.1286,0.2095,0.1311,0.1982,0.1244,539.88,277.15,360.35,84.5175,85.1475,85.3125,82.3275,83.4975,81.96,42.9661,520.08,520.0,20.3406,517.43,488.87,13.5358
86.75,57.6,4.8219,57.6,287.3025,358.4411,571.55,2.5998,4.575,173.718,343.11,72.2833,710.0,19.4481,599.94,599.82,9.9841,66.2207,76.7794,2.5998,4.575,11.1282,15.7318,9.1102,173.712,343.08,710.0,72.1638,32.995,45.48,9.584,4.195,12.302,45.72,25.5885,14.8977,0.1784,0.1287,0.1312,0.1287,0.2097,0.1312,0.1985,0.1245,539.84,277.15,360.35,84.5775,85.1775,85.3125,82.335,83.505,81.9525,42.9696,520.05,520.0,20.3405,517.43,488.87,13.5371
86.525,57.5625,4.1969,57.5625,287.325,358.0623,571.1,2.5994,4.5725,173.934,343.08,72.2839,709.92,19.4499,599.82,599.7,9.9843,66.2214,76.7811,2.5994,4.5725,11.1283,15.7335,9.1096,173.936,343.05,709.92,72.1632,32.995,45.216,9.589,4.185,12.302,45.48,25.473,14.8974,0.1784,0.1288,0.1314,0.1288,0.21,0.1314,0.1988,0.1246,539.8,277.15,360.4,84.615,85.2075,85.2825,82.3125,83.5125,81.96,42.9769,519.99,520.0,20.3404,517.43,488.87,13.5385
86.975,57.5625,4.6281,57.5625,287.01,357.8212,571.3,2.5992,4.5675,173.6235,343.05,72.2847,709.84,19.4521,599.7,599.64,9.9845,66.2215,76.7826,2.5992,4.5675,11.1284,15.7338,9.1091,173.628,343.02,709.84,72.1625,32.995,44.916,9.595,4.171,12.302,45.216,25.341,14.8972,0.1783,0.1289,0.1315,0.1289,0.2102,0.1314,0.1991,0.1248,539.68,277.15,360.4,84.6,85.2,85.275,82.3125,83.49,81.99,42.9882,519.9,520.0,20.3404,517.43,488.87,13.5398
86.1,57.6,4.2453,57.5625,286.92,358.1312,571.5,2.599,4.565,173.664,343.02,72.2855,709.76,19.4541,599.64,599.52,9.9854,66.2217,76.7843,2.599,4.565,11.1284,15.734,9.1086,173.656,343.02,709.76,72.1619,32.995,44.718,9.602,4.153,12.299,44.916,25.198,14.8969,0.1781,0.1291,0.1316,0.1291,0.2105,0.1316,0.1993,0.1249,539.56,277.2,360.4,84.5625,85.1775,85.32,82.3125,83.5275,81.945,43.0036,519.78,520.0,20.3403,517.43,488.87,13.5411
86.225,57.5625,4.7922,57.525,287.1225,357.9245,571.25,2.5994,4.5625,173.475,343.02,72.2859,709.76,19.4571,599.52,599.7,9.9858,66.2219,76.7841,2.5994,4.5625,11.1285,15.7343,9.1086,173.474,342.99,709.76,72.1613,32.995,44.67,9.609,4.125,12.3,44.718,25.066,14.9052,0.1777,0.1291,0.1317,0.1292,0.2105,0.1317,0.1993,0.125,539.44,277.2,360.4,84.555,85.185,85.3275,82.3575,83.4825,81.915,43.0196,519.66,520.0,20.3402,517.43,488.87,13.5425
86.55,57.6,4.5516,57.6,286.92,357.7179,571.45,2.5994,4.5625,173.8125,342.99,72.2863,709.76,19.4569,599.7,599.76,9.9855,66.2221,76.7848,2.5994,4.5625,11.1286,15.7345,9.1091,173.81,342.99,709.76,72.1607,32.995,44.886,9.614,4.087,12.3,44.67,24.989,14.9052,0.1771,0.129,0.1317,0.1292,0.2103,0.1317,0.1991,0.125,539.36,277.2,360.4,84.5625,85.1775,85.335,82.3725,83.4825,81.9,43.0322,519.57,520.0,20.3401,517.43,488.87,13.5438
86.4,57.525,4.2781,57.6,286.6275,358.5789,571.6,2.5996,4.565,173.6775,342.99,72.2854,709.92,19.4574,599.76,599.94,9.9849,66.2222,76.7848,2.5996,4.565,11.1287,15.7348,9.1096,173.684,342.99,709.92,72.1094,32.99,45.024,9.614,4.045,12.3,44.886,25.022,14.9052,0.1768,0.1289,0.1316,0.1291,0.2102,0.1316,0.199,0.1249,539.24,277.2,360.45,84.57,85.1775,85.3275,82.4025,83.4525,81.8625,43.0452,519.48,520.0,20.3401,517.43,488.87,13.5451
86.025,57.6,4.3422,57.525,287.3025,357.9934,571.5,2.5996,4.565,172.9485,342.99,72.2855,709.92,19.4561,599.94,600.0,9.9848,66.2224,76.7853,2.5996,4.565,11.1288,15.735,9.1096,172.956,343.02,709.92,72.1082,32.99,45.144,9.614,4.025,12.302,45.024,25.077,14.9052,0.1769,0.1289,0.1316,0.129,0.21,0.1315,0.1988,0.1249,539.2,277.2,360.45,84.5475,85.125,85.2975,82.4175,83.475,81.84,43.0548,519.42,520.0,20.34,517.43,488.87,13.5465
86.25,57.5625,4.1047,57.5625,287.5275,357.9934,571.55,2.6,4.5725,174.123,343.02,72.2844,710.08,19.4556,600.0,600.18,9.9847,66.2226,76.7843,2.6,4.5725,11.1288,15.7353,9.1102,174.132,343.05,710.08,72.0563,32.985,45.678,9.612,4.037,12.302,45.144,25.132,14.9052,0.1769,0.1287,0.1314,0.1288,0.2096,0.1314,0.1983,0.1247,539.24,277.2,360.45,84.54,85.14,85.3275,82.365,83.46,81.8775,43.0534,519.45,520.0,20.3399,517.43,488.87,13.5478
86.55,57.5625,4.0625,57.6,287.1675,357.8901,571.1,2.6002,4.5775,173.8395,343.05,72.2837,710.16,19.4534,600.18,600.3,9.9846,66.222,76.7836,2.6002,4.5775,11.1289,15.7355,9.1108,173.838,343.08,710.16,72.0544,32.985,45.942,9.604,4.051,12.302,45.678,25.319,14.9052,0.177,0.1286,0.1312,0.1287,0.2093,0.1312,0.1981,0.1245,539.24,277.25,360.45,84.5025,85.11,85.3125,82.335,83.415,81.93,43.0519,519.48,520.0,20.3398,517.43,488.87,13.5491
86.2,57.5625,4.2578,57.525,286.9875,358.1312,571.35,2.601,4.58,174.393,343.08,72.2828,710.24,19.4511,600.3,600.36,9.9846,66.2219,76.7803,2.601,4.58,11.129,15.7333,9.1118,174.398,343.11,710.24,72.0526,32.985,46.176,9.598,4.078,12.302,45.942,25.495,14.9052,0.1775,0.1285,0.1311,0.1285,0.2091,0.131,0.1978,0.1244,539.32,277.25,360.45,84.5025,85.065,85.2825,82.3125,83.4525,81.96,43.0465,519.54,520.0,20.3398,517.43,488.87,13.5505
86.45,57.6,4.6297,57.5625,286.92,358.51,572.0,2.6008,4.585,173.718,343.11,72.2837,710.08,19.4491,600.36,600.3,9.9845,66.2218,76.7798,2.6008,4.585,11.1291,15.7325,9.1118,173.712,343.14,710.08,72.0507,32.985,46.338,9.59,4.122,12.302,46.176,25.649,14.9052,0.1779,0.1284,0.131,0.1284,0.2089,0.131,0.1976,0.1242,539.4,277.25,360.5,84.4725,85.035,85.2975,82.305,83.49,81.96,43.0408,519.6,520.0,20.3397,517.43,488.87,13.5518
86.175,57.525,4.7453,57.5625,287.1675,358.0967,571.5,2.601,4.5875,173.475,343.14,72.2829,710.16,19.4484,600.3,600.36,9.9836,66.221,76.7781,2.601,4.5875,11.1291,15.7318,9.1124,173.474,343.14,710.16,72.0488,32.985,46.47,9.585,4.166,12.302,46.338,25.77,14.9052,0.1783,0.1283,0.1309,0.1283,0.2087,0.1309,0.1975,0.1241,539.52,277.25,360.5,84.5325,85.08,85.26,82.2825,83.4375,81.9525,43.0274,519.72,520.0,20.3396,517.43,488.87,13.5531
86.1,57.5625,3.8719,57.6,287.4825,357.9934,571.2,2.601,4.5875,173.043,343.14,72.2827,710.16,19.4464,600.36,600.24,9.9833,66.2206,76.7768,2.601,4.5875,11.1292,15.7335,9.1124,173.04,343.17,710.16,72.0469,32.985,46.578,9.579,4.199,12.302,46.47,25.8525,14.9052,0.1785,0.1283,0.1308,0.1283,0.2086,0.1308,0.1974,0.1241,539.68,277.25,360.5,84.57,85.1025,85.2825,82.245,83.43,81.945,43.0097,519.87,520.0,20.3395,517.43,488.87,13.5545
86.25,57.5625,4.6922,57.6,286.83,358.0279,572.0,2.6006,4.59,173.61,343.17,72.2818,710.24,19.4464,600.24,600.24,9.983,66.2203,76.7771,2.6006,4.59,11.1293,15.7338,9.1124,173.6,343.17,710.24,72.045,32.985,46.662,9.574,4.22,12.302,46.578,25.913,14.9052,0.1786,0.1283,0.1308,0.1282,0.2086,0.1307,0.1973,0.124,539.84,277.25,360.5,84.525,85.14,85.275,82.23,83.445,81.9,42.9877,520.05,520.0,20.3395,517.43,488.87,13.5558
86.85,57.6,4.2125,57.6,287.3025,358.4067,572.0,2.6006,4.59,174.096,343.17,72.2814,710.24,19.4454,600.24,600.3,9.9826,66.22,76.7764,2.6006,4.59,11.1294,15.734,9.1124,174.104,343.17,710.24,72.0938,32.99,46.686,9.57,4.231,12.302,46.662,25.9625,14.9052,0.1786,0.1282,0.1307,0.1282,0.2086,0.1307,0.1973,0.124,539.96,277.25,360.55,84.5325,85.1625,85.26,82.245,83.46,81.87,42.9725,520.17,520.0,20.3394,517.43,488.87,13.5571
86.225,57.6,4.3109,57.6,287.3475,357.7523,571.35,2.6006,4.59,173.799,343.17,72.281,710.24,19.4436,600.3,600.24,9.9823,66.2196,76.7756,2.6006,4.59,11.1295,15.7343,9.1124,173.796,343.2,710.24,72.0925,32.99,46.632,9.568,4.241,12.302,46.686,26.001,14.9052,0.1788,0.1282,0.1307,0.1282,0.2086,0.1307,0.1973,0.124,540.04,277.3,360.55,84.5625,85.1775,85.29,82.275,83.4525,81.855,42.9605,520.26,520.0,20.3393,517.43,488.87,13.5585
86.0,57.5625,4.4016,57.5625,286.9875,357.959,572.05,2.6006,4.59,174.096,343.2,72.2807,710.24,19.4431,600.24,600.24,9.982,66.2193,76.7749,2.6006,4.59,11.1295,15.7345,9.1124,174.104,343.2,710.24,72.1419,32.995,46.554,9.566,4.251,12.302,46.632,26.0175,14.9052,0.1788,0.1282,0.1307,0.1282,0.2087,0.1307,0.1974,0.124,540.16,277.3,360.55,84.615,85.2075,85.2375,82.305,83.4675,81.915,42.952,520.32,520.0,20.3392,517.43,488.87,13.5598
86.0,57.6,4.4453,57.5625,286.9875,357.7868,571.85,2.6006,4.59,173.2725,343.2,72.2803,710.24,19.4421,600.24,600.0,9.9816,66.2197,76.7741,2.6006,4.59,11.1296,15.7348,9.1118,173.278,343.17,710.24,72.1413,32.995,46.428,9.565,4.257,12.302,46.554,26.001,14.8966,0.1789,0.1283,0.1308,0.1282,0.2087,0.1307,0.1975,0.124,540.2,277.3,360.55,84.6225,85.2,85.275,82.3575,83.49,81.9075,42.9432,520.38,520.0,20.3391,517.43,488.87,13.5611
86.05,57.525,4.2422,57.5625,286.965,358.4411,572.0,2.6006,4.5875,173.4615,343.17,72.2805,710.16,19.4441,600.0,600.0,9.982,66.2196,76.7734,2.6006,4.5875,11.1297,15.735,9.1113,173.46,343.17,710.16,72.1913,33.0,46.326,9.566,4.256,12.302,46.428,25.968,14.8963,0.1788,0.1283,0.1308,0.1283,0.2088,0.1308,0.1976,0.1241,540.28,277.3,360.55,84.6075,85.23,85.29,82.3875,83.4525,81.9525,42.9341,520.44,520.0,20.3391,517.43,488.87,13.5625
86.15,57.5625,4.2172,57.6,286.6275,358.5444,571.45,2.6,4.5875,173.0835,343.17,72.2803,710.16,19.4441,600.0,599.94,9.982,66.2196,76.7749,2.6,4.5875,11.1298,15.7353,9.1108,173.096,343.17,710.16,72.1913,33.0,46.212,9.566,4.247,12.302,46.326,25.913,14.896,0.1787,0.1284,0.1309,0.1283,0.2089,0.1308,0.1978,0.1241,540.32,277.3,360.55,84.585,85.2525,85.2825,82.4175,83.4675,81.915,42.9248,520.5,520.0,20.339,517.43,488.87,13.5638
86.7,57.6,4.8156,57.6,287.4825,358.3723,571.9,2.5998,4.585,174.015,343.17,72.28,710.16,19.4449,599.94,599.88,9.9819,66.2195,76.7756,2.5998,4.585,11.1298,15.7355,9.1102,174.02,343.14,710.16,72.1913,33.0,46.11,9.568,4.233,12.299,46.212,25.869,14.9044,0.1785,0.1284,0.1309,0.1284,0.2091,0.1309,0.1979,0.1242,540.36,277.3,360.6,84.6,85.2375,85.29,82.4325,83.43,81.9225,42.919,520.53,520.0,20.3389,517.43,488.87,13.5651
86.45,57.525,4.3047,57.525,286.9875,357.9245,571.9,2.5996,4.5825,173.556,343.14,72.2804,710.08,19.4459,599.88,599.82,9.9818,66.2194,76.7766,2.5996,4.5825,11.1299,15.7333,9.1102,173.558,343.14,710.08,72.2419,33.005,45.948,9.571,4.217,12.3,46.11,25.8085,14.9044,0.1784,0.1285,0.131,0.1284,0.2092,0.131,0.198,0.1242,540.32,277.3,360.6,84.615,85.1775,85.3125,82.44,83.3925,81.9075,42.9207,520.5,520.0,20.3388,517.43,488.87,13.5665
86.775,57.525,4.4891,57.6,287.3025,358.0967,572.05,2.5996,4.58,173.259,343.14,72.2803,710.08,19.4471,599.82,599.76,9.9817,66.22,76.7771,2.5996,4.58,11.13,15.7325,9.1096,173.264,343.11,710.08,72.2425,33.005,45.792,9.574,4.204,12.3,45.948,25.748,14.9044,0.1784,0.1285,0.1311,0.1285,0.2094,0.131,0.1982,0.1243,540.28,277.35,360.6,84.645,85.1775,85.3125,82.425,83.385,81.915,42.9224,520.47,520.0,20.3388,517.43,488.87,13.5678
86.125,57.5625,4.5625,57.5625,286.5375,358.4411,571.6,2.5998,4.5775,173.5425,343.11,72.2808,710.0,19.4486,599.76,599.88,9.9824,66.2202,76.7769,2.5998,4.5775,11.1301,15.7318,9.1102,173.544,343.11,710.0,72.2432,33.005,45.612,9.578,4.191,12.301,45.792,25.66,14.9044,0.1783,0.1286,0.1312,0.1286,0.2096,0.1311,0.1984,0.1244,540.24,277.35,360.6,84.5925,85.1475,85.26,82.41,83.43,81.915,42.9243,520.44,520.0,20.3387,517.46,488.87,13.5691
86.1,57.6,3.9031,57.5625,287.01,357.7868,571.25,2.5996,4.575,173.8395,343.11,72.2814,709.92,19.4481,599.88,599.76,9.9826,66.2204,76.7779,2.5996,4.575,11.1302,15.7335,9.1096,173.838,343.08,709.92,72.2438,33.005,45.384,9.582,4.177,12.301,45.612,25.561,14.9044,0.1782,0.1287,0.1313,0.1287,0.2098,0.1312,0.1986,0.1245,540.2,277.35,360.65,84.6,85.1775,85.2375,82.4325,83.415,81.945,42.93,520.38,520.0,20.3386,517.46,488.87,13.5705
86.05,57.5625,4.0062,57.525,286.8525,357.6835,571.6,2.5994,4.57,173.475,343.08,72.2815,709.92,19.4501,599.76,599.7,9.9827,66.2206,76.7791,2.5994,4.57,11.1271,15.7338,9.1096,173.474,343.05,709.92,72.2444,33.005,45.102,9.588,4.163,12.301,45.384,25.4455,14.9044,0.1782,0.1288,0.1314,0.1288,0.2101,0.1314,0.1989,0.1247,540.08,277.35,360.65,84.6225,85.1775,85.2675,82.4325,83.445,81.9825,42.9435,520.26,520.0,20.3385,517.46,488.9,13.5718
86.4,57.5625,4.6984,57.6,287.19,357.8557,571.8,2.5992,4.5675,173.4615,343.05,72.2823,709.84,19.4519,599.7,599.58,9.9829,66.2207,76.7806,2.5992,4.5675,11.1266,15.734,9.1091,173.474,343.02,709.84,72.245,33.005,44.868,9.595,4.149,12.301,45.102,25.308,14.9044,0.1781,0.129,0.1315,0.129,0.2103,0.1315,0.1991,0.1248,539.96,277.35,360.65,84.645,85.215,85.305,82.44,83.475,82.0125,42.9575,520.14,520.0,20.3535,517.46,488.9,13.5731
86.175,57.6,4.6953,57.5625,287.1,358.3723,571.4,2.599,4.565,172.935,343.02,72.2831,709.76,19.4546,599.58,599.76,9.9838,66.2209,76.7824,2.599,4.565,11.1256,15.7343,9.1086,172.928,343.02,709.76,72.2457,33.005,44.856,9.602,4.13,12.301,44.868,25.1705,14.9044,0.1777,0.129,0.1316,0.1291,0.2102,0.1316,0.1991,0.1249,539.8,277.4,360.65,84.66,85.1625,85.2675,82.4325,83.49,81.99,42.9719,520.02,520.0,20.3539,517.46,488.9,13.5745
86.85,57.5625,4.4109,57.5625,286.695,357.7868,571.15,2.5994,4.57,173.799,343.02,72.2829,709.84,19.4541,599.76,599.94,9.9835,66.2211,76.7821,2.5994,4.57,11.1272,15.7345,9.1091,173.796,343.05,709.84,72.1957,33.0,45.468,9.607,4.096,12.301,44.856,25.099,14.9044,0.1768,0.1288,0.1315,0.1289,0.2098,0.1314,0.1985,0.1247,539.72,277.4,360.65,84.69,85.2075,85.2525,82.4625,83.445,81.9525,42.9831,519.93,520.0,20.3543,517.46,488.9,13.5758
86.3,57.6,4.8,57.6,287.5275,358.3723,571.6,2.6002,4.575,173.7585,343.05,72.2825,709.92,19.4529,599.94,600.12,9.9829,66.2205,76.7799,2.6002,4.575,11.1273,15.7348,9.1108,173.768,343.08,709.92,72.1957,33.0,45.834,9.601,4.04,12.301,45.468,25.2585,14.9044,0.1763,0.1286,0.1313,0.1287,0.2094,0.1313,0.1982,0.1245,539.68,277.4,360.7,84.6375,85.1925,85.2225,82.4625,83.43,81.96,42.9909,519.87,520.0,20.3547,517.46,488.9,13.5771
86.275,57.525,4.5797,57.6,286.6275,358.6133,571.45,2.6004,4.58,174.3255,343.08,72.282,710.0,19.4509,600.12,600.18,9.9828,66.2204,76.7789,2.6004,4.58,11.1274,15.735,9.1113,174.314,343.11,710.0,72.145,32.995,46.044,9.595,4.015,12.302,45.834,25.4565,14.9044,0.1766,0.1284,0.1311,0.1286,0.2093,0.1311,0.198,0.1244,539.68,277.4,360.7,84.63,85.2,85.1925,82.44,83.4075,81.93,42.9877,519.9,520.0,20.3552,517.46,488.9,13.5785
86.4,57.6,4.825,57.525,287.2125,358.2,571.7,2.6006,4.5825,174.3255,343.11,72.2814,710.08,19.4496,600.18,600.24,9.9827,66.2203,76.7776,2.6006,4.5825,11.1275,15.7353,9.1118,174.328,343.14,710.08,72.1444,32.995,46.188,9.589,4.05,12.302,46.044,25.616,14.9044,0.1773,0.1284,0.131,0.1285,0.2091,0.131,0.1978,0.1243,539.68,277.4,360.7,84.645,85.1775,85.215,82.44,83.4525,81.9225,42.9881,519.9,520.0,20.3556,517.46,488.9,13.5798
86.475,57.5625,4.3031,57.5625,286.5825,358.2689,571.45,2.6002,4.585,173.8125,343.14,72.2806,710.16,19.4481,600.24,600.24,9.9826,66.2195,76.7784,2.6002,4.585,11.1275,15.7355,9.1118,173.824,343.14,710.16,72.1438,32.995,46.284,9.584,4.114,12.302,46.188,25.7315,14.9044,0.1779,0.1284,0.131,0.1284,0.209,0.131,0.1977,0.1242,539.68,277.4,360.7,84.66,85.125,85.1925,82.38,83.505,81.93,42.9885,519.9,520.0,20.341,517.46,488.9,13.5811
86.95,57.6,4.5531,57.5625,287.19,357.8901,571.35,2.6004,4.585,173.9475,343.14,72.2804,710.16,19.4471,600.24,600.12,9.9826,66.2191,76.7774,2.6004,4.585,11.1276,15.7333,9.1118,173.95,343.14,710.16,72.1432,32.995,46.344,9.58,4.17,12.302,46.284,25.814,14.9044,0.1784,0.1284,0.1309,0.1283,0.209,0.1309,0.1977,0.1242,539.76,277.4,360.7,84.69,85.11,85.1925,82.365,83.4675,81.915,42.9814,519.96,520.0,20.3409,517.46,488.9,13.5825
86.25,57.6,4.4281,57.525,287.28,358.6478,572.0,2.6004,4.5875,173.637,343.14,72.2801,710.16,19.4476,600.12,600.12,9.9825,66.2188,76.7769,2.6004,4.5875,11.1277,15.7325,9.1118,173.642,343.14,710.16,72.1425,32.995,46.35,9.577,4.204,12.302,46.344,25.858,14.9044,0.1785,0.1284,0.1309,0.1283,0.2089,0.1309,0.1976,0.1241,539.84,277.45,360.7,84.6525,85.155,85.215,82.395,83.43,81.9675,42.974,520.02,520.0,20.3408,517.46,488.9,13.5838
86.775,57.5625,4.5656,57.5625,286.65,358.5789,571.55,2.6004,4.585,173.718,343.14,72.2799,710.16,19.4471,600.12,600.12,9.9824,66.2192,76.7764,2.6004,4.585,11.1278,15.7318,9.1113,173.712,343.14,710.16,72.1925,33.0,46.332,9.575,4.218,12.302,46.35,25.8745,14.9044,0.1786,0.1284,0.1309,0.1283,0.2089,0.1309,0.1977,0.1242,539.92,277.45,360.75,84.6075,85.155,85.1775,82.4325,83.4375,81.93,42.9627,520.11,520.0,20.3407,517.46,488.9,13.5851
86.2,57.6,4.4875,57.525,287.1225,357.959,571.85,2.6004,4.585,173.259,343.14,72.2796,710.16,19.4466,600.12,600.12,9.9823,66.2191,76.7758,2.6004,4.585,11.1279,15.7335,9.1108,173.264,343.14,710.16,72.1925,33.0,46.266,9.574,4.222,12.303,46.332,25.869,14.9044,0.1786,0.1284,0.1309,0.1283,0.2089,0.1309,0.1977,0.1242,539.96,277.45,360.75,84.5925,85.1625,85.1775,82.41,83.4,81.96,42.9547,520.17,520.0,20.3407,517.46,488.9,13.5865
86.775,57.6,4.2312,57.5625,287.19,357.8901,571.35,2.6002,4.585,174.0285,343.14,72.2794,710.16,19.4461,600.12,600.06,9.9822,66.2191,76.7761,2.6002,4.585,11.1279,15.7338,9.1108,174.034,343.14,710.16,72.1925,33.0,46.206,9.574,4.221,12.303,46.266,25.847,14.9044,0.1785,0.1284,0.1309,0.1284,0.209,0.1309,0.1978,0.1242,540.04,277.45,360.75,84.555,85.17,85.2225,82.38,83.4525,81.975,42.9465,520.23,520.0,20.3406,517.46,488.9,13.5878
86.05,57.525,4.3859,57.6,286.7625,358.51,571.4,2.6002,4.5825,173.907,343.14,72.2804,710.0,19.4464,600.06,600.06,9.9821,66.219,76.7758,2.6002,4.5825,11.128,15.734,9.1108,173.908,343.14,710.0,72.1925,33.0,46.08,9.575,4.217,12.303,46.206,25.814,14.913,0.1785,0.1285,0.131,0.1284,0.2092,0.131,0.1979,0.1242,540.04,277.45,360.8,84.6,85.1175,85.2075,82.4175,83.46,81.945,42.9456,520.23,520.0,20.3405,517.46,488.9,13.5891
86.475,57.525,4.8109,57.5625,287.37,358.6133,571.75,2.6,4.5825,174.2985,343.14,72.281,709.92,19.4461,600.06,600.0,9.9821,66.2196,76.7764,2.6,4.5825,11.1281,15.7343,9.1102,174.3,343.11,709.92,72.2432,33.005,45.936,9.577,4.212,12.303,46.08,25.7755,14.9133,0.1785,0.1285,0.131,0.1285,0.2094,0.131,0.1981,0.1243,540.04,277.45,360.8,84.615,85.1625,85.2525,82.4025,83.4375,81.93,42.9447,520.23,520.0,20.3404,517.46,488.9,13.5905
86.875,57.6,4.1578,57.525,287.37,357.7179,571.25,2.6,4.58,173.0835,343.11,72.2811,709.92,19.4466,600.0,599.94,9.982,66.2198,76.7764,2.6,4.58,11.1282,15.7345,9.1102,173.082,343.11,709.92,72.2438,33.005,45.744,9.579,4.206,12.303,45.936,25.7095,14.9049,0.1785,0.1286,0.1311,0.1286,0.2094,0.1311,0.1983,0.1244,540.0,277.5,360.8,84.66,85.1325,85.29,82.41,83.4825,81.9375,42.9512,520.17,520.0,20.3403,517.46,488.9,13.5918
86.875,57.6,4.1578,57.525,287.37,357.7179,571.25,2.6,4.58,173.0835,343.11,72.2813,709.92,19.4474,599.94,599.94,9.9819,66.22,76.7764,2.6,4.58,11.1282,15.7348,9.1102,173.082,343.11,709.92,72.2444,33.005,45.744,9.579,4.206,12.303,45.744,25.7095,14.9049,0.1785,0.1286,0.1311,0.1286,0.2094,0.1311,0.1983,0.1244,540.0,277.5,360.8,84.66,85.1325,85.29,82.41,83.4825,81.9375,42.9468,520.2,520.0,20.3403,517.46,488.9,13.5931
86.875,57.6,4.1578,57.525,287.37,357.7179,571.25,2.6,4.58,173.0835,343.11,72.2814,709.92,19.4476,599.94,599.94,9.9818,66.2201,76.7764,2.6,4.58,11.1283,15.735,9.1102,173.082,343.11,709.92,72.245,33.005,45.744,9.579,4.206,12.303,45.744,25.7095,14.9049,0.1785,0.1286,0.1311,0.1286,0.2094,0.1311,0.1983,0.1244,540.0,277.5,360.8,84.66,85.1325,85.29,82.41,83.4825,81.9375,42.946,520.2,520.0,20.3402,517.46,488.9,13.5945
86.875,57.6,4.1578,57.525,287.37,357.7179,571.25,2.6,4.58,173.0835,343.11,72.2815,709.92,19.4479,599.94,599.94,9.9817,66.2203,76.7764,2.6,4.58,11.1284,15.7353,9.1102,173.082,343.11,709.92,72.2457,33.005,45.744,9.579,4.206,12.303,45.744,25.7095,14.9049,0.1785,0.1286,0.1311,0.1286,0.2094,0.1311,0.1983,0.1244,540.0,277.5,360.8,84.66,85.1325,85.29,82.41,83.4825,81.9375,42.9452,520.2,520.0,20.3401,517.46,488.9,13.5958
86.925,57.6,3.9453,57.5625,286.9425,358.3723,571.6,2.5998,4.5775,173.691,343.11,72.281,710.0,19.4481,599.94,599.88,9.9824,66.2205,76.7771,2.5998,4.5775,11.1285,15.7355,9.1102,173.684,343.08,710.0,72.2463,33.005,45.594,9.583,4.198,12.305,45.744,25.6215,14.9049,0.1784,0.1287,0.1312,0.1287,0.2096,0.1312,0.1984,0.1245,540.0,277.5,360.8,84.675,85.1175,85.29,82.425,83.49,81.9,42.9444,520.2,520.0,20.34,517.46,488.9,13.5971
86.425,57.525,4.3922,57.6,286.92,357.8212,571.95,2.5996,4.5725,173.448,343.08,72.2816,709.92,19.4491,599.88,599.76,9.9826,66.2199,76.7781,2.5996,4.5725,11.1286,15.7333,9.1102,173.446,343.08,709.92,72.2469,33.005,45.366,9.586,4.183,12.304,45.594,25.517,14.9049,0.1783,0.1288,0.1313,0.1288,0.2098,0.1313,0.1986,0.1246,539.96,277.5,360.8,84.66,85.14,85.335,82.455,83.46,81.915,42.9511,520.14,520.0,20.34,517.46,488.9,13.5985
86.275,57.5625,4.1844,57.5625,286.74,358.6478,571.3,2.5994,4.57,174.1365,343.08,72.2824,709.84,19.4511,599.76,599.7,9.9827,66.2206,76.7794,2.5994,4.57,11.1286,15.7325,9.1096,174.132,343.05,709.84,72.2476,33.005,45.15,9.592,4.167,12.302,45.366,25.418,14.9049,0.1782,0.1289,0.1314,0.1289,0.2102,0.1314,0.1988,0.1247,539.88,277.5,360.85,84.6375,85.125,85.29,82.4175,83.4825,81.945,42.958,520.08,520.0,20.3399,517.46,488.9,13.5998
86.0,57.6375,4.0281,57.5625,287.4825,357.9245,571.3,2.5992,4.5675,173.853,343.05,72.2826,709.84,19.4529,599.7,599.58,9.9836,66.2207,76.7809,2.5992,4.5675,11.1287,15.7318,9.1086,173.852,343.02,709.84,72.2482,33.005,44.844,9.598,4.149,12.302,45.15,25.3025,14.9049,0.1781,0.129,0.1316,0.129,0.2104,0.1315,0.1992,0.1249,539.76,277.55,360.85,84.63,85.1775,85.3125,82.41,83.52,81.9975,42.9727,519.96,520.0,20.3398,517.46,488.9,13.6011
86.5,57.6,4.2641,57.6375,287.3925,357.6835,571.7,2.5988,4.5625,174.204,343.02,72.2835,709.76,19.4556,599.58,599.64,9.9841,66.2216,76.7834,2.5988,4.5625,11.1288,15.7335,9.1074,174.202,342.99,709.76,72.2488,33.005,44.568,9.606,4.133,12.303,44.844,25.1595,14.9049,0.178,0.1291,0.1317,0.1292,0.2107,0.1317,0.1994,0.125,539.6,277.55,360.85,84.5925,85.185,85.3425,82.3875,83.535,81.9825,42.9917,519.81,520.0,20.3397,517.46,488.9,13.6025
86.35,57.525,4.625,57.6,287.37,358.4756,571.9,2.5986,4.5575,173.826,342.99,72.2845,709.68,19.4566,599.64,599.52,9.9845,66.2221,76.7856,2.5986,4.5575,11.1289,15.7338,9.1074,173.824,342.96,709.68,72.2494,33.005,44.274,9.613,4.112,12.303,44.568,25.0055,14.9049,0.1778,0.1293,0.1319,0.1293,0.211,0.1318,0.1997,0.1252,539.4,277.55,360.9,84.6225,85.185,85.35,82.3575,83.4825,81.9525,43.015,519.63,520.0,20.3397,517.46,488.9,13.6038
86.95,57.525,4.4031,57.5625,286.7175,358.51,572.0,2.599,4.555,173.0295,342.96,72.2856,709.6,19.4596,599.52,599.7,9.9849,66.2225,76.7859,2.599,4.555,11.1289,15.734,9.108,173.026,342.96,709.6,72.1994,33.0,44.406,9.622,4.087,12.303,44.274,24.846,14.9049,0.1773,0.1293,0.1319,0.1294,0.2107,0.1318,0.1996,0.1252,539.2,277.55,360.9,84.615,85.155,85.3275,82.32,83.49,81.9825,43.039,519.45,520.0,20.3546,517.46,488.9,13.6051
86.875,57.525,4.3672,57.525,286.8075,357.8557,571.2,2.5994,4.5625,173.1375,342.96,72.285,709.76,19.4594,599.7,600.06,9.9846,66.2221,76.7856,2.5994,4.5625,11.129,15.7343,9.1091,173.138,342.99,709.76,72.1994,33.0,45.342,9.625,4.043,12.303,44.406,24.8075,14.9049,0.1762,0.1289,0.1317,0.1291,0.2098,0.1317,0.1987,0.1249,539.12,277.55,360.9,84.5925,85.11,85.305,82.3275,83.535,81.9675,43.0525,519.36,520.0,20.355,517.46,488.9,13.6065
86.4,57.6,4.325,57.6,287.5275,358.0623,571.95,2.6006,4.575,173.826,342.99,72.2841,709.92,19.4561,600.06,600.36,9.984,66.2216,76.7819,2.6006,4.575,11.1291,15.7345,9.1113,173.824,343.05,709.92,72.1488,32.995,46.08,9.615,3.974,12.303,45.342,25.077,14.9136,0.1755,0.1285,0.1314,0.1288,0.2092,0.1314,0.1979,0.1246,539.16,277.6,360.9,84.615,85.11,85.275,82.3275,83.5725,81.93,43.0514,519.39,520.0,20.3554,517.46,488.9,13.6078
86.15,57.525,3.9344,57.6,286.83,358.0967,572.05,2.6012,4.585,173.8665,343.05,72.2817,710.24,19.4521,600.36,600.6,9.9831,66.2215,76.7789,2.6012,4.585,11.1292,15.7348,9.1124,173.866,343.14,710.24,72.0975,32.99,46.722,9.601,3.948,12.303,46.08,25.4345,14.9138,0.1758,0.1282,0.131,0.1284,0.2086,0.131,0.1973,0.1242,539.28,277.6,360.95,84.6075,85.1325,85.2825,82.29,83.565,81.9375,43.0426,519.48,520.0,20.3559,517.43,488.87,13.6091
86.25,57.5625,4.4641,57.6,287.1675,357.9934,571.35,2.6018,4.595,174.1905,343.14,72.2807,710.32,19.4476,600.6,600.78,9.9821,66.2206,76.7751,2.6018,4.595,11.1293,15.735,9.114,174.188,343.2,710.32,72.0963,32.99,47.28,9.586,4.003,12.303,46.722,25.8085,14.9141,0.1767,0.128,0.1307,0.1281,0.208,0.1306,0.1967,0.1239,539.44,277.6,360.95,84.585,85.1325,85.2375,82.2525,83.5725,81.96,43.0221,519.66,520.0,20.3412,517.43,488.87,13.6105
86.325,57.6,4.2859,57.5625,286.74,358.5789,572.0,2.602,4.6025,174.555,343.2,72.2796,710.4,19.4429,600.78,600.78,9.9815,66.2196,76.7721,2.602,4.6025,11.1293,15.7353,9.1146,174.552,343.26,710.4,72.095,32.99,47.712,9.57,4.103,12.305,47.28,26.144,14.9058,0.1777,0.1278,0.1304,0.1278,0.2077,0.1303,0.1963,0.1236,539.64,277.6,360.95,84.57,85.1025,85.2,82.245,83.5275,81.9825,42.9972,519.87,520.0,20.3412,517.43,488.87,13.6118
86.7,57.525,3.9703,57.525,286.83,357.7868,571.3,2.6018,4.6075,174.042,343.26,72.2777,710.56,19.4396,600.78,600.72,9.9809,66.2182,76.7704,2.6018,4.6075,11.1294,15.7355,9.1146,174.048,343.29,710.56,72.0938,32.99,47.988,9.556,4.2,12.305,47.712,26.43,14.9058,0.1785,0.1276,0.1302,0.1276,0.2073,0.1302,0.196,0.1234,539.88,277.6,360.95,84.6075,85.0725,85.23,82.26,83.5425,82.005,42.9714,520.08,520.0,20.3411,517.43,488.87,13.6131
86.075,57.5625,3.9641,57.6,286.5375,357.7179,571.65,2.602,4.6125,173.8125,343.29,72.2762,710.64,19.4371,600.72,600.66,9.9796,66.2174,76.7674,2.602,4.6125,11.1295,15.7333,9.1151,173.81,343.32,710.64,72.1432,32.995,48.162,9.543,4.276,12.305,47.988,26.6445,14.9058,0.179,0.1275,0.13,0.1274,0.207,0.13,0.1958,0.1232,540.16,277.6,360.95,84.6525,85.095,85.2825,82.215,83.535,82.05,42.9373,520.35,520.0,20.341,517.43,488.87,13.6145
86.975,57.6,4.7094,57.525,286.83,358.4756,571.3,2.6016,4.615,174.2175,343.32,72.2765,710.48,19.4349,600.66,600.54,9.9787,66.2173,76.7664,2.6016,4.615,11.1296,15.7325,9.1146,174.216,343.35,710.48,72.1425,32.995,48.216,9.533,4.329,12.304,48.162,26.7875,14.9058,0.1794,0.1275,0.1299,0.1274,0.207,0.1299,0.1958,0.1231,540.44,277.6,361.0,84.66,85.1025,85.26,82.2225,83.49,82.005,42.902,520.62,520.0,20.3409,517.46,488.87,13.6158
86.075,57.5625,4.6922,57.6,287.3925,358.3378,571.0,2.6018,4.615,174.2445,343.35,72.2751,710.56,19.4336,600.54,600.54,9.9779,66.2167,76.7636,2.6018,4.615,11.1296,15.7318,9.1151,174.244,343.35,710.56,72.1925,33.0,48.162,9.526,4.363,12.304,48.216,26.8645,14.9058,0.1796,0.1275,0.1299,0.1273,0.2071,0.1298,0.1958,0.1231,540.64,277.65,361.0,84.645,85.155,85.3125,82.23,83.4375,81.99,42.8732,520.83,520.0,20.3409,517.46,488.87,13.6171
86.475,57.5625,3.8578,57.6,287.3925,358.5444,571.0,2.6012,4.615,173.583,343.35,72.2749,710.48,19.4314,600.54,600.3,9.9778,66.2162,76.7636,2.6012,4.615,11.1297,15.7329,9.1146,173.586,343.35,710.48,72.2432,33.005,48.018,9.521,4.386,12.303,48.162,26.9085,14.9058,0.1798,0.1275,0.1299,0.1273,0.2072,0.1298,0.196,0.1231,540.84,277.65,361.0,84.63,85.1475,85.3275,82.215,83.43,81.96,42.8473,521.01,520.0,20.3408,517.46,488.9,13.6185
86.525,57.525,4.7344,57.6,287.4375,358.0623,571.25,2.6012,4.615,174.0285,343.35,72.2741,710.48,19.4321,600.3,600.24,9.978,66.2156,76.7621,2.6012,4.615,11.1298,15.7329,9.114,174.02,343.35,710.48,72.2944,33.01,47.838,9.518,4.401,12.303,48.018,26.8975,14.9058,0.1799,0.1276,0.1299,0.1274,0.2074,0.1299,0.1961,0.1232,541.04,277.65,361.0,84.615,85.1175,85.305,82.23,83.445,81.9675,42.8207,521.19,520.0,20.3407,517.46,488.9,13.6198
86.925,57.5625,4.35,57.5625,287.01,357.8212,571.4,2.6004,4.6125,173.583,343.35,72.2734,710.48,19.4316,600.24,600.12,9.9776,66.215,76.7636,2.6004,4.6125,11.1299,15.7329,9.1129,173.586,343.32,710.48,72.3463,33.015,47.58,9.517,4.403,12.303,47.838,26.8425,14.9058,0.1799,0.1276,0.13,0.1275,0.2076,0.13,0.1964,0.1232,541.16,277.65,361.05,84.6,85.125,85.3575,82.2,83.445,81.9825,42.8008,521.31,520.0,20.3406,517.46,488.9,13.6211
86.775,57.525,4.625,57.525,287.37,358.2345,571.65,2.6002,4.6075,174.096,343.32,72.2745,710.24,19.4321,600.12,600.06,9.9773,66.2144,76.7639,2.6002,4.6075,11.13,15.7329,9.1124,174.09,343.29,710.24,72.3988,33.02,47.292,9.519,4.395,12.303,47.58,26.749,14.9058,0.1798,0.1277,0.1301,0.1276,0.2079,0.1301,0.1967,0.1234,541.24,277.65,361.05,84.5625,85.14,85.3275,82.2075,83.4225,81.99,42.7843,521.4,520.0,20.3406,517.49,488.9,13.6225
86.15,57.5625,4.0312,57.525,286.965,358.4411,571.35,2.6,4.6025,174.1905,343.29,72.2747,710.16,19.4324,600.06,599.88,9.9777,66.2146,76.7644,2.6,4.6025,11.13,15.7329,9.1118,174.202,343.26,710.16,72.4519,33.025,46.932,9.523,4.378,12.302,47.292,26.6225,14.9058,0.1797,0.1279,0.1303,0.1277,0.2083,0.1302,0.197,0.1235,541.24,277.65,361.05,84.6,85.095,85.305,82.2525,83.4,81.9825,42.7786,521.4,520.0,20.3405,517.49,488.93,13.6238
86.775,57.6,4.2234,57.525,286.56,358.1656,571.35,2.5996,4.5975,173.745,343.26,72.2751,710.08,19.4344,599.88,599.76,9.9776,66.215,76.7659,2.5996,4.5975,11.1301,15.7335,9.1102,173.74,343.23,710.08,72.5057,33.03,46.518,9.529,4.355,12.302,46.932,26.463,14.8972,0.1795,0.128,0.1305,0.1279,0.2086,0.1305,0.1974,0.1237,541.2,277.65,361.05,84.615,85.095,85.35,82.245,83.4075,81.9975,42.7805,521.34,520.0,20.3404,517.49,488.93,13.6251
86.175,57.525,4.05,57.6375,287.01,358.3723,571.85,2.5992,4.5925,173.6775,343.23,72.2756,710.0,19.4364,599.76,599.58,9.9783,66.2149,76.7679,2.5992,4.5925,11.1271,15.7338,9.1096,173.684,343.2,710.0,72.5094,33.03,46.104,9.538,4.326,12.302,46.518,26.265,14.8969,0.1792,0.1282,0.1307,0.1281,0.2091,0.1306,0.1979,0.1239,541.12,277.65,361.05,84.585,85.0575,85.3125,82.2675,83.37,82.005,42.7863,521.25,520.0,20.3403,517.49,488.93,13.6265
86.125,57.6,4.6625,57.525,286.8525,358.5444,571.05,2.5988,4.585,172.773,343.2,72.2769,709.84,19.4396,599.58,599.4,9.9785,66.2156,76.7704,2.5988,4.585,11.1259,15.734,9.1086,172.774,343.14,709.84,72.5638,33.035,45.57,9.547,4.288,12.302,46.104,26.0395,14.8966,0.1789,0.1285,0.1309,0.1284,0.2095,0.1309,0.1984,0.1242,541.0,277.7,361.05,84.6075,85.0575,85.3275,82.32,83.4225,82.0425,42.7963,521.13,520.0,20.3403,517.52,488.93,13.6278
86.375,57.525,4.4172,57.6,286.6725,357.7179,571.6,2.5988,4.5775,173.205,343.14,72.2771,709.84,19.4436,599.4,599.4,9.9794,66.2158,76.7719,2.5988,4.5775,11.1247,15.7343,9.1091,173.208,343.08,709.84,72.5682,33.035,45.156,9.56,4.246,12.3,45.57,25.7755,14.9049,0.1785,0.1287,0.1312,0.1286,0.21,0.1312,0.1988,0.1245,540.88,277.7,361.1,84.6225,85.065,85.3425,82.3425,83.4525,82.0575,42.803,521.04,520.0,20.3402,517.52,488.93,13.6291
86.175,57.525,4.2797,57.525,286.875,358.3034,571.35,2.5984,4.57,172.8675,343.08,72.278,709.76,19.4461,599.4,599.22,9.9798,66.2167,76.7749,2.5984,4.57,11.1267,15.7345,9.1074,172.872,343.05,709.76,72.5725,33.035,44.772,9.573,4.194,12.3,45.156,25.517,14.9049,0.178,0.1289,0.1314,0.1289,0.2103,0.1314,0.1992,0.1247,540.68,277.7,361.1,84.63,85.08,85.3575,82.3875,83.4075,82.035,42.8251,520.83,520.0,20.3401,517.52,488.96,13.6305
86.1,57.525,4.3609,57.6,286.965,358.3034,571.5,2.5988,4.5675,173.961,343.05,72.279,709.68,19.4509,599.22,599.46,9.9802,66.2171,76.7754,2.5988,4.5675,11.1268,15.7348,9.108,173.964,343.02,709.68,72.5769,33.035,44.976,9.586,4.136,12.3,44.772,25.286,14.9049,0.1771,0.1288,0.1315,0.1289,0.2102,0.1314,0.199,0.1248,540.48,277.7,361.1,84.645,85.1175,85.3575,82.3425,83.3925,82.0125,42.8443,520.65,520.0,20.34,517.52,488.96,13.6318
86.975,57.6,4.6297,57.6,286.83,358.1656,571.95,2.5988,4.5675,173.421,343.02,72.2795,709.68,19.4511,599.46,599.64,9.9806,66.2175,76.7769,2.5988,4.5675,11.13,15.735,9.108,173.418,343.02,709.68,72.5307,33.03,44.97,9.591,4.06,12.301,44.976,25.231,14.9049,0.1764,0.1288,0.1315,0.1289,0.2102,0.1315,0.199,0.1248,540.24,277.7,361.1,84.6225,85.0725,85.38,82.305,83.355,81.99,42.8718,520.41,520.0,20.3399,517.52,488.96,13.6331
86.55,57.5625,4.3187,57.6,286.8975,357.6146,571.8,2.5988,4.5675,174.258,343.02,72.28,709.68,19.4511,599.64,599.76,9.9811,66.2179,76.7784,2.5988,4.5675,11.1282,15.7353,9.108,174.258,343.02,709.68,72.4838,33.025,44.952,9.595,4.007,12.302,44.97,25.2255,14.9049,0.1763,0.1288,0.1315,0.129,0.2103,0.1315,0.1991,0.1248,540.04,277.75,361.15,84.5925,85.0275,85.425,82.335,83.3925,81.9525,42.8889,520.26,520.0,20.3399,517.52,488.96,13.6345
86.55,57.5625,4.0141,57.5625,287.1675,357.6835,571.75,2.5992,4.5675,173.6235,343.02,72.2805,709.68,19.4511,599.76,599.7,9.9815,66.2183,76.7784,2.5992,4.5675,11.1282,15.7355,9.108,173.628,343.02,709.68,72.4869,33.025,44.808,9.598,3.999,12.302,44.952,25.209,14.9049,0.1767,0.1289,0.1316,0.129,0.2104,0.1315,0.1992,0.1248,539.84,277.75,361.15,84.5475,84.99,85.365,82.3125,83.3775,81.96,42.9141,520.05,520.0,20.3398,517.52,488.96,13.6358
86.425,57.6,4.3906,57.5625,286.83,357.9934,571.65,2.599,4.565,174.15,343.02,72.2816,709.6,19.4529,599.7,599.64,9.9819,66.2188,76.7801,2.599,4.565,11.1258,15.7333,9.108,174.146,343.02,709.6,72.4394,33.02,44.688,9.604,4.025,12.302,44.808,25.1595,14.9049,0.1772,0.129,0.1316,0.1291,0.2106,0.1316,0.1993,0.1249,539.68,277.75,361.15,84.555,85.05,85.3125,82.3425,83.355,81.96,42.9365,519.87,520.0,20.3397,517.52,488.96,13.6371
86.075,57.5625,4.2234,57.5625,286.9425,357.8212,571.1,2.5988,4.5625,173.718,343.02,72.281,709.76,19.4549,599.64,599.58,9.9823,66.2192,76.7821,2.5988,4.5625,11.1274,15.7325,9.1074,173.712,342.99,709.76,72.3913,33.015,44.502,9.608,4.053,12.303,44.688,25.088,14.9049,0.1775,0.1291,0.1317,0.1292,0.2107,0.1317,0.1995,0.125,539.48,277.75,361.15,84.5325,85.05,85.2825,82.365,83.3925,81.9975,42.9596,519.69,520.0,20.3396,517.52,488.96,13.6385
86.825,57.5625,4.6922,57.5625,286.83,358.0623,571.3,2.5986,4.5575,174.015,342.99,72.282,709.68,19.4571,599.58,599.52,9.9827,66.2196,76.7844,2.5986,4.5575,11.1275,15.7318,9.1069,174.02,342.96,709.68,72.3932,33.015,44.364,9.615,4.067,12.303,44.502,24.9945,14.9049,0.1775,0.1292,0.1318,0.1293,0.211,0.1318,0.1997,0.1251,539.32,277.75,361.15,84.54,85.05,85.2975,82.4025,83.43,82.0425,42.9834,519.51,520.0,20.3396,517.52,488.96,13.6398
86.875,57.6,4.675,57.6,286.83,357.649,571.8,2.599,4.555,173.2185,342.96,72.2831,709.6,19.4596,599.52,599.46,9.9831,66.2208,76.7846,2.599,4.555,11.1276,15.7335,9.1074,173.222,342.96,709.6,72.3444,33.01,44.22,9.62,4.061,12.303,44.364,24.901,14.9135,0.1773,0.1293,0.1319,0.1294,0.211,0.1318,0.1998,0.1252,539.12,277.75,361.15,84.6,85.0875,85.3275,82.3875,83.445,82.0875,43.0079,519.33,520.0,20.3395,517.52,488.96,13.6411
86.725,57.6,4.425,57.5625,286.965,357.6835,571.95,2.5992,4.56,174.015,342.96,72.2831,709.68,19.4624,599.46,599.88,9.9828,66.2207,76.7851,2.5992,4.56,11.1276,15.7338,9.108,174.02,342.99,709.68,72.3457,33.01,44.94,9.627,4.043,12.304,44.22,24.813,14.9138,0.1765,0.129,0.1318,0.1292,0.2104,0.1318,0.1991,0.1251,538.96,277.75,361.2,84.57,85.0875,85.305,82.335,83.4525,82.11,43.0256,519.21,520.0,20.3394,517.52,488.96,13.6425
86.225,57.525,4.3016,57.5625,287.235,357.8901,571.6,2.5996,4.5675,173.61,342.99,72.2824,709.84,19.4594,599.88,600.06,9.983,66.2211,76.7846,2.5996,4.5675,11.1277,15.734,9.1091,173.614,343.02,709.84,72.2963,33.005,45.384,9.62,3.992,12.304,44.94,24.9835,14.9141,0.1759,0.1288,0.1316,0.129,0.2098,0.1315,0.1987,0.1248,538.92,277.8,361.2,84.585,85.1025,85.2675,82.3575,83.4675,82.065,43.0363,519.15,520.0,20.3393,517.52,488.93,13.6438
86.25,57.5625,4.6734,57.525,286.7625,358.5789,571.2,2.6,4.5725,174.0285,343.02,72.282,709.92,19.4576,600.06,600.36,9.9824,66.2208,76.7836,2.6,4.5725,11.1278,15.7343,9.1102,174.034,343.05,709.92,72.2463,33.0,45.714,9.613,3.962,12.307,45.384,25.198,14.9144,0.1761,0.1286,0.1314,0.1288,0.2096,0.1314,0.1983,0.1246,538.92,277.8,361.2,84.6375,85.1475,85.32,82.3875,83.475,82.08,43.036,519.18,520.0,20.3393,517.49,488.93,13.6451
86.7,57.6,4.5594,57.6,286.83,358.3034,571.05,2.6008,4.575,173.9475,343.05,72.2815,710.0,19.4536,600.36,600.24,9.9823,66.2202,76.7806,2.6008,4.575,11.1279,15.7345,9.1113,173.95,343.08,710.0,72.2463,33.0,45.864,9.605,3.996,12.307,45.714,25.396,14.9147,0.177,0.1286,0.1312,0.1287,0.2094,0.1312,0.1982,0.1245,539.0,277.8,361.2,84.66,85.1025,85.3575,82.335,83.4525,82.0275,43.0356,519.21,520.0,20.3392,517.49,488.93,13.6465
86.125,57.6,3.9531,57.5625,287.1225,358.4067,572.05,2.6004,4.58,173.475,343.08,72.2815,710.0,19.4536,600.24,600.3,9.9822,66.2201,76.7811,2.6004,4.58,11.128,15.7348,9.1113,173.474,343.11,710.0,72.1957,32.995,45.99,9.6,4.071,12.307,45.864,25.528,14.9149,0.1778,0.1285,0.1311,0.1286,0.2093,0.1311,0.1981,0.1244,539.08,277.8,361.2,84.6375,85.125,85.3425,82.305,83.4375,82.0425,43.0275,519.3,520.0,20.3391,517.49,488.93,13.6478
86.75,57.6,4.0797,57.5625,286.605,358.1656,571.25,2.6006,4.58,173.9475,343.11,72.2809,710.08,19.4519,600.3,600.18,9.9821,66.22,76.7799,2.6006,4.58,11.128,15.735,9.1113,173.95,343.11,710.08,72.195,32.995,46.104,9.595,4.141,12.307,45.99,25.6215,14.9152,0.1783,0.1285,0.1311,0.1285,0.2092,0.131,0.1979,0.1244,539.16,277.8,361.25,84.5925,85.1475,85.3125,82.275,83.4075,82.0275,43.0153,519.42,520.0,20.339,517.49,488.93,13.6491
86.275,57.5625,4.4,57.525,287.1675,358.5444,571.8,2.6006,4.5825,173.4075,343.11,72.2808,710.08,19.4521,600.18,600.18,9.9821,66.2199,76.7791,2.6006,4.5825,11.1281,15.7353,9.1113,173.418,343.14,710.08,72.1944,32.995,46.152,9.59,4.183,12.307,46.104,25.682,14.9155,0.1784,0.1285,0.131,0.1285,0.209,0.131,0.1979,0.1243,539.28,277.8,361.25,84.5475,85.185,85.275,82.2975,83.4675,82.0575,43.0063,519.51,520.0,20.339,517.49,488.93,13.6505
86.8,57.5625,4.625,57.5625,286.65,357.7868,571.1,2.6006,4.5825,173.4075,343.14,72.2806,710.08,19.4514,600.18,600.24,9.982,66.2199,76.7784,2.6006,4.5825,11.1282,15.7355,9.1118,173.404,343.14,710.08,72.2444,33.0,46.182,9.587,4.201,12.307,46.152,25.726,14.9158,0.1785,0.1285,0.131,0.1284,0.209,0.131,0.1979,0.1243,539.4,277.85,361.25,84.5175,85.1325,85.23,82.32,83.4825,82.0125,42.9933,519.63,520.0,20.3389,517.49,488.93,13.6518
86.475,57.525,4.7797,57.6,287.415,358.1656,571.85,2.6002,4.5825,173.934,343.14,72.2805,710.08,19.4499,600.24,600.24,9.9819,66.2198,76.7791,2.6002,4.5825,11.1283,15.7333,9.1113,173.936,343.14,710.08,72.2444,33.0,46.17,9.585,4.207,12.308,46.182,25.737,14.9074,0.1785,0.1285,0.131,0.1284,0.2091,0.131,0.1979,0.1243,539.52,277.85,361.25,84.5325,85.1325,85.2225,82.3575,83.52,81.975,42.9835,519.72,520.0,20.3388,517.49,488.93,13.6531
86.925,57.525,4.0109,57.6,287.415,358.5789,571.65,2.6002,4.5825,172.989,343.14,72.2804,710.08,19.4489,600.24,600.18,9.9818,66.2197,76.7789,2.6002,4.5825,11.1283,15.7325,9.1108,172.998,343.14,710.08,72.2444,33.0,46.104,9.583,4.206,12.307,46.17,25.737,14.9074,0.1785,0.1285,0.131,0.1285,0.209,0.131,0.1979,0.1243,539.56,277.85,361.3,84.5175,85.1025,85.2825,82.395,83.4825,82.0275,42.9771,519.78,520.0,20.3387,517.49,488.93,13.6545
86.125,57.6375,4.1891,57.5625,286.5825,358.1312,571.8,2.6,4.58,173.907,343.14,72.2803,710.08,19.4486,600.18,600.0,9.9817,66.2204,76.7794,2.6,4.58,11.1284,15.7318,9.1108,173.908,343.11,710.08,72.2444,33.0,46.056,9.583,4.205,12.307,46.104,25.715,14.9074,0.1785,0.1285,0.1311,0.1285,0.2092,0.131,0.1979,0.1243,539.68,277.85,361.3,84.48,85.0875,85.26,82.41,83.46,82.0575,42.963,519.9,520.0,20.3387,517.49,488.93,13.6558
86.85,57.5625,4.7766,57.525,287.19,358.4411,571.95,2.6,4.58,173.6505,343.11,72.2801,710.08,19.4501,600.0,600.0,9.9816,66.2205,76.7794,2.6,4.58,11.1285,15.7335,9.1108,173.656,343.11,710.08,72.2444,33.0,45.948,9.583,4.203,12.305,46.056,25.6875,14.9074,0.1785,0.1286,0.1311,0.1285,0.2093,0.131,0.1981,0.1244,539.72,277.85,361.3,84.495,85.0725,85.275,82.4325,83.445,82.095,42.9596,519.93,520.0,20.3386,517.49,488.93,13.6571
86.825,57.5625,4.5375,57.6,286.6275,357.8212,571.55,2.6,4.58,173.718,343.11,72.2806,710.0,19.4501,600.0,599.94,9.9816,66.2207,76.7794,2.6,4.58,11.1286,15.7338,9.1102,173.712,343.11,710.0,72.2444,33.0,45.834,9.584,4.199,12.305,45.948,25.66,14.9074,0.1784,0.1286,0.1311,0.1286,0.2094,0.1311,0.1982,0.1244,539.76,277.85,361.3,84.4875,85.0575,85.2975,82.365,83.415,82.0575,42.9562,519.96,520.0,20.3385,517.49,488.93,13.6585
86.425,57.525,4.2812,57.6,286.8075,357.7868,571.35,2.5998,4.5775,173.5155,343.11,72.2806,710.0,19.4509,599.94,600.0,9.9822,66.2201,76.7801,2.5998,4.5775,11.1287,15.734,9.1102,173.516,343.08,710.0,72.2951,33.005,45.606,9.586,4.193,12.305,45.834,25.605,14.9074,0.1785,0.1287,0.1312,0.1287,0.2096,0.1312,0.1984,0.1245,539.76,277.85,361.3,84.51,85.0575,85.3275,82.32,83.4075,82.05,42.9563,519.96,520.0,20.3384,517.49,488.93,13.6598
86.5,57.6,4.7359,57.6,287.3475,358.0623,571.8,2.5996,4.5725,174.177,343.08,72.2813,709.92,19.4504,600.0,599.94,9.9824,66.22,76.7811,2.5996,4.5725,11.1287,15.7343,9.1096,174.188,343.08,709.92,72.2957,33.005,45.348,9.59,4.189,12.305,45.606,25.517,14.9074,0.1785,0.1288,0.1313,0.1288,0.2099,0.1313,0.1987,0.1246,539.72,277.9,361.35,84.495,85.11,85.335,82.365,83.415,82.0875,42.9602,519.93,520.0,20.3383,517.49,488.93,13.6611
86.5,57.6,4.5531,57.5625,287.4825,357.959,571.35,2.5992,4.57,173.448,343.08,72.282,709.84,19.4511,599.94,599.76,9.9826,66.2207,76.7831,2.5992,4.57,11.1288,15.7345,9.1091,173.446,343.05,709.84,72.2963,33.005,44.982,9.595,4.181,12.304,45.348,25.396,14.9074,0.1785,0.1289,0.1315,0.1289,0.2102,0.1314,0.199,0.1248,539.64,277.9,361.35,84.5325,85.1325,85.305,82.305,83.4,82.065,42.9718,519.84,520.0,20.3383,517.49,488.9,13.6625
86.15,57.6,4.7547,57.6,287.28,358.0967,571.9,2.5994,4.565,173.799,343.05,72.2829,709.76,19.4536,599.76,599.7,9.9835,66.2209,76.7834,2.5994,4.565,11.1289,15.7348,9.1091,173.81,343.02,709.76,72.2969,33.005,44.694,9.602,4.168,12.304,44.982,25.242,14.9074,0.1784,0.1291,0.1316,0.1291,0.2106,0.1316,0.1993,0.1249,539.56,277.9,361.35,84.5475,85.125,85.2975,82.3275,83.37,82.035,42.9837,519.75,520.0,20.3382,517.49,488.9,13.6638
86.25,57.5625,4.2828,57.525,286.605,357.7523,571.3,2.5992,4.56,173.34,343.02,72.2839,709.68,19.4554,599.7,599.58,9.9839,66.2218,76.7849,2.5992,4.56,11.129,15.735,9.1086,173.334,342.99,709.68,72.2976,33.005,44.412,9.61,4.144,12.304,44.694,25.0715,14.9074,0.178,0.1292,0.1318,0.1292,0.2108,0.1318,0.1996,0.1251,539.4,277.9,361.35,84.525,85.1025,85.3425,82.35,83.3925,82.0125,42.9998,519.63,520.0,20.3381,517.49,488.9,13.6651
86.175,57.6,4.6031,57.6,287.0775,358.2345,571.1,2.5992,4.56,173.1105,342.99,72.2844,709.68,19.4581,599.58,599.7,9.9843,66.2222,76.7859,2.5992,4.56,11.129,15.7353,9.1086,173.11,342.99,709.68,72.2476,33.0,44.766,9.618,4.109,12.304,44.412,24.9065,14.9074,0.1772,0.1291,0.1318,0.1292,0.2104,0.1318,0.1992,0.1251,539.28,277.9,361.4,84.57,85.095,85.35,82.305,83.37,81.99,43.0163,519.51,520.0,20.338,517.46,488.9,13.6665
86.875,57.525,4.0234,57.6,287.46,358.51,571.45,2.5994,4.5625,173.5425,342.99,72.2843,709.76,19.4584,599.7,600.0,9.984,66.2219,76.7861,2.5994,4.5625,11.1291,15.7355,9.1091,173.544,342.99,709.76,72.2476,33.0,45.09,9.618,4.048,12.304,44.766,24.9395,14.9074,0.1765,0.1289,0.1317,0.1291,0.2101,0.1317,0.1989,0.1249,539.2,277.9,361.4,84.585,85.1175,85.35,82.2825,83.34,81.945,43.0258,519.45,520.0,20.338,517.46,488.9,13.6678
86.275,57.6,4.0969,57.6,287.1225,357.959,571.45,2.5996,4.5675,173.691,342.99,72.284,709.84,19.4559,600.0,600.06,9.9841,66.222,76.7861,2.5996,4.5675,11.1292,15.7333,9.1096,173.698,343.02,709.84,72.1969,32.995,45.324,9.615,3.998,12.304,45.09,25.0495,14.9074,0.1763,0.1288,0.1316,0.129,0.2099,0.1315,0.1987,0.1248,539.2,277.95,361.4,84.5625,85.0875,85.3425,82.245,83.3175,81.975,43.0318,519.42,520.0,20.3379,517.46,488.9,13.6691
86.375,57.6,4.3156,57.525,287.2125,357.7179,571.8,2.6004,4.57,174.0015,343.02,72.2843,709.84,19.4551,600.06,600.12,9.9843,66.2222,76.7836,2.6004,4.57,11.1293,15.7325,9.1102,173.992,343.05,709.84,72.1963,32.995,45.474,9.611,3.998,12.304,45.324,25.1815,14.9074,0.1768,0.1288,0.1314,0.1289,0.2098,0.1314,0.1985,0.1247,539.2,277.95,361.4,84.5175,85.14,85.335,82.2075,83.37,81.9675,43.0341,519.42,520.0,20.3378,517.46,488.9,13.6705
86.875,57.5625,4.1078,57.6,287.4375,358.51,572.05,2.6004,4.5725,173.8935,343.05,72.2839,709.92,19.4541,600.12,600.12,9.9845,66.2224,76.7831,2.6004,4.5725,11.1294,15.7318,9.1108,173.894,343.05,709.92,72.145,32.99,45.492,9.607,4.042,12.304,45.474,25.286,14.9074,0.1775,0.1288,0.1314,0.1288,0.2098,0.1314,0.1985,0.1247,539.16,277.95,361.4,84.555,85.1625,85.335,82.23,83.3775,81.975,43.0364,519.42,520.0,20.3528,517.46,488.9,13.6718
86.15,57.525,4.2797,57.6,286.785,358.5789,571.9,2.6004,4.5725,173.961,343.05,72.284,709.92,19.4536,600.12,600.12,9.9846,66.2225,76.7826,2.6004,4.5725,11.1294,15.7335,9.1108,173.964,343.05,709.92,72.1438,32.99,45.504,9.605,4.1,12.304,45.492,25.341,14.9074,0.178,0.1288,0.1314,0.1288,0.2098,0.1314,0.1985,0.1246,539.2,277.95,361.4,84.54,85.1625,85.335,82.2825,83.4375,81.9825,43.0388,519.42,520.0,20.3532,517.46,488.9,13.6731
86.575,57.5625,4.325,57.6,286.92,358.2345,571.1,2.6,4.5725,173.718,343.05,72.2841,709.92,19.4531,600.12,600.0,9.9848,66.2227,76.7836,2.6,4.5725,11.1295,15.7338,9.1102,173.712,343.05,709.92,72.1425,32.99,45.498,9.604,4.143,12.304,45.504,25.363,14.9074,0.1783,0.1288,0.1314,0.1288,0.2098,0.1314,0.1985,0.1246,539.2,277.95,361.45,84.585,85.1175,85.3425,82.29,83.445,81.99,43.0411,519.42,520.0,20.3536,517.46,488.9,13.6745
86.925,57.5625,4.7703,57.5625,286.6725,358.1656,571.7,2.6,4.5725,174.123,343.05,72.2843,709.92,19.4541,600.0,599.94,9.985,66.2229,76.7836,2.6,4.5725,11.1296,15.734,9.1102,174.118,343.05,709.92,72.1413,32.99,45.414,9.603,4.161,12.304,45.498,25.3685,14.9074,0.1783,0.1288,0.1314,0.1288,0.2098,0.1314,0.1986,0.1247,539.24,277.95,361.45,84.6375,85.1475,85.305,82.29,83.4975,82.035,43.0397,519.45,520.0,20.354,517.46,488.9,13.6758
86.425,57.525,3.8516,57.6,287.2125,357.7868,571.35,2.5998,4.57,173.664,343.05,72.285,709.84,19.4549,599.94,599.88,9.9851,66.223,76.7844,2.5998,4.57,11.1297,15.7343,9.1096,173.67,343.05,709.84,72.14,32.99,45.21,9.604,4.163,12.304,45.414,25.3355,14.9074,0.1784,0.1289,0.1315,0.1289,0.21,0.1314,0.1988,0.1248,539.2,278.0,361.45,84.6525,85.185,85.29,82.2525,83.4675,82.065,43.0457,519.42,520.0,20.3544,517.46,488.9,13.6771
86.05,57.5625,3.8844,57.6,287.19,358.5444,571.8,2.5996,4.565,173.826,343.05,72.2853,709.84,19.4559,599.88,599.76,9.9853,66.2232,76.7854,2.5996,4.565,11.1298,15.7345,9.1096,173.824,343.02,709.84,72.1388,32.99,45.006,9.607,4.161,12.304,45.21,25.2585,14.9074,0.1784,0.129,0.1316,0.129,0.2102,0.1315,0.199,0.1249,539.2,278.0,361.45,84.63,85.17,85.3125,82.2225,83.4225,82.035,43.048,519.42,520.0,20.3548,517.43,488.9,13.6785
86.1,57.5625,4.6281,57.5625,287.1675,358.1656,572.05,2.5994,4.5625,173.1915,343.02,72.2861,709.76,19.4579,599.76,599.7,9.9862,66.2234,76.7866,2.5994,4.5625,11.1298,15.7348,9.1091,173.194,342.99,709.76,72.1375,32.99,44.796,9.612,4.153,12.304,45.006,25.154,14.9074,0.1783,0.1291,0.1317,0.1291,0.2104,0.1316,0.1992,0.125,539.16,278.0,361.5,84.6075,85.155,85.275,82.1925,83.43,82.065,43.0579,519.36,520.0,20.3553,517.43,488.87,13.6798
86.775,57.5625,4.0906,57.5625,286.8525,358.6478,572.1,2.5996,4.565,173.151,342.99,72.2853,709.92,19.4596,599.7,600.0,9.9851,66.2235,76.7866,2.5996,4.565,11.1299,15.735,9.1096,173.152,343.02,709.92,72.1363,32.99,45.15,9.617,4.138,12.304,44.796,25.044,14.9074,0.1777,0.129,0.1316,0.1291,0.21,0.1316,0.1988,0.1249,539.12,278.0,361.5,84.6525,85.1175,85.305,82.2525,83.475,82.065,43.0642,519.33,520.0,20.3557,517.43,488.87,13.6811
86.95,57.5625,4.5578,57.525,286.56,357.9245,572.0,2.6002,4.5675,172.854,343.02,72.2848,710.0,19.4571,600.0,600.12,9.9851,66.2237,76.7849,2.6002,4.5675,11.13,15.7353,9.1102,172.858,343.02,710.0,72.135,32.99,45.438,9.614,4.096,12.304,45.15,25.0935,14.9074,0.1771,0.1289,0.1315,0.129,0.2097,0.1315,0.1986,0.1248,539.12,278.0,361.5,84.6075,85.1475,85.2825,82.26,83.445,82.0875,43.0632,519.36,520.0,20.3561,517.43,488.87,13.6825
86.325,57.525,4.6219,57.6,287.19,357.9934,572.0,2.6004,4.5725,174.0285,343.02,72.2841,710.08,19.4556,600.12,600.24,9.985,66.2239,76.7839,2.6004,4.5725,11.1301,15.7355,9.1108,174.034,343.05,710.08,72.0832,32.985,45.726,9.61,4.059,12.304,45.438,25.209,14.9074,0.1769,0.1287,0.1314,0.1288,0.2095,0.1314,0.1983,0.1247,539.24,278.0,361.5,84.6075,85.1625,85.3125,82.2825,83.4225,82.0575,43.0545,519.45,520.0,20.3565,517.43,488.87,13.6838
86.425,57.5625,4.5344,57.5625,287.0325,357.7868,571.4,2.6008,4.575,174.0555,343.05,72.2834,710.16,19.4536,600.24,600.3,9.9841,66.2233,76.7819,2.6008,4.575,11.1301,15.7333,9.1113,174.062,343.08,710.16,72.0813,32.985,45.93,9.604,4.057,12.304,45.726,25.352,14.9074,0.1772,0.1286,0.1313,0.1287,0.2094,0.1312,0.1981,0.1245,539.28,278.0,361.5,84.57,85.155,85.2825,82.29,83.4075,82.065,43.053,519.48,520.0,20.3569,517.43,488.87,13.6851
86.15,57.525,4.0281,57.525,287.2125,358.6478,571.95,2.6004,4.58,174.069,343.08,72.2844,710.0,19.4519,600.3,600.36,9.9838,66.2232,76.7824,2.6004,4.58,11.1271,15.7325,9.1113,174.076,343.11,710.0,72.0794,32.985,46.092,9.599,4.089,12.304,45.93,25.495,14.9074,0.1777,0.1285,0.1312,0.1286,0.2092,0.1311,0.1979,0.1244,539.32,278.05,361.55,84.6,85.1475,85.3125,82.3275,83.3625,82.0275,43.0476,519.54,520.0,20.3423,517.43,488.87,13.6865
86.1,57.6375,4.4469,57.6,286.875,357.6835,571.9,2.6006,4.5825,173.475,343.11,72.2838,710.08,19.4499,600.36,600.24,9.9842,66.2231,76.7811,2.6006,4.5825,11.1259,15.7318,9.1113,173.488,343.11,710.08,72.0775,32.985,46.206,9.593,4.135,12.304,46.092,25.6105,14.9074,0.1781,0.1285,0.1311,0.1285,0.209,0.131,0.1978,0.1243,539.4,278.05,361.55,84.5625,85.1625,85.275,82.29,83.34,81.9825,43.0381,519.63,520.0,20.3422,517.43,488.87,13.6878
86.45,57.5625,4.6328,57.6,286.9875,357.9245,572.1,2.6006,4.5825,173.718,343.11,72.2836,710.08,19.4499,600.24,600.3,9.9841,66.223,76.7804,2.6006,4.5825,11.1248,15.7335,9.1118,173.712,343.14,710.08,72.0757,32.985,46.302,9.588,4.175,12.304,46.206,25.693,14.9074,0.1784,0.1285,0.131,0.1284,0.2089,0.131,0.1977,0.1242,539.52,278.05,361.55,84.57,85.155,85.2825,82.29,83.3775,81.945,43.0284,519.72,520.0,20.3422,517.43,488.87,13.6891
86.225,57.6,4.1766,57.5625,286.92,358.3034,571.45,2.6008,4.585,173.8935,343.14,72.2829,710.16,19.4481,600.3,600.12,9.9841,66.223,76.7789,2.6008,4.585,11.1267,15.7338,9.1124,173.894,343.14,710.16,72.0738,32.985,46.35,9.584,4.2,12.303,46.302,25.7535,14.9074,0.1785,0.1284,0.131,0.1284,0.2089,0.131,0.1976,0.1242,539.64,278.05,361.55,84.615,85.155,85.2675,82.2825,83.3775,81.9825,43.0145,519.84,520.0,20.3421,517.43,488.87,13.6905
86.4,57.6,4.4359,57.5625,286.6275,358.0967,571.65,2.6008,4.585,173.637,343.14,72.2826,710.16,19.4491,600.12,600.12,9.984,66.2221,76.7779,2.6008,4.585,11.1268,15.734,9.1124,173.642,343.14,710.16,72.0719,32.985,46.344,9.581,4.214,12.303,46.35,25.792,14.9074,0.1786,0.1284,0.1309,0.1284,0.2089,0.1309,0.1976,0.1242,539.72,278.05,361.55,84.6225,85.1925,85.29,82.3125,83.37,81.9525,43.0038,519.93,520.0,20.342,517.43,488.87,13.6918
86.625,57.6,4.1016,57.525,287.055,358.6478,571.55,2.6008,4.585,173.448,343.14,72.2824,710.16,19.4486,600.12,600.12,9.9839,66.2218,76.7769,2.6008,4.585,11.13,15.7343,9.1124,173.446,343.14,710.16,72.1206,32.99,46.32,9.579,4.223,12.303,46.344,25.814,14.9074,0.1787,0.1284,0.1309,0.1284,0.2089,0.1309,0.1977,0.1242,539.8,278.05,361.6,84.645,85.17,85.2525,82.29,83.3475,81.945,42.9929,520.02,520.0,20.3419,517.43,488.87,13.6931
86.35,57.6,4.7172,57.5625,286.8975,357.6835,571.55,2.6004,4.585,173.6775,343.14,72.2821,710.16,19.4481,600.12,600.12,9.9838,66.2215,76.7774,2.6004,4.585,11.1282,15.7345,9.1113,173.684,343.14,710.16,72.1194,32.99,46.29,9.577,4.227,12.303,46.32,25.8195,14.9074,0.1786,0.1284,0.1309,0.1284,0.2089,0.1309,0.1977,0.1242,539.92,278.1,361.6,84.6,85.11,85.2225,82.2525,83.3625,81.9525,42.9815,520.11,520.0,20.3419,517.43,488.87,13.6945
86.5,57.6,4.2969,57.5625,286.92,358.51,571.5,2.6002,4.585,173.6775,343.14,72.2819,710.16,19.4476,600.12,600.12,9.9837,66.2211,76.7776,2.6002,4.585,11.1283,15.7348,9.1113,173.67,343.14,710.16,72.1181,32.99,46.23,9.576,4.227,12.303,46.29,25.8195,14.9074,0.1786,0.1284,0.1309,0.1284,0.209,0.1309,0.1978,0.1242,539.96,278.1,361.6,84.5625,85.14,85.2075,82.26,83.4075,81.96,42.9735,520.17,520.0,20.3418,517.43,488.87,13.6958
86.475,57.5625,4.7766,57.5625,287.1225,358.3034,571.2,2.6002,4.585,173.664,343.14,72.2823,710.08,19.4471,600.12,600.06,9.9836,66.2215,76.7774,2.6002,4.585,11.1252,15.735,9.1113,173.67,343.14,710.08,72.1675,32.995,46.14,9.576,4.223,12.303,46.23,25.803,14.9074,0.1786,0.1284,0.131,0.1284,0.209,0.131,0.1978,0.1242,540.04,278.1,361.6,84.6,85.1625,85.2525,82.2375,83.4225,81.945,42.9653,520.23,520.0,20.3417,517.43,488.87,13.6971
86.525,57.6,4.6156,57.6,287.2125,357.8901,571.8,2.6002,4.5825,174.177,343.14,72.2821,710.08,19.4474,600.06,600.06,9.9836,66.2215,76.7771,2.6002,4.5825,11.1272,15.7353,9.1113,174.174,343.14,710.08,72.1669,32.995,46.038,9.576,4.219,12.302,46.14,25.7755,14.9074,0.1786,0.1285,0.131,0.1284,0.2092,0.131,0.1979,0.1243,540.04,278.1,361.6,84.5925,85.1775,85.2225,82.245,83.46,81.9075,42.9607,520.26,520.0,20.3416,517.43,488.87,13.6985
86.5,57.5625,4.6625,57.6,287.3475,357.959,571.25,2.6,4.5825,173.6505,343.14,72.282,710.08,19.4471,600.06,600.0,9.9835,66.2214,76.7776,2.6,4.5825,11.1273,15.7355,9.1108,173.642,343.11,710.08,72.1663,32.995,45.882,9.577,4.213,12.302,46.038,25.7315,14.9074,0.1785,0.1285,0.1311,0.1285,0.2093,0.131,0.1981,0.1243,540.04,278.1,361.65,84.5625,85.2075,85.2375,82.2975,83.43,81.9075,42.9634,520.23,520.0,20.3415,517.43,488.87,13.6998
86.35,57.6,3.8844,57.6,286.83,358.0279,571.1,2.6,4.58,174.015,343.11,72.2825,710.0,19.4476,600.0,599.94,9.9834,66.2213,76.7776,2.6,4.58,11.1305,15.7333,9.1108,174.02,343.11,710.0,72.2163,33.0,45.732,9.58,4.206,12.302,45.882,25.671,14.8988,0.1785,0.1286,0.1311,0.1286,0.2095,0.1311,0.1982,0.1244,540.0,278.1,361.65,84.5925,85.2,85.2525,82.3425,83.4075,81.945,42.9662,520.2,520.0,20.3415,517.43,488.87,13.7011
86.55,57.5625,4.6172,57.5625,287.235,358.6133,571.2,2.5998,4.575,173.988,343.11,72.2825,710.0,19.4484,599.94,599.82,9.9841,66.2212,76.7784,2.5998,4.575,11.1287,15.7325,9.1102,173.992,343.08,710.0,72.2163,33.0,45.438,9.583,4.196,12.302,45.732,25.594,14.8985,0.1785,0.1287,0.1312,0.1287,0.2098,0.1312,0.1985,0.1245,539.96,278.1,361.65,84.57,85.2225,85.2825,82.335,83.43,81.9075,42.9691,520.17,520.0,20.3414,517.43,488.87,13.7025
86.4,57.6,4.0062,57.5625,287.055,358.2689,571.6,2.5994,4.5725,173.664,343.08,72.2831,709.92,19.4501,599.82,599.7,9.9842,66.2219,76.7801,2.5994,4.5725,11.1287,15.7318,9.1096,173.67,343.05,709.92,72.2163,33.0,45.09,9.589,4.187,12.302,45.438,25.4675,14.8983,0.1785,0.1289,0.1314,0.1288,0.2101,0.1314,0.1989,0.1247,539.88,278.15,361.65,84.54,85.215,85.26,82.3575,83.4075,81.915,42.9797,520.08,520.0,20.3413,517.43,488.87,13.7038
86.85,57.525,4.6641,57.5625,286.605,358.2345,571.45,2.5992,4.5675,173.853,343.05,72.2839,709.84,19.4524,599.7,599.58,9.9852,66.222,76.7816,2.5992,4.5675,11.1257,15.7335,9.1091,173.852,343.02,709.84,72.2163,33.0,44.766,9.596,4.177,12.3,45.09,25.319,14.9066,0.1784,0.129,0.1316,0.129,0.2105,0.1315,0.1992,0.1248,539.76,278.15,361.65,84.5625,85.23,85.26,82.3125,83.4,81.915,42.9944,519.96,520.0,20.3412,517.43,488.87,13.7051
86.275,57.6,4.4703,57.5625,286.65,358.51,571.1,2.5988,4.56,173.8665,343.02,72.2854,709.68,19.4551,599.58,599.58,9.9856,66.2222,76.7841,2.5988,4.56,11.1277,15.7338,9.108,173.866,342.99,709.68,72.2163,33.0,44.46,9.604,4.156,12.3,44.766,25.1485,14.9066,0.1782,0.1292,0.1317,0.1292,0.2108,0.1317,0.1995,0.125,539.6,278.15,361.7,84.525,85.1775,85.2375,82.3125,83.3925,81.87,43.0096,519.84,520.0,20.3412,517.43,488.87,13.7065
86.2,57.5625,4.8359,57.5625,287.28,358.4067,572.0,2.599,4.5575,173.637,342.96,72.2864,709.68,19.4594,599.52,599.52,9.9857,66.2235,76.7861,2.599,4.5575,11.1278,15.7343,9.108,173.642,342.96,709.68,72.1656,32.995,44.238,9.614,4.123,12.3,44.238,24.9725,14.9066,0.1778,0.1293,0.1319,0.1293,0.211,0.1318,0.1997,0.1252,539.44,278.15,361.7,84.4875,85.215,85.245,82.26,83.3925,81.8625,43.0567,519.48,520.0,20.341,517.43,488.87,13.7091
86.625,57.525,4.4187,57.5625,286.9875,357.7523,571.85,2.599,4.5575,173.313,342.96,72.2864,709.68,19.4594,599.52,599.76,9.9857,66.2235,76.7861,2.599,4.5575,11.1278,15.7343,9.108,173.32,342.96,709.68,72.1656,32.995,44.484,9.622,4.082,12.302,44.238,24.813,14.9066,0.1771,0.1292,0.1319,0.1293,0.2107,0.1318,0.1995,0.1252,539.24,278.15,361.7,84.4875,85.2375,85.2825,82.305,83.4,81.87,43.0567,519.48,520.0,20.341,517.43,488.87,13.7091
86.2,57.6,4.1422,57.6,287.055,358.1312,572.1,2.5992,4.56,173.7315,342.96,72.2857,709.84,19.4584,599.76,599.94,9.9858,66.224,76.7867,2.5992,4.56,11.1279,15.7345,9.1086,173.74,342.99,709.84,72.165,32.995,44.922,9.624,4.026,12.302,44.484,24.8185,14.9066,0.1763,0.129,0.1318,0.1292,0.2103,0.1318,0.1991,0.125,539.16,278.15,361.7,84.5325,85.185,85.3275,82.3275,83.3775,81.9225,43.0701,519.39,520.0,20.3409,517.43,488.87,13.7105
86.275,57.6,4.1687,57.5625,286.9425,358.5444,572.05,2.5996,4.565,173.556,342.99,72.2853,709.92,19.4571,599.94,600.06,9.9852,66.2236,76.7862,2.5996,4.565,11.128,15.7348,9.1091,173.558,343.02,709.92,72.1138,32.99,45.24,9.62,3.978,12.302,44.922,24.9505,14.9066,0.1761,0.1289,0.1316,0.1291,0.21,0.1316,0.1988,0.1249,539.12,278.2,361.75,84.5475,85.155,85.3725,82.35,83.3925,81.975,43.0801,519.33,520.0,20.3559,517.43,488.87,13.7118
86.2,57.525,4.2875,57.5625,287.28,358.0279,571.35,2.6004,4.57,174.042,343.02,72.2848,710.0,19.4559,600.06,600.12,9.9852,66.2238,76.7837,2.6004,4.57,11.128,15.735,9.1102,174.048,343.05,710.0,72.0619,32.985,45.504,9.615,3.977,12.303,45.504,25.1155,14.9066,0.1766,0.1287,0.1315,0.1289,0.2098,0.1314,0.1985,0.1247,539.12,278.2,361.75,84.555,85.17,85.3875,82.335,83.43,82.005,43.0817,519.36,520.0,20.3563,517.43,488.87,13.7131
86.95,57.6,3.9562,57.6,286.7625,358.0623,572.05,2.6006,4.575,174.1095,343.08,72.2834,710.16,19.4529,600.24,600.24,9.9842,66.2231,76.7809,2.6008,4.5775,11.1282,15.7355,9.1113,174.104,343.08,710.08,72.0582,32.985,45.726,9.609,4.023,12.303,45.726,25.2695,14.9066,0.1772,0.1287,0.1313,0.1288,0.2095,0.1313,0.1983,0.1246,539.12,278.2,361.75,84.5175,85.1325,85.3875,82.3575,83.3925,81.96,43.0806,519.39,520.0,20.3571,517.43,488.87,13.7158
86.2,57.525,4.4156,57.6,286.65,358.4411,571.5,2.6008,4.5775,173.583,343.08,72.2834,710.16,19.4529,600.24,600.3,9.9842,66.2231,76.7809,2.6008,4.5775,11.1282,15.7355,9.1118,173.586,343.08,710.16,72.0582,32.985,45.906,9.603,4.086,12.303,45.726,25.4125,14.9066,0.1778,0.1286,0.1312,0.1286,0.2093,0.1312,0.1981,0.1245,539.16,278.2,361.75,84.525,85.0875,85.4025,82.38,83.4075,81.945,43.0806,519.39,520.0,20.3571,517.4,488.87,13.7158
86.125,57.5625,4.6219,57.5625,287.3025,358.51,571.8,2.6004,4.58,173.7045,343.11,72.2838,710.08,19.4514,600.18,600.18,9.9836,66.223,76.7802,2.6006,4.5825,11.1284,15.7325,9.1113,173.712,343.11,710.0,72.0544,32.985,46.074,9.598,4.138,12.303,46.074,25.528,14.9066,0.1781,0.1285,0.1311,0.1285,0.2091,0.1311,0.1979,0.1244,539.28,278.2,361.75,84.525,85.1025,85.4025,82.3425,83.415,81.975,43.0587,519.6,520.0,20.3424,517.4,488.84,13.7185
86.45,57.6375,4.2156,57.6375,287.5275,358.4067,571.2,2.6006,4.5825,173.88,343.11,72.2837,710.08,19.4499,600.24,600.24,9.984,66.2229,76.7794,2.6006,4.5825,11.1284,15.7318,9.1118,173.88,343.11,710.08,72.0525,32.985,46.2,9.592,4.171,12.303,46.2,25.627,14.9066,0.1783,0.1285,0.131,0.1285,0.209,0.131,0.1978,0.1243,539.4,278.2,361.75,84.4875,85.125,85.4025,82.3425,83.46,82.005,43.0453,519.72,520.0,20.3424,517.4,488.84,13.7198
86.325,57.5625,4.0672,57.5625,287.3025,358.0967,571.3,2.6006,4.5825,173.7315,343.11,72.2837,710.08,19.4499,600.24,600.24,9.984,66.2229,76.7794,2.6006,4.5825,11.1284,15.7318,9.1118,173.726,343.14,710.08,72.0525,32.985,46.26,9.588,4.19,12.303,46.2,25.704,14.9066,0.1784,0.1284,0.131,0.1284,0.209,0.131,0.1977,0.1242,539.48,278.25,361.8,84.54,85.095,85.3425,82.29,83.4225,82.035,43.0453,519.72,520.0,20.3424,517.4,488.84,13.7198
86.425,57.6,4.4141,57.6,287.2125,357.959,571.8,2.6008,4.585,174.1635,343.14,72.2834,710.08,19.4479,600.24,600.24,9.9838,66.2227,76.7769,2.6008,4.585,11.1286,15.7338,9.1118,174.16,343.14,710.08,72.0994,32.99,46.284,9.584,4.202,12.303,46.284,25.759,14.9066,0.1785,0.1284,0.131,0.1284,0.209,0.131,0.1977,0.1242,539.6,278.25,361.8,84.5475,85.1175,85.38,82.32,83.415,82.0125,43.0284,519.87,520.0,20.3422,517.4,488.84,13.7225
86.825,57.5625,4.2859,57.5625,286.9875,358.4411,571.85,2.6008,4.585,174.3795,343.14,72.2834,710.08,19.4479,600.24,600.12,9.9838,66.2227,76.7769,2.6008,4.585,11.1286,15.7338,9.1118,174.384,343.14,710.08,72.0994,32.99,46.23,9.582,4.213,12.303,46.284,25.7865,14.9066,0.1786,0.1284,0.131,0.1284,0.2091,0.131,0.1978,0.1242,539.68,278.25,361.8,84.5175,85.11,85.41,82.365,83.43,81.9975,43.0284,519.87,520.0,20.3422,517.4,488.84,13.7225
86.45,57.5625,4.4812,57.5625,287.3925,358.2,571.4,2.6002,4.5825,174.3795,343.14,72.2832,710.08,19.4484,600.12,600.06,9.9837,66.2225,76.7787,2.6,4.5825,11.1287,15.734,9.1113,174.384,343.14,710.08,72.0981,32.99,46.11,9.581,4.222,12.303,46.11,25.781,14.9066,0.1788,0.1285,0.131,0.1284,0.2092,0.131,0.1979,0.1242,539.72,278.25,361.8,84.5025,85.0725,85.3875,82.335,83.4375,81.9525,43.0217,519.93,520.0,20.3421,517.4,488.84,13.7238
86.825,57.6,4.1281,57.6,286.83,358.3378,571.15,2.6,4.58,173.205,343.11,72.2837,710.0,19.4491,600.0,599.94,9.9836,66.2225,76.7787,2.6,4.58,11.1288,15.7345,9.1108,173.208,343.11,710.0,72.1462,32.995,45.792,9.583,4.231,12.303,45.954,25.693,14.9066,0.1788,0.1286,0.1311,0.1285,0.2094,0.1311,0.1982,0.1244,539.76,278.25,361.85,84.495,85.125,85.4175,82.2975,83.4825,81.9525,43.0182,519.96,520.0,20.342,517.4,488.84,13.7265
86.825,57.6,4.1281,57.6,286.83,358.3378,571.15,2.6,4.58,173.205,343.11,72.2837,710.0,19.4499,599.94,599.94,9.9835,66.2224,76.7794,2.5998,4.5775,11.1288,15.7345,9.1108,173.208,343.11,710.0,72.1456,32.995,45.792,9.583,4.231,12.303,45.792,25.693,14.9066,0.1788,0.1286,0.1311,0.1285,0.2094,0.1311,0.1982,0.1244,539.76,278.25,361.85,84.495,85.125,85.4175,82.2975,83.4825,81.9525,43.0146,519.99,520.0,20.342,517.4,488.84,13.7265
86.8,57.5625,4.6094,57.5625,287.1,357.959,571.85,2.5998,4.5775,174.177,343.08,72.2837,710.0,19.4509,599.88,599.88,9.9842,66.2223,76.7804,2.5996,4.575,11.129,15.735,9.1108,172.928,343.08,710.0,72.145,32.995,45.582,9.585,4.223,12.303,45.678,25.5335,14.9066,0.1787,0.1287,0.1312,0.1286,0.2094,0.1311,0.1983,0.1245,539.8,278.25,361.85,84.5625,85.095,85.455,82.2225,83.4675,82.005,43.0072,520.05,520.0,20.3418,517.4,488.84,13.7291
86.375,57.6,4.3688,57.6,286.8525,357.8901,571.25,2.5996,4.575,174.177,343.08,72.2837,710.0,19.4509,599.88,599.88,9.9842,66.2223,76.7804,2.5996,4.575,11.129,15.735,9.1102,174.174,343.08,710.0,72.145,32.995,45.582,9.588,4.205,12.303,45.678,25.5335,14.9066,0.1784,0.1287,0.1313,0.1287,0.2097,0.1312,0.1984,0.1245,539.84,278.3,361.85,84.5625,85.095,85.455,82.2225,83.4675,82.005,43.0072,520.05,520.0,20.3418,517.4,488.84,13.7291
86.925,57.525,4.1625,57.5625,287.1,358.2689,571.15,2.5996,4.5725,174.2175,343.05,72.285,709.84,19.4534,599.76,599.76,9.9845,66.2231,76.7829,2.5992,4.5675,11.1291,15.7355,9.1102,174.216,343.05,709.92,72.1437,32.995,45.306,9.59,4.182,12.302,45.306,25.4675,14.9066,0.1784,0.1288,0.1313,0.1288,0.21,0.1313,0.1987,0.1246,539.8,278.3,361.9,84.5325,85.1475,85.44,82.1925,83.4375,82.0125,43.0258,519.9,520.0,20.3417,517.4,488.84,13.7318
86.125,57.5625,4.3109,57.5625,287.325,358.2689,571.1,2.5992,4.5675,173.2185,343.05,72.2853,709.84,19.4544,599.76,599.76,9.9847,66.2233,76.7824,2.5996,4.5675,11.1292,15.7333,9.1091,173.222,343.05,709.84,72.1431,32.995,44.958,9.596,4.169,12.302,44.958,25.3685,14.9066,0.1784,0.1289,0.1315,0.1289,0.2102,0.1314,0.199,0.1248,539.68,278.3,361.9,84.525,85.155,85.47,82.185,83.4375,82.035,43.0337,519.84,520.0,20.3416,517.4,488.84,13.7331
86.25,57.6,3.8609,57.5625,287.3475,358.6478,571.1,2.5996,4.5675,173.934,343.05,72.2853,709.84,19.4544,599.76,599.82,9.9847,66.2233,76.7824,2.5996,4.5675,11.1292,15.7333,9.1096,173.936,343.02,709.84,72.1431,32.995,45.06,9.603,4.164,12.302,44.958,25.2145,14.9066,0.1781,0.129,0.1315,0.129,0.2102,0.1315,0.1989,0.1248,539.64,278.3,361.9,84.495,85.1325,85.455,82.245,83.4225,82.0125,43.0337,519.84,520.0,20.3416,517.4,488.84,13.7331
86.675,57.5625,4.4766,57.525,287.235,358.3034,571.9,2.5996,4.5675,173.313,343.02,72.2852,709.92,19.4554,599.82,599.82,9.985,66.2236,76.7834,2.5996,4.565,11.1294,15.7318,9.1091,173.32,343.02,709.84,72.1419,32.995,45.03,9.605,4.134,12.302,45.03,25.1705,14.9066,0.1777,0.1289,0.1316,0.129,0.2102,0.1315,0.199,0.1248,539.52,278.3,361.9,84.48,85.1025,85.4625,82.2225,83.4225,82.0575,43.0541,519.69,520.0,20.3415,517.4,488.84,13.7358
86.275,57.6,4.5141,57.5625,287.0325,358.1656,571.8,2.5996,4.565,173.853,343.02,72.2853,709.92,19.4561,599.82,599.76,9.9852,66.2238,76.7839,2.5996,4.565,11.1295,15.7335,9.1091,173.852,343.02,709.92,72.1412,32.995,44.94,9.609,4.08,12.302,45.03,25.132,14.9066,0.1775,0.129,0.1316,0.1291,0.2103,0.1316,0.1991,0.1249,539.4,278.35,361.95,84.4875,85.095,85.4025,82.215,83.4,82.11,43.0629,519.63,520.0,20.3414,517.4,488.84,13.7371
86.275,57.6,4.5141,57.5625,287.0325,358.1656,571.8,2.5996,4.565,173.853,343.02,72.2854,709.92,19.4561,599.82,599.76,9.9852,66.224,76.7852,2.5994,4.565,11.1295,15.7335,9.1091,173.852,343.02,709.92,72.1406,32.995,44.94,9.609,4.08,12.302,44.94,25.132,14.9066,0.1775,0.129,0.1316,0.1291,0.2103,0.1316,0.1991,0.1249,539.4,278.35,361.95,84.4875,85.095,85.4025,82.215,83.4,82.11,43.0757,519.54,520.0,20.3414,517.4,488.84,13.7371
86.0,57.5625,4.8344,57.5625,286.965,358.2,571.35,2.5994,4.565,173.394,342.99,72.2855,709.92,19.4571,599.88,599.94,9.9857,66.2241,76.7859,2.5994,4.565,11.1296,15.734,9.1091,173.39,343.02,709.92,72.0894,32.99,45.024,9.612,4.081,12.302,44.844,25.055,14.9066,0.1777,0.129,0.1316,0.1291,0.2103,0.1316,0.1991,0.1249,539.32,278.35,361.95,84.5325,85.065,85.38,82.2825,83.4225,82.035,43.0813,519.51,520.0,20.3568,517.4,488.84,13.7398
86.9,57.6,4.7531,57.6,286.7625,357.9245,571.1,2.5994,4.565,173.394,343.02,72.2857,709.92,19.4569,599.94,599.94,9.9852,66.2243,76.7859,2.5996,4.565,11.1297,15.7343,9.1096,173.39,343.02,709.92,72.0881,32.99,45.024,9.615,4.091,12.302,45.024,25.055,14.9066,0.1776,0.129,0.1316,0.1291,0.2102,0.1316,0.199,0.1249,539.28,278.35,361.95,84.5325,85.065,85.38,82.2825,83.4225,82.035,43.087,519.48,520.0,20.3572,517.4,488.84,13.7411
86.525,57.525,4.5453,57.6375,287.325,357.8557,571.8,2.5996,4.565,173.4885,343.02,72.2851,710.0,19.4564,600.0,600.0,9.9851,66.2245,76.7842,2.6002,4.5675,11.1298,15.7345,9.1096,173.488,343.02,709.92,72.0869,32.99,45.168,9.614,4.088,12.302,45.168,25.077,14.9066,0.1775,0.1289,0.1316,0.129,0.21,0.1315,0.1988,0.1249,539.24,278.35,361.95,84.5925,85.08,85.3275,82.29,83.415,82.035,43.0891,519.48,520.0,20.3576,517.4,488.84,13.7425
86.525,57.5625,4.5172,57.6,287.145,358.6133,571.75,2.6002,4.5675,174.0015,343.02,72.2851,710.0,19.4556,600.06,600.06,9.985,66.2246,76.7839,2.6002,4.5675,11.1298,15.7348,9.1102,174.006,343.02,710.0,72.035,32.985,45.24,9.611,4.083,12.303,45.282,25.198,14.9066,0.1777,0.1289,0.1315,0.1289,0.21,0.1314,0.1988,0.1248,539.24,278.35,361.95,84.5775,85.065,85.32,82.305,83.475,81.99,43.095,519.45,520.0,20.358,517.4,488.84,13.7438
86.525,57.5625,4.5172,57.6,287.145,358.6133,571.75,2.6002,4.5675,174.0015,343.02,72.2851,710.0,19.4554,600.06,600.06,9.9849,66.2248,76.7837,2.6002,4.5675,11.1299,15.735,9.1102,174.006,343.02,710.0,72.0331,32.985,45.24,9.611,4.083,12.303,45.24,25.198,14.9066,0.1777,0.1289,0.1315,0.1289,0.21,0.1314,0.1988,0.1248,539.24,278.35,361.95,84.5775,85.065,85.32,82.305,83.475,81.99,43.101,519.42,520.0,20.3584,517.4,488.84,13.7451
86.15,57.6,4.6297,57.5625,287.0775,358.3723,571.4,2.5996,4.565,173.4345,343.02,72.2858,709.92,19.4559,600.0,599.94,9.9848,66.225,76.7857,2.5996,4.565,11.13,15.7353,9.1102,173.432,343.02,709.92,72.0312,32.985,45.066,9.612,4.128,12.303,45.15,25.1925,14.9066,0.1782,0.129,0.1315,0.129,0.2102,0.1315,0.1989,0.1249,539.2,278.4,362.0,84.54,85.11,85.335,82.275,83.4525,82.035,43.1033,519.42,520.0,20.3588,517.4,488.84,13.7465
86.625,57.6,4.1969,57.6,286.605,357.8557,571.7,2.5996,4.565,173.5425,343.02,72.2859,709.92,19.4566,599.94,600.0,9.9855,66.2251,76.7862,2.5996,4.565,11.1301,15.7355,9.1091,173.544,343.02,709.92,72.0294,32.985,45.084,9.614,4.141,12.303,45.066,25.1485,14.9066,0.1782,0.129,0.1316,0.1291,0.2102,0.1316,0.1989,0.1249,539.2,278.4,362.0,84.51,85.0875,85.3575,82.23,83.43,82.0575,43.1057,519.42,520.0,20.3442,517.37,488.84,13.7478
86.625,57.6,4.1969,57.6,286.605,357.8557,571.7,2.5996,4.565,173.5425,343.02,72.286,709.92,19.4561,600.0,600.0,9.9857,66.2253,76.7867,2.5996,4.565,11.1302,15.7333,9.1091,173.544,343.02,709.92,72.0275,32.985,45.084,9.614,4.141,12.303,45.084,25.1485,14.9066,0.1782,0.129,0.1316,0.1291,0.2102,0.1316,0.1989,0.1249,539.2,278.4,362.0,84.51,85.0875,85.3575,82.23,83.43,82.0575,43.108,519.42,520.0,20.3441,517.37,488.84,13.7491
86.125,57.6,3.8937,57.5625,286.5825,357.8557,571.8,2.6,4.565,174.069,343.02,72.2861,709.92,19.4561,600.0,599.94,9.9858,66.2255,76.7857,2.6,4.565,11.1271,15.7325,9.1096,174.062,343.02,709.92,72.0256,32.985,45.072,9.615,4.121,12.303,45.084,25.1155,14.9066,0.1779,0.129,0.1316,0.1291,0.2102,0.1316,0.1989,0.1249,539.2,278.4,362.05,84.525,85.0875,85.335,82.2525,83.445,82.035,43.1104,519.42,520.0,20.3441,517.37,488.81,13.7505
86.125,57.6,3.8937,57.5625,286.5825,357.8557,571.8,2.6,4.565,174.069,343.02,72.2863,709.92,19.4569,599.94,599.94,9.986,66.2249,76.7857,2.6,4.565,11.1266,15.7318,9.1096,174.062,343.02,709.92,72.0237,32.985,45.072,9.615,4.121,12.303,45.072,25.1155,14.9066,0.1779,0.129,0.1316,0.1291,0.2102,0.1316,0.1989,0.1249,539.2,278.4,362.05,84.525,85.0875,85.335,82.2525,83.445,82.035,43.1164,519.39,520.0,20.359,517.37,488.81,13.7518
86.725,57.5625,3.9625,57.525,287.01,358.2,572.05,2.6,4.565,174.0015,342.99,72.2864,709.92,19.4571,599.94,599.94,9.9862,66.2255,76.7864,2.5998,4.5625,11.125,15.7335,9.1102,173.992,342.99,709.92,72.0219,32.985,44.982,9.616,4.112,12.303,44.982,25.11,14.9066,0.1779,0.129,0.1316,0.1291,0.2103,0.1316,0.199,0.1249,539.16,278.4,362.05,84.525,85.05,85.3425,82.3425,83.4075,81.975,43.1264,519.33,520.0,20.3594,517.37,488.81,13.7531
86.05,57.525,4.1156,57.525,287.2575,357.8557,572.0,2.5998,4.5625,173.4075,342.99,72.2871,709.84,19.4581,599.88,599.88,9.9863,66.2257,76.7867,2.5998,4.5625,11.127,15.7338,9.1102,173.67,342.99,709.84,72.02,32.985,44.832,9.618,4.112,12.303,44.868,25.033,14.9066,0.178,0.1291,0.1317,0.1292,0.2103,0.1317,0.1991,0.125,539.12,278.45,362.05,84.495,85.0725,85.3275,82.32,83.445,81.93,43.1329,519.3,520.0,20.3598,517.37,488.81,13.7545
86.5,57.5625,4.575,57.6,287.2575,358.6133,571.25,2.5998,4.5625,174.015,342.99,72.2868,709.92,19.4586,599.88,600.0,9.9857,66.2259,76.7862,2.6,4.5625,11.127,15.734,9.1102,173.418,342.99,709.84,72.0181,32.985,45.12,9.62,4.117,12.303,44.832,24.989,14.9066,0.178,0.1291,0.1317,0.1292,0.2103,0.1317,0.1992,0.125,539.08,278.45,362.05,84.465,85.08,85.335,82.335,83.49,81.885,43.1357,519.3,520.0,20.3603,517.37,488.81,13.7558
86.775,57.5625,4.0703,57.525,287.325,358.4756,571.8,2.6,4.565,173.5965,342.99,72.2869,709.92,19.4576,600.0,600.06,9.9857,66.2253,76.7862,2.6,4.565,11.1303,15.7343,9.1102,173.6,343.02,709.92,72.0162,32.985,45.258,9.619,4.094,12.303,45.12,25.0605,14.9066,0.1775,0.1289,0.1316,0.1291,0.2099,0.1316,0.1988,0.1249,539.04,278.45,362.1,84.5175,85.125,85.35,82.35,83.475,81.9225,43.1423,519.27,520.0,20.3607,517.37,488.81,13.7571
86.05,57.525,4.2156,57.6,286.7175,358.5789,571.15,2.6002,4.5675,173.6505,343.02,72.2864,710.0,19.4569,600.06,600.06,9.9856,66.2252,76.7854,2.6002,4.5675,11.1285,15.7345,9.1108,173.642,343.02,710.0,71.9637,32.98,45.378,9.617,4.082,12.303,45.258,25.143,14.9066,0.1776,0.1289,0.1315,0.129,0.2098,0.1315,0.1986,0.1248,539.08,278.45,362.1,84.4875,85.11,85.3725,82.3575,83.4975,81.96,43.1377,519.33,520.0,20.3611,517.37,488.81,13.7585
86.8,57.525,4.0687,57.6,287.325,358.2,571.95,2.6004,4.57,173.718,343.02,72.2864,710.0,19.4566,600.06,600.12,9.9855,66.2251,76.7844,2.6004,4.57,11.1285,15.7348,9.1108,173.726,343.05,710.0,71.9612,32.98,45.492,9.613,4.093,12.303,45.378,25.209,14.9066,0.1778,0.1288,0.1315,0.1289,0.2098,0.1314,0.1985,0.1247,539.12,278.45,362.1,84.4875,85.155,85.32,82.335,83.475,81.945,43.1367,519.36,520.0,20.3615,517.37,488.81,13.7598
86.15,57.6,4.2594,57.5625,286.8975,358.0623,571.6,2.6004,4.5725,174.15,343.05,72.2858,710.08,19.4556,600.12,600.18,9.9854,66.2251,76.7839,2.6004,4.5725,11.1255,15.735,9.1113,174.146,343.05,710.08,71.9587,32.98,45.594,9.61,4.114,12.303,45.492,25.275,14.9066,0.178,0.1288,0.1314,0.1288,0.2097,0.1314,0.1984,0.1247,539.2,278.45,362.1,84.5325,85.1775,85.35,82.2825,83.46,81.9975,43.1318,519.42,520.0,20.3469,517.37,488.81,13.7611
86.15,57.6,4.2594,57.5625,286.8975,358.0623,571.6,2.6004,4.5725,173.9745,343.05,72.2856,710.08,19.4544,600.18,600.18,9.9853,66.225,76.7827,2.6006,4.5725,11.1274,15.7353,9.1113,174.146,343.05,710.08,71.9562,32.98,45.648,9.61,4.114,12.303,45.594,25.341,14.9066,0.178,0.1288,0.1314,0.1288,0.2097,0.1314,0.1984,0.1247,539.2,278.45,362.1,84.585,85.1625,85.3725,82.29,83.49,82.0125,43.1303,519.45,520.0,20.3468,517.37,488.81,13.7625
86.875,57.5625,3.9688,57.5625,287.235,357.9934,571.2,2.6006,4.5725,173.799,343.05,72.2855,710.08,19.4536,600.18,600.18,9.9852,66.2249,76.7842,2.6,4.575,11.1275,15.7355,9.1113,173.978,343.08,710.08,71.9537,32.98,45.678,9.607,4.137,12.303,45.648,25.385,14.9066,0.1782,0.1288,0.1314,0.1288,0.2096,0.1314,0.1984,0.1246,539.24,278.5,362.1,84.63,85.155,85.32,82.32,83.475,82.0575,43.1251,519.51,520.0,20.3467,517.34,488.81,13.7638
86.625,57.5625,4.2812,57.6,287.1675,358.3723,571.9,2.6002,4.575,174.069,343.08,72.2854,710.08,19.4529,600.18,600.06,9.9852,66.2248,76.7834,2.6002,4.575,11.1307,15.7333,9.1113,174.076,343.08,710.08,71.9512,32.98,45.696,9.603,4.172,12.303,45.678,25.4125,14.9066,0.1784,0.1288,0.1313,0.1287,0.2096,0.1313,0.1983,0.1246,539.36,278.5,362.15,84.63,85.1475,85.29,82.275,83.5275,82.065,43.1195,519.57,520.0,20.3467,517.34,488.78,13.7651
86.3,57.6,4.2031,57.5625,286.6725,358.1656,571.3,2.6002,4.575,173.853,343.08,72.2853,710.08,19.4536,600.06,600.06,9.9851,66.2247,76.7832,2.6002,4.575,11.1289,15.7325,9.1108,173.852,343.08,710.08,71.9993,32.985,45.678,9.601,4.179,12.303,45.696,25.429,14.9066,0.1785,0.1287,0.1313,0.1287,0.2095,0.1313,0.1983,0.1246,539.4,278.5,362.15,84.6675,85.1175,85.32,82.2825,83.5125,82.11,43.1175,519.6,520.0,20.3466,517.34,488.78,13.7665
86.65,57.6,4.5234,57.525,287.3475,358.51,571.95,2.6002,4.575,173.4885,343.08,72.2851,710.08,19.4534,600.06,600.06,9.985,66.2246,76.7829,2.6002,4.575,11.129,15.7318,9.1108,173.488,343.08,710.08,71.9975,32.985,45.66,9.6,4.183,12.303,45.678,25.4345,14.9066,0.1785,0.1287,0.1313,0.1287,0.2095,0.1313,0.1983,0.1246,539.44,278.5,362.15,84.675,85.125,85.335,82.29,83.4675,82.125,43.1116,519.66,520.0,20.3465,517.34,488.78,13.7678
86.1,57.6,3.8969,57.5625,287.0325,357.8212,571.3,2.6002,4.575,173.799,343.08,72.285,710.08,19.4531,600.06,600.06,9.9849,66.2245,76.7827,2.6002,4.575,11.126,15.7335,9.1108,173.81,343.08,710.08,71.9956,32.985,45.654,9.599,4.184,12.303,45.66,25.4345,14.9066,0.1785,0.1287,0.1313,0.1287,0.2096,0.1313,0.1983,0.1246,539.48,278.5,362.2,84.6975,85.1025,85.3425,82.305,83.46,82.11,43.1055,519.72,520.0,20.3464,517.34,488.78,13.7691
86.825,57.6,4.5812,57.5625,286.6275,357.8901,571.35,2.6002,4.575,173.6235,343.08,72.2849,710.08,19.4529,600.06,600.0,9.9848,66.2245,76.7824,2.6002,4.575,11.1279,15.7338,9.1108,173.628,343.08,710.08,71.9937,32.985,45.63,9.599,4.181,12.302,45.654,25.429,14.9066,0.1784,0.1287,0.1313,0.1287,0.2096,0.1313,0.1984,0.1246,539.52,278.5,362.2,84.7125,85.0575,85.2975,82.335,83.4675,82.14,43.1028,519.75,520.0,20.3464,517.34,488.78,13.7705
86.45,57.6,4.2109,57.525,286.6275,358.1312,571.95,2.6002,4.575,173.421,343.08,72.2848,710.08,19.4534,600.0,600.0,9.9855,66.2244,76.7822,2.6002,4.575,11.128,15.734,9.1108,173.432,343.08,710.08,71.9918,32.985,45.606,9.599,4.177,12.302,45.63,25.4235,14.9066,0.1784,0.1288,0.1313,0.1287,0.2096,0.1313,0.1984,0.1246,539.56,278.55,362.2,84.69,85.0275,85.29,82.2975,83.4225,82.0725,43.1001,519.78,520.0,20.3463,517.34,488.78,13.7718
86.525,57.525,4.1031,57.6375,287.4825,357.7523,572.05,2.6,4.575,173.691,343.08,72.2847,710.08,19.4534,600.0,600.0,9.9857,66.2243,76.7827,2.6,4.575,11.1281,15.7343,9.1108,173.698,343.08,710.08,71.99,32.985,45.6,9.599,4.174,12.302,45.606,25.4125,14.9066,0.1784,0.1288,0.1313,0.1288,0.2096,0.1313,0.1984,0.1246,539.6,278.55,362.2,84.69,85.0875,85.275,82.3425,83.445,82.095,43.0935,519.84,520.0,20.3462,517.34,488.78,13.7731
86.675,57.6,4.4422,57.525,286.9875,358.2,571.65,2.6,4.5725,173.907,343.08,72.2858,709.92,19.4534,600.0,600.0,9.9858,66.2242,76.7827,2.6,4.5725,11.1281,15.7345,9.1102,173.908,343.08,709.92,72.0387,32.99,45.576,9.599,4.17,12.302,45.6,25.407,14.9066,0.1783,0.1288,0.1313,0.1288,0.2097,0.1313,0.1984,0.1246,539.64,278.55,362.2,84.7275,85.05,85.275,82.3725,83.4225,82.065,43.0941,519.84,520.0,20.3461,517.34,488.78,13.7745
86.5,57.5625,4.2156,57.6,287.0775,358.3034,571.45,2.6,4.5725,173.1105,343.08,72.2859,709.92,19.4534,600.0,600.0,9.9852,66.2241,76.7827,2.6,4.5725,11.1282,15.7348,9.1108,173.11,343.08,709.92,72.0374,32.99,45.528,9.599,4.167,12.302,45.576,25.4015,14.9066,0.1783,0.1288,0.1313,0.1288,0.2096,0.1313,0.1984,0.1246,539.64,278.55,362.25,84.6675,85.0575,85.2525,82.3725,83.415,82.095,43.0948,519.84,520.0,20.3461,517.34,488.78,13.7758
86.975,57.5625,4.1344,57.525,287.505,358.6478,571.3,2.6,4.5725,174.0285,343.08,72.286,709.92,19.4534,600.0,600.0,9.9852,66.224,76.7827,2.6,4.5725,11.1283,15.735,9.1102,174.034,343.05,709.92,72.0362,32.99,45.534,9.599,4.166,12.302,45.528,25.385,14.9066,0.1783,0.1288,0.1313,0.1288,0.2097,0.1313,0.1984,0.1246,539.68,278.55,362.25,84.6225,85.0575,85.29,82.3875,83.4675,82.095,43.0879,519.9,520.0,20.346,517.34,488.78,13.7771
86.775,57.5625,4.3328,57.5625,287.19,358.3034,571.1,2.6,4.5725,173.124,343.05,72.2849,710.08,19.4534,600.0,600.0,9.9851,66.2247,76.7827,2.6,4.5725,11.1284,15.7353,9.1108,173.124,343.05,710.08,72.0349,32.99,45.492,9.599,4.163,12.302,45.534,25.374,14.9066,0.1782,0.1288,0.1314,0.1288,0.2097,0.1314,0.1985,0.1246,539.68,278.55,362.25,84.6,85.0875,85.3425,82.41,83.4375,82.0575,43.0921,519.87,520.0,20.3459,517.34,488.78,13.7785
86.725,57.525,4.5563,57.5625,286.6275,358.3723,571.65,2.6,4.5725,174.2985,343.05,72.2848,710.08,19.4534,600.0,600.0,9.985,66.2249,76.7827,2.6,4.5725,11.1285,15.7355,9.1102,174.3,343.05,710.08,72.0337,32.99,45.51,9.6,4.159,12.302,45.492,25.363,14.9066,0.1782,0.1288,0.1314,0.1288,0.2098,0.1314,0.1985,0.1246,539.72,278.6,362.25,84.5625,85.125,85.3275,82.4175,83.4075,82.0125,43.0851,519.93,520.0,20.3458,517.34,488.78,13.7798
86.175,57.6375,4.5062,57.5625,286.965,358.1312,571.85,2.6,4.5725,174.1635,343.05,72.2847,710.08,19.4534,600.0,599.94,9.9849,66.225,76.7827,2.6,4.5725,11.1285,15.7333,9.1102,174.16,343.05,710.08,72.0324,32.99,45.45,9.6,4.155,12.302,45.51,25.3575,14.9066,0.1782,0.1288,0.1314,0.1288,0.2098,0.1314,0.1985,0.1246,539.68,278.6,362.25,84.6075,85.1475,85.3275,82.3875,83.4375,81.9825,43.0929,519.87,520.0,20.3458,517.34,488.78,13.7811
86.675,57.5625,4.0437,57.5625,286.875,358.51,571.35,2.6,4.5725,174.285,343.05,72.2858,709.92,19.4541,599.94,599.94,9.9848,66.2252,76.7827,2.6,4.5725,11.1286,15.7325,9.1102,174.286,343.05,709.92,72.0312,32.99,45.378,9.601,4.154,12.302,45.45,25.352,14.9066,0.1782,0.1288,0.1314,0.1288,0.2099,0.1314,0.1986,0.1247,539.64,278.6,362.3,84.585,85.1775,85.305,82.4175,83.4,82.005,43.0971,519.84,520.0,20.3457,517.34,488.78,13.7825
86.425,57.6,3.8922,57.5625,287.0775,357.9245,571.55,2.5998,4.57,173.016,343.05,72.2865,709.84,19.4544,599.94,599.88,9.9855,66.2254,76.7834,2.5998,4.57,11.1287,15.7318,9.1096,173.012,343.05,709.84,72.0299,32.99,45.204,9.602,4.155,12.302,45.378,25.3245,14.9066,0.1784,0.1289,0.1315,0.1289,0.2099,0.1314,0.1988,0.1247,539.56,278.6,362.3,84.63,85.1625,85.35,82.455,83.43,81.9825,43.1053,519.78,520.0,20.3456,517.34,488.78,13.7838
86.625,57.6,4.7281,57.6,287.325,358.0279,571.9,2.6,4.5725,174.123,343.05,72.2861,709.92,19.4554,599.88,600.0,9.9857,66.2248,76.7829,2.6,4.5725,11.1288,15.7335,9.1108,174.118,343.05,709.92,72.0287,32.99,45.612,9.605,4.159,12.302,45.204,25.253,14.9066,0.1779,0.1288,0.1314,0.1288,0.2097,0.1314,0.1984,0.1247,539.6,278.6,362.3,84.675,85.185,85.32,82.4025,83.4075,82.005,43.1024,519.81,520.0,20.3455,517.34,488.78,13.7851
86.125,57.5625,3.8469,57.525,286.605,358.5789,571.1,2.6002,4.575,173.637,343.05,72.285,710.08,19.4544,600.0,600.06,9.9851,66.2247,76.7822,2.6002,4.575,11.1289,15.7338,9.1113,173.628,343.08,710.08,72.0274,32.99,45.762,9.601,4.136,12.302,45.612,25.341,14.9066,0.1776,0.1287,0.1313,0.1287,0.2094,0.1313,0.1982,0.1245,539.6,278.6,362.3,84.6225,85.2075,85.3275,82.4175,83.46,81.96,43.1032,519.81,520.0,20.3454,517.34,488.78,13.7865
86.55,57.5625,4.7406,57.6,287.5275,358.5444,571.7,2.6004,4.5775,174.42,343.08,72.2843,710.16,19.4536,600.06,600.3,9.9842,66.2239,76.7812,2.6004,4.5775,11.1289,15.734,9.1118,174.426,343.08,710.16,72.0262,32.99,45.906,9.598,4.118,12.302,45.762,25.44,14.9066,0.1777,0.1286,0.1312,0.1286,0.2094,0.1312,0.1981,0.1245,539.64,278.6,362.3,84.585,85.1625,85.3275,82.4475,83.4525,81.945,43.1002,519.84,520.0,20.3454,517.34,488.78,13.7878
86.225,57.525,4.7406,57.525,287.37,358.1656,572.0,2.6004,4.58,173.799,343.08,72.284,710.16,19.4504,600.3,600.18,9.9839,66.2243,76.7807,2.6004,4.58,11.129,15.7343,9.1113,173.81,343.11,710.16,72.0249,32.99,45.978,9.594,4.127,12.302,45.906,25.528,14.9066,0.1779,0.1285,0.1311,0.1286,0.2093,0.1311,0.198,0.1244,539.64,278.65,362.35,84.63,85.14,85.3575,82.4475,83.4375,81.9825,43.0971,519.87,520.0,20.3453,517.34,488.78,13.7891
86.675,57.6,4.0469,57.5625,287.0325,358.51,571.95,2.6006,4.58,174.339,343.11,72.2831,710.24,19.4506,600.18,600.18,9.9836,66.2242,76.7794,2.6006,4.58,11.1291,15.7345,9.1118,174.328,343.11,710.24,72.0237,32.99,46.038,9.591,4.153,12.302,45.978,25.5995,14.9066,0.1782,0.1285,0.1311,0.1285,0.2093,0.131,0.1979,0.1244,539.72,278.65,362.35,84.6075,85.155,85.3125,82.44,83.4825,81.9525,43.0901,519.93,520.0,20.3452,517.34,488.78,13.7905
86.475,57.525,4.7312,57.6,286.9875,358.2689,571.8,2.6006,4.58,173.691,343.11,72.284,710.08,19.4499,600.18,600.18,9.984,66.2241,76.7787,2.6006,4.58,11.1292,15.7348,9.1118,173.698,343.11,710.08,72.0224,32.99,46.038,9.588,4.18,12.302,46.038,25.6435,14.9066,0.1785,0.1285,0.1311,0.1285,0.2092,0.131,0.1979,0.1243,539.72,278.65,362.35,84.615,85.17,85.3425,82.4325,83.49,81.9225,43.0904,519.93,520.0,20.3451,517.34,488.78,13.7918
86.15,57.5625,4.1937,57.6,287.3925,358.2,572.05,2.6006,4.58,174.312,343.11,72.2839,710.08,19.4491,600.18,600.18,9.9839,66.2241,76.7779,2.6006,4.58,11.1292,15.735,9.1113,174.314,343.11,710.08,72.0718,32.995,46.026,9.587,4.201,12.302,46.038,25.6655,14.9066,0.1786,0.1285,0.1311,0.1285,0.2093,0.131,0.198,0.1243,539.8,278.65,362.35,84.645,85.125,85.2975,82.3725,83.535,81.9675,43.0794,520.02,520.0,20.3451,517.34,488.78,13.7931
86.85,57.6,3.9484,57.525,287.28,357.649,571.65,2.6,4.58,173.7585,343.11,72.2838,710.08,19.4484,600.18,600.0,9.9838,66.224,76.7794,2.6,4.58,11.1293,15.7353,9.1108,173.768,343.11,710.08,72.0712,32.995,45.954,9.586,4.212,12.302,46.026,25.66,14.9066,0.1787,0.1286,0.1311,0.1285,0.2093,0.131,0.198,0.1244,539.84,278.65,362.4,84.675,85.11,85.26,82.41,83.49,81.9225,43.0793,520.02,520.0,20.345,517.34,488.78,13.7945
86.7,57.6,3.9531,57.6375,286.695,358.6478,571.55,2.6,4.58,173.9745,343.11,72.2837,710.08,19.4499,600.0,599.94,9.9837,66.2239,76.7794,2.6,4.58,11.1294,15.7355,9.1108,173.978,343.11,710.08,72.0705,32.995,45.882,9.586,4.216,12.302,45.954,25.649,14.9066,0.1787,0.1286,0.1311,0.1285,0.2094,0.1311,0.1981,0.1244,539.88,278.7,362.4,84.6525,85.1475,85.2225,82.365,83.52,81.9375,43.0717,520.08,520.0,20.3449,517.34,488.78,13.7958
86.2,57.6,4.2328,57.6,287.4825,358.0967,572.0,2.6,4.5775,172.908,343.11,72.2842,710.0,19.4506,599.94,599.94,9.9837,66.2238,76.7794,2.6,4.5775,11.1295,15.7333,9.1108,172.914,343.11,710.0,72.1206,33.0,45.798,9.586,4.214,12.302,45.882,25.616,14.9066,0.1786,0.1286,0.1311,0.1286,0.2093,0.1311,0.1982,0.1244,539.88,278.7,362.4,84.63,85.1025,85.2525,82.395,83.5275,81.96,43.0714,520.08,520.0,20.3448,517.34,488.78,13.7971
86.125,57.5625,4.2687,57.6,286.6275,358.51,571.45,2.5998,4.5775,173.826,343.11,72.2842,710.0,19.4509,599.94,599.94,9.9836,66.2237,76.7802,2.5998,4.5775,11.1296,15.7325,9.1102,173.824,343.08,710.0,72.1206,33.0,45.768,9.588,4.208,12.302,45.798,25.583,14.9066,0.1785,0.1286,0.1312,0.1286,0.2094,0.1311,0.1982,0.1245,539.96,278.7,362.4,84.6075,85.095,85.215,82.3725,83.5275,81.9825,43.0636,520.14,520.0,20.3448,517.34,488.78,13.7985
86.6,57.6375,3.9734,57.6,287.145,358.1312,571.8,2.5998,4.5775,173.205,343.08,72.2842,710.0,19.4511,599.94,600.06,9.9835,66.2236,76.7804,2.5998,4.5775,11.1296,15.7318,9.1102,173.194,343.08,710.0,72.1206,33.0,45.696,9.588,4.196,12.302,45.768,25.5445,14.9066,0.1784,0.1287,0.1312,0.1286,0.2094,0.1312,0.1983,0.1245,539.96,278.7,362.4,84.5925,85.0875,85.2675,82.41,83.49,82.005,43.063,520.14,520.0,20.3447,517.34,488.78,13.7998
86.15,57.525,4.1547,57.6,286.5375,358.0279,572.0,2.5998,4.575,173.178,343.08,72.2842,710.0,19.4499,600.06,600.06,9.9834,66.2235,76.7807,2.5998,4.575,11.1297,15.7335,9.1102,173.18,343.08,710.0,72.1206,33.0,45.66,9.59,4.185,12.302,45.696,25.517,14.9066,0.1783,0.1287,0.1312,0.1287,0.2095,0.1312,0.1983,0.1245,540.0,278.7,362.4,84.6225,85.11,85.2825,82.4175,83.49,82.0425,43.0587,520.17,520.0,20.3446,517.34,488.78,13.8011
86.95,57.6,4.4156,57.5625,287.235,358.3378,571.2,2.6002,4.575,173.988,343.08,72.2842,710.0,19.4496,600.06,600.0,9.9841,66.2235,76.7794,2.6002,4.575,11.1298,15.7338,9.1108,173.978,343.08,710.0,72.1206,33.0,45.63,9.591,4.176,12.302,45.66,25.4895,14.9066,0.1782,0.1287,0.1313,0.1287,0.2096,0.1312,0.1984,0.1245,540.0,278.7,362.45,84.645,85.0875,85.2975,82.3575,83.52,82.0725,43.0542,520.2,520.0,20.3445,517.37,488.81,13.8025
86.575,57.525,4.45,57.525,286.7625,358.6478,571.2,2.6002,4.575,173.9745,343.08,72.2848,709.92,19.4501,600.0,599.82,9.9842,66.2234,76.7792,2.6002,4.575,11.1299,15.734,9.1108,173.978,343.08,709.92,72.1206,33.0,45.552,9.592,4.167,12.302,45.63,25.462,14.9066,0.1782,0.1287,0.1313,0.1287,0.2097,0.1313,0.1984,0.1246,539.96,278.7,362.45,84.5925,85.0875,85.3125,82.38,83.4675,82.065,43.0572,520.17,520.0,20.3445,517.37,488.81,13.8038
86.85,57.6,4.1781,57.6,287.0325,358.4756,571.55,2.6,4.5725,174.1095,343.08,72.2849,709.92,19.4524,599.82,599.76,9.9844,66.2233,76.7797,2.6,4.5725,11.1299,15.7343,9.1102,174.104,343.05,709.92,72.1206,33.0,45.384,9.594,4.164,12.302,45.552,25.44,14.9066,0.1783,0.1288,0.1313,0.1288,0.2099,0.1313,0.1986,0.1246,539.92,278.75,362.45,84.57,85.125,85.29,82.41,83.49,82.02,43.064,520.11,520.0,20.3444,517.37,488.81,13.8051
86.275,57.525,4.0391,57.525,286.7625,358.1656,572.05,2.5994,4.57,173.9205,343.05,72.2857,709.84,19.4539,599.76,599.82,9.9846,66.224,76.7819,2.5994,4.57,11.13,15.7345,9.1091,173.922,343.05,709.84,72.1206,33.0,45.138,9.597,4.165,12.302,45.384,25.374,14.9066,0.1784,0.1289,0.1314,0.1289,0.2101,0.1314,0.1988,0.1247,539.84,278.75,362.45,84.5925,85.14,85.32,82.3875,83.49,82.02,43.0711,520.05,520.0,20.3443,517.37,488.81,13.8065
86.475,57.6,3.9,57.5625,287.3475,357.7179,571.65,2.5992,4.5675,173.664,343.05,72.2859,709.84,19.4541,599.82,599.76,9.9847,66.2241,76.7834,2.5992,4.5675,11.1301,15.7348,9.1091,173.656,343.02,709.84,72.1206,33.0,44.898,9.602,4.167,12.302,45.138,25.275,14.9066,0.1785,0.129,0.1315,0.129,0.2103,0.1315,0.1991,0.1248,539.76,278.75,362.45,84.6375,85.1325,85.3575,82.3875,83.4825,82.0275,43.0822,519.96,520.0,20.3442,517.37,488.81,13.8078
86.625,57.6,3.9094,57.5625,287.4825,358.0279,571.2,2.599,4.565,173.961,343.02,72.2868,709.76,19.4556,599.76,599.7,9.9857,66.2243,76.7852,2.599,4.565,11.1302,15.735,9.1086,173.964,342.99,709.76,72.1712,33.005,44.79,9.608,4.16,12.302,44.898,25.154,14.9066,0.1782,0.1291,0.1316,0.1291,0.2105,0.1316,0.1992,0.1249,539.68,278.75,362.5,84.66,85.1475,85.3575,82.4175,83.5125,82.035,43.0936,519.87,520.0,20.3441,517.37,488.81,13.8091
86.45,57.525,4.0187,57.6,286.7625,358.5789,571.15,2.5994,4.5625,174.015,342.99,72.2865,709.84,19.4574,599.7,599.64,9.9861,66.2245,76.7849,2.5994,4.5625,11.1278,15.7353,9.1086,174.02,342.99,709.84,72.1212,33.0,44.658,9.613,4.136,12.302,44.79,25.066,14.9066,0.178,0.1291,0.1317,0.1292,0.2106,0.1317,0.1993,0.125,539.56,278.75,362.5,84.675,85.1475,85.38,82.44,83.4825,82.0575,43.1091,519.75,520.0,20.3441,517.37,488.81,13.8105
86.575,57.5625,4.0187,57.5625,287.145,357.7523,571.75,2.5992,4.56,173.7045,342.99,72.2868,709.84,19.4594,599.64,599.76,9.9865,66.2254,76.7864,2.5992,4.56,11.1268,15.7355,9.1086,173.712,342.96,709.84,72.1212,33.0,44.526,9.618,4.107,12.303,44.658,24.9835,14.9066,0.1777,0.1292,0.1318,0.1292,0.2107,0.1318,0.1995,0.1251,539.4,278.75,362.5,84.66,85.095,85.38,82.41,83.4975,82.0575,43.1252,519.63,520.0,20.344,517.37,488.81,13.8118
86.25,57.6375,4.7219,57.525,287.01,358.4067,571.55,2.5998,4.56,173.5425,342.96,72.287,709.84,19.4594,599.76,599.82,9.9862,66.2258,76.7852,2.5998,4.56,11.1259,15.7333,9.1091,173.544,342.99,709.84,72.1212,33.0,44.754,9.622,4.085,12.303,44.526,24.9065,14.9066,0.1774,0.1291,0.1318,0.1292,0.2105,0.1318,0.1993,0.1251,539.28,278.8,362.5,84.615,85.0425,85.3575,82.4325,83.505,82.05,43.1417,519.51,520.0,20.3439,517.37,488.81,13.8131
86.375,57.6,4.1297,57.6,287.145,358.0967,571.35,2.5994,4.5625,174.015,342.99,72.2867,709.92,19.4596,599.82,599.94,9.9863,66.2255,76.7869,2.5994,4.5625,11.1275,15.7325,9.1091,174.02,342.99,709.92,72.1212,33.0,45.006,9.622,4.058,12.303,44.754,24.934,14.9066,0.177,0.129,0.1317,0.1292,0.2102,0.1317,0.199,0.125,539.24,278.8,362.55,84.63,85.0275,85.305,82.425,83.4975,81.99,43.1474,519.48,520.0,20.3589,517.34,488.81,13.8145
86.275,57.5625,3.9781,57.5625,287.1,357.9934,571.7,2.6,4.565,174.204,342.99,72.2868,709.92,19.4589,599.94,600.0,9.9857,66.2249,76.7854,2.6,4.565,11.1276,15.7318,9.1108,174.202,343.02,709.92,72.0705,32.995,45.156,9.62,4.038,12.303,45.006,25.0275,14.9066,0.1771,0.1289,0.1316,0.1291,0.2102,0.1316,0.1989,0.1249,539.2,278.8,362.55,84.66,85.08,85.305,82.3725,83.5425,81.9975,43.1571,519.42,520.0,20.3593,517.34,488.81,13.8158
86.575,57.6,4.6641,57.525,287.235,357.9245,571.9,2.6002,4.5675,174.0015,343.02,72.2863,710.0,19.4584,600.0,600.0,9.9857,66.2248,76.7847,2.6002,4.5675,11.1277,15.7335,9.1108,174.006,343.02,710.0,72.0699,32.995,45.21,9.617,4.048,12.303,45.156,25.121,14.9066,0.1775,0.1289,0.1316,0.129,0.2101,0.1315,0.1988,0.1248,539.16,278.8,362.55,84.645,85.11,85.2975,82.365,83.565,82.035,43.1632,519.39,520.0,20.3597,517.34,488.78,13.8171
86.725,57.5625,4.4719,57.6375,287.505,357.8901,571.5,2.6002,4.5675,174.042,343.02,72.2863,710.0,19.4584,600.0,600.0,9.9856,66.2247,76.7844,2.6002,4.5675,11.1277,15.7338,9.1108,174.034,343.02,710.0,72.0187,32.99,45.228,9.615,4.082,12.303,45.21,25.1815,14.9066,0.1779,0.1289,0.1315,0.129,0.2101,0.1315,0.1988,0.1248,539.16,278.8,362.55,84.615,85.125,85.32,82.38,83.6025,82.02,43.1656,519.39,520.0,20.3601,517.34,488.78,13.8185
86.45,57.5625,4.5625,57.5625,286.92,358.4067,571.1,2.6002,4.5675,173.1915,343.02,72.2863,710.0,19.4584,600.0,600.0,9.9855,66.2254,76.7842,2.6002,4.5675,11.1278,15.734,9.1102,173.194,343.02,710.0,72.0174,32.99,45.246,9.614,4.12,12.304,45.228,25.2035,14.9066,0.1782,0.1289,0.1315,0.129,0.2099,0.1315,0.1988,0.1248,539.16,278.8,362.55,84.615,85.1625,85.275,82.3875,83.5875,82.0575,43.1681,519.39,520.0,20.3605,517.34,488.78,13.8198
86.625,57.6,4.4719,57.6,286.605,358.5444,571.15,2.6,4.57,173.2185,343.02,72.2863,710.0,19.4584,600.0,600.18,9.9854,66.2255,76.7847,2.6,4.57,11.1279,15.7343,9.1102,173.222,343.05,710.0,72.0162,32.99,45.606,9.613,4.144,12.304,45.246,25.22,14.9066,0.178,0.1288,0.1314,0.1289,0.2096,0.1314,0.1984,0.1247,539.24,278.85,362.6,84.6375,85.185,85.2675,82.3425,83.6175,82.05,43.163,519.45,520.0,20.361,517.34,488.78,13.8211
86.275,57.5625,4.7547,57.6,287.1,358.3723,571.2,2.6002,4.575,173.2725,343.05,72.2857,710.08,19.4561,600.18,600.3,9.9846,66.225,76.7839,2.6002,4.575,11.128,15.7345,9.1108,173.278,343.08,710.08,72.0149,32.99,45.912,9.608,4.139,12.304,45.606,25.3245,14.9066,0.1778,0.1287,0.1313,0.1287,0.2093,0.1313,0.1981,0.1245,539.32,278.85,362.6,84.6375,85.215,85.2975,82.38,83.565,82.065,43.1502,519.57,520.0,20.3463,517.34,488.78,13.8225
86.3,57.5625,4.5266,57.525,287.2125,358.3378,571.55,2.6004,4.58,174.069,343.08,72.2849,710.16,19.4539,600.3,600.36,9.9842,66.2241,76.7829,2.6004,4.58,11.128,15.7348,9.1118,174.076,343.11,710.16,72.0137,32.99,46.188,9.601,4.129,12.304,45.912,25.4675,14.9066,0.1777,0.1285,0.1312,0.1286,0.2091,0.1311,0.1978,0.1244,539.48,278.85,362.6,84.585,85.245,85.2825,82.3575,83.565,82.065,43.1369,519.69,520.0,20.3463,517.34,488.78,13.8238
86.025,57.6,4.4484,57.5625,287.0325,357.959,571.1,2.6006,4.5825,173.9205,343.11,72.284,710.24,19.4519,600.36,600.48,9.9839,66.2238,76.7817,2.6006,4.5825,11.1281,15.735,9.1129,173.922,343.14,710.24,72.0124,32.99,46.38,9.594,4.138,12.304,46.188,25.6215,14.9066,0.178,0.1284,0.131,0.1284,0.2089,0.131,0.1976,0.1243,539.56,278.85,362.6,84.615,85.2225,85.2675,82.395,83.5875,82.0725,43.1269,519.78,520.0,20.3462,517.34,488.78,13.8251
86.0,57.525,4.6312,57.525,286.875,358.5789,571.5,2.6008,4.585,173.7045,343.14,72.283,710.32,19.4489,600.48,600.36,9.9836,66.2235,76.7802,2.6008,4.585,11.1282,15.7353,9.1124,173.712,343.14,710.32,72.0618,32.995,46.524,9.587,4.167,12.304,46.38,25.759,14.9066,0.1783,0.1284,0.1309,0.1283,0.2087,0.1309,0.1975,0.1242,539.72,278.85,362.65,84.6525,85.1925,85.32,82.3425,83.61,82.095,43.1128,519.9,520.0,20.3461,517.34,488.78,13.8265
86.15,57.5625,4.7156,57.5625,287.4825,358.5789,571.15,2.601,4.5875,173.4885,343.14,72.2838,710.16,19.4484,600.36,600.42,9.9832,66.2231,76.7784,2.601,4.5875,11.1283,15.7355,9.1129,173.488,343.17,710.16,72.0612,32.995,46.626,9.581,4.203,12.304,46.524,25.8635,14.9066,0.1786,0.1283,0.1308,0.1283,0.2086,0.1308,0.1974,0.1241,539.84,278.85,362.65,84.615,85.1775,85.32,82.38,83.6325,82.11,43.0944,520.05,520.0,20.346,517.34,488.78,13.8278
86.975,57.6,4.3422,57.525,287.055,357.8557,571.1,2.6012,4.59,173.583,343.17,72.2829,710.24,19.4461,600.42,600.24,9.9829,66.2228,76.7764,2.6012,4.59,11.1284,15.7333,9.1129,173.586,343.17,710.24,72.0605,32.995,46.704,9.576,4.233,12.304,46.626,25.9405,14.9066,0.1788,0.1283,0.1308,0.1282,0.2085,0.1307,0.1973,0.124,540.0,278.9,362.65,84.6675,85.1625,85.2975,82.3425,83.5875,82.1025,43.0754,520.2,520.0,20.346,517.34,488.78,13.8291
86.5,57.525,4.6656,57.525,287.145,357.6835,571.85,2.6012,4.59,173.799,343.17,72.2825,710.24,19.4466,600.24,600.3,9.9826,66.2225,76.7749,2.6012,4.59,11.1284,15.7325,9.1129,173.796,343.2,710.24,72.1105,33.0,46.74,9.572,4.254,12.304,46.704,25.9955,14.9066,0.179,0.1282,0.1307,0.1282,0.2085,0.1307,0.1973,0.124,540.16,278.9,362.65,84.6225,85.1925,85.2675,82.32,83.5875,82.095,43.0558,520.35,520.0,20.3459,517.34,488.78,13.8305
86.8,57.6375,4.8406,57.6,287.19,357.959,571.4,2.6008,4.5925,174.1365,343.2,72.2822,710.24,19.4449,600.3,600.3,9.9822,66.2221,76.7749,2.6008,4.5925,11.1285,15.7318,9.1124,174.132,343.2,710.24,72.1105,33.0,46.722,9.568,4.266,12.303,46.74,26.0395,14.9066,0.179,0.1282,0.1307,0.1281,0.2086,0.1306,0.1973,0.1239,540.28,278.9,362.7,84.5775,85.2075,85.2525,82.2975,83.6175,82.035,43.0394,520.47,520.0,20.3458,517.34,488.78,13.8318
86.65,57.6,3.8609,57.5625,287.235,358.2345,571.35,2.6008,4.5925,173.772,343.2,72.2818,710.24,19.4436,600.3,600.24,9.9819,66.2218,76.7739,2.6008,4.5925,11.1286,15.7335,9.1124,173.782,343.2,710.24,72.1612,33.005,46.644,9.565,4.275,12.303,46.722,26.067,14.9066,0.1791,0.1282,0.1307,0.1281,0.2086,0.1306,0.1973,0.1239,540.36,278.9,362.7,84.57,85.2,85.2375,82.26,83.595,82.08,43.0299,520.53,520.0,20.3457,517.34,488.78,13.8331
86.4,57.525,4.3828,57.525,287.2575,358.6133,571.8,2.6002,4.5925,173.6505,343.2,72.2814,710.24,19.4431,600.24,600.06,9.9816,66.2215,76.7752,2.6002,4.5925,11.1287,15.7338,9.1118,173.656,343.2,710.24,72.1618,33.005,46.554,9.564,4.28,12.303,46.644,26.067,14.9066,0.1791,0.1282,0.1307,0.1282,0.2086,0.1307,0.1974,0.124,540.44,278.9,362.7,84.585,85.1925,85.2825,82.2825,83.595,82.035,43.0165,520.62,520.0,20.3457,517.37,488.78,13.8345
86.2,57.6,4.6875,57.6,286.8975,358.3378,571.95,2.6002,4.59,174.042,343.2,72.281,710.24,19.4444,600.06,600.0,9.9812,66.2211,76.7749,2.6002,4.59,11.1287,15.734,9.1118,174.048,343.17,710.24,72.213,33.01,46.446,9.563,4.279,12.303,46.554,26.0395,14.9066,0.1791,0.1283,0.1308,0.1282,0.2088,0.1307,0.1975,0.124,540.52,278.9,362.7,84.5475,85.185,85.32,82.3125,83.6325,82.0725,43.0065,520.68,520.0,20.3456,517.37,488.81,13.8358
86.425,57.6,4.7219,57.525,287.3925,357.9934,571.4,2.6,4.5875,173.934,343.17,72.2813,710.16,19.4449,600.0,599.94,9.9817,66.2208,76.7754,2.6,4.5875,11.1288,15.7343,9.1118,173.936,343.17,710.16,72.2143,33.01,46.284,9.564,4.273,12.303,46.446,25.9955,14.9066,0.179,0.1283,0.1308,0.1283,0.209,0.1308,0.1977,0.1241,540.52,278.9,362.7,84.5325,85.155,85.32,82.35,83.5725,82.035,43.0,520.71,520.0,20.3455,517.37,488.81,13.8371
86.575,57.5625,4.6328,57.6,287.0325,358.2689,571.95,2.6004,4.585,174.1095,343.17,72.281,710.16,19.4456,599.94,599.88,9.9816,66.2204,76.7739,2.6004,4.585,11.1289,15.7345,9.1118,174.118,343.14,710.16,72.2662,33.015,46.092,9.566,4.263,12.303,46.284,25.935,14.9066,0.1789,0.1284,0.1309,0.1283,0.2092,0.1309,0.1979,0.1242,540.52,278.95,362.75,84.495,85.125,85.29,82.3425,83.5875,82.0725,43.0009,520.68,520.0,20.3454,517.37,488.81,13.8385
86.95,57.525,4.1875,57.525,287.235,358.5444,571.45,2.5996,4.5825,173.2995,343.14,72.2814,710.08,19.4466,599.88,599.82,9.9815,66.2209,76.7764,2.5996,4.5825,11.129,15.7348,9.1108,173.306,343.14,710.08,72.2681,33.015,45.882,9.57,4.251,12.303,46.092,25.847,14.9066,0.1788,0.1285,0.131,0.1284,0.2093,0.131,0.1981,0.1242,540.48,278.95,362.75,84.5475,85.17,85.2525,82.3125,83.625,82.08,43.0019,520.65,520.0,20.3453,517.37,488.81,13.8398
86.75,57.5625,4.7828,57.6,287.145,358.3723,571.35,2.6,4.58,173.367,343.14,72.2813,710.08,19.4479,599.82,599.88,9.9814,66.2208,76.7754,2.6,4.58,11.1291,15.735,9.1108,173.376,343.11,710.08,72.2699,33.015,45.702,9.574,4.236,12.302,45.882,25.7425,14.9066,0.1787,0.1286,0.1311,0.1285,0.2094,0.131,0.1983,0.1244,540.44,278.95,362.75,84.5475,85.1175,85.26,82.3275,83.5875,82.0725,42.9993,520.65,520.0,20.3453,517.37,488.81,13.8411
86.875,57.6,4.0953,57.6,287.4825,358.2689,571.7,2.5992,4.5775,173.5155,343.11,72.2818,710.0,19.4479,599.88,599.82,9.9821,66.2207,76.7784,2.5992,4.5775,11.1291,15.7353,9.1096,173.516,343.08,710.0,72.3224,33.02,45.504,9.578,4.215,12.302,45.702,25.6325,14.9066,0.1785,0.1287,0.1312,0.1286,0.2097,0.1312,0.1985,0.1245,540.4,278.95,362.75,84.5625,85.11,85.305,82.3425,83.565,82.095,43.0042,520.59,520.0,20.3452,517.37,488.81,13.8425
86.5,57.6,4.4187,57.525,286.6275,357.959,571.9,2.5996,4.5725,174.15,343.08,72.2824,709.92,19.4491,599.82,599.76,9.9822,66.2206,76.7779,2.5996,4.5725,11.1292,15.7355,9.1096,174.146,343.08,709.92,72.3249,33.02,45.276,9.584,4.192,12.302,45.504,25.517,14.9066,0.1784,0.1288,0.1313,0.1288,0.21,0.1313,0.1987,0.1246,540.36,278.95,362.75,84.5325,85.0875,85.3425,82.305,83.5725,82.08,43.0093,520.53,520.0,20.3451,517.37,488.81,13.8438
86.85,57.525,4.6359,57.5625,286.83,358.0623,571.65,2.5994,4.57,173.1915,343.08,72.2832,709.84,19.4506,599.76,599.64,9.9824,66.2213,76.7792,2.5994,4.57,11.1293,15.7333,9.1091,173.194,343.05,709.84,72.3274,33.02,44.958,9.59,4.171,12.302,45.276,25.396,14.9066,0.1783,0.1289,0.1315,0.1289,0.2102,0.1314,0.199,0.1247,540.2,278.95,362.75,84.54,85.14,85.3275,82.2675,83.565,82.1175,43.026,520.38,520.0,20.345,517.4,488.84,13.8451
86.35,57.5625,4.2266,57.5625,287.055,358.4411,571.35,2.5994,4.57,173.5965,343.05,72.2834,709.84,19.4531,599.64,599.7,9.9826,66.2214,76.7799,2.5994,4.57,11.1294,15.7325,9.1091,173.6,343.05,709.84,72.3299,33.02,45.216,9.599,4.154,12.302,44.958,25.253,14.9066,0.1778,0.1289,0.1315,0.1289,0.21,0.1314,0.1988,0.1247,540.08,278.95,362.8,84.54,85.17,85.3725,82.275,83.595,82.065,43.0357,520.29,520.0,20.345,517.4,488.84,13.8465
86.625,57.5625,4.0906,57.5625,287.145,358.5444,571.95,2.5994,4.57,174.1095,343.05,72.283,709.92,19.4539,599.7,599.94,9.9827,66.2216,76.7807,2.5994,4.57,11.1295,15.7318,9.1096,174.118,343.05,709.92,72.2818,33.015,45.348,9.599,4.115,12.303,45.216,25.253,14.9066,0.1773,0.1288,0.1314,0.1289,0.2099,0.1314,0.1987,0.1247,540.0,279.0,362.8,84.57,85.2,85.38,82.2975,83.5725,82.035,43.0458,520.2,520.0,20.3449,517.4,488.84,13.8478
86.875,57.525,3.8984,57.6,287.2575,358.5444,571.8,2.5994,4.5725,174.285,343.05,72.2832,709.92,19.4521,599.94,599.94,9.9829,66.2218,76.7814,2.5994,4.5725,11.1295,15.7335,9.1096,174.286,343.05,709.92,72.2837,33.015,45.342,9.599,4.078,12.303,45.348,25.3025,14.9066,0.1772,0.1287,0.1314,0.1288,0.21,0.1314,0.1987,0.1247,539.92,279.0,362.8,84.555,85.2,85.365,82.3275,83.58,82.0575,43.0563,520.11,520.0,20.3448,517.4,488.84,13.8491
86.35,57.6,4.0203,57.6,286.92,357.649,571.15,2.5994,4.57,173.8125,343.05,72.2833,709.92,19.4524,599.94,599.88,9.9831,66.2219,76.7822,2.5994,4.57,11.1296,15.7338,9.1096,173.81,343.05,709.92,72.2856,33.015,45.222,9.6,4.077,12.303,45.342,25.33,14.9066,0.1776,0.1288,0.1314,0.1289,0.21,0.1314,0.1988,0.1247,539.8,279.0,362.8,84.51,85.23,85.3275,82.2825,83.61,82.0725,43.0671,520.02,520.0,20.3447,517.4,488.84,13.8505
86.95,57.525,3.8578,57.6,286.8075,358.1312,571.95,2.5998,4.57,173.5425,343.05,72.284,709.84,19.4534,599.88,599.82,9.9832,66.2221,76.7814,2.5998,4.57,11.1297,15.734,9.1096,173.544,343.05,709.84,72.2368,33.01,45.102,9.602,4.103,12.303,45.222,25.3025,14.9066,0.178,0.1289,0.1315,0.1289,0.2101,0.1314,0.1989,0.1248,539.72,279.0,362.85,84.555,85.245,85.2975,82.275,83.5725,82.0725,43.0783,519.93,520.0,20.3447,517.4,488.84,13.8518
86.775,57.5625,4.5187,57.5625,287.0775,358.3723,571.3,2.5996,4.5675,173.1915,343.05,72.2843,709.84,19.4546,599.82,599.76,9.9834,66.2223,76.7824,2.5996,4.5675,11.1298,15.7343,9.1096,173.194,343.02,709.84,72.2381,33.01,45.018,9.605,4.129,12.303,45.102,25.242,14.9066,0.1781,0.129,0.1315,0.129,0.2102,0.1315,0.199,0.1248,539.68,279.0,362.85,84.5475,85.245,85.2525,82.3275,83.52,82.0425,43.0861,519.87,520.0,20.3446,517.4,488.84,13.8531
86.475,57.6,4.2266,57.6,287.0325,358.4411,571.2,2.5998,4.57,174.285,343.02,72.2845,709.84,19.4561,599.76,599.94,9.9836,66.2225,76.7822,2.5998,4.57,11.1298,15.7345,9.1096,174.286,343.05,709.84,72.2393,33.01,45.384,9.608,4.136,12.303,45.018,25.1815,14.9066,0.1777,0.1289,0.1315,0.1289,0.2099,0.1314,0.1986,0.1248,539.64,279.0,362.85,84.5325,85.185,85.26,82.3425,83.49,82.0275,43.0904,519.84,520.0,20.3445,517.4,488.84,13.8545
86.1,57.6,4.2531,57.5625,287.19,357.8901,571.05,2.6,4.5725,173.7315,343.05,72.2842,709.92,19.4549,599.94,599.94,9.9837,66.2226,76.7817,2.6,4.5725,11.1299,15.7348,9.1102,173.726,343.05,709.92,72.2406,33.01,45.504,9.605,4.112,12.304,45.384,25.264,14.9066,0.1775,0.1288,0.1314,0.1288,0.2098,0.1314,0.1985,0.1247,539.56,279.05,362.85,84.5025,85.2,85.2225,82.3725,83.5275,82.065,43.0985,519.78,520.0,20.3444,517.4,488.84,13.8558
86.625,57.6,4.8156,57.6,287.1,358.3378,571.75,2.6,4.5725,173.448,343.05,72.2843,709.92,19.4551,599.94,600.12,9.9839,66.222,76.7817,2.6,4.5725,11.13,15.735,9.1102,173.446,343.05,709.92,72.2418,33.01,45.576,9.603,4.095,12.304,45.504,25.3575,14.9066,0.1775,0.1287,0.1313,0.1288,0.2097,0.1313,0.1984,0.1246,539.6,279.05,362.85,84.4875,85.2075,85.2,82.395,83.565,82.1025,43.0956,519.81,520.0,20.3444,517.4,488.84,13.8571
86.975,57.525,4.0594,57.6,287.19,357.9934,571.75,2.6002,4.575,173.8125,343.05,72.2844,709.92,19.4531,600.12,600.0,9.9841,66.222,76.7809,2.6002,4.575,11.1301,15.7353,9.1102,173.81,343.08,709.92,72.1925,33.005,45.624,9.601,4.106,12.304,45.576,25.407,14.9152,0.1778,0.1287,0.1313,0.1287,0.2096,0.1313,0.1984,0.1246,539.6,279.05,362.85,84.4575,85.1925,85.1925,82.38,83.52,82.0575,43.0927,519.84,520.0,20.3443,517.4,488.84,13.8585
86.475,57.5625,4.1766,57.5625,287.235,358.2345,571.25,2.6002,4.575,173.8125,343.08,72.2845,709.92,19.4541,600.0,600.18,9.9842,66.2219,76.7807,2.6002,4.575,11.1302,15.7355,9.1108,173.824,343.08,709.92,72.1931,33.005,45.654,9.599,4.129,12.304,45.624,25.44,14.9155,0.1781,0.1287,0.1313,0.1287,0.2096,0.1313,0.1984,0.1246,539.64,279.05,362.9,84.495,85.14,85.2225,82.4025,83.52,82.08,43.0933,519.84,520.0,20.3442,517.4,488.84,13.8598
86.5,57.6375,4.7203,57.6,287.3925,357.9934,571.75,2.6002,4.575,173.8665,343.08,72.2846,709.92,19.4519,600.18,600.0,9.9844,66.2218,76.7804,2.6002,4.575,11.1271,15.7333,9.1108,173.866,343.08,709.92,72.1937,33.005,45.66,9.598,4.152,12.305,45.654,25.4675,14.9158,0.1783,0.1287,0.1313,0.1287,0.2096,0.1313,0.1984,0.1245,539.64,279.05,362.9,84.525,85.14,85.23,82.35,83.4825,82.0425,43.0902,519.87,520.0,20.3441,517.4,488.84,13.8611
86.675,57.525,3.9469,57.525,287.3475,358.4756,571.2,2.6002,4.575,174.123,343.08,72.2848,709.92,19.4534,600.0,600.0,9.9846,66.2217,76.7802,2.6002,4.575,11.1259,15.7325,9.1108,174.132,343.08,709.92,72.1943,33.005,45.636,9.597,4.167,12.307,45.66,25.4675,14.9074,0.1784,0.1287,0.1313,0.1287,0.2097,0.1313,0.1984,0.1245,539.68,279.05,362.9,84.5325,85.14,85.2,82.2975,83.445,81.9975,43.0907,519.87,520.0,20.344,517.4,488.84,13.8625
86.775,57.525,4.8297,57.6,287.1675,358.2689,571.8,2.6002,4.575,174.177,343.08,72.2849,709.92,19.4534,600.0,600.0,9.9847,66.2216,76.7799,2.6002,4.575,11.1248,15.7318,9.1108,174.174,343.08,709.92,72.195,33.005,45.576,9.597,4.175,12.307,45.636,25.462,14.9074,0.1784,0.1287,0.1313,0.1287,0.2098,0.1313,0.1984,0.1246,539.64,279.1,362.9,84.54,85.1175,85.23,82.3425,83.4375,82.05,43.0912,519.87,520.0,20.344,517.4,488.84,13.8638
86.875,57.525,4.3266,57.525,287.1225,358.3378,571.65,2.6,4.5725,173.664,343.08,72.285,709.92,19.4534,600.0,599.94,9.9849,66.2215,76.7804,2.6,4.5725,11.1267,15.7335,9.1108,173.656,343.08,709.92,72.1956,33.005,45.492,9.598,4.176,12.306,45.576,25.44,14.9074,0.1784,0.1288,0.1313,0.1288,0.2098,0.1313,0.1985,0.1246,539.64,279.1,362.95,84.54,85.155,85.2,82.3875,83.445,81.9975,43.0955,519.84,520.0,20.3439,517.4,488.84,13.8651
86.0,57.525,4.7344,57.525,286.65,358.4067,571.1,2.6,4.5725,173.61,343.08,72.2851,709.92,19.4541,599.94,599.94,9.9851,66.2222,76.7804,2.6,4.5725,11.1268,15.7338,9.1102,173.614,343.05,709.92,72.2468,33.01,45.384,9.599,4.175,12.304,45.492,25.407,14.9074,0.1784,0.1288,0.1314,0.1288,0.2098,0.1314,0.1986,0.1247,539.64,279.1,362.95,84.5625,85.11,85.1775,82.335,83.49,81.9525,43.0962,519.84,520.0,20.3438,517.4,488.84,13.8665
86.375,57.525,4.5828,57.6,287.01,358.5444,571.35,2.5994,4.57,174.069,343.05,72.2859,709.84,19.4544,599.94,599.88,9.9853,66.2224,76.7827,2.5994,4.57,11.13,15.734,9.1091,174.076,343.05,709.84,72.2481,33.01,45.258,9.601,4.17,12.305,45.384,25.352,14.916,0.1784,0.1289,0.1315,0.1289,0.21,0.1314,0.1988,0.1247,539.64,279.1,362.95,84.585,85.155,85.2,82.305,83.4675,81.9525,43.0968,519.84,520.0,20.3437,517.4,488.84,13.8678
86.925,57.5625,4.4672,57.5625,286.965,357.8557,571.65,2.5996,4.5675,174.339,343.05,72.2849,710.0,19.4554,599.88,599.82,9.9854,66.2225,76.7827,2.5996,4.5675,11.1282,15.7343,9.1096,174.342,343.02,710.0,72.2493,33.01,45.054,9.605,4.163,12.305,45.258,25.286,14.9163,0.1784,0.129,0.1315,0.129,0.2102,0.1315,0.199,0.1248,539.56,279.1,362.95,84.63,85.17,85.2375,82.35,83.43,81.96,43.105,519.78,520.0,20.3437,517.4,488.84,13.8691
86.775,57.525,4.5109,57.5625,287.28,358.2345,571.35,2.5994,4.5625,173.934,343.02,72.2855,709.92,19.4566,599.82,599.7,9.9856,66.2227,76.7839,2.5994,4.5625,11.1283,15.7345,9.1091,173.936,342.99,709.92,72.2506,33.01,44.784,9.609,4.156,12.305,45.054,25.198,14.9166,0.1784,0.1291,0.1316,0.1291,0.2105,0.1316,0.1992,0.1249,539.48,279.1,362.95,84.615,85.1325,85.2675,82.3725,83.4075,81.9375,43.1171,519.69,520.0,20.3436,517.4,488.84,13.8705
86.725,57.5625,4.5734,57.5625,287.055,358.3723,571.25,2.5992,4.56,174.2985,342.99,72.2863,709.84,19.4589,599.7,599.76,9.9858,66.2236,76.7854,2.5992,4.56,11.1252,15.7348,9.1086,174.3,342.99,709.84,72.2012,33.005,44.562,9.615,4.149,12.307,44.784,25.0715,14.9083,0.1784,0.1292,0.1318,0.1292,0.2107,0.1318,0.1994,0.1251,539.36,279.1,363.0,84.615,85.155,85.2225,82.395,83.43,81.9825,43.1297,519.6,520.0,20.3435,517.37,488.84,13.8718
86.375,57.6375,4.4734,57.5625,286.605,358.5444,571.55,2.599,4.5575,173.9745,342.99,72.2884,709.6,19.4594,599.76,599.7,9.9859,66.224,76.7872,2.599,4.5575,11.1272,15.735,9.108,173.978,342.96,709.6,72.2019,33.005,44.328,9.621,4.134,12.307,44.562,24.9395,14.9083,0.1782,0.1293,0.1319,0.1293,0.211,0.1318,0.1997,0.1252,539.24,279.15,363.0,84.6,85.17,85.215,82.425,83.4375,81.96,43.1501,519.45,520.0,20.3434,517.37,488.81,13.8731
86.5,57.5625,4.1141,57.6,287.19,358.0279,571.4,2.599,4.555,173.5155,342.96,72.2878,709.76,19.4611,599.7,599.76,9.9861,66.2245,76.7884,2.599,4.555,11.1273,15.7353,9.108,173.516,342.96,709.76,72.2025,33.005,44.46,9.628,4.111,12.306,44.328,24.8075,14.9083,0.1777,0.1293,0.1319,0.1294,0.2107,0.1319,0.1996,0.1252,539.08,279.15,363.0,84.5625,85.155,85.2225,82.365,83.4,81.93,43.1673,519.33,520.0,20.3434,517.37,488.81,13.8745
86.25,57.5625,4.7016,57.6,286.875,357.9245,571.35,2.5998,4.56,173.7315,342.96,72.2875,709.84,19.4616,599.76,599.94,9.9863,66.2249,76.7867,2.5998,4.56,11.1305,15.7355,9.1091,173.726,342.99,709.84,72.2031,33.005,45.018,9.63,4.072,12.304,44.46,24.791,14.9083,0.1769,0.1291,0.1318,0.1292,0.2102,0.1318,0.199,0.1251,539.04,279.15,363.0,84.6,85.185,85.2525,82.3725,83.385,81.8925,43.1776,519.27,520.0,20.3433,517.37,488.81,13.8758
86.675,57.6,3.8937,57.525,287.3475,357.8212,571.4,2.6002,4.5675,173.313,342.99,72.2871,709.92,19.4604,599.94,600.24,9.9857,66.2245,76.7854,2.6002,4.5675,11.1287,15.7333,9.1102,173.32,343.02,709.92,72.1531,33.0,45.444,9.624,4.021,12.305,45.018,24.956,14.9083,0.1765,0.1289,0.1316,0.129,0.2098,0.1315,0.1986,0.1248,539.04,279.15,363.0,84.615,85.1325,85.23,82.38,83.3625,81.9,43.1805,519.27,520.0,20.3432,517.37,488.81,13.8771
86.725,57.5625,4.3406,57.5625,287.5275,358.4756,571.7,2.6006,4.5725,173.5155,343.02,72.286,710.08,19.4569,600.24,600.42,9.9848,66.2247,76.7837,2.6006,4.5725,11.1288,15.7325,9.1108,173.516,343.05,710.08,72.1531,33.0,45.846,9.616,4.004,12.305,45.444,25.1705,14.9083,0.1767,0.1287,0.1314,0.1288,0.2094,0.1314,0.1982,0.1246,539.12,279.15,363.05,84.6375,85.11,85.26,82.41,83.3475,81.8625,43.1722,519.36,520.0,20.3431,517.37,488.81,13.8785
86.25,57.525,4.4734,57.6,286.65,358.2,571.15,2.601,4.5775,173.2455,343.05,72.2853,710.16,19.4536,600.42,600.54,9.9845,66.2241,76.7814,2.601,4.5775,11.1263,15.7318,9.1118,173.25,343.11,710.16,72.1025,32.995,46.23,9.607,4.04,12.305,45.846,25.385,14.9169,0.1773,0.1285,0.1312,0.1286,0.209,0.1311,0.1978,0.1244,539.24,279.15,363.05,84.675,85.1325,85.2525,82.38,83.3475,81.8625,43.1597,519.48,520.0,20.3431,517.37,488.81,13.8798
86.975,57.6,4.2922,57.5625,286.92,357.6835,571.75,2.6012,4.585,173.9205,343.11,72.2844,710.24,19.4504,600.54,600.54,9.9842,66.224,76.7794,2.6012,4.585,11.1279,15.7335,9.1124,173.908,343.14,710.24,72.1018,32.995,46.584,9.597,4.102,12.305,46.23,25.605,14.9172,0.1779,0.1284,0.131,0.1284,0.2087,0.131,0.1974,0.1242,539.44,279.2,363.05,84.72,85.155,85.23,82.3425,83.4075,81.9075,43.1393,519.66,520.0,20.343,517.37,488.81,13.8811
86.95,57.6,3.9922,57.5625,286.875,358.2689,571.1,2.6012,4.59,174.2445,343.14,72.2828,710.4,19.4481,600.54,600.48,9.9838,66.2232,76.7779,2.6012,4.59,11.128,15.7338,9.1129,174.244,343.17,710.4,72.1012,32.995,46.854,9.587,4.163,12.305,46.584,25.8085,14.9174,0.1784,0.1282,0.1308,0.1282,0.2085,0.1307,0.1972,0.124,539.6,279.2,363.05,84.7425,85.1175,85.245,82.365,83.415,81.9225,43.1219,519.81,520.0,20.3429,517.37,488.81,13.8825
86.45,57.5625,4.3625,57.6,287.1225,358.0967,571.6,2.6014,4.5925,173.394,343.17,72.2821,710.4,19.4466,600.48,600.54,9.9835,66.2229,76.7757,2.6014,4.5925,11.1281,15.734,9.1135,173.404,343.2,710.4,72.1006,32.995,47.016,9.578,4.214,12.307,46.854,25.9845,14.9091,0.1787,0.1281,0.1306,0.1281,0.2082,0.1306,0.197,0.1239,539.76,279.2,363.1,84.765,85.095,85.2075,82.41,83.4375,81.9675,43.1001,519.99,520.0,20.3428,517.37,488.81,13.8838
86.675,57.5625,4.0703,57.525,286.7625,357.7523,571.55,2.601,4.595,174.1095,343.2,72.2821,710.32,19.4439,600.54,600.42,9.9832,66.2225,76.7754,2.601,4.595,11.1281,15.7343,9.1129,174.104,343.23,710.32,72.1506,33.0,47.154,9.57,4.254,12.307,47.016,26.1165,14.9091,0.179,0.1281,0.1306,0.128,0.2082,0.1306,0.1969,0.1238,540.0,279.2,363.1,84.735,85.125,85.1775,82.425,83.43,81.99,43.0738,520.2,520.0,20.3428,517.37,488.81,13.8851
86.95,57.5625,4.3688,57.525,287.1,358.3378,571.1,2.6012,4.5975,173.6505,343.23,72.281,710.4,19.4431,600.42,600.48,9.9828,66.2215,76.7734,2.6012,4.5975,11.1282,15.7345,9.1135,173.656,343.23,710.4,72.1506,33.0,47.19,9.562,4.281,12.306,47.154,26.2045,14.9091,0.1792,0.128,0.1305,0.1279,0.208,0.1305,0.1968,0.1237,540.2,279.2,363.1,84.6975,85.0875,85.17,82.3875,83.415,82.0275,43.0505,520.38,520.0,20.3427,517.37,488.81,13.8865
86.6,57.5625,4.3703,57.6,286.8075,358.4067,571.1,2.6012,4.6,174.5145,343.23,72.2804,710.4,19.4406,600.48,600.3,9.9825,66.2209,76.7719,2.6012,4.6,11.1283,15.7348,9.1135,174.51,343.23,710.4,72.2012,33.005,47.19,9.557,4.301,12.304,47.19,26.2815,14.9091,0.1793,0.128,0.1304,0.1279,0.2082,0.1304,0.1968,0.1237,540.36,279.2,363.1,84.7125,85.0575,85.215,82.4025,83.43,81.9975,43.0264,520.56,520.0,20.3426,517.37,488.81,13.8878
86.6,57.525,4.3031,57.5625,287.01,357.6835,571.05,2.6012,4.6,174.258,343.23,72.2798,710.4,19.4409,600.3,600.24,9.9822,66.2203,76.7704,2.6012,4.6,11.1284,15.735,9.1135,174.258,343.23,710.4,72.2524,33.01,47.088,9.553,4.315,12.304,47.19,26.32,14.9091,0.1794,0.128,0.1304,0.1279,0.2082,0.1304,0.1969,0.1237,540.48,279.25,363.1,84.6675,85.05,85.2225,82.395,83.445,82.0425,43.0129,520.65,520.0,20.3425,517.37,488.81,13.8891
86.25,57.5625,4.8016,57.525,287.1225,358.3034,571.5,2.6006,4.5975,174.1365,343.23,72.2791,710.4,19.4404,600.24,600.18,9.9818,66.2197,76.7712,2.6006,4.5975,11.1285,15.7353,9.1129,174.132,343.23,710.4,72.2537,33.01,46.932,9.551,4.326,12.304,47.088,26.331,14.9091,0.1795,0.128,0.1305,0.1279,0.2083,0.1304,0.1971,0.1237,540.56,279.25,363.15,84.645,85.1025,85.1925,82.395,83.4375,82.0425,42.999,520.74,520.0,20.3424,517.37,488.81,13.8905
86.975,57.5625,4.4359,57.525,287.1225,357.7179,571.75,2.6006,4.5975,173.61,343.23,72.2791,710.32,19.4401,600.18,600.12,9.9815,66.2191,76.7704,2.6006,4.5975,11.1285,15.7355,9.1124,173.614,343.23,710.32,72.3056,33.015,46.74,9.551,4.329,12.304,46.932,26.287,14.9091,0.1795,0.1281,0.1305,0.128,0.2085,0.1305,0.1973,0.1238,540.64,279.25,363.15,84.6375,85.08,85.2075,82.4025,83.46,82.035,42.9885,520.8,520.0,20.3424,517.4,488.81,13.8918
86.15,57.5625,4.3531,57.525,287.325,358.5789,571.9,2.6004,4.5925,173.691,343.23,72.2799,710.16,19.4401,600.12,600.06,9.9812,66.2193,76.7704,2.6004,4.5925,11.1286,15.7333,9.1118,173.698,343.2,710.16,72.3581,33.02,46.548,9.552,4.324,12.304,46.74,26.2155,14.9091,0.1794,0.1282,0.1306,0.1281,0.2086,0.1306,0.1974,0.1239,540.72,279.25,363.15,84.615,85.0575,85.23,82.3575,83.4975,82.0125,42.9777,520.86,520.0,20.3423,517.4,488.84,13.8931
86.25,57.5625,4.6172,57.5625,286.8525,358.2689,571.35,2.6002,4.59,173.4615,343.2,72.2803,710.08,19.4404,600.06,600.0,9.9816,66.2197,76.7707,2.6002,4.59,11.1287,15.7325,9.1113,173.46,343.17,710.08,72.3606,33.02,46.332,9.555,4.309,12.303,46.548,26.122,14.9091,0.1793,0.1283,0.1307,0.1282,0.2089,0.1307,0.1976,0.124,540.72,279.25,363.15,84.585,85.08,85.2075,82.3725,83.4975,82.05,42.9705,520.89,520.0,20.3422,517.4,488.84,13.8945
86.375,57.6,4.0234,57.6,287.2125,358.5444,571.35,2.6,4.5875,174.258,343.17,72.2808,710.0,19.4409,600.0,599.88,9.9815,66.2196,76.7712,2.6,4.5875,11.1288,15.7318,9.1108,174.258,343.17,710.0,72.4137,33.025,46.11,9.559,4.288,12.303,46.332,26.0175,14.9091,0.179,0.1284,0.1308,0.1283,0.2092,0.1308,0.1979,0.1241,540.76,279.25,363.2,84.5475,85.0425,85.26,82.3275,83.46,82.0725,42.9631,520.92,520.0,20.3421,517.4,488.84,13.8958
86.75,57.6,4.6781,57.6,286.785,357.8901,571.1,2.5998,4.585,173.7315,343.17,72.2808,710.0,19.4424,599.88,599.82,9.9814,66.2196,76.7719,2.5998,4.585,11.1289,15.7335,9.1102,173.74,343.14,710.0,72.4168,33.025,45.828,9.563,4.263,12.303,46.11,25.8965,14.9091,0.1789,0.1285,0.131,0.1284,0.2094,0.131,0.1982,0.1242,540.68,279.3,363.2,84.5625,85.0725,85.2525,82.3575,83.4375,82.1025,42.9707,520.83,520.0,20.3421,517.4,488.84,13.8971
86.525,57.6,4.1391,57.6,287.1225,358.2345,571.65,2.5994,4.58,173.2455,343.14,72.2808,710.0,19.4436,599.82,599.64,9.9821,66.2202,76.7737,2.5994,4.58,11.1289,15.7338,9.1096,173.25,343.11,710.0,72.42,33.025,45.486,9.57,4.239,12.303,45.828,25.7645,14.9091,0.1788,0.1286,0.1311,0.1286,0.2097,0.1311,0.1985,0.1244,540.6,279.3,363.2,84.615,85.11,85.305,82.3725,83.4675,82.125,42.9749,520.77,520.0,20.342,517.4,488.84,13.8985
86.15,57.6,4.7188,57.6,286.8975,358.4756,571.4,2.599,4.575,173.9745,343.11,72.2814,709.92,19.4466,599.64,599.58,9.9822,66.2204,76.7759,2.599,4.575,11.129,15.734,9.1091,173.964,343.08,709.92,72.4231,33.025,45.192,9.578,4.217,12.303,45.486,25.5885,14.9091,0.1786,0.1288,0.1313,0.1287,0.2101,0.1313,0.1988,0.1246,540.52,279.3,363.2,84.585,85.095,85.3125,82.3875,83.49,82.1475,42.983,520.68,520.0,20.3419,517.43,488.84,13.8998
86.55,57.6,4.6609,57.5625,286.6275,357.959,571.7,2.5988,4.5675,174.0825,343.08,72.2821,709.84,19.4489,599.58,599.4,9.9832,66.2213,76.7779,2.5988,4.5675,11.1291,15.7343,9.1086,174.09,343.05,709.84,72.4262,33.025,44.832,9.586,4.189,12.303,45.192,25.418,14.9091,0.1784,0.1289,0.1315,0.1289,0.2104,0.1314,0.1992,0.1248,540.32,279.3,363.2,84.585,85.0875,85.3425,82.395,83.5125,82.11,42.9991,520.53,520.0,20.3418,517.43,488.87,13.9011
86.7,57.525,4.0187,57.6,287.1,357.9245,571.85,2.5984,4.5625,174.177,343.05,72.283,709.76,19.4529,599.4,599.46,9.9836,66.221,76.7809,2.5984,4.5625,11.1292,15.7345,9.108,174.174,342.99,709.76,72.4293,33.025,44.454,9.596,4.158,12.303,44.832,25.231,14.9091,0.1782,0.1291,0.1317,0.1291,0.2108,0.1316,0.1995,0.125,540.12,279.3,363.25,84.555,85.08,85.32,82.41,83.535,82.1175,43.0232,520.32,520.0,20.3418,517.43,488.87,13.9025
86.825,57.525,4.2953,57.525,287.37,358.4756,571.95,2.5986,4.5575,173.2725,342.99,72.284,709.68,19.4546,599.46,599.28,9.984,66.2219,76.7822,2.5986,4.5575,11.1292,15.7348,9.1074,173.278,342.96,709.68,72.4325,33.025,44.1,9.607,4.127,12.303,44.454,25.033,14.9091,0.1779,0.1293,0.1319,0.1293,0.211,0.1318,0.1999,0.1252,539.88,279.3,363.25,84.5325,85.1175,85.2975,82.4325,83.49,82.1475,43.052,520.08,520.0,20.3417,517.43,488.87,13.9038
86.675,57.5625,4.4062,57.6,286.515,357.8212,571.35,2.5988,4.5625,174.123,342.96,72.2839,709.76,19.4591,599.28,599.76,9.9837,66.2215,76.7832,2.5988,4.5625,11.1293,15.735,9.108,174.132,342.99,709.76,72.4356,33.025,44.94,9.618,4.092,12.303,44.1,24.8295,14.9091,0.1767,0.129,0.1317,0.1292,0.2103,0.1317,0.1991,0.125,539.68,279.3,363.25,84.495,85.125,85.305,82.38,83.505,82.1475,43.078,519.87,520.0,20.3416,517.43,488.87,13.9051
86.95,57.5625,4.1422,57.5625,287.19,358.3723,571.9,2.5998,4.5675,174.15,342.99,72.2836,709.84,19.4561,599.76,599.94,9.9838,66.2217,76.7809,2.5998,4.5675,11.1294,15.7353,9.1096,174.16,343.02,709.84,72.3881,33.02,45.456,9.613,4.012,12.304,44.94,24.989,14.9091,0.1758,0.1287,0.1315,0.129,0.2098,0.1315,0.1985,0.1248,539.56,279.35,363.25,84.5325,85.095,85.2675,82.3725,83.55,82.1475,43.0935,519.75,520.0,20.3415,517.43,488.87,13.9065
86.675,57.525,4.3688,57.6,287.2575,358.4411,571.45,2.6002,4.575,174.123,343.02,72.2833,709.92,19.4549,599.94,600.24,9.9832,66.2211,76.7797,2.6002,4.575,11.1295,15.7355,9.1108,174.118,343.08,709.92,72.34,33.015,45.774,9.606,3.955,12.304,45.456,25.231,14.9091,0.1759,0.1285,0.1313,0.1287,0.2095,0.1313,0.1982,0.1246,539.52,279.35,363.25,84.51,85.11,85.3125,82.3425,83.5425,82.095,43.0983,519.72,520.0,20.3415,517.43,488.87,13.9078
86.275,57.525,3.8703,57.525,287.055,358.5444,571.15,2.6004,4.5775,174.1905,343.08,72.2828,710.0,19.4514,600.24,600.3,9.9832,66.2211,76.7787,2.6004,4.5775,11.1296,15.7333,9.1113,174.188,343.11,710.0,72.2912,33.01,45.936,9.599,3.985,12.304,45.774,25.4455,14.9091,0.1769,0.1285,0.1312,0.1286,0.2094,0.1311,0.1981,0.1244,539.52,279.35,363.3,84.4875,85.14,85.2975,82.32,83.5425,82.065,43.0957,519.75,520.0,20.3414,517.43,488.87,13.9091
86.65,57.6,4.7141,57.6,286.605,357.7523,571.75,2.6006,4.58,174.204,343.11,72.2821,710.08,19.4496,600.3,600.18,9.9831,66.221,76.7774,2.6006,4.58,11.1296,15.7325,9.1118,174.216,343.11,710.08,72.2925,33.01,46.068,9.593,4.071,12.304,45.936,25.5885,14.9091,0.1779,0.1285,0.1311,0.1285,0.2093,0.131,0.1979,0.1243,539.56,279.35,363.3,84.5325,85.14,85.2825,82.35,83.5725,82.08,43.0929,519.78,520.0,20.3413,517.43,488.87,13.9105
86.825,57.525,4.4984,57.5625,286.65,358.5444,571.75,2.6002,4.5825,173.9745,343.11,72.282,710.08,19.4499,600.18,600.18,9.983,66.2209,76.7782,2.6002,4.5825,11.1297,15.7318,9.1113,173.978,343.14,710.08,72.2937,33.01,46.152,9.588,4.153,12.304,46.068,25.6875,14.9091,0.1784,0.1285,0.131,0.1284,0.2091,0.131,0.1979,0.1243,539.6,279.35,363.3,84.57,85.1775,85.3125,82.3275,83.55,82.095,43.09,519.81,520.0,20.3412,517.43,488.87,13.9118
86.075,57.6,3.875,57.5625,287.3025,358.0967,571.55,2.6002,4.5825,173.6235,343.14,72.2819,710.08,19.4491,600.18,600.06,9.9829,66.2208,76.7779,2.6002,4.5825,11.1298,15.7335,9.1113,173.628,343.14,710.08,72.295,33.01,46.194,9.585,4.204,12.305,46.152,25.7535,14.9177,0.1787,0.1285,0.131,0.1284,0.209,0.131,0.1978,0.1242,539.68,279.35,363.3,84.525,85.2,85.3575,82.35,83.58,82.1325,43.0795,519.9,520.0,20.3412,517.43,488.87,13.9131
86.525,57.5625,4.5719,57.5625,286.9425,358.4067,571.6,2.6002,4.585,173.7855,343.14,72.2818,710.08,19.4499,600.06,600.06,9.9828,66.2207,76.7776,2.6002,4.585,11.1299,15.7338,9.1113,173.782,343.14,710.08,72.2962,33.01,46.206,9.582,4.225,12.305,46.194,25.7865,14.918,0.1787,0.1285,0.131,0.1284,0.209,0.131,0.1978,0.1242,539.76,279.4,363.3,84.555,85.2,85.335,82.3125,83.6175,82.0875,43.0687,519.99,520.0,20.3411,517.43,488.87,13.9145
86.575,57.5625,4.4516,57.6,287.4825,357.7523,571.15,2.6002,4.5825,173.9205,343.14,72.2816,710.08,19.4496,600.06,600.06,9.9827,66.2206,76.7774,2.6002,4.5825,11.1299,15.734,9.1113,173.922,343.14,710.08,72.3481,33.015,46.17,9.58,4.229,12.305,46.206,25.7975,14.9183,0.1787,0.1285,0.131,0.1284,0.2091,0.131,0.1979,0.1242,539.84,279.4,363.35,84.57,85.1925,85.29,82.2975,83.5875,82.11,43.0612,520.05,520.0,20.341,517.43,488.87,13.9158
86.9,57.5625,3.9219,57.525,286.515,358.5444,571.55,2.6002,4.5825,173.7585,343.14,72.2815,710.08,19.4494,600.06,600.06,9.9827,66.2206,76.7771,2.6002,4.5825,11.13,15.7343,9.1113,173.768,343.14,710.08,72.35,33.015,46.086,9.58,4.226,12.307,46.17,25.781,14.9099,0.1787,0.1285,0.131,0.1284,0.2092,0.131,0.1979,0.1243,539.92,279.4,363.35,84.615,85.2075,85.2975,82.3275,83.55,82.1175,43.0535,520.11,520.0,20.3409,517.43,488.87,13.9171
86.875,57.6,4.3766,57.5625,287.2125,358.51,571.75,2.6,4.5825,173.7855,343.14,72.2814,710.08,19.4491,600.06,600.0,9.9826,66.2205,76.7776,2.6,4.5825,11.1301,15.7345,9.1108,173.782,343.11,710.08,72.3519,33.015,45.972,9.581,4.225,12.307,46.086,25.748,14.9099,0.1787,0.1285,0.131,0.1285,0.2093,0.131,0.198,0.1243,539.96,279.4,363.35,84.615,85.155,85.32,82.365,83.505,82.08,43.0455,520.17,520.0,20.3408,517.43,488.87,13.9185
86.475,57.5625,4.3969,57.525,287.2575,358.3378,571.35,2.6,4.58,174.0285,343.11,72.2813,710.08,19.4496,600.0,599.94,9.9825,66.2204,76.7776,2.6,4.58,11.1302,15.7348,9.1108,174.034,343.11,710.08,72.3538,33.015,45.846,9.582,4.221,12.307,45.972,25.693,14.9099,0.1787,0.1286,0.1311,0.1285,0.2094,0.131,0.1982,0.1244,540.0,279.4,363.35,84.6225,85.1175,85.335,82.3125,83.4525,82.0425,43.0448,520.17,520.0,20.3408,517.43,488.87,13.9198
86.4,57.525,4.3609,57.5625,286.9425,358.3723,571.6,2.5998,4.5775,173.2185,343.11,72.2818,710.0,19.4504,599.94,599.88,9.9824,66.2203,76.7784,2.5998,4.5775,11.1271,15.735,9.1102,173.222,343.11,710.0,72.3556,33.015,45.69,9.584,4.215,12.305,45.846,25.638,14.9099,0.1787,0.1287,0.1312,0.1286,0.2095,0.1311,0.1983,0.1245,539.96,279.4,363.35,84.6,85.095,85.32,82.32,83.505,82.02,43.0442,520.17,520.0,20.3407,517.43,488.87,13.9211
86.2,57.6,4.4578,57.5625,287.3475,358.4067,571.75,2.5996,4.575,174.2175,343.11,72.2818,710.0,19.4514,599.88,599.82,9.9831,66.2202,76.7794,2.5996,4.575,11.126,15.7353,9.1102,174.216,343.08,710.0,72.4081,33.02,45.546,9.587,4.207,12.305,45.69,25.5665,14.9099,0.1786,0.1287,0.1313,0.1287,0.2098,0.1312,0.1985,0.1245,540.0,279.45,363.4,84.6375,85.11,85.29,82.305,83.5125,82.05,43.0397,520.2,520.0,20.3406,517.43,488.87,13.9225
86.05,57.5625,4.4047,57.6,287.055,358.4756,571.5,2.5994,4.5725,173.5965,343.08,72.2824,709.92,19.4526,599.82,599.88,9.9833,66.2209,76.7806,2.5994,4.5725,11.1248,15.7355,9.1096,173.586,343.05,709.92,72.4107,33.02,45.246,9.591,4.194,12.305,45.546,25.484,14.9099,0.1786,0.1288,0.1314,0.1288,0.21,0.1314,0.1988,0.1247,539.92,279.45,363.4,84.6675,85.0875,85.2675,82.26,83.49,82.0725,43.0502,520.11,520.0,20.3405,517.43,488.87,13.9238
86.95,57.6375,4.6828,57.5625,287.325,358.0623,571.1,2.5992,4.5675,173.2185,343.05,72.2832,709.84,19.4526,599.88,599.76,9.9834,66.221,76.7822,2.5992,4.5675,11.1267,15.7333,9.1091,173.208,343.02,709.84,72.4132,33.02,44.988,9.597,4.183,12.305,45.246,25.363,14.9185,0.1785,0.129,0.1315,0.1289,0.2102,0.1314,0.199,0.1248,539.84,279.45,363.4,84.6675,85.095,85.2975,82.2675,83.505,82.0275,43.0572,520.05,520.0,20.3405,517.43,488.87,13.9251
86.55,57.6,4.3141,57.6375,287.1225,358.2345,571.45,2.5992,4.5675,173.8665,343.02,72.2834,709.84,19.4546,599.76,599.82,9.9836,66.2212,76.7831,2.5992,4.5675,11.1268,15.7325,9.1091,173.866,343.02,709.84,72.4157,33.02,45.138,9.603,4.169,12.305,44.988,25.2255,14.9188,0.1781,0.1289,0.1315,0.129,0.2102,0.1315,0.1989,0.1248,539.8,279.45,363.4,84.63,85.095,85.29,82.2225,83.52,82.05,43.0646,519.99,520.0,20.3404,517.43,488.87,13.9264
86.875,57.5625,4.6906,57.5625,286.65,357.8557,571.8,2.5996,4.5675,173.016,343.02,72.2837,709.84,19.4549,599.82,599.82,9.9838,66.2214,76.7827,2.5996,4.5675,11.13,15.7318,9.1096,173.012,343.02,709.84,72.3675,33.015,45.156,9.605,4.131,12.305,45.138,25.209,14.9191,0.1776,0.1289,0.1315,0.129,0.21,0.1315,0.1989,0.1248,539.72,279.45,363.4,84.585,85.11,85.3275,82.245,83.55,82.0425,43.0759,519.9,520.0,20.3403,517.43,488.87,13.9278
86.275,57.6,4.7797,57.5625,286.83,357.8557,571.6,2.5998,4.57,173.988,343.02,72.2839,709.84,19.4556,599.82,599.94,9.9839,66.2215,76.7824,2.5998,4.57,11.1282,15.7335,9.1096,173.992,343.05,709.84,72.3694,33.015,45.426,9.606,4.096,12.307,45.156,25.2035,14.9108,0.1773,0.1288,0.1315,0.1289,0.2098,0.1314,0.1986,0.1247,539.68,279.45,363.45,84.585,85.1325,85.3125,82.2075,83.5575,82.0125,43.0763,519.9,520.0,20.3402,517.43,488.87,13.9291
86.225,57.525,3.9609,57.5625,286.6725,358.4067,571.4,2.6,4.5725,173.718,343.05,72.2835,709.92,19.4549,599.94,599.94,9.9841,66.2217,76.7819,2.6,4.5725,11.1283,15.7338,9.1102,173.726,343.05,709.92,72.3713,33.015,45.504,9.603,4.076,12.307,45.426,25.275,14.9108,0.1773,0.1287,0.1314,0.1288,0.2098,0.1314,0.1985,0.1247,539.64,279.45,363.45,84.5775,85.17,85.3275,82.23,83.595,82.0275,43.0804,519.87,520.0,20.3402,517.43,488.87,13.9304
86.275,57.6,4.2969,57.525,287.1,358.1656,571.55,2.6,4.5725,174.123,343.05,72.2837,709.92,19.4551,599.94,600.12,9.9843,66.2219,76.7819,2.6,4.5725,11.1253,15.734,9.1102,174.132,343.05,709.92,72.3225,33.01,45.522,9.602,4.082,12.307,45.504,25.3465,14.9108,0.1776,0.1287,0.1314,0.1288,0.2098,0.1314,0.1985,0.1246,539.64,279.5,363.45,84.615,85.215,85.305,82.2,83.61,81.975,43.081,519.87,520.0,20.3401,517.43,488.87,13.9318
86.75,57.5625,4.2297,57.5625,286.56,358.1656,571.45,2.6,4.5725,173.529,343.05,72.2838,709.92,19.4531,600.12,599.94,9.9844,66.2221,76.7819,2.6,4.5725,11.1272,15.7343,9.1102,173.53,343.05,709.92,72.3238,33.01,45.414,9.601,4.111,12.306,45.522,25.3795,14.9108,0.1781,0.1288,0.1314,0.1288,0.2098,0.1314,0.1986,0.1247,539.6,279.5,363.45,84.5775,85.155,85.29,82.2375,83.595,81.945,43.0852,519.84,520.0,20.34,517.43,488.87,13.9331
86.125,57.6,4.5766,57.6,286.7625,357.9245,571.2,2.5998,4.57,174.258,343.05,72.2839,709.92,19.4549,599.94,600.06,9.9846,66.2222,76.7826,2.5998,4.57,11.1273,15.7345,9.1096,174.258,343.05,709.92,72.325,33.01,45.312,9.602,4.145,12.306,45.414,25.363,14.9108,0.1784,0.1289,0.1314,0.1289,0.21,0.1314,0.1987,0.1247,539.6,279.5,363.5,84.5625,85.155,85.32,82.2,83.58,81.9225,43.0859,519.84,520.0,20.3399,517.43,488.87,13.9344
86.6,57.6,4.0609,57.5625,287.1,357.6835,571.45,2.5998,4.5675,173.016,343.05,72.2847,709.84,19.4536,600.06,599.82,9.9848,66.2224,76.7829,2.5998,4.5675,11.1305,15.7348,9.1096,173.026,343.02,709.84,72.3263,33.01,45.09,9.604,4.166,12.306,45.312,25.3135,14.9108,0.1785,0.129,0.1315,0.1289,0.2101,0.1314,0.1989,0.1248,539.56,279.5,363.5,84.54,85.1625,85.2975,82.2375,83.61,81.96,43.0941,519.78,520.0,20.3399,517.43,488.87,13.9358
86.15,57.6,4.8094,57.525,286.83,357.9245,571.3,2.5998,4.57,173.799,343.02,72.2849,709.84,19.4564,599.82,599.94,9.9849,66.2226,76.7831,2.5998,4.57,11.1287,15.735,9.1102,173.796,343.05,709.84,72.3275,33.01,45.492,9.608,4.171,12.306,45.09,25.2255,14.9108,0.1781,0.1289,0.1314,0.1289,0.2098,0.1314,0.1985,0.1247,539.56,279.5,363.5,84.525,85.185,85.3275,82.2525,83.64,81.99,43.0949,519.78,520.0,20.3398,517.43,488.87,13.9371
86.225,57.5625,4.4156,57.5625,287.1675,357.6835,571.5,2.6,4.5725,173.8395,343.05,72.2845,709.92,19.4556,599.94,600.06,9.9843,66.222,76.7826,2.6,4.5725,11.1288,15.7353,9.1102,173.838,343.05,709.92,72.3288,33.01,45.684,9.604,4.139,12.306,45.492,25.297,14.9108,0.1776,0.1287,0.1314,0.1288,0.2096,0.1314,0.1983,0.1246,539.56,279.5,363.5,84.51,85.1625,85.365,82.2975,83.6775,81.945,43.0958,519.78,520.0,20.3397,517.43,488.87,13.9384
86.0,57.6,4.8187,57.5625,286.92,358.4411,571.65,2.6002,4.575,174.0285,343.05,72.2847,709.92,19.4544,600.06,600.18,9.9843,66.2219,76.7819,2.6002,4.575,11.1257,15.7355,9.1108,174.034,343.08,709.92,72.2794,33.005,45.738,9.601,4.108,12.306,45.684,25.396,14.9108,0.1776,0.1287,0.1313,0.1287,0.2095,0.1313,0.1983,0.1246,539.56,279.55,363.55,84.555,85.155,85.3575,82.335,83.685,81.96,43.0967,519.78,520.0,20.3396,517.43,488.87,13.9398
86.75,57.525,4.0078,57.5625,286.5825,358.51,571.65,2.6002,4.575,174.1905,343.08,72.2841,710.0,19.4526,600.18,600.24,9.9842,66.2218,76.7816,2.6002,4.575,11.1277,15.7333,9.1108,174.188,343.08,710.0,72.2801,33.005,45.768,9.598,4.113,12.306,45.738,25.462,14.9108,0.1779,0.1287,0.1312,0.1287,0.2095,0.1312,0.1982,0.1245,539.6,279.55,363.55,84.5475,85.2,85.3725,82.32,83.6775,81.9675,43.0938,519.81,520.0,20.3395,517.43,488.87,13.9411
86.575,57.6,3.9406,57.5625,286.83,357.6835,571.75,2.6002,4.5775,173.988,343.08,72.2841,710.0,19.4511,600.24,600.06,9.9841,66.2217,76.7814,2.6002,4.5775,11.1278,15.7325,9.1108,173.992,343.08,710.0,72.2807,33.005,45.762,9.596,4.14,12.306,45.768,25.5005,14.9108,0.1782,0.1287,0.1312,0.1287,0.2095,0.1312,0.1983,0.1245,539.6,279.55,363.55,84.585,85.1475,85.3725,82.32,83.67,81.93,43.0946,519.81,520.0,20.3395,517.43,488.87,13.9424
86.125,57.5625,4.2922,57.5625,287.3475,358.51,571.85,2.6002,4.575,173.475,343.08,72.2841,710.0,19.4524,600.06,600.06,9.984,66.2216,76.7811,2.6002,4.575,11.1278,15.7318,9.1108,173.474,343.08,710.0,72.2813,33.005,45.732,9.595,4.167,12.306,45.762,25.517,14.9108,0.1784,0.1287,0.1312,0.1287,0.2095,0.1312,0.1983,0.1245,539.64,279.55,363.55,84.54,85.1025,85.41,82.32,83.625,81.9375,43.0916,519.84,520.0,20.3394,517.43,488.87,13.9438
86.2,57.6,4.6094,57.5625,286.605,358.0279,571.85,2.6002,4.575,173.7855,343.08,72.2841,710.0,19.4521,600.06,600.06,9.9839,66.2216,76.7809,2.6002,4.575,11.1279,15.7335,9.1108,173.796,343.08,710.0,72.2819,33.005,45.714,9.595,4.185,12.306,45.732,25.5115,14.9108,0.1785,0.1287,0.1312,0.1287,0.2095,0.1312,0.1983,0.1245,539.68,279.55,363.55,84.5475,85.0575,85.4325,82.3425,83.6175,81.9675,43.0885,519.87,520.0,20.3393,517.43,488.87,13.9451
86.95,57.5625,4.7172,57.525,287.4825,357.9245,571.35,2.6002,4.575,173.9205,343.08,72.2848,709.92,19.4519,600.06,600.0,9.9846,66.2215,76.7806,2.6002,4.575,11.128,15.7338,9.1108,173.922,343.08,709.92,72.2826,33.005,45.666,9.595,4.189,12.306,45.714,25.4895,14.9108,0.1785,0.1287,0.1313,0.1287,0.2096,0.1312,0.1984,0.1245,539.68,279.55,363.55,84.585,85.0575,85.38,82.3425,83.6025,81.9975,43.0853,519.9,520.0,20.3392,517.43,488.87,13.9464
86.9,57.5625,4.7781,57.6,287.1,358.5789,571.5,2.6002,4.575,173.799,343.08,72.2849,709.92,19.4524,600.0,600.0,9.9848,66.2214,76.7804,2.6002,4.575,11.1281,15.734,9.1108,173.81,343.08,709.92,72.2832,33.005,45.588,9.596,4.186,12.306,45.666,25.4675,14.9108,0.1785,0.1288,0.1313,0.1287,0.2097,0.1313,0.1984,0.1246,539.68,279.6,363.6,84.54,85.08,85.4175,82.3575,83.5725,82.05,43.0857,519.9,520.0,20.3392,517.43,488.87,13.9478
86.65,57.525,4.6062,57.525,287.325,357.9934,571.35,2.6,4.5725,173.124,343.08,72.285,709.92,19.4524,600.0,599.94,9.9849,66.2221,76.7809,2.6,4.5725,11.1282,15.7343,9.1102,173.124,343.05,709.92,72.2838,33.005,45.444,9.597,4.181,12.306,45.588,25.44,14.9108,0.1785,0.1288,0.1313,0.1288,0.2098,0.1313,0.1986,0.1246,539.68,279.6,363.6,84.5625,85.0875,85.41,82.305,83.61,82.02,43.0861,519.9,520.0,20.3391,517.43,488.87,13.9491
86.925,57.525,4.7641,57.6375,286.9875,358.2,571.7,2.6,4.5725,174.015,343.05,72.2851,709.92,19.4531,599.94,599.94,9.9851,66.2222,76.7809,2.6,4.5725,11.1282,15.7345,9.1102,174.02,343.05,709.92,72.2844,33.005,45.402,9.599,4.177,12.306,45.444,25.3795,14.9108,0.1784,0.1288,0.1314,0.1288,0.2099,0.1314,0.1986,0.1247,539.72,279.6,363.6,84.6,85.125,85.35,82.275,83.6025,82.02,43.0827,519.93,520.0,20.339,517.43,488.87,13.9504
86.4,57.6,3.9219,57.6,287.3475,358.2689,571.8,2.5998,4.57,173.2725,343.05,72.2859,709.84,19.4534,599.94,599.88,9.9853,66.2224,76.7816,2.5998,4.57,11.1283,15.7348,9.1096,173.264,343.05,709.84,72.2851,33.005,45.234,9.601,4.168,12.306,45.402,25.3355,14.9108,0.1784,0.1289,0.1314,0.1289,0.2099,0.1314,0.1988,0.1247,539.68,279.6,363.6,84.6075,85.17,85.35,82.2825,83.5425,82.05,43.0868,519.9,520.0,20.3389,517.43,488.87,13.9518
86.1,57.5625,4.1828,57.5625,286.56,358.0967,571.2,2.5998,4.5675,173.8665,343.05,72.2849,710.0,19.4544,599.88,599.88,9.9854,66.2226,76.7819,2.5998,4.5675,11.1284,15.735,9.1096,173.866,343.02,710.0,72.2857,33.005,45.216,9.604,4.159,12.306,45.234,25.275,14.9108,0.1782,0.1289,0.1315,0.1289,0.2101,0.1314,0.1988,0.1248,539.68,279.6,363.65,84.6,85.185,85.3575,82.3125,83.49,82.005,43.0909,519.87,520.0,20.3389,517.43,488.87,13.9531
86.175,57.6,4.0437,57.5625,286.605,358.4067,571.35,2.5996,4.5675,174.0015,343.02,72.2849,710.0,19.4549,599.88,599.82,9.9848,66.2227,76.7829,2.5996,4.5675,11.1285,15.7353,9.1096,174.006,343.02,710.0,72.2863,33.005,45.108,9.606,4.146,12.306,45.216,25.231,14.9108,0.1781,0.129,0.1315,0.129,0.2102,0.1315,0.1989,0.1248,539.6,279.6,363.65,84.6,85.1325,85.38,82.29,83.4975,82.0275,43.0952,519.84,520.0,20.3388,517.43,488.87,13.9544
86.775,57.5625,4.2312,57.6,286.6275,358.0967,571.25,2.5996,4.565,174.1635,343.02,72.2855,709.92,19.4561,599.82,599.76,9.9855,66.2229,76.7834,2.5996,4.565,11.1286,15.7355,9.1091,174.16,343.02,709.92,72.2869,33.005,44.946,9.609,4.134,12.306,45.108,25.1815,14.9108,0.1781,0.129,0.1316,0.1291,0.2103,0.1316,0.1991,0.1249,539.56,279.6,363.65,84.6375,85.1475,85.395,82.2975,83.5425,82.0425,43.1071,519.75,520.0,20.3537,517.4,488.84,13.9558
86.9,57.6,4.8125,57.6,287.1,358.2345,571.85,2.5994,4.5625,174.258,343.02,72.2869,709.76,19.4576,599.76,599.7,9.9857,66.2231,76.7846,2.5994,4.5625,11.1286,15.7333,9.1086,174.258,342.99,709.76,72.2876,33.005,44.736,9.613,4.129,12.306,44.946,25.1155,14.9108,0.1782,0.1291,0.1317,0.1292,0.2106,0.1317,0.1993,0.125,539.44,279.65,363.65,84.5925,85.11,85.3875,82.3425,83.565,82.065,43.1194,519.66,520.0,20.3542,517.4,488.84,13.9571
86.65,57.6,4.4437,57.525,286.9425,358.4067,571.35,2.5992,4.56,173.3535,342.99,72.2879,709.68,19.4594,599.7,599.76,9.9866,66.224,76.7861,2.5992,4.56,11.1287,15.7325,9.108,173.348,342.96,709.68,72.2882,33.005,44.508,9.618,4.125,12.306,44.736,25.0165,14.9108,0.1782,0.1292,0.1318,0.1292,0.2107,0.1318,0.1995,0.1251,539.32,279.65,363.65,84.63,85.1025,85.4025,82.29,83.5275,82.0575,43.1358,519.54,520.0,20.3546,517.4,488.84,13.9584
86.025,57.6,4.4859,57.5625,287.2575,358.3378,571.7,2.5994,4.5625,173.961,342.96,72.2865,709.92,19.4599,599.76,599.94,9.9855,66.2236,76.7864,2.5994,4.5625,11.1288,15.7318,9.1091,173.964,342.99,709.92,72.2888,33.005,45.072,9.624,4.118,12.306,44.508,24.901,14.9108,0.1775,0.1291,0.1317,0.1292,0.2102,0.1317,0.1989,0.125,539.24,279.65,363.7,84.6675,85.125,85.425,82.29,83.5575,82.05,43.1452,519.48,520.0,20.355,517.4,488.84,13.9598
86.375,57.5625,4.1094,57.5625,286.965,358.51,571.5,2.5996,4.5675,173.5425,342.99,72.286,710.0,19.4586,599.94,600.12,9.9854,66.2238,76.7864,2.5996,4.5675,11.1289,15.7335,9.1096,173.544,343.02,710.0,72.2388,33.0,45.414,9.619,4.075,12.306,45.072,25.011,14.9108,0.1769,0.1289,0.1316,0.129,0.2098,0.1315,0.1986,0.1248,539.2,279.65,363.7,84.645,85.0875,85.455,82.2675,83.5425,82.0425,43.1548,519.42,520.0,20.3554,517.4,488.84,13.9611
86.3,57.5625,4.1672,57.6,286.875,357.9245,571.45,2.6004,4.5725,173.9475,343.02,72.2854,710.08,19.4566,600.12,600.18,9.9853,66.224,76.7839,2.6004,4.5725,11.1289,15.7338,9.1108,173.95,343.05,710.08,72.2388,33.0,45.696,9.613,4.039,12.306,45.414,25.1815,14.9108,0.1769,0.1287,0.1314,0.1288,0.2096,0.1314,0.1983,0.1247,539.24,279.65,363.7,84.6525,85.1025,85.41,82.215,83.5125,81.9975,43.1497,519.48,520.0,20.3558,517.4,488.84,13.9624
86.825,57.525,4.3375,57.6,286.7175,358.4411,571.55,2.6008,4.575,173.7315,343.05,72.2853,710.08,19.4554,600.18,600.3,9.9845,66.2234,76.7819,2.6008,4.575,11.129,15.734,9.1113,173.726,343.08,710.08,72.1882,32.995,45.936,9.607,4.052,12.306,45.696,25.341,14.9108,0.1773,0.1286,0.1313,0.1287,0.2093,0.1312,0.1981,0.1245,539.32,279.65,363.7,84.6075,85.1325,85.3725,82.2375,83.5275,81.96,43.1442,519.54,520.0,20.3562,517.4,488.84,13.9638
86.025,57.5625,4.0359,57.5625,286.5375,357.8901,572.0,2.601,4.58,173.718,343.08,72.2845,710.16,19.4531,600.3,600.36,9.9842,66.2233,76.7802,2.601,4.58,11.1291,15.7343,9.1118,173.726,343.11,710.16,72.1875,32.995,46.158,9.6,4.098,12.306,45.936,25.4895,14.9108,0.1779,0.1285,0.1311,0.1286,0.2091,0.1311,0.1979,0.1244,539.4,279.7,363.7,84.6,85.1175,85.41,82.2375,83.4975,81.975,43.1348,519.63,520.0,20.3567,517.4,488.84,13.9651
86.65,57.6,4.6891,57.5625,287.4825,358.5789,571.05,2.6006,4.5825,173.772,343.11,72.2836,710.24,19.4511,600.36,600.42,9.9838,66.2232,76.7804,2.6006,4.5825,11.1292,15.7345,9.1118,173.782,343.14,710.24,72.1869,32.995,46.338,9.593,4.15,12.306,46.158,25.6215,14.9108,0.1783,0.1285,0.131,0.1284,0.2089,0.131,0.1977,0.1243,539.52,279.7,363.75,84.615,85.0875,85.3875,82.215,83.4675,81.945,43.1213,519.75,520.0,20.342,517.4,488.84,13.9664
86.8,57.525,4.5187,57.5625,287.0325,358.4411,571.3,2.6008,4.585,174.15,343.14,72.2826,710.32,19.4489,600.42,600.36,9.9835,66.2224,76.7789,2.6008,4.585,11.1293,15.7348,9.1124,174.146,343.14,710.32,72.1863,32.995,46.464,9.587,4.191,12.306,46.338,25.737,14.9108,0.1786,0.1284,0.1309,0.1284,0.2088,0.1309,0.1975,0.1242,539.68,279.7,363.75,84.585,85.125,85.3875,82.1775,83.445,81.9075,43.1073,519.87,520.0,20.342,517.4,488.84,13.9678
86.975,57.5625,4.2016,57.6,287.37,358.3034,571.15,2.601,4.5875,174.447,343.14,72.2834,710.16,19.4479,600.36,600.36,9.9832,66.2221,76.7772,2.601,4.5875,11.1293,15.735,9.1124,174.44,343.17,710.16,72.1857,32.995,46.506,9.582,4.219,12.305,46.464,25.8305,14.9108,0.1788,0.1284,0.1309,0.1283,0.2088,0.1309,0.1975,0.1241,539.76,279.7,363.75,84.63,85.1475,85.4025,82.155,83.445,81.9675,43.0928,519.99,520.0,20.3419,517.4,488.84,13.9691
86.025,57.5625,4.4641,57.525,286.83,357.959,571.85,2.601,4.5875,174.042,343.17,72.2831,710.16,19.4464,600.36,600.18,9.9828,66.2217,76.7759,2.601,4.5875,11.1294,15.7353,9.1124,174.048,343.17,710.16,72.2357,33.0,46.47,9.578,4.24,12.305,46.506,25.8855,14.9108,0.1789,0.1284,0.1309,0.1283,0.2088,0.1308,0.1975,0.1241,539.84,279.7,363.75,84.5925,85.1475,85.4175,82.215,83.46,82.005,43.0853,520.05,520.0,20.3418,517.4,488.84,13.9704
86.175,57.5625,4.3422,57.5625,286.9875,358.3034,571.55,2.6004,4.5875,173.3265,343.17,72.2829,710.16,19.4471,600.18,600.18,9.9833,66.2214,76.7769,2.6004,4.5875,11.1295,15.7355,9.1118,173.334,343.17,710.16,72.2357,33.0,46.416,9.576,4.255,12.305,46.47,25.902,14.9108,0.179,0.1284,0.1309,0.1283,0.2088,0.1308,0.1976,0.1241,539.96,279.7,363.8,84.5775,85.1925,85.425,82.2375,83.4525,82.05,43.0738,520.14,520.0,20.3417,517.4,488.84,13.9718
86.35,57.5625,4.4969,57.6,287.37,357.8212,571.95,2.6004,4.5875,173.9205,343.17,72.2826,710.16,19.4464,600.18,600.12,9.9832,66.2211,76.7764,2.6004,4.5875,11.1296,15.7333,9.1118,173.922,343.17,710.16,72.2863,33.005,46.368,9.574,4.263,12.305,46.416,25.902,14.9108,0.179,0.1284,0.1309,0.1283,0.2089,0.1308,0.1976,0.1241,540.08,279.75,363.8,84.6075,85.1325,85.3725,82.23,83.49,82.0575,43.0582,520.26,520.0,20.3417,517.4,488.84,13.9731
86.85,57.5625,3.8672,57.5625,286.83,358.2,571.75,2.6004,4.5875,173.799,343.17,72.2824,710.16,19.4464,600.12,600.12,9.9831,66.2207,76.7759,2.6004,4.5875,11.1296,15.7325,9.1118,173.796,343.14,710.16,72.2869,33.005,46.278,9.573,4.261,12.305,46.368,25.88,14.9108,0.179,0.1284,0.1309,0.1283,0.209,0.1309,0.1977,0.1241,540.16,279.75,363.8,84.6,85.125,85.365,82.26,83.4675,82.0575,43.0497,520.32,520.0,20.3416,517.4,488.84,13.9744
86.075,57.6,4.0359,57.5625,287.0775,358.2345,571.5,2.6002,4.585,173.826,343.14,72.2821,710.16,19.4459,600.12,600.06,9.983,66.2204,76.7761,2.6002,4.585,11.1297,15.7318,9.1113,173.824,343.14,710.16,72.2876,33.005,46.158,9.573,4.255,12.305,46.278,25.858,14.9108,0.1789,0.1284,0.1309,0.1284,0.209,0.1309,0.1978,0.1242,540.2,279.75,363.8,84.6075,85.095,85.335,82.245,83.52,82.0425,43.0408,520.38,520.0,20.3415,517.4,488.84,13.9758
86.675,57.6,3.9891,57.525,287.19,358.3723,571.15,2.6002,4.5825,174.015,343.14,72.2825,710.08,19.4461,600.06,600.0,9.9829,66.2208,76.7759,2.6002,4.5825,11.1298,15.7335,9.1113,174.02,343.14,710.08,72.3388,33.01,46.026,9.574,4.247,12.305,46.158,25.8085,14.9108,0.1789,0.1285,0.131,0.1284,0.2092,0.131,0.198,0.1242,540.24,279.75,363.8,84.57,85.0575,85.2975,82.2825,83.49,82.02,43.0356,520.41,520.0,20.3414,517.4,488.84,13.9771
86.8,57.5625,4.6469,57.525,287.145,357.8557,571.95,2.6,4.5825,173.259,343.14,72.2824,710.08,19.4466,600.0,599.94,9.9828,66.2207,76.7764,2.6,4.5825,11.1299,15.7338,9.1108,173.264,343.11,710.08,72.34,33.01,45.858,9.576,4.238,12.304,46.026,25.748,14.9108,0.1788,0.1285,0.1311,0.1285,0.2093,0.131,0.1981,0.1243,540.2,279.75,363.85,84.6075,85.0125,85.2525,82.3125,83.46,82.02,43.0339,520.41,520.0,20.3413,517.4,488.84,13.9784
86.25,57.6,4.7453,57.525,287.2125,358.3723,571.8,2.6,4.58,174.339,343.11,72.2829,710.0,19.4474,599.94,599.88,9.9828,66.2206,76.7764,2.6,4.58,11.13,15.734,9.1108,174.342,343.11,710.0,72.3413,33.01,45.726,9.579,4.226,12.304,45.858,25.6765,14.9108,0.1787,0.1286,0.1311,0.1286,0.2096,0.1311,0.1983,0.1244,540.24,279.8,363.85,84.615,85.0575,85.275,82.2675,83.49,82.0125,43.0322,520.41,520.0,20.3413,517.43,488.84,13.9798
86.725,57.6,4.3,57.6,286.83,358.6133,571.7,2.5996,4.575,173.1915,343.11,72.2829,710.0,19.4484,599.88,599.76,9.9834,66.2206,76.7779,2.5996,4.575,11.13,15.7343,9.1102,173.194,343.08,710.0,72.3425,33.01,45.396,9.583,4.21,12.304,45.726,25.5885,14.9108,0.1786,0.1287,0.1312,0.1287,0.2098,0.1312,0.1986,0.1245,540.16,279.8,363.85,84.645,85.0125,85.23,82.29,83.4825,82.035,43.0381,520.35,520.0,20.3412,517.43,488.84,13.9811
86.95,57.6,3.8469,57.6,287.4825,357.959,571.65,2.5994,4.5725,174.2715,343.08,72.2835,709.92,19.4504,599.76,599.7,9.9836,66.2212,76.7792,2.5994,4.5725,11.1301,15.7345,9.1096,174.272,343.05,709.92,72.3438,33.01,45.18,9.589,4.199,12.304,45.396,25.462,14.9108,0.1786,0.1288,0.1314,0.1288,0.2101,0.1314,0.1988,0.1247,540.12,279.8,363.85,84.6375,84.9975,85.245,82.26,83.4675,82.0125,43.0442,520.29,520.0,20.3411,517.43,488.87,13.9824
86.0,57.6,4.325,57.5625,287.055,357.8212,571.25,2.5992,4.5675,173.6235,343.05,72.2843,709.84,19.4521,599.7,599.58,9.9845,66.2214,76.7807,2.5992,4.5675,11.1302,15.7348,9.1091,173.628,343.02,709.84,72.345,33.01,44.838,9.595,4.184,12.304,45.18,25.33,14.9108,0.1785,0.129,0.1315,0.129,0.2104,0.1315,0.1991,0.1248,539.96,279.8,363.85,84.6675,85.035,85.2225,82.26,83.43,82.02,43.0581,520.17,520.0,20.341,517.43,488.87,13.9838
86.2,57.6,4.15,57.525,286.8525,357.7523,571.5,2.599,4.5625,174.3255,343.02,72.2851,709.76,19.4549,599.58,599.64,9.9849,66.2215,76.7824,2.599,4.5625,11.1271,15.735,9.1086,174.328,342.99,709.76,72.3463,33.01,44.628,9.603,4.163,12.304,44.838,25.1705,14.9108,0.1782,0.1291,0.1317,0.1291,0.2106,0.1316,0.1993,0.125,539.84,279.8,363.9,84.6975,85.05,85.215,82.23,83.3925,82.0425,43.0724,520.05,520.0,20.341,517.43,488.87,13.9851
86.4,57.6,4.3484,57.525,287.01,357.8212,571.45,2.5986,4.56,173.7855,342.99,72.2861,709.68,19.4559,599.64,599.52,9.9853,66.2225,76.7851,2.5986,4.56,11.126,15.7353,9.108,173.782,342.96,709.68,72.3475,33.01,44.346,9.61,4.134,12.304,44.628,25.0275,14.9108,0.178,0.1292,0.1318,0.1293,0.2109,0.1318,0.1997,0.1251,539.64,279.8,363.9,84.6675,85.005,85.2,82.2825,83.4,82.02,43.0947,519.87,520.0,20.3409,517.43,488.87,13.9864
86.225,57.5625,4.5797,57.5625,286.7175,358.51,571.75,2.599,4.5575,174.0555,342.96,72.2866,709.68,19.4589,599.52,599.58,9.9858,66.2229,76.7854,2.599,4.5575,11.1254,15.7355,9.108,174.062,342.96,709.68,72.3488,33.01,44.43,9.619,4.102,12.304,44.346,24.879,14.9108,0.1775,0.1292,0.1319,0.1293,0.2108,0.1318,0.1996,0.1252,539.48,279.8,363.9,84.705,84.975,85.245,82.2975,83.385,82.0425,43.1178,519.69,520.0,20.3408,517.43,488.87,13.9878
86.15,57.525,4.5359,57.5625,286.8975,358.4756,571.35,2.599,4.5575,174.258,342.96,72.2865,709.76,19.4601,599.58,599.76,9.9862,66.2233,76.7867,2.599,4.5575,11.127,15.7333,9.108,174.258,342.96,709.76,72.2994,33.005,44.454,9.623,4.061,12.304,44.43,24.8295,14.9108,0.1771,0.1292,0.1319,0.1293,0.2109,0.1318,0.1996,0.1252,539.32,279.85,363.9,84.7425,85.005,85.2225,82.3425,83.37,82.05,43.1379,519.54,520.0,20.3407,517.43,488.87,13.9891
86.0,57.6,4.6594,57.6,287.055,358.1656,572.0,2.5996,4.5575,174.1905,342.96,72.2869,709.76,19.4596,599.76,599.7,9.9858,66.2237,76.7857,2.5996,4.5575,11.1271,15.7325,9.1086,174.202,342.96,709.76,72.3001,33.005,44.43,9.625,4.028,12.304,44.454,24.8185,14.9108,0.177,0.1292,0.1319,0.1293,0.2109,0.1318,0.1996,0.1252,539.16,279.85,363.95,84.7275,85.05,85.2225,82.365,83.4225,82.005,43.1585,519.39,520.0,20.3407,517.4,488.87,13.9904
86.425,57.525,4.7547,57.5625,287.3025,358.4411,571.9,2.5994,4.555,173.934,342.96,72.2873,709.76,19.4614,599.7,599.88,9.986,66.2241,76.7869,2.5994,4.555,11.1303,15.7318,9.1086,173.922,342.96,709.76,72.2501,33.0,44.4,9.628,4.022,12.305,44.43,24.8075,14.9108,0.1772,0.1292,0.1319,0.1294,0.2109,0.1318,0.1996,0.1252,539.04,279.85,363.95,84.75,85.0875,85.23,82.4025,83.445,82.035,43.176,519.27,520.0,20.3556,517.4,488.84,13.9918
86.45,57.5625,4.5531,57.5625,286.7625,357.6835,571.9,2.5994,4.555,173.61,342.96,72.2876,709.76,19.4604,599.88,599.76,9.9862,66.2246,76.7877,2.5994,4.555,11.1285,15.7335,9.1086,173.614,342.96,709.76,72.2501,33.0,44.466,9.631,4.035,12.305,44.4,24.791,14.9108,0.1774,0.1293,0.1319,0.1294,0.2107,0.1318,0.1996,0.1252,538.92,279.85,363.95,84.7425,85.14,85.26,82.365,83.4675,82.005,43.194,519.15,520.0,20.356,517.4,488.84,13.9931
86.3,57.525,4.0406,57.6,286.785,358.2689,572.0,2.5996,4.56,173.88,342.96,72.2874,709.84,19.4624,599.76,600.06,9.9863,66.225,76.7877,2.5996,4.56,11.1286,15.7338,9.1091,173.88,342.96,709.84,72.1994,32.995,44.874,9.632,4.049,12.305,44.466,24.7965,14.9108,0.1772,0.1291,0.1318,0.1292,0.2104,0.1318,0.1991,0.1251,538.88,279.85,363.95,84.705,85.1475,85.2375,82.3425,83.4675,81.96,43.2049,519.09,520.0,20.3565,517.4,488.84,13.9944
86.6,57.5625,4.7953,57.6,287.1,358.4411,571.3,2.6,4.565,174.1635,342.96,72.287,709.92,19.4596,600.06,600.18,9.9858,66.2246,76.7867,2.6,4.565,11.1262,15.734,9.1096,174.16,342.99,709.92,72.1988,32.995,45.168,9.627,4.045,12.305,44.874,24.9175,14.9108,0.1771,0.129,0.1317,0.1291,0.2102,0.1316,0.1988,0.1249,538.84,279.85,364.0,84.7125,85.14,85.2675,82.3725,83.475,81.9375,43.2086,519.09,520.0,20.3569,517.4,488.84,13.9958
86.2,57.5625,4.7391,57.525,286.74,358.5789,571.75,2.6002,4.5675,173.502,342.99,72.2865,710.0,19.4579,600.18,600.24,9.9857,66.2248,76.7859,2.6002,4.5675,11.1277,15.7343,9.1102,173.502,343.02,710.0,72.1475,32.99,45.348,9.622,4.046,12.305,45.168,25.066,14.9108,0.1773,0.1289,0.1315,0.129,0.2098,0.1315,0.1987,0.1248,538.88,279.85,364.0,84.7425,85.095,85.32,82.3875,83.4825,81.99,43.2085,519.12,520.0,20.3573,517.4,488.84,13.9971
86.15,57.6,4.2,57.525,287.1,357.8901,572.0,2.6004,4.57,174.231,343.02,72.2865,710.0,19.4564,600.24,600.12,9.9856,66.225,76.7849,2.6004,4.57,11.1278,15.7345,9.1108,174.23,343.05,710.0,72.1463,32.99,45.546,9.617,4.073,12.305,45.348,25.1925,14.9108,0.1777,0.1288,0.1314,0.1289,0.2098,0.1314,0.1985,0.1247,538.96,279.9,364.0,84.69,85.1175,85.3575,82.35,83.46,81.9975,43.2008,519.21,520.0,20.3577,517.4,488.84,13.9984
86.025,57.5625,4.8312,57.5625,287.235,358.4756,571.6,2.6006,4.5725,173.8935,343.05,72.2859,710.08,19.4569,600.12,600.18,9.9855,66.2244,76.7837,2.6006,4.5725,11.1279,15.7348,9.1108,173.894,343.05,710.08,72.145,32.99,45.69,9.612,4.111,12.306,45.546,25.3025,14.9108,0.178,0.1288,0.1314,0.1288,0.2096,0.1314,0.1983,0.1246,539.04,279.9,364.0,84.69,85.0875,85.335,82.335,83.4825,81.9975,43.2002,519.24,520.0,20.3581,517.4,488.84,13.9998
86.975,57.5625,4.4734,57.6,287.055,357.9934,571.8,2.6006,4.575,173.61,343.05,72.2858,710.08,19.4556,600.18,600.24,9.9854,66.2243,76.7829,2.6006,4.575,11.128,15.735,9.1113,173.614,343.08,710.08,72.1438,32.99,45.81,9.607,4.146,12.306,45.69,25.396,14.9108,0.1783,0.1287,0.1313,0.1287,0.2094,0.1313,0.1982,0.1245,539.12,279.9,364.0,84.66,85.0875,85.2825,82.2825,83.475,82.0275,43.1883,519.36,520.0,20.3585,517.37,488.84,14.0011
86.625,57.525,4.4031,57.5625,287.235,358.2,571.65,2.6002,4.5775,173.7585,343.08,72.285,710.16,19.4541,600.24,600.3,9.9846,66.2242,76.7837,2.6002,4.5775,11.128,15.7353,9.1108,173.768,343.08,710.16,72.1425,32.99,45.912,9.603,4.173,12.306,45.81,25.4675,14.9108,0.1785,0.1287,0.1312,0.1287,0.2094,0.1312,0.1981,0.1245,539.24,279.9,364.0,84.66,85.08,85.2675,82.305,83.445,81.9975,43.1758,519.48,520.0,20.3439,517.37,488.81,14.0024
86.9,57.525,4.2844,57.6,287.3475,358.0279,571.1,2.6004,4.5775,174.1095,343.08,72.2848,710.16,19.4524,600.3,600.3,9.9843,66.2242,76.7827,2.6004,4.5775,11.1281,15.7355,9.1113,174.118,343.11,710.16,72.1413,32.99,45.978,9.599,4.19,12.306,45.912,25.528,14.9108,0.1786,0.1286,0.1312,0.1286,0.2093,0.1311,0.198,0.1244,539.36,279.9,364.0,84.6225,85.05,85.2825,82.3125,83.415,82.005,43.1667,519.57,520.0,20.3438,517.37,488.81,14.0038
86.825,57.6,4.3453,57.6,286.74,358.51,571.35,2.6004,4.5775,173.313,343.11,72.2845,710.16,19.4511,600.3,600.18,9.9839,66.2241,76.7822,2.6004,4.5775,11.1282,15.7333,9.1113,173.306,343.11,710.16,72.14,32.99,45.984,9.596,4.201,12.306,45.978,25.572,14.9108,0.1787,0.1286,0.1312,0.1286,0.2092,0.1311,0.198,0.1244,539.44,279.9,364.05,84.6375,85.0275,85.3125,82.3425,83.3925,82.02,43.1571,519.66,520.0,20.3438,517.37,488.81,14.0051
86.225,57.5625,4.4641,57.6,287.4375,358.6133,571.6,2.6004,4.58,173.9205,343.11,72.2843,710.16,19.4514,600.18,600.18,9.9843,66.224,76.7816,2.6004,4.58,11.1283,15.7325,9.1113,173.922,343.11,710.16,72.1388,32.99,46.008,9.594,4.211,12.306,45.984,25.5995,14.9108,0.1787,0.1286,0.1311,0.1286,0.2093,0.1311,0.198,0.1244,539.6,279.95,364.05,84.6675,85.005,85.3125,82.32,83.445,82.065,43.1435,519.78,520.0,20.3437,517.37,488.81,14.0064
86.575,57.5625,4.5797,57.525,286.92,357.8901,571.15,2.6004,4.58,173.934,343.11,72.2853,710.0,19.4506,600.18,600.18,9.9843,66.2239,76.7811,2.6004,4.58,11.1284,15.7318,9.1113,173.922,343.11,710.0,72.1882,32.995,45.984,9.592,4.216,12.305,46.008,25.605,14.9108,0.1788,0.1286,0.1311,0.1286,0.2093,0.1311,0.198,0.1244,539.68,279.95,364.05,84.6975,85.0275,85.305,82.29,83.43,82.1025,43.1331,519.87,520.0,20.3436,517.37,488.81,14.0078
86.55,57.6,4.0938,57.6,287.0325,358.4067,571.25,2.6004,4.58,173.988,343.11,72.2853,710.0,19.4499,600.18,600.12,9.9842,66.2238,76.7806,2.6004,4.58,11.1284,15.7335,9.1113,173.992,343.11,710.0,72.1875,32.995,45.93,9.59,4.219,12.305,45.984,25.616,14.9108,0.1788,0.1286,0.1311,0.1286,0.2094,0.1311,0.1981,0.1244,539.72,279.95,364.1,84.72,85.08,85.335,82.335,83.4,82.095,43.1261,519.93,520.0,20.3435,517.37,488.81,14.0091
86.725,57.5625,4.0047,57.5625,287.28,358.4067,571.1,2.6004,4.5775,174.1635,343.11,72.2853,710.0,19.4499,600.12,600.12,9.9841,66.2237,76.7801,2.6004,4.5775,11.1285,15.7338,9.1113,174.16,343.11,710.0,72.1869,32.995,45.858,9.59,4.221,12.305,45.93,25.605,14.9108,0.1788,0.1286,0.1311,0.1286,0.2094,0.1311,0.1982,0.1244,539.76,279.95,364.1,84.7425,85.0875,85.35,82.365,83.445,82.0575,43.1189,519.99,520.0,20.3435,517.37,488.81,14.0104
86.625,57.5625,4.4703,57.5625,286.6725,358.0967,571.6,2.6004,4.5775,174.0555,343.11,72.284,710.16,19.4494,600.12,599.94,9.984,66.2236,76.7796,2.6004,4.5775,11.1286,15.734,9.1113,174.062,343.11,710.16,72.1863,32.995,45.75,9.59,4.22,12.305,45.858,25.583,14.9108,0.1788,0.1287,0.1312,0.1286,0.2095,0.1311,0.1982,0.1245,539.8,279.95,364.1,84.69,85.0575,85.3575,82.3725,83.49,82.0275,43.1189,519.99,520.0,20.3434,517.37,488.81,14.0118
86.725,57.5625,4.2234,57.5625,286.5825,358.1656,571.95,2.6002,4.575,173.5155,343.11,72.2838,710.16,19.4511,599.94,599.88,9.9847,66.2236,76.7799,2.6002,4.575,11.1287,15.7343,9.1108,173.516,343.08,710.16,72.2363,33.0,45.63,9.591,4.216,12.305,45.75,25.5445,14.9108,0.1788,0.1287,0.1312,0.1287,0.2096,0.1312,0.1984,0.1245,539.8,279.95,364.1,84.735,85.1025,85.3275,82.3725,83.505,81.99,43.119,519.99,520.0,20.3433,517.37,488.81,14.0131
86.5,57.6,4.4891,57.6,287.0775,357.7179,571.85,2.6002,4.575,173.745,343.08,72.2841,710.08,19.4521,599.88,599.82,9.9848,66.2235,76.7796,2.6002,4.575,11.1287,15.7345,9.1108,173.74,343.08,710.08,72.2363,33.0,45.534,9.593,4.209,12.305,45.63,25.4895,14.9108,0.1786,0.1288,0.1313,0.1287,0.2097,0.1313,0.1984,0.1246,539.84,279.95,364.1,84.705,85.14,85.305,82.335,83.5125,82.0275,43.1152,520.02,520.0,20.3432,517.37,488.81,14.0144
86.475,57.525,4.6609,57.5625,287.505,358.0623,571.5,2.5994,4.5725,174.0285,343.08,72.2852,709.92,19.4534,599.82,599.94,9.985,66.2241,76.7824,2.5994,4.5725,11.1288,15.7348,9.1096,174.02,343.05,709.92,72.2363,33.0,45.372,9.595,4.197,12.305,45.534,25.4345,14.9108,0.1786,0.1288,0.1314,0.1288,0.2099,0.1314,0.1986,0.1246,539.8,280.0,364.1,84.6675,85.1775,85.26,82.29,83.55,82.035,43.1152,520.02,520.0,20.3431,517.37,488.81,14.0158
86.2,57.5625,4.4,57.6,287.28,358.3034,572.05,2.5994,4.57,173.043,343.05,72.286,709.84,19.4526,599.94,599.82,9.9852,66.2243,76.7831,2.5994,4.57,11.1289,15.735,9.1091,173.04,343.05,709.84,72.2363,33.0,45.144,9.598,4.184,12.304,45.372,25.3575,14.9108,0.1785,0.1289,0.1314,0.1289,0.21,0.1314,0.1988,0.1247,539.76,280.0,364.15,84.705,85.1925,85.2975,82.2975,83.505,82.05,43.1226,519.96,520.0,20.3431,517.37,488.81,14.0171
86.55,57.5625,4.1437,57.5625,286.695,358.1656,572.0,2.5994,4.57,173.772,343.05,72.2856,709.92,19.4544,599.82,599.94,9.9853,66.2245,76.7839,2.5994,4.57,11.129,15.7353,9.1096,173.768,343.05,709.92,72.2363,33.0,45.468,9.603,4.175,12.304,45.144,25.2585,14.9108,0.1781,0.1288,0.1314,0.1289,0.2098,0.1314,0.1985,0.1247,539.76,280.0,364.15,84.675,85.1625,85.2825,82.305,83.55,82.0425,43.1228,519.96,520.0,20.343,517.37,488.81,14.0184
86.65,57.5625,4.3406,57.6,287.37,357.959,571.75,2.6,4.5725,173.961,343.05,72.2845,710.08,19.4536,599.94,600.0,9.9848,66.2239,76.7824,2.6,4.5725,11.1291,15.7355,9.1102,173.964,343.05,710.08,72.2363,33.0,45.606,9.601,4.144,12.304,45.468,25.308,14.9108,0.1777,0.1287,0.1313,0.1288,0.2097,0.1313,0.1984,0.1246,539.76,280.0,364.15,84.6525,85.125,85.3125,82.32,83.5125,81.99,43.1229,519.96,520.0,20.3429,517.37,488.81,14.0198
86.675,57.525,3.8937,57.6,287.325,358.3378,571.6,2.6002,4.575,173.637,343.05,72.2844,710.08,19.4531,600.0,600.0,9.9847,66.2238,76.7816,2.6002,4.575,11.1291,15.7333,9.1108,173.628,343.08,710.08,72.2363,33.0,45.612,9.599,4.117,12.304,45.606,25.3795,14.9108,0.1777,0.1287,0.1313,0.1287,0.2096,0.1313,0.1984,0.1246,539.76,280.0,364.15,84.66,85.14,85.305,82.2825,83.475,82.02,43.1231,519.96,520.0,20.3428,517.37,488.81,14.0211
86.9,57.5625,4.6219,57.6,287.3475,358.0623,571.7,2.6002,4.575,173.88,343.08,72.2843,710.08,19.4531,600.0,600.0,9.9846,66.2237,76.7814,2.6002,4.575,11.1292,15.7325,9.1108,173.88,343.08,710.08,72.2363,33.0,45.636,9.598,4.123,12.304,45.612,25.418,14.9108,0.178,0.1287,0.1313,0.1287,0.2096,0.1313,0.1984,0.1246,539.76,280.0,364.2,84.6375,85.1625,85.275,82.3275,83.4525,81.99,43.1232,519.96,520.0,20.3428,517.37,488.81,14.0224
86.55,57.5625,4.4922,57.525,286.875,358.51,571.5,2.6002,4.575,173.907,343.08,72.2854,709.92,19.4531,600.0,600.0,9.9853,66.2236,76.7811,2.6002,4.575,11.1293,15.7318,9.1108,173.908,343.08,709.92,72.2363,33.0,45.636,9.597,4.145,12.304,45.636,25.4345,14.9108,0.1782,0.1287,0.1313,0.1287,0.2096,0.1313,0.1984,0.1245,539.76,280.05,364.2,84.6,85.1775,85.2375,82.365,83.505,82.0125,43.1196,519.99,520.0,20.3427,517.37,488.81,14.0238
86.65,57.525,3.9969,57.5625,286.5825,358.3034,571.2,2.6002,4.575,173.934,343.08,72.2855,709.92,19.4531,600.0,600.0,9.9854,66.2236,76.7809,2.6002,4.575,11.1294,15.7335,9.1102,173.936,343.08,709.92,72.2363,33.0,45.612,9.596,4.164,12.304,45.636,25.4455,14.9108,0.1784,0.1287,0.1313,0.1287,0.2096,0.1313,0.1984,0.1245,539.76,280.05,364.2,84.555,85.155,85.2225,82.38,83.4825,81.9675,43.1197,519.99,520.0,20.3426,517.37,488.81,14.0251
86.375,57.6,4.3484,57.5625,286.5825,358.5444,571.15,2.6002,4.575,173.9745,343.08,72.2856,709.92,19.4531,600.0,600.0,9.9856,66.2235,76.7806,2.6002,4.575,11.1295,15.7338,9.1102,173.978,343.08,709.92,72.2363,33.0,45.57,9.596,4.177,12.304,45.612,25.44,14.9108,0.1784,0.1287,0.1313,0.1287,0.2097,0.1313,0.1984,0.1246,539.76,280.05,364.2,84.6,85.17,85.23,82.35,83.4525,82.02,43.1235,519.96,520.0,20.3425,517.37,488.81,14.0264
86.575,57.6,4.0031,57.5625,286.875,357.7179,571.8,2.6,4.5725,173.9745,343.08,72.2845,710.08,19.4531,600.0,600.0,9.985,66.2234,76.7811,2.6,4.5725,11.1295,15.734,9.1102,173.978,343.08,710.08,72.2363,33.0,45.504,9.597,4.181,12.304,45.57,25.4235,14.9108,0.1785,0.1288,0.1313,0.1288,0.2098,0.1313,0.1985,0.1246,539.76,280.05,364.2,84.6375,85.2075,85.2,82.3575,83.4225,82.065,43.1236,519.96,520.0,20.3575,517.37,488.81,14.0278
86.85,57.6,3.8859,57.525,287.01,357.8901,571.7,2.6,4.5725,173.4075,343.08,72.2844,710.08,19.4531,600.0,599.94,9.9849,66.2241,76.7811,2.6,4.5725,11.1296,15.7343,9.1102,173.404,343.05,710.08,72.2363,33.0,45.348,9.598,4.179,12.304,45.504,25.396,14.9108,0.1785,0.1288,0.1314,0.1288,0.2098,0.1314,0.1987,0.1247,539.72,280.05,364.25,84.675,85.155,85.2075,82.365,83.4225,82.0125,43.1276,519.93,520.0,20.3579,517.37,488.81,14.0291
86.85,57.525,4.2609,57.525,286.5375,357.9934,571.2,2.5998,4.57,172.989,343.05,72.2849,710.0,19.4539,599.94,599.88,9.9848,66.2242,76.7819,2.5998,4.57,11.1297,15.7345,9.1096,172.984,343.05,710.0,72.2363,33.0,45.234,9.601,4.177,12.304,45.348,25.33,14.9108,0.1785,0.1289,0.1314,0.1289,0.2099,0.1314,0.1988,0.1247,539.72,280.05,364.25,84.69,85.1925,85.2225,82.4025,83.445,81.9975,43.1278,519.93,520.0,20.3583,517.37,488.81,14.0304
86.2,57.6375,4.0953,57.5625,287.055,358.51,571.45,2.6,4.5725,174.0015,343.05,72.2855,709.92,19.4549,599.88,600.0,9.9848,66.2244,76.7814,2.6,4.5725,11.1298,15.7348,9.1102,174.006,343.05,709.92,72.2363,33.0,45.576,9.604,4.17,12.304,45.234,25.264,14.9108,0.178,0.1288,0.1314,0.1288,0.2097,0.1314,0.1984,0.1247,539.76,280.1,364.25,84.7125,85.2075,85.2375,82.3875,83.49,82.005,43.1244,519.96,520.0,20.3587,517.37,488.81,14.0318
86.425,57.5625,4.4359,57.5625,287.325,357.7179,571.85,2.6,4.575,173.124,343.05,72.2856,709.92,19.4539,600.0,600.06,9.9847,66.2238,76.7814,2.6,4.575,11.1298,15.735,9.1108,173.124,343.08,709.92,72.2363,33.0,45.69,9.6,4.141,12.304,45.576,25.3355,14.9108,0.1777,0.1287,0.1313,0.1288,0.2094,0.1313,0.1983,0.1246,539.76,280.1,364.25,84.6675,85.17,85.2375,82.38,83.52,82.005,43.1245,519.96,520.0,20.3441,517.37,488.81,14.0331
86.875,57.6,3.9453,57.6,287.2575,358.4067,571.25,2.6002,4.575,173.8665,343.08,72.2851,710.0,19.4531,600.06,600.12,9.9846,66.2237,76.7806,2.6002,4.575,11.1299,15.7353,9.1108,173.866,343.08,710.0,72.2363,33.0,45.84,9.598,4.123,12.304,45.69,25.418,14.9108,0.1777,0.1286,0.1313,0.1287,0.2094,0.1312,0.1982,0.1245,539.8,280.1,364.3,84.69,85.185,85.2525,82.38,83.55,82.005,43.1172,520.02,520.0,20.344,517.37,488.84,14.0344
86.825,57.5625,4.1687,57.6,287.28,358.51,571.85,2.6004,4.5775,173.583,343.08,72.2839,710.16,19.4521,600.12,600.12,9.9845,66.2236,76.7796,2.6004,4.5775,11.13,15.7355,9.1113,173.586,343.11,710.16,72.2363,33.0,45.936,9.595,4.129,12.304,45.84,25.495,14.9108,0.1779,0.1286,0.1312,0.1286,0.2093,0.1311,0.1981,0.1244,539.84,280.1,364.3,84.72,85.1925,85.305,82.365,83.4975,81.9675,43.1133,520.05,520.0,20.344,517.4,488.84,14.0358
86.225,57.5625,4.4969,57.6,286.65,358.0623,571.8,2.6004,4.58,174.15,343.11,72.2836,710.16,19.4516,600.12,600.18,9.9844,66.2236,76.7791,2.6004,4.58,11.1301,15.7333,9.1113,174.146,343.11,710.16,72.2363,33.0,46.02,9.592,4.151,12.304,45.936,25.5665,14.9108,0.1782,0.1286,0.1311,0.1286,0.2093,0.1311,0.198,0.1244,539.88,280.1,364.3,84.735,85.2075,85.305,82.365,83.4825,81.9525,43.1056,520.11,520.0,20.3439,517.4,488.84,14.0371
86.875,57.5625,4.2891,57.5625,286.7175,357.9245,571.45,2.6006,4.58,174.231,343.11,72.2827,710.24,19.4504,600.18,600.18,9.9843,66.2235,76.7779,2.6006,4.58,11.1302,15.7325,9.1113,174.23,343.11,710.24,72.2363,33.0,46.038,9.589,4.175,12.304,46.02,25.6215,14.9108,0.1784,0.1285,0.1311,0.1285,0.2093,0.131,0.198,0.1244,539.92,280.1,364.3,84.705,85.1475,85.335,82.3575,83.4825,81.9675,43.1052,520.11,520.0,20.3438,517.4,488.84,14.0384
86.325,57.6,4.6234,57.6,287.4375,358.6133,571.55,2.6,4.58,173.4075,343.11,72.2836,710.08,19.4496,600.18,600.18,9.9843,66.2234,76.7794,2.6,4.58,11.1271,15.7318,9.1108,173.404,343.11,710.08,72.2363,33.0,46.008,9.587,4.196,12.304,46.038,25.6545,14.9108,0.1786,0.1285,0.1311,0.1285,0.2092,0.131,0.198,0.1243,539.92,280.15,364.3,84.7125,85.155,85.335,82.365,83.49,81.96,43.101,520.14,520.0,20.3437,517.4,488.84,14.0398
86.525,57.6,4.2844,57.6,287.325,358.2,572.0,2.6,4.58,173.8395,343.11,72.2835,710.08,19.4489,600.18,600.18,9.9842,66.2233,76.7794,2.6,4.58,11.1259,15.7335,9.1108,173.838,343.11,710.08,72.2363,33.0,45.99,9.586,4.211,12.304,46.008,25.66,14.9108,0.1787,0.1286,0.1311,0.1285,0.2093,0.131,0.198,0.1244,540.0,280.15,364.35,84.7275,85.1925,85.2975,82.3725,83.475,81.9525,43.0929,520.2,520.0,20.3437,517.4,488.84,14.0411
86.9,57.6,4.725,57.525,286.65,358.4756,571.85,2.6,4.58,173.583,343.11,72.2834,710.08,19.4481,600.18,600.0,9.9841,66.2232,76.7794,2.6,4.58,11.1248,15.7338,9.1108,173.586,343.11,710.08,72.2363,33.0,45.948,9.585,4.215,12.304,45.99,25.649,14.9108,0.1787,0.1286,0.1311,0.1285,0.2093,0.131,0.1981,0.1244,540.04,280.15,364.35,84.7125,85.14,85.2675,82.365,83.505,82.005,43.0883,520.23,520.0,20.3436,517.4,488.84,14.0424
86.125,57.6,4.0437,57.6375,287.415,358.4067,571.85,2.6,4.58,174.4875,343.11,72.2839,710.0,19.4496,600.0,599.94,9.984,66.2231,76.7794,2.6,4.58,11.1267,15.734,9.1108,174.482,343.11,710.0,72.2363,33.0,45.888,9.585,4.214,12.305,45.948,25.6435,14.9108,0.1786,0.1286,0.1311,0.1286,0.2094,0.1311,0.1981,0.1244,540.08,280.15,364.35,84.75,85.185,85.2825,82.32,83.5275,82.05,43.0836,520.26,520.0,20.3435,517.4,488.84,14.0438
86.05,57.6,4.2609,57.525,287.0775,357.649,571.45,2.5998,4.5775,173.7855,343.11,72.2839,710.0,19.4504,599.94,599.94,9.9839,66.2231,76.7801,2.5998,4.5775,11.1268,15.7343,9.1108,173.782,343.11,710.0,72.2869,33.005,45.762,9.586,4.209,12.305,45.888,25.616,14.9108,0.1786,0.1286,0.1312,0.1286,0.2094,0.1311,0.1982,0.1244,540.04,280.15,364.35,84.7125,85.155,85.3275,82.35,83.535,82.0725,43.0863,520.23,520.0,20.3434,517.4,488.84,14.0451
86.275,57.525,3.9344,57.5625,287.3925,357.7179,571.9,2.5998,4.5775,173.583,343.11,72.2839,710.0,19.4506,599.94,599.88,9.9846,66.223,76.7804,2.5998,4.5775,11.13,15.7345,9.1102,173.586,343.08,710.0,72.2876,33.005,45.648,9.588,4.207,12.305,45.762,25.583,14.9108,0.1786,0.1287,0.1312,0.1286,0.2096,0.1312,0.1984,0.1245,540.04,280.15,364.35,84.69,85.17,85.275,82.3125,83.5725,82.11,43.0854,520.23,520.0,20.3434,517.4,488.84,14.0464
86.2,57.6,4.8203,57.5625,287.2125,358.2345,571.3,2.5996,4.575,173.394,343.08,72.2845,709.92,19.4516,599.88,600.0,9.9848,66.2229,76.7814,2.5996,4.575,11.1282,15.7348,9.1102,173.404,343.08,709.92,72.2882,33.005,45.552,9.59,4.201,12.305,45.648,25.517,14.9108,0.1785,0.1287,0.1313,0.1287,0.2096,0.1312,0.1984,0.1245,540.04,280.2,364.4,84.7125,85.11,85.2675,82.35,83.58,82.14,43.0845,520.23,520.0,20.3433,517.4,488.84,14.0478
86.625,57.525,4.7937,57.5625,286.9425,358.1656,571.6,2.6,4.5725,174.339,343.08,72.2846,709.92,19.4506,600.0,599.94,9.9849,66.2228,76.7804,2.6,4.5725,11.1283,15.735,9.1102,174.342,343.08,709.92,72.2888,33.005,45.432,9.592,4.19,12.305,45.552,25.462,14.9108,0.1784,0.1288,0.1313,0.1288,0.2098,0.1313,0.1986,0.1246,540.04,280.2,364.4,84.735,85.1625,85.3125,82.3425,83.5875,82.14,43.0836,520.23,520.0,20.3432,517.4,488.84,14.0491
86.1,57.5625,4.2578,57.5625,286.965,358.5789,571.35,2.5998,4.57,174.4875,343.08,72.2854,709.84,19.4514,599.94,599.82,9.9851,66.2235,76.7811,2.5998,4.57,11.1252,15.7353,9.1096,174.482,343.05,709.84,72.2894,33.005,45.156,9.595,4.177,12.305,45.432,25.396,14.9108,0.1785,0.1289,0.1314,0.1289,0.2102,0.1314,0.1988,0.1247,539.92,280.2,364.4,84.735,85.1775,85.3125,82.35,83.61,82.08,43.0939,520.14,520.0,20.3431,517.4,488.84,14.0504
86.25,57.6,3.9141,57.6,287.145,358.4411,571.3,2.5996,4.565,174.177,343.05,72.2862,709.76,19.4531,599.82,599.7,9.986,66.2236,76.7821,2.5996,4.565,11.1272,15.7355,9.1091,174.174,343.02,709.76,72.2901,33.005,44.79,9.601,4.171,12.305,45.156,25.2915,14.9108,0.1786,0.129,0.1316,0.129,0.2105,0.1315,0.1992,0.1249,539.8,280.2,364.4,84.75,85.1925,85.29,82.2975,83.5875,82.0875,43.1084,520.02,520.0,20.3431,517.4,488.84,14.0518
86.425,57.5625,4.625,57.6,287.46,358.0967,571.3,2.5992,4.56,174.069,343.02,72.2872,709.68,19.4554,599.7,599.58,9.9864,66.2246,76.7841,2.5992,4.56,11.1273,15.7333,9.1086,174.062,342.99,709.68,72.2907,33.005,44.448,9.609,4.168,12.305,44.79,25.132,14.9108,0.1786,0.1292,0.1317,0.1292,0.2108,0.1317,0.1996,0.125,539.64,280.2,364.45,84.7425,85.1475,85.3275,82.3425,83.5575,82.1175,43.1271,519.87,520.0,20.343,517.4,488.84,14.0531
86.35,57.6,4.1234,57.5625,287.19,357.959,571.55,2.599,4.5575,173.9475,342.99,72.2871,709.76,19.4581,599.58,599.52,9.9868,66.225,76.7859,2.599,4.5575,11.1305,15.7325,9.108,173.95,342.96,709.76,72.2913,33.005,44.226,9.617,4.153,12.305,44.448,24.956,14.9108,0.1783,0.1293,0.1319,0.1293,0.211,0.1318,0.1998,0.1252,539.48,280.2,364.45,84.69,85.1625,85.275,82.2975,83.565,82.095,43.1501,519.69,520.0,20.3579,517.4,488.84,14.0544
86.875,57.5625,4.775,57.6,287.325,357.9934,571.15,2.599,4.555,173.178,342.96,72.2875,709.76,19.4606,599.52,599.7,9.9865,66.2254,76.7871,2.599,4.555,11.1287,15.7318,9.108,173.18,342.96,709.76,72.2919,33.005,44.352,9.625,4.119,12.305,44.226,24.802,14.9108,0.1776,0.1293,0.1319,0.1294,0.2108,0.1319,0.1997,0.1252,539.32,280.25,364.45,84.6525,85.155,85.32,82.35,83.6025,82.125,43.1702,519.54,520.0,20.3584,517.4,488.84,14.0558
86.1,57.525,4.1609,57.6,286.9875,358.4067,572.05,2.5994,4.5625,174.3255,342.96,72.2866,709.92,19.4604,599.7,600.0,9.9859,66.2251,76.7869,2.5994,4.5625,11.1288,15.7335,9.1091,174.314,342.99,709.92,72.2419,33.0,45.246,9.628,4.064,12.305,44.352,24.7635,14.9108,0.1764,0.129,0.1317,0.1292,0.2101,0.1317,0.1988,0.125,539.24,280.25,364.45,84.6525,85.17,85.305,82.32,83.625,82.08,43.1833,519.45,520.0,20.3588,517.4,488.84,14.0571
86.8,57.525,4.8063,57.6,286.6725,358.4756,571.1,2.6004,4.57,173.8665,342.99,72.2861,710.0,19.4579,600.0,600.36,9.9859,66.2252,76.7839,2.6004,4.57,11.1263,15.7338,9.1108,173.866,343.05,710.0,72.2419,33.0,45.798,9.618,3.991,12.305,45.246,25.022,14.9108,0.1759,0.1286,0.1314,0.1289,0.2094,0.1314,0.1982,0.1247,539.2,280.25,364.45,84.6,85.1775,85.2975,82.35,83.64,82.0275,43.1893,519.42,520.0,20.3592,517.4,488.84,14.0584
86.2,57.6375,4.3969,57.5625,287.0775,358.4411,571.65,2.601,4.58,174.663,343.05,72.2849,710.16,19.4534,600.36,600.6,9.985,66.2239,76.7811,2.601,4.58,11.1279,15.734,9.1124,174.664,343.11,710.16,72.1913,32.995,46.308,9.608,3.972,12.305,45.798,25.33,14.9108,0.1763,0.1284,0.1312,0.1286,0.209,0.1311,0.1977,0.1244,539.28,280.25,364.5,84.645,85.14,85.2675,82.3875,83.5875,82.05,43.1804,519.51,520.0,20.3596,517.4,488.84,14.0598
86.8,57.525,4.5266,57.6,286.875,357.959,571.5,2.6014,4.5875,174.501,343.11,72.2834,710.32,19.4489,600.6,600.6,9.9839,66.2236,76.7784,2.6014,4.5875,11.128,15.7343,9.1135,174.496,343.14,710.32,72.14,32.99,46.704,9.595,4.031,12.305,46.308,25.6215,14.9108,0.1773,0.1282,0.1309,0.1283,0.2086,0.1309,0.1973,0.1241,539.4,280.25,364.5,84.6825,85.1775,85.245,82.3875,83.5575,82.02,43.1711,519.6,520.0,20.345,517.4,488.84,14.0611
86.9,57.6375,4.2328,57.525,286.875,358.3378,571.65,2.6012,4.5925,174.366,343.14,72.2822,710.4,19.4464,600.6,600.54,9.9833,66.2225,76.7774,2.6012,4.5925,11.1281,15.7345,9.1135,174.37,343.2,710.4,72.1388,32.99,47.016,9.583,4.123,12.305,46.704,25.8855,14.9108,0.1781,0.1281,0.1307,0.1281,0.2083,0.1306,0.197,0.1239,539.52,280.25,364.5,84.7125,85.14,85.2075,82.335,83.5125,81.99,43.1539,519.75,520.0,20.3449,517.4,488.84,14.0624
86.95,57.5625,4.4531,57.6,286.83,357.7179,571.75,2.6016,4.5975,174.1635,343.2,72.2822,710.32,19.4446,600.54,600.48,9.9828,66.2219,76.7744,2.6016,4.5975,11.1281,15.7348,9.1135,174.16,343.23,710.32,72.1882,32.995,47.226,9.572,4.207,12.305,47.016,26.0945,14.9108,0.1788,0.128,0.1305,0.128,0.2081,0.1305,0.1968,0.1238,539.72,280.25,364.5,84.675,85.1325,85.245,82.32,83.5575,82.0275,43.1324,519.93,520.0,20.3448,517.4,488.84,14.0638
86.975,57.525,4.4094,57.5625,287.3925,357.959,571.85,2.6012,4.6,174.096,343.23,72.2811,710.4,19.4431,600.48,600.48,9.9822,66.2213,76.7739,2.6012,4.6,11.1282,15.735,9.1135,174.09,343.23,710.4,72.1875,32.995,47.346,9.563,4.267,12.305,47.226,26.2485,14.9108,0.1792,0.128,0.1304,0.1279,0.2079,0.1304,0.1966,0.1237,539.96,280.3,364.5,84.6375,85.14,85.2825,82.365,83.5275,82.005,43.1063,520.14,520.0,20.3448,517.4,488.84,14.0651
86.525,57.5625,4.4938,57.5625,287.19,358.0623,571.7,2.6014,4.6,174.1095,343.23,72.2805,710.4,19.4411,600.48,600.36,9.9816,66.2207,76.7716,2.6014,4.6,11.1283,15.7353,9.1135,174.118,343.26,710.4,72.2375,33.0,47.364,9.556,4.306,12.305,47.346,26.3475,14.9108,0.1794,0.1279,0.1304,0.1278,0.2079,0.1303,0.1966,0.1236,540.16,280.3,364.55,84.6,85.0875,85.29,82.4025,83.55,82.005,43.0795,520.35,520.0,20.3447,517.4,488.84,14.0664
86.3,57.525,3.9031,57.525,286.8075,357.649,571.5,2.6008,4.6025,173.151,343.26,72.2799,710.4,19.4406,600.36,600.36,9.981,66.2202,76.7721,2.6008,4.6025,11.1284,15.7355,9.1135,173.152,343.26,710.4,72.2375,33.0,47.316,9.551,4.33,12.305,47.364,26.3915,14.9108,0.1796,0.1279,0.1304,0.1278,0.2078,0.1303,0.1967,0.1236,540.36,280.3,364.55,84.6075,85.05,85.29,82.3725,83.505,82.02,43.0555,520.53,520.0,20.3446,517.4,488.84,14.0678
86.025,57.6,4.3125,57.6,286.605,357.9245,571.2,2.6008,4.6025,174.231,343.26,72.2792,710.4,19.4391,600.36,600.36,9.9804,66.2196,76.7711,2.6008,4.6025,11.1285,15.7333,9.1135,174.23,343.26,710.4,72.2882,33.005,47.274,9.547,4.345,12.305,47.316,26.4135,14.9108,0.1797,0.1279,0.1304,0.1278,0.208,0.1303,0.1967,0.1236,540.56,280.3,364.55,84.6375,85.08,85.2525,82.3725,83.55,82.02,43.0271,520.74,520.0,20.3445,517.4,488.84,14.0691
86.5,57.6,4.8031,57.6,286.9875,358.4411,571.15,2.6008,4.6,173.799,343.26,72.2786,710.4,19.4376,600.36,600.3,9.9806,66.219,76.7701,2.6008,4.6,11.1285,15.7325,9.1135,173.796,343.26,710.4,72.3394,33.01,47.13,9.545,4.349,12.305,47.274,26.408,14.9108,0.1797,0.128,0.1304,0.1278,0.2081,0.1303,0.1969,0.1236,540.68,280.3,364.55,84.675,85.08,85.275,82.41,83.55,82.035,43.009,520.86,520.0,20.3444,517.4,488.84,14.0704
86.5,57.5625,3.9594,57.6,286.7175,357.9934,571.05,2.6006,4.6,173.8395,343.26,72.2792,710.24,19.4369,600.3,600.06,9.9803,66.2184,76.7699,2.6006,4.6,11.1286,15.7318,9.1129,173.838,343.23,710.24,72.3913,33.015,46.95,9.544,4.349,12.304,47.13,26.3805,14.9108,0.1797,0.128,0.1304,0.1279,0.2082,0.1304,0.197,0.1237,540.8,280.3,364.6,84.705,85.05,85.2825,82.4325,83.55,82.08,42.9943,520.95,520.0,20.3444,517.4,488.84,14.0718
86.2,57.5625,3.9797,57.5625,286.8975,358.51,571.6,2.6006,4.5975,173.124,343.23,72.2795,710.16,19.4386,600.06,600.0,9.9799,66.2186,76.7691,2.6006,4.5975,11.1287,15.7335,9.1118,173.124,343.23,710.16,72.3932,33.015,46.746,9.545,4.343,12.304,46.95,26.3145,14.9108,0.1796,0.1281,0.1305,0.1279,0.2084,0.1305,0.1972,0.1238,540.88,280.35,364.6,84.7125,85.1025,85.3275,82.3875,83.5575,82.0425,42.9792,521.04,520.0,20.3443,517.43,488.84,14.0731
86.05,57.6,4.1297,57.525,286.5825,358.0967,571.6,2.6004,4.595,174.177,343.23,72.2792,710.16,19.4391,600.0,599.94,9.9796,66.2182,76.7691,2.6004,4.595,11.1288,15.7338,9.1113,174.174,343.2,710.16,72.4457,33.02,46.554,9.548,4.331,12.304,46.746,26.232,14.9108,0.1794,0.1282,0.1306,0.128,0.2087,0.1306,0.1974,0.1239,540.96,280.35,364.6,84.6975,85.1475,85.335,82.4025,83.505,82.035,42.9675,521.1,520.0,20.3442,517.43,488.87,14.0744
86.375,57.5625,4.7078,57.525,286.965,357.6835,571.05,2.5996,4.59,174.3525,343.2,72.2796,710.08,19.4399,599.94,599.82,9.98,66.2187,76.7716,2.5996,4.59,11.1289,15.734,9.1108,174.356,343.2,710.08,72.4988,33.025,46.278,9.551,4.311,12.304,46.554,26.1275,14.9108,0.1793,0.1283,0.1307,0.1282,0.209,0.1307,0.1977,0.124,540.92,280.35,364.6,84.735,85.1475,85.3575,82.425,83.46,82.0425,42.9668,521.07,520.0,20.3441,517.43,488.87,14.0758
86.025,57.6,4.225,57.5625,287.235,358.2,571.85,2.5994,4.5875,174.285,343.2,72.2801,710.0,19.4416,599.82,599.7,9.9807,66.2186,76.7729,2.5994,4.5875,11.1289,15.7343,9.1102,174.286,343.17,710.0,72.5019,33.025,45.954,9.556,4.289,12.304,46.278,26.012,14.9022,0.1791,0.1284,0.1309,0.1283,0.2093,0.1308,0.198,0.1241,540.84,280.35,364.6,84.6975,85.125,85.3575,82.3875,83.43,82.065,42.97,521.01,520.0,20.3441,517.43,488.87,14.0771
86.025,57.6,4.2891,57.5625,287.01,358.5789,571.55,2.599,4.58,173.259,343.17,72.2807,709.92,19.4439,599.7,599.52,9.9816,66.2192,76.7751,2.599,4.58,11.129,15.7345,9.1091,173.264,343.11,709.92,72.505,33.025,45.456,9.563,4.267,12.304,45.954,25.858,14.9019,0.1791,0.1286,0.1311,0.1285,0.2097,0.131,0.1985,0.1244,540.72,280.35,364.65,84.6825,85.0725,85.32,82.3425,83.46,82.0275,42.9809,520.89,520.0,20.344,517.43,488.87,14.0784
86.975,57.5625,4.0938,57.5625,287.2575,357.6835,571.6,2.599,4.575,174.015,343.11,72.2821,709.76,19.4474,599.52,599.52,9.9813,66.2194,76.7764,2.599,4.575,11.1291,15.7348,9.1086,174.02,343.08,709.76,72.5588,33.03,45.042,9.574,4.247,12.303,45.456,25.638,14.9016,0.1789,0.1288,0.1313,0.1287,0.2102,0.1313,0.1989,0.1246,540.64,280.35,364.65,84.675,85.11,85.2975,82.29,83.4825,81.975,42.9886,520.8,520.0,20.3439,517.46,488.87,14.0798
86.4,57.6,4.0844,57.525,286.695,357.7868,571.45,2.5986,4.5675,173.88,343.08,72.2819,709.84,19.4494,599.52,599.34,9.9822,66.2203,76.7791,2.5986,4.5675,11.1292,15.735,9.1074,173.88,343.02,709.84,72.5626,33.03,44.562,9.584,4.217,12.302,45.042,25.407,14.9099,0.1786,0.129,0.1315,0.129,0.2106,0.1315,0.1994,0.1248,540.4,280.4,364.65,84.6675,85.1025,85.3125,82.305,83.475,82.005,43.0117,520.59,520.0,20.3438,517.46,488.87,14.0811
86.825,57.6,3.8922,57.5625,286.785,358.5789,571.85,2.5986,4.56,173.3535,343.02,72.2834,709.68,19.4536,599.34,599.34,9.9826,66.2207,76.7809,2.5986,4.56,11.1292,15.7353,9.1074,173.348,342.99,709.68,72.5663,33.03,44.13,9.598,4.174,12.302,44.562,25.154,14.9099,0.1782,0.1292,0.1318,0.1292,0.211,0.1318,0.1999,0.1251,540.2,280.4,364.65,84.6675,85.08,85.305,82.3425,83.49,81.96,43.0356,520.38,520.0,20.3438,517.46,488.9,14.0824
86.175,57.5625,4.3297,57.525,286.965,357.8557,571.05,2.5988,4.56,173.529,342.99,72.2839,709.68,19.4564,599.34,599.46,9.983,66.2212,76.7819,2.5988,4.56,11.1293,15.7355,9.1074,173.53,342.99,709.68,72.5194,33.025,44.604,9.611,4.124,12.302,44.13,24.9065,14.9099,0.1771,0.1291,0.1318,0.1292,0.2106,0.1318,0.1994,0.1251,539.96,280.4,364.65,84.7125,85.11,85.335,82.3275,83.445,81.9225,43.0641,520.14,520.0,20.3437,517.46,488.9,14.0838
86.125,57.6375,4.7016,57.525,286.83,358.3378,571.45,2.599,4.5625,173.691,342.99,72.2838,709.76,19.4576,599.46,599.76,9.9827,66.2208,76.7826,2.599,4.5625,11.1294,15.7333,9.1086,173.684,342.99,709.76,72.5226,33.025,44.94,9.612,4.039,12.303,44.604,24.9285,14.9099,0.1761,0.1289,0.1317,0.1291,0.2103,0.1317,0.1991,0.125,539.8,280.4,364.7,84.6825,85.1475,85.3125,82.3725,83.4975,81.8925,43.0823,519.99,520.0,20.3436,517.46,488.9,14.0851
86.35,57.525,3.8484,57.5625,287.2125,357.959,571.15,2.5996,4.5675,174.0825,342.99,72.2835,709.84,19.4561,599.76,600.0,9.9828,66.221,76.7816,2.5996,4.5675,11.1295,15.7325,9.1091,174.09,343.02,709.84,72.4751,33.02,45.18,9.61,3.968,12.304,44.94,25.0495,14.9099,0.176,0.1288,0.1316,0.129,0.2101,0.1315,0.1988,0.1248,539.68,280.4,364.7,84.6525,85.1025,85.3125,82.3425,83.475,81.885,43.0937,519.9,520.0,20.3435,517.46,488.9,14.0864
86.975,57.525,3.85,57.6,286.74,357.959,571.85,2.5998,4.57,174.231,343.02,72.2838,709.84,19.4541,600.0,600.06,9.983,66.2212,76.7814,2.5998,4.57,11.1296,15.7318,9.1096,174.23,343.05,709.84,72.427,33.015,45.294,9.607,3.968,12.304,45.18,25.1815,14.9099,0.1766,0.1288,0.1315,0.1289,0.21,0.1314,0.1987,0.1247,539.6,280.4,364.7,84.615,85.1475,85.3575,82.29,83.52,81.9075,43.1053,519.81,520.0,20.3435,517.46,488.9,14.0878
86.775,57.6,4.6547,57.6375,287.3925,358.51,571.7,2.5998,4.57,173.9475,343.05,72.2834,709.92,19.4534,600.06,600.06,9.9832,66.2213,76.7816,2.5998,4.57,11.1296,15.7335,9.1096,173.95,343.05,709.92,72.3782,33.01,45.276,9.605,4.026,12.304,45.294,25.275,14.9099,0.1775,0.1288,0.1314,0.1289,0.21,0.1314,0.1988,0.1247,539.52,280.4,364.7,84.615,85.1475,85.4025,82.32,83.4675,81.9225,43.1136,519.75,520.0,20.3434,517.46,488.9,14.0891
86.65,57.5625,3.9516,57.525,287.4825,357.7868,571.4,2.5998,4.57,173.8935,343.05,72.2841,709.84,19.4531,600.06,599.88,9.9833,66.2215,76.7819,2.5998,4.57,11.1297,15.7338,9.1096,173.894,343.05,709.84,72.3794,33.01,45.204,9.605,4.097,12.304,45.276,25.3135,14.9099,0.1782,0.1289,0.1314,0.1289,0.2101,0.1314,0.1988,0.1247,539.48,280.45,364.7,84.6225,85.185,85.4175,82.2825,83.49,81.8925,43.1184,519.72,520.0,20.3433,517.46,488.9,14.0904
86.5,57.525,4.0984,57.6,286.695,358.1312,571.35,2.5998,4.5675,173.2455,343.05,72.2844,709.84,19.4551,599.88,599.82,9.9835,66.2217,76.7821,2.5998,4.5675,11.1298,15.734,9.1096,173.25,343.02,709.84,72.3807,33.01,45.084,9.606,4.148,12.305,45.204,25.297,14.9099,0.1785,0.1289,0.1315,0.1289,0.2101,0.1314,0.199,0.1248,539.44,280.45,364.75,84.585,85.215,85.4025,82.29,83.505,81.8925,43.127,519.66,520.0,20.3432,517.46,488.9,14.0918
86.025,57.6,4.3656,57.525,287.37,357.7523,571.4,2.5998,4.5675,174.042,343.02,72.2846,709.84,19.4564,599.82,599.82,9.9837,66.2218,76.7824,2.5998,4.5675,11.1299,15.7343,9.1096,174.034,343.02,709.84,72.382,33.01,45.168,9.608,4.166,12.305,45.084,25.242,14.9185,0.1783,0.1289,0.1315,0.129,0.2102,0.1314,0.1989,0.1248,539.44,280.45,364.75,84.555,85.1775,85.395,82.2675,83.5275,81.9225,43.1284,519.66,520.0,20.3432,517.46,488.87,14.0931
86.375,57.525,4.6016,57.5625,287.055,358.3378,572.05,2.5996,4.5675,173.0295,343.02,72.2849,709.84,19.4571,599.82,600.0,9.9838,66.222,76.7834,2.5996,4.5675,11.1299,15.7345,9.1096,173.026,343.02,709.84,72.3326,33.005,45.12,9.609,4.152,12.305,45.168,25.231,14.9188,0.1781,0.1289,0.1315,0.129,0.2101,0.1315,0.1989,0.1248,539.4,280.45,364.75,84.5625,85.1175,85.3725,82.2975,83.5575,81.9675,43.1335,519.63,520.0,20.3431,517.43,488.87,14.0944
86.875,57.6,4.5375,57.5625,287.055,357.7179,571.4,2.5998,4.57,173.2455,343.02,72.2851,709.84,19.4556,600.0,600.06,9.984,66.2222,76.7831,2.5998,4.57,11.13,15.7348,9.1096,173.25,343.05,709.84,72.3332,33.005,45.432,9.61,4.131,12.306,45.12,25.2145,14.9191,0.1777,0.1288,0.1315,0.1289,0.2098,0.1314,0.1986,0.1247,539.44,280.45,364.75,84.6,85.1475,85.3875,82.32,83.5275,81.93,43.1313,519.66,520.0,20.343,517.43,488.87,14.0958
86.975,57.6,4.3297,57.5625,287.145,357.8901,571.5,2.6,4.5725,173.772,343.05,72.2848,709.92,19.4549,600.06,600.18,9.9842,66.2223,76.7826,2.6,4.5725,11.1301,15.735,9.1102,173.768,343.05,709.92,72.3339,33.005,45.648,9.607,4.107,12.308,45.432,25.286,14.9194,0.1774,0.1287,0.1314,0.1288,0.2096,0.1314,0.1984,0.1246,539.48,280.45,364.8,84.585,85.095,85.365,82.3575,83.5425,81.93,43.1289,519.69,520.0,20.3429,517.43,488.87,14.0971
86.125,57.6,4.4906,57.5625,287.235,358.1656,571.75,2.6002,4.575,173.799,343.05,72.2849,709.92,19.4531,600.18,600.18,9.9836,66.2218,76.7819,2.6002,4.575,11.1302,15.7353,9.1102,173.796,343.08,709.92,72.3345,33.005,45.72,9.603,4.096,12.308,45.648,25.385,14.9197,0.1776,0.1287,0.1313,0.1287,0.2095,0.1313,0.1983,0.1246,539.52,280.5,364.8,84.615,85.0575,85.3725,82.305,83.4975,81.9225,43.1264,519.72,520.0,20.3428,517.43,488.87,14.0984
86.025,57.6,4.1453,57.6,286.92,358.2345,572.0,2.6002,4.575,173.691,343.08,72.2831,710.16,19.4524,600.18,600.06,9.9835,66.2217,76.7816,2.6002,4.575,11.1271,15.7355,9.1108,173.698,343.08,710.16,72.2845,33.0,45.78,9.6,4.115,12.308,45.72,25.4565,14.9113,0.178,0.1287,0.1312,0.1287,0.2094,0.1312,0.1982,0.1245,539.56,280.5,364.8,84.6225,85.0875,85.4175,82.32,83.505,81.9375,43.12,519.78,520.0,20.3428,517.43,488.87,14.0998
86.25,57.525,4.0984,57.6,286.7625,358.6478,571.95,2.6002,4.5775,173.61,343.08,72.2841,710.0,19.4531,600.06,600.06,9.9834,66.2216,76.7814,2.6002,4.5775,11.126,15.7333,9.1108,173.614,343.08,710.0,72.2845,33.0,45.816,9.597,4.148,12.308,45.78,25.506,14.9113,0.1783,0.1287,0.1312,0.1286,0.2094,0.1312,0.1982,0.1245,539.6,280.5,364.8,84.645,85.0575,85.4325,82.335,83.4825,81.8925,43.1134,519.84,520.0,20.3427,517.43,488.87,14.1011
86.725,57.525,3.9234,57.6,286.5375,357.9245,571.7,2.6002,4.5775,174.258,343.08,72.2841,710.0,19.4529,600.06,600.12,9.9834,66.2215,76.7811,2.6002,4.5775,11.1248,15.7325,9.1108,174.258,343.08,710.0,72.2845,33.0,45.834,9.595,4.175,12.308,45.816,25.5335,14.9113,0.1785,0.1287,0.1312,0.1286,0.2095,0.1312,0.1982,0.1245,539.68,280.5,364.8,84.6525,85.035,85.3875,82.3575,83.4375,81.87,43.1103,519.87,520.0,20.3426,517.43,488.87,14.1024
86.7,57.6,4.7781,57.6,286.875,358.3378,571.65,2.6002,4.5775,174.258,343.08,72.2841,710.0,19.4519,600.12,600.06,9.9833,66.2214,76.7809,2.6002,4.5775,11.1267,15.7318,9.1108,174.258,343.08,710.0,72.3351,33.005,45.78,9.594,4.19,12.306,45.834,25.55,14.9113,0.1786,0.1287,0.1312,0.1286,0.2095,0.1312,0.1982,0.1245,539.68,280.5,364.8,84.645,85.0425,85.4025,82.32,83.4075,81.8925,43.107,519.9,520.0,20.3425,517.43,488.87,14.1038
86.35,57.6,4.4984,57.5625,287.0325,358.0967,571.9,2.6002,4.575,174.177,343.08,72.2841,710.0,19.4521,600.06,600.06,9.9839,66.2213,76.7806,2.6002,4.575,11.1268,15.7335,9.1108,174.174,343.08,710.0,72.3357,33.005,45.678,9.594,4.198,12.306,45.78,25.5445,14.9113,0.1787,0.1287,0.1312,0.1287,0.2096,0.1312,0.1983,0.1245,539.68,280.5,364.85,84.675,85.0275,85.35,82.3425,83.445,81.9375,43.1074,519.9,520.0,20.3425,517.43,488.87,14.1051
86.15,57.6,4.4578,57.5625,286.875,357.9934,571.15,2.6002,4.575,174.231,343.08,72.2848,709.92,19.4519,600.06,600.0,9.9841,66.2213,76.7803,2.6002,4.575,11.13,15.7338,9.1108,174.23,343.08,709.92,72.3364,33.005,45.546,9.594,4.201,12.306,45.678,25.5115,14.9113,0.1787,0.1288,0.1313,0.1287,0.2098,0.1313,0.1985,0.1246,539.68,280.55,364.85,84.7125,85.035,85.2975,82.3125,83.415,81.945,43.1078,519.9,520.0,20.3424,517.43,488.87,14.1064
86.125,57.5625,4.0484,57.6,287.28,357.9934,571.6,2.6,4.5725,174.1905,343.08,72.2849,709.92,19.4524,600.0,599.88,9.9843,66.2219,76.7809,2.6,4.5725,11.1282,15.734,9.1102,174.188,343.05,709.92,72.337,33.005,45.276,9.597,4.198,12.306,45.546,25.4455,14.9113,0.1787,0.1289,0.1314,0.1288,0.21,0.1314,0.1988,0.1247,539.64,280.55,364.85,84.705,85.0725,85.3425,82.2675,83.475,81.945,43.112,519.87,520.0,20.3423,517.43,488.87,14.1078
86.125,57.5625,4.1906,57.525,286.6275,358.5444,571.45,2.5996,4.5675,173.664,343.05,72.2856,709.84,19.4539,599.88,599.76,9.9844,66.2221,76.7824,2.5996,4.5675,11.1283,15.7343,9.1096,173.67,343.02,709.84,72.3376,33.005,44.946,9.601,4.195,12.306,45.276,25.3355,14.9113,0.1788,0.129,0.1315,0.129,0.2103,0.1315,0.1991,0.1248,539.6,280.55,364.85,84.705,85.08,85.335,82.29,83.5275,81.9,43.12,519.81,520.0,20.3422,517.43,488.87,14.1091
86.8,57.6,4.4344,57.525,286.7175,358.3723,571.85,2.5994,4.5625,174.177,343.02,72.2865,709.76,19.4559,599.76,599.64,9.9854,66.2223,76.7836,2.5994,4.5625,11.1253,15.7345,9.1086,174.174,342.99,709.76,72.3382,33.005,44.676,9.608,4.188,12.306,44.946,25.1925,14.9113,0.1787,0.1291,0.1317,0.1291,0.2106,0.1316,0.1993,0.125,539.52,280.55,364.9,84.7275,85.065,85.2975,82.2525,83.49,81.9375,43.1321,519.72,520.0,20.3422,517.43,488.87,14.1104
86.05,57.525,4.3156,57.6,287.37,358.5444,571.7,2.599,4.5575,173.664,342.99,72.2875,709.68,19.4584,599.64,599.52,9.9858,66.2232,76.7859,2.599,4.5575,11.1272,15.7348,9.108,173.656,342.96,709.68,72.3389,33.005,44.37,9.614,4.167,12.306,44.676,25.0385,14.9113,0.1784,0.1293,0.1318,0.1293,0.2109,0.1318,0.1997,0.1251,539.4,280.55,364.9,84.7425,85.0875,85.2675,82.26,83.5125,81.975,43.1483,519.6,520.0,20.3421,517.43,488.87,14.1118
86.45,57.5625,3.9406,57.6,287.3925,357.7523,571.45,2.599,4.5575,173.4345,342.96,72.2868,709.84,19.4614,599.52,599.76,9.9862,66.2236,76.7871,2.599,4.5575,11.1273,15.735,9.108,173.432,342.96,709.84,72.3395,33.005,44.544,9.623,4.137,12.306,44.37,24.8735,14.9113,0.1778,0.1292,0.1319,0.1293,0.2106,0.1318,0.1995,0.1252,539.28,280.55,364.9,84.72,85.05,85.29,82.2525,83.55,82.0275,43.1649,519.48,520.0,20.342,517.43,488.87,14.1131
86.65,57.5625,4.575,57.5625,286.83,358.0279,571.9,2.5992,4.56,173.7045,342.96,72.287,709.84,19.4604,599.76,599.88,9.9859,66.224,76.7876,2.5992,4.56,11.1305,15.7353,9.1086,173.698,342.96,709.84,72.2895,33.0,44.832,9.625,4.086,12.306,44.544,24.846,14.9113,0.1771,0.1291,0.1318,0.1292,0.2104,0.1318,0.1992,0.1251,539.2,280.6,364.9,84.72,85.0425,85.305,82.245,83.5125,82.02,43.1745,519.42,520.0,20.3419,517.43,488.87,14.1144
86.775,57.5625,4.0531,57.6,287.37,358.0967,571.2,2.5998,4.5625,174.0555,342.96,72.2866,709.92,19.4599,599.88,600.12,9.9853,66.2237,76.7864,2.5998,4.5625,11.1287,15.7355,9.1091,174.062,342.99,709.92,72.2895,33.0,45.042,9.623,4.034,12.306,44.832,24.923,14.9113,0.1768,0.129,0.1317,0.1292,0.2102,0.1317,0.199,0.125,539.16,280.6,364.95,84.66,85.0725,85.32,82.245,83.52,81.99,43.1806,519.39,520.0,20.3419,517.43,488.87,14.1158
86.025,57.6,4.7984,57.525,287.3475,357.7179,571.35,2.6,4.565,174.258,342.99,72.2868,709.92,19.4574,600.12,600.12,9.9852,66.2238,76.7859,2.6,4.565,11.1288,15.7333,9.1096,174.258,343.02,709.92,72.2388,32.995,45.15,9.62,4.02,12.306,45.042,25.0275,14.9113,0.1771,0.1289,0.1316,0.1291,0.2102,0.1316,0.1989,0.1249,539.12,280.6,364.95,84.6825,85.0275,85.35,82.215,83.5425,81.96,43.1868,519.36,520.0,20.3418,517.43,488.87,14.1171
86.05,57.525,4.1094,57.525,287.46,358.4411,571.2,2.6002,4.5675,173.205,343.02,72.2869,709.92,19.4569,600.12,600.0,9.9851,66.224,76.7851,2.6002,4.5675,11.1257,15.7325,9.1102,173.208,343.02,709.92,72.2382,32.995,45.156,9.617,4.05,12.306,45.15,25.11,14.9113,0.1777,0.129,0.1316,0.129,0.21,0.1315,0.1988,0.1249,539.12,280.6,364.95,84.6975,85.0575,85.35,82.1775,83.5725,81.9975,43.1932,519.33,520.0,20.3567,517.43,488.87,14.1184
86.425,57.5625,3.8516,57.525,287.37,358.5444,571.75,2.6002,4.5675,174.204,343.02,72.2864,710.0,19.4579,600.0,600.06,9.985,66.2242,76.7849,2.6002,4.5675,11.1277,15.7318,9.1102,174.202,343.02,710.0,72.187,32.99,45.33,9.616,4.099,12.306,45.156,25.154,14.9113,0.178,0.1289,0.1315,0.129,0.21,0.1315,0.1987,0.1248,539.16,280.6,364.95,84.7275,85.0125,85.305,82.2075,83.595,82.035,43.1884,519.39,520.0,20.3572,517.4,488.87,14.1198
86.6,57.5625,4.5781,57.6,287.2125,358.1312,571.55,2.6002,4.5675,173.9205,343.02,72.2864,710.0,19.4571,600.06,600.06,9.9849,66.2243,76.7846,2.6002,4.5675,11.1278,15.7335,9.1102,173.922,343.05,710.0,72.1857,32.99,45.324,9.613,4.131,12.306,45.33,25.2035,14.9113,0.1782,0.1289,0.1315,0.1289,0.2099,0.1314,0.1987,0.1248,539.16,280.6,364.95,84.675,84.99,85.3275,82.2375,83.5875,81.99,43.1908,519.39,520.0,20.3576,517.4,488.84,14.1211
86.95,57.5625,4.4797,57.5625,287.4825,358.1656,571.6,2.6002,4.57,174.528,343.05,72.2864,710.0,19.4569,600.06,600.06,9.9849,66.2245,76.7844,2.6002,4.57,11.1278,15.7338,9.1102,174.524,343.05,710.0,72.1844,32.99,45.324,9.612,4.15,12.306,45.324,25.2365,14.9113,0.1784,0.1289,0.1315,0.1289,0.21,0.1314,0.1987,0.1248,539.2,280.65,365.0,84.66,85.035,85.3425,82.2075,83.535,81.9825,43.1895,519.42,520.0,20.358,517.4,488.84,14.1224
86.825,57.6375,4.1234,57.6,287.0775,358.0623,571.45,2.5996,4.5675,174.0825,343.05,72.2864,710.0,19.4566,600.06,600.0,9.9848,66.2247,76.7864,2.5996,4.5675,11.1279,15.734,9.1096,174.09,343.02,710.0,72.1832,32.99,45.144,9.611,4.16,12.306,45.324,25.2475,14.9113,0.1785,0.129,0.1315,0.129,0.2102,0.1315,0.1989,0.1248,539.16,280.65,365.0,84.69,84.99,85.305,82.26,83.5575,81.9525,43.1956,519.39,520.0,20.3584,517.4,488.84,14.1238
86.2,57.525,4.0437,57.5625,287.37,358.6822,571.45,2.5996,4.565,174.123,343.02,72.287,709.92,19.4571,600.0,599.94,9.9854,66.2249,76.7869,2.5996,4.565,11.128,15.7343,9.1091,174.132,343.02,709.92,72.1819,32.99,44.94,9.613,4.17,12.306,45.144,25.198,14.9113,0.1787,0.1291,0.1316,0.1291,0.2103,0.1316,0.1991,0.1249,539.16,280.65,365.0,84.645,84.99,85.2975,82.305,83.535,81.945,43.1981,519.39,520.0,20.3588,517.4,488.84,14.1251
86.1,57.525,4.3391,57.5625,287.1675,358.51,571.8,2.5994,4.5625,174.0015,343.02,72.2878,709.84,19.4579,599.94,599.82,9.9864,66.225,76.7881,2.5994,4.5625,11.1281,15.7345,9.1086,174.006,342.99,709.84,72.1807,32.99,44.7,9.617,4.173,12.306,44.94,25.099,14.9113,0.1787,0.1292,0.1317,0.1292,0.2106,0.1317,0.1993,0.125,539.12,280.65,365.0,84.6375,84.96,85.305,82.2825,83.5275,81.915,43.2043,519.36,520.0,20.3592,517.4,488.84,14.1264
86.175,57.6375,4.6219,57.5625,286.9425,358.4411,571.35,2.5996,4.5575,173.6235,342.99,72.288,709.84,19.4596,599.82,599.76,9.9868,66.2259,76.7881,2.5996,4.5575,11.1282,15.7348,9.1086,173.628,342.96,709.84,72.1794,32.99,44.484,9.622,4.166,12.305,44.7,24.989,14.9113,0.1786,0.1293,0.1318,0.1293,0.2107,0.1318,0.1995,0.1251,539.08,280.65,365.0,84.5925,84.99,85.305,82.29,83.52,81.96,43.2144,519.3,520.0,20.3596,517.4,488.84,14.1278
86.55,57.525,4.0094,57.525,287.37,358.3378,571.9,2.5996,4.5575,174.069,342.96,72.2883,709.84,19.4611,599.76,599.82,9.9864,66.2264,76.7886,2.5996,4.5575,11.1282,15.735,9.1086,174.076,342.96,709.84,72.1782,32.99,44.742,9.627,4.146,12.305,44.484,24.8625,14.9113,0.178,0.1292,0.1318,0.1293,0.2106,0.1318,0.1993,0.1251,539.0,280.65,365.05,84.63,84.975,85.2675,82.3275,83.5575,82.0125,43.2248,519.24,520.0,20.3601,517.4,488.84,14.1291
86.525,57.525,4.3891,57.5625,287.4375,358.3378,571.35,2.5998,4.56,173.286,342.96,72.2885,709.84,19.4614,599.82,599.88,9.9866,66.226,76.7884,2.5998,4.56,11.1283,15.7353,9.1096,173.278,342.99,709.84,72.1769,32.99,44.874,9.627,4.103,12.305,44.742,24.8845,14.9113,0.1775,0.1291,0.1318,0.1292,0.2103,0.1318,0.1991,0.1251,538.96,280.7,365.05,84.63,84.9975,85.2375,82.3125,83.505,81.975,43.2354,519.18,520.0,20.3605,517.4,488.84,14.1304
86.0,57.525,4.6062,57.525,287.4825,358.3378,571.45,2.6,4.565,174.231,342.99,72.2881,709.92,19.4614,599.88,600.18,9.986,66.2254,76.7879,2.6,4.565,11.1284,15.7355,9.1102,174.23,342.99,709.92,72.1757,32.99,45.21,9.625,4.067,12.305,44.874,24.9395,14.9113,0.1772,0.129,0.1317,0.1291,0.2101,0.1317,0.1988,0.1249,539.0,280.7,365.05,84.615,85.05,85.245,82.29,83.5275,81.945,43.2312,519.24,520.0,20.3609,517.37,488.84,14.1318
86.35,57.5625,4.7016,57.6,286.92,358.0623,571.45,2.6002,4.5675,173.1915,342.99,72.2876,710.0,19.4581,600.18,600.24,9.9859,66.2254,76.7871,2.6002,4.5675,11.1285,15.7333,9.1108,173.194,343.02,710.0,72.1238,32.985,45.366,9.62,4.055,12.305,45.21,25.0605,14.9113,0.1773,0.1289,0.1316,0.129,0.2098,0.1315,0.1986,0.1248,539.0,280.7,365.05,84.615,85.05,85.23,82.2825,83.4825,81.9075,43.2342,519.24,520.0,20.3613,517.37,488.84,14.1331
86.0,57.5625,4.7188,57.525,287.1,357.9245,571.8,2.6004,4.57,174.231,343.02,72.2876,710.0,19.4566,600.24,600.3,9.9859,66.2253,76.7861,2.6004,4.57,11.1286,15.7325,9.1108,174.23,343.05,710.0,72.122,32.985,45.576,9.616,4.075,12.305,45.366,25.176,14.9113,0.1777,0.1288,0.1315,0.1289,0.2097,0.1314,0.1984,0.1247,539.12,280.7,365.1,84.6,85.1025,85.26,82.2975,83.445,81.8775,43.2223,519.36,520.0,20.3467,517.37,488.81,14.1344
86.55,57.6,4.5312,57.6,287.055,357.8212,571.95,2.6006,4.5725,173.961,343.05,72.287,710.08,19.4549,600.3,600.18,9.9858,66.2252,76.7849,2.6006,4.5725,11.1286,15.7318,9.1113,173.964,343.05,710.08,72.1201,32.985,45.714,9.611,4.113,12.305,45.576,25.2805,14.9113,0.1781,0.1288,0.1314,0.1288,0.2095,0.1314,0.1983,0.1246,539.16,280.7,365.1,84.6,85.0725,85.2375,82.2675,83.445,81.9075,43.2211,519.39,520.0,20.3466,517.37,488.81,14.1358
86.275,57.6,4.7469,57.6,286.56,357.959,571.15,2.6006,4.575,173.637,343.05,72.2869,710.08,19.4551,600.18,600.24,9.9849,66.2251,76.7841,2.6006,4.575,11.1287,15.7335,9.1118,173.628,343.08,710.08,72.1182,32.985,45.828,9.607,4.151,12.305,45.714,25.3795,14.9113,0.1784,0.1287,0.1313,0.1287,0.2094,0.1313,0.1982,0.1245,539.24,280.7,365.1,84.6225,85.0875,85.2375,82.3125,83.4,81.9075,43.2123,519.48,520.0,20.3465,517.37,488.81,14.1371
86.875,57.5625,4.4,57.6,287.46,358.2345,571.55,2.6008,4.5775,173.799,343.08,72.2861,710.16,19.4536,600.24,600.12,9.9846,66.2243,76.7826,2.6008,4.5775,11.1288,15.7338,9.1118,173.796,343.08,710.16,72.1163,32.985,45.924,9.602,4.181,12.305,45.828,25.4565,14.9113,0.1786,0.1287,0.1312,0.1287,0.2093,0.1312,0.1981,0.1245,539.36,280.75,365.1,84.5925,85.11,85.2225,82.3575,83.4,81.915,43.1994,519.6,520.0,20.3465,517.37,488.81,14.1384
86.475,57.6,4.2234,57.6,287.37,358.6478,571.55,2.6004,4.5775,173.799,343.08,72.2859,710.16,19.4541,600.12,600.3,9.9843,66.2239,76.7831,2.6004,4.5775,11.1289,15.734,9.1118,173.796,343.11,710.16,72.1145,32.985,45.99,9.598,4.199,12.305,45.924,25.5115,14.9113,0.1787,0.1286,0.1312,0.1286,0.2092,0.1311,0.198,0.1244,539.48,280.75,365.1,84.5925,85.0875,85.185,82.395,83.4,81.9225,43.1897,519.69,520.0,20.3464,517.37,488.81,14.1398
86.925,57.5625,4.7297,57.5625,286.7625,358.1312,571.65,2.6004,4.58,174.3255,343.11,72.2856,710.16,19.4514,600.3,600.18,9.9847,66.2236,76.7826,2.6004,4.58,11.1289,15.7343,9.1118,174.314,343.11,710.16,72.1126,32.985,46.02,9.595,4.209,12.304,45.99,25.561,14.9113,0.1787,0.1286,0.1311,0.1286,0.2093,0.1311,0.198,0.1244,539.6,280.75,365.15,84.5625,85.065,85.215,82.3425,83.3625,81.9675,43.1759,519.81,520.0,20.3463,517.37,488.81,14.1411
86.85,57.6,3.9656,57.5625,286.785,358.5444,571.55,2.6004,4.58,174.2445,343.11,72.2854,710.16,19.4516,600.18,600.18,9.9846,66.224,76.7821,2.6004,4.58,11.129,15.7345,9.1113,174.258,343.11,710.16,72.1613,32.99,45.984,9.592,4.217,12.304,46.02,25.594,14.9113,0.1788,0.1286,0.1311,0.1285,0.2093,0.1311,0.198,0.1244,539.64,280.75,365.15,84.6075,85.0425,85.26,82.3725,83.3475,81.9825,43.1692,519.87,520.0,20.3462,517.37,488.81,14.1424
86.45,57.6,4.3719,57.5625,287.2575,357.9934,571.6,2.6004,4.58,173.691,343.11,72.2851,710.16,19.4509,600.18,600.12,9.9845,66.2239,76.7816,2.6004,4.58,11.1291,15.7348,9.1113,173.698,343.11,710.16,72.16,32.99,45.924,9.591,4.225,12.304,45.984,25.6105,14.9113,0.1789,0.1286,0.1311,0.1286,0.2093,0.1311,0.1981,0.1244,539.72,280.75,365.15,84.6375,85.005,85.275,82.395,83.325,81.9825,43.166,519.9,520.0,20.3462,517.37,488.81,14.1438
86.225,57.525,4.0516,57.5625,286.6275,358.3378,572.0,2.6004,4.58,174.1095,343.11,72.2849,710.16,19.4509,600.12,600.12,9.9844,66.2239,76.7811,2.6004,4.58,11.1292,15.735,9.1113,174.104,343.11,710.16,72.1588,32.99,45.87,9.59,4.23,12.304,45.924,25.605,14.9027,0.1789,0.1286,0.1311,0.1286,0.2094,0.1311,0.1981,0.1244,539.76,280.75,365.15,84.5925,85.0125,85.29,82.3875,83.385,81.9375,43.1551,519.99,520.0,20.3461,517.37,488.81,14.1451
86.15,57.6,3.8484,57.6,286.8975,357.7179,571.75,2.6004,4.5775,173.934,343.11,72.2846,710.16,19.4504,600.12,600.06,9.9844,66.2238,76.7806,2.6004,4.5775,11.1293,15.7353,9.1113,173.936,343.11,710.16,72.2082,32.995,45.774,9.589,4.228,12.304,45.87,25.583,14.9024,0.1789,0.1287,0.1312,0.1286,0.2094,0.1311,0.1982,0.1244,539.8,280.75,365.15,84.5475,85.02,85.275,82.335,83.4075,81.8925,43.1514,520.02,520.0,20.346,517.37,488.81,14.1464
86.35,57.6,4.7922,57.5625,287.3025,357.8901,571.55,2.6002,4.5775,173.5965,343.11,72.2844,710.16,19.4506,600.06,600.06,9.9843,66.2237,76.7808,2.6002,4.5775,11.1293,15.7355,9.1108,173.6,343.08,710.16,72.2076,32.995,45.678,9.59,4.223,12.304,45.774,25.55,14.9022,0.1788,0.1287,0.1312,0.1286,0.2095,0.1312,0.1983,0.1245,539.84,280.8,365.2,84.5775,85.005,85.32,82.35,83.4,81.8775,43.1475,520.05,520.0,20.3459,517.37,488.81,14.1478
86.85,57.5625,4.2875,57.5625,287.235,358.4067,571.85,2.6002,4.575,173.718,343.08,72.2854,710.0,19.4504,600.06,600.0,9.9849,66.2236,76.7806,2.6002,4.575,11.1294,15.7333,9.1108,173.712,343.08,710.0,72.2069,32.995,45.588,9.592,4.215,12.302,45.678,25.5115,14.9105,0.1787,0.1287,0.1313,0.1287,0.2096,0.1312,0.1984,0.1245,539.88,280.8,365.2,84.6225,85.005,85.3425,82.3875,83.385,81.93,43.1436,520.08,520.0,20.3459,517.37,488.81,14.1491
86.225,57.6375,4.3625,57.5625,287.2575,357.6835,572.0,2.6002,4.575,173.421,343.08,72.286,709.92,19.4509,600.0,600.0,9.9851,66.2235,76.7803,2.6002,4.575,11.1295,15.7325,9.1102,173.418,343.08,709.92,72.2063,32.995,45.498,9.593,4.204,12.302,45.588,25.4675,14.9105,0.1786,0.1288,0.1313,0.1287,0.2097,0.1313,0.1985,0.1246,539.88,280.8,365.2,84.5925,84.9975,85.35,82.4175,83.385,81.96,43.1432,520.08,520.0,20.3458,517.37,488.81,14.1504
86.825,57.6,4.7547,57.5625,287.01,358.51,572.0,2.6,4.5725,173.205,343.08,72.2861,709.92,19.4509,600.0,599.94,9.9853,66.2242,76.7808,2.6,4.5725,11.1296,15.7318,9.1102,173.208,343.05,709.92,72.2057,32.995,45.396,9.595,4.192,12.302,45.498,25.4235,14.9105,0.1785,0.1288,0.1314,0.1288,0.2098,0.1314,0.1986,0.1246,539.88,280.8,365.2,84.5625,84.9975,85.3275,82.4325,83.43,81.9525,43.1429,520.08,520.0,20.3457,517.37,488.81,14.1518
86.8,57.5625,4.1172,57.525,286.5375,357.8212,571.9,2.6,4.57,174.285,343.05,72.2856,710.0,19.4516,599.94,599.94,9.9854,66.2243,76.7808,2.6,4.57,11.1296,15.7335,9.1102,174.286,343.05,710.0,72.2557,33.0,45.312,9.598,4.181,12.304,45.396,25.3575,14.9105,0.1784,0.1289,0.1314,0.1288,0.21,0.1314,0.1987,0.1247,539.92,280.8,365.25,84.5775,84.975,85.365,82.4025,83.4525,82.005,43.1388,520.11,520.0,20.3456,517.37,488.81,14.1531
86.025,57.525,4.0297,57.6,286.9425,358.6478,571.15,2.5998,4.5675,173.583,343.05,72.2856,710.0,19.4519,599.94,599.82,9.9849,66.2245,76.7816,2.5998,4.5675,11.1297,15.7338,9.1096,173.586,343.05,710.0,72.2557,33.0,45.084,9.6,4.17,12.304,45.312,25.297,14.9019,0.1784,0.1289,0.1315,0.1289,0.2101,0.1314,0.1989,0.1248,539.84,280.8,365.25,84.5925,84.96,85.3275,82.41,83.4675,81.96,43.1497,520.02,520.0,20.3455,517.37,488.81,14.1544
86.75,57.525,4.1188,57.5625,286.605,358.1656,571.7,2.5996,4.565,174.366,343.05,72.2862,709.92,19.4536,599.82,599.76,9.9855,66.2247,76.7826,2.5996,4.565,11.1298,15.734,9.1096,174.37,343.02,709.92,72.2557,33.0,44.904,9.605,4.164,12.303,45.084,25.2145,14.9016,0.1785,0.129,0.1316,0.129,0.2104,0.1315,0.1991,0.1249,539.76,280.85,365.25,84.63,84.9825,85.3275,82.4325,83.475,81.9825,43.1533,519.99,520.0,20.3455,517.37,488.81,14.1558
86.25,57.525,4.3875,57.5625,287.3025,357.8212,571.6,2.5994,4.5625,174.042,343.02,72.2864,709.92,19.4551,599.76,599.64,9.9857,66.2249,76.7838,2.5994,4.5625,11.1299,15.7343,9.1091,174.048,342.99,709.92,72.2557,33.0,44.634,9.61,4.158,12.303,44.904,25.1155,14.9013,0.1784,0.1291,0.1317,0.1292,0.2106,0.1317,0.1993,0.125,539.64,280.85,365.25,84.675,84.9825,85.3125,82.425,83.445,81.9525,43.1684,519.87,520.0,20.3454,517.37,488.81,14.1571
86.675,57.6,4.5953,57.6,287.3025,357.9245,571.3,2.5992,4.5575,174.339,342.99,72.2871,709.84,19.4576,599.64,599.58,9.9866,66.2258,76.7853,2.5992,4.5575,11.13,15.7345,9.1086,174.342,342.96,709.84,72.2051,32.995,44.394,9.616,4.147,12.301,44.634,25.0,14.9097,0.1784,0.1293,0.1318,0.1293,0.2109,0.1318,0.1996,0.1251,539.52,280.85,365.25,84.645,84.9675,85.2975,82.4175,83.4225,81.99,43.1877,519.72,520.0,20.3453,517.37,488.81,14.1584
86.075,57.525,4.7531,57.6,287.145,358.3723,571.5,2.5988,4.555,173.8395,342.96,72.288,709.76,19.4599,599.58,599.64,9.987,66.2262,76.7878,2.5988,4.555,11.13,15.7348,9.1074,173.838,342.93,709.76,72.2044,32.995,44.136,9.623,4.129,12.302,44.394,24.868,14.9097,0.1782,0.1294,0.132,0.1294,0.2111,0.1319,0.1999,0.1253,539.36,280.85,365.25,84.615,84.9675,85.3425,82.365,83.4675,82.005,43.2076,519.57,520.0,20.3452,517.37,488.81,14.1598
86.375,57.5625,4.3891,57.525,287.1225,358.6822,571.95,2.599,4.555,173.394,342.93,72.2884,709.76,19.4609,599.64,599.76,9.9867,66.2266,76.7886,2.599,4.555,11.1301,15.735,9.108,173.39,342.93,709.76,72.2038,32.995,44.46,9.631,4.106,12.302,44.136,24.7305,14.9097,0.1776,0.1293,0.1319,0.1294,0.2107,0.1319,0.1995,0.1252,539.2,280.85,365.3,84.6225,84.99,85.3125,82.3575,83.445,82.02,43.2282,519.42,520.0,20.3452,517.37,488.81,14.1611
86.925,57.6,4.7781,57.6,286.56,358.6133,571.95,2.5998,4.56,173.934,342.93,72.2881,709.84,19.4609,599.76,599.94,9.9861,66.2263,76.7868,2.5998,4.56,11.1302,15.7353,9.1096,173.936,342.96,709.84,72.2032,32.995,45.018,9.631,4.058,12.303,44.46,24.758,14.9097,0.1767,0.1291,0.1318,0.1292,0.2102,0.1318,0.199,0.1251,539.12,280.85,365.3,84.6,85.035,85.35,82.395,83.415,82.0275,43.238,519.36,520.0,20.3451,517.37,488.81,14.1624
86.1,57.5625,4.2859,57.6,287.28,357.7523,572.1,2.6002,4.5675,173.961,342.96,72.2877,709.92,19.4596,599.94,600.24,9.986,66.2257,76.7856,2.6002,4.5675,11.1278,15.7355,9.1108,173.964,343.02,709.92,72.1519,32.99,45.408,9.624,4.007,12.303,45.018,24.9395,14.9097,0.1765,0.1289,0.1316,0.129,0.2098,0.1316,0.1986,0.1248,539.12,280.85,365.3,84.555,85.05,85.365,82.3425,83.4075,81.99,43.2406,519.36,520.0,20.36,517.37,488.81,14.1638
86.275,57.6,3.8687,57.6,287.4825,358.0967,572.05,2.6004,4.5725,173.7315,343.02,72.2866,710.08,19.4561,600.24,600.36,9.9859,66.2256,76.7846,2.6004,4.5725,11.1269,15.7333,9.1113,173.74,343.05,710.08,72.1001,32.985,45.678,9.617,4.004,12.303,45.408,25.154,14.9097,0.177,0.1287,0.1314,0.1288,0.2095,0.1314,0.1983,0.1247,539.16,280.9,365.3,84.5325,85.0875,85.35,82.3425,83.4225,82.005,43.2394,519.39,520.0,20.3605,517.37,488.81,14.1651
86.9,57.5625,4.0172,57.5625,287.0325,358.5444,571.1,2.6008,4.575,174.258,343.05,72.2859,710.16,19.4536,600.36,600.3,9.9851,66.2248,76.7826,2.6008,4.575,11.1259,15.7325,9.1118,174.258,343.08,710.16,72.0982,32.985,45.948,9.609,4.057,12.304,45.678,25.341,14.9097,0.1777,0.1286,0.1313,0.1287,0.2094,0.1312,0.1981,0.1245,539.28,280.9,365.35,84.51,85.0575,85.38,82.3125,83.445,82.05,43.2269,519.51,520.0,20.3609,517.37,488.81,14.1664
86.425,57.6,4.1625,57.6,286.9875,358.5444,572.05,2.601,4.58,173.556,343.08,72.2856,710.16,19.4529,600.3,600.36,9.9848,66.2244,76.7809,2.601,4.58,11.1275,15.7318,9.1124,173.558,343.11,710.16,72.0963,32.985,46.146,9.602,4.125,12.304,45.948,25.5005,14.9097,0.1783,0.1286,0.1311,0.1285,0.209,0.1311,0.1979,0.1244,539.36,280.9,365.35,84.525,85.0275,85.41,82.29,83.4675,82.0275,43.2176,519.6,520.0,20.3463,517.37,488.81,14.1678
86.0,57.5625,4.0297,57.525,287.4375,358.2345,572.05,2.6006,4.5825,173.2995,343.11,72.2847,710.24,19.4509,600.36,600.3,9.9844,66.2241,76.7811,2.6006,4.5825,11.1276,15.7335,9.1124,173.306,343.14,710.24,72.0944,32.985,46.338,9.595,4.182,12.304,46.146,25.638,14.9097,0.1786,0.1285,0.131,0.1284,0.2088,0.131,0.1977,0.1243,539.52,280.9,365.35,84.5475,85.0575,85.395,82.2675,83.475,81.99,43.2004,519.75,520.0,20.3462,517.37,488.81,14.1691
86.275,57.5625,4.2812,57.5625,287.1225,358.1656,572.05,2.6008,4.585,173.232,343.14,72.2837,710.32,19.4501,600.3,600.36,9.9841,66.2238,76.7796,2.6008,4.585,11.1277,15.7338,9.1124,173.222,343.14,710.32,72.0926,32.985,46.506,9.588,4.219,12.304,46.338,25.748,14.9097,0.1788,0.1284,0.1309,0.1283,0.2086,0.1309,0.1975,0.1242,539.72,280.9,365.35,84.5175,85.035,85.35,82.305,83.5125,81.96,43.1789,519.93,520.0,20.3461,517.37,488.81,14.1704
86.525,57.525,4.8078,57.5625,287.505,358.51,572.0,2.601,4.5875,173.745,343.14,72.2832,710.32,19.4481,600.36,600.42,9.9838,66.2234,76.7779,2.601,4.5875,11.1277,15.734,9.1124,173.74,343.17,710.32,72.1413,32.99,46.638,9.582,4.238,12.304,46.506,25.8415,14.9097,0.1789,0.1283,0.1308,0.1283,0.2086,0.1308,0.1974,0.1241,539.92,280.9,365.4,84.5625,85.065,85.3275,82.26,83.5425,81.9825,43.1566,520.11,520.0,20.346,517.37,488.81,14.1718
86.85,57.5625,4.5516,57.5625,286.56,358.3034,571.4,2.6012,4.59,174.0015,343.17,72.2834,710.24,19.4459,600.42,600.42,9.9834,66.2231,76.7759,2.6012,4.59,11.1278,15.7343,9.1124,173.992,343.17,710.24,72.14,32.99,46.692,9.577,4.25,12.304,46.638,25.924,14.9097,0.179,0.1283,0.1308,0.1282,0.2086,0.1307,0.1973,0.124,540.08,280.95,365.4,84.525,85.0875,85.29,82.2525,83.58,82.0125,43.1374,520.26,520.0,20.346,517.37,488.81,14.1731
86.875,57.525,4.4391,57.6,286.74,358.2,571.2,2.6006,4.59,173.5965,343.17,72.283,710.24,19.4441,600.42,600.24,9.9831,66.2228,76.7766,2.6006,4.59,11.1279,15.7345,9.1124,173.6,343.17,710.24,72.1894,32.995,46.692,9.572,4.263,12.304,46.692,25.99,14.9097,0.1791,0.1283,0.1307,0.1282,0.2085,0.1307,0.1973,0.124,540.2,280.95,365.4,84.51,85.1175,85.305,82.2675,83.6025,82.0125,43.1213,520.38,520.0,20.3459,517.37,488.81,14.1744
86.325,57.5625,4.4422,57.6,286.695,357.8557,571.15,2.6008,4.5925,173.799,343.17,72.2826,710.24,19.4446,600.24,600.24,9.9828,66.2224,76.7751,2.6008,4.5925,11.128,15.7348,9.1124,173.796,343.2,710.24,72.1888,32.995,46.674,9.569,4.277,12.304,46.692,26.0285,14.9097,0.1792,0.1282,0.1307,0.1282,0.2086,0.1307,0.1973,0.124,540.32,280.95,365.4,84.525,85.11,85.2675,82.275,83.5725,82.005,43.101,520.53,520.0,20.3458,517.37,488.81,14.1758
86.0,57.6,3.8672,57.5625,287.1225,358.51,571.75,2.6008,4.5925,174.285,343.2,72.2822,710.24,19.4436,600.24,600.06,9.9824,66.2221,76.7741,2.6008,4.5925,11.1281,15.735,9.1124,174.286,343.2,710.24,72.2388,33.0,46.614,9.566,4.286,12.303,46.674,26.045,14.9097,0.1793,0.1282,0.1307,0.1282,0.2086,0.1307,0.1974,0.124,540.44,280.95,365.4,84.5475,85.1475,85.2225,82.3275,83.55,82.0575,43.0876,520.62,520.0,20.3457,517.37,488.81,14.1771
86.425,57.525,4.5266,57.6,286.56,358.2689,571.85,2.6006,4.59,174.0555,343.2,72.2819,710.24,19.4449,600.06,600.06,9.9821,66.2218,76.7738,2.6006,4.59,11.1281,15.7353,9.1124,174.062,343.17,710.24,72.2388,33.0,46.482,9.565,4.289,12.303,46.614,26.045,14.9097,0.1793,0.1283,0.1307,0.1282,0.2088,0.1307,0.1975,0.124,540.48,280.95,365.45,84.5325,85.125,85.1925,82.3425,83.5425,82.095,43.0813,520.65,520.0,20.3457,517.37,488.81,14.1784
86.7,57.6,4.0187,57.5625,286.74,358.0279,571.15,2.6006,4.59,173.394,343.17,72.2815,710.24,19.4446,600.06,600.0,9.9825,66.2214,76.7731,2.6006,4.59,11.1282,15.7355,9.1124,173.39,343.17,710.24,72.2894,33.005,46.32,9.565,4.289,12.303,46.482,26.012,14.9097,0.1793,0.1283,0.1308,0.1282,0.2089,0.1308,0.1977,0.124,540.52,281.0,365.45,84.5175,85.1175,85.1775,82.335,83.5275,82.0875,43.0712,520.71,520.0,20.3456,517.37,488.81,14.1798
86.25,57.6,4.4688,57.5625,287.4825,358.2345,572.0,2.6,4.5875,174.2445,343.17,72.2817,710.16,19.4451,600.0,599.94,9.9824,66.2211,76.7746,2.6,4.5875,11.1283,15.7333,9.1113,174.244,343.17,710.16,72.2901,33.005,46.176,9.567,4.285,12.303,46.32,25.9515,14.9097,0.1792,0.1284,0.1309,0.1283,0.2091,0.1308,0.1978,0.1241,540.56,281.0,365.45,84.5475,85.125,85.23,82.2975,83.5275,82.1025,43.0645,520.74,520.0,20.3455,517.4,488.81,14.1811
86.1,57.5625,4.3828,57.5625,286.7625,357.7179,571.6,2.5998,4.585,174.1635,343.17,72.2815,710.16,19.4459,599.94,599.82,9.9824,66.2215,76.7754,2.5998,4.585,11.1284,15.7325,9.1113,174.174,343.14,710.16,72.3413,33.01,45.966,9.569,4.272,12.303,46.176,25.869,14.9097,0.1791,0.1285,0.131,0.1284,0.2093,0.131,0.198,0.1242,540.56,281.0,365.45,84.5175,85.1025,85.2525,82.335,83.535,82.0575,43.0653,520.71,520.0,20.3454,517.4,488.84,14.1824
86.9,57.5625,4.7687,57.6,287.3925,358.51,571.55,2.5996,4.58,174.6225,343.14,72.2819,710.08,19.4476,599.82,599.94,9.9823,66.2214,76.7764,2.5996,4.58,11.1284,15.7318,9.1102,174.622,343.11,710.08,72.3425,33.01,45.72,9.573,4.256,12.303,45.966,25.7865,14.9097,0.179,0.1286,0.1311,0.1285,0.2096,0.131,0.1982,0.1243,540.48,281.0,365.45,84.48,85.125,85.23,82.3425,83.5575,82.0425,43.0662,520.68,520.0,20.3453,517.4,488.84,14.1838
86.275,57.5625,4.0312,57.5625,287.1,358.3034,571.15,2.5992,4.575,174.447,343.11,72.2824,710.0,19.4469,599.94,599.76,9.9829,66.2213,76.7784,2.5992,4.575,11.1285,15.7335,9.1096,174.454,343.08,710.0,72.3438,33.01,45.276,9.578,4.239,12.303,45.72,25.6655,14.9097,0.179,0.1287,0.1312,0.1287,0.21,0.1312,0.1987,0.1245,540.36,281.0,365.5,84.48,85.08,85.2675,82.3275,83.505,82.065,43.0785,520.56,520.0,20.3453,517.4,488.84,14.1851
86.425,57.6,4.8109,57.6375,287.19,357.9934,571.6,2.5992,4.57,174.42,343.08,72.2836,709.84,19.4494,599.76,599.52,9.9839,66.222,76.7794,2.5992,4.57,11.1286,15.7338,9.1091,174.412,343.05,709.84,72.3957,33.015,44.754,9.587,4.227,12.303,45.276,25.4785,14.9097,0.179,0.129,0.1315,0.1289,0.2106,0.1314,0.1992,0.1248,540.24,281.0,365.5,84.5175,85.0725,85.245,82.3125,83.535,82.0275,43.095,520.41,520.0,20.3452,517.4,488.84,14.1864
86.275,57.525,4.8297,57.5625,286.785,357.8557,571.1,2.5988,4.5625,174.0285,343.05,72.2851,709.68,19.4534,599.52,599.34,9.9843,66.2222,76.7819,2.5988,4.5625,11.1287,15.734,9.108,174.02,342.99,709.68,72.3976,33.015,44.232,9.598,4.212,12.303,44.754,25.2365,14.9097,0.1789,0.1292,0.1317,0.1292,0.211,0.1317,0.1997,0.125,540.0,281.0,365.5,84.54,85.1175,85.275,82.2825,83.5725,82.0125,43.1197,520.2,520.0,20.3451,517.4,488.84,14.1878
86.0,57.6,4.5031,57.6,287.415,357.8212,571.9,2.5984,4.555,174.1635,342.99,72.2862,709.6,19.4576,599.34,599.28,9.9854,66.2231,76.7849,2.5984,4.555,11.1288,15.7343,9.1074,174.16,342.96,709.6,72.3994,33.015,44.046,9.611,4.181,12.303,44.232,24.9615,14.9097,0.1784,0.1293,0.1319,0.1294,0.2112,0.1318,0.2,0.1252,539.76,281.05,365.5,84.5175,85.1325,85.32,82.275,83.55,82.0425,43.1452,519.99,520.0,20.345,517.4,488.84,14.1891
86.475,57.5625,4.8281,57.6,287.145,357.649,571.7,2.5982,4.5525,173.61,342.96,72.2875,709.52,19.4611,599.28,599.4,9.9861,66.2235,76.7876,2.5982,4.5525,11.1288,15.7345,9.1069,173.614,342.93,709.52,72.3507,33.01,43.89,9.621,4.121,12.303,44.046,24.7745,14.9097,0.1776,0.1294,0.132,0.1295,0.2113,0.132,0.2001,0.1254,539.52,281.05,365.5,84.495,85.1025,85.3125,82.3125,83.55,81.9975,43.1753,519.75,520.0,20.345,517.4,488.84,14.1904
86.275,57.5625,4.6453,57.5625,287.235,358.2,571.6,2.599,4.555,174.258,342.93,72.2864,709.76,19.4626,599.4,599.76,9.986,66.2239,76.7868,2.599,4.555,11.1289,15.7348,9.108,174.258,342.93,709.76,72.3519,33.01,44.526,9.63,4.05,12.303,43.89,24.637,14.9097,0.1764,0.1292,0.132,0.1294,0.2108,0.1319,0.1995,0.1252,539.32,281.05,365.55,84.48,85.065,85.3125,82.275,83.52,82.0425,43.2026,519.54,520.0,20.3449,517.4,488.84,14.1918
86.0,57.5625,4.2641,57.5625,286.65,357.7179,571.45,2.5992,4.56,173.1105,342.93,72.2861,709.84,19.4606,599.76,600.06,9.9857,66.2236,76.7874,2.5992,4.56,11.129,15.735,9.1091,173.11,342.99,709.84,72.3026,33.005,44.94,9.627,3.973,12.303,44.526,24.769,14.9097,0.1758,0.129,0.1318,0.1292,0.2102,0.1318,0.1991,0.125,539.2,281.05,365.55,84.525,85.0425,85.2675,82.2375,83.535,82.02,43.2195,519.42,520.0,20.3448,517.4,488.84,14.1931
86.725,57.5625,3.9375,57.5625,287.145,358.4067,571.6,2.6002,4.5675,173.9475,342.99,72.2851,710.0,19.4579,600.06,600.24,9.9851,66.2238,76.7846,2.6002,4.5675,11.1291,15.7353,9.1102,173.95,343.02,710.0,72.2526,33.0,45.408,9.621,3.939,12.303,44.94,24.967,14.9097,0.176,0.1288,0.1316,0.129,0.2098,0.1315,0.1986,0.1248,539.2,281.05,365.55,84.5175,85.0575,85.305,82.29,83.5125,82.0275,43.218,519.45,520.0,20.3447,517.4,488.84,14.1944
86.925,57.525,4.0016,57.5625,286.5825,358.1312,571.95,2.6006,4.5725,173.799,343.02,72.2845,710.08,19.4554,600.24,600.36,9.985,66.2232,76.7829,2.6006,4.5725,11.1292,15.7355,9.1108,173.796,343.05,710.08,72.2019,32.995,45.72,9.613,3.975,12.303,45.408,25.187,14.9097,0.1769,0.1287,0.1314,0.1288,0.2095,0.1314,0.1983,0.1246,539.24,281.05,365.6,84.495,85.1025,85.3125,82.32,83.5425,82.02,43.2165,519.48,520.0,20.3447,517.4,488.84,14.1958
86.075,57.525,4.0766,57.5625,286.6725,358.3034,571.65,2.6008,4.5775,174.204,343.05,72.2837,710.16,19.4529,600.36,600.3,9.9842,66.2231,76.7814,2.6008,4.5775,11.1292,15.7333,9.1113,174.202,343.08,710.16,72.2013,32.995,46.008,9.605,4.053,12.304,45.72,25.3905,14.9097,0.1777,0.1286,0.1312,0.1286,0.2093,0.1311,0.198,0.1244,539.36,281.1,365.6,84.5175,85.1175,85.2975,82.2975,83.565,81.99,43.2073,519.57,520.0,20.3446,517.4,488.84,14.1971
86.05,57.6,4.35,57.6,287.3475,358.0967,571.05,2.6006,4.5825,174.0825,343.08,72.2829,710.24,19.4521,600.3,600.42,9.9839,66.223,76.7811,2.6006,4.5825,11.1293,15.7325,9.1118,174.09,343.11,710.24,72.2007,32.995,46.23,9.597,4.133,12.304,46.008,25.572,14.9097,0.1783,0.1285,0.131,0.1285,0.209,0.131,0.1978,0.1243,539.44,281.1,365.6,84.5475,85.11,85.26,82.3275,83.5125,81.9525,43.1978,519.66,520.0,20.3445,517.4,488.84,14.1984
86.775,57.525,4.8156,57.5625,287.1225,357.8212,571.4,2.6008,4.585,173.3805,343.11,72.2831,710.16,19.4494,600.42,600.3,9.9835,66.2222,76.7796,2.6008,4.585,11.1294,15.7318,9.1118,173.376,343.14,710.16,72.2001,32.995,46.398,9.59,4.19,12.304,46.23,25.7205,14.9097,0.1786,0.1284,0.1309,0.1284,0.2088,0.1309,0.1976,0.1242,539.56,281.1,365.6,84.57,85.0575,85.2525,82.2975,83.4825,81.9825,43.1841,519.78,520.0,20.3444,517.4,488.84,14.1998
86.625,57.5625,4.6562,57.525,287.2575,358.0967,571.35,2.601,4.5875,174.4605,343.14,72.2829,710.16,19.4491,600.3,600.36,9.9832,66.2218,76.7779,2.601,4.5875,11.1295,15.7335,9.1124,174.468,343.17,710.16,72.1994,32.995,46.536,9.584,4.225,12.304,46.398,25.8305,14.9097,0.1788,0.1283,0.1308,0.1283,0.2088,0.1308,0.1975,0.1241,539.72,281.1,365.6,84.54,85.0275,85.29,82.2825,83.445,81.945,43.1662,519.93,520.0,20.3444,517.4,488.84,14.2011
86.975,57.6,4.5484,57.525,286.7175,357.9934,571.5,2.601,4.5875,174.1365,343.17,72.2826,710.16,19.4471,600.36,600.18,9.9829,66.2215,76.7766,2.601,4.5875,11.1295,15.7338,9.1124,174.132,343.17,710.16,72.2494,33.0,46.554,9.578,4.243,12.304,46.536,25.913,14.9097,0.1789,0.1283,0.1308,0.1283,0.2087,0.1308,0.1975,0.124,539.84,281.1,365.6,84.525,85.005,85.3275,82.2975,83.4075,81.9225,43.1515,520.05,520.0,20.3443,517.4,488.84,14.2024
86.975,57.6,4.5563,57.5625,286.965,358.2,571.3,2.6006,4.59,174.231,343.17,72.2824,710.16,19.4479,600.18,600.18,9.9825,66.2212,76.7769,2.6006,4.59,11.1296,15.734,9.1124,174.23,343.17,710.16,72.2494,33.0,46.506,9.575,4.258,12.304,46.554,25.9625,14.9097,0.1791,0.1283,0.1308,0.1283,0.2088,0.1308,0.1975,0.124,539.96,281.1,365.65,84.5175,84.9975,85.305,82.26,83.415,81.8775,43.1363,520.17,520.0,20.3442,517.4,488.84,14.2038
86.45,57.5625,4.1172,57.5625,286.74,357.9934,572.0,2.6004,4.5875,173.9205,343.17,72.2821,710.16,19.4471,600.18,600.18,9.9829,66.2208,76.7769,2.6004,4.5875,11.1297,15.7343,9.1118,173.922,343.17,710.16,72.2494,33.0,46.398,9.573,4.271,12.304,46.506,25.9625,14.9097,0.1793,0.1284,0.1308,0.1283,0.2089,0.1308,0.1976,0.1241,540.04,281.15,365.65,84.48,84.9975,85.2975,82.275,83.475,81.87,43.1281,520.23,520.0,20.3441,517.4,488.84,14.2051
86.425,57.5625,4.8359,57.6,286.605,358.2689,571.1,2.6004,4.5875,174.0825,343.17,72.2819,710.16,19.4464,600.18,600.12,9.9829,66.2205,76.7764,2.6004,4.5875,11.1298,15.7345,9.1118,174.09,343.17,710.16,72.3001,33.005,46.266,9.573,4.28,12.304,46.398,25.9295,14.9097,0.1793,0.1284,0.1309,0.1283,0.209,0.1309,0.1977,0.1241,540.12,281.15,365.65,84.4575,84.99,85.3125,82.3125,83.4975,81.855,43.1159,520.32,520.0,20.344,517.4,488.84,14.2064
86.475,57.525,4.0234,57.5625,286.6725,358.0967,571.85,2.6002,4.585,173.9745,343.17,72.2816,710.16,19.4464,600.12,600.06,9.9828,66.2209,76.7766,2.6002,4.585,11.1299,15.7348,9.1113,173.978,343.14,710.16,72.3007,33.005,46.098,9.573,4.28,12.304,46.266,25.88,14.9097,0.1793,0.1285,0.1309,0.1284,0.2092,0.1309,0.1979,0.1242,540.2,281.15,365.65,84.435,84.96,85.3575,82.3125,83.5125,81.855,43.107,520.38,520.0,20.344,517.4,488.84,14.2078
86.05,57.5625,4.0234,57.5625,287.055,358.0623,571.25,2.6002,4.5825,174.1635,343.14,72.282,710.08,19.4466,600.06,600.0,9.9827,66.2208,76.7764,2.6002,4.5825,11.1299,15.735,9.1108,174.16,343.14,710.08,72.3519,33.01,45.906,9.576,4.273,12.304,46.098,25.8085,14.9097,0.1792,0.1286,0.131,0.1285,0.2094,0.131,0.1981,0.1243,540.2,281.15,365.7,84.4275,84.9975,85.32,82.26,83.4975,81.825,43.1055,520.38,520.0,20.3439,517.4,488.84,14.2091
86.9,57.5625,4.2078,57.6,286.785,357.7179,571.3,2.6,4.58,173.907,343.14,72.2825,710.0,19.4471,600.0,599.88,9.9826,66.2207,76.7769,2.6,4.58,11.13,15.7353,9.1108,173.908,343.11,710.0,72.3532,33.01,45.684,9.579,4.26,12.304,45.906,25.7205,14.9097,0.1791,0.1286,0.1311,0.1286,0.2096,0.1311,0.1983,0.1244,540.2,281.15,365.7,84.405,85.0125,85.29,82.275,83.5275,81.8925,43.104,520.38,520.0,20.3438,517.4,488.84,14.2104
86.325,57.5625,4.4047,57.6,287.4825,358.5444,571.65,2.5998,4.575,173.718,343.11,72.2825,710.0,19.4486,599.88,599.82,9.9833,66.2207,76.7776,2.5998,4.575,11.1301,15.7355,9.1102,173.712,343.08,710.0,72.3544,33.01,45.468,9.583,4.243,12.304,45.684,25.616,14.9097,0.1789,0.1287,0.1312,0.1287,0.2098,0.1312,0.1985,0.1245,540.16,281.15,365.7,84.405,85.0425,85.275,82.305,83.5425,81.9075,43.1062,520.35,520.0,20.3437,517.4,488.84,14.2118
86.75,57.6,4.7484,57.6,287.2575,357.9934,571.15,2.5994,4.5725,173.5425,343.08,72.2831,709.92,19.4499,599.82,599.7,9.9834,66.2213,76.7794,2.5994,4.5725,11.1302,15.7333,9.1096,173.544,343.05,709.92,72.4063,33.015,45.204,9.588,4.222,12.304,45.468,25.495,14.9097,0.1788,0.1289,0.1314,0.1288,0.21,0.1314,0.1988,0.1247,540.12,281.2,365.7,84.42,85.065,85.2975,82.2825,83.5725,81.8925,43.1123,520.29,520.0,20.3437,517.4,488.84,14.2131
86.2,57.6,4.2609,57.5625,286.875,357.959,571.75,2.5992,4.5675,173.7855,343.05,72.2838,709.84,19.4521,599.7,599.64,9.9836,66.2215,76.7809,2.5992,4.5675,11.1271,15.7325,9.1091,173.796,343.02,709.84,72.4082,33.015,44.946,9.595,4.199,12.304,45.204,25.3575,14.9097,0.1786,0.129,0.1315,0.1289,0.2103,0.1314,0.1991,0.1248,540.04,281.2,365.75,84.4725,85.08,85.335,82.2975,83.5875,81.945,43.1186,520.23,520.0,20.3436,517.4,488.84,14.2144
86.675,57.5625,4.6031,57.5625,286.5825,358.5789,571.3,2.599,4.565,173.4075,343.02,72.2847,709.76,19.4541,599.64,599.52,9.9845,66.2217,76.7826,2.599,4.565,11.1259,15.7318,9.1086,173.404,342.99,709.76,72.4101,33.015,44.688,9.602,4.174,12.304,44.946,25.2145,14.9097,0.1784,0.1291,0.1316,0.1291,0.2105,0.1316,0.1993,0.1249,539.92,281.2,365.75,84.4725,85.1025,85.2975,82.32,83.5575,81.9525,43.1327,520.11,520.0,20.3435,517.4,488.84,14.2158
86.0,57.5625,4.2344,57.5625,286.515,357.8901,571.25,2.5988,4.5625,173.934,342.99,72.2851,709.76,19.4571,599.52,599.7,9.9849,66.2218,76.7846,2.5988,4.5625,11.1254,15.7335,9.1086,173.936,342.99,709.76,72.3613,33.01,44.784,9.61,4.148,12.304,44.688,25.066,14.9097,0.1779,0.1291,0.1317,0.1292,0.2105,0.1317,0.1992,0.125,539.8,281.2,365.75,84.495,85.125,85.2525,82.32,83.5275,81.99,43.1436,520.02,520.0,20.3434,517.4,488.84,14.2171
86.15,57.6,4.125,57.5625,287.415,358.1656,571.35,2.5994,4.5625,174.123,342.99,72.2855,709.76,19.4569,599.7,599.7,9.9854,66.222,76.7839,2.5994,4.5625,11.127,15.7338,9.1091,174.118,342.99,709.76,72.3626,33.01,44.778,9.613,4.108,12.304,44.784,25.0275,14.9097,0.1776,0.1291,0.1317,0.1292,0.2105,0.1317,0.1992,0.125,539.68,281.2,365.75,84.54,85.1475,85.2525,82.3275,83.49,81.945,43.1585,519.9,520.0,20.3434,517.4,488.84,14.2184
86.05,57.6,4.7078,57.6375,286.6725,358.5444,571.6,2.5992,4.5625,174.1365,342.99,72.2858,709.76,19.4581,599.7,599.82,9.9858,66.2222,76.7854,2.5992,4.5625,11.1271,15.734,9.1086,174.132,342.99,709.76,72.3638,33.01,44.7,9.615,4.076,12.304,44.778,25.011,14.9097,0.1775,0.1291,0.1317,0.1292,0.2106,0.1317,0.1993,0.125,539.56,281.2,365.75,84.5925,85.155,85.2975,82.3725,83.49,81.93,43.174,519.78,520.0,20.3433,517.4,488.84,14.2198
86.75,57.5625,3.9641,57.6,286.965,358.0279,571.05,2.5992,4.56,174.0285,342.99,72.2856,709.84,19.4579,599.82,599.76,9.9862,66.2231,76.7864,2.5992,4.56,11.1303,15.7343,9.1086,174.034,342.99,709.84,72.3145,33.005,44.598,9.618,4.069,12.304,44.7,24.9835,14.9097,0.1776,0.1292,0.1318,0.1292,0.2107,0.1318,0.1994,0.1251,539.44,281.25,365.8,84.5625,85.1925,85.335,82.395,83.46,81.945,43.1899,519.66,520.0,20.3432,517.4,488.84,14.2211
86.125,57.6375,3.8672,57.6,286.74,358.0623,571.6,2.5992,4.5575,173.7585,342.99,72.2858,709.84,19.4594,599.76,599.76,9.9859,66.2235,76.7874,2.5992,4.5575,11.1285,15.7345,9.108,173.768,342.96,709.84,72.3151,33.005,44.496,9.622,4.079,12.304,44.598,24.9395,14.9097,0.1778,0.1292,0.1318,0.1293,0.2107,0.1318,0.1995,0.1251,539.32,281.25,365.8,84.585,85.2075,85.3275,82.4325,83.445,81.9675,43.2063,519.54,520.0,20.3431,517.4,488.84,14.2224
86.8,57.6,4.3156,57.525,286.83,357.6835,571.15,2.5996,4.5575,173.5155,342.96,72.2861,709.84,19.4604,599.76,599.76,9.986,66.2239,76.7869,2.5996,4.5575,11.1285,15.7348,9.1086,173.516,342.96,709.84,72.3157,33.005,44.544,9.626,4.09,12.305,44.496,24.879,14.9097,0.1778,0.1292,0.1319,0.1293,0.2106,0.1318,0.1995,0.1252,539.24,281.25,365.8,84.615,85.185,85.275,82.4175,83.4525,81.9375,43.2194,519.45,520.0,20.3431,517.4,488.84,14.2238
86.275,57.5625,3.9969,57.525,287.2125,357.9245,571.45,2.5998,4.56,173.8935,342.96,72.2863,709.84,19.4614,599.76,599.88,9.9862,66.2243,76.7866,2.5998,4.56,11.1261,15.735,9.1091,173.894,342.99,709.84,72.2657,33.0,44.862,9.627,4.087,12.305,44.544,24.8625,14.9097,0.1775,0.1291,0.1318,0.1292,0.2104,0.1318,0.1992,0.1251,539.16,281.25,365.8,84.57,85.1625,85.2825,82.395,83.4825,81.9825,43.2291,519.39,520.0,20.343,517.4,488.84,14.2251
86.175,57.6,3.95,57.6,286.74,358.1312,571.75,2.6,4.5625,174.123,342.99,72.286,709.92,19.4609,599.88,600.12,9.9856,66.224,76.7861,2.6,4.5625,11.1277,15.7353,9.1096,174.118,342.99,709.92,72.2657,33.0,45.066,9.625,4.067,12.305,44.862,24.9505,14.9183,0.1773,0.129,0.1317,0.1292,0.2102,0.1317,0.199,0.125,539.12,281.25,365.8,84.5775,85.1775,85.32,82.4025,83.4975,82.0125,43.2354,519.36,520.0,20.3429,517.4,488.84,14.2264
86.0,57.6,4.1312,57.5625,287.415,358.3723,571.95,2.6,4.565,173.745,342.99,72.2861,709.92,19.4584,600.12,600.12,9.9855,66.2242,76.7861,2.6,4.565,11.1278,15.7355,9.1096,173.754,343.02,709.92,72.2151,32.995,45.174,9.621,4.059,12.305,45.066,25.055,14.9185,0.1775,0.129,0.1316,0.1291,0.2101,0.1316,0.1989,0.1249,539.12,281.25,365.8,84.6225,85.1325,85.2975,82.3725,83.535,82.02,43.238,519.36,520.0,20.3579,517.4,488.84,14.2278
86.45,57.5625,4.2797,57.5625,287.235,358.3723,571.8,2.6002,4.5675,174.3255,343.02,72.2856,710.0,19.4579,600.12,600.18,9.9854,66.2243,76.7854,2.6002,4.5675,11.1279,15.7333,9.1102,174.314,343.02,710.0,72.2144,32.995,45.246,9.619,4.079,12.305,45.174,25.143,14.9188,0.1778,0.1289,0.1316,0.129,0.2101,0.1315,0.1988,0.1248,539.16,281.25,365.85,84.63,85.08,85.305,82.3575,83.5575,81.9975,43.2368,519.39,520.0,20.3583,517.4,488.84,14.2291
86.35,57.525,3.8609,57.6,286.785,358.5444,572.05,2.6002,4.5675,173.799,343.02,72.2856,710.0,19.4566,600.18,600.0,9.9854,66.2245,76.7851,2.6002,4.5675,11.1279,15.7325,9.1102,173.796,343.02,710.0,72.2138,32.995,45.192,9.616,4.112,12.308,45.246,25.187,14.9191,0.1783,0.129,0.1315,0.129,0.2101,0.1315,0.1988,0.1248,539.16,281.3,365.85,84.615,85.1175,85.2675,82.395,83.565,82.005,43.2392,519.39,520.0,20.3587,517.4,488.84,14.2304
86.525,57.6,4.0328,57.5625,287.055,358.3034,571.3,2.6002,4.5675,173.8125,343.02,72.2862,709.92,19.4581,600.0,600.0,9.9853,66.2247,76.7849,2.6002,4.5675,11.128,15.7318,9.1102,173.824,343.02,709.92,72.2132,32.995,45.162,9.616,4.146,12.307,45.192,25.1925,14.9108,0.1785,0.129,0.1315,0.129,0.2101,0.1315,0.1989,0.1248,539.2,281.3,365.85,84.615,85.125,85.275,82.3575,83.55,81.9525,43.238,519.42,520.0,20.3591,517.4,488.84,14.2318
86.175,57.5625,3.9234,57.5625,286.6725,358.0967,571.2,2.6,4.565,174.0015,343.02,72.2863,709.92,19.4581,600.0,599.94,9.9852,66.2248,76.7854,2.6,4.565,11.1281,15.7335,9.1096,173.992,343.02,709.92,72.2126,32.995,45.096,9.616,4.166,12.307,45.162,25.1705,14.9108,0.1786,0.129,0.1316,0.1291,0.2102,0.1315,0.1989,0.1249,539.2,281.3,365.85,84.6225,85.0875,85.275,82.3725,83.5275,81.96,43.2403,519.42,520.0,20.3595,517.37,488.84,14.2331
86.85,57.6,4.6875,57.6,286.83,357.8557,572.05,2.6,4.565,173.637,343.02,72.2865,709.92,19.4589,599.94,599.94,9.9859,66.225,76.7854,2.6,4.565,11.1282,15.7338,9.1096,173.642,343.02,709.92,72.2119,32.995,44.976,9.617,4.17,12.307,45.096,25.1375,14.9108,0.1786,0.1291,0.1316,0.1291,0.2102,0.1316,0.1991,0.1249,539.2,281.3,365.9,84.615,85.1025,85.275,82.3575,83.5125,82.005,43.2426,519.42,520.0,20.3599,517.37,488.81,14.2344
86.525,57.5625,4.3375,57.5625,287.1675,357.7868,571.7,2.5994,4.5625,173.8665,343.02,72.2866,709.92,19.4591,599.94,599.88,9.986,66.2252,76.7876,2.5994,4.5625,11.1283,15.734,9.1091,173.866,342.99,709.92,72.2113,32.995,44.886,9.619,4.166,12.306,44.976,25.088,14.9108,0.1785,0.1291,0.1317,0.1292,0.2104,0.1317,0.1991,0.125,539.2,281.3,365.9,84.6,85.1475,85.2675,82.4025,83.535,81.975,43.2412,519.45,520.0,20.3604,517.37,488.81,14.2358
86.525,57.6,4.7516,57.525,287.3925,357.8901,571.6,2.5998,4.56,173.7585,342.99,72.2873,709.84,19.4601,599.88,599.88,9.9862,66.2261,76.7869,2.5998,4.56,11.1283,15.7343,9.1091,173.754,342.99,709.84,72.2107,32.995,44.778,9.621,4.155,12.306,44.886,25.033,14.9108,0.1784,0.1292,0.1318,0.1292,0.2105,0.1318,0.1992,0.125,539.2,281.3,365.9,84.5925,85.1925,85.2825,82.4175,83.505,81.9375,43.2472,519.42,520.0,20.3608,517.37,488.81,14.2371
86.05,57.5625,4.2359,57.6,287.01,358.1312,571.65,2.5996,4.56,173.2725,342.99,72.2876,709.84,19.4606,599.88,599.82,9.9864,66.2258,76.7879,2.5996,4.56,11.1284,15.7345,9.1096,173.264,342.96,709.84,72.2101,32.995,44.718,9.624,4.142,12.306,44.778,24.9725,14.9108,0.1783,0.1292,0.1318,0.1292,0.2105,0.1318,0.1993,0.1251,539.16,281.35,365.9,84.615,85.1475,85.2825,82.3575,83.5275,81.9075,43.2533,519.39,520.0,20.3612,517.37,488.81,14.2384
86.5,57.6,4.6188,57.5625,287.46,357.959,571.35,2.6,4.5625,174.1095,342.96,72.2872,709.92,19.4619,599.82,600.18,9.9858,66.2259,76.7869,2.6,4.5625,11.1285,15.7348,9.1102,174.104,342.99,709.92,72.1588,32.99,45.258,9.626,4.128,12.306,44.718,24.923,14.9108,0.1777,0.129,0.1317,0.1291,0.21,0.1317,0.1988,0.1249,539.16,281.35,365.95,84.5775,85.1025,85.2675,82.335,83.535,81.9075,43.2558,519.39,520.0,20.3616,517.37,488.81,14.2398
86.125,57.5625,4.4641,57.6,287.1225,358.6133,571.15,2.6002,4.5675,173.961,342.99,72.2867,710.0,19.4581,600.18,600.3,9.9857,66.2253,76.7861,2.6002,4.5675,11.1286,15.735,9.1108,173.964,343.02,710.0,72.1575,32.99,45.558,9.62,4.094,12.306,45.258,25.066,14.9108,0.1773,0.1289,0.1315,0.129,0.2097,0.1315,0.1984,0.1248,539.2,281.35,365.95,84.6,85.1325,85.3125,82.38,83.52,81.8775,43.2545,519.42,520.0,20.347,517.37,488.81,14.2411
86.9,57.5625,4.6625,57.525,287.28,357.8557,571.45,2.6006,4.5725,173.34,343.02,72.2861,710.08,19.4559,600.3,600.42,9.9849,66.2253,76.7844,2.6006,4.5725,11.1286,15.7353,9.1118,173.348,343.05,710.08,72.1563,32.99,45.834,9.614,4.078,12.306,45.558,25.2365,14.9108,0.1775,0.1287,0.1314,0.1288,0.2094,0.1314,0.1982,0.1246,539.24,281.35,365.95,84.645,85.125,85.305,82.41,83.5575,81.93,43.2493,519.48,520.0,20.3469,517.37,488.81,14.2424
86.25,57.525,4.3562,57.5625,287.145,358.0279,571.55,2.6008,4.5775,173.232,343.05,72.2853,710.16,19.4531,600.42,600.36,9.9845,66.2244,76.7829,2.6008,4.5775,11.1287,15.7355,9.1124,173.236,343.08,710.16,72.155,32.99,46.116,9.606,4.101,12.306,45.834,25.4015,14.9108,0.1778,0.1286,0.1312,0.1286,0.209,0.1312,0.1979,0.1245,539.4,281.35,365.95,84.615,85.0725,85.2825,82.4325,83.595,81.9225,43.2326,519.63,520.0,20.3468,517.37,488.81,14.2438
86.3,57.5625,4.2922,57.5625,287.145,358.6478,571.35,2.601,4.5825,174.2445,343.08,72.2845,710.24,19.4521,600.36,600.48,9.9842,66.2241,76.7811,2.601,4.5825,11.1288,15.7333,9.1124,174.244,343.11,710.24,72.1538,32.99,46.374,9.598,4.142,12.306,46.116,25.5555,14.9108,0.1782,0.1285,0.1311,0.1285,0.209,0.131,0.1976,0.1243,539.56,281.35,365.95,84.585,85.05,85.2975,82.4625,83.6325,81.9225,43.2153,519.78,520.0,20.3468,517.37,488.81,14.2451
86.55,57.6,4.1266,57.6,286.8075,358.3723,571.1,2.6008,4.585,174.123,343.11,72.2835,710.32,19.4491,600.48,600.36,9.9839,66.2238,76.7806,2.6008,4.585,11.1289,15.7325,9.1129,174.132,343.14,710.32,72.1525,32.99,46.53,9.59,4.184,12.306,46.374,25.704,14.9108,0.1786,0.1284,0.1309,0.1284,0.2087,0.1309,0.1975,0.1242,539.72,281.35,365.95,84.585,85.005,85.26,82.4625,83.6025,81.93,43.2012,519.9,520.0,20.3467,517.37,488.81,14.2464
86.35,57.5625,4.4437,57.525,287.46,358.6133,571.5,2.601,4.5875,174.1365,343.14,72.283,710.32,19.4486,600.36,600.42,9.9835,66.2234,76.7789,2.601,4.5875,11.129,15.7318,9.1124,174.146,343.17,710.32,72.1513,32.99,46.62,9.584,4.222,12.306,46.53,25.8305,14.9108,0.1789,0.1283,0.1308,0.1283,0.2086,0.1308,0.1974,0.1241,539.84,281.4,366.0,84.54,85.0425,85.2975,82.425,83.565,81.9225,43.1828,520.05,520.0,20.3466,517.37,488.81,14.2478
86.675,57.6,3.9266,57.6,287.1225,358.5444,571.35,2.601,4.59,174.474,343.17,72.2831,710.24,19.4464,600.42,600.24,9.9832,66.2231,76.7776,2.601,4.59,11.129,15.7335,9.1124,174.482,343.17,710.24,72.2007,32.995,46.65,9.578,4.254,12.305,46.62,25.913,14.9108,0.1792,0.1283,0.1308,0.1282,0.2086,0.1307,0.1973,0.124,540.0,281.4,366.0,84.5925,85.0575,85.29,82.3725,83.5125,81.885,43.1676,520.17,520.0,20.3465,517.37,488.81,14.2491
86.8,57.6,4.1672,57.6,287.055,358.3378,571.65,2.6012,4.59,173.7045,343.17,72.2827,710.24,19.4469,600.24,600.24,9.9829,66.2228,76.7756,2.6012,4.59,11.1291,15.7338,9.1124,173.712,343.17,710.24,72.2001,32.995,46.608,9.574,4.277,12.305,46.65,25.968,14.9108,0.1793,0.1283,0.1308,0.1282,0.2086,0.1307,0.1974,0.124,540.08,281.4,366.0,84.5475,85.065,85.245,82.41,83.4975,81.8775,43.1556,520.26,520.0,20.3465,517.37,488.81,14.2504
86.5,57.6,4.5094,57.6,286.7625,358.6478,572.05,2.6006,4.59,173.799,343.17,72.2823,710.24,19.4459,600.24,600.24,9.9825,66.2224,76.7764,2.6006,4.59,11.1292,15.734,9.1124,173.81,343.17,710.24,72.2501,33.0,46.566,9.571,4.291,12.305,46.608,25.99,14.9108,0.1794,0.1283,0.1308,0.1282,0.2086,0.1307,0.1974,0.124,540.2,281.4,366.0,84.5625,85.0425,85.2825,82.3725,83.52,81.9075,43.1358,520.41,520.0,20.3464,517.37,488.81,14.2518
86.525,57.6,4.4297,57.5625,286.6275,357.8901,572.0,2.6006,4.59,173.961,343.17,72.282,710.24,19.4449,600.24,600.18,9.9822,66.2221,76.7756,2.6006,4.59,11.1293,15.7343,9.1124,173.964,343.17,710.24,72.2501,33.0,46.488,9.569,4.296,12.305,46.566,25.99,14.9108,0.1793,0.1283,0.1308,0.1282,0.2087,0.1307,0.1975,0.124,540.32,281.4,366.05,84.585,85.08,85.2675,82.4025,83.5125,81.9225,43.1228,520.5,520.0,20.3463,517.37,488.81,14.2531
86.375,57.525,4.1172,57.6,287.01,357.9934,571.2,2.6006,4.5875,174.177,343.17,72.2822,710.16,19.4446,600.18,600.18,9.9826,66.2217,76.7749,2.6006,4.5875,11.1293,15.7345,9.1124,174.174,343.17,710.16,72.3007,33.005,46.368,9.568,4.293,12.305,46.488,25.968,14.9108,0.1793,0.1283,0.1308,0.1283,0.2089,0.1308,0.1976,0.1241,540.4,281.45,366.05,84.54,85.1175,85.305,82.35,83.535,81.885,43.1133,520.56,520.0,20.3462,517.37,488.81,14.2544
86.55,57.6,3.9891,57.5625,286.56,357.8212,572.0,2.6004,4.5875,173.394,343.17,72.282,710.16,19.4439,600.18,599.94,9.9825,66.2214,76.7749,2.6004,4.5875,11.1294,15.7348,9.1118,173.39,343.17,710.16,72.3013,33.005,46.206,9.569,4.286,12.304,46.368,25.9295,14.9108,0.1793,0.1284,0.1309,0.1283,0.209,0.1308,0.1978,0.1241,540.44,281.45,366.05,84.555,85.125,85.35,82.3875,83.55,81.9075,43.1073,520.59,520.0,20.3461,517.37,488.81,14.2558
86.275,57.6,4.0125,57.5625,286.56,358.5444,571.75,2.6002,4.585,174.177,343.17,72.2817,710.16,19.4461,599.94,599.88,9.9824,66.2211,76.7751,2.6002,4.585,11.1295,15.735,9.1113,174.174,343.14,710.16,72.3525,33.01,46.062,9.57,4.278,12.304,46.206,25.869,14.9021,0.1792,0.1285,0.1309,0.1284,0.2092,0.1309,0.1979,0.1242,540.48,281.45,366.05,84.6,85.1025,85.35,82.3875,83.565,81.915,43.0974,520.65,520.0,20.3461,517.4,488.81,14.2571
86.75,57.5625,4.3125,57.5625,286.92,357.7868,571.1,2.5996,4.5825,174.204,343.14,72.2821,710.08,19.4471,599.88,599.82,9.9824,66.2215,76.7771,2.5996,4.5825,11.1296,15.7353,9.1108,174.216,343.14,710.08,72.3538,33.01,45.864,9.573,4.265,12.304,46.062,25.792,14.9019,0.179,0.1285,0.131,0.1284,0.2094,0.131,0.1981,0.1243,540.44,281.45,366.05,84.615,85.11,85.3125,82.4025,83.6025,81.915,43.0985,520.62,520.0,20.346,517.4,488.84,14.2584
86.3,57.6,4.2969,57.5625,287.505,358.2345,571.7,2.5994,4.58,173.3265,343.14,72.2826,710.0,19.4484,599.82,599.88,9.983,66.2214,76.7784,2.5994,4.58,11.1297,15.7355,9.1102,173.32,343.11,710.0,72.355,33.01,45.636,9.577,4.249,12.304,45.864,25.704,14.9016,0.1789,0.1286,0.1311,0.1286,0.2095,0.1311,0.1983,0.1244,540.4,281.45,366.1,84.6375,85.1475,85.3125,82.41,83.61,81.9225,43.0998,520.59,520.0,20.3459,517.4,488.84,14.2598
86.425,57.5625,3.8687,57.5625,286.74,358.0967,571.2,2.5996,4.575,174.096,343.11,72.2826,710.0,19.4484,599.88,599.82,9.9832,66.2213,76.7784,2.5996,4.575,11.1297,15.7333,9.1102,174.09,343.08,710.0,72.4069,33.015,45.42,9.581,4.233,12.302,45.636,25.605,14.9099,0.1788,0.1287,0.1312,0.1287,0.2098,0.1312,0.1986,0.1245,540.4,281.45,366.1,84.6525,85.155,85.3275,82.3725,83.5575,81.96,43.1011,520.56,520.0,20.3458,517.4,488.84,14.2611
86.175,57.6375,3.9937,57.6,287.2575,358.5789,571.9,2.5994,4.5725,173.9745,343.08,72.2832,709.92,19.4496,599.82,599.7,9.9834,66.222,76.7796,2.5994,4.5725,11.1298,15.7325,9.1096,173.978,343.05,709.92,72.4088,33.015,45.09,9.587,4.213,12.302,45.42,25.4785,14.9099,0.1787,0.1289,0.1314,0.1288,0.2102,0.1314,0.1989,0.1247,540.28,281.45,366.1,84.6375,85.125,85.3125,82.335,83.5275,82.0125,43.1102,520.47,520.0,20.3458,517.4,488.84,14.2624
86.3,57.525,4.8203,57.6,286.74,358.2689,571.45,2.599,4.5675,174.2445,343.05,72.284,709.84,19.4519,599.7,599.52,9.9843,66.2222,76.7819,2.599,4.5675,11.1299,15.7318,9.1086,174.244,343.02,709.84,72.4107,33.015,44.736,9.595,4.194,12.302,45.09,25.33,14.9099,0.1786,0.129,0.1316,0.129,0.2106,0.1315,0.1993,0.1248,540.16,281.5,366.1,84.675,85.0725,85.335,82.2825,83.49,81.99,43.1233,520.35,520.0,20.3457,517.4,488.84,14.2638
86.5,57.6375,4.3297,57.6,286.965,358.4756,571.3,2.5988,4.56,173.7045,343.02,72.2855,709.68,19.4554,599.52,599.4,9.9847,66.2231,76.7839,2.5988,4.56,11.13,15.7335,9.108,173.712,342.99,709.68,72.4126,33.015,44.352,9.604,4.174,12.303,44.736,25.1485,14.9099,0.1785,0.1292,0.1317,0.1292,0.2109,0.1317,0.1997,0.1251,539.96,281.5,366.15,84.705,85.0425,85.335,82.2975,83.52,81.945,43.1444,520.17,520.0,20.3456,517.4,488.84,14.2651
86.075,57.525,3.9859,57.6,287.19,358.6133,571.4,2.5986,4.5575,174.2445,342.99,72.286,709.68,19.4589,599.4,599.58,9.9851,66.2235,76.7861,2.5986,4.5575,11.13,15.7338,9.108,174.244,342.96,709.68,72.4144,33.015,44.436,9.614,4.148,12.303,44.352,24.945,14.9099,0.1779,0.1292,0.1318,0.1293,0.2109,0.1318,0.1996,0.1251,539.76,281.5,366.15,84.72,85.035,85.305,82.29,83.4825,81.9975,43.1663,519.99,520.0,20.3455,517.4,488.84,14.2664
86.95,57.5625,4.4031,57.5625,287.3925,357.7523,572.0,2.599,4.5575,173.5425,342.96,72.2865,709.68,19.4591,599.58,599.7,9.9855,66.2239,76.7864,2.599,4.5575,11.1301,15.734,9.108,173.544,342.96,709.68,72.3657,33.01,44.406,9.619,4.098,12.303,44.436,24.8735,14.9099,0.1774,0.1292,0.1319,0.1293,0.2108,0.1318,0.1996,0.1252,539.6,281.5,366.15,84.675,85.0125,85.3425,82.2975,83.4375,81.99,43.1889,519.81,520.0,20.3455,517.4,488.84,14.2678
86.025,57.6,3.9297,57.525,286.74,357.8901,571.05,2.5992,4.56,173.7045,342.96,72.2857,709.84,19.4594,599.7,599.82,9.9859,66.2243,76.7869,2.5992,4.56,11.1277,15.7343,9.1086,173.698,342.96,709.84,72.3669,33.01,44.712,9.623,4.051,12.304,44.406,24.8405,14.9099,0.1769,0.1291,0.1318,0.1293,0.2105,0.1318,0.1993,0.1251,539.48,281.5,366.15,84.6975,85.0575,85.3575,82.26,83.4525,81.96,43.2047,519.69,520.0,20.3454,517.4,488.84,14.2691
86.925,57.6,3.9094,57.525,287.1675,358.3034,571.45,2.5998,4.5625,173.745,342.96,72.2853,709.92,19.4591,599.82,599.94,9.9856,66.224,76.7856,2.5998,4.5625,11.1268,15.7345,9.1091,173.754,342.99,709.92,72.3176,33.005,44.958,9.622,4.019,12.304,44.712,24.9065,14.9099,0.1767,0.129,0.1317,0.1292,0.2103,0.1317,0.1991,0.125,539.4,281.5,366.15,84.66,85.0275,85.3575,82.275,83.4225,81.9825,43.2172,519.6,520.0,20.3453,517.4,488.84,14.2704
86.675,57.5625,4.5187,57.6375,286.5825,358.2,571.15,2.6,4.565,173.8395,342.99,72.2855,709.92,19.4584,599.94,600.0,9.985,66.2242,76.7851,2.6,4.565,11.1259,15.7348,9.1096,173.838,343.02,709.92,72.2676,33.0,45.156,9.619,4.015,12.304,44.958,25.0165,14.9099,0.177,0.1289,0.1316,0.1291,0.2101,0.1316,0.1989,0.1249,539.36,281.55,366.2,84.6075,85.08,85.32,82.2675,83.3925,81.99,43.2226,519.57,520.0,20.3452,517.4,488.84,14.2718
86.825,57.6,4.6109,57.6,287.235,358.3723,571.2,2.6002,4.5675,174.0825,343.02,72.285,710.0,19.4579,600.0,600.06,9.9849,66.2243,76.7844,2.6002,4.5675,11.1274,15.735,9.1102,174.09,343.02,710.0,72.2676,33.0,45.288,9.616,4.045,12.304,45.156,25.132,14.9099,0.1775,0.1289,0.1315,0.129,0.21,0.1315,0.1987,0.1248,539.36,281.55,366.2,84.585,85.065,85.29,82.275,83.4075,81.9675,43.2243,519.57,520.0,20.3452,517.4,488.84,14.2731
86.7,57.525,4.0016,57.6,287.235,358.4067,571.65,2.6002,4.57,173.7855,343.02,72.285,710.0,19.4571,600.06,600.06,9.9849,66.2245,76.7841,2.6002,4.57,11.1275,15.7353,9.1102,173.782,343.05,710.0,72.2676,33.0,45.324,9.613,4.091,12.305,45.288,25.22,14.9099,0.178,0.1289,0.1315,0.1289,0.2099,0.1314,0.1987,0.1248,539.36,281.55,366.2,84.63,85.0575,85.245,82.26,83.3925,81.945,43.226,519.57,520.0,20.3451,517.4,488.84,14.2744
86.85,57.525,4.5359,57.6,287.2125,357.7523,571.65,2.6004,4.57,173.5695,343.05,72.285,710.0,19.4569,600.06,600.06,9.9848,66.2247,76.7831,2.6004,4.57,11.1276,15.7355,9.1102,173.572,343.05,710.0,72.2169,32.995,45.366,9.611,4.135,12.305,45.324,25.2695,14.9185,0.1784,0.1289,0.1314,0.1289,0.2098,0.1314,0.1987,0.1247,539.36,281.55,366.2,84.6375,85.08,85.2525,82.29,83.3925,81.945,43.224,519.6,520.0,20.345,517.4,488.84,14.2758
86.775,57.5625,4.3438,57.525,287.2125,358.0623,571.8,2.5998,4.57,173.1915,343.05,72.2862,709.84,19.4566,600.06,600.06,9.9854,66.2248,76.7849,2.5998,4.57,11.1277,15.7333,9.1102,173.194,343.05,709.84,72.2163,32.995,45.42,9.609,4.163,12.305,45.366,25.297,14.9188,0.1785,0.1289,0.1314,0.1289,0.2098,0.1314,0.1986,0.1247,539.44,281.55,366.25,84.675,85.035,85.23,82.335,83.355,81.9675,43.2219,519.63,520.0,20.3449,517.4,488.84,14.2771
86.9,57.525,4.8359,57.6375,287.19,358.4411,572.05,2.6,4.57,174.015,343.05,72.2858,709.92,19.4564,600.06,600.12,9.9856,66.225,76.7844,2.6,4.57,11.1278,15.7325,9.1102,174.02,343.05,709.92,72.2157,32.995,45.486,9.608,4.172,12.305,45.42,25.319,14.9191,0.1784,0.1288,0.1314,0.1288,0.2098,0.1314,0.1985,0.1247,539.48,281.6,366.25,84.6975,84.9975,85.215,82.305,83.34,81.9825,43.2121,519.72,520.0,20.3449,517.4,488.84,14.2784
86.825,57.6375,4.1172,57.6,286.5825,358.0967,571.95,2.6,4.5725,173.7585,343.05,72.286,709.92,19.4554,600.12,600.12,9.9858,66.2252,76.7844,2.6,4.5725,11.1278,15.7318,9.1102,173.754,343.05,709.92,72.2151,32.995,45.498,9.606,4.17,12.307,45.486,25.3355,14.9108,0.1784,0.1288,0.1314,0.1288,0.2098,0.1314,0.1985,0.1247,539.52,281.6,366.25,84.72,85.0125,85.2075,82.29,83.385,81.9525,43.2132,519.72,520.0,20.3448,517.4,488.84,14.2798
86.05,57.6,4.6984,57.6,287.4825,358.0279,571.75,2.6,4.5725,174.285,343.05,72.2848,710.08,19.4549,600.12,600.12,9.9852,66.2253,76.7844,2.6,4.5725,11.1279,15.7335,9.1102,174.286,343.05,710.08,72.2144,32.995,45.492,9.605,4.17,12.307,45.498,25.352,14.9108,0.1784,0.1288,0.1314,0.1288,0.2098,0.1314,0.1985,0.1247,539.56,281.6,366.25,84.7125,84.99,85.1925,82.2525,83.3775,82.005,43.2068,519.78,520.0,20.3447,517.4,488.84,14.2811
86.75,57.525,3.9953,57.5625,287.2575,358.0967,571.2,2.6,4.5725,173.7045,343.05,72.2847,710.08,19.4544,600.12,600.12,9.9851,66.2248,76.7844,2.6,4.5725,11.128,15.7338,9.1108,173.698,343.05,710.08,72.2645,33.0,45.444,9.605,4.172,12.307,45.492,25.3575,14.9108,0.1785,0.1288,0.1314,0.1288,0.2098,0.1314,0.1986,0.1247,539.56,281.6,366.25,84.6825,85.005,85.23,82.2375,83.3775,81.9975,43.2077,519.78,520.0,20.3446,517.4,488.84,14.2824
86.975,57.6,4.3656,57.5625,287.055,358.6478,571.1,2.5998,4.57,173.475,343.05,72.2852,710.0,19.4539,600.12,599.94,9.985,66.2247,76.7851,2.5998,4.57,11.1281,15.734,9.1108,173.474,343.05,710.0,72.2645,33.0,45.402,9.605,4.177,12.306,45.444,25.3465,14.9108,0.1786,0.1289,0.1314,0.1288,0.2098,0.1314,0.1986,0.1247,539.6,281.6,366.3,84.705,85.0125,85.2,82.2225,83.3625,81.9975,43.2086,519.78,520.0,20.3445,517.4,488.84,14.2838
86.825,57.5625,4.5203,57.6,287.1225,357.959,571.45,2.5998,4.57,173.772,343.05,72.2865,709.84,19.4556,599.94,599.94,9.9849,66.2246,76.7854,2.5998,4.57,11.1281,15.7343,9.1102,173.768,343.05,709.84,72.2645,33.0,45.378,9.605,4.179,12.306,45.402,25.319,14.9108,0.1785,0.1289,0.1314,0.1289,0.2098,0.1314,0.1986,0.1247,539.6,281.6,366.3,84.72,84.99,85.26,82.2375,83.3625,81.99,43.202,519.84,520.0,20.3445,517.4,488.84,14.2851
86.4,57.5625,4.7578,57.6,287.415,358.0967,572.0,2.5998,4.57,174.4875,343.05,72.2867,709.84,19.4559,599.94,599.88,9.9849,66.2253,76.7856,2.5998,4.57,11.1282,15.7345,9.1096,174.482,343.05,709.84,72.2645,33.0,45.276,9.606,4.176,12.306,45.378,25.297,14.9108,0.1785,0.1289,0.1315,0.1289,0.2101,0.1314,0.1987,0.1248,539.64,281.6,366.3,84.75,85.0125,85.275,82.2375,83.4,81.975,43.2026,519.84,520.0,20.3444,517.4,488.84,14.2864
86.4,57.6,4.7547,57.5625,286.8525,357.9245,571.85,2.6002,4.5675,174.1365,343.05,72.2863,709.92,19.4569,599.88,599.94,9.9848,66.2254,76.7844,2.6002,4.5675,11.1283,15.7348,9.1102,174.132,343.02,709.92,72.2645,33.0,45.03,9.608,4.173,12.306,45.276,25.2585,14.9108,0.1786,0.129,0.1315,0.129,0.2102,0.1315,0.199,0.1248,539.56,281.65,366.3,84.72,85.065,85.2375,82.245,83.385,81.945,43.2108,519.78,520.0,20.3443,517.4,488.84,14.2878
86.7,57.5625,3.8906,57.5625,286.695,358.51,571.9,2.6,4.5625,174.123,343.02,72.2865,709.92,19.4566,599.94,599.88,9.9862,66.2256,76.7849,2.6,4.5625,11.1284,15.735,9.1096,174.118,342.99,709.92,72.2645,33.0,44.784,9.612,4.175,12.306,45.03,25.1705,14.9108,0.1788,0.1291,0.1316,0.1291,0.2105,0.1316,0.1992,0.1249,539.52,281.65,366.3,84.6825,85.05,85.245,82.2525,83.415,81.9975,43.2192,519.72,520.0,20.3442,517.4,488.84,14.2891
86.725,57.6,4.7453,57.6,286.785,358.3378,571.65,2.5996,4.56,174.3255,342.99,72.2872,709.84,19.4576,599.88,599.76,9.9866,66.2258,76.7864,2.5996,4.56,11.1285,15.7353,9.1096,174.314,342.99,709.84,72.2645,33.0,44.532,9.617,4.175,12.306,44.784,25.055,14.9108,0.1787,0.1292,0.1318,0.1292,0.2108,0.1318,0.1995,0.1251,539.4,281.65,366.35,84.69,85.0725,85.275,82.2975,83.475,81.9975,43.2316,519.63,520.0,20.3592,517.37,488.84,14.2904
86.925,57.5625,4.1203,57.525,286.92,358.4411,571.65,2.599,4.555,174.1095,342.99,72.2881,709.76,19.4596,599.76,599.64,9.987,66.2259,76.7891,2.599,4.555,11.1285,15.7355,9.1086,174.104,342.96,709.76,72.2645,33.0,44.274,9.623,4.161,12.306,44.532,24.9285,14.9108,0.1785,0.1294,0.1319,0.1294,0.211,0.1318,0.1997,0.1252,539.28,281.65,366.35,84.705,85.035,85.3125,82.3125,83.52,81.96,43.2481,519.51,520.0,20.3596,517.37,488.84,14.2918
86.125,57.5625,4.6781,57.5625,287.46,357.8212,571.8,2.5988,4.5525,173.961,342.96,72.2885,709.76,19.4621,599.64,599.64,9.9874,66.2261,76.7911,2.5988,4.5525,11.1286,15.7333,9.108,173.95,342.93,709.76,72.2645,33.0,44.226,9.63,4.137,12.306,44.274,24.7855,14.9108,0.1781,0.1294,0.132,0.1294,0.211,0.1319,0.1998,0.1253,539.16,281.65,366.35,84.6825,85.0575,85.32,82.3125,83.4825,81.945,43.2651,519.39,520.0,20.36,517.37,488.81,14.2931
86.025,57.6375,4.4313,57.525,286.92,358.5444,571.5,2.5994,4.555,173.7585,342.93,72.2888,709.76,19.4636,599.64,599.7,9.9871,66.2263,76.7904,2.5994,4.555,11.1287,15.7325,9.1086,173.754,342.93,709.76,72.2138,32.995,44.412,9.634,4.1,12.305,44.226,24.703,14.9108,0.1776,0.1293,0.132,0.1294,0.2108,0.1319,0.1996,0.1253,539.04,281.65,366.35,84.63,85.05,85.3575,82.3275,83.5125,81.9825,43.2826,519.27,520.0,20.3604,517.37,488.81,14.2944
86.5,57.525,4.4625,57.5625,287.1675,358.2345,571.65,2.5996,4.5575,174.3525,342.93,72.2892,709.76,19.4644,599.7,600.0,9.9873,66.2264,76.7904,2.5996,4.5575,11.1288,15.7318,9.1091,174.356,342.96,709.76,72.2132,32.995,44.694,9.635,4.056,12.305,44.412,24.7195,14.9108,0.1771,0.1292,0.1319,0.1293,0.2106,0.1318,0.1993,0.1252,538.96,281.7,366.4,84.6075,85.05,85.3275,82.3425,83.4975,81.9975,43.2931,519.21,520.0,20.3609,517.37,488.81,14.2958
86.5,57.5625,4.7703,57.525,286.8975,358.51,571.2,2.6002,4.56,173.7855,342.96,72.289,709.84,19.4619,600.0,600.06,9.9874,66.2266,76.7886,2.6002,4.56,11.1288,15.7335,9.1102,173.796,342.96,709.84,72.1619,32.99,44.85,9.632,4.027,12.305,44.694,24.813,14.9108,0.1771,0.1291,0.1318,0.1292,0.2104,0.1318,0.1992,0.1251,538.92,281.7,366.4,84.5625,85.035,85.3125,82.35,83.505,81.9675,43.3038,519.15,520.0,20.3613,517.37,488.81,14.2971
86.0,57.5625,4.4469,57.5625,286.8525,358.2345,571.7,2.6004,4.5625,173.6235,342.96,72.2892,709.84,19.4611,600.06,600.12,9.9869,66.2268,76.7876,2.6004,4.5625,11.1289,15.7338,9.1102,173.628,342.99,709.84,72.1607,32.99,45.03,9.629,4.034,12.305,44.85,24.9175,14.9108,0.1775,0.1291,0.1317,0.1292,0.2102,0.1317,0.199,0.125,538.92,281.7,366.4,84.5775,85.0125,85.35,82.365,83.5575,81.9225,43.3035,519.18,520.0,20.3617,517.37,488.81,14.2984
86.35,57.6,4.2719,57.5625,286.74,358.51,571.5,2.6006,4.565,174.3795,342.99,72.2888,709.92,19.4601,600.12,600.18,9.9868,66.2262,76.7864,2.6006,4.565,11.129,15.734,9.1108,174.384,343.02,709.92,72.1088,32.985,45.204,9.625,4.069,12.305,45.03,25.0055,14.9108,0.1778,0.129,0.1316,0.1291,0.2101,0.1316,0.1988,0.1249,539.0,281.7,366.4,84.5625,85.0125,85.3725,82.3575,83.5275,81.96,43.3031,519.21,520.0,20.3621,517.37,488.81,14.2998
86.55,57.6,4.3531,57.5625,286.785,358.4067,571.6,2.6002,4.5675,174.069,343.02,72.2883,710.0,19.4589,600.18,600.24,9.9867,66.2261,76.7871,2.6002,4.5675,11.1291,15.7343,9.1108,174.062,343.02,710.0,72.1069,32.985,45.324,9.621,4.108,12.305,45.204,25.099,14.9108,0.1782,0.129,0.1316,0.129,0.2099,0.1315,0.1987,0.1248,539.0,281.7,366.4,84.5925,84.9975,85.38,82.32,83.5275,81.9975,43.3025,519.24,520.0,20.3625,517.37,488.81,14.3011
86.2,57.6,4.4891,57.5625,287.3925,358.4067,571.1,2.6002,4.57,173.61,343.02,72.2883,710.0,19.4574,600.24,600.24,9.9866,66.226,76.7869,2.6002,4.57,11.1292,15.7345,9.1113,173.614,343.05,710.0,72.1051,32.985,45.438,9.618,4.14,12.305,45.324,25.187,14.9108,0.1784,0.1289,0.1315,0.1289,0.2098,0.1314,0.1986,0.1248,539.08,281.7,366.45,84.555,85.005,85.3575,82.365,83.52,81.99,43.298,519.3,520.0,20.3629,517.34,488.81,14.3024
86.95,57.525,4.2312,57.525,287.28,357.7868,571.65,2.6004,4.57,173.826,343.05,72.2883,710.0,19.4564,600.24,600.12,9.9865,66.2259,76.7859,2.6004,4.57,11.1292,15.7348,9.1113,173.838,343.05,710.0,72.1032,32.985,45.558,9.614,4.163,12.305,45.438,25.253,14.9108,0.1785,0.1289,0.1314,0.1289,0.2097,0.1314,0.1984,0.1247,539.16,281.7,366.45,84.5475,85.0125,85.305,82.3575,83.55,82.0125,43.2896,519.39,520.0,20.3634,517.34,488.81,14.3038
86.025,57.6,4.3562,57.6,287.4375,357.7868,571.3,2.6004,4.5725,173.3265,343.05,72.2877,710.08,19.4569,600.12,600.18,9.9864,66.2259,76.7854,2.6004,4.5725,11.1293,15.735,9.1113,173.334,343.05,710.08,72.1013,32.985,45.648,9.61,4.176,12.305,45.558,25.308,14.9108,0.1786,0.1288,0.1314,0.1288,0.2095,0.1314,0.1984,0.1246,539.24,281.75,366.45,84.5475,84.975,85.35,82.335,83.5425,81.975,43.2808,519.48,520.0,20.3638,517.34,488.78,14.3051
86.675,57.525,4.7594,57.525,287.4825,357.8212,571.95,2.6006,4.5725,174.0825,343.05,72.2876,710.08,19.4556,600.18,600.24,9.9864,66.2258,76.7841,2.6006,4.5725,11.1294,15.7353,9.1113,174.076,343.08,710.08,72.0994,32.985,45.744,9.607,4.184,12.305,45.648,25.363,14.9108,0.1786,0.1288,0.1313,0.1288,0.2095,0.1313,0.1983,0.1246,539.4,281.75,366.45,84.5025,84.96,85.38,82.32,83.55,81.9975,43.2679,519.6,520.0,20.3642,517.34,488.78,14.3064
86.825,57.525,4.1031,57.6,287.0325,357.7868,571.8,2.6006,4.575,174.42,343.08,72.2875,710.08,19.4541,600.24,600.24,9.9863,66.2257,76.7834,2.6006,4.575,11.1295,15.7355,9.1118,174.412,343.08,710.08,72.1482,32.99,45.774,9.604,4.19,12.305,45.744,25.4125,14.9108,0.1787,0.1287,0.1313,0.1287,0.2095,0.1313,0.1982,0.1245,539.48,281.75,366.45,84.5475,85.0125,85.4025,82.3425,83.535,82.02,43.2582,519.69,520.0,20.3496,517.34,488.78,14.3078
86.575,57.5625,4.3234,57.6,287.46,358.51,571.25,2.6006,4.575,173.7315,343.08,72.2873,710.08,19.4531,600.24,600.24,9.9862,66.2256,76.7826,2.6006,4.575,11.1296,15.7333,9.1118,173.726,343.08,710.08,72.1469,32.99,45.756,9.602,4.2,12.305,45.774,25.451,14.9108,0.1788,0.1287,0.1313,0.1287,0.2094,0.1312,0.1982,0.1245,539.52,281.75,366.5,84.54,84.9975,85.395,82.3425,83.535,81.99,43.2557,519.72,520.0,20.3495,517.34,488.78,14.3091
86.95,57.6,4.4984,57.5625,287.2575,358.0623,571.3,2.6002,4.575,174.3255,343.08,72.2872,710.08,19.4521,600.24,600.06,9.9861,66.2255,76.7834,2.6002,4.575,11.1296,15.7325,9.1113,174.328,343.08,710.08,72.1457,32.99,45.75,9.6,4.211,12.305,45.756,25.4675,14.9108,0.1789,0.1287,0.1313,0.1287,0.2095,0.1312,0.1982,0.1245,539.6,281.75,366.5,84.5775,85.0125,85.3875,82.365,83.52,82.005,43.2456,519.81,520.0,20.3494,517.34,488.78,14.3104
86.05,57.5625,4.5156,57.6,287.145,358.2,571.15,2.6002,4.575,174.2715,343.08,72.2871,710.08,19.4534,600.06,600.06,9.986,66.2254,76.7831,2.6002,4.575,11.1297,15.7318,9.1113,174.272,343.08,710.08,72.1444,32.99,45.69,9.598,4.219,12.305,45.75,25.473,14.9108,0.1789,0.1287,0.1313,0.1287,0.2096,0.1312,0.1983,0.1245,539.64,281.75,366.5,84.5775,85.0125,85.4025,82.38,83.4825,81.96,43.2426,519.84,520.0,20.3493,517.34,488.78,14.3118
86.475,57.6,4.7812,57.6,287.46,357.7868,571.45,2.6002,4.575,174.393,343.08,72.287,710.08,19.4531,600.06,600.0,9.9859,66.2253,76.7829,2.6002,4.575,11.1298,15.7335,9.1113,174.384,343.08,710.08,72.1938,32.995,45.6,9.598,4.221,12.305,45.69,25.4675,14.9108,0.1789,0.1288,0.1313,0.1287,0.2097,0.1313,0.1984,0.1246,539.68,281.8,366.5,84.5475,85.0575,85.4025,82.38,83.505,82.005,43.2395,519.87,520.0,20.3493,517.34,488.78,14.3131
86.375,57.5625,4.3219,57.6,286.9425,358.0623,572.05,2.6,4.5725,173.5425,343.08,72.2869,710.08,19.4536,600.0,600.0,9.9859,66.2253,76.7834,2.6,4.5725,11.1299,15.7338,9.1113,173.544,343.08,710.08,72.1932,32.995,45.492,9.599,4.22,12.304,45.6,25.44,14.9108,0.1789,0.1288,0.1313,0.1288,0.2097,0.1313,0.1985,0.1246,539.68,281.8,366.55,84.54,85.035,85.3725,82.4025,83.5125,82.005,43.24,519.87,520.0,20.3492,517.34,488.78,14.3144
86.275,57.525,4.3516,57.525,287.4375,357.8212,571.75,2.6,4.5725,174.258,343.08,72.2867,710.08,19.4536,600.0,599.94,9.9858,66.2252,76.7834,2.6,4.5725,11.1299,15.734,9.1108,174.258,343.05,710.08,72.1925,32.995,45.42,9.6,4.216,12.304,45.492,25.396,14.9108,0.1789,0.1289,0.1314,0.1288,0.2098,0.1314,0.1986,0.1247,539.72,281.8,366.55,84.585,85.0875,85.335,82.395,83.55,82.035,43.233,519.93,520.0,20.3491,517.34,488.78,14.3158
86.225,57.5625,4.0828,57.5625,287.01,358.3034,571.95,2.5998,4.57,173.8935,343.05,72.2872,710.0,19.4544,599.94,599.88,9.9857,66.2251,76.7841,2.5998,4.57,11.13,15.7343,9.1108,173.894,343.05,710.0,72.1919,32.995,45.306,9.601,4.206,12.304,45.42,25.341,14.9108,0.1788,0.1289,0.1314,0.1289,0.2099,0.1314,0.1987,0.1247,539.68,281.8,366.55,84.54,85.11,85.3425,82.41,83.535,82.0125,43.237,519.9,520.0,20.349,517.34,488.78,14.3171
86.175,57.5625,4.3719,57.525,286.785,358.51,572.0,2.5998,4.57,174.1635,343.05,72.2872,710.0,19.4554,599.88,599.88,9.9856,66.225,76.7844,2.5998,4.57,11.1301,15.7345,9.1102,174.174,343.05,710.0,72.1913,32.995,45.156,9.604,4.195,12.304,45.306,25.297,14.9021,0.1787,0.1289,0.1315,0.1289,0.2101,0.1314,0.1988,0.1248,539.68,281.8,366.55,84.5325,85.08,85.2975,82.4325,83.5425,82.02,43.2374,519.9,520.0,20.349,517.34,488.78,14.3184
86.95,57.525,4.4016,57.6,287.145,358.1312,571.8,2.5996,4.565,173.637,343.05,72.2879,709.92,19.4559,599.88,599.76,9.9863,66.2249,76.7854,2.5996,4.565,11.1302,15.7348,9.1096,173.628,343.02,709.92,72.1907,32.995,44.946,9.607,4.185,12.304,45.156,25.22,14.9019,0.1787,0.129,0.1316,0.129,0.2102,0.1315,0.1991,0.1249,539.64,281.8,366.55,84.5475,85.0725,85.2975,82.3875,83.505,82.0425,43.2454,519.84,520.0,20.3489,517.34,488.78,14.3198
86.8,57.525,4.6844,57.5625,286.8975,358.4411,572.0,2.5994,4.565,174.3795,343.02,72.288,709.92,19.4579,599.76,599.88,9.9864,66.2248,76.7866,2.5994,4.565,11.1271,15.735,9.1096,174.37,342.99,709.92,72.19,32.995,44.862,9.611,4.177,12.304,44.946,25.1265,14.9016,0.1786,0.1291,0.1316,0.1291,0.2104,0.1316,0.1991,0.1249,539.6,281.85,366.6,84.5925,85.11,85.335,82.4175,83.52,82.0875,43.2498,519.81,520.0,20.3488,517.34,488.78,14.3211
86.65,57.5625,4.5766,57.5625,287.1,357.959,571.8,2.5994,4.5625,173.772,342.99,72.2887,709.84,19.4574,599.88,599.82,9.9866,66.2255,76.7874,2.5994,4.5625,11.126,15.7353,9.1091,173.768,342.99,709.84,72.1894,32.995,44.688,9.614,4.161,12.302,44.862,25.0605,14.9099,0.1784,0.1292,0.1317,0.1292,0.2106,0.1317,0.1993,0.125,539.52,281.85,366.6,84.54,85.0875,85.29,82.4025,83.475,82.035,43.2618,519.72,520.0,20.3638,517.34,488.78,14.3224
86.0,57.5625,4.3453,57.5625,287.46,357.9934,571.8,2.5998,4.56,174.4605,342.99,72.289,709.84,19.4586,599.82,599.82,9.9868,66.2264,76.7866,2.5998,4.56,11.1254,15.7355,9.1091,174.454,342.99,709.84,72.1888,32.995,44.694,9.619,4.145,12.302,44.688,24.989,14.9099,0.1782,0.1292,0.1318,0.1292,0.2106,0.1318,0.1993,0.1251,539.44,281.85,366.6,84.51,85.14,85.26,82.4025,83.5125,82.035,43.2704,519.66,520.0,20.3642,517.34,488.78,14.3238
86.4,57.525,3.925,57.525,287.1,358.5789,571.45,2.5996,4.56,174.0015,342.99,72.2892,709.84,19.4594,599.82,599.76,9.9869,66.2268,76.7876,2.5996,4.56,11.127,15.7333,9.1091,173.992,342.96,709.84,72.1882,32.995,44.592,9.622,4.124,12.302,44.694,24.945,14.9099,0.1781,0.1292,0.1318,0.1293,0.2106,0.1318,0.1994,0.1251,539.32,281.85,366.6,84.5025,85.125,85.245,82.395,83.52,81.99,43.2868,519.54,520.0,20.3646,517.34,488.78,14.3251
86.125,57.6375,4.0984,57.6,286.965,358.5789,571.85,2.5996,4.5575,173.8935,342.96,72.2895,709.84,19.4609,599.76,599.76,9.9871,66.2265,76.7881,2.5996,4.5575,11.1271,15.7325,9.1096,173.894,342.96,709.84,72.1875,32.995,44.526,9.625,4.109,12.303,44.592,24.901,14.9099,0.178,0.1293,0.1319,0.1293,0.2107,0.1318,0.1995,0.1251,539.24,281.85,366.6,84.5325,85.125,85.2525,82.4025,83.55,81.9525,43.2962,519.48,520.0,20.365,517.34,488.78,14.3264
86.5,57.6,3.8812,57.6,287.055,358.5789,571.4,2.5996,4.5575,173.8665,342.96,72.2897,709.84,19.4619,599.76,599.82,9.9873,66.2267,76.7886,2.5996,4.5575,11.1303,15.7318,9.1096,173.866,342.96,709.84,72.1869,32.995,44.61,9.628,4.102,12.303,44.526,24.8515,14.9099,0.1779,0.1292,0.1319,0.1293,0.2106,0.1318,0.1994,0.1251,539.2,281.85,366.65,84.585,85.08,85.2975,82.365,83.5425,81.9525,43.3058,519.42,520.0,20.3654,517.34,488.78,14.3278
86.75,57.525,4.7,57.5625,287.5275,358.2689,571.65,2.5996,4.5575,173.718,342.96,72.29,709.84,19.4621,599.82,600.0,9.9874,66.2268,76.7891,2.5996,4.5575,11.1285,15.7335,9.1096,173.712,342.96,709.84,72.1357,32.99,44.694,9.629,4.094,12.304,44.61,24.8515,14.9099,0.1778,0.1292,0.1318,0.1293,0.2106,0.1318,0.1993,0.1251,539.12,281.9,366.65,84.585,85.125,85.2975,82.3275,83.505,82.005,43.3157,519.36,520.0,20.3658,517.34,488.78,14.3291
86.7,57.525,4.6047,57.525,287.01,357.8557,571.65,2.5998,4.56,173.934,342.96,72.2902,709.84,19.4606,600.0,600.06,9.9876,66.227,76.7889,2.5998,4.56,11.1286,15.7338,9.1096,173.922,342.99,709.84,72.1344,32.99,44.898,9.629,4.087,12.304,44.694,24.879,14.9099,0.1777,0.1291,0.1318,0.1292,0.2104,0.1318,0.1991,0.1251,539.12,281.9,366.65,84.54,85.0875,85.35,82.32,83.5275,82.05,43.3183,519.36,520.0,20.3663,517.34,488.78,14.3304
86.825,57.6,4.5563,57.525,286.7625,357.9245,571.85,2.5998,4.5625,173.7855,342.99,72.2899,709.92,19.4599,600.06,600.12,9.987,66.2272,76.7891,2.5998,4.5625,11.1261,15.734,9.1096,173.782,342.99,709.92,72.1331,32.99,45.048,9.626,4.086,12.304,44.898,24.9505,14.9099,0.1778,0.1291,0.1317,0.1292,0.2102,0.1317,0.199,0.125,539.12,281.9,366.65,84.585,85.065,85.3275,82.2675,83.4975,82.095,43.3209,519.36,520.0,20.3667,517.34,488.78,14.3318
86.825,57.525,4.1016,57.6375,287.3475,358.6133,572.0,2.6,4.565,173.367,342.99,72.29,709.92,19.4589,600.12,600.18,9.9869,66.2266,76.7886,2.6,4.565,11.1277,15.7343,9.1102,173.362,343.02,709.92,72.1319,32.99,45.192,9.624,4.096,12.304,45.048,25.033,14.9099,0.1779,0.129,0.1316,0.1291,0.21,0.1316,0.1988,0.1249,539.16,281.9,366.65,84.6,85.035,85.3275,82.275,83.4825,82.065,43.3197,519.39,520.0,20.3671,517.34,488.78,14.3331
86.75,57.6,4.3187,57.6,286.6725,358.6822,571.5,2.6002,4.5675,173.88,343.02,72.2882,710.16,19.4576,600.18,600.12,9.9869,66.2265,76.7879,2.6002,4.5675,11.1278,15.7345,9.1108,173.88,343.02,710.16,72.1306,32.99,45.444,9.62,4.115,12.304,45.192,25.11,14.9099,0.1781,0.1289,0.1315,0.129,0.2098,0.1315,0.1986,0.1248,539.24,281.9,366.7,84.615,85.08,85.305,82.2825,83.52,82.1025,43.3146,519.45,520.0,20.3525,517.34,488.78,14.3344
86.625,57.5625,4.0156,57.6,287.3925,358.51,571.2,2.6004,4.5725,174.0285,343.02,72.2892,710.0,19.4576,600.12,600.18,9.9868,66.2264,76.7869,2.6004,4.5725,11.1279,15.7348,9.1113,174.034,343.05,710.0,72.0788,32.985,45.642,9.615,4.133,12.304,45.444,25.22,14.9099,0.1782,0.1288,0.1314,0.1289,0.2096,0.1314,0.1984,0.1247,539.32,281.9,366.7,84.66,85.065,85.305,82.3275,83.5125,82.095,43.3056,519.54,520.0,20.3524,517.31,488.78,14.3358
86.775,57.5625,4.0156,57.6,287.415,358.3378,571.35,2.6006,4.575,173.286,343.05,72.2886,710.08,19.4564,600.18,600.24,9.986,66.2263,76.7856,2.6006,4.575,11.1279,15.735,9.1113,173.292,343.08,710.08,72.0769,32.985,45.804,9.61,4.151,12.304,45.642,25.3355,14.9099,0.1784,0.1287,0.1313,0.1288,0.2094,0.1313,0.1982,0.1246,539.4,281.95,366.7,84.6975,85.0875,85.3275,82.305,83.55,82.065,43.2999,519.6,520.0,20.3523,517.31,488.78,14.3371
86.05,57.5625,4.2266,57.6,287.1225,358.51,571.25,2.6008,4.5775,173.8665,343.08,72.2879,710.16,19.4549,600.24,600.3,9.9856,66.2255,76.7841,2.6008,4.5775,11.128,15.7353,9.1124,173.866,343.08,710.16,72.1256,32.99,45.984,9.605,4.173,12.304,45.804,25.44,14.9099,0.1785,0.1287,0.1312,0.1287,0.2093,0.1312,0.198,0.1245,539.56,281.95,366.7,84.6975,85.11,85.275,82.26,83.595,82.0575,43.2828,519.75,520.0,20.3522,517.31,488.78,14.3384
86.2,57.525,3.9984,57.6,286.8525,358.6478,572.0,2.601,4.58,173.691,343.08,72.2876,710.16,19.4531,600.3,600.36,9.9853,66.2252,76.7824,2.601,4.58,11.1281,15.7355,9.1124,173.684,343.11,710.16,72.1244,32.99,46.104,9.599,4.193,12.304,45.984,25.5335,14.9099,0.1787,0.1286,0.1311,0.1286,0.2091,0.1311,0.1979,0.1244,539.68,281.95,366.75,84.72,85.1025,85.3125,82.2975,83.5575,82.035,43.2687,519.87,520.0,20.3522,517.31,488.78,14.3398
86.75,57.6,4.7359,57.5625,286.875,358.0623,571.9,2.601,4.58,174.2985,343.11,72.2867,710.24,19.4511,600.36,600.24,9.9849,66.2248,76.7811,2.601,4.58,11.1282,15.7333,9.1129,174.286,343.11,710.24,72.1231,32.99,46.188,9.595,4.212,12.304,46.104,25.616,14.9099,0.1788,0.1286,0.1311,0.1285,0.2091,0.131,0.1978,0.1243,539.8,281.95,366.75,84.7575,85.125,85.2975,82.335,83.5125,82.0425,43.2542,519.99,520.0,20.3521,517.31,488.78,14.3411
86.8,57.525,3.9797,57.5625,287.0325,358.1656,571.65,2.6006,4.5825,173.88,343.11,72.2864,710.24,19.4511,600.24,600.24,9.9846,66.2245,76.7814,2.6006,4.5825,11.1283,15.7325,9.1124,173.88,343.14,710.24,72.1219,32.99,46.206,9.59,4.229,12.304,46.188,25.682,14.9099,0.179,0.1285,0.131,0.1285,0.209,0.131,0.1978,0.1243,539.88,281.95,366.75,84.7725,85.125,85.2525,82.335,83.5425,82.035,43.243,520.08,520.0,20.352,517.34,488.78,14.3424
86.675,57.5625,4.2781,57.6,286.605,358.51,571.95,2.6006,4.5825,174.1635,343.14,72.286,710.24,19.4501,600.24,600.24,9.9843,66.2242,76.7806,2.6006,4.5825,11.1283,15.7318,9.1124,174.16,343.14,710.24,72.1713,32.995,46.212,9.587,4.246,12.304,46.206,25.726,14.9099,0.1792,0.1285,0.131,0.1284,0.209,0.131,0.1978,0.1243,540.0,281.95,366.75,84.7725,85.0725,85.29,82.3725,83.52,82.0425,43.2277,520.2,520.0,20.3519,517.34,488.78,14.3438
86.95,57.5625,4.825,57.5625,286.6275,358.2,571.55,2.6006,4.5825,173.691,343.14,72.2856,710.24,19.4491,600.24,600.24,9.9847,66.2246,76.7799,2.6006,4.5825,11.1284,15.7335,9.1118,173.698,343.14,710.24,72.1706,32.995,46.176,9.584,4.257,12.304,46.212,25.748,14.9099,0.1792,0.1285,0.131,0.1284,0.209,0.131,0.1978,0.1242,540.08,282.0,366.75,84.8025,85.1175,85.3275,82.3425,83.4975,82.0275,43.2193,520.26,520.0,20.3519,517.34,488.78,14.3451
86.3,57.5625,4.8344,57.525,286.515,357.7523,572.0,2.6006,4.5825,173.6235,343.14,72.2852,710.24,19.4481,600.24,600.24,9.9846,66.2245,76.7791,2.6006,4.5825,11.1285,15.7338,9.1118,173.628,343.14,710.24,72.2207,33.0,46.14,9.583,4.263,12.304,46.176,25.759,14.9099,0.1792,0.1285,0.131,0.1284,0.209,0.131,0.1979,0.1243,540.16,282.0,366.8,84.735,85.155,85.29,82.3575,83.505,82.0425,43.207,520.35,520.0,20.3518,517.34,488.78,14.3464
86.825,57.6,4.1344,57.5625,287.5275,357.8212,571.35,2.6006,4.5825,174.069,343.14,72.2849,710.24,19.4471,600.24,600.06,9.9845,66.2244,76.7784,2.6006,4.5825,11.1286,15.734,9.1118,174.062,343.14,710.24,72.2207,33.0,46.092,9.582,4.262,12.304,46.14,25.7535,14.9099,0.1792,0.1285,0.131,0.1284,0.2092,0.131,0.1979,0.1243,540.24,282.0,366.8,84.765,85.1775,85.2825,82.3725,83.505,82.035,43.1943,520.44,520.0,20.3517,517.34,488.78,14.3478
86.075,57.6,4.1016,57.525,286.7625,358.3378,571.3,2.6002,4.5825,173.7855,343.14,72.2845,710.24,19.4484,600.06,600.0,9.9844,66.2243,76.7791,2.6002,4.5825,11.1287,15.7343,9.1113,173.782,343.11,710.24,72.2207,33.0,46.002,9.581,4.257,12.304,46.092,25.737,14.9099,0.1791,0.1285,0.131,0.1285,0.2092,0.131,0.198,0.1243,540.28,282.0,366.8,84.7275,85.1625,85.32,82.41,83.5125,81.99,43.1888,520.47,520.0,20.3516,517.34,488.78,14.3491
86.0,57.6,3.9922,57.5625,287.19,357.7868,571.05,2.6,4.58,173.313,343.11,72.2841,710.24,19.4489,600.0,600.0,9.9844,66.2243,76.7796,2.6,4.58,11.1287,15.7345,9.1113,173.32,343.11,710.24,72.2713,33.005,45.906,9.582,4.251,12.304,46.002,25.7095,14.9099,0.179,0.1286,0.1311,0.1285,0.2093,0.131,0.1981,0.1243,540.32,282.0,366.85,84.6975,85.1175,85.3125,82.4475,83.4675,81.9825,43.1831,520.5,520.0,20.3516,517.34,488.78,14.3504
86.375,57.6,4.7141,57.5625,286.65,357.7523,571.1,2.6,4.58,173.961,343.11,72.2856,710.0,19.4489,600.0,599.94,9.9843,66.2242,76.7796,2.6,4.58,11.1288,15.7348,9.1108,173.95,343.11,710.0,72.2719,33.005,45.834,9.583,4.244,12.303,45.906,25.671,14.9099,0.1789,0.1286,0.1311,0.1285,0.2094,0.1311,0.1982,0.1244,540.36,282.0,366.85,84.6525,85.1625,85.305,82.47,83.445,82.0125,43.1774,520.53,520.0,20.3515,517.34,488.78,14.3518
86.375,57.5625,4.8078,57.6,287.4375,358.2345,572.0,2.5998,4.5775,173.961,343.11,72.2856,710.0,19.4496,599.94,599.88,9.9842,66.2241,76.7804,2.5998,4.5775,11.1289,15.735,9.1108,173.964,343.11,710.0,72.2725,33.005,45.726,9.584,4.234,12.303,45.834,25.627,14.9099,0.1789,0.1286,0.1312,0.1286,0.2095,0.1311,0.1983,0.1244,540.36,282.05,366.85,84.615,85.185,85.32,82.4175,83.4675,82.0575,43.1752,520.53,520.0,20.3514,517.34,488.78,14.3531
86.675,57.525,4.0406,57.525,286.6275,358.0279,571.75,2.5998,4.5775,174.204,343.11,72.2856,710.0,19.4506,599.88,599.88,9.9849,66.224,76.7806,2.5998,4.5775,11.129,15.7353,9.1102,174.202,343.08,710.0,72.3238,33.01,45.588,9.586,4.223,12.303,45.726,25.5775,14.9099,0.1788,0.1287,0.1312,0.1287,0.2097,0.1312,0.1984,0.1245,540.32,282.05,366.85,84.645,85.1325,85.2825,82.38,83.4375,82.035,43.1768,520.5,520.0,20.3513,517.34,488.78,14.3544
86.35,57.5625,4.3625,57.6,286.83,357.8212,571.25,2.5996,4.575,173.394,343.08,72.285,710.08,19.4511,599.88,599.82,9.985,66.2239,76.7816,2.5996,4.575,11.129,15.7355,9.1102,173.404,343.08,710.08,72.325,33.01,45.432,9.589,4.214,12.303,45.588,25.517,14.9099,0.1788,0.1288,0.1313,0.1287,0.2098,0.1313,0.1986,0.1246,540.24,282.05,366.85,84.6,85.1625,85.2525,82.3575,83.445,82.005,43.1823,520.44,520.0,20.3513,517.37,488.81,14.3558
86.85,57.6,4.4688,57.5625,286.7625,358.4067,571.1,2.6,4.5725,173.61,343.08,72.2849,710.08,19.4524,599.82,599.88,9.9852,66.2246,76.7806,2.6,4.5725,11.1291,15.7333,9.1102,173.614,343.05,710.08,72.3263,33.01,45.312,9.593,4.205,12.303,45.432,25.44,14.9099,0.1787,0.1288,0.1314,0.1288,0.2099,0.1314,0.1987,0.1247,540.24,282.05,366.9,84.6375,85.11,85.26,82.3725,83.4075,82.005,43.1805,520.44,520.0,20.3512,517.37,488.81,14.3571
86.15,57.525,4.5422,57.6,286.83,358.2,571.3,2.5998,4.57,174.366,343.05,72.2854,710.0,19.4524,599.88,599.88,9.9854,66.2248,76.7814,2.5998,4.57,11.1292,15.7325,9.1096,174.356,343.05,710.0,72.3275,33.01,45.168,9.596,4.192,12.303,45.312,25.3575,14.9099,0.1785,0.1289,0.1314,0.1289,0.2102,0.1314,0.1988,0.1247,540.2,282.05,366.9,84.6375,85.0725,85.245,82.3425,83.4375,82.035,43.1863,520.38,520.0,20.3511,517.37,488.81,14.3584
86.925,57.6,4.6266,57.6,286.92,357.7179,571.05,2.5996,4.5675,173.34,343.05,72.2866,709.84,19.4529,599.88,599.76,9.9855,66.2249,76.7824,2.5996,4.5675,11.1293,15.7318,9.1091,173.348,343.02,709.84,72.3288,33.01,44.916,9.601,4.176,12.303,45.168,25.275,14.9099,0.1785,0.129,0.1315,0.129,0.2102,0.1315,0.1991,0.1248,540.08,282.05,366.9,84.66,85.0425,85.2075,82.38,83.4375,82.0425,43.1998,520.26,520.0,20.351,517.37,488.81,14.3598
86.425,57.5625,4.1078,57.5625,287.2125,358.51,571.05,2.5996,4.5675,174.177,343.02,72.2869,709.84,19.4549,599.76,599.88,9.985,66.2251,76.7829,2.5996,4.5675,11.1294,15.7335,9.1091,174.174,343.02,709.84,72.33,33.01,45.186,9.607,4.166,12.303,44.916,25.1705,14.9099,0.1781,0.1289,0.1315,0.129,0.2101,0.1315,0.1988,0.1248,540.0,282.1,366.9,84.69,85.005,85.23,82.335,83.43,82.0425,43.2062,520.2,520.0,20.3509,517.37,488.81,14.3611
86.5,57.525,4.4781,57.5625,287.2125,357.7868,571.45,2.5998,4.57,174.2715,343.02,72.2859,710.0,19.4544,599.88,599.88,9.9849,66.2253,76.7826,2.5998,4.57,11.1294,15.7338,9.1096,174.272,343.02,710.0,72.3313,33.01,45.258,9.606,4.137,12.303,45.186,25.1925,14.9099,0.1778,0.1289,0.1315,0.1289,0.21,0.1314,0.1988,0.1248,539.92,282.1,366.9,84.7125,84.9975,85.2825,82.335,83.4225,82.065,43.2167,520.11,520.0,20.3509,517.37,488.81,14.3624
86.925,57.5625,4.2,57.6375,286.695,357.9245,571.4,2.5998,4.57,174.0555,343.02,72.2859,710.0,19.4549,599.88,599.88,9.9848,66.2254,76.7829,2.5998,4.57,11.1295,15.734,9.1102,174.048,343.02,710.0,72.3325,33.01,45.222,9.606,4.112,12.304,45.258,25.242,14.9099,0.1778,0.1289,0.1315,0.1289,0.2101,0.1314,0.1988,0.1248,539.84,282.1,366.95,84.6825,84.975,85.3125,82.2975,83.46,82.0275,43.2238,520.05,520.0,20.3508,517.37,488.81,14.3638
86.3,57.5625,3.9688,57.6,287.145,357.649,571.8,2.5998,4.5675,173.934,343.02,72.2859,710.0,19.4554,599.88,599.82,9.9855,66.2248,76.7831,2.5998,4.5675,11.1296,15.7343,9.1102,173.936,343.02,710.0,72.2832,33.005,45.138,9.606,4.116,12.304,45.222,25.253,14.9099,0.1781,0.1289,0.1315,0.1289,0.2102,0.1315,0.1989,0.1248,539.8,282.1,366.95,84.6525,84.9975,85.35,82.26,83.4225,82.005,43.2311,519.99,520.0,20.3507,517.37,488.81,14.3651
86.875,57.5625,4.0125,57.5625,286.92,358.5444,571.4,2.5996,4.5675,173.9745,343.02,72.2865,709.92,19.4566,599.82,599.82,9.9856,66.2248,76.7841,2.5996,4.5675,11.1297,15.7345,9.1102,173.978,343.02,709.92,72.2838,33.005,45.042,9.608,4.136,12.304,45.138,25.2255,14.9099,0.1784,0.129,0.1316,0.129,0.2102,0.1315,0.199,0.1248,539.72,282.1,366.95,84.6675,84.99,85.305,82.305,83.4675,82.0125,43.2349,519.96,520.0,20.3506,517.37,488.81,14.3664
86.125,57.5625,4.1641,57.6,286.6725,358.2345,571.35,2.5996,4.565,174.123,343.02,72.2866,709.92,19.4574,599.82,599.88,9.9858,66.2247,76.7846,2.5996,4.565,11.1297,15.7348,9.1096,174.132,343.02,709.92,72.2844,33.005,44.922,9.611,4.153,12.304,45.042,25.176,14.9099,0.1785,0.1291,0.1316,0.1291,0.2104,0.1316,0.1991,0.1249,539.68,282.1,366.95,84.6375,85.035,85.305,82.2675,83.43,81.9825,43.2426,519.9,520.0,20.3506,517.37,488.81,14.3678
86.025,57.6375,4.6687,57.6,287.01,358.3034,571.85,2.5994,4.5625,173.556,343.02,72.2867,709.92,19.4574,599.88,599.82,9.986,66.2253,76.7859,2.5994,4.5625,11.1298,15.735,9.1086,173.558,342.99,709.92,72.2851,33.005,44.772,9.614,4.159,12.304,44.922,25.1155,14.9099,0.1785,0.1291,0.1317,0.1292,0.2105,0.1317,0.1993,0.125,539.6,282.15,367.0,84.63,85.02,85.335,82.305,83.415,81.9375,43.2542,519.81,520.0,20.3505,517.37,488.81,14.3691
86.7,57.5625,4.0953,57.5625,287.3925,357.649,571.55,2.5994,4.565,173.2725,342.99,72.2869,709.92,19.4586,599.82,599.94,9.9854,66.2255,76.7866,2.5994,4.565,11.1299,15.7353,9.1091,173.278,342.99,709.92,72.2857,33.005,45.06,9.618,4.155,12.305,44.772,25.044,14.9099,0.1781,0.1291,0.1317,0.1291,0.2102,0.1316,0.199,0.1249,539.56,282.15,367.0,84.5925,85.0425,85.2975,82.29,83.3925,81.9,43.2625,519.75,520.0,20.3504,517.37,488.81,14.3704
86.3,57.6,4.1984,57.5625,286.785,357.6835,571.15,2.5996,4.5675,173.826,342.99,72.2864,710.0,19.4579,599.94,600.06,9.9853,66.2257,76.7866,2.5996,4.5675,11.13,15.7355,9.1096,173.824,343.02,710.0,72.2863,33.005,45.426,9.616,4.127,12.305,45.06,25.0935,14.9185,0.1776,0.1289,0.1315,0.129,0.2098,0.1315,0.1986,0.1248,539.56,282.15,367.0,84.5775,85.005,85.26,82.26,83.4525,81.87,43.2598,519.78,520.0,20.3503,517.37,488.81,14.3718
86.6,57.6,4.2172,57.5625,286.695,357.7179,571.4,2.6004,4.5725,174.123,343.02,72.2857,710.08,19.4566,600.06,600.18,9.9852,66.2251,76.7841,2.6004,4.5725,11.1301,15.7333,9.1113,174.118,343.05,710.08,72.2363,33.0,45.648,9.611,4.095,12.305,45.426,25.2255,14.9188,0.1775,0.1288,0.1314,0.1288,0.2097,0.1314,0.1984,0.1247,539.6,282.15,367.0,84.6225,84.99,85.305,82.29,83.4225,81.885,43.2569,519.81,520.0,20.3503,517.37,488.81,14.3731
86.175,57.6,4.2188,57.6,287.235,357.7868,571.25,2.6006,4.575,174.1365,343.05,72.2856,710.08,19.4549,600.18,600.24,9.9844,66.225,76.7829,2.6006,4.575,11.1301,15.7325,9.1118,174.132,343.08,710.08,72.2363,33.0,45.828,9.606,4.095,12.305,45.648,25.363,14.9191,0.1777,0.1287,0.1313,0.1287,0.2094,0.1313,0.1982,0.1245,539.64,282.15,367.05,84.57,85.0275,85.3275,82.2525,83.4525,81.8925,43.2539,519.84,520.0,20.3502,517.37,488.81,14.3744
86.55,57.6,4.0609,57.5625,286.5375,358.2345,571.1,2.6008,4.5775,174.339,343.08,72.2849,710.16,19.4534,600.24,600.3,9.984,66.2242,76.7814,2.6008,4.5775,11.1277,15.7318,9.1124,174.342,343.08,710.16,72.2363,33.0,45.972,9.601,4.127,12.307,45.828,25.4785,14.9108,0.1782,0.1286,0.1312,0.1286,0.2094,0.1311,0.1981,0.1244,539.68,282.15,367.05,84.555,85.08,85.305,82.2225,83.4225,81.855,43.2471,519.9,520.0,20.3501,517.37,488.81,14.3758
86.725,57.5625,3.9828,57.525,286.5825,357.8557,571.2,2.6004,4.58,174.3525,343.08,72.2846,710.16,19.4516,600.3,600.18,9.9837,66.2238,76.7819,2.6004,4.58,11.1262,15.7335,9.1118,174.356,343.11,710.16,72.2363,33.0,46.05,9.596,4.17,12.307,45.972,25.572,14.9108,0.1786,0.1286,0.1311,0.1285,0.2093,0.1311,0.198,0.1244,539.72,282.15,367.05,84.5475,85.1025,85.26,82.23,83.4525,81.885,43.2437,519.93,520.0,20.35,517.37,488.81,14.3771
86.5,57.5625,4.2953,57.6,287.505,358.0279,571.75,2.6006,4.58,173.988,343.11,72.2837,710.24,19.4519,600.18,600.18,9.9841,66.2235,76.7806,2.6006,4.58,11.125,15.7338,9.1124,173.992,343.11,710.24,72.2363,33.0,46.08,9.592,4.206,12.307,46.05,25.638,14.9108,0.1789,0.1286,0.1311,0.1285,0.2092,0.131,0.1979,0.1243,539.8,282.2,367.05,84.5025,85.1325,85.2375,82.275,83.46,81.885,43.2365,519.99,520.0,20.35,517.37,488.81,14.3784
86.425,57.525,4.3359,57.5625,287.0775,358.3034,571.65,2.6006,4.58,174.3795,343.11,72.2846,710.08,19.4511,600.18,600.18,9.984,66.2239,76.7799,2.6006,4.58,11.127,15.734,9.1113,174.37,343.11,710.08,72.2869,33.005,46.074,9.589,4.231,12.306,46.08,25.6765,14.9108,0.179,0.1286,0.1311,0.1285,0.2093,0.131,0.1979,0.1243,539.88,282.2,367.05,84.5025,85.17,85.2,82.2825,83.4375,81.8625,43.2252,520.08,520.0,20.3499,517.37,488.81,14.3798
86.15,57.6,4.2188,57.525,286.8075,357.7523,571.95,2.6006,4.58,174.1905,343.11,72.2845,710.08,19.4504,600.18,600.18,9.984,66.2238,76.7791,2.6006,4.58,11.127,15.7343,9.1113,174.188,343.11,710.08,72.2876,33.005,46.008,9.587,4.243,12.306,46.074,25.6875,14.9108,0.1791,0.1286,0.1311,0.1285,0.2093,0.131,0.198,0.1243,539.92,282.2,367.05,84.5475,85.1325,85.1625,82.245,83.4075,81.8325,43.2174,520.14,520.0,20.3498,517.37,488.81,14.3811
86.6,57.5625,4.8438,57.525,286.56,357.8557,571.2,2.6004,4.58,173.9745,343.11,72.2844,710.08,19.4496,600.18,600.12,9.9839,66.2238,76.7791,2.6004,4.58,11.1302,15.7345,9.1113,173.978,343.11,710.08,72.2882,33.005,45.912,9.587,4.249,12.306,46.008,25.671,14.9108,0.1792,0.1286,0.1311,0.1285,0.2094,0.131,0.1981,0.1244,539.96,282.2,367.1,84.5625,85.1775,85.185,82.2675,83.4375,81.8625,43.2131,520.17,520.0,20.3497,517.37,488.81,14.3824
86.8,57.5625,4.3484,57.5625,287.28,358.2689,571.5,2.5998,4.5775,174.177,343.11,72.2849,710.0,19.4496,600.12,600.06,9.9838,66.2237,76.7809,2.5998,4.5775,11.1284,15.7348,9.1102,174.174,343.11,710.0,72.3394,33.01,45.81,9.587,4.249,12.306,45.912,25.638,14.9108,0.1791,0.1287,0.1311,0.1286,0.2095,0.1311,0.1982,0.1244,540.0,282.2,367.1,84.5475,85.17,85.17,82.2975,83.4225,81.8625,43.2086,520.2,520.0,20.3496,517.37,488.81,14.3837
86.45,57.6375,4.725,57.6,287.4375,357.7179,571.15,2.5998,4.5775,173.8395,343.11,72.2849,710.0,19.4499,600.06,599.88,9.9837,66.2236,76.7811,2.5998,4.5775,11.1285,15.735,9.1102,173.852,343.08,710.0,72.3407,33.01,45.678,9.589,4.244,12.306,45.81,25.594,14.9108,0.1791,0.1287,0.1312,0.1286,0.2096,0.1312,0.1983,0.1245,540.0,282.2,367.1,84.57,85.185,85.1775,82.3275,83.3775,81.8325,43.2041,520.23,520.0,20.3496,517.37,488.81,14.3851
86.35,57.525,4.6234,57.6,287.235,358.3378,571.5,2.5996,4.575,173.4885,343.08,72.2849,710.0,19.4519,599.88,599.82,9.9844,66.2235,76.7821,2.5996,4.575,11.1255,15.7353,9.1102,173.488,343.08,710.0,72.3419,33.01,45.552,9.591,4.235,12.306,45.678,25.539,14.9108,0.179,0.1288,0.1313,0.1287,0.2097,0.1312,0.1984,0.1245,540.04,282.25,367.1,84.6,85.215,85.17,82.3575,83.3475,81.885,43.2031,520.23,520.0,20.3495,517.37,488.81,14.3864
86.95,57.6,4.7531,57.6,286.875,358.1312,571.65,2.6,4.5725,174.015,343.08,72.2855,709.92,19.4531,599.82,599.82,9.9845,66.2234,76.7811,2.6,4.5725,11.1274,15.7355,9.1102,174.02,343.08,709.92,72.3432,33.01,45.456,9.593,4.222,12.306,45.552,25.473,14.9108,0.1788,0.1288,0.1313,0.1288,0.2098,0.1313,0.1985,0.1246,540.04,282.25,367.1,84.6075,85.17,85.1475,82.3425,83.3475,81.8625,43.2022,520.23,520.0,20.3494,517.37,488.81,14.3877
86.35,57.5625,4.4734,57.6,287.055,358.4411,571.45,2.5998,4.57,174.2445,343.08,72.2856,709.92,19.4539,599.82,599.88,9.9847,66.2241,76.7819,2.5998,4.57,11.1275,15.7333,9.1102,174.244,343.05,709.92,72.3444,33.01,45.252,9.596,4.206,12.306,45.456,25.407,14.9108,0.1787,0.1289,0.1314,0.1288,0.2101,0.1314,0.1988,0.1247,540.0,282.25,367.15,84.57,85.1475,85.1175,82.365,83.3475,81.885,43.205,520.2,520.0,20.3493,517.37,488.81,14.3891
86.225,57.6,3.9547,57.5625,287.4375,358.1312,572.0,2.5996,4.5675,174.2445,343.05,72.2864,709.84,19.4539,599.88,599.76,9.9849,66.2243,76.7829,2.5996,4.5675,11.1307,15.7325,9.1096,174.244,343.02,709.84,72.3457,33.01,44.976,9.6,4.194,12.306,45.252,25.319,14.9108,0.1788,0.129,0.1315,0.129,0.2103,0.1315,0.199,0.1248,539.92,282.25,367.15,84.6225,85.0875,85.095,82.3275,83.385,81.9225,43.2117,520.14,520.0,20.3493,517.37,488.81,14.3904
86.3,57.6,4.5594,57.6,287.3925,358.3378,571.0,2.5994,4.5625,174.1635,343.02,72.286,709.92,19.4559,599.76,599.64,9.9858,66.2244,76.7841,2.5994,4.5625,11.1289,15.7318,9.1091,174.16,342.99,709.92,72.3469,33.01,44.676,9.606,4.186,12.305,44.976,25.198,14.9108,0.1788,0.1291,0.1317,0.1291,0.2106,0.1316,0.1993,0.1249,539.8,282.25,367.15,84.6,85.08,85.1625,82.2825,83.415,81.885,43.2262,520.02,520.0,20.3492,517.37,488.81,14.3917
86.75,57.5625,3.8844,57.5625,287.325,358.6133,571.75,2.5992,4.56,174.3255,342.99,72.2867,709.84,19.4584,599.64,599.58,9.9862,66.2253,76.7856,2.5992,4.56,11.129,15.7335,9.108,174.328,342.96,709.84,72.3482,33.01,44.394,9.613,4.175,12.305,44.676,25.055,14.9108,0.1787,0.1293,0.1318,0.1293,0.211,0.1318,0.1996,0.1251,539.68,282.25,367.15,84.555,85.08,85.185,82.26,83.385,81.885,43.2412,519.9,520.0,20.3491,517.37,488.81,14.3931
86.375,57.6,4.2562,57.525,286.8975,358.2345,571.5,2.5988,4.555,173.934,342.96,72.2876,709.76,19.4606,599.58,599.58,9.9866,66.2258,76.7881,2.5988,4.555,11.1259,15.7338,9.1074,173.936,342.93,709.76,72.3494,33.01,44.118,9.621,4.155,12.306,44.394,24.8955,14.9108,0.1784,0.1294,0.132,0.1294,0.2111,0.1319,0.1999,0.1253,539.52,282.3,367.2,84.57,85.05,85.1775,82.29,83.3625,81.885,43.2641,519.72,520.0,20.349,517.37,488.81,14.3944
86.45,57.6,4.7359,57.5625,287.4375,358.5444,571.15,2.5988,4.555,174.177,342.93,72.288,709.76,19.4624,599.58,599.7,9.9863,66.2262,76.7896,2.5988,4.555,11.1279,15.734,9.1074,174.174,342.93,709.76,72.3507,33.01,44.436,9.63,4.125,12.306,44.118,24.736,14.9108,0.1777,0.1293,0.132,0.1294,0.2109,0.1319,0.1996,0.1252,539.36,282.3,367.2,84.6075,85.0125,85.155,82.2525,83.37,81.9,43.284,519.57,520.0,20.349,517.37,488.81,14.3957
86.45,57.6,4.7359,57.5625,287.4375,358.5444,571.15,2.5988,4.555,174.177,342.93,72.2884,709.76,19.4626,599.7,599.7,9.9865,66.2266,76.7911,2.5988,4.555,11.128,15.7343,9.1074,174.174,342.93,709.76,72.3519,33.01,44.436,9.63,4.125,12.306,44.436,24.736,14.9108,0.1777,0.1293,0.132,0.1294,0.2109,0.1319,0.1996,0.1252,539.36,282.3,367.2,84.6075,85.0125,85.155,82.2525,83.37,81.9,43.3008,519.45,520.0,20.3489,517.37,488.81,14.3971
86.45,57.6,4.7359,57.5625,287.4375,358.5444,571.15,2.5988,4.555,174.177,342.93,72.2887,709.76,19.4639,599.7,599.7,9.9866,66.227,76.7926,2.5988,4.555,11.1281,15.7345,9.1074,174.174,342.93,709.76,72.3532,33.01,44.436,9.63,4.125,12.306,44.436,24.736,14.9108,0.1777,0.1293,0.132,0.1294,0.2109,0.1319,0.1996,0.1252,539.36,282.3,367.2,84.6075,85.0125,85.155,82.2525,83.37,81.9,43.303,519.45,520.0,20.3488,517.37,488.81,14.3984
86.45,57.6,4.7359,57.5625,287.4375,358.5444,571.15,2.5988,4.555,174.177,342.93,72.2891,709.76,19.4651,599.7,599.7,9.9868,66.2274,76.7942,2.5988,4.555,11.1281,15.7348,9.1074,174.174,342.93,709.76,72.3544,33.01,44.436,9.63,4.125,12.306,44.436,24.736,14.9108,0.1777,0.1293,0.132,0.1294,0.2109,0.1319,0.1996,0.1252,539.36,282.3,367.2,84.6075,85.0125,85.155,82.2525,83.37,81.9,43.3052,519.45,520.0,20.3487,517.37,488.81,14.3997
86.95,57.6,4.7734,57.5625,287.1675,358.1656,571.35,2.6,4.5575,173.4885,342.93,72.2895,709.76,19.4664,599.7,599.94,9.987,66.2271,76.7912,2.6,4.5575,11.1282,15.735,9.1096,173.488,342.96,709.76,72.3557,33.01,44.646,9.63,4.071,12.306,44.436,24.758,14.9108,0.1771,0.1292,0.1319,0.1293,0.2106,0.1318,0.1994,0.1252,539.24,282.3,367.2,84.615,85.0575,85.1625,82.2225,83.3625,81.9075,43.3075,519.45,520.0,20.3487,517.37,488.81,14.4011
86.0,57.6,4.5594,57.525,287.415,358.2345,571.35,2.6004,4.5625,174.1095,342.96,72.2892,709.84,19.4646,599.94,600.3,9.9864,66.2273,76.7896,2.6004,4.5625,11.1283,15.7353,9.1108,174.104,342.99,709.84,72.3063,33.005,45.078,9.629,4.028,12.306,44.646,24.8405,14.9108,0.1768,0.129,0.1317,0.1292,0.2102,0.1317,0.1989,0.125,539.2,282.3,367.2,84.57,85.08,85.1475,82.2375,83.3925,81.885,43.3097,519.45,520.0,20.3486,517.37,488.81,14.4024
86.7,57.5625,3.9719,57.5625,287.2575,358.6478,572.0,2.6006,4.5675,173.8395,342.99,72.2889,709.92,19.4604,600.3,600.36,9.9863,66.2267,76.7884,2.6006,4.5675,11.1284,15.7355,9.1113,173.838,343.02,709.92,72.2563,33.0,45.366,9.623,4.018,12.306,45.078,25.0,14.9108,0.177,0.1289,0.1316,0.129,0.2099,0.1315,0.1987,0.1248,539.2,282.3,367.25,84.57,85.11,85.1625,82.275,83.4075,81.9375,43.3119,519.45,520.0,20.3485,517.37,488.81,14.4037
86.75,57.6,4.4672,57.6,286.605,357.7868,571.5,2.601,4.5725,174.123,343.02,72.2884,710.0,19.4584,600.36,600.36,9.9862,66.2266,76.7861,2.601,4.5725,11.1284,15.7333,9.1118,174.118,343.05,710.0,72.2563,33.0,45.66,9.617,4.051,12.306,45.366,25.176,14.9108,0.1776,0.1288,0.1314,0.1288,0.2096,0.1314,0.1984,0.1247,539.28,282.35,367.25,84.615,85.1475,85.1625,82.2375,83.4225,81.93,43.3066,519.51,520.0,20.3484,517.37,488.81,14.4051
86.8,57.5625,4.1312,57.5625,286.9425,358.2,571.2,2.6006,4.575,174.15,343.05,72.2877,710.08,19.4569,600.36,600.42,9.9854,66.2265,76.7864,2.6006,4.575,11.1285,15.7325,9.1118,174.146,343.08,710.08,72.2563,33.0,45.9,9.609,4.106,12.306,45.66,25.3355,14.9108,0.1781,0.1287,0.1313,0.1287,0.2094,0.1312,0.1981,0.1245,539.36,282.35,367.25,84.57,85.155,85.2225,82.275,83.43,81.9675,43.3011,519.57,520.0,20.3484,517.37,488.81,14.4064
86.525,57.6,4.8312,57.5625,287.1675,358.0967,571.45,2.601,4.58,173.88,343.08,72.287,710.16,19.4546,600.42,600.36,9.985,66.2257,76.7841,2.601,4.58,11.1286,15.7318,9.1124,173.88,343.11,710.16,72.2563,33.0,46.098,9.603,4.158,12.306,45.9,25.4895,14.9108,0.1785,0.1286,0.1311,0.1286,0.2092,0.1311,0.1979,0.1244,539.44,282.35,367.3,84.5925,85.11,85.2525,82.2825,83.4225,81.9375,43.2915,519.66,520.0,20.3483,517.37,488.81,14.4077
86.5,57.6,4.1937,57.5625,286.875,358.2345,571.3,2.601,4.5825,173.4615,343.11,72.2861,710.24,19.4536,600.36,600.42,9.9847,66.2254,76.7829,2.601,4.5825,11.1287,15.7335,9.1124,173.46,343.11,710.24,72.2563,33.0,46.254,9.596,4.198,12.306,46.098,25.616,14.9108,0.1788,0.1285,0.131,0.1285,0.209,0.131,0.1978,0.1243,539.6,282.35,367.3,84.54,85.14,85.23,82.26,83.445,81.9225,43.2741,519.81,520.0,20.3482,517.37,488.81,14.4091
86.05,57.5625,4.6516,57.525,287.01,357.649,571.7,2.6012,4.585,173.8935,343.11,72.2857,710.24,19.4514,600.42,600.3,9.9844,66.225,76.7809,2.6012,4.585,11.1288,15.7338,9.1129,173.894,343.14,710.24,72.2563,33.0,46.392,9.59,4.225,12.306,46.254,25.715,14.9108,0.1789,0.1285,0.131,0.1284,0.2089,0.131,0.1976,0.1242,539.76,282.4,367.3,84.5625,85.125,85.215,82.2825,83.4375,81.915,43.2523,519.99,520.0,20.3481,517.37,488.81,14.4104
86.425,57.6,3.9453,57.525,287.2125,357.7868,571.45,2.6008,4.585,174.4065,343.14,72.2847,710.32,19.4511,600.3,600.3,9.984,66.2247,76.7809,2.6008,4.585,11.1288,15.734,9.1129,174.412,343.14,710.32,72.2563,33.0,46.458,9.585,4.243,12.306,46.392,25.792,14.9108,0.179,0.1284,0.1309,0.1283,0.2089,0.1309,0.1975,0.1242,539.92,282.4,367.35,84.525,85.1175,85.1775,82.26,83.4225,81.9375,43.2374,520.11,520.0,20.348,517.37,488.81,14.4117
86.35,57.6,3.8969,57.6,286.74,357.8901,571.25,2.6008,4.5875,173.3805,343.14,72.2842,710.32,19.4499,600.3,600.3,9.9845,66.2243,76.7799,2.6008,4.5875,11.1289,15.7343,9.1129,173.376,343.17,710.32,72.307,33.005,46.44,9.581,4.258,12.306,46.458,25.8525,14.9108,0.1792,0.1284,0.1309,0.1283,0.2087,0.1309,0.1976,0.1241,540.0,282.4,367.35,84.5475,85.1025,85.1925,82.305,83.4,81.975,43.2219,520.23,520.0,20.348,517.37,488.81,14.4131
86.55,57.6,4.7141,57.5625,287.3025,357.9245,571.2,2.601,4.5875,174.285,343.17,72.2837,710.32,19.4486,600.3,600.3,9.9844,66.224,76.7782,2.601,4.5875,11.129,15.7345,9.1129,174.286,343.17,710.32,72.3076,33.005,46.44,9.578,4.273,12.306,46.44,25.88,14.9108,0.1793,0.1284,0.1309,0.1283,0.2089,0.1308,0.1976,0.1241,540.16,282.4,367.35,84.5175,85.1475,85.1625,82.2525,83.4075,81.99,43.2022,520.38,520.0,20.3479,517.37,488.81,14.4144
86.225,57.525,4.0797,57.5625,287.1,357.9245,571.55,2.601,4.5875,174.096,343.17,72.2845,710.16,19.4474,600.3,600.12,9.9843,66.2237,76.7769,2.601,4.5875,11.1291,15.7348,9.1124,174.09,343.17,710.16,72.3588,33.01,46.362,9.575,4.281,12.306,46.44,25.891,14.9108,0.1793,0.1284,0.1309,0.1283,0.2089,0.1308,0.1976,0.1241,540.24,282.4,367.35,84.51,85.14,85.17,82.2675,83.415,81.975,43.1931,520.44,520.0,20.3478,517.37,488.81,14.4157
86.15,57.6,4.2031,57.6,286.6725,357.8212,571.5,2.6004,4.585,174.393,343.17,72.2842,710.16,19.4484,600.12,600.12,9.9842,66.2233,76.7779,2.6004,4.585,11.1291,15.735,9.1113,174.384,343.14,710.16,72.3601,33.01,46.254,9.575,4.285,12.306,46.362,25.891,14.9108,0.1794,0.1284,0.1309,0.1283,0.209,0.1309,0.1978,0.1242,540.32,282.4,367.4,84.495,85.14,85.2,82.29,83.4525,81.9525,43.1838,520.5,520.0,20.3477,517.37,488.81,14.4064
86.225,57.6,3.9953,57.525,287.37,357.7868,571.35,2.6002,4.585,173.475,343.14,72.284,710.16,19.4479,600.12,600.06,9.9841,66.2238,76.7782,2.6002,4.585,11.1292,15.7353,9.1113,173.474,343.14,710.16,72.4119,33.015,46.098,9.575,4.285,12.306,46.254,25.858,14.9108,0.1794,0.1285,0.1309,0.1284,0.2091,0.1309,0.1979,0.1242,540.32,282.45,367.4,84.465,85.095,85.23,82.335,83.505,81.9675,43.1781,520.53,520.0,20.3477,517.37,488.81,14.4071
86.65,57.6,4.5484,57.525,286.6725,357.7868,571.4,2.6002,4.5825,174.015,343.14,72.2843,710.08,19.4481,600.06,600.0,9.984,66.2237,76.7779,2.6002,4.5825,11.1293,15.7355,9.1108,174.02,343.14,710.08,72.4138,33.015,45.966,9.576,4.28,12.306,46.098,25.803,14.9108,0.1793,0.1285,0.131,0.1284,0.2093,0.131,0.198,0.1243,540.4,282.45,367.4,84.5175,85.125,85.23,82.3575,83.46,81.9675,43.1684,520.59,520.0,20.3476,517.4,488.81,14.4078
86.325,57.6,4.5062,57.5625,286.7175,358.2,571.2,2.6,4.58,173.799,343.14,72.2842,710.08,19.4486,600.0,599.94,9.984,66.2236,76.7784,2.6,4.58,11.1294,15.7333,9.1108,173.796,343.11,710.08,72.4157,33.015,45.804,9.578,4.268,12.306,45.966,25.726,14.9108,0.1792,0.1286,0.1311,0.1285,0.2094,0.131,0.1982,0.1244,540.4,282.4,367.4,84.48,85.095,85.2375,82.305,83.475,81.9825,43.166,520.59,520.0,20.3475,517.4,488.84,14.4084
86.4,57.6,4.4812,57.5625,287.37,358.4067,571.45,2.5998,4.5775,173.7315,343.11,72.2847,710.0,19.4494,599.94,599.88,9.9846,66.2235,76.7792,2.5998,4.5775,11.1295,15.7325,9.1102,173.726,343.11,710.0,72.4682,33.02,45.636,9.581,4.251,12.305,45.804,25.6545,14.9108,0.179,0.1287,0.1312,0.1286,0.2096,0.1311,0.1984,0.1244,540.4,282.4,367.4,84.4575,85.1175,85.26,82.3425,83.5125,81.9375,43.1674,520.56,520.0,20.3474,517.4,488.84,14.4091
86.475,57.525,4.6594,57.6,287.415,357.6835,571.6,2.5996,4.575,174.15,343.11,72.2853,709.92,19.4504,599.88,599.76,9.9848,66.2234,76.7802,2.5996,4.575,11.1295,15.7318,9.1102,174.146,343.08,709.92,72.4707,33.02,45.408,9.585,4.234,12.305,45.636,25.561,14.9108,0.1789,0.1288,0.1313,0.1287,0.2098,0.1313,0.1986,0.1245,540.36,282.4,367.35,84.45,85.08,85.2825,82.3275,83.475,81.915,43.1689,520.53,520.0,20.3474,517.4,488.84,14.4097
86.225,57.5625,3.8453,57.6,286.65,358.4067,571.7,2.5994,4.57,173.6775,343.08,72.2855,709.92,19.4524,599.76,599.64,9.985,66.2241,76.7814,2.5994,4.57,11.1296,15.7335,9.1096,173.684,343.05,709.92,72.4732,33.02,45.09,9.59,4.217,12.305,45.408,25.451,14.9108,0.1789,0.1289,0.1314,0.1288,0.2102,0.1314,0.1989,0.1247,540.28,282.4,367.35,84.5025,85.05,85.3125,82.3725,83.49,81.8775,43.178,520.44,520.0,20.3473,517.4,488.84,14.4104
86.925,57.5625,4.4875,57.5625,286.515,358.4756,571.8,2.5992,4.5675,174.231,343.05,72.2862,709.84,19.4549,599.64,599.7,9.9859,66.2243,76.7829,2.5992,4.5675,11.1297,15.7338,9.1091,174.23,343.02,709.84,72.4757,33.02,44.814,9.597,4.204,12.305,45.09,25.308,14.9108,0.1788,0.129,0.1316,0.129,0.2105,0.1315,0.1992,0.1248,540.16,282.4,367.35,84.5325,85.0425,85.305,82.365,83.5425,81.9075,43.1875,520.35,520.0,20.3472,517.4,488.84,14.4111
86.4,57.525,4.3047,57.525,286.7175,357.8212,571.25,2.5994,4.5625,173.718,343.02,72.2865,709.84,19.4556,599.7,599.58,9.9863,66.2244,76.7832,2.5994,4.5625,11.1298,15.734,9.1086,173.726,342.99,709.84,72.4782,33.02,44.496,9.605,4.184,12.305,44.814,25.154,14.9108,0.1786,0.1292,0.1317,0.1292,0.2107,0.1317,0.1995,0.125,540.0,282.4,367.35,84.5475,85.08,85.26,82.38,83.55,81.9075,43.2049,520.2,520.0,20.3471,517.4,488.84,14.4117
86.45,57.5625,4.8156,57.5625,287.0325,357.8557,571.05,2.5992,4.56,173.9475,342.99,72.2867,709.84,19.4584,599.58,599.64,9.9867,66.2253,76.7847,2.5992,4.56,11.1299,15.7343,9.1086,173.95,342.99,709.84,72.4807,33.02,44.592,9.614,4.159,12.305,44.496,24.9835,14.9108,0.1781,0.1292,0.1318,0.1292,0.2106,0.1318,0.1994,0.1251,539.84,282.4,367.35,84.57,85.0725,85.2225,82.395,83.5275,81.9,43.2229,520.05,520.0,20.3471,517.4,488.84,14.4124
86.375,57.5625,4.1953,57.5625,287.0325,357.8901,571.95,2.5992,4.56,173.7315,342.99,72.287,709.84,19.4594,599.64,599.82,9.9864,66.2258,76.7857,2.5992,4.56,11.1299,15.7345,9.1086,173.74,342.96,709.84,72.4326,33.015,44.628,9.617,4.114,12.305,44.592,24.934,14.9108,0.1776,0.1291,0.1318,0.1292,0.2106,0.1318,0.1994,0.1251,539.72,282.4,367.35,84.54,85.095,85.275,82.3725,83.5275,81.9525,43.2377,519.93,520.0,20.347,517.4,488.84,14.4131
86.225,57.6,4.4344,57.5625,286.7625,358.1312,571.4,2.5992,4.56,173.6775,342.96,72.2872,709.84,19.4586,599.82,599.82,9.9865,66.2262,76.7867,2.5992,4.56,11.13,15.7348,9.1086,173.684,342.99,709.84,72.4345,33.015,44.682,9.62,4.072,12.305,44.628,24.923,14.9108,0.1773,0.1291,0.1318,0.1292,0.2106,0.1318,0.1993,0.1251,539.6,282.4,367.35,84.5175,85.1175,85.3125,82.3275,83.49,81.9975,43.253,519.81,520.0,20.3469,517.4,488.84,14.4137
86.375,57.5625,4.1375,57.5625,286.5825,358.1312,571.75,2.5992,4.56,173.6775,342.99,72.2875,709.84,19.4594,599.82,599.88,9.9867,66.2258,76.7877,2.5992,4.56,11.1301,15.735,9.1091,173.67,342.99,709.84,72.3857,33.01,44.79,9.621,4.055,12.306,44.682,24.934,14.9108,0.1774,0.1291,0.1318,0.1292,0.2105,0.1318,0.1992,0.125,539.52,282.4,367.35,84.5325,85.1025,85.305,82.3725,83.4375,82.005,43.2613,519.75,520.0,20.3468,517.4,488.84,14.4144
86.375,57.6,3.9422,57.5625,287.4825,357.9934,571.5,2.5998,4.5625,174.0825,342.99,72.2871,709.92,19.4594,599.88,599.88,9.9869,66.226,76.7864,2.5998,4.5625,11.1302,15.7353,9.1096,174.09,342.99,709.92,72.387,33.01,44.904,9.621,4.06,12.306,44.79,24.9725,14.9108,0.1776,0.1291,0.1317,0.1292,0.2104,0.1317,0.1991,0.125,539.48,282.4,367.35,84.54,85.095,85.3125,82.32,83.46,82.02,43.2698,519.69,520.0,20.3468,517.4,488.84,14.4151
86.425,57.5625,3.8937,57.5625,287.46,358.1312,571.55,2.6,4.5625,174.015,342.99,72.2872,709.92,19.4599,599.88,599.94,9.987,66.2262,76.7859,2.6,4.5625,11.1277,15.7355,9.1102,174.006,342.99,709.92,72.3376,33.005,44.958,9.62,4.077,12.306,44.904,25.022,14.9108,0.1778,0.129,0.1317,0.1291,0.2103,0.1316,0.1991,0.1249,539.44,282.4,367.35,84.5475,85.08,85.35,82.29,83.46,82.02,43.2786,519.63,520.0,20.3467,517.4,488.84,14.4157
86.025,57.525,4.7062,57.5625,287.2575,357.9245,571.55,2.6,4.565,174.0555,342.99,72.2873,709.92,19.4596,599.94,599.94,9.9872,66.2256,76.7859,2.6,4.565,11.1268,15.7333,9.1102,174.062,342.99,709.92,72.3382,33.005,44.976,9.619,4.101,12.306,44.958,25.0605,14.9108,0.1781,0.1291,0.1316,0.1291,0.2103,0.1316,0.1991,0.1249,539.4,282.4,367.35,84.5625,85.05,85.3575,82.2675,83.5125,82.0575,43.2838,519.6,520.0,20.3466,517.4,488.84,14.4164
86.075,57.5625,4.0734,57.6,287.2575,357.9934,571.9,2.6,4.565,174.177,342.99,72.2875,709.92,19.4599,599.94,599.94,9.9874,66.2255,76.7859,2.6,4.565,11.1259,15.7325,9.1102,174.188,342.99,709.92,72.3389,33.005,44.952,9.619,4.124,12.306,44.976,25.0825,14.9108,0.1783,0.1291,0.1316,0.1291,0.2103,0.1316,0.1991,0.1249,539.36,282.4,367.35,84.555,85.095,85.3125,82.245,83.49,82.05,43.2892,519.57,520.0,20.3465,517.4,488.84,14.4171
86.675,57.5625,4.1078,57.6,286.7175,358.2689,571.85,2.6,4.5625,173.88,342.99,72.2876,709.92,19.4601,599.94,599.88,9.9875,66.2262,76.7859,2.6,4.5625,11.1275,15.7318,9.1102,173.88,342.99,709.92,72.3395,33.005,44.886,9.619,4.139,12.306,44.952,25.0825,14.9108,0.1784,0.1291,0.1317,0.1291,0.2104,0.1316,0.1991,0.125,539.32,282.45,367.4,84.5775,85.05,85.3575,82.2225,83.505,82.065,43.2947,519.54,520.0,20.3464,517.4,488.84,14.4177
86.625,57.6,4.3266,57.525,286.5825,358.6478,571.55,2.5998,4.5625,173.2725,342.99,72.2877,709.92,19.4611,599.88,599.88,9.9877,66.2263,76.7867,2.5998,4.5625,11.1276,15.7335,9.1096,173.264,342.99,709.92,72.3401,33.005,44.832,9.621,4.148,12.307,44.886,25.055,14.9108,0.1784,0.1291,0.1317,0.1292,0.2104,0.1317,0.1992,0.125,539.28,282.45,367.4,84.615,85.035,85.3725,82.2525,83.52,82.0125,43.3003,519.51,520.0,20.3464,517.4,488.84,14.4184
86.375,57.5625,4.0609,57.5625,286.8525,357.6835,571.55,2.6002,4.5675,173.9475,342.99,72.2878,709.92,19.4616,599.88,600.24,9.9871,66.2258,76.7854,2.6002,4.5675,11.1276,15.7338,9.1102,173.95,343.02,709.92,72.3407,33.005,45.438,9.622,4.147,12.307,44.832,25.022,14.9108,0.1779,0.129,0.1316,0.129,0.2098,0.1315,0.1986,0.1248,539.32,282.45,367.4,84.57,85.08,85.32,82.305,83.52,81.975,43.2985,519.54,520.0,20.3613,517.4,488.84,14.4191
86.3,57.6,4.3859,57.5625,287.3475,358.5444,571.6,2.6004,4.5725,174.231,343.02,72.2867,710.08,19.4576,600.24,600.36,9.987,66.2257,76.7844,2.6004,4.5725,11.1277,15.734,9.1113,174.23,343.05,710.08,72.2907,33.0,45.798,9.615,4.116,12.307,45.438,25.187,14.9194,0.1775,0.1287,0.1314,0.1288,0.2095,0.1314,0.1982,0.1246,539.36,282.45,367.4,84.5475,85.05,85.3125,82.2675,83.475,82.02,43.2966,519.57,520.0,20.3617,517.4,488.84,14.4197
86.3,57.6,4.3797,57.6,287.325,357.959,571.05,2.6008,4.5775,173.907,343.05,72.286,710.16,19.4551,600.36,600.48,9.9862,66.2249,76.7824,2.6008,4.5775,11.1278,15.7343,9.1118,173.908,343.08,710.16,72.2907,33.0,46.092,9.607,4.098,12.307,45.798,25.3795,14.9196,0.1776,0.1286,0.1312,0.1286,0.2092,0.1312,0.1979,0.1245,539.44,282.45,367.4,84.555,85.095,85.275,82.26,83.4825,81.975,43.2871,519.66,520.0,20.3622,517.4,488.84,14.4204
86.5,57.5625,4.7703,57.5625,287.19,357.8901,571.1,2.6012,4.5825,174.069,343.08,72.2851,710.24,19.4521,600.48,600.42,9.9859,66.2245,76.7799,2.6012,4.5825,11.1279,15.7345,9.1124,174.076,343.11,710.24,72.2907,33.0,46.35,9.599,4.122,12.307,46.092,25.5665,14.9199,0.178,0.1285,0.131,0.1285,0.209,0.131,0.1977,0.1243,539.56,282.45,367.4,84.54,85.05,85.2975,82.3125,83.5275,82.005,43.2734,519.78,520.0,20.3475,517.4,488.84,14.4211
86.475,57.525,4.4141,57.525,286.83,357.6835,571.8,2.6008,4.585,174.1095,343.11,72.2841,710.32,19.4509,600.42,600.54,9.9855,66.2242,76.7799,2.6008,4.585,11.1279,15.7348,9.1129,174.104,343.14,710.32,72.2907,33.0,46.542,9.59,4.169,12.308,46.35,25.7205,14.9116,0.1785,0.1284,0.1309,0.1283,0.2087,0.1309,0.1975,0.1242,539.72,282.45,367.4,84.54,85.0425,85.29,82.335,83.52,82.0125,43.2555,519.93,520.0,20.3475,517.4,488.84,14.4217
86.5,57.6,4.1406,57.525,287.0775,358.3378,571.25,2.601,4.5875,174.0555,343.14,72.2836,710.32,19.4476,600.54,600.42,9.9845,66.2238,76.7782,2.601,4.5875,11.128,15.735,9.1129,174.048,343.17,710.32,72.2907,33.0,46.662,9.583,4.217,12.308,46.542,25.847,14.9116,0.1789,0.1283,0.1308,0.1283,0.2086,0.1308,0.1973,0.1241,539.88,282.45,367.4,84.5025,84.9975,85.2975,82.3275,83.52,82.05,43.237,520.08,520.0,20.3474,517.4,488.84,14.4224
86.65,57.5625,3.9172,57.6,287.2125,357.8901,571.1,2.6006,4.59,174.42,343.17,72.2825,710.4,19.4469,600.42,600.42,9.9839,66.2235,76.7784,2.6006,4.59,11.1281,15.7353,9.1124,174.426,343.17,710.4,72.2907,33.0,46.716,9.577,4.256,12.308,46.662,25.9405,14.9116,0.1792,0.1283,0.1308,0.1282,0.2086,0.1307,0.1973,0.124,540.04,282.45,367.45,84.4725,85.035,85.2675,82.35,83.4975,82.0125,43.2179,520.23,520.0,20.3473,517.4,488.84,14.4231
86.15,57.6,4.6828,57.6,286.74,358.0967,571.3,2.6006,4.59,173.664,343.17,72.2831,710.24,19.4451,600.42,600.24,9.9833,66.2232,76.7777,2.6006,4.59,11.1282,15.7355,9.1124,173.67,343.17,710.24,72.3414,33.005,46.686,9.573,4.284,12.306,46.716,26.001,14.9116,0.1794,0.1283,0.1307,0.1282,0.2086,0.1307,0.1973,0.124,540.16,282.45,367.45,84.5325,85.0425,85.2375,82.35,83.4675,81.99,43.202,520.35,520.0,20.3472,517.4,488.84,14.4237
86.075,57.5625,3.8937,57.5625,286.965,357.959,571.85,2.6006,4.59,174.069,343.17,72.2827,710.24,19.4456,600.24,600.24,9.9835,66.2228,76.7769,2.6006,4.59,11.1283,15.7333,9.1124,174.062,343.17,710.24,72.342,33.005,46.656,9.57,4.302,12.306,46.686,26.0285,14.9116,0.1795,0.1283,0.1307,0.1282,0.2086,0.1307,0.1973,0.124,540.28,282.45,367.45,84.5625,85.02,85.26,82.3575,83.505,82.035,43.1855,520.47,520.0,20.3472,517.4,488.84,14.4244
86.75,57.5625,4.5781,57.5625,287.3475,358.3034,571.75,2.6006,4.59,174.2985,343.17,72.2823,710.24,19.4446,600.24,600.24,9.9831,66.2225,76.7762,2.6006,4.59,11.1283,15.7325,9.1124,174.3,343.17,710.24,72.3932,33.01,46.566,9.567,4.31,12.306,46.656,26.034,14.9116,0.1795,0.1283,0.1307,0.1282,0.2087,0.1307,0.1974,0.124,540.4,282.5,367.45,84.525,85.0125,85.2825,82.3725,83.52,82.08,43.1686,520.59,520.0,20.3471,517.4,488.84,14.4251
86.3,57.525,4.3063,57.6,287.4375,357.7523,571.55,2.6006,4.59,174.177,343.17,72.282,710.24,19.4436,600.24,600.18,9.9835,66.2222,76.7754,2.6006,4.59,11.1284,15.7318,9.1118,174.174,343.17,710.24,72.4451,33.015,46.416,9.566,4.311,12.306,46.566,26.023,14.9116,0.1795,0.1283,0.1308,0.1282,0.2089,0.1307,0.1976,0.124,540.48,282.5,367.45,84.525,85.0125,85.32,82.38,83.535,82.0275,43.1587,520.65,520.0,20.347,517.4,488.84,14.4257
86.95,57.6,4.8141,57.6,286.875,358.4756,571.2,2.6004,4.5875,173.9205,343.17,72.2822,710.16,19.4434,600.18,599.94,9.9835,66.2218,76.7754,2.6004,4.5875,11.1285,15.7335,9.1118,173.922,343.17,710.16,72.447,33.015,46.242,9.567,4.307,12.306,46.416,25.9735,14.9116,0.1795,0.1284,0.1308,0.1283,0.209,0.1308,0.1978,0.1241,540.52,282.5,367.45,84.5325,85.065,85.2975,82.41,83.4825,81.975,43.1523,520.68,520.0,20.3469,517.4,488.84,14.4264
86.9,57.5625,4.6859,57.6,286.8525,357.8212,571.8,2.6002,4.585,173.4345,343.17,72.282,710.16,19.4456,599.94,599.88,9.9834,66.2215,76.7757,2.6002,4.585,11.1286,15.7338,9.1113,173.446,343.14,710.16,72.4995,33.02,46.056,9.569,4.299,12.306,46.242,25.9075,14.9116,0.1794,0.1285,0.1309,0.1284,0.2091,0.1309,0.1979,0.1242,540.52,282.5,367.45,84.5025,85.1025,85.335,82.4175,83.4825,81.975,43.1458,520.71,520.0,20.3469,517.4,488.84,14.4271
86.825,57.6375,4.3219,57.6,287.01,357.6146,571.4,2.6002,4.5825,173.907,343.14,72.2823,710.08,19.4466,599.88,599.82,9.9833,66.2219,76.7754,2.6002,4.5825,11.1287,15.734,9.1108,173.908,343.14,710.08,72.502,33.02,45.888,9.572,4.285,12.306,46.056,25.814,14.9116,0.1793,0.1285,0.131,0.1285,0.2094,0.131,0.1981,0.1243,540.56,282.5,367.5,84.5625,85.11,85.32,82.3875,83.49,81.945,43.1392,520.74,520.0,20.3468,517.43,488.84,14.4277
86.625,57.5625,4.225,57.6,287.3475,357.9934,571.05,2.6,4.58,173.637,343.14,72.2828,710.0,19.4479,599.82,599.88,9.9832,66.2218,76.7759,2.6,4.58,11.1287,15.7343,9.1108,173.642,343.11,710.0,72.5045,33.02,45.69,9.575,4.264,12.305,45.888,25.715,14.9116,0.179,0.1286,0.1311,0.1285,0.2095,0.1311,0.1983,0.1244,540.52,282.5,367.5,84.5925,85.1175,85.29,82.395,83.4525,81.96,43.1399,520.71,520.0,20.3467,517.43,488.87,14.4284
86.6,57.525,4.5641,57.5625,287.1675,358.51,571.7,2.5998,4.575,173.8665,343.11,72.2828,710.0,19.4479,599.88,599.82,9.9839,66.2217,76.7767,2.5998,4.575,11.1288,15.7345,9.1102,173.866,343.08,710.0,72.507,33.02,45.432,9.58,4.242,12.305,45.69,25.616,14.9116,0.1789,0.1287,0.1312,0.1287,0.2098,0.1312,0.1986,0.1245,540.48,282.5,367.5,84.6375,85.095,85.2825,82.335,83.415,81.9225,43.1408,520.68,520.0,20.3466,517.43,488.87,14.4291
86.65,57.5625,3.9359,57.6,287.46,357.6835,571.2,2.5994,4.5725,173.664,343.08,72.2835,709.92,19.4491,599.82,599.7,9.984,66.2224,76.7784,2.5994,4.5725,11.1289,15.7348,9.1096,173.67,343.05,709.92,72.5601,33.025,45.126,9.586,4.222,12.305,45.432,25.4895,14.9116,0.1788,0.1289,0.1314,0.1288,0.2101,0.1314,0.1989,0.1247,540.4,282.5,367.5,84.6225,85.1025,85.2525,82.3575,83.46,81.945,43.1494,520.59,520.0,20.3465,517.43,488.87,14.4297
86.4,57.6,4.2469,57.5625,287.3925,358.4411,571.6,2.5992,4.5675,173.799,343.05,72.2842,709.84,19.4514,599.7,599.58,9.985,66.2226,76.7799,2.5992,4.5675,11.129,15.735,9.1086,173.796,343.02,709.84,72.5632,33.025,44.838,9.594,4.204,12.305,45.126,25.341,14.9116,0.1787,0.129,0.1315,0.129,0.2104,0.1315,0.1991,0.1248,540.28,282.5,367.5,84.63,85.0725,85.2825,82.335,83.475,81.945,43.162,520.47,520.0,20.3465,517.43,488.87,14.4304
86.75,57.5625,4.4969,57.525,286.8525,358.5789,571.65,2.5988,4.5625,173.88,343.02,72.2851,709.76,19.4541,599.58,599.46,9.9854,66.2227,76.7824,2.5988,4.5625,11.129,15.7353,9.108,173.88,342.99,709.76,72.5158,33.02,44.568,9.602,4.182,12.305,44.838,25.176,14.9116,0.1785,0.1291,0.1317,0.1291,0.2106,0.1317,0.1994,0.125,540.16,282.5,367.5,84.6375,85.0725,85.245,82.305,83.43,81.9,43.1751,520.35,520.0,20.3464,517.43,488.87,14.4311
86.975,57.5625,4.5516,57.6375,287.055,357.7179,571.3,2.5986,4.56,173.8665,342.99,72.2861,709.68,19.4574,599.46,599.52,9.9858,66.2237,76.7847,2.5986,4.56,11.1291,15.7355,9.1074,173.866,342.96,709.68,72.5183,33.02,44.358,9.61,4.152,12.305,44.568,25.022,14.9116,0.1782,0.1292,0.1318,0.1293,0.2109,0.1318,0.1997,0.1251,539.96,282.5,367.5,84.6,85.095,85.23,82.335,83.4,81.9375,43.1963,520.17,520.0,20.3463,517.43,488.87,14.4317
86.075,57.525,4.3812,57.525,286.9425,357.7179,571.25,2.5986,4.5575,174.069,342.96,72.2866,709.68,19.4589,599.52,599.58,9.9862,66.2241,76.7864,2.5986,4.5575,11.1292,15.7333,9.1074,174.076,342.96,709.68,72.5208,33.02,44.376,9.618,4.119,12.305,44.358,24.8845,14.9116,0.1777,0.1292,0.1319,0.1293,0.2109,0.1318,0.1996,0.1252,539.8,282.5,367.5,84.6375,85.1325,85.2225,82.29,83.43,81.9225,43.2181,519.99,520.0,20.3462,517.43,488.87,14.4324
86.175,57.6,4.5281,57.525,287.325,358.5789,571.1,2.599,4.5575,174.2985,342.96,72.2865,709.76,19.4601,599.58,599.7,9.9859,66.2245,76.7867,2.599,4.5575,11.1293,15.7325,9.108,174.3,342.96,709.76,72.4726,33.015,44.352,9.622,4.078,12.305,44.376,24.824,14.9116,0.1774,0.1293,0.1319,0.1294,0.211,0.1318,0.1997,0.1252,539.6,282.5,367.5,84.5925,85.155,85.2075,82.3425,83.3925,81.9375,43.2407,519.81,520.0,20.3462,517.43,488.87,14.4331
86.975,57.6,4.1281,57.6,287.3475,358.1312,571.75,2.599,4.555,174.177,342.96,72.2868,709.76,19.4604,599.7,599.7,9.986,66.2249,76.7879,2.599,4.555,11.1294,15.7318,9.108,174.174,342.96,709.76,72.4745,33.015,44.304,9.626,4.049,12.306,44.352,24.7965,14.9116,0.1773,0.1293,0.1319,0.1294,0.211,0.1319,0.1997,0.1252,539.44,282.55,367.5,84.63,85.1325,85.2525,82.3125,83.355,81.9,43.2603,519.66,520.0,20.3461,517.43,488.87,14.4337
86.175,57.5625,4.4469,57.5625,287.325,358.0623,571.6,2.5994,4.555,172.989,342.96,72.2872,709.76,19.4616,599.7,599.82,9.9862,66.2253,76.7877,2.5994,4.555,11.1294,15.7335,9.1086,172.984,342.93,709.76,72.4257,33.01,44.28,9.63,4.042,12.306,44.304,24.769,14.9116,0.1775,0.1293,0.132,0.1294,0.2109,0.1319,0.1997,0.1253,539.28,282.55,367.5,84.645,85.1025,85.2525,82.29,83.4,81.9375,43.2804,519.51,520.0,20.346,517.43,488.87,14.4344
86.75,57.6,4.5328,57.6,286.8975,358.2689,571.6,2.6,4.565,173.421,342.93,72.2863,709.92,19.4614,599.82,600.3,9.9856,66.225,76.7862,2.6,4.565,11.1295,15.7338,9.1096,173.418,342.99,709.92,72.427,33.01,45.54,9.632,4.049,12.306,44.28,24.747,14.9116,0.1767,0.1289,0.1317,0.1291,0.2097,0.1316,0.1985,0.1249,539.24,282.55,367.5,84.6075,85.1175,85.2225,82.32,83.445,81.975,43.2899,519.45,520.0,20.3459,517.43,488.87,14.4351
86.2,57.5625,4.1219,57.6,286.605,358.5789,571.35,2.6008,4.5775,174.285,342.99,72.2846,710.16,19.4561,600.3,600.66,9.9848,66.2244,76.7832,2.6008,4.5775,11.1296,15.734,9.1118,174.286,343.08,710.16,72.3776,33.005,46.464,9.617,4.014,12.306,45.54,25.11,14.9116,0.176,0.1284,0.1312,0.1286,0.2089,0.1312,0.1975,0.1244,539.32,282.55,367.55,84.5625,85.155,85.23,82.3575,83.46,81.975,43.2809,519.54,520.0,20.3459,517.43,488.87,14.4357
86.825,57.6,4.7078,57.5625,287.235,358.51,571.85,2.6016,4.59,174.2445,343.08,72.2825,710.4,19.4504,600.66,600.9,9.9837,66.2228,76.7792,2.6016,4.59,11.1297,15.7343,9.114,174.244,343.17,710.4,72.3276,33.0,47.232,9.598,3.998,12.306,46.464,25.572,14.9116,0.1763,0.128,0.1308,0.1282,0.2081,0.1307,0.1968,0.124,539.48,282.55,367.55,84.5775,85.1325,85.2375,82.3725,83.49,81.9975,43.2602,519.72,520.0,20.3458,517.43,488.87,14.4364
86.9,57.525,4.6578,57.6,286.695,358.51,571.4,2.6024,4.6025,173.8125,343.17,72.2806,710.56,19.4446,600.9,601.02,9.9824,66.2215,76.7742,2.6024,4.6025,11.1297,15.7345,9.1157,173.81,343.26,710.56,72.3276,33.0,47.886,9.578,4.06,12.307,47.232,26.0395,14.9116,0.1772,0.1277,0.1304,0.1278,0.2074,0.1303,0.1961,0.1236,539.76,282.55,367.55,84.5925,85.08,85.2225,82.365,83.5425,81.9525,43.2313,519.96,520.0,20.3457,517.43,488.87,14.4371
86.425,57.6,4.3266,57.6,286.965,358.2689,571.05,2.6026,4.6125,174.285,343.26,72.2791,710.64,19.4394,601.02,601.08,9.9815,66.2207,76.7704,2.6026,4.6125,11.1298,15.7348,9.1157,174.286,343.32,710.64,72.3276,33.0,48.426,9.558,4.165,12.307,47.886,26.452,14.9116,0.1782,0.1275,0.13,0.1275,0.2069,0.13,0.1956,0.1232,540.08,282.55,367.55,84.5925,85.035,85.2,82.395,83.5275,81.915,43.1901,520.29,520.0,20.3456,517.43,488.87,14.4377
86.65,57.5625,4.8234,57.5625,286.6275,358.5444,571.9,2.6026,4.62,174.204,343.32,72.2775,710.72,19.4344,601.08,600.9,9.9807,66.2198,76.7672,2.6026,4.62,11.1299,15.735,9.1163,174.202,343.38,710.72,72.3276,33.0,48.786,9.54,4.267,12.307,48.426,26.793,14.9116,0.179,0.1273,0.1298,0.1272,0.2065,0.1298,0.1952,0.123,540.44,282.55,367.55,84.555,85.0125,85.1925,82.335,83.5725,81.9225,43.1476,520.62,520.0,20.3456,517.43,488.87,14.4384
86.5,57.5625,4.5406,57.6,286.5825,357.8212,571.9,2.6024,4.625,174.096,343.38,72.2757,710.8,19.4321,600.9,600.84,9.9791,66.2183,76.7647,2.6024,4.625,11.13,15.7353,9.1168,174.09,343.41,710.8,72.3783,33.005,48.984,9.524,4.349,12.307,48.786,27.0625,14.9116,0.1796,0.1272,0.1296,0.127,0.2063,0.1295,0.195,0.1228,540.8,282.55,367.55,84.585,85.02,85.1925,82.3275,83.595,81.8925,43.1,520.98,520.0,20.3455,517.43,488.87,14.4391
86.4,57.6,4.2047,57.6,286.74,358.3034,571.9,2.6026,4.6275,173.934,343.41,72.2751,710.72,19.4291,600.84,600.66,9.978,66.2172,76.7609,2.6026,4.6275,11.1301,15.7355,9.1173,173.936,343.44,710.72,72.4295,33.01,49.038,9.511,4.412,12.307,48.984,27.244,14.9116,0.1802,0.1271,0.1295,0.1269,0.2062,0.1294,0.195,0.1227,541.16,282.55,367.55,84.5625,85.02,85.23,82.3425,83.535,81.8925,43.0547,521.31,520.0,20.3454,517.43,488.87,14.4397
86.825,57.6,4.7469,57.6,286.4925,357.7523,571.75,2.6022,4.63,173.988,343.44,72.2733,710.8,19.4279,600.66,600.66,9.977,66.2161,76.7592,2.6022,4.63,11.1301,15.7333,9.1163,173.992,343.44,710.8,72.4814,33.015,48.99,9.502,4.458,12.306,49.038,27.343,14.9116,0.1805,0.1271,0.1294,0.1268,0.2062,0.1294,0.195,0.1226,541.48,282.55,367.55,84.6,85.0275,85.185,82.38,83.55,81.885,43.0081,521.64,520.0,20.3453,517.46,488.87,14.4404
86.5,57.6,3.9187,57.6,287.4375,358.4067,571.85,2.6016,4.63,173.7045,343.44,72.2721,710.8,19.4251,600.66,600.48,9.9766,66.215,76.7587,2.6016,4.63,11.1271,15.7325,9.1157,173.712,343.44,710.8,72.5845,33.025,48.846,9.494,4.491,12.306,48.99,27.4035,14.9116,0.1807,0.1271,0.1294,0.1268,0.2063,0.1294,0.1951,0.1226,541.76,282.55,367.55,84.6,85.005,85.1625,82.365,83.5575,81.93,42.9676,521.91,520.0,20.3453,517.46,488.9,14.4411
86.225,57.6,4.1172,57.6,286.5825,358.0279,571.5,2.6016,4.6275,174.096,343.44,72.2715,710.72,19.4246,600.48,600.36,9.9765,66.2147,76.7567,2.6016,4.6275,11.1259,15.7318,9.1151,174.09,343.44,710.72,72.6383,33.03,48.624,9.49,4.511,12.306,48.846,27.398,14.9116,0.1809,0.1272,0.1295,0.1269,0.2066,0.1294,0.1954,0.1227,542.0,282.55,367.55,84.6,84.975,85.1325,82.3725,83.535,81.96,42.9336,522.12,520.0,20.3452,517.49,488.9,14.4417
86.825,57.5625,4.4047,57.525,286.65,357.7868,570.95,2.6008,4.625,174.312,343.44,72.2716,710.56,19.4241,600.36,600.24,9.976,66.2138,76.7577,2.6008,4.625,11.1248,15.7335,9.114,174.314,343.41,710.56,72.6926,33.035,48.3,9.489,4.518,12.305,48.624,27.343,14.9116,0.181,0.1273,0.1296,0.127,0.207,0.1295,0.1957,0.1228,542.16,282.6,367.6,84.645,85.0275,85.1625,82.395,83.49,81.9675,42.9062,522.27,520.0,20.3451,517.49,488.9,14.4424
86.25,57.6,4.3375,57.6,287.28,357.8212,571.65,2.6006,4.62,173.394,343.41,72.2713,710.48,19.4241,600.24,599.94,9.9754,66.213,76.7574,2.6006,4.62,11.1267,15.7332,9.114,173.39,343.38,710.48,72.7982,33.045,47.886,9.491,4.516,12.305,48.3,27.233,14.9116,0.181,0.1274,0.1297,0.1271,0.2073,0.1297,0.1961,0.1229,542.24,282.6,367.6,84.63,85.035,85.17,82.35,83.5125,81.9975,42.8896,522.33,520.0,20.345,517.49,488.93,14.4431
86.375,57.6,4.3438,57.6,287.3025,358.2345,571.0,2.6002,4.615,174.069,343.38,72.2712,710.4,19.4269,599.94,599.82,9.9755,66.2129,76.7582,2.6002,4.615,11.1268,15.7332,9.1124,174.076,343.35,710.4,72.8545,33.05,47.466,9.496,4.503,12.305,47.886,27.068,14.903,0.1808,0.1276,0.1299,0.1273,0.2078,0.1298,0.1965,0.1231,542.28,282.6,367.6,84.5775,85.065,85.155,82.3125,83.4975,82.0275,42.8689,522.42,520.0,20.3449,517.52,488.93,14.4437
86.575,57.525,4.7578,57.5625,286.92,357.7523,571.0,2.5998,4.6075,173.5425,343.35,72.2718,710.24,19.4286,599.82,599.64,9.976,66.2131,76.7594,2.5998,4.6075,11.1294,15.7332,9.1113,173.544,343.29,710.24,72.9114,33.055,46.974,9.503,4.476,12.304,47.466,26.859,14.9027,0.1806,0.1278,0.1301,0.1276,0.2082,0.1301,0.197,0.1234,542.24,282.6,367.6,84.5625,85.0875,85.1925,82.275,83.49,82.005,42.8666,522.36,520.0,20.3449,517.52,488.96,14.4444
86.25,57.6375,4.6672,57.6,286.695,358.3034,571.25,2.5992,4.6,173.6775,343.29,72.2727,710.08,19.4316,599.64,599.58,9.9759,66.2135,76.7619,2.5992,4.6,11.1279,15.7338,9.1102,173.67,343.26,710.08,72.9689,33.06,46.47,9.513,4.439,12.304,46.974,26.617,14.9024,0.1802,0.128,0.1304,0.1278,0.2087,0.1304,0.1975,0.1236,542.16,282.6,367.6,84.6,85.08,85.2,82.2525,83.52,81.9975,42.8684,522.27,520.0,20.3448,517.55,488.96,14.4451
86.375,57.5625,3.8594,57.6,286.65,358.3723,571.6,2.5986,4.5925,173.1915,343.26,72.2738,709.92,19.4339,599.58,599.34,9.9765,66.2134,76.7652,2.5986,4.5925,11.128,15.734,9.1091,173.194,343.2,709.92,72.9764,33.06,45.804,9.525,4.39,12.302,46.47,26.353,14.9021,0.1799,0.1283,0.1307,0.1282,0.2093,0.1306,0.1982,0.124,542.04,282.6,367.6,84.6375,85.035,85.2225,82.245,83.5575,81.9825,42.8742,522.15,520.0,20.3447,517.55,488.96,14.4457
86.05,57.6,3.9547,57.6,287.1,357.9245,571.25,2.598,4.5825,173.4075,343.2,72.2752,709.76,19.4386,599.34,599.22,9.9775,66.2141,76.7692,2.598,4.5825,11.1281,15.7343,9.1074,173.404,343.11,709.76,73.0345,33.065,45.156,9.541,4.339,12.302,45.804,26.0285,14.9019,0.1795,0.1286,0.131,0.1285,0.21,0.131,0.1988,0.1243,541.84,282.6,367.6,84.6375,85.05,85.26,82.275,83.52,81.9975,42.8918,521.94,520.0,20.3446,517.55,488.99,14.4464
86.5,57.6,4.2125,57.5625,287.235,358.51,570.85,2.598,4.57,174.2175,343.11,72.2768,709.6,19.4429,599.22,598.98,9.9786,66.215,76.7717,2.598,4.57,11.1282,15.7345,9.1063,174.216,343.05,709.6,73.0426,33.065,44.526,9.558,4.279,12.302,45.156,25.6765,14.9102,0.1789,0.1289,0.1314,0.1288,0.2107,0.1314,0.1994,0.1247,541.56,282.6,367.6,84.5925,85.05,85.245,82.2825,83.535,82.0425,42.914,521.7,520.0,20.3446,517.58,488.99,14.4471
86.15,57.525,4.6094,57.6,286.8075,357.9934,571.45,2.5978,4.56,174.0825,343.05,72.2787,709.44,19.4491,598.98,598.92,9.98,66.2162,76.7749,2.5978,4.56,11.1283,15.7348,9.1052,174.076,342.99,709.44,73.0508,33.065,43.842,9.577,4.208,12.303,44.526,25.319,14.9102,0.1783,0.1292,0.1317,0.1292,0.2114,0.1317,0.2001,0.1251,541.16,282.6,367.65,84.5925,85.035,85.245,82.3125,83.55,81.99,42.956,521.31,520.0,20.3445,517.58,488.99,14.4477
86.4,57.6,4.4688,57.525,286.9875,357.7523,570.9,2.5972,4.5525,173.4615,342.99,72.2796,709.44,19.4541,598.92,598.86,9.981,66.2176,76.7799,2.5972,4.5525,11.1283,15.735,9.1047,173.46,342.93,709.44,73.0082,33.06,43.35,9.597,4.131,12.303,43.842,24.9505,14.9102,0.1776,0.1294,0.1321,0.1295,0.2118,0.132,0.2006,0.1254,540.72,282.6,367.65,84.57,85.0425,85.2825,82.2675,83.5125,81.9975,43.0071,520.86,520.0,20.3444,517.58,489.02,14.4484
86.925,57.5625,4.3797,57.5625,287.1675,358.1312,571.2,2.5978,4.5525,173.61,342.93,72.2805,709.44,19.4594,598.86,599.28,9.9811,66.2178,76.7812,2.5978,4.5525,11.1284,15.7353,9.1058,173.614,342.93,709.44,72.9651,33.055,44.04,9.616,4.048,12.305,43.35,24.615,14.9102,0.1759,0.1292,0.132,0.1295,0.2112,0.132,0.2,0.1253,540.28,282.65,367.65,84.57,85.0875,85.32,82.2375,83.505,82.0125,43.0525,520.47,520.0,20.3443,517.58,489.02,14.4491
86.55,57.5625,3.8625,57.525,287.01,357.6146,571.6,2.598,4.5575,173.4885,342.93,72.2807,709.52,19.4589,599.28,599.64,9.981,66.2184,76.7832,2.598,4.5575,11.1285,15.7355,9.1063,173.488,342.96,709.52,72.9214,33.05,44.55,9.618,3.927,12.305,44.04,24.67,14.9102,0.1746,0.129,0.1319,0.1293,0.2106,0.1318,0.1995,0.1251,540.0,282.65,367.65,84.585,85.05,85.275,82.2225,83.5275,82.0275,43.0881,520.17,520.0,20.3443,517.58,489.02,14.4497
86.875,57.525,4.1344,57.6,286.4925,357.8212,571.4,2.599,4.565,174.2175,342.96,72.2808,709.6,19.4574,599.64,599.94,9.9807,66.2183,76.7819,2.599,4.565,11.1286,15.7333,9.108,174.216,342.99,709.6,72.8264,33.04,44.994,9.615,3.839,12.306,44.55,24.857,14.9102,0.1747,0.1288,0.1317,0.1291,0.2103,0.1316,0.199,0.1249,539.8,282.65,367.65,84.615,85.05,85.245,82.215,83.505,82.0575,43.1063,520.02,520.0,20.3442,517.58,489.02,14.4504
86.875,57.6,4.8141,57.5625,286.695,358.2,570.95,2.5998,4.57,173.691,342.99,72.2796,709.84,19.4551,599.94,600.06,9.9809,66.2188,76.7802,2.5998,4.57,11.1286,15.7325,9.1091,173.684,343.05,709.84,72.7808,33.035,45.264,9.609,3.86,12.306,44.994,25.0825,14.9102,0.1758,0.1287,0.1315,0.1289,0.21,0.1314,0.1988,0.1247,539.68,282.65,367.65,84.6375,85.1025,85.2825,82.2075,83.4675,82.0875,43.125,519.87,520.0,20.3441,517.58,489.02,14.4511
86.55,57.5625,3.8578,57.525,287.325,358.0623,571.95,2.6,4.5725,174.4065,343.05,72.2792,709.92,19.4539,600.06,600.12,9.981,66.2184,76.7797,2.6,4.5725,11.1287,15.7318,9.1096,174.412,343.05,709.92,72.7345,33.03,45.462,9.604,3.962,12.307,45.264,25.2695,14.9102,0.1771,0.1287,0.1313,0.1288,0.2099,0.1313,0.1986,0.1246,539.64,282.65,367.65,84.6225,85.125,85.2825,82.1775,83.4375,82.125,43.1292,519.84,520.0,20.344,517.58,489.02,14.4517
86.5,57.525,4.8438,57.525,287.3475,357.649,571.35,2.6002,4.575,173.88,343.05,72.2793,709.92,19.4529,600.12,600.12,9.9812,66.2186,76.7789,2.6002,4.575,11.1288,15.7335,9.1096,173.88,343.08,709.92,72.6876,33.025,45.45,9.6,4.073,12.307,45.462,25.4015,14.9102,0.1781,0.1287,0.1313,0.1287,0.2098,0.1313,0.1986,0.1246,539.56,282.65,367.65,84.645,85.1175,85.2825,82.215,83.4,82.11,43.1374,519.78,520.0,20.344,517.58,489.02,14.4524
86.8,57.5625,4.0234,57.6,286.9875,357.959,571.15,2.6,4.5725,173.6235,343.08,72.2807,709.76,19.4524,600.12,599.88,9.9814,66.2188,76.7794,2.6,4.5725,11.1289,15.7338,9.1096,173.628,343.08,709.76,72.6907,33.025,45.354,9.599,4.151,12.307,45.45,25.4565,14.9102,0.1786,0.1288,0.1313,0.1287,0.2099,0.1313,0.1987,0.1246,539.56,282.65,367.7,84.675,85.0725,85.275,82.1775,83.4225,82.11,43.142,519.75,520.0,20.3439,517.58,489.02,14.4531
86.475,57.6,4.2578,57.525,287.46,357.9245,571.35,2.5994,4.5725,173.7315,343.08,72.2811,709.76,19.4549,599.88,599.88,9.9815,66.2189,76.7817,2.5994,4.5725,11.129,15.734,9.1086,173.74,343.05,709.76,72.6939,33.025,45.222,9.599,4.189,12.308,45.354,25.4345,14.9188,0.1787,0.1289,0.1314,0.1288,0.2101,0.1314,0.1988,0.1247,539.56,282.65,367.7,84.6675,85.0875,85.29,82.1775,83.4525,82.0875,43.1431,519.75,520.0,20.3438,517.58,489.02,14.4537
86.825,57.6,4.6312,57.5625,287.055,358.4756,571.85,2.5992,4.57,173.7315,343.05,72.2821,709.68,19.4554,599.88,599.76,9.9817,66.2198,76.7832,2.5992,4.57,11.129,15.7343,9.1086,173.74,343.05,709.68,72.697,33.025,45.024,9.602,4.192,12.308,45.222,25.3685,14.9191,0.1786,0.1289,0.1315,0.1289,0.2102,0.1314,0.199,0.1248,539.52,282.65,367.7,84.6975,85.11,85.2825,82.215,83.4825,82.0425,43.1478,519.72,520.0,20.3437,517.58,488.99,14.4544
86.375,57.6,4.8234,57.525,287.3025,358.0967,571.75,2.599,4.565,174.231,343.05,72.282,709.76,19.4574,599.76,599.7,9.9826,66.2203,76.7849,2.599,4.565,11.1291,15.7345,9.108,174.23,343.02,709.76,72.6495,33.02,44.796,9.606,4.177,12.309,45.024,25.2695,14.9194,0.1785,0.129,0.1316,0.1291,0.2106,0.1315,0.1993,0.1249,539.48,282.65,367.7,84.6375,85.155,85.2375,82.26,83.49,82.02,43.1527,519.69,520.0,20.3436,517.58,488.99,14.4551
86.9,57.5625,4.2687,57.525,287.4825,357.959,571.8,2.5992,4.56,173.637,343.02,72.283,709.68,19.4591,599.7,599.76,9.983,66.2207,76.7854,2.5992,4.56,11.1292,15.7348,9.108,173.642,342.99,709.68,72.652,33.02,44.49,9.612,4.156,12.31,44.796,25.143,14.9196,0.1784,0.1292,0.1317,0.1292,0.2108,0.1317,0.1996,0.125,539.36,282.65,367.7,84.615,85.185,85.29,82.2225,83.52,82.0275,43.169,519.57,520.0,20.3436,517.58,488.99,14.4557
86.075,57.6,4.7969,57.6,286.74,358.2,571.6,2.5992,4.5575,173.205,342.99,72.2835,709.68,19.4596,599.76,599.7,9.9835,66.2218,76.7864,2.5992,4.5575,11.1293,15.735,9.1074,173.208,342.96,709.68,72.6545,33.02,44.472,9.619,4.136,12.31,44.49,24.9835,14.9199,0.178,0.1292,0.1318,0.1293,0.2107,0.1318,0.1996,0.1251,539.24,282.65,367.7,84.5925,85.125,85.245,82.26,83.505,82.0425,43.182,519.48,520.0,20.3435,517.55,488.99,14.4564
86.625,57.6,4.2875,57.6,287.19,357.9245,571.1,2.5992,4.56,174.15,342.96,72.2833,709.76,19.4614,599.7,599.88,9.9831,66.221,76.7874,2.5992,4.56,11.1293,15.7353,9.1086,174.16,342.99,709.76,72.6064,33.015,44.952,9.623,4.103,12.31,44.472,24.8955,14.9202,0.1772,0.1291,0.1318,0.1292,0.2104,0.1318,0.1991,0.125,539.2,282.7,367.7,84.555,85.1325,85.29,82.2825,83.55,82.0575,43.1916,519.42,520.0,20.3434,517.55,488.99,14.4571
86.5,57.6,4.4984,57.6,287.19,358.3378,571.75,2.6,4.565,173.853,342.99,72.2837,709.76,19.4604,599.88,600.0,9.9833,66.2212,76.7854,2.6,4.565,11.1294,15.7355,9.1096,173.852,343.02,709.76,72.6083,33.015,45.186,9.62,4.051,12.31,44.952,24.9945,14.9205,0.1768,0.1289,0.1316,0.1291,0.2101,0.1316,0.1988,0.1249,539.12,282.7,367.7,84.57,85.17,85.2975,82.305,83.5575,82.0875,43.2015,519.36,520.0,20.3433,517.55,488.99,14.4577
86.775,57.525,4.3438,57.5625,286.515,357.7523,571.35,2.6002,4.5675,174.0285,343.02,72.2835,709.84,19.4594,600.0,600.18,9.9835,66.2214,76.7847,2.6002,4.5675,11.1295,15.7333,9.1096,174.034,343.02,709.84,72.5595,33.01,45.318,9.616,4.027,12.31,45.186,25.1265,14.9208,0.177,0.1289,0.1315,0.129,0.21,0.1315,0.1987,0.1248,539.12,282.7,367.75,84.555,85.185,85.2825,82.305,83.535,82.0425,43.2041,519.36,520.0,20.3433,517.55,488.99,14.4584
86.125,57.525,4.8328,57.6,287.415,358.5444,571.65,2.6002,4.57,173.6775,343.02,72.2837,709.84,19.4571,600.18,600.18,9.9836,66.2215,76.7844,2.6002,4.57,11.1296,15.7325,9.1102,173.67,343.05,709.84,72.5608,33.01,45.336,9.612,4.053,12.311,45.318,25.22,14.921,0.1777,0.1289,0.1315,0.1289,0.2099,0.1314,0.1987,0.1248,539.16,282.7,367.75,84.54,85.2,85.2375,82.35,83.5275,82.08,43.2067,519.36,520.0,20.3432,517.55,488.99,14.4591
86.025,57.525,4.0344,57.6,286.6725,357.7179,571.3,2.6002,4.57,173.3535,343.05,72.284,709.84,19.4564,600.18,600.06,9.9838,66.2217,76.7842,2.6002,4.57,11.1297,15.7318,9.1102,173.362,343.05,709.84,72.5114,33.005,45.312,9.611,4.106,12.311,45.336,25.2585,14.9127,0.1783,0.1289,0.1315,0.1289,0.2099,0.1314,0.1987,0.1248,539.2,282.7,367.75,84.5625,85.1775,85.2075,82.38,83.535,82.0575,43.2017,519.42,520.0,20.3431,517.55,488.99,14.4597
86.175,57.6,4.7172,57.5625,287.3925,358.4756,571.1,2.5998,4.5675,174.3525,343.05,72.2842,709.84,19.4571,600.06,600.06,9.984,66.2219,76.7854,2.5998,4.5675,11.1297,15.7335,9.1096,174.356,343.05,709.84,72.512,33.005,45.282,9.61,4.151,12.311,45.312,25.2585,14.9127,0.1786,0.1289,0.1315,0.1289,0.2101,0.1314,0.1988,0.1248,539.24,282.7,367.75,84.6,85.2075,85.23,82.3875,83.565,82.0125,43.1966,519.48,520.0,20.343,517.55,488.99,14.4604
86.15,57.525,4.2984,57.525,286.785,357.959,571.45,2.5996,4.5675,174.15,343.05,72.2845,709.84,19.4569,600.06,599.94,9.9841,66.222,76.7864,2.5996,4.5675,11.1298,15.7338,9.1096,174.146,343.02,709.84,72.5127,33.005,45.078,9.61,4.174,12.311,45.282,25.242,14.9127,0.1787,0.129,0.1315,0.129,0.2102,0.1315,0.1989,0.1248,539.24,282.7,367.75,84.585,85.185,85.2225,82.365,83.5275,82.0575,43.2024,519.45,520.0,20.343,517.55,488.96,14.4611
86.95,57.6,4.3828,57.6,286.5825,357.959,571.1,2.5994,4.5625,173.961,343.02,72.2853,709.76,19.4581,599.94,599.88,9.985,66.2222,76.7877,2.5994,4.5625,11.1299,15.734,9.1091,173.964,342.99,709.76,72.5133,33.005,44.814,9.613,4.182,12.309,45.078,25.1815,14.9127,0.1788,0.1291,0.1316,0.1291,0.2105,0.1316,0.1992,0.1249,539.2,282.7,367.75,84.54,85.2225,85.185,82.395,83.49,82.0725,43.2084,519.42,520.0,20.3429,517.55,488.96,14.4617
86.875,57.6,3.9781,57.6,287.0325,357.8901,571.05,2.5996,4.56,173.5695,342.99,72.2863,709.68,19.4591,599.88,599.76,9.9855,66.2231,76.7877,2.5996,4.56,11.13,15.7343,9.1086,173.558,342.99,709.68,72.5139,33.005,44.544,9.618,4.181,12.309,44.814,25.066,14.9127,0.1788,0.1293,0.1318,0.1292,0.2106,0.1318,0.1995,0.1251,539.12,282.7,367.75,84.54,85.1625,85.23,82.395,83.4675,82.0575,43.2183,519.36,520.0,20.3428,517.52,488.96,14.4624
86.8,57.5625,4.7281,57.5625,286.92,357.959,572.05,2.5996,4.5575,173.5965,342.99,72.2868,709.68,19.4611,599.76,599.82,9.9859,66.2235,76.7882,2.5996,4.5575,11.1301,15.7345,9.1086,173.6,342.96,709.68,72.5145,33.005,44.616,9.624,4.166,12.308,44.544,24.923,14.9127,0.1783,0.1293,0.1318,0.1293,0.2106,0.1318,0.1994,0.1251,539.08,282.7,367.75,84.5625,85.155,85.215,82.4175,83.505,82.065,43.2284,519.3,520.0,20.3427,517.52,488.96,14.4631
86.025,57.525,4.0812,57.6,287.145,358.0967,571.85,2.5996,4.5575,174.3795,342.96,72.2861,709.84,19.4614,599.82,599.82,9.9855,66.2239,76.7887,2.5996,4.5575,11.1301,15.7348,9.1086,174.384,342.96,709.84,72.4645,33.0,44.658,9.626,4.126,12.308,44.616,24.879,14.9127,0.1778,0.1292,0.1319,0.1293,0.2106,0.1318,0.1993,0.1251,539.04,282.7,367.75,84.5475,85.14,85.2,82.3875,83.55,82.08,43.2349,519.27,520.0,20.3427,517.52,488.96,14.4637
86.375,57.6,4.8203,57.5625,286.605,357.9934,571.25,2.5996,4.5575,173.5695,342.96,72.2864,709.84,19.4621,599.82,599.94,9.9857,66.2244,76.7892,2.5996,4.5575,11.1271,15.735,9.1086,173.572,342.96,709.84,72.4645,33.0,44.58,9.627,4.085,12.308,44.658,24.868,14.9127,0.1776,0.1292,0.1319,0.1293,0.2106,0.1318,0.1994,0.1252,538.96,282.7,367.8,84.555,85.125,85.215,82.395,83.5125,82.035,43.2492,519.18,520.0,20.3426,517.52,488.96,14.4644
86.15,57.6,4.2484,57.5625,286.83,357.9934,571.15,2.5996,4.5575,173.8665,342.96,72.2866,709.84,19.4614,599.94,599.94,9.9859,66.2248,76.7897,2.5996,4.5575,11.1259,15.7353,9.1086,173.866,342.96,709.84,72.4139,32.995,44.664,9.63,4.071,12.308,44.58,24.846,14.9127,0.1776,0.1292,0.1319,0.1293,0.2106,0.1318,0.1993,0.1252,538.92,282.7,367.8,84.57,85.1475,85.1775,82.3425,83.535,82.02,43.2562,519.15,520.0,20.3425,517.52,488.96,14.4651
86.275,57.5625,3.8875,57.5625,286.9875,358.3034,571.8,2.5996,4.5575,173.8665,342.96,72.2869,709.84,19.4616,599.94,600.0,9.986,66.2252,76.7902,2.5996,4.5575,11.1247,15.7355,9.1086,173.866,342.96,709.84,72.4133,32.995,44.706,9.63,4.072,12.308,44.664,24.857,14.9127,0.1777,0.1292,0.1318,0.1293,0.2106,0.1318,0.1993,0.1251,538.88,282.7,367.8,84.6075,85.17,85.1925,82.3575,83.4975,81.9975,43.2634,519.12,520.0,20.3424,517.52,488.96,14.4657
86.675,57.5625,4.3688,57.525,286.8975,358.0279,571.5,2.5996,4.5575,174.474,342.96,72.2871,709.84,19.4611,600.0,600.0,9.9862,66.2256,76.7907,2.5996,4.5575,11.1267,15.7333,9.1086,174.468,342.96,709.84,72.362,32.99,44.718,9.63,4.079,12.308,44.706,24.8735,14.9127,0.1779,0.1292,0.1318,0.1293,0.2106,0.1318,0.1993,0.1251,538.88,282.75,367.8,84.57,85.14,85.2375,82.38,83.4975,81.975,43.2707,519.09,520.0,20.3574,517.49,488.93,14.4664
86.55,57.5625,4.7484,57.5625,286.65,358.4756,571.35,2.5996,4.5575,174.231,342.96,72.2874,709.84,19.4611,600.0,599.94,9.9864,66.226,76.7912,2.5996,4.5575,11.1268,15.7325,9.1091,174.23,342.96,709.84,72.3608,32.99,44.622,9.63,4.092,12.308,44.718,24.8845,14.9127,0.1781,0.1293,0.1318,0.1293,0.2106,0.1318,0.1994,0.1251,538.8,282.75,367.8,84.5925,85.125,85.275,82.35,83.4975,81.9375,43.2819,519.03,520.0,20.3578,517.49,488.93,14.4671
86.775,57.5625,4.7344,57.6375,287.1675,358.2,571.75,2.6,4.5575,174.2715,342.96,72.2882,709.76,19.4619,599.94,599.88,9.9865,66.2257,76.7902,2.6,4.5575,11.13,15.7318,9.1096,174.272,342.96,709.76,72.3595,32.99,44.496,9.631,4.108,12.308,44.622,24.8625,14.9127,0.1783,0.1293,0.1319,0.1293,0.2108,0.1318,0.1995,0.1252,538.76,282.75,367.8,84.555,85.125,85.26,82.3275,83.4675,81.9825,43.2896,519.0,520.0,20.3582,517.49,488.93,14.4677
86.875,57.5625,4.5516,57.5625,286.695,358.1312,571.3,2.5998,4.555,173.394,342.96,72.2886,709.76,19.4629,599.88,599.82,9.9867,66.2259,76.7909,2.5998,4.555,11.1282,15.7335,9.1096,173.39,342.93,709.76,72.3583,32.99,44.352,9.634,4.12,12.308,44.496,24.8075,14.9127,0.1784,0.1294,0.132,0.1294,0.2108,0.1319,0.1997,0.1253,538.68,282.75,367.8,84.57,85.1625,85.2825,82.3275,83.4525,81.9525,43.3012,518.94,520.0,20.3586,517.49,488.93,14.4684
86.05,57.5625,4.4938,57.5625,287.325,358.3723,571.15,2.6002,4.5575,173.259,342.93,72.2884,709.84,19.4641,599.82,600.06,9.9869,66.226,76.7897,2.6002,4.5575,11.1283,15.7338,9.1096,173.264,342.96,709.84,72.3064,32.985,44.94,9.637,4.121,12.307,44.352,24.7305,14.9127,0.1778,0.1292,0.1319,0.1293,0.2102,0.1318,0.1991,0.1251,538.68,282.75,367.8,84.585,85.14,85.305,82.3125,83.4525,81.945,43.3054,518.94,520.0,20.359,517.49,488.93,14.4691
86.225,57.5625,3.9734,57.6,286.83,357.959,572.05,2.6004,4.565,173.88,342.96,72.288,709.92,19.4619,600.06,600.24,9.9863,66.2255,76.7887,2.6004,4.565,11.1252,15.734,9.1108,173.88,342.99,709.92,72.3045,32.985,45.42,9.631,4.085,12.307,44.94,24.868,14.9127,0.1771,0.129,0.1317,0.1291,0.2098,0.1316,0.1986,0.1249,538.76,282.75,367.8,84.585,85.1775,85.2675,82.32,83.43,81.945,43.3022,519.0,520.0,20.3595,517.49,488.93,14.4697
86.275,57.525,4.4984,57.525,287.145,358.3723,571.95,2.6008,4.57,174.1905,342.99,72.2875,710.0,19.4594,600.24,600.36,9.9862,66.2254,76.7867,2.6008,4.57,11.1272,15.7343,9.1113,174.202,343.05,710.0,72.252,32.98,45.72,9.622,4.052,12.307,45.42,25.0825,14.9127,0.1772,0.1288,0.1315,0.1289,0.2096,0.1314,0.1983,0.1247,538.84,282.75,367.8,84.54,85.17,85.2675,82.3575,83.4,81.96,43.295,519.09,520.0,20.3599,517.46,488.9,14.4704
86.975,57.6,4.7984,57.6,287.1675,357.8212,571.2,2.6006,4.575,174.6495,343.05,72.2869,710.08,19.4569,600.36,600.48,9.9854,66.2253,76.7864,2.6006,4.575,11.1272,15.7345,9.1118,174.65,343.08,710.08,72.2495,32.98,45.966,9.614,4.069,12.307,45.72,25.2805,14.9127,0.1777,0.1287,0.1313,0.1287,0.2094,0.1313,0.198,0.1245,538.96,282.75,367.8,84.5325,85.125,85.2825,82.3875,83.415,81.975,43.2836,519.21,520.0,20.3603,517.46,488.9,14.4711
86.45,57.5625,4.5047,57.5625,286.92,357.8557,571.8,2.601,4.5775,174.4605,343.08,72.2861,710.16,19.4539,600.48,600.36,9.985,66.2245,76.7842,2.601,4.5775,11.1305,15.7342,9.1124,174.468,343.11,710.16,72.247,32.98,46.128,9.606,4.123,12.307,45.966,25.451,14.9127,0.1784,0.1286,0.1312,0.1286,0.2092,0.1311,0.1979,0.1244,539.08,282.75,367.8,84.57,85.17,85.23,82.38,83.4675,82.005,43.2755,519.3,520.0,20.3607,517.46,488.9,14.4717
86.075,57.5625,4.0109,57.525,286.74,358.51,571.9,2.601,4.58,174.231,343.11,72.2852,710.24,19.4534,600.36,600.42,9.9847,66.2241,76.7829,2.601,4.58,11.1287,15.7348,9.1124,174.23,343.11,710.24,72.2445,32.98,46.23,9.599,4.184,12.306,46.128,25.583,14.9127,0.1788,0.1286,0.1311,0.1285,0.209,0.131,0.1978,0.1243,539.2,282.75,367.8,84.555,85.1775,85.215,82.3725,83.505,81.975,43.2633,519.42,520.0,20.3611,517.46,488.9,14.4724
86.725,57.5625,4.0187,57.5625,287.145,358.51,571.65,2.6012,4.5825,174.0015,343.11,72.2849,710.24,19.4511,600.42,600.24,9.9844,66.2238,76.7809,2.6012,4.5825,11.1287,15.735,9.1129,174.006,343.14,710.24,72.242,32.98,46.272,9.593,4.229,12.306,46.23,25.6655,14.9127,0.1792,0.1285,0.131,0.1285,0.209,0.131,0.1977,0.1243,539.36,282.75,367.85,84.5475,85.1625,85.2075,82.3575,83.52,81.9675,43.2469,519.57,520.0,20.3615,517.46,488.9,14.4731
86.875,57.6,3.9781,57.6,286.9875,357.8212,571.1,2.6006,4.5825,174.447,343.14,72.2845,710.24,19.4516,600.24,600.3,9.984,66.2242,76.7817,2.6006,4.5825,11.1257,15.7353,9.1118,174.44,343.14,710.24,72.2901,32.985,46.278,9.589,4.256,12.306,46.272,25.7095,14.9041,0.1793,0.1285,0.131,0.1284,0.209,0.131,0.1977,0.1242,539.48,282.75,367.85,84.5175,85.2,85.1775,82.32,83.55,81.9525,43.2298,519.72,520.0,20.362,517.46,488.9,14.4737
86.55,57.6,3.9859,57.6,287.505,358.2345,571.3,2.6008,4.5825,174.5145,343.14,72.2841,710.24,19.4499,600.3,600.24,9.9845,66.2241,76.7802,2.6008,4.5825,11.1276,15.7349,9.1118,174.524,343.14,710.24,72.2883,32.985,46.218,9.585,4.269,12.306,46.278,25.737,14.9038,0.1793,0.1285,0.131,0.1284,0.209,0.131,0.1978,0.1242,539.6,282.75,367.85,84.5025,85.1475,85.1625,82.365,83.565,81.9225,43.2197,519.81,520.0,20.3473,517.46,488.9,14.4744
86.2,57.6,4.5922,57.5625,287.415,357.8901,571.85,2.6006,4.5825,174.285,343.14,72.285,710.08,19.4494,600.24,600.24,9.9844,66.224,76.7799,2.6006,4.5825,11.1277,15.733,9.1113,174.286,343.14,710.08,72.2864,32.985,46.104,9.583,4.274,12.305,46.218,25.7425,14.9035,0.1794,0.1285,0.131,0.1284,0.2091,0.131,0.1979,0.1243,539.68,282.8,367.85,84.465,85.125,85.1325,82.4025,83.6025,81.93,43.2092,519.9,520.0,20.3473,517.46,488.9,14.4751
86.35,57.5625,4.8406,57.6,287.3475,358.4067,571.75,2.6006,4.5825,173.8125,343.14,72.2849,710.08,19.4484,600.24,600.0,9.9843,66.224,76.7792,2.6006,4.5825,11.1278,15.7323,9.1113,173.81,343.11,710.08,72.3351,32.99,45.966,9.583,4.275,12.303,46.104,25.726,14.9033,0.1794,0.1286,0.1311,0.1285,0.2092,0.131,0.198,0.1243,539.76,282.8,367.85,84.4875,85.17,85.1475,82.38,83.595,81.9375,43.2021,519.96,520.0,20.3472,517.46,488.9,14.4757
86.65,57.525,4.5172,57.525,286.9425,358.1656,571.95,2.6004,4.58,174.15,343.11,72.2847,710.08,19.4504,600.0,599.94,9.9842,66.2239,76.7792,2.6004,4.58,11.1279,15.734,9.1113,174.146,343.11,710.08,72.3339,32.99,45.834,9.584,4.271,12.303,45.966,25.682,14.903,0.1793,0.1286,0.1311,0.1285,0.2094,0.1311,0.1981,0.1244,539.8,282.8,367.85,84.4575,85.125,85.1925,82.3875,83.5725,81.9525,43.1947,520.02,520.0,20.3471,517.46,488.9,14.4764
86.175,57.525,4.3578,57.525,286.7625,358.4411,571.8,2.5998,4.5775,173.2185,343.11,72.2852,710.0,19.4511,599.94,599.88,9.9841,66.2238,76.7809,2.5998,4.5775,11.128,15.7343,9.1102,173.222,343.11,710.0,72.3832,32.995,45.672,9.585,4.259,12.303,45.834,25.616,14.9027,0.1792,0.1287,0.1312,0.1286,0.2094,0.1311,0.1983,0.1244,539.84,282.8,367.85,84.48,85.1325,85.185,82.3575,83.595,81.9375,43.1909,520.05,520.0,20.347,517.46,488.9,14.4771
86.35,57.5625,3.975,57.525,286.9425,357.7868,571.25,2.5996,4.575,174.2175,343.11,72.2852,710.0,19.4521,599.88,600.0,9.9848,66.2237,76.7819,2.5996,4.575,11.128,15.7345,9.1102,174.23,343.08,710.0,72.3826,32.995,45.552,9.588,4.243,12.303,45.672,25.5445,14.9024,0.179,0.1287,0.1313,0.1287,0.2097,0.1312,0.1984,0.1245,539.92,282.8,367.9,84.5175,85.17,85.2225,82.3875,83.5875,81.975,43.1832,520.11,520.0,20.347,517.46,488.9,14.4777
86.325,57.525,4.1453,57.5625,287.145,357.8557,571.8,2.5994,4.5725,174.069,343.08,72.2859,709.92,19.4511,600.0,599.88,9.985,66.2244,76.7832,2.5994,4.5725,11.1281,15.7348,9.1096,174.062,343.05,709.92,72.382,32.995,45.252,9.591,4.224,12.302,45.552,25.4675,14.9021,0.1789,0.1288,0.1314,0.1288,0.21,0.1314,0.1987,0.1246,539.88,282.8,367.9,84.5625,85.185,85.2675,82.35,83.55,81.99,43.1865,520.08,520.0,20.3469,517.46,488.9,14.4784
86.175,57.5625,4.7578,57.6,286.8975,358.6133,571.95,2.5998,4.5675,174.0825,343.05,72.2854,710.0,19.4526,599.88,599.76,9.9851,66.2245,76.7824,2.5998,4.5675,11.1282,15.735,9.1096,174.09,343.02,710.0,72.3814,32.995,44.904,9.597,4.211,12.302,45.252,25.352,14.9019,0.1789,0.129,0.1315,0.1289,0.2103,0.1314,0.1991,0.1248,539.8,282.8,367.9,84.6075,85.1925,85.2375,82.3725,83.565,82.005,43.1937,520.02,520.0,20.3468,517.46,488.9,14.4791
86.375,57.525,4.5078,57.5625,286.5375,358.4756,571.85,2.5994,4.5625,173.9475,343.02,72.286,709.92,19.4546,599.76,599.64,9.986,66.2247,76.7842,2.5994,4.5625,11.1283,15.7353,9.1091,173.95,342.99,709.92,72.3807,32.995,44.538,9.604,4.201,12.302,44.904,25.1925,14.9016,0.1789,0.1292,0.1317,0.1291,0.2106,0.1317,0.1994,0.125,539.72,282.8,367.9,84.57,85.1775,85.26,82.3275,83.52,82.035,43.2086,519.9,520.0,20.3467,517.46,488.9,14.4797
86.0,57.5625,4.7516,57.525,286.8075,358.3034,571.95,2.599,4.5575,174.2175,342.99,72.2874,709.76,19.4571,599.64,599.52,9.9865,66.2256,76.7864,2.599,4.5575,11.1283,15.7355,9.108,174.216,342.96,709.76,72.3801,32.995,44.202,9.613,4.184,12.302,44.538,25.011,14.9013,0.1787,0.1293,0.1319,0.1293,0.211,0.1318,0.1998,0.1252,539.56,282.8,367.9,84.6075,85.215,85.245,82.3125,83.5125,81.9975,43.2241,519.78,520.0,20.3617,517.46,488.9,14.4804
86.575,57.525,4.5109,57.6,287.4375,358.6478,571.9,2.5986,4.5525,173.178,342.96,72.2884,709.68,19.4601,599.52,599.4,9.9869,66.226,76.7892,2.5986,4.5525,11.1284,15.7333,9.1074,173.18,342.93,709.68,72.3795,32.995,43.884,9.622,4.152,12.302,44.202,24.8185,14.901,0.1784,0.1295,0.132,0.1295,0.2113,0.132,0.2001,0.1254,539.36,282.8,367.9,84.57,85.245,85.245,82.26,83.49,82.0275,43.2475,519.6,520.0,20.3621,517.46,488.9,14.4811
86.225,57.5625,3.9578,57.6,287.235,358.2,571.55,2.599,4.5575,173.8395,342.93,72.2876,709.84,19.4636,599.4,599.88,9.9865,66.2265,76.7894,2.599,4.5575,11.1285,15.7325,9.108,173.838,342.96,709.84,72.3789,32.995,44.874,9.632,4.112,12.302,43.884,24.6315,14.9008,0.177,0.1292,0.1319,0.1293,0.2103,0.1318,0.1991,0.1251,539.24,282.8,367.9,84.5925,85.2,85.215,82.2825,83.445,82.065,43.2679,519.45,520.0,20.3625,517.46,488.9,14.4817
86.1,57.6,3.9344,57.6,286.8525,357.9934,572.0,2.6002,4.5675,173.8395,342.96,72.2866,710.0,19.4601,599.88,600.3,9.986,66.2254,76.7862,2.6002,4.5675,11.1286,15.7318,9.1108,173.838,343.02,710.0,72.3276,32.99,45.54,9.624,4.023,12.302,44.874,24.846,14.9091,0.1759,0.1288,0.1316,0.129,0.2097,0.1315,0.1984,0.1248,539.2,282.85,367.9,84.585,85.155,85.1775,82.2975,83.475,82.1025,43.2739,519.42,520.0,20.3629,517.46,488.9,14.4824
86.675,57.5625,4.1781,57.6,287.3475,357.7868,571.6,2.6006,4.575,173.3265,343.02,72.286,710.08,19.4554,600.3,600.48,9.9851,66.2253,76.7844,2.6006,4.575,11.1287,15.7335,9.1118,173.334,343.08,710.08,72.2758,32.985,46.008,9.613,3.962,12.302,45.54,25.1595,14.9091,0.1761,0.1285,0.1313,0.1287,0.2091,0.1313,0.198,0.1245,539.28,282.85,367.9,84.6075,85.1925,85.155,82.2525,83.43,82.065,43.2687,519.48,520.0,20.3634,517.46,488.9,14.4831
86.875,57.6,4.5281,57.6,286.965,357.8901,571.2,2.6012,4.5825,174.312,343.08,72.2846,710.24,19.4519,600.48,600.66,9.9848,66.2245,76.7814,2.6012,4.5825,11.1287,15.7338,9.1129,174.314,343.11,710.24,72.2739,32.985,46.476,9.602,3.997,12.303,46.008,25.4565,14.9091,0.177,0.1284,0.131,0.1285,0.2088,0.131,0.1975,0.1243,539.44,282.85,367.95,84.555,85.2,85.1775,82.23,83.415,82.0875,43.2483,519.66,520.0,20.3638,517.43,488.87,14.4837
86.675,57.6,4.1734,57.525,287.415,357.9934,571.8,2.6016,4.59,174.366,343.11,72.2836,710.32,19.4476,600.66,600.66,9.9837,66.2234,76.7784,2.6016,4.59,11.1288,15.734,9.1135,174.37,343.17,710.32,72.2214,32.98,46.83,9.589,4.089,12.304,46.476,25.7205,14.9091,0.1779,0.1282,0.1308,0.1282,0.2085,0.1308,0.1972,0.124,539.6,282.85,367.95,84.5925,85.2075,85.1775,82.215,83.4,82.1025,43.2346,519.78,520.0,20.3491,517.43,488.87,14.4844
86.075,57.525,4.5047,57.5625,287.3025,358.0623,571.5,2.6014,4.595,174.5415,343.17,72.2819,710.48,19.4449,600.66,600.6,9.9831,66.2228,76.7772,2.6014,4.595,11.1289,15.7343,9.114,174.538,343.2,710.48,72.2695,32.985,47.076,9.578,4.183,12.304,46.83,25.9625,14.9091,0.1787,0.1281,0.1306,0.128,0.2082,0.1306,0.1969,0.1239,539.76,282.85,367.95,84.5625,85.1775,85.245,82.2675,83.43,82.0725,43.213,519.96,520.0,20.3491,517.43,488.87,14.4851
86.325,57.5625,4.4281,57.525,286.8975,357.8901,571.45,2.6016,4.5975,174.4605,343.2,72.2824,710.32,19.4429,600.6,600.48,9.9833,66.2222,76.7747,2.6016,4.5975,11.129,15.7345,9.114,174.454,343.23,710.32,72.2676,32.985,47.202,9.568,4.255,12.304,47.076,26.144,14.9091,0.1792,0.128,0.1305,0.1279,0.2081,0.1305,0.1968,0.1237,539.92,282.85,367.95,84.5175,85.14,85.2,82.275,83.4375,82.0425,43.1906,520.14,520.0,20.349,517.43,488.87,14.4857
86.35,57.5625,4.3797,57.5625,287.235,358.3378,571.6,2.6012,4.6,174.258,343.23,72.2813,710.4,19.4419,600.48,600.3,9.9822,66.2216,76.7742,2.6012,4.6,11.129,15.7348,9.1135,174.258,343.23,710.4,72.3163,32.99,47.22,9.56,4.304,12.303,47.202,26.2595,14.9091,0.1795,0.128,0.1304,0.1279,0.2081,0.1304,0.1967,0.1237,540.12,282.85,367.95,84.5775,85.14,85.2,82.3275,83.4525,82.08,43.1675,520.32,520.0,20.3489,517.46,488.87,14.4864
86.575,57.6,4.0984,57.525,287.2125,358.5444,571.5,2.6012,4.6,174.3795,343.23,72.2806,710.4,19.4421,600.3,600.3,9.9824,66.2211,76.7727,2.6012,4.6,11.1291,15.735,9.1135,174.384,343.23,710.4,72.3151,32.99,47.148,9.555,4.334,12.303,47.22,26.3145,14.9091,0.1797,0.128,0.1304,0.1279,0.2082,0.1304,0.1968,0.1237,540.28,282.85,367.95,84.54,85.17,85.2225,82.3125,83.475,82.1025,43.1474,520.47,520.0,20.3488,517.46,488.87,14.4871
86.3,57.6,4.2312,57.525,287.3475,357.959,572.05,2.6006,4.6,174.1365,343.23,72.28,710.4,19.4409,600.3,600.24,9.982,66.2205,76.7734,2.6006,4.6,11.1292,15.7353,9.1129,174.132,343.23,710.4,72.3645,32.995,47.01,9.552,4.351,12.303,47.148,26.32,14.9005,0.1799,0.128,0.1305,0.1279,0.2082,0.1304,0.197,0.1237,540.44,282.85,367.95,84.5625,85.155,85.185,82.32,83.445,82.0875,43.1267,520.62,520.0,20.3488,517.46,488.9,14.4877
86.4,57.5625,3.8547,57.5625,286.965,357.649,571.35,2.6006,4.5975,174.3795,343.23,72.28,710.32,19.4404,600.24,600.18,9.9817,66.2199,76.7727,2.6006,4.5975,11.1293,15.7355,9.1124,174.384,343.23,710.32,72.4145,33.0,46.818,9.551,4.359,12.303,47.01,26.2925,14.9002,0.1799,0.1281,0.1305,0.1279,0.2085,0.1305,0.1971,0.1238,540.56,282.85,367.95,84.555,85.14,85.2,82.305,83.4525,82.0575,43.1129,520.71,520.0,20.3487,517.46,488.9,14.4884
86.65,57.5625,4.8125,57.525,287.28,358.0967,571.95,2.6004,4.595,173.88,343.23,72.2795,710.32,19.4401,600.18,600.06,9.9814,66.2201,76.7727,2.6004,4.595,11.1294,15.7333,9.1124,173.88,343.2,710.32,72.4145,33.0,46.572,9.551,4.358,12.303,46.818,26.2265,14.8999,0.1799,0.1282,0.1306,0.128,0.2086,0.1306,0.1974,0.1239,540.6,282.85,367.95,84.555,85.155,85.2,82.305,83.4675,82.0725,43.1025,520.77,520.0,20.3486,517.46,488.9,14.4891
86.7,57.525,4.4547,57.525,287.01,357.6835,571.95,2.6002,4.59,173.8125,343.2,72.2796,710.24,19.4409,600.06,600.0,9.9818,66.2197,76.7729,2.6002,4.59,11.1294,15.7325,9.1118,173.81,343.2,710.24,72.4651,33.005,46.308,9.554,4.348,12.302,46.572,26.1385,14.8996,0.1798,0.1283,0.1307,0.1282,0.2089,0.1307,0.1976,0.124,540.64,282.9,368.0,84.5625,85.1775,85.17,82.2675,83.4675,82.0275,43.0919,520.83,520.0,20.3485,517.46,488.9,14.4897
86.35,57.6,4.2312,57.5625,287.2575,357.6835,571.1,2.6,4.5875,174.123,343.2,72.2799,710.16,19.4414,600.0,599.88,9.9817,66.2202,76.7734,2.6,4.5875,11.1295,15.7318,9.1108,174.118,343.17,710.16,72.5163,33.01,46.032,9.559,4.33,12.302,46.308,26.012,14.8994,0.1796,0.1284,0.1309,0.1283,0.2092,0.1308,0.1979,0.1241,540.68,282.9,368.0,84.6075,85.155,85.1475,82.245,83.52,81.975,43.0885,520.83,520.0,20.3485,517.46,488.9,14.4904
86.275,57.6,4.5234,57.5625,286.8075,358.6133,571.6,2.5996,4.5825,174.1095,343.17,72.2815,709.92,19.4429,599.88,599.76,9.9816,66.2201,76.7749,2.5996,4.5825,11.1296,15.7335,9.1102,174.104,343.14,709.92,72.5176,33.01,45.72,9.564,4.304,12.301,46.032,25.8745,14.9077,0.1794,0.1285,0.131,0.1284,0.2095,0.131,0.1982,0.1243,540.6,282.9,368.0,84.585,85.1475,85.1175,82.23,83.5125,81.9975,43.089,520.8,520.0,20.3484,517.49,488.9,14.4911
86.8,57.525,3.9187,57.525,287.19,358.5789,571.3,2.5992,4.5775,174.15,343.14,72.2822,709.84,19.4449,599.76,599.58,9.9823,66.2207,76.7769,2.5992,4.5775,11.1297,15.7338,9.1091,174.146,343.08,709.84,72.5695,33.015,45.246,9.571,4.274,12.301,45.72,25.7205,14.9077,0.1793,0.1287,0.1312,0.1287,0.21,0.1312,0.1987,0.1245,540.52,282.9,368.0,84.6,85.1325,85.1025,82.2525,83.5425,81.975,43.097,520.71,520.0,20.3483,517.49,488.9,14.4917
86.0,57.5625,4.25,57.525,287.4375,357.6835,571.15,2.5988,4.57,173.8935,343.08,72.2838,709.68,19.4481,599.58,599.4,9.9832,66.2209,76.7794,2.5988,4.57,11.1298,15.734,9.1086,173.894,343.05,709.68,72.5714,33.015,44.706,9.582,4.247,12.301,45.246,25.5005,14.9077,0.1792,0.129,0.1315,0.1289,0.2105,0.1314,0.1993,0.1248,540.36,282.9,368.0,84.5775,85.095,85.14,82.26,83.5425,81.99,43.1129,520.56,520.0,20.3482,517.49,488.9,14.4924
86.9,57.5625,4.2359,57.6,287.3025,358.2,571.95,2.5982,4.56,173.394,343.05,72.2843,709.68,19.4521,599.4,599.16,9.9836,66.2218,76.7832,2.5982,4.56,11.1298,15.7343,9.1074,173.39,342.99,709.68,72.5732,33.015,44.202,9.594,4.219,12.303,44.706,25.2365,14.8991,0.1789,0.1292,0.1317,0.1292,0.211,0.1317,0.1998,0.125,540.2,282.9,368.0,84.555,85.1175,85.185,82.2225,83.565,82.02,43.1332,520.38,520.0,20.3482,517.49,488.93,14.4931
86.225,57.5625,4.7062,57.525,287.3025,358.1312,571.7,2.5986,4.5575,173.5155,342.99,72.2848,709.68,19.4576,599.16,599.4,9.984,66.2222,76.7839,2.5986,4.5575,11.1299,15.7345,9.1074,173.516,342.96,709.68,72.5751,33.015,44.34,9.608,4.179,12.303,44.202,24.9505,14.8988,0.178,0.1292,0.1318,0.1293,0.2108,0.1318,0.1997,0.1251,539.96,282.9,368.0,84.5175,85.095,85.1925,82.23,83.5425,81.975,43.158,520.17,520.0,20.3481,517.49,488.93,14.4937
86.45,57.5625,4.3187,57.5625,286.5375,358.2689,571.15,2.5986,4.5575,173.9205,342.96,72.2853,709.68,19.4581,599.4,599.58,9.9845,66.2227,76.7857,2.5986,4.5575,11.13,15.7348,9.1074,173.922,342.96,709.68,72.5264,33.01,44.424,9.614,4.102,12.303,44.34,24.857,14.8985,0.177,0.1292,0.1319,0.1293,0.2108,0.1318,0.1996,0.1251,539.8,282.9,368.0,84.5025,85.08,85.245,82.275,83.535,81.9975,43.1798,519.99,520.0,20.348,517.49,488.93,14.4944
86.275,57.6,4.3063,57.525,286.56,358.1656,571.1,2.599,4.5575,174.042,342.96,72.2858,709.68,19.4584,599.58,599.76,9.9849,66.2231,76.7859,2.599,4.5575,11.1301,15.735,9.108,174.034,342.96,709.68,72.5276,33.01,44.442,9.618,4.026,12.301,44.424,24.846,14.9069,0.1767,0.1291,0.1319,0.1293,0.2108,0.1318,0.1996,0.1251,539.6,282.9,368.0,84.48,85.0725,85.2225,82.2825,83.49,81.975,43.1987,519.84,520.0,20.3479,517.49,488.93,14.4951
86.175,57.5625,4.0531,57.5625,286.83,357.7868,571.6,2.599,4.5575,173.421,342.96,72.2863,709.68,19.4579,599.76,599.7,9.9853,66.2235,76.7872,2.599,4.5575,11.1301,15.7353,9.108,173.418,342.96,709.68,72.4783,33.005,44.424,9.621,3.997,12.302,44.442,24.857,14.9069,0.1769,0.1292,0.1319,0.1293,0.2108,0.1318,0.1996,0.1252,539.44,282.9,368.0,84.4425,85.05,85.2675,82.29,83.4975,81.99,43.2181,519.69,520.0,20.3479,517.49,488.93,14.4957
86.45,57.5625,3.8844,57.5625,287.28,358.51,571.65,2.5996,4.5575,174.042,342.96,72.2855,709.84,19.4596,599.7,599.76,9.9857,66.2239,76.7862,2.5996,4.5575,11.1277,15.7355,9.1091,174.048,342.96,709.84,72.4283,33.0,44.586,9.624,4.013,12.302,44.424,24.857,14.9069,0.1772,0.1292,0.1318,0.1293,0.2107,0.1318,0.1994,0.1251,539.36,282.9,368.0,84.42,85.0275,85.29,82.2825,83.52,82.0425,43.2344,519.57,520.0,20.3478,517.49,488.93,14.4964
86.625,57.525,4.5031,57.6,286.6275,358.1312,571.9,2.5996,4.56,173.5965,342.96,72.2858,709.84,19.4601,599.76,599.82,9.9861,66.2243,76.7867,2.5996,4.56,11.1268,15.7333,9.1091,173.6,342.96,709.84,72.3776,32.995,44.652,9.624,4.039,12.304,44.586,24.8845,14.9069,0.1775,0.1291,0.1318,0.1292,0.2106,0.1318,0.1993,0.1251,539.24,282.9,368.05,84.465,85.05,85.2675,82.2675,83.52,82.08,43.2474,519.48,520.0,20.3477,517.49,488.93,14.4971
86.3,57.5625,4.3406,57.5625,287.0325,358.1656,571.55,2.5998,4.56,173.583,342.96,72.286,709.84,19.4604,599.82,599.82,9.9858,66.2248,76.7864,2.5998,4.56,11.1259,15.7325,9.1091,173.586,342.99,709.84,72.377,32.995,44.736,9.624,4.063,12.305,44.652,24.923,14.9069,0.1777,0.1291,0.1318,0.1292,0.2105,0.1318,0.1993,0.1251,539.2,282.95,368.05,84.5175,85.08,85.3125,82.3125,83.4825,82.0575,43.257,519.42,520.0,20.3476,517.46,488.9,14.4977
86.3,57.6375,4.5406,57.6,286.785,358.3378,572.0,2.5998,4.5625,173.7585,342.99,72.2863,709.84,19.4611,599.82,600.0,9.986,66.2244,76.7867,2.5998,4.5625,11.1275,15.7318,9.1091,173.754,342.99,709.84,72.3764,32.995,44.814,9.624,4.083,12.305,44.736,24.956,14.9069,0.1778,0.1291,0.1317,0.1292,0.2104,0.1317,0.1992,0.125,539.16,282.95,368.05,84.5175,85.035,85.3425,82.3575,83.4675,82.0725,43.2631,519.39,520.0,20.3626,517.46,488.9,14.4984
86.25,57.5625,4.3203,57.6,287.37,358.0967,572.05,2.5998,4.5625,173.9205,342.99,72.2865,709.84,19.4596,600.0,600.0,9.9861,66.2246,76.7869,2.5998,4.5625,11.1275,15.7335,9.1091,173.922,342.99,709.84,72.3251,32.99,44.85,9.623,4.095,12.305,44.814,24.989,14.9069,0.1779,0.1291,0.1317,0.1292,0.2104,0.1317,0.1992,0.125,539.16,282.95,368.05,84.54,85.08,85.3275,82.3125,83.5125,82.11,43.2693,519.36,520.0,20.363,517.46,488.9,14.4991
86.75,57.6,4.4953,57.6,287.2575,357.8557,571.95,2.5998,4.5625,174.042,342.99,72.2868,709.84,19.4596,600.0,600.0,9.9863,66.2248,76.7872,2.5998,4.5625,11.1276,15.7338,9.1091,174.034,342.99,709.84,72.3239,32.99,44.826,9.623,4.105,12.305,44.85,25.011,14.9069,0.178,0.1291,0.1317,0.1292,0.2105,0.1317,0.1992,0.125,539.12,282.95,368.05,84.5775,85.0575,85.3125,82.35,83.4825,82.14,43.2719,519.36,520.0,20.3634,517.46,488.9,14.4997
86.0,57.6,4.4125,57.6,287.2125,358.4756,571.6,2.5998,4.56,174.15,342.99,72.287,709.84,19.4596,600.0,599.82,9.9865,66.2257,76.7874,2.5998,4.56,11.1277,15.734,9.1091,174.146,342.99,709.84,72.3226,32.99,44.748,9.623,4.116,12.306,44.826,25.0165,14.9155,0.1782,0.1292,0.1317,0.1292,0.2106,0.1317,0.1993,0.125,539.08,282.95,368.05,84.57,85.065,85.35,82.3125,83.445,82.155,43.282,519.3,520.0,20.3638,517.46,488.9,14.5004
86.35,57.6,4.1328,57.6,287.46,357.8901,571.75,2.5996,4.56,173.799,342.99,72.2873,709.84,19.4619,599.82,599.76,9.9866,66.2261,76.7884,2.5996,4.56,11.1278,15.7343,9.1086,173.81,342.96,709.84,72.2708,32.985,44.616,9.625,4.126,12.306,44.616,24.989,14.9158,0.1784,0.1292,0.1318,0.1292,0.2106,0.1318,0.1994,0.1251,539.04,282.95,368.05,84.615,85.0275,85.305,82.32,83.46,82.17,43.2953,519.24,520.0,20.3642,517.46,488.9,14.5011
86.775,57.6,4.6672,57.6,286.785,357.959,571.15,2.5996,4.5575,174.123,342.96,72.2882,709.76,19.4634,599.76,599.76,9.9868,66.2265,76.7889,2.5996,4.5575,11.1278,15.7345,9.1086,174.118,342.96,709.76,72.2689,32.985,44.502,9.628,4.132,12.306,44.616,24.9285,14.916,0.1784,0.1293,0.1319,0.1293,0.2108,0.1318,0.1995,0.1252,539.0,282.95,368.05,84.6225,85.0575,85.3425,82.305,83.4975,82.2,43.2953,519.24,520.0,20.3647,517.46,488.9,14.5017
86.5,57.5625,4.5156,57.6,287.1225,357.7179,571.55,2.5994,4.555,174.0555,342.96,72.2885,709.76,19.4644,599.76,599.82,9.987,66.2262,76.7902,2.5994,4.555,11.1279,15.7348,9.1091,174.048,342.93,709.76,72.267,32.985,44.352,9.631,4.129,12.308,44.502,24.8515,14.9077,0.1784,0.1294,0.1319,0.1294,0.211,0.1319,0.1997,0.1252,538.92,282.95,368.05,84.5925,85.0575,85.32,82.26,83.5125,82.215,43.3096,519.15,520.0,20.3651,517.46,488.9,14.5024
86.4,57.5625,3.9234,57.5625,286.605,357.9934,571.95,2.5992,4.5525,173.961,342.93,72.29,709.68,19.4654,599.82,599.82,9.9883,66.2273,76.7927,2.5992,4.5525,11.128,15.735,9.1086,173.964,342.93,709.68,72.2632,32.985,44.214,9.635,4.119,12.308,44.214,24.769,14.9077,0.1782,0.1294,0.132,0.1295,0.211,0.132,0.1998,0.1253,538.84,282.95,368.1,84.5475,85.08,85.2975,82.2825,83.5275,82.2075,43.3355,519.0,520.0,20.3655,517.43,488.9,14.5037
86.25,57.6,4.6141,57.525,287.3925,358.3034,571.95,2.5992,4.5525,173.7315,342.93,72.29,709.68,19.4654,599.82,599.82,9.9883,66.2273,76.7927,2.5992,4.5525,11.1281,15.7353,9.1086,173.726,342.93,709.68,72.2632,32.985,44.22,9.639,4.106,12.308,44.214,24.681,14.9077,0.178,0.1295,0.1321,0.1295,0.211,0.132,0.1998,0.1254,538.76,282.95,368.1,84.5925,85.0875,85.2675,82.3125,83.535,82.2075,43.3355,519.0,520.0,20.3659,517.43,488.87,14.5037
86.85,57.5625,4.7812,57.5625,287.0775,358.1656,571.35,2.5998,4.5525,174.015,342.93,72.2899,709.76,19.4661,599.82,599.88,9.988,66.2269,76.7915,2.5998,4.5525,11.1282,15.7355,9.1091,174.02,342.93,709.76,72.2107,32.98,44.496,9.641,4.086,12.306,44.496,24.648,14.9077,0.1776,0.1294,0.132,0.1295,0.2108,0.132,0.1995,0.1253,538.72,282.95,368.1,84.5925,85.1175,85.2525,82.365,83.5275,82.17,43.3514,518.94,520.0,20.3663,517.43,488.87,14.5044
86.65,57.5625,4.1047,57.5625,287.3925,358.2345,572.0,2.6,4.555,173.9205,342.93,72.2903,709.76,19.4661,599.88,600.12,9.9881,66.2271,76.7909,2.6,4.555,11.1282,15.7333,9.1096,173.922,342.96,709.76,72.2082,32.98,44.682,9.639,4.058,12.306,44.496,24.714,14.9077,0.1774,0.1293,0.1319,0.1294,0.2106,0.1319,0.1993,0.1252,538.68,282.95,368.1,84.6075,85.1325,85.29,82.395,83.505,82.1325,43.3514,518.94,520.0,20.3667,517.43,488.87,14.5051
86.45,57.6,4.2609,57.5625,287.4825,358.0623,571.55,2.6002,4.5575,173.799,342.96,72.2888,710.0,19.4636,600.12,600.18,9.9883,66.2273,76.7902,2.6002,4.5575,11.1283,15.7325,9.1096,173.796,342.96,710.0,72.1551,32.975,44.832,9.637,4.047,12.306,44.832,24.8075,14.9077,0.1775,0.1292,0.1319,0.1293,0.2104,0.1318,0.1992,0.1251,538.68,282.95,368.1,84.6225,85.1625,85.26,82.3875,83.505,82.11,43.3562,518.97,520.0,20.3672,517.43,488.87,14.5057
86.95,57.525,4.7312,57.525,286.74,358.7166,571.35,2.6002,4.56,173.529,342.99,72.289,710.0,19.4609,600.24,600.24,9.9879,66.2276,76.7889,2.6004,4.5625,11.1284,15.7318,9.1102,173.53,342.99,709.84,72.1488,32.975,44.964,9.633,4.063,12.306,44.964,24.89,14.9077,0.1778,0.1291,0.1318,0.1292,0.2102,0.1318,0.1991,0.1251,538.72,283.0,368.1,84.6,85.1925,85.2375,82.3725,83.4675,82.1325,43.3491,519.06,520.0,20.3676,517.43,488.87,14.5071
86.7,57.525,4.5641,57.6,286.83,358.2345,572.05,2.6004,4.5625,173.934,342.99,72.289,710.0,19.4609,600.24,600.12,9.9879,66.2276,76.7889,2.6004,4.5625,11.1285,15.7335,9.1108,173.936,342.99,710.0,72.1488,32.975,45.102,9.63,4.095,12.306,44.964,24.967,14.9077,0.1781,0.1291,0.1317,0.1292,0.2102,0.1317,0.1989,0.125,538.8,283.0,368.1,84.585,85.23,85.245,82.3875,83.4825,82.11,43.3491,519.06,520.0,20.368,517.4,488.87,14.5071
86.475,57.6,4.5953,57.5625,286.7175,357.959,571.5,2.6006,4.565,173.9745,342.99,72.2897,709.92,19.4614,600.12,600.18,9.9878,66.227,76.7877,2.6006,4.565,11.1286,15.7338,9.1108,173.978,342.99,709.92,72.1457,32.975,45.204,9.626,4.125,12.306,45.204,25.0385,14.9077,0.1784,0.1291,0.1316,0.1291,0.2101,0.1316,0.1988,0.1249,538.88,283.0,368.15,84.5475,85.2075,85.275,82.425,83.445,82.0575,43.3414,519.18,520.0,20.3684,517.4,488.84,14.5077
86.225,57.6,4.4703,57.525,287.4375,357.8901,571.5,2.6002,4.5675,174.393,343.02,72.289,710.0,19.4594,600.18,600.18,9.9876,66.2268,76.7882,2.6002,4.5675,11.1286,15.734,9.1108,174.384,343.02,710.08,72.1388,32.975,45.288,9.623,4.148,12.306,45.288,25.1045,14.9077,0.1785,0.129,0.1316,0.129,0.21,0.1315,0.1987,0.1249,538.96,283.0,368.15,84.54,85.185,85.3125,82.38,83.4075,82.0125,43.341,519.21,520.0,20.3688,517.4,488.84,14.5091
86.65,57.6,4.6547,57.525,286.8075,358.1312,572.0,2.6002,4.5675,173.583,343.02,72.289,710.0,19.4594,600.18,600.24,9.9876,66.2268,76.7882,2.6002,4.5675,11.1287,15.7343,9.1108,173.586,343.02,710.0,72.1388,32.975,45.324,9.62,4.164,12.305,45.324,25.1595,14.9077,0.1786,0.129,0.1315,0.129,0.2099,0.1315,0.1987,0.1248,539.0,283.0,368.15,84.5025,85.1925,85.35,82.3725,83.46,81.9825,43.3291,519.33,520.0,20.3692,517.4,488.84,14.5091
86.4,57.525,4.1719,57.525,286.8075,358.51,571.75,2.6002,4.5675,173.691,343.02,72.289,710.0,19.4569,600.24,600.24,9.9875,66.2267,76.7877,2.6002,4.5675,11.1288,15.7345,9.1108,173.684,343.02,710.0,72.1326,32.975,45.384,9.618,4.176,12.305,45.384,25.198,14.9077,0.1787,0.129,0.1315,0.129,0.2098,0.1315,0.1986,0.1248,539.08,283.0,368.15,84.48,85.1925,85.3275,82.3875,83.4375,82.0275,43.3206,519.42,520.0,20.3696,517.4,488.84,14.5104
86.175,57.6,4.6594,57.525,286.605,357.959,571.9,2.6002,4.5675,174.177,343.02,72.289,710.0,19.4574,600.12,600.12,9.9874,66.2266,76.7874,2.6002,4.57,11.1289,15.735,9.1108,174.188,343.02,710.0,72.1294,32.975,45.42,9.615,4.182,12.305,45.42,25.22,14.9077,0.1787,0.1289,0.1315,0.1289,0.2098,0.1314,0.1986,0.1248,539.16,283.0,368.15,84.5175,85.2225,85.305,82.3575,83.4375,81.975,43.3191,519.45,520.0,20.3705,517.4,488.84,14.5111
86.325,57.525,4.7406,57.6,286.785,358.4756,571.9,2.6002,4.57,173.907,343.02,72.289,710.0,19.4574,600.12,600.12,9.9874,66.2266,76.7874,2.6002,4.57,11.1289,15.735,9.1108,173.908,343.05,710.0,72.1294,32.975,45.414,9.613,4.185,12.305,45.42,25.242,14.9077,0.1787,0.1289,0.1315,0.1289,0.2098,0.1314,0.1986,0.1248,539.24,283.0,368.15,84.555,85.215,85.26,82.3275,83.4525,81.9525,43.3191,519.45,520.0,20.3705,517.4,488.84,14.5111
86.225,57.6,3.9031,57.5625,286.875,358.2345,571.95,2.6004,4.57,173.6235,343.05,72.289,710.0,19.4564,600.12,600.12,9.9872,66.2264,76.7859,2.6004,4.57,11.129,15.7353,9.1108,173.628,343.05,710.0,72.1232,32.975,45.408,9.612,4.189,12.305,45.408,25.253,14.9077,0.1788,0.1289,0.1315,0.1289,0.2098,0.1314,0.1986,0.1247,539.28,283.0,368.15,84.54,85.2225,85.26,82.3125,83.4525,81.96,43.3046,519.6,520.0,20.3559,517.4,488.84,14.5124
86.75,57.6,4.4313,57.5625,287.3475,358.1656,571.45,2.6004,4.57,174.0555,343.05,72.289,710.0,19.4564,600.12,600.12,9.9872,66.2264,76.7859,2.6004,4.57,11.1291,15.7355,9.1108,174.048,343.05,710.0,72.1232,32.975,45.408,9.611,4.193,12.304,45.408,25.2585,14.9077,0.1788,0.1289,0.1315,0.1289,0.2098,0.1314,0.1986,0.1247,539.36,283.0,368.15,84.57,85.2375,85.215,82.2825,83.445,81.9675,43.3046,519.63,520.0,20.3558,517.4,488.84,14.5124
86.8,57.6,4.6406,57.6,287.325,358.51,572.0,2.6004,4.57,173.475,343.05,72.289,710.0,19.4559,600.12,600.12,9.9871,66.2263,76.7854,2.6004,4.57,11.1292,15.7333,9.1108,173.474,343.05,710.0,72.1201,32.975,45.384,9.61,4.194,12.304,45.384,25.264,14.9077,0.1788,0.1289,0.1315,0.1289,0.2098,0.1314,0.1986,0.1247,539.4,283.0,368.15,84.57,85.2225,85.185,82.23,83.49,81.975,43.2964,519.69,520.0,20.3557,517.4,488.84,14.5131
86.05,57.525,4.3547,57.6,286.7625,357.9245,571.2,2.6004,4.57,174.1365,343.05,72.289,710.0,19.4549,600.12,600.12,9.987,66.2262,76.7844,2.6004,4.57,11.1293,15.7318,9.1108,174.146,343.05,710.0,72.1644,32.98,45.384,9.609,4.193,12.304,45.384,25.264,14.9077,0.1787,0.1289,0.1315,0.1289,0.2098,0.1314,0.1986,0.1247,539.48,283.0,368.15,84.6225,85.1925,85.2225,82.2675,83.535,82.005,43.2939,519.72,520.0,20.3556,517.37,488.84,14.5144
86.9,57.6,4.7578,57.6375,287.325,358.4067,571.55,2.6004,4.57,174.1635,343.05,72.289,710.0,19.4549,600.12,600.06,9.987,66.2262,76.7844,2.6004,4.57,11.1293,15.7318,9.1113,174.16,343.05,710.0,72.1644,32.98,45.342,9.609,4.19,12.304,45.342,25.2585,14.9077,0.1787,0.1289,0.1315,0.1289,0.2099,0.1314,0.1986,0.1247,539.48,283.05,368.2,84.6375,85.2,85.2,82.23,83.505,81.9825,43.295,519.72,520.0,20.3556,517.37,488.84,14.5144
86.7,57.5625,4.7203,57.525,287.325,357.7868,571.15,2.6002,4.57,173.583,343.05,72.289,710.0,19.4549,600.06,600.06,9.9868,66.226,76.7859,2.5998,4.5675,11.1295,15.7338,9.1113,173.586,343.05,710.0,72.1594,32.98,45.282,9.609,4.188,12.304,45.282,25.253,14.8991,0.1787,0.1289,0.1315,0.1289,0.2099,0.1314,0.1987,0.1248,539.52,283.05,368.2,84.6075,85.2375,85.2375,82.215,83.505,82.0275,43.2924,519.75,520.0,20.3554,517.37,488.81,14.5157
86.525,57.5625,4.3937,57.6375,286.92,357.7179,571.5,2.5998,4.5675,173.7315,343.02,72.289,710.0,19.4569,599.88,599.88,9.9867,66.2259,76.7862,2.5998,4.5675,11.1296,15.734,9.1102,173.74,343.02,710.0,72.1569,32.98,45.258,9.609,4.187,12.303,45.258,25.2365,14.8988,0.1787,0.129,0.1315,0.1289,0.2099,0.1314,0.1987,0.1248,539.52,283.05,368.2,84.615,85.215,85.1925,82.245,83.52,81.9975,43.2897,519.78,520.0,20.3553,517.37,488.81,14.5164
86.225,57.5625,3.8781,57.6,287.1675,357.959,571.65,2.5998,4.5675,173.907,343.02,72.289,710.0,19.4551,600.06,600.06,9.9866,66.2258,76.7872,2.5996,4.5675,11.1296,15.734,9.1102,173.908,343.02,710.0,72.1544,32.98,45.228,9.609,4.183,12.303,45.228,25.2145,14.8985,0.1786,0.129,0.1315,0.129,0.21,0.1315,0.1988,0.1248,539.56,283.05,368.2,84.6075,85.185,85.1775,82.245,83.5575,81.96,43.2905,519.78,520.0,20.3553,517.37,488.81,14.5171
86.625,57.6,4.2781,57.6,287.505,358.3723,571.55,2.5996,4.5675,174.258,343.02,72.2897,709.92,19.4579,599.82,599.82,9.9873,66.2258,76.7862,2.6,4.565,11.1297,15.7345,9.1102,174.258,343.02,710.0,72.1519,32.98,45.12,9.61,4.178,12.303,45.12,25.198,14.9069,0.1786,0.129,0.1316,0.129,0.2102,0.1315,0.1988,0.1248,539.56,283.05,368.2,84.555,85.2225,85.155,82.2675,83.5275,81.975,43.2952,519.75,520.0,20.3552,517.37,488.81,14.5177
86.2,57.5625,4.2578,57.5625,287.2125,358.1312,571.75,2.6,4.565,174.1905,343.02,72.2904,709.84,19.4571,599.94,599.94,9.9875,66.2264,76.7869,2.5998,4.5625,11.1298,15.7348,9.1102,174.188,343.02,709.92,72.1494,32.98,44.916,9.612,4.175,12.301,44.916,25.165,14.9069,0.1787,0.1291,0.1316,0.1291,0.2103,0.1316,0.1991,0.1249,539.52,283.05,368.2,84.57,85.1925,85.185,82.3125,83.5575,81.9825,43.3037,519.69,520.0,20.3551,517.37,488.81,14.5184
86.475,57.6,4.1062,57.525,287.5275,358.4067,572.1,2.5998,4.5625,174.0825,342.99,72.2907,709.84,19.4589,599.82,599.82,9.9876,66.2266,76.7879,2.5996,4.56,11.1298,15.7348,9.1096,174.09,342.99,709.84,72.1469,32.98,44.688,9.615,4.176,12.301,44.688,25.0935,14.9069,0.1788,0.1292,0.1317,0.1292,0.2106,0.1317,0.1993,0.125,539.44,283.05,368.2,84.525,85.14,85.2225,82.335,83.5875,82.0125,43.3162,519.6,520.0,20.3551,517.37,488.81,14.5191
86.825,57.5625,4.4281,57.525,286.74,357.8212,571.55,2.5996,4.56,173.6235,342.96,72.2909,709.84,19.4604,599.76,599.76,9.9878,66.2268,76.7884,2.5996,4.56,11.13,15.7353,9.1091,173.614,342.96,709.84,72.1444,32.98,44.466,9.62,4.175,12.301,44.466,24.9945,14.9069,0.1788,0.1293,0.1318,0.1293,0.2107,0.1318,0.1995,0.1251,539.4,283.05,368.2,84.5475,85.11,85.2675,82.3275,83.595,82.0425,43.3254,519.54,520.0,20.37,517.37,488.81,14.5197
86.5,57.6,4.0859,57.6375,286.7625,357.9934,571.35,2.5996,4.56,173.394,342.96,72.2909,709.84,19.4604,599.76,599.82,9.9878,66.2268,76.7884,2.5996,4.56,11.13,15.7353,9.1091,173.39,342.96,709.84,72.1444,32.98,44.7,9.625,4.163,12.303,44.7,24.8735,14.9069,0.1783,0.1292,0.1318,0.1293,0.2105,0.1318,0.1993,0.1251,539.32,283.05,368.2,84.5475,85.1175,85.2525,82.2975,83.6325,82.0125,43.331,519.51,520.0,20.37,517.37,488.81,14.5197
86.6,57.525,4.5,57.6,286.92,358.1656,571.75,2.5998,4.5625,174.1095,342.99,72.2893,710.08,19.4599,599.94,599.94,9.9874,66.2263,76.7877,2.6,4.565,11.13,15.7355,9.1102,174.104,342.99,710.0,72.1394,32.98,44.982,9.625,4.125,12.303,44.982,24.8845,14.898,0.1776,0.1291,0.1317,0.1292,0.2102,0.1317,0.199,0.125,539.32,283.05,368.25,84.585,85.14,85.275,82.3125,83.6175,82.0125,43.333,519.51,520.0,20.3704,517.37,488.81,14.5211
86.8,57.5625,4.625,57.525,287.055,358.51,571.8,2.6,4.565,173.448,342.99,72.2892,710.08,19.4571,600.18,600.18,9.9873,66.2263,76.7869,2.6002,4.5675,11.1302,15.7325,9.1108,173.446,342.99,710.08,72.1369,32.98,45.132,9.622,4.084,12.303,45.132,24.9725,14.8977,0.1775,0.129,0.1316,0.1291,0.21,0.1316,0.1988,0.1249,539.28,283.05,368.25,84.57,85.1475,85.26,82.2975,83.61,81.9675,43.3274,519.57,520.0,20.3712,517.37,488.81,14.5217
86.4,57.5625,4.0156,57.5625,287.4375,357.9934,571.5,2.6002,4.5675,173.5155,342.99,72.2897,710.0,19.4571,600.18,600.24,9.9873,66.2262,76.7859,2.6004,4.57,11.1302,15.7325,9.1108,173.516,343.02,710.08,72.1369,32.98,45.294,9.619,4.077,12.303,45.294,25.0715,14.8977,0.1777,0.1289,0.1316,0.129,0.2099,0.1315,0.1987,0.1248,539.32,283.05,368.25,84.525,85.1625,85.29,82.3425,83.58,81.9525,43.3216,519.63,520.0,20.3712,517.37,488.81,14.5217
86.975,57.6,3.9609,57.5625,286.695,357.7179,571.45,2.6004,4.57,174.3255,343.05,72.289,710.08,19.4561,600.12,600.12,9.9871,66.2261,76.7854,2.6004,4.5725,11.1262,15.7335,9.1108,174.328,343.05,710.0,72.0806,32.975,45.462,9.615,4.102,12.301,45.462,25.165,14.906,0.178,0.1289,0.1315,0.1289,0.2098,0.1314,0.1985,0.1247,539.4,283.1,368.25,84.525,85.1475,85.275,82.2975,83.58,81.975,43.3194,519.66,520.0,20.3565,517.37,488.81,14.5231
86.7,57.6,4.8219,57.525,287.055,357.7868,571.85,2.6004,4.5725,174.231,343.05,72.2889,710.08,19.4549,600.18,600.18,9.9871,66.226,76.7842,2.6006,4.5725,11.1251,15.7338,9.1113,174.23,343.05,710.08,72.0775,32.975,45.564,9.611,4.136,12.301,45.564,25.264,14.906,0.1784,0.1288,0.1314,0.1288,0.2097,0.1314,0.1984,0.1247,539.44,283.1,368.25,84.51,85.14,85.26,82.3125,83.5875,82.02,43.317,519.69,520.0,20.3565,517.37,488.81,14.5237
86.15,57.5625,4.0687,57.6,286.56,358.1312,571.5,2.6006,4.5725,173.988,343.05,72.2888,710.08,19.4541,600.18,600.18,9.987,66.2259,76.7834,2.6006,4.575,11.127,15.734,9.1113,173.978,343.05,710.08,72.125,32.98,45.624,9.608,4.168,12.301,45.624,25.3465,14.906,0.1787,0.1288,0.1314,0.1288,0.2096,0.1314,0.1984,0.1246,539.48,283.1,368.25,84.51,85.14,85.23,82.32,83.61,81.9975,43.3107,519.75,520.0,20.3564,517.37,488.81,14.5244
86.775,57.525,4.1937,57.6,286.785,357.6835,571.7,2.6006,4.575,174.177,343.08,72.2887,710.08,19.4534,600.18,600.18,9.9869,66.2258,76.7827,2.6006,4.575,11.1271,15.7343,9.1113,174.174,343.08,710.08,72.1225,32.98,45.666,9.605,4.193,12.303,45.666,25.3905,14.906,0.1788,0.1288,0.1313,0.1288,0.2096,0.1313,0.1983,0.1246,539.52,283.1,368.25,84.495,85.1325,85.2075,82.35,83.64,82.0425,43.3042,519.81,520.0,20.3563,517.37,488.81,14.5251
86.5,57.5625,4.6312,57.5625,287.1675,357.9245,571.4,2.6006,4.575,173.124,343.08,72.2886,710.08,19.4541,600.06,600.06,9.9868,66.2258,76.7834,2.6002,4.575,11.1303,15.7345,9.1113,173.124,343.08,710.08,72.12,32.98,45.666,9.602,4.208,12.303,45.666,25.418,14.906,0.1789,0.1288,0.1313,0.1287,0.2094,0.1313,0.1983,0.1246,539.6,283.1,368.25,84.5325,85.1325,85.2225,82.3575,83.535,81.9975,43.29,519.93,520.0,20.3562,517.37,488.81,14.5257
86.825,57.5625,4.1594,57.6,286.8075,358.4756,571.1,2.6002,4.575,173.907,343.08,72.2884,710.08,19.4539,600.06,600.06,9.9867,66.2257,76.7832,2.6002,4.575,11.1285,15.7348,9.1113,173.908,343.08,710.08,72.1175,32.98,45.702,9.601,4.215,12.303,45.702,25.429,14.906,0.1789,0.1288,0.1313,0.1287,0.2095,0.1313,0.1983,0.1246,539.72,283.1,368.25,84.5325,85.1325,85.2225,82.3575,83.535,81.9975,43.2865,519.96,520.0,20.3562,517.37,488.81,14.5264
86.7,57.5625,4.4594,57.6,286.785,358.1312,571.95,2.6002,4.575,174.069,343.08,72.2883,710.08,19.4536,600.06,600.06,9.9866,66.2256,76.7829,2.6002,4.575,11.1286,15.735,9.1113,174.076,343.08,710.08,72.1656,32.985,45.696,9.599,4.215,12.303,45.696,25.429,14.906,0.1789,0.1288,0.1313,0.1287,0.2095,0.1313,0.1983,0.1245,539.76,283.1,368.25,84.5625,85.1025,85.2675,82.365,83.55,81.975,43.2791,520.02,520.0,20.3561,517.37,488.81,14.5271
86.825,57.6,3.8547,57.6,286.9875,358.0967,571.85,2.6002,4.575,174.0555,343.08,72.2882,710.08,19.4534,600.06,600.0,9.9866,66.2255,76.7827,2.6002,4.575,11.1255,15.7353,9.1113,174.048,343.08,710.08,72.1638,32.985,45.588,9.598,4.214,12.303,45.654,25.4455,14.8974,0.1789,0.1288,0.1313,0.1287,0.2096,0.1313,0.1983,0.1245,539.8,283.1,368.3,84.4875,85.11,85.2375,82.35,83.5575,81.93,43.2791,520.02,520.0,20.356,517.37,488.81,14.5277
86.5,57.525,4.4,57.525,287.3475,358.5789,572.0,2.6002,4.575,174.0555,343.08,72.2881,710.08,19.4539,600.0,600.0,9.9865,66.2254,76.7832,2.6,4.575,11.1275,15.7355,9.1113,174.048,343.08,710.08,72.1619,32.985,45.588,9.598,4.216,12.303,45.588,25.4455,14.8971,0.1789,0.1288,0.1313,0.1287,0.2097,0.1313,0.1984,0.1246,539.84,283.1,368.3,84.4875,85.11,85.2375,82.35,83.5575,81.93,43.2752,520.05,520.0,20.3559,517.37,488.81,14.5284
86.3,57.5625,4.5953,57.6,287.145,358.3723,572.0,2.6,4.5725,173.178,343.08,72.2879,710.08,19.4539,600.0,600.0,9.9864,66.2253,76.7832,2.6,4.5725,11.1276,15.7333,9.1108,173.18,343.05,710.08,72.16,32.985,45.486,9.599,4.215,12.303,45.516,25.396,14.8969,0.1788,0.1288,0.1314,0.1288,0.2096,0.1314,0.1985,0.1246,539.88,283.1,368.3,84.4725,85.095,85.17,82.29,83.49,81.915,43.2675,520.11,520.0,20.3558,517.37,488.81,14.5184
86.3,57.5625,4.5953,57.6,287.145,358.3723,572.0,2.6,4.5725,173.178,343.05,72.2878,710.08,19.4539,600.0,600.0,9.9863,66.2253,76.7832,2.6,4.5725,11.1308,15.7325,9.1108,173.18,343.05,710.08,72.2087,32.99,45.486,9.599,4.215,12.303,45.486,25.396,14.9052,0.1788,0.1288,0.1314,0.1288,0.2096,0.1314,0.1985,0.1246,539.88,283.1,368.3,84.4725,85.095,85.17,82.29,83.49,81.915,43.2633,520.14,520.0,20.3558,517.37,488.81,14.5184
86.325,57.6,4.0328,57.6,286.6725,358.5444,572.0,2.6,4.5725,174.1905,343.05,72.2877,710.08,19.4539,600.0,599.94,9.9862,66.2252,76.7832,2.6,4.5725,11.129,15.7318,9.1108,174.188,343.05,710.08,72.2075,32.99,45.432,9.6,4.196,12.301,45.48,25.363,14.9052,0.1786,0.1288,0.1314,0.1288,0.2098,0.1314,0.1985,0.1247,539.96,283.1,368.3,84.5025,85.035,85.275,82.2525,83.475,81.945,43.2627,520.14,520.0,20.3557,517.37,488.81,14.5184
86.325,57.6,4.0328,57.6,286.6725,358.5444,572.0,2.6,4.5725,174.1905,343.05,72.2882,710.0,19.4546,599.94,599.94,9.9861,66.2251,76.7832,2.6,4.5725,11.129,15.7335,9.1108,174.188,343.05,710.08,72.2062,32.99,45.432,9.6,4.196,12.301,45.432,25.363,14.9052,0.1786,0.1288,0.1314,0.1288,0.2098,0.1314,0.1985,0.1247,539.96,283.1,368.3,84.555,85.0275,85.2675,82.26,83.445,81.945,43.2659,520.11,520.0,20.3556,517.37,488.81,14.5184
86.675,57.525,4.5922,57.5625,287.5275,358.0967,571.75,2.5998,4.57,173.4885,343.05,72.2882,710.0,19.4549,599.94,599.88,9.9861,66.225,76.7839,2.5998,4.57,11.126,15.7338,9.1102,173.488,343.05,710.0,72.205,32.99,45.234,9.603,4.188,12.303,45.348,25.319,14.9052,0.1787,0.1289,0.1315,0.1289,0.2099,0.1314,0.1988,0.1247,539.88,283.1,368.3,84.6,85.065,85.26,82.2525,83.4375,81.9075,43.273,520.05,520.0,20.3555,517.37,488.81,14.5184
86.675,57.525,4.5922,57.5625,287.5275,358.0967,571.75,2.5998,4.57,173.4885,343.05,72.2882,710.0,19.4559,599.88,599.88,9.986,66.2249,76.7842,2.5998,4.5675,11.128,15.734,9.1102,173.488,343.05,710.0,72.2037,32.99,45.234,9.603,4.188,12.303,45.234,25.319,14.9052,0.1787,0.1289,0.1315,0.1289,0.2099,0.1314,0.1988,0.1247,539.88,283.1,368.3,84.6,85.065,85.26,82.2525,83.4375,81.9075,43.2728,520.05,520.0,20.3555,517.37,488.81,14.5184
86.475,57.6,3.9078,57.525,287.2575,358.2,572.0,2.5996,4.565,174.366,343.02,72.2888,709.92,19.4571,599.82,599.76,9.9866,66.2248,76.7852,2.5996,4.565,11.128,15.7343,9.1102,174.37,343.02,709.92,72.2025,32.99,44.934,9.607,4.182,12.303,45.144,25.209,14.9052,0.1787,0.129,0.1316,0.129,0.2103,0.1315,0.1991,0.1249,539.8,283.05,368.25,84.6375,85.1175,85.3575,82.1925,83.4525,81.9,43.2801,519.99,520.0,20.3554,517.37,488.81,14.5184
86.675,57.6,4.5656,57.6,287.19,357.9934,572.05,2.5994,4.5625,173.4885,343.02,72.289,709.92,19.4586,599.76,599.82,9.9868,66.2255,76.7864,2.5994,4.5625,11.1281,15.7345,9.1102,173.488,342.99,709.92,72.2012,32.99,44.664,9.611,4.177,12.303,44.934,25.1265,14.9052,0.1788,0.1292,0.1317,0.1292,0.2105,0.1317,0.1993,0.125,539.68,283.05,368.25,84.6825,85.0725,85.38,82.2375,83.445,81.885,43.2914,519.9,520.0,20.3553,517.37,488.81,14.5184
86.65,57.5625,4.1672,57.5625,286.5825,358.2689,571.35,2.5994,4.5625,174.0285,342.99,72.2891,709.92,19.4589,599.82,599.88,9.987,66.2257,76.7872,2.5994,4.5625,11.1282,15.7348,9.1091,174.034,342.99,709.92,72.2,32.99,44.898,9.617,4.172,12.303,44.664,25.0055,14.9052,0.1784,0.1291,0.1317,0.1292,0.2103,0.1317,0.1991,0.125,539.64,283.05,368.25,84.6675,85.0575,85.395,82.2075,83.4675,81.885,43.2994,519.84,520.0,20.3552,517.37,488.81,14.5184
86.65,57.5625,4.1672,57.5625,286.5825,358.2689,571.35,2.5994,4.5625,174.0285,342.99,72.2892,709.92,19.4589,599.88,599.88,9.9871,66.2258,76.7857,2.6,4.565,11.1283,15.735,9.1091,174.034,342.99,709.92,72.1987,32.99,44.898,9.617,4.172,12.303,44.898,25.0055,14.9052,0.1784,0.1291,0.1317,0.1292,0.2103,0.1317,0.1991,0.125,539.64,283.05,368.25,84.645,85.02,85.395,82.245,83.4975,81.885,43.3075,519.78,520.0,20.3552,517.37,488.81,14.5184
86.075,57.6,4.8344,57.5625,286.83,357.7179,571.95,2.6,4.565,174.3795,342.99,72.2893,709.92,19.4586,599.94,599.94,9.9866,66.2253,76.7857,2.6,4.565,11.1283,15.7353,9.1102,174.37,343.02,709.92,72.1975,32.99,45.024,9.617,4.11,12.303,44.988,25.055,14.9052,0.1778,0.129,0.1316,0.1291,0.2102,0.1316,0.199,0.1249,539.52,283.05,368.2,84.66,85.0725,85.35,82.2825,83.52,81.9375,43.3122,519.75,520.0,20.3551,517.37,488.81,14.5184
86.075,57.6,4.8344,57.5625,286.83,357.7179,571.95,2.6,4.565,174.3795,343.02,72.2894,709.92,19.4589,599.94,599.94,9.9872,66.2252,76.7857,2.6,4.565,11.1284,15.7355,9.1102,174.37,343.02,709.92,72.1962,32.99,45.024,9.617,4.11,12.303,45.024,25.055,14.9052,0.1778,0.129,0.1316,0.1291,0.2102,0.1316,0.199,0.1249,539.52,283.05,368.2,84.66,85.0725,85.35,82.2825,83.52,81.9375,43.3207,519.69,520.0,20.355,517.37,488.81,14.5184
86.65,57.5625,4.2656,57.6,286.92,358.2689,572.0,2.6,4.565,174.15,343.02,72.2896,709.92,19.4591,599.94,600.0,9.9866,66.2251,76.7857,2.6,4.565,11.1285,15.7333,9.1102,174.146,343.02,709.92,72.195,32.99,45.126,9.616,4.105,12.303,44.958,25.077,14.9052,0.1781,0.129,0.1316,0.1291,0.2102,0.1316,0.199,0.1249,539.48,283.05,368.2,84.6225,85.0575,85.35,82.275,83.5125,81.9225,43.3219,519.69,520.0,20.3549,517.37,488.81,14.5184
86.575,57.6,4.0016,57.5625,287.3925,358.51,571.75,2.6002,4.5675,174.15,343.02,72.2897,709.92,19.4586,600.0,600.0,9.9866,66.225,76.7849,2.6002,4.5675,11.1286,15.7325,9.1102,174.146,343.02,709.92,72.1431,32.985,45.15,9.615,4.135,12.303,45.126,25.1155,14.9052,0.1783,0.129,0.1316,0.129,0.2102,0.1315,0.1988,0.1248,539.44,283.05,368.2,84.57,85.0425,85.3575,82.2525,83.5425,81.9,43.3269,519.66,520.0,20.3549,517.37,488.81,14.5184
86.575,57.6,4.0016,57.5625,287.3925,358.51,571.75,2.6002,4.5675,174.15,343.02,72.2898,709.92,19.4586,600.0,600.0,9.9865,66.2249,76.7847,2.6002,4.5675,11.1287,15.7318,9.1102,174.146,343.02,709.92,72.1413,32.985,45.15,9.615,4.135,12.303,45.15,25.1155,14.9052,0.1783,0.129,0.1316,0.129,0.2102,0.1315,0.1988,0.1248,539.44,283.05,368.2,84.57,85.0875,85.38,82.305,83.55,81.87,43.3283,519.66,520.0,20.3548,517.37,488.81,14.5184
86.9,57.525,4.0875,57.525,287.0325,358.4411,571.95,2.6002,4.5675,174.339,343.02,72.2893,710.0,19.4586,600.0,600.06,9.9864,66.2248,76.7844,2.6002,4.5675,11.1287,15.7335,9.1108,174.342,343.02,710.0,72.1394,32.985,45.33,9.615,4.157,12.303,45.108,25.1485,14.9052,0.1784,0.129,0.1315,0.129,0.21,0.1315,0.1987,0.1248,539.48,283.05,368.2,84.555,85.08,85.335,82.2825,83.55,81.84,43.3222,519.72,520.0,20.3547,517.37,488.81,14.5184
86.9,57.525,4.0875,57.525,287.0325,358.4411,571.95,2.6002,4.5675,174.339,343.02,72.2893,710.0,19.4579,600.06,600.06,9.9863,66.2255,76.7857,2.5998,4.57,11.1288,15.7338,9.1108,174.342,343.02,710.0,72.1375,32.985,45.33,9.615,4.157,12.303,45.33,25.1485,14.9052,0.1784,0.129,0.1315,0.129,0.21,0.1315,0.1987,0.1248,539.48,283.05,368.2,84.555,85.08,85.335,82.2825,83.55,81.84,43.3233,519.72,520.0,20.3697,517.37,488.81,14.5184
86.95,57.525,4.0422,57.5625,286.92,358.3034,571.65,2.5998,4.57,174.2175,343.05,72.2887,710.08,19.4569,600.12,600.12,9.9862,66.2257,76.7852,2.6,4.5725,11.1289,15.734,9.1102,174.216,343.05,710.0,72.1356,32.985,45.462,9.612,4.157,12.303,45.462,25.2035,14.9052,0.1783,0.1289,0.1315,0.1289,0.2098,0.1314,0.1985,0.1247,539.48,283.05,368.2,84.525,85.1025,85.3575,82.275,83.6025,81.8475,43.3244,519.72,520.0,20.3701,517.37,488.81,14.5184
86.375,57.5625,4.5281,57.5625,286.65,357.8557,571.8,2.6,4.5725,174.2985,343.05,72.2886,710.08,19.4564,600.12,600.18,9.9861,66.2251,76.7852,2.6,4.5725,11.129,15.7343,9.1102,174.3,343.05,710.08,72.1337,32.985,45.594,9.606,4.165,12.303,45.552,25.3465,14.9052,0.1785,0.1288,0.1313,0.1288,0.2097,0.1313,0.1984,0.1246,539.52,283.05,368.2,84.51,85.125,85.335,82.2675,83.6025,81.84,43.3218,519.75,520.0,20.3705,517.37,488.81,14.5184
86.375,57.5625,4.5281,57.5625,286.65,357.8557,571.8,2.6,4.5725,174.2985,343.05,72.2884,710.08,19.4551,600.18,600.18,9.9861,66.225,76.7829,2.6006,4.5725,11.129,15.7345,9.1102,174.3,343.05,710.08,72.1825,32.99,45.594,9.606,4.165,12.303,45.594,25.3465,14.9052,0.1785,0.1288,0.1313,0.1288,0.2097,0.1313,0.1984,0.1246,539.52,283.05,368.2,84.51,85.125,85.335,82.2675,83.6025,81.84,43.3191,519.78,520.0,20.3559,517.37,488.81,14.5184
86.2,57.5625,4.2609,57.5625,287.5275,358.1312,571.9,2.6006,4.5725,173.151,343.08,72.2883,710.08,19.4544,600.18,600.18,9.986,66.2249,76.7822,2.6006,4.575,11.1291,15.7348,9.1113,173.152,343.08,710.08,72.1812,32.99,45.606,9.604,4.181,12.304,45.606,25.385,14.9052,0.1787,0.1288,0.1313,0.1288,0.2095,0.1313,0.1984,0.1246,539.56,283.05,368.2,84.54,85.0425,85.305,82.26,83.5875,81.84,43.3049,519.9,520.0,20.3558,517.37,488.81,14.5184
86.575,57.5625,4.5406,57.5625,287.3025,357.7868,571.1,2.6006,4.575,173.178,343.08,72.2882,710.08,19.4536,600.18,600.18,9.9859,66.2248,76.7814,2.6006,4.575,11.1292,15.735,9.1113,173.18,343.08,710.08,72.18,32.99,45.666,9.6,4.205,12.304,45.66,25.4125,14.9052,0.1788,0.1288,0.1313,0.1287,0.2094,0.1313,0.1983,0.1246,539.72,283.05,368.2,84.5175,85.0725,85.3575,82.2975,83.5275,81.87,43.3016,519.93,520.0,20.3557,517.37,488.81,14.5184
86.575,57.5625,4.5406,57.5625,287.3025,357.7868,571.1,2.6006,4.575,173.178,343.08,72.2881,710.08,19.4529,600.18,600.18,9.9858,66.2247,76.7822,2.6002,4.575,11.1293,15.7353,9.1113,173.18,343.08,710.08,72.1787,32.99,45.666,9.6,4.205,12.304,45.666,25.4125,14.9052,0.1788,0.1288,0.1313,0.1287,0.2094,0.1313,0.1983,0.1246,539.72,283.05,368.2,84.5175,85.0725,85.3575,82.2975,83.5275,81.87,43.2868,520.05,520.0,20.3556,517.37,488.81,14.5184
86.475,57.6,4.0859,57.6,286.92,358.1656,571.35,2.6002,4.575,173.5155,343.08,72.2879,710.08,19.4536,600.06,600.06,9.9857,66.2247,76.7819,2.6002,4.575,11.1294,15.7355,9.1108,174.244,343.08,710.08,72.1775,32.99,45.678,9.6,4.209,12.304,45.702,25.44,14.9052,0.1788,0.1288,0.1313,0.1287,0.2096,0.1313,0.1983,0.1246,539.84,283.05,368.2,84.6,85.0875,85.365,82.35,83.49,81.8775,43.2866,520.05,520.0,20.3556,517.37,488.81,14.5184
86.65,57.6,4.4047,57.525,286.74,358.3034,571.65,2.6002,4.575,174.0825,343.08,72.2878,710.08,19.4534,600.06,600.06,9.9857,66.2246,76.7817,2.6002,4.575,11.1294,15.7333,9.1108,174.09,343.08,710.08,72.2268,32.995,45.666,9.598,4.214,12.304,45.678,25.4565,14.9052,0.1789,0.1288,0.1313,0.1287,0.2096,0.1313,0.1983,0.1245,539.92,283.05,368.2,84.5925,85.0875,85.335,82.38,83.4525,81.87,43.2789,520.11,520.0,20.3555,517.37,488.81,14.5184
86.65,57.6,4.4047,57.525,286.74,358.3034,571.65,2.6002,4.575,174.0825,343.08,72.2877,710.08,19.4531,600.06,600.06,9.9856,66.2245,76.7814,2.6002,4.575,11.1295,15.7325,9.1108,174.09,343.08,710.08,72.2262,32.995,45.666,9.598,4.214,12.304,45.666,25.4565,14.9052,0.1789,0.1288,0.1313,0.1287,0.2096,0.1313,0.1983,0.1245,539.92,283.05,368.2,84.5925,85.08,85.3725,82.4025,83.46,81.8475,43.2747,520.14,520.0,20.3554,517.37,488.81,14.5184
86.15,57.5625,4.7766,57.5625,286.7625,358.3034,571.15,2.6002,4.575,174.3255,343.08,72.2876,710.08,19.4536,600.0,600.0,9.9855,66.2244,76.7812,2.6002,4.575,11.1296,15.7318,9.1108,174.314,343.08,710.08,72.2256,32.995,45.624,9.597,4.215,12.303,45.63,25.451,14.9052,0.1788,0.1288,0.1313,0.1287,0.2097,0.1313,0.1984,0.1246,540.0,283.05,368.2,84.57,85.1175,85.4025,82.35,83.4225,81.855,43.2666,520.2,520.0,20.3553,517.37,488.81,14.5184
86.525,57.6,4.6797,57.5625,286.6275,358.4067,571.55,2.6002,4.575,173.9205,343.08,72.2875,710.08,19.4536,600.0,600.0,9.9854,66.2243,76.7809,2.6002,4.575,11.1297,15.7335,9.1102,173.908,343.08,710.08,72.225,32.995,45.558,9.597,4.211,12.303,45.624,25.4345,14.9052,0.1788,0.1288,0.1313,0.1287,0.2097,0.1313,0.1984,0.1246,540.0,283.05,368.2,84.5625,85.155,85.425,82.38,83.3925,81.8925,43.2658,520.2,520.0,20.3553,517.37,488.81,14.5184
86.525,57.6,4.6797,57.5625,286.6275,358.4067,571.55,2.6002,4.575,173.826,343.08,72.2873,710.08,19.4536,600.0,600.0,9.9853,66.2242,76.7814,2.6,4.5725,11.1298,15.7338,9.1102,173.908,343.05,710.08,72.2243,32.995,45.486,9.597,4.211,12.303,45.558,25.429,14.9052,0.1788,0.1288,0.1313,0.1287,0.2097,0.1313,0.1984,0.1246,540.0,283.05,368.2,84.57,85.125,85.3875,82.335,83.3625,81.9375,43.265,520.2,520.0,20.3552,517.37,488.81,14.5184
86.8,57.6375,3.8453,57.6375,286.7625,357.9245,571.15,2.6,4.5725,174.1095,343.05,72.2872,710.08,19.4536,600.0,599.94,9.9852,66.2249,76.7814,2.6,4.5725,11.1298,15.734,9.1102,174.104,343.05,710.08,72.2744,33.0,45.42,9.599,4.206,12.303,45.486,25.396,14.9052,0.1788,0.1288,0.1314,0.1288,0.2098,0.1314,0.1986,0.1246,540.0,283.05,368.2,84.5925,85.155,85.3425,82.305,83.3325,81.9825,43.268,520.17,520.0,20.3551,517.37,488.81,14.5184
86.025,57.5625,3.9141,57.5625,286.8525,357.9245,572.0,2.6,4.57,174.1635,343.05,72.2877,710.0,19.4544,599.94,599.94,9.9852,66.2251,76.7814,2.6,4.57,11.1299,15.7343,9.1102,174.174,343.05,710.0,72.2744,33.0,45.318,9.6,4.201,12.303,45.42,25.3575,14.9052,0.1788,0.1289,0.1314,0.1288,0.2099,0.1314,0.1987,0.1247,539.96,283.05,368.2,84.57,85.11,85.32,82.29,83.3925,81.99,43.271,520.14,520.0,20.355,517.37,488.81,14.5184
86.025,57.5625,3.9141,57.5625,286.8525,357.9245,572.0,2.6,4.57,173.286,343.05,72.2877,710.0,19.4546,599.94,599.82,9.9851,66.2252,76.7822,2.5998,4.57,11.13,15.7345,9.1102,174.174,343.05,710.0,72.2744,33.0,45.132,9.6,4.201,12.303,45.318,25.3135,14.9052,0.1788,0.1289,0.1314,0.1288,0.2099,0.1314,0.1987,0.1247,539.96,283.05,368.2,84.585,85.1025,85.32,82.2525,83.4075,81.9825,43.2742,520.11,520.0,20.355,517.37,488.81,14.5184
86.425,57.5625,4.3812,57.5625,287.37,358.0967,571.6,2.5998,4.5675,174.1635,343.05,72.2877,710.0,19.4564,599.82,599.88,9.985,66.2254,76.7824,2.5998,4.5675,11.1301,15.7348,9.1096,174.16,343.02,710.0,72.2744,33.0,45.228,9.606,4.192,12.303,45.132,25.2365,14.9052,0.1786,0.1289,0.1315,0.1289,0.2101,0.1314,0.1988,0.1248,539.92,283.05,368.2,84.6225,85.1025,85.2975,82.26,83.3775,82.005,43.2738,520.11,520.0,20.3549,517.37,488.81,14.5184
86.675,57.6,3.9078,57.6,286.8075,358.1312,571.85,2.5998,4.5675,174.15,343.02,72.2877,710.0,19.4564,599.88,599.88,9.9849,66.2248,76.7827,2.5998,4.5675,11.1301,15.735,9.1102,174.16,343.02,710.0,72.2744,33.0,45.162,9.606,4.175,12.303,45.228,25.2255,14.9052,0.1784,0.1289,0.1315,0.129,0.2101,0.1315,0.1988,0.1248,539.84,283.05,368.2,84.5775,85.08,85.2975,82.2675,83.3475,82.0425,43.2808,520.05,520.0,20.3548,517.37,488.81,14.5184
86.225,57.5625,4.6984,57.5625,286.7175,358.3034,571.9,2.5996,4.5675,174.5685,343.02,72.2883,709.92,19.4569,599.88,599.94,9.9848,66.2247,76.7837,2.5996,4.5675,11.1271,15.7353,9.1102,174.566,343.02,709.92,72.2744,33.0,45.024,9.608,4.16,12.304,45.162,25.209,14.9052,0.1784,0.129,0.1316,0.129,0.2103,0.1315,0.199,0.1248,539.8,283.05,368.2,84.5325,85.11,85.305,82.2225,83.325,82.065,43.2882,519.99,520.0,20.3547,517.37,488.81,14.5184
86.05,57.6,4.275,57.6,287.3475,358.4756,571.25,2.5994,4.565,173.745,343.02,72.2885,709.92,19.4566,599.94,599.88,9.9862,66.2247,76.7849,2.5994,4.565,11.1266,15.7355,9.1096,173.74,342.99,709.92,72.2744,33.0,44.778,9.611,4.158,12.304,45.024,25.1595,14.9052,0.1786,0.1291,0.1317,0.1291,0.2105,0.1316,0.1992,0.1249,539.68,283.05,368.2,84.555,85.1025,85.29,82.2675,83.355,82.0275,43.2995,519.9,520.0,20.3547,517.37,488.81,14.5184
86.65,57.6,4.1375,57.6,286.9425,358.5444,571.1,2.5992,4.5625,174.015,342.99,72.2892,709.84,19.4576,599.88,599.82,9.9867,66.2253,76.7864,2.5992,4.5625,11.1256,15.7333,9.1096,174.02,342.99,709.84,72.2744,33.0,44.7,9.616,4.164,12.304,44.778,25.0605,14.9052,0.1786,0.1292,0.1317,0.1292,0.2106,0.1316,0.1993,0.125,539.64,283.05,368.2,84.5475,85.0725,85.275,82.245,83.355,81.99,43.3074,519.84,520.0,20.3546,517.37,488.81,14.5184
86.35,57.5625,4.5344,57.5625,286.605,358.4411,571.65,2.5992,4.56,173.4345,342.99,72.2895,709.84,19.4589,599.82,599.76,9.9871,66.2262,76.7874,2.5992,4.56,11.1272,15.7325,9.1086,173.446,342.96,709.84,72.2744,33.0,44.598,9.619,4.158,12.304,44.7,24.9835,14.9052,0.1784,0.1292,0.1318,0.1292,0.2106,0.1318,0.1994,0.1251,539.52,283.05,368.2,84.6,85.11,85.2525,82.26,83.37,82.02,43.3193,519.75,520.0,20.3695,517.37,488.81,14.5184
86.55,57.5625,4.4875,57.5625,287.055,358.2,571.1,2.5994,4.5625,174.0825,342.96,72.2891,709.92,19.4604,599.76,599.94,9.986,66.2259,76.7877,2.5994,4.5625,11.1273,15.7318,9.1086,174.09,342.99,709.92,72.2744,33.0,45.042,9.623,4.14,12.304,44.598,24.9175,14.9052,0.1779,0.1291,0.1317,0.1292,0.2102,0.1317,0.199,0.125,539.48,283.05,368.2,84.555,85.1025,85.2075,82.2825,83.415,82.0575,43.3278,519.69,520.0,20.37,517.37,488.81,14.5184
86.275,57.6,4.7094,57.6,286.695,357.8557,571.55,2.6002,4.565,173.529,342.99,72.2892,709.92,19.4591,599.94,600.06,9.9859,66.2253,76.7854,2.6002,4.565,11.1274,15.7335,9.1102,173.53,343.02,709.92,72.2237,32.995,45.3,9.619,4.103,12.304,45.042,25.0165,14.9052,0.1775,0.1289,0.1316,0.1291,0.2099,0.1316,0.1987,0.1249,539.44,283.05,368.2,84.6,85.1475,85.2,82.3125,83.4375,82.0275,43.3328,519.66,520.0,20.3704,517.37,488.81,14.5184
86.3,57.525,4.4266,57.6,287.1,357.8901,571.2,2.6004,4.57,174.0555,343.02,72.2887,710.0,19.4579,600.06,600.3,9.9858,66.2252,76.7844,2.6004,4.57,11.1274,15.7338,9.1108,174.062,343.05,710.0,72.2231,32.995,45.528,9.615,4.081,12.304,45.3,25.154,14.9052,0.1776,0.1288,0.1315,0.1289,0.2098,0.1314,0.1985,0.1247,539.52,283.05,368.2,84.6075,85.17,85.2525,82.35,83.475,82.02,43.3267,519.72,520.0,20.3708,517.37,488.81,14.5184
86.85,57.525,3.9594,57.5625,287.4375,358.3034,571.2,2.6006,4.5725,174.2985,343.05,72.2881,710.08,19.4546,600.3,600.18,9.9857,66.2252,76.7832,2.6006,4.5725,11.1275,15.734,9.1113,174.3,343.05,710.08,72.2225,32.995,45.714,9.61,4.097,12.304,45.528,25.2805,14.9052,0.1779,0.1287,0.1314,0.1288,0.2096,0.1314,0.1983,0.1246,539.56,283.05,368.2,84.585,85.1325,85.215,82.3425,83.475,82.005,43.3241,519.75,520.0,20.3562,517.37,488.81,14.5184
86.45,57.5625,4.725,57.5625,286.92,357.9934,571.75,2.6008,4.575,173.88,343.05,72.288,710.08,19.4549,600.18,600.24,9.9849,66.2243,76.7817,2.6008,4.575,11.1276,15.7343,9.1118,173.88,343.08,710.08,72.2218,32.995,45.846,9.605,4.135,12.305,45.714,25.4015,14.9052,0.1784,0.1287,0.1313,0.1287,0.2094,0.1312,0.1982,0.1245,539.6,283.05,368.2,84.6,85.11,85.2525,82.29,83.4375,81.9675,43.3176,519.81,520.0,20.3561,517.37,488.81,14.5184
86.95,57.6375,4.6953,57.5625,286.695,358.2345,572.05,2.6004,4.5775,173.961,343.08,72.2872,710.16,19.4534,600.24,600.12,9.9846,66.224,76.7822,2.6004,4.5775,11.1277,15.7345,9.1118,173.95,343.08,710.16,72.2212,32.995,45.972,9.6,4.178,12.305,45.846,25.5005,14.9052,0.1787,0.1286,0.1312,0.1286,0.2093,0.1311,0.198,0.1244,539.68,283.05,368.2,84.585,85.065,85.305,82.29,83.4225,81.9525,43.3071,519.9,520.0,20.356,517.37,488.81,14.5184
86.925,57.5625,4.2109,57.5625,287.19,358.2345,571.6,2.6004,4.58,174.3525,343.08,72.287,710.16,19.4539,600.12,600.18,9.9842,66.2237,76.7817,2.6004,4.58,11.1278,15.7348,9.1118,174.356,343.11,710.16,72.2206,32.995,46.044,9.596,4.21,12.305,45.972,25.5775,14.9052,0.1789,0.1286,0.1311,0.1286,0.2093,0.1311,0.198,0.1244,539.8,283.05,368.25,84.5475,85.065,85.2675,82.3125,83.4,81.9825,43.2962,519.99,520.0,20.3559,517.37,488.81,14.5184
86.825,57.6,4.0187,57.6,287.0775,358.2,571.8,2.6004,4.58,174.177,343.11,72.2867,710.16,19.4526,600.18,600.18,9.9847,66.2241,76.7812,2.6004,4.58,11.1278,15.735,9.1113,174.174,343.11,710.16,72.22,32.995,46.044,9.592,4.231,12.305,46.044,25.6325,14.9052,0.1791,0.1286,0.1311,0.1285,0.2093,0.131,0.198,0.1244,539.84,283.05,368.25,84.6,85.0875,85.23,82.2975,83.4375,81.9525,43.2887,520.05,520.0,20.3559,517.37,488.81,14.5184
86.275,57.525,4.3828,57.525,287.505,357.7179,571.3,2.6004,4.58,174.339,343.11,72.2865,710.16,19.4519,600.18,600.18,9.9846,66.224,76.7807,2.6004,4.58,11.1279,15.7353,9.1113,174.328,343.11,710.16,72.2193,32.995,46.008,9.59,4.245,12.305,46.044,25.66,14.9052,0.1792,0.1286,0.1311,0.1285,0.2093,0.131,0.198,0.1244,539.92,283.05,368.2,84.6375,85.0425,85.26,82.3125,83.4075,81.9525,43.281,520.11,520.0,20.3558,517.37,488.81,14.5184
86.375,57.6,4.6594,57.525,287.145,358.3723,571.6,2.6004,4.58,173.367,343.11,72.2862,710.16,19.4511,600.18,600.12,9.9845,66.2239,76.7802,2.6004,4.58,11.128,15.7355,9.1113,173.376,343.11,710.16,72.2693,33.0,45.93,9.589,4.254,12.305,46.008,25.6545,14.9052,0.1793,0.1286,0.1311,0.1285,0.2093,0.1311,0.1981,0.1244,539.96,283.05,368.2,84.6525,85.08,85.2675,82.275,83.4225,81.9825,43.2731,520.17,520.0,20.3557,517.37,488.81,14.5184
86.675,57.525,4.2438,57.6,286.785,358.5444,571.3,2.6004,4.58,173.961,343.11,72.286,710.16,19.4511,600.12,600.12,9.9844,66.2238,76.7796,2.6004,4.58,11.1281,15.7333,9.1113,173.964,343.11,710.16,72.2693,33.0,45.888,9.589,4.257,12.305,45.93,25.6435,14.9052,0.1792,0.1287,0.1311,0.1286,0.2094,0.1311,0.1981,0.1244,540.08,283.05,368.2,84.675,85.125,85.245,82.2825,83.475,81.9825,43.2611,520.26,520.0,20.3556,517.37,488.81,14.5184
86.575,57.5625,4.7188,57.6,286.65,357.8901,571.9,2.6004,4.5775,173.988,343.11,72.2857,710.16,19.4506,600.12,600.06,9.9843,66.2237,76.7791,2.6004,4.5775,11.1281,15.7325,9.1113,173.992,343.11,710.16,72.32,33.005,45.81,9.588,4.253,12.305,45.888,25.6105,14.9052,0.1792,0.1287,0.1312,0.1286,0.2094,0.1311,0.1982,0.1244,540.12,283.05,368.2,84.705,85.155,85.275,82.2825,83.4525,82.0275,43.2563,520.29,520.0,20.3556,517.4,488.81,14.5184
86.2,57.5625,4.6422,57.5625,287.415,358.6133,571.8,2.6002,4.5775,174.231,343.11,72.2855,710.16,19.4509,600.06,600.06,9.9842,66.2237,76.7794,2.6002,4.5775,11.1282,15.7318,9.1108,174.23,343.08,710.16,72.3206,33.005,45.702,9.589,4.245,12.305,45.81,25.5885,14.9052,0.1791,0.1287,0.1312,0.1286,0.2096,0.1312,0.1983,0.1245,540.12,283.05,368.2,84.6825,85.14,85.23,82.275,83.4375,82.0125,43.2514,520.32,520.0,20.3555,517.4,488.84,14.5184
86.225,57.6,4.1562,57.6,287.4825,357.9934,571.2,2.5996,4.575,174.0555,343.08,72.2858,710.08,19.4506,600.06,600.0,9.9849,66.2236,76.7814,2.5996,4.575,11.1283,15.7335,9.1102,174.048,343.08,710.08,72.3212,33.005,45.57,9.591,4.237,12.305,45.702,25.5445,14.9052,0.179,0.1288,0.1313,0.1287,0.2097,0.1312,0.1984,0.1245,540.12,283.05,368.2,84.7125,85.17,85.2825,82.275,83.4525,81.9675,43.2538,520.29,520.0,20.3554,517.4,488.84,14.5184
86.6,57.6,4.3469,57.6,287.2125,358.5444,571.15,2.5996,4.5725,174.096,343.08,72.2857,710.08,19.4511,600.0,599.94,9.9851,66.2235,76.7819,2.5996,4.5725,11.1284,15.7338,9.1102,174.09,343.08,710.08,72.3219,33.005,45.426,9.593,4.23,12.305,45.57,25.4895,14.9052,0.179,0.1288,0.1313,0.1288,0.2098,0.1313,0.1986,0.1246,540.08,283.05,368.2,84.69,85.2,85.2375,82.2825,83.475,82.02,43.2527,520.29,520.0,20.3553,517.4,488.84,14.5184
86.15,57.5625,4.7281,57.6,287.19,357.649,571.4,2.5994,4.57,174.096,343.08,72.2862,710.0,19.4519,599.94,599.88,9.9852,66.2242,76.7831,2.5994,4.57,11.1285,15.734,9.1096,174.09,343.05,710.0,72.3731,33.01,45.192,9.596,4.22,12.305,45.426,25.4125,14.9052,0.179,0.1289,0.1314,0.1289,0.2101,0.1314,0.1988,0.1247,540.04,283.05,368.25,84.6525,85.2075,85.29,82.2525,83.43,82.005,43.259,520.23,520.0,20.3552,517.4,488.84,14.5184
86.125,57.5625,3.9781,57.525,287.01,358.3378,571.4,2.5996,4.5675,173.5965,343.05,72.2862,710.0,19.4529,599.88,599.76,9.9854,66.2243,76.7831,2.5996,4.5675,11.1285,15.7343,9.1096,173.6,343.02,710.0,72.3743,33.01,44.922,9.601,4.211,12.305,45.192,25.308,14.9052,0.179,0.129,0.1315,0.129,0.2103,0.1315,0.1991,0.1248,539.96,283.05,368.25,84.615,85.2,85.3275,82.275,83.46,81.9675,43.2656,520.17,520.0,20.3552,517.4,488.84,14.5184
86.925,57.6,3.9672,57.6,286.5825,358.4067,571.95,2.5994,4.565,173.1645,343.02,72.2868,709.92,19.4549,599.76,599.7,9.9856,66.2245,76.7844,2.5994,4.565,11.1286,15.7345,9.1091,173.166,342.99,709.92,72.3756,33.01,44.808,9.607,4.2,12.305,44.922,25.1815,14.9052,0.1787,0.1291,0.1316,0.1291,0.2103,0.1316,0.1992,0.1249,539.92,283.05,368.25,84.57,85.2375,85.2825,82.29,83.4825,81.9975,43.2724,520.11,520.0,20.3551,517.4,488.84,14.5184
86.275,57.525,4.4547,57.525,287.4375,358.2345,572.0,2.5996,4.5675,173.718,342.99,72.2863,710.0,19.4566,599.7,599.88,9.985,66.2247,76.7844,2.5996,4.5675,11.1287,15.7348,9.1096,173.712,343.02,710.0,72.3768,33.01,45.276,9.612,4.176,12.305,44.808,25.0825,14.9052,0.178,0.129,0.1316,0.129,0.2099,0.1315,0.1987,0.1248,539.84,283.05,368.25,84.5475,85.2525,85.2825,82.3275,83.505,81.9975,43.2795,520.05,520.0,20.355,517.4,488.84,14.5184
86.725,57.6375,4.8094,57.6,286.9425,357.8901,571.1,2.5998,4.57,174.2715,343.02,72.2863,710.0,19.4556,599.88,600.0,9.9849,66.2248,76.7841,2.5998,4.57,11.1288,15.735,9.1102,174.272,343.05,710.0,72.3781,33.01,45.558,9.608,4.125,12.305,45.276,25.176,14.9052,0.1774,0.1288,0.1314,0.1289,0.2098,0.1314,0.1984,0.1247,539.84,283.05,368.25,84.5025,85.23,85.32,82.32,83.4975,82.0275,43.2793,520.05,520.0,20.3549,517.4,488.84,14.5184
86.125,57.5625,4.6641,57.525,286.5375,358.2345,571.25,2.6,4.5725,174.2985,343.05,72.2857,710.08,19.4546,600.0,600.18,9.9848,66.2242,76.7836,2.6,4.5725,11.1289,15.7353,9.1102,174.3,343.05,710.08,72.3287,33.005,45.642,9.604,4.091,12.305,45.558,25.319,14.9052,0.1776,0.1287,0.1313,0.1288,0.2097,0.1313,0.1984,0.1246,539.84,283.05,368.2,84.5175,85.1775,85.335,82.2825,83.4825,81.9975,43.2828,520.02,520.0,20.3549,517.4,488.84,14.5184
86.225,57.525,4.4797,57.5625,287.1225,358.0279,571.1,2.6002,4.575,174.123,343.05,72.2856,710.08,19.4524,600.18,600.18,9.9847,66.2242,76.7829,2.6002,4.575,11.1289,15.7355,9.1108,174.118,343.08,710.08,72.3294,33.005,45.708,9.6,4.109,12.305,45.642,25.418,14.9052,0.1781,0.1287,0.1313,0.1287,0.2096,0.1313,0.1983,0.1245,539.84,283.05,368.2,84.5325,85.185,85.3275,82.2975,83.505,82.0425,43.2828,520.02,520.0,20.3548,517.4,488.84,14.5184
86.7,57.6,4.7016,57.6,287.2125,358.0279,571.25,2.6002,4.5775,173.664,343.08,72.2848,710.16,19.4516,600.18,600.06,9.9847,66.2241,76.7826,2.6002,4.5775,11.129,15.7333,9.1108,173.67,343.08,710.16,72.33,33.005,45.756,9.598,4.153,12.305,45.708,25.4785,14.9052,0.1785,0.1287,0.1312,0.1287,0.2094,0.1312,0.1983,0.1245,539.84,283.05,368.2,84.57,85.1475,85.3275,82.275,83.49,82.05,43.2789,520.05,520.0,20.3547,517.4,488.84,14.5184
86.9,57.6,4.4594,57.6,286.965,358.1312,571.85,2.6002,4.5775,174.0825,343.08,72.2846,710.16,19.4524,600.06,600.06,9.9846,66.224,76.7824,2.6002,4.5775,11.1291,15.7325,9.1113,174.076,343.08,710.16,72.3306,33.005,45.798,9.596,4.192,12.305,45.756,25.517,14.9052,0.1788,0.1287,0.1312,0.1286,0.2095,0.1312,0.1982,0.1245,539.92,283.05,368.2,84.5775,85.1625,85.3725,82.305,83.52,82.0575,43.2712,520.11,520.0,20.3546,517.4,488.84,14.5184
86.5,57.6,4.7141,57.5625,286.56,358.4067,571.05,2.6002,4.5775,173.772,343.08,72.2843,710.16,19.4521,600.06,600.06,9.9845,66.2239,76.7821,2.6002,4.5775,11.1292,15.7318,9.1113,173.782,343.08,710.16,72.3312,33.005,45.792,9.594,4.213,12.305,45.798,25.539,14.9052,0.1789,0.1287,0.1312,0.1286,0.2094,0.1312,0.1982,0.1245,539.96,283.05,368.2,84.615,85.1475,85.4025,82.3425,83.5125,82.095,43.267,520.14,520.0,20.3546,517.4,488.84,14.5184
86.625,57.5625,4.7094,57.5625,286.74,357.959,571.75,2.6002,4.5775,173.961,343.08,72.2853,710.0,19.4519,600.06,600.06,9.9844,66.2238,76.7819,2.6002,4.5775,11.1292,15.7335,9.1108,173.964,343.08,710.0,72.3319,33.005,45.768,9.593,4.223,12.305,45.792,25.55,14.9052,0.1789,0.1287,0.1312,0.1286,0.2095,0.1312,0.1982,0.1245,540.0,283.05,368.2,84.57,85.125,85.3725,82.305,83.5125,82.125,43.2589,520.2,520.0,20.3545,517.4,488.84,14.5184
86.625,57.5625,4.7812,57.525,287.2125,357.9245,571.95,2.6002,4.5775,173.9205,343.08,72.2853,710.0,19.4516,600.06,600.06,9.9843,66.2237,76.7816,2.6002,4.5775,11.1293,15.7338,9.1108,173.922,343.08,710.0,72.3325,33.005,45.714,9.593,4.225,12.305,45.768,25.539,14.9052,0.1789,0.1287,0.1312,0.1287,0.2095,0.1312,0.1983,0.1245,540.0,283.05,368.2,84.585,85.1025,85.4025,82.29,83.505,82.14,43.2581,520.2,520.0,20.3544,517.4,488.84,14.5184
86.95,57.5625,4.4875,57.6375,287.01,357.6835,571.5,2.6002,4.575,173.7855,343.08,72.2853,710.0,19.4514,600.06,600.0,9.985,66.2237,76.7814,2.6002,4.575,11.1294,15.734,9.1108,173.782,343.08,710.0,72.3837,33.01,45.642,9.593,4.224,12.305,45.714,25.5225,14.9052,0.1789,0.1287,0.1313,0.1287,0.2096,0.1312,0.1984,0.1245,540.04,283.05,368.2,84.5625,85.1025,85.44,82.29,83.4825,82.125,43.2535,520.23,520.0,20.3543,517.4,488.84,14.5184
86.475,57.5625,4.6578,57.5625,286.5375,358.51,571.8,2.6002,4.575,174.0555,343.08,72.2847,710.08,19.4519,600.0,600.0,9.9852,66.2236,76.7811,2.6002,4.575,11.1295,15.7343,9.1102,174.062,343.08,710.08,72.385,33.01,45.558,9.594,4.221,12.305,45.642,25.4895,14.9052,0.1789,0.1288,0.1313,0.1287,0.2098,0.1313,0.1984,0.1246,540.04,283.05,368.25,84.5325,85.0575,85.4475,82.26,83.5125,82.1625,43.2526,520.23,520.0,20.3543,517.4,488.84,14.5184
86.675,57.6,4.525,57.6,286.605,357.7523,571.5,2.6,4.5725,174.0015,343.08,72.2846,710.08,19.4519,600.0,599.94,9.9853,66.2235,76.7816,2.6,4.5725,11.1296,15.7345,9.1102,174.006,343.05,710.08,72.3862,33.01,45.456,9.596,4.216,12.305,45.558,25.451,14.9052,0.1789,0.1288,0.1313,0.1288,0.2098,0.1313,0.1986,0.1246,540.04,283.05,368.25,84.5175,85.0125,85.4025,82.275,83.5125,82.185,43.2517,520.23,520.0,20.3542,517.4,488.84,14.5184
86.975,57.6,3.9453,57.5625,287.3925,358.3034,571.05,2.5998,4.57,173.988,343.05,72.2851,710.0,19.4526,599.94,599.88,9.9855,66.2242,76.7824,2.5998,4.57,11.1296,15.7348,9.1102,173.992,343.05,710.0,72.3875,33.01,45.258,9.598,4.209,12.305,45.456,25.4015,14.9052,0.1789,0.1289,0.1314,0.1289,0.21,0.1314,0.1988,0.1247,540.0,283.05,368.25,84.5475,85.0125,85.365,82.29,83.46,82.1625,43.2545,520.2,520.0,20.3541,517.4,488.84,14.5184
86.45,57.525,4.4922,57.5625,287.46,358.4756,571.55,2.5996,4.5675,173.961,343.05,72.2863,709.84,19.4536,599.88,599.82,9.9857,66.2243,76.7834,2.5996,4.5675,11.1297,15.735,9.1096,173.964,343.02,709.84,72.3887,33.01,45.024,9.602,4.204,12.305,45.258,25.319,14.9052,0.1789,0.129,0.1315,0.129,0.2102,0.1315,0.199,0.1248,539.96,283.05,368.25,84.5475,85.065,85.38,82.2825,83.46,82.1325,43.2612,520.14,520.0,20.354,517.4,488.84,14.5184
86.15,57.5625,4.0547,57.6,286.605,357.7868,571.05,2.5994,4.565,174.123,343.02,72.2872,709.76,19.4549,599.82,599.7,9.9858,66.2245,76.7846,2.5994,4.565,11.1298,15.7353,9.1091,174.118,343.02,709.76,72.39,33.01,44.784,9.607,4.198,12.305,45.024,25.2145,14.9052,0.1789,0.1291,0.1316,0.1291,0.2105,0.1316,0.1992,0.1249,539.88,283.05,368.25,84.5025,85.08,85.41,82.3125,83.4975,82.14,43.2682,520.08,520.0,20.354,517.4,488.84,14.5184
86.375,57.6,4.8031,57.5625,286.83,357.7179,571.35,2.5992,4.56,173.826,343.02,72.287,709.84,19.4571,599.7,599.58,9.986,66.2254,76.7861,2.5992,4.56,11.1299,15.733,9.1086,173.838,342.99,709.84,72.3912,33.01,44.532,9.613,4.185,12.306,44.784,25.0935,14.9138,0.1787,0.1292,0.1318,0.1292,0.2107,0.1318,0.1995,0.1251,539.76,283.05,368.25,84.5025,85.0875,85.425,82.35,83.5125,82.17,43.2829,519.96,520.0,20.3539,517.4,488.84,14.5184
86.875,57.525,4.5609,57.525,287.4375,358.4756,571.1,2.599,4.5575,173.9475,342.99,72.2872,709.84,19.4599,599.58,599.58,9.9862,66.2258,76.7879,2.599,4.5575,11.1299,15.7323,9.108,173.95,342.96,709.84,72.3925,33.01,44.508,9.619,4.166,12.306,44.532,24.9615,14.9141,0.1784,0.1293,0.1318,0.1293,0.2108,0.1318,0.1995,0.1251,539.64,283.05,368.25,84.4875,85.0425,85.38,82.3275,83.4675,82.1325,43.2981,519.84,520.0,20.3538,517.4,488.84,14.5184
86.525,57.6,4.6047,57.5625,287.46,358.5444,571.65,2.599,4.5575,174.0825,342.96,72.2881,709.76,19.4616,599.58,599.76,9.9863,66.2262,76.7891,2.599,4.5575,11.13,15.7315,9.108,174.09,342.96,709.76,72.3937,33.01,44.472,9.623,4.132,12.306,44.508,24.8845,14.9144,0.178,0.1293,0.1319,0.1293,0.2108,0.1318,0.1996,0.1252,539.52,283.05,368.25,84.4725,85.0725,85.365,82.3125,83.445,82.08,43.3137,519.72,520.0,20.3688,517.4,488.84,14.5184
86.05,57.5625,4.8156,57.525,287.2125,358.4756,571.65,2.5994,4.555,174.042,342.96,72.2885,709.76,19.4611,599.76,599.7,9.9865,66.2259,76.7889,2.5994,4.555,11.1301,15.7333,9.1091,174.034,342.96,709.76,72.395,33.01,44.418,9.627,4.099,12.307,44.472,24.8405,14.906,0.1778,0.1293,0.1319,0.1294,0.2109,0.1319,0.1996,0.1252,539.4,283.05,368.25,84.5175,85.0425,85.365,82.2975,83.475,82.0425,43.3261,519.63,520.0,20.3692,517.4,488.84,14.5184
86.675,57.6375,4.1203,57.6,287.19,357.8901,571.75,2.5994,4.555,173.799,342.96,72.2888,709.76,19.4629,599.7,599.88,9.9867,66.2261,76.7896,2.5994,4.555,11.1302,15.7335,9.1091,173.81,342.96,709.76,72.3456,33.005,44.394,9.63,4.081,12.307,44.418,24.802,14.906,0.1778,0.1293,0.1319,0.1294,0.2109,0.1319,0.1996,0.1252,539.28,283.05,368.25,84.5625,85.08,85.395,82.245,83.52,82.005,43.3427,519.51,520.0,20.3696,517.4,488.84,14.5184
86.35,57.5625,3.8703,57.525,286.785,358.4756,571.35,2.5996,4.5575,173.9745,342.96,72.2892,709.76,19.4619,599.88,599.94,9.9868,66.2262,76.7896,2.5996,4.5575,11.1278,15.7338,9.1091,173.964,342.96,709.76,72.3463,33.005,44.652,9.632,4.077,12.307,44.394,24.7745,14.906,0.1776,0.1292,0.1319,0.1293,0.2106,0.1318,0.1994,0.1252,539.2,283.05,368.2,84.615,85.065,85.3575,82.2,83.52,82.0125,43.3559,519.42,520.0,20.37,517.4,488.84,14.5184
86.725,57.6,4.0422,57.6,287.01,358.3723,571.5,2.5996,4.56,174.1365,342.96,72.289,709.84,19.4616,599.94,600.0,9.987,66.2264,76.7901,2.5996,4.56,11.1268,15.734,9.1096,174.132,342.96,709.84,72.2962,33.0,44.844,9.631,4.071,12.306,44.652,24.8405,14.906,0.1776,0.1292,0.1318,0.1292,0.2105,0.1318,0.1992,0.1251,539.16,283.05,368.2,84.57,85.0575,85.32,82.185,83.52,82.05,43.362,519.39,520.0,20.3704,517.4,488.84,14.5184
86.35,57.5625,4.1484,57.6,287.01,358.4067,571.65,2.5998,4.5625,174.015,342.96,72.2892,709.84,19.4611,600.0,600.06,9.9872,66.2266,76.7899,2.5998,4.5625,11.1259,15.7343,9.1102,174.02,342.99,709.84,72.2962,33.0,44.97,9.628,4.072,12.306,44.844,24.934,14.9146,0.1777,0.1291,0.1317,0.1292,0.2103,0.1317,0.1991,0.125,539.12,283.05,368.2,84.57,85.0275,85.335,82.215,83.5575,82.08,43.3682,519.36,520.0,20.3708,517.4,488.84,14.5184
86.65,57.6,4.0969,57.5625,286.7175,358.4756,572.0,2.6004,4.5625,173.8395,342.99,72.2888,709.92,19.4604,600.06,600.12,9.9866,66.2267,76.7879,2.6004,4.5625,11.1275,15.7345,9.1108,173.838,342.99,709.92,72.2456,32.995,45.06,9.625,4.091,12.306,44.97,25.0165,14.9149,0.178,0.1291,0.1317,0.1291,0.2102,0.1317,0.199,0.1249,539.16,283.05,368.2,84.54,85.05,85.35,82.1775,83.5875,82.035,43.3708,519.36,520.0,20.3713,517.4,488.84,14.5184
86.525,57.5625,4.3172,57.6,286.7625,357.9934,571.95,2.6006,4.565,173.691,342.99,72.289,709.92,19.4594,600.12,600.12,9.9865,66.2262,76.7866,2.6006,4.565,11.1276,15.7348,9.1108,173.684,343.02,709.92,72.245,32.995,45.132,9.623,4.119,12.306,45.06,25.077,14.9152,0.1784,0.129,0.1316,0.1291,0.2101,0.1316,0.1989,0.1249,539.16,283.05,368.2,84.5475,85.1025,85.3275,82.2,83.6025,82.005,43.3659,519.42,520.0,20.3717,517.4,488.84,14.5184
86.425,57.6,4.7047,57.6,286.8975,357.8557,571.75,2.6,4.565,173.961,343.02,72.2891,709.92,19.4589,600.12,600.18,9.9864,66.2261,76.7881,2.6,4.565,11.1277,15.735,9.1102,173.964,343.02,709.92,72.2444,32.995,45.21,9.621,4.145,12.307,45.132,25.1155,14.9155,0.1785,0.129,0.1316,0.1291,0.2101,0.1316,0.1988,0.1249,539.24,283.05,368.2,84.5775,85.125,85.3425,82.17,83.58,82.005,43.3645,519.45,520.0,20.3721,517.4,488.84,14.5184
86.725,57.525,4.6766,57.525,287.415,358.3378,572.05,2.6002,4.5675,173.8125,343.02,72.2886,710.0,19.4576,600.18,600.06,9.9863,66.226,76.7874,2.6002,4.5675,11.1277,15.7353,9.1108,173.81,343.02,710.0,72.2437,32.995,45.264,9.618,4.162,12.307,45.21,25.154,14.9071,0.1786,0.129,0.1316,0.129,0.21,0.1315,0.1988,0.1248,539.28,283.05,368.2,84.5475,85.1025,85.335,82.2225,83.58,81.9975,43.3592,519.51,520.0,20.3725,517.4,488.84,14.5184
86.575,57.6,4.7953,57.6375,287.19,358.1656,571.7,2.6002,4.5675,174.096,343.02,72.2886,710.0,19.4584,600.06,600.06,9.9862,66.2259,76.7871,2.6002,4.5675,11.1278,15.733,9.1108,174.09,343.02,710.0,72.2431,32.995,45.318,9.617,4.172,12.308,45.264,25.187,14.9071,0.1786,0.129,0.1315,0.129,0.21,0.1315,0.1987,0.1248,539.32,283.05,368.2,84.5775,85.125,85.29,82.275,83.565,82.0425,43.3574,519.54,520.0,20.3729,517.4,488.84,14.5184
86.925,57.6,4.3234,57.5625,286.785,358.6478,571.2,2.6002,4.5675,174.123,343.02,72.2886,710.0,19.4581,600.06,600.06,9.9862,66.2258,76.7869,2.6002,4.5675,11.1279,15.7323,9.1108,174.118,343.02,710.0,72.2425,32.995,45.336,9.615,4.178,12.308,45.318,25.209,14.9071,0.1787,0.129,0.1315,0.1289,0.2099,0.1315,0.1987,0.1248,539.36,283.05,368.25,84.555,85.155,85.3125,82.2975,83.5575,82.035,43.3555,519.57,520.0,20.3583,517.4,488.84,14.5184
86.6,57.6,3.9719,57.5625,286.74,358.0279,571.3,2.6002,4.5675,173.961,343.02,72.2886,710.0,19.4579,600.06,600.06,9.9861,66.2257,76.7866,2.6002,4.5675,11.128,15.7315,9.1108,173.964,343.02,710.0,72.2419,32.995,45.33,9.613,4.183,12.306,45.336,25.2365,14.9071,0.1787,0.129,0.1315,0.1289,0.2099,0.1314,0.1987,0.1248,539.4,283.05,368.25,84.585,85.1175,85.32,82.2675,83.535,82.005,43.3535,519.6,520.0,20.3582,517.37,488.84,14.5184
86.8,57.525,4.2891,57.525,286.7625,358.5789,571.4,2.6002,4.5675,173.9475,343.02,72.2886,710.0,19.4576,600.06,600.06,9.986,66.2257,76.7864,2.6002,4.5675,11.128,15.7333,9.1108,173.95,343.02,710.0,72.2412,32.995,45.324,9.612,4.187,12.306,45.33,25.2475,14.9071,0.1788,0.129,0.1315,0.1289,0.2099,0.1314,0.1987,0.1248,539.44,283.05,368.25,84.5625,85.1475,85.35,82.3125,83.565,82.05,43.3476,519.66,520.0,20.3581,517.37,488.84,14.5184
86.275,57.5625,4.0859,57.5625,287.19,357.7868,571.65,2.6002,4.5675,173.7855,343.02,72.2886,710.0,19.4574,600.06,600.06,9.9859,66.2256,76.7861,2.6002,4.5675,11.1281,15.7335,9.1108,173.782,343.02,710.0,72.2406,32.995,45.3,9.612,4.19,12.306,45.324,25.242,14.9071,0.1788,0.129,0.1315,0.129,0.2099,0.1315,0.1987,0.1248,539.48,283.05,368.25,84.555,85.1625,85.3125,82.3425,83.55,82.05,43.3452,519.69,520.0,20.3581,517.37,488.81,14.5184
86.45,57.5625,4.4656,57.525,287.2125,358.3378,572.05,2.6002,4.5675,173.475,343.02,72.2886,710.0,19.4571,600.06,600.06,9.9858,66.2255,76.7859,2.6002,4.5675,11.1282,15.7338,9.1108,173.474,343.02,710.0,72.2906,33.0,45.288,9.612,4.191,12.306,45.3,25.231,14.9071,0.1788,0.129,0.1315,0.129,0.2099,0.1315,0.1987,0.1248,539.52,283.05,368.25,84.555,85.155,85.35,82.35,83.4975,82.0275,43.3427,519.72,520.0,20.358,517.37,488.81,14.5184
86.875,57.525,4.725,57.6,286.9875,358.1656,571.65,2.6002,4.5675,174.123,343.02,72.2886,710.0,19.4569,600.06,600.06,9.9857,66.2254,76.7856,2.6002,4.5675,11.1283,15.734,9.1108,174.132,343.02,710.0,72.2906,33.0,45.294,9.612,4.19,12.306,45.288,25.2255,14.9071,0.1787,0.129,0.1315,0.129,0.21,0.1315,0.1987,0.1248,539.56,283.05,368.25,84.5925,85.155,85.38,82.2975,83.49,82.005,43.3363,519.78,520.0,20.3579,517.37,488.81,14.5184
86.425,57.5625,4.7203,57.5625,287.01,358.3034,571.35,2.6002,4.5675,174.204,343.02,72.2886,710.0,19.4566,600.06,600.06,9.9857,66.2253,76.7854,2.6002,4.5675,11.1284,15.7343,9.1108,174.216,343.02,710.0,72.2906,33.0,45.258,9.611,4.186,12.306,45.294,25.22,14.9071,0.1787,0.129,0.1315,0.129,0.21,0.1315,0.1988,0.1248,539.56,283.05,368.25,84.6375,85.155,85.3875,82.305,83.4525,82.0125,43.3372,519.78,520.0,20.3578,517.37,488.81,14.5184
86.725,57.6,4.4797,57.525,286.9875,357.7523,571.7,2.6002,4.5675,174.366,343.02,72.2886,710.0,19.4564,600.06,600.0,9.9856,66.2252,76.7851,2.6002,4.5675,11.1284,15.7345,9.1108,174.37,343.02,710.0,72.2906,33.0,45.21,9.612,4.184,12.306,45.258,25.2145,14.9071,0.1787,0.129,0.1315,0.129,0.2101,0.1315,0.1988,0.1248,539.56,283.05,368.25,84.66,85.1175,85.425,82.35,83.4675,81.9675,43.3381,519.78,520.0,20.3578,517.37,488.81,14.5184
86.3,57.6,4.7469,57.5625,286.965,358.1656,571.15,2.6002,4.5675,173.367,343.02,72.2892,709.92,19.4569,600.0,600.0,9.9855,66.2252,76.7849,2.6002,4.5675,11.1285,15.7348,9.1102,173.362,343.02,709.92,72.2906,33.0,45.144,9.612,4.184,12.305,45.21,25.198,14.9071,0.1788,0.129,0.1316,0.129,0.21,0.1315,0.1989,0.1248,539.52,283.05,368.2,84.6075,85.155,85.4175,82.365,83.4675,82.0125,43.3427,519.75,520.0,20.3577,517.37,488.81,14.5184
86.25,57.5625,4.4734,57.525,287.505,358.1312,571.25,2.6002,4.5675,173.934,343.02,72.2887,710.0,19.4569,600.0,600.06,9.9854,66.2251,76.7846,2.6002,4.5675,11.1286,15.735,9.1108,173.936,343.02,710.0,72.2906,33.0,45.3,9.613,4.184,12.305,45.144,25.176,14.9071,0.1786,0.129,0.1315,0.129,0.2099,0.1315,0.1987,0.1248,539.56,283.05,368.2,84.6,85.1025,85.365,82.38,83.46,82.005,43.34,519.78,520.0,20.3576,517.37,488.81,14.5184
86.65,57.6,4.2156,57.6,286.83,357.7868,571.85,2.5998,4.5675,174.231,343.02,72.2887,710.0,19.4561,600.06,600.06,9.9853,66.225,76.7859,2.5998,4.5675,11.1287,15.7353,9.1102,174.23,343.02,710.0,72.2906,33.0,45.342,9.611,4.172,12.305,45.3,25.198,14.9071,0.1784,0.1289,0.1315,0.1289,0.2099,0.1314,0.1987,0.1248,539.6,283.05,368.2,84.63,85.14,85.3575,82.3725,83.4225,81.975,43.3371,519.81,520.0,20.3726,517.37,488.81,14.5184
86.7,57.525,3.9891,57.6,287.325,357.959,571.85,2.5998,4.57,173.637,343.02,72.2887,710.0,19.4559,600.06,600.06,9.9853,66.2249,76.7861,2.5998,4.57,11.1287,15.733,9.1108,173.642,343.05,710.0,72.2906,33.0,45.354,9.611,4.164,12.305,45.342,25.231,14.9071,0.1785,0.1289,0.1315,0.1289,0.2098,0.1314,0.1987,0.1248,539.6,283.05,368.2,84.6,85.1625,85.38,82.335,83.445,82.0125,43.3379,519.81,520.0,20.373,517.37,488.81,14.5184
86.75,57.525,3.9312,57.6,286.9425,357.8212,571.65,2.5998,4.57,173.6775,343.05,72.2887,710.0,19.4556,600.06,600.06,9.9852,66.2248,76.7864,2.5998,4.57,11.1288,15.7323,9.1108,173.684,343.05,710.0,72.2906,33.0,45.396,9.61,4.168,12.305,45.354,25.253,14.9071,0.1786,0.1289,0.1315,0.1289,0.2098,0.1314,0.1986,0.1247,539.64,283.05,368.2,84.6075,85.155,85.35,82.35,83.415,82.035,43.3349,519.84,520.0,20.3734,517.37,488.81,14.5184
86.5,57.6,4.0016,57.6,286.695,357.9245,571.55,2.6004,4.57,173.3265,343.05,72.2887,710.0,19.4554,600.06,600.12,9.9851,66.2255,76.7844,2.6004,4.57,11.1289,15.7315,9.1102,173.32,343.05,710.0,72.2906,33.0,45.432,9.609,4.176,12.305,45.396,25.2695,14.9071,0.1786,0.1289,0.1315,0.1289,0.2098,0.1314,0.1986,0.1247,539.68,283.05,368.2,84.57,85.1625,85.3425,82.29,83.43,82.0575,43.328,519.9,520.0,20.3588,517.37,488.81,14.5184
86.15,57.5625,3.9937,57.6,287.1675,357.9934,572.0,2.6004,4.57,173.61,343.05,72.2887,710.0,19.4544,600.12,600.12,9.985,66.2257,76.7839,2.6004,4.57,11.129,15.7333,9.1102,173.6,343.05,710.0,72.2906,33.0,45.492,9.608,4.182,12.305,45.432,25.286,14.9071,0.1786,0.1289,0.1314,0.1289,0.2097,0.1314,0.1985,0.1247,539.76,283.05,368.2,84.585,85.1775,85.3725,82.29,83.4375,82.02,43.3209,519.96,520.0,20.3587,517.37,488.81,14.5184
86.0,57.6375,4.4922,57.6,287.37,358.1312,571.05,2.6004,4.5725,174.1635,343.05,72.2881,710.08,19.4539,600.12,600.12,9.9849,66.2258,76.7834,2.6004,4.5725,11.1291,15.7335,9.1108,174.16,343.05,710.08,72.2906,33.0,45.54,9.606,4.186,12.305,45.492,25.3135,14.9071,0.1787,0.1289,0.1314,0.1288,0.2098,0.1314,0.1984,0.1247,539.8,283.05,368.2,84.5925,85.14,85.4025,82.2375,83.445,81.975,43.3173,519.99,520.0,20.3586,517.37,488.81,14.5184
86.7,57.6,4.1062,57.6,286.8975,357.649,571.05,2.6,4.5725,173.556,343.05,72.2879,710.08,19.4534,600.12,600.0,9.9848,66.2252,76.7844,2.6,4.5725,11.1291,15.7338,9.1108,173.558,343.05,710.08,72.2906,33.0,45.546,9.605,4.19,12.305,45.54,25.341,14.9071,0.1787,0.1288,0.1314,0.1288,0.2097,0.1314,0.1984,0.1247,539.8,283.05,368.2,84.6075,85.125,85.365,82.2075,83.4075,81.93,43.3136,520.02,520.0,20.3586,517.37,488.81,14.5184
86.025,57.5625,4.7109,57.525,286.65,358.3723,571.75,2.6,4.5725,173.934,343.05,72.2878,710.08,19.4544,600.0,600.0,9.9848,66.2252,76.7844,2.6,4.5725,11.1292,15.734,9.1108,173.936,343.05,710.08,72.2906,33.0,45.57,9.604,4.196,12.305,45.546,25.3685,14.9071,0.1788,0.1288,0.1314,0.1288,0.2097,0.1314,0.1984,0.1246,539.88,283.05,368.2,84.6375,85.155,85.365,82.1775,83.4225,81.9675,43.306,520.08,520.0,20.3585,517.37,488.81,14.5184
86.875,57.6375,4.7203,57.5625,287.3475,358.6478,571.95,2.6,4.5725,173.961,343.05,72.2877,710.08,19.4544,600.0,600.0,9.9854,66.2251,76.7844,2.6,4.5725,11.1293,15.7343,9.1108,173.964,343.05,710.08,72.2906,33.0,45.576,9.602,4.2,12.305,45.57,25.3795,14.9071,0.1788,0.1288,0.1314,0.1288,0.2097,0.1314,0.1984,0.1246,539.88,283.05,368.25,84.6675,85.11,85.395,82.215,83.3925,81.945,43.3057,520.08,520.0,20.3584,517.37,488.81,14.5184
86.05,57.6,4.8438,57.5625,287.28,358.4756,571.1,2.6,4.5725,174.015,343.05,72.2876,710.08,19.4544,600.0,600.0,9.9856,66.225,76.7844,2.6,4.5725,11.1294,15.7345,9.1113,174.006,343.05,710.08,72.2906,33.0,45.558,9.602,4.203,12.305,45.576,25.396,14.9071,0.1788,0.1288,0.1314,0.1288,0.2097,0.1314,0.1984,0.1246,539.92,283.05,368.25,84.6375,85.08,85.35,82.2,83.4525,81.915,43.3016,520.11,520.0,20.3583,517.37,488.81,14.5184
86.975,57.5625,4.1078,57.525,287.0775,357.7868,571.45,2.6,4.5725,173.745,343.05,72.2875,710.08,19.4544,600.0,600.0,9.9858,66.2249,76.7844,2.6,4.5725,11.1294,15.7348,9.1113,173.74,343.05,710.08,72.2906,33.0,45.528,9.601,4.205,12.305,45.558,25.396,14.9071,0.1788,0.1288,0.1314,0.1288,0.2097,0.1314,0.1985,0.1246,539.92,283.05,368.25,84.6675,85.1025,85.3875,82.2525,83.49,81.9075,43.3012,520.11,520.0,20.3582,517.37,488.81,14.5184
86.7,57.5625,3.9562,57.6,287.505,358.5444,571.4,2.6,4.5725,174.15,343.05,72.2873,710.08,19.4544,600.0,600.0,9.9852,66.2256,76.7844,2.6,4.5725,11.1295,15.735,9.1102,174.146,343.05,710.08,72.3413,33.005,45.498,9.601,4.206,12.305,45.528,25.3905,14.9071,0.1788,0.1288,0.1314,0.1288,0.2098,0.1314,0.1985,0.1246,539.96,283.05,368.25,84.675,85.14,85.365,82.23,83.505,81.96,43.297,520.14,520.0,20.3582,517.37,488.81,14.5184
86.575,57.5625,3.9219,57.6,287.235,357.8901,571.8,2.6,4.5725,173.0565,343.05,72.2872,710.08,19.4544,600.0,599.94,9.9851,66.2257,76.7844,2.6,4.5725,11.1296,15.7353,9.1102,173.054,343.05,710.08,72.3419,33.005,45.444,9.601,4.204,12.305,45.498,25.3795,14.9071,0.1788,0.1289,0.1314,0.1288,0.2097,0.1314,0.1986,0.1247,539.92,283.05,368.25,84.63,85.1775,85.3575,82.29,83.55,82.005,43.2964,520.14,520.0,20.3581,517.4,488.84,14.5184
86.9,57.5625,4.3094,57.5625,286.965,358.3378,571.15,2.6,4.5725,174.069,343.05,72.2871,710.08,19.4551,599.94,600.06,9.985,66.2252,76.7844,2.6,4.5725,11.1297,15.7355,9.1102,174.076,343.05,710.08,72.3425,33.005,45.69,9.602,4.202,12.305,45.444,25.363,14.9071,0.1786,0.1288,0.1313,0.1288,0.2096,0.1313,0.1983,0.1246,540.0,283.05,368.25,84.63,85.155,85.395,82.32,83.5125,81.9825,43.2921,520.17,520.0,20.358,517.4,488.84,14.5184
86.1,57.6375,4.2875,57.6,286.785,358.2689,571.1,2.6002,4.575,174.0825,343.05,72.287,710.08,19.4539,600.06,600.12,9.9842,66.2243,76.7836,2.6002,4.575,11.1298,15.7333,9.1113,174.076,343.08,710.08,72.3431,33.005,45.834,9.598,4.187,12.305,45.69,25.418,14.9071,0.1784,0.1287,0.1313,0.1287,0.2094,0.1312,0.1982,0.1245,540.0,283.05,368.25,84.585,85.155,85.395,82.275,83.49,81.9825,43.2876,520.2,520.0,20.3579,517.4,488.84,14.5184
86.475,57.525,4.5,57.6,286.8525,358.2689,571.25,2.6004,4.5775,173.5965,343.08,72.2862,710.16,19.4529,600.12,600.3,9.9838,66.224,76.7826,2.6004,4.5775,11.1298,15.7325,9.1118,173.6,343.08,710.16,72.3438,33.005,45.93,9.596,4.178,12.305,45.834,25.5005,14.9071,0.1784,0.1286,0.1312,0.1286,0.2093,0.1312,0.1981,0.1244,540.04,283.05,368.25,84.555,85.11,85.395,82.29,83.4975,81.96,43.2831,520.23,520.0,20.3579,517.4,488.84,14.5184
86.5,57.5625,4.5984,57.5625,286.83,357.6835,571.2,2.6004,4.58,173.9745,343.08,72.286,710.16,19.4501,600.3,600.18,9.9835,66.2237,76.7821,2.6004,4.58,11.1299,15.7318,9.1118,173.978,343.11,710.16,72.3444,33.005,46.026,9.592,4.185,12.305,45.93,25.572,14.9071,0.1785,0.1286,0.1311,0.1286,0.2092,0.1311,0.198,0.1244,540.12,283.05,368.25,84.5475,85.14,85.3875,82.305,83.4525,81.9975,43.2746,520.29,520.0,20.3578,517.4,488.84,14.5184
86.0,57.6,4.5844,57.6,287.3475,358.2689,571.85,2.6006,4.58,174.1905,343.11,72.2851,710.24,19.4504,600.18,600.18,9.9839,66.2241,76.7809,2.6006,4.58,11.13,15.7335,9.1113,174.188,343.11,710.24,72.345,33.005,46.074,9.589,4.202,12.305,46.026,25.627,14.9071,0.1787,0.1286,0.1311,0.1285,0.2092,0.131,0.1979,0.1243,540.16,283.05,368.25,84.5625,85.095,85.395,82.2675,83.4975,81.975,43.2659,520.35,520.0,20.3577,517.4,488.84,14.5184
86.325,57.6,4.6891,57.5625,286.7625,358.0967,571.9,2.6006,4.5825,173.8935,343.11,72.2847,710.24,19.4496,600.18,600.18,9.9838,66.224,76.7801,2.6006,4.5825,11.1301,15.7338,9.1113,173.894,343.11,710.24,72.3456,33.005,46.068,9.587,4.221,12.305,46.074,25.671,14.9071,0.1789,0.1286,0.1311,0.1285,0.2092,0.131,0.1979,0.1243,540.2,283.05,368.25,84.615,85.14,85.41,82.3125,83.5125,81.9675,43.2608,520.38,520.0,20.3576,517.4,488.84,14.5184
86.125,57.525,4.7094,57.5625,287.37,358.0623,571.2,2.6006,4.5825,173.7045,343.11,72.2843,710.24,19.4489,600.18,600.18,9.9838,66.2239,76.7794,2.6006,4.5825,11.127,15.734,9.1113,173.698,343.11,710.24,72.3463,33.005,46.05,9.585,4.237,12.305,46.068,25.6875,14.9071,0.1791,0.1286,0.1311,0.1285,0.2092,0.131,0.1979,0.1243,540.24,283.05,368.2,84.66,85.1025,85.395,82.32,83.505,82.0125,43.2517,520.44,520.0,20.3576,517.4,488.84,14.5184
86.425,57.5625,4.0984,57.5625,287.1225,357.6146,572.0,2.6006,4.5825,173.961,343.11,72.284,710.24,19.4481,600.18,600.0,9.9837,66.2238,76.7786,2.6006,4.5825,11.1259,15.7343,9.1118,173.964,343.11,710.24,72.3975,33.01,46.026,9.584,4.248,12.305,46.05,25.693,14.9071,0.1791,0.1286,0.1311,0.1285,0.2092,0.131,0.198,0.1243,540.32,283.05,368.2,84.645,85.05,85.3725,82.335,83.4975,81.96,43.2424,520.5,520.0,20.3575,517.4,488.84,14.5184
86.075,57.525,4.225,57.5625,286.6275,357.649,571.1,2.6,4.58,173.1375,343.11,72.2849,710.08,19.4496,600.0,600.0,9.9836,66.2237,76.7801,2.6,4.58,11.1278,15.7345,9.1108,173.138,343.11,710.08,72.3987,33.01,45.972,9.583,4.25,12.305,46.026,25.693,14.9071,0.1791,0.1286,0.1311,0.1285,0.2092,0.131,0.198,0.1243,540.32,283.05,368.2,84.69,85.1025,85.395,82.32,83.505,82.0125,43.2366,520.53,520.0,20.3574,517.4,488.84,14.5184
86.4,57.6,4.75,57.6,286.83,358.3723,571.85,2.6,4.58,174.312,343.11,72.2847,710.08,19.4496,600.0,600.0,9.9835,66.2237,76.7801,2.6,4.58,11.1279,15.7348,9.1108,174.314,343.11,710.08,72.4,33.01,45.948,9.584,4.249,12.305,45.972,25.682,14.9071,0.179,0.1286,0.1311,0.1285,0.2094,0.131,0.1981,0.1244,540.4,283.05,368.2,84.6825,85.1175,85.35,82.2825,83.52,82.035,43.227,520.59,520.0,20.3573,517.4,488.84,14.5184
86.775,57.6,4.2,57.525,286.65,357.9245,571.2,2.6,4.58,174.042,343.11,72.2852,710.0,19.4496,600.0,599.94,9.9834,66.2236,76.7801,2.6,4.58,11.128,15.735,9.1108,174.034,343.11,710.0,72.4519,33.015,45.846,9.583,4.242,12.305,45.948,25.66,14.9071,0.179,0.1286,0.1311,0.1286,0.2094,0.1311,0.1982,0.1244,540.4,283.05,368.25,84.675,85.095,85.35,82.245,83.475,82.08,43.2246,520.59,520.0,20.3573,517.4,488.84,14.5184
86.85,57.5625,4.1781,57.6,286.74,358.0279,571.85,2.6004,4.5775,173.7315,343.11,72.2852,710.0,19.4504,599.94,599.88,9.9833,66.2235,76.7786,2.6004,4.5775,11.128,15.7353,9.1108,173.74,343.11,710.0,72.4538,33.015,45.732,9.585,4.238,12.305,45.846,25.638,14.9071,0.179,0.1287,0.1312,0.1286,0.2095,0.1311,0.1983,0.1244,540.4,283.05,368.25,84.6675,85.05,85.38,82.2225,83.46,82.02,43.226,520.56,520.0,20.3572,517.43,488.84,14.5184
86.95,57.6,4.5531,57.5625,286.74,358.0623,571.5,2.6002,4.5775,173.4615,343.11,72.2852,710.0,19.4514,599.88,599.88,9.984,66.2234,76.7789,2.6002,4.5775,11.1281,15.733,9.1108,173.46,343.08,710.0,72.4556,33.015,45.63,9.587,4.233,12.305,45.732,25.583,14.9071,0.1789,0.1287,0.1312,0.1287,0.2096,0.1312,0.1984,0.1245,540.36,283.05,368.25,84.615,85.005,85.335,82.1925,83.4975,81.975,43.2237,520.56,520.0,20.3571,517.43,488.87,14.5184
86.925,57.5625,4.3016,57.5625,287.46,358.5444,571.65,2.5996,4.575,174.1365,343.08,72.2846,710.08,19.4519,599.88,600.0,9.9842,66.2233,76.7809,2.5996,4.575,11.1282,15.7323,9.1102,174.132,343.08,710.08,72.4575,33.015,45.54,9.589,4.226,12.305,45.63,25.528,14.9071,0.1788,0.1288,0.1313,0.1287,0.2098,0.1313,0.1985,0.1245,540.36,283.05,368.25,84.5775,85.035,85.3275,82.185,83.49,82.005,43.2215,520.56,520.0,20.357,517.43,488.87,14.5184
86.125,57.5625,4.2172,57.6,287.235,357.8901,571.65,2.5994,4.5725,174.0285,343.08,72.2845,710.08,19.4509,600.0,599.88,9.9843,66.224,76.7821,2.5994,4.5725,11.1283,15.7315,9.1102,174.02,343.05,710.08,72.4594,33.015,45.318,9.591,4.214,12.305,45.54,25.473,14.9071,0.1788,0.1288,0.1314,0.1288,0.2099,0.1314,0.1987,0.1246,540.32,283.05,368.25,84.5775,85.0425,85.35,82.1625,83.5425,82.02,43.2267,520.5,520.0,20.357,517.43,488.87,14.5184
86.8,57.6,4.7687,57.6,287.4375,358.2689,571.35,2.5998,4.57,174.339,343.05,72.2862,709.84,19.4524,599.88,599.82,9.9845,66.2242,76.7814,2.5998,4.57,11.1284,15.7333,9.1096,174.328,343.05,709.84,72.4613,33.015,45.054,9.596,4.205,12.305,45.318,25.385,14.9071,0.1789,0.1289,0.1315,0.1289,0.2102,0.1314,0.199,0.1248,540.24,283.05,368.25,84.615,85.0875,85.3725,82.2225,83.5725,82.05,43.236,520.41,520.0,20.3569,517.43,488.87,14.5184
86.075,57.6,4.6766,57.525,287.3925,357.7179,571.3,2.5996,4.565,173.556,343.05,72.2871,709.76,19.4536,599.82,599.7,9.9854,66.2243,76.7824,2.5996,4.565,11.1284,15.7335,9.1091,173.558,343.02,709.76,72.4631,33.015,44.742,9.602,4.199,12.305,45.054,25.264,14.9071,0.1789,0.1291,0.1316,0.1291,0.2105,0.1316,0.1993,0.1249,540.08,283.05,368.25,84.585,85.125,85.3425,82.26,83.5725,82.05,43.2493,520.29,520.0,20.3568,517.43,488.87,14.5184
86.575,57.525,4.5219,57.6,287.3025,357.7868,571.05,2.5994,4.565,174.1905,343.02,72.2862,709.92,19.4559,599.7,599.76,9.9851,66.2245,76.7836,2.5994,4.565,11.1285,15.7338,9.1091,174.202,342.99,709.92,72.465,33.015,44.922,9.609,4.188,12.305,44.742,25.1155,14.9071,0.1784,0.1291,0.1316,0.1291,0.2104,0.1316,0.1991,0.1249,540.0,283.05,368.25,84.615,85.14,85.3575,82.2375,83.5275,82.02,43.2632,520.17,520.0,20.3567,517.43,488.87,14.5184
86.3,57.6,3.8609,57.5625,286.7625,357.9934,571.4,2.5994,4.565,174.0825,342.99,72.2864,709.92,19.4564,599.76,599.76,9.9853,66.2247,76.7844,2.5994,4.565,11.1286,15.734,9.1091,174.09,342.99,709.92,72.4669,33.015,44.952,9.611,4.15,12.306,44.922,25.0935,14.9071,0.1779,0.129,0.1316,0.1291,0.2103,0.1316,0.1991,0.1249,539.88,283.05,368.25,84.585,85.1175,85.3875,82.29,83.5125,81.99,43.2775,520.05,520.0,20.3566,517.43,488.87,14.5184
86.225,57.525,4.6641,57.525,286.875,358.1312,571.65,2.5994,4.565,173.691,342.99,72.2865,709.92,19.4574,599.76,599.88,9.9854,66.2248,76.7851,2.5994,4.565,11.1287,15.7343,9.1091,173.684,342.99,709.92,72.4688,33.015,44.928,9.612,4.112,12.306,44.952,25.1045,14.9071,0.1778,0.129,0.1316,0.1291,0.2103,0.1316,0.1991,0.1249,539.76,283.05,368.2,84.615,85.1325,85.3725,82.2975,83.5275,81.9975,43.2849,519.99,520.0,20.3566,517.43,488.87,14.5077
86.125,57.6,4.0828,57.525,287.0775,358.4756,571.65,2.5994,4.565,173.988,342.99,72.2866,709.92,19.4569,599.88,599.94,9.9856,66.225,76.7859,2.5994,4.565,11.1288,15.7345,9.1091,173.992,342.99,709.92,72.42,33.01,44.94,9.614,4.101,12.306,44.928,25.099,14.9071,0.1779,0.129,0.1317,0.1291,0.2103,0.1316,0.1991,0.1249,539.72,283.05,368.2,84.585,85.1175,85.335,82.245,83.505,82.0125,43.2924,519.93,520.0,20.3565,517.43,488.87,14.5071
86.575,57.5625,4.0687,57.5625,286.9875,358.3723,571.45,2.5994,4.565,173.529,342.99,72.2867,709.92,19.4566,599.94,599.88,9.9858,66.2252,76.7866,2.5994,4.565,11.1288,15.7348,9.1091,173.53,342.99,709.92,72.4213,33.01,44.922,9.615,4.108,12.306,44.94,25.0935,14.9071,0.1781,0.1291,0.1317,0.1291,0.2103,0.1316,0.1991,0.1249,539.64,283.05,368.2,84.585,85.1325,85.38,82.2375,83.49,82.05,43.3002,519.87,520.0,20.3564,517.43,488.87,14.5064
86.1,57.6,4.3047,57.6,287.3025,357.7523,571.15,2.6,4.565,174.2715,342.99,72.2868,709.92,19.4576,599.88,600.0,9.9852,66.2253,76.7851,2.6,4.565,11.1289,15.735,9.1096,174.272,343.02,709.92,72.4225,33.01,45.108,9.616,4.123,12.306,44.922,25.0825,14.9158,0.1781,0.129,0.1316,0.1291,0.2102,0.1316,0.1989,0.1249,539.64,283.0,368.2,84.6,85.14,85.335,82.2,83.4525,81.99,43.3045,519.84,520.0,20.3563,517.43,488.87,14.5057
86.275,57.6,3.9406,57.5625,286.6275,358.2,571.9,2.6002,4.5675,174.3795,343.02,72.287,709.92,19.4566,600.0,600.0,9.9851,66.2247,76.7844,2.6002,4.5675,11.129,15.7353,9.1108,174.384,343.02,709.92,72.4238,33.01,45.15,9.614,4.128,12.306,45.108,25.132,14.916,0.1781,0.129,0.1316,0.129,0.2102,0.1315,0.1989,0.1248,539.56,283.0,368.15,84.5625,85.1475,85.335,82.2375,83.46,82.0425,43.3127,519.78,520.0,20.3563,517.43,488.87,14.5051
86.3,57.6,4.1953,57.6,287.46,357.6835,572.0,2.6002,4.5675,173.1645,343.02,72.2871,709.92,19.4566,600.0,599.94,9.985,66.2247,76.7841,2.6002,4.5675,11.1291,15.7355,9.1108,173.166,343.02,709.92,72.3744,33.005,45.096,9.614,4.133,12.306,45.15,25.176,14.9163,0.1783,0.129,0.1316,0.129,0.2101,0.1315,0.1989,0.1248,539.52,283.0,368.15,84.615,85.1025,85.38,82.2,83.4975,82.0875,43.3173,519.75,520.0,20.3562,517.43,488.87,14.5044
86.1,57.6,3.8844,57.525,287.4375,358.3723,571.25,2.6004,4.57,173.7855,343.02,72.2866,710.0,19.4574,599.94,600.18,9.9849,66.2246,76.7831,2.6004,4.57,11.1291,15.7333,9.1113,173.796,343.05,710.0,72.375,33.005,45.588,9.614,4.147,12.308,45.096,25.1705,14.908,0.1781,0.1289,0.1315,0.1289,0.2097,0.1314,0.1984,0.1247,539.56,283.0,368.15,84.6375,85.095,85.3575,82.245,83.4975,82.0425,43.3146,519.78,520.0,20.3561,517.43,488.87,14.5037
86.275,57.5625,4.6297,57.525,286.74,358.0279,571.7,2.6002,4.575,173.988,343.05,72.286,710.08,19.4546,600.18,600.3,9.9841,66.2245,76.7834,2.6002,4.575,11.1292,15.7325,9.1108,173.992,343.08,710.08,72.3757,33.005,45.966,9.607,4.14,12.308,45.588,25.3025,14.908,0.1778,0.1287,0.1313,0.1287,0.2093,0.1313,0.1981,0.1245,539.64,283.0,368.15,84.6225,85.11,85.395,82.275,83.4825,82.0125,43.3079,519.84,520.0,20.356,517.43,488.87,14.5031
86.875,57.6375,4.0703,57.525,286.6275,357.7179,571.1,2.6006,4.58,173.4885,343.08,72.2846,710.24,19.4524,600.3,600.42,9.9845,66.2244,76.7816,2.6006,4.58,11.1293,15.7343,9.1113,173.488,343.11,710.24,72.3763,33.005,46.284,9.599,4.132,12.308,45.966,25.4895,14.908,0.1778,0.1285,0.1311,0.1285,0.209,0.131,0.1977,0.1243,539.72,283.0,368.15,84.66,85.1175,85.4325,82.305,83.4825,82.0575,43.2973,519.93,520.0,20.356,517.43,488.87,14.5024
86.275,57.5625,4.4719,57.525,287.28,358.1656,571.4,2.6008,4.585,173.8665,343.11,72.2836,710.32,19.4496,600.42,600.36,9.9837,66.2236,76.7801,2.6008,4.585,11.1294,15.7345,9.1118,173.866,343.14,710.32,72.3769,33.005,46.578,9.591,4.152,12.306,46.284,25.682,14.908,0.1782,0.1284,0.1309,0.1284,0.2087,0.1309,0.1974,0.1242,539.88,282.95,368.1,84.6675,85.095,85.455,82.29,83.4525,82.1025,43.2788,520.08,520.0,20.3559,517.43,488.87,14.5017
86.075,57.5625,4.2516,57.6,287.01,358.2,571.95,2.6012,4.59,173.475,343.14,72.2825,710.4,19.4486,600.36,600.48,9.9833,66.2232,76.7776,2.6012,4.59,11.1295,15.7348,9.1129,173.474,343.17,710.4,72.3775,33.005,46.794,9.582,4.19,12.306,46.578,25.8525,14.908,0.1786,0.1282,0.1308,0.1282,0.2084,0.1307,0.1972,0.124,540.04,282.95,368.1,84.69,85.0875,85.4775,82.245,83.4675,82.05,43.2597,520.23,520.0,20.3558,517.43,488.87,14.5011
86.775,57.5625,4.0266,57.6,287.37,358.5444,571.45,2.6014,4.5925,173.9745,343.17,72.2831,710.24,19.4456,600.48,600.36,9.983,66.2229,76.7754,2.6014,4.5925,11.1295,15.735,9.1135,173.978,343.2,710.24,72.3782,33.005,46.968,9.574,4.232,12.306,46.794,26.001,14.9166,0.1789,0.1282,0.1307,0.1281,0.2083,0.1306,0.197,0.1239,540.24,282.95,368.1,84.6825,85.14,85.44,82.23,83.4975,82.0575,43.2362,520.41,520.0,20.3557,517.43,488.87,14.5004
86.475,57.6,4.1953,57.525,287.415,357.8212,571.5,2.6014,4.595,174.1365,343.2,72.2821,710.32,19.4451,600.36,600.42,9.9827,66.2226,76.7736,2.6014,4.595,11.1296,15.7353,9.1135,174.132,343.2,710.32,72.4294,33.01,47.04,9.567,4.27,12.306,46.968,26.1165,14.9169,0.1793,0.1281,0.1306,0.128,0.2082,0.1306,0.197,0.1238,540.4,282.95,368.1,84.6975,85.17,85.4475,82.2375,83.46,82.095,43.212,520.59,520.0,20.3557,517.43,488.87,14.4997
86.375,57.5625,4.0453,57.6375,286.875,358.4411,571.75,2.601,4.5975,174.0285,343.2,72.2816,710.32,19.4429,600.42,600.42,9.9823,66.2215,76.7734,2.601,4.5975,11.1297,15.733,9.1129,174.034,343.23,710.32,72.4306,33.01,47.04,9.562,4.3,12.306,47.04,26.199,14.9171,0.1795,0.1281,0.1305,0.128,0.2082,0.1305,0.197,0.1238,540.52,282.95,368.1,84.7275,85.1925,85.425,82.2675,83.5125,82.0425,43.1946,520.71,520.0,20.3556,517.43,488.87,14.4991
86.975,57.6,4.0406,57.525,286.515,357.959,571.0,2.601,4.5975,173.8125,343.23,72.2811,710.32,19.4411,600.42,600.36,9.982,66.2209,76.7721,2.601,4.5975,11.1298,15.7323,9.1129,173.81,343.23,710.32,72.4825,33.015,46.986,9.558,4.322,12.308,47.04,26.232,14.9088,0.1797,0.1281,0.1305,0.1279,0.2082,0.1305,0.197,0.1238,540.68,282.95,368.1,84.735,85.2225,85.4025,82.29,83.5125,82.0125,43.1767,520.83,520.0,20.3555,517.46,488.87,14.4984
86.425,57.525,4.6062,57.525,287.4375,357.7179,571.3,2.6006,4.5975,174.0555,343.23,72.2806,710.32,19.4401,600.36,600.18,9.9817,66.2203,76.7724,2.6006,4.5975,11.1298,15.734,9.1129,174.062,343.23,710.32,72.4844,33.015,46.902,9.555,4.337,12.308,46.986,26.243,14.9088,0.1797,0.1281,0.1305,0.128,0.2083,0.1305,0.1971,0.1238,540.8,282.95,368.1,84.75,85.245,85.425,82.335,83.4975,82.05,43.1583,520.95,520.0,20.3554,517.46,488.87,14.4977
86.15,57.525,4.6,57.525,287.2575,358.1656,571.55,2.6004,4.595,174.393,343.23,72.2801,710.32,19.4409,600.18,600.12,9.9813,66.2205,76.7724,2.6004,4.595,11.1299,15.7343,9.1124,174.398,343.23,710.32,72.5369,33.02,46.758,9.553,4.34,12.305,46.902,26.232,14.9088,0.1797,0.1281,0.1306,0.128,0.2086,0.1306,0.1972,0.1238,540.88,282.95,368.05,84.72,85.26,85.395,82.29,83.5425,82.0575,43.1432,521.04,520.0,20.3553,517.46,488.9,14.4971
86.5,57.6375,3.9187,57.6,286.7625,357.7179,571.95,2.6004,4.5925,174.0015,343.23,72.2796,710.32,19.4409,600.12,600.06,9.981,66.2202,76.7719,2.6004,4.5925,11.13,15.7345,9.1124,174.006,343.2,710.32,72.5394,33.02,46.548,9.554,4.338,12.305,46.758,26.1935,14.9088,0.1797,0.1282,0.1306,0.1281,0.2087,0.1306,0.1974,0.1239,540.88,282.95,368.05,84.7425,85.2825,85.365,82.305,83.58,82.0575,43.139,521.04,520.0,20.3553,517.46,488.9,14.4964
86.25,57.5625,3.8547,57.6,287.19,358.5444,571.85,2.6002,4.59,173.5965,343.2,72.2797,710.24,19.4411,600.06,600.0,9.9814,66.2198,76.7721,2.6002,4.59,11.1301,15.7348,9.1118,173.586,343.17,710.24,72.5925,33.025,46.32,9.556,4.331,12.305,46.548,26.122,14.9088,0.1797,0.1283,0.1307,0.1282,0.2089,0.1307,0.1977,0.124,540.92,282.95,368.05,84.705,85.26,85.4025,82.3125,83.5725,82.0425,43.131,521.07,520.0,20.3552,517.46,488.9,14.4957
86.8,57.5625,4.4031,57.6,286.83,357.959,571.2,2.6,4.5875,173.2455,343.17,72.2812,710.0,19.4416,600.0,599.88,9.9813,66.2195,76.7726,2.6,4.5875,11.127,15.735,9.1108,173.236,343.17,710.0,72.6463,33.03,46.104,9.559,4.319,12.305,46.32,26.0175,14.9088,0.1795,0.1284,0.1309,0.1283,0.209,0.1308,0.1979,0.1241,540.92,282.95,368.05,84.6825,85.2525,85.4325,82.32,83.535,81.9975,43.1267,521.07,520.0,20.3551,517.49,488.9,14.4951
86.55,57.5625,4.6031,57.6,287.3925,357.7868,571.85,2.5998,4.585,174.2715,343.17,72.2812,710.0,19.4431,599.88,599.82,9.9813,66.2199,76.7734,2.5998,4.585,11.1259,15.7353,9.1108,174.272,343.14,710.0,72.65,33.03,45.9,9.564,4.299,12.305,46.104,25.8965,14.9088,0.1793,0.1285,0.131,0.1284,0.2094,0.131,0.1981,0.1242,540.92,282.95,368.05,84.7275,85.23,85.395,82.3125,83.52,82.05,43.1224,521.07,520.0,20.355,517.49,488.9,14.4944
86.525,57.6,4.3734,57.5625,287.3025,358.51,571.6,2.5994,4.58,173.9745,343.14,72.2818,709.92,19.4444,599.82,599.64,9.9819,66.2206,76.7751,2.5994,4.58,11.1247,15.7355,9.1091,173.978,343.11,709.92,72.6538,33.03,45.492,9.569,4.272,12.305,45.9,25.7755,14.9088,0.1792,0.1286,0.1311,0.1286,0.2098,0.1311,0.1985,0.1244,540.84,282.95,368.05,84.7125,85.1775,85.3575,82.2675,83.55,82.0725,43.1293,520.98,520.0,20.355,517.49,488.93,14.4937
86.7,57.6,4.1578,57.5625,286.6275,358.5789,571.05,2.599,4.5725,173.853,343.11,72.2819,709.92,19.4474,599.64,599.52,9.9821,66.2207,76.7774,2.599,4.5725,11.1266,15.7333,9.1086,173.852,343.08,709.92,72.6575,33.03,45.054,9.578,4.251,12.305,45.492,25.6105,14.9088,0.1792,0.1288,0.1313,0.1288,0.2102,0.1313,0.1989,0.1246,540.68,282.9,368.05,84.675,85.155,85.3575,82.2375,83.505,82.05,43.1404,520.86,520.0,20.3549,517.49,488.93,14.4931
86.15,57.6,4.4906,57.525,286.875,358.4067,571.05,2.5986,4.5675,174.0015,343.08,72.2827,709.84,19.4504,599.52,599.34,9.983,66.2217,76.7801,2.5986,4.5675,11.1267,15.7325,9.108,174.006,343.02,709.84,72.6613,33.03,44.64,9.588,4.232,12.305,45.054,25.396,14.9088,0.179,0.129,0.1315,0.129,0.2106,0.1315,0.1993,0.1248,540.52,282.9,368.05,84.675,85.1925,85.3875,82.2675,83.55,82.035,43.1557,520.71,520.0,20.3548,517.49,488.93,14.4924
86.05,57.525,3.8547,57.525,287.28,358.4756,571.0,2.5988,4.56,174.069,343.02,72.2842,709.68,19.4546,599.34,599.34,9.9834,66.2221,76.7811,2.5988,4.56,11.1268,15.7343,9.108,174.062,342.99,709.68,72.6651,33.03,44.244,9.599,4.203,12.305,44.64,25.1705,14.9088,0.1787,0.1292,0.1318,0.1292,0.211,0.1318,0.1998,0.1251,540.32,282.9,368.05,84.645,85.14,85.3425,82.2225,83.58,82.035,43.1792,520.5,520.0,20.3547,517.49,488.93,14.4917
86.075,57.5625,3.9609,57.525,286.56,358.51,571.95,2.599,4.555,173.124,342.99,72.2853,709.6,19.4574,599.34,599.4,9.9846,66.2225,76.7819,2.599,4.555,11.1269,15.7345,9.1074,173.124,342.96,709.6,72.6688,33.03,44.052,9.611,4.16,12.305,44.244,24.9395,14.9088,0.1781,0.1293,0.1319,0.1294,0.2111,0.1319,0.2,0.1252,540.04,282.9,368.05,84.69,85.1325,85.3125,82.2075,83.565,82.0575,43.2072,520.26,520.0,20.3547,517.49,488.93,14.4911
86.15,57.6375,4.8031,57.6,287.2125,357.649,571.0,2.5994,4.5625,174.285,342.96,72.2847,709.76,19.4594,599.4,599.82,9.9838,66.2222,76.7816,2.5994,4.5625,11.127,15.7348,9.1086,174.286,342.99,709.76,72.6726,33.03,45.102,9.621,4.104,12.305,44.052,24.7745,14.9088,0.1767,0.129,0.1317,0.1292,0.2102,0.1317,0.1989,0.125,539.88,282.9,368.05,84.72,85.14,85.275,82.2375,83.5575,82.095,43.2287,520.08,520.0,20.3546,517.49,488.93,14.4904
86.15,57.5625,3.9578,57.5625,286.7625,358.4411,571.85,2.6,4.5725,174.2715,342.99,72.2838,709.92,19.4566,599.82,600.24,9.9832,66.2223,76.7801,2.6,4.5725,11.127,15.735,9.1102,174.272,343.05,709.92,72.6257,33.025,45.738,9.612,4.007,12.306,45.102,25.0165,14.9088,0.1756,0.1286,0.1314,0.1289,0.2096,0.1314,0.1983,0.1247,539.76,282.9,368.0,84.705,85.1625,85.305,82.275,83.5875,82.11,43.2434,519.96,520.0,20.3545,517.49,488.93,14.4897
86.25,57.6,4.5453,57.5625,287.325,358.3723,571.55,2.6004,4.58,174.096,343.05,72.2833,710.0,19.4521,600.24,600.36,9.9831,66.2217,76.7786,2.6004,4.58,11.1271,15.7353,9.1113,174.104,343.11,710.0,72.5782,33.02,46.128,9.601,3.953,12.306,45.738,25.3465,14.9088,0.176,0.1284,0.1312,0.1286,0.2091,0.1311,0.1979,0.1244,539.76,282.9,368.0,84.705,85.14,85.2825,82.275,83.6025,82.065,43.2436,519.96,520.0,20.3544,517.49,488.93,14.4891
86.475,57.5625,4.45,57.6,286.515,358.2,571.25,2.6008,4.585,173.529,343.11,72.2821,710.16,19.4496,600.36,600.48,9.9823,66.2209,76.7766,2.6008,4.585,11.1272,15.733,9.1124,173.53,343.14,710.16,72.5301,33.015,46.494,9.591,4.006,12.306,46.128,25.6215,14.9088,0.1771,0.1283,0.1309,0.1284,0.2087,0.1309,0.1975,0.1242,539.84,282.9,368.0,84.7425,85.185,85.335,82.275,83.6325,82.02,43.2362,520.02,520.0,20.3544,517.49,488.93,14.4884
86.7,57.5625,4.5687,57.6,287.4375,358.3723,571.15,2.6012,4.59,174.0015,343.14,72.2812,710.24,19.4466,600.48,600.48,9.9819,66.2206,76.7741,2.6012,4.59,11.1273,15.7323,9.1129,174.006,343.17,710.24,72.532,33.015,46.836,9.581,4.109,12.306,46.494,25.8525,14.9088,0.1781,0.1282,0.1307,0.1282,0.2085,0.1307,0.1972,0.124,540.0,282.9,368.0,84.6975,85.125,85.29,82.26,83.5875,82.02,43.2173,520.17,520.0,20.3543,517.49,488.93,14.4877
86.65,57.6375,4.4859,57.6,286.9425,358.4756,571.4,2.601,4.595,174.0015,343.17,72.2802,710.32,19.4446,600.48,600.42,9.9816,66.2202,76.7734,2.601,4.595,11.1273,15.734,9.1129,173.992,343.23,710.32,72.5338,33.015,47.082,9.571,4.199,12.306,46.836,26.045,14.9088,0.1787,0.1281,0.1306,0.128,0.2082,0.1306,0.197,0.1238,540.12,282.85,368.0,84.6975,85.1625,85.2675,82.2225,83.5875,82.05,43.1979,520.32,520.0,20.3542,517.49,488.93,14.4871
86.0,57.525,4.2188,57.5625,287.0325,358.3034,571.8,2.6006,4.6,174.0555,343.23,72.2791,710.4,19.4434,600.42,600.3,9.9813,66.2192,76.7736,2.6006,4.6,11.1274,15.7343,9.1129,174.062,343.23,710.4,72.5357,33.015,47.226,9.562,4.26,12.306,47.082,26.21,14.9174,0.1791,0.128,0.1305,0.1279,0.2081,0.1304,0.1968,0.1237,540.32,282.85,368.0,84.69,85.2,85.2225,82.23,83.5425,81.9975,43.174,520.5,520.0,20.3541,517.49,488.93,14.4864
86.725,57.5625,3.8812,57.525,286.83,358.2345,571.1,2.6008,4.6,173.2995,343.23,72.2784,710.4,19.4431,600.3,600.3,9.9802,66.2186,76.7721,2.6008,4.6,11.1275,15.7345,9.1129,173.292,343.26,710.4,72.5882,33.02,47.28,9.555,4.299,12.307,47.226,26.331,14.9177,0.1793,0.128,0.1304,0.1278,0.2079,0.1304,0.1967,0.1236,540.48,282.85,367.95,84.6525,85.2225,85.2,82.2825,83.5425,81.96,43.1532,520.65,520.0,20.3541,517.52,488.93,14.4857
86.8,57.5625,4.2234,57.5625,286.695,357.9934,571.8,2.6008,4.6,174.3525,343.26,72.2778,710.4,19.4419,600.3,600.3,9.9796,66.218,76.7711,2.6008,4.6,11.1276,15.7348,9.1135,174.356,343.26,710.4,72.5907,33.02,47.28,9.55,4.323,12.307,47.28,26.3915,14.918,0.1795,0.1279,0.1304,0.1278,0.208,0.1303,0.1967,0.1236,540.68,282.85,367.95,84.6525,85.2,85.2075,82.275,83.49,81.945,43.1243,520.86,520.0,20.354,517.52,488.93,14.4851
86.075,57.6,4.2625,57.6,287.2125,357.7179,571.9,2.6008,4.6,173.5695,343.26,72.2784,710.24,19.4406,600.3,600.3,9.9798,66.2182,76.7701,2.6008,4.6,11.1277,15.735,9.1124,173.572,343.26,710.24,72.6438,33.025,47.166,9.546,4.337,12.309,47.28,26.4025,14.9096,0.1797,0.128,0.1304,0.1278,0.2081,0.1303,0.1968,0.1236,540.8,282.85,367.95,84.6825,85.1775,85.2375,82.2525,83.4975,81.9225,43.1095,520.95,520.0,20.3539,517.52,488.96,14.4844
86.425,57.6,4.1219,57.6,287.3025,358.4756,571.85,2.6008,4.6,174.0825,343.26,72.2781,710.24,19.4394,600.3,600.24,9.9794,66.2178,76.7691,2.6008,4.6,11.1277,15.7353,9.1124,174.09,343.23,710.24,72.6469,33.025,47.022,9.545,4.348,12.308,47.166,26.386,14.9096,0.1798,0.128,0.1304,0.1279,0.2082,0.1304,0.197,0.1237,540.92,282.85,367.95,84.705,85.14,85.2525,82.29,83.535,81.9,43.0907,521.07,520.0,20.3538,517.52,488.96,14.4837
86.25,57.5625,4.375,57.5625,286.785,358.4411,571.25,2.6006,4.5975,173.151,343.23,72.2777,710.24,19.4389,600.24,600.18,9.9798,66.2175,76.7689,2.6006,4.5975,11.1278,15.7355,9.1118,173.152,343.23,710.24,72.7007,33.03,46.824,9.545,4.352,12.308,47.022,26.3365,14.9096,0.1798,0.1281,0.1305,0.1279,0.2083,0.1305,0.1972,0.1237,541.0,282.85,367.95,84.6975,85.1325,85.2825,82.3275,83.505,81.9375,43.0788,521.13,520.0,20.3537,517.52,488.96,14.4831
86.45,57.525,4.6547,57.5625,286.695,357.649,571.1,2.6,4.595,173.664,343.23,72.2779,710.16,19.4386,600.18,599.94,9.9798,66.2172,76.7704,2.6,4.595,11.1279,15.7333,9.1113,173.656,343.2,710.16,72.7045,33.03,46.644,9.547,4.347,12.306,46.824,26.276,14.9096,0.1797,0.1282,0.1306,0.128,0.2086,0.1306,0.1973,0.1238,541.08,282.85,367.95,84.6675,85.11,85.32,82.35,83.505,81.9075,43.063,521.22,520.0,20.3537,517.55,488.96,14.4824
86.55,57.525,4.5578,57.6,287.0775,358.5444,571.75,2.5998,4.5925,173.853,343.2,72.2783,710.08,19.4409,599.94,599.88,9.9797,66.2176,76.7711,2.5998,4.5925,11.128,15.7325,9.1108,173.852,343.2,710.08,72.7589,33.035,46.422,9.549,4.333,12.306,46.644,26.1825,14.9096,0.1795,0.1282,0.1307,0.1281,0.2088,0.1306,0.1976,0.1239,541.08,282.85,367.95,84.6525,85.1325,85.35,82.305,83.4675,81.96,43.0543,521.25,520.0,20.3536,517.55,488.96,14.4817
86.75,57.525,4.3969,57.6,286.7625,358.4067,571.55,2.5996,4.59,174.3255,343.2,72.2782,710.08,19.4419,599.88,599.76,9.9803,66.2175,76.7721,2.5996,4.59,11.1281,15.7318,9.1102,174.328,343.17,710.08,72.7632,33.035,46.158,9.554,4.314,12.306,46.422,26.0835,14.9096,0.1794,0.1283,0.1308,0.1283,0.2091,0.1308,0.1978,0.124,541.04,282.85,367.95,84.66,85.0875,85.3575,82.3275,83.445,81.9225,43.053,521.22,520.0,20.3535,517.55,488.99,14.4811
86.3,57.6,4.3531,57.6,287.415,358.2,571.9,2.5998,4.585,174.231,343.17,72.2787,710.0,19.4439,599.76,599.82,9.9805,66.2174,76.7719,2.5998,4.585,11.1281,15.7335,9.1102,174.23,343.14,710.0,72.8182,33.04,45.834,9.559,4.292,12.306,46.158,25.957,14.9096,0.1792,0.1285,0.1309,0.1284,0.2094,0.1309,0.1982,0.1242,540.96,282.85,367.95,84.69,85.05,85.32,82.2825,83.4675,81.9375,43.0594,521.13,520.0,20.3534,517.55,488.99,14.4804
86.975,57.5625,4.025,57.5625,286.965,357.8557,571.15,2.5994,4.5775,173.7855,343.14,72.2799,709.84,19.4441,599.82,599.64,9.9807,66.2181,76.7736,2.5994,4.5775,11.1282,15.7338,9.1091,173.782,343.11,709.84,72.8232,33.04,45.348,9.566,4.269,12.306,45.834,25.803,14.9096,0.1792,0.1287,0.1312,0.1286,0.2098,0.1311,0.1986,0.1244,540.84,282.85,367.95,84.63,85.0725,85.32,82.26,83.5125,81.975,43.0736,520.98,520.0,20.3534,517.55,488.99,14.4797
86.4,57.6,4.0609,57.5625,287.0775,358.4756,571.75,2.599,4.57,174.0285,343.11,72.2808,709.76,19.4471,599.64,599.4,9.9816,66.2182,76.7758,2.599,4.57,11.1283,15.734,9.108,174.02,343.05,709.76,72.8282,33.04,44.868,9.577,4.249,12.306,45.348,25.583,14.9096,0.1791,0.1289,0.1314,0.1288,0.2104,0.1314,0.1991,0.1247,540.68,282.85,367.95,84.6825,85.0725,85.2675,82.2975,83.4975,81.96,43.0847,520.86,520.0,20.3533,517.58,488.99,14.4791
86.275,57.5625,4.2203,57.6,287.3925,358.2345,571.05,2.5984,4.5625,173.7045,343.05,72.2824,709.6,19.4516,599.4,599.4,9.982,66.2192,76.7794,2.5984,4.5625,11.1284,15.7343,9.1074,173.698,342.99,709.6,72.8332,33.04,44.37,9.589,4.222,12.306,44.868,25.33,14.9096,0.1788,0.1291,0.1316,0.1291,0.2109,0.1316,0.1996,0.1249,540.44,282.85,367.95,84.6975,85.1025,85.305,82.2825,83.475,81.96,43.1075,520.65,520.0,20.3532,517.58,488.99,14.4784
86.975,57.5625,4.0266,57.5625,286.9425,358.4411,571.55,2.5982,4.5575,173.961,342.99,72.2837,709.52,19.4541,599.4,599.34,9.9824,66.2203,76.7821,2.5982,4.5575,11.1284,15.7345,9.1063,173.964,342.96,709.52,72.8382,33.04,44.208,9.602,4.182,12.306,44.37,25.0605,14.9096,0.1782,0.1292,0.1318,0.1293,0.211,0.1318,0.1998,0.1251,540.2,282.85,367.95,84.6975,85.14,85.335,82.275,83.52,81.93,43.1349,520.41,520.0,20.3531,517.58,488.99,14.4777
86.35,57.6,4.825,57.6,287.19,358.1312,571.3,2.5984,4.555,173.5155,342.96,72.2838,709.6,19.4574,599.34,599.4,9.9836,66.221,76.7836,2.5984,4.555,11.1285,15.7348,9.1063,173.516,342.93,709.6,72.7926,33.035,44.034,9.612,4.119,12.306,44.208,24.8845,14.9096,0.1776,0.1293,0.132,0.1294,0.2112,0.1319,0.2,0.1253,539.96,282.85,367.9,84.6975,85.0875,85.3425,82.245,83.52,81.93,43.1671,520.14,520.0,20.3531,517.58,488.99,14.4771
86.675,57.6,4.4437,57.5625,286.695,358.0623,571.0,2.5984,4.5575,173.664,342.93,72.2844,709.6,19.4594,599.4,599.58,9.9835,66.2217,76.7856,2.5984,4.5575,11.1286,15.735,9.1069,173.656,342.96,709.6,72.7463,33.03,44.466,9.621,4.056,12.306,44.034,24.747,14.9096,0.1767,0.1292,0.1319,0.1294,0.2108,0.1319,0.1996,0.1252,539.72,282.8,367.9,84.735,85.1325,85.35,82.29,83.4675,81.93,43.1928,519.93,520.0,20.353,517.58,488.99,14.4764
86.7,57.525,4.2438,57.6,286.965,357.8212,571.6,2.5992,4.56,173.3265,342.96,72.2844,709.68,19.4596,599.58,599.88,9.9839,66.2216,76.7846,2.5992,4.56,11.1287,15.7353,9.1086,173.334,342.96,709.68,72.6994,33.025,44.802,9.621,3.992,12.307,44.466,24.8185,14.9096,0.1761,0.129,0.1318,0.1292,0.2104,0.1318,0.1992,0.1251,539.6,282.8,367.9,84.735,85.1625,85.3275,82.335,83.43,81.9225,43.2119,519.78,520.0,20.3529,517.58,488.99,14.4757
86.25,57.6,3.9172,57.6,286.6275,358.3723,571.1,2.5996,4.565,174.0555,342.96,72.2843,709.76,19.4576,599.88,600.0,9.9836,66.2212,76.7841,2.5996,4.565,11.1288,15.7355,9.1091,174.062,342.99,709.76,72.652,33.02,45.138,9.618,3.964,12.307,44.802,24.956,14.9096,0.1763,0.1289,0.1316,0.1291,0.2102,0.1316,0.1989,0.1249,539.52,282.8,367.9,84.6975,85.155,85.3425,82.3725,83.4075,81.945,43.2165,519.75,520.0,20.3528,517.58,488.99,14.4751
86.05,57.6,4.0656,57.6,287.3475,358.51,571.6,2.6002,4.5675,174.2445,342.99,72.2841,709.84,19.4566,600.0,600.06,9.9838,66.2214,76.7824,2.6002,4.5675,11.1288,15.7333,9.1102,174.244,343.02,709.84,72.6545,33.02,45.324,9.613,3.988,12.307,45.138,25.1155,14.9183,0.177,0.1288,0.1315,0.1289,0.21,0.1315,0.1987,0.1248,539.48,282.8,367.9,84.6975,85.11,85.3575,82.32,83.46,81.9525,43.2251,519.69,520.0,20.3528,517.55,488.99,14.4744
86.9,57.525,4.525,57.525,286.7175,358.0967,571.15,2.5998,4.57,173.8665,343.02,72.2837,709.92,19.4559,600.06,600.06,9.9839,66.2216,76.7836,2.5998,4.57,11.1289,15.7325,9.1102,173.866,343.05,709.92,72.6063,33.015,45.378,9.609,4.052,12.307,45.324,25.253,14.9185,0.1778,0.1288,0.1314,0.1289,0.2099,0.1314,0.1987,0.1247,539.44,282.8,367.9,84.66,85.14,85.4025,82.3575,83.415,81.9825,43.2301,519.66,520.0,20.3527,517.55,488.99,14.4737
86.175,57.5625,4.2469,57.525,287.3025,358.3034,571.05,2.6,4.57,174.258,343.05,72.2838,709.92,19.4556,600.06,600.06,9.9841,66.2217,76.7831,2.6,4.57,11.129,15.7318,9.1102,174.258,343.05,709.92,72.6082,33.015,45.36,9.607,4.121,12.31,45.378,25.3245,14.9188,0.1784,0.1289,0.1314,0.1288,0.21,0.1314,0.1987,0.1247,539.44,282.8,367.9,84.69,85.125,85.41,82.3125,83.4525,81.9975,43.2314,519.66,520.0,20.3526,517.55,488.99,14.4731
86.65,57.525,4.0609,57.6,286.6725,358.2689,571.7,2.5998,4.57,174.1635,343.05,72.2846,709.84,19.4554,600.06,600.0,9.9843,66.2219,76.7839,2.5998,4.57,11.1291,15.7335,9.1096,174.16,343.05,709.84,72.5595,33.01,45.21,9.606,4.17,12.31,45.36,25.3355,14.9105,0.1788,0.1289,0.1314,0.1289,0.2101,0.1314,0.1988,0.1247,539.44,282.8,367.9,84.7125,85.1475,85.44,82.29,83.4225,81.96,43.2328,519.66,520.0,20.3525,517.55,488.99,14.4724
86.05,57.5625,4.1469,57.6,286.65,357.9934,571.75,2.5996,4.5675,174.3255,343.05,72.2848,709.84,19.4559,600.0,599.94,9.9844,66.2221,76.7849,2.5996,4.5675,11.1291,15.7338,9.1091,174.328,343.02,709.84,72.5607,33.01,44.976,9.607,4.194,12.31,45.21,25.2915,14.9105,0.1789,0.129,0.1315,0.129,0.2103,0.1315,0.1991,0.1248,539.4,282.8,367.85,84.72,85.1325,85.47,82.275,83.4675,81.975,43.2379,519.63,520.0,20.3524,517.55,488.99,14.4717
86.15,57.6,4.6813,57.6,286.875,358.5789,571.7,2.5994,4.5625,173.529,343.02,72.2857,709.76,19.4566,599.94,599.82,9.9853,66.2222,76.7861,2.5994,4.5625,11.1292,15.734,9.1086,173.53,342.99,709.76,72.562,33.01,44.676,9.611,4.199,12.31,44.976,25.187,14.9105,0.1789,0.1292,0.1317,0.1291,0.2106,0.1316,0.1993,0.125,539.32,282.8,367.85,84.7425,85.1325,85.41,82.3125,83.4375,82.005,43.2507,519.54,520.0,20.3524,517.55,488.99,14.4711
86.1,57.6,4.0437,57.525,286.8525,358.51,572.0,2.5994,4.5625,174.177,342.99,72.2861,709.76,19.4584,599.82,599.88,9.9858,66.2224,76.7868,2.5994,4.5625,11.1293,15.7343,9.1086,174.174,342.99,709.76,72.5632,33.01,44.808,9.618,4.188,12.309,44.676,25.0495,14.9191,0.1785,0.1292,0.1317,0.1292,0.2105,0.1317,0.1992,0.125,539.28,282.8,367.85,84.7125,85.1625,85.41,82.3125,83.415,81.9825,43.2563,519.51,520.0,20.3523,517.55,488.99,14.4704
86.1,57.525,4.8219,57.525,287.0325,357.7179,571.95,2.5998,4.56,173.313,342.99,72.2858,709.84,19.4584,599.88,599.88,9.9854,66.2226,76.7861,2.5998,4.56,11.1294,15.7345,9.1091,173.306,342.99,709.84,72.5645,33.01,44.79,9.619,4.149,12.309,44.808,25.011,14.9194,0.178,0.1291,0.1317,0.1292,0.2104,0.1317,0.1992,0.125,539.2,282.8,367.85,84.72,85.2,85.44,82.29,83.445,82.0275,43.2696,519.42,520.0,20.3522,517.55,488.99,14.4697
86.925,57.6,4.5969,57.525,287.3925,357.8557,571.1,2.6,4.5625,173.178,342.99,72.2854,709.92,19.4589,599.88,599.94,9.9848,66.2227,76.7856,2.6,4.5625,11.1295,15.7348,9.1091,173.18,342.99,709.92,72.5657,33.01,45.066,9.621,4.11,12.309,44.79,24.989,14.9196,0.1776,0.129,0.1317,0.1292,0.2101,0.1317,0.199,0.125,539.2,282.8,367.85,84.6975,85.1775,85.38,82.2975,83.415,82.065,43.2719,519.42,520.0,20.3521,517.55,488.99,14.4691
86.925,57.5625,4.3984,57.6,286.6725,358.2689,572.0,2.6002,4.5675,173.6235,342.99,72.2856,709.92,19.4586,599.94,600.06,9.9848,66.2229,76.7849,2.6002,4.5675,11.1295,15.735,9.1102,173.628,343.02,709.92,72.5164,33.005,45.324,9.618,4.082,12.31,45.066,25.055,14.9113,0.1774,0.1289,0.1316,0.129,0.2099,0.1315,0.1987,0.1248,539.24,282.75,367.85,84.675,85.155,85.4175,82.245,83.385,82.035,43.2668,519.48,520.0,20.3521,517.55,488.96,14.4684
86.55,57.525,4.6141,57.5625,286.8075,358.5444,571.4,2.6004,4.57,174.2715,343.02,72.2851,710.0,19.4574,600.06,600.12,9.9854,66.2231,76.7839,2.6004,4.57,11.1296,15.7353,9.1102,174.272,343.05,710.0,72.517,33.005,45.486,9.614,4.076,12.31,45.324,25.165,14.9113,0.1776,0.1288,0.1315,0.1289,0.2098,0.1314,0.1985,0.1247,539.28,282.75,367.85,84.7125,85.185,85.4325,82.2825,83.355,82.05,43.2651,519.51,520.0,20.352,517.52,488.96,14.4677
86.05,57.6375,4.4328,57.5625,286.5825,358.5444,571.45,2.6004,4.57,174.1365,343.05,72.2851,710.0,19.4564,600.12,600.12,9.9856,66.2233,76.7833,2.6004,4.57,11.1297,15.7355,9.1108,174.146,343.05,710.0,72.467,33.0,45.474,9.61,4.099,12.309,45.486,25.2695,14.9113,0.1781,0.1288,0.1314,0.1289,0.2098,0.1314,0.1985,0.1247,539.32,282.75,367.85,84.6675,85.17,85.41,82.245,83.3325,82.0125,43.2633,519.54,520.0,20.3519,517.52,488.96,14.4671
86.9,57.5625,4.7125,57.5625,287.325,358.4067,571.25,2.6,4.57,173.934,343.05,72.2851,710.0,19.4559,600.12,600.12,9.985,66.2234,76.7843,2.6,4.57,11.1298,15.7333,9.1102,173.936,343.05,710.0,72.467,33.0,45.456,9.608,4.143,12.309,45.474,25.3245,14.9113,0.1786,0.1289,0.1314,0.1288,0.2098,0.1314,0.1986,0.1247,539.32,282.75,367.85,84.6225,85.2075,85.38,82.26,83.3775,81.9675,43.2614,519.57,520.0,20.3518,517.52,488.96,14.4664
86.875,57.6,4.5469,57.6,287.5275,358.0279,571.75,2.5998,4.57,173.6775,343.05,72.2851,710.0,19.4554,600.12,600.12,9.9849,66.2236,76.7851,2.5998,4.57,11.1299,15.7325,9.1102,173.67,343.05,710.0,72.467,33.0,45.432,9.607,4.181,12.308,45.456,25.3355,14.9113,0.1788,0.1289,0.1314,0.1289,0.2098,0.1314,0.1986,0.1247,539.36,282.75,367.8,84.63,85.17,85.4175,82.23,83.3475,82.005,43.2594,519.6,520.0,20.3518,517.52,488.96,14.4657
86.25,57.6,3.9922,57.6,286.7175,357.7523,571.7,2.5998,4.57,173.9745,343.05,72.2851,710.0,19.4549,600.12,600.06,9.9848,66.2238,76.7853,2.5998,4.57,11.1299,15.7343,9.1102,173.978,343.05,710.0,72.467,33.0,45.402,9.606,4.199,12.308,45.432,25.3245,14.9113,0.1788,0.1289,0.1314,0.1289,0.2098,0.1314,0.1986,0.1247,539.4,282.75,367.8,84.585,85.155,85.44,82.29,83.37,81.99,43.2573,519.63,520.0,20.3517,517.52,488.96,14.4651
86.15,57.5625,4.8438,57.6,286.5375,358.3034,571.6,2.5998,4.57,174.285,343.05,72.2851,710.0,19.4551,600.06,600.06,9.9848,66.2239,76.7856,2.5998,4.57,11.13,15.7345,9.1096,174.286,343.05,710.0,72.467,33.0,45.258,9.606,4.199,12.308,45.402,25.3025,14.9113,0.1788,0.129,0.1315,0.1289,0.2101,0.1314,0.1988,0.1248,539.44,282.75,367.8,84.585,85.155,85.425,82.335,83.43,81.9525,43.255,519.66,520.0,20.3516,517.52,488.96,14.4644
86.375,57.6,4.3844,57.6,286.7175,358.4411,571.05,2.6002,4.565,174.231,343.05,72.2857,709.92,19.4549,600.06,599.94,9.9854,66.2241,76.7843,2.6002,4.565,11.1301,15.7348,9.1096,174.23,343.02,709.92,72.467,33.0,45.012,9.608,4.195,12.308,45.258,25.2475,14.9113,0.1789,0.129,0.1316,0.129,0.2103,0.1315,0.199,0.1249,539.4,282.75,367.8,84.5925,85.1625,85.4175,82.29,83.4675,81.945,43.2601,519.63,520.0,20.3515,517.52,488.96,14.4637
86.35,57.6,3.8641,57.5625,287.46,357.7868,571.1,2.5998,4.5625,174.312,343.02,72.2858,709.92,19.4561,599.94,599.82,9.9863,66.2243,76.7856,2.5998,4.5625,11.1302,15.735,9.1091,174.314,342.99,709.92,72.467,33.0,44.724,9.612,4.192,12.308,45.012,25.154,14.9113,0.1789,0.1292,0.1317,0.1292,0.2106,0.1317,0.1993,0.125,539.36,282.75,367.8,84.555,85.11,85.38,82.32,83.4825,81.96,43.2691,519.57,520.0,20.3665,517.52,488.96,14.4631
86.05,57.5625,4.5125,57.525,287.4825,358.2345,571.75,2.5992,4.5575,173.664,342.99,72.2866,709.84,19.4579,599.82,599.7,9.986,66.2252,76.7881,2.5992,4.5575,11.1271,15.7353,9.1086,173.656,342.96,709.84,72.467,33.0,44.412,9.618,4.186,12.308,44.724,25.022,14.9113,0.1789,0.1293,0.1318,0.1293,0.2108,0.1318,0.1996,0.1251,539.24,282.7,367.8,84.5175,85.065,85.335,82.35,83.445,81.93,43.2821,519.48,520.0,20.3669,517.52,488.96,14.4624
86.25,57.6,3.9187,57.5625,287.1225,358.0279,571.25,2.599,4.5575,173.7855,342.96,72.2868,709.84,19.4601,599.7,599.82,9.9862,66.2256,76.7898,2.599,4.5575,11.1259,15.7355,9.1086,173.782,342.96,709.84,72.467,33.0,44.628,9.625,4.17,12.308,44.412,24.8735,14.9113,0.1783,0.1293,0.1318,0.1293,0.2106,0.1318,0.1994,0.1251,539.16,282.7,367.8,84.5625,85.05,85.3425,82.335,83.4675,81.96,43.2955,519.39,520.0,20.3673,517.52,488.96,14.4618
86.225,57.6,4.6297,57.6,286.965,358.5444,571.25,2.5996,4.56,174.0555,342.96,72.2871,709.84,19.4599,599.82,599.88,9.9863,66.226,76.7888,2.5996,4.56,11.1248,15.7333,9.1086,174.062,342.96,709.84,72.467,33.0,44.772,9.625,4.124,12.307,44.628,24.8625,14.9113,0.1777,0.1292,0.1318,0.1293,0.2105,0.1318,0.1992,0.1251,539.12,282.7,367.75,84.5775,85.095,85.32,82.3725,83.4975,81.99,43.3017,519.36,520.0,20.3677,517.52,488.93,14.4611
86.675,57.5625,4.7203,57.5625,287.19,357.7523,571.2,2.5998,4.56,174.2985,342.96,72.2873,709.84,19.4599,599.88,599.88,9.9865,66.2257,76.7886,2.5998,4.56,11.1267,15.7325,9.1096,174.3,342.99,709.84,72.4163,32.995,44.832,9.625,4.079,12.307,44.772,24.901,14.9113,0.1775,0.1291,0.1318,0.1292,0.2105,0.1318,0.1992,0.1251,539.08,282.7,367.75,84.6075,85.08,85.2975,82.395,83.505,82.0125,43.3118,519.3,520.0,20.3682,517.49,488.93,14.4604
86.375,57.5625,4.8328,57.5625,286.74,357.7523,571.25,2.5998,4.56,173.664,342.99,72.2876,709.84,19.4604,599.88,599.88,9.9867,66.2258,76.7888,2.5998,4.56,11.1268,15.7318,9.1096,173.656,342.99,709.84,72.4157,32.995,44.814,9.624,4.068,12.307,44.832,24.9395,14.9113,0.1777,0.1291,0.1318,0.1292,0.2104,0.1318,0.1992,0.125,539.04,282.7,367.75,84.6075,85.035,85.2825,82.4025,83.5125,82.02,43.3184,519.27,520.0,20.3686,517.49,488.93,14.4598
86.3,57.5625,4.3656,57.6,286.695,358.0967,571.25,2.5998,4.56,174.069,342.99,72.2878,709.84,19.4609,599.88,600.06,9.9868,66.226,76.7891,2.5998,4.56,11.1269,15.7335,9.1096,174.076,342.99,709.84,72.3645,32.99,44.838,9.625,4.088,12.307,44.814,24.956,14.9113,0.1781,0.1292,0.1318,0.1292,0.2104,0.1318,0.1992,0.125,539.04,282.7,367.75,84.57,85.0275,85.2525,82.44,83.4825,82.0125,43.3214,519.27,520.0,20.369,517.49,488.93,14.4591
86.05,57.6375,4.0719,57.5625,287.2125,358.0623,571.45,2.5998,4.56,174.123,342.99,72.2881,709.84,19.4591,600.06,600.0,9.987,66.2262,76.7894,2.5998,4.56,11.127,15.7338,9.1096,174.118,342.99,709.84,72.3632,32.99,44.802,9.624,4.115,12.307,44.838,24.956,14.9113,0.1783,0.1292,0.1318,0.1292,0.2105,0.1318,0.1992,0.125,539.0,282.7,367.75,84.555,85.0725,85.29,82.38,83.4675,82.02,43.3281,519.24,520.0,20.3694,517.49,488.93,14.4584
86.85,57.6,4.3391,57.5625,286.7625,358.2,572.0,2.5998,4.56,173.016,342.99,72.2883,709.84,19.4596,600.0,599.82,9.9872,66.2263,76.7896,2.5998,4.56,11.127,15.734,9.1096,173.012,342.99,709.84,72.362,32.99,44.742,9.625,4.134,12.307,44.802,24.9505,14.9113,0.1785,0.1292,0.1318,0.1292,0.2104,0.1318,0.1993,0.1251,539.0,282.7,367.75,84.51,85.0875,85.2375,82.41,83.43,81.99,43.3312,519.24,520.0,20.3698,517.49,488.93,14.4578
86.075,57.6,4.3719,57.5625,287.1,358.4756,572.0,2.6002,4.5675,173.61,342.99,72.2879,709.92,19.4619,599.82,600.12,9.9866,66.2258,76.7884,2.6002,4.5675,11.1271,15.7343,9.1102,173.614,343.02,709.92,72.3607,32.99,45.522,9.627,4.144,12.307,44.742,24.923,14.9113,0.1779,0.129,0.1316,0.1291,0.2097,0.1316,0.1985,0.1248,539.04,282.7,367.75,84.495,85.0725,85.2675,82.3575,83.4075,81.9825,43.3305,519.27,520.0,20.3702,517.49,488.93,14.4571
86.225,57.6,4.0953,57.6,286.8075,358.2689,571.5,2.6006,4.575,174.2445,343.02,72.2868,710.08,19.4589,600.12,600.48,9.9858,66.2257,76.7866,2.6006,4.575,11.1272,15.7345,9.1118,174.244,343.05,710.08,72.3595,32.99,46.044,9.616,4.113,12.306,45.522,25.143,14.9113,0.1773,0.1287,0.1314,0.1288,0.2092,0.1314,0.1979,0.1246,539.16,282.7,367.7,84.48,85.0725,85.245,82.32,83.37,81.9375,43.3184,519.39,520.0,20.3706,517.49,488.93,14.4564
86.525,57.6,4.4266,57.5625,287.2575,358.6478,571.2,2.601,4.5825,173.5155,343.05,72.2854,710.24,19.4539,600.48,600.66,9.9854,66.2249,76.7844,2.601,4.5825,11.1273,15.7348,9.1129,173.516,343.11,710.24,72.3076,32.985,46.47,9.605,4.091,12.306,46.044,25.4125,14.9113,0.1774,0.1284,0.1311,0.1285,0.2087,0.131,0.1975,0.1243,539.28,282.7,367.7,84.54,85.035,85.215,82.2675,83.3625,81.915,43.3058,519.51,520.0,20.3711,517.49,488.93,14.4558
86.25,57.5625,4.1953,57.525,286.7625,358.0967,571.45,2.6016,4.5875,174.204,343.11,72.2844,710.32,19.4496,600.66,600.66,9.9843,66.2238,76.7809,2.6016,4.5875,11.1274,15.735,9.1135,174.202,343.17,710.32,72.3057,32.985,46.86,9.593,4.12,12.306,46.47,25.682,14.9113,0.1779,0.1283,0.1309,0.1283,0.2084,0.1308,0.1971,0.1241,539.52,282.7,367.7,84.5175,85.0425,85.1775,82.2975,83.385,81.87,43.2815,519.72,520.0,20.3715,517.49,488.9,14.4551
86.425,57.525,4.7859,57.5625,287.3925,358.0279,571.8,2.6014,4.595,173.7585,343.17,72.2833,710.4,19.4469,600.66,600.42,9.9838,66.2239,76.7796,2.6014,4.595,11.1274,15.7353,9.1135,173.754,343.2,710.4,72.3038,32.985,47.142,9.581,4.178,12.306,46.86,25.913,14.9113,0.1785,0.1281,0.1307,0.1281,0.2081,0.1306,0.1968,0.1239,539.72,282.7,367.7,84.5025,85.08,85.2,82.3275,83.4075,81.8475,43.2563,519.93,520.0,20.3569,517.49,488.9,14.4544
86.025,57.5625,4.4375,57.6,286.56,357.9245,572.0,2.6016,4.5975,174.096,343.2,72.2833,710.32,19.4471,600.42,600.54,9.9832,66.2229,76.7771,2.6016,4.5975,11.1275,15.733,9.1135,174.104,343.23,710.32,72.302,32.985,47.352,9.57,4.24,12.306,47.142,26.111,14.9027,0.179,0.128,0.1305,0.1279,0.2079,0.1305,0.1966,0.1237,539.96,282.65,367.7,84.4725,85.05,85.2225,82.305,83.4525,81.8475,43.2265,520.17,520.0,20.3568,517.49,488.9,14.4538
86.975,57.6,4.3875,57.5625,286.6725,358.2689,571.15,2.6018,4.6,173.9205,343.23,72.2822,710.4,19.4439,600.54,600.54,9.9826,66.2223,76.7744,2.6018,4.6,11.1276,15.7323,9.114,173.908,343.26,710.4,72.3507,32.99,47.448,9.56,4.293,12.306,47.352,26.2595,14.9024,0.1794,0.1279,0.1304,0.1278,0.2078,0.1304,0.1965,0.1236,540.2,282.65,367.7,84.4725,85.095,85.2525,82.2825,83.505,81.8625,43.1996,520.38,520.0,20.3567,517.49,488.9,14.4531
86.075,57.6,3.8828,57.5625,286.965,357.9934,571.5,2.6014,4.6025,173.826,343.26,72.281,710.48,19.4416,600.54,600.6,9.982,66.2217,76.7736,2.6014,4.6025,11.1277,15.7315,9.114,173.824,343.26,710.48,72.4001,32.995,47.49,9.553,4.33,12.305,47.448,26.364,14.9021,0.1797,0.1279,0.1303,0.1277,0.2077,0.1303,0.1965,0.1235,540.4,282.65,367.7,84.5025,85.1325,85.29,82.275,83.55,81.87,43.1717,520.59,520.0,20.3566,517.49,488.9,14.4524
86.525,57.525,4.8406,57.5625,287.37,358.1656,571.9,2.601,4.605,173.7585,343.26,72.2802,710.48,19.4386,600.6,600.42,9.9814,66.2211,76.7734,2.601,4.605,11.1277,15.7333,9.114,173.754,343.26,710.48,72.3995,32.995,47.484,9.546,4.356,12.303,47.49,26.452,14.9019,0.1798,0.1279,0.1303,0.1277,0.2077,0.1302,0.1965,0.1235,540.64,282.65,367.7,84.5475,85.0875,85.26,82.2825,83.52,81.885,43.143,520.8,520.0,20.3566,517.49,488.93,14.4518
86.675,57.5625,4.7047,57.5625,287.325,357.9934,571.25,2.601,4.605,173.934,343.26,72.2795,710.48,19.4384,600.42,600.42,9.9808,66.2205,76.7721,2.601,4.605,11.1278,15.7335,9.114,173.936,343.29,710.48,72.4495,33.0,47.412,9.542,4.372,12.303,47.484,26.496,14.9102,0.1799,0.1279,0.1303,0.1277,0.2078,0.1302,0.1965,0.1235,540.8,282.65,367.7,84.5175,85.14,85.2225,82.26,83.4975,81.9,43.1173,520.98,520.0,20.3565,517.49,488.93,14.4511
86.075,57.5625,4.2781,57.5625,286.9875,358.5789,571.95,2.601,4.605,174.258,343.29,72.2787,710.48,19.4366,600.42,600.18,9.9803,66.22,76.7709,2.601,4.605,11.1279,15.7332,9.1135,174.258,343.26,710.48,72.5001,33.005,47.28,9.539,4.38,12.303,47.412,26.507,14.9102,0.18,0.1279,0.1303,0.1277,0.208,0.1302,0.1967,0.1235,540.96,282.65,367.7,84.48,85.155,85.245,82.275,83.5125,81.885,43.0945,521.13,520.0,20.3564,517.49,488.93,14.4504
86.8,57.5625,4.7734,57.5625,287.3475,357.7868,571.65,2.6008,4.6025,174.096,343.26,72.2792,710.32,19.4379,600.18,600.12,9.9804,66.2194,76.7703,2.6008,4.6025,11.128,15.7332,9.1129,174.09,343.26,710.32,72.5513,33.01,47.064,9.537,4.38,12.305,47.28,26.474,14.9016,0.18,0.1279,0.1303,0.1278,0.2082,0.1303,0.1969,0.1236,541.04,282.65,367.7,84.45,85.125,85.245,82.29,83.49,81.8775,43.0824,521.19,520.0,20.3563,517.49,488.93,14.4498
86.475,57.5625,4.0563,57.6,287.0775,357.649,571.1,2.6008,4.6,174.177,343.26,72.2793,710.24,19.4379,600.12,600.0,9.9801,66.2195,76.7693,2.6008,4.6,11.1281,15.7332,9.1124,174.174,343.23,710.24,72.6032,33.015,46.806,9.539,4.378,12.304,47.064,26.408,14.9013,0.1799,0.128,0.1304,0.1279,0.2084,0.1304,0.1971,0.1237,541.08,282.65,367.7,84.51,85.0875,85.2,82.305,83.4975,81.915,43.0701,521.25,520.0,20.3563,517.52,488.93,14.4491
86.85,57.5625,4.8344,57.5625,286.695,358.4756,571.4,2.6004,4.595,173.826,343.23,72.2796,710.16,19.4389,600.0,599.88,9.9798,66.2192,76.7699,2.6004,4.595,11.1281,15.7338,9.1118,173.838,343.23,710.16,72.6051,33.015,46.506,9.542,4.367,12.302,46.806,26.309,14.901,0.1798,0.1282,0.1306,0.128,0.2087,0.1306,0.1974,0.1238,541.08,282.65,367.7,84.555,85.1025,85.17,82.335,83.5275,81.8925,43.065,521.25,520.0,20.3562,517.52,488.96,14.4484
86.8,57.6,4.3703,57.5625,286.6725,358.4756,571.15,2.6002,4.59,173.961,343.23,72.28,710.08,19.4404,599.88,599.76,9.9802,66.2196,76.7701,2.6002,4.59,11.1282,15.734,9.1113,173.95,343.2,710.08,72.6576,33.02,46.188,9.547,4.348,12.302,46.506,26.1715,14.9008,0.1797,0.1283,0.1307,0.1282,0.209,0.1307,0.1978,0.124,541.08,282.65,367.65,84.6,85.125,85.17,82.335,83.4825,81.9,43.0638,521.22,520.0,20.3561,517.52,488.96,14.4478
86.325,57.6,3.9969,57.6,287.4375,358.1312,571.9,2.5994,4.585,173.9745,343.2,72.2805,710.0,19.4424,599.76,599.82,9.9808,66.2195,76.7729,2.5994,4.585,11.1283,15.7343,9.1096,173.978,343.14,710.0,72.6601,33.02,45.846,9.553,4.322,12.302,46.188,26.012,14.9005,0.1794,0.1284,0.1309,0.1283,0.2094,0.1309,0.1981,0.1242,541.0,282.65,367.65,84.57,85.095,85.155,82.2825,83.49,81.885,43.0663,521.16,520.0,20.356,517.52,488.96,14.4471
86.575,57.5625,4.8219,57.525,286.74,357.7523,571.4,2.599,4.58,173.448,343.14,72.2811,709.92,19.4426,599.82,599.64,9.9818,66.2202,76.7751,2.599,4.58,11.1284,15.7345,9.1086,173.446,343.11,709.92,72.7132,33.025,45.366,9.561,4.291,12.302,45.846,25.8305,14.9002,0.1793,0.1286,0.1311,0.1286,0.2098,0.1311,0.1986,0.1244,540.88,282.65,367.65,84.555,85.125,85.155,82.2375,83.52,81.9,43.0767,521.04,520.0,20.3559,517.55,488.96,14.4464
86.775,57.6,4.1359,57.525,287.3925,358.4411,571.45,2.599,4.5725,173.448,343.11,72.2812,709.92,19.4456,599.64,599.46,9.9814,66.2204,76.7764,2.599,4.5725,11.1285,15.7348,9.1086,173.446,343.05,709.92,72.7163,33.025,44.922,9.573,4.26,12.302,45.366,25.5995,14.8999,0.1791,0.1289,0.1314,0.1288,0.2102,0.1314,0.1991,0.1246,540.76,282.65,367.65,84.5325,85.1775,85.17,82.2675,83.5425,81.93,43.0875,520.92,520.0,20.3559,517.55,488.96,14.4458
86.25,57.525,4.6516,57.5625,286.5825,358.0967,571.35,2.5986,4.565,173.799,343.05,72.2826,709.76,19.4494,599.46,599.34,9.9823,66.2213,76.7791,2.5986,4.565,11.1285,15.735,9.1074,173.796,343.02,709.76,72.7195,33.025,44.52,9.585,4.224,12.302,44.922,25.352,14.8996,0.1787,0.129,0.1316,0.1291,0.2107,0.1315,0.1994,0.1249,540.6,282.6,367.65,84.5625,85.1775,85.2225,82.3125,83.5125,81.9075,43.1026,520.77,520.0,20.3558,517.55,488.96,14.4451
86.1,57.6,4.8266,57.5625,286.515,358.4411,571.05,2.5986,4.56,173.664,343.02,72.2836,709.68,19.4531,599.34,599.34,9.9828,66.2217,76.7808,2.5986,4.56,11.1286,15.7353,9.1074,173.656,342.96,709.68,72.7226,33.025,44.142,9.597,4.177,12.302,44.52,25.1155,14.8994,0.1783,0.1292,0.1318,0.1292,0.211,0.1318,0.1998,0.1251,540.36,282.6,367.65,84.5175,85.1625,85.275,82.2675,83.505,81.9525,43.1295,520.53,520.0,20.3557,517.55,488.99,14.4444
86.1,57.5625,4.0109,57.5625,286.9875,357.8901,571.85,2.5984,4.5575,174.069,342.96,72.2847,709.6,19.4559,599.34,599.34,9.9832,66.2221,76.7833,2.5984,4.5575,11.1287,15.7355,9.1074,174.076,342.96,709.6,72.6751,33.02,44.19,9.61,4.126,12.302,44.142,24.89,14.9077,0.1776,0.1293,0.1319,0.1293,0.211,0.1318,0.1998,0.1252,540.08,282.6,367.65,84.4875,85.17,85.26,82.32,83.5275,81.9225,43.1575,520.29,520.0,20.3556,517.55,488.99,14.4438
86.05,57.6375,4.1672,57.5625,287.28,357.8212,571.15,2.5984,4.555,173.2995,342.96,72.2853,709.6,19.4586,599.34,599.46,9.9836,66.2225,76.7853,2.5984,4.555,11.1288,15.7333,9.1069,173.292,342.93,709.6,72.6776,33.02,44.172,9.617,4.062,12.302,44.19,24.8075,14.9077,0.1769,0.1293,0.132,0.1294,0.211,0.1319,0.1998,0.1252,539.84,282.6,367.65,84.495,85.1175,85.2375,82.2675,83.4975,81.9225,43.1863,520.05,520.0,20.3556,517.55,488.99,14.4431
86.0,57.6,4.2531,57.6,286.6725,358.2345,571.7,2.5992,4.56,173.394,342.93,72.2853,709.68,19.4599,599.46,599.82,9.984,66.223,76.7843,2.5992,4.56,11.1288,15.7325,9.1086,173.39,342.96,709.68,72.6295,33.015,44.73,9.622,4.012,12.303,44.172,24.7635,14.9077,0.1763,0.1291,0.1318,0.1293,0.2105,0.1318,0.1993,0.1251,539.64,282.6,367.65,84.48,85.1175,85.2225,82.23,83.505,81.9,43.2087,519.87,520.0,20.3555,517.55,488.99,14.4424
86.775,57.525,4.2969,57.6,286.8075,357.9245,571.35,2.6,4.565,173.961,342.96,72.284,709.92,19.4576,599.82,600.0,9.9837,66.2226,76.7823,2.6,4.565,11.1289,15.7343,9.1096,173.964,342.99,709.92,72.5807,33.01,45.192,9.618,3.974,12.305,44.73,24.9065,14.9077,0.1761,0.1289,0.1316,0.1291,0.2101,0.1316,0.1988,0.1249,539.56,282.6,367.65,84.5025,85.14,85.1925,82.2825,83.5275,81.915,43.2205,519.78,520.0,20.3554,517.55,488.99,14.4418
86.675,57.5625,4.1391,57.525,287.01,358.6478,572.0,2.6004,4.57,173.907,342.99,72.2834,710.0,19.4561,600.0,600.12,9.9838,66.2228,76.7808,2.6004,4.57,11.129,15.7345,9.1108,173.908,343.05,710.0,72.5314,33.005,45.492,9.612,3.971,12.305,45.192,25.1155,14.9077,0.1766,0.1287,0.1315,0.1289,0.2098,0.1314,0.1985,0.1247,539.52,282.6,367.6,84.5175,85.1325,85.1775,82.245,83.5575,81.9375,43.2251,519.75,520.0,20.3553,517.55,488.99,14.4411
86.0,57.6375,4.4297,57.5625,286.7175,357.7523,571.45,2.6002,4.575,174.0555,343.05,72.2841,709.92,19.4546,600.12,600.18,9.984,66.2222,76.7811,2.6002,4.575,11.1291,15.7348,9.1102,174.048,343.08,709.92,72.4814,33.0,45.66,9.606,4.025,12.305,45.492,25.308,14.9077,0.1775,0.1287,0.1313,0.1287,0.2096,0.1313,0.1984,0.1246,539.56,282.6,367.6,84.495,85.14,85.1775,82.245,83.55,81.975,43.2261,519.75,520.0,20.3553,517.55,488.99,14.4404
86.925,57.5625,4.475,57.6,286.7175,357.7868,571.4,2.6002,4.5775,173.2725,343.08,72.2836,710.0,19.4534,600.18,600.24,9.9834,66.2221,76.7808,2.6002,4.5775,11.1292,15.735,9.1108,173.278,343.08,710.0,72.4814,33.0,45.81,9.601,4.103,12.306,45.66,25.44,14.9077,0.1782,0.1286,0.1312,0.1286,0.2094,0.1312,0.1982,0.1245,539.56,282.6,367.6,84.54,85.095,85.155,82.2075,83.5725,81.99,43.2234,519.78,520.0,20.3552,517.55,488.96,14.4398
86.2,57.6,4.4594,57.5625,287.1675,358.3034,571.65,2.6004,4.58,173.8935,343.08,72.2836,710.0,19.4519,600.24,600.12,9.9833,66.2221,76.7798,2.6004,4.58,11.1292,15.7353,9.1113,173.894,343.11,710.0,72.4814,33.0,45.966,9.596,4.165,12.306,45.81,25.5445,14.9077,0.1785,0.1286,0.1311,0.1286,0.2093,0.1311,0.1981,0.1244,539.68,282.6,367.6,84.525,85.11,85.17,82.215,83.5725,81.99,43.213,519.87,520.0,20.3551,517.55,488.96,14.4391
86.55,57.6,4.2094,57.6,287.2575,358.2,571.65,2.6006,4.58,173.907,343.11,72.2829,710.08,19.4524,600.12,600.18,9.9833,66.222,76.7786,2.6006,4.58,11.1293,15.7355,9.1113,173.908,343.11,710.08,72.4814,33.0,46.044,9.591,4.199,12.306,45.966,25.6215,14.9077,0.1787,0.1286,0.1311,0.1285,0.2092,0.131,0.198,0.1243,539.72,282.6,367.6,84.5175,85.125,85.14,82.2225,83.5275,81.945,43.2023,519.96,520.0,20.355,517.55,488.96,14.4384
86.95,57.525,4.6297,57.6,287.5275,358.4756,571.65,2.6,4.5825,173.34,343.11,72.2828,710.08,19.4511,600.18,600.18,9.9832,66.2219,76.7801,2.6,4.5825,11.1294,15.7333,9.1108,173.334,343.11,710.08,72.4814,33.0,46.08,9.588,4.214,12.306,46.044,25.682,14.9163,0.1787,0.1285,0.131,0.1285,0.2091,0.131,0.1979,0.1243,539.8,282.55,367.6,84.5475,85.11,85.2075,82.2375,83.5725,81.9525,43.1949,520.02,520.0,20.355,517.55,488.96,14.4378
86.65,57.6,4.5922,57.6,287.0775,358.1312,571.55,2.6002,4.5825,173.745,343.11,72.2827,710.08,19.4504,600.18,600.18,9.9831,66.2218,76.7794,2.6002,4.5825,11.1295,15.7325,9.1108,173.754,343.11,710.08,72.4814,33.0,46.098,9.586,4.223,12.307,46.08,25.715,14.9166,0.1788,0.1285,0.131,0.1285,0.2091,0.131,0.1979,0.1243,539.92,282.55,367.6,84.5625,85.095,85.185,82.2825,83.6025,81.9825,43.1836,520.11,520.0,20.3549,517.55,488.96,14.4371
86.7,57.525,4.4906,57.6,287.2125,357.9245,571.2,2.6,4.5825,173.421,343.11,72.2826,710.08,19.4496,600.18,600.18,9.983,66.2217,76.7799,2.6,4.5825,11.1295,15.7318,9.1108,173.418,343.11,710.08,72.4814,33.0,46.068,9.584,4.227,12.307,46.098,25.726,14.9169,0.1788,0.1285,0.131,0.1285,0.2091,0.131,0.1979,0.1243,540.0,282.55,367.6,84.5475,85.1325,85.2375,82.275,83.5875,81.945,43.1756,520.17,520.0,20.3548,517.55,488.96,14.4364
86.675,57.5625,3.9812,57.6,287.19,358.0279,571.4,2.6,4.5825,173.529,343.11,72.2825,710.08,19.4489,600.18,600.0,9.9829,66.2216,76.7799,2.6,4.5825,11.1296,15.7335,9.1113,173.53,343.11,710.08,72.4814,33.0,46.014,9.583,4.23,12.309,46.068,25.715,14.9085,0.1789,0.1286,0.1311,0.1285,0.2092,0.131,0.198,0.1243,540.08,282.55,367.55,84.6,85.125,85.1925,82.245,83.595,81.915,43.1636,520.26,520.0,20.3547,517.55,488.96,14.4358
86.375,57.6,4.6984,57.5625,286.56,358.2345,571.8,2.6,4.58,173.6775,343.11,72.2823,710.08,19.4504,600.0,600.0,9.9828,66.2215,76.7799,2.6,4.58,11.1297,15.7338,9.1108,173.684,343.11,710.08,72.532,33.005,45.936,9.583,4.231,12.308,46.014,25.6875,14.9085,0.1789,0.1286,0.1311,0.1285,0.2093,0.131,0.1981,0.1244,540.12,282.55,367.55,84.555,85.125,85.1925,82.26,83.55,81.975,43.1551,520.32,520.0,20.3547,517.55,488.96,14.4351
86.125,57.6,4.6875,57.5625,286.7175,357.7868,571.45,2.6,4.58,174.0285,343.11,72.2828,710.0,19.4504,600.0,600.12,9.9828,66.2215,76.7799,2.6,4.58,11.1298,15.734,9.1108,174.034,343.11,710.0,72.5326,33.005,45.828,9.584,4.231,12.308,45.936,25.649,14.9085,0.1789,0.1286,0.1311,0.1286,0.2094,0.1311,0.1982,0.1244,540.16,282.55,367.55,84.6075,85.1325,85.155,82.305,83.5275,81.945,43.1538,520.32,520.0,20.3546,517.55,488.96,14.4344
86.45,57.525,4.5172,57.5625,287.0325,358.1312,571.8,2.5998,4.5775,174.1905,343.11,72.2828,710.0,19.4489,600.12,600.06,9.9827,66.2214,76.7806,2.5998,4.5775,11.1299,15.7343,9.1102,174.188,343.08,710.0,72.5333,33.005,45.678,9.585,4.227,12.306,45.828,25.605,14.9085,0.1789,0.1287,0.1312,0.1286,0.2096,0.1312,0.1983,0.1245,540.12,282.55,367.55,84.5775,85.1325,85.1475,82.3425,83.5575,81.96,43.1525,520.32,520.0,20.3545,517.55,488.99,14.4338
86.95,57.525,4.4328,57.525,286.605,358.2345,571.95,2.5996,4.575,173.313,343.08,72.2835,709.92,19.4491,600.06,599.94,9.9833,66.2213,76.7816,2.5996,4.575,11.1299,15.7345,9.1096,173.306,343.08,709.92,72.5339,33.005,45.378,9.588,4.223,12.306,45.678,25.55,14.9085,0.179,0.1288,0.1313,0.1287,0.2098,0.1313,0.1986,0.1246,540.08,282.55,367.55,84.5925,85.17,85.17,82.38,83.565,81.945,43.1587,520.26,520.0,20.3544,517.55,488.99,14.4331
86.25,57.5625,4.6687,57.5625,287.3025,357.8901,571.95,2.5998,4.57,173.1645,343.08,72.2842,709.84,19.4504,599.94,599.7,9.9835,66.222,76.7813,2.5998,4.57,11.13,15.7348,9.1102,173.166,343.05,709.84,72.5345,33.005,45.138,9.593,4.219,12.306,45.378,25.429,14.9085,0.1789,0.1289,0.1314,0.1289,0.21,0.1314,0.1989,0.1247,540.04,282.55,367.55,84.63,85.1325,85.1625,82.38,83.565,81.9675,43.1614,520.23,520.0,20.3543,517.55,488.99,14.4324
86.3,57.5625,4.6984,57.5625,286.785,357.7179,571.2,2.5998,4.5675,173.232,343.05,72.2845,709.84,19.4536,599.7,599.82,9.9837,66.2221,76.7816,2.5998,4.5675,11.1301,15.735,9.1096,173.236,343.02,709.84,72.5351,33.005,45.06,9.598,4.207,12.306,45.138,25.297,14.9085,0.1786,0.129,0.1315,0.129,0.2101,0.1315,0.1989,0.1248,540.0,282.55,367.55,84.5925,85.1625,85.2225,82.41,83.5575,81.9975,43.1642,520.2,520.0,20.3543,517.55,488.99,14.4318
86.525,57.5625,4.4625,57.6,287.19,358.3034,571.1,2.5996,4.565,173.8395,343.02,72.2847,709.84,19.4534,599.82,599.76,9.9838,66.2223,76.7826,2.5996,4.565,11.1302,15.7353,9.1091,173.838,343.02,709.84,72.5358,33.005,44.988,9.602,4.177,12.306,45.06,25.2145,14.9085,0.1783,0.129,0.1316,0.129,0.2102,0.1315,0.199,0.1249,539.96,282.55,367.55,84.555,85.1625,85.215,82.41,83.5275,82.005,43.171,520.14,520.0,20.3542,517.55,488.99,14.4311
86.95,57.6,4.2641,57.6,287.1225,358.4411,571.4,2.5994,4.565,173.5425,343.02,72.2856,709.76,19.4549,599.76,599.76,9.9848,66.2225,76.7839,2.5994,4.565,11.1271,15.7355,9.1091,173.544,343.02,709.76,72.5364,33.005,44.85,9.606,4.143,12.306,44.988,25.1485,14.9085,0.178,0.129,0.1316,0.1291,0.2103,0.1316,0.1991,0.1249,539.84,282.55,367.55,84.525,85.2,85.2075,82.4025,83.4975,82.05,43.1817,520.05,520.0,20.3541,517.55,488.99,14.4304
86.85,57.6,4.2266,57.6,286.785,358.0279,571.4,2.5994,4.5625,173.772,343.02,72.286,709.76,19.4559,599.76,599.7,9.9852,66.2226,76.7846,2.5994,4.5625,11.1266,15.7333,9.1086,173.782,342.99,709.76,72.4864,33.0,44.742,9.611,4.123,12.306,44.85,25.088,14.9085,0.178,0.1291,0.1317,0.1292,0.2105,0.1317,0.1993,0.125,539.76,282.55,367.55,84.5325,85.1625,85.2075,82.35,83.475,82.0575,43.1927,519.96,520.0,20.354,517.55,488.99,14.4298
86.45,57.525,3.9953,57.6,286.695,358.4756,571.65,2.5992,4.56,173.6505,342.99,72.287,709.68,19.4576,599.7,599.64,9.9856,66.2235,76.7861,2.5992,4.56,11.1257,15.7325,9.1086,173.656,342.99,709.68,72.4864,33.0,44.628,9.614,4.112,12.306,44.742,25.022,14.9085,0.178,0.1292,0.1318,0.1292,0.2106,0.1318,0.1994,0.1251,539.64,282.55,367.55,84.495,85.125,85.2525,82.3575,83.46,82.05,43.2079,519.84,520.0,20.354,517.55,488.99,14.4291
86.475,57.5625,4.0812,57.525,287.5275,358.0967,571.1,2.5992,4.56,173.664,342.99,72.2862,709.84,19.4596,599.64,599.76,9.9853,66.224,76.7871,2.5992,4.56,11.1272,15.7343,9.1086,173.67,342.96,709.84,72.4864,33.0,44.568,9.619,4.106,12.306,44.628,24.956,14.9085,0.1779,0.1292,0.1318,0.1293,0.2106,0.1318,0.1994,0.1251,539.52,282.5,367.5,84.5175,85.1175,85.2825,82.3725,83.5125,82.095,43.2198,519.75,520.0,20.3539,517.55,488.99,14.4284
86.975,57.5625,4.7922,57.5625,287.01,358.5444,571.15,2.5992,4.5575,173.502,342.96,72.2865,709.84,19.4596,599.76,599.76,9.9854,66.2244,76.7881,2.5992,4.5575,11.1273,15.7345,9.1086,173.502,342.96,709.84,72.4357,32.995,44.574,9.622,4.099,12.306,44.568,24.901,14.9085,0.1778,0.1292,0.1318,0.1293,0.2106,0.1318,0.1994,0.1251,539.44,282.5,367.5,84.48,85.155,85.305,82.365,83.5575,82.0725,43.2321,519.66,520.0,20.3538,517.55,488.99,14.4278
86.4,57.525,4.1375,57.5625,286.74,357.7868,571.95,2.5998,4.56,174.123,342.96,72.2867,709.84,19.4606,599.76,599.88,9.9856,66.2248,76.7868,2.5998,4.56,11.1274,15.7348,9.1091,174.118,342.96,709.84,72.4351,32.995,44.796,9.624,4.088,12.306,44.574,24.879,14.9085,0.1776,0.1291,0.1318,0.1292,0.2105,0.1318,0.1992,0.1251,539.36,282.5,367.5,84.5025,85.11,85.2825,82.3125,83.6025,82.0275,43.2448,519.57,520.0,20.3537,517.55,488.96,14.4271
86.0,57.6375,3.8891,57.5625,286.74,358.5789,571.3,2.5998,4.5625,173.1375,342.96,72.287,709.84,19.4601,599.88,599.88,9.9858,66.2245,76.7871,2.5998,4.5625,11.1275,15.735,9.1091,173.138,342.99,709.84,72.4345,32.995,44.898,9.623,4.073,12.306,44.796,24.934,14.9085,0.1775,0.1291,0.1317,0.1292,0.2102,0.1317,0.1991,0.125,539.28,282.5,367.5,84.5475,85.1025,85.2675,82.335,83.6025,81.9975,43.254,519.51,520.0,20.3537,517.55,488.96,14.4264
86.475,57.6,4.4281,57.5625,287.2575,358.0279,571.15,2.6,4.565,173.8935,342.99,72.2866,709.92,19.4606,599.88,600.24,9.9852,66.2246,76.7866,2.6,4.565,11.1275,15.7353,9.1096,173.894,343.02,709.92,72.3832,32.99,45.33,9.622,4.07,12.306,44.898,25.0,14.9085,0.1774,0.1289,0.1316,0.1291,0.2099,0.1316,0.1987,0.1249,539.28,282.5,367.5,84.57,85.125,85.2975,82.305,83.6025,82.02,43.256,519.51,520.0,20.3536,517.52,488.96,14.4258
86.675,57.6,4.5187,57.5625,287.46,358.2345,571.15,2.6004,4.57,174.0555,343.02,72.2861,710.0,19.4566,600.24,600.3,9.9851,66.2248,76.7851,2.6004,4.57,11.1276,15.7355,9.1102,174.062,343.05,710.0,72.382,32.99,45.582,9.615,4.073,12.306,45.33,25.1485,14.9085,0.1775,0.1288,0.1315,0.1289,0.2097,0.1314,0.1984,0.1247,539.32,282.5,367.5,84.5325,85.08,85.29,82.3275,83.625,82.0575,43.2542,519.54,520.0,20.3535,517.52,488.96,14.4251
86.15,57.525,4.5016,57.6,287.3925,358.0967,571.35,2.6006,4.575,173.4345,343.05,72.2855,710.08,19.4549,600.3,600.36,9.985,66.2242,76.7838,2.6006,4.575,11.1277,15.7333,9.1113,173.432,343.08,710.08,72.3301,32.985,45.792,9.609,4.091,12.306,45.582,25.3025,14.9085,0.1778,0.1287,0.1313,0.1287,0.2094,0.1313,0.1982,0.1246,539.36,282.5,367.45,84.585,85.05,85.335,82.3275,83.6175,82.095,43.2523,519.57,520.0,20.3685,517.52,488.96,14.4244
86.575,57.525,3.8859,57.6,287.415,358.4756,571.65,2.6008,4.5775,173.6505,343.08,72.2847,710.16,19.4529,600.36,600.18,9.9842,66.2241,76.7823,2.6008,4.5775,11.1278,15.7325,9.1118,173.656,343.08,710.16,72.3282,32.985,46.002,9.603,4.128,12.306,45.792,25.44,14.9085,0.1781,0.1286,0.1312,0.1286,0.2092,0.1312,0.198,0.1245,539.44,282.5,367.45,84.6,85.0725,85.3725,82.3725,83.58,82.1025,43.239,519.69,520.0,20.3689,517.52,488.96,14.4238
86.025,57.6,4.3891,57.6,287.3475,358.4756,571.45,2.601,4.58,174.474,343.08,72.2845,710.16,19.4536,600.18,600.24,9.9838,66.2241,76.7806,2.601,4.58,11.1279,15.7318,9.1118,174.482,343.11,710.16,72.3264,32.985,46.164,9.597,4.166,12.306,46.002,25.5555,14.9085,0.1784,0.1285,0.1311,0.1285,0.2092,0.131,0.1979,0.1244,539.56,282.5,367.45,84.555,85.1175,85.35,82.4025,83.5575,82.1025,43.229,519.78,520.0,20.3693,517.52,488.96,14.4231
86.325,57.5625,4.5203,57.5625,286.875,357.8212,571.3,2.6006,4.5825,174.2445,343.11,72.2836,710.24,19.4521,600.24,600.24,9.9835,66.224,76.7808,2.6006,4.5825,11.1279,15.7335,9.1118,174.244,343.14,710.24,72.3245,32.985,46.218,9.591,4.197,12.306,46.164,25.66,14.9085,0.1787,0.1285,0.131,0.1285,0.209,0.131,0.1978,0.1243,539.64,282.45,367.45,84.51,85.125,85.305,82.3575,83.595,82.0425,43.2224,519.84,520.0,20.3547,517.52,488.96,14.4224
86.25,57.6,4.1781,57.6,287.1,358.0623,571.1,2.6006,4.5825,174.2445,343.14,72.2845,710.08,19.4511,600.24,600.24,9.9839,66.2239,76.7801,2.6006,4.5825,11.128,15.7338,9.1113,174.244,343.14,710.08,72.3226,32.985,46.218,9.587,4.223,12.306,46.218,25.7315,14.9085,0.179,0.1285,0.131,0.1284,0.209,0.131,0.1978,0.1243,539.72,282.45,367.45,84.495,85.155,85.2975,82.395,83.5425,82.065,43.2118,519.93,520.0,20.3546,517.52,488.96,14.4218
86.625,57.6,4.4172,57.6,286.6275,357.8901,571.95,2.6006,4.5825,174.1635,343.14,72.2843,710.08,19.4501,600.24,600.24,9.9838,66.2238,76.7794,2.6006,4.5825,11.1281,15.734,9.1118,174.16,343.14,710.08,72.3713,32.99,46.158,9.584,4.245,12.306,46.218,25.7535,14.9085,0.1792,0.1285,0.131,0.1284,0.2091,0.131,0.1979,0.1243,539.8,282.45,367.45,84.51,85.1325,85.335,82.335,83.5725,82.035,43.2045,519.99,520.0,20.3545,517.52,488.96,14.4211
86.0,57.5625,4.4547,57.6375,286.875,357.6835,571.9,2.6006,4.5825,174.285,343.14,72.2842,710.08,19.4491,600.24,600.18,9.9838,66.2237,76.7786,2.6006,4.5825,11.1282,15.7343,9.1118,174.286,343.11,710.08,72.3701,32.99,46.056,9.583,4.257,12.306,46.158,25.7425,14.9085,0.1792,0.1286,0.131,0.1285,0.2092,0.131,0.1979,0.1243,539.84,282.45,367.45,84.51,85.1025,85.35,82.2975,83.535,82.0575,43.1971,520.05,520.0,20.3544,517.52,488.96,14.4204
86.95,57.6,4.2,57.525,287.3025,358.1312,571.25,2.6006,4.58,174.366,343.11,72.2841,710.08,19.4489,600.18,600.12,9.9837,66.2236,76.7779,2.6006,4.58,11.1283,15.7345,9.1113,174.37,343.11,710.08,72.3688,32.99,45.912,9.583,4.261,12.305,46.056,25.715,14.9085,0.1793,0.1286,0.1311,0.1285,0.2094,0.131,0.1981,0.1243,539.88,282.45,367.45,84.5475,85.1325,85.335,82.335,83.5725,82.0425,43.1931,520.08,520.0,20.3544,517.52,488.96,14.4198
86.7,57.6,4.175,57.6375,287.325,358.6133,571.65,2.5998,4.5775,174.177,343.11,72.2846,710.0,19.4489,600.12,599.94,9.9836,66.2236,76.7801,2.5998,4.5775,11.1283,15.7348,9.1102,174.174,343.11,710.0,72.4182,32.995,45.732,9.584,4.258,12.305,45.912,25.66,14.9085,0.1792,0.1287,0.1311,0.1286,0.2095,0.1311,0.1982,0.1244,539.88,282.45,367.45,84.5475,85.1475,85.2825,82.35,83.5875,82.08,43.1928,520.08,520.0,20.3543,517.52,488.96,14.4191
86.9,57.5625,4.3344,57.525,287.5275,357.7179,571.65,2.5998,4.575,173.9745,343.11,72.2846,710.0,19.4506,599.94,599.82,9.9843,66.2235,76.7804,2.5998,4.575,11.1284,15.735,9.1102,173.978,343.08,710.0,72.4176,32.995,45.54,9.587,4.251,12.305,45.732,25.583,14.9085,0.1791,0.1287,0.1312,0.1287,0.2097,0.1312,0.1984,0.1245,539.88,282.45,367.45,84.525,85.185,85.2975,82.3125,83.55,82.0875,43.1924,520.08,520.0,20.3542,517.52,488.96,14.4184
86.825,57.6375,3.9937,57.6,287.19,357.6835,571.6,2.6,4.5725,173.583,343.08,72.2852,709.92,19.4524,599.82,599.88,9.9844,66.2241,76.7799,2.6,4.5725,11.1285,15.7353,9.1102,173.586,343.05,709.92,72.417,32.995,45.252,9.59,4.237,12.305,45.54,25.4895,14.9085,0.179,0.1289,0.1314,0.1288,0.2099,0.1314,0.1987,0.1246,539.84,282.45,367.4,84.48,85.2225,85.245,82.3275,83.5425,82.0425,43.1959,520.05,520.0,20.3541,517.52,488.96,14.4178
86.125,57.525,4.2156,57.525,286.74,358.0967,571.3,2.5998,4.5675,173.1375,343.05,72.286,709.84,19.4524,599.88,599.82,9.9846,66.2243,76.7806,2.5998,4.5675,11.1286,15.733,9.1096,173.138,343.02,709.84,72.4163,32.995,45.0,9.596,4.222,12.305,45.252,25.3575,14.9085,0.1789,0.129,0.1315,0.1289,0.2102,0.1314,0.199,0.1248,539.84,282.45,367.4,84.4875,85.2525,85.2,82.3725,83.49,82.0575,43.1994,520.02,520.0,20.3691,517.52,488.96,14.4171
86.1,57.5625,4.1875,57.6375,287.1225,358.0623,571.6,2.5996,4.5675,173.9745,343.02,72.2862,709.84,19.4536,599.82,599.82,9.9848,66.2245,76.7816,2.5996,4.5675,11.1286,15.7323,9.1096,173.964,343.02,709.84,72.4157,32.995,45.12,9.602,4.201,12.305,45.0,25.2145,14.9085,0.1784,0.129,0.1315,0.129,0.2101,0.1315,0.1988,0.1248,539.8,282.45,367.4,84.4725,85.245,85.1625,82.365,83.4525,82.0125,43.2031,519.99,520.0,20.3695,517.52,488.96,14.4164
86.025,57.5625,3.9906,57.5625,287.145,357.8212,571.75,2.5992,4.5675,173.907,343.02,72.2852,710.0,19.4544,599.82,599.82,9.9849,66.2246,76.7836,2.5992,4.5675,11.1287,15.7315,9.1091,173.908,343.02,710.0,72.4151,32.995,45.09,9.604,4.161,12.304,45.12,25.1815,14.9085,0.178,0.1289,0.1315,0.129,0.2102,0.1315,0.1989,0.1248,539.72,282.45,367.4,84.5175,85.275,85.2225,82.3125,83.4375,82.0425,43.2107,519.93,520.0,20.3699,517.52,488.96,14.4158
86.975,57.525,4.525,57.525,286.8525,357.7868,571.7,2.5996,4.565,173.178,343.02,72.2859,709.92,19.4551,599.82,599.82,9.9851,66.2248,76.7831,2.5996,4.565,11.1288,15.7333,9.1091,173.18,343.02,709.92,72.4145,32.995,45.0,9.606,4.128,12.304,45.09,25.1705,14.8999,0.1779,0.129,0.1316,0.129,0.2102,0.1315,0.199,0.1249,539.64,282.45,367.4,84.5475,85.29,85.2375,82.275,83.415,82.0875,43.2185,519.87,520.0,20.3703,517.52,488.96,14.4151
86.4,57.6,4.7734,57.525,286.8975,358.0279,571.8,2.5996,4.5675,173.475,343.02,72.2854,710.0,19.4559,599.82,599.82,9.9853,66.225,76.7836,2.5996,4.5675,11.1289,15.7335,9.1091,173.474,343.02,710.0,72.4138,32.995,45.144,9.609,4.119,12.304,45.0,25.132,14.8996,0.1779,0.1289,0.1316,0.129,0.21,0.1315,0.1988,0.1248,539.64,282.45,367.4,84.5025,85.305,85.2525,82.23,83.4375,82.1025,43.2228,519.84,520.0,20.3708,517.52,488.96,14.4144
86.85,57.6,4.6625,57.525,287.1225,358.4067,571.35,2.5998,4.5675,173.7585,343.02,72.2854,710.0,19.4566,599.82,600.06,9.9847,66.2251,76.7834,2.5998,4.5675,11.129,15.7338,9.1096,173.768,343.02,710.0,72.4132,32.995,45.228,9.608,4.115,12.304,45.144,25.154,14.8994,0.1778,0.1289,0.1315,0.129,0.21,0.1315,0.1988,0.1248,539.64,282.45,367.4,84.5025,85.2375,85.2825,82.2825,83.46,82.1175,43.2234,519.84,520.0,20.3712,517.52,488.96,14.4138
86.425,57.5625,4.7406,57.6,286.9875,358.1656,571.6,2.5998,4.5675,173.6235,343.02,72.2854,710.0,19.4544,600.06,600.06,9.9846,66.2253,76.7836,2.5998,4.5675,11.129,15.734,9.1096,173.628,343.02,710.0,72.362,32.99,45.24,9.608,4.116,12.302,45.228,25.198,14.9077,0.178,0.1289,0.1315,0.129,0.2099,0.1315,0.1988,0.1248,539.6,282.4,367.4,84.48,85.215,85.275,82.29,83.475,82.1475,43.2278,519.81,520.0,20.3716,517.52,488.96,14.4131
86.925,57.5625,4.1281,57.525,287.0325,358.4411,571.65,2.5998,4.5675,174.258,343.02,72.2854,710.0,19.4541,600.06,600.0,9.9845,66.2255,76.7839,2.5998,4.5675,11.1291,15.7343,9.1096,174.258,343.02,710.0,72.3607,32.99,45.222,9.608,4.127,12.302,45.24,25.2255,14.9077,0.1782,0.1289,0.1315,0.129,0.2101,0.1315,0.1988,0.1248,539.6,282.4,367.4,84.51,85.17,85.23,82.245,83.475,82.11,43.2286,519.81,520.0,20.372,517.52,488.96,14.4124
86.475,57.6,4.0781,57.6375,286.9875,358.2,571.55,2.5996,4.5675,173.961,343.02,72.2854,710.0,19.4546,600.0,599.82,9.9852,66.2249,76.7849,2.5996,4.5675,11.1292,15.7345,9.1102,173.95,343.02,710.0,72.3595,32.99,45.072,9.608,4.144,12.303,45.222,25.2255,14.9077,0.1784,0.129,0.1316,0.129,0.2102,0.1315,0.1989,0.1248,539.56,282.4,367.4,84.4875,85.17,85.2375,82.26,83.4825,82.065,43.2368,519.75,520.0,20.3724,517.52,488.96,14.4118
86.325,57.525,4.8359,57.525,287.4825,358.6478,572.05,2.5996,4.565,173.907,343.02,72.286,709.92,19.4569,599.82,599.76,9.9853,66.2248,76.7854,2.5996,4.565,11.1293,15.7348,9.1096,173.908,343.02,709.92,72.3582,32.99,44.892,9.61,4.161,12.305,45.072,25.176,14.9077,0.1786,0.1291,0.1316,0.1291,0.2103,0.1316,0.1991,0.1249,539.48,282.4,367.35,84.48,85.14,85.2675,82.29,83.475,82.0725,43.2416,519.72,520.0,20.3728,517.52,488.96,14.4111
86.925,57.525,4.4328,57.6,287.235,357.8901,571.35,2.5994,4.5625,174.285,343.02,72.2867,709.84,19.4584,599.76,599.7,9.9863,66.2255,76.7866,2.5994,4.5625,11.1293,15.735,9.1091,174.286,342.99,709.84,72.3569,32.99,44.706,9.614,4.169,12.305,44.892,25.0935,14.9077,0.1787,0.1292,0.1317,0.1292,0.2106,0.1317,0.1993,0.125,539.44,282.4,367.35,84.5325,85.1625,85.3125,82.3275,83.52,82.0425,43.2503,519.66,520.0,20.3733,517.52,488.96,14.4104
86.5,57.6,4.5734,57.6,287.19,358.5444,571.45,2.5996,4.5575,173.637,342.99,72.287,709.84,19.4601,599.7,599.76,9.9859,66.2264,76.7866,2.5996,4.5575,11.1294,15.7353,9.1091,173.642,342.96,709.84,72.3557,32.99,44.46,9.619,4.163,12.305,44.706,24.9945,14.9077,0.1786,0.1293,0.1318,0.1293,0.2107,0.1318,0.1995,0.1251,539.32,282.4,367.35,84.555,85.1325,85.305,82.305,83.55,82.0125,43.2667,519.54,520.0,20.3737,517.52,488.96,14.4098
86.4,57.6,3.925,57.525,286.785,357.7179,571.65,2.5996,4.5575,173.583,342.96,72.2872,709.84,19.4606,599.76,599.94,9.9861,66.2261,76.7871,2.5996,4.5575,11.1295,15.733,9.1096,173.586,342.96,709.84,72.3544,32.99,44.664,9.625,4.149,12.305,44.46,24.8735,14.9077,0.1781,0.1292,0.1319,0.1293,0.2106,0.1318,0.1993,0.1251,539.24,282.4,367.35,84.585,85.0875,85.2825,82.2525,83.565,82.02,43.2798,519.45,520.0,20.3741,517.52,488.93,14.4091
86.275,57.5625,4.1797,57.6,287.2125,358.0623,571.55,2.5998,4.56,173.8935,342.96,72.2875,709.84,19.4594,599.94,600.06,9.9863,66.2262,76.7869,2.5998,4.56,11.1296,15.7323,9.1096,173.894,342.96,709.84,72.3026,32.985,44.832,9.625,4.113,12.305,44.664,24.8735,14.9077,0.1776,0.1292,0.1318,0.1292,0.2104,0.1318,0.1992,0.1251,539.2,282.4,367.35,84.54,85.11,85.2825,82.2525,83.61,82.0275,43.2858,519.42,520.0,20.3745,517.49,488.93,14.4084
86.8,57.5625,3.9953,57.5625,286.9425,357.8901,571.6,2.5998,4.5625,173.1105,342.96,72.2877,709.84,19.4581,600.06,600.06,9.9864,66.2264,76.7871,2.5998,4.5625,11.1297,15.7315,9.1096,173.11,342.99,709.84,72.3007,32.985,44.94,9.624,4.077,12.305,44.832,24.923,14.9077,0.1775,0.1291,0.1318,0.1292,0.2102,0.1318,0.1991,0.125,539.16,282.4,367.35,84.5025,85.14,85.2975,82.2225,83.55,82.0125,43.2919,519.39,520.0,20.3749,517.49,488.93,14.4078
86.5,57.6,4.0375,57.5625,287.37,358.6822,571.6,2.6002,4.565,174.231,342.99,72.2874,709.92,19.4579,600.06,600.12,9.9858,66.2258,76.7859,2.6002,4.565,11.1297,15.7333,9.1102,174.23,343.02,709.92,72.2988,32.985,45.408,9.623,4.071,12.305,44.94,24.9835,14.9077,0.1774,0.1289,0.1316,0.1291,0.2099,0.1316,0.1986,0.1249,539.2,282.4,367.35,84.4875,85.11,85.26,82.23,83.52,81.9975,43.2906,519.42,520.0,20.3753,517.49,488.93,14.4071
86.8,57.6,4.1844,57.5625,287.1675,358.6822,571.3,2.6004,4.57,173.853,343.02,72.2869,710.0,19.4569,600.12,600.18,9.9858,66.2257,76.7849,2.6004,4.57,11.1298,15.7335,9.1108,173.852,343.05,710.0,72.2463,32.98,45.63,9.615,4.076,12.305,45.408,25.1485,14.9077,0.1776,0.1288,0.1315,0.1289,0.2096,0.1314,0.1984,0.1247,539.24,282.4,367.35,84.54,85.125,85.29,82.26,83.565,81.9975,43.2892,519.45,520.0,20.3607,517.49,488.93,14.4064
86.7,57.525,4.025,57.6,286.6725,358.5444,571.15,2.6006,4.575,174.5145,343.05,72.2862,710.08,19.4556,600.18,600.24,9.9849,66.2256,76.7836,2.6006,4.575,11.1299,15.7338,9.1113,174.524,343.08,710.08,72.2438,32.98,45.84,9.609,4.101,12.305,45.63,25.308,14.9077,0.178,0.1287,0.1313,0.1287,0.2095,0.1313,0.1982,0.1246,539.32,282.4,367.3,84.5925,85.14,85.3275,82.2375,83.5725,82.005,43.2801,519.54,520.0,20.3606,517.49,488.93,14.4058
86.3,57.525,4.4109,57.5625,286.7625,357.8901,571.95,2.6004,4.5775,174.4335,343.08,72.2855,710.16,19.4541,600.24,600.3,9.9846,66.2248,76.7836,2.6004,4.5775,11.13,15.734,9.1118,174.44,343.08,710.16,72.2413,32.98,45.966,9.603,4.143,12.305,45.84,25.44,14.9077,0.1784,0.1286,0.1312,0.1286,0.2094,0.1312,0.198,0.1245,539.36,282.35,367.3,84.585,85.155,85.3125,82.29,83.5425,82.0275,43.2782,519.57,520.0,20.3606,517.49,488.93,14.4051
86.3,57.5625,4.4031,57.525,286.875,358.6478,571.7,2.6004,4.58,173.5695,343.08,72.2852,710.16,19.4524,600.3,600.36,9.9843,66.2245,76.7831,2.6004,4.58,11.1301,15.7343,9.1118,173.572,343.11,710.16,72.2388,32.98,46.038,9.598,4.185,12.305,45.966,25.5445,14.9077,0.1788,0.1286,0.1311,0.1286,0.2092,0.1311,0.198,0.1244,539.44,282.35,367.3,84.63,85.125,85.3275,82.2825,83.49,82.005,43.2687,519.66,520.0,20.3605,517.49,488.93,14.4044
86.925,57.5625,4.4672,57.5625,287.505,358.0279,571.25,2.6006,4.58,173.367,343.11,72.285,710.16,19.4504,600.36,600.18,9.9847,66.2249,76.7819,2.6006,4.58,11.127,15.7345,9.1113,173.376,343.11,710.16,72.2363,32.98,46.11,9.594,4.218,12.305,46.038,25.6105,14.9077,0.1789,0.1286,0.1311,0.1285,0.209,0.131,0.1979,0.1244,539.56,282.35,367.3,84.645,85.1325,85.29,82.29,83.49,82.0275,43.255,519.78,520.0,20.3604,517.49,488.93,14.4038
86.325,57.6,4.4484,57.525,287.19,358.3723,571.9,2.6006,4.5825,173.7855,343.11,72.2841,710.24,19.4511,600.18,600.24,9.9846,66.2248,76.7811,2.6006,4.5825,11.1258,15.7348,9.1113,173.782,343.11,710.24,72.2338,32.98,46.17,9.59,4.235,12.305,46.11,25.649,14.9077,0.179,0.1286,0.1311,0.1285,0.209,0.131,0.1978,0.1243,539.72,282.35,367.3,84.6075,85.1625,85.2675,82.2975,83.49,82.0275,43.2371,519.93,520.0,20.3603,517.49,488.93,14.4031
86.825,57.525,4.3672,57.6,286.605,358.3723,571.95,2.6006,4.5825,173.259,343.11,72.2837,710.24,19.4496,600.24,600.24,9.9845,66.2247,76.7804,2.6006,4.5825,11.1247,15.735,9.1113,173.264,343.11,710.24,72.282,32.985,46.182,9.587,4.242,12.305,46.17,25.6765,14.9077,0.179,0.1285,0.131,0.1285,0.209,0.131,0.1978,0.1243,539.8,282.35,367.3,84.6375,85.1175,85.2675,82.2675,83.5125,82.05,43.2261,520.02,520.0,20.3603,517.49,488.93,14.4024
86.275,57.5625,4.3766,57.5625,287.1225,358.0279,571.3,2.6006,4.5825,173.772,343.11,72.2846,710.08,19.4486,600.24,600.06,9.9844,66.2246,76.7796,2.6006,4.5825,11.1266,15.7353,9.1118,173.768,343.14,710.08,72.2801,32.985,46.2,9.585,4.246,12.304,46.182,25.7095,14.9077,0.179,0.1285,0.131,0.1284,0.209,0.131,0.1978,0.1243,539.96,282.35,367.3,84.645,85.095,85.2525,82.2525,83.49,82.0575,43.211,520.14,520.0,20.3602,517.49,488.93,14.4018
86.625,57.6,4.6234,57.525,287.1,358.2689,571.2,2.6006,4.5825,173.286,343.14,72.2845,710.08,19.4499,600.06,600.06,9.9843,66.2246,76.7789,2.6006,4.5825,11.1267,15.7355,9.1118,173.292,343.14,710.08,72.2782,32.985,46.182,9.582,4.248,12.304,46.2,25.726,14.9077,0.179,0.1285,0.131,0.1284,0.209,0.131,0.1978,0.1242,540.04,282.35,367.25,84.6075,85.095,85.2225,82.275,83.445,82.0875,43.1992,520.23,520.0,20.3601,517.49,488.93,14.4011
86.875,57.525,4.6312,57.6,286.695,358.4067,571.55,2.6002,4.5825,173.61,343.14,72.2844,710.08,19.4496,600.06,600.06,9.9843,66.2245,76.7796,2.6002,4.5825,11.1268,15.7333,9.1113,173.6,343.14,710.08,72.3269,32.99,46.176,9.581,4.25,12.304,46.182,25.7425,14.9077,0.179,0.1285,0.131,0.1284,0.209,0.131,0.1978,0.1242,540.16,282.35,367.25,84.615,85.1175,85.215,82.32,83.4525,82.0425,43.1832,520.35,520.0,20.36,517.49,488.93,14.4004
86.0,57.6,4.5516,57.525,286.9875,358.2,571.65,2.6002,4.5825,174.285,343.14,72.2842,710.08,19.4494,600.06,600.06,9.9842,66.2244,76.7794,2.6002,4.5825,11.1269,15.7325,9.1113,174.286,343.14,710.08,72.3257,32.99,46.128,9.579,4.249,12.304,46.176,25.7425,14.9077,0.179,0.1285,0.131,0.1284,0.2091,0.131,0.1979,0.1242,540.2,282.35,367.25,84.6525,85.0725,85.1925,82.32,83.4825,81.99,43.1743,520.41,520.0,20.36,517.49,488.93,14.3998
86.55,57.525,4.2953,57.6,286.965,357.7523,571.4,2.6002,4.5825,174.1365,343.14,72.2841,710.08,19.4491,600.06,600.0,9.9841,66.2243,76.7791,2.6002,4.5825,11.1269,15.7343,9.1113,174.132,343.14,710.08,72.3244,32.99,46.02,9.579,4.248,12.304,46.128,25.7425,14.9077,0.179,0.1285,0.131,0.1284,0.2092,0.131,0.1979,0.1243,540.24,282.3,367.25,84.63,85.0725,85.185,82.32,83.445,81.975,43.1726,520.41,520.0,20.3599,517.49,488.93,14.3991
86.325,57.525,4.7969,57.5625,287.055,358.2,571.65,2.6,4.5825,173.394,343.14,72.284,710.08,19.4496,600.0,600.0,9.984,66.2242,76.7796,2.6,4.5825,11.127,15.7345,9.1108,173.39,343.11,710.08,72.3738,32.995,45.882,9.58,4.247,12.304,46.02,25.715,14.8991,0.179,0.1286,0.1311,0.1285,0.2093,0.131,0.1981,0.1243,540.2,282.3,367.25,84.63,85.1175,85.1925,82.3575,83.4675,81.9675,43.171,520.41,520.0,20.3598,517.49,488.93,14.3984
86.375,57.6,4.8266,57.525,286.7625,358.1656,571.8,2.6,4.58,174.0015,343.11,72.2845,710.0,19.4496,600.0,599.94,9.9839,66.2241,76.7796,2.6,4.58,11.1271,15.7348,9.1108,173.992,343.11,710.0,72.3732,32.995,45.78,9.581,4.245,12.303,45.882,25.6655,14.8988,0.179,0.1286,0.1311,0.1286,0.2094,0.1311,0.1982,0.1244,540.24,282.3,367.25,84.6675,85.0725,85.245,82.3575,83.505,82.005,43.1656,520.44,520.0,20.3597,517.49,488.93,14.3978
86.1,57.6,4.7438,57.525,287.505,358.4411,571.5,2.5998,4.5775,173.1645,343.11,72.2845,710.0,19.4504,599.94,599.88,9.9839,66.2241,76.7804,2.5998,4.5775,11.1272,15.735,9.1102,173.166,343.08,710.0,72.3726,32.995,45.636,9.583,4.235,12.301,45.78,25.605,14.9071,0.1789,0.1287,0.1312,0.1286,0.2095,0.1311,0.1983,0.1245,540.2,282.3,367.25,84.6675,85.05,85.2375,82.3425,83.46,82.0425,43.1676,520.41,520.0,20.3597,517.49,488.93,14.3971
86.05,57.5625,4.1328,57.6,287.19,357.9934,571.85,2.5996,4.575,174.312,343.08,72.2845,710.0,19.4514,599.88,600.0,9.9845,66.224,76.7814,2.5996,4.575,11.1272,15.7353,9.1102,174.314,343.08,710.0,72.3719,32.995,45.504,9.586,4.222,12.302,45.636,25.55,14.9071,0.1788,0.1287,0.1313,0.1287,0.2098,0.1312,0.1985,0.1245,540.24,282.3,367.25,84.6525,85.0275,85.2375,82.32,83.4525,82.035,43.1659,520.41,520.0,20.3596,517.49,488.93,14.3964
86.025,57.5625,4.7391,57.5625,287.325,357.959,571.05,2.5994,4.5725,173.205,343.08,72.2851,709.92,19.4504,600.0,599.88,9.9847,66.2246,76.7826,2.5994,4.5725,11.1273,15.7355,9.1096,173.208,343.05,709.92,72.4219,33.0,45.204,9.589,4.207,12.304,45.504,25.4565,14.9071,0.1788,0.1288,0.1314,0.1288,0.2099,0.1314,0.1988,0.1247,540.16,282.3,367.25,84.6075,85.0425,85.2225,82.305,83.445,82.0275,43.1755,520.32,520.0,20.3595,517.49,488.93,14.3958
86.825,57.5625,4.2547,57.6375,287.235,357.7523,572.0,2.5998,4.57,173.6775,343.05,72.2859,709.84,19.4519,599.88,599.82,9.9849,66.2248,76.7819,2.5998,4.57,11.1274,15.7333,9.1096,173.684,343.05,709.84,72.4219,33.0,45.132,9.596,4.199,12.303,45.204,25.341,14.8985,0.1786,0.1289,0.1315,0.1289,0.2101,0.1314,0.1988,0.1247,540.08,282.3,367.2,84.6375,85.0725,85.2675,82.3425,83.49,82.035,43.178,520.29,520.0,20.3594,517.52,488.93,14.3951
86.65,57.525,4.7812,57.6,286.74,357.8901,571.45,2.5996,4.5675,173.421,343.05,72.2861,709.84,19.4531,599.82,599.82,9.985,66.225,76.7829,2.5996,4.5675,11.1275,15.7325,9.1091,173.418,343.02,709.84,72.4219,33.0,45.006,9.599,4.181,12.303,45.132,25.253,14.8983,0.1784,0.129,0.1315,0.129,0.2102,0.1315,0.199,0.1248,540.0,282.3,367.2,84.675,85.095,85.2375,82.2975,83.535,82.0125,43.1881,520.2,520.0,20.3593,517.52,488.93,14.3944
86.425,57.6375,4.1609,57.525,286.92,357.6835,571.55,2.5996,4.565,173.313,343.02,72.2858,709.92,19.4539,599.82,599.76,9.9852,66.2251,76.7834,2.5996,4.565,11.1276,15.7343,9.1096,173.306,343.02,709.92,72.4219,33.0,44.91,9.604,4.157,12.303,45.006,25.176,14.898,0.1782,0.129,0.1316,0.1291,0.2102,0.1316,0.1991,0.1249,539.96,282.3,367.2,84.6525,85.125,85.26,82.275,83.58,81.9825,43.1948,520.14,520.0,20.3593,517.52,488.93,14.3938
86.05,57.525,3.9125,57.5625,286.965,358.2345,572.0,2.5996,4.565,174.015,343.02,72.2859,709.92,19.4554,599.76,599.82,9.9854,66.2253,76.7839,2.5996,4.565,11.1276,15.7345,9.1096,174.02,343.02,709.92,72.3713,32.995,45.036,9.608,4.137,12.301,44.91,25.121,14.9063,0.1779,0.129,0.1316,0.1291,0.2102,0.1316,0.199,0.1249,539.88,282.3,367.2,84.6075,85.0875,85.275,82.2975,83.535,81.9825,43.2017,520.08,520.0,20.3592,517.52,488.93,14.3931
86.1,57.6,4.7219,57.525,287.28,357.7523,571.4,2.5996,4.565,173.8125,343.02,72.286,709.92,19.4556,599.82,599.94,9.9848,66.2247,76.7844,2.5996,4.565,11.1277,15.7348,9.1096,173.81,343.02,709.92,72.3707,32.995,45.03,9.608,4.115,12.302,45.036,25.132,14.9063,0.1778,0.129,0.1316,0.1291,0.2102,0.1316,0.199,0.1249,539.76,282.3,367.2,84.615,85.0875,85.29,82.2975,83.5725,81.975,43.2127,519.99,520.0,20.3591,517.52,488.93,14.3924
86.55,57.525,4.5312,57.6375,287.235,357.959,571.95,2.5996,4.565,174.042,343.02,72.2861,709.92,19.4549,599.94,599.94,9.9854,66.2246,76.7849,2.5996,4.565,11.1278,15.735,9.1096,174.048,343.02,709.92,72.37,32.995,44.994,9.61,4.105,12.304,45.03,25.132,14.9063,0.1779,0.129,0.1316,0.1291,0.2102,0.1316,0.199,0.1249,539.72,282.3,367.2,84.6075,85.125,85.29,82.3275,83.5425,82.02,43.2202,519.93,520.0,20.359,517.52,488.93,14.3918
86.875,57.5625,4.2016,57.6,287.2125,357.9245,571.8,2.5994,4.565,174.15,343.02,72.2862,709.92,19.4551,599.94,599.88,9.9856,66.2246,76.7861,2.5994,4.565,11.1279,15.7353,9.1096,174.146,343.02,709.92,72.3188,32.99,44.904,9.611,4.111,12.304,44.994,25.121,14.9063,0.1781,0.129,0.1316,0.1291,0.2104,0.1316,0.1991,0.1249,539.64,282.3,367.2,84.66,85.1625,85.2825,82.3575,83.49,82.035,43.2318,519.84,520.0,20.359,517.52,488.93,14.3911
86.4,57.6375,4.7812,57.6,287.1675,357.9934,571.45,2.5994,4.5625,173.8665,343.02,72.2864,709.92,19.4561,599.88,599.88,9.9858,66.2252,76.7869,2.5994,4.5625,11.1279,15.733,9.1091,173.866,342.99,709.92,72.3175,32.99,44.76,9.614,4.125,12.304,44.904,25.088,14.9063,0.1783,0.1291,0.1317,0.1292,0.2105,0.1317,0.1992,0.125,539.52,282.3,367.2,84.6,85.1325,85.2525,82.3725,83.535,82.0125,43.2437,519.75,520.0,20.3589,517.49,488.93,14.3904
86.325,57.5625,4.0234,57.5625,287.0325,358.0623,571.3,2.5992,4.56,174.474,342.99,72.2871,709.84,19.4566,599.88,599.82,9.9859,66.2261,76.7884,2.5992,4.56,11.128,15.7323,9.1086,174.468,342.99,709.84,72.3163,32.99,44.634,9.617,4.136,12.304,44.76,25.0275,14.9063,0.1784,0.1292,0.1318,0.1292,0.2107,0.1318,0.1993,0.1251,539.44,282.3,367.2,84.63,85.095,85.275,82.4175,83.58,82.0425,43.256,519.66,520.0,20.3738,517.49,488.93,14.3898
86.125,57.5625,4.4047,57.6,287.325,358.2689,572.05,2.5996,4.5575,174.2445,342.99,72.2874,709.84,19.4579,599.82,599.7,9.9861,66.2258,76.7879,2.5996,4.5575,11.1281,15.734,9.1096,174.244,342.96,709.84,72.315,32.99,44.43,9.621,4.136,12.304,44.634,24.9505,14.9063,0.1784,0.1293,0.1318,0.1293,0.2109,0.1318,0.1996,0.1251,539.32,282.3,367.2,84.675,85.1325,85.26,82.3875,83.6025,81.9975,43.2724,519.54,520.0,20.3743,517.49,488.93,14.3891
86.675,57.5625,4.0719,57.525,286.8075,358.0279,571.75,2.5994,4.555,173.907,342.96,72.2882,709.76,19.4601,599.7,599.64,9.9863,66.226,76.7891,2.5994,4.555,11.1282,15.7343,9.1086,173.894,342.93,709.76,72.3138,32.99,44.238,9.626,4.13,12.304,44.43,24.857,14.9063,0.1783,0.1294,0.1319,0.1294,0.211,0.1319,0.1998,0.1252,539.16,282.25,367.2,84.6825,85.1475,85.2225,82.335,83.625,81.945,43.2893,519.42,520.0,20.3747,517.49,488.93,14.3884
86.325,57.6,4.3063,57.525,286.5825,357.9245,571.8,2.5994,4.555,173.799,342.93,72.2886,709.76,19.4621,599.64,599.76,9.9864,66.2261,76.7899,2.5994,4.555,11.1283,15.7345,9.1086,173.81,342.93,709.76,72.2619,32.985,44.46,9.632,4.117,12.305,44.238,24.7525,14.9063,0.1779,0.1293,0.132,0.1294,0.2108,0.1319,0.1995,0.1252,539.08,282.25,367.2,84.63,85.155,85.2225,82.3125,83.655,81.9675,43.3067,519.3,520.0,20.3751,517.49,488.93,14.3878
86.775,57.6,3.8937,57.5625,286.785,358.0967,571.55,2.5996,4.5575,174.123,342.93,72.289,709.76,19.4621,599.76,599.94,9.9866,66.2263,76.7899,2.5996,4.5575,11.1283,15.7348,9.1091,174.118,342.96,709.76,72.2601,32.985,44.646,9.632,4.085,12.305,44.46,24.7635,14.9063,0.1775,0.1292,0.1319,0.1293,0.2106,0.1318,0.1993,0.1252,539.0,282.25,367.2,84.6075,85.1925,85.2075,82.335,83.64,81.93,43.317,519.24,520.0,20.3755,517.49,488.93,14.3871
86.325,57.525,4.1937,57.525,286.6725,358.1656,571.8,2.5996,4.56,173.826,342.96,72.2887,709.84,19.4609,599.94,600.0,9.9868,66.2265,76.7904,2.5996,4.56,11.1284,15.735,9.1096,173.824,342.96,709.84,72.2582,32.985,44.772,9.63,4.055,12.305,44.646,24.8295,14.9063,0.1774,0.1292,0.1318,0.1293,0.2105,0.1318,0.1992,0.1251,538.96,282.25,367.15,84.5625,85.1475,85.2225,82.3425,83.5875,81.915,43.3276,519.18,520.0,20.3759,517.49,488.93,14.3864
86.0,57.6,4.7422,57.525,286.56,358.4411,571.25,2.5998,4.56,173.367,342.96,72.289,709.84,19.4604,600.0,600.06,9.9869,66.2266,76.7901,2.5998,4.56,11.1285,15.7353,9.1096,173.362,342.99,709.84,72.2057,32.98,44.904,9.629,4.054,12.305,44.772,24.901,14.9063,0.1776,0.1291,0.1318,0.1292,0.2103,0.1318,0.1991,0.125,538.92,282.25,367.15,84.54,85.14,85.245,82.2975,83.5275,81.9,43.3309,519.18,520.0,20.3763,517.49,488.93,14.3858
86.95,57.5625,4.3812,57.5625,287.2125,357.9245,572.05,2.6,4.565,173.5965,342.99,72.2886,709.92,19.4596,600.06,600.18,9.9864,66.2261,76.7896,2.6,4.565,11.1286,15.7355,9.1102,173.6,342.99,709.92,72.2032,32.98,45.3,9.626,4.078,12.305,44.904,24.967,14.9063,0.1777,0.129,0.1316,0.1291,0.2099,0.1316,0.1987,0.1249,539.0,282.25,367.15,84.5775,85.14,85.2225,82.3275,83.52,81.87,43.3305,519.21,520.0,20.3768,517.49,488.9,14.3851
86.325,57.525,4.3359,57.525,287.505,357.8557,571.25,2.6008,4.57,173.6505,342.99,72.2881,710.0,19.4579,600.18,600.18,9.9863,66.226,76.7866,2.6008,4.57,11.1287,15.7333,9.1118,173.642,343.05,710.0,72.2007,32.98,45.642,9.62,4.097,12.305,45.3,25.11,14.9063,0.1778,0.1288,0.1315,0.1289,0.2096,0.1314,0.1984,0.1247,539.08,282.25,367.15,84.615,85.125,85.26,82.32,83.5575,81.915,43.3224,519.3,520.0,20.3772,517.46,488.9,14.3844
86.875,57.525,4.3906,57.6375,286.785,358.5789,571.95,2.6006,4.575,173.7315,343.05,72.2875,710.08,19.4571,600.18,600.3,9.9854,66.2259,76.7864,2.6006,4.575,11.1287,15.7325,9.1118,173.726,343.08,710.08,72.1475,32.975,45.948,9.612,4.116,12.305,45.642,25.286,14.9063,0.178,0.1287,0.1313,0.1287,0.2093,0.1313,0.1981,0.1245,539.2,282.25,367.15,84.5925,85.1325,85.29,82.3125,83.5875,81.9525,43.3102,519.42,520.0,20.3626,517.46,488.9,14.3838
86.7,57.5625,4.3969,57.5625,286.6275,358.2345,571.95,2.601,4.58,173.421,343.08,72.2867,710.16,19.4549,600.3,600.42,9.9851,66.2251,76.7841,2.601,4.58,11.1288,15.7343,9.1124,173.418,343.11,710.16,72.1444,32.975,46.218,9.604,4.144,12.305,45.948,25.462,14.9063,0.1782,0.1286,0.1312,0.1286,0.209,0.1311,0.1978,0.1244,539.32,282.25,367.15,84.6375,85.14,85.2825,82.2825,83.55,81.9375,43.2975,519.54,520.0,20.3625,517.46,488.9,14.3831
86.45,57.525,4.6625,57.6,287.415,358.3034,572.0,2.6012,4.5825,174.2445,343.11,72.2859,710.24,19.4521,600.42,600.48,9.9848,66.2247,76.7821,2.6012,4.5825,11.1289,15.7345,9.1129,174.244,343.14,710.24,72.1919,32.98,46.452,9.596,4.179,12.305,46.218,25.6215,14.9063,0.1785,0.1285,0.131,0.1284,0.2088,0.131,0.1975,0.1242,539.52,282.25,367.15,84.6525,85.14,85.2825,82.275,83.505,81.9075,43.2768,519.72,520.0,20.3624,517.46,488.9,14.3717
86.025,57.5625,4.7094,57.525,287.4825,357.6835,571.6,2.6008,4.5875,174.1635,343.14,72.2849,710.32,19.4496,600.48,600.36,9.9837,66.2244,76.7821,2.6008,4.5875,11.129,15.7348,9.1129,174.174,343.14,710.32,72.1894,32.98,46.578,9.588,4.212,12.305,46.452,25.759,14.9063,0.1788,0.1284,0.1309,0.1283,0.2087,0.1309,0.1974,0.1241,539.68,282.2,367.15,84.6825,85.1625,85.3125,82.2975,83.5125,81.9,43.2592,519.87,520.0,20.3623,517.46,488.9,14.3704
86.175,57.5625,3.95,57.5625,287.2125,358.4411,571.25,2.601,4.5875,174.4065,343.14,72.2844,710.32,19.4491,600.36,600.42,9.9831,66.2233,76.7804,2.601,4.5875,11.129,15.735,9.1135,174.412,343.17,710.32,72.1869,32.98,46.632,9.581,4.244,12.305,46.578,25.8745,14.9063,0.1792,0.1283,0.1308,0.1283,0.2086,0.1308,0.1973,0.1241,539.8,282.2,367.1,84.6525,85.1775,85.275,82.335,83.49,81.9,43.2409,520.02,520.0,20.3622,517.46,488.9,14.3691
86.925,57.6,4.2172,57.6,287.28,357.9245,571.25,2.601,4.59,173.5155,343.17,72.2845,710.24,19.4469,600.42,600.24,9.9833,66.2235,76.7791,2.601,4.59,11.1291,15.7353,9.1129,173.516,343.17,710.24,72.235,32.985,46.62,9.576,4.273,12.305,46.632,25.935,14.9063,0.1794,0.1283,0.1308,0.1282,0.2086,0.1307,0.1974,0.124,539.92,282.2,367.1,84.615,85.1625,85.275,82.335,83.5275,81.945,43.2258,520.14,520.0,20.3622,517.46,488.9,14.3677
86.425,57.6,4.8422,57.5625,286.695,358.6478,571.2,2.6012,4.59,174.204,343.17,72.2841,710.24,19.4474,600.24,600.24,9.9829,66.2231,76.7771,2.6012,4.59,11.1292,15.7355,9.1129,174.202,343.17,710.24,72.2332,32.985,46.608,9.573,4.293,12.304,46.62,25.9735,14.9063,0.1795,0.1283,0.1308,0.1282,0.2086,0.1307,0.1974,0.124,540.08,282.15,367.05,84.6525,85.1775,85.26,82.3275,83.5725,81.93,43.2064,520.29,520.0,20.3621,517.46,488.9,14.3664
86.1,57.525,4.1547,57.5625,286.56,358.4756,572.0,2.6006,4.59,174.636,343.17,72.2837,710.24,19.4464,600.24,600.24,9.9826,66.2228,76.7779,2.6006,4.59,11.1293,15.7333,9.1118,174.636,343.17,710.24,72.2819,32.99,46.524,9.569,4.303,12.304,46.608,25.9845,14.9063,0.1795,0.1283,0.1308,0.1282,0.2088,0.1307,0.1975,0.124,540.2,282.15,367.05,84.6,85.2,85.2675,82.365,83.5725,81.9225,43.194,520.38,520.0,20.362,517.46,488.9,14.3651
86.575,57.525,4.2094,57.5625,287.235,358.1656,571.95,2.6006,4.59,173.529,343.17,72.284,710.16,19.4454,600.24,600.18,9.983,66.2225,76.7771,2.6006,4.59,11.1294,15.7325,9.1118,173.53,343.17,710.16,72.2806,32.99,46.362,9.568,4.305,12.304,46.524,25.979,14.9063,0.1795,0.1284,0.1308,0.1283,0.2088,0.1308,0.1976,0.124,540.24,282.15,367.05,84.645,85.155,85.2375,82.35,83.61,81.96,43.1887,520.41,520.0,20.3619,517.46,488.9,14.3637
86.975,57.6,4.3484,57.5625,287.055,358.4756,572.0,2.6004,4.5875,174.015,343.17,72.2837,710.16,19.4451,600.18,600.12,9.9829,66.2221,76.7771,2.6004,4.5875,11.1294,15.7343,9.1118,174.006,343.17,710.16,72.33,32.995,46.23,9.569,4.305,12.304,46.362,25.935,14.9063,0.1795,0.1284,0.1309,0.1283,0.209,0.1308,0.1977,0.1241,540.32,282.15,367.0,84.6225,85.125,85.23,82.305,83.6025,81.93,43.1758,520.5,520.0,20.3619,517.46,488.9,14.3624
86.875,57.6,4.1,57.5625,287.145,357.7868,571.6,2.6002,4.585,173.7315,343.17,72.2835,710.16,19.4451,600.12,600.06,9.9829,66.2218,76.7774,2.6002,4.585,11.1295,15.7345,9.1113,173.74,343.14,710.16,72.3294,32.995,46.056,9.57,4.296,12.303,46.23,25.869,14.8977,0.1794,0.1285,0.1309,0.1284,0.2091,0.1309,0.1979,0.1242,540.36,282.1,367.0,84.645,85.095,85.275,82.32,83.5725,81.9225,43.17,520.53,520.0,20.3618,517.49,488.9,14.3611
86.625,57.5625,4.3875,57.525,287.4375,357.8901,571.2,2.6002,4.5825,174.4605,343.14,72.2839,710.08,19.4454,600.06,600.0,9.9828,66.2222,76.7771,2.6002,4.5825,11.1296,15.7348,9.1113,174.454,343.14,710.08,72.3794,33.0,45.876,9.573,4.283,12.303,46.056,25.792,14.8974,0.1793,0.1285,0.131,0.1285,0.2094,0.131,0.1981,0.1243,540.36,282.1,367.0,84.6225,85.05,85.245,82.275,83.5875,81.975,43.1641,520.56,520.0,20.3617,517.49,488.9,14.3597
86.05,57.5625,4.7281,57.6,287.3475,358.1312,571.75,2.6,4.58,174.0825,343.14,72.2843,710.0,19.4459,600.0,599.88,9.9827,66.2221,76.7776,2.6,4.58,11.1297,15.735,9.1108,174.09,343.11,710.0,72.3794,33.0,45.636,9.576,4.265,12.301,45.876,25.7095,14.9058,0.1792,0.1286,0.1311,0.1286,0.2096,0.1311,0.1983,0.1244,540.32,282.1,366.95,84.645,85.0125,85.2825,82.305,83.5425,82.0125,43.1693,520.5,520.0,20.3616,517.49,488.93,14.3584
86.0,57.6,4.3812,57.525,286.9875,358.2,571.85,2.5996,4.575,173.9475,343.11,72.285,709.92,19.4474,599.88,599.76,9.9834,66.2221,76.7791,2.5996,4.575,11.1297,15.7353,9.1102,173.95,343.08,709.92,72.43,33.005,45.294,9.581,4.248,12.301,45.636,25.605,14.9058,0.1791,0.1288,0.1313,0.1287,0.2099,0.1313,0.1987,0.1245,540.24,282.1,366.95,84.645,85.065,85.305,82.3275,83.52,81.99,43.1748,520.44,520.0,20.3616,517.49,488.93,14.3571
86.95,57.5625,3.9531,57.5625,287.505,357.9934,571.8,2.5994,4.57,173.637,343.08,72.2857,709.84,19.4494,599.76,599.64,9.9835,66.2227,76.7804,2.5994,4.57,11.1298,15.7355,9.1091,173.628,343.05,709.84,72.4307,33.005,44.928,9.588,4.232,12.303,45.294,25.44,14.8971,0.179,0.1289,0.1315,0.1289,0.2102,0.1314,0.1991,0.1247,540.16,282.05,366.95,84.6375,85.1175,85.2825,82.3725,83.49,81.9675,43.1843,520.35,520.0,20.3615,517.49,488.93,14.3557
86.65,57.5625,4.0359,57.5625,286.695,358.51,571.05,2.599,4.565,174.0285,343.05,72.2866,709.76,19.4519,599.64,599.52,9.9844,66.2229,76.7826,2.599,4.565,11.1299,15.7333,9.1086,174.034,343.02,709.76,72.4313,33.005,44.622,9.597,4.213,12.303,44.928,25.253,14.8969,0.1788,0.1291,0.1316,0.1291,0.2106,0.1316,0.1993,0.1249,540.04,282.05,366.9,84.6825,85.1025,85.2975,82.35,83.4975,81.96,43.1979,520.23,520.0,20.3614,517.49,488.93,14.3544
86.275,57.6,4.5109,57.6,286.8075,358.3378,572.0,2.5986,4.56,173.6775,343.02,72.2876,709.68,19.4549,599.52,599.4,9.9849,66.2238,76.7854,2.5986,4.56,11.13,15.7325,9.1074,173.684,342.96,709.68,72.4319,33.005,44.31,9.606,4.183,12.301,44.622,25.0715,14.9052,0.1785,0.1292,0.1318,0.1292,0.2109,0.1318,0.1997,0.1251,539.88,282.05,366.9,84.7125,85.0725,85.26,82.3725,83.5425,81.975,43.2158,520.08,520.0,20.3613,517.49,488.93,14.3531
86.7,57.6,3.9781,57.5625,287.0325,358.4411,571.4,2.5992,4.5575,173.34,342.96,72.2868,709.84,19.4584,599.4,599.58,9.9853,66.2242,76.7849,2.5992,4.5575,11.1301,15.7318,9.108,173.334,342.96,709.84,72.4325,33.005,44.508,9.616,4.145,12.301,44.31,24.901,14.9052,0.1778,0.1292,0.1318,0.1293,0.2106,0.1318,0.1995,0.1251,539.68,282.05,366.9,84.66,85.035,85.275,82.3725,83.5575,81.975,43.238,519.9,520.0,20.3613,517.49,488.93,14.3517
86.5,57.5625,4.6734,57.6,287.0325,357.6835,571.4,2.5998,4.5625,173.9475,342.96,72.2871,709.84,19.4586,599.58,599.94,9.9849,66.2239,76.7836,2.5998,4.5625,11.1276,15.7335,9.1096,173.95,342.99,709.84,72.3825,33.0,44.946,9.619,4.09,12.301,44.508,24.879,14.9052,0.177,0.129,0.1317,0.1292,0.2103,0.1317,0.1991,0.125,539.6,282.05,366.9,84.63,85.005,85.2675,82.3125,83.5275,81.975,43.2497,519.81,520.0,20.3612,517.49,488.93,14.3504
86.625,57.5625,3.8641,57.525,287.4825,358.3034,571.3,2.5996,4.565,173.4345,342.99,72.2867,709.92,19.4559,599.94,600.0,9.9844,66.2241,76.7846,2.5996,4.565,11.1267,15.7338,9.1096,173.432,343.02,709.92,72.3825,33.0,45.222,9.615,4.032,12.304,44.946,24.989,14.9052,0.1767,0.1289,0.1316,0.1291,0.2099,0.1316,0.1988,0.1249,539.52,282.05,366.9,84.6525,85.005,85.32,82.35,83.5425,81.9525,43.258,519.75,520.0,20.3611,517.49,488.93,14.3491
86.35,57.5625,4.3266,57.6,287.0325,358.0279,571.5,2.5998,4.57,174.015,343.02,72.2862,710.0,19.4554,600.0,600.12,9.985,66.2242,76.7844,2.5998,4.57,11.1283,15.734,9.1096,174.006,343.05,710.0,72.3319,32.995,45.486,9.611,4.019,12.304,45.222,25.1375,14.9052,0.177,0.1288,0.1315,0.1289,0.2098,0.1314,0.1985,0.1247,539.56,282.05,366.85,84.6675,85.05,85.3425,82.3125,83.52,81.93,43.259,519.75,520.0,20.361,517.49,488.93,14.3477
86.675,57.5625,3.8922,57.6,287.37,358.0967,571.7,2.6002,4.575,174.3795,343.05,72.2856,710.08,19.4539,600.12,600.18,9.9844,66.2236,76.7831,2.6002,4.575,11.1284,15.7343,9.1102,174.384,343.08,710.08,72.3313,32.995,45.708,9.606,4.057,12.304,45.486,25.2805,14.9052,0.1776,0.1287,0.1313,0.1288,0.2096,0.1313,0.1983,0.1246,539.56,282.0,366.85,84.69,85.0275,85.335,82.2975,83.505,81.8925,43.2562,519.78,520.0,20.361,517.49,488.93,14.3464
86.925,57.5625,4.675,57.5625,287.19,357.9934,571.45,2.6004,4.5775,174.1365,343.08,72.2849,710.16,19.4526,600.18,600.12,9.9836,66.2236,76.7821,2.6004,4.5775,11.1285,15.7345,9.1113,174.146,343.08,710.16,72.28,32.99,45.864,9.601,4.114,12.304,45.708,25.4235,14.9052,0.1782,0.1286,0.1312,0.1286,0.2094,0.1312,0.1981,0.1245,539.56,282.0,366.85,84.66,85.0425,85.2975,82.335,83.4675,81.8775,43.2571,519.78,520.0,20.3609,517.49,488.93,14.3451
86.525,57.5625,4.2937,57.6,287.3925,357.6835,571.4,2.6004,4.58,173.664,343.08,72.2846,710.16,19.4526,600.12,600.18,9.9833,66.2235,76.7816,2.6004,4.58,11.1285,15.7348,9.1113,173.67,343.11,710.16,72.2787,32.99,45.984,9.596,4.167,12.304,45.864,25.5335,14.9052,0.1785,0.1286,0.1311,0.1286,0.2092,0.1311,0.198,0.1244,539.64,282.0,366.85,84.6975,85.0125,85.275,82.3125,83.4525,81.93,43.2505,519.84,520.0,20.3608,517.49,488.93,14.3437
86.9,57.525,4.3063,57.6,287.0775,358.4411,571.6,2.6006,4.58,174.2175,343.11,72.285,710.08,19.4514,600.18,600.18,9.9837,66.2234,76.7804,2.6006,4.58,11.1286,15.735,9.1113,174.216,343.11,710.08,72.2775,32.99,46.086,9.591,4.202,12.304,45.984,25.616,14.9052,0.1787,0.1286,0.1311,0.1285,0.2092,0.131,0.1979,0.1243,539.72,282.0,366.85,84.7125,85.0425,85.3125,82.275,83.46,81.975,43.2399,519.93,520.0,20.3607,517.49,488.93,14.3424
86.05,57.6,4.3891,57.6,287.4825,357.959,572.0,2.6006,4.5825,173.718,343.11,72.2849,710.08,19.4506,600.18,600.18,9.9836,66.2233,76.7796,2.6006,4.5825,11.1287,15.7353,9.1113,173.726,343.11,710.08,72.3269,32.995,46.11,9.588,4.221,12.304,46.086,25.671,14.9052,0.1788,0.1285,0.131,0.1285,0.2091,0.131,0.1979,0.1243,539.8,282.0,366.8,84.7275,85.0275,85.335,82.305,83.49,81.9975,43.2327,519.99,520.0,20.3606,517.49,488.93,14.3411
86.125,57.6,4.6312,57.525,286.605,358.2,571.7,2.6006,4.5825,174.096,343.11,72.2847,710.08,19.4499,600.18,600.18,9.9835,66.2232,76.7789,2.6006,4.5825,11.1288,15.733,9.1118,174.104,343.11,710.08,72.3263,32.995,46.104,9.585,4.233,12.304,46.11,25.7095,14.9052,0.1789,0.1285,0.131,0.1285,0.2092,0.131,0.1979,0.1243,539.88,282.0,366.8,84.75,85.02,85.35,82.275,83.5275,81.9825,43.2214,520.08,520.0,20.3606,517.49,488.93,14.3397
86.45,57.6,4.1531,57.525,286.83,357.9934,571.15,2.6006,4.5825,173.637,343.11,72.2846,710.08,19.4491,600.18,600.18,9.9834,66.2231,76.7781,2.6006,4.5825,11.1288,15.7323,9.1113,173.628,343.11,710.08,72.3256,32.995,46.044,9.584,4.24,12.304,46.104,25.715,14.9052,0.179,0.1285,0.131,0.1285,0.2092,0.131,0.1979,0.1243,539.92,282.0,366.8,84.7425,85.0575,85.305,82.2975,83.505,81.945,43.2136,520.14,520.0,20.3605,517.49,488.93,14.3384
86.175,57.6,4.2594,57.6,286.6275,357.649,571.45,2.6,4.58,173.583,343.11,72.2845,710.08,19.4484,600.18,600.0,9.9834,66.2231,76.7796,2.6,4.58,11.1289,15.7315,9.1108,173.572,343.11,710.08,72.325,32.995,45.978,9.583,4.245,12.304,46.044,25.6985,14.9052,0.1791,0.1286,0.1311,0.1285,0.2092,0.131,0.198,0.1243,540.0,281.95,366.8,84.7425,85.08,85.3575,82.2525,83.5425,81.9825,43.2055,520.2,520.0,20.3604,517.49,488.93,14.3371
86.35,57.5625,4.2578,57.5625,286.9425,358.0623,571.35,2.6,4.58,174.312,343.11,72.2844,710.08,19.4499,600.0,600.0,9.9833,66.223,76.7796,2.6,4.58,11.129,15.7333,9.1108,174.314,343.11,710.08,72.375,33.0,45.9,9.584,4.246,12.304,45.978,25.6655,14.9052,0.179,0.1286,0.1311,0.1285,0.2094,0.1311,0.1981,0.1244,540.08,281.95,366.75,84.7275,85.1025,85.32,82.2975,83.5425,81.9975,43.1972,520.26,520.0,20.3603,517.49,488.93,14.3357
86.75,57.5625,4.3125,57.525,286.875,357.649,571.35,2.5998,4.5775,174.474,343.11,72.2849,710.0,19.4499,600.0,599.94,9.9832,66.2229,76.7804,2.5998,4.5775,11.1291,15.7335,9.1102,174.468,343.11,710.0,72.375,33.0,45.756,9.585,4.242,12.304,45.9,25.6325,14.9052,0.179,0.1287,0.1312,0.1286,0.2095,0.1311,0.1982,0.1244,540.04,281.95,366.75,84.705,85.095,85.32,82.3425,83.5725,81.96,43.1961,520.26,520.0,20.3603,517.49,488.93,14.3344
86.325,57.5625,4.7125,57.6375,287.0325,358.3378,571.1,2.5998,4.5775,174.1365,343.11,72.2849,710.0,19.4506,599.94,599.82,9.9839,66.2228,76.7806,2.5998,4.5775,11.1292,15.7338,9.1102,174.132,343.08,710.0,72.375,33.0,45.57,9.587,4.237,12.304,45.756,25.583,14.9052,0.179,0.1287,0.1312,0.1287,0.2097,0.1312,0.1984,0.1245,540.0,281.95,366.75,84.6525,85.0725,85.2675,82.335,83.55,81.99,43.2026,520.2,520.0,20.3602,517.49,488.93,14.3331
86.725,57.5625,4.0109,57.5625,287.325,357.8212,571.15,2.6,4.5725,173.826,343.08,72.2855,709.92,19.4524,599.82,599.94,9.984,66.2227,76.7801,2.6,4.5725,11.1292,15.734,9.1102,173.824,343.08,709.92,72.375,33.0,45.378,9.59,4.231,12.304,45.57,25.506,14.9052,0.179,0.1288,0.1313,0.1288,0.2098,0.1313,0.1986,0.1246,539.96,281.9,366.75,84.6375,85.1025,85.29,82.3725,83.5725,82.005,43.2055,520.17,520.0,20.3601,517.49,488.93,14.3317
86.925,57.525,4.6469,57.6,286.83,358.4411,571.9,2.5998,4.57,174.1095,343.08,72.2862,709.84,19.4516,599.94,599.82,9.9842,66.2234,76.7809,2.5998,4.57,11.1293,15.7343,9.1096,174.118,343.05,709.84,72.4257,33.005,45.144,9.594,4.22,12.304,45.378,25.407,14.9052,0.1789,0.1289,0.1314,0.1289,0.2102,0.1314,0.1988,0.1247,539.92,281.9,366.7,84.6,85.0575,85.335,82.38,83.52,82.005,43.2086,520.14,520.0,20.36,517.49,488.93,14.3304
86.3,57.5625,4.0453,57.525,286.56,358.2345,571.25,2.5996,4.565,173.934,343.05,72.2865,709.84,19.4534,599.82,599.76,9.9851,66.2235,76.7819,2.5996,4.565,11.1294,15.7345,9.1091,173.936,343.02,709.84,72.4263,33.005,44.844,9.599,4.204,12.304,45.144,25.286,14.9052,0.1788,0.129,0.1316,0.129,0.2104,0.1315,0.1991,0.1249,539.84,281.9,366.7,84.6,85.08,85.335,82.4175,83.4825,81.9825,43.2193,520.05,520.0,20.36,517.49,488.93,14.3291
86.55,57.5625,4.6687,57.6,287.0325,357.9245,571.6,2.5994,4.5625,173.7585,343.02,72.2867,709.84,19.4549,599.76,599.64,9.9855,66.2237,76.7831,2.5994,4.5625,11.1295,15.7348,9.1086,173.754,342.99,709.84,72.4269,33.005,44.556,9.607,4.188,12.304,44.844,25.143,14.9052,0.1787,0.1292,0.1317,0.1292,0.2106,0.1317,0.1994,0.125,539.72,281.9,366.7,84.5925,85.095,85.29,82.455,83.4825,81.975,43.2341,519.93,520.0,20.3599,517.49,488.93,14.3277
86.4,57.5625,3.9281,57.6,287.145,358.2,571.15,2.5992,4.5575,173.826,342.99,72.287,709.84,19.4574,599.64,599.58,9.9852,66.2246,76.7846,2.5992,4.5575,11.1295,15.735,9.1086,173.824,342.96,709.84,72.4275,33.005,44.46,9.614,4.166,12.304,44.556,24.9835,14.9052,0.1784,0.1293,0.1318,0.1293,0.2108,0.1318,0.1995,0.1251,539.6,281.9,366.7,84.615,85.0875,85.2525,82.4175,83.4975,82.005,43.2495,519.81,520.0,20.3598,517.49,488.93,14.3264
86.15,57.6,4.1813,57.6,286.65,357.8557,571.25,2.599,4.5575,173.5425,342.96,72.2879,709.76,19.4596,599.58,599.58,9.9854,66.2251,76.7864,2.599,4.5575,11.1296,15.7353,9.108,173.544,342.96,709.76,72.3775,33.0,44.388,9.62,4.132,12.304,44.46,24.879,14.9052,0.178,0.1293,0.1319,0.1293,0.2108,0.1318,0.1996,0.1252,539.48,281.9,366.65,84.63,85.1025,85.2375,82.4475,83.46,82.035,43.2653,519.69,520.0,20.3597,517.49,488.93,14.325
86.975,57.5625,3.9062,57.6,287.4375,358.51,571.7,2.5992,4.5575,173.745,342.96,72.2876,709.84,19.4614,599.58,599.82,9.9855,66.2255,76.7869,2.5992,4.5575,11.1297,15.733,9.108,173.754,342.96,709.84,72.3775,33.0,44.73,9.625,4.096,12.305,44.388,24.8075,14.9052,0.1774,0.1292,0.1318,0.1293,0.2105,0.1318,0.1993,0.1251,539.36,281.85,366.65,84.6525,85.0725,85.23,82.4025,83.4525,81.9975,43.2778,519.6,520.0,20.3597,517.49,488.93,14.3237
86.85,57.6,4.65,57.6,286.9425,358.5789,571.2,2.5994,4.5625,173.016,342.96,72.2872,709.92,19.4601,599.82,599.94,9.9857,66.2251,76.7871,2.5994,4.5625,11.1298,15.7323,9.1086,173.012,342.99,709.92,72.3775,33.0,44.994,9.623,4.057,12.305,44.73,24.879,14.9052,0.1771,0.129,0.1317,0.1292,0.2102,0.1317,0.199,0.125,539.32,281.85,366.65,84.6075,85.0275,85.26,82.365,83.4975,82.0275,43.2869,519.54,520.0,20.3596,517.49,488.93,14.3224
86.75,57.525,4.1344,57.6,287.145,358.51,571.8,2.6002,4.5675,173.6505,342.99,72.2867,710.0,19.4594,599.94,600.3,9.9851,66.2246,76.7849,2.6002,4.5675,11.1299,15.7315,9.1108,173.642,343.02,710.0,72.3269,32.995,45.504,9.62,4.039,12.305,44.994,25.0,14.9052,0.177,0.1288,0.1315,0.129,0.2097,0.1315,0.1985,0.1248,539.36,281.85,366.65,84.5775,85.035,85.23,82.3725,83.535,82.035,43.285,519.57,520.0,20.3595,517.49,488.93,14.321
86.3,57.6,4.4203,57.5625,287.37,358.1656,571.6,2.6006,4.5725,174.528,343.02,72.2861,710.08,19.4551,600.3,600.24,9.9843,66.2245,76.7831,2.6006,4.5725,11.1299,15.7333,9.1118,174.538,343.05,710.08,72.2756,32.99,45.846,9.612,4.049,12.305,45.504,25.2035,14.9052,0.1773,0.1287,0.1313,0.1288,0.2095,0.1313,0.1982,0.1246,539.4,281.85,366.65,84.54,85.0575,85.2675,82.3575,83.5425,82.0425,43.2792,519.63,520.0,20.3594,517.49,488.9,14.3197
86.25,57.6,3.9328,57.6,287.2575,358.1312,571.8,2.601,4.5775,174.3795,343.05,72.2854,710.16,19.4546,600.24,600.36,9.9839,66.2236,76.7809,2.601,4.5775,11.13,15.7335,9.1124,174.37,343.11,710.16,72.2744,32.99,46.092,9.604,4.086,12.305,45.846,25.4125,14.9052,0.1778,0.1286,0.1312,0.1286,0.2092,0.1311,0.1979,0.1244,539.44,281.85,366.65,84.5025,85.0125,85.3125,82.35,83.49,82.05,43.277,519.66,520.0,20.3594,517.49,488.9,14.3184
86.55,57.5625,4.3422,57.6,287.235,358.0623,571.35,2.6006,4.5825,173.6505,343.11,72.2845,710.24,19.4521,600.36,600.24,9.9844,66.2241,76.7811,2.6006,4.5825,11.1301,15.7338,9.1118,173.642,343.14,710.24,72.2731,32.99,46.29,9.596,4.143,12.305,46.092,25.594,14.9052,0.1784,0.1285,0.131,0.1285,0.209,0.131,0.1977,0.1243,539.56,281.85,366.65,84.4875,85.065,85.35,82.35,83.5125,82.0575,43.2671,519.75,520.0,20.3593,517.46,488.9,14.317
86.6,57.6375,4.3891,57.525,287.46,358.3378,571.2,2.6008,4.585,173.9475,343.14,72.2835,710.32,19.4521,600.24,600.36,9.9835,66.2232,76.7796,2.6008,4.585,11.1302,15.734,9.1118,173.95,343.14,710.32,72.2719,32.99,46.464,9.589,4.198,12.305,46.29,25.7315,14.9052,0.1788,0.1284,0.1309,0.1284,0.2088,0.1309,0.1975,0.1242,539.68,281.85,366.6,84.4875,85.05,85.365,82.3425,83.4825,82.0575,43.2493,519.9,520.0,20.3592,517.46,488.9,14.3157
86.4,57.6,4.1734,57.6,287.5275,358.2689,571.75,2.601,4.5875,173.664,343.14,72.283,710.32,19.4496,600.36,600.36,9.9832,66.2229,76.7779,2.601,4.5875,11.1271,15.7343,9.1124,173.67,343.17,710.32,72.3213,32.995,46.56,9.582,4.235,12.305,46.464,25.836,14.9052,0.179,0.1284,0.1308,0.1283,0.2086,0.1308,0.1974,0.1241,539.84,281.85,366.6,84.5175,85.0575,85.305,82.305,83.475,82.095,43.2309,520.05,520.0,20.3591,517.46,488.9,14.3144
86.95,57.6,4.075,57.6,286.695,358.51,571.15,2.6006,4.59,173.934,343.17,72.2837,710.16,19.4481,600.36,600.24,9.9829,66.2226,76.7781,2.6006,4.59,11.126,15.7345,9.1118,173.936,343.17,710.16,72.3206,32.995,46.614,9.577,4.26,12.305,46.56,25.9075,14.9052,0.1792,0.1283,0.1308,0.1283,0.2086,0.1308,0.1974,0.124,540.0,281.8,366.6,84.495,85.0425,85.3425,82.275,83.43,82.08,43.2119,520.2,520.0,20.359,517.49,488.9,14.313
86.175,57.6,3.9297,57.525,286.8075,358.6133,571.8,2.6006,4.59,173.772,343.17,72.2829,710.24,19.4481,600.24,600.24,9.9825,66.2222,76.7774,2.6006,4.59,11.1279,15.7348,9.1124,173.768,343.17,710.24,72.32,32.995,46.596,9.573,4.276,12.305,46.614,25.957,14.9052,0.1793,0.1283,0.1308,0.1282,0.2086,0.1307,0.1974,0.124,540.12,281.8,366.6,84.4575,85.02,85.35,82.2525,83.3925,82.035,43.1961,520.32,520.0,20.359,517.49,488.9,14.3117
86.85,57.525,4.2953,57.525,287.4375,358.1656,571.5,2.6006,4.59,173.637,343.17,72.2825,710.24,19.4471,600.24,600.24,9.9822,66.2219,76.7766,2.6006,4.59,11.128,15.735,9.1124,173.642,343.17,710.24,72.37,33.0,46.554,9.57,4.288,12.305,46.596,25.979,14.9052,0.1794,0.1283,0.1308,0.1282,0.2086,0.1307,0.1974,0.124,540.24,281.8,366.55,84.5025,85.0275,85.35,82.2075,83.445,81.9825,43.1835,520.41,520.0,20.3589,517.49,488.9,14.3104
86.825,57.5625,3.9359,57.5625,286.8525,358.4411,571.95,2.6006,4.59,173.88,343.17,72.2821,710.24,19.4461,600.24,600.18,9.9819,66.2215,76.7759,2.6006,4.59,11.1281,15.7353,9.1124,173.88,343.17,710.24,72.37,33.0,46.482,9.568,4.293,12.305,46.554,25.979,14.9052,0.1794,0.1283,0.1308,0.1282,0.2087,0.1307,0.1975,0.124,540.36,281.8,366.55,84.48,85.005,85.3725,82.2225,83.475,81.99,43.1668,520.53,520.0,20.3588,517.49,488.9,14.309
86.5,57.5625,4.6578,57.6,286.965,358.4411,571.75,2.6006,4.5875,173.6505,343.17,72.2824,710.16,19.4459,600.18,600.18,9.9823,66.2212,76.7752,2.6006,4.5875,11.1281,15.7355,9.1118,173.642,343.17,710.16,72.4206,33.005,46.374,9.568,4.293,12.305,46.482,25.968,14.9052,0.1794,0.1284,0.1308,0.1283,0.2088,0.1308,0.1976,0.1241,540.4,281.8,366.55,84.4725,84.9675,85.395,82.2375,83.46,81.9975,43.1572,520.59,520.0,20.3587,517.49,488.93,14.3077
86.65,57.6,4.4344,57.6,287.055,357.959,572.0,2.6004,4.5875,173.961,343.17,72.2821,710.16,19.4451,600.18,600.12,9.9822,66.2209,76.7752,2.6004,4.5875,11.1282,15.7333,9.1118,173.964,343.17,710.16,72.4213,33.005,46.248,9.568,4.29,12.305,46.374,25.935,14.9052,0.1793,0.1284,0.1309,0.1283,0.209,0.1308,0.1977,0.1241,540.48,281.8,366.55,84.51,84.93,85.395,82.2,83.415,81.9675,43.1473,520.65,520.0,20.3587,517.49,488.93,14.3064
86.85,57.525,3.85,57.525,287.37,358.5444,571.35,2.6002,4.585,174.1095,343.17,72.2819,710.16,19.4451,600.12,600.06,9.9821,66.2205,76.7754,2.6002,4.585,11.1283,15.7325,9.1113,174.104,343.14,710.16,72.4725,33.01,46.08,9.569,4.282,12.304,46.248,25.88,14.9052,0.1793,0.1285,0.1309,0.1284,0.2092,0.1309,0.1979,0.1242,540.48,281.8,366.55,84.4875,84.945,85.365,82.2075,83.43,82.0125,43.1409,520.68,520.0,20.3586,517.49,488.93,14.305
86.5,57.6,4.3297,57.6,287.4825,357.8212,571.25,2.6002,4.5825,174.0015,343.14,72.2822,710.08,19.4454,600.06,599.94,9.982,66.221,76.7752,2.6002,4.5825,11.1284,15.7343,9.1108,173.992,343.14,710.08,72.4737,33.01,45.876,9.572,4.272,12.304,46.08,25.814,14.9052,0.1792,0.1285,0.131,0.1285,0.2094,0.131,0.1981,0.1243,540.48,281.75,366.5,84.4725,84.9975,85.395,82.1625,83.43,82.0425,43.1419,520.65,520.0,20.3585,517.49,488.93,14.3037
86.15,57.525,4.2188,57.6,286.74,358.2,571.5,2.6,4.58,174.258,343.14,72.2827,710.0,19.4466,599.94,599.88,9.9819,66.2209,76.7757,2.6,4.58,11.1285,15.7345,9.1108,174.258,343.11,710.0,72.475,33.01,45.66,9.575,4.26,12.304,45.876,25.7205,14.9052,0.1791,0.1286,0.1311,0.1286,0.2096,0.1311,0.1983,0.1244,540.44,281.75,366.5,84.495,85.0425,85.3875,82.23,83.415,82.0575,43.1468,520.59,520.0,20.3584,517.49,488.93,14.3024
86.125,57.6,4.0297,57.5625,287.235,357.9934,571.85,2.5996,4.575,174.15,343.11,72.2834,709.92,19.4476,599.88,599.76,9.9826,66.2208,76.7772,2.5996,4.575,11.1285,15.7348,9.1096,174.16,343.08,709.92,72.4762,33.01,45.282,9.58,4.244,12.304,45.66,25.6105,14.9052,0.1791,0.1288,0.1313,0.1287,0.21,0.1313,0.1987,0.1245,540.32,281.75,366.5,84.48,85.005,85.3875,82.245,83.4225,82.0425,43.1519,520.53,520.0,20.3584,517.49,488.93,14.301
86.075,57.6,3.9625,57.5625,286.8525,358.0279,571.3,2.5992,4.57,174.0015,343.08,72.2841,709.84,19.4496,599.76,599.58,9.9835,66.2215,76.7792,2.5992,4.57,11.1286,15.735,9.1091,173.992,343.05,709.84,72.5281,33.015,44.85,9.588,4.23,12.304,45.282,25.4455,14.9052,0.1791,0.129,0.1315,0.1289,0.2104,0.1314,0.1991,0.1248,540.2,281.75,366.5,84.4725,84.99,85.35,82.275,83.4075,82.0575,43.1648,520.41,520.0,20.3583,517.52,488.93,14.2997
86.425,57.6,4.8172,57.525,287.1225,358.3723,571.9,2.5988,4.5625,173.6775,343.05,72.285,709.76,19.4529,599.58,599.4,9.9839,66.2216,76.7817,2.5988,4.5625,11.1287,15.7353,9.1086,173.67,342.99,709.76,72.53,33.015,44.436,9.598,4.214,12.304,44.85,25.2365,14.9052,0.1789,0.1292,0.1317,0.1292,0.2108,0.1317,0.1996,0.125,540.04,281.7,366.45,84.4425,85.0125,85.32,82.2825,83.4,82.02,43.1857,520.23,520.0,20.3582,517.52,488.93,14.2984
86.775,57.5625,4.2266,57.5625,287.145,357.8901,571.65,2.5986,4.56,174.0555,342.99,72.286,709.68,19.4569,599.4,599.4,9.9844,66.2225,76.7839,2.5986,4.56,11.1288,15.7355,9.108,174.048,342.96,709.68,72.5319,33.015,44.4,9.609,4.185,12.304,44.436,25.0165,14.9052,0.1784,0.1292,0.1318,0.1293,0.2109,0.1318,0.1996,0.1251,539.88,281.7,366.45,84.5025,85.0275,85.32,82.305,83.4075,82.0575,43.2036,520.08,520.0,20.3581,517.52,488.93,14.297
86.425,57.6,4.1797,57.525,287.325,358.4411,571.1,2.599,4.5575,173.7315,342.96,72.2865,709.68,19.4594,599.4,599.7,9.9848,66.223,76.7842,2.599,4.5575,11.1288,15.7333,9.108,173.726,342.96,709.68,72.4831,33.01,44.304,9.615,4.131,12.304,44.4,24.8955,14.9052,0.1777,0.1293,0.1319,0.1293,0.2109,0.1318,0.1997,0.1252,539.68,281.7,366.45,84.555,85.02,85.275,82.335,83.43,82.0575,43.2258,519.9,520.0,20.3581,517.52,488.93,14.2957
86.325,57.6,4.6156,57.6,286.8075,357.9245,571.3,2.599,4.5575,173.2725,342.96,72.2876,709.6,19.4581,599.7,599.7,9.9852,66.2234,76.7854,2.599,4.5575,11.1289,15.7325,9.108,173.264,342.96,709.6,72.4844,33.01,44.394,9.621,4.076,12.304,44.304,24.813,14.9052,0.1772,0.1292,0.1319,0.1294,0.2108,0.1319,0.1996,0.1252,539.52,281.7,366.45,84.6,85.065,85.2975,82.3725,83.4675,82.0575,43.245,519.75,520.0,20.358,517.49,488.93,14.2944
86.675,57.525,4.0641,57.5625,286.8075,357.8212,571.45,2.5992,4.5625,173.5155,342.96,72.2864,709.84,19.4594,599.7,599.94,9.9849,66.223,76.7859,2.5992,4.5625,11.129,15.7343,9.1086,173.516,342.99,709.84,72.435,33.005,44.97,9.624,4.037,12.305,44.394,24.802,14.9052,0.1767,0.129,0.1318,0.1292,0.2102,0.1318,0.199,0.125,539.44,281.7,366.4,84.57,85.1175,85.335,82.3275,83.475,82.035,43.261,519.63,520.0,20.3579,517.49,488.93,14.293
86.925,57.5625,3.9047,57.5625,287.1675,358.3034,571.9,2.5996,4.5675,173.61,342.99,72.2854,710.0,19.4576,599.94,600.12,9.985,66.2232,76.7854,2.5996,4.5675,11.1291,15.7345,9.1096,173.614,343.02,710.0,72.385,33.0,45.426,9.619,4.008,12.305,44.97,24.9725,14.9052,0.1765,0.1288,0.1316,0.129,0.2098,0.1315,0.1986,0.1248,539.4,281.7,366.4,84.6,85.1025,85.2975,82.305,83.49,82.0575,43.2625,519.63,520.0,20.3578,517.49,488.93,14.2917
86.25,57.6,3.9656,57.6,286.965,358.3723,571.7,2.6006,4.5725,174.1635,343.02,72.2847,710.08,19.4556,600.12,600.24,9.9844,66.2226,76.7822,2.6006,4.5725,11.1292,15.7348,9.1108,174.16,343.05,710.08,72.385,33.0,45.762,9.611,4.011,12.305,45.426,25.1925,14.9052,0.1769,0.1287,0.1314,0.1288,0.2095,0.1314,0.1982,0.1246,539.44,281.65,366.4,84.645,85.14,85.32,82.305,83.535,82.0875,43.2603,519.66,520.0,20.3577,517.49,488.93,14.2904
86.15,57.6,4.2687,57.5625,286.695,357.8901,571.2,2.6008,4.5775,174.1365,343.05,72.284,710.16,19.4536,600.24,600.3,9.9844,66.2225,76.7807,2.6008,4.5775,11.1292,15.735,9.1113,174.132,343.11,710.16,72.3344,32.995,46.038,9.603,4.061,12.305,45.762,25.396,14.9052,0.1776,0.1286,0.1312,0.1286,0.2093,0.1311,0.198,0.1244,539.48,281.65,366.4,84.6,85.095,85.2825,82.305,83.505,82.0575,43.2541,519.72,520.0,20.3727,517.49,488.93,14.289
86.475,57.5625,4.1797,57.6,287.1225,358.1312,571.05,2.6012,4.5825,174.1365,343.11,72.2831,710.24,19.4519,600.3,600.42,9.9835,66.2225,76.7782,2.6012,4.5825,11.1293,15.7353,9.1118,174.132,343.11,710.24,72.3338,32.995,46.254,9.595,4.128,12.305,46.038,25.583,14.9052,0.1782,0.1285,0.131,0.1285,0.209,0.131,0.1978,0.1243,539.56,281.65,366.4,84.645,85.11,85.305,82.2675,83.5425,82.05,43.2477,519.78,520.0,20.3581,517.49,488.93,14.2877
86.375,57.6,4.05,57.5625,286.8975,358.0279,572.0,2.6008,4.585,173.61,343.11,72.2834,710.16,19.4491,600.42,600.3,9.9839,66.2216,76.7782,2.6008,4.585,11.1294,15.733,9.1118,173.614,343.14,710.16,72.3331,32.995,46.41,9.588,4.187,12.305,46.254,25.726,14.9052,0.1787,0.1284,0.1309,0.1284,0.2088,0.1309,0.1976,0.1242,539.68,281.65,366.35,84.6525,85.1475,85.3125,82.2825,83.55,82.0275,43.2336,519.9,520.0,20.358,517.49,488.93,14.2864
86.275,57.525,4.1453,57.5625,286.65,358.4756,571.9,2.601,4.5875,173.853,343.14,72.2831,710.16,19.4489,600.3,600.36,9.9831,66.2213,76.7764,2.601,4.5875,11.1295,15.7323,9.1124,173.852,343.17,710.16,72.3325,32.995,46.53,9.582,4.229,12.305,46.41,25.836,14.9052,0.1789,0.1283,0.1309,0.1283,0.2087,0.1308,0.1975,0.1241,539.84,281.65,366.35,84.63,85.125,85.3425,82.29,83.565,82.065,43.219,520.02,520.0,20.3579,517.49,488.93,14.285
86.9,57.525,4.8203,57.525,287.37,358.0623,571.75,2.6006,4.59,174.204,343.17,72.2822,710.24,19.4469,600.36,600.24,9.9828,66.221,76.7767,2.6006,4.59,11.1295,15.734,9.1118,174.202,343.17,710.24,72.3825,33.0,46.578,9.576,4.253,12.305,46.53,25.913,14.9052,0.1791,0.1283,0.1308,0.1283,0.2087,0.1308,0.1974,0.124,539.96,281.65,366.35,84.6525,85.1175,85.3575,82.3125,83.6025,82.035,43.2001,520.17,520.0,20.3579,517.49,488.93,14.2837
86.025,57.6,4.7875,57.6,286.8975,357.7179,571.8,2.6006,4.59,173.7585,343.17,72.2819,710.24,19.4469,600.24,600.18,9.9824,66.2206,76.7759,2.6006,4.59,11.1296,15.7343,9.1124,173.768,343.17,710.24,72.3825,33.0,46.536,9.573,4.268,12.305,46.578,25.957,14.9052,0.1792,0.1283,0.1308,0.1282,0.2087,0.1308,0.1975,0.124,540.08,281.6,366.35,84.63,85.1475,85.395,82.3575,83.5875,82.0275,43.1881,520.26,520.0,20.3578,517.49,488.93,14.2824
86.275,57.6,3.9516,57.5625,286.9425,358.5789,571.8,2.6006,4.5875,174.177,343.17,72.2821,710.16,19.4466,600.18,600.18,9.9821,66.2203,76.7752,2.6006,4.5875,11.1297,15.7345,9.1118,174.174,343.17,710.16,72.4332,33.005,46.458,9.571,4.281,12.305,46.536,25.968,14.9052,0.1793,0.1283,0.1308,0.1283,0.2088,0.1308,0.1975,0.1241,540.16,281.6,366.3,84.66,85.185,85.41,82.38,83.6025,82.02,43.1721,520.38,520.0,20.3577,517.49,488.93,14.281
86.525,57.6,4.0812,57.525,286.605,358.4756,571.2,2.6004,4.5875,173.097,343.17,72.2819,710.16,19.4459,600.18,600.12,9.9825,66.22,76.7752,2.6004,4.5875,11.1298,15.7348,9.1118,173.096,343.17,710.16,72.4338,33.005,46.326,9.57,4.287,12.305,46.458,25.946,14.9052,0.1794,0.1284,0.1308,0.1283,0.2088,0.1308,0.1977,0.1241,540.24,281.6,366.3,84.6975,85.185,85.4025,82.35,83.55,82.0125,43.163,520.44,520.0,20.3576,517.49,488.93,14.2797
86.525,57.5625,4.1359,57.6,287.28,357.7523,571.75,2.6004,4.585,173.799,343.17,72.2816,710.16,19.4459,600.12,600.12,9.9824,66.2196,76.7747,2.6004,4.585,11.1299,15.735,9.1113,173.796,343.14,710.16,72.4344,33.005,46.23,9.571,4.288,12.305,46.326,25.9075,14.9052,0.1793,0.1284,0.1309,0.1283,0.209,0.1309,0.1978,0.1242,540.36,281.6,366.3,84.735,85.1625,85.395,82.3575,83.535,82.0125,43.15,520.53,520.0,20.3576,517.49,488.93,14.2784
86.825,57.5625,4.8422,57.6,287.3025,358.6133,571.85,2.6002,4.585,173.745,343.14,72.2813,710.16,19.4454,600.12,600.06,9.9824,66.22,76.7749,2.6002,4.585,11.1299,15.7353,9.1108,173.754,343.14,710.16,72.4856,33.01,46.092,9.571,4.281,12.305,46.23,25.8525,14.9052,0.1793,0.1285,0.131,0.1284,0.2091,0.131,0.1979,0.1242,540.4,281.6,366.3,84.7275,85.1625,85.425,82.3425,83.5275,82.035,43.1441,520.56,520.0,20.3575,517.52,488.93,14.277
86.3,57.6,4.3797,57.525,287.37,358.2,571.35,2.6002,4.5825,173.799,343.14,72.2817,710.08,19.4456,600.06,600.0,9.9823,66.22,76.7747,2.6002,4.5825,11.13,15.7355,9.1102,173.796,343.14,710.08,72.4869,33.01,45.93,9.573,4.27,12.305,46.092,25.7975,14.9052,0.1792,0.1285,0.131,0.1285,0.2093,0.131,0.1981,0.1243,540.4,281.6,366.25,84.69,85.1625,85.44,82.365,83.52,82.05,43.138,520.59,520.0,20.3574,517.52,488.93,14.2757
86.45,57.525,4.8391,57.5625,286.6725,357.8212,571.9,2.5994,4.58,174.123,343.14,72.2816,710.08,19.4461,600.0,599.94,9.9822,66.2206,76.7774,2.5994,4.58,11.1301,15.7333,9.1096,174.118,343.11,710.08,72.4881,33.01,45.75,9.576,4.256,12.305,45.93,25.7205,14.9052,0.179,0.1286,0.1311,0.1285,0.2095,0.131,0.1982,0.1244,540.4,281.6,366.25,84.645,85.1475,85.455,82.3275,83.5275,82.0725,43.1394,520.56,520.0,20.3573,517.52,488.93,14.2743
86.4,57.525,4.8391,57.5625,287.4375,357.7179,571.05,2.5992,4.575,173.529,343.11,72.2821,710.0,19.4469,599.94,599.82,9.9829,66.2208,76.7789,2.5992,4.575,11.1271,15.7325,9.1091,173.53,343.08,710.0,72.54,33.015,45.414,9.58,4.24,12.305,45.75,25.6325,14.9052,0.179,0.1287,0.1312,0.1287,0.2098,0.1312,0.1986,0.1245,540.32,281.55,366.25,84.6825,85.1925,85.4775,82.2825,83.5575,82.095,43.1447,520.5,520.0,20.3572,517.52,488.96,14.273
86.275,57.5625,4.5109,57.5625,286.5375,357.959,571.8,2.599,4.5725,173.9475,343.08,72.2827,709.92,19.4486,599.82,599.7,9.983,66.221,76.7807,2.599,4.5725,11.1259,15.7318,9.1086,173.936,343.05,709.92,72.5419,33.015,45.096,9.587,4.228,12.305,45.414,25.495,14.9052,0.179,0.1289,0.1314,0.1288,0.2102,0.1314,0.1989,0.1247,540.24,281.55,366.25,84.63,85.2225,85.4175,82.32,83.535,82.05,43.1502,520.44,520.0,20.3572,517.52,488.96,14.2717
86.3,57.5625,3.8609,57.6,286.83,358.1656,571.45,2.5992,4.5675,173.9745,343.05,72.2835,709.84,19.4509,599.7,599.52,9.9839,66.2211,76.7812,2.5992,4.5675,11.1278,15.7335,9.1086,173.978,343.02,709.84,72.5438,33.015,44.736,9.594,4.214,12.305,45.096,25.33,14.9052,0.1789,0.129,0.1316,0.129,0.2105,0.1315,0.1993,0.1248,540.12,281.55,366.25,84.66,85.2525,85.3875,82.305,83.55,82.0425,43.1634,520.32,520.0,20.3571,517.52,488.96,14.2703
86.5,57.525,4.4609,57.6,287.145,358.4756,571.55,2.5988,4.56,173.799,343.02,72.285,709.68,19.4544,599.52,599.4,9.9844,66.222,76.7837,2.5988,4.56,11.1279,15.7338,9.108,173.796,342.99,709.68,72.5457,33.015,44.376,9.603,4.19,12.305,44.736,25.1485,14.9052,0.1786,0.1292,0.1318,0.1292,0.2109,0.1318,0.1996,0.1251,539.96,281.55,366.2,84.6525,85.2,85.335,82.3425,83.5575,82.08,43.1809,520.17,520.0,20.357,517.52,488.96,14.269
86.65,57.525,3.9547,57.525,287.0325,358.2345,571.8,2.599,4.5575,173.637,342.99,72.2855,709.68,19.4579,599.4,599.52,9.9848,66.2225,76.7844,2.599,4.5575,11.128,15.734,9.108,173.642,342.96,709.68,72.5475,33.015,44.244,9.613,4.159,12.305,44.376,24.9505,14.9052,0.1782,0.1293,0.1319,0.1293,0.211,0.1318,0.1997,0.1252,539.76,281.55,366.2,84.6375,85.2,85.2825,82.3875,83.565,82.065,43.2065,519.96,520.0,20.3569,517.52,488.96,14.2677
86.575,57.5625,4.1937,57.5625,287.4825,358.1312,571.05,2.599,4.5575,173.448,342.96,72.2866,709.6,19.4589,599.52,599.7,9.9852,66.2229,76.7857,2.599,4.5575,11.1281,15.7343,9.108,173.446,342.96,709.6,72.4988,33.01,44.424,9.621,4.113,12.305,44.244,24.813,14.9052,0.1775,0.1292,0.1319,0.1294,0.2108,0.1318,0.1996,0.1252,539.6,281.55,366.2,84.6375,85.1925,85.3125,82.38,83.5125,82.02,43.2255,519.81,520.0,20.3569,517.52,488.96,14.2663
86.125,57.6,4.5891,57.6,286.6275,357.8901,571.55,2.5992,4.56,173.3535,342.96,72.2854,709.84,19.4586,599.7,599.82,9.9856,66.2233,76.7862,2.5992,4.56,11.1281,15.7345,9.1086,173.362,342.96,709.84,72.5,33.01,44.718,9.623,4.056,12.305,44.424,24.802,14.9052,0.1768,0.1291,0.1318,0.1293,0.2105,0.1318,0.1993,0.1251,539.48,281.5,366.2,84.63,85.17,85.3425,82.395,83.475,81.9825,43.2413,519.69,520.0,20.3718,517.52,488.96,14.265
86.175,57.5625,4.5141,57.525,287.37,358.0623,571.2,2.5994,4.5625,173.853,342.96,72.285,709.92,19.4584,599.82,599.94,9.9853,66.223,76.7864,2.5994,4.5625,11.1282,15.7348,9.1091,173.852,342.99,709.92,72.4507,33.005,45.0,9.622,4.013,12.305,44.718,24.89,14.9052,0.1767,0.129,0.1317,0.1292,0.2102,0.1317,0.199,0.125,539.44,281.5,366.2,84.6375,85.2,85.3425,82.35,83.4675,81.9525,43.2463,519.66,520.0,20.3722,517.52,488.96,14.2637
86.25,57.6,4.2922,57.5625,287.1,358.4756,571.25,2.6002,4.565,173.178,342.99,72.2851,709.92,19.4576,599.94,600.0,9.9847,66.2231,76.7842,2.6002,4.565,11.1283,15.735,9.1096,173.18,343.02,709.92,72.4007,33.0,45.198,9.618,4.012,12.305,45.0,25.0165,14.9052,0.1771,0.1289,0.1316,0.1291,0.21,0.1316,0.1988,0.1249,539.4,281.5,366.2,84.6,85.1475,85.305,82.38,83.4675,81.945,43.2552,519.6,520.0,20.3727,517.52,488.96,14.2623
86.825,57.6,4.7656,57.525,287.2125,357.9934,571.3,2.6004,4.57,173.9745,343.02,72.2846,710.0,19.4571,600.0,600.12,9.9846,66.2233,76.7832,2.6004,4.57,11.1284,15.7353,9.1102,173.978,343.02,710.0,72.4007,33.0,45.426,9.614,4.05,12.305,45.198,25.143,14.9052,0.1776,0.1288,0.1315,0.1289,0.2098,0.1314,0.1986,0.1248,539.44,281.5,366.15,84.555,85.1625,85.32,82.3425,83.4525,81.9825,43.253,519.63,520.0,20.3731,517.52,488.96,14.261
86.475,57.5625,4.6656,57.6,287.4825,358.5444,571.4,2.6,4.5725,173.853,343.02,72.284,710.08,19.4556,600.12,600.12,9.9853,66.2235,76.7842,2.6,4.5725,11.1285,15.733,9.1102,173.866,343.05,710.08,72.35,32.995,45.51,9.609,4.099,12.305,45.426,25.2585,14.9052,0.1781,0.1288,0.1314,0.1288,0.2098,0.1314,0.1985,0.1247,539.44,281.5,366.15,84.5475,85.14,85.2675,82.3425,83.4825,81.945,43.2508,519.66,520.0,20.3735,517.52,488.93,14.2597
86.175,57.5625,4.1453,57.5625,287.4375,357.8557,571.8,2.6,4.5725,174.069,343.05,72.2839,710.08,19.4551,600.12,600.18,9.9854,66.2229,76.7842,2.6,4.5725,11.1285,15.7323,9.1108,174.062,343.05,710.08,72.3494,32.995,45.582,9.606,4.144,12.306,45.51,25.3465,14.9052,0.1784,0.1288,0.1314,0.1288,0.2097,0.1314,0.1984,0.1246,539.48,281.5,366.15,84.5775,85.14,85.305,82.335,83.52,81.9075,43.2484,519.69,520.0,20.3739,517.52,488.93,14.2583
86.675,57.6,3.9109,57.6,286.9875,358.5444,571.3,2.6002,4.575,173.7315,343.05,72.285,709.92,19.4539,600.18,600.18,9.9849,66.2228,76.7834,2.6002,4.575,11.1286,15.734,9.1102,173.74,343.08,709.92,72.3488,32.995,45.612,9.603,4.176,12.306,45.582,25.4015,14.9052,0.1786,0.1288,0.1313,0.1288,0.2096,0.1313,0.1984,0.1246,539.48,281.5,366.15,84.6075,85.1025,85.3275,82.3725,83.4825,81.9675,43.2459,519.72,520.0,20.3593,517.49,488.93,14.257
86.275,57.6,4.0,57.525,286.965,358.6478,571.15,2.6002,4.575,174.0555,343.08,72.2851,709.92,19.4531,600.18,600.18,9.9848,66.2227,76.7832,2.6002,4.575,11.1287,15.7343,9.1102,174.062,343.08,709.92,72.3482,32.995,45.63,9.601,4.193,12.306,45.612,25.4345,14.9052,0.1787,0.1288,0.1313,0.1287,0.2097,0.1313,0.1984,0.1246,539.56,281.45,366.15,84.645,85.1175,85.275,82.38,83.4525,81.9975,43.2432,519.75,520.0,20.3592,517.49,488.93,14.2557
86.975,57.6,4.0687,57.5625,286.83,358.3378,571.4,2.6002,4.575,173.9745,343.08,72.2852,709.92,19.4524,600.18,600.0,9.9847,66.2226,76.7829,2.6002,4.575,11.1288,15.7345,9.1102,173.978,343.08,709.92,72.3475,32.995,45.6,9.6,4.199,12.306,45.63,25.4455,14.9052,0.1787,0.1288,0.1313,0.1287,0.2097,0.1313,0.1984,0.1246,539.56,281.45,366.1,84.6375,85.11,85.2525,82.335,83.46,81.9975,43.2405,519.78,520.0,20.3591,517.49,488.93,14.2543
86.9,57.5625,3.9062,57.5625,286.9425,357.959,571.85,2.6,4.5725,173.988,343.08,72.2841,710.08,19.4539,600.0,600.0,9.9854,66.2225,76.7834,2.6,4.5725,11.1289,15.7348,9.1108,173.978,343.05,710.08,72.3975,33.0,45.54,9.599,4.2,12.306,45.6,25.44,14.9052,0.1787,0.1288,0.1313,0.1288,0.2098,0.1313,0.1985,0.1246,539.6,281.45,366.1,84.6225,85.095,85.305,82.3725,83.49,82.0425,43.2376,519.81,520.0,20.3591,517.49,488.93,14.253
86.9,57.5625,3.9062,57.5625,286.9425,357.959,571.85,2.6,4.5725,173.988,343.05,72.284,710.08,19.4539,600.0,600.0,9.9855,66.2225,76.7834,2.6,4.5725,11.1289,15.735,9.1108,173.978,343.05,710.08,72.3975,33.0,45.54,9.599,4.2,12.306,45.54,25.44,14.9052,0.1787,0.1288,0.1313,0.1288,0.2098,0.1313,0.1985,0.1246,539.6,281.45,366.1,84.6225,85.095,85.305,82.3725,83.49,82.0425,43.2384,519.81,520.0,20.359,517.49,488.93,14.2517
86.9,57.5625,3.9062,57.5625,286.9425,357.959,571.85,2.6,4.5725,173.988,343.05,72.2839,710.08,19.4539,600.0,600.0,9.9857,66.2224,76.7834,2.6,4.5725,11.129,15.7353,9.1108,173.978,343.05,710.08,72.3975,33.0,45.54,9.599,4.2,12.306,45.54,25.44,14.9052,0.1787,0.1288,0.1313,0.1288,0.2098,0.1313,0.1985,0.1246,539.6,281.45,366.1,84.6225,85.095,85.305,82.3725,83.49,82.0425,43.2392,519.81,520.0,20.3589,517.49,488.93,14.2503
86.9,57.5625,3.9062,57.5625,286.9425,357.959,571.85,2.6,4.5725,173.988,343.05,72.2837,710.08,19.4539,600.0,600.0,9.9859,66.2223,76.7834,2.6,4.5725,11.1291,15.7355,9.1108,173.978,343.05,710.08,72.3975,33.0,45.54,9.599,4.2,12.306,45.54,25.44,14.9052,0.1787,0.1288,0.1313,0.1288,0.2098,0.1313,0.1985,0.1246,539.6,281.45,366.1,84.6225,85.095,85.305,82.3725,83.49,82.0425,43.2399,519.81,520.0,20.3588,517.49,488.93,14.249
86.625,57.6,4.6953,57.5625,287.415,358.5444,571.65,2.6,4.5725,173.88,343.05,72.2849,709.92,19.4539,600.0,599.94,9.9853,66.223,76.7834,2.6,4.5725,11.1292,15.7333,9.1102,173.88,343.05,709.92,72.3975,33.0,45.456,9.6,4.199,12.306,45.54,25.4125,14.9052,0.1787,0.1288,0.1314,0.1288,0.2098,0.1314,0.1985,0.1246,539.6,281.45,366.1,84.615,85.05,85.32,82.335,83.505,82.0725,43.2407,519.81,520.0,20.3588,517.49,488.93,14.2477
86.25,57.525,4.2516,57.525,287.4375,358.3034,571.25,2.5998,4.57,173.2995,343.05,72.2856,709.84,19.4546,599.94,599.88,9.9852,66.2231,76.7842,2.5998,4.57,11.1292,15.7325,9.1096,173.292,343.05,709.84,72.3975,33.0,45.288,9.601,4.198,12.306,45.456,25.374,14.9052,0.1788,0.1289,0.1314,0.1289,0.2099,0.1314,0.1987,0.1247,539.6,281.45,366.1,84.6375,85.095,85.32,82.2975,83.4525,82.0875,43.2415,519.81,520.0,20.3587,517.49,488.93,14.2463
86.325,57.5625,4.0391,57.6,286.9425,358.2,571.3,2.5998,4.5675,173.718,343.05,72.2859,709.84,19.4556,599.88,599.88,9.9851,66.2233,76.7844,2.5998,4.5675,11.1293,15.7318,9.1096,173.726,343.02,709.84,72.3975,33.0,45.18,9.604,4.196,12.306,45.288,25.3025,14.9052,0.1788,0.129,0.1315,0.1289,0.2101,0.1314,0.1988,0.1248,539.64,281.45,366.05,84.6525,85.0575,85.2825,82.305,83.505,82.0875,43.2385,519.84,520.0,20.3736,517.49,488.93,14.245
86.525,57.5625,4.5922,57.5625,286.8975,358.0967,571.9,2.5996,4.565,174.015,343.02,72.2855,709.92,19.4561,599.88,599.94,9.985,66.2235,76.7854,2.5996,4.565,11.1294,15.7335,9.1096,174.006,343.02,709.92,72.3975,33.0,45.024,9.606,4.189,12.306,45.18,25.231,14.9052,0.1787,0.129,0.1316,0.129,0.2102,0.1315,0.199,0.1249,539.6,281.4,366.05,84.6075,85.0725,85.245,82.275,83.5125,82.0575,43.2391,519.84,520.0,20.374,517.49,488.93,14.2437
86.725,57.5625,3.8625,57.6,287.415,357.8212,571.7,2.5994,4.5625,174.0015,343.02,72.2856,709.92,19.4559,599.94,599.88,9.9857,66.2236,76.7867,2.5994,4.5625,11.1295,15.7338,9.1091,173.992,342.99,709.92,72.3975,33.0,44.82,9.61,4.178,12.306,45.024,25.154,14.9052,0.1786,0.1291,0.1317,0.1291,0.2105,0.1316,0.1992,0.1249,539.56,281.4,366.05,84.645,85.0575,85.2675,82.26,83.5125,82.0125,43.2473,519.78,520.0,20.3745,517.49,488.93,14.2423
86.65,57.5625,3.9953,57.6,286.8975,357.7868,571.25,2.5998,4.56,173.8395,342.99,72.2863,709.84,19.4569,599.88,599.82,9.9859,66.2245,76.7859,2.5998,4.56,11.1296,15.734,9.1091,173.838,342.99,709.84,72.3975,33.0,44.604,9.615,4.166,12.306,44.82,25.055,14.9052,0.1786,0.1292,0.1318,0.1292,0.2106,0.1318,0.1994,0.1251,539.48,281.4,366.0,84.6525,85.035,85.32,82.23,83.52,81.975,43.2594,519.69,520.0,20.3749,517.49,488.93,14.241
86.85,57.6,4.0359,57.6,287.37,357.7179,571.75,2.5996,4.5575,173.8125,342.99,72.2866,709.84,19.4581,599.82,599.76,9.986,66.225,76.7869,2.5996,4.5575,11.1296,15.7343,9.1086,173.81,342.96,709.84,72.3469,32.995,44.46,9.62,4.153,12.306,44.604,24.945,14.9052,0.1784,0.1293,0.1319,0.1293,0.2108,0.1318,0.1995,0.1252,539.36,281.4,366.0,84.6225,85.02,85.3125,82.2075,83.55,81.945,43.272,519.6,520.0,20.3753,517.49,488.93,14.2397
86.325,57.525,4.7141,57.6,286.605,358.3723,571.45,2.5994,4.5575,174.177,342.96,72.2875,709.76,19.4596,599.76,599.76,9.9862,66.2254,76.7882,2.5994,4.5575,11.1297,15.7345,9.1086,174.174,342.96,709.76,72.3463,32.995,44.484,9.626,4.133,12.306,44.46,24.8515,14.9052,0.1781,0.1293,0.1319,0.1294,0.2108,0.1319,0.1995,0.1252,539.28,281.35,366.0,84.6075,85.035,85.29,82.1925,83.4975,81.9825,43.2886,519.48,520.0,20.3757,517.49,488.93,14.2383
86.6,57.5625,4.4953,57.5625,287.1675,357.9245,571.75,2.5994,4.555,173.718,342.96,72.2878,709.76,19.4606,599.76,599.76,9.9864,66.2258,76.7889,2.5994,4.555,11.1298,15.7348,9.1086,173.712,342.96,709.76,72.3456,32.995,44.46,9.628,4.104,12.306,44.484,24.813,14.9052,0.1778,0.1293,0.1319,0.1294,0.2108,0.1319,0.1995,0.1252,539.16,281.35,365.95,84.645,85.0275,85.245,82.2375,83.535,81.9375,43.302,519.39,520.0,20.3761,517.49,488.93,14.237
86.075,57.6,4.5344,57.5625,286.785,358.0623,571.75,2.5996,4.5575,173.448,342.96,72.2882,709.76,19.4616,599.76,599.94,9.9865,66.2255,76.7889,2.5996,4.5575,11.1299,15.735,9.1091,173.46,342.96,709.76,72.345,32.995,44.646,9.631,4.081,12.306,44.46,24.791,14.9052,0.1776,0.1292,0.1319,0.1293,0.2106,0.1318,0.1993,0.1252,539.08,281.35,365.95,84.6525,85.05,85.29,82.275,83.55,81.9,43.312,519.33,520.0,20.3765,517.49,488.93,14.2357
86.975,57.6,4.7984,57.525,287.055,358.0967,571.35,2.5998,4.56,173.6235,342.96,72.288,709.84,19.4604,599.94,600.12,9.9867,66.2256,76.7887,2.5998,4.56,11.1299,15.7353,9.1096,173.628,342.96,709.84,72.2938,32.99,45.006,9.63,4.068,12.306,44.646,24.8295,14.9052,0.1774,0.1291,0.1318,0.1292,0.2102,0.1318,0.199,0.1251,539.08,281.35,365.95,84.6525,85.035,85.3125,82.2825,83.595,81.8925,43.3184,519.3,520.0,20.377,517.49,488.93,14.2343
86.375,57.5625,4.3047,57.6,286.695,358.4756,571.75,2.6,4.565,174.123,342.96,72.2876,709.92,19.4584,600.12,600.18,9.9861,66.2251,76.7882,2.6,4.565,11.13,15.733,9.1102,174.132,342.99,709.92,72.2925,32.99,45.288,9.625,4.059,12.306,45.006,24.9615,14.9052,0.1774,0.129,0.1317,0.1291,0.21,0.1316,0.1987,0.1249,539.08,281.35,365.95,84.615,85.005,85.3125,82.29,83.55,81.9075,43.3175,519.33,520.0,20.3774,517.46,488.9,14.233
86.0,57.525,4.3359,57.5625,287.37,358.4411,571.55,2.6002,4.5675,173.745,342.99,72.2871,710.0,19.4571,600.18,600.12,9.986,66.225,76.7874,2.6002,4.5675,11.1301,15.7323,9.1108,173.74,343.02,710.0,72.2407,32.985,45.438,9.619,4.072,12.306,45.288,25.11,14.9052,0.1777,0.1289,0.1315,0.129,0.2098,0.1315,0.1986,0.1248,539.12,281.3,365.9,84.6,85.05,85.32,82.305,83.52,81.8925,43.3165,519.36,520.0,20.3778,517.46,488.9,14.2317
86.6,57.5625,4.7422,57.5625,286.8975,358.4756,571.6,2.6004,4.57,173.664,343.02,72.2871,710.0,19.4571,600.12,600.18,9.9859,66.2249,76.7864,2.6004,4.57,11.1271,15.734,9.1113,173.656,343.05,710.0,72.2388,32.985,45.6,9.614,4.109,12.306,45.438,25.231,14.9052,0.1782,0.1288,0.1314,0.1289,0.2096,0.1314,0.1984,0.1247,539.2,281.3,365.9,84.6375,85.095,85.35,82.2825,83.5425,81.855,43.3115,519.42,520.0,20.3782,517.46,488.9,14.2303
86.9,57.6,3.8562,57.5625,286.7175,357.9245,571.7,2.6006,4.5725,173.475,343.05,72.2865,710.08,19.4559,600.18,600.24,9.9859,66.2248,76.7852,2.6006,4.5725,11.1259,15.7343,9.1113,173.474,343.05,710.08,72.2369,32.985,45.744,9.609,4.152,12.306,45.6,25.3245,14.9052,0.1785,0.1288,0.1314,0.1288,0.2094,0.1314,0.1982,0.1246,539.32,281.3,365.9,84.5925,85.1325,85.335,82.26,83.58,81.87,43.3026,519.51,520.0,20.3786,517.46,488.9,14.229
86.775,57.5625,4.5703,57.525,287.145,357.6835,571.35,2.6008,4.575,174.0015,343.05,72.2863,710.08,19.4544,600.24,600.3,9.985,66.2247,76.7837,2.6008,4.575,11.1278,15.7345,9.1113,174.006,343.08,710.08,72.235,32.985,45.882,9.605,4.182,12.306,45.744,25.4125,14.9052,0.1787,0.1287,0.1313,0.1287,0.2094,0.1313,0.1981,0.1245,539.44,281.3,365.9,84.5475,85.1325,85.3425,82.23,83.5275,81.915,43.2895,519.63,520.0,20.364,517.46,488.9,14.2277
86.525,57.6,4.5359,57.525,287.1225,357.7868,571.2,2.6008,4.5775,173.6775,343.08,72.2856,710.16,19.4526,600.3,600.3,9.9847,66.2246,76.7827,2.6008,4.5775,11.1279,15.7348,9.1118,173.67,343.08,710.16,72.2332,32.985,45.954,9.6,4.201,12.305,45.882,25.4895,14.9052,0.1788,0.1287,0.1312,0.1286,0.2093,0.1312,0.198,0.1245,539.52,281.3,365.9,84.585,85.08,85.29,82.2,83.505,81.9525,43.2798,519.72,520.0,20.3639,517.46,488.9,14.2263
86.2,57.6,3.9281,57.5625,286.56,358.6478,571.65,2.6004,4.5775,174.1365,343.08,72.2853,710.16,19.4514,600.3,600.18,9.9844,66.2246,76.7832,2.6004,4.5775,11.128,15.735,9.1113,174.132,343.11,710.16,72.2313,32.985,46.008,9.596,4.216,12.305,45.954,25.55,14.9052,0.1789,0.1286,0.1312,0.1286,0.2093,0.1311,0.198,0.1244,539.64,281.3,365.85,84.555,85.11,85.305,82.17,83.475,81.96,43.2659,519.84,520.0,20.3639,517.46,488.9,14.225
86.15,57.525,4.2781,57.5625,287.415,358.2345,571.3,2.6004,4.58,174.0015,343.11,72.2851,710.16,19.4516,600.18,600.18,9.984,66.2245,76.7827,2.6004,4.58,11.1281,15.7353,9.1113,174.006,343.11,710.16,72.28,32.99,45.996,9.593,4.226,12.305,46.008,25.5885,14.9052,0.179,0.1286,0.1311,0.1286,0.2093,0.1311,0.198,0.1244,539.68,281.3,365.85,84.525,85.155,85.3125,82.1625,83.475,81.975,43.259,519.9,520.0,20.3638,517.46,488.9,14.2236
86.325,57.6,3.9578,57.5625,286.92,358.51,571.2,2.6004,4.58,174.123,343.11,72.2848,710.16,19.4509,600.18,600.18,9.9844,66.2244,76.7822,2.6004,4.58,11.1282,15.733,9.1113,174.118,343.11,710.16,72.2787,32.99,45.966,9.591,4.236,12.305,45.996,25.6105,14.9052,0.179,0.1286,0.1311,0.1286,0.2093,0.1311,0.198,0.1244,539.76,281.25,365.85,84.5625,85.14,85.2975,82.1325,83.52,81.975,43.2481,519.99,520.0,20.3637,517.46,488.9,14.2223
86.375,57.6,3.9187,57.6,286.83,358.5444,571.4,2.6004,4.58,174.0825,343.11,72.2846,710.16,19.4501,600.18,600.12,9.9844,66.2243,76.7817,2.6004,4.58,11.1282,15.7323,9.1113,174.076,343.11,710.16,72.2775,32.99,45.9,9.59,4.242,12.305,45.966,25.616,14.9052,0.1791,0.1286,0.1311,0.1286,0.2094,0.1311,0.1981,0.1244,539.84,281.25,365.85,84.54,85.125,85.26,82.155,83.4675,81.9525,43.2444,520.02,520.0,20.3636,517.46,488.9,14.221
86.65,57.525,4.2312,57.5625,286.9875,358.0279,571.25,2.6004,4.5775,174.1095,343.11,72.2856,710.0,19.4501,600.12,600.12,9.9843,66.2242,76.7812,2.6004,4.5775,11.1283,15.734,9.1113,174.104,343.11,710.0,72.3269,32.995,45.81,9.589,4.244,12.305,45.9,25.605,14.9052,0.1791,0.1287,0.1312,0.1286,0.2094,0.1311,0.1982,0.1244,539.88,281.25,365.85,84.5325,85.1475,85.215,82.155,83.5125,81.9825,43.2406,520.05,520.0,20.3635,517.46,488.9,14.2196
86.475,57.525,4.1,57.5625,287.235,358.3378,571.1,2.6004,4.5775,173.826,343.11,72.2856,710.0,19.4496,600.12,600.06,9.9842,66.2241,76.7807,2.6004,4.5775,11.1284,15.7343,9.1108,173.824,343.08,710.0,72.3263,32.995,45.696,9.59,4.242,12.305,45.81,25.572,14.9052,0.1791,0.1287,0.1312,0.1286,0.2095,0.1312,0.1983,0.1245,539.88,281.25,365.8,84.5175,85.125,85.215,82.17,83.505,81.945,43.2366,520.08,520.0,20.3635,517.46,488.9,14.2183
86.45,57.525,4.6578,57.525,287.2125,358.3723,571.1,2.6002,4.575,173.8125,343.08,72.285,710.08,19.4499,600.06,599.88,9.9849,66.2241,76.7809,2.6002,4.575,11.1285,15.7345,9.1108,173.824,343.08,710.08,72.3256,32.995,45.582,9.591,4.237,12.304,45.696,25.528,14.9052,0.179,0.1287,0.1313,0.1287,0.2096,0.1312,0.1984,0.1245,539.92,281.25,365.8,84.5625,85.1025,85.2,82.185,83.46,81.9525,43.2325,520.11,520.0,20.3634,517.46,488.9,14.217
86.175,57.6,4.15,57.525,286.8975,358.6478,571.25,2.6,4.575,174.096,343.08,72.2848,710.08,19.4519,599.88,599.82,9.985,66.224,76.7814,2.6,4.575,11.1285,15.7348,9.1108,174.104,343.08,710.08,72.325,32.995,45.462,9.593,4.227,12.304,45.582,25.4675,14.9052,0.1789,0.1288,0.1313,0.1288,0.2098,0.1313,0.1985,0.1246,539.92,281.2,365.8,84.5775,85.065,85.185,82.17,83.445,81.9675,43.2321,520.11,520.0,20.3633,517.46,488.9,14.2156
86.7,57.6,4.3281,57.6,286.785,358.51,571.9,2.6,4.57,173.016,343.08,72.286,709.92,19.4531,599.82,599.88,9.9852,66.2246,76.7814,2.6,4.57,11.1286,15.735,9.1096,173.012,343.05,709.92,72.375,33.0,45.24,9.595,4.214,12.304,45.462,25.407,14.9052,0.1789,0.1289,0.1314,0.1288,0.2098,0.1314,0.1987,0.1247,539.88,281.2,365.8,84.5475,85.0425,85.215,82.1475,83.43,81.945,43.2354,520.08,520.0,20.3632,517.46,488.9,14.2143
86.65,57.6,4.6969,57.525,286.5825,358.2,571.1,2.6,4.5725,173.1645,343.05,72.2861,709.92,19.4531,599.88,600.0,9.9854,66.2248,76.7814,2.6,4.5725,11.1287,15.7353,9.1096,173.166,343.05,709.92,72.375,33.0,45.468,9.6,4.205,12.304,45.24,25.3135,14.8966,0.1785,0.1288,0.1314,0.1288,0.2097,0.1314,0.1985,0.1247,539.88,281.2,365.75,84.555,85.0725,85.2225,82.1325,83.4225,81.9075,43.2351,520.08,520.0,20.3632,517.46,488.9,14.213
86.425,57.525,4.6984,57.6375,286.875,357.8212,571.9,2.6,4.5725,173.934,343.05,72.285,710.08,19.4521,600.0,600.0,9.9848,66.2242,76.7814,2.6,4.5725,11.1288,15.733,9.1108,173.936,343.05,710.08,72.375,33.0,45.624,9.598,4.178,12.304,45.468,25.33,14.8963,0.1781,0.1287,0.1313,0.1288,0.2096,0.1313,0.1984,0.1246,539.92,281.2,365.75,84.51,85.11,85.1925,82.11,83.385,81.93,43.231,520.11,520.0,20.3631,517.46,488.9,14.2116
86.65,57.6,4.0344,57.5625,286.605,358.3723,571.65,2.6002,4.575,174.2445,343.05,72.2848,710.08,19.4521,600.0,600.0,9.9847,66.2241,76.7807,2.6002,4.575,11.1289,15.7323,9.1108,174.244,343.08,710.08,72.375,33.0,45.618,9.596,4.151,12.302,45.624,25.396,14.9046,0.1781,0.1287,0.1313,0.1287,0.2097,0.1313,0.1984,0.1246,539.92,281.2,365.75,84.4875,85.1475,85.1625,82.1625,83.37,81.96,43.2306,520.11,520.0,20.363,517.46,488.9,14.2103
86.625,57.525,3.8953,57.525,286.5825,358.5789,571.8,2.6002,4.575,173.826,343.08,72.286,709.92,19.4521,600.0,600.0,9.9854,66.2241,76.7804,2.6002,4.575,11.1289,15.734,9.1102,173.824,343.08,709.92,72.3244,32.995,45.588,9.596,4.151,12.302,45.618,25.44,14.9046,0.1783,0.1287,0.1313,0.1287,0.2096,0.1313,0.1984,0.1246,539.88,281.2,365.75,84.4875,85.125,85.2,82.1325,83.3475,81.9975,43.2339,520.08,520.0,20.3629,517.46,488.9,14.209
86.1,57.5625,4.4203,57.5625,286.65,357.6835,571.65,2.6002,4.575,173.8935,343.08,72.2861,709.92,19.4521,600.0,600.0,9.9855,66.224,76.7802,2.6002,4.575,11.129,15.7343,9.1102,173.894,343.08,709.92,72.3238,32.995,45.558,9.596,4.171,12.303,45.588,25.4455,14.9046,0.1786,0.1288,0.1313,0.1287,0.2097,0.1313,0.1984,0.1246,539.88,281.2,365.75,84.4575,85.1475,85.1775,82.1475,83.37,82.0275,43.2335,520.08,520.0,20.3629,517.46,488.9,14.2076
86.825,57.525,4.5391,57.5625,287.2125,357.8212,571.25,2.6,4.5725,173.8665,343.08,72.285,710.08,19.4521,600.0,600.0,9.9849,66.2239,76.7807,2.6,4.5725,11.1291,15.7345,9.1108,173.866,343.08,710.08,72.3231,32.995,45.51,9.596,4.189,12.303,45.558,25.4345,14.9046,0.1787,0.1288,0.1313,0.1288,0.2098,0.1313,0.1985,0.1246,539.88,281.15,365.75,84.4875,85.155,85.155,82.1325,83.4075,81.975,43.2332,520.08,520.0,20.3628,517.46,488.9,14.2063
86.3,57.525,4.1359,57.6,287.235,358.1312,571.95,2.6,4.5725,173.0295,343.08,72.2848,710.08,19.4521,600.0,599.94,9.9849,66.2245,76.7807,2.6,4.5725,11.1292,15.7348,9.1102,173.026,343.05,710.08,72.3731,33.0,45.45,9.597,4.197,12.303,45.51,25.407,14.9046,0.1787,0.1288,0.1314,0.1288,0.2097,0.1314,0.1985,0.1246,539.88,281.15,365.7,84.54,85.14,85.1925,82.1025,83.415,81.9975,43.2329,520.08,520.0,20.3627,517.46,488.9,14.205
86.6,57.6,3.8516,57.6,286.9425,358.5444,572.0,2.6,4.5725,173.3805,343.05,72.286,709.92,19.4529,599.94,600.0,9.9855,66.2247,76.7807,2.6,4.5725,11.1292,15.735,9.1102,173.39,343.05,709.92,72.3731,33.0,45.51,9.598,4.197,12.303,45.45,25.3795,14.9046,0.1786,0.1288,0.1314,0.1288,0.2097,0.1314,0.1985,0.1246,539.92,281.15,365.7,84.51,85.14,85.2,82.125,83.43,82.0125,43.2288,520.11,520.0,20.3626,517.46,488.9,14.2036
86.225,57.5625,4.5078,57.525,287.19,358.51,571.85,2.6,4.5725,173.5965,343.05,72.2861,709.92,19.4524,600.0,600.0,9.9857,66.2249,76.7807,2.6,4.5725,11.1293,15.7353,9.1102,173.6,343.05,709.92,72.3731,33.0,45.516,9.598,4.186,12.303,45.51,25.3685,14.9046,0.1784,0.1288,0.1314,0.1288,0.2097,0.1314,0.1985,0.1246,539.92,281.15,365.7,84.5325,85.14,85.23,82.1325,83.4525,81.9825,43.2246,520.14,520.0,20.3626,517.46,488.9,14.2023
86.525,57.6,4.2719,57.6,287.325,357.959,571.95,2.6,4.5725,173.7855,343.05,72.2862,709.92,19.4524,600.0,599.94,9.9859,66.2251,76.7807,2.6,4.5725,11.1294,15.7355,9.1102,173.796,343.05,709.92,72.3731,33.0,45.456,9.598,4.176,12.304,45.516,25.374,14.9046,0.1785,0.1288,0.1314,0.1288,0.2098,0.1314,0.1985,0.1247,539.96,281.15,365.7,84.5325,85.125,85.1925,82.1325,83.4825,81.9975,43.2241,520.14,520.0,20.3625,517.46,488.9,14.201
86.35,57.6,4.5125,57.6,286.9875,357.9934,571.4,2.6,4.57,174.1095,343.05,72.2857,710.0,19.4531,599.94,599.94,9.9853,66.2252,76.7807,2.6,4.57,11.1295,15.7333,9.1102,174.104,343.05,710.0,72.3731,33.0,45.33,9.6,4.175,12.304,45.456,25.363,14.9046,0.1786,0.1289,0.1314,0.1289,0.2099,0.1314,0.1987,0.1247,539.92,281.1,365.65,84.5175,85.1475,85.17,82.11,83.46,82.0425,43.2272,520.11,520.0,20.3624,517.46,488.9,14.1996
86.1,57.525,4.1172,57.6,287.37,358.4756,571.15,2.5998,4.5675,173.853,343.05,72.2857,710.0,19.4534,599.94,599.82,9.9852,66.2246,76.7814,2.5998,4.5675,11.1296,15.7325,9.1102,173.852,343.02,710.0,72.3731,33.0,45.12,9.602,4.181,12.304,45.33,25.319,14.9046,0.1787,0.129,0.1315,0.1289,0.2102,0.1314,0.1989,0.1248,539.88,281.1,365.65,84.5625,85.1325,85.215,82.1025,83.445,82.0725,43.2306,520.08,520.0,20.3623,517.46,488.9,14.1983
86.225,57.6,4.6562,57.6,287.0775,358.0967,571.25,2.5996,4.565,174.177,343.02,72.2863,709.92,19.4551,599.82,599.76,9.9859,66.2246,76.7824,2.5996,4.565,11.1296,15.7318,9.1102,174.174,343.02,709.92,72.3731,33.0,44.916,9.606,4.187,12.304,45.12,25.242,14.9046,0.1788,0.1291,0.1316,0.1291,0.2104,0.1316,0.1991,0.1249,539.8,281.1,365.65,84.57,85.095,85.26,82.125,83.46,82.1025,43.2378,520.02,520.0,20.3622,517.46,488.9,14.197
86.4,57.525,4.0969,57.5625,286.875,357.7179,571.1,2.5994,4.5625,173.4885,343.02,72.2865,709.92,19.4566,599.76,599.64,9.986,66.2252,76.7837,2.5994,4.5625,11.1297,15.7335,9.1091,173.488,342.99,709.92,72.3731,33.0,44.676,9.61,4.184,12.304,44.916,25.143,14.9046,0.1788,0.1292,0.1317,0.1292,0.2106,0.1317,0.1993,0.125,539.68,281.1,365.6,84.5625,85.0725,85.2675,82.17,83.46,82.0725,43.2527,519.9,520.0,20.3772,517.46,488.9,14.1956
86.425,57.6375,3.875,57.5625,286.65,358.5789,571.8,2.5994,4.5625,173.394,342.99,72.2866,709.92,19.4591,599.64,599.94,9.9862,66.2254,76.7844,2.5994,4.5625,11.1298,15.7338,9.1086,173.39,342.99,709.92,72.3731,33.0,44.964,9.616,4.171,12.304,44.676,25.022,14.9046,0.1782,0.1291,0.1317,0.1292,0.2102,0.1317,0.1991,0.125,539.6,281.1,365.6,84.57,85.0575,85.2975,82.215,83.4975,82.035,43.2644,519.81,520.0,20.3776,517.46,488.9,14.1943
86.975,57.6,4.3891,57.5625,286.6725,357.959,572.05,2.5996,4.565,173.9475,342.99,72.2867,709.92,19.4569,599.94,600.0,9.9856,66.2256,76.7844,2.5996,4.565,11.1299,15.734,9.1091,173.95,343.02,709.92,72.3225,32.995,45.198,9.615,4.131,12.304,44.964,25.0495,14.9046,0.1776,0.129,0.1316,0.1291,0.2101,0.1316,0.1988,0.1249,539.6,281.1,365.6,84.57,85.0275,85.3125,82.2525,83.4525,82.0575,43.2651,519.81,520.0,20.378,517.46,488.9,14.193
86.5,57.6,4.2297,57.6,286.5825,358.3378,571.85,2.5998,4.5675,173.3265,343.02,72.2862,710.0,19.4564,600.0,600.06,9.9855,66.225,76.7842,2.5998,4.5675,11.13,15.7343,9.1102,173.32,343.02,710.0,72.3219,32.995,45.318,9.613,4.091,12.305,45.198,25.1375,14.9046,0.1775,0.1289,0.1315,0.129,0.2098,0.1315,0.1987,0.1248,539.56,281.1,365.6,84.6225,85.0575,85.35,82.2975,83.505,82.02,43.2697,519.78,520.0,20.3785,517.46,488.9,14.1916
86.925,57.6,4.275,57.5625,286.6275,358.0279,571.25,2.5998,4.57,173.475,343.02,72.2862,710.0,19.4556,600.06,600.12,9.9854,66.2249,76.7844,2.5998,4.57,11.13,15.7345,9.1108,173.474,343.05,710.0,72.3213,32.995,45.468,9.61,4.089,12.305,45.318,25.22,14.9133,0.1777,0.1288,0.1315,0.1289,0.2098,0.1314,0.1985,0.1247,539.6,281.05,365.6,84.5775,85.11,85.3275,82.3275,83.535,82.02,43.2668,519.81,520.0,20.3789,517.46,488.9,14.1903
86.5,57.6,4.3187,57.6,286.7175,358.5444,571.9,2.6,4.5725,173.799,343.05,72.2856,710.08,19.4546,600.12,600.18,9.9854,66.2248,76.7839,2.6,4.5725,11.1301,15.7348,9.1108,173.81,343.05,710.08,72.3206,32.995,45.606,9.607,4.113,12.305,45.468,25.297,14.9135,0.1781,0.1288,0.1314,0.1288,0.2097,0.1314,0.1984,0.1247,539.64,281.05,365.6,84.585,85.11,85.3725,82.3575,83.505,82.0575,43.2638,519.84,520.0,20.3643,517.46,488.9,14.189
86.175,57.5625,4.7859,57.6,287.3925,358.51,571.15,2.6002,4.575,173.8935,343.05,72.2854,710.08,19.4534,600.18,600.06,9.9853,66.2247,76.7832,2.6002,4.575,11.1271,15.735,9.1102,173.894,343.08,710.08,72.2694,32.99,45.72,9.604,4.144,12.305,45.606,25.3795,14.9138,0.1784,0.1287,0.1313,0.1288,0.2095,0.1313,0.1983,0.1246,539.68,281.05,365.6,84.585,85.125,85.4025,82.32,83.46,82.005,43.2569,519.9,520.0,20.3642,517.46,488.9,14.1876
86.025,57.5625,4.5062,57.6,287.3475,358.0967,571.65,2.6002,4.575,174.2715,343.08,72.2847,710.16,19.4541,600.06,600.06,9.9852,66.2246,76.7829,2.6002,4.575,11.1259,15.7353,9.1108,174.272,343.08,710.16,72.2681,32.99,45.792,9.6,4.172,12.307,45.72,25.44,14.9055,0.1785,0.1287,0.1313,0.1287,0.2095,0.1313,0.1982,0.1245,539.72,281.05,365.55,84.63,85.1625,85.425,82.365,83.505,81.99,43.2536,519.93,520.0,20.3641,517.46,488.9,14.1863
86.8,57.5625,4.7656,57.6,287.3475,358.2,571.05,2.6002,4.5775,173.88,343.08,72.2844,710.16,19.4539,600.06,600.06,9.9844,66.2246,76.7827,2.6002,4.5775,11.1278,15.733,9.1108,173.88,343.08,710.16,72.3175,32.995,45.81,9.597,4.193,12.307,45.792,25.495,14.9055,0.1787,0.1287,0.1312,0.1287,0.2094,0.1312,0.1982,0.1245,539.76,281.05,365.55,84.645,85.1325,85.4475,82.38,83.4975,81.9975,43.2501,519.96,520.0,20.364,517.46,488.9,14.185
86.575,57.6,4.5734,57.6,286.5825,358.3378,571.85,2.6002,4.5775,174.2445,343.08,72.2842,710.16,19.4536,600.06,600.06,9.984,66.2245,76.7824,2.6002,4.5775,11.1279,15.7323,9.1108,174.244,343.08,710.16,72.3169,32.995,45.804,9.595,4.207,12.306,45.81,25.528,14.9055,0.1788,0.1287,0.1312,0.1287,0.2095,0.1312,0.1982,0.1245,539.8,281.05,365.55,84.645,85.1025,85.4775,82.335,83.46,81.9675,43.2465,519.99,520.0,20.3639,517.46,488.9,14.1836
86.45,57.525,4.4953,57.5625,287.3025,358.6133,571.1,2.6002,4.5775,174.0555,343.08,72.2852,710.0,19.4534,600.06,600.06,9.9844,66.2244,76.7822,2.6002,4.5775,11.128,15.734,9.1108,174.048,343.08,710.0,72.3162,32.995,45.75,9.594,4.216,12.305,45.804,25.5335,14.9055,0.1789,0.1287,0.1312,0.1287,0.2095,0.1312,0.1982,0.1245,539.8,281.0,365.5,84.6375,85.095,85.47,82.305,83.4825,81.9525,43.2428,520.02,520.0,20.3639,517.46,488.9,14.1823
86.275,57.525,3.9391,57.5625,286.605,358.4067,572.0,2.6002,4.575,173.961,343.08,72.2852,710.0,19.4531,600.06,600.06,9.9844,66.2243,76.7819,2.6002,4.575,11.1281,15.7343,9.1108,173.964,343.08,710.0,72.3156,32.995,45.672,9.594,4.22,12.305,45.75,25.5225,14.9055,0.1789,0.1287,0.1313,0.1287,0.2096,0.1312,0.1983,0.1245,539.84,281.0,365.5,84.6,85.0575,85.4925,82.335,83.4825,81.9375,43.2427,520.02,520.0,20.3638,517.46,488.9,14.181
86.95,57.525,4.3016,57.5625,287.37,357.9934,571.5,2.6002,4.575,173.394,343.08,72.2858,709.92,19.4529,600.06,600.0,9.985,66.2242,76.7817,2.6002,4.575,11.1282,15.7345,9.1102,173.39,343.08,709.92,72.315,32.995,45.588,9.594,4.221,12.305,45.672,25.495,14.9055,0.1789,0.1288,0.1313,0.1287,0.2096,0.1313,0.1984,0.1246,539.84,281.0,365.5,84.5625,85.02,85.455,82.3575,83.445,81.9225,43.2389,520.05,520.0,20.3637,517.46,488.9,14.1796
86.75,57.6,4.6297,57.6,286.8075,357.959,571.75,2.6,4.5725,173.664,343.08,72.2847,710.08,19.4534,600.0,600.0,9.9852,66.2241,76.7822,2.6,4.5725,11.1282,15.7348,9.1108,173.656,343.08,710.08,72.3144,32.995,45.534,9.596,4.217,12.305,45.588,25.4565,14.9055,0.1788,0.1288,0.1313,0.1288,0.2097,0.1313,0.1984,0.1246,539.88,281.0,365.5,84.525,85.08,85.4025,82.3575,83.415,81.885,43.2349,520.08,520.0,20.3636,517.46,488.9,14.1783
86.875,57.5625,3.8984,57.6,286.9875,358.6478,571.7,2.6,4.5725,174.015,343.08,72.2846,710.08,19.4534,600.0,599.94,9.9846,66.2248,76.7822,2.6,4.5725,11.1283,15.735,9.1102,174.02,343.05,710.08,72.3644,33.0,45.468,9.597,4.209,12.305,45.534,25.4125,14.9055,0.1787,0.1288,0.1314,0.1288,0.2098,0.1314,0.1985,0.1246,539.88,281.0,365.5,84.525,85.0725,85.4175,82.395,83.385,81.8625,43.2346,520.08,520.0,20.3636,517.46,488.9,14.177
86.975,57.525,3.9156,57.525,287.145,358.0967,571.95,2.6,4.57,173.88,343.05,72.2851,710.0,19.4541,599.94,599.88,9.9845,66.225,76.7822,2.6,4.57,11.1284,15.7353,9.1102,173.88,343.05,710.0,72.3644,33.0,45.294,9.598,4.199,12.305,45.468,25.3795,14.9055,0.1787,0.1289,0.1314,0.1289,0.2099,0.1314,0.1987,0.1247,539.88,281.0,365.45,84.54,85.02,85.455,82.4325,83.4075,81.8775,43.238,520.05,520.0,20.3635,517.46,488.9,14.1756
86.225,57.6375,4.6391,57.6,286.785,358.6478,571.2,2.5998,4.5675,173.934,343.05,72.2863,709.84,19.4551,599.88,599.82,9.9852,66.2251,76.7829,2.5998,4.5675,11.1285,15.733,9.1096,173.936,343.02,709.84,72.3644,33.0,45.102,9.601,4.194,12.305,45.294,25.3135,14.9055,0.1788,0.129,0.1315,0.1289,0.2102,0.1314,0.1989,0.1248,539.84,281.0,365.45,84.57,85.0725,85.4475,82.4325,83.4075,81.87,43.2416,520.02,520.0,20.3634,517.46,488.9,14.1743
86.125,57.525,4.1422,57.6,287.415,357.9245,571.35,2.5996,4.565,173.8935,343.02,72.2872,709.76,19.4564,599.82,599.76,9.9854,66.2253,76.7839,2.5996,4.565,11.1285,15.7323,9.1091,173.894,343.02,709.76,72.3644,33.0,44.898,9.605,4.189,12.305,45.102,25.2255,14.9055,0.1788,0.1291,0.1316,0.1291,0.2103,0.1316,0.1991,0.1249,539.76,280.95,365.45,84.5325,85.035,85.41,82.47,83.4075,81.9225,43.249,519.96,520.0,20.3784,517.46,488.9,14.173
86.05,57.525,4.5359,57.525,287.145,357.7868,571.85,2.5994,4.5625,173.475,343.02,72.2863,709.92,19.4579,599.76,599.82,9.9855,66.2255,76.7852,2.5994,4.5625,11.1286,15.734,9.1096,173.474,342.99,709.92,72.3644,33.0,44.7,9.61,4.181,12.305,44.898,25.121,14.9055,0.1787,0.1292,0.1317,0.1292,0.2105,0.1317,0.1993,0.125,539.68,280.95,365.45,84.495,85.05,85.41,82.4925,83.4525,81.8925,43.2605,519.87,520.0,20.3788,517.46,488.9,14.1716
86.025,57.525,4.6234,57.5625,286.74,357.7868,571.55,2.5994,4.5625,173.799,342.99,72.2865,709.92,19.4581,599.82,599.94,9.9857,66.2256,76.7859,2.5994,4.5625,11.1287,15.7343,9.1096,173.796,342.99,709.92,72.3644,33.0,45.0,9.616,4.165,12.305,44.7,25.011,14.9055,0.1781,0.1291,0.1317,0.1291,0.2102,0.1317,0.199,0.1249,539.6,280.95,365.45,84.5475,85.0875,85.3575,82.44,83.4975,81.93,43.2685,519.81,520.0,20.3792,517.46,488.9,14.1703
86.325,57.6375,4.6109,57.6,286.83,357.9245,571.5,2.5996,4.565,173.799,342.99,72.2866,709.92,19.4574,599.94,600.0,9.9851,66.2251,76.7859,2.5996,4.565,11.1288,15.7345,9.1102,173.796,343.02,709.92,72.3644,33.0,45.186,9.614,4.125,12.305,45.0,25.0495,14.9055,0.1776,0.129,0.1316,0.1291,0.2101,0.1316,0.1988,0.1249,539.56,280.95,365.4,84.5475,85.065,85.3875,82.455,83.5125,81.9525,43.273,519.78,520.0,20.3796,517.46,488.9,14.1689
86.075,57.525,4.3609,57.5625,286.83,358.4067,571.15,2.6002,4.5675,173.502,343.02,72.2861,710.0,19.4569,600.0,600.06,9.985,66.225,76.7842,2.6002,4.5675,11.1289,15.7348,9.1108,173.502,343.02,710.0,72.3137,32.995,45.306,9.612,4.093,12.305,45.186,25.132,14.9055,0.1776,0.1289,0.1315,0.129,0.2099,0.1315,0.1987,0.1248,539.56,280.95,365.4,84.5475,85.05,85.3725,82.47,83.55,81.945,43.2777,519.75,520.0,20.365,517.46,488.9,14.1676
86.25,57.5625,4.7188,57.525,287.37,357.9245,571.65,2.6004,4.57,173.7855,343.02,72.2861,710.0,19.4561,600.06,600.12,9.9849,66.2249,76.7832,2.6004,4.57,11.1289,15.735,9.1108,173.782,343.05,710.0,72.3131,32.995,45.426,9.61,4.096,12.305,45.306,25.2035,14.9055,0.1778,0.1288,0.1315,0.1289,0.2098,0.1314,0.1986,0.1247,539.56,280.9,365.4,84.5325,85.0725,85.35,82.425,83.5425,81.9375,43.2749,519.78,520.0,20.3649,517.46,488.9,14.1663
86.1,57.6,4.3,57.5625,287.1225,357.8557,571.05,2.6,4.5725,174.2175,343.05,72.2854,710.08,19.4551,600.12,600.12,9.9849,66.2256,76.7842,2.6,4.5725,11.129,15.7353,9.1102,174.216,343.05,710.08,72.3125,32.995,45.522,9.607,4.12,12.305,45.426,25.2695,14.9055,0.1781,0.1288,0.1314,0.1288,0.2098,0.1314,0.1985,0.1247,539.6,280.9,365.4,84.495,85.08,85.3275,82.41,83.5875,81.945,43.2721,519.81,520.0,20.3648,517.46,488.9,14.1649
86.1,57.5625,4.1172,57.6,286.7625,358.4067,571.65,2.6,4.5725,174.1365,343.05,72.2853,710.08,19.4546,600.12,600.18,9.9848,66.225,76.7842,2.6,4.5725,11.1291,15.7355,9.1108,174.146,343.05,710.08,72.3119,32.995,45.576,9.605,4.15,12.305,45.522,25.3355,14.9055,0.1784,0.1288,0.1314,0.1288,0.2097,0.1314,0.1984,0.1246,539.6,280.9,365.4,84.555,85.125,85.3425,82.3725,83.58,81.9075,43.2728,519.81,520.0,20.3648,517.46,488.9,14.1636
86.225,57.525,4.425,57.525,286.74,357.8212,571.65,2.6,4.5725,173.745,343.05,72.2852,710.08,19.4534,600.18,600.0,9.9854,66.2249,76.7842,2.6,4.5725,11.1292,15.7333,9.1108,173.74,343.05,710.08,72.3112,32.995,45.606,9.603,4.175,12.305,45.576,25.385,14.9055,0.1786,0.1288,0.1313,0.1288,0.2096,0.1313,0.1984,0.1246,539.6,280.9,365.35,84.5625,85.155,85.335,82.38,83.55,81.96,43.2736,519.81,520.0,20.3647,517.46,488.9,14.1623
86.45,57.6,4.3766,57.525,287.0775,358.5789,572.0,2.6002,4.575,173.691,343.05,72.2851,710.08,19.4549,600.0,600.0,9.9856,66.2248,76.7834,2.6002,4.575,11.1293,15.7325,9.1108,173.684,343.08,710.08,72.3106,32.995,45.63,9.601,4.192,12.305,45.606,25.4125,14.9055,0.1787,0.1288,0.1313,0.1288,0.2096,0.1313,0.1984,0.1246,539.64,280.9,365.35,84.525,85.1775,85.32,82.35,83.505,81.915,43.2668,519.87,520.0,20.3646,517.46,488.9,14.1609
86.2,57.5625,4.4594,57.6375,287.2575,357.7868,571.65,2.6002,4.575,174.015,343.08,72.285,710.08,19.4549,600.0,600.0,9.985,66.2247,76.7832,2.6002,4.575,11.1293,15.7343,9.1108,174.02,343.08,710.08,72.31,32.995,45.642,9.599,4.199,12.305,45.63,25.4235,14.9055,0.1787,0.1288,0.1313,0.1287,0.2096,0.1313,0.1984,0.1246,539.72,280.9,365.35,84.5475,85.125,85.3125,82.3125,83.505,81.885,43.2636,519.9,520.0,20.3645,517.46,488.9,14.1596
86.3,57.6,4.7156,57.6,287.4825,358.5444,571.35,2.6002,4.575,173.9745,343.08,72.2848,710.08,19.4549,600.0,600.0,9.9849,66.2246,76.7829,2.6002,4.575,11.1294,15.7345,9.1108,173.978,343.08,710.08,72.3094,32.995,45.612,9.599,4.201,12.305,45.642,25.429,14.9055,0.1787,0.1288,0.1313,0.1287,0.2097,0.1313,0.1984,0.1246,539.72,280.9,365.35,84.51,85.095,85.3425,82.3125,83.5125,81.9075,43.2603,519.93,520.0,20.3645,517.46,488.9,14.1583
86.425,57.5625,4.0812,57.6,286.965,357.8212,571.2,2.6,4.5725,173.664,343.08,72.286,709.92,19.4549,600.0,600.0,9.9849,66.2246,76.7834,2.6,4.5725,11.1295,15.7348,9.1102,173.67,343.08,709.92,72.3087,32.995,45.564,9.599,4.202,12.305,45.612,25.429,14.9055,0.1788,0.1288,0.1313,0.1288,0.2097,0.1313,0.1984,0.1246,539.76,280.9,365.35,84.5325,85.08,85.3875,82.275,83.475,81.96,43.2568,519.96,520.0,20.3644,517.46,488.9,14.1569
86.3,57.525,4.8031,57.525,287.4375,357.7179,571.35,2.6,4.5725,173.1105,343.08,72.2861,709.92,19.4549,600.0,600.0,9.9855,66.2245,76.7834,2.6,4.5725,11.1296,15.735,9.1102,173.11,343.05,709.92,72.3081,32.995,45.534,9.599,4.203,12.305,45.564,25.4125,14.9055,0.1788,0.1288,0.1314,0.1288,0.2096,0.1314,0.1984,0.1246,539.76,280.85,365.3,84.495,85.11,85.3575,82.2525,83.475,81.975,43.2532,519.99,520.0,20.3793,517.46,488.9,14.1556
86.2,57.525,4.0203,57.5625,286.965,358.51,571.9,2.6,4.5725,173.7045,343.05,72.2862,709.92,19.4549,600.0,600.0,9.9857,66.2244,76.7834,2.6,4.5725,11.1296,15.7353,9.1102,173.698,343.05,709.92,72.3075,32.995,45.594,9.599,4.201,12.305,45.534,25.3905,14.9055,0.1787,0.1288,0.1314,0.1288,0.2096,0.1314,0.1984,0.1246,539.84,280.85,365.3,84.4875,85.0575,85.305,82.275,83.49,82.0125,43.2457,520.05,520.0,20.3798,517.46,488.9,14.1543
86.725,57.6375,4.1281,57.525,287.3475,358.3723,571.15,2.6,4.5725,173.556,343.05,72.2851,710.08,19.4549,600.0,600.0,9.9851,66.2243,76.7834,2.6,4.5725,11.1297,15.733,9.1108,173.558,343.05,710.08,72.3069,32.995,45.606,9.598,4.193,12.305,45.594,25.396,14.9055,0.1786,0.1288,0.1313,0.1288,0.2096,0.1313,0.1984,0.1246,539.84,280.85,365.3,84.495,85.08,85.29,82.2675,83.4975,82.0425,43.2455,520.05,520.0,20.3651,517.46,488.9,14.1529
86.475,57.6,4.8125,57.5625,287.28,357.8212,571.4,2.6,4.575,174.312,343.05,72.285,710.08,19.4549,600.0,600.0,9.985,66.2242,76.7834,2.6,4.575,11.1298,15.7323,9.1108,174.314,343.08,710.08,72.3062,32.995,45.618,9.598,4.187,12.305,45.606,25.407,14.9055,0.1785,0.1288,0.1313,0.1288,0.2097,0.1313,0.1984,0.1246,539.88,280.85,365.3,84.4725,85.0725,85.26,82.275,83.46,82.08,43.2415,520.08,520.0,20.3651,517.46,488.9,14.1516
86.65,57.5625,4.7172,57.525,286.92,358.6133,571.8,2.6,4.575,174.042,343.08,72.2848,710.08,19.4549,600.0,600.0,9.9849,66.2241,76.7834,2.6,4.575,11.1299,15.734,9.1102,174.034,343.05,710.08,72.3056,32.995,45.57,9.598,4.186,12.305,45.618,25.418,14.9055,0.1786,0.1288,0.1313,0.1288,0.2097,0.1313,0.1984,0.1246,539.88,280.85,365.3,84.525,85.125,85.2225,82.29,83.4825,82.11,43.2412,520.08,520.0,20.365,517.46,488.9,14.1503
86.7,57.5625,3.9906,57.6,287.3025,358.2,571.15,2.6,4.5725,174.0825,343.05,72.286,709.92,19.4549,600.0,600.0,9.9849,66.2241,76.7834,2.6,4.5725,11.13,15.7343,9.1102,174.076,343.05,709.92,72.3556,33.0,45.516,9.598,4.19,12.305,45.57,25.418,14.9055,0.1787,0.1288,0.1314,0.1288,0.2098,0.1314,0.1985,0.1246,539.84,280.85,365.25,84.555,85.1475,85.185,82.305,83.4825,82.1175,43.2447,520.05,520.0,20.3649,517.46,488.9,14.1489
86.85,57.5625,4.2141,57.525,286.875,357.959,571.55,2.6,4.5725,174.0015,343.05,72.2861,709.92,19.4549,600.0,599.94,9.9855,66.2247,76.7834,2.6,4.5725,11.13,15.7345,9.1102,173.992,343.05,709.92,72.3556,33.0,45.444,9.599,4.196,12.305,45.516,25.396,14.9055,0.1787,0.1288,0.1314,0.1288,0.2098,0.1314,0.1985,0.1246,539.84,280.8,365.25,84.6,85.11,85.1475,82.2975,83.4675,82.1475,43.2445,520.05,520.0,20.3648,517.46,488.9,14.1476
86.4,57.6,4.8266,57.6,287.3475,358.5789,571.6,2.6,4.57,173.0835,343.05,72.2862,709.92,19.4556,599.94,599.94,9.9857,66.2249,76.7834,2.6,4.57,11.1301,15.7348,9.1102,173.082,343.05,709.92,72.3556,33.0,45.372,9.6,4.197,12.305,45.444,25.363,14.9055,0.1787,0.1289,0.1314,0.1288,0.2098,0.1314,0.1986,0.1247,539.8,280.8,365.25,84.6225,85.0875,85.1325,82.2525,83.4675,82.1025,43.248,520.02,520.0,20.3648,517.46,488.9,14.1463
86.1,57.525,4.4109,57.5625,287.19,358.51,571.65,2.6,4.5725,173.4615,343.05,72.2851,710.08,19.4559,599.94,600.0,9.9859,66.2251,76.7834,2.6,4.5725,11.1302,15.735,9.1102,173.474,343.05,710.08,72.3556,33.0,45.564,9.601,4.193,12.305,45.372,25.33,14.9055,0.1785,0.1288,0.1314,0.1288,0.2096,0.1314,0.1984,0.1247,539.84,280.8,365.25,84.6,85.0725,85.1325,82.23,83.505,82.0875,43.2442,520.05,520.0,20.3647,517.46,488.9,14.1449
86.45,57.5625,4.6484,57.5625,287.1,358.2,571.65,2.6,4.5725,173.6235,343.05,72.285,710.08,19.4554,600.0,600.18,9.9853,66.2245,76.7834,2.6,4.5725,11.1271,15.7353,9.1102,173.628,343.05,710.08,72.3556,33.0,45.666,9.599,4.176,12.305,45.564,25.3575,14.9055,0.1782,0.1288,0.1313,0.1288,0.2095,0.1313,0.1983,0.1246,539.88,280.8,365.25,84.5925,85.0425,85.1925,82.2825,83.5275,82.05,43.2402,520.08,520.0,20.3646,517.46,488.9,14.1436
86.925,57.6,4.7531,57.6,286.5825,357.7179,571.05,2.6002,4.575,174.447,343.05,72.2848,710.08,19.4531,600.18,600.24,9.9852,66.2244,76.7827,2.6002,4.575,11.126,15.7355,9.1108,174.454,343.08,710.08,72.3556,33.0,45.738,9.598,4.162,12.305,45.666,25.4125,14.9055,0.1782,0.1287,0.1313,0.1287,0.2096,0.1313,0.1983,0.1245,539.92,280.8,365.2,84.6225,85.0275,85.2525,82.305,83.535,82.0125,43.2361,520.11,520.0,20.3645,517.46,488.9,14.1423
86.975,57.525,4.3094,57.525,287.055,358.4067,571.95,2.6002,4.575,173.961,343.08,72.2853,710.0,19.4516,600.24,600.06,9.9851,66.2243,76.7824,2.6002,4.575,11.1279,15.7333,9.1108,173.964,343.08,710.0,72.3556,33.0,45.744,9.596,4.165,12.305,45.738,25.462,14.9055,0.1784,0.1287,0.1313,0.1287,0.2095,0.1312,0.1982,0.1245,539.88,280.75,365.2,84.6375,85.02,85.29,82.3125,83.5125,81.9675,43.2394,520.08,520.0,20.3645,517.46,488.9,14.1409
86.7,57.5625,4.3094,57.525,287.1,357.9934,571.85,2.6002,4.5775,173.7045,343.08,72.2853,710.0,19.4529,600.06,600.06,9.985,66.2242,76.7822,2.6002,4.5775,11.128,15.7325,9.1108,173.712,343.08,710.0,72.3556,33.0,45.75,9.595,4.181,12.305,45.744,25.5005,14.9055,0.1786,0.1287,0.1312,0.1287,0.2094,0.1312,0.1982,0.1245,539.92,280.75,365.2,84.6675,85.035,85.245,82.32,83.55,81.9825,43.2354,520.11,520.0,20.3644,517.46,488.9,14.1396
86.95,57.6,4.2828,57.6,287.3475,358.1312,571.25,2.6002,4.5775,173.745,343.08,72.2841,710.16,19.4526,600.06,600.06,9.985,66.2241,76.7819,2.6002,4.5775,11.1281,15.7343,9.1108,173.754,343.08,710.16,72.3556,33.0,45.744,9.593,4.198,12.305,45.75,25.506,14.9055,0.1787,0.1287,0.1312,0.1287,0.2095,0.1312,0.1982,0.1245,539.92,280.75,365.2,84.6975,85.035,85.2675,82.3125,83.55,81.9525,43.2312,520.14,520.0,20.3643,517.46,488.9,14.1383
86.775,57.525,4.1094,57.5625,287.1675,358.3723,571.2,2.6002,4.575,173.583,343.08,72.2838,710.16,19.4524,600.06,600.06,9.9849,66.2241,76.7817,2.6002,4.575,11.1282,15.7345,9.1108,173.586,343.08,710.16,72.3556,33.0,45.726,9.593,4.207,12.305,45.744,25.506,14.9055,0.1788,0.1287,0.1312,0.1287,0.2094,0.1312,0.1983,0.1245,539.96,280.75,365.15,84.6975,85.0875,85.2375,82.2825,83.5575,81.9375,43.2268,520.17,520.0,20.3642,517.46,488.9,14.1369
86.2,57.6,4.3734,57.6,287.1,357.9245,571.5,2.6002,4.575,173.8395,343.08,72.2848,710.0,19.4521,600.06,600.06,9.9848,66.224,76.7814,2.6002,4.575,11.1282,15.7348,9.1108,173.838,343.08,710.0,72.3556,33.0,45.708,9.593,4.21,12.305,45.726,25.5005,14.9055,0.1788,0.1287,0.1313,0.1287,0.2095,0.1312,0.1983,0.1245,540.0,280.75,365.15,84.675,85.0875,85.275,82.2825,83.595,81.975,43.2224,520.2,520.0,20.3642,517.46,488.9,14.1356
86.725,57.5625,4.0844,57.5625,287.235,357.9245,571.2,2.6002,4.575,174.15,343.08,72.2848,710.0,19.4519,600.06,600.06,9.9847,66.2239,76.7812,2.6002,4.575,11.1283,15.735,9.1102,174.16,343.08,710.0,72.3556,33.0,45.66,9.593,4.209,12.305,45.708,25.4895,14.9055,0.1787,0.1287,0.1313,0.1287,0.2096,0.1312,0.1983,0.1245,540.0,280.75,365.15,84.63,85.065,85.2825,82.3125,83.58,81.9825,43.2216,520.2,520.0,20.3641,517.46,488.9,14.1343
86.325,57.6,4.4281,57.5625,287.4825,358.5789,571.25,2.6002,4.575,174.042,343.08,72.2855,709.92,19.4516,600.06,600.0,9.9854,66.2238,76.7809,2.6002,4.575,11.1284,15.7353,9.1108,174.048,343.08,709.92,72.3556,33.0,45.582,9.594,4.207,12.305,45.66,25.4785,14.9055,0.1787,0.1288,0.1313,0.1287,0.2097,0.1313,0.1984,0.1246,540.0,280.7,365.15,84.645,85.08,85.2825,82.275,83.6175,81.9525,43.2245,520.17,520.0,20.364,517.46,488.9,14.1329
86.275,57.5625,4.6359,57.6,286.8525,357.7868,571.25,2.6,4.5725,174.0825,343.08,72.2856,709.92,19.4521,600.0,599.94,9.9855,66.2237,76.7814,2.6,4.5725,11.1285,15.7355,9.1102,174.076,343.08,709.92,72.3556,33.0,45.486,9.595,4.205,12.305,45.582,25.451,14.9055,0.1788,0.1288,0.1313,0.1288,0.2098,0.1313,0.1985,0.1246,539.96,280.7,365.1,84.615,85.08,85.2375,82.2525,83.6175,81.9075,43.2276,520.14,520.0,20.3639,517.46,488.9,14.1316
86.275,57.6,3.8937,57.5625,286.7175,358.51,571.25,2.6,4.5725,174.0015,343.08,72.2845,710.08,19.4529,599.94,599.88,9.985,66.2244,76.7814,2.6,4.5725,11.1286,15.7333,9.1102,174.006,343.05,710.08,72.4063,33.005,45.3,9.596,4.202,12.305,45.486,25.4125,14.9055,0.1788,0.1289,0.1314,0.1288,0.21,0.1314,0.1987,0.1247,539.92,280.7,365.1,84.6525,85.095,85.275,82.29,83.625,81.96,43.2308,520.11,520.0,20.3638,517.46,488.9,14.1303
86.475,57.5625,3.9094,57.525,286.7625,358.3378,571.45,2.5998,4.5675,174.1365,343.05,72.285,710.0,19.4539,599.88,599.82,9.9849,66.2245,76.7822,2.5998,4.5675,11.1286,15.7325,9.1096,174.146,343.02,710.0,72.4069,33.005,45.072,9.6,4.2,12.305,45.3,25.33,14.9055,0.1788,0.129,0.1315,0.1289,0.2102,0.1314,0.1989,0.1248,539.88,280.7,365.1,84.63,85.1325,85.2825,82.29,83.5725,81.945,43.2341,520.08,520.0,20.3638,517.46,488.9,14.1289
86.775,57.5625,4.6953,57.6,287.3475,358.2,571.6,2.5996,4.565,173.8395,343.02,72.2868,709.76,19.4551,599.82,599.7,9.9863,66.2247,76.7831,2.5996,4.565,11.1287,15.7343,9.1091,173.838,343.02,709.76,72.4075,33.005,44.82,9.605,4.195,12.305,45.072,25.231,14.9055,0.1788,0.1291,0.1316,0.1291,0.2104,0.1316,0.1992,0.1249,539.76,280.7,365.1,84.5925,85.17,85.26,82.3275,83.565,81.9825,43.2451,519.99,520.0,20.3787,517.46,488.9,14.1276
86.475,57.6,4.5234,57.525,286.5825,358.1656,571.9,2.5994,4.5625,173.3805,343.02,72.2872,709.76,19.4574,599.7,599.64,9.9867,66.2249,76.7844,2.5994,4.5625,11.1288,15.7345,9.1086,173.39,342.99,709.76,72.4081,33.005,44.634,9.611,4.184,12.305,44.82,25.11,14.9055,0.1787,0.1292,0.1317,0.1292,0.2106,0.1317,0.1994,0.125,539.68,280.65,365.05,84.555,85.185,85.2675,82.3125,83.61,81.9525,43.2564,519.9,520.0,20.3791,517.46,488.9,14.1263
86.0,57.525,4.7922,57.6,287.325,357.9245,571.2,2.5994,4.565,173.286,342.99,72.2863,709.92,19.4594,599.64,600.0,9.9856,66.2251,76.7851,2.5994,4.565,11.1289,15.7348,9.1091,173.278,342.99,709.92,72.4088,33.005,45.12,9.616,4.163,12.305,44.634,24.989,14.9055,0.1779,0.129,0.1317,0.1291,0.2101,0.1316,0.1989,0.1249,539.6,280.65,365.05,84.5775,85.2225,85.2225,82.35,83.6175,81.975,43.268,519.81,520.0,20.3796,517.46,488.9,14.1249
86.2,57.525,4.6234,57.5625,287.3475,357.7523,571.75,2.5998,4.57,174.0015,342.99,72.2858,710.0,19.4564,600.0,600.12,9.9855,66.2252,76.7844,2.5998,4.57,11.1289,15.735,9.1096,174.006,343.02,710.0,72.3587,33.0,45.516,9.613,4.112,12.305,45.12,25.0825,14.9055,0.1772,0.1288,0.1315,0.1289,0.2098,0.1315,0.1985,0.1248,539.6,280.65,365.05,84.5475,85.2525,85.185,82.32,83.6025,81.93,43.2688,519.81,520.0,20.38,517.46,488.9,14.1236
86.975,57.6375,3.9266,57.6,286.7625,358.0967,571.1,2.6,4.5725,173.664,343.02,72.2852,710.08,19.4549,600.12,600.24,9.9855,66.2246,76.7839,2.6,4.5725,11.129,15.7353,9.1108,173.67,343.05,710.08,72.3587,33.0,45.738,9.607,4.069,12.305,45.516,25.2475,14.9055,0.1772,0.1287,0.1314,0.1288,0.2095,0.1314,0.1983,0.1246,539.6,280.65,365.05,84.54,85.2675,85.1475,82.3275,83.5875,81.975,43.2658,519.84,520.0,20.3654,517.46,488.9,14.1223
86.675,57.5625,4.7281,57.5625,286.605,358.3378,571.7,2.6004,4.5775,173.9205,343.05,72.2845,710.16,19.4529,600.24,600.12,9.9846,66.2238,76.7824,2.6004,4.5775,11.1291,15.733,9.1113,173.922,343.08,710.16,72.3081,32.995,45.966,9.601,4.081,12.305,45.738,25.407,14.9055,0.1777,0.1286,0.1312,0.1287,0.2093,0.1312,0.198,0.1245,539.68,280.65,365.0,84.51,85.2075,85.1325,82.305,83.5575,81.945,43.259,519.9,520.0,20.3653,517.46,488.9,14.1209
86.6,57.5625,4.5906,57.6,286.695,358.4411,571.2,2.6006,4.58,173.88,343.08,72.2836,710.24,19.4534,600.12,600.24,9.9843,66.2235,76.7811,2.6006,4.58,11.1292,15.7323,9.1118,173.88,343.11,710.24,72.3075,32.995,46.146,9.595,4.128,12.305,45.966,25.539,14.9055,0.1782,0.1285,0.1311,0.1285,0.2091,0.1311,0.1979,0.1244,539.76,280.65,365.0,84.4875,85.2,85.125,82.3275,83.5125,81.9975,43.2519,519.96,520.0,20.3652,517.46,488.9,14.1196
86.85,57.5625,4.5719,57.5625,287.145,357.7179,571.4,2.6006,4.5825,173.961,343.11,72.2832,710.24,19.4514,600.24,600.24,9.984,66.2239,76.7804,2.6006,4.5825,11.1293,15.7315,9.1118,173.964,343.14,710.24,72.3069,32.995,46.284,9.59,4.178,12.305,46.146,25.66,14.9055,0.1786,0.1285,0.131,0.1284,0.209,0.131,0.1977,0.1243,539.84,280.65,365.0,84.5175,85.14,85.1775,82.305,83.5125,82.035,43.2407,520.05,520.0,20.3651,517.46,488.9,14.1182
86.05,57.5625,4.5266,57.6,286.92,357.8901,571.3,2.6008,4.585,174.1095,343.14,72.2835,710.16,19.4504,600.24,600.3,9.9844,66.2231,76.7789,2.6008,4.585,11.1293,15.7333,9.1118,174.104,343.14,710.16,72.3569,33.0,46.368,9.584,4.218,12.305,46.284,25.7535,14.9055,0.1789,0.1284,0.131,0.1284,0.2089,0.131,0.1976,0.1242,539.96,280.65,365.0,84.4875,85.125,85.2225,82.2675,83.52,82.035,43.2293,520.14,520.0,20.3651,517.46,488.9,14.1169
86.45,57.6,4.0969,57.6,286.83,357.6835,571.85,2.6008,4.585,174.258,343.14,72.2832,710.16,19.4486,600.3,600.3,9.9843,66.2227,76.7779,2.6008,4.585,11.1294,15.7335,9.1124,174.258,343.14,710.16,72.3569,33.0,46.38,9.58,4.244,12.305,46.368,25.8195,14.9055,0.1791,0.1284,0.1309,0.1283,0.2089,0.1309,0.1976,0.1242,540.04,280.6,365.0,84.4875,85.1025,85.2525,82.245,83.55,82.005,43.2174,520.23,520.0,20.365,517.46,488.9,14.1156
86.675,57.525,4.6953,57.6,286.92,358.5444,571.55,2.6004,4.585,174.204,343.14,72.283,710.16,19.4474,600.3,600.12,9.9842,66.2224,76.7784,2.6004,4.585,11.1295,15.7338,9.1118,174.202,343.14,710.16,72.3569,33.0,46.326,9.577,4.261,12.305,46.38,25.8525,14.9055,0.1792,0.1284,0.1309,0.1283,0.209,0.1309,0.1977,0.1242,540.12,280.6,365.0,84.5325,85.065,85.245,82.2225,83.505,82.0275,43.209,520.29,520.0,20.3649,517.46,488.9,14.1142
86.05,57.6375,4.325,57.5625,286.7625,357.8901,571.7,2.6004,4.585,174.015,343.14,72.2827,710.16,19.4484,600.12,600.12,9.9841,66.2221,76.7779,2.6004,4.585,11.1296,15.734,9.1118,174.006,343.14,710.16,72.4075,33.005,46.236,9.576,4.271,12.305,46.326,25.8525,14.9055,0.1793,0.1284,0.1309,0.1284,0.209,0.1309,0.1978,0.1242,540.16,280.6,364.95,84.5325,85.035,85.23,82.26,83.52,82.0275,43.2003,520.35,520.0,20.3648,517.46,488.9,14.1129
86.6,57.5625,4.4,57.5625,286.965,358.0623,571.6,2.6002,4.585,174.1365,343.14,72.2824,710.16,19.4479,600.12,600.06,9.984,66.2225,76.7781,2.6002,4.585,11.1296,15.7343,9.1113,174.132,343.14,710.16,72.4081,33.005,46.122,9.576,4.276,12.305,46.236,25.8305,14.9055,0.1793,0.1285,0.131,0.1284,0.2091,0.131,0.1979,0.1242,540.2,280.6,364.95,84.5325,85.05,85.2,82.2825,83.4825,82.0425,43.1914,520.41,520.0,20.3647,517.49,488.9,14.1116
86.7,57.6,3.9312,57.525,287.325,357.8212,571.2,2.6002,4.5825,173.4075,343.14,72.2828,710.08,19.4481,600.06,600.0,9.984,66.2224,76.7779,2.6002,4.5825,11.1297,15.7345,9.1108,173.404,343.14,710.08,72.4088,33.005,45.978,9.576,4.274,12.305,46.122,25.7865,14.9055,0.1793,0.1285,0.131,0.1285,0.2092,0.131,0.198,0.1243,540.24,280.6,364.95,84.5025,85.035,85.23,82.275,83.4975,82.0425,43.1897,520.41,520.0,20.3647,517.49,488.9,14.1102
86.85,57.6,4.1891,57.6375,286.83,357.9934,572.0,2.6,4.58,173.772,343.14,72.2827,710.08,19.4486,600.0,599.94,9.9839,66.2223,76.7784,2.6,4.58,11.1298,15.7348,9.1108,173.782,343.11,710.08,72.46,33.01,45.858,9.578,4.267,12.305,45.978,25.726,14.9055,0.1792,0.1286,0.1311,0.1285,0.2094,0.131,0.1981,0.1244,540.28,280.6,364.95,84.51,85.0725,85.26,82.2525,83.52,82.005,43.1805,520.47,520.0,20.3646,517.49,488.9,14.1089
86.525,57.6,4.6297,57.6,287.1675,358.4756,571.85,2.5998,4.5775,173.5965,343.11,72.2832,710.0,19.4494,599.94,599.88,9.9838,66.2222,76.7791,2.5998,4.5775,11.1299,15.735,9.1108,173.6,343.11,710.0,72.4612,33.01,45.714,9.581,4.253,12.305,45.858,25.6545,14.9055,0.179,0.1286,0.1312,0.1286,0.2094,0.1311,0.1983,0.1244,540.28,280.6,364.95,84.5175,85.1025,85.2375,82.26,83.5425,82.0275,43.1824,520.44,520.0,20.3645,517.49,488.93,14.1076
86.55,57.525,4.1891,57.525,287.1225,358.4067,571.9,2.5998,4.5775,173.934,343.11,72.2832,710.0,19.4504,599.88,599.88,9.9845,66.2221,76.7794,2.5998,4.5775,11.13,15.7353,9.1102,173.936,343.08,710.0,72.4625,33.01,45.576,9.584,4.236,12.305,45.714,25.5885,14.9055,0.1789,0.1287,0.1312,0.1287,0.2097,0.1312,0.1984,0.1245,540.24,280.55,364.95,84.5775,85.0875,85.2075,82.2825,83.565,81.9825,43.1806,520.44,520.0,20.3644,517.49,488.93,14.1062
86.45,57.6,4.0625,57.5625,287.3925,358.1312,571.7,2.5996,4.5725,173.2725,343.08,72.2838,709.92,19.4509,599.88,599.76,9.9846,66.2221,76.7804,2.5996,4.5725,11.13,15.7355,9.1096,173.264,343.08,709.92,72.4637,33.01,45.342,9.587,4.219,12.305,45.576,25.506,14.9055,0.1788,0.1288,0.1313,0.1288,0.2098,0.1313,0.1986,0.1246,540.2,280.55,364.9,84.5325,85.0725,85.2,82.2525,83.565,81.945,43.1826,520.41,520.0,20.3644,517.49,488.93,14.1049
86.525,57.5625,4.2141,57.6,287.2575,358.2345,571.7,2.5994,4.57,173.961,343.08,72.284,709.92,19.4529,599.76,599.88,9.9848,66.2227,76.7816,2.5994,4.57,11.1301,15.7333,9.1091,173.964,343.05,709.92,72.465,33.01,45.198,9.592,4.206,12.305,45.342,25.4015,14.9055,0.1787,0.1289,0.1314,0.1289,0.2101,0.1314,0.1988,0.1247,540.16,280.55,364.9,84.525,85.125,85.2375,82.2225,83.6025,81.9675,43.1885,520.35,520.0,20.3643,517.49,488.93,14.1036
86.975,57.5625,4.7344,57.525,287.4825,358.5789,571.1,2.5998,4.5675,173.8935,343.05,72.2847,709.84,19.4524,599.88,599.76,9.985,66.2229,76.7809,2.5998,4.5675,11.1271,15.7325,9.1091,173.894,343.02,709.84,72.4662,33.01,44.976,9.597,4.191,12.305,45.198,25.308,14.9055,0.1786,0.129,0.1315,0.129,0.2102,0.1315,0.199,0.1248,540.08,280.55,364.9,84.5775,85.095,85.29,82.2375,83.64,81.975,43.1983,520.26,520.0,20.3642,517.49,488.93,14.1022
86.8,57.6,4.5344,57.5625,287.055,357.8557,571.45,2.5994,4.565,173.3805,343.02,72.2856,709.76,19.4544,599.76,599.7,9.9859,66.2231,76.7826,2.5994,4.565,11.1265,15.7318,9.1091,173.39,343.02,709.76,72.4675,33.01,44.748,9.603,4.174,12.305,44.976,25.198,14.9055,0.1785,0.1291,0.1316,0.1291,0.2104,0.1316,0.1992,0.1249,539.96,280.55,364.9,84.54,85.0575,85.32,82.2675,83.58,81.93,43.2085,520.17,520.0,20.3641,517.49,488.93,14.1009
86.1,57.5625,4.1,57.6,287.145,358.5444,571.95,2.5996,4.565,173.4615,343.02,72.2859,709.76,19.4561,599.7,599.82,9.9855,66.2232,76.7826,2.5996,4.565,11.1281,15.7335,9.1091,173.474,343.02,709.76,72.4687,33.01,45.018,9.609,4.157,12.305,44.748,25.077,14.9055,0.178,0.129,0.1316,0.1291,0.2102,0.1316,0.199,0.1249,539.88,280.55,364.85,84.5325,85.0725,85.2975,82.275,83.52,81.93,43.2229,520.05,520.0,20.3641,517.49,488.93,14.0996
86.775,57.5625,3.9297,57.5625,287.4375,358.2689,571.05,2.5996,4.5675,174.0555,343.02,72.2844,710.0,19.4559,599.82,600.0,9.985,66.2234,76.7831,2.5996,4.5675,11.1282,15.7338,9.1096,174.048,343.02,710.0,72.47,33.01,45.216,9.609,4.12,12.305,45.018,25.099,14.9055,0.1775,0.1289,0.1316,0.129,0.2101,0.1315,0.1988,0.1248,539.8,280.5,364.85,84.5475,85.0875,85.2675,82.2825,83.4975,81.9375,43.2264,520.02,520.0,20.364,517.49,488.93,14.0982
86.2,57.6,4.6813,57.5625,286.56,358.3034,571.35,2.5998,4.57,174.0285,343.02,72.2844,710.0,19.4544,600.0,600.06,9.9849,66.2236,76.7829,2.5998,4.57,11.1283,15.734,9.1096,174.02,343.02,710.0,72.4206,33.005,45.282,9.607,4.087,12.305,45.216,25.176,14.9055,0.1775,0.1289,0.1315,0.1289,0.21,0.1314,0.1987,0.1248,539.76,280.5,364.85,84.5625,85.08,85.29,82.32,83.505,81.915,43.2339,519.96,520.0,20.3639,517.49,488.93,14.0969
86.35,57.525,4.3703,57.5625,286.6275,358.2689,571.6,2.5998,4.57,174.2175,343.02,72.2844,710.0,19.4536,600.06,600.06,9.9848,66.2237,76.7831,2.5998,4.57,11.1283,15.7343,9.1096,174.216,343.05,710.0,72.4213,33.005,45.276,9.606,4.09,12.305,45.282,25.2365,14.9055,0.1778,0.1289,0.1315,0.1289,0.21,0.1314,0.1987,0.1247,539.72,280.5,364.85,84.525,85.08,85.2975,82.335,83.4525,81.96,43.2415,519.9,520.0,20.3638,517.49,488.93,14.0956
86.075,57.6,4.2625,57.525,286.5825,358.51,571.2,2.5998,4.57,173.691,343.05,72.2857,709.84,19.4534,600.06,599.88,9.9855,66.2239,76.7834,2.5998,4.57,11.1284,15.7345,9.1096,173.698,343.02,709.84,72.4219,33.005,45.18,9.606,4.12,12.305,45.276,25.2585,14.9055,0.1783,0.1289,0.1315,0.1289,0.2101,0.1314,0.1988,0.1248,539.64,280.5,364.8,84.495,85.0425,85.35,82.32,83.4825,81.9525,43.2457,519.87,520.0,20.3638,517.49,488.93,14.0942
86.4,57.5625,4.7094,57.5625,287.415,358.51,571.05,2.5996,4.5675,173.529,343.02,72.2859,709.84,19.4554,599.88,599.82,9.9856,66.2241,76.7844,2.5996,4.5675,11.1285,15.7348,9.1091,173.53,343.02,709.84,72.4225,33.005,45.096,9.607,4.153,12.305,45.18,25.242,14.9055,0.1786,0.129,0.1315,0.129,0.2101,0.1315,0.1989,0.1248,539.64,280.5,364.8,84.5175,85.095,85.3125,82.365,83.4375,81.9525,43.25,519.84,520.0,20.3637,517.49,488.93,14.0929
86.15,57.525,4.4797,57.5625,287.145,358.6133,571.7,2.5996,4.5675,174.069,343.02,72.2856,709.92,19.4566,599.82,599.94,9.985,66.2242,76.7849,2.5996,4.5675,11.1286,15.735,9.1096,174.062,343.02,709.92,72.4231,33.005,45.054,9.609,4.171,12.305,45.096,25.198,14.9055,0.1786,0.129,0.1316,0.129,0.2102,0.1315,0.199,0.1248,539.6,280.5,364.8,84.555,85.095,85.335,82.365,83.4525,82.005,43.2544,519.81,520.0,20.3636,517.49,488.93,14.0916
86.25,57.5625,4.4672,57.6,286.65,358.3723,571.9,2.5996,4.565,173.853,343.02,72.2857,709.92,19.4559,599.94,599.94,9.9857,66.2244,76.7854,2.5996,4.565,11.1286,15.7353,9.1091,173.852,343.02,709.92,72.4238,33.005,44.94,9.611,4.17,12.305,45.054,25.154,14.9055,0.1785,0.1291,0.1316,0.1291,0.2103,0.1316,0.1991,0.1249,539.56,280.45,364.8,84.5325,85.1025,85.3725,82.4025,83.4075,81.9975,43.2627,519.75,520.0,20.3635,517.49,488.93,14.0902
86.425,57.525,4.0953,57.6,287.145,358.5444,571.75,2.5994,4.5625,173.2995,343.02,72.2858,709.92,19.4561,599.94,599.88,9.9859,66.2246,76.7867,2.5994,4.5625,11.1287,15.733,9.1091,173.292,342.99,709.92,72.3738,33.0,44.838,9.614,4.161,12.306,44.94,25.11,14.9055,0.1784,0.1291,0.1317,0.1291,0.2103,0.1317,0.1992,0.125,539.48,280.45,364.8,84.5775,85.0875,85.3725,82.3725,83.4525,81.96,43.2674,519.72,520.0,20.3635,517.49,488.93,14.0889
86.75,57.6,4.7719,57.525,286.83,357.7523,571.9,2.5996,4.5675,173.6505,342.99,72.2859,709.92,19.4571,599.88,600.06,9.9853,66.2247,76.7867,2.5996,4.5675,11.1288,15.7323,9.1091,173.656,343.02,709.92,72.3738,33.0,45.306,9.617,4.15,12.306,44.838,25.0495,14.9055,0.1779,0.129,0.1316,0.129,0.2099,0.1316,0.1987,0.1248,539.48,280.45,364.75,84.5625,85.1325,85.395,82.41,83.415,81.96,43.2723,519.69,520.0,20.3634,517.49,488.93,14.0876
86.175,57.5625,4.3953,57.5625,287.415,357.9245,571.6,2.6004,4.57,173.3805,343.02,72.2854,710.0,19.4554,600.06,600.18,9.9852,66.2249,76.7842,2.6004,4.57,11.1289,15.7315,9.1102,173.39,343.05,710.0,72.3738,33.0,45.624,9.612,4.117,12.306,45.306,25.1595,14.9055,0.1775,0.1288,0.1315,0.1289,0.2096,0.1314,0.1984,0.1247,539.48,280.45,364.75,84.5325,85.1625,85.3725,82.3575,83.4375,81.915,43.2698,519.72,520.0,20.3633,517.49,488.93,14.0862
86.75,57.6,4.5781,57.6,287.1,358.1312,571.35,2.6006,4.575,173.691,343.05,72.2848,710.08,19.4536,600.18,600.24,9.9844,66.2243,76.7829,2.6006,4.575,11.129,15.7333,9.1113,173.698,343.08,710.08,72.3738,33.0,45.876,9.606,4.096,12.306,45.624,25.3135,14.9055,0.1776,0.1287,0.1313,0.1287,0.2094,0.1313,0.1981,0.1245,539.56,280.45,364.75,84.5475,85.1175,85.395,82.35,83.46,81.8775,43.2634,519.78,520.0,20.3632,517.49,488.93,14.0849
86.3,57.5625,4.1937,57.5625,286.8525,358.3034,571.25,2.601,4.5775,173.934,343.08,72.2841,710.16,19.4521,600.24,600.36,9.984,66.2242,76.7807,2.601,4.5775,11.129,15.7335,9.1118,173.936,343.11,710.16,72.3231,32.995,46.098,9.6,4.112,12.306,45.876,25.462,14.9055,0.1779,0.1286,0.1312,0.1286,0.2092,0.1311,0.1979,0.1244,539.68,280.45,364.75,84.5025,85.1175,85.3575,82.395,83.43,81.93,43.2531,519.87,520.0,20.3631,517.49,488.93,14.0836
86.775,57.525,3.9344,57.525,286.695,358.2345,572.0,2.6006,4.5825,173.421,343.11,72.2832,710.24,19.4496,600.36,600.24,9.9837,66.2242,76.7809,2.6006,4.5825,11.1291,15.7338,9.1118,173.418,343.11,710.24,72.3225,32.995,46.266,9.593,4.15,12.306,46.098,25.605,14.9055,0.1784,0.1285,0.1311,0.1285,0.209,0.131,0.1977,0.1243,539.76,280.45,364.75,84.4725,85.095,85.3125,82.4025,83.43,81.9225,43.2423,519.96,520.0,20.3631,517.49,488.93,14.0822
86.475,57.6,4.2547,57.525,286.9875,357.9245,571.9,2.6008,4.585,173.9205,343.11,72.2834,710.16,19.4496,600.24,600.18,9.9841,66.2233,76.7794,2.6008,4.585,11.1292,15.734,9.1118,173.922,343.14,710.16,72.3219,32.995,46.428,9.587,4.193,12.306,46.266,25.7205,14.9055,0.1787,0.1284,0.131,0.1284,0.2088,0.131,0.1976,0.1242,539.88,280.4,364.75,84.525,85.11,85.2675,82.4175,83.475,81.9375,43.2237,520.11,520.0,20.363,517.49,488.93,14.0809
86.9,57.6,4.1266,57.525,286.6725,358.3378,572.0,2.601,4.5875,173.0295,343.14,72.2832,710.16,19.4494,600.18,600.18,9.9833,66.223,76.7777,2.601,4.5875,11.1293,15.7343,9.1124,173.026,343.14,710.16,72.3719,33.0,46.512,9.582,4.227,12.306,46.428,25.814,14.9055,0.1789,0.1284,0.1309,0.1283,0.2086,0.1309,0.1975,0.1241,540.0,280.4,364.7,84.54,85.065,85.2525,82.395,83.505,81.9,43.212,520.2,520.0,20.3629,517.49,488.93,14.0796
86.925,57.525,4.5453,57.5625,286.92,357.9245,571.35,2.6006,4.5875,173.7315,343.14,72.2829,710.16,19.4486,600.18,600.24,9.983,66.2226,76.7779,2.6006,4.5875,11.1294,15.7345,9.1118,173.74,343.17,710.16,72.3719,33.0,46.602,9.577,4.251,12.306,46.512,25.8855,14.9055,0.179,0.1283,0.1308,0.1283,0.2086,0.1308,0.1974,0.1241,540.2,280.4,364.7,84.5925,85.0425,85.275,82.38,83.5275,81.93,43.1886,520.38,520.0,20.3628,517.49,488.93,14.0782
86.425,57.5625,3.8969,57.525,287.28,357.8212,571.9,2.6006,4.59,173.502,343.17,72.2821,710.24,19.4471,600.24,600.24,9.9826,66.2223,76.7772,2.6006,4.59,11.1294,15.7348,9.1124,173.502,343.17,710.24,72.3719,33.0,46.632,9.573,4.265,12.306,46.602,25.935,14.9055,0.1791,0.1283,0.1308,0.1282,0.2086,0.1307,0.1974,0.124,540.32,280.4,364.7,84.615,85.095,85.2525,82.3425,83.55,81.9825,43.1721,520.5,520.0,20.3628,517.49,488.93,14.0769
86.725,57.5625,4.8016,57.5625,287.0775,358.3378,571.45,2.6006,4.59,173.5155,343.17,72.2817,710.24,19.4461,600.24,600.24,9.9823,66.222,76.7764,2.6006,4.59,11.1295,15.735,9.1124,173.516,343.17,710.24,72.4225,33.005,46.638,9.569,4.275,12.306,46.632,25.99,14.9055,0.1792,0.1283,0.1308,0.1282,0.2086,0.1307,0.1974,0.124,540.4,280.4,364.7,84.5775,85.065,85.2075,82.305,83.5125,81.9375,43.1588,520.59,520.0,20.3627,517.49,488.93,14.0756
86.0,57.6,3.9516,57.6,287.1,358.0279,571.2,2.6006,4.59,173.151,343.17,72.2813,710.24,19.4451,600.24,600.24,9.982,66.2216,76.7757,2.6006,4.59,11.1296,15.7353,9.1124,173.152,343.17,710.24,72.4231,33.005,46.62,9.567,4.282,12.306,46.638,26.012,14.9055,0.1792,0.1283,0.1307,0.1282,0.2086,0.1307,0.1974,0.124,540.52,280.35,364.65,84.5475,85.11,85.23,82.35,83.5425,81.9825,43.1413,520.71,520.0,20.3626,517.49,488.93,14.0742
86.525,57.6,4.6859,57.6,287.2575,357.8212,571.6,2.6006,4.59,174.231,343.17,72.2809,710.24,19.4441,600.24,600.24,9.9816,66.2213,76.7749,2.6006,4.59,11.1297,15.733,9.1124,174.23,343.17,710.24,72.4744,33.01,46.596,9.565,4.284,12.305,46.62,26.0285,14.9055,0.1792,0.1283,0.1307,0.1282,0.2087,0.1307,0.1974,0.124,540.64,280.35,364.65,84.5475,85.1025,85.26,82.2975,83.5575,81.975,43.1234,520.83,520.0,20.3625,517.49,488.93,14.0729
86.025,57.6,4.0953,57.525,287.3925,358.5444,571.15,2.6006,4.59,173.313,343.17,72.2806,710.24,19.4431,600.24,600.18,9.9813,66.221,76.7742,2.6006,4.59,11.1297,15.7323,9.1118,173.306,343.17,710.24,72.4756,33.01,46.482,9.563,4.283,12.305,46.596,26.023,14.9055,0.1792,0.1283,0.1308,0.1282,0.2086,0.1307,0.1975,0.124,540.68,280.35,364.65,84.51,85.05,85.2825,82.26,83.5875,81.9825,43.1201,520.83,520.0,20.3625,517.49,488.93,14.0716
86.25,57.525,3.975,57.6,287.46,357.8557,571.65,2.6006,4.59,173.529,343.17,72.2802,710.24,19.4429,600.18,600.0,9.9817,66.2206,76.7734,2.6006,4.59,11.1298,15.7315,9.1118,173.53,343.17,710.24,72.5275,33.015,46.392,9.563,4.284,12.305,46.482,26.012,14.9055,0.1792,0.1283,0.1308,0.1282,0.2088,0.1308,0.1976,0.124,540.72,280.35,364.6,84.48,85.0425,85.2375,82.245,83.58,81.9975,43.1092,520.89,520.0,20.3624,517.52,488.93,14.0702
86.4,57.6,4.8187,57.6,287.4825,358.3034,571.0,2.6,4.5875,173.664,343.17,72.2804,710.16,19.4444,600.0,599.94,9.9816,66.2203,76.7749,2.6,4.5875,11.1299,15.7333,9.1113,173.656,343.17,710.16,72.5294,33.015,46.278,9.564,4.279,12.305,46.392,25.9625,14.9055,0.1791,0.1283,0.1308,0.1283,0.2089,0.1308,0.1977,0.1241,540.76,280.35,364.6,84.5025,85.02,85.275,82.275,83.535,81.9975,43.1019,520.92,520.0,20.3623,517.52,488.93,14.0689
86.775,57.5625,4.4922,57.5625,286.65,357.9245,571.15,2.5998,4.5875,173.2185,343.17,72.2802,710.16,19.4451,599.94,599.94,9.9815,66.22,76.7757,2.5998,4.5875,11.13,15.7335,9.1113,173.222,343.14,710.16,72.5313,33.015,46.14,9.565,4.271,12.305,46.278,25.9185,14.9055,0.179,0.1284,0.1309,0.1283,0.209,0.1309,0.1979,0.1241,540.76,280.35,364.6,84.51,85.0725,85.2825,82.29,83.5275,82.0275,43.0982,520.92,520.0,20.3622,517.52,488.96,14.0675
86.1,57.525,4.2312,57.6,287.0775,358.0967,571.15,2.5998,4.585,173.259,343.14,72.2799,710.16,19.4454,599.94,600.0,9.9815,66.2204,76.7759,2.5998,4.585,11.1301,15.7338,9.1108,173.25,343.14,710.16,72.5331,33.015,46.02,9.568,4.26,12.305,46.14,25.8525,14.9055,0.1789,0.1285,0.131,0.1284,0.2091,0.131,0.198,0.1242,540.76,280.3,364.6,84.5325,85.0425,85.3275,82.3275,83.4975,82.05,43.0907,520.95,520.0,20.3622,517.52,488.96,14.0662
86.025,57.6,4.6562,57.5625,287.46,358.4411,571.05,2.5996,4.5825,174.0015,343.14,72.2803,710.08,19.4449,600.0,600.0,9.9814,66.2203,76.7769,2.5996,4.5825,11.1301,15.734,9.1108,174.006,343.11,710.08,72.5857,33.02,45.894,9.57,4.245,12.305,46.02,25.781,14.9055,0.1788,0.1285,0.131,0.1285,0.2094,0.131,0.1981,0.1243,540.76,280.3,364.6,84.5175,85.065,85.3275,82.365,83.505,82.08,43.0906,520.92,520.0,20.3621,517.52,488.96,14.0649
86.775,57.5625,4.8125,57.525,287.4375,358.4067,571.25,2.6,4.58,174.0015,343.11,72.2814,709.92,19.4449,600.0,599.7,9.982,66.2202,76.7759,2.6,4.58,11.1271,15.7343,9.1108,174.006,343.11,709.92,72.5882,33.02,45.606,9.574,4.229,12.305,45.894,25.7095,14.9055,0.1788,0.1286,0.1311,0.1286,0.2097,0.1311,0.1984,0.1244,540.68,280.3,364.55,84.5025,85.1175,85.305,82.35,83.4975,82.035,43.0944,520.86,520.0,20.362,517.52,488.96,14.0635
86.8,57.5625,4.2109,57.6,287.2125,358.3723,571.6,2.5996,4.575,173.5425,343.11,72.2816,709.92,19.4486,599.7,599.58,9.9822,66.2201,76.7774,2.5996,4.575,11.1259,15.7345,9.1096,173.544,343.08,709.92,72.5907,33.02,45.246,9.58,4.22,12.305,45.606,25.594,14.9055,0.1789,0.1288,0.1313,0.1287,0.2099,0.1313,0.1988,0.1246,540.56,280.3,364.55,84.48,85.0875,85.3275,82.3575,83.5275,81.99,43.106,520.74,520.0,20.3619,517.55,488.96,14.0622
86.775,57.5625,4.3672,57.6,287.055,358.3723,571.2,2.5994,4.57,173.4075,343.08,72.2823,709.84,19.4514,599.58,599.46,9.9824,66.2208,76.7787,2.5994,4.57,11.1247,15.7348,9.1091,173.404,343.05,709.84,72.5932,33.02,44.946,9.587,4.214,12.305,45.246,25.44,14.9055,0.1788,0.1289,0.1315,0.1289,0.2102,0.1314,0.1991,0.1247,540.44,280.3,364.55,84.4575,85.1325,85.3725,82.3875,83.4975,82.035,43.118,520.62,520.0,20.3618,517.55,488.96,14.0609
86.725,57.5625,4.4531,57.6,286.695,358.3378,571.45,2.5992,4.5675,174.2985,343.05,72.2826,709.84,19.4546,599.46,599.76,9.9825,66.221,76.7802,2.5992,4.5675,11.1267,15.735,9.1091,174.3,343.02,709.84,72.5957,33.02,44.958,9.595,4.196,12.305,44.946,25.2695,14.9055,0.1784,0.129,0.1315,0.129,0.2103,0.1315,0.199,0.1248,540.32,280.3,364.55,84.465,85.095,85.41,82.38,83.52,82.0725,43.1305,520.5,520.0,20.3618,517.55,488.96,14.0595
86.675,57.5625,4.0734,57.6,287.3925,357.8212,571.2,2.599,4.565,174.1905,343.02,72.2834,709.76,19.4531,599.76,599.7,9.9835,66.2211,76.7819,2.599,4.565,11.1268,15.7353,9.1086,174.202,343.02,709.76,72.5982,33.02,44.814,9.6,4.153,12.305,44.958,25.1925,14.9055,0.1779,0.129,0.1316,0.1291,0.2105,0.1316,0.1992,0.1249,540.12,280.3,364.55,84.45,85.05,85.41,82.3275,83.5125,82.0575,43.151,520.32,520.0,20.3617,517.55,488.96,14.0582
86.725,57.525,3.9688,57.525,286.92,358.2689,571.15,2.5994,4.5625,173.8665,343.02,72.2838,709.76,19.4549,599.7,599.64,9.9839,66.2213,76.7817,2.5994,4.5625,11.1269,15.733,9.1086,173.866,342.99,709.76,72.55,33.015,44.628,9.605,4.114,12.305,44.814,25.121,14.9055,0.1778,0.1291,0.1317,0.1292,0.2106,0.1317,0.1993,0.125,539.92,280.25,364.55,84.51,85.08,85.4025,82.3125,83.4825,82.0275,43.1723,520.14,520.0,20.3616,517.55,488.99,14.0569
86.2,57.6,4.6125,57.525,287.055,358.0279,571.9,2.5992,4.56,172.9755,342.99,72.2848,709.68,19.4569,599.64,599.58,9.9843,66.2222,76.7832,2.5992,4.56,11.1269,15.7323,9.1086,172.97,342.99,709.68,72.5519,33.015,44.502,9.611,4.096,12.305,44.628,25.0275,14.9055,0.1777,0.1291,0.1318,0.1292,0.2106,0.1318,0.1995,0.1251,539.76,280.25,364.5,84.5025,85.0575,85.35,82.2975,83.49,82.05,43.1905,519.99,520.0,20.3615,517.55,488.99,14.0555
86.05,57.6,4.6953,57.5625,287.415,358.5789,571.7,2.5996,4.5675,174.1635,342.99,72.2841,709.84,19.4591,599.58,600.12,9.984,66.2219,76.7827,2.5996,4.5675,11.127,15.734,9.1096,174.16,343.02,709.84,72.5032,33.01,45.504,9.616,4.088,12.305,44.502,24.9395,14.9055,0.1769,0.1288,0.1316,0.129,0.2098,0.1315,0.1985,0.1248,539.68,280.25,364.5,84.495,85.0725,85.3425,82.29,83.5275,82.0125,43.2018,519.9,520.0,20.3615,517.55,488.99,14.0542
86.875,57.525,4.0172,57.525,286.785,358.5444,571.1,2.6002,4.5775,173.9205,343.02,72.2831,710.0,19.4541,600.12,600.36,9.9834,66.2213,76.7809,2.6002,4.5775,11.1271,15.7343,9.1108,173.922,343.08,710.0,72.5044,33.01,46.104,9.606,4.042,12.305,45.504,25.198,14.9055,0.1763,0.1285,0.1313,0.1287,0.2091,0.1312,0.1979,0.1245,539.64,280.25,364.5,84.5325,85.035,85.32,82.2825,83.565,82.005,43.206,519.87,520.0,20.3614,517.55,488.96,14.0529
86.85,57.5625,4.0062,57.5625,287.235,358.5444,571.05,2.6008,4.585,174.339,343.08,72.2818,710.16,19.4506,600.36,600.54,9.9825,66.2205,76.7784,2.6008,4.585,11.1272,15.7345,9.1124,174.342,343.14,710.16,72.4551,33.005,46.644,9.594,4.019,12.306,46.104,25.528,14.9055,0.1766,0.1282,0.131,0.1284,0.2086,0.131,0.1974,0.1242,539.72,280.25,364.5,84.585,85.065,85.2825,82.305,83.5275,81.9675,43.199,519.93,520.0,20.3613,517.55,488.96,14.0515
86.975,57.5625,3.9375,57.6,287.1225,357.959,571.15,2.6014,4.5925,174.069,343.14,72.2803,710.32,19.4469,600.54,600.54,9.9822,66.2201,76.7752,2.6014,4.5925,11.1272,15.7348,9.1129,174.062,343.2,710.32,72.4557,33.005,47.07,9.581,4.065,12.306,46.644,25.8415,14.9055,0.1773,0.128,0.1307,0.1281,0.2082,0.1306,0.1969,0.1239,539.84,280.25,364.5,84.5775,85.02,85.2675,82.32,83.475,81.9225,43.1843,520.05,520.0,20.3612,517.55,488.96,14.0502
86.25,57.6,4.6969,57.5625,287.3025,358.0967,571.2,2.6018,4.6,173.961,343.2,72.2792,710.4,19.4446,600.54,600.72,9.9811,66.219,76.7719,2.6018,4.6,11.1273,15.735,9.114,173.95,343.23,710.4,72.4563,33.005,47.418,9.568,4.147,12.306,47.07,26.1165,14.9055,0.1781,0.1279,0.1305,0.1279,0.2078,0.1304,0.1966,0.1237,540.0,280.2,364.45,84.5925,85.0275,85.2375,82.305,83.4975,81.93,43.1653,520.2,520.0,20.3612,517.55,488.96,14.0489
86.975,57.6,4.7062,57.6,287.4375,357.649,571.15,2.6016,4.605,174.204,343.23,72.2779,710.48,19.4401,600.72,600.48,9.9805,66.2185,76.7704,2.6016,4.605,11.1274,15.7353,9.1146,174.202,343.26,710.48,72.4569,33.005,47.664,9.556,4.227,12.306,47.418,26.342,14.9055,0.1788,0.1278,0.1303,0.1277,0.2076,0.1302,0.1964,0.1235,540.24,280.2,364.45,84.5925,84.99,85.245,82.35,83.5425,81.9825,43.1382,520.41,520.0,20.3611,517.55,488.96,14.0475
86.975,57.5625,4.8172,57.525,287.055,357.7868,571.3,2.6012,4.6075,173.961,343.26,72.2778,710.4,19.4401,600.48,600.54,9.98,66.2179,76.7699,2.6012,4.6075,11.1275,15.733,9.1135,173.964,343.29,710.4,72.4576,33.005,47.784,9.546,4.289,12.306,47.664,26.518,14.9055,0.1793,0.1277,0.1302,0.1276,0.2074,0.1302,0.1962,0.1234,540.44,280.2,364.45,84.555,85.0125,85.2075,82.32,83.505,82.0125,43.1102,520.62,520.0,20.361,517.55,488.99,14.0462
86.225,57.5625,4.6937,57.525,287.3475,358.0623,571.45,2.6014,4.61,173.718,343.29,72.2772,710.4,19.4374,600.54,600.54,9.9794,66.2173,76.7677,2.6014,4.61,11.1276,15.7323,9.114,173.712,343.32,710.4,72.5088,33.01,47.796,9.538,4.334,12.306,47.784,26.628,14.9055,0.1796,0.1277,0.1301,0.1275,0.2074,0.1301,0.1962,0.1233,540.64,280.2,364.4,84.5475,85.0575,85.2525,82.3575,83.49,81.9675,43.0814,520.83,520.0,20.3609,517.55,488.99,14.0449
86.75,57.6,4.7438,57.6,286.9875,357.9934,571.05,2.6014,4.61,174.15,343.32,72.2766,710.4,19.4351,600.54,600.48,9.9788,66.2167,76.7659,2.6014,4.61,11.1276,15.7315,9.114,174.146,343.32,710.4,72.5607,33.015,47.742,9.533,4.364,12.306,47.796,26.6775,14.9055,0.1798,0.1277,0.1301,0.1275,0.2075,0.1301,0.1963,0.1233,540.84,280.2,364.4,84.5325,85.065,85.29,82.3125,83.505,81.99,43.0555,521.01,520.0,20.3609,517.55,488.99,14.0435
86.45,57.6,4.7484,57.6,287.37,357.649,571.2,2.6008,4.61,173.5965,343.32,72.2759,710.4,19.4336,600.48,600.3,9.979,66.2161,76.7664,2.6008,4.61,11.1277,15.7333,9.1129,173.6,343.29,710.4,72.5625,33.015,47.598,9.529,4.382,12.306,47.742,26.6885,14.9055,0.1799,0.1277,0.1301,0.1275,0.2076,0.1301,0.1964,0.1233,541.0,280.15,364.4,84.495,85.065,85.26,82.2675,83.49,82.005,43.0326,521.16,520.0,20.3608,517.55,488.99,14.0422
86.7,57.5625,4.1141,57.6,286.5375,358.3723,571.25,2.6008,4.6075,174.312,343.29,72.2753,710.4,19.4339,600.3,600.24,9.9786,66.2156,76.7654,2.6008,4.6075,11.1278,15.7335,9.1129,174.314,343.29,710.4,72.6151,33.02,47.412,9.528,4.391,12.306,47.598,26.6665,14.9055,0.18,0.1278,0.1302,0.1276,0.2078,0.1302,0.1966,0.1234,541.16,280.15,364.4,84.48,85.0575,85.2675,82.2525,83.445,82.005,43.0091,521.31,520.0,20.3607,517.58,488.99,14.0409
86.025,57.525,4.0187,57.5625,287.2575,357.8212,571.65,2.6006,4.605,173.9745,343.29,72.2753,710.32,19.4334,600.24,600.0,9.9783,66.2157,76.7652,2.6006,4.605,11.1279,15.7338,9.1124,173.964,343.29,710.32,72.6682,33.025,47.142,9.528,4.392,12.305,47.412,26.606,14.9055,0.18,0.1279,0.1303,0.1277,0.2081,0.1302,0.1968,0.1235,541.2,280.15,364.4,84.4425,85.0125,85.245,82.215,83.46,82.05,42.9963,521.37,520.0,20.3606,517.58,488.99,14.0395
86.5,57.525,4.3234,57.6,286.7175,357.7523,571.75,2.6002,4.6,173.3805,343.29,72.2754,710.24,19.4354,600.0,599.88,9.9787,66.2154,76.7659,2.6002,4.6,11.128,15.734,9.1118,173.376,343.26,710.24,72.7219,33.03,46.836,9.531,4.385,12.305,47.142,26.507,14.9055,0.18,0.128,0.1304,0.1278,0.2083,0.1304,0.1971,0.1236,541.24,280.15,364.35,84.4575,85.005,85.2975,82.2525,83.445,81.9975,42.9908,521.37,520.0,20.3606,517.58,489.02,14.0382
86.45,57.5625,4.3094,57.5625,287.37,358.51,571.55,2.6,4.5975,174.096,343.26,72.2757,710.16,19.4369,599.88,599.94,9.9786,66.2151,76.7664,2.6,4.5975,11.128,15.7343,9.1113,174.104,343.23,710.16,72.7257,33.03,46.536,9.536,4.371,12.305,46.836,26.3695,14.9055,0.1798,0.1281,0.1306,0.128,0.2087,0.1306,0.1974,0.1238,541.24,280.15,364.35,84.4725,84.9825,85.32,82.23,83.475,81.9975,42.9815,521.4,520.0,20.3605,517.58,489.02,14.0369
86.625,57.6,3.9453,57.6,286.4925,358.0967,571.35,2.5998,4.5925,173.4885,343.23,72.2761,710.08,19.4366,599.94,599.76,9.9793,66.2155,76.7672,2.5998,4.5925,11.1281,15.7345,9.1108,173.488,343.2,710.08,72.7801,33.035,46.182,9.542,4.344,12.305,46.536,26.21,14.9055,0.1795,0.1283,0.1307,0.1282,0.209,0.1307,0.1978,0.124,541.2,280.15,364.35,84.5025,85.0125,85.3275,82.26,83.445,81.9825,42.9834,521.34,520.0,20.3604,517.61,489.02,14.0355
86.025,57.525,4.6062,57.525,286.785,357.7179,571.45,2.5992,4.585,174.069,343.2,72.2766,710.0,19.4391,599.76,599.58,9.9795,66.2154,76.7697,2.5992,4.585,11.1282,15.7348,9.1096,174.062,343.14,710.0,72.7844,33.035,45.732,9.55,4.312,12.305,46.182,26.034,14.9055,0.1793,0.1285,0.1309,0.1284,0.2095,0.1309,0.1982,0.1242,541.12,280.15,364.35,84.525,85.0575,85.32,82.3125,83.4975,81.99,42.9892,521.25,520.0,20.3603,517.61,489.02,14.0342
86.775,57.5625,4.0187,57.5625,287.235,357.6835,571.6,2.5988,4.5775,173.556,343.14,72.2778,709.84,19.4424,599.58,599.4,9.9804,66.2161,76.7722,2.5988,4.5775,11.1283,15.735,9.1086,173.558,343.08,709.84,72.8394,33.04,45.162,9.56,4.28,12.305,45.732,25.803,14.9055,0.1792,0.1287,0.1312,0.1286,0.21,0.1311,0.1988,0.1245,540.96,280.1,364.3,84.5175,85.0575,85.35,82.3425,83.52,82.0425,43.003,521.1,520.0,20.3602,517.61,489.02,14.0329
86.575,57.6,4.0469,57.6,286.9425,358.0279,571.75,2.5982,4.57,173.637,343.08,72.2793,709.68,19.4464,599.4,599.22,9.9815,66.217,76.7759,2.5982,4.57,11.1283,15.7353,9.1074,173.628,343.05,709.68,72.8444,33.04,44.646,9.574,4.247,12.305,45.162,25.539,14.9055,0.1789,0.1289,0.1315,0.1289,0.2106,0.1314,0.1993,0.1247,540.76,280.1,364.3,84.5025,85.065,85.3275,82.3725,83.4675,82.0125,43.0211,520.92,520.0,20.3602,517.61,489.05,14.0315
86.725,57.525,4.1328,57.5625,286.56,358.4067,571.5,2.5984,4.5625,173.502,343.05,72.2804,709.6,19.4511,599.22,599.34,9.9815,66.2174,76.7774,2.5984,4.5625,11.1284,15.733,9.1069,173.502,342.99,709.6,72.7988,33.035,44.244,9.588,4.205,12.305,44.646,25.2475,14.9055,0.1784,0.1292,0.1317,0.1292,0.211,0.1317,0.1997,0.125,540.48,280.1,364.3,84.51,85.11,85.3125,82.3875,83.5125,81.9975,43.0474,520.68,520.0,20.3601,517.61,489.05,14.0302
86.55,57.6,4.475,57.525,287.3925,358.4756,571.85,2.5982,4.56,174.0015,342.99,72.2817,709.52,19.4529,599.34,599.4,9.9819,66.2178,76.7802,2.5982,4.56,11.1285,15.7323,9.1069,173.992,342.96,709.52,72.8032,33.035,44.364,9.602,4.146,12.305,44.244,24.9835,14.9055,0.1775,0.1292,0.1318,0.1293,0.2109,0.1318,0.1996,0.1251,540.24,280.1,364.3,84.5325,85.155,85.2675,82.3575,83.5125,81.9525,43.0785,520.41,520.0,20.36,517.61,489.05,14.0289
86.775,57.5625,4.8312,57.5625,287.235,358.1312,571.4,2.5986,4.5575,173.3535,342.96,72.2812,709.68,19.4549,599.4,599.58,9.9823,66.2182,76.7809,2.5986,4.5575,11.1286,15.734,9.1074,173.348,342.96,709.68,72.7569,33.03,44.382,9.608,4.063,12.305,44.364,24.901,14.9055,0.1767,0.1291,0.1318,0.1293,0.2108,0.1318,0.1996,0.1251,539.96,280.1,364.3,84.555,85.11,85.2375,82.32,83.4975,81.945,43.1069,520.17,520.0,20.3599,517.61,489.05,14.0275
86.275,57.6,4.0109,57.6,286.65,358.3378,571.6,2.5992,4.56,173.745,342.96,72.2817,709.68,19.4551,599.58,599.64,9.9827,66.2187,76.7804,2.5992,4.56,11.1287,15.7343,9.108,173.74,342.99,709.68,72.7607,33.03,44.67,9.613,3.999,12.305,44.382,24.879,14.9055,0.1762,0.129,0.1318,0.1292,0.2106,0.1318,0.1993,0.1251,539.8,280.1,364.25,84.555,85.1025,85.2075,82.29,83.49,81.9375,43.1287,519.99,520.0,20.3599,517.61,489.05,14.0262
86.475,57.525,4.65,57.6,287.01,358.5789,571.8,2.5994,4.5625,173.61,342.99,72.2816,709.76,19.4561,599.64,599.76,9.9824,66.2191,76.7807,2.5994,4.5625,11.1287,15.7345,9.108,173.6,342.99,709.76,72.7138,33.025,44.892,9.613,3.971,12.305,44.67,24.945,14.9055,0.1763,0.1289,0.1317,0.1292,0.2103,0.1317,0.1991,0.1249,539.64,280.05,364.25,84.5925,85.1175,85.2225,82.26,83.4825,81.9825,43.1476,519.84,520.0,20.3598,517.61,489.05,14.0249
86.15,57.5625,4.1266,57.5625,286.65,358.2,571.45,2.5996,4.565,173.8665,342.99,72.2813,709.84,19.4561,599.76,599.94,9.9825,66.2195,76.7807,2.5996,4.565,11.1288,15.7348,9.1086,173.866,343.02,709.84,72.6663,33.02,45.078,9.612,3.986,12.306,44.892,25.0495,14.9055,0.1768,0.1289,0.1316,0.1291,0.2102,0.1316,0.1989,0.1249,539.56,280.05,364.25,84.585,85.155,85.1925,82.215,83.4675,81.975,43.1595,519.75,520.0,20.3597,517.61,489.05,14.0235
86.925,57.525,4.5938,57.6,286.8975,357.7523,572.0,2.5998,4.5675,173.5695,343.02,72.2816,709.84,19.4549,599.94,600.0,9.9827,66.2199,76.7804,2.5998,4.5675,11.1289,15.735,9.1091,173.558,343.02,709.84,72.6182,33.015,45.186,9.609,4.032,12.306,45.078,25.1485,14.9055,0.1774,0.1289,0.1315,0.129,0.21,0.1315,0.1988,0.1248,539.48,280.05,364.25,84.5625,85.1925,85.155,82.2675,83.43,81.99,43.168,519.69,520.0,20.3596,517.61,489.05,14.0222
86.5,57.5625,4.6,57.6,286.7625,357.6835,571.6,2.5998,4.57,174.204,343.02,72.2818,709.84,19.4544,600.0,600.06,9.9829,66.2203,76.7807,2.5998,4.57,11.129,15.7353,9.1091,174.202,343.05,709.84,72.5694,33.01,45.27,9.608,4.082,12.306,45.186,25.2255,14.9055,0.1778,0.1289,0.1315,0.1289,0.21,0.1314,0.1988,0.1247,539.48,280.05,364.25,84.5925,85.2225,85.215,82.245,83.415,81.945,43.1693,519.69,520.0,20.3596,517.61,489.05,14.0209
86.1,57.6,4.0938,57.5625,286.7175,358.3378,571.75,2.5998,4.57,173.61,343.05,72.2821,709.84,19.4536,600.06,599.88,9.983,66.2208,76.7809,2.5998,4.57,11.129,15.733,9.1091,173.614,343.05,709.84,72.5707,33.01,45.21,9.606,4.121,12.306,45.27,25.275,14.9055,0.1782,0.1289,0.1315,0.1289,0.21,0.1314,0.1988,0.1247,539.4,280.05,364.2,84.57,85.215,85.2675,82.245,83.4,81.915,43.178,519.63,520.0,20.3595,517.61,489.05,14.0195
86.575,57.6,4.1266,57.525,287.37,358.2,571.85,2.5998,4.5675,173.448,343.05,72.2823,709.84,19.4556,599.88,599.82,9.9832,66.2212,76.7812,2.5998,4.5675,11.1291,15.7323,9.1091,173.446,343.05,709.84,72.5719,33.01,45.15,9.606,4.147,12.307,45.21,25.2805,14.9055,0.1784,0.1289,0.1315,0.1289,0.2101,0.1314,0.1989,0.1248,539.4,280.05,364.2,84.615,85.1625,85.3125,82.2075,83.46,81.8775,43.1833,519.6,520.0,20.3594,517.61,489.02,14.0182
86.925,57.5625,4.675,57.6,287.4375,357.7523,571.45,2.5996,4.5675,173.5425,343.05,72.2826,709.84,19.4569,599.82,599.94,9.9834,66.2208,76.7822,2.5996,4.5675,11.1292,15.734,9.1096,173.544,343.02,709.84,72.5732,33.01,45.096,9.607,4.158,12.307,45.15,25.253,14.9055,0.1784,0.129,0.1315,0.129,0.2102,0.1315,0.1989,0.1248,539.4,280.0,364.2,84.585,85.14,85.26,82.17,83.4525,81.8625,43.1849,519.6,520.0,20.3593,517.61,489.02,14.0169
86.375,57.5625,4.3078,57.5625,286.9425,358.2345,571.45,2.5996,4.5675,173.907,343.02,72.2828,709.84,19.4561,599.94,599.94,9.9835,66.221,76.7827,2.5996,4.5675,11.1293,15.7343,9.1091,173.908,343.02,709.84,72.5238,33.005,45.03,9.609,4.154,12.307,45.096,25.2145,14.9141,0.1783,0.129,0.1316,0.129,0.2102,0.1315,0.199,0.1249,539.36,280.0,364.2,84.57,85.0875,85.2675,82.2,83.46,81.855,43.1865,519.6,520.0,20.3593,517.61,489.02,14.0155
86.7,57.5625,4.3609,57.525,286.65,357.8557,571.85,2.5996,4.565,173.5965,343.02,72.2837,709.76,19.4564,599.94,599.88,9.9837,66.2212,76.7832,2.5996,4.565,11.1294,15.7345,9.1091,173.6,343.02,709.76,72.5245,33.005,44.904,9.611,4.144,12.307,45.03,25.1705,14.9144,0.1782,0.129,0.1316,0.1291,0.2103,0.1316,0.1991,0.1249,539.32,280.0,364.2,84.5925,85.08,85.2675,82.26,83.445,81.84,43.1957,519.54,520.0,20.3592,517.58,489.02,14.0142
86.525,57.5625,4.5766,57.5625,286.65,358.6133,571.3,2.5994,4.5625,174.0825,343.02,72.2841,709.76,19.4574,599.88,599.88,9.9846,66.2213,76.7844,2.5994,4.5625,11.1294,15.7348,9.1086,174.09,342.99,709.76,72.5251,33.005,44.802,9.614,4.136,12.307,44.904,25.1155,14.9146,0.1782,0.1291,0.1317,0.1292,0.2105,0.1317,0.1992,0.125,539.28,280.0,364.15,84.6225,85.11,85.275,82.2225,83.475,81.8925,43.2013,519.51,520.0,20.3591,517.58,489.02,14.0128
86.55,57.525,4.6047,57.5625,286.605,358.1656,571.15,2.5992,4.56,173.448,342.99,72.2851,709.68,19.4579,599.88,599.82,9.985,66.2223,76.7859,2.5992,4.56,11.1295,15.735,9.1086,173.446,342.99,709.68,72.5257,33.005,44.652,9.617,4.129,12.309,44.802,25.044,14.9149,0.1782,0.1292,0.1318,0.1292,0.2106,0.1318,0.1994,0.1251,539.2,280.0,364.15,84.615,85.11,85.2975,82.185,83.505,81.9,43.2145,519.42,520.0,20.359,517.58,489.02,14.0115
86.2,57.6,3.9891,57.6,287.28,358.51,571.45,2.5994,4.5625,173.691,342.99,72.2849,709.76,19.4591,599.82,599.94,9.9847,66.2219,76.7862,2.5994,4.5625,11.1296,15.7353,9.1086,173.684,342.99,709.76,72.4757,33.0,44.946,9.621,4.122,12.309,44.652,24.967,14.9066,0.1778,0.1291,0.1317,0.1292,0.2103,0.1317,0.1991,0.125,539.16,280.0,364.15,84.585,85.095,85.275,82.1925,83.5275,81.9075,43.2244,519.36,520.0,20.3589,517.58,489.02,14.0102
86.75,57.5625,4.7797,57.5625,287.325,357.7523,571.45,2.6,4.565,173.88,342.99,72.2841,709.92,19.4584,599.94,600.0,9.9841,66.2221,76.7847,2.6,4.565,11.1297,15.733,9.1096,173.88,342.99,709.92,72.4757,33.0,45.132,9.619,4.097,12.308,44.946,25.011,14.9066,0.1775,0.129,0.1317,0.1291,0.2102,0.1316,0.1989,0.1249,539.12,280.0,364.15,84.6375,85.065,85.245,82.17,83.505,81.8925,43.227,519.36,520.0,20.3589,517.58,489.02,14.0088
86.25,57.6375,4.5422,57.525,286.74,358.2345,572.0,2.6002,4.565,174.3525,342.99,72.2842,709.92,19.4579,600.0,600.0,9.984,66.2223,76.7839,2.6002,4.565,11.1298,15.7323,9.1102,174.356,343.02,709.92,72.4757,33.0,45.228,9.617,4.078,12.307,45.132,25.0935,14.9066,0.1775,0.1289,0.1316,0.129,0.2101,0.1315,0.1988,0.1249,539.12,280.0,364.15,84.645,85.095,85.2375,82.14,83.5425,81.8625,43.2296,519.36,520.0,20.3588,517.58,489.02,14.0075
86.375,57.6,4.3609,57.5625,287.0775,358.2,571.7,2.5996,4.5675,174.2175,343.02,72.2849,709.84,19.4579,600.0,600.0,9.9847,66.2224,76.7859,2.5996,4.5675,11.1298,15.734,9.1091,174.216,343.02,709.84,72.4251,32.995,45.186,9.614,4.086,12.307,45.228,25.165,14.9066,0.1779,0.1289,0.1316,0.129,0.2101,0.1315,0.1988,0.1248,539.08,279.95,364.15,84.63,85.05,85.2825,82.185,83.535,81.8625,43.2359,519.33,520.0,20.3587,517.58,488.99,14.0062
86.775,57.5625,4.4266,57.6,286.965,358.0967,571.4,2.5996,4.565,173.0295,343.02,72.2852,709.84,19.4579,600.0,599.94,9.9849,66.2226,76.7864,2.5996,4.565,11.1299,15.7343,9.1091,173.026,343.02,709.84,72.4244,32.995,45.072,9.614,4.118,12.307,45.186,25.187,14.9066,0.1784,0.129,0.1316,0.129,0.2101,0.1315,0.1989,0.1249,539.08,279.95,364.1,84.6525,85.0125,85.2975,82.2225,83.5425,81.8625,43.2424,519.3,520.0,20.3586,517.58,488.99,14.0048
86.55,57.6375,4.7641,57.5625,287.505,358.0623,571.8,2.6002,4.57,173.8125,343.02,72.2854,709.84,19.4586,599.94,600.12,9.985,66.2228,76.7847,2.6002,4.57,11.13,15.7345,9.1102,173.81,343.02,709.84,72.4238,32.995,45.534,9.615,4.151,12.307,45.072,25.154,14.9066,0.1782,0.1289,0.1315,0.1289,0.2097,0.1314,0.1985,0.1248,539.12,279.95,364.1,84.6225,85.005,85.305,82.2675,83.55,81.87,43.2377,519.36,520.0,20.3586,517.55,488.99,14.0035
86.675,57.525,4.6641,57.6,287.235,358.1656,571.7,2.6006,4.5725,173.2995,343.02,72.2851,709.92,19.4566,600.12,600.24,9.9845,66.2222,76.783,2.6006,4.5725,11.1301,15.7348,9.1108,173.292,343.05,709.92,72.4232,32.995,45.78,9.609,4.146,12.307,45.534,25.264,14.9066,0.1779,0.1287,0.1314,0.1288,0.2094,0.1314,0.1982,0.1246,539.2,279.95,364.1,84.5925,84.9825,85.3425,82.32,83.52,81.87,43.2327,519.42,520.0,20.3585,517.55,488.99,14.0022
86.625,57.5625,4.2937,57.5625,287.3475,357.9934,571.6,2.6002,4.5775,173.6505,343.05,72.2833,710.16,19.4546,600.24,600.3,9.9836,66.2221,76.7837,2.6002,4.5775,11.127,15.735,9.1108,173.656,343.08,710.16,72.3719,32.99,46.02,9.603,4.134,12.307,45.78,25.4015,14.9066,0.1779,0.1286,0.1312,0.1287,0.2092,0.1312,0.198,0.1245,539.32,279.95,364.05,84.555,84.9525,85.305,82.2675,83.52,81.87,43.2201,519.54,520.0,20.3584,517.55,488.99,14.0008
86.125,57.6,4.4625,57.6,287.0325,357.8212,571.45,2.6004,4.58,174.15,343.08,72.2831,710.16,19.4529,600.3,600.42,9.9833,66.222,76.7827,2.6004,4.58,11.1258,15.7353,9.1113,174.16,343.11,710.16,72.3707,32.99,46.206,9.597,4.144,12.307,46.02,25.528,14.9066,0.1781,0.1285,0.1311,0.1285,0.209,0.1311,0.1978,0.1244,539.44,279.9,364.05,84.525,84.99,85.3425,82.23,83.5425,81.915,43.2069,519.66,520.0,20.3583,517.55,488.99,13.9995
86.925,57.525,4.3469,57.6,286.7625,358.6133,571.1,2.6006,4.5825,174.177,343.11,72.2834,710.08,19.4501,600.42,600.3,9.9837,66.2219,76.7814,2.6006,4.5825,11.1278,15.733,9.1118,174.174,343.14,710.08,72.3694,32.99,46.314,9.591,4.17,12.307,46.206,25.649,14.9066,0.1784,0.1285,0.131,0.1284,0.209,0.131,0.1977,0.1243,539.56,279.9,364.05,84.4875,85.02,85.3275,82.2375,83.5725,81.885,43.197,519.75,520.0,20.3583,517.55,488.99,13.9982
86.3,57.5625,4.5172,57.6,287.4375,357.7179,571.4,2.6008,4.585,174.1635,343.14,72.2827,710.16,19.4499,600.3,600.3,9.9836,66.2218,76.7799,2.6008,4.585,11.1279,15.7323,9.1118,174.16,343.14,710.16,72.3682,32.99,46.362,9.586,4.203,12.307,46.314,25.7425,14.9066,0.1788,0.1284,0.131,0.1284,0.2089,0.131,0.1976,0.1242,539.64,279.9,364.05,84.48,84.99,85.335,82.275,83.5575,81.8475,43.183,519.87,520.0,20.3582,517.55,488.99,13.9968
86.675,57.6,4.2969,57.5625,286.8525,357.649,571.7,2.6008,4.585,173.178,343.14,72.2824,710.16,19.4486,600.3,600.12,9.9835,66.221,76.7789,2.6008,4.585,11.128,15.734,9.1118,173.18,343.14,710.16,72.4175,32.995,46.35,9.582,4.234,12.306,46.362,25.7975,14.9066,0.179,0.1284,0.1309,0.1284,0.2088,0.1309,0.1976,0.1242,539.76,279.9,364.05,84.4575,85.005,85.3125,82.2525,83.55,81.825,43.1722,519.96,520.0,20.3581,517.55,488.99,13.9955
86.35,57.525,4.6937,57.6,287.2575,357.6835,571.7,2.6004,4.585,174.015,343.14,72.2822,710.16,19.4496,600.12,600.12,9.9835,66.2207,76.7794,2.6004,4.585,11.128,15.7343,9.1118,174.02,343.14,710.16,72.4169,32.995,46.362,9.579,4.254,12.306,46.35,25.814,14.9066,0.1791,0.1284,0.1309,0.1284,0.2089,0.1309,0.1976,0.1242,539.88,279.9,364.0,84.435,85.02,85.305,82.305,83.5125,81.825,43.1573,520.08,520.0,20.358,517.55,488.99,13.9942
86.3,57.6,4.7078,57.6,286.92,357.9934,571.55,2.6004,4.585,173.4345,343.14,72.2819,710.16,19.4491,600.12,600.12,9.9834,66.2203,76.7789,2.6004,4.585,11.1281,15.7345,9.1118,173.432,343.14,710.16,72.4163,32.995,46.314,9.576,4.262,12.306,46.362,25.825,14.9066,0.1791,0.1284,0.1309,0.1283,0.2089,0.1309,0.1977,0.1242,539.96,279.9,364.0,84.405,85.065,85.2675,82.335,83.505,81.8625,43.1458,520.17,520.0,20.358,517.55,488.99,13.9928
86.35,57.6,4.0969,57.5625,287.4825,358.5789,571.8,2.6004,4.585,174.204,343.14,72.2817,710.16,19.4486,600.12,600.12,9.9833,66.22,76.7784,2.6004,4.585,11.1282,15.7348,9.1113,174.202,343.14,710.16,72.4663,33.0,46.26,9.575,4.263,12.306,46.314,25.8305,14.9066,0.1791,0.1284,0.1309,0.1284,0.209,0.1309,0.1977,0.1242,540.08,279.9,364.0,84.4575,85.095,85.3125,82.2825,83.475,81.8925,43.1338,520.26,520.0,20.3579,517.55,488.99,13.9915
86.35,57.6,3.9328,57.5625,287.4825,358.4756,571.6,2.6002,4.585,173.637,343.14,72.2814,710.16,19.4481,600.12,600.06,9.9832,66.2204,76.7787,2.6002,4.585,11.1283,15.735,9.1113,173.628,343.14,710.16,72.4663,33.0,46.146,9.575,4.259,12.305,46.26,25.814,14.9066,0.1791,0.1285,0.131,0.1284,0.209,0.131,0.1978,0.1242,540.12,279.85,364.0,84.4425,85.08,85.35,82.335,83.4825,81.915,43.129,520.29,520.0,20.3578,517.55,488.99,13.9902
86.55,57.5625,4.4156,57.6375,287.505,357.7179,572.0,2.6002,4.5825,173.5695,343.14,72.2818,710.08,19.4484,600.06,600.06,9.9831,66.2203,76.7784,2.6002,4.5825,11.1283,15.7353,9.1113,173.558,343.14,710.08,72.4663,33.0,46.032,9.575,4.256,12.305,46.146,25.7865,14.9066,0.179,0.1285,0.131,0.1284,0.2091,0.131,0.1979,0.1243,540.16,279.85,364.0,84.48,85.1175,85.335,82.335,83.4975,81.9225,43.1203,520.35,520.0,20.3577,517.55,488.99,13.9888
86.1,57.6,3.9672,57.6,287.415,358.51,571.05,2.6,4.5825,174.042,343.14,72.2817,710.08,19.4481,600.06,600.0,9.983,66.2203,76.7789,2.6,4.5825,11.1284,15.7355,9.1113,174.048,343.11,710.08,72.4663,33.0,45.912,9.577,4.25,12.305,46.032,25.7315,14.898,0.179,0.1285,0.1311,0.1285,0.2093,0.131,0.1981,0.1243,540.2,279.85,364.0,84.5175,85.1025,85.32,82.3575,83.535,81.885,43.1151,520.38,520.0,20.3577,517.55,488.99,13.9875
86.575,57.6,4.4437,57.525,287.4825,358.4067,571.8,2.6,4.58,174.2175,343.11,72.2822,710.0,19.4486,600.0,599.94,9.983,66.2202,76.7789,2.6,4.58,11.1285,15.7333,9.1108,174.216,343.11,710.0,72.5169,33.005,45.75,9.578,4.24,12.305,45.912,25.6765,14.8977,0.1789,0.1286,0.1311,0.1286,0.2095,0.1311,0.1982,0.1244,540.16,279.85,364.0,84.4875,85.0875,85.305,82.305,83.535,81.9075,43.1173,520.35,520.0,20.3576,517.55,488.99,13.9862
86.8,57.5625,3.9828,57.525,287.235,358.4067,571.75,2.5998,4.575,173.988,343.11,72.2822,710.0,19.4494,599.94,599.82,9.9836,66.2201,76.7797,2.5998,4.575,11.1286,15.7325,9.1102,173.992,343.08,710.0,72.5176,33.005,45.426,9.582,4.228,12.302,45.75,25.6105,14.906,0.1789,0.1287,0.1312,0.1287,0.2098,0.1312,0.1985,0.1245,540.12,279.85,363.95,84.525,85.05,85.32,82.3425,83.49,81.87,43.1234,520.29,520.0,20.3575,517.55,488.99,13.9848
86.375,57.6,4.3047,57.525,287.235,357.8901,571.65,2.5994,4.57,173.2725,343.08,72.2828,709.92,19.4511,599.82,599.64,9.9838,66.2208,76.7814,2.5994,4.57,11.1287,15.7318,9.1091,173.264,343.05,709.92,72.5182,33.005,45.066,9.588,4.22,12.303,45.426,25.484,14.906,0.179,0.1289,0.1314,0.1288,0.2101,0.1314,0.1989,0.1247,540.04,279.85,363.95,84.5475,85.005,85.275,82.2975,83.5275,81.915,43.1298,520.23,520.0,20.3574,517.55,488.99,13.9835
86.35,57.525,4.8078,57.6,287.415,358.3378,571.05,2.5992,4.5675,174.096,343.05,72.2836,709.84,19.4541,599.64,599.82,9.984,66.2209,76.7829,2.5992,4.5675,11.1287,15.7335,9.1091,174.09,343.02,709.84,72.5188,33.005,44.982,9.595,4.211,12.303,44.982,25.319,14.906,0.1786,0.129,0.1315,0.129,0.2102,0.1315,0.199,0.1248,539.96,279.85,363.95,84.5475,85.02,85.29,82.335,83.505,81.945,43.1546,520.02,520.0,20.3573,517.55,488.99,13.9822
86.075,57.6,3.9531,57.6,286.965,358.3723,571.3,2.5996,4.565,174.042,343.02,72.2844,709.76,19.4534,599.82,599.7,9.9849,66.2211,76.7824,2.5996,4.565,11.1288,15.7338,9.1091,174.048,343.02,709.76,72.5194,33.005,44.778,9.6,4.179,12.305,44.982,25.2035,14.906,0.1783,0.129,0.1316,0.1291,0.2105,0.1316,0.1992,0.1249,539.8,279.8,363.95,84.54,85.0275,85.2525,82.29,83.475,81.9675,43.1546,520.02,520.0,20.3573,517.55,488.99,13.9808
86.05,57.5625,4.1922,57.5625,286.56,358.0967,571.9,2.5994,4.5625,173.5425,343.02,72.2848,709.76,19.4556,599.7,599.64,9.9853,66.2213,76.7837,2.5994,4.5625,11.1289,15.734,9.1086,173.544,342.99,709.76,72.5201,33.005,44.55,9.607,4.142,12.305,44.778,25.0935,14.8974,0.1781,0.1291,0.1317,0.1292,0.2106,0.1317,0.1994,0.125,539.68,279.8,363.9,84.5625,85.035,85.2375,82.32,83.4675,81.945,43.1733,519.87,520.0,20.3572,517.55,488.99,13.9795
86.7,57.5625,4.575,57.5625,287.325,358.0967,571.55,2.5992,4.56,173.421,342.99,72.2858,709.68,19.4576,599.64,599.82,9.9857,66.2222,76.7852,2.5992,4.56,11.129,15.7343,9.1086,173.418,342.99,709.68,72.4701,33.0,44.652,9.613,4.116,12.304,44.55,24.9725,14.8971,0.1777,0.1291,0.1318,0.1292,0.2105,0.1318,0.1993,0.1251,539.56,279.8,363.9,84.5175,85.05,85.275,82.32,83.4975,81.9225,43.1889,519.75,520.0,20.3571,517.55,488.99,13.9782
86.3,57.5625,4.2281,57.525,287.145,358.5789,572.0,2.5994,4.5625,173.4615,342.99,72.2857,709.76,19.4569,599.82,599.88,9.9854,66.2218,76.7855,2.5994,4.5625,11.1291,15.7345,9.1086,173.46,342.99,709.76,72.4701,33.0,44.832,9.616,4.086,12.302,44.652,24.945,14.9055,0.1773,0.1291,0.1317,0.1292,0.2103,0.1317,0.1991,0.125,539.48,279.8,363.9,84.555,85.02,85.29,82.3425,83.4825,81.9375,43.1974,519.69,520.0,20.3721,517.55,488.99,13.9768
86.575,57.6,4.7672,57.5625,287.3475,358.2345,571.75,2.5994,4.5625,173.934,342.99,72.2861,709.76,19.4569,599.88,599.94,9.9855,66.222,76.7862,2.5994,4.5625,11.1291,15.7348,9.1086,173.936,342.99,709.76,72.4194,32.995,44.994,9.616,4.058,12.303,44.832,24.989,14.9055,0.1772,0.129,0.1317,0.1291,0.2102,0.1317,0.199,0.1249,539.4,279.75,363.85,84.5925,85.005,85.245,82.3875,83.4525,81.9675,43.2062,519.63,520.0,20.3725,517.55,488.99,13.9755
86.325,57.525,3.9703,57.5625,286.7625,358.2,571.45,2.6,4.565,173.853,342.99,72.2852,709.92,19.4566,599.94,599.94,9.985,66.2222,76.7847,2.6,4.565,11.1292,15.735,9.1096,173.852,343.02,709.92,72.4188,32.995,45.072,9.615,4.053,12.303,44.994,25.0605,14.9055,0.1774,0.129,0.1316,0.1291,0.2102,0.1316,0.1989,0.1249,539.36,279.75,363.85,84.6,85.035,85.23,82.365,83.4375,82.005,43.2152,519.57,520.0,20.3729,517.55,488.99,13.9742
86.65,57.5625,3.8891,57.5625,286.695,358.0967,571.25,2.6002,4.565,173.178,343.02,72.2853,709.92,19.4569,599.94,600.0,9.9849,66.2223,76.784,2.6002,4.565,11.1293,15.7353,9.1102,173.18,343.02,709.92,72.3675,32.99,45.108,9.614,4.074,12.305,45.072,25.11,14.9055,0.1778,0.129,0.1316,0.129,0.2101,0.1315,0.1989,0.1249,539.32,279.75,363.85,84.6375,85.0125,85.245,82.3425,83.445,82.035,43.2207,519.54,520.0,20.3733,517.55,488.99,13.9728
86.125,57.5625,4.275,57.525,286.605,358.6133,571.15,2.5998,4.5675,173.961,343.02,72.2848,710.0,19.4556,600.06,600.06,9.9857,66.2227,76.7855,2.5998,4.57,11.1294,15.733,9.1096,173.964,343.02,710.0,72.365,32.99,45.342,9.613,4.105,12.305,45.342,25.143,14.9055,0.1779,0.1289,0.1315,0.129,0.2099,0.1315,0.1987,0.1248,539.36,279.75,363.85,84.6075,85.065,85.2,82.3275,83.4825,82.02,43.2205,519.57,520.0,20.3737,517.55,488.99,13.9715
86.45,57.6,4.0516,57.5625,286.83,358.3034,571.45,2.5998,4.57,174.4335,343.02,72.2848,710.0,19.4556,600.06,600.12,9.9857,66.2227,76.7855,2.5998,4.57,11.1294,15.7323,9.1096,174.44,343.05,710.0,72.365,32.99,45.42,9.609,4.124,12.305,45.342,25.22,14.9055,0.178,0.1288,0.1315,0.1289,0.2099,0.1314,0.1986,0.1247,539.36,279.75,363.85,84.6075,85.0425,85.2225,82.32,83.5275,82.02,43.2205,519.57,520.0,20.3742,517.55,488.99,13.9702
86.775,57.525,3.8562,57.6,287.0325,358.51,571.7,2.6004,4.57,174.096,343.05,72.286,709.84,19.4546,600.12,600.06,9.9851,66.2228,76.7835,2.6004,4.57,11.1295,15.734,9.1102,174.104,343.05,709.84,72.3638,32.99,45.324,9.607,4.136,12.305,45.42,25.286,14.9055,0.1783,0.1289,0.1315,0.1289,0.2099,0.1314,0.1987,0.1247,539.32,279.75,363.8,84.6075,85.08,85.185,82.29,83.4975,81.975,43.226,519.54,520.0,20.3746,517.55,488.96,13.9688
86.025,57.5625,4.5734,57.6,286.7625,358.2,571.4,2.6002,4.5675,173.4345,343.05,72.2863,709.84,19.4549,600.06,600.0,9.985,66.223,76.7837,2.6002,4.5675,11.1296,15.7343,9.1102,173.432,343.02,709.84,72.3625,32.99,45.168,9.607,4.158,12.305,45.324,25.286,14.9055,0.1786,0.1289,0.1315,0.1289,0.21,0.1314,0.1988,0.1248,539.32,279.75,363.8,84.63,85.11,85.23,82.275,83.49,81.945,43.2278,519.54,520.0,20.375,517.55,488.96,13.9675
86.725,57.5625,4.6375,57.6,287.3475,358.1312,571.35,2.5996,4.5675,173.7585,343.02,72.2853,710.0,19.4554,600.0,599.82,9.985,66.2232,76.7857,2.5996,4.5675,11.1297,15.7345,9.1091,173.754,343.02,710.0,72.3613,32.99,45.078,9.609,4.178,12.305,45.168,25.231,14.9055,0.1787,0.129,0.1316,0.129,0.2102,0.1315,0.1989,0.1248,539.32,279.7,363.8,84.5925,85.155,85.2225,82.3125,83.46,81.96,43.2259,519.57,520.0,20.3754,517.52,488.96,13.9662
86.1,57.6,4.7937,57.5625,287.46,358.3378,571.9,2.5996,4.565,172.962,343.02,72.2854,710.0,19.4591,599.76,599.76,9.9858,66.2235,76.7845,2.6002,4.57,11.1298,15.735,9.1091,172.956,343.02,709.92,72.3588,32.99,44.964,9.611,4.179,12.305,44.964,25.165,14.9055,0.1786,0.1291,0.1316,0.1291,0.2102,0.1316,0.199,0.1249,539.32,279.7,363.8,84.555,85.1625,85.245,82.2825,83.4825,81.93,43.2295,519.57,520.0,20.3612,517.52,488.96,13.9635
86.575,57.525,4.0531,57.6,286.65,358.4411,571.2,2.6002,4.57,173.934,343.02,72.2854,710.0,19.4591,599.76,600.18,9.9858,66.2235,76.7845,2.6002,4.57,11.1298,15.735,9.1102,173.936,343.02,710.0,72.3588,32.99,45.564,9.614,4.168,12.305,44.964,25.099,14.9055,0.1779,0.1289,0.1315,0.1289,0.2097,0.1315,0.1984,0.1248,539.36,279.7,363.8,84.585,85.2,85.215,82.275,83.475,81.93,43.2295,519.57,520.0,20.3612,517.52,488.96,13.9635
86.45,57.5625,4.0719,57.525,286.695,357.7523,571.65,2.6006,4.575,173.8665,343.02,72.2848,710.08,19.4549,600.18,600.3,9.9852,66.2229,76.7827,2.6006,4.575,11.1299,15.7353,9.1113,173.866,343.05,710.08,72.3069,32.985,45.882,9.607,4.126,12.305,45.564,25.2475,14.9055,0.1774,0.1287,0.1313,0.1288,0.2094,0.1313,0.1981,0.1246,539.4,279.7,363.75,84.63,85.185,85.275,82.305,83.49,81.9675,43.2275,519.6,520.0,20.3611,517.52,488.96,13.9621
86.3,57.5625,4.3375,57.5625,286.605,358.0967,571.95,2.6004,4.58,173.3535,343.05,72.284,710.16,19.4526,600.3,600.24,9.9844,66.2229,76.7827,2.6004,4.58,11.13,15.733,9.1113,173.348,343.11,710.16,72.3051,32.985,46.158,9.6,4.1,12.305,46.158,25.429,14.9055,0.1775,0.1285,0.1312,0.1286,0.209,0.1311,0.1978,0.1244,539.48,279.7,363.75,84.645,85.185,85.2675,82.2975,83.445,81.945,43.2041,519.81,520.0,20.361,517.52,488.96,13.9608
86.475,57.6,4.4484,57.5625,287.2125,357.8557,571.25,2.6006,4.5825,174.3255,343.11,72.2832,710.24,19.4521,600.24,600.3,9.984,66.2228,76.7815,2.6006,4.5825,11.1301,15.7323,9.1118,174.328,343.14,710.24,72.3032,32.985,46.416,9.593,4.12,12.305,46.158,25.594,14.9055,0.1779,0.1284,0.131,0.1284,0.2089,0.131,0.1976,0.1242,539.6,279.65,363.75,84.6375,85.155,85.305,82.2825,83.4225,81.9525,43.2041,519.81,520.0,20.361,517.52,488.96,13.9595
86.575,57.6,4.1219,57.525,287.055,357.8212,571.75,2.601,4.5875,174.042,343.14,72.2834,710.16,19.4504,600.3,600.36,9.9837,66.2219,76.7792,2.601,4.5875,11.127,15.734,9.1118,174.034,343.14,710.16,72.3013,32.985,46.572,9.585,4.163,12.305,46.416,25.748,14.9055,0.1784,0.1283,0.1309,0.1283,0.2087,0.1309,0.1974,0.1241,539.72,279.65,363.75,84.585,85.1925,85.29,82.335,83.475,81.9375,43.1898,519.93,520.0,20.3609,517.52,488.96,13.9581
86.175,57.525,4.3937,57.5625,287.235,357.9245,571.2,2.601,4.59,173.988,343.14,72.2822,710.24,19.4484,600.36,600.42,9.9834,66.2213,76.7782,2.6006,4.59,11.1259,15.7343,9.1124,173.978,343.17,710.24,72.2994,32.985,46.662,9.579,4.21,12.305,46.662,25.869,14.9055,0.1788,0.1283,0.1308,0.1283,0.2086,0.1308,0.1973,0.124,539.84,279.65,363.7,84.57,85.14,85.32,82.38,83.505,81.93,43.1598,520.17,520.0,20.3608,517.52,488.96,13.9568
86.0,57.5625,4.7531,57.525,286.6275,357.9245,572.05,2.6006,4.59,173.367,343.17,72.2822,710.24,19.4461,600.42,600.3,9.983,66.2213,76.7782,2.6006,4.59,11.1278,15.7345,9.1124,173.362,343.17,710.24,72.3481,32.99,46.698,9.573,4.25,12.305,46.662,25.9515,14.9055,0.1791,0.1283,0.1308,0.1282,0.2085,0.1307,0.1973,0.124,539.96,279.65,363.7,84.555,85.1625,85.32,82.4175,83.49,81.93,43.1598,520.17,520.0,20.3607,517.52,488.96,13.9555
86.625,57.6,4.2906,57.6375,286.65,358.5789,571.3,2.6008,4.5925,173.124,343.17,72.2814,710.24,19.4459,600.3,600.3,9.9827,66.2206,76.7757,2.6008,4.5925,11.1279,15.7348,9.1124,173.124,343.2,710.24,72.3469,32.99,46.728,9.569,4.275,12.305,46.728,25.9955,14.9055,0.1792,0.1282,0.1307,0.1282,0.2084,0.1307,0.1973,0.124,540.12,279.65,363.7,84.6,85.1625,85.29,82.425,83.5275,81.93,43.1203,520.47,520.0,20.3607,517.52,488.96,13.9541
86.075,57.6,4.7672,57.6,287.3025,358.5789,571.75,2.6008,4.5925,173.4885,343.2,72.2811,710.24,19.4434,600.3,600.3,9.982,66.2203,76.7747,2.6008,4.5925,11.128,15.7353,9.1124,173.488,343.2,710.24,72.395,32.995,46.752,9.565,4.288,12.304,46.752,26.0285,14.8969,0.1792,0.1282,0.1307,0.1281,0.2084,0.1306,0.1972,0.1239,540.28,279.65,363.7,84.645,85.2,85.29,82.38,83.5125,81.975,43.1034,520.59,520.0,20.3605,517.52,488.96,13.9515
86.175,57.6,4.2203,57.5625,287.3475,358.51,571.9,2.6008,4.5925,174.1905,343.2,72.2811,710.24,19.4434,600.3,600.12,9.982,66.2203,76.7747,2.6008,4.5925,11.128,15.7353,9.1124,174.202,343.2,710.24,72.395,32.995,46.728,9.562,4.29,12.304,46.752,26.056,14.8969,0.1792,0.1282,0.1307,0.1281,0.2086,0.1306,0.1973,0.1239,540.44,279.65,363.7,84.615,85.14,85.3125,82.3575,83.5125,81.9975,43.1034,520.59,520.0,20.3605,517.52,488.96,13.9515
86.3,57.6,4.0016,57.525,287.3475,357.7179,571.4,2.6008,4.5925,174.5415,343.2,72.2807,710.24,19.4444,600.12,600.12,9.9817,66.2199,76.7737,2.6008,4.5925,11.1281,15.7355,9.1124,174.538,343.2,710.24,72.3944,32.995,46.614,9.56,4.289,12.304,46.614,26.0725,14.8966,0.1792,0.1282,0.1307,0.1281,0.2086,0.1306,0.1973,0.1239,540.48,279.6,363.65,84.66,85.1775,85.26,82.3575,83.505,82.0275,43.0871,520.68,520.0,20.3604,517.52,488.96,13.9501
86.05,57.6,4.0844,57.5625,286.6725,358.2,571.65,2.6006,4.59,173.286,343.17,72.2799,710.24,19.4441,600.06,600.06,9.9818,66.22,76.775,2.6,4.59,11.1282,15.7333,9.1124,173.278,343.17,710.24,72.4444,33.0,46.434,9.56,4.29,12.304,46.434,26.0615,14.896,0.1793,0.1283,0.1307,0.1282,0.2087,0.1307,0.1975,0.124,540.48,279.6,363.65,84.6225,85.1475,85.2525,82.3575,83.5425,82.02,43.0768,520.74,520.0,20.3604,517.55,488.96,13.9475
86.75,57.6,4.3328,57.5625,287.145,358.5444,571.3,2.6,4.59,173.934,343.17,72.2799,710.24,19.4441,600.06,600.0,9.9818,66.22,76.775,2.6,4.59,11.1283,15.7325,9.1108,173.936,343.17,710.24,72.4444,33.0,46.296,9.562,4.291,12.302,46.434,26.0175,14.896,0.1793,0.1283,0.1308,0.1283,0.2089,0.1308,0.1977,0.124,540.56,279.6,363.65,84.615,85.125,85.29,82.3125,83.505,82.0575,43.0768,520.74,520.0,20.3603,517.55,488.96,13.9475
86.5,57.525,4.0875,57.5625,286.965,357.9934,571.55,2.5998,4.5875,173.9205,343.17,72.2802,710.16,19.4446,600.0,599.88,9.9817,66.2199,76.7757,2.5998,4.5875,11.1284,15.7343,9.1108,173.922,343.14,710.16,72.495,33.005,46.11,9.563,4.284,12.302,46.11,25.9405,14.9044,0.1792,0.1284,0.1309,0.1283,0.2091,0.1309,0.1979,0.1241,540.56,279.6,363.65,84.5775,85.155,85.335,82.2675,83.5275,82.0125,43.0783,520.68,520.0,20.3602,517.55,488.96,13.9461
86.4,57.5625,3.8594,57.6,287.0775,358.5444,571.75,2.5996,4.5825,174.4335,343.14,72.2804,710.08,19.4474,599.82,599.82,9.9823,66.2205,76.7757,2.6,4.58,11.1285,15.7348,9.1102,174.426,343.14,710.08,72.4963,33.005,45.888,9.567,4.27,12.302,45.888,25.8635,14.9044,0.1791,0.1285,0.131,0.1284,0.2094,0.131,0.1981,0.1242,540.52,279.6,363.6,84.5325,85.17,85.335,82.2525,83.565,82.0125,43.0869,520.59,520.0,20.3601,517.55,488.99,13.9435
86.225,57.6,4.6953,57.5625,286.7625,358.2345,571.7,2.6,4.58,174.0285,343.14,72.2804,710.08,19.4474,599.82,599.88,9.9823,66.2205,76.7757,2.6,4.58,11.1285,15.7348,9.1102,174.034,343.11,710.08,72.4963,33.005,45.612,9.571,4.253,12.302,45.612,25.7535,14.9044,0.1789,0.1286,0.1311,0.1285,0.2096,0.1311,0.1984,0.1244,540.44,279.6,363.6,84.54,85.155,85.335,82.2975,83.595,82.0575,43.0958,520.5,520.0,20.3601,517.55,488.99,13.9435
86.7,57.5625,4.0906,57.6,287.37,358.0623,571.15,2.5996,4.575,174.015,343.08,72.2823,709.84,19.4494,599.76,599.76,9.9834,66.2208,76.7792,2.5992,4.57,11.1286,15.735,9.1096,174.006,343.08,709.92,72.5488,33.01,45.234,9.577,4.235,12.303,45.234,25.6215,14.9044,0.1789,0.1288,0.1313,0.1287,0.21,0.1313,0.1987,0.1246,540.32,279.55,363.6,84.495,85.11,85.29,82.3125,83.5725,82.0425,43.1088,520.38,520.0,20.36,517.55,488.99,13.9408
86.15,57.6,4.2922,57.5625,286.7625,357.959,571.2,2.5992,4.57,174.1635,343.05,72.2832,709.76,19.4526,599.58,599.58,9.9838,66.221,76.7817,2.5988,4.5625,11.1287,15.7355,9.1091,174.16,343.05,709.84,72.55,33.01,44.82,9.586,4.217,12.303,44.82,25.44,14.9044,0.1788,0.129,0.1315,0.1289,0.2104,0.1314,0.1991,0.1248,540.2,279.55,363.6,84.5475,85.11,85.2675,82.3425,83.5575,82.005,43.1298,520.2,520.0,20.3598,517.55,488.99,13.9395
86.425,57.6,4.3797,57.525,286.5375,357.9245,571.5,2.5988,4.5625,174.1635,343.05,72.2848,709.6,19.4526,599.58,599.4,9.9838,66.2219,76.7847,2.5984,4.555,11.1287,15.7355,9.108,174.16,342.99,709.76,72.55,33.01,44.376,9.596,4.196,12.303,44.376,25.231,14.9044,0.1787,0.1292,0.1317,0.1292,0.2109,0.1317,0.1996,0.125,540.0,279.55,363.6,84.54,85.155,85.275,82.3425,83.5725,82.0125,43.159,519.96,520.0,20.3598,517.55,488.99,13.9395
86.225,57.5625,3.9891,57.6,286.8525,357.8557,571.95,2.5984,4.555,173.907,342.96,72.2854,709.6,19.4591,599.4,599.4,9.9856,66.2223,76.7875,2.5982,4.5525,11.1289,15.7325,9.1074,173.908,342.96,709.6,72.5013,33.005,43.956,9.608,4.166,12.303,43.956,24.9945,14.9044,0.1784,0.1294,0.1319,0.1294,0.2113,0.1319,0.2,0.1252,539.76,279.55,363.6,84.555,85.14,85.305,82.305,83.61,82.05,43.1893,519.72,520.0,20.3597,517.55,488.99,13.9368
86.0,57.5625,4.3906,57.5625,287.19,358.2345,571.8,2.5982,4.5525,173.637,342.93,72.2861,709.6,19.4609,599.46,599.46,9.9855,66.2228,76.7875,2.5988,4.555,11.129,15.7343,9.1069,173.642,342.93,709.6,72.5019,33.005,44.058,9.621,4.127,12.303,44.058,24.758,14.9044,0.1777,0.1294,0.132,0.1295,0.2111,0.132,0.1999,0.1253,539.52,279.55,363.55,84.6075,85.11,85.305,82.35,83.64,82.0425,43.2129,519.54,520.0,20.3596,517.55,488.99,13.9355
86.025,57.5625,4.6469,57.5625,286.605,358.1312,571.95,2.5988,4.555,173.2725,342.93,72.2861,709.68,19.4601,599.7,599.7,9.9852,66.2232,76.7875,2.5992,4.56,11.129,15.7343,9.1074,173.278,342.93,709.6,72.4519,33.0,44.412,9.626,4.061,12.303,44.412,24.6755,14.9044,0.1767,0.1292,0.132,0.1294,0.2107,0.1319,0.1996,0.1252,539.32,279.55,363.55,84.6,85.14,85.32,82.335,83.655,82.065,43.2261,519.45,520.0,20.3596,517.55,488.99,13.9341
86.175,57.6,4.1734,57.5625,287.145,358.1312,571.8,2.5992,4.56,174.0285,342.96,72.2847,709.92,19.4584,599.94,599.94,9.9846,66.2228,76.7847,2.6002,4.565,11.1291,15.7348,9.1086,174.034,342.96,709.68,72.4013,32.995,44.934,9.626,3.991,12.303,44.934,24.747,14.9044,0.176,0.129,0.1318,0.1292,0.2103,0.1318,0.1991,0.1251,539.24,279.55,363.55,84.6375,85.125,85.32,82.29,83.6775,82.0875,43.232,519.42,520.0,20.3594,517.55,488.99,13.9328
86.7,57.5625,4.6016,57.525,286.785,357.8557,571.5,2.6002,4.565,174.2445,342.96,72.2847,709.92,19.4584,599.94,600.18,9.9846,66.2228,76.7847,2.6002,4.565,11.1291,15.7348,9.1102,174.244,343.02,709.92,72.4013,32.995,45.282,9.62,3.955,12.304,44.934,24.9395,14.9044,0.1762,0.1288,0.1316,0.1291,0.21,0.1316,0.1987,0.1249,539.2,279.5,363.55,84.675,85.125,85.2825,82.275,83.6925,82.1025,43.232,519.42,520.0,20.3594,517.55,488.99,13.9328
86.3,57.525,4.5516,57.5625,286.74,358.4756,571.65,2.6004,4.57,173.8935,343.05,72.2848,709.92,19.4534,600.3,600.3,9.9845,66.2224,76.7847,2.6,4.5725,11.1292,15.735,9.1108,173.894,343.05,710.0,72.3488,32.99,45.48,9.614,3.984,12.304,45.48,25.143,14.9044,0.177,0.1288,0.1315,0.1289,0.2098,0.1314,0.1985,0.1247,539.16,279.5,363.5,84.66,85.1025,85.305,82.2825,83.6325,82.0875,43.2331,519.45,520.0,20.3594,517.55,488.96,13.9301
86.45,57.525,4.5563,57.6,287.055,358.1312,571.4,2.6,4.5725,174.069,343.08,72.2843,710.0,19.4536,600.18,600.18,9.9844,66.2224,76.784,2.6002,4.5775,11.1294,15.7355,9.1102,174.062,343.08,709.92,72.2969,32.985,45.684,9.608,4.059,12.304,45.684,25.297,14.9044,0.1779,0.1287,0.1313,0.1288,0.2096,0.1313,0.1983,0.1246,539.2,279.5,363.5,84.615,85.11,85.29,82.2525,83.58,82.1025,43.2316,519.48,520.0,20.3747,517.55,488.96,13.9288
86.1,57.525,4.1641,57.5625,286.605,357.7523,571.9,2.6002,4.5775,173.853,343.08,72.2843,710.0,19.4536,600.18,600.24,9.9844,66.2224,76.784,2.6002,4.5775,11.1294,15.7355,9.1108,173.852,343.08,710.0,72.2969,32.985,45.84,9.603,4.133,12.304,45.84,25.4235,14.9044,0.1784,0.1287,0.1312,0.1287,0.2094,0.1312,0.1982,0.1245,539.28,279.5,363.5,84.6225,85.125,85.26,82.215,83.5275,82.08,43.2224,519.57,520.0,20.3747,517.52,488.96,13.9288
86.975,57.6,4.4734,57.525,287.1225,358.0279,571.8,2.6004,4.5775,173.3265,343.11,72.2837,710.08,19.4526,600.12,600.12,9.9842,66.2222,76.7817,2.6006,4.58,11.1295,15.7325,9.1113,173.32,343.11,710.0,72.3438,32.99,45.966,9.598,4.181,12.304,45.966,25.5225,14.9044,0.1786,0.1286,0.1312,0.1286,0.2092,0.1311,0.198,0.1244,539.36,279.5,363.5,84.6675,85.08,85.305,82.2525,83.5425,82.0725,43.2053,519.72,520.0,20.36,517.52,488.96,13.9261
86.225,57.5625,4.7406,57.5625,286.8975,357.8557,571.15,2.6006,4.58,173.934,343.11,72.2836,710.08,19.4514,600.18,600.18,9.9841,66.2221,76.781,2.6006,4.5825,11.1296,15.7343,9.1113,173.936,343.11,710.08,72.3425,32.99,46.086,9.594,4.204,12.305,46.086,25.5995,14.9044,0.1787,0.1286,0.1311,0.1285,0.2092,0.131,0.1979,0.1244,539.48,279.5,363.5,84.6225,85.0875,85.2975,82.23,83.505,82.0875,43.1952,519.81,520.0,20.36,517.52,488.96,13.9248
86.125,57.5625,4.2953,57.5625,286.92,358.2,572.0,2.6006,4.5825,174.0285,343.11,72.2834,710.08,19.4506,600.18,600.18,9.984,66.222,76.7802,2.6006,4.5825,11.1297,15.7343,9.1113,174.02,343.11,710.08,72.3413,32.99,46.128,9.589,4.214,12.305,46.128,25.66,14.9044,0.1787,0.1285,0.1311,0.1285,0.2091,0.131,0.1979,0.1243,539.6,279.45,363.45,84.645,85.08,85.29,82.26,83.46,82.0725,43.1884,519.87,520.0,20.36,517.52,488.96,13.9235
86.175,57.525,4.7297,57.525,286.695,357.7179,571.95,2.6006,4.5825,173.88,343.11,72.2833,710.08,19.4499,600.18,600.18,9.984,66.2219,76.7795,2.6006,4.5825,11.1298,15.7348,9.1118,173.88,343.11,710.08,72.34,32.99,46.11,9.587,4.221,12.305,46.11,25.704,14.9044,0.1788,0.1285,0.131,0.1285,0.2091,0.131,0.1979,0.1243,539.68,279.45,363.45,84.6075,85.0575,85.275,82.2825,83.4225,82.0425,43.1777,519.96,520.0,20.3598,517.52,488.96,13.9221
86.475,57.6,4.35,57.6,286.92,358.6133,571.25,2.6006,4.58,173.502,343.11,72.2832,710.08,19.4491,600.18,600.0,9.9839,66.2218,76.7787,2.6006,4.58,11.1298,15.735,9.1113,173.502,343.11,710.08,72.3388,32.99,45.954,9.584,4.237,12.305,46.056,25.6985,14.9044,0.179,0.1286,0.1311,0.1285,0.2092,0.131,0.198,0.1244,539.8,279.45,363.45,84.63,85.1025,85.335,82.2375,83.3925,82.0125,43.1741,519.99,520.0,20.3597,517.52,488.96,13.9208
86.475,57.6,4.35,57.6,286.92,358.6133,571.25,2.6006,4.58,173.502,343.11,72.2837,710.0,19.4506,600.0,600.0,9.9838,66.2218,76.7787,2.6004,4.58,11.1299,15.7353,9.1113,173.502,343.11,710.08,72.3881,32.995,45.954,9.584,4.237,12.305,45.954,25.6985,14.9044,0.179,0.1286,0.1311,0.1285,0.2092,0.131,0.198,0.1244,539.8,279.45,363.45,84.63,85.1025,85.335,82.2375,83.3925,82.0125,43.1629,520.08,520.0,20.3597,517.52,488.96,13.9195
86.55,57.525,4.3281,57.5625,287.2125,357.959,571.65,2.6004,4.58,173.718,343.11,72.2837,710.0,19.4514,599.94,599.94,9.9837,66.2217,76.7805,2.5998,4.5775,11.13,15.733,9.1108,173.712,343.11,710.0,72.3875,32.995,45.87,9.585,4.24,12.305,45.87,25.6655,14.9044,0.179,0.1286,0.1311,0.1286,0.2094,0.1311,0.1981,0.1244,539.88,279.45,363.45,84.6375,85.1175,85.3275,82.23,83.385,82.0425,43.1588,520.11,520.0,20.3596,517.52,488.96,13.9181
86.3,57.6,4.7094,57.5625,287.3475,357.8212,571.65,2.5998,4.5775,172.8,343.11,72.2837,710.0,19.4501,600.06,600.06,9.9836,66.2216,76.7807,2.5998,4.5775,11.13,15.733,9.1108,172.802,343.11,710.0,72.3869,32.995,45.768,9.586,4.237,12.305,45.768,25.616,14.9044,0.1789,0.1287,0.1312,0.1286,0.2094,0.1311,0.1982,0.1244,539.92,279.45,363.4,84.645,85.1325,85.365,82.1925,83.43,82.08,43.1508,520.17,520.0,20.3596,517.52,488.96,13.9168
86.275,57.5625,4.6312,57.5625,287.2575,358.2,571.15,2.5998,4.5775,173.583,343.08,72.2837,710.0,19.4499,600.06,600.06,9.9843,66.2215,76.7795,2.6002,4.575,11.127,15.734,9.1102,173.572,343.08,710.0,72.3863,32.995,45.72,9.587,4.228,12.304,45.72,25.572,14.9044,0.1788,0.1287,0.1312,0.1287,0.2094,0.1312,0.1983,0.1245,540.0,279.4,363.4,84.5925,85.14,85.3275,82.2375,83.4525,82.0725,43.1464,520.2,520.0,20.3594,517.52,488.96,13.9155
86.8,57.6375,3.9812,57.525,286.695,358.3378,572.05,2.6002,4.575,173.637,343.08,72.2843,709.92,19.4496,600.06,600.06,9.9845,66.2214,76.7792,2.6002,4.575,11.1259,15.7343,9.1108,173.642,343.08,710.0,72.3856,32.995,45.642,9.588,4.214,12.304,45.642,25.528,14.9044,0.1786,0.1287,0.1313,0.1287,0.2096,0.1312,0.1984,0.1245,540.0,279.4,363.4,84.6075,85.095,85.35,82.2525,83.475,82.11,43.1493,520.17,520.0,20.3594,517.52,488.96,13.9141
86.875,57.5625,4.3219,57.6,287.0775,358.51,571.45,2.6002,4.575,173.6505,343.08,72.2844,709.92,19.4524,599.82,599.82,9.9846,66.2221,76.7797,2.6,4.5725,11.1259,15.7343,9.1102,173.642,343.08,709.92,72.385,32.995,45.48,9.59,4.2,12.304,45.48,25.4895,14.9044,0.1786,0.1288,0.1313,0.1287,0.2098,0.1313,0.1985,0.1246,540.0,279.4,363.4,84.6,85.08,85.3275,82.215,83.4825,82.065,43.1524,520.14,520.0,20.3594,517.52,488.96,13.9128
86.025,57.525,4.5469,57.6,287.3925,358.1312,571.6,2.6,4.5725,173.5155,343.05,72.2852,709.84,19.4539,599.76,599.76,9.9848,66.2223,76.7827,2.5992,4.5675,11.1266,15.7348,9.1096,173.516,343.05,709.92,72.3844,32.995,45.276,9.593,4.193,12.304,45.276,25.429,14.9044,0.1786,0.1289,0.1314,0.1288,0.2099,0.1314,0.1987,0.1247,539.96,279.4,363.35,84.5925,85.0425,85.3425,82.17,83.4525,82.095,43.1556,520.11,520.0,20.3742,517.52,488.96,13.9114
86.425,57.5625,4.4484,57.525,286.5825,358.0967,571.5,2.599,4.565,173.637,343.02,72.2861,709.76,19.4541,599.82,599.7,9.9857,66.2224,76.7845,2.599,4.565,11.1267,15.735,9.1086,173.642,343.02,709.76,72.3838,32.995,44.832,9.602,4.179,12.304,45.078,25.2365,14.9044,0.1786,0.129,0.1316,0.1291,0.2104,0.1316,0.1991,0.1249,539.8,279.4,363.35,84.6375,85.05,85.32,82.125,83.445,82.095,43.1664,520.02,520.0,20.3747,517.52,488.96,13.9101
86.425,57.5625,4.4484,57.525,286.5825,358.0967,571.5,2.599,4.565,173.637,343.02,72.2852,709.92,19.4564,599.7,599.7,9.9861,66.2226,76.7842,2.5994,4.5625,11.1268,15.735,9.1086,173.642,343.02,709.76,72.3831,32.995,44.832,9.602,4.179,12.304,44.832,25.2365,14.9044,0.1786,0.129,0.1316,0.1291,0.2104,0.1316,0.1991,0.1249,539.8,279.4,363.35,84.6375,85.05,85.32,82.125,83.445,82.095,43.1776,519.93,520.0,20.3751,517.52,488.96,13.9088
86.475,57.5625,3.8844,57.5625,287.325,358.5789,571.25,2.5994,4.5625,173.043,342.99,72.2853,709.92,19.4584,599.64,599.64,9.9858,66.2228,76.7842,2.5996,4.565,11.1269,15.7355,9.1086,173.04,342.99,709.92,72.3825,32.995,44.634,9.608,4.165,12.304,44.634,25.1155,14.9044,0.1784,0.1292,0.1317,0.1292,0.2105,0.1317,0.1993,0.125,539.72,279.4,363.35,84.6225,85.005,85.2825,82.1175,83.46,82.0575,43.1892,519.84,520.0,20.3755,517.52,488.96,13.9074
86.625,57.6,4.1016,57.6,286.8525,357.7868,571.3,2.6,4.57,173.7045,343.02,72.2842,710.08,19.4569,599.88,600.18,9.9852,66.2229,76.7832,2.6,4.57,11.127,15.7333,9.1102,173.698,343.05,710.08,72.3819,32.995,45.672,9.609,4.09,12.304,45.258,25.1265,14.9044,0.1769,0.1287,0.1314,0.1289,0.2095,0.1314,0.1983,0.1247,539.6,279.35,363.35,84.5775,85.0575,85.2825,82.185,83.415,82.095,43.1898,519.84,520.0,20.3759,517.52,488.96,13.9061
86.625,57.6,4.1016,57.6,286.8525,357.7868,571.3,2.6,4.57,173.7045,343.05,72.2834,710.16,19.4536,600.18,600.18,9.9844,66.2224,76.7825,2.6002,4.575,11.127,15.7325,9.1102,173.698,343.05,710.08,72.3306,32.99,45.672,9.609,4.09,12.304,45.672,25.1265,14.9044,0.1769,0.1287,0.1314,0.1289,0.2095,0.1314,0.1983,0.1247,539.6,279.35,363.35,84.5775,85.0575,85.2825,82.185,83.415,82.095,43.1867,519.87,520.0,20.3763,517.52,488.96,13.9048
86.575,57.5625,3.8969,57.6,286.9875,357.7868,571.4,2.6002,4.575,174.069,343.08,72.2826,710.24,19.4514,600.3,600.3,9.984,66.2223,76.7807,2.6006,4.58,11.1271,15.7318,9.1108,174.062,343.08,710.16,72.3294,32.99,45.924,9.602,4.05,12.304,45.924,25.3245,14.9044,0.177,0.1286,0.1313,0.1287,0.2094,0.1313,0.1981,0.1245,539.64,279.35,363.35,84.54,85.11,85.23,82.2525,83.3475,82.065,43.1835,519.9,520.0,20.3617,517.52,488.96,13.9034
86.575,57.5625,4.2453,57.6,287.3475,358.51,571.05,2.6008,4.5825,173.205,343.11,72.2834,710.08,19.4494,600.36,600.3,9.9845,66.2222,76.7792,2.6008,4.5825,11.1272,15.7335,9.1118,173.208,343.14,710.08,72.3281,32.99,46.338,9.589,4.126,12.304,46.134,25.649,14.9044,0.1781,0.1284,0.131,0.1284,0.2088,0.131,0.1976,0.1242,539.8,279.35,363.3,84.4725,85.0275,85.2825,82.26,83.37,82.05,43.1726,519.99,520.0,20.3616,517.52,488.96,13.9021
86.575,57.5625,4.2453,57.6,287.3475,358.51,571.05,2.6008,4.5825,173.205,343.14,72.2827,710.16,19.4486,600.3,600.3,9.9836,66.2214,76.7775,2.601,4.5875,11.1273,15.7338,9.1118,173.208,343.14,710.08,72.3269,32.99,46.338,9.589,4.126,12.304,46.338,25.649,14.9044,0.1781,0.1284,0.131,0.1284,0.2088,0.131,0.1976,0.1242,539.8,279.35,363.3,84.4725,85.0275,85.2825,82.26,83.37,82.05,43.1539,520.14,520.0,20.3616,517.52,488.96,13.9008
86.725,57.6375,4.8125,57.5625,287.4375,358.51,571.45,2.6006,4.5875,173.259,343.14,72.2818,710.24,19.4466,600.36,600.24,9.9833,66.221,76.7777,2.6006,4.59,11.1273,15.734,9.1118,173.25,343.17,710.24,72.3256,32.99,46.602,9.583,4.181,12.304,46.518,25.8745,14.9044,0.1785,0.1284,0.1309,0.1283,0.2087,0.1309,0.1975,0.1241,539.92,279.35,363.3,84.5025,85.035,85.29,82.245,83.43,82.125,43.142,520.23,520.0,20.3615,517.52,488.96,13.8994
86.85,57.5625,4.3531,57.525,287.19,357.7179,571.8,2.6006,4.59,173.9205,343.17,72.2814,710.24,19.4466,600.24,600.24,9.983,66.2207,76.777,2.6006,4.59,11.1274,15.7343,9.1124,173.922,343.17,710.24,72.3244,32.99,46.668,9.572,4.245,12.304,46.602,25.9515,14.9044,0.1789,0.1283,0.1308,0.1282,0.2086,0.1307,0.1973,0.124,540.16,279.3,363.25,84.4725,85.0725,85.2825,82.26,83.4375,82.1175,43.1261,520.35,520.0,20.3614,517.52,488.96,13.8981
86.85,57.5625,4.3531,57.525,287.19,357.7179,571.8,2.6006,4.59,173.9205,343.17,72.2811,710.24,19.4456,600.24,600.24,9.9826,66.2203,76.7762,2.6006,4.59,11.1275,15.7345,9.1124,173.922,343.17,710.24,72.3738,32.995,46.668,9.572,4.245,12.304,46.668,25.9515,14.9044,0.1789,0.1283,0.1308,0.1282,0.2086,0.1307,0.1973,0.124,540.16,279.3,363.25,84.4725,85.0725,85.2825,82.26,83.4375,82.1175,43.1096,520.47,520.0,20.3613,517.52,488.96,13.8968
86.75,57.5625,4.6641,57.6,286.5375,357.9245,571.2,2.6006,4.59,173.745,343.17,72.2807,710.24,19.4446,600.24,600.24,9.9823,66.22,76.7755,2.6006,4.59,11.1276,15.7348,9.1124,173.74,343.17,710.24,72.3731,32.995,46.644,9.566,4.272,12.304,46.662,26.0285,14.9044,0.1791,0.1282,0.1307,0.1282,0.2086,0.1307,0.1973,0.124,540.4,279.3,363.25,84.5325,85.095,85.29,82.2525,83.4375,82.0725,43.0927,520.59,520.0,20.3612,517.52,488.96,13.8954
86.8,57.525,4.6375,57.5625,286.56,358.2345,571.3,2.6006,4.59,173.421,343.17,72.2803,710.24,19.4436,600.24,600.06,9.982,66.2197,76.7747,2.6006,4.59,11.1277,15.735,9.1124,173.418,343.17,710.24,72.4231,33.0,46.578,9.564,4.278,12.304,46.644,26.034,14.9044,0.1791,0.1283,0.1307,0.1282,0.2086,0.1307,0.1974,0.124,540.48,279.3,363.25,84.5025,85.095,85.2825,82.23,83.415,82.0875,43.0828,520.65,520.0,20.3612,517.55,488.96,13.8941
86.0,57.6,4.2781,57.525,286.56,358.0623,571.2,2.6006,4.59,174.258,343.17,72.2799,710.24,19.4449,600.06,600.06,9.9816,66.2193,76.774,2.6006,4.59,11.1277,15.7353,9.1124,174.258,343.17,710.24,72.4231,33.0,46.494,9.563,4.279,12.304,46.578,26.0285,14.9044,0.1792,0.1283,0.1308,0.1282,0.2088,0.1307,0.1975,0.124,540.56,279.3,363.2,84.4875,85.1025,85.2975,82.275,83.3925,82.0725,43.0689,520.74,520.0,20.3611,517.55,488.96,13.8928
86.15,57.5625,4.6828,57.6375,286.74,358.3034,571.75,2.6006,4.59,174.096,343.17,72.2796,710.24,19.4446,600.06,600.0,9.982,66.219,76.7732,2.6006,4.59,11.1278,15.7355,9.1118,174.09,343.17,710.24,72.4231,33.0,46.332,9.563,4.277,12.304,46.494,26.001,14.9044,0.1791,0.1283,0.1308,0.1283,0.209,0.1308,0.1976,0.124,540.56,279.3,363.2,84.525,85.1325,85.2825,82.275,83.4225,82.05,43.0659,520.74,520.0,20.361,517.55,488.96,13.8914
86.65,57.6,3.9734,57.6,287.0325,358.1656,571.05,2.6,4.5875,173.8125,343.17,72.2811,710.0,19.4451,600.0,599.94,9.982,66.2194,76.7747,2.6,4.5875,11.1279,15.7333,9.1108,173.81,343.14,710.0,72.4738,33.005,46.134,9.565,4.273,12.304,46.332,25.957,14.9044,0.1791,0.1284,0.1309,0.1283,0.2091,0.1309,0.1979,0.1241,540.52,279.25,363.2,84.5625,85.17,85.305,82.3275,83.4075,82.0725,43.0667,520.71,520.0,20.3609,517.55,488.99,13.8901
86.65,57.6,3.9734,57.6,287.0325,358.1656,571.05,2.6,4.5875,173.8125,343.14,72.2811,710.0,19.4459,599.94,599.94,9.9819,66.2193,76.7755,2.5998,4.585,11.128,15.7325,9.1108,173.81,343.14,710.0,72.4744,33.005,46.134,9.565,4.273,12.304,46.134,25.957,14.9044,0.1791,0.1284,0.1309,0.1283,0.2091,0.1309,0.1979,0.1241,540.52,279.25,363.2,84.5625,85.17,85.305,82.3275,83.4075,82.0725,43.0676,520.68,520.0,20.3609,517.55,488.99,13.8888
86.65,57.6,4.1969,57.5625,287.055,357.7868,572.0,2.5996,4.58,173.2725,343.14,72.2804,710.08,19.4476,599.82,599.94,9.9818,66.22,76.7765,2.5996,4.58,11.128,15.7343,9.1096,173.278,343.11,710.08,72.475,33.005,45.768,9.571,4.254,12.303,45.936,25.77,14.9044,0.1789,0.1286,0.1311,0.1285,0.2094,0.131,0.1982,0.1243,540.52,279.25,363.2,84.5625,85.185,85.305,82.2825,83.4225,82.1325,43.0648,520.68,520.0,20.3608,517.55,488.99,13.8874
86.475,57.5625,4.1016,57.525,287.19,358.0279,571.35,2.5998,4.5775,173.9745,343.11,72.2809,710.0,19.4469,599.94,599.82,9.9825,66.2202,76.7762,2.5998,4.5775,11.1281,15.7345,9.1096,173.978,343.08,710.0,72.5263,33.01,45.552,9.576,4.233,12.303,45.768,25.6655,14.9044,0.1787,0.1287,0.1312,0.1286,0.2097,0.1312,0.1984,0.1245,540.48,279.25,363.15,84.6,85.215,85.2525,82.2525,83.43,82.1025,43.0658,520.65,520.0,20.3607,517.55,488.99,13.8861
86.1,57.6,4.3312,57.6,286.7625,358.4067,571.3,2.5996,4.5725,173.4345,343.08,72.2816,709.92,19.4486,599.82,599.7,9.9826,66.2196,76.7772,2.5996,4.5725,11.1282,15.7348,9.1096,173.446,343.08,709.92,72.5275,33.01,45.21,9.581,4.21,12.303,45.552,25.55,14.9044,0.1787,0.1288,0.1313,0.1288,0.2099,0.1313,0.1988,0.1246,540.36,279.25,363.15,84.5925,85.2525,85.2225,82.275,83.3925,82.0575,43.0745,520.56,520.0,20.3606,517.55,488.99,13.8848
86.425,57.6,4.4078,57.5625,287.4375,358.0279,571.95,2.5992,4.5675,173.583,343.08,72.2823,709.84,19.4509,599.7,599.58,9.9828,66.2203,76.7792,2.5992,4.5675,11.1283,15.735,9.1091,173.586,343.02,709.84,72.5288,33.01,44.916,9.589,4.194,12.303,45.21,25.396,14.9044,0.1786,0.1289,0.1315,0.1289,0.2102,0.1314,0.1991,0.1248,540.28,279.25,363.15,84.63,85.275,85.2225,82.32,83.4075,82.065,43.0872,520.44,520.0,20.3606,517.55,488.99,13.8834
86.425,57.6,4.4078,57.5625,287.4375,358.0279,571.95,2.5992,4.5675,173.583,343.02,72.2832,709.76,19.4536,599.58,599.58,9.9837,66.2204,76.781,2.599,4.565,11.1284,15.7353,9.1091,173.586,343.02,709.84,72.53,33.01,44.916,9.589,4.194,12.303,44.916,25.396,14.9044,0.1786,0.1289,0.1315,0.1289,0.2102,0.1314,0.1991,0.1248,540.28,279.25,363.15,84.63,85.275,85.2225,82.32,83.4075,82.065,43.1005,520.32,520.0,20.3605,517.55,488.99,13.8821
86.25,57.5625,4.7203,57.6,286.5375,357.7179,571.6,2.5986,4.56,173.691,342.99,72.2842,709.68,19.4561,599.52,599.52,9.9841,66.2213,76.7837,2.5986,4.56,11.1284,15.733,9.108,173.698,342.96,709.68,72.4807,33.005,44.346,9.606,4.148,12.303,44.64,25.0715,14.9044,0.1781,0.1292,0.1318,0.1292,0.2109,0.1318,0.1997,0.1251,539.92,279.2,363.1,84.585,85.275,85.215,82.2525,83.415,82.0425,43.1255,520.11,520.0,20.3604,517.55,488.99,13.8808
86.95,57.525,4.0375,57.6,287.3475,358.0279,571.8,2.5986,4.5575,173.853,342.96,72.2847,709.68,19.4581,599.52,599.58,9.9845,66.2218,76.7855,2.5986,4.5575,11.1285,15.7323,9.1074,173.852,342.96,709.68,72.4813,33.005,44.388,9.615,4.116,12.304,44.346,24.912,14.9044,0.1776,0.1292,0.1319,0.1293,0.2109,0.1318,0.1996,0.1252,539.72,279.2,363.1,84.5925,85.215,85.2225,82.23,83.385,82.0725,43.1476,519.93,520.0,20.3603,517.55,488.99,13.8794
86.95,57.525,4.0375,57.6,287.3475,358.0279,571.8,2.5986,4.5575,173.853,342.96,72.2852,709.68,19.4594,599.58,599.58,9.985,66.2222,76.7857,2.599,4.5575,11.1286,15.7315,9.1074,173.852,342.96,709.68,72.4819,33.005,44.388,9.615,4.116,12.304,44.388,24.912,14.9044,0.1776,0.1292,0.1319,0.1293,0.2109,0.1318,0.1996,0.1252,539.72,279.2,363.1,84.585,85.155,85.245,82.245,83.43,82.0575,43.1704,519.75,520.0,20.3603,517.55,488.99,13.8781
86.275,57.5625,4.3016,57.525,287.28,358.3034,571.5,2.5998,4.56,174.015,342.96,72.2857,709.68,19.4596,599.7,599.88,9.9854,66.2226,76.784,2.5998,4.56,11.1287,15.7333,9.1091,174.02,342.96,709.68,72.4319,33.0,44.874,9.623,4.037,12.304,44.406,24.824,14.9044,0.1767,0.1291,0.1318,0.1292,0.2104,0.1318,0.1991,0.1251,539.4,279.2,363.1,84.6075,85.1925,85.23,82.215,83.4825,82.0875,43.1865,519.63,520.0,20.3602,517.55,488.99,13.8768
86.625,57.5625,4.0375,57.5625,286.965,358.1312,571.8,2.6,4.565,173.9745,342.96,72.2856,709.76,19.4586,599.88,600.0,9.985,66.2223,76.7835,2.6,4.565,11.1288,15.7335,9.1096,173.978,342.99,709.76,72.3813,32.995,45.168,9.619,4.007,12.304,44.874,24.9505,14.9044,0.1766,0.1289,0.1316,0.1291,0.2101,0.1316,0.1988,0.1249,539.32,279.2,363.1,84.615,85.14,85.185,82.2075,83.5125,82.11,43.1992,519.54,520.0,20.3601,517.55,488.99,13.8754
86.225,57.5625,3.9375,57.5625,287.1675,358.1656,571.3,2.5998,4.5675,173.583,342.99,72.2841,710.0,19.4576,600.0,600.06,9.9845,66.2224,76.7842,2.5998,4.5675,11.1288,15.7338,9.1096,173.586,343.02,710.0,72.3806,32.995,45.36,9.614,4.009,12.304,45.168,25.11,14.9044,0.177,0.1288,0.1315,0.1289,0.2098,0.1315,0.1987,0.1248,539.28,279.2,363.05,84.5625,85.17,85.245,82.2375,83.5125,82.125,43.2049,519.51,520.0,20.36,517.55,488.99,13.8741
86.575,57.5625,4.475,57.6,287.2125,358.2,571.75,2.6,4.5725,173.448,343.02,72.2835,710.08,19.4569,600.06,600.12,9.9844,66.2226,76.7837,2.6,4.5725,11.1289,15.734,9.1102,173.446,343.05,710.08,72.3294,32.99,45.516,9.61,4.053,12.304,45.36,25.242,14.9044,0.1776,0.1288,0.1314,0.1289,0.2097,0.1314,0.1985,0.1247,539.32,279.15,363.05,84.5925,85.185,85.26,82.215,83.46,82.1325,43.2031,519.54,520.0,20.3599,517.55,488.99,13.8728
86.05,57.6,4.1094,57.6,286.65,358.1656,571.6,2.6,4.5725,174.069,343.05,72.2833,710.08,19.4559,600.12,600.18,9.9843,66.222,76.7837,2.6,4.5725,11.129,15.7343,9.1108,174.076,343.08,710.08,72.3281,32.99,45.672,9.606,4.108,12.305,45.516,25.341,14.9044,0.1781,0.1287,0.1313,0.1288,0.2096,0.1313,0.1983,0.1246,539.36,279.15,363.05,84.5775,85.1475,85.2825,82.2225,83.5125,82.1475,43.1974,519.6,520.0,20.3599,517.55,488.99,13.8714
86.05,57.6,4.1094,57.6,286.65,358.1656,571.6,2.6,4.5725,174.069,343.08,72.2838,710.0,19.4547,600.18,600.18,9.9842,66.2219,76.783,2.6002,4.575,11.1291,15.7345,9.1108,174.076,343.08,710.08,72.3269,32.99,45.672,9.606,4.108,12.305,45.672,25.341,14.9044,0.1781,0.1287,0.1313,0.1288,0.2096,0.1313,0.1983,0.1246,539.36,279.15,363.05,84.6075,85.125,85.2825,82.26,83.4825,82.095,43.1953,519.63,520.0,20.3598,517.55,488.99,13.8701
86.65,57.5625,4.3594,57.525,286.785,358.0967,571.5,2.6004,4.5775,173.5965,343.08,72.2838,710.0,19.4532,600.24,600.12,9.9841,66.2218,76.782,2.6004,4.5775,11.1291,15.7348,9.1108,173.6,343.08,710.0,72.3256,32.99,45.906,9.598,4.177,12.305,45.774,25.5005,14.913,0.1785,0.1286,0.1312,0.1286,0.2093,0.1312,0.1981,0.1245,539.52,279.15,363.0,84.63,85.125,85.26,82.2525,83.5125,82.095,43.1817,519.75,520.0,20.3597,517.55,488.99,13.8688
86.9,57.6,4.1594,57.6375,287.46,358.4411,571.45,2.6004,4.58,173.8665,343.08,72.2838,710.0,19.4537,600.12,600.18,9.984,66.2218,76.7815,2.6004,4.58,11.1292,15.735,9.1108,173.866,343.11,710.0,72.3244,32.99,45.984,9.594,4.189,12.305,45.906,25.561,14.9132,0.1785,0.1286,0.1312,0.1286,0.2093,0.1311,0.198,0.1244,539.6,279.15,363.0,84.5925,85.155,85.29,82.2375,83.4975,82.125,43.1752,519.81,520.0,20.3596,517.55,488.96,13.8674
86.475,57.525,4.575,57.525,286.92,358.2689,571.7,2.6004,4.58,173.772,343.11,72.2832,710.08,19.4524,600.18,600.18,9.984,66.2217,76.781,2.6004,4.58,11.1293,15.7353,9.1113,173.768,343.11,710.08,72.3231,32.99,46.002,9.591,4.196,12.305,45.984,25.6105,14.9135,0.1786,0.1286,0.1311,0.1285,0.2092,0.1311,0.198,0.1244,539.68,279.15,363.0,84.5775,85.125,85.2975,82.275,83.535,82.0725,43.1685,519.87,520.0,20.3596,517.55,488.96,13.8661
86.25,57.6,4.7328,57.6,287.235,358.6133,571.2,2.6004,4.58,174.015,343.11,72.2831,710.08,19.4517,600.18,600.18,9.9839,66.2216,76.7805,2.6004,4.58,11.1294,15.7355,9.1113,174.006,343.11,710.08,72.3219,32.99,45.99,9.589,4.205,12.307,46.002,25.638,14.9052,0.1787,0.1286,0.1311,0.1285,0.2093,0.131,0.198,0.1244,539.76,279.1,363.0,84.6075,85.125,85.29,82.245,83.5725,82.08,43.1578,519.96,520.0,20.3595,517.55,488.96,13.8648
86.5,57.525,4.0172,57.5625,286.92,358.0623,571.95,2.6004,4.58,173.7045,343.11,72.283,710.08,19.4509,600.18,600.12,9.9838,66.2215,76.78,2.6004,4.58,11.1295,15.7333,9.1113,173.698,343.11,710.08,72.3206,32.99,45.924,9.588,4.214,12.307,45.99,25.638,14.9052,0.1788,0.1286,0.1311,0.1286,0.2093,0.1311,0.1981,0.1244,539.8,279.1,363.0,84.615,85.08,85.26,82.2225,83.5425,82.05,43.1542,519.99,520.0,20.3594,517.55,488.96,13.8634
86.175,57.6,4.3922,57.525,287.2125,358.0623,571.75,2.6004,4.5775,173.8935,343.11,72.2835,710.0,19.4509,600.12,600.12,9.9837,66.2214,76.7795,2.6004,4.5775,11.1295,15.7325,9.1108,173.894,343.11,710.0,72.3194,32.99,45.852,9.587,4.221,12.306,45.924,25.6215,14.9052,0.1788,0.1286,0.1312,0.1286,0.2094,0.1311,0.1982,0.1244,539.84,279.1,363.0,84.66,85.1175,85.2225,82.23,83.5725,82.095,43.1504,520.02,520.0,20.3593,517.55,488.96,13.8621
86.225,57.5625,4.5219,57.6,286.7625,358.0279,571.9,2.6004,4.5775,173.6235,343.11,72.2835,710.0,19.4504,600.12,600.06,9.9836,66.2213,76.779,2.6004,4.5775,11.1296,15.7318,9.1108,173.614,343.08,710.0,72.3688,32.995,45.75,9.588,4.223,12.305,45.852,25.5885,14.9052,0.1788,0.1287,0.1312,0.1286,0.2094,0.1311,0.1982,0.1245,539.84,279.1,362.95,84.69,85.1625,85.185,82.26,83.55,82.125,43.1466,520.05,520.0,20.3593,517.55,488.96,13.8608
86.2,57.6,4.0469,57.6375,287.2575,358.3723,571.45,2.5998,4.575,173.8395,343.08,72.2835,710.0,19.4507,600.06,600.06,9.9835,66.2213,76.7807,2.5998,4.575,11.1297,15.7335,9.1102,173.838,343.08,710.0,72.3681,32.995,45.648,9.589,4.22,12.305,45.75,25.55,14.9052,0.1788,0.1287,0.1312,0.1287,0.2096,0.1312,0.1983,0.1245,539.88,279.1,362.95,84.69,85.1475,85.1775,82.2825,83.5875,82.14,43.1426,520.08,520.0,20.3592,517.55,488.96,13.8594
86.775,57.5625,3.9531,57.5625,286.785,358.2345,571.85,2.5996,4.575,174.1635,343.08,72.2841,709.92,19.4504,600.06,600.0,9.9842,66.2212,76.7817,2.5996,4.575,11.1298,15.7338,9.1102,174.16,343.08,709.92,72.3675,32.995,45.528,9.591,4.211,12.305,45.648,25.495,14.9052,0.1787,0.1288,0.1313,0.1287,0.2098,0.1313,0.1984,0.1246,539.84,279.1,362.95,84.675,85.14,85.1925,82.2825,83.535,82.155,43.1461,520.05,520.0,20.3591,517.55,488.96,13.8581
86.575,57.525,4.0828,57.6,287.19,357.6835,571.2,2.5994,4.5725,174.258,343.08,72.2842,709.92,19.4509,600.0,599.88,9.9844,66.2218,76.783,2.5994,4.5725,11.1298,15.734,9.1096,174.258,343.05,709.92,72.3669,32.995,45.27,9.593,4.201,12.305,45.528,25.44,14.9052,0.1787,0.1289,0.1314,0.1288,0.21,0.1314,0.1987,0.1247,539.8,279.05,362.95,84.6225,85.1025,85.1775,82.2825,83.535,82.1775,43.1496,520.02,520.0,20.359,517.55,488.96,13.8567
86.05,57.6,4.3547,57.6,287.37,358.4411,571.95,2.5998,4.5675,173.934,343.05,72.285,709.84,19.4524,599.88,599.76,9.9845,66.222,76.7822,2.5998,4.5675,11.1299,15.7343,9.1091,173.936,343.02,709.84,72.3662,32.995,44.928,9.598,4.195,12.305,45.27,25.3355,14.9052,0.1788,0.129,0.1315,0.129,0.2103,0.1315,0.1991,0.1248,539.72,279.05,362.9,84.66,85.1175,85.1775,82.2525,83.505,82.1775,43.1608,519.93,520.0,20.359,517.55,488.96,13.8554
86.375,57.5625,4.2625,57.6,286.695,357.8557,571.65,2.5994,4.5625,172.8675,343.02,72.2858,709.76,19.4544,599.76,599.64,9.9855,66.2222,76.784,2.5994,4.5625,11.13,15.7345,9.1086,172.858,342.99,709.76,72.3656,32.995,44.622,9.605,4.189,12.304,44.928,25.187,14.9052,0.1787,0.1291,0.1317,0.1291,0.2105,0.1317,0.1993,0.125,539.6,279.05,362.9,84.615,85.1175,85.185,82.2225,83.475,82.14,43.1724,519.84,520.0,20.3739,517.55,488.96,13.8541
86.05,57.525,4.3547,57.6,287.145,357.8212,571.65,2.5998,4.5675,173.6235,342.99,72.2856,709.84,19.4569,599.64,600.0,9.9851,66.2223,76.7832,2.5998,4.5675,11.1301,15.7348,9.1096,173.628,343.02,709.84,72.365,32.995,45.468,9.612,4.173,12.304,44.622,25.0275,14.9052,0.1777,0.1289,0.1315,0.129,0.2098,0.1315,0.1985,0.1248,539.56,279.05,362.9,84.6525,85.125,85.23,82.245,83.4375,82.125,43.1805,519.78,520.0,20.3743,517.55,488.96,13.8527
86.7,57.6,4.725,57.6,287.3475,358.4067,571.35,2.6002,4.575,174.0555,343.02,72.284,710.08,19.4539,600.0,600.3,9.9838,66.2218,76.782,2.6002,4.575,11.127,15.735,9.1108,174.062,343.08,710.08,72.3644,32.995,45.996,9.604,4.102,12.304,45.468,25.2035,14.8966,0.1767,0.1286,0.1313,0.1287,0.2093,0.1313,0.198,0.1245,539.56,279.05,362.9,84.6375,85.1175,85.2675,82.26,83.445,82.155,43.1814,519.78,520.0,20.3747,517.52,488.96,13.8514
86.5,57.5625,4.0547,57.6,286.92,358.51,571.1,2.6006,4.5825,174.393,343.08,72.2826,710.24,19.4502,600.3,600.42,9.9835,66.2217,76.7802,2.6006,4.5825,11.1259,15.7353,9.1118,174.384,343.11,710.24,72.3131,32.99,46.254,9.595,4.046,12.304,45.996,25.4565,14.8963,0.1768,0.1284,0.1311,0.1285,0.209,0.131,0.1977,0.1243,539.6,279.05,362.9,84.5925,85.14,85.29,82.3125,83.445,82.185,43.1748,519.84,520.0,20.3752,517.52,488.96,13.8501
86.05,57.5625,4.0766,57.525,287.1225,358.3723,571.3,2.6008,4.585,173.5695,343.11,72.2828,710.16,19.4474,600.42,600.36,9.9831,66.2208,76.7787,2.6008,4.585,11.1278,15.733,9.1124,173.558,343.14,710.16,72.3119,32.99,46.47,9.587,4.069,12.304,46.254,25.6655,14.896,0.1775,0.1283,0.1309,0.1284,0.2087,0.1309,0.1975,0.1242,539.68,279.05,362.85,84.63,85.14,85.335,82.32,83.475,82.155,43.1679,519.9,520.0,20.3605,517.52,488.96,13.8487
86.35,57.5625,4.3688,57.5625,287.46,357.8212,571.7,2.601,4.59,173.961,343.14,72.282,710.24,19.4464,600.36,600.24,9.9828,66.2205,76.777,2.601,4.59,11.1279,15.7323,9.1124,173.964,343.17,710.24,72.3106,32.99,46.668,9.58,4.14,12.302,46.47,25.836,14.9044,0.1783,0.1282,0.1308,0.1283,0.2086,0.1308,0.1973,0.124,539.84,279.0,362.85,84.675,85.1475,85.335,82.2675,83.505,82.1775,43.1533,520.02,520.0,20.3605,517.52,488.96,13.8474
86.6,57.5625,4.7,57.525,286.83,357.9245,571.8,2.6008,4.5925,173.1645,343.17,72.2816,710.24,19.4464,600.24,600.3,9.9825,66.2202,76.7765,2.6008,4.5925,11.128,15.734,9.1124,173.166,343.2,710.24,72.3094,32.99,46.788,9.572,4.208,12.302,46.668,25.957,14.9044,0.1788,0.1282,0.1307,0.1282,0.2083,0.1307,0.1972,0.1239,539.96,279.0,362.85,84.6975,85.155,85.3575,82.2375,83.4525,82.1325,43.1382,520.14,520.0,20.3604,517.52,488.96,13.8461
86.575,57.6,4.0094,57.6,286.8975,357.9934,571.4,2.6008,4.5925,173.1915,343.2,72.2806,710.32,19.4447,600.3,600.36,9.9821,66.2198,76.7755,2.6008,4.5925,11.1281,15.7343,9.1129,173.194,343.2,710.32,72.3081,32.99,46.89,9.567,4.253,12.303,46.788,26.0505,14.9044,0.179,0.1282,0.1307,0.1281,0.2082,0.1306,0.1971,0.1239,540.12,279.0,362.85,84.7125,85.1025,85.3125,82.275,83.4375,82.125,43.1151,520.32,520.0,20.3603,517.52,488.96,13.8447
86.65,57.5625,4.5234,57.5625,286.965,357.9934,571.95,2.601,4.595,173.934,343.2,72.2801,710.32,19.4427,600.36,600.36,9.9818,66.2195,76.7737,2.601,4.595,11.1281,15.7345,9.1129,173.936,343.2,710.32,72.3575,32.995,46.938,9.562,4.277,12.303,46.89,26.111,14.9044,0.1791,0.1281,0.1306,0.128,0.2083,0.1306,0.197,0.1239,540.32,279.0,362.85,84.69,85.08,85.3275,82.2375,83.43,82.08,43.0912,520.5,520.0,20.3602,517.55,488.96,13.8434
86.975,57.5625,4.1453,57.5625,286.8525,358.4756,572.0,2.601,4.595,174.096,343.2,72.2796,710.32,19.4412,600.36,600.18,9.9815,66.2192,76.7725,2.601,4.595,11.1282,15.7348,9.1124,174.09,343.2,710.32,72.3569,32.995,46.908,9.558,4.288,12.303,46.938,26.1495,14.9044,0.1792,0.1281,0.1306,0.128,0.2083,0.1306,0.1971,0.1238,540.44,279.0,362.85,84.675,85.08,85.3575,82.26,83.43,82.0275,43.0742,520.62,520.0,20.3602,517.55,488.96,13.8421
86.95,57.525,4.2312,57.525,287.1675,358.1656,571.75,2.601,4.595,174.2985,343.2,72.2791,710.32,19.4419,600.18,600.18,9.9811,66.2188,76.7712,2.601,4.595,11.1283,15.735,9.1124,174.3,343.2,710.32,72.4069,33.0,46.8,9.556,4.297,12.303,46.908,26.1825,14.9044,0.1793,0.1281,0.1306,0.128,0.2085,0.1306,0.1972,0.1238,540.52,279.0,362.8,84.615,85.125,85.3575,82.2375,83.4,82.005,43.0642,520.68,520.0,20.3601,517.55,488.96,13.8407
86.175,57.5625,3.9641,57.525,287.19,358.4411,571.65,2.6004,4.595,174.0555,343.2,72.2798,710.16,19.4412,600.18,600.12,9.9808,66.2185,76.7722,2.6004,4.595,11.1284,15.7353,9.1118,174.062,343.2,710.16,72.4069,33.0,46.638,9.555,4.305,12.303,46.8,26.1715,14.9044,0.1794,0.1282,0.1306,0.1281,0.2086,0.1306,0.1973,0.1239,540.56,278.95,362.8,84.5775,85.08,85.3875,82.215,83.3925,82.0275,43.0577,520.71,520.0,20.36,517.55,488.96,13.8394
86.325,57.6,4.7984,57.5625,287.3025,357.7523,571.85,2.6002,4.5925,174.204,343.2,72.2802,710.08,19.4412,600.12,600.0,9.9805,66.2189,76.7725,2.6002,4.5925,11.1284,15.7355,9.1113,174.202,343.2,710.08,72.4575,33.005,46.434,9.556,4.307,12.303,46.638,26.122,14.9044,0.1794,0.1283,0.1307,0.1282,0.2088,0.1307,0.1975,0.124,540.56,278.95,362.8,84.5325,85.0425,85.38,82.2525,83.3925,82.02,43.051,520.74,520.0,20.3599,517.55,488.99,13.8381
86.575,57.525,4.7125,57.6,286.65,357.649,571.45,2.6,4.5875,173.2455,343.2,72.2801,710.08,19.4422,600.0,599.94,9.9809,66.2188,76.773,2.6,4.5875,11.1285,15.7333,9.1108,173.25,343.17,710.08,72.4581,33.005,46.194,9.558,4.302,12.303,46.434,26.045,14.9044,0.1793,0.1283,0.1308,0.1283,0.209,0.1308,0.1978,0.1241,540.56,278.95,362.8,84.5175,85.05,85.365,82.2975,83.4,82.035,43.048,520.74,520.0,20.3599,517.55,488.99,13.8367
86.875,57.525,3.8484,57.5625,287.0775,358.2,571.95,2.5998,4.585,173.6775,343.17,72.2806,710.0,19.4429,599.94,599.88,9.9808,66.2188,76.7737,2.5998,4.585,11.1286,15.7325,9.1102,173.67,343.14,710.0,72.5094,33.01,45.99,9.562,4.288,12.303,46.194,25.935,14.9044,0.1792,0.1284,0.1309,0.1284,0.2092,0.1309,0.198,0.1242,540.56,278.95,362.75,84.57,85.005,85.3425,82.3425,83.445,82.0125,43.0451,520.74,520.0,20.3598,517.55,488.99,13.8354
86.575,57.6,3.9891,57.525,287.235,357.9245,571.7,2.5996,4.5825,173.124,343.14,72.28,710.08,19.4439,599.88,599.76,9.9807,66.2194,76.7747,2.5996,4.5825,11.1287,15.7343,9.1096,173.124,343.11,710.08,72.5106,33.01,45.762,9.567,4.266,12.303,45.99,25.814,14.9044,0.1789,0.1285,0.1311,0.1285,0.2094,0.131,0.1982,0.1243,540.52,278.95,362.75,84.555,85.0575,85.29,82.3725,83.4525,82.0425,43.0458,520.71,520.0,20.3597,517.55,488.99,13.8341
86.325,57.6,4.3609,57.525,287.415,358.2,571.35,2.5994,4.5775,173.718,343.11,72.2805,710.0,19.4459,599.76,599.7,9.9814,66.2196,76.776,2.5994,4.5775,11.1288,15.7345,9.1091,173.712,343.11,710.0,72.5119,33.01,45.528,9.573,4.24,12.303,45.762,25.693,14.9044,0.1787,0.1287,0.1312,0.1286,0.2097,0.1311,0.1984,0.1244,540.52,278.95,362.75,84.54,85.0575,85.335,82.365,83.4225,82.0425,43.0467,520.68,520.0,20.3596,517.55,488.99,13.8327
86.5,57.525,4.3,57.5625,287.415,357.8901,571.7,2.599,4.5725,173.8395,343.11,72.2823,709.76,19.4477,599.7,599.7,9.9815,66.2197,76.7782,2.599,4.5725,11.1288,15.7348,9.1086,173.838,343.08,709.76,72.5131,33.01,45.198,9.579,4.213,12.303,45.528,25.5555,14.9044,0.1786,0.1288,0.1313,0.1288,0.21,0.1313,0.1988,0.1246,540.4,278.95,362.75,84.5325,85.0875,85.3575,82.32,83.475,82.035,43.0552,520.59,520.0,20.3596,517.58,488.99,13.8314
86.2,57.5625,4.2016,57.5625,286.6725,358.1656,571.3,2.5992,4.5675,173.2725,343.08,72.2821,709.84,19.4489,599.7,599.58,9.9825,66.2207,76.7787,2.5992,4.5675,11.1289,15.735,9.1086,173.278,343.02,709.84,72.5144,33.01,44.832,9.587,4.191,12.303,45.198,25.4015,14.9044,0.1785,0.129,0.1315,0.1289,0.2103,0.1314,0.1991,0.1248,540.28,278.9,362.75,84.5025,85.1325,85.32,82.275,83.475,82.02,43.0716,520.44,520.0,20.3595,517.58,488.99,13.8301
86.325,57.6,4.475,57.6,286.8975,358.3723,571.9,2.599,4.565,174.042,343.02,72.283,709.76,19.4517,599.58,599.58,9.9829,66.2211,76.7805,2.599,4.565,11.129,15.7353,9.108,174.034,343.02,709.76,72.5156,33.01,44.79,9.597,4.171,12.303,44.832,25.2145,14.9044,0.1782,0.129,0.1316,0.1291,0.2105,0.1316,0.1992,0.1249,540.12,278.9,362.7,84.54,85.1175,85.3125,82.275,83.475,81.9975,43.0849,520.32,520.0,20.3594,517.58,488.99,13.8287
86.075,57.525,3.9875,57.6,287.3925,358.4067,571.7,2.5988,4.5625,173.718,343.02,72.2833,709.76,19.4534,599.58,599.64,9.9833,66.2207,76.7825,2.5988,4.5625,11.1291,15.733,9.108,173.712,342.99,709.76,72.5169,33.01,44.628,9.603,4.133,12.303,44.79,25.11,14.9044,0.1778,0.1291,0.1317,0.1292,0.2106,0.1317,0.1993,0.125,539.92,278.9,362.7,84.5625,85.155,85.2675,82.2375,83.4825,81.9525,43.1061,520.14,520.0,20.3593,517.58,488.99,13.8274
86.95,57.5625,4.7469,57.6,286.605,358.1312,571.65,2.5992,4.56,173.8665,342.99,72.2843,709.68,19.4544,599.64,599.58,9.9837,66.2217,76.7825,2.5992,4.56,11.1291,15.7323,9.108,173.866,342.99,709.68,72.5181,33.01,44.496,9.609,4.096,12.303,44.628,25.022,14.9044,0.1776,0.1291,0.1318,0.1292,0.2107,0.1318,0.1995,0.1251,539.76,278.9,362.7,84.585,85.1175,85.26,82.2075,83.4825,81.9825,43.1281,519.96,520.0,20.3592,517.58,488.99,13.8261
86.4,57.6,3.9453,57.525,286.92,357.8901,571.45,2.599,4.5575,173.7585,342.99,72.2848,709.68,19.4567,599.58,599.58,9.9841,66.2221,76.7842,2.599,4.5575,11.1292,15.7315,9.108,173.768,342.96,709.68,72.4688,33.005,44.37,9.615,4.072,12.303,44.496,24.934,14.9044,0.1775,0.1292,0.1319,0.1293,0.2109,0.1318,0.1996,0.1252,539.6,278.9,362.7,84.6,85.14,85.26,82.2,83.4675,81.99,43.1471,519.81,520.0,20.3592,517.58,488.99,13.8247
86.375,57.5625,4.5391,57.6375,286.695,358.5789,571.95,2.599,4.5575,173.637,342.96,72.286,709.6,19.4584,599.58,599.7,9.9845,66.2225,76.7855,2.599,4.5575,11.1293,15.7333,9.108,173.628,342.96,709.6,72.4694,33.005,44.34,9.621,4.061,12.304,44.37,24.8515,14.9044,0.1775,0.1293,0.1319,0.1294,0.2109,0.1319,0.1997,0.1252,539.44,278.85,362.65,84.6375,85.14,85.2975,82.1775,83.4375,82.035,43.1704,519.63,520.0,20.3591,517.58,488.99,13.8234
86.425,57.5625,4.6937,57.6,287.145,358.5789,571.45,2.599,4.5575,172.908,342.96,72.286,709.68,19.4587,599.7,599.76,9.985,66.2229,76.7867,2.599,4.5575,11.1294,15.7335,9.108,172.914,342.96,709.68,72.4194,33.0,44.544,9.625,4.054,12.304,44.34,24.8075,14.9044,0.1772,0.1292,0.1319,0.1293,0.2106,0.1318,0.1995,0.1252,539.28,278.85,362.65,84.66,85.155,85.26,82.1475,83.445,82.065,43.1869,519.51,520.0,20.359,517.55,488.99,13.8221
86.4,57.525,4.6453,57.5625,286.6275,358.4411,571.1,2.5996,4.565,174.177,342.96,72.2858,709.76,19.4592,599.76,600.12,9.9846,66.2226,76.7857,2.5996,4.565,11.1295,15.7338,9.1091,174.174,342.99,709.76,72.3688,32.995,45.42,9.625,4.039,12.304,44.544,24.846,14.9044,0.1766,0.1289,0.1316,0.1291,0.2098,0.1316,0.1986,0.1249,539.24,278.85,362.65,84.615,85.1925,85.2225,82.125,83.445,82.1025,43.1964,519.45,520.0,20.374,517.55,488.99,13.8207
86.225,57.6,4.75,57.6,286.56,358.1656,571.2,2.6006,4.575,173.961,342.99,72.2837,710.08,19.4557,600.12,600.3,9.984,66.222,76.7825,2.6006,4.575,11.1295,15.734,9.1108,173.964,343.05,710.08,72.3681,32.995,45.936,9.614,4.008,12.304,45.42,25.1265,14.9044,0.1763,0.1286,0.1314,0.1288,0.2094,0.1314,0.1981,0.1246,539.24,278.85,362.65,84.6525,85.215,85.2675,82.14,83.415,82.11,43.1986,519.45,520.0,20.3744,517.55,488.99,13.8194
86.85,57.6,3.8859,57.6,287.0325,357.9934,571.65,2.6012,4.5825,173.5965,343.05,72.2823,710.24,19.4529,600.3,600.48,9.984,66.2219,76.7795,2.6012,4.5825,11.1296,15.7343,9.1118,173.6,343.11,710.24,72.3169,32.99,46.41,9.603,4.012,12.305,45.936,25.4345,14.9044,0.1768,0.1284,0.1311,0.1285,0.2088,0.131,0.1976,0.1243,539.32,278.85,362.6,84.675,85.23,85.29,82.1775,83.4675,82.0725,43.1896,519.54,520.0,20.3748,517.55,488.99,13.8181
86.3,57.6,4.0187,57.5625,287.1675,358.0967,571.9,2.601,4.59,174.1905,343.11,72.282,710.24,19.4494,600.48,600.48,9.9831,66.2211,76.7787,2.601,4.59,11.1297,15.7345,9.1129,174.188,343.17,710.24,72.3156,32.99,46.836,9.59,4.071,12.305,46.41,25.715,14.913,0.1776,0.1282,0.1308,0.1283,0.2085,0.1308,0.1972,0.124,539.48,278.85,362.6,84.6525,85.2225,85.29,82.155,83.4375,82.02,43.1727,519.69,520.0,20.3602,517.55,488.99,13.8167
86.875,57.5625,4.6484,57.6,287.1225,358.0967,571.15,2.6014,4.595,173.1105,343.17,72.281,710.32,19.4474,600.48,600.6,9.9828,66.2208,76.776,2.6014,4.595,11.1298,15.7348,9.1135,173.11,343.2,710.32,72.3144,32.99,47.148,9.578,4.149,12.305,46.836,25.968,14.9132,0.1782,0.1281,0.1306,0.128,0.208,0.1306,0.1969,0.1238,539.64,278.85,362.6,84.6525,85.23,85.2825,82.1925,83.4,82.0425,43.1514,519.87,520.0,20.3601,517.55,488.99,13.8154
86.4,57.6,3.8812,57.525,287.4375,357.9245,571.4,2.6012,4.6,174.1905,343.2,72.2798,710.4,19.4439,600.6,600.54,9.9817,66.2197,76.775,2.6012,4.6,11.1299,15.735,9.1135,174.202,343.23,710.4,72.3131,32.99,47.418,9.567,4.219,12.305,47.148,26.1825,14.9135,0.1787,0.1279,0.1305,0.1279,0.2078,0.1304,0.1966,0.1237,539.92,278.8,362.6,84.6825,85.2,85.3275,82.1775,83.4225,82.02,43.1218,520.11,520.0,20.36,517.55,488.99,13.8141
86.95,57.6,4.3266,57.5625,286.7625,358.5444,571.1,2.6014,4.6025,173.745,343.23,72.2786,710.48,19.4422,600.54,600.6,9.9811,66.2191,76.7727,2.6014,4.6025,11.1299,15.7353,9.114,173.74,343.26,710.48,72.3119,32.99,47.538,9.556,4.269,12.307,47.418,26.3365,14.9052,0.1791,0.1279,0.1303,0.1278,0.2077,0.1303,0.1964,0.1236,540.12,278.8,362.6,84.6675,85.1625,85.365,82.2075,83.415,82.035,43.0951,520.32,520.0,20.36,517.55,488.99,13.8127
86.65,57.5625,4.2875,57.525,287.1,357.649,571.95,2.601,4.605,174.1635,343.26,72.2791,710.32,19.4392,600.6,600.42,9.9805,66.2193,76.7725,2.601,4.605,11.13,15.733,9.1129,174.16,343.26,710.32,72.3612,32.995,47.58,9.549,4.308,12.307,47.538,26.452,14.9052,0.1794,0.1278,0.1303,0.1277,0.2077,0.1302,0.1964,0.1235,540.36,278.8,362.6,84.7125,85.1625,85.4025,82.2075,83.4,82.035,43.0675,520.53,520.0,20.3599,517.55,488.99,13.8114
86.75,57.6,4.6406,57.5625,287.145,357.7179,571.7,2.6012,4.605,173.5155,343.26,72.2786,710.32,19.4389,600.42,600.3,9.98,66.2189,76.7705,2.6012,4.605,11.1301,15.7323,9.1135,173.516,343.29,710.32,72.4113,33.0,47.514,9.543,4.336,12.305,47.58,26.5125,14.9052,0.1796,0.1278,0.1302,0.1277,0.2077,0.1302,0.1965,0.1235,540.52,278.8,362.55,84.6675,85.1775,85.3425,82.185,83.4225,82.08,43.0466,520.68,520.0,20.3598,517.55,488.99,13.8101
86.525,57.525,4.0312,57.525,286.8975,357.8212,571.7,2.601,4.605,173.88,343.29,72.2781,710.32,19.4387,600.3,600.24,9.9794,66.2186,76.7697,2.601,4.605,11.1302,15.7315,9.1135,173.88,343.29,710.32,72.4113,33.0,47.418,9.539,4.357,12.305,47.514,26.54,14.9052,0.1797,0.1278,0.1303,0.1277,0.2078,0.1302,0.1966,0.1235,540.72,278.8,362.55,84.705,85.2075,85.335,82.1775,83.4,82.0875,43.0213,520.86,520.0,20.3597,517.55,488.99,13.8087
86.325,57.6375,4.2828,57.5625,286.695,358.3378,571.3,2.601,4.605,173.4345,343.29,72.2776,710.32,19.4382,600.24,600.18,9.9795,66.2183,76.7685,2.601,4.605,11.1271,15.7333,9.1129,173.432,343.26,710.32,72.4619,33.005,47.262,9.537,4.366,12.305,47.418,26.5235,14.9052,0.1798,0.1279,0.1303,0.1277,0.2079,0.1302,0.1967,0.1235,540.84,278.8,362.55,84.6675,85.1475,85.3125,82.215,83.4075,82.1025,43.0028,520.98,520.0,20.3597,517.58,488.99,13.8074
86.0,57.5625,4.2969,57.5625,287.055,357.7523,571.2,2.6008,4.6025,173.6775,343.26,72.2771,710.32,19.4379,600.18,600.12,9.9792,66.2179,76.768,2.6008,4.6025,11.1259,15.7335,9.1124,173.684,343.26,710.32,72.5131,33.01,47.07,9.536,4.365,12.305,47.262,26.4795,14.9052,0.1797,0.1279,0.1304,0.1278,0.2081,0.1303,0.1969,0.1236,540.96,278.75,362.55,84.675,85.1025,85.2675,82.2225,83.4525,82.1025,42.9838,521.1,520.0,20.3596,517.58,488.99,13.806
86.75,57.6,4.6766,57.5625,287.46,358.5444,571.65,2.6002,4.6,174.042,343.26,72.2772,710.24,19.4379,600.12,600.0,9.9796,66.2176,76.7692,2.6002,4.6,11.1248,15.7338,9.1118,174.034,343.23,710.24,72.565,33.015,46.836,9.538,4.357,12.304,47.07,26.4025,14.9052,0.1796,0.128,0.1304,0.1279,0.2084,0.1304,0.1971,0.1237,541.0,278.75,362.5,84.675,85.1025,85.3125,82.2225,83.4975,82.11,42.9718,521.16,520.0,20.3595,517.58,488.99,13.8047
86.65,57.5625,4.3031,57.6,286.83,358.3034,571.6,2.6,4.595,174.1635,343.23,72.2775,710.16,19.4389,600.0,599.94,9.9795,66.2172,76.7697,2.6,4.595,11.1267,15.734,9.1113,174.16,343.23,710.16,72.5669,33.015,46.542,9.541,4.342,12.304,46.836,26.309,14.8966,0.1795,0.1281,0.1306,0.128,0.2087,0.1306,0.1974,0.1238,541.0,278.75,362.5,84.6675,85.125,85.2675,82.185,83.475,82.1175,42.9671,521.16,520.0,20.3594,517.58,489.02,13.8034
86.45,57.5625,4.7672,57.5625,286.8975,358.3378,571.8,2.5996,4.5925,173.178,343.23,72.2778,710.08,19.4397,599.94,599.82,9.9802,66.2177,76.7712,2.5996,4.5925,11.1268,15.7343,9.1108,173.18,343.2,710.08,72.6194,33.02,46.206,9.546,4.325,12.304,46.542,26.177,14.8963,0.1794,0.1283,0.1307,0.1282,0.2089,0.1307,0.1978,0.124,540.96,278.75,362.5,84.6675,85.1025,85.2375,82.17,83.4975,82.1025,42.97,521.1,520.0,20.3594,517.58,489.02,13.802
86.95,57.6,3.9703,57.5625,287.37,358.0967,571.35,2.5994,4.5875,173.313,343.2,72.2783,710.0,19.4414,599.82,599.7,9.9804,66.2176,76.7725,2.5994,4.5875,11.1269,15.7345,9.1102,173.32,343.14,710.0,72.6219,33.02,45.912,9.552,4.303,12.304,46.206,26.0175,14.896,0.1792,0.1284,0.1309,0.1283,0.2092,0.1309,0.198,0.1241,540.92,278.75,362.5,84.6525,85.1175,85.2825,82.155,83.5425,82.0575,42.9693,521.07,520.0,20.3593,517.61,489.02,13.8007
86.525,57.5625,4.6141,57.525,286.605,358.0279,571.5,2.599,4.58,173.1915,343.14,72.279,709.92,19.4437,599.7,599.52,9.9805,66.2182,76.7747,2.599,4.58,11.127,15.7348,9.1091,173.18,343.11,709.92,72.675,33.025,45.546,9.56,4.272,12.301,45.912,25.847,14.8957,0.1789,0.1286,0.1311,0.1285,0.2096,0.131,0.1984,0.1243,540.84,278.75,362.5,84.69,85.155,85.29,82.14,83.58,82.02,42.9725,521.01,520.0,20.3592,517.61,489.02,13.7994
86.85,57.6,4.4391,57.6375,286.875,357.6835,571.95,2.5992,4.575,174.2175,343.11,72.2797,709.84,19.4472,599.52,599.58,9.9807,66.2184,76.7752,2.5992,4.575,11.127,15.735,9.1091,174.216,343.08,709.84,72.6781,33.025,45.168,9.569,4.237,12.301,45.546,25.66,14.9041,0.1787,0.1287,0.1313,0.1287,0.2101,0.1313,0.1988,0.1245,540.72,278.75,362.5,84.7125,85.17,85.32,82.155,83.5425,82.005,42.9834,520.89,520.0,20.3591,517.61,489.02,13.798
86.3,57.525,4.6594,57.525,286.83,358.0279,571.9,2.5988,4.5675,173.097,343.08,72.2812,709.68,19.4484,599.58,599.52,9.9816,66.2193,76.7777,2.5988,4.5675,11.1271,15.7353,9.108,173.096,343.02,709.68,72.6813,33.025,44.664,9.58,4.201,12.302,45.168,25.451,14.9041,0.1785,0.1289,0.1315,0.1289,0.2105,0.1314,0.1993,0.1248,540.52,278.7,362.45,84.7125,85.14,85.2825,82.2,83.55,82.02,43.0061,520.68,520.0,20.359,517.61,489.02,13.7967
86.85,57.6,4.5703,57.5625,287.4375,358.5789,571.9,2.5986,4.565,174.2715,343.02,72.2817,709.68,19.4509,599.52,599.52,9.982,66.2197,76.78,2.5986,4.565,11.1272,15.7355,9.1074,174.272,343.02,709.68,72.6338,33.02,44.748,9.593,4.168,12.303,44.664,25.209,14.9041,0.1779,0.129,0.1316,0.1291,0.2106,0.1316,0.1992,0.1249,540.32,278.7,362.45,84.735,85.1175,85.245,82.2,83.535,82.05,43.0259,520.5,520.0,20.359,517.61,489.05,13.7954
86.075,57.5625,4.5781,57.6,287.325,358.2,571.65,2.599,4.5625,174.015,343.02,72.2828,709.6,19.4529,599.52,599.52,9.9825,66.2202,76.7802,2.599,4.5625,11.1273,15.7333,9.1074,174.006,342.99,709.6,72.6363,33.02,44.622,9.598,4.111,12.303,44.748,25.11,14.9041,0.1773,0.129,0.1317,0.1291,0.2106,0.1317,0.1993,0.1249,540.08,278.7,362.45,84.705,85.0725,85.275,82.17,83.5125,81.9975,43.0539,520.26,520.0,20.3589,517.61,489.05,13.794
86.85,57.6,4.0125,57.5625,287.1,357.8212,572.0,2.5988,4.56,173.286,342.99,72.2828,709.68,19.4549,599.52,599.58,9.9829,66.2206,76.7822,2.5988,4.56,11.1274,15.7325,9.1074,173.278,342.99,709.68,72.5882,33.015,44.454,9.605,4.059,12.303,44.622,25.0385,14.9041,0.1771,0.1291,0.1318,0.1292,0.2107,0.1318,0.1995,0.125,539.84,278.7,362.45,84.72,85.0725,85.3125,82.2225,83.4825,82.035,43.0792,520.05,520.0,20.3588,517.61,489.05,13.7927
86.975,57.6,4.7562,57.6,286.9425,357.8901,571.5,2.5988,4.56,173.2725,342.99,72.2827,709.76,19.4562,599.58,599.64,9.9833,66.221,76.7837,2.5988,4.56,11.1274,15.7318,9.1074,173.264,342.99,709.76,72.59,33.015,44.658,9.612,4.038,12.303,44.454,24.9505,14.9041,0.1769,0.1291,0.1318,0.1292,0.2105,0.1318,0.1993,0.125,539.68,278.7,362.4,84.7125,85.0575,85.305,82.275,83.46,81.9975,43.0978,519.9,520.0,20.3587,517.61,489.05,13.7914
86.125,57.6,4.8406,57.5625,286.5825,358.4067,571.45,2.5994,4.5625,173.8665,342.99,72.2831,709.76,19.4572,599.64,599.88,9.9837,66.2207,76.783,2.5994,4.5625,11.1275,15.7335,9.1091,173.866,342.99,709.76,72.5413,33.01,44.838,9.613,4.024,12.303,44.658,24.9615,14.9041,0.1768,0.129,0.1317,0.1292,0.2104,0.1317,0.1992,0.125,539.56,278.65,362.4,84.6675,85.0125,85.26,82.26,83.5125,81.9825,43.1132,519.78,520.0,20.3587,517.61,489.05,13.79
86.3,57.6,4.6406,57.6,286.7175,357.959,571.85,2.5994,4.565,173.772,342.99,72.2835,709.76,19.4557,599.88,599.94,9.9834,66.2208,76.7837,2.5994,4.565,11.1276,15.7338,9.1091,173.782,342.99,709.76,72.4919,33.005,44.928,9.613,4.021,12.304,44.838,25.022,14.9041,0.177,0.129,0.1317,0.1291,0.2103,0.1316,0.1991,0.1249,539.44,278.65,362.4,84.6075,84.9825,85.2825,82.2825,83.4825,82.02,43.1291,519.66,520.0,20.3586,517.61,489.02,13.7887
86.65,57.5625,4.3844,57.6,286.74,358.3723,571.8,2.5996,4.565,173.6775,342.99,72.2838,709.76,19.4554,599.94,599.94,9.9835,66.221,76.7837,2.5996,4.565,11.1277,15.734,9.1091,173.684,343.02,709.76,72.4925,33.005,44.976,9.613,4.038,12.304,44.928,25.0825,14.9041,0.1773,0.129,0.1316,0.1291,0.2102,0.1316,0.199,0.1249,539.36,278.65,362.4,84.6225,85.02,85.2825,82.2825,83.5275,82.0425,43.138,519.6,520.0,20.3585,517.61,489.02,13.7874
86.025,57.5625,3.9891,57.6,286.965,358.0623,572.0,2.5996,4.565,173.4345,343.02,72.2842,709.76,19.4557,599.94,599.94,9.9837,66.2212,76.7842,2.5996,4.565,11.1277,15.7343,9.1091,173.432,343.02,709.76,72.4425,33.0,44.994,9.612,4.07,12.304,44.976,25.121,14.9041,0.1777,0.129,0.1316,0.1291,0.2102,0.1316,0.199,0.1249,539.32,278.65,362.35,84.6,85.02,85.275,82.245,83.535,82.05,43.1472,519.54,520.0,20.3584,517.61,489.02,13.786
86.875,57.525,3.9688,57.525,286.9425,358.3723,571.85,2.5996,4.565,173.5155,343.02,72.2846,709.76,19.4559,599.94,599.94,9.9839,66.2213,76.7847,2.5996,4.565,11.1278,15.7345,9.1091,173.516,343.02,709.76,72.4425,33.0,45.018,9.613,4.098,12.305,44.994,25.1375,14.9041,0.1779,0.129,0.1316,0.1291,0.2102,0.1316,0.199,0.1249,539.28,278.65,362.35,84.63,84.9975,85.2825,82.2,83.55,82.0275,43.1528,519.51,520.0,20.3584,517.58,489.02,13.7847
86.925,57.5625,4.125,57.6,287.1,358.3034,571.75,2.5996,4.565,173.5425,343.02,72.285,709.76,19.4562,599.94,599.94,9.984,66.2215,76.7852,2.5996,4.565,11.1279,15.7348,9.1091,173.544,343.02,709.76,72.4425,33.0,45.03,9.613,4.114,12.305,45.018,25.143,14.9127,0.178,0.129,0.1316,0.1291,0.2102,0.1316,0.199,0.1249,539.28,278.65,362.35,84.63,85.0575,85.245,82.2,83.5275,82.0575,43.1585,519.48,520.0,20.3583,517.58,489.02,13.7834
86.325,57.525,4.7141,57.525,286.7625,358.2,571.2,2.5996,4.565,173.7045,343.02,72.2853,709.76,19.4564,599.94,599.94,9.9842,66.2217,76.7857,2.5996,4.565,11.128,15.735,9.1091,173.698,343.02,709.76,72.3919,32.995,45.018,9.613,4.119,12.305,45.03,25.143,14.913,0.178,0.129,0.1316,0.1291,0.2102,0.1316,0.199,0.1249,539.24,278.65,362.35,84.6675,85.0125,85.2675,82.185,83.52,82.095,43.1644,519.45,520.0,20.3582,517.58,489.02,13.782
86.15,57.5625,3.8781,57.6,286.92,357.7868,571.15,2.5996,4.565,174.2175,343.02,72.2857,709.76,19.4567,599.94,599.94,9.9844,66.2218,76.7862,2.5996,4.565,11.1281,15.7353,9.1091,174.216,343.02,709.76,72.3913,32.995,44.964,9.614,4.12,12.307,45.018,25.132,14.9046,0.178,0.129,0.1316,0.1291,0.2103,0.1316,0.1991,0.1249,539.2,278.6,362.35,84.6225,85.0275,85.26,82.2075,83.5425,82.065,43.1704,519.42,520.0,20.3581,517.58,489.02,13.7807
86.15,57.5625,3.8781,57.6,286.92,357.7868,571.15,2.5996,4.565,174.2175,343.02,72.2861,709.76,19.4569,599.94,599.94,9.9845,66.222,76.7868,2.5996,4.565,11.1281,15.7355,9.1091,174.216,343.02,709.76,72.3906,32.995,44.964,9.614,4.12,12.307,44.964,25.132,14.9046,0.178,0.129,0.1316,0.1291,0.2103,0.1316,0.1991,0.1249,539.2,278.6,362.35,84.6225,85.0275,85.26,82.2075,83.5425,82.065,43.1802,519.36,520.0,20.3581,517.58,489.02,13.7794
86.675,57.6375,4.1719,57.5625,287.3025,358.3378,571.75,2.6,4.5625,174.231,343.02,72.2852,709.92,19.4572,599.94,599.88,9.9855,66.2222,76.7858,2.6,4.5625,11.1282,15.7333,9.1096,174.23,342.99,709.92,72.39,32.995,44.802,9.615,4.12,12.307,44.964,25.1045,14.9046,0.1781,0.1291,0.1317,0.1292,0.2105,0.1317,0.1992,0.125,539.12,278.6,362.3,84.615,84.9975,85.29,82.2075,83.49,82.1025,43.1828,519.36,520.0,20.373,517.58,489.02,13.778
86.5,57.525,4.3234,57.525,287.3025,357.959,572.0,2.5998,4.56,173.232,342.99,72.2859,709.84,19.4582,599.88,599.76,9.9859,66.2231,76.7865,2.5998,4.56,11.1283,15.7325,9.1091,173.236,342.99,709.84,72.3894,32.995,44.592,9.619,4.125,12.305,44.802,25.0495,14.9132,0.1783,0.1292,0.1318,0.1292,0.2106,0.1318,0.1994,0.1251,539.04,278.6,362.3,84.57,84.9675,85.26,82.2,83.535,82.0725,43.1967,519.27,520.0,20.3734,517.58,489.02,13.7767
86.8,57.6,3.9828,57.6,287.055,358.1312,572.0,2.5998,4.5625,174.177,342.99,72.2856,709.92,19.4602,599.76,599.94,9.9855,66.2228,76.7868,2.5998,4.5625,11.1284,15.7318,9.1096,174.174,342.99,709.92,72.3381,32.99,45.066,9.623,4.127,12.306,44.592,24.956,14.9135,0.1778,0.1291,0.1317,0.1292,0.2102,0.1317,0.199,0.125,539.0,278.6,362.3,84.6,84.9375,85.23,82.23,83.5725,82.0275,43.2034,519.24,520.0,20.3738,517.58,489.02,13.7754
86.3,57.5625,4.3703,57.5625,286.785,358.6133,571.2,2.6002,4.5675,174.1095,342.99,72.2851,710.0,19.4589,599.94,600.24,9.985,66.2229,76.7855,2.6002,4.5675,11.1284,15.7335,9.1102,174.104,343.02,710.0,72.3369,32.99,45.348,9.615,4.071,12.306,45.066,25.165,14.9138,0.1775,0.1289,0.1315,0.129,0.2099,0.1315,0.1987,0.1248,539.0,278.6,362.25,84.5775,85.005,85.23,82.2525,83.5425,82.0875,43.2102,519.21,520.0,20.3743,517.55,488.99,13.774
86.525,57.6,4.1453,57.525,286.7625,358.2689,572.0,2.6002,4.5675,174.2985,343.02,72.2851,710.0,19.4554,600.24,600.18,9.9849,66.2231,76.7852,2.6002,4.5675,11.1285,15.7338,9.1102,174.3,343.02,710.0,72.285,32.985,45.306,9.612,4.085,12.308,45.348,25.231,14.9055,0.1779,0.1289,0.1315,0.1289,0.21,0.1314,0.1987,0.1248,539.0,278.55,362.25,84.6,84.99,85.275,82.2675,83.55,82.0425,43.2096,519.24,520.0,20.3747,517.55,488.99,13.7727
86.025,57.525,4.4344,57.6,286.6725,357.959,571.9,2.6002,4.5675,174.0285,343.02,72.2851,710.0,19.4552,600.18,600.0,9.9848,66.2233,76.785,2.6002,4.5675,11.1286,15.734,9.1102,174.034,343.02,710.0,72.2832,32.985,45.138,9.611,4.123,12.308,45.306,25.242,14.9055,0.1785,0.129,0.1315,0.129,0.2102,0.1315,0.1989,0.1248,539.0,278.55,362.25,84.585,85.0275,85.2525,82.2525,83.5275,82.0575,43.2127,519.24,520.0,20.3751,517.55,488.99,13.7714
86.975,57.6,3.8891,57.6,286.785,357.7868,571.2,2.6,4.565,173.016,343.02,72.2857,709.92,19.4567,600.0,599.94,9.9855,66.2234,76.7855,2.6,4.565,11.1287,15.7343,9.1096,173.026,343.02,709.92,72.2813,32.985,44.94,9.613,4.161,12.307,45.138,25.187,14.9055,0.1788,0.1291,0.1316,0.1291,0.2102,0.1316,0.1991,0.1249,539.0,278.55,362.25,84.615,85.035,85.26,82.23,83.5275,82.0575,43.2158,519.24,520.0,20.3755,517.55,488.99,13.77
86.35,57.5625,3.9187,57.6,287.145,357.7523,571.45,2.6002,4.5675,174.15,343.02,72.2852,710.0,19.4574,599.94,600.06,9.9856,66.2236,76.7848,2.6002,4.5675,11.1288,15.7345,9.1102,174.146,343.02,710.0,72.2794,32.985,45.366,9.616,4.181,12.306,44.94,25.099,14.9055,0.1784,0.129,0.1316,0.129,0.2099,0.1315,0.1986,0.1248,539.04,278.55,362.25,84.6,85.0725,85.29,82.2075,83.49,82.0425,43.2151,519.27,520.0,20.3759,517.55,488.99,13.7687
86.35,57.5625,3.9187,57.6,287.145,357.7523,571.45,2.6002,4.5675,174.15,343.02,72.2852,710.0,19.4562,600.06,600.06,9.9858,66.2238,76.7845,2.6002,4.5675,11.1288,15.7348,9.1102,174.146,343.02,710.0,72.2775,32.985,45.366,9.616,4.181,12.306,45.366,25.099,14.9055,0.1784,0.129,0.1316,0.129,0.2099,0.1315,0.1986,0.1248,539.04,278.55,362.25,84.6,85.0725,85.29,82.2075,83.49,82.0425,43.2143,519.3,520.0,20.3763,517.55,488.99,13.7674
86.475,57.6,4.5828,57.525,286.7625,357.8901,571.2,2.6,4.57,174.123,343.02,72.2852,710.0,19.4559,600.06,600.12,9.9852,66.2239,76.785,2.6,4.57,11.1289,15.735,9.1102,174.118,343.05,710.0,72.2757,32.985,45.534,9.609,4.125,12.306,45.366,25.275,14.9055,0.1779,0.1288,0.1314,0.1289,0.2098,0.1314,0.1984,0.1247,539.12,278.55,362.25,84.63,85.11,85.32,82.185,83.5575,82.035,43.2171,519.3,520.0,20.3768,517.55,488.96,13.766
86.475,57.6,4.5828,57.525,286.7625,357.8901,571.2,2.6,4.57,174.123,343.05,72.2852,710.0,19.4549,600.12,600.12,9.9851,66.2241,76.785,2.6,4.57,11.129,15.7353,9.1102,174.118,343.05,710.0,72.2738,32.985,45.534,9.609,4.125,12.306,45.534,25.275,14.9055,0.1779,0.1288,0.1314,0.1289,0.2098,0.1314,0.1984,0.1247,539.12,278.55,362.25,84.63,85.11,85.32,82.185,83.5575,82.035,43.2124,519.36,520.0,20.3772,517.55,488.96,13.7647
86.5,57.5625,4.6984,57.6,287.37,358.4411,571.75,2.6,4.5725,173.799,343.05,72.2846,710.08,19.4544,600.12,600.12,9.985,66.2243,76.785,2.6,4.5725,11.1291,15.7355,9.1102,173.796,343.05,710.08,72.2719,32.985,45.528,9.606,4.13,12.306,45.534,25.319,14.9055,0.1782,0.1288,0.1314,0.1288,0.2097,0.1314,0.1984,0.1247,539.16,278.55,362.2,84.66,85.065,85.3575,82.23,83.565,82.02,43.215,519.36,520.0,20.3776,517.52,488.96,13.7634
86.95,57.525,4.8297,57.5625,286.8975,357.8557,571.45,2.6004,4.5725,173.961,343.05,72.2844,710.08,19.4539,600.12,600.0,9.985,66.2244,76.7835,2.6004,4.5725,11.1292,15.7333,9.1108,173.964,343.05,710.08,72.27,32.985,45.522,9.605,4.154,12.305,45.528,25.341,14.9055,0.1785,0.1288,0.1314,0.1288,0.2098,0.1314,0.1984,0.1247,539.2,278.5,362.2,84.675,85.065,85.3125,82.2825,83.58,81.9975,43.2101,519.42,520.0,20.363,517.52,488.96,13.762
86.6,57.525,4.7297,57.6,287.1,357.7523,571.85,2.6004,4.57,173.3535,343.05,72.2849,710.0,19.4549,600.0,600.0,9.9849,66.2246,76.783,2.6004,4.57,11.1292,15.7325,9.1108,173.362,343.05,710.0,72.2681,32.985,45.492,9.604,4.186,12.305,45.522,25.33,14.9055,0.1786,0.1289,0.1314,0.1289,0.2097,0.1314,0.1985,0.1247,539.32,278.5,362.2,84.6225,85.125,85.26,82.305,83.565,81.93,43.2087,519.45,520.0,20.3629,517.52,488.96,13.7607
86.475,57.6,4.3359,57.6,286.6725,358.0279,571.95,2.6,4.5725,173.7855,343.05,72.2856,709.92,19.4549,600.0,600.0,9.9855,66.2248,76.784,2.6,4.5725,11.1293,15.7343,9.1102,173.782,343.05,709.92,72.2663,32.985,45.504,9.603,4.186,12.305,45.492,25.3135,14.9055,0.1786,0.1289,0.1314,0.1289,0.2097,0.1314,0.1985,0.1247,539.4,278.5,362.15,84.6,85.0875,85.2825,82.305,83.565,81.9,43.1921,519.6,520.0,20.3628,517.52,488.96,13.7594
86.025,57.5625,4.3812,57.5625,286.7175,358.6478,571.9,2.6,4.5725,174.0555,343.05,72.2857,709.92,19.4549,600.0,600.0,9.9857,66.2249,76.784,2.6,4.5725,11.1294,15.7345,9.1102,174.062,343.05,709.92,72.2644,32.985,45.48,9.603,4.181,12.305,45.504,25.319,14.9055,0.1785,0.1288,0.1314,0.1289,0.2098,0.1314,0.1985,0.1247,539.4,278.5,362.15,84.5925,85.08,85.29,82.2675,83.52,81.9525,43.19,519.63,520.0,20.3627,517.52,488.96,13.758
86.025,57.5625,4.3812,57.5625,286.7175,358.6478,571.9,2.6,4.5725,174.0555,343.05,72.2858,709.92,19.4549,600.0,600.0,9.9859,66.2251,76.784,2.6,4.5725,11.1295,15.7348,9.1102,174.062,343.05,709.92,72.2625,32.985,45.48,9.603,4.181,12.305,45.48,25.319,14.9055,0.1785,0.1288,0.1314,0.1289,0.2098,0.1314,0.1985,0.1247,539.4,278.5,362.15,84.5925,85.08,85.29,82.2675,83.52,81.9525,43.1914,519.63,520.0,20.3627,517.52,488.96,13.7567
86.1,57.5625,4.2219,57.6,287.3025,358.5789,571.7,2.5998,4.57,173.7315,343.05,72.2853,710.0,19.4549,600.0,599.88,9.9853,66.2253,76.7847,2.5998,4.57,11.1295,15.735,9.1102,173.74,343.05,710.0,72.2606,32.985,45.27,9.604,4.177,12.304,45.48,25.3025,14.9055,0.1786,0.1289,0.1315,0.1289,0.2099,0.1314,0.1987,0.1247,539.4,278.45,362.15,84.6,85.095,85.2525,82.3125,83.5125,81.99,43.1929,519.63,520.0,20.3626,517.52,488.96,13.7553
86.775,57.6,4.6625,57.525,287.19,357.7868,572.05,2.5996,4.5675,173.5155,343.05,72.2853,710.0,19.4564,599.88,599.82,9.9852,66.2247,76.7857,2.5996,4.5675,11.1296,15.7353,9.1102,173.516,343.02,710.0,72.2588,32.985,45.096,9.606,4.179,12.304,45.27,25.253,14.8969,0.1787,0.129,0.1315,0.129,0.2101,0.1315,0.1989,0.1248,539.4,278.45,362.15,84.645,85.08,85.23,82.3275,83.5425,81.975,43.1944,519.63,520.0,20.3775,517.52,488.96,13.754
86.725,57.525,3.9156,57.525,286.875,358.2345,571.7,2.5996,4.565,174.0555,343.02,72.2859,709.92,19.4577,599.82,599.94,9.9859,66.2246,76.7862,2.5996,4.565,11.1297,15.733,9.1096,174.062,343.02,709.92,72.2569,32.985,44.952,9.608,4.178,12.304,45.096,25.176,14.8966,0.1786,0.1291,0.1316,0.1291,0.2103,0.1316,0.199,0.1249,539.4,278.45,362.1,84.6,85.0725,85.26,82.3275,83.5425,82.0125,43.1959,519.63,520.0,20.378,517.52,488.93,13.7527
86.725,57.525,3.9156,57.525,286.875,358.2345,571.7,2.5996,4.565,174.0555,343.02,72.2861,709.92,19.4569,599.94,599.94,9.986,66.2245,76.7868,2.5996,4.565,11.1298,15.7323,9.1096,174.062,343.02,709.92,72.255,32.985,44.952,9.608,4.178,12.304,44.952,25.176,14.9049,0.1786,0.1291,0.1316,0.1291,0.2103,0.1316,0.199,0.1249,539.4,278.45,362.1,84.6,85.0725,85.26,82.3275,83.5425,82.0125,43.2087,519.54,520.0,20.3784,517.52,488.93,13.7513
86.95,57.6375,4.0203,57.5625,286.9875,358.4067,571.25,2.5994,4.5625,173.6775,343.02,72.2862,709.92,19.4572,599.94,599.88,9.9862,66.2252,76.788,2.5994,4.5625,11.1299,15.7315,9.1091,173.684,342.99,709.92,72.2531,32.985,44.748,9.612,4.168,12.302,44.952,25.1045,14.9049,0.1785,0.1291,0.1317,0.1292,0.2105,0.1317,0.1992,0.125,539.32,278.45,362.1,84.6375,85.0875,85.2525,82.305,83.55,81.96,43.2106,519.54,520.0,20.3788,517.52,488.93,13.75
86.1,57.5625,4.6734,57.5625,287.28,357.8557,571.95,2.5998,4.56,172.989,342.99,72.2869,709.84,19.4582,599.88,599.82,9.9864,66.2261,76.7873,2.5998,4.56,11.1299,15.7333,9.1091,172.984,342.99,709.84,72.2513,32.985,44.592,9.617,4.154,12.302,44.748,25.0165,14.9049,0.1784,0.1292,0.1318,0.1292,0.2105,0.1318,0.1994,0.1251,539.28,278.45,362.1,84.5925,85.1325,85.2525,82.2525,83.5275,81.9675,43.2199,519.48,520.0,20.3792,517.49,488.93,13.7487
86.325,57.5625,4.075,57.5625,286.7175,358.4411,571.25,2.6004,4.5725,173.88,342.99,72.2853,710.08,19.4594,599.82,600.24,9.9851,66.225,76.7853,2.6004,4.5725,11.13,15.7335,9.1113,173.88,343.05,710.08,72.2494,32.985,45.804,9.614,4.082,12.303,44.592,25.0935,14.9049,0.1768,0.1287,0.1314,0.1289,0.2094,0.1314,0.1982,0.1247,539.28,278.4,362.05,84.555,85.11,85.275,82.2,83.5425,81.9975,43.2258,519.45,520.0,20.3796,517.49,488.93,13.7473
86.775,57.6,4.4375,57.525,287.055,358.4411,571.95,2.6008,4.5775,174.2715,343.05,72.2846,710.16,19.4549,600.24,600.42,9.9847,66.2242,76.7833,2.6008,4.5775,11.1301,15.7338,9.1124,174.272,343.08,710.16,72.1969,32.98,46.206,9.605,4.048,12.303,45.804,25.3355,14.9049,0.1769,0.1285,0.1312,0.1286,0.209,0.1312,0.1978,0.1244,539.36,278.4,362.05,84.5625,85.1175,85.26,82.1625,83.5125,82.035,43.213,519.57,520.0,20.365,517.49,488.93,13.746
86.8,57.5625,4.7422,57.5625,287.145,358.4411,571.9,2.6012,4.585,174.1905,343.08,72.2837,710.24,19.4517,600.42,600.54,9.9844,66.2239,76.7808,2.6012,4.585,11.1302,15.734,9.1135,174.188,343.14,710.24,72.1944,32.98,46.518,9.595,4.074,12.303,46.206,25.572,14.9049,0.1775,0.1283,0.131,0.1284,0.2087,0.131,0.1975,0.1242,539.44,278.4,362.05,84.6075,85.1625,85.275,82.17,83.4675,82.005,43.2035,519.66,520.0,20.3649,517.49,488.93,13.7447
86.5,57.5625,4.4328,57.5625,286.8075,358.2689,572.1,2.601,4.59,173.1645,343.14,72.2833,710.24,19.4484,600.54,600.48,9.984,66.2235,76.78,2.601,4.59,11.1271,15.7343,9.1129,173.152,343.17,710.24,72.1919,32.98,46.776,9.585,4.136,12.303,46.518,25.7865,14.9049,0.1782,0.1282,0.1308,0.1283,0.2083,0.1308,0.1972,0.124,539.6,278.4,362.05,84.585,85.17,85.2675,82.215,83.4225,81.975,43.186,519.81,520.0,20.3649,517.49,488.93,13.7433
86.4,57.6,4.5531,57.6,287.19,358.0279,571.45,2.6014,4.5925,173.394,343.17,72.2829,710.24,19.4469,600.48,600.54,9.9837,66.2232,76.7773,2.6014,4.5925,11.126,15.7345,9.1135,173.39,343.2,710.24,72.1894,32.98,47.016,9.576,4.203,12.303,46.776,25.957,14.9049,0.1787,0.1282,0.1307,0.1281,0.2082,0.1306,0.197,0.1239,539.8,278.4,362.05,84.63,85.14,85.2825,82.215,83.4075,81.9975,43.1605,520.02,520.0,20.3648,517.49,488.93,13.742
86.075,57.6,4.6922,57.525,287.145,358.51,571.65,2.6016,4.5975,173.8125,343.2,72.2819,710.32,19.4442,600.54,600.48,9.9834,66.2229,76.7748,2.6016,4.5975,11.1248,15.7348,9.1135,173.81,343.23,710.32,72.1869,32.98,47.178,9.567,4.252,12.303,47.016,26.0945,14.9049,0.179,0.1281,0.1306,0.128,0.208,0.1306,0.1968,0.1238,540.04,278.4,362.0,84.585,85.14,85.29,82.2075,83.43,81.9675,43.1341,520.23,520.0,20.3647,517.49,488.93,13.7407
86.95,57.6,4.6125,57.6375,286.6725,357.8212,572.05,2.6016,4.6,173.07,343.23,72.2808,710.4,19.4427,600.48,600.48,9.9823,66.2218,76.7728,2.6016,4.6,11.1267,15.735,9.114,173.068,343.23,710.4,72.235,32.985,47.256,9.56,4.283,12.303,47.178,26.2045,14.9049,0.1792,0.128,0.1305,0.1279,0.2078,0.1305,0.1967,0.1237,540.24,278.4,362.0,84.615,85.1475,85.275,82.2525,83.415,81.9525,43.1106,520.41,520.0,20.3646,517.49,488.93,13.7393
86.225,57.6,4.6125,57.6375,286.6725,357.8212,572.05,2.6008,4.6,173.772,343.23,72.2802,710.4,19.4407,600.48,600.36,9.9817,66.2212,76.7738,2.6008,4.6,11.1299,15.7347,9.114,173.782,343.26,710.4,72.2331,32.985,47.328,9.554,4.307,12.302,47.256,26.2925,14.9049,0.1793,0.128,0.1304,0.1278,0.2078,0.1304,0.1966,0.1236,540.48,278.35,362.0,84.57,85.125,85.2525,82.23,83.46,81.96,43.0789,520.65,520.0,20.3645,517.49,488.93,13.738
86.675,57.5625,3.9703,57.6,286.5375,357.7523,571.95,2.6008,4.6025,173.556,343.26,72.2796,710.4,19.4402,600.36,600.36,9.9811,66.2206,76.7728,2.6008,4.6025,11.1306,15.7347,9.1135,173.558,343.26,710.4,72.2312,32.985,47.316,9.548,4.323,12.302,47.328,26.3585,14.9049,0.1794,0.1279,0.1304,0.1278,0.2078,0.1303,0.1966,0.1236,540.64,278.35,362.0,84.555,85.1475,85.2825,82.2675,83.505,81.9525,43.0575,520.8,520.0,20.3645,517.49,488.93,13.7367
86.2,57.6,4.2641,57.6,286.695,358.4411,571.7,2.601,4.6025,173.745,343.26,72.2789,710.4,19.4387,600.36,600.36,9.9805,66.22,76.771,2.601,4.6025,11.1292,15.7328,9.1135,173.754,343.26,710.4,72.3306,32.995,47.262,9.544,4.335,12.302,47.316,26.408,14.8963,0.1795,0.1279,0.1303,0.1278,0.2079,0.1303,0.1967,0.1236,540.8,278.35,361.95,84.6,85.17,85.275,82.29,83.55,81.9225,43.0355,520.95,520.0,20.3644,517.52,488.93,13.7353
86.8,57.6,4.4781,57.525,287.19,358.0279,571.2,2.6008,4.6025,174.2715,343.26,72.2783,710.4,19.4372,600.36,600.3,9.9807,66.2195,76.7705,2.6008,4.6025,11.1262,15.7345,9.1135,174.272,343.26,710.4,72.3806,33.0,47.142,9.542,4.34,12.302,47.262,26.4135,14.896,0.1796,0.1279,0.1304,0.1278,0.2081,0.1303,0.1968,0.1236,540.88,278.35,361.95,84.6075,85.1625,85.3125,82.2525,83.5875,81.8775,43.0166,521.07,520.0,20.3643,517.52,488.93,13.734
86.8,57.6,4.4781,57.525,287.19,358.0279,571.2,2.6008,4.6025,174.2715,343.26,72.2777,710.4,19.4364,600.3,600.3,9.9804,66.2189,76.7695,2.6008,4.6025,11.125,15.7348,9.1135,174.272,343.26,710.4,72.3806,33.0,47.142,9.542,4.34,12.302,47.142,26.4135,14.8957,0.1796,0.1279,0.1304,0.1278,0.2081,0.1303,0.1968,0.1236,540.88,278.35,361.95,84.6075,85.1625,85.3125,82.2525,83.5875,81.8775,43.0085,521.1,520.0,20.3642,517.52,488.93,13.7327
86.05,57.6,3.8781,57.5625,286.92,358.6133,571.25,2.6008,4.6,173.4345,343.26,72.2783,710.24,19.4352,600.3,600.06,9.98,66.2183,76.7685,2.6008,4.6,11.127,15.735,9.1129,173.432,343.26,710.24,72.3806,33.0,46.95,9.541,4.342,12.302,47.142,26.397,14.8955,0.1796,0.128,0.1304,0.1278,0.2082,0.1304,0.197,0.1236,540.96,278.35,361.95,84.5625,85.1325,85.3425,82.23,83.565,81.8775,43.0041,521.1,520.0,20.3642,517.52,488.96,13.7313
86.15,57.525,4.3797,57.6,287.235,358.51,571.95,2.6006,4.5975,173.8125,343.26,72.2779,710.24,19.4369,600.06,600.0,9.9797,66.2185,76.7683,2.6006,4.5975,11.127,15.7353,9.1124,173.81,343.23,710.24,72.4312,33.005,46.752,9.542,4.341,12.301,46.95,26.342,14.8952,0.1796,0.1281,0.1305,0.1279,0.2084,0.1305,0.1972,0.1237,541.0,278.3,361.95,84.5325,85.14,85.3425,82.245,83.52,81.87,42.9921,521.16,520.0,20.3641,517.52,488.96,13.73
86.675,57.6,4.5234,57.5625,286.695,358.2,571.35,2.5996,4.59,173.7585,343.23,72.2788,710.08,19.4374,600.0,599.82,9.9801,66.2189,76.7713,2.5996,4.59,11.1271,15.733,9.1108,173.754,343.17,710.08,72.4825,33.01,46.242,9.548,4.313,12.301,46.752,26.144,14.8949,0.1793,0.1283,0.1307,0.1282,0.209,0.1307,0.1977,0.124,541.0,278.3,361.9,84.4875,85.1475,85.3125,82.1775,83.46,81.885,42.9875,521.16,520.0,20.364,517.55,488.96,13.7287
86.675,57.6,4.5234,57.5625,286.695,358.2,571.35,2.5996,4.59,173.7585,343.17,72.2787,710.08,19.4397,599.82,599.82,9.98,66.2188,76.7718,2.5996,4.59,11.1272,15.7323,9.1108,173.754,343.17,710.08,72.5343,33.015,46.242,9.548,4.313,12.301,46.242,26.144,14.8946,0.1793,0.1283,0.1307,0.1282,0.209,0.1307,0.1977,0.124,541.0,278.3,361.9,84.4875,85.1475,85.3125,82.1775,83.46,81.885,42.9903,521.1,520.0,20.3639,517.55,488.96,13.7273
86.675,57.5625,4.0719,57.5625,286.9875,358.1656,571.45,2.5994,4.5875,174.231,343.17,72.2792,710.0,19.4404,599.82,599.7,9.98,66.2187,76.773,2.5994,4.5875,11.1273,15.7315,9.1102,174.23,343.14,710.0,72.5362,33.015,45.948,9.554,4.291,12.301,46.242,26.012,14.8944,0.1791,0.1284,0.1309,0.1283,0.2093,0.1309,0.198,0.1241,540.92,278.3,361.9,84.54,85.11,85.3425,82.2375,83.43,81.9375,42.9858,521.1,520.0,20.3639,517.55,488.96,13.726
86.025,57.525,4.6906,57.525,287.37,357.7523,571.25,2.5996,4.58,173.3805,343.14,72.2798,709.92,19.4427,599.7,599.52,9.9806,66.2194,76.773,2.5996,4.58,11.1274,15.7333,9.1096,173.39,343.11,709.92,72.5381,33.015,45.45,9.561,4.265,12.301,45.948,25.8635,14.8941,0.179,0.1286,0.1311,0.1285,0.2097,0.131,0.1985,0.1244,540.8,278.3,361.9,84.5175,85.1025,85.3125,82.2225,83.4525,81.9225,42.9964,520.98,520.0,20.3638,517.55,488.99,13.7247
86.075,57.6,3.9937,57.6,287.415,358.4067,571.1,2.5986,4.5675,173.7855,343.11,72.2818,709.68,19.4462,599.52,599.34,9.9823,66.2203,76.7773,2.5986,4.5675,11.1274,15.7335,9.1074,173.782,343.02,709.68,72.54,33.015,44.646,9.583,4.217,12.3,45.45,25.407,14.9024,0.1786,0.129,0.1315,0.129,0.2106,0.1315,0.1993,0.1248,540.52,278.3,361.9,84.54,85.1775,85.2975,82.3125,83.46,81.8925,43.0112,520.83,520.0,20.3637,517.55,488.99,13.7233
86.325,57.6,3.9344,57.6,286.5825,357.8901,571.5,2.5982,4.56,173.664,343.02,72.2829,709.6,19.4504,599.34,599.22,9.983,66.2207,76.7805,2.5982,4.56,11.1275,15.7338,9.1069,173.67,342.99,709.6,72.5419,33.015,44.28,9.594,4.173,12.3,44.646,25.1815,14.9024,0.1782,0.1292,0.1317,0.1292,0.2109,0.1317,0.1997,0.125,540.28,278.25,361.85,84.51,85.1625,85.3425,82.35,83.4375,81.885,43.0567,520.44,520.0,20.3636,517.55,488.99,13.722
86.075,57.5625,4.4359,57.6,286.8525,358.51,571.8,2.598,4.5575,174.1365,342.99,72.2842,709.52,19.4547,599.22,599.34,9.9829,66.2219,76.7835,2.598,4.5575,11.1276,15.734,9.1063,174.132,342.96,709.52,72.5437,33.015,44.184,9.607,4.122,12.3,44.28,24.9725,14.9024,0.1776,0.1292,0.1319,0.1293,0.2111,0.1318,0.1998,0.1252,540.0,278.25,361.85,84.525,85.1775,85.38,82.3575,83.4825,81.885,43.085,520.2,520.0,20.3636,517.55,488.99,13.7207
86.05,57.6,4.7984,57.525,287.4375,358.1656,571.4,2.5988,4.555,173.313,342.96,72.2843,709.6,19.4564,599.34,599.4,9.984,66.2218,76.783,2.5988,4.555,11.1277,15.7343,9.1074,173.306,342.93,709.6,72.495,33.01,44.028,9.615,4.064,12.303,44.184,24.835,14.9024,0.177,0.1293,0.132,0.1294,0.2111,0.1319,0.2,0.1253,539.72,278.25,361.85,84.51,85.1775,85.3575,82.335,83.4975,81.8475,43.118,519.93,520.0,20.3635,517.55,488.99,13.7193
86.85,57.6,4.5125,57.6,286.5375,357.7868,571.55,2.5992,4.5575,173.448,342.93,72.2843,709.68,19.4584,599.4,599.64,9.984,66.2222,76.783,2.5992,4.5575,11.1277,15.7345,9.108,173.446,342.96,709.68,72.4456,33.005,44.652,9.623,4.016,12.303,44.028,24.725,14.9024,0.1762,0.1291,0.1319,0.1293,0.2106,0.1318,0.1993,0.1251,539.52,278.25,361.85,84.4875,85.1925,85.32,82.2825,83.5125,81.8775,43.1409,519.75,520.0,20.3634,517.55,488.99,13.718
86.85,57.6,4.5125,57.6,286.5375,357.7868,571.55,2.5992,4.5575,173.448,342.96,72.2848,709.68,19.4579,599.64,599.64,9.9844,66.2226,76.784,2.5992,4.5575,11.1278,15.7348,9.108,173.446,342.96,709.68,72.4463,33.005,44.652,9.623,4.016,12.303,44.652,24.725,14.9024,0.1762,0.1291,0.1319,0.1293,0.2106,0.1318,0.1993,0.1251,539.52,278.25,361.85,84.4875,85.1925,85.32,82.2825,83.5125,81.8775,43.1569,519.63,520.0,20.3633,517.55,488.99,13.7167
86.45,57.6,4.1797,57.5625,286.5375,358.2,572.0,2.5994,4.565,173.7045,342.96,72.2847,709.76,19.4594,599.64,600.0,9.984,66.2223,76.7843,2.5994,4.565,11.1279,15.735,9.1091,173.712,342.99,709.76,72.4469,33.005,45.144,9.619,3.965,12.303,44.652,24.8625,14.9024,0.1758,0.1289,0.1317,0.1291,0.2101,0.1317,0.1988,0.1249,539.4,278.25,361.85,84.495,85.1925,85.3275,82.32,83.4675,81.8475,43.1584,519.63,520.0,20.3632,517.55,488.99,13.7153
86.9,57.5625,4.2578,57.6,286.785,357.959,571.35,2.6002,4.575,174.0555,342.99,72.2832,710.0,19.4564,600.0,600.24,9.9835,66.2217,76.782,2.6002,4.575,11.128,15.7353,9.1102,174.062,343.08,710.0,72.3969,33.0,45.756,9.606,3.993,12.303,45.144,25.2915,14.9024,0.177,0.1286,0.1313,0.1287,0.2095,0.1313,0.1982,0.1245,539.4,278.25,361.8,84.4875,85.2,85.2825,82.32,83.4975,81.8475,43.1637,519.6,520.0,20.3632,517.55,488.99,13.714
86.525,57.525,4.1125,57.5625,286.83,357.6835,571.4,2.6004,4.5775,174.204,343.08,72.2832,710.0,19.4534,600.24,600.3,9.9834,66.2216,76.781,2.6004,4.5775,11.1281,15.7355,9.1108,174.202,343.11,710.0,72.2956,32.99,45.954,9.599,4.073,12.304,45.756,25.462,14.9024,0.1778,0.1286,0.1312,0.1286,0.2094,0.1311,0.1981,0.1244,539.44,278.2,361.8,84.5025,85.215,85.29,82.32,83.475,81.8475,43.1578,519.66,520.0,20.3631,517.55,488.99,13.7127
86.4,57.5625,4.3031,57.6,286.8075,358.6133,571.3,2.6006,4.5825,173.5425,343.11,72.2826,710.08,19.4517,600.3,600.36,9.9833,66.2215,76.7798,2.6006,4.5825,11.1281,15.7333,9.1118,173.544,343.11,710.08,72.2943,32.99,46.092,9.593,4.146,12.304,45.954,25.5995,14.9024,0.1784,0.1285,0.1311,0.1285,0.2091,0.131,0.1979,0.1243,539.48,278.2,361.8,84.48,85.2075,85.2975,82.3425,83.43,81.87,43.1554,519.69,520.0,20.363,517.55,488.99,13.7113
86.0,57.6,4.3016,57.525,286.785,357.7868,571.2,2.6008,4.5825,173.7855,343.11,72.2824,710.08,19.4497,600.36,600.24,9.9832,66.2215,76.7783,2.6008,4.5825,11.1282,15.7325,9.1118,173.782,343.14,710.08,72.2931,32.99,46.212,9.588,4.193,12.304,46.092,25.6985,14.9024,0.1786,0.1285,0.131,0.1284,0.209,0.131,0.1978,0.1242,539.6,278.2,361.8,84.5175,85.1775,85.3125,82.335,83.4075,81.8475,43.1416,519.81,520.0,20.3629,517.55,488.99,13.71
86.5,57.6,3.9953,57.525,287.235,357.959,571.3,2.6002,4.585,173.637,343.14,72.2817,710.16,19.4497,600.24,600.12,9.9831,66.2206,76.7795,2.6002,4.585,11.1283,15.7343,9.1113,173.642,343.14,710.16,72.3425,32.995,46.266,9.583,4.215,12.304,46.212,25.77,14.9024,0.1787,0.1284,0.131,0.1284,0.209,0.131,0.1977,0.1242,539.68,278.2,361.8,84.495,85.2,85.2975,82.305,83.46,81.9,43.1311,519.9,520.0,20.3629,517.55,488.99,13.7087
86.45,57.6,4.4062,57.6,286.605,358.3034,571.4,2.6004,4.585,174.177,343.14,72.2814,710.16,19.4502,600.12,600.12,9.983,66.2203,76.7785,2.6004,4.585,11.1284,15.7345,9.1118,174.174,343.14,710.16,72.3419,32.995,46.278,9.58,4.226,12.304,46.266,25.814,14.9024,0.1787,0.1284,0.1309,0.1284,0.209,0.1309,0.1977,0.1242,539.8,278.2,361.75,84.525,85.14,85.3275,82.335,83.4975,81.915,43.1202,519.99,520.0,20.3628,517.55,488.96,13.7073
