x0,x1,x2,x3,x4,x5,x6,x7
-1.26,-0.006,-0.355,0.617,-0.474,-2.169,-0.228,-0.386
-1.197,1.072,0.548,0.295,0.391,-0.609,-1.095,0.489
-0.034,0.648,-0.351,-0.192,0.001,0.066,0.104,2.577
-0.198,0.668,0.556,1.611,0.852,0.335,-0.016,0.852
-2.016,-0.684,0.078,-1.484,1.036,-0.312,-0.544,-0.127
-0.764,-1.182,-1.451,-0.154,-0.84,0.718,0.154,-0.088
-0.944,-0.407,0.629,-1.344,-0.864,0.571,0.368,0.547
-0.613,0.756,0.929,-1.492,0.176,-1.026,-0.684,-0.807
-0.805,-0.973,1.187,-1.122,-0.228,-1.683,1.319,-1.439
-1.491,-0.469,0.941,-0.405,0.644,-0.718,0.206,-1.682
-0.151,-0.273,0.826,1.237,-1.532,-0.365,1.532,-0.161
1.848,0.695,0.641,-0.002,-0.264,-0.605,0.079,1.181
0.22,0.323,-0.398,1.906,-1.395,1.451,0.272,-1.356
-1.203,-1.269,-1.279,-0.102,-0.681,-0.535,0.768,-1.103
-1.993,0.402,0.529,0.799,-0.156,-0.843,-0.678,0.732
-0.694,0.24,0.269,1.759,-0.447,1.003,0.67,1.828
-0.1,-0.176,1.096,0.919,0.006,1.304,1.972,0.986
0.886,0.757,-0.845,-0.594,-0.766,2.205,0.21,-1.017
0.942,0.276,0.271,0.215,0.379,0.399,-0.427,1.235
2.877,0.105,-1.224,-0.612,-0.337,-0.913,-0.986,-1.375
0.766,-1.095,-1.552,-0.993,0.179,0.656,-0.808,1.767
-0.398,-0.716,0.684,0.947,0.184,0.272,-1.601,1.797
-0.972,-0.369,-0.915,0.863,0.154,1.686,-1.071,0.334
-1.737,-1.222,-1.087,0.923,-0.087,-0.989,1.435,0.229
-1.042,0.207,0.885,2.758,-1.016,0.534,-0.769,-1.006
-0.938,-0.957,0.679,0.598,-0.372,-0.324,1.663,0.512
-1.076,-0.548,0.378,2.122,0.134,0.481,1.495,-1.903
0.038,1.393,-1.287,2.78,-0.032,0.717,2.207,-1.088
-1.176,-0.843,0.241,0.969,0.407,1.388,0.778,-0.436
-1.324,1.043,-0.796,0.062,0.546,1.237,-0.47,-0.161
-1.059,0.923,-0.584,-0.704,-0.268,-0.515,-0.919,0.09
0.881,-0.781,0.356,-0.405,-0.726,-1.126,-0.427,0.503
-0.505,-0.293,0.31,-1.322,-1.498,0.61,-1.162,0.538
0.747,-0.628,-0.746,-0.86,1.111,-1.418,-1.078,0.257
0.06,-0.517,-0.385,-1.4,-0.682,-0.827,1.262,-0.361
-1.476,0.325,-1.057,-0.191,-0.193,-1.308,1.279,-1.051
-0.74,-0.321,1.297,1.109,2.201,0.109,2.059,-1.066
-0.709,-0.848,-0.026,-0.718,-0.66,0.647,0.167,-1.388
-0.61,-1.103,0.772,0.324,1.399,1.01,-0.328,0.555
-0.547,0.568,0.642,-0.44,-0.129,-1.001,0.25,-2.008
0.315,1.115,2.116,0.466,0.823,-0.575,-2.125,-1.302
-0.579,1.601,0.477,0.102,-0.753,-0.401,-1.199,-0.889
1.447,1.223,0.57,-2.872,0.838,-0.5,-1.074,-0.825
0.643,0.718,0.394,0.161,0.53,1.662,-0.855,0.793
0.557,1.698,1.106,0.003,-0.684,0.679,0.059,-1.216
1.734,0.278,-1.723,0.181,1.157,-0.507,-1.174,0.905
-0.048,0.075,-1.545,-1.873,-0.445,-0.659,0.134,-1.446
-1.664,1.412,0.043,0.184,1.284,0.473,0.032,-1.221
0.233,0.591,0.24,-0.996,0.487,0.006,0.373,-1.621
-0.9,0.68,1.399,0.185,0.31,0.45,0.518,1.508
-0.958,-0.337,0.213,1.762,-0.495,1.345,-1.83,0.111
-0.217,0.485,2.782,1.199,0.055,1.484,-0.057,-0.935
1.898,0.059,-0.07,0.619,-0.635,0.741,1.349,-0.521
0.045,0.694,-0.276,0.68,0.281,-0.272,-1.319,-1.728
0.251,0.958,2.105,-0.758,-0.569,1.248,-0.647,0.136
0.256,-0.942,0.835,-0.48,-0.857,0.403,-1.135,-0.206
0.04,-1.159,0.379,0.223,-1.642,0.271,-0.018,-0.784
-0.014,0.221,1.155,0.961,0.396,0.849,0.599,1.071
-1.745,-1.587,0.004,0.027,0.818,0.177,1.232,0.162
0.087,0.334,-0.531,-0.112,0.663,-0.174,0.635,-0.621
1.344,0.504,-0.711,1.389,-0.0,-1.246,0.197,-0.148
-0.053,-1.82,0.703,-0.193,0.313,0.152,-0.926,0.091
0.712,-0.013,-0.762,1.159,1.572,-0.219,-0.787,0.523
-0.975,-1.686,-0.798,-0.001,0.648,0.673,-0.797,-0.636
-0.303,-0.795,-0.91,0.198,1.092,0.035,-1.544,0.94
-1.639,-0.634,0.419,-0.162,-0.463,-0.508,0.642,-0.159
-1.862,-0.321,-0.557,-0.991,-0.173,0.247,-0.768,0.192
0.023,0.688,0.921,0.677,-1.473,1.335,0.772,0.472
0.405,1.615,-0.235,-0.136,-0.582,-0.436,-0.883,1.139
-0.228,-1.396,0.819,0.496,1.238,0.723,0.609,0.255
-0.867,-2.056,-0.906,1.392,0.84,-0.934,0.559,0.104
0.072,0.276,1.007,1.505,0.057,-0.529,-1.0,0.112
-0.154,-2.205,0.121,1.65,0.225,0.084,-1.887,0.764
-0.58,-0.963,-0.554,1.193,-0.471,0.768,-0.434,0.114
0.785,-0.374,-0.947,1.043,-0.75,-0.376,-1.499,0.956
0.338,-0.665,0.759,0.202,-1.729,0.963,1.771,-2.202
-0.449,0.485,-0.805,1.34,-0.711,1.28,0.501,-1.13
-2.076,1.203,0.842,-0.067,-0.827,1.964,0.809,-0.475
-0.178,0.372,-0.611,-1.092,-1.305,2.149,1.152,-0.083
-0.197,0.602,0.249,-1.798,-0.095,0.545,0.784,0.2
-0.054,-0.639,0.097,0.108,0.459,-0.548,0.962,-0.759
-0.155,0.49,1.252,0.158,0.624,0.707,2.486,-1.698
-1.938,0.966,-0.695,-0.622,-0.175,-0.639,0.721,-0.314
-0.475,-1.086,0.354,-1.481,1.115,0.668,1.204,-1.557
-0.53,1.336,-0.321,-1.603,0.517,-0.088,-2.094,-2.017
-0.632,-1.218,0.003,-0.469,-0.803,-1.743,-1.637,0.116
-0.112,-0.908,-0.094,-0.068,0.411,-0.051,-1.86,-1.458
0.463,-1.101,0.766,0.019,-0.967,-0.445,-1.413,-2.134
-0.651,0.077,-1.103,-1.431,-0.651,0.086,0.426,-0.91
-0.719,0.199,1.24,-0.325,-1.154,-0.774,-0.178,-0.955
-1.748,0.606,-1.379,-0.871,-0.386,-0.222,0.765,1.046
-0.525,-1.43,0.782,-2.633,0.387,1.212,-0.453,-0.94
0.523,-0.608,-0.157,-0.337,-0.263,0.444,-0.883,1.199
-0.586,-0.768,-0.7,-1.467,0.107,-0.237,-1.219,1.394
0.3,-0.64,-2.18,-0.01,0.753,-0.531,-1.56,-0.722
1.286,-0.219,0.234,0.878,1.143,-1.402,-1.464,1.409
-0.098,1.051,-0.939,1.147,1.64,-0.376,-0.816,0.344
-0.219,0.346,0.954,0.572,-0.153,-1.03,1.031,-0.344
-1.396,-0.663,0.721,0.52,0.199,0.483,2.219,0.999
-0.511,-1.223,1.222,0.093,0.724,0.017,0.483,1.446
-1.546,0.699,-0.571,1.528,0.598,1.165,0.869,-0.233
-0.978,0.302,1.765,-1.676,1.447,0.309,0.371,0.003
0.134,0.166,1.411,-0.416,0.379,0.929,1.947,0.239
-0.216,-0.709,2.045,2.189,0.38,-0.398,-0.041,-0.229
-0.065,-0.516,0.334,-1.157,1.163,1.129,0.268,-0.05
-0.222,0.828,0.288,-0.712,-0.883,-0.878,-0.391,0.556
-1.438,0.816,1.392,0.193,1.412,-0.667,1.335,-0.059
0.798,-0.999,-0.149,-0.629,0.666,-0.515,0.941,1.531
-0.641,-0.296,0.345,0.308,-1.295,-2.232,0.749,1.656
-1.061,-0.521,-0.94,0.845,1.492,0.219,-0.6,-0.084
-1.099,-1.431,0.259,-0.307,0.078,-1.523,0.438,-0.712
-1.305,1.303,0.977,-0.587,-0.689,-0.441,-1.109,1.934
-0.352,0.431,0.965,-1.293,1.804,-0.316,0.329,-0.453
-0.102,-0.577,0.234,-1.813,0.636,-0.14,-0.662,-0.516
-0.708,0.18,-0.293,0.727,-0.199,-0.714,-1.13,0.039
-0.245,0.257,0.765,-1.006,1.61,0.122,-0.26,-1.104
-0.422,-1.442,-0.202,0.212,1.189,-0.549,0.223,-0.599
-0.381,-0.944,1.284,1.383,-0.289,-0.267,-1.945,-0.471
2.72,2.399,-1.139,1.258,-1.013,0.77,-1.55,0.568
0.214,2.864,-0.079,0.617,-0.87,1.921,-0.818,-0.784
2.224,1.581,-0.502,0.806,-0.952,0.325,-0.854,0.463
-0.79,2.796,0.494,-0.948,-0.956,0.538,1.497,-0.381
-1.224,0.077,0.356,-0.24,0.476,1.332,0.75,0.315
0.412,1.612,0.631,-0.737,1.19,-1.7,0.804,-0.245
-1.167,-0.576,-1.552,-0.215,0.779,-1.604,0.379,0.39
0.019,-0.906,0.811,0.249,-0.597,0.284,0.651,-1.184
-0.589,-1.864,-0.843,0.019,1.75,0.417,-0.183,-2.902
0.922,-0.467,0.322,0.402,-0.14,0.823,-0.739,-0.794
-0.784,-0.0,0.358,1.173,-0.663,0.965,-0.064,-0.308
-0.074,-0.126,-0.639,0.101,-0.487,0.591,-0.149,0.875
-2.172,-1.171,0.67,-1.733,0.669,-1.341,0.051,-0.669
-0.595,0.096,-0.011,-0.076,-1.428,-0.519,-0.417,0.828
0.693,-1.066,-0.076,0.297,0.451,1.394,-0.579,-0.175
0.694,-0.944,0.652,1.436,-0.989,0.297,-0.169,-1.106
-0.142,-0.035,0.071,-0.225,0.658,0.541,-0.416,1.887
1.268,-1.395,-1.504,-0.339,-0.564,2.287,-0.398,0.676
-0.948,0.075,-0.35,0.253,-0.596,1.701,-1.404,-0.288
-0.789,-1.631,0.294,-0.722,1.01,0.381,-1.578,-0.396
0.962,1.03,-1.932,1.374,1.181,-0.652,-0.326,0.482
1.913,-0.092,0.532,0.438,0.505,0.49,-0.05,0.203
1.437,-0.349,0.102,0.675,-0.239,0.292,-0.286,1.329
0.696,-0.443,-1.082,-0.183,0.105,-0.27,-0.983,0.2
1.758,0.624,0.045,-0.964,-0.006,-0.01,0.201,0.563
0.928,-0.055,-2.213,-0.694,-0.086,1.593,1.472,-0.045
-0.86,-1.498,-0.089,-1.18,-0.142,0.666,0.127,0.277
-1.669,-1.423,-0.322,0.63,-1.152,-0.709,-0.611,0.084
0.499,-1.823,0.342,-0.419,-2.325,-1.153,-0.819,-0.072
0.589,-0.85,-0.737,-0.645,-0.317,-0.004,0.317,-0.461
-0.095,-0.186,1.955,-0.656,-0.392,-1.26,0.754,-1.852
1.044,-2.175,0.099,-0.77,1.459,-0.543,1.083,1.599
0.296,-0.229,1.242,-0.009,-0.053,-1.023,0.844,0.062
0.078,-0.417,-0.282,0.088,0.475,-0.314,-1.215,-0.248
-0.475,0.516,0.552,0.28,0.159,1.267,0.811,-0.965
0.339,0.075,1.066,1.15,0.501,-0.708,0.193,-2.783
0.117,1.127,1.029,0.218,0.381,-0.644,0.645,0.345
1.498,-0.397,0.021,0.071,0.942,-0.613,0.664,-0.356
1.196,-0.416,2.258,1.699,0.01,0.366,-1.848,2.172
-0.232,0.235,-1.455,1.38,-1.869,-0.492,0.512,2.003
-0.451,0.401,0.292,-0.05,-1.108,-1.146,0.257,0.374
-1.917,0.207,-0.833,-1.215,1.132,0.582,0.369,0.915
-0.625,0.559,1.464,0.392,-0.462,0.139,2.107,0.979
-1.896,2.549,-0.939,-0.957,0.434,-0.556,-0.31,-1.816
-1.206,0.124,0.181,-0.762,-0.831,-0.284,0.015,0.275
-0.639,-0.159,0.531,-0.336,2.152,-0.482,-0.428,-0.896
-1.531,-1.28,0.365,0.152,2.266,-2.25,0.261,-1.254
0.818,-0.044,1.706,-0.467,1.329,-1.059,-0.634,-0.256
0.456,0.664,0.689,-1.555,0.89,-0.236,-0.382,0.481
0.337,0.205,2.359,-0.462,0.767,-1.802,-1.318,0.722
0.1,-0.744,-1.893,0.642,1.121,-1.208,-0.786,0.417
1.473,1.499,0.974,1.644,-0.923,-1.681,-1.247,0.856
0.547,0.251,-1.465,0.699,2.132,2.113,-0.546,1.423
-1.534,-1.791,-0.97,1.55,-1.206,1.878,0.353,-0.237
-2.2,-1.512,-0.542,-0.272,2.286,1.442,-2.024,1.37
-2.8,-1.036,1.069,-2.036,0.241,0.153,-1.556,1.117
-1.284,-0.277,0.209,1.029,1.14,0.36,-1.252,1.972
-0.583,-0.669,1.386,-2.598,2.215,-0.804,-0.781,-0.445
-0.973,-1.259,-0.938,-0.861,-0.806,-0.107,0.651,-1.196
0.396,-0.547,2.209,0.076,0.646,-0.347,-1.59,1.538
1.111,-0.107,-0.518,-0.586,1.426,-0.761,-0.173,-0.371
1.026,-0.365,1.395,0.986,0.506,-1.485,-2.621,1.011
0.698,-0.813,-0.041,0.852,1.139,-0.867,-1.262,1.209
1.661,1.736,0.688,0.075,0.455,-2.001,-1.23,0.153
2.003,1.246,-0.743,0.328,0.696,-0.586,-1.17,0.476
2.952,-0.747,0.098,-1.476,-1.145,1.244,-0.417,-0.644
-0.572,1.303,0.342,-0.258,1.128,0.515,-0.667,1.103
-0.716,-0.282,-2.19,0.394,-0.909,-0.793,0.118,0.679
-0.335,0.24,1.287,-0.338,-0.216,-1.473,-0.041,1.584
-1.295,0.62,-0.839,0.332,0.065,-1.082,2.318,1.26
-1.042,-0.055,2.646,0.102,0.164,-0.883,0.337,-0.296
0.387,1.179,0.094,1.836,-2.225,-2.278,2.056,1.841
0.85,0.858,-1.115,0.062,-0.448,-0.457,1.246,-0.549
0.447,1.064,-1.794,-1.357,-0.686,0.408,0.335,0.309
1.906,0.908,-0.96,-0.445,-0.012,-0.64,0.774,1.291
-2.104,1.866,-0.113,-1.157,1.274,-0.073,0.706,-0.53
-1.25,0.723,-0.423,-0.78,0.318,0.703,-0.666,0.011
0.439,0.036,0.971,-0.533,-0.263,-1.264,-0.707,-0.819
0.467,0.769,0.065,-0.435,0.615,-1.582,-0.157,-0.289
-0.852,-0.881,0.755,1.066,-0.885,-0.682,0.012,-0.606
-1.147,-0.462,-0.013,0.886,0.831,-1.071,-1.341,-0.957
0.064,-1.007,0.943,0.139,0.57,0.61,-0.818,-0.083
0.282,-0.268,-1.941,0.881,0.57,0.221,-0.702,0.084
-0.727,-2.919,1.493,-0.444,-1.229,-0.855,1.648,0.971
-0.802,-2.539,-0.953,1.505,2.302,0.275,-0.157,1.38
2.697,-3.347,1.584,0.335,1.594,1.24,0.699,1.013
-1.077,-1.725,-2.281,-0.251,0.192,1.554,-0.475,-1.22
0.619,-1.884,-0.358,2.068,-1.045,0.196,-0.353,-0.294
0.555,-0.025,-1.29,0.532,0.962,-1.425,0.984,0.176
1.172,1.467,-0.627,0.198,-3.139,0.738,0.244,-1.572
0.888,0.528,-1.878,0.724,1.356,0.424,-0.095,-0.611
1.179,0.498,-0.643,-0.31,-2.996,0.07,-0.652,-0.667
-0.675,-0.07,-1.62,1.458,1.101,0.193,-0.195,-0.071
0.535,-1.166,-1.539,0.192,-0.98,1.121,0.197,0.986
-0.683,0.023,-0.219,3.62,0.037,2.05,1.232,-0.534
-1.921,-0.262,1.045,0.656,-0.991,2.752,0.71,-0.64
-1.119,-1.067,-1.616,1.417,0.352,1.135,0.64,1.6
0.684,-2.108,0.015,0.868,-2.35,-0.096,0.847,-1.314
-0.507,-1.355,-0.688,-1.729,-0.092,1.281,1.45,-0.285
-0.273,-1.075,1.549,0.681,-0.635,-0.219,1.136,-0.542
0.304,-0.195,-0.236,1.128,1.931,-0.917,-0.393,0.231
-0.45,1.185,0.831,0.121,0.774,-1.086,1.691,-2.146
-1.04,1.562,-0.656,1.935,0.988,-1.02,0.418,-1.025
0.935,0.37,0.564,0.099,-0.668,-2.709,0.163,0.304
-1.08,0.643,0.622,-0.476,-0.201,-0.945,-0.21,-0.24
0.932,-1.357,-0.046,0.152,2.021,-0.772,-0.291,-0.674
-0.03,-0.403,1.692,0.646,0.809,-1.575,0.285,0.168
-0.943,0.744,0.262,-0.308,0.349,-0.085,-0.017,-2.037
0.278,0.303,1.26,0.331,1.33,0.67,-2.583,-1.537
1.651,0.99,-0.039,-0.089,0.122,0.35,-0.184,-0.242
-0.08,-0.791,-0.315,0.011,1.483,-0.387,0.842,0.176
1.196,0.85,-0.982,-0.57,0.304,1.013,-2.584,1.185
1.339,1.841,-0.012,-0.312,0.728,0.087,-0.623,0.804
0.393,0.587,-0.175,-0.245,-0.754,-1.691,-0.926,1.234
-1.107,-0.364,-0.474,-1.336,-0.017,-0.351,-0.749,1.087
-0.259,0.242,0.442,-1.907,-0.045,-0.011,-1.392,0.806
-0.382,0.102,-1.536,-0.705,0.967,-0.994,-0.682,0.577
-0.34,0.669,0.349,-0.123,-0.021,-0.899,-0.143,0.994
-0.094,0.108,-0.203,-1.235,1.118,0.166,-0.315,0.684
-1.053,-1.084,0.363,-0.821,0.166,-1.356,-0.278,-0.072
0.069,-0.782,0.904,1.061,0.671,0.095,-0.474,-0.643
0.082,-1.465,0.656,-0.179,0.971,-1.433,-0.174,0.73
-0.485,-0.657,-0.103,0.362,-0.625,-1.041,-0.426,0.212
-0.598,-0.884,0.424,-1.267,-1.137,-0.689,0.483,1.161
0.843,-0.627,-0.205,0.775,0.544,1.749,-0.218,0.254
2.037,0.004,-0.462,0.277,0.003,-1.009,0.175,0.225
0.49,-0.398,-1.305,-0.005,1.094,0.594,0.174,-1.375
1.058,1.192,-0.042,1.255,-1.0,0.324,0.057,0.714
-0.095,0.559,-0.025,0.332,0.019,-0.186,-1.687,-1.009
-0.851,1.692,-1.164,0.249,-1.022,0.816,-0.728,-0.859
-0.757,-1.642,-0.814,-0.051,-0.127,-0.553,-1.557,-0.485
-0.48,0.079,0.892,0.375,-0.383,-0.855,0.501,1.546
0.48,0.432,0.599,-0.455,-1.068,0.308,0.213,-0.861
-1.124,0.447,-0.151,-0.872,-0.576,-0.98,1.75,1.747
0.541,1.019,1.399,-0.193,0.883,0.209,0.108,-0.549
2.027,-0.292,0.673,-0.999,1.282,0.754,0.627,0.398
-0.038,1.452,1.063,0.045,-0.746,-1.315,0.274,0.579
1.519,0.804,0.486,-1.293,0.693,0.917,0.105,0.082
1.735,-0.031,-2.84,-2.023,0.88,-0.359,-0.126,1.093
0.757,0.058,-1.454,0.47,0.251,0.757,-0.11,1.124
0.257,1.785,-1.4,1.541,1.14,-2.428,0.158,0.929
-1.21,1.429,-0.254,-0.758,-1.168,-0.21,-0.576,-0.186
-1.238,-0.709,-0.08,-0.596,1.213,1.504,-1.002,1.862
-1.118,1.605,-0.092,-0.83,-0.201,0.901,-1.295,-0.112
-0.389,0.714,3.17,-1.396,0.913,0.889,0.789,-0.717
-1.08,-0.183,-0.496,-0.045,2.42,0.91,1.687,0.73
0.661,0.63,-0.188,2.065,-0.515,0.364,0.343,2.14
0.805,-1.482,-0.011,1.709,-0.32,0.834,-0.701,1.752
-0.327,-0.084,0.384,0.102,-0.094,2.442,1.14,0.106
0.495,-1.142,0.414,1.675,-0.41,1.759,0.9,0.754
0.28,0.226,1.065,1.135,-1.032,2.085,-1.234,-0.206
-0.26,-1.821,0.088,0.442,-0.972,-0.45,0.298,-1.099
1.854,-1.182,1.028,2.147,-0.561,0.963,-1.302,-1.04
0.909,0.52,1.128,0.801,-0.944,0.437,0.301,0.907
0.757,1.191,-0.064,1.0,-0.358,-0.067,-1.105,0.989
0.842,0.016,-1.07,0.175,1.082,1.775,-1.6,-2.169
0.36,-0.435,0.177,0.942,-1.375,1.916,-0.013,-0.235
-0.952,-0.73,0.045,-0.872,-1.41,0.347,0.478,-0.016
0.063,-0.829,-1.14,-0.784,0.375,-0.166,1.547,1.112
-1.15,0.176,-0.863,1.729,-2.103,-0.031,0.19,1.54
-2.231,1.265,-0.054,1.03,-1.259,-0.181,1.64,-0.986
-1.341,2.102,1.084,2.088,-1.948,0.074,-0.503,-0.557
-0.599,0.886,1.271,-0.638,1.707,0.565,-1.051,0.337
0.016,-0.195,0.354,0.209,0.331,0.039,1.072,-0.026
0.948,0.224,-1.659,-1.757,0.973,0.696,-0.217,-2.173
0.182,0.635,0.24,0.078,-1.85,0.665,0.091,-0.917
-0.11,-1.197,0.707,0.184,0.708,-0.18,-0.691,-2.068
-0.627,1.283,-0.704,-0.448,0.134,-1.098,-0.904,-0.452
0.4,1.058,0.931,-0.568,0.929,1.12,-0.045,-0.212
-1.206,-0.12,0.033,0.359,0.039,-0.772,0.47,-0.139
-0.738,-0.709,-1.078,0.177,-1.392,0.077,-0.085,-0.097
-2.285,0.275,-1.493,0.385,-0.565,-1.305,1.224,0.747
-1.867,-1.358,1.96,1.708,-0.337,0.555,0.26,-0.796
0.27,0.845,-1.356,1.494,0.784,0.664,0.342,0.399
-1.131,0.83,-0.543,0.323,0.04,0.491,-1.021,-0.814
0.759,0.791,1.084,-0.686,0.241,0.342,0.71,-1.398
0.115,0.092,0.04,-0.141,1.432,-1.156,0.891,-0.711
-0.06,-0.281,1.775,-1.271,0.122,-0.688,0.359,-0.587
-0.291,0.319,0.425,0.146,0.95,-0.138,-0.176,-1.08
0.292,0.339,-0.653,-0.182,0.372,-0.156,-0.038,-0.104
-0.078,-1.295,0.556,0.223,-0.177,1.204,-1.13,-1.107
-1.51,-0.357,1.1,-0.523,-0.514,-0.155,-0.03,-1.134
-0.447,-2.073,-0.27,-0.65,-0.66,-0.144,-0.379,-0.054
0.93,-2.273,0.924,-0.609,-0.237,0.152,1.28,0.248
1.523,-0.954,-0.619,-0.539,0.447,1.064,0.135,-0.565
0.03,0.504,-0.367,1.441,0.68,0.696,-0.411,1.145
0.942,0.82,-0.575,0.665,-0.178,-0.319,-1.441,-0.412
0.433,0.211,0.466,3.001,-0.152,-0.826,0.877,0.537
-0.571,-0.234,-0.005,0.225,1.276,-0.722,-0.501,0.185
-1.098,-0.294,0.711,-0.324,-1.108,1.121,-0.395,-0.238
-1.466,-0.171,-1.217,0.244,0.862,1.009,-0.563,-0.523
0.506,0.164,0.739,-0.389,-0.033,-0.826,1.873,0.206
-1.631,-0.17,-0.488,0.773,0.603,1.085,0.835,1.217
-0.756,-0.396,1.87,0.233,1.081,-0.573,-0.331,0.425
0.114,-1.576,-0.278,0.663,2.183,-0.689,-0.333,0.972
1.502,0.575,1.789,0.547,0.114,-0.719,-0.295,1.763
-0.04,0.261,-0.995,0.499,0.475,-0.215,-1.97,1.566
1.57,-1.205,1.35,0.902,0.39,-0.97,-1.877,-0.336
0.065,-2.801,-0.327,-0.659,1.792,2.413,-0.585,-0.18
1.274,-0.597,-0.771,1.49,-1.752,-1.283,-1.918,1.378
1.966,0.069,0.536,0.671,-0.22,-1.21,0.17,0.605
-1.494,-0.789,0.76,0.862,-1.575,0.195,0.741,-1.008
0.037,0.127,0.726,-0.327,0.062,0.935,-0.207,1.108
-1.845,-0.984,1.989,-0.268,-0.163,-0.032,0.775,-0.702
-0.818,-1.206,0.128,-0.553,0.932,-1.358,-1.343,-1.032
0.338,1.079,0.717,0.964,0.089,-1.262,1.109,-0.101
-1.845,0.359,-0.477,-1.229,-0.365,0.525,0.021,0.556
0.035,1.535,0.798,-1.054,0.248,-0.469,0.102,-0.026
2.458,0.13,-0.541,-0.44,0.818,-0.274,0.22,0.279
2.932,-1.606,0.264,0.187,-1.212,0.542,-0.017,-0.63
1.461,-0.972,0.251,0.326,0.1,0.478,-0.378,0.249
0.812,-0.312,0.254,2.481,0.776,1.256,0.088,-0.755
1.452,-0.704,-1.065,2.012,-0.687,2.268,-0.705,1.217
-0.341,-0.312,-0.183,-1.05,-1.464,0.425,-0.377,0.818
0.357,0.419,1.177,-1.072,0.272,0.408,-1.849,-0.401
0.912,0.475,0.893,-1.332,-2.202,0.007,0.308,0.247
-0.622,0.961,0.773,-0.49,-2.055,-1.677,-2.581,0.865
-0.691,0.314,-0.031,-0.017,-0.582,0.446,0.843,0.511
-0.084,0.761,-1.503,-1.78,-0.312,-0.257,-1.21,-1.452
-0.748,0.872,0.605,-0.959,0.655,1.085,0.521,-2.036
1.125,0.426,0.895,-0.731,0.434,0.481,1.276,0.62
-0.164,0.936,0.222,-0.554,0.329,-0.672,-0.963,-0.15
1.479,-0.539,-0.221,-0.404,-0.235,0.281,0.034,0.23
0.327,-0.538,1.14,-0.817,0.163,0.385,-0.055,0.1
-0.528,0.097,-1.423,-0.798,-0.023,1.679,-0.47,0.17
0.849,-0.862,-0.544,0.268,-0.36,-1.026,0.318,-0.688
1.862,0.734,-0.529,0.425,0.075,-1.392,-0.126,-0.297
1.161,1.767,1.033,0.541,-2.196,-0.7,-0.013,0.449
-0.688,1.094,-0.281,0.642,-0.293,-0.011,-1.466,-1.321
0.837,-0.125,0.578,0.048,-1.26,0.339,0.235,-0.164
-0.075,-0.328,-0.171,0.889,-1.234,0.038,-1.423,0.507
-0.376,0.942,0.022,0.36,-1.578,1.341,-0.525,1.661
-1.967,1.02,-0.474,-0.138,-1.331,0.174,0.266,-1.749
-2.471,1.393,3.038,-0.05,0.139,0.665,0.038,0.941
-2.15,0.474,-0.22,-0.494,0.332,-0.3,1.276,-0.682
-0.802,1.452,0.742,-1.473,-0.415,0.31,1.541,0.624
-1.048,1.264,0.68,-0.805,1.046,-0.218,-0.072,-1.774
-0.202,-0.284,1.819,-1.463,1.534,0.022,1.623,-0.751
-1.677,-0.444,0.464,-1.661,0.625,-0.794,0.05,-2.556
-2.203,-0.095,0.785,1.245,1.014,-1.698,-2.286,-0.14
-0.231,-0.813,0.048,0.957,0.169,-1.442,-1.585,-0.766
0.572,-0.865,-0.058,1.327,1.383,-1.45,-0.639,0.701
0.788,-0.352,0.086,0.407,0.041,-0.696,-1.36,-0.004
0.929,0.428,-1.27,0.524,1.208,0.21,0.268,0.643
0.038,0.349,-1.398,0.855,0.496,-1.17,-0.321,0.839
0.729,0.023,-0.797,-0.784,0.731,-1.198,-2.382,1.488
1.194,-0.486,0.139,0.268,-0.396,-1.393,-0.442,0.323
-1.569,-1.132,0.326,-0.836,0.082,0.796,-1.669,0.635
-0.75,-0.472,-0.226,1.251,0.194,-0.705,0.946,-0.179
-1.689,-0.605,0.299,0.659,-0.533,-0.188,1.507,-0.362
-0.47,-1.032,0.216,-0.34,0.241,0.712,0.113,0.048
0.443,-0.895,0.928,1.823,1.316,0.758,1.234,0.339
0.852,-2.338,-0.297,-0.449,0.812,-1.574,1.263,-0.076
0.873,-1.281,1.736,0.477,-0.37,0.059,0.301,-0.644
-0.327,-2.111,1.175,0.705,-0.209,-0.401,1.233,-0.186
0.215,-0.421,-1.54,-1.678,-1.238,0.197,-1.159,0.692
0.518,0.137,0.67,1.204,-0.646,-0.434,2.612,-0.157
-0.616,-0.601,-3.092,-0.274,-0.041,-0.862,-0.283,-1.063
-1.008,-0.37,0.139,0.134,-0.261,-0.692,-0.531,0.42
-0.591,2.1,-0.456,-0.077,1.028,-1.42,-0.866,-1.233
0.299,0.775,0.296,-0.344,-0.905,-0.776,0.084,-0.545
-1.268,0.905,-1.177,-0.828,-0.114,-0.529,-0.756,-0.605
0.7,-0.061,-0.443,0.964,-0.209,0.383,1.152,-0.077
-1.036,0.374,-2.264,2.143,-1.307,0.175,0.879,0.446
0.181,2.178,1.237,-0.802,-1.894,0.591,1.27,-0.262
-0.114,1.2,-0.421,-0.804,0.777,1.218,-1.039,-0.565
0.065,-1.099,0.498,-1.559,-1.556,-0.224,-0.123,-0.016
-1.548,-1.386,-0.827,-0.078,1.671,-0.328,-0.622,0.907
0.047,0.232,0.478,1.91,0.255,0.134,1.114,-0.603
-0.338,-0.012,1.014,0.313,1.322,-0.968,-0.881,0.259
0.826,-0.772,0.593,0.838,-0.076,-1.065,0.663,-0.877
-0.798,-1.348,0.232,2.197,0.57,1.323,-0.671,0.112
-0.799,-0.448,0.41,0.309,-2.18,1.415,-1.438,-0.432
-0.273,-1.111,-1.189,-0.131,0.029,0.532,-0.098,0.785
0.736,0.087,-0.285,0.302,-3.418,-0.295,-0.314,0.495
0.312,1.084,-0.604,1.055,0.427,0.93,0.56,-0.442
-0.407,-1.293,1.806,-0.746,-1.475,-0.235,1.876,1.534
0.576,-0.476,-0.224,-0.391,-0.566,1.379,0.74,-1.276
-0.466,0.633,1.687,0.141,-1.399,-1.634,-0.288,-1.123
-0.808,0.291,-1.319,1.151,0.971,1.256,-0.02,-0.176
1.642,-0.958,0.65,0.951,-1.19,-1.837,1.0,-0.451
0.314,-0.736,0.014,0.927,0.75,-0.7,-0.907,0.302
0.309,-1.948,-0.473,0.833,-1.33,-1.832,1.207,-0.651
-1.801,-1.01,0.39,0.517,-0.598,1.27,1.795,-0.357
0.471,0.198,0.474,-0.285,0.394,-0.07,0.186,-1.004
-0.967,1.265,0.891,-0.633,-0.878,-0.218,0.095,-1.083
0.332,-0.373,-0.871,-1.526,0.789,0.562,-0.76,-0.993
0.03,1.335,-1.362,-0.28,0.545,1.513,-0.951,-0.543
1.98,-0.802,-0.841,0.375,1.113,-1.079,0.031,1.465
-1.77,-0.93,0.719,0.715,0.4,-0.349,-0.127,0.395
0.1,-0.707,-1.362,0.286,-0.101,0.856,-1.192,0.494
0.61,-0.531,-0.48,-0.744,0.359,1.512,-1.428,0.394
-0.44,-1.309,0.685,0.136,1.089,1.272,1.655,-0.198
-0.937,0.518,-0.005,-0.218,-0.51,-0.188,-1.689,-0.057
-0.918,0.211,1.328,-0.318,0.755,0.141,-1.437,1.426
-1.189,0.145,-0.71,0.16,0.256,0.563,-1.941,0.108
-1.487,0.332,0.688,0.575,-0.735,-1.135,1.239,1.595
-0.659,0.006,0.29,-0.689,1.911,-0.389,0.922,1.373
0.72,1.617,0.868,-0.368,1.118,-0.041,0.211,-0.378
0.326,0.67,-0.906,0.507,0.03,-2.338,0.663,0.285
0.048,-0.169,0.41,-1.638,1.463,-2.262,-0.631,-0.78
1.271,-0.042,-1.624,-0.515,1.18,-0.49,-0.319,0.734
-0.67,-0.795,0.353,-1.795,0.728,-1.11,-1.72,0.604
0.015,0.388,-0.789,-0.393,1.169,-0.971,0.383,0.524
0.712,0.474,0.687,-0.912,0.877,-0.812,-0.968,-0.342
-0.574,-0.724,-0.99,-0.467,0.16,-0.067,1.512,-0.512
1.093,0.747,0.193,-1.495,0.024,0.09,-0.903,-0.059
1.377,0.56,-1.185,-0.647,-1.103,-0.9,-0.004,-0.726
0.609,0.198,-1.565,-0.35,1.124,0.771,-2.519,-0.299
0.37,-0.723,-0.083,-1.641,-0.202,1.28,-0.434,0.191
-0.671,-0.953,-0.105,0.044,-0.619,-0.531,-0.656,0.747
1.199,0.059,-1.023,0.288,-0.425,0.604,0.804,-0.179
0.747,1.302,-1.009,-0.98,-0.996,-0.082,-0.96,0.273
1.575,0.308,0.077,-1.024,-0.6,0.775,0.266,1.399
1.046,-0.57,-2.566,-0.334,-1.22,-0.158,0.169,0.494
-1.349,-0.496,-0.765,0.907,0.599,-0.291,0.521,1.41
-1.525,0.779,-0.653,0.171,0.126,-1.4,-0.217,0.6
-1.914,0.911,0.724,-0.549,-0.024,2.023,0.722,-1.489
-1.094,1.706,-0.159,0.202,-1.14,1.447,0.739,0.487
-0.106,-0.591,-0.552,-0.437,0.546,-1.078,0.784,-0.614
-0.633,-1.018,1.135,0.175,-0.024,-0.005,0.519,-1.309
0.48,-0.092,-0.132,-1.419,1.609,0.009,2.319,-0.119
-0.616,-2.142,1.746,-0.888,-0.156,-1.008,0.262,-0.099
0.846,0.657,-0.55,0.731,-1.669,-0.387,0.144,-0.791
0.222,0.48,-1.93,-0.662,-0.127,0.05,-0.432,-1.183
2.389,-0.596,0.16,0.082,0.235,0.329,-0.057,-1.124
1.876,1.887,-0.202,0.089,0.849,0.397,1.861,-0.747
0.449,-0.144,0.162,-1.275,0.019,-0.072,0.324,0.059
-0.361,-0.268,-0.549,1.771,0.323,1.299,0.918,0.337
1.193,0.529,1.376,0.82,0.129,0.2,-0.631,0.711
-0.811,1.558,-0.893,-0.379,0.09,1.895,-0.204,0.874
0.806,0.822,-0.018,-2.19,-0.864,0.274,0.745,1.077
0.621,0.964,-1.639,-1.975,1.476,-0.288,1.199,-2.312
-0.793,-0.309,-0.755,-0.843,-0.443,-0.936,1.068,-0.022
-0.527,0.4,-1.887,-0.666,0.519,-0.977,-0.343,-1.351
-0.918,1.03,-0.093,-0.099,-1.117,-1.055,0.523,0.443
-0.278,-2.636,-1.273,-0.1,1.533,-0.172,0.881,1.487
0.499,-0.66,1.013,0.489,-0.568,-0.614,-0.02,-0.446
0.718,-0.205,0.544,-0.22,1.119,0.614,-1.594,-1.424
0.839,0.268,-0.253,-0.266,-0.256,1.266,-0.379,1.446
0.28,-0.63,0.505,-1.586,0.561,0.303,-0.017,0.309
-0.278,0.558,-0.183,-2.506,-1.207,0.108,2.209,-0.705
-0.358,1.664,-0.52,-2.498,0.729,-0.446,-0.442,0.27
-0.149,-0.002,-0.638,-0.456,0.962,-1.95,1.646,-0.874
0.581,-0.885,-1.184,0.676,0.513,-2.179,-2.055,0.284
1.293,-0.96,0.44,0.308,0.555,-0.843,-0.132,0.729
-0.019,-0.288,-0.827,1.384,0.368,0.62,-1.303,0.086
-1.175,-0.123,-0.351,0.21,0.361,-0.298,0.053,0.3
-0.322,2.735,-0.998,-1.767,-0.552,-0.396,1.289,1.828
0.518,2.762,0.595,-1.545,-0.945,0.532,0.93,0.229
0.281,-0.235,-0.269,-0.879,0.601,-1.733,1.294,-0.734
0.719,1.004,-0.464,-2.345,1.844,-1.762,1.848,-1.216
0.709,0.109,1.813,-1.021,2.516,-1.66,1.11,-2.312
1.637,1.627,0.102,-2.396,0.826,-0.417,-1.563,-0.47
-0.764,0.198,0.453,-0.404,0.425,-0.727,-3.301,2.543
0.589,1.052,-0.851,-1.222,1.7,-1.413,-1.281,0.717
1.899,1.428,-0.007,-1.273,-0.326,-0.562,-1.388,-0.825
-0.058,0.481,-2.007,-1.943,0.832,-0.455,-1.551,1.691
0.755,-0.816,0.503,1.22,0.766,0.248,-1.016,0.761
-0.18,-0.575,-1.001,-1.047,0.975,-1.57,-0.557,0.309
-0.574,-1.444,1.728,-0.96,-0.039,-2.338,-2.059,0.127
-2.039,-1.749,-0.841,-0.201,0.893,-1.23,-0.397,0.848
0.775,-0.385,-0.068,0.038,-0.069,-1.937,-1.776,1.235
-1.271,0.001,0.172,-0.138,0.487,-0.876,-1.367,0.082
-2.254,-0.109,0.927,0.499,-0.363,0.133,-0.401,1.04
0.169,0.698,-1.348,0.328,0.373,1.59,0.579,-0.395
-0.5,0.002,0.086,-0.426,-2.128,1.116,-0.125,0.98
-0.017,-1.662,0.13,0.582,1.33,0.627,-0.428,0.92
-1.305,-0.621,0.43,-0.68,-1.335,-1.071,-0.455,0.311
-0.827,0.299,0.927,1.924,0.099,1.859,-2.289,-0.12
-0.285,-0.703,0.79,1.697,-0.484,0.584,-0.374,-1.111
0.005,-0.101,0.671,1.334,2.016,-0.284,-1.362,1.813
1.583,-0.441,1.645,2.096,-0.206,-0.021,0.763,2.206
-0.452,-0.063,0.139,0.393,0.312,1.2,-1.518,1.35
1.038,-0.069,0.516,1.982,0.477,-0.098,-0.27,0.802
0.274,1.293,-1.043,1.164,0.602,0.572,-0.153,-0.176
0.187,-1.309,0.367,0.178,-1.005,1.39,-0.626,0.121
2.172,-0.324,-1.308,0.562,-0.898,0.348,0.055,-0.808
1.489,0.227,0.706,-0.142,-0.79,-0.471,1.189,-1.038
-0.22,-0.994,-1.026,2.223,-0.594,-0.058,0.434,-0.917
-0.461,-0.838,0.155,-1.407,-0.77,-0.071,1.152,0.957
-1.178,-1.326,-0.189,-0.913,0.186,0.263,-0.157,2.047
-1.189,0.539,2.516,-0.027,0.01,0.456,-1.047,-0.296
0.985,1.587,-1.148,-0.06,0.299,-0.155,-1.705,-1.173
0.209,-0.012,0.903,0.555,0.897,0.564,0.318,-0.224
1.255,0.431,-0.45,0.507,-0.167,-0.384,-0.581,-0.397
1.278,-1.127,1.889,-0.037,-0.707,0.121,0.579,-0.788
0.513,-0.873,-1.267,-0.162,1.035,-0.416,-0.045,-0.821
0.053,1.287,-0.638,0.141,0.982,-0.759,-0.828,1.157
-0.137,1.156,-2.857,0.268,-1.057,-0.82,1.186,-1.444
0.762,1.025,-0.383,0.572,0.594,0.162,-0.744,0.025
-0.055,0.708,0.351,0.348,-1.343,-0.03,0.395,-0.019
-0.78,0.202,-1.282,-0.124,-2.095,-0.484,1.768,-1.329
-0.182,-1.154,0.757,0.439,-1.277,0.847,0.913,-0.446
0.778,-1.578,-0.023,1.825,1.038,0.296,2.731,-0.987
1.218,-0.15,-0.344,2.23,-1.59,-0.703,1.753,-1.993
0.455,1.624,0.22,2.692,-1.072,1.461,0.753,-1.121
1.584,-0.557,-1.944,-0.767,-0.35,0.575,0.119,0.774
-0.368,1.022,-0.999,-0.807,-0.279,-0.547,-0.314,-2.446
-0.157,0.448,-0.828,-0.742,0.495,-0.235,1.055,-0.823
-1.413,1.449,0.9,-0.573,1.334,0.098,1.449,-1.932
-0.368,-0.294,1.064,-1.258,0.752,-1.535,0.869,-0.576
0.879,0.278,1.148,-0.995,-0.148,-1.257,-0.145,-1.566
-0.194,1.325,0.409,-0.061,0.812,-0.387,0.187,-0.196
1.498,-0.034,0.439,-0.993,0.508,0.516,-0.087,-1.427
-1.011,-0.149,-1.249,-0.846,0.843,1.891,-0.669,-1.543
0.215,-0.39,1.293,-0.008,0.025,1.503,-0.492,0.106
-0.532,-0.086,-1.364,1.004,-0.479,0.337,0.045,-0.874
-0.599,-0.833,-0.725,-0.116,-0.488,-0.455,1.771,0.318
-1.171,1.248,-1.28,-0.148,0.227,1.125,-0.926,-1.879
1.068,1.597,0.653,-0.351,-0.065,0.238,0.838,0.594
-0.305,1.291,-0.201,-0.707,1.514,-0.682,-0.329,0.473
-0.493,1.555,1.069,0.389,0.006,-0.017,-1.156,-2.69
-0.593,1.964,-0.145,-0.442,1.539,-0.545,-0.819,-0.865
-0.358,-0.947,2.376,-0.688,-0.294,-0.179,-0.703,-1.365
-0.486,-0.473,-1.108,-0.797,0.481,-0.531,0.009,-0.767
0.3,0.618,1.458,-0.255,0.163,-0.944,1.118,0.052
0.473,-1.438,-1.455,0.117,0.517,1.341,0.438,-1.345
0.002,-0.491,0.116,-0.244,0.406,-0.364,-0.433,0.089
0.731,-0.485,-1.309,0.094,1.246,0.852,1.407,0.535
0.648,-0.347,0.293,1.032,0.436,0.272,0.967,0.327
0.475,-0.309,-1.111,0.518,-0.235,-0.265,0.682,-1.585
0.618,0.998,0.197,2.522,-0.724,0.467,0.445,-1.422
0.794,-0.275,-0.933,0.803,-0.811,1.7,-0.362,0.818
0.412,-0.448,0.091,0.592,-0.236,0.82,1.028,-0.73
0.281,0.788,-2.175,-0.595,-0.364,1.451,-0.301,-0.494
1.556,0.833,-0.43,-0.016,-1.761,1.029,-0.313,-0.562
-0.876,-1.727,-0.894,0.945,-1.298,1.76,0.953,0.801
1.204,-1.823,-0.308,0.47,-0.583,0.476,0.073,-1.701
0.734,-0.054,-1.564,-0.105,-1.237,0.329,0.59,-0.783
-0.014,0.043,0.754,-0.289,-1.675,-0.389,0.865,-0.391
-1.833,-0.831,-0.069,2.094,-0.105,1.034,-0.446,-1.291
0.017,0.007,0.183,0.568,-1.555,-0.751,2.642,-1.366
-0.988,0.109,1.238,-0.757,0.127,0.786,1.163,-2.53
-1.499,1.11,1.301,-1.08,-0.501,0.49,0.908,-0.607
0.037,-0.636,-1.058,-0.457,-0.432,-1.302,2.102,-0.748
1.233,-0.941,1.575,1.361,0.565,1.695,-0.967,-0.667
1.778,0.151,-0.235,-0.713,-1.295,0.36,-0.567,-1.165
0.013,-0.696,-0.608,2.096,1.511,1.597,-0.601,-0.765
2.642,-0.557,-1.562,1.199,-0.465,0.839,-0.399,-0.385
0.53,1.024,-0.842,-0.556,-0.192,1.148,0.278,-1.044
0.622,-0.434,-0.259,-0.118,-1.842,-0.597,0.152,0.811
-0.013,1.773,0.151,0.147,-1.236,0.252,-1.298,-0.253
-0.853,1.356,0.452,-0.548,-2.064,0.38,0.326,0.236
-1.92,1.408,-0.459,-0.629,-0.406,1.521,1.668,1.014
-0.674,1.494,0.065,-1.69,-1.736,-0.54,1.16,-1.417
-0.991,1.204,-0.165,-1.346,-0.076,1.12,2.509,-0.037
-0.729,-0.668,0.901,0.348,0.887,0.031,0.008,-0.071
0.822,-0.063,0.356,0.342,1.917,-1.949,1.085,-2.007
0.561,-0.409,-0.806,1.084,-0.045,-1.493,0.488,-1.859
-0.048,-1.085,-1.304,0.546,-0.35,0.418,0.2,-1.041
0.555,-0.589,1.164,1.299,0.338,-0.618,-1.315,1.643
-0.687,-0.96,-1.361,1.663,-1.075,0.272,0.69,0.952
-1.131,0.271,1.255,-0.414,-0.86,0.325,0.338,0.146
-0.298,-1.413,-1.283,1.08,-0.163,-0.779,1.298,-0.051
-2.349,0.217,1.563,0.045,-0.476,-1.522,0.286,0.048
-0.361,-0.728,0.492,-0.016,1.271,-0.076,-0.674,-0.04
-1.335,-0.858,0.358,1.249,-0.823,0.546,1.092,-1.422
1.915,0.978,1.54,0.579,-0.996,0.45,-0.238,-0.663
0.119,2.306,0.094,-0.752,-0.698,-0.178,-0.49,-1.046
-0.201,0.244,-0.832,-1.513,-0.364,-0.529,-0.227,-0.294
0.182,0.2,-1.543,-2.031,-0.846,-1.206,1.161,-1.026
-0.838,1.08,1.559,-1.824,1.042,0.079,0.081,-1.237
0.287,0.524,-0.453,-1.131,0.969,-2.067,-0.961,-1.19
0.21,-0.175,-0.231,-0.545,1.005,-0.769,-1.558,1.546
0.982,-0.419,-1.371,-0.347,1.654,-1.399,-0.01,0.994
-0.912,-1.245,-0.029,-0.803,-0.17,-1.541,-0.527,-0.253
0.83,1.227,2.158,0.253,2.349,-0.173,-1.021,-0.214
-1.17,-0.029,0.924,-0.568,0.08,-1.228,-0.161,-1.139
0.357,-0.999,0.756,0.598,0.991,-1.556,-0.844,-0.222
-0.506,-0.774,1.415,0.661,1.51,-0.236,0.033,1.064
-1.425,-1.934,1.312,0.998,-0.075,0.35,0.409,-0.268
0.537,-0.735,-0.204,0.72,0.589,0.503,-1.385,1.654
-0.704,-1.128,1.363,2.354,-0.07,-1.644,0.297,1.271
-0.857,-1.05,0.359,2.399,0.957,0.339,-1.254,1.133
0.979,0.32,1.681,-1.1,1.348,1.016,1.419,0.635
1.059,0.971,0.419,-0.985,1.098,-1.062,-0.529,-0.32
-0.428,-0.769,-0.091,0.006,0.047,-0.674,-0.071,-0.565
2.122,1.863,1.013,0.243,1.288,-1.94,1.116,-0.159
1.921,-0.623,-0.094,-0.809,1.47,-0.539,0.344,1.399
1.526,-0.82,-1.411,-1.111,2.353,-0.609,-1.068,-0.447
0.908,1.342,-1.505,0.624,0.261,-0.672,-1.258,-1.011
-0.088,-0.114,-0.716,-2.008,0.262,-0.067,-1.167,-0.12
-0.671,-0.863,-0.245,-1.132,-2.193,0.104,0.579,1.154
-1.894,-0.718,-1.043,0.066,-0.036,1.472,-0.883,1.317
-0.425,-0.877,-0.697,0.296,-1.314,-0.725,0.157,1.792
-0.978,0.056,1.199,2.538,0.32,1.466,1.402,-0.575
0.082,-1.975,0.314,0.734,-1.818,1.33,0.774,0.424
-0.277,0.248,-0.414,0.387,-1.745,1.823,0.531,1.032
0.165,0.24,-2.679,-2.166,-1.356,1.843,0.535,0.156
-0.377,0.373,0.352,-0.617,-0.419,1.375,0.406,-0.192
-0.31,-1.097,-1.788,-1.192,-0.219,0.978,-0.244,0.561
1.117,0.909,-0.59,-0.0,-0.579,-0.51,-0.368,-1.088
-0.496,0.511,-1.708,-0.223,0.762,-0.274,1.583,-1.019
-0.152,1.253,-0.558,-1.343,-0.069,-0.697,1.812,-0.253
-1.017,-0.695,-0.299,0.376,0.857,0.019,2.734,-0.353
0.519,-0.532,-1.694,-0.247,0.878,2.024,0.557,0.345
0.262,1.023,-0.888,0.436,-1.025,0.24,-0.638,-0.708
0.304,1.097,-1.281,-0.15,0.42,1.75,-0.565,-0.576
-0.019,1.677,0.696,-0.199,-1.131,-0.049,-0.007,-2.08
-1.346,0.495,-0.17,-0.466,-1.312,2.029,-0.341,-0.622
0.738,0.839,0.366,-0.325,-0.507,-0.096,-0.581,1.283
0.416,-0.819,2.948,-0.552,-0.159,-0.237,0.292,0.32
0.068,1.317,-1.005,0.242,-0.621,-0.233,0.309,1.961
1.126,0.933,1.732,-0.502,-0.842,-0.566,0.692,0.577
-1.573,0.255,-0.178,0.372,0.503,0.642,0.123,0.302
0.923,0.993,0.67,0.037,-1.312,0.431,1.059,-1.023
1.522,0.714,-0.217,-0.943,0.399,-1.034,0.478,-2.408
1.342,0.41,1.087,-1.142,-0.645,0.467,1.47,-1.063
0.624,-0.734,0.674,0.019,-0.893,-0.012,-0.013,-1.601
2.38,0.92,-0.249,-1.231,-0.804,1.649,1.399,-0.263
-1.496,-0.375,-0.464,-1.509,1.465,0.872,-0.305,-1.668
-0.807,-0.071,0.349,0.243,-1.124,-0.166,-0.967,-0.479
-1.949,-1.035,0.829,0.924,0.113,-0.621,-0.802,-0.518
0.009,-2.044,1.243,0.476,-0.316,-1.739,-0.317,-1.296
-0.269,-1.441,0.01,2.095,-0.825,0.08,-0.814,1.375
-0.484,-0.247,-0.265,1.255,-1.103,-1.484,-1.167,0.444
1.463,-0.87,-0.167,0.152,-0.428,0.933,-1.106,0.517
0.491,0.384,1.376,-0.13,-0.799,0.685,-1.261,-0.67
0.193,0.55,-0.349,-0.551,-0.149,0.881,1.093,-0.159
3.268,0.756,0.656,-0.012,0.269,0.252,-0.151,2.26
0.558,0.767,-0.181,0.422,-1.386,-0.234,-0.033,1.812
0.728,0.34,-0.626,0.258,-0.985,0.935,0.144,1.84
-1.663,-0.226,0.322,-1.464,-1.904,0.937,0.648,0.388
0.41,0.935,1.166,-1.091,-0.555,0.292,0.609,-1.415
-0.844,0.229,0.125,-1.717,0.204,-0.216,-0.511,-0.988
-0.484,-0.094,0.868,-0.773,0.114,-2.582,-0.539,0.421
-1.147,-0.65,-0.444,-0.677,1.18,-2.269,-0.322,-0.689
0.384,0.104,2.031,0.526,-0.091,-2.119,-1.037,2.577
0.647,0.771,-0.376,0.882,0.898,-0.785,0.603,-0.223
1.281,-0.044,1.464,-0.014,-0.795,-1.21,-0.267,0.864
0.278,1.105,0.804,0.882,0.381,-0.715,-0.45,-1.329
1.742,1.399,1.509,1.736,-0.294,-1.347,0.191,1.572
0.019,0.266,-0.268,0.851,-0.044,0.448,1.558,0.492
0.322,1.388,0.734,1.28,0.226,0.876,1.491,2.903
1.426,0.424,0.236,0.497,0.12,0.093,-0.378,1.636
0.532,-1.099,-0.518,0.484,0.621,0.434,-1.359,0.851
1.848,-0.297,-0.731,0.514,1.009,-0.268,0.946,-1.291
1.3,-0.052,-1.508,-0.033,-0.673,-1.728,2.358,-0.043
0.35,0.774,-0.544,-0.491,0.421,0.742,1.435,0.437
1.368,0.835,-0.705,0.048,-0.038,-0.449,-0.337,-0.063
-1.799,0.261,-1.049,-1.085,-0.639,0.965,-0.42,-1.021
1.303,-1.993,-0.126,-1.615,-0.994,0.451,-2.075,-1.252
0.414,0.71,-1.163,-0.311,-1.11,-1.778,-0.981,-0.75
-0.87,0.923,1.668,-0.036,-1.768,-0.058,2.342,0.295
-0.605,-1.115,-1.502,0.214,1.941,1.58,-0.467,-0.236
0.966,-0.896,-0.044,-0.709,0.506,-0.002,-0.339,-0.321
1.511,-0.749,-2.202,0.963,-0.714,0.773,-0.466,0.068
1.166,0.378,-0.123,-0.073,0.072,1.048,-0.047,1.01
0.901,-1.57,-1.05,1.439,-1.042,-1.358,1.61,-0.247
-0.353,-0.965,0.775,0.487,-1.253,0.301,-0.142,-0.068
-0.149,0.096,-1.397,0.8,0.444,0.936,-0.331,-0.143
-0.888,-0.597,1.06,0.519,-1.107,0.604,-0.476,2.079
-0.913,0.47,-0.472,0.114,0.106,1.093,1.022,0.533
0.422,-0.695,-0.115,0.58,-1.865,0.538,-0.173,1.469
-0.487,-0.168,-0.054,0.973,1.19,0.038,-1.236,0.997
0.734,-0.343,-0.084,-0.257,-0.076,-0.693,-0.485,-0.122
0.85,-1.059,-0.634,-0.665,-0.777,-0.033,-0.666,0.901
-0.303,-0.962,0.238,-0.509,0.736,-0.156,-0.072,0.494
0.644,-0.617,-0.338,-0.363,1.069,-0.796,0.405,0.355
0.039,-2.298,-0.529,1.449,-0.321,-0.816,0.868,1.242
0.157,-2.737,-0.795,0.871,-0.993,0.665,1.493,0.654
1.124,-0.467,-0.414,1.809,-0.258,0.615,2.232,0.25
0.771,-0.611,0.724,2.043,-0.664,1.36,0.877,-0.059
0.663,-0.105,-1.531,1.194,-3.245,1.779,-0.014,0.504
-0.01,-1.003,-1.006,1.376,-2.104,0.476,0.468,1.629
-1.593,-0.723,0.439,0.288,-0.751,0.554,1.767,-0.382
-1.215,-0.977,-0.146,-0.499,-0.385,2.123,0.876,2.033
-0.23,-0.7,-0.043,-1.881,0.33,2.394,0.933,1.003
0.553,-1.636,-0.782,0.281,-1.237,-0.199,2.3,-0.827
0.948,-0.793,-0.191,-0.085,-0.265,0.364,0.328,-0.183
-0.853,-0.35,-0.666,0.819,-0.524,-1.991,0.276,0.087
-0.18,1.667,-0.214,-0.49,0.916,-1.803,0.556,0.052
-0.909,1.276,-0.054,-1.809,0.386,0.121,-0.216,-1.908
-0.118,0.766,1.452,-1.25,0.072,0.145,1.435,0.221
0.201,0.801,-0.021,-0.433,1.652,-1.044,0.116,-0.355
1.596,0.712,-2.114,-0.451,0.272,-3.868,2.259,-1.143
1.027,0.916,1.818,0.452,1.688,-1.168,-1.408,-1.671
1.062,-0.377,-0.895,-0.389,1.288,-2.141,-0.149,-0.501
-0.455,0.007,-0.313,-0.673,0.752,-1.26,-0.294,0.596
-1.208,0.557,-1.426,-0.851,0.998,-0.71,-1.579,0.374
-0.04,-0.559,0.636,-0.21,-1.148,-0.229,-2.039,0.119
-0.924,-0.935,0.058,0.593,0.653,0.593,-0.186,0.329
-1.252,1.204,0.313,0.773,0.35,0.571,0.347,0.188
0.424,-0.445,1.397,-1.203,0.503,-0.689,0.32,1.026
0.128,-0.377,-0.653,-0.664,0.325,0.774,-0.083,-0.225
-0.72,0.184,0.817,0.726,0.382,-0.939,-0.768,-1.051
-1.013,1.894,-1.09,-0.396,0.596,-0.269,0.471,-0.62
0.878,-1.982,0.789,0.473,0.622,0.122,-0.173,-0.122
-0.305,0.46,-0.531,-0.769,0.33,-0.137,-2.87,-0.11
0.603,-0.757,-0.777,0.995,-0.497,-0.089,-1.786,2.437
-0.191,0.088,-0.438,0.343,0.055,0.988,-0.62,1.272
1.338,-1.066,-1.92,0.116,-0.05,0.687,0.609,0.404
0.587,0.356,0.561,-0.01,-0.126,0.307,-0.021,0.887
0.227,0.031,-1.091,-0.413,-1.619,0.941,2.455,0.121
-0.501,0.5,0.616,-0.06,-1.059,0.033,-0.38,-0.035
0.101,0.181,1.333,-1.62,1.136,0.373,1.683,-0.222
0.106,1.181,0.338,-0.844,0.844,-0.057,2.03,-1.204
0.233,-0.169,0.742,-1.543,0.906,-0.911,2.068,-0.367
0.722,0.65,-1.289,-0.34,-0.191,-1.261,0.167,-0.286
-1.543,1.588,0.23,-1.726,0.304,0.047,-0.641,-3.954
0.629,0.958,-0.787,0.875,1.174,0.343,-0.371,1.355
-1.006,-1.389,1.127,0.06,-1.405,-1.407,0.142,0.745
-0.412,-1.367,1.385,0.299,0.893,1.394,-0.142,0.357
0.866,1.137,-0.746,-0.054,-0.158,-1.349,0.854,-0.179
0.658,-1.232,1.563,-0.028,0.056,0.092,-1.856,-1.624
2.332,0.212,-1.186,0.018,1.04,0.924,0.804,-1.859
0.088,-0.248,0.047,-0.527,-0.089,-1.989,0.928,0.177
1.694,-0.91,0.749,-0.225,0.364,0.747,0.893,-0.68
-0.517,0.082,-0.479,2.164,-0.048,-1.055,0.005,-0.049
0.713,1.164,0.903,2.274,-1.104,-1.688,-2.042,-1.078
0.147,0.581,-1.0,0.408,-1.058,-0.026,0.305,-2.816
1.226,-0.16,0.159,-1.55,-0.658,1.349,2.519,-0.091
0.615,0.708,-0.279,0.919,-1.928,2.389,-0.648,-0.21
0.608,-0.49,-0.257,0.783,-1.22,-0.889,0.001,0.421
0.443,0.449,0.104,1.156,-1.585,-0.933,0.245,0.965
-0.777,-1.034,0.612,0.294,-1.17,0.673,-0.552,1.47
-1.352,-1.27,1.066,-0.202,-1.265,1.448,0.21,-0.553
0.624,-1.913,-0.452,1.908,0.293,0.664,-0.47,-0.713
0.887,-1.264,-1.109,2.107,-0.186,-0.265,0.45,-0.145
-0.016,0.779,0.255,0.525,0.047,1.32,-1.397,0.178
-0.776,0.051,-2.095,0.548,-0.13,1.696,0.441,0.337
1.056,-0.636,0.092,-0.079,-0.768,0.536,1.012,0.495
0.462,1.003,-0.032,-0.404,-0.266,-1.167,-0.211,-0.743
1.509,0.648,0.564,0.255,-0.349,-0.415,-0.648,0.353
-0.2,-0.622,1.457,1.056,0.056,-0.121,-0.758,0.053
2.283,-1.01,1.222,1.51,-0.525,0.629,-0.275,1.036
0.566,-0.743,0.292,1.967,-0.736,0.395,-2.264,0.199
-0.48,0.656,-1.25,1.414,-0.475,1.297,-0.099,0.809
-0.748,-0.605,-1.892,-0.048,-0.478,2.058,2.278,-1.107
-0.147,0.514,0.465,1.78,-0.624,-0.358,0.807,0.009
-3.081,1.232,-2.003,0.783,0.734,-0.289,0.089,1.432
-1.388,0.036,1.397,0.42,-0.922,0.696,0.964,-0.323
-0.398,0.492,-1.268,-0.452,0.366,1.211,-0.204,-0.329
0.604,-1.995,3.238,-1.843,-0.677,0.076,1.187,-0.648
-0.242,-0.575,-0.694,0.701,1.227,0.747,-0.169,0.512
0.768,-0.141,0.858,-0.256,-1.039,-0.632,0.097,-0.023
-0.723,-1.46,-0.358,0.755,0.152,-0.38,-1.145,-0.641
-1.631,0.504,-0.153,0.654,-0.272,0.165,0.644,0.872
-0.634,-0.143,0.6,0.356,-1.481,2.056,-0.451,-1.633
-1.11,-0.608,0.547,-1.009,-0.098,-0.619,-0.267,-1.363
-0.023,-0.464,1.501,0.474,0.65,-0.722,0.052,-0.158
-0.036,-1.159,0.407,-1.479,0.556,-0.312,0.194,-0.188
-0.813,1.766,0.17,-0.156,1.78,-0.962,0.553,0.907
0.275,1.085,1.091,-1.535,1.829,0.019,-0.51,-0.299
0.116,0.134,-0.416,1.281,1.738,0.236,0.204,1.022
1.48,-1.33,-0.615,0.678,1.124,-1.06,-1.618,-0.442
0.01,-1.209,-1.302,0.717,-0.545,-1.778,0.298,-1.151
-0.544,-1.139,-2.098,-0.229,0.511,-1.25,0.398,0.617
0.481,1.167,0.328,-1.119,-1.631,0.78,-1.003,-1.615
-0.882,0.732,-0.842,-2.48,-0.307,0.207,0.303,-0.306
0.959,1.676,-0.461,-1.258,-1.485,0.354,-0.326,1.495
0.101,0.731,-1.184,1.222,1.316,1.285,-0.597,-0.829
-0.724,0.056,-0.763,-0.929,-1.866,1.837,0.971,0.637
0.866,0.394,0.079,-0.804,0.36,0.368,0.593,-0.144
-0.939,-0.029,0.358,0.804,-0.703,-0.274,0.714,-0.047
0.069,1.316,-0.943,-0.638,0.281,1.046,0.096,-0.116
0.388,1.24,-0.431,-0.114,-2.089,0.959,0.281,-0.333
1.542,0.24,-1.168,-1.217,-0.002,-0.023,0.454,1.044
-1.847,-0.413,-0.58,-1.528,0.077,-0.86,0.968,-0.782
-0.15,-0.485,0.087,-0.754,-0.856,0.622,-0.867,-1.259
-0.974,-0.889,1.689,-1.389,0.503,-1.58,-0.544,-0.201
-0.24,-0.671,0.612,-1.718,-0.334,-2.398,0.418,0.457
0.135,2.429,2.664,-1.157,-0.48,-1.366,0.041,0.214
0.464,-1.072,-0.009,-0.835,1.242,-0.349,0.182,-0.889
2.113,-0.328,3.355,-0.848,-0.03,-0.87,0.468,0.584
0.886,0.326,-0.616,-0.108,2.042,-2.22,1.66,-1.214
1.274,-1.185,-0.062,-0.382,1.196,-2.598,-0.87,0.034
1.64,-1.017,-1.19,0.401,1.536,-2.157,0.477,0.449
0.175,0.23,0.955,2.045,-0.337,-1.224,0.374,-0.392
-0.715,-1.881,0.129,0.44,0.498,0.637,0.027,0.246
1.249,0.645,0.171,1.389,0.107,0.316,-0.812,-0.45
0.588,-0.315,-0.319,1.53,-1.749,2.02,-0.086,-0.994
-0.324,-0.204,-1.484,1.535,-0.79,0.511,-0.218,2.024
-0.124,-0.068,-1.324,0.87,-2.219,0.31,0.404,-0.484
-1.489,0.326,-0.669,0.83,0.123,0.781,-0.372,1.257
0.902,-0.673,0.282,-0.362,-1.147,-0.854,2.676,-0.55
0.249,-1.031,-1.074,0.911,-0.913,0.584,1.806,0.214
-0.795,0.331,1.781,1.083,-1.027,0.956,0.952,-0.714
-0.492,-0.628,0.647,-1.566,-0.651,0.783,0.797,-2.112
0.863,-1.528,2.788,-0.283,-0.387,0.032,2.478,-1.307
1.026,1.708,-0.481,0.183,-0.062,-1.054,0.57,-1.191
-0.422,-0.061,0.444,-0.574,-1.977,0.045,0.117,-0.625
-0.029,-0.466,-1.112,-0.617,0.336,-0.249,-0.321,-0.468
-0.161,-1.069,-0.473,1.703,-1.072,0.09,0.48,-1.751
0.204,-0.244,0.567,0.72,1.398,-1.404,-0.084,-0.426
-0.037,-0.959,0.927,-0.47,-1.397,0.012,0.949,-0.631
-0.414,-0.811,-0.061,-0.208,0.82,0.031,-0.608,-0.351
-0.484,0.808,0.574,1.42,-0.098,0.282,0.412,-0.438
-1.169,-0.639,-0.753,0.695,0.156,-1.151,0.049,-0.167
0.576,0.426,1.385,1.119,-0.126,0.317,2.451,-1.471
-0.013,1.059,-0.583,0.239,-0.307,-0.457,0.665,-0.019
-0.652,0.765,1.515,-0.043,-0.161,0.513,-0.065,0.971
-0.706,0.139,-0.007,-0.88,0.533,-0.026,0.214,0.193
-0.219,-0.896,0.801,-0.19,-0.049,1.649,0.458,0.226
-1.274,0.002,0.928,-0.487,-1.607,-0.417,-0.687,-0.437
-0.388,-2.272,-0.174,-0.563,0.499,-0.401,0.968,0.16
0.822,-0.47,-0.248,0.118,1.088,-1.738,0.617,-0.25
0.434,-1.546,-1.149,0.56,0.296,-1.547,-0.705,0.857
-0.533,-0.917,-0.934,1.028,0.494,0.774,-0.35,-1.115
-0.58,-2.162,0.205,-0.535,0.775,0.029,-0.598,-2.158
-1.67,-1.848,-0.531,-0.246,-0.086,0.83,-0.823,-0.093
-0.782,-0.636,-0.712,1.321,-1.157,-1.191,0.365,-1.531
-1.95,-0.773,-0.001,1.101,-0.896,1.143,-0.747,-0.259
-1.096,1.258,0.169,0.472,-0.182,0.165,-0.006,-0.184
0.361,-0.779,-0.371,0.891,0.888,0.972,0.686,0.181
-1.354,0.574,-0.086,-0.479,0.287,-0.566,-0.276,0.001
-0.91,-0.334,-0.882,0.0,0.475,-0.087,-0.08,-0.889
1.361,1.748,0.627,0.559,-0.585,0.069,0.186,1.121
1.721,1.113,-1.424,-0.743,1.434,0.569,2.013,0.091
1.571,0.218,0.05,-0.376,-2.35,0.231,0.646,-0.467
1.67,0.304,-0.199,0.094,-0.471,1.347,0.303,0.574
1.303,1.007,-0.741,-1.287,-0.675,-0.412,-1.417,-0.941
-0.355,-1.249,0.038,-1.412,0.975,0.617,-0.602,0.193
-0.73,0.655,0.734,-1.079,0.26,0.299,-1.349,1.122
-0.569,-0.492,0.302,-0.298,-0.514,-0.922,-1.313,1.006
-0.074,-1.379,-0.272,-0.738,-1.451,-0.631,-0.826,0.182
-1.136,-0.683,-0.697,0.364,1.496,0.689,-1.638,-2.036
-1.456,-0.001,1.249,-0.276,-1.017,0.616,-0.176,1.254
-0.559,0.454,-0.032,-0.175,1.118,-0.293,-0.097,0.066
-0.386,1.216,0.632,-0.262,0.139,0.306,0.174,-0.387
-1.002,-1.055,0.276,-0.615,1.839,0.117,-0.604,-0.592
0.665,0.271,0.237,0.667,-0.252,-1.223,-1.338,0.871
-1.068,1.363,0.04,-1.595,0.197,0.355,0.394,2.311
1.533,-0.108,1.257,-0.058,0.013,0.805,0.374,2.275
-1.54,0.448,-1.888,1.309,0.327,0.109,-0.837,-0.571
0.365,0.834,-0.098,1.624,-0.515,-0.982,1.55,1.758
-0.463,0.075,-0.945,0.731,1.037,-0.089,-1.009,-0.446
0.502,-1.323,-0.821,0.898,-0.838,-0.329,1.442,-0.442
-1.236,1.255,1.159,1.766,0.234,1.608,1.419,-1.606
0.337,0.31,0.355,-0.243,-1.085,-0.632,1.997,-2.064
0.46,1.35,1.529,0.902,0.119,1.896,-0.039,1.097
0.318,-1.221,0.679,-0.076,-1.195,0.152,0.94,-0.375
2.02,0.692,0.567,-1.231,0.913,1.812,-0.309,-0.339
2.185,1.702,-0.099,1.446,-1.623,-0.013,0.965,-0.149
1.837,-1.135,-0.011,-1.79,1.277,1.545,0.781,-0.992
2.876,-0.373,0.014,-0.944,-1.94,0.758,1.115,1.286
1.564,-0.215,-2.281,0.35,0.592,-0.644,1.14,0.281
0.213,-1.002,-0.094,0.187,-0.463,-0.475,-0.673,0.755
-0.851,0.425,0.01,0.35,0.106,-0.312,0.158,-0.491
-3.023,-0.987,0.118,-0.557,-0.953,2.765,-0.435,0.434
-2.37,0.981,0.491,0.721,-1.38,-0.358,-0.358,-0.861
-1.591,1.925,0.62,1.032,-0.308,0.071,-0.408,1.816
-0.006,0.523,1.914,-0.062,1.134,-0.081,0.161,-0.885
-0.155,1.496,-1.87,0.037,0.317,-2.348,2.538,1.252
0.677,0.74,-0.04,-0.469,-0.401,-0.152,0.022,0.425
-0.325,-0.427,0.615,-1.525,-0.073,0.153,1.98,1.093
0.345,1.2,0.156,-0.661,-0.02,0.648,1.038,-0.868
-0.429,1.945,-0.565,-0.425,0.243,0.309,0.174,0.369
-1.443,0.134,0.183,-1.286,-0.346,-0.377,-0.057,-0.507
0.237,1.639,1.128,0.789,-0.142,1.493,0.517,-0.67
0.099,1.177,1.554,-1.136,0.073,0.239,1.708,0.674
-0.379,0.366,1.169,-1.357,0.952,0.278,-0.774,0.023
0.244,0.532,0.766,-0.767,0.614,0.711,-0.603,0.14
1.324,-0.218,-1.091,-1.294,0.012,-1.335,-0.11,-1.168
2.032,-1.074,-1.367,-1.607,1.506,0.127,-0.513,-0.162
1.283,-1.674,-1.736,-1.087,-2.254,-1.104,0.818,-0.241
1.114,-2.714,-0.044,1.096,1.179,-0.904,1.158,1.329
-1.598,-2.664,-1.876,0.437,1.526,-0.405,0.189,2.287
-0.87,-1.664,0.291,0.328,-0.335,0.56,-0.896,1.857
-1.377,0.493,-0.117,0.22,2.167,1.125,2.152,0.107
-0.36,0.324,0.947,-0.424,-0.901,0.338,0.255,1.086
0.564,0.186,-1.349,-1.326,-0.584,0.907,1.533,0.886
1.24,0.493,0.355,-2.61,-0.854,1.155,-1.14,-0.157
2.681,0.51,-2.917,0.117,0.67,-0.709,0.729,-0.361
0.954,0.281,0.218,0.261,-0.382,0.053,1.888,-0.683
-0.9,-1.204,-0.534,0.423,2.07,-0.283,1.481,1.482
0.729,-0.546,-1.147,0.935,1.035,-0.013,-0.085,1.125
0.331,-0.732,-1.256,1.011,1.781,-0.468,-0.29,0.172
-0.494,-0.907,-0.259,-2.671,0.254,-0.752,0.405,-1.481
0.836,0.393,-0.938,0.35,0.268,0.746,1.127,-0.051
-0.686,-0.606,-0.908,-0.719,-0.931,0.394,-0.262,-0.926
0.154,0.434,0.212,-0.054,-0.171,0.869,-0.204,-0.639
0.055,0.389,-0.133,1.542,0.349,1.303,-1.151,-0.953
0.694,-1.638,-1.578,-0.601,-0.169,0.136,0.011,-0.302
1.141,0.779,-1.621,1.396,0.034,1.28,0.054,-0.395
0.466,-0.016,-0.3,0.6,-0.621,0.355,-0.433,-1.777
0.499,1.569,-0.84,0.306,-0.13,1.981,-0.688,0.409
-0.383,-0.839,-1.939,0.427,-2.499,-0.359,-0.135,0.125
-2.179,-0.628,-0.346,0.687,-0.165,0.501,-0.748,-0.502
-0.762,0.223,-0.153,2.914,0.973,0.592,1.654,0.105
-0.691,1.044,0.673,-0.86,-0.791,2.182,-0.708,-0.293
-1.215,-0.754,0.648,-1.11,-0.648,1.845,0.365,-0.752
0.726,0.344,-0.102,1.353,0.189,0.135,1.746,-2.038
-1.375,-0.267,1.021,-0.29,0.3,-1.354,2.087,0.068
-0.036,-0.983,-0.935,0.057,0.475,1.972,0.426,-1.836
-0.981,-0.317,2.032,1.68,-0.389,-0.786,1.179,-0.388
-0.659,0.136,1.072,-0.928,-0.42,0.673,-1.883,-1.236
1.003,1.553,2.784,1.169,-1.133,1.137,-0.613,0.51
0.835,0.533,-0.374,-0.226,-0.406,1.884,-0.31,0.409
2.853,-0.587,0.106,-1.19,1.315,0.355,1.697,-0.235
0.461,0.801,-2.68,-0.129,-0.805,0.101,-0.155,-1.752
0.646,0.059,0.198,-0.71,-0.647,0.294,-0.872,-2.823
-1.593,0.055,-0.863,-0.898,0.332,-0.059,-0.673,-0.812
-0.342,-1.217,0.192,-0.169,0.28,-0.365,-0.414,-1.076
-1.037,-0.527,-0.379,0.381,-0.162,-0.729,-1.136,-0.21
-0.892,-1.511,1.37,1.199,0.957,-0.871,1.29,0.625
-1.039,-0.863,1.017,-0.594,-0.044,-0.346,0.095,0.791
1.281,-1.392,0.862,1.192,0.493,0.83,0.176,2.158
0.187,-0.241,-0.584,0.489,0.119,0.178,-0.653,1.933
-1.58,-0.176,1.711,0.259,-2.038,-0.311,1.358,-0.037
-1.178,-0.765,2.367,-0.16,1.409,0.638,0.086,0.251
0.234,-0.737,-0.573,0.367,-0.068,1.183,-0.725,1.329
-0.724,0.912,2.543,0.206,1.133,-0.133,0.527,0.992
-0.331,-1.662,0.924,-0.223,1.907,-0.331,-0.507,0.378
0.728,-0.79,0.742,0.354,0.058,0.297,-0.818,0.773
-0.064,-0.249,-0.255,0.117,1.224,0.157,0.5,1.302
1.957,-0.435,-0.244,0.745,1.357,-1.292,-0.922,0.148
0.324,-0.632,-1.555,-0.34,-0.359,-1.36,0.374,-0.454
3.844,-0.657,1.044,0.128,-0.055,-1.067,0.239,-1.888
-0.621,0.138,-1.631,-0.518,-0.581,0.905,-1.752,1.402
-0.227,0.856,-0.68,0.67,0.818,0.525,-1.679,-0.476
-1.597,0.838,0.211,-0.505,-0.345,1.083,1.507,-0.628
-2.497,-0.83,-0.236,-1.624,-0.624,0.94,0.164,1.261
-0.721,-1.51,1.359,-0.277,-0.032,-0.401,-0.357,0.505
-0.259,-0.432,0.319,0.91,-0.392,-0.248,2.296,-0.941
-1.722,0.588,2.125,-0.443,-1.496,0.817,1.597,-0.513
0.13,-0.13,0.066,1.359,0.749,1.024,1.407,-0.775
0.016,0.043,1.347,0.447,0.573,0.009,1.223,-0.742
1.119,1.183,-0.965,-0.635,1.332,0.899,0.079,-0.269
0.487,0.731,0.036,0.802,0.001,-0.872,0.62,-0.058
0.27,1.395,0.398,-0.86,1.388,-0.047,1.267,0.187
0.964,1.291,-0.361,-0.419,-1.403,0.025,0.841,-0.283
-0.447,0.214,-0.035,-1.303,1.432,0.7,-1.17,-1.087
0.124,0.919,0.497,-2.411,-1.282,1.434,1.842,-0.075
2.19,0.626,0.005,-0.539,-0.939,0.544,1.047,-0.662
-0.527,-0.143,-1.786,0.016,1.068,-0.837,-0.775,-0.976
1.501,-0.115,-1.299,-0.358,-0.921,-0.182,-0.049,0.8
-0.696,0.409,-0.644,0.69,-0.996,-0.756,0.455,0.328
-0.344,-0.893,0.411,-0.559,0.604,-0.301,0.762,-0.272
0.583,-0.973,0.146,-0.403,-1.266,0.651,0.372,-0.225
1.191,-0.706,0.336,0.617,-0.253,1.561,-0.315,-1.453
1.264,0.048,0.637,-0.79,-1.364,-0.682,1.174,-0.958
1.885,-1.014,0.619,1.19,-0.025,0.535,-0.44,-0.799
1.396,-1.005,0.726,0.149,0.734,0.808,0.786,-1.73
1.004,-0.921,0.545,0.057,0.53,0.175,-1.136,0.092
0.861,-2.042,-0.867,0.049,-0.723,0.609,-1.109,-0.357
0.428,-0.484,-0.537,1.348,-0.608,1.218,-0.967,0.398
-0.348,-0.166,-2.116,0.919,-0.433,0.26,-0.334,-0.932
-0.996,-0.463,1.418,1.967,-0.395,-0.252,-1.75,-1.348
-2.321,0.977,-1.517,0.58,-0.095,0.152,-0.3,-0.993
-1.033,-1.23,1.999,0.831,0.031,1.041,-1.069,1.095
-0.412,-0.615,1.563,-1.405,-0.889,1.304,-1.252,1.208
1.761,-0.174,0.868,1.321,0.868,0.981,-1.456,0.151
0.679,-0.414,1.27,1.252,0.568,0.702,0.041,0.441
0.774,-0.136,-2.012,1.576,0.446,1.474,1.434,-0.444
1.803,-1.111,1.176,1.047,1.474,0.197,0.603,0.358
-1.117,-0.057,0.538,0.644,-1.438,0.245,1.088,0.475
1.078,0.275,-0.736,-1.267,0.297,1.221,-1.389,-0.267
0.871,-1.0,-1.773,0.435,-0.963,-0.149,-1.476,-1.919
1.433,-0.429,-0.546,1.023,-1.304,-0.735,-1.487,-0.845
0.245,-0.751,0.28,-0.926,-1.583,0.022,2.15,-0.066
0.299,0.222,0.072,-0.241,-0.061,1.165,0.684,1.583
-0.576,-0.632,-0.619,-1.7,-2.337,1.735,0.76,1.432
-0.366,-0.169,0.148,0.451,-0.357,1.377,2.301,-0.707
-0.355,0.91,0.824,-0.139,1.055,-0.088,1.398,-1.413
0.334,2.253,-0.261,-1.917,1.461,0.294,-0.061,-0.646
-1.745,-0.906,-1.313,-0.396,0.868,-1.427,0.193,-1.187
-1.313,0.307,-0.815,0.532,0.163,-0.602,0.569,-2.109
0.428,0.605,-0.569,0.544,-1.172,-1.467,0.177,-1.88
0.047,-0.203,-0.106,-0.595,0.373,-0.369,1.812,0.279
-0.897,2.581,1.217,-0.795,0.063,0.738,0.401,-2.267
-0.085,0.857,-0.4,-0.855,0.736,0.193,0.023,-0.393
0.254,0.197,-0.389,0.165,0.958,-0.173,2.034,-1.471
-0.107,-0.654,0.101,-1.917,-1.565,0.531,1.44,-0.705
-0.313,0.137,-0.697,-1.27,-1.302,-0.517,0.268,-2.331
-0.296,1.771,-0.18,0.386,1.317,0.169,-0.022,-1.597
-0.711,2.157,1.219,0.608,-0.328,-0.298,-0.447,-1.566
0.366,0.87,0.806,-1.515,-0.382,0.322,0.233,0.044
0.904,0.177,-0.13,-1.149,2.773,0.567,-0.401,-0.947
1.583,0.432,-0.777,-0.145,-0.541,-0.799,1.045,0.353
2.606,-0.494,-0.828,3.249,0.624,-1.508,-0.633,-0.655
1.029,-0.922,-0.826,-0.349,-0.876,0.845,-1.536,0.964
-0.163,0.355,-1.285,-0.047,-0.079,1.602,0.146,1.192
-0.805,0.863,-1.019,-0.411,-0.952,0.444,1.266,-1.069
-1.188,-0.861,-0.248,-0.516,-0.36,0.041,-0.387,0.511
-1.87,0.237,-0.736,1.099,-1.329,0.019,1.105,-0.128
-1.352,0.941,0.096,0.712,0.196,0.611,-1.521,-1.642
-0.168,1.621,0.613,-0.588,0.472,0.71,2.079,0.985
-1.032,-0.057,2.182,-0.122,-0.859,1.229,1.481,0.93
-0.71,0.326,0.332,-0.268,0.775,1.592,0.124,0.197
-1.017,-1.042,-0.766,0.166,-1.23,-0.38,0.585,0.509
-0.812,0.586,0.031,0.517,0.878,-0.044,1.466,1.032
-0.594,2.246,-0.764,0.028,-0.015,-1.783,-0.182,0.39
1.025,0.616,0.677,-1.134,0.431,0.479,-0.353,-1.007
-0.079,-0.608,-0.238,-0.392,-0.369,0.269,-0.725,-1.213
-0.428,-1.177,0.267,-0.597,1.849,-0.751,-0.227,-1.455
0.705,0.648,-0.332,0.199,1.814,-0.652,1.203,1.096
0.924,0.604,0.081,-1.092,0.8,-1.233,1.23,0.316
-0.34,-0.883,0.059,0.789,1.492,0.416,1.55,-0.413
0.695,0.333,-1.712,-1.636,1.198,-2.404,1.743,0.487
0.216,-1.601,0.773,0.157,0.468,0.002,0.205,2.119
-2.568,-0.723,0.052,1.296,0.785,-0.822,0.337,0.574
-1.221,-0.54,-0.084,0.846,0.844,-1.389,-0.827,-0.91
-0.748,-0.007,0.163,-0.807,1.894,-0.228,-0.836,0.143
-1.631,-1.696,-0.414,0.104,0.302,0.723,0.662,0.291
-0.459,-0.937,0.102,0.444,1.172,0.384,0.705,-1.734
-0.23,0.002,-0.273,1.673,0.409,-1.415,-0.32,-1.153
0.298,0.614,-1.208,-1.436,-0.541,1.442,-1.958,-0.358
-0.914,-0.968,-0.479,-0.553,0.53,-1.434,-1.133,0.887
-1.085,-0.913,-1.046,-1.491,-0.055,0.286,0.058,0.621
-0.825,0.003,-0.25,0.468,-0.01,0.615,1.908,0.226
1.26,0.363,0.247,0.555,-0.129,-0.342,0.257,1.692
-0.586,-1.113,0.788,-0.105,0.785,0.482,0.69,0.143
-0.053,-1.399,-0.828,-0.328,-0.158,-0.01,-1.331,-1.338
2.001,0.645,0.317,-0.516,1.961,1.308,0.017,-0.253
1.273,0.543,-0.231,-1.637,1.529,0.856,1.204,-1.779
1.733,1.453,-1.488,-0.958,0.685,0.59,-0.718,0.852
1.625,1.517,-1.28,-0.481,2.082,0.892,-0.672,-0.45
1.229,0.471,-0.895,-0.327,0.707,-1.736,0.514,0.515
-0.275,1.506,-1.158,-2.299,0.345,-1.53,-0.176,0.821
-1.143,-0.11,-0.063,-1.675,0.847,1.001,-0.467,0.862
-1.65,0.678,-1.204,-1.439,0.793,2.12,1.609,0.076
-0.315,1.937,-0.053,0.16,-1.242,-0.551,-0.236,-0.903
-0.822,1.467,-0.885,-0.934,-0.539,-0.224,0.533,1.138
-0.939,2.223,1.84,-1.972,-0.802,0.311,0.227,0.6
-0.585,-0.57,0.335,-0.464,2.23,-0.012,1.344,-1.385
-0.169,-1.114,0.84,-1.011,-1.306,-0.624,1.408,0.534
-1.536,-1.195,1.832,-0.151,1.392,-0.373,-0.072,1.946
-1.116,-0.999,1.742,-0.609,-0.517,-1.831,0.922,-0.268
1.923,0.79,1.267,-0.081,2.123,-0.994,-2.864,0.258
0.143,0.402,0.261,-1.297,0.873,-0.649,-1.012,1.031
0.7,1.448,1.473,-1.157,-0.246,-0.29,-1.709,-1.632
0.686,-0.298,-1.479,-1.644,0.52,-2.279,0.336,-0.797
1.774,0.307,0.117,0.295,-1.038,-0.886,-0.96,0.227
-0.242,0.595,-2.253,0.494,-0.585,-0.105,1.391,-0.494
-0.509,0.163,0.535,0.882,-0.818,0.368,-0.961,0.053
-1.468,-0.459,-1.342,1.239,0.252,-0.403,-0.536,2.494
-0.433,0.539,1.669,-0.507,-0.794,1.136,0.384,0.61
-1.189,-0.822,-0.015,-0.292,0.805,2.637,0.929,1.471
-0.749,1.477,0.573,0.116,-2.02,0.156,-1.792,0.408
-0.499,0.641,-0.581,-2.67,1.641,2.634,-0.371,0.801
1.153,-0.344,1.682,-1.508,0.538,0.565,-0.515,0.988
0.798,0.515,1.622,0.167,0.387,-1.3,0.683,0.169
0.177,0.904,1.064,0.649,0.532,-1.606,0.917,0.655
-1.472,-0.591,-0.193,0.737,-0.349,-0.982,-0.507,0.116
0.377,0.2,-1.85,0.874,1.564,0.056,1.948,1.184
1.96,-1.639,0.401,0.7,-1.489,-0.387,-1.336,-0.1
1.593,-0.321,-0.972,-0.727,0.245,0.995,-0.735,-0.093
-0.535,-1.042,0.476,-0.596,-1.363,0.863,0.444,-0.253
-0.585,0.026,-2.312,-0.932,-0.764,-1.237,-1.831,0.44
-1.091,-0.97,-1.148,0.516,0.576,0.084,0.212,0.926
-0.819,-1.259,-0.334,-0.312,0.764,-0.086,0.975,1.108
-1.013,-0.554,-0.264,-0.145,-2.045,1.112,0.905,0.29
-2.137,-0.334,0.618,-1.456,0.125,1.569,-1.194,1.104
-0.168,-0.176,0.749,0.191,-0.793,-0.535,-0.167,1.301
-0.938,-0.708,-0.012,-0.432,1.561,2.483,1.85,0.343
0.245,-0.279,0.741,-1.123,-1.554,0.437,1.081,-1.428
-0.315,-0.596,1.933,-0.036,-0.888,-0.165,-0.731,-0.898
-0.64,1.288,-0.125,-1.212,-0.608,1.868,0.005,-0.17
-0.12,-0.463,0.266,-0.484,0.437,0.034,-1.746,0.023
-0.628,-1.336,1.112,-0.14,-0.223,-1.347,-0.406,1.099
0.658,1.148,0.303,0.332,0.583,-2.402,-0.811,0.828
-0.772,-1.11,0.89,0.071,0.28,-3.109,-2.177,-0.238
-0.659,-0.775,0.396,0.81,-1.074,-0.961,-1.529,0.739
-0.064,-0.531,0.933,0.788,-0.098,0.758,-1.705,1.115
-0.235,-1.472,0.397,1.233,-0.342,0.336,-1.176,1.326
0.59,0.851,0.611,0.678,1.617,-0.069,-0.492,0.409
0.527,0.151,-0.127,0.016,0.553,0.047,0.082,2.134
0.801,-0.213,-0.257,-0.274,0.263,-0.3,-0.147,-0.151
0.217,-2.755,-0.911,0.992,0.52,-0.489,0.371,1.627
0.224,-0.333,-0.485,1.459,0.289,-0.328,-0.248,0.679
0.335,-1.649,1.586,1.473,-0.731,-0.323,-0.321,-0.177
0.101,0.009,0.387,0.223,-0.199,1.04,-0.839,0.152
1.827,-1.82,1.862,0.305,-0.112,0.358,0.388,1.171
-0.654,-1.832,-2.358,-0.886,0.563,0.539,-0.198,0.918
-0.557,-2.549,1.45,2.107,-1.959,0.661,0.566,-0.08
-1.491,0.583,-0.777,0.427,-0.588,2.39,0.174,1.532
0.605,-1.723,0.995,1.407,-1.803,0.636,1.276,-0.006
0.303,-2.15,1.12,-1.416,1.498,1.189,1.57,0.496
1.328,1.061,1.158,-0.238,-1.063,-0.945,1.809,0.495
1.521,0.094,0.465,-0.007,1.415,-0.347,0.937,0.347
0.6,0.706,0.037,0.932,-1.298,-1.487,-0.335,-0.149
0.152,-1.074,-0.8,0.24,0.53,-0.235,0.601,0.306
-0.321,-0.398,-0.574,1.49,-0.552,-1.697,-0.114,0.397
1.601,0.207,-0.465,0.293,0.3,0.37,2.374,-0.493
0.434,1.358,-0.138,-0.441,-2.149,1.553,0.306,-0.244
0.497,1.778,0.312,1.108,-0.29,0.583,0.896,-2.32
1.153,2.433,-0.438,-2.614,-2.125,-0.172,0.698,-0.62
1.389,0.045,-0.863,-0.832,0.689,1.088,0.143,-1.439
-0.635,0.358,0.548,0.923,-0.669,-0.484,1.052,0.381
0.636,-0.33,-0.456,0.108,-0.449,0.572,-1.421,-0.251
0.095,-0.692,1.215,1.186,-1.057,-1.569,1.349,-0.552
-0.128,-0.162,-0.582,1.439,0.672,1.269,0.303,0.273
-0.079,0.589,0.429,-1.292,-0.932,0.856,0.013,0.351
-0.1,-0.339,0.109,1.336,1.525,1.963,1.337,-0.065
-0.854,-0.971,-0.257,0.938,0.298,-0.293,1.356,0.099
0.121,-0.125,-0.113,1.447,0.37,-0.219,0.327,-0.108
-0.059,-1.677,0.336,-0.024,-0.994,0.565,0.614,1.002
-0.782,1.579,-0.528,0.717,3.128,-0.711,-1.192,0.627
-0.768,1.1,-0.432,-0.374,-0.269,0.525,-1.323,-1.881
0.561,-1.464,-0.761,0.616,-0.686,0.379,-0.072,-0.525
0.315,-0.967,1.735,-0.74,-0.484,1.532,0.242,-1.255
0.566,1.793,-0.134,0.136,0.501,-0.575,-0.722,-0.816
-0.303,-1.713,-0.678,-1.495,0.101,-1.558,1.687,0.658
0.716,0.756,1.084,-0.73,-1.183,-1.824,1.506,-0.277
-0.73,0.259,-0.809,0.177,0.145,-2.16,0.183,-1.053
-0.158,0.219,0.894,-1.832,-0.058,-0.123,0.16,-0.258
-0.94,-1.282,0.139,-1.839,1.241,0.55,-1.691,-0.273
0.772,-1.712,1.342,0.125,0.899,-0.795,0.428,-0.391
0.759,0.159,-0.815,-1.242,-0.228,-1.923,0.593,-0.661
0.556,-0.984,-0.206,1.678,-1.318,-0.187,-0.427,-0.244
1.331,-1.159,-2.179,-0.905,-0.895,0.096,1.027,-0.503
-1.122,-1.671,-0.368,2.461,-0.932,-0.225,1.429,-0.352
-0.181,0.214,-0.152,1.269,0.574,0.645,0.227,0.222
0.701,0.47,0.245,1.103,-1.963,2.449,1.981,1.239
0.996,0.803,-1.31,-0.769,0.692,1.946,0.28,-0.593
-1.508,1.015,-0.742,-1.873,0.981,2.178,-0.362,-1.152
0.638,1.916,1.361,0.74,-1.438,1.311,-0.881,-2.738
-0.059,0.539,-0.149,0.44,-0.832,-1.025,-0.82,-0.411
-0.512,-0.124,1.338,0.32,0.013,-0.147,-0.172,-2.823
0.607,-1.482,0.382,-0.375,1.511,0.003,0.519,-0.289
1.038,-1.681,1.767,-0.14,0.344,1.799,0.424,0.579
0.242,-1.144,-0.589,-0.583,-0.941,0.282,-0.348,1.223
2.043,0.182,0.139,1.125,1.49,-2.713,-1.707,0.106
1.852,0.373,-0.418,-0.831,0.288,-0.595,0.235,-1.055
-0.104,2.745,0.248,0.15,-0.736,-0.503,0.817,-1.68
1.932,2.395,-1.506,-0.712,0.552,0.276,1.777,0.926
-0.218,0.366,1.137,-0.499,-0.262,1.814,0.378,0.811
-0.646,-0.318,0.129,0.208,0.343,1.632,0.07,0.237
0.241,-2.312,0.532,0.897,1.127,0.242,-0.124,-1.173
-0.17,-1.546,-0.624,1.204,0.289,-1.03,0.284,0.205
-0.868,0.66,1.359,0.574,-1.153,0.194,0.535,-1.043
0.133,-0.373,-0.939,1.236,-0.272,0.016,0.562,1.476
-0.077,-0.979,-0.028,0.643,-1.23,-0.04,-0.406,-0.735
-0.138,0.185,-0.551,0.333,-0.725,0.287,0.345,0.659
0.297,-0.332,0.875,1.3,-0.795,-0.077,-0.431,0.106
-0.558,-0.423,1.318,1.17,-1.635,-0.668,1.478,1.21
0.341,-0.701,-0.306,0.23,-0.162,0.246,0.822,0.384
-0.312,-0.58,0.165,-0.275,-0.771,1.578,0.954,-0.04
0.694,-1.937,0.965,0.965,-0.132,1.225,0.039,-0.933
-0.234,0.743,-0.097,0.097,1.266,1.811,0.771,-0.981
0.262,-1.289,2.742,1.067,1.15,-0.858,-1.246,0.09
1.257,3.254,-0.543,-0.489,2.105,0.006,-0.589,-0.534
-0.474,-1.845,0.089,-1.616,-1.628,0.13,-0.324,-0.709
0.87,-1.051,-0.011,-0.172,1.702,2.06,-0.452,-0.535
0.332,1.059,-0.028,1.696,0.442,0.322,0.696,-0.154
0.061,-0.221,-0.782,-1.04,-0.208,0.372,-0.634,1.046
-0.124,0.295,1.912,0.718,-0.928,0.907,0.057,1.01
-0.634,-0.511,0.359,1.137,0.414,-0.609,-1.128,0.118
0.868,1.361,1.836,-0.237,-0.729,-0.3,-0.761,1.616
-0.309,0.809,-0.64,-1.621,-0.29,-0.739,0.682,1.992
1.262,0.367,-0.201,-0.842,0.955,-0.576,1.433,0.15
0.389,0.036,-1.25,-1.063,0.849,-0.762,-0.041,0.346
-1.209,0.298,0.374,0.279,-0.134,-1.405,0.538,0.344
-0.65,0.291,0.738,-0.029,0.32,0.408,-1.363,0.486
-1.972,-1.369,0.117,0.094,0.171,-1.117,-0.467,-1.027
0.289,0.131,2.2,1.002,1.768,-0.029,2.676,-3.219
1.092,-0.606,0.295,-0.834,2.104,-0.278,-0.608,-2.09
0.649,0.715,-0.5,-0.24,-0.505,0.029,-1.627,0.629
-0.678,-0.237,1.171,0.531,0.473,1.005,-0.147,-0.012
0.486,-0.04,2.295,-0.198,0.297,0.146,-0.488,-0.119
-1.244,0.488,1.527,0.793,1.577,-1.869,-0.568,0.784
0.764,-0.925,0.081,0.425,-0.031,-0.946,0.141,1.091
0.865,1.486,0.102,-1.038,2.619,-0.685,-1.223,-0.428
0.903,-0.117,0.124,-1.417,0.144,-0.423,-1.093,0.565
1.552,-0.185,-0.193,0.294,0.349,-0.992,0.292,0.016
0.533,0.989,0.909,1.099,-1.736,-0.964,-0.49,0.729
0.305,0.384,-0.851,-1.478,1.311,0.032,0.111,-0.68
-0.042,0.916,-2.066,-0.98,-0.997,-2.39,-0.678,0.102
1.29,-0.459,-0.935,-1.534,1.514,-1.683,-1.147,-0.431
1.634,-0.081,-0.078,0.262,0.535,-1.831,0.621,-0.372
1.505,-1.753,-0.58,-1.004,0.601,-0.813,0.702,-0.205
2.079,-0.138,1.355,0.423,-1.364,-0.55,0.633,0.424
0.271,-0.284,-0.499,-1.135,1.387,0.394,0.7,1.119
1.529,-0.122,1.096,-0.867,0.233,0.301,0.124,1.664
-0.093,0.183,-0.693,1.848,-0.035,-0.655,-0.508,-1.343
1.852,0.661,-0.522,1.238,-0.12,-2.327,-0.726,-1.847
0.445,2.024,-1.428,-0.151,1.764,-0.746,-0.277,0.452
-0.641,-0.509,-0.4,-0.425,-1.106,-1.5,0.58,0.559
0.97,-1.596,-0.281,-0.966,0.634,-0.509,0.468,-0.385
-1.038,-0.547,0.745,-1.226,-0.791,-1.47,-0.203,0.575
-1.651,-1.019,0.542,-0.346,0.508,-0.365,0.073,-0.797
-0.9,0.027,0.005,0.517,1.448,0.022,-0.035,1.879
2.111,-0.332,-1.387,1.106,1.116,0.136,0.83,-0.609
0.106,0.707,0.508,1.36,0.594,1.056,-1.067,-1.069
1.355,-0.834,-0.115,-0.544,-2.081,-1.012,-2.342,0.502
1.031,1.042,-1.07,-1.321,-0.749,0.714,-0.701,1.687
0.666,1.836,-1.125,-0.377,-1.411,-0.326,-1.059,1.528
0.063,-0.415,-1.907,-0.133,0.911,-0.436,-0.313,0.748
-0.727,-1.682,-1.1,2.291,0.421,0.576,-0.475,1.459
0.042,0.8,0.499,-2.101,-1.471,0.597,1.421,0.27
1.053,-0.842,0.721,-0.373,0.042,0.845,-1.067,-0.824
0.552,1.664,-0.283,-0.007,-0.9,1.229,-1.202,-1.79
-0.322,-0.433,-0.01,1.942,0.291,0.805,-1.111,0.787
-1.861,-0.817,-0.959,0.971,-0.531,-0.511,0.773,-0.283
-0.445,0.444,0.833,0.583,0.512,0.159,-0.13,0.734
0.488,-0.91,1.471,0.376,3.102,0.339,0.267,0.214
0.516,-0.171,-0.148,-0.548,-1.965,1.806,-0.389,-1.394
-0.024,0.19,0.564,-1.101,-0.055,0.917,-1.407,0.709
-0.383,-1.158,0.834,-0.663,-1.114,0.452,-1.125,-0.924
0.564,-0.7,1.803,-0.316,1.502,-1.446,-1.125,0.991
0.544,-0.681,0.067,0.594,0.643,-0.145,-0.445,1.797
-0.848,-0.45,0.456,0.03,0.425,0.325,0.674,1.387
0.042,-0.482,-0.569,1.084,0.82,0.63,-1.384,-1.138
-0.314,-0.198,1.225,-0.814,0.389,-0.596,-1.326,2.18
-1.267,-0.792,0.41,-0.695,-0.153,0.637,-0.185,-0.165
-0.591,-1.4,0.528,-1.841,-0.905,0.648,-0.146,0.505
-0.207,-1.172,-0.322,-1.57,1.302,1.067,-0.176,1.469
-0.821,-0.521,0.317,1.943,-1.157,-1.214,0.947,-0.748
-0.004,0.383,0.89,-0.394,0.115,0.049,-1.528,0.093
-0.957,-0.554,1.587,-0.32,-0.058,-0.332,-0.156,1.027
-0.864,-0.404,-0.032,0.336,0.804,1.272,-0.692,-1.043
-0.375,0.129,-0.081,1.401,-1.876,-1.428,-0.376,0.791
0.271,-0.264,-0.961,-0.48,-0.416,0.554,-1.445,-0.687
0.453,0.675,0.168,-0.928,1.364,0.65,0.527,2.16
-0.653,0.273,-1.118,-0.381,-1.024,0.596,-0.557,0.504
-0.265,-0.365,1.178,-2.299,0.199,1.414,-1.229,0.016
0.915,-0.928,-0.985,-0.939,-0.202,-0.035,-1.095,2.279
0.185,-1.082,-0.509,-0.579,-0.752,-2.369,-0.845,0.719
0.857,0.712,0.032,-0.147,-0.639,-0.474,0.605,-0.066
-0.458,-0.08,-0.907,-0.402,-2.067,-0.444,2.481,-1.218
-1.297,-0.086,0.416,0.487,0.146,-0.597,0.531,-0.362
0.946,-0.581,-0.313,-0.929,-1.562,0.147,0.166,0.147
1.682,-0.08,-0.523,-0.485,-0.946,-1.225,-0.545,0.74
1.769,-0.238,0.017,-0.267,-1.944,-0.397,-0.404,1.379
0.036,-0.539,-0.165,-1.778,-1.151,-1.201,-0.537,0.033
1.824,-0.608,0.26,1.392,-0.908,-1.6,-0.635,1.51
0.132,-1.345,-0.285,0.855,0.36,0.513,0.279,-0.533
0.509,-1.726,1.088,0.18,-1.913,0.999,0.142,-0.144
0.027,-0.798,-1.169,-0.8,-0.693,0.606,-0.188,0.259
0.264,0.525,-1.942,1.236,-0.341,-0.938,-0.11,0.547
-1.116,-0.065,0.297,0.52,-1.77,0.532,1.192,-0.095
-2.414,1.58,-1.807,-1.868,0.843,-0.366,1.012,0.272
-0.657,0.33,1.864,-0.95,1.705,0.05,-1.724,-0.924
-0.971,1.265,0.379,-1.264,-0.064,1.374,1.406,-0.55
1.032,1.732,1.319,-1.54,0.35,0.73,1.619,0.264
0.128,2.132,0.043,-3.239,-0.057,-1.237,1.935,0.022
-0.754,0.401,-0.047,-1.966,1.751,-0.76,-0.435,-0.357
-1.023,-0.861,-0.174,-1.494,-0.106,-2.321,-0.357,-0.69
0.244,-0.441,0.5,0.631,1.814,-2.41,0.15,-0.502
-0.448,-1.133,0.121,0.893,-1.472,-0.169,-0.195,-0.069
0.739,0.257,0.235,-0.584,1.032,-0.622,-0.832,0.778
1.246,1.179,-0.151,0.264,0.263,0.61,-0.669,0.774
0.236,-0.646,0.002,-0.834,0.911,-0.518,0.805,-0.071
-0.804,-0.171,0.374,-1.433,-1.172,-0.893,-1.457,1.646
0.324,-0.582,0.864,-0.399,-1.665,-0.577,1.211,0.862
-0.975,1.539,0.805,-0.028,-1.093,-0.151,-1.175,-0.762
0.079,-1.243,-1.096,1.09,0.101,0.021,-1.175,1.035
0.341,0.124,-0.85,0.65,0.085,1.648,0.282,-1.006
0.704,0.281,-0.78,1.425,-0.398,-0.084,-0.455,0.195
0.179,-0.062,-0.669,0.435,-0.725,0.633,-0.885,1.105
0.084,0.519,0.767,-0.099,-0.116,0.08,0.512,-0.164
0.356,-0.647,0.429,0.44,-0.432,2.282,-0.252,-0.922
-0.449,-0.533,-0.482,0.707,-0.772,1.593,0.847,-1.46
-0.755,0.162,0.531,0.159,0.051,0.864,-0.552,-1.372
-1.847,-1.145,0.345,0.859,-0.811,-0.489,0.65,-2.026
0.131,-1.553,0.51,0.84,0.5,0.528,0.566,-1.251
1.683,-2.662,-0.49,-0.941,-0.584,0.753,-1.001,0.247
1.196,0.008,0.117,-0.534,0.635,0.947,-0.435,-1.079
-0.415,0.367,0.349,3.207,-0.51,-0.227,1.181,0.735
1.291,0.58,0.614,0.922,-0.025,-0.349,0.367,1.752
0.306,0.665,-1.015,1.121,-0.896,0.53,0.763,1.414
1.869,1.471,-0.836,-0.649,-1.03,1.513,0.289,2.038
-0.629,2.124,1.188,-0.165,0.805,0.33,0.451,0.471
-0.294,-0.989,0.092,0.159,-0.037,-0.686,-0.516,-0.184
0.3,0.767,0.304,-0.379,0.992,-2.316,-0.284,1.904
0.245,-1.465,0.566,0.299,-0.197,-1.235,-0.226,0.586
0.67,-0.743,0.159,0.952,0.291,1.204,1.004,0.862
1.673,-0.993,0.385,-0.084,1.365,0.062,0.462,-0.357
-0.106,0.125,-1.511,-0.055,2.372,-1.983,-0.725,-0.139
0.303,-0.398,-0.313,0.369,-0.58,0.261,-0.973,-0.434
0.103,0.124,-0.195,0.657,1.802,-0.939,-0.629,0.475
1.141,1.025,0.374,2.144,-0.011,-1.543,-0.118,1.803
0.354,0.644,-1.839,-0.56,1.428,-0.118,-1.092,2.562
1.111,0.228,1.562,-0.838,-0.557,-1.409,-0.721,1.991
-1.887,-0.374,-1.048,0.64,-0.085,-0.124,-0.535,-0.372
-0.658,-0.94,2.019,-0.253,-1.883,0.334,-0.243,0.033
-1.887,-0.901,-1.332,0.173,-0.043,0.269,-0.6,1.554
-0.145,-1.43,1.14,0.39,-0.559,1.518,-1.28,0.027
-0.371,-0.532,1.596,0.519,0.764,2.974,-1.518,-0.096
-0.408,1.83,0.807,-0.454,-0.653,1.419,-0.849,-0.335
-0.052,-0.705,2.458,-1.024,-0.137,1.136,0.738,0.941
1.45,1.338,0.055,-0.105,-1.059,0.885,0.491,1.063
-0.006,0.308,0.84,0.825,-0.141,1.53,0.2,0.344
0.021,-0.121,0.481,-0.788,-0.704,-0.554,-0.261,1.133
-0.42,0.691,0.898,-1.238,0.024,0.208,-0.256,0.914
-0.024,-0.416,0.282,-0.147,2.534,0.448,-0.489,-1.224
-0.479,0.46,1.02,-0.655,1.34,-0.605,-1.825,-0.267
1.16,-0.019,0.305,0.031,1.629,-1.648,-0.234,0.453
-0.769,0.98,0.615,-1.982,0.106,-1.15,-0.555,-0.069
1.322,-0.626,-0.787,-0.005,0.671,-0.767,-0.066,1.443
0.554,-1.35,-0.944,0.873,0.815,-1.096,-1.89,-0.562
-0.23,-1.174,-1.01,1.801,-0.469,0.966,-1.149,0.933
0.119,0.75,-0.892,0.73,-0.256,0.911,-0.626,0.049
1.291,0.722,-0.468,0.639,-0.351,0.74,0.917,0.528
-0.137,0.499,-0.108,0.358,0.656,0.609,-1.423,0.944
0.44,0.344,-0.058,-1.177,-0.264,0.511,0.637,0.874
-0.889,-0.225,-0.248,-0.39,-0.638,1.08,-0.187,0.987
-0.359,0.943,-0.136,-1.671,-0.999,0.193,1.594,-0.235
-0.155,0.901,1.273,-1.097,2.351,-1.111,0.635,-0.51
1.434,0.203,-0.386,0.75,-1.423,-1.326,2.007,1.396
0.172,-0.504,0.968,-0.057,0.893,0.056,-0.601,-0.725
0.272,-0.573,0.249,0.876,-1.371,-0.432,-1.086,-0.197
1.029,-0.021,0.277,-0.91,-1.006,-0.306,-1.219,-0.32
1.543,-0.168,-0.592,-0.465,-0.272,0.823,-0.213,-0.908
0.598,2.453,0.592,0.387,0.321,1.387,0.111,-0.311
-0.252,-0.499,-2.392,0.053,0.332,0.713,0.986,0.553
0.988,0.206,-0.636,-0.193,0.489,0.805,0.417,0.163
-0.674,-1.283,1.212,-1.256,0.792,0.607,1.108,0.882
0.414,-1.431,0.453,-0.639,-1.977,-0.618,0.097,-0.197
-0.165,-0.776,-1.338,-0.945,-0.68,0.104,-0.775,1.196
-0.902,-0.129,2.48,0.251,-0.964,0.13,0.832,-0.201
-1.593,0.352,0.547,0.561,0.242,-2.44,-1.446,2.534
0.318,1.928,-0.907,-0.895,-0.553,0.634,-0.846,1.183
-0.308,1.037,-0.518,0.25,1.598,0.285,-1.314,0.681
-0.383,-0.356,-0.684,1.629,-0.811,0.029,-0.377,-1.181
-1.303,-0.32,0.128,0.33,-0.42,1.311,0.042,-0.456
-0.09,1.111,0.032,-0.255,-0.892,-0.831,0.947,-1.054
-0.206,2.827,0.72,-1.186,-0.273,0.208,-0.517,1.4
0.231,2.417,-1.014,-1.405,-0.936,0.645,-1.179,1.406
0.804,0.341,0.605,-0.605,0.797,-0.481,-1.187,2.162
0.393,0.329,0.775,-0.793,0.485,0.774,-0.345,0.057
-0.758,1.02,-0.319,-1.092,0.884,-1.643,0.786,0.279
1.24,-0.767,-0.504,0.372,1.048,-1.254,-0.01,-1.075
-1.723,-0.632,-1.322,0.068,-1.585,-1.496,0.687,-1.262
0.663,0.09,-0.261,0.834,-0.949,0.551,0.553,0.098
-2.18,1.484,0.699,0.126,-0.609,-2.128,0.017,-0.064
-0.968,0.317,1.385,-1.978,0.017,-0.348,0.016,-0.391
0.616,-1.428,1.013,1.173,1.133,0.447,0.223,1.531
-0.278,-0.367,1.687,1.502,2.186,0.973,0.167,0.061
-0.922,-0.051,0.718,-0.891,0.004,-1.463,-1.146,-1.655
-0.32,-0.793,0.321,0.463,0.975,0.687,-1.671,-0.33
0.336,-1.65,0.52,0.521,0.461,0.508,0.058,-0.19
0.548,-0.269,0.204,-0.21,1.511,-1.042,0.362,-1.094
0.336,-0.604,0.584,-0.452,-0.552,-0.503,-0.74,-1.002
0.691,-1.219,0.105,0.503,-0.584,0.472,0.261,-1.076
0.252,0.548,-0.491,-0.488,0.214,-0.072,-0.13,0.595
-0.779,0.961,1.103,-0.206,1.669,-1.287,-1.315,1.704
-0.493,-0.55,-0.315,0.072,0.561,0.212,-0.608,1.601
-0.677,-0.81,-0.576,-0.704,1.791,-0.231,-0.071,0.033
-0.164,-0.629,1.375,-1.393,-0.74,-0.572,-1.235,1.214
0.167,0.88,0.004,1.445,0.213,0.354,0.7,1.74
2.238,0.151,0.429,1.551,-0.607,0.966,-0.123,-0.627
0.216,-0.86,-1.105,-0.276,-0.642,0.877,0.244,-0.341
0.441,-0.319,-0.437,0.894,-0.927,-0.825,0.612,-0.745
-1.09,-0.531,-0.182,-0.146,1.125,-0.375,0.584,-1.871
0.266,0.119,1.463,1.327,-0.948,-0.822,-0.989,-0.728
-0.356,-0.793,0.005,1.149,-1.149,0.081,-1.04,-1.582
0.986,0.004,-0.256,-0.309,-0.337,-0.405,-0.18,-1.309
0.344,1.386,-1.247,-0.277,0.406,2.051,-0.615,-1.45
-0.944,0.813,-0.106,-0.995,0.455,-0.874,0.158,-1.139
1.101,0.892,-0.705,-0.836,0.169,-0.062,0.586,-0.41
-0.851,0.7,0.192,-1.875,-1.156,-1.652,-1.555,0.737
-0.319,1.522,1.133,-0.059,0.681,-1.138,-0.868,0.712
-0.552,1.509,1.082,0.405,-0.177,-1.258,-0.731,0.473
-0.303,0.94,0.575,-2.477,0.882,-0.87,-0.601,-0.307
0.169,2.045,1.781,0.469,1.521,-1.269,-0.776,-0.408
0.998,2.201,-0.893,-1.472,1.318,-0.666,-0.884,-0.85
0.314,2.053,1.172,0.907,0.745,-0.984,-0.62,0.667
0.828,0.48,0.532,-0.784,2.002,0.671,-0.289,-0.129
1.067,0.888,-0.172,1.589,1.861,-1.234,0.36,0.174
1.14,0.481,-0.072,0.536,1.204,-0.404,-0.849,-1.424
0.655,-0.334,-1.164,0.082,0.587,-0.823,-0.879,0.432
0.104,1.69,-0.682,-1.847,1.608,0.434,-1.293,-1.642
-1.036,0.273,0.456,-1.478,-1.04,-0.255,-1.383,1.668
-0.458,-1.505,-0.042,-0.467,2.235,0.522,-0.235,1.587
-1.166,0.818,-0.058,-1.057,-0.887,-1.151,-0.762,0.699
-0.238,0.341,0.118,-0.422,0.452,-1.456,-0.927,-0.889
-0.643,-1.382,-0.688,0.017,1.064,-2.222,1.613,1.782
-0.338,-0.347,-0.736,-0.985,-0.339,-2.388,0.348,1.171
-0.171,1.414,0.904,-0.51,0.745,-0.746,-1.139,0.325
-0.115,0.543,-1.403,-0.986,0.116,0.992,-0.96,1.145
-0.832,0.966,0.649,-0.94,0.351,-1.384,-0.135,1.11
-0.009,1.449,-0.1,0.084,0.358,-0.523,-0.414,2.071
-0.334,1.375,-0.309,-0.373,-0.748,-1.094,-0.599,0.455
0.121,-2.042,-1.461,-0.106,0.802,-0.539,0.051,-1.219
-0.059,-0.958,-0.777,0.339,-0.412,0.999,2.094,0.307
-0.674,-0.866,-2.023,1.293,1.106,0.338,0.235,-0.963
0.298,-2.385,-0.277,1.17,-2.038,0.081,1.436,0.67
0.007,-0.924,-0.612,1.178,0.157,1.481,1.13,-0.211
-0.533,-0.813,1.775,0.512,-1.447,1.301,2.265,0.056
-0.36,-0.035,2.147,0.732,-0.283,0.455,0.8,-0.485
2.605,-0.637,0.115,-0.133,0.626,0.404,-0.128,-1.752
0.743,0.703,-1.033,0.438,0.318,0.502,-0.915,-1.842
0.786,-0.143,1.169,1.145,-1.235,1.249,-0.446,1.034
1.133,2.147,-0.578,-0.062,0.805,1.217,0.717,0.269
0.511,0.421,0.896,0.975,0.401,1.181,-0.539,0.525
1.662,0.652,-1.013,-0.03,0.603,-0.215,-0.393,0.144
0.126,-1.212,-0.283,0.728,-1.05,-0.805,0.25,1.92
0.182,-0.036,-0.792,0.751,1.824,0.996,-2.134,-0.144
0.892,1.358,-0.095,-0.173,-2.04,-0.355,0.711,-0.452
-0.052,-0.364,-1.714,-0.32,-0.48,-0.097,-1.016,-0.975
0.303,-0.762,0.033,-0.219,-1.519,-0.537,-0.682,0.324
-0.052,0.307,-0.83,1.84,1.732,-0.404,1.538,1.459
-1.179,-0.091,0.212,-0.18,0.974,0.007,1.08,1.825
-0.985,-0.457,0.019,0.53,-0.204,-0.063,1.284,0.212
-0.227,0.03,-1.678,0.293,-1.325,-1.228,1.297,0.338
-0.231,-0.472,-1.414,0.398,-1.095,-0.611,1.043,-1.147
0.977,0.966,0.098,-1.442,-0.202,0.255,0.515,0.01
-0.646,-0.246,-0.513,-0.146,-0.027,-0.599,-1.162,-0.3
0.205,-0.709,0.61,-0.647,0.812,1.179,0.097,0.115
0.068,1.318,-0.232,0.432,-0.265,0.475,1.056,-0.144
-0.167,2.512,0.727,-0.621,0.67,1.322,1.327,0.672
0.412,-0.128,0.564,-0.247,1.124,-0.634,0.61,0.149
-0.784,-0.204,1.548,-0.668,-0.415,-0.059,-0.445,1.032
0.772,-1.652,-0.661,-0.561,0.912,-1.443,-0.369,-0.717
0.779,-0.997,-0.768,1.628,0.167,-1.072,-1.717,-0.368
0.91,-0.163,0.237,0.818,1.142,-0.716,-0.782,-1.083
-0.422,-0.162,-0.088,1.102,0.879,0.697,-0.494,-2.763
-0.869,0.413,0.688,0.095,0.078,0.789,-0.307,-0.574
-0.705,1.422,-1.313,-0.25,-1.71,-0.305,-0.549,-1.983
1.078,2.598,-0.563,-0.78,-0.285,-0.091,0.149,-1.124
0.376,0.418,-0.885,-0.987,0.859,0.013,-0.088,-0.614
-0.131,-0.531,0.827,-1.715,-0.94,2.362,1.819,0.625
0.849,1.24,0.336,-1.111,1.434,-1.206,1.418,0.317
-0.399,1.228,2.281,0.183,-1.844,-0.911,1.437,-0.503
0.263,0.326,1.14,1.656,0.335,-0.146,0.591,0.248
1.121,0.552,-0.329,0.213,-1.308,0.962,0.357,0.785
0.573,0.979,-0.693,0.243,1.833,-0.256,0.717,-1.716
1.919,2.222,-1.337,-0.692,-0.547,-0.844,-0.467,-1.418
2.291,0.585,-0.091,-1.223,0.58,0.312,-0.055,0.725
1.096,1.168,-1.18,-0.592,2.206,-1.034,-0.104,-0.144
-0.587,1.387,-0.217,-0.319,0.794,-2.23,-0.048,-1.604
-0.59,0.131,-1.009,0.384,0.617,0.085,0.299,-1.066
1.358,1.289,-1.004,0.583,1.183,-0.291,-0.255,-0.261
0.816,1.733,-0.759,0.243,0.368,-1.53,-1.287,-0.945
0.228,0.424,-0.673,-0.981,0.245,0.697,-2.4,-1.598
0.77,0.047,-0.553,0.137,1.115,0.499,-0.388,-2.021
-0.082,1.15,-0.502,1.014,0.129,-1.12,-0.696,-0.193
-0.047,1.324,0.094,-0.066,1.279,-1.021,1.539,0.095
-0.581,0.065,0.244,0.956,1.402,-0.318,0.337,-1.772
0.159,-0.103,-0.391,0.618,-0.674,-0.376,-0.365,-0.553
0.083,-0.205,0.162,0.033,0.766,0.436,-0.143,-1.291
-0.311,-2.082,0.26,-0.768,0.028,-1.073,-1.115,0.405
-0.611,1.038,-0.491,1.179,-0.528,-0.06,-0.932,0.593
0.031,0.977,0.195,-0.298,-0.708,1.77,-0.641,-0.041
0.442,0.155,-0.516,-0.49,-1.634,2.465,0.077,1.19
0.649,-0.386,-0.886,1.081,0.741,1.076,-0.533,0.585
0.99,-1.983,0.189,0.053,-0.961,0.421,0.918,-0.668
-1.089,-0.816,-1.505,0.862,-0.372,0.758,-0.155,0.821
-0.361,-0.357,-0.04,0.344,-0.291,0.313,0.042,-1.071
-0.344,-1.401,0.548,1.179,0.254,1.769,-0.854,-1.385
-1.88,0.795,2.377,0.143,0.84,-0.768,-0.3,1.061
-0.192,0.712,1.037,-0.287,1.214,-0.257,-0.196,1.73
-1.251,1.134,0.718,0.463,0.511,-0.494,-0.56,2.585
-0.842,1.32,1.995,-0.983,1.559,-1.029,-0.017,0.926
1.191,-0.502,0.016,-0.182,0.508,-1.088,0.503,1.813
0.004,-0.563,0.952,0.879,0.27,-1.297,-1.467,-0.124
0.455,-0.578,-0.417,0.081,1.148,-1.62,1.953,0.68
-0.043,-0.547,1.893,-0.036,0.238,-0.2,0.895,-0.839
1.877,0.966,0.819,0.661,0.658,-1.329,0.308,-1.75
1.245,0.406,1.701,0.969,-0.859,-1.281,-0.932,-1.651
2.981,0.068,-2.126,-0.475,-0.868,-0.823,0.737,-0.46
1.937,0.869,-1.505,-0.249,0.745,-0.751,-0.81,0.812
1.377,-1.866,-1.363,-0.42,0.154,-1.333,-0.269,1.061
0.638,0.563,-1.896,0.386,-1.081,-0.432,2.28,0.092
-0.728,-2.08,-0.332,0.9,-1.07,1.213,1.32,-1.211
-0.489,-0.112,-0.863,-0.144,0.242,0.987,0.707,0.561
0.292,0.671,0.591,-1.434,-1.561,1.495,0.901,-1.057
-0.254,0.504,-0.813,0.591,-1.68,0.691,1.006,-1.206
-0.229,-1.037,0.095,1.249,-2.172,0.968,1.872,-0.086
0.095,-2.096,0.574,0.913,0.752,1.059,2.285,-1.541
-0.903,-1.295,-0.573,0.143,0.055,2.684,1.286,0.392
-0.418,0.957,0.725,2.096,-1.538,0.706,0.494,-1.122
1.031,0.65,-0.441,0.905,0.412,0.771,0.074,0.473
-0.89,-2.282,-0.782,-0.009,-0.364,-0.771,0.926,-0.919
-0.457,-0.644,-0.151,1.145,-0.28,-0.797,-0.515,-0.86
0.72,0.756,0.811,0.622,-0.979,0.474,-0.336,0.02
1.116,1.602,0.301,0.758,1.425,1.894,0.704,-0.339
-0.842,-0.326,-0.489,0.025,-0.198,0.146,-0.768,-0.14
-0.838,1.486,-0.296,-0.149,-0.798,0.181,0.028,0.475
-1.054,1.063,0.992,-1.209,-1.587,-0.436,2.166,-0.273
-0.685,1.382,1.277,-1.089,-0.48,-1.049,1.393,0.321
-0.403,0.795,0.215,0.927,1.189,-2.77,-0.354,1.819
-0.918,-0.274,-0.085,0.17,1.091,-1.235,-0.678,0.689
-0.159,1.204,2.076,0.196,-0.117,-0.574,0.474,0.665
-1.231,-1.298,-1.253,0.28,2.226,-0.12,-0.678,1.457
-0.764,-0.945,1.886,1.574,1.591,-0.466,0.425,-0.981
0.238,-0.971,0.82,1.887,-0.239,-0.332,-1.366,0.562
0.31,0.18,0.592,0.736,-0.576,0.038,0.23,0.575
0.109,0.248,-0.049,1.613,1.474,0.1,1.459,-0.607
1.572,-0.965,0.623,-0.557,0.267,0.287,-0.509,-0.077
0.304,-0.181,1.228,1.58,0.435,1.067,-0.918,0.326
1.332,0.19,-0.918,1.074,0.938,0.598,-0.497,0.249
0.69,-1.304,0.136,0.021,0.615,0.42,0.219,1.494
-0.784,1.121,0.024,0.936,0.043,-0.915,-0.698,1.344
0.13,-1.12,0.954,0.416,-0.629,-0.397,0.652,-0.843
1.225,0.1,-0.134,1.814,1.395,-0.396,0.06,-1.028
1.046,0.379,-0.677,0.564,-0.679,0.307,0.976,-1.027
-0.875,0.064,-0.452,0.318,-0.235,1.709,-0.999,-1.805
-0.273,0.923,-1.336,0.039,-1.067,-0.163,0.335,-0.21
-1.34,0.581,-0.989,-0.815,1.478,0.938,-0.263,-0.812
-2.603,-0.927,0.766,0.064,1.108,0.572,-1.247,1.727
-0.078,-0.345,-0.649,-1.902,-0.453,0.785,0.261,0.451
-0.121,0.734,1.062,-1.391,-0.427,-0.261,-0.298,1.16
-1.426,-0.098,1.245,0.796,0.363,-0.106,-0.699,-0.972
-1.063,0.928,2.68,-1.221,0.407,-0.421,-0.996,0.517
-1.662,0.471,0.709,-1.673,1.199,-0.496,-2.262,1.068
-0.537,-0.73,1.206,-1.083,0.487,1.076,0.296,-0.368
0.252,-1.251,-2.155,0.392,-0.032,-0.985,0.045,-0.9
0.42,-0.818,-1.403,0.52,0.315,-1.645,-0.263,0.035
0.293,-0.344,-2.649,-0.65,-0.915,-0.6,-0.392,1.018
0.248,0.039,-0.947,-0.951,-0.193,-0.916,0.038,-1.059
-0.711,-0.155,-0.68,1.333,-1.273,0.167,0.494,-1.362
0.639,0.516,-0.697,0.989,0.505,1.179,-0.761,-0.583
0.185,1.034,-0.653,-1.026,-0.206,-0.481,0.853,1.586
0.863,-1.26,-0.115,-0.853,0.741,-0.919,0.269,-0.255
1.142,0.691,-1.233,-0.915,-0.127,0.389,1.291,-0.441
-0.024,0.454,0.509,-0.25,-0.234,0.764,-1.071,-1.255
-0.608,0.241,-0.616,0.385,0.296,-0.064,-0.472,0.537
-0.04,-0.268,1.822,-2.102,0.321,-0.583,-0.532,1.045
-1.378,0.821,0.575,-0.202,0.642,1.151,-1.392,0.301
1.023,-0.519,2.477,0.875,-0.884,0.113,-0.738,0.256
-0.263,0.419,0.031,0.025,1.276,0.55,0.039,0.275
0.317,-0.026,1.158,0.009,-1.657,0.168,1.514,1.1
-0.309,0.202,-0.62,1.776,0.734,0.19,0.614,0.093
1.004,-0.038,1.718,1.425,0.021,0.118,-0.366,0.944
-0.801,0.185,0.329,0.97,-0.469,1.771,1.142,-0.652
2.69,0.504,0.415,1.206,-0.776,1.755,1.028,-0.26
-1.625,0.299,-1.961,1.118,0.383,1.385,0.477,0.438
-0.299,-0.289,0.251,0.035,-0.081,-1.122,0.729,1.53
0.163,0.457,-1.43,-0.59,0.787,2.047,0.477,1.771
0.31,0.659,0.811,-0.739,-0.225,-0.461,1.957,0.463
-0.39,0.009,-1.567,-0.281,-0.359,-1.129,0.422,-2.07
-0.007,1.003,-0.363,-1.461,-2.039,-0.431,-0.11,-0.726
0.142,1.497,-0.343,-0.166,-0.346,-1.312,-0.044,-0.157
0.371,0.836,-1.158,-1.524,-1.878,1.357,-0.833,-0.862
0.101,2.053,-1.293,-0.653,0.341,0.523,-1.496,0.442
0.899,0.204,-0.633,-3.131,-2.086,-0.702,1.385,-0.53
0.094,-0.671,-1.12,-0.698,-0.281,-0.654,-0.26,-0.57
0.553,1.396,-2.27,-2.657,-1.48,-0.976,0.288,-0.682
-0.051,0.805,-2.559,-1.981,0.971,-2.003,0.662,-0.628
-0.761,0.667,-0.663,-0.031,-0.339,-2.923,-0.06,-0.235
-2.356,-0.707,-0.662,-1.545,0.837,-0.588,-0.554,0.002
-1.619,-0.736,0.297,-1.217,-0.694,-3.621,0.886,-1.066
-1.751,0.509,1.874,-1.738,0.797,-2.122,-0.202,-0.98
0.804,1.372,0.511,-0.623,2.667,-2.087,0.47,0.392
0.005,-0.653,2.957,-1.418,0.724,-1.7,-0.637,0.181
-0.107,0.823,0.492,-1.12,0.885,-0.702,-3.56,-0.341
0.147,-0.14,0.082,-1.507,3.127,-2.038,0.28,-0.5
-0.164,0.85,-0.117,0.773,1.552,0.824,0.402,1.436
0.51,1.444,0.862,0.061,0.073,-1.29,0.418,0.964
0.559,-0.885,-0.978,0.773,1.206,-1.204,-0.127,0.109
-1.343,-0.488,0.389,0.327,0.767,1.256,-0.903,1.659
0.238,-0.513,-0.606,0.411,0.749,-0.249,-0.922,0.424
0.935,-0.288,-0.114,0.417,0.22,-0.058,-1.027,0.707
-0.519,2.102,0.847,1.341,-0.533,0.429,-1.766,0.655
0.086,-0.051,-1.888,1.052,1.346,0.783,-0.753,1.78
-0.997,1.45,-0.611,-0.351,-0.558,1.055,-0.366,1.479
-2.232,-0.244,0.658,0.304,0.081,1.549,-2.346,-0.08
-0.095,1.314,0.85,0.901,0.184,0.03,0.326,0.361
1.167,0.717,0.698,1.057,-0.663,0.903,-0.86,-0.29
0.98,-0.071,-0.135,0.951,0.094,0.301,1.396,2.341
2.118,0.664,-0.966,1.722,-0.008,2.32,-0.855,-0.056
1.525,-2.651,0.303,-0.438,-0.323,0.641,-0.903,-1.587
0.625,-1.07,-0.513,1.759,-0.958,-0.29,1.18,-0.34
-0.581,1.762,-1.41,0.396,-0.072,0.755,-0.236,0.934
-1.83,-1.157,-0.051,0.074,-0.393,0.327,-0.232,0.614
-1.142,1.235,0.643,-0.823,-1.397,-0.117,1.274,0.153
-1.105,0.01,0.913,-1.467,0.501,0.648,0.169,0.298
-0.885,-0.453,0.177,0.363,0.227,-2.576,-0.659,0.06
0.658,0.027,0.888,-0.209,-0.012,-0.486,0.024,2.716
0.066,-1.474,-1.693,-1.244,1.18,-0.991,0.668,1.422
1.303,-0.645,0.249,0.471,0.097,0.429,-1.476,0.236
1.128,0.087,-1.797,-0.076,0.261,1.566,-0.657,1.466
1.536,-0.683,0.446,-0.99,0.48,-1.358,0.194,1.327
0.174,-1.739,-2.201,-0.69,2.339,-1.466,-1.079,-0.226
1.721,-0.288,0.159,0.174,-0.487,-0.487,1.461,0.054
-0.596,-0.395,-0.957,0.837,0.275,-0.945,1.895,0.809
1.433,0.033,1.447,0.644,-1.381,1.233,-0.366,1.132
-1.008,1.166,-1.781,-0.365,-0.245,0.065,1.025,-1.352
0.133,-0.518,-0.792,-0.069,-2.506,1.252,0.132,-0.428
0.435,-1.629,-1.593,-0.674,0.879,1.674,0.46,-0.502
-2.468,-0.595,0.021,-0.12,-1.552,0.335,-0.988,1.298
-0.058,-0.328,-0.236,0.059,0.108,0.331,0.731,0.354
0.525,0.029,1.06,1.215,-1.058,0.058,-0.236,0.455
-1.085,-1.067,-0.04,0.024,1.508,-1.029,-1.234,-1.494
-0.849,0.956,1.472,-0.812,-0.854,0.408,0.715,1.9
-0.001,-0.837,0.656,1.423,1.177,0.887,-1.039,0.456
0.741,-1.558,1.22,0.801,0.319,-0.898,0.978,1.206
0.147,-1.473,-1.226,1.725,2.99,0.885,0.324,1.11
1.85,-1.308,0.365,0.471,-1.165,1.153,0.532,-1.081
-0.707,0.585,0.022,1.272,0.61,0.506,-1.504,2.236
0.068,1.031,2.114,-0.69,0.008,0.677,0.391,0.712
0.196,0.161,-1.027,0.145,0.691,0.188,-1.544,0.267
-0.77,-0.059,-0.098,-1.111,1.455,-0.937,1.073,0.024
-0.757,0.683,-0.41,-0.692,-0.176,-1.754,-0.681,0.018
-1.357,-1.612,1.172,0.22,0.579,-0.652,-0.701,-0.692
-0.419,-1.156,-0.244,1.489,-0.74,-0.039,0.527,-2.051
0.726,-2.289,1.953,0.839,-1.601,1.182,-0.359,0.796
0.755,-1.587,-0.993,-0.047,0.484,0.417,0.687,-1.023
1.481,1.59,-0.225,1.734,-1.32,1.951,1.452,-2.366
-0.13,1.094,-2.095,1.148,0.313,0.223,-2.222,0.242
-0.703,-0.242,-1.159,-0.165,-1.687,1.661,0.295,-0.973
-0.135,0.808,-0.987,0.406,-3.335,0.126,0.009,-1.181
0.655,0.659,1.178,1.2,-0.957,1.006,-0.368,0.475
0.19,-0.662,0.842,0.22,-0.354,2.75,1.065,0.696
0.476,-1.029,0.626,1.075,-1.706,-0.017,1.581,-1.492
1.323,-0.123,0.245,0.437,0.056,-1.006,0.887,-0.139
-0.719,2.245,-0.211,-0.163,-1.462,0.433,1.357,-0.136
-0.165,1.058,0.98,-1.246,-1.623,0.033,2.824,0.753
0.878,0.762,1.219,-0.187,0.652,0.641,2.042,-1.928
1.731,1.218,0.751,-1.168,2.756,-0.838,0.677,1.567
1.36,0.449,1.457,-2.062,-0.466,-0.247,0.733,-2.126
0.169,-0.097,-0.111,-1.51,0.555,0.493,0.207,-0.167
-0.204,0.108,-0.658,0.582,-0.788,-0.855,0.495,-1.535
-0.25,-0.783,-0.569,0.665,0.533,-1.989,-1.584,-0.945
0.607,0.955,0.597,0.194,0.535,-0.783,1.499,-0.065
-0.193,0.142,0.033,-0.029,2.082,0.389,1.16,0.829
-0.218,-1.241,-0.569,-1.49,1.791,-0.167,-0.119,0.97
1.133,0.205,-0.352,-0.407,0.827,0.32,-0.342,1.295
0.31,1.603,1.576,1.252,-0.11,0.049,-1.281,0.513
-0.25,0.126,0.878,0.88,1.188,0.277,-1.2,-0.897
0.473,-1.291,-0.844,0.065,-0.221,1.356,-0.341,0.235
0.139,1.403,-0.343,0.226,0.088,-0.112,-0.949,0.369
-0.618,-0.711,0.168,0.07,1.786,0.747,-0.47,1.354
-1.291,0.801,-1.665,-0.168,-0.603,0.183,-1.047,1.858
-1.835,-2.278,-0.267,0.378,-1.127,0.547,0.343,-0.049
-0.124,0.313,-0.341,-0.217,-0.578,0.736,0.005,0.909
-0.082,-0.17,0.356,-0.281,-1.341,1.091,0.908,-0.603
-0.442,0.341,0.991,0.015,-0.699,0.656,0.658,-0.174
-0.193,-0.665,-0.275,0.384,1.797,1.464,-0.017,0.054
0.304,-1.062,0.827,0.634,1.059,-0.416,0.06,-0.735
0.35,-0.073,-0.832,-0.757,-0.355,-0.455,1.493,-1.288
-0.673,0.587,0.242,-0.417,-0.239,1.312,0.122,1.047
0.077,0.074,-0.009,0.848,0.238,-1.336,0.874,-1.259
-2.087,0.232,0.223,-0.493,-1.669,0.161,0.399,0.005
-0.149,-0.859,2.243,0.816,1.297,0.796,-0.284,-0.862
0.771,0.662,0.873,-0.417,-0.188,0.135,-0.444,0.148
-0.202,-0.13,-0.49,-0.276,-0.869,-0.114,-1.713,-0.384
0.308,0.888,0.699,0.08,-0.22,0.893,-1.472,-0.64
-0.462,0.508,-1.049,-0.256,1.185,1.211,-1.386,-2.087
0.506,1.753,0.162,-1.723,0.22,-1.137,0.052,0.374
0.413,0.247,-0.189,0.29,0.228,-1.113,-0.102,-0.653
-0.374,0.422,-2.323,-0.944,0.162,-1.155,-0.427,-0.428
-2.501,-2.217,0.722,-0.417,0.724,-0.066,0.291,-0.307
-2.163,-0.918,1.549,-0.734,1.799,-0.845,0.184,0.057
-1.616,-0.52,2.005,0.337,1.491,-1.072,0.566,0.055
-0.504,-0.65,-0.109,1.018,1.723,0.459,0.027,-0.363
0.35,-0.15,0.088,-0.62,0.442,0.138,0.163,-0.404
-2.461,-0.837,0.115,0.644,0.63,0.114,-2.384,0.329
-0.096,-0.342,-0.636,-1.305,-0.698,1.097,-1.369,-0.399
-0.791,1.095,0.243,0.098,-1.152,-0.548,-0.794,-0.179
-1.34,1.882,-0.613,-2.27,-1.135,0.846,-0.234,0.243
-0.814,0.845,-0.528,-2.562,0.172,0.819,0.226,0.753
-0.559,0.051,-0.304,-0.817,0.262,0.016,0.009,-0.634
-1.389,-0.819,0.1,-0.33,-0.003,-0.911,0.156,0.27
-1.142,0.196,0.121,0.124,0.247,0.346,-0.676,0.019
-0.815,1.092,0.071,-1.091,-0.305,0.048,-0.424,-0.069
-1.969,-0.731,-0.711,-1.122,-0.837,0.002,0.55,-0.538
-1.818,1.637,1.193,-0.513,0.561,0.94,-0.383,0.113
-1.403,-1.417,0.652,-0.534,-0.904,-0.835,1.318,0.564
-1.29,-1.172,0.512,0.881,1.653,-0.905,1.323,-1.254
-0.996,-1.376,0.224,2.152,-0.085,-1.357,-0.846,-0.113
-0.296,0.705,-0.361,-0.524,0.83,0.5,-0.685,-2.285
1.166,-0.495,1.119,-0.419,0.818,0.475,-0.806,-0.673
0.385,-1.77,-1.211,-0.367,0.343,1.635,-1.773,0.528
0.567,-0.526,0.705,0.15,-0.549,0.664,-1.005,1.568
-1.125,-0.389,-2.022,-1.124,0.168,0.505,1.279,0.355
-0.15,-0.419,0.173,-1.143,-0.397,0.697,-1.484,2.942
-0.762,-1.61,1.534,-0.814,0.634,-0.237,-0.848,1.096
0.281,0.095,1.782,-2.415,0.842,0.858,-0.292,-0.12
1.077,0.175,-1.446,-0.623,-1.499,0.337,1.398,1.342
1.823,-1.16,1.158,0.203,-0.197,0.394,0.016,1.429
0.19,-0.375,1.68,0.268,-0.165,-0.406,0.067,-0.917
1.735,-0.866,0.019,1.391,-0.439,0.371,0.306,-0.998
-0.323,-0.987,-0.698,0.996,1.032,0.829,0.546,-0.547
0.295,0.743,-0.732,2.117,-1.29,0.084,0.362,0.882
-0.571,1.705,-2.216,-0.527,-2.088,1.354,-0.242,-0.067
-0.554,-0.331,-0.283,-0.875,0.428,2.22,-0.176,-0.065
0.413,-0.625,-0.407,-1.877,0.847,1.547,0.648,-0.29
-0.521,0.372,-1.009,-0.023,-0.896,0.395,0.288,0.188
-1.055,0.39,0.187,-0.971,0.537,0.038,0.345,-0.727
-2.08,-0.6,-1.21,0.776,0.566,0.232,0.644,-0.754
-0.984,-0.638,1.763,1.18,-1.189,-0.046,-0.029,-0.334
-2.429,-1.125,-0.484,0.022,1.166,-0.026,-2.062,-0.211
0.574,0.989,0.587,1.684,0.237,-0.999,-1.36,0.759
-0.901,-0.071,-1.18,0.178,1.901,0.19,-2.496,-0.058
0.074,-1.69,0.38,0.738,0.85,0.322,-0.068,1.422
-0.914,-2.13,-1.046,-0.119,0.322,-0.323,-1.556,0.122
-0.096,-1.981,0.108,0.428,-2.069,-0.144,-1.887,1.983
-0.551,-0.533,-0.341,0.385,0.714,0.711,-0.797,0.958
1.089,2.634,0.777,0.638,-2.208,0.242,-0.444,0.763
0.142,0.284,-0.559,-0.272,1.558,0.376,-0.066,1.2
-0.966,-1.425,0.53,-0.04,-2.689,-1.357,1.093,0.271
0.267,-0.736,-0.764,-1.249,-1.247,1.156,-0.506,-1.526
-0.464,0.195,0.763,-1.36,-0.486,0.514,-0.116,-0.826
-0.196,1.53,0.364,-2.422,-1.442,1.172,0.292,-0.566
1.489,0.206,-0.039,-0.499,-1.989,0.805,0.018,1.084
-1.099,1.069,-0.99,-0.569,1.16,-0.965,-0.547,0.399
0.365,0.27,-0.159,-1.86,-1.429,-0.032,0.288,0.154
-0.481,-0.408,0.853,-0.857,0.755,0.113,-0.553,-0.462
0.793,-0.831,-0.357,-1.428,-0.088,-0.934,1.013,-0.595
0.017,-0.053,1.889,-0.018,0.886,0.036,-1.348,-0.267
0.572,-0.746,-0.215,1.527,0.437,-0.886,-0.167,-0.014
1.112,0.151,0.479,1.334,-0.734,-0.772,0.039,0.221
1.862,1.942,-0.034,0.285,0.966,0.644,0.344,-1.022
0.331,0.455,-0.192,-1.378,0.109,0.518,0.707,-1.488
0.107,0.566,-1.384,1.467,-0.061,0.565,1.381,-0.855
0.3,0.13,-1.29,-0.23,0.299,-1.049,-1.414,-1.019
0.535,-0.514,-0.099,0.001,-0.48,-0.378,-0.738,-1.883
-0.761,-0.458,0.495,0.812,0.128,-0.321,0.681,0.226
0.86,-0.418,-0.464,2.248,0.448,0.877,0.499,0.023
1.172,0.368,-2.399,0.882,-0.831,-0.065,-0.616,-1.111
-1.649,-2.782,-0.528,0.976,-0.626,0.433,-0.955,0.852
-0.844,0.29,0.4,2.071,0.137,-0.14,-0.474,-0.6
-2.439,0.847,1.624,-0.185,-0.217,1.229,-1.705,-0.929
-0.396,0.53,-0.027,-0.264,-0.007,1.434,-1.191,-0.167
-0.574,0.951,-1.47,-0.7,-0.012,0.188,0.399,1.558
-1.254,0.392,-0.78,-0.451,-1.569,0.764,0.876,1.119
-0.411,-0.55,-1.063,-0.297,-1.034,-0.098,-1.399,1.323
-0.746,-0.153,-0.825,0.238,-0.449,0.941,1.658,-0.48
0.38,1.313,0.127,0.56,-0.533,-0.385,-0.666,-0.997
-0.931,-0.262,0.988,0.051,-1.552,-0.478,0.768,0.03
-0.638,1.431,-0.845,2.665,0.733,-1.596,0.394,-0.235
-0.617,0.052,1.939,0.488,-1.45,-0.074,0.35,0.299
-0.277,3.43,0.89,1.466,0.612,1.911,-1.806,0.295
0.358,0.731,-0.264,1.024,-0.543,0.983,2.21,0.289
1.053,-0.836,1.301,0.844,0.545,-0.164,-0.714,0.374
1.313,-0.206,0.106,0.658,-0.087,1.32,-0.948,2.914
-0.356,1.122,-0.432,-1.054,0.364,0.048,-0.016,0.437
-0.078,1.38,0.597,0.188,0.378,0.667,0.084,1.109
-1.018,1.054,-0.199,-1.376,-0.291,0.514,0.448,0.959
-0.061,1.345,1.497,-0.681,0.853,0.052,0.757,-0.101
-1.359,-0.031,0.997,-0.321,0.472,-1.518,-0.529,0.987
-0.969,-2.442,0.342,0.836,-0.528,-0.505,-1.175,0.71
-0.751,0.279,1.341,1.069,-0.296,0.938,0.392,1.683
0.816,-0.983,1.115,0.988,0.508,0.058,0.728,0.355
0.394,-0.948,0.622,0.534,-0.808,0.861,0.388,0.177
0.824,-1.28,-0.268,0.572,0.514,-0.904,-0.974,1.441
-0.469,-1.127,0.408,-0.168,0.22,1.293,-1.18,-0.017
-0.869,-1.189,0.497,-0.688,1.59,0.789,-1.324,-0.619
-0.274,0.546,0.212,1.399,0.45,0.585,-0.501,0.541
0.612,0.409,2.328,-0.103,1.86,-0.597,-0.787,0.257
1.38,0.709,-0.586,-2.877,0.916,-0.244,-0.512,0.742
0.756,-0.886,0.377,0.026,-0.359,-1.107,-1.512,0.301
0.909,-1.638,-2.688,-0.369,1.983,0.509,-1.562,1.077
-1.518,0.565,-0.393,1.23,0.024,-1.116,-1.181,1.606
-0.231,0.478,-1.587,-2.238,1.424,-0.598,-1.219,1.677
0.454,0.477,0.306,-0.032,0.939,-0.037,-2.627,0.293
-1.693,0.696,-0.447,0.219,-0.137,-0.441,-2.24,1.632
-0.103,-0.593,-1.104,0.723,-0.34,-0.44,-0.277,0.12
0.331,-0.03,0.125,-0.596,-0.409,-0.999,-0.298,0.026
-0.58,0.163,-0.014,-0.346,1.079,-2.047,0.799,0.774
0.602,1.268,-1.252,-0.581,-1.413,-1.641,0.194,0.882
-2.691,2.046,-1.411,-0.432,-0.486,0.292,1.627,-0.424
-2.586,1.15,0.919,-1.851,0.681,-1.27,2.036,1.567
-1.883,2.912,1.218,-2.279,-0.676,-0.364,0.669,0.162
-1.16,-0.664,0.828,-0.648,-0.43,-0.372,-0.659,-1.173
-0.861,0.155,1.359,-0.28,0.361,-0.038,0.817,0.656
1.114,1.47,-0.091,-1.316,-1.192,-0.01,-0.433,0.422
1.805,-1.201,0.376,0.583,0.304,0.589,-0.277,0.465
1.216,-0.67,-1.012,0.812,-1.239,-0.491,-1.132,-0.253
-0.552,-0.779,-0.073,-0.464,-0.057,0.362,-1.016,0.59
-0.914,-0.688,0.611,-0.968,-0.289,-0.548,-0.089,0.002
-1.557,-0.866,-0.285,-0.444,-1.58,-0.111,-1.625,1.662
-0.387,-1.353,-0.787,2.35,-0.355,-1.116,-0.034,-0.016
-0.803,1.83,-0.121,0.992,-1.478,-0.974,-1.1,1.478
-1.677,-0.044,1.021,-0.07,-1.511,0.318,-1.856,2.107
0.799,-0.532,0.401,-1.235,-0.155,-0.674,0.305,0.248
-0.59,0.408,0.876,-1.24,1.087,-1.049,0.217,0.109
0.897,-0.392,-0.19,-1.943,1.311,-1.398,0.452,1.136
0.019,-1.656,0.33,-0.245,-0.297,-0.17,-0.241,-0.59
1.725,-0.105,-1.228,1.837,0.966,-1.052,-0.846,0.026
0.771,-0.896,-0.436,-0.136,0.009,1.617,0.277,0.217
0.596,-2.145,-0.675,-0.238,-0.772,1.094,-0.686,-1.324
0.83,-1.001,0.709,0.513,0.295,0.578,-2.31,-0.71
0.296,0.325,-1.11,0.251,0.586,0.277,-0.973,-1.033
2.052,-0.167,0.839,0.84,-0.512,-1.7,-1.299,-1.95
1.416,-0.24,-0.873,-0.698,0.602,-1.354,-0.22,-0.192
1.331,0.732,-1.543,-0.507,0.252,-2.003,1.991,-0.258
-0.938,2.199,-0.905,-1.313,0.796,-1.796,0.062,-1.84
-1.403,0.11,-1.879,-1.036,0.548,-0.952,-0.387,-0.771
-1.478,0.973,0.332,-0.166,0.383,-0.168,0.387,-1.003
-0.802,-0.561,-0.298,0.303,0.406,0.398,-0.13,0.254
-1.481,-0.992,1.823,1.567,1.033,-0.809,1.979,0.734
-0.543,1.973,-0.095,0.862,1.226,-1.01,-2.325,0.93
0.234,-0.236,-0.548,0.528,1.453,1.275,-0.827,1.614
0.716,-0.139,-0.101,-0.043,-0.022,-1.131,-0.76,-0.048
0.632,-0.458,0.042,-0.557,-0.338,-1.15,-0.423,-1.351
0.086,1.249,0.2,-0.095,1.038,-0.989,-1.845,-0.278
0.245,0.849,-1.689,0.595,0.008,-0.17,0.027,0.512
0.056,-0.311,-0.995,1.974,-1.749,-0.927,-2.065,0.062
0.204,-0.927,-1.295,-0.356,-0.052,-0.952,0.052,1.274
-2.69,-1.893,-0.691,1.148,-1.68,-0.569,-1.456,0.56
0.026,-0.491,-0.225,2.461,-0.213,1.1,0.4,-0.926
-0.448,-0.473,-1.936,0.216,-1.437,0.329,0.998,1.516
1.07,1.392,0.316,0.913,-1.297,1.267,0.908,0.881
-0.755,-0.523,-1.179,0.43,-0.534,-0.194,0.063,0.164
-0.469,0.062,1.074,0.1,-1.38,0.111,0.541,-1.566
-1.289,-0.631,-1.008,1.016,1.011,0.489,2.003,-0.594
-0.175,0.175,-0.172,0.267,-1.709,0.714,-0.77,0.03
-1.037,-0.754,0.213,-1.255,1.029,2.004,-0.153,0.832
-0.491,0.615,0.616,-0.778,-2.377,0.611,1.397,-0.9
1.134,1.125,0.969,0.27,2.265,0.985,0.667,-0.629
0.813,0.381,0.75,-0.937,0.74,-1.121,1.54,-1.78
-0.118,0.047,-0.342,-0.104,0.311,0.342,-0.67,-0.571
0.182,-1.104,-0.307,-0.149,0.745,-0.809,-2.019,0.434
-0.163,-1.032,-1.194,-1.406,0.45,0.018,-0.058,-0.704
0.421,-0.432,1.219,-0.788,0.537,1.076,0.503,0.316
0.181,0.247,-0.869,0.871,-0.444,0.707,-0.324,0.323
1.464,0.564,0.873,0.084,0.273,0.088,-0.328,-0.395
-0.597,1.028,-0.309,-0.828,-0.233,0.495,0.312,0.98
0.027,0.965,-0.915,-0.096,-1.937,-0.57,0.964,1.005
-0.242,-0.394,-1.428,-0.541,0.153,-1.094,-0.333,1.569
1.091,0.994,-0.23,-1.655,-0.51,-1.045,0.226,0.334
-0.274,0.009,0.287,-0.298,0.725,-0.094,0.149,-0.548
0.452,0.739,-0.522,0.382,0.604,-0.57,2.093,0.424
0.415,1.336,-0.473,-0.097,-1.754,-0.948,1.466,1.119
1.076,0.836,1.919,-0.832,-0.467,0.372,0.689,-0.283
-0.765,0.892,-0.188,-0.737,0.721,1.035,0.144,1.437
-0.309,1.713,0.495,-1.165,0.344,-1.01,-0.288,-0.143
0.544,-0.93,-0.177,-0.81,0.414,0.673,-0.028,-0.123
0.042,-1.451,2.408,-0.225,1.25,-0.346,1.308,0.208
-1.773,0.59,0.206,-0.387,0.3,-0.221,-1.331,1.005
0.64,2.566,-0.499,0.129,-0.617,-0.727,-0.316,-0.107
1.959,0.568,-2.63,0.658,-0.377,0.271,0.288,-0.57
1.856,-0.079,-0.242,0.786,-0.796,-0.522,1.325,-1.313
-0.251,-0.081,-1.278,0.598,-0.183,-0.324,-0.484,-1.598
0.354,0.767,-0.017,-0.114,-1.577,0.95,0.227,0.136
1.249,-0.042,0.01,1.768,-1.243,-0.727,1.34,0.129
0.856,-1.186,-0.522,0.565,-1.621,0.551,1.716,-1.394
0.911,-1.163,-0.075,-0.014,-1.956,1.146,-0.214,-0.631
1.58,0.131,-0.725,0.884,-0.285,-1.465,-0.587,0.934
-0.687,-0.364,0.262,0.609,-1.031,0.765,-1.865,1.315
-0.821,-0.484,-0.02,0.972,-1.29,0.786,0.415,-0.328
-0.971,-0.128,-0.52,-0.441,-0.897,1.189,0.568,-1.388
-1.084,-0.045,1.928,-0.078,-0.95,0.856,0.561,0.531
-1.568,-0.932,2.281,-0.613,1.597,-1.549,1.911,-0.014
-2.025,1.023,1.34,0.596,-0.125,-1.372,-1.702,1.6
0.459,0.255,0.454,0.296,0.815,0.044,0.169,-0.573
-0.409,-1.403,0.798,0.19,-0.055,1.023,-0.351,-2.471
0.589,1.314,-0.07,-1.005,1.743,-0.302,-1.077,0.17
-1.202,1.822,-0.435,-0.48,-0.18,-0.796,-0.837,-0.903
-0.185,-0.393,0.372,1.491,-0.359,0.852,-1.088,-0.23
0.048,0.846,-0.877,-0.312,-0.074,-1.723,-0.702,-0.682
1.087,-0.373,0.136,-1.382,0.852,0.196,-1.016,-0.041
0.576,-0.083,-1.51,-1.502,0.38,-0.329,-1.421,1.054
0.324,-0.364,1.58,-0.27,0.298,-0.779,-0.493,0.716
2.032,-1.881,0.441,1.165,0.094,-0.222,-2.206,0.501
0.931,-0.936,-1.958,-0.448,0.927,-1.482,0.741,-0.259
1.438,0.199,1.511,2.529,0.578,-0.827,0.791,0.652
1.376,-0.26,-0.413,-0.4,-0.573,-0.777,-0.938,0.997
0.977,0.313,2.825,1.763,-1.066,2.386,2.215,-0.113
-0.738,1.945,-1.182,1.016,-0.634,-0.421,0.147,-2.239
-1.253,1.22,0.506,0.895,-2.474,-0.923,0.615,-0.034
-0.245,-0.055,-0.476,-0.557,0.15,0.834,0.024,-0.818
-0.335,-0.595,-0.053,0.242,0.085,0.415,0.922,-0.895
0.775,0.237,0.206,-1.024,-1.473,-0.34,0.861,-1.537
0.679,0.137,-1.97,-1.208,-0.36,0.027,-1.592,-0.064
0.09,1.088,-0.19,-1.474,-1.468,-0.499,-0.12,-0.327
-1.393,1.124,0.251,-0.583,-1.11,1.1,-0.171,-0.99
-3.766,-0.329,1.731,1.011,0.602,2.068,-1.773,-0.23
-1.645,-1.492,1.108,0.412,0.848,0.786,2.337,1.166
-0.989,-0.623,-0.336,3.036,-0.852,0.321,0.295,0.822
-0.179,-0.13,-0.751,1.078,-0.997,0.499,1.182,0.745
-1.289,1.792,1.477,-1.463,1.839,1.904,0.38,-0.061
-0.174,0.304,0.427,-0.866,1.892,-1.441,-0.672,2.779
1.005,0.099,-0.869,1.115,1.439,-1.448,0.452,1.627
-0.319,0.394,0.045,1.174,0.504,-1.082,-0.955,-0.12
1.794,0.327,-0.809,-1.1,-0.485,0.221,-0.61,0.731
0.824,-0.692,0.583,-0.035,-1.287,-0.827,-1.078,-0.35
1.062,-0.447,-1.704,-0.137,0.163,1.121,-1.477,0.766
0.574,-0.371,-0.492,0.357,-1.122,-1.949,-0.658,1.524
-1.18,0.035,-0.901,1.965,0.319,-0.989,0.985,0.763
-0.69,-1.452,0.496,-0.435,-1.44,-0.284,0.994,-0.88
-0.773,-1.634,-1.815,-0.819,1.43,-0.583,0.938,0.377
-0.529,1.023,1.32,1.539,-0.881,-1.026,-0.054,-2.278
-2.1,-0.46,0.369,2.588,0.762,0.851,-2.734,-1.392
0.541,-0.73,1.382,0.28,-0.321,0.472,-0.175,0.099
-0.119,0.117,1.58,0.272,-0.275,0.753,-1.662,-0.317
-0.064,-0.914,0.598,-0.948,0.099,1.574,-1.289,0.564
0.948,0.59,-0.525,0.513,0.022,0.21,0.165,-0.736
0.122,0.803,-1.411,-0.138,-0.897,-0.7,0.569,0.09
1.016,-0.074,-0.507,0.183,-1.212,1.249,0.314,0.729
0.191,-1.039,-0.585,0.224,-0.012,0.398,1.44,-2.194
1.103,-1.435,-1.618,1.394,-1.649,0.21,1.108,-0.084
-1.522,0.945,-0.987,1.09,-1.995,-0.307,0.752,-0.262
-0.391,2.072,1.596,0.845,1.177,1.843,1.566,-1.877
-0.311,-0.772,-1.21,-0.035,0.254,2.095,1.655,0.244
1.001,0.508,0.327,1.382,0.405,0.412,1.176,-1.293
0.564,0.19,0.832,-0.037,0.409,0.401,0.435,0.661
0.682,1.053,-0.139,1.202,2.506,-1.062,-0.265,-0.168
0.573,0.978,0.321,-1.39,-0.989,-0.002,-0.003,-0.989
2.142,2.013,-1.533,-2.622,-0.007,-1.505,-1.44,0.46
0.119,1.444,-0.882,-0.07,-2.127,-0.808,-0.143,0.642
-0.252,-0.999,0.306,-1.733,-0.112,-1.139,-1.464,0.267
-0.443,-0.019,-0.57,0.255,-0.893,-0.998,-1.351,0.554
1.337,2.002,-0.524,-0.119,0.503,-0.756,-1.495,1.004
-0.144,0.731,-0.604,-0.497,1.065,-0.724,0.981,0.246
-0.294,0.17,1.149,1.273,-0.098,0.766,-0.254,-0.245
0.904,0.757,0.526,-0.045,-0.502,-0.471,1.387,0.976
0.295,1.202,0.584,1.771,-0.305,-1.206,2.623,0.142
-0.264,1.117,-1.008,0.788,-0.216,-1.233,1.262,-0.689
1.458,1.23,-0.296,-1.151,-1.001,0.596,-0.107,-0.474
-0.054,0.723,-0.665,1.858,0.399,-0.493,-0.333,-0.059
1.846,0.859,-0.786,-0.999,-1.006,0.727,0.222,-0.999
-0.16,1.708,-0.926,-0.464,1.569,0.311,1.491,-2.605
0.334,0.045,1.759,-0.205,-1.01,-0.999,0.46,0.402
-0.413,-0.203,-1.329,1.171,-0.145,0.611,0.61,1.071
0.443,2.582,-0.746,0.17,-0.191,-0.165,-1.322,-1.056
-0.465,0.15,0.083,0.988,-1.162,0.764,-1.547,-1.312
-0.979,0.905,0.037,0.511,0.862,0.345,-0.22,1.174
1.924,0.057,0.878,0.034,-1.586,0.492,-0.818,1.46
-0.6,1.903,1.379,-0.321,0.1,-1.033,-1.059,-0.328
0.811,-0.11,0.529,0.036,0.08,0.784,-0.21,0.101
1.062,-0.211,-0.718,0.698,1.026,1.146,0.815,-0.649
1.282,-1.397,-1.932,-0.219,-1.499,1.055,-1.016,0.695
0.957,-1.197,-1.261,0.136,0.492,0.954,-0.125,2.082
1.673,-0.335,-1.208,0.333,-0.76,-0.42,-0.142,0.13
-0.011,-1.344,-1.236,1.054,-1.02,0.12,0.677,0.521
0.29,-0.476,-0.203,1.515,-1.648,1.412,2.209,1.593
0.355,0.95,-3.763,1.302,-1.806,2.316,0.684,-1.076
-1.67,1.029,-0.615,2.107,-2.378,1.636,0.856,0.556
-1.939,0.525,-1.064,0.87,-0.819,2.358,-0.14,0.357
-1.965,-1.198,1.316,-0.507,-2.52,-0.075,0.846,0.791
-1.544,-1.311,0.743,1.087,1.39,2.943,2.917,-0.102
-1.058,0.097,0.29,1.063,-0.736,-0.129,1.341,-0.785
0.351,1.388,0.471,-0.865,-0.457,0.793,1.14,-0.916
-0.374,-0.024,-0.241,0.363,0.979,0.005,0.637,-0.472
2.195,1.264,-1.283,1.141,-1.572,0.505,0.871,-1.189
0.322,0.971,-0.629,-0.379,-0.257,-0.677,0.527,-0.867
1.159,-0.357,2.037,-1.36,-0.403,-0.52,1.483,-1.699
-1.272,0.966,-1.467,-0.859,0.019,0.662,1.61,0.705
-0.071,2.335,0.04,-0.46,-1.6,1.306,0.681,-0.683
-1.728,-0.011,-0.879,-0.106,0.077,-1.676,-0.695,-0.716
-0.086,-0.625,0.417,0.774,-1.346,-0.458,0.656,-0.628
-1.883,0.238,0.902,0.084,1.318,-1.072,0.521,1.442
-0.629,0.65,1.502,-1.426,-0.64,0.798,0.843,-0.103
-0.286,0.031,1.252,2.361,1.716,-0.392,-0.511,-1.348
0.025,-0.02,0.884,2.353,-0.585,-1.022,0.751,0.04
0.728,0.382,-0.073,1.298,0.228,-0.107,1.249,-1.648
-0.458,0.317,-0.188,0.435,0.245,1.581,0.762,-1.157
0.152,-0.052,-0.41,-0.275,-0.178,-0.586,0.75,-0.531
0.59,-1.66,0.092,-0.077,1.779,-0.179,0.119,-2.398
0.129,0.761,0.136,0.111,-0.201,0.703,0.401,1.075
-0.386,0.989,-0.648,-1.483,0.141,1.296,0.385,-0.19
1.167,0.621,-0.942,-2.281,-0.126,0.542,-1.284,1.83
-0.073,0.731,0.822,0.016,-1.464,1.16,-0.512,-1.079
-0.944,1.402,0.95,-0.873,-0.52,-0.697,0.045,0.692
0.309,0.258,1.073,-0.136,-0.215,-0.397,-0.019,-0.693
1.459,0.914,-1.194,-1.621,-0.057,-0.663,-0.178,0.421
2.127,1.101,0.628,-0.486,0.896,0.452,-0.467,0.351
2.189,1.751,-0.153,-1.146,0.942,-0.539,-1.049,-1.391
1.382,0.853,-1.41,0.325,-0.303,-0.805,-0.462,0.141
0.062,0.674,-0.918,0.235,-0.362,-0.151,0.305,1.018
-0.667,1.497,-1.982,0.277,1.204,1.261,-0.926,-0.905
-0.341,-1.501,-0.284,0.363,-0.631,1.236,-1.966,0.571
-2.267,-0.543,-1.513,0.99,0.491,0.26,0.948,-0.16
-0.088,1.755,0.629,0.435,-0.856,0.007,-1.126,-0.015
0.049,1.533,-0.842,-0.585,-0.505,0.075,0.738,0.227
0.495,-0.019,-0.264,-0.75,-0.9,1.05,-0.007,-1.07
0.7,0.49,-0.253,-0.886,-0.194,2.138,0.218,-0.912
-0.262,0.598,0.688,-0.182,0.346,0.71,0.153,1.145
0.743,-0.374,-1.303,-0.148,0.63,-1.017,0.544,1.138
0.537,0.621,-0.253,-0.613,-0.241,0.983,-0.803,0.041
-0.804,0.102,0.42,-1.389,1.111,-1.897,-1.325,-0.303
-1.688,-0.359,-0.412,0.036,-1.061,-0.119,-1.324,0.133
0.323,1.03,-0.852,-0.453,0.235,1.352,-0.784,0.129
-0.8,1.225,-0.933,-0.316,-0.2,0.233,0.441,1.641
-0.852,0.309,-0.974,0.901,-0.276,-1.278,0.131,0.706
-1.696,-0.055,0.059,-0.51,0.745,-0.353,0.71,1.987
-1.361,1.158,0.846,-1.301,0.434,-0.764,-0.32,0.082
-2.544,0.691,0.272,-2.584,1.016,0.007,-0.758,-0.484
-1.45,1.302,0.429,-1.777,0.595,-0.962,-0.0,-0.564
-1.954,1.106,0.361,-1.904,0.755,-0.463,0.475,-0.665
-1.678,0.018,2.671,-0.811,-1.178,-0.549,-0.23,-1.24
-2.114,-0.957,1.535,-2.14,2.355,-2.678,-0.446,-0.529
0.056,-0.378,0.544,0.195,-0.961,-0.673,-0.761,-0.02
0.613,-0.088,-0.641,0.65,1.164,-1.042,-1.467,0.17
-0.12,0.357,0.983,0.875,-1.123,0.589,-0.283,-0.746
-0.838,-0.921,0.051,-0.335,1.69,-0.635,-1.408,0.245
1.39,0.63,0.598,1.11,0.013,0.71,-2.063,-1.212
0.482,0.714,0.043,-0.171,0.497,-0.143,1.05,1.647
1.405,1.473,-1.492,1.137,-1.359,1.211,0.132,2.67
-0.356,0.065,-0.098,-1.9,0.054,-0.523,0.587,1.044
-1.207,-1.262,1.783,-1.46,-1.485,0.7,1.952,0.981
0.231,1.582,2.5,-0.191,-0.676,-0.174,1.365,1.607
-0.017,0.634,1.152,0.523,-0.752,-0.376,0.82,-0.572
0.222,1.202,0.58,-1.085,0.907,-0.649,0.605,-1.144
0.708,0.613,-0.036,0.319,-0.441,-0.001,1.524,1.294
1.743,0.336,0.743,0.739,0.427,-0.218,-1.221,1.858
0.061,0.568,-1.805,-0.485,0.017,0.512,-0.068,0.443
1.282,0.014,-0.191,-1.478,1.284,-1.093,0.388,0.329
0.78,0.071,-1.281,0.349,-0.952,-1.46,-1.227,2.119
0.2,-2.367,0.129,2.246,-0.588,0.555,-1.631,-0.152
1.415,-1.59,-1.067,-0.506,-1.291,1.222,-0.168,0.408
1.037,-0.89,0.34,0.637,-0.484,1.276,-0.127,-0.051
0.766,0.196,-0.955,1.474,0.804,2.077,-0.621,0.091
0.701,0.441,0.692,0.076,-1.34,0.334,1.049,0.6
0.71,0.907,0.483,1.165,-0.538,1.251,0.818,-0.706
