x0,x1,x2,x3,x4,x5,x6,x7
-0.654,-0.865,-0.277,0.549,0.191,-1.216,-0.736,-1.136
0.014,0.997,-0.812,-1.278,-0.204,-0.626,-0.15,2.238
1.636,0.634,-0.307,-0.435,-0.724,-1.368,0.114,-0.754
-1.032,0.333,0.01,0.016,0.01,1.634,0.128,1.179
0.251,0.191,0.992,-0.737,0.24,1.697,0.046,-0.857
-0.144,-0.036,1.502,-0.62,0.709,0.632,1.386,-0.469
-0.04,-2.039,0.362,0.939,1.156,-1.461,-0.268,0.431
-2.6,-0.372,-0.121,-2.534,0.682,-0.465,-0.048,0.767
-1.446,-2.366,0.261,0.36,0.161,-1.777,-0.555,-1.234
-0.151,1.122,-1.177,0.633,0.97,-1.254,0.56,-2.174
0.757,1.05,0.894,0.361,-0.629,-0.86,1.151,-1.471
0.683,-0.406,-0.1,1.449,-0.051,-0.031,-0.812,0.15
0.868,-0.211,0.448,0.878,-1.403,-0.752,-0.753,0.986
0.264,0.837,-0.742,-0.219,0.618,-0.292,-0.09,-0.317
-0.49,-0.071,0.664,2.198,0.353,0.964,0.3,-0.532
-0.915,-1.755,-1.377,1.158,-0.692,0.274,2.393,0.732
-0.291,-0.595,0.566,-2.174,-1.431,0.005,0.87,1.344
-0.631,1.716,-0.804,-0.207,0.71,1.635,0.242,-0.937
1.734,0.652,0.291,0.985,0.422,0.059,0.16,-0.16
0.518,-0.237,-0.307,-0.176,0.737,1.2,-0.706,-0.047
0.126,-0.735,-0.586,-0.338,0.033,-0.249,-1.247,0.181
-0.314,-0.126,-1.463,-1.41,0.877,-1.886,1.853,1.008
-0.139,-0.867,-1.193,-1.136,0.995,1.169,-1.514,0.15
-1.369,0.062,-1.066,1.616,-1.348,0.025,1.113,-0.834
0.282,-0.234,-0.646,3.153,-0.366,-0.706,-0.597,-0.814
0.295,1.48,-0.112,0.716,-0.17,0.633,1.102,-0.291
-0.137,-0.36,0.585,1.276,-2.025,0.08,2.033,-0.535
-0.601,0.397,1.482,1.557,0.438,0.649,1.468,0.654
-3.11,1.37,-0.152,0.05,-0.403,0.94,-0.348,-0.389
0.256,-0.918,-1.377,-0.214,0.801,1.183,0.806,-0.692
-0.893,0.779,-0.348,-1.666,-1.185,1.135,-0.268,-0.275
-0.156,-2.022,-1.842,-1.356,-0.559,-1.709,0.194,2.55
-1.264,-0.222,-0.023,-0.801,-0.424,-0.091,-0.664,1.547
-1.744,-0.357,-1.431,-0.609,0.961,-0.706,1.503,0.018
0.496,-0.299,-1.672,-0.682,-0.819,-0.084,0.699,0.224
0.301,-0.045,1.012,-1.294,-0.085,0.159,1.742,-0.979
-0.069,-0.564,-2.703,-1.075,1.645,1.006,1.266,-0.036
-0.99,0.358,0.353,-0.389,-0.295,-0.455,1.107,-0.912
-1.162,0.13,0.742,-1.403,0.985,1.241,-0.03,-1.674
-1.535,-2.217,-0.531,-0.083,-0.45,-0.004,-0.203,-1.198
-0.313,2.187,0.705,0.315,1.114,1.198,-1.262,-2.619
0.81,-1.301,-0.266,-0.463,0.841,1.628,0.345,-2.464
-0.541,0.569,1.176,-1.038,0.709,0.529,0.382,-0.756
1.084,0.55,0.034,-0.131,0.928,0.53,0.007,-0.749
0.983,0.365,0.02,0.494,0.649,-0.989,0.25,0.214
-1.425,0.582,-1.128,-0.145,-0.584,1.111,0.927,-1.437
1.727,-1.532,-0.637,-1.827,-1.79,-0.018,0.156,-2.16
-1.741,0.377,0.241,1.045,-0.493,1.469,0.478,0.121
-0.103,1.124,-0.054,-1.266,0.864,1.204,-0.948,0.153
-1.013,0.19,0.586,-0.326,1.052,-0.86,-0.49,0.564
0.132,0.572,0.55,0.176,-1.173,0.822,-1.719,-0.944
-0.743,0.226,0.913,1.598,-0.114,-0.45,0.968,0.024
1.925,-1.045,0.2,0.142,-0.345,-0.345,-0.264,0.335
1.322,-0.209,-1.09,0.069,0.109,0.406,-2.061,-1.179
0.012,-1.338,0.121,-0.839,0.721,0.328,0.549,0.169
0.043,0.191,-0.068,1.516,0.982,1.703,-1.06,0.098
-0.293,-0.727,-0.403,1.61,-0.309,1.992,-0.258,0.172
1.626,-1.76,-0.371,0.71,0.469,1.781,-0.395,0.887
-0.983,-1.877,-0.368,-0.353,-1.305,0.143,-2.1,-0.794
1.497,0.834,-0.567,-0.866,2.061,-1.337,0.092,-0.69
-0.19,1.676,0.66,-0.429,-0.277,-0.931,-0.057,-0.42
1.611,-0.549,1.903,-1.295,0.346,0.581,-1.128,0.033
0.985,-1.924,-0.405,1.071,-0.449,0.67,0.513,-0.503
-0.612,-1.117,-1.127,0.269,-0.944,-0.171,-1.54,1.956
-1.206,-1.565,-0.383,-1.728,0.399,0.358,-0.633,1.907
-2.5,0.52,0.889,0.58,-0.638,0.481,1.68,-0.531
-0.172,0.151,-1.596,-1.288,0.529,1.656,-0.966,-0.961
-0.105,-0.525,0.46,0.85,-0.325,0.436,-0.563,1.61
0.262,-0.562,-0.521,-1.894,1.351,0.753,-0.458,0.082
0.19,-0.133,-0.038,0.081,-0.975,0.578,1.472,0.689
-0.944,-1.735,-0.641,0.301,1.036,-1.855,0.765,-0.473
1.309,-0.172,0.011,0.407,-0.83,-0.093,-0.714,-0.064
-0.172,-1.619,-1.327,0.21,-0.429,-0.248,0.392,0.306
0.919,-1.219,-0.032,0.193,0.474,0.351,1.001,0.047
-0.738,-1.827,-0.237,-0.186,-0.153,1.389,0.591,-0.356
-0.396,1.363,-0.525,0.288,-1.048,-0.14,0.375,0.639
0.659,-0.671,1.081,-0.074,1.672,0.739,-0.846,0.456
-0.912,1.393,-0.48,-1.415,-1.366,1.572,1.232,1.111
-0.293,0.476,-1.177,-0.92,0.79,0.179,0.334,-0.087
0.009,-0.303,-0.333,-0.763,-1.554,0.031,-1.271,-0.712
-0.53,-0.187,0.084,0.021,0.828,-0.146,0.62,-1.112
-0.384,0.54,1.51,-0.278,-0.136,0.855,2.281,-0.029
0.364,-0.309,-0.966,-0.219,-0.123,0.09,1.304,-0.085
0.914,0.144,2.359,-0.735,0.509,0.447,1.448,-0.462
-0.66,0.571,0.044,-1.267,0.319,-0.707,-2.659,-0.311
-1.118,-1.377,0.859,-0.088,-0.479,-0.758,1.403,0.099
-1.456,0.97,-1.238,-0.266,0.253,0.517,-1.957,-0.455
0.453,1.158,0.413,1.316,-0.792,-0.907,-0.669,-2.487
0.502,-0.684,0.21,-1.059,-0.128,0.242,-1.35,0.622
-0.08,1.423,-0.065,-1.272,-2.02,0.666,-0.803,-0.37
-2.0,1.864,-0.636,-0.241,-0.159,0.841,-1.752,-1.297
0.38,-0.375,1.698,-0.768,-0.1,1.289,-0.85,-1.396
-0.012,-0.878,-1.492,-0.393,-0.285,-0.326,0.913,0.39
-0.117,-0.19,-1.355,-2.263,-0.102,-0.677,-1.625,-0.705
1.18,-0.306,0.807,-0.331,-0.239,-0.448,-2.054,-1.53
1.193,-1.337,1.668,-0.468,0.855,-0.726,-0.289,0.317
-0.562,0.283,0.008,0.842,0.905,-0.038,-0.09,-1.132
-0.648,0.289,0.934,0.986,-1.25,-1.828,1.052,-0.307
0.287,1.332,-1.36,-0.861,1.142,0.331,0.748,2.008
0.562,0.839,-0.114,0.126,0.371,0.821,1.097,1.621
-0.223,-0.003,-0.366,0.427,0.851,1.074,1.04,-0.388
0.571,0.277,-0.566,-1.026,0.762,-0.786,0.136,-0.029
-1.318,0.854,2.532,0.746,0.116,-0.176,1.189,-0.538
0.354,-1.26,-0.648,0.152,1.595,0.256,-0.586,0.853
-1.796,0.135,0.679,-0.708,1.465,-0.042,-0.688,-0.546
-0.715,-0.261,1.06,1.308,0.465,-1.013,-0.115,1.484
-0.414,1.503,2.494,-1.62,1.661,-0.839,2.043,0.782
-1.943,0.461,0.999,0.915,1.301,0.42,1.078,1.005
-0.86,-1.606,0.041,2.615,-1.949,-0.373,0.601,1.798
-1.192,0.828,-0.802,2.592,-1.322,0.31,0.828,0.447
-2.516,0.459,-0.029,-0.311,-0.519,1.497,0.115,1.477
-0.02,-1.364,-1.145,-0.442,0.353,-0.151,-0.757,-0.262
-0.245,0.41,0.587,-1.494,-0.413,-0.102,-0.974,-1.155
-0.815,1.044,0.01,-0.781,-1.477,-2.345,0.954,-1.375
0.979,1.175,0.547,0.865,0.888,-0.133,-0.774,0.66
2.278,1.421,0.957,0.373,0.685,0.169,-0.124,-0.701
0.009,-1.017,-0.009,-2.237,0.472,-0.292,-0.33,0.552
0.039,-0.005,0.849,1.316,0.184,-0.919,0.261,0.726
0.881,1.105,-0.74,0.425,-0.6,-0.129,-0.382,2.205
-0.313,1.559,-0.599,0.126,-0.156,0.071,-0.815,-0.435
0.554,1.38,-0.829,0.182,-1.335,0.592,-0.54,-0.771
-1.512,0.776,-0.52,-0.432,1.639,1.157,0.35,0.36
0.031,0.504,-0.065,-0.379,0.388,-0.343,-0.464,1.919
0.405,0.668,0.323,-0.376,0.989,-1.021,2.162,0.888
0.205,0.827,-0.259,0.458,-0.628,-3.743,1.414,0.164
0.472,-1.16,0.526,-1.803,-2.033,-1.338,-2.8,1.328
0.967,0.202,-0.031,1.353,0.039,-0.759,0.454,-1.299
1.836,-0.576,-0.948,1.099,-0.751,2.576,-0.292,-1.677
1.402,-0.312,1.117,0.142,0.397,0.686,-1.029,1.084
1.359,0.686,-0.231,-0.474,0.031,-1.233,-0.186,0.031
0.07,-0.679,0.06,0.439,-0.592,-1.216,-0.151,-1.966
0.093,0.955,0.449,-1.694,0.369,0.447,-0.764,0.416
1.837,-0.975,-0.1,1.403,0.911,0.354,0.404,-0.231
-1.154,-1.577,-0.615,-0.717,-0.332,-0.379,-0.326,-0.247
-0.383,0.021,-0.848,0.835,0.193,2.096,-0.317,0.072
0.815,-0.152,1.861,0.397,0.279,1.189,-0.302,-0.673
-0.067,-1.4,1.306,0.684,-0.477,0.044,0.081,1.025
0.097,0.107,-0.432,0.033,-1.111,2.584,-1.899,0.233
0.089,1.992,-0.269,1.07,-0.696,0.876,-0.228,0.857
-1.12,0.04,-0.325,-1.094,-0.707,1.558,-1.74,0.245
1.629,-0.156,-1.412,0.422,-1.598,1.345,-0.202,0.245
1.105,-0.543,-0.869,-0.923,0.779,-0.378,-1.214,-0.418
-1.289,1.146,-1.058,-1.741,1.917,-1.088,0.814,-0.286
1.636,-0.353,0.273,0.194,-0.508,1.427,1.33,1.818
-1.659,-0.298,-0.873,0.275,-0.011,-0.153,-0.389,0.305
-1.117,-0.445,-0.16,0.106,-0.426,-0.59,0.321,-0.653
0.313,-1.23,0.228,1.63,-1.345,1.037,-0.244,-0.171
-1.579,-1.213,0.558,-0.083,-0.308,0.431,-0.159,2.287
-0.159,-0.706,2.682,-1.238,0.467,0.342,-0.152,0.569
-0.575,-1.722,-0.282,-0.652,0.751,-0.549,0.222,-0.444
1.164,-0.173,0.453,-0.821,-1.589,-1.104,0.467,-0.351
0.563,-1.193,-0.484,-0.226,0.554,0.959,-1.35,-0.634
-0.264,-0.22,0.898,0.45,0.468,-0.213,-0.401,-0.528
0.089,0.714,0.778,-2.115,0.071,-0.213,0.692,-1.784
-0.782,0.992,0.933,-0.449,0.738,0.139,-0.035,-0.34
1.425,-0.042,-0.074,-0.484,-0.459,0.16,0.507,-0.306
0.685,-0.339,1.01,-0.3,0.051,-0.893,-0.962,0.441
-0.194,0.218,-1.206,-0.886,-0.33,1.019,-0.181,-0.894
0.669,-1.245,1.989,-0.503,-0.789,1.232,0.55,-1.237
-0.33,-0.149,-2.242,0.288,0.629,-1.861,0.744,0.543
-0.376,0.096,0.942,0.55,-0.554,0.518,2.773,-0.047
-1.168,1.136,-2.185,0.916,1.143,0.946,-0.263,0.401
-0.099,0.547,0.988,0.126,-0.049,-0.756,0.186,-0.902
-1.339,0.682,1.429,0.784,1.704,-0.732,0.661,-2.404
-1.939,0.791,-1.361,0.212,0.167,-1.762,-1.943,1.804
0.074,-0.2,0.793,-0.429,3.402,-1.582,-1.703,0.304
0.013,0.029,0.424,-0.497,-1.243,-0.471,0.816,0.671
-0.467,0.492,1.982,-1.658,-0.596,0.558,-2.423,-0.869
0.347,-1.852,-1.913,0.748,1.258,-0.636,0.608,0.255
-1.825,1.026,0.526,0.52,-1.144,0.831,-1.176,0.252
0.837,0.071,-0.116,-0.082,0.246,-0.426,-0.352,0.621
0.652,-0.201,0.312,0.992,-1.221,-0.614,2.218,-0.745
-0.739,-0.458,-2.085,-0.224,0.575,0.402,-0.157,0.723
-0.401,-1.166,0.492,1.264,1.249,0.758,-0.075,-0.156
-1.675,0.317,-0.262,-0.202,2.658,-0.517,-0.748,0.105
-0.826,-0.031,1.006,-1.297,-0.742,-1.425,0.869,0.021
0.046,-0.505,-0.64,0.225,0.504,-1.171,-0.125,1.649
1.038,1.167,-0.531,0.997,1.518,-0.464,-0.071,1.171
1.088,-0.629,-0.702,-0.671,0.087,-2.018,0.154,1.318
0.51,-1.083,0.709,0.418,1.032,-0.096,-2.297,0.482
0.099,-1.16,0.389,-0.324,-0.011,-1.588,-0.321,0.648
0.181,1.261,2.187,0.77,1.475,-0.617,-1.226,1.096
0.045,0.649,-1.919,0.067,1.334,-0.826,-0.564,1.217
1.692,-0.422,0.993,-0.982,-0.987,-0.907,-0.662,1.175
0.18,1.796,0.719,1.498,0.475,-1.48,2.091,1.448
-1.091,0.153,0.211,-0.85,-0.195,0.386,-0.988,0.676
0.483,-0.878,0.078,0.556,-0.138,-0.034,-0.566,-0.166
-1.332,0.964,-1.175,-0.629,0.089,0.066,1.666,-0.557
-0.031,-1.684,0.634,0.933,-0.831,1.072,0.345,-0.004
-0.618,0.772,0.237,0.12,0.122,0.107,1.296,1.044
1.832,0.972,0.724,0.821,-2.247,-0.009,1.914,0.074
0.368,0.976,-0.699,0.179,-0.364,0.097,-0.073,-0.994
1.04,1.285,-0.933,-0.103,-0.349,-2.06,1.166,0.507
-2.175,0.343,0.236,-0.394,0.942,0.095,-2.616,1.81
-1.924,0.054,0.668,-1.232,1.76,-1.196,-0.89,-0.09
-1.104,0.12,0.09,-0.057,-0.026,-0.925,0.543,0.709
-0.093,1.665,0.428,0.27,-0.314,-1.031,0.65,0.136
0.725,-0.979,1.925,1.297,2.105,0.123,-0.555,-2.913
0.468,-0.825,0.29,1.576,-0.673,-0.463,0.785,-0.795
1.211,0.518,1.168,-0.122,0.049,0.175,-0.841,-0.473
1.676,0.178,-1.774,0.531,1.226,-0.46,0.042,-1.057
0.743,-1.598,1.183,1.719,-0.635,0.737,1.473,0.59
-0.859,-0.685,-0.75,0.153,0.769,0.175,0.874,0.431
0.283,-1.718,1.941,1.36,-0.328,-1.253,0.603,2.854
0.323,-1.29,-0.861,1.49,0.677,0.2,-1.532,-1.758
-1.038,0.321,0.25,1.254,-1.008,-0.144,1.001,-0.143
1.18,-2.862,-2.809,-0.467,-0.267,0.901,1.344,-0.222
1.072,-0.399,-0.847,0.109,-0.499,-1.227,-0.287,-0.616
2.199,-0.723,0.404,-2.017,0.636,-0.42,0.062,-1.322
0.527,-0.931,0.951,-0.182,-1.376,-1.752,0.521,0.291
-0.899,0.156,0.454,0.893,0.504,-0.328,-1.019,0.259
-0.279,-1.104,-0.944,0.674,-0.105,-0.364,0.627,-0.533
0.995,-1.669,0.104,-0.995,0.644,0.312,1.23,-0.886
0.763,-0.785,0.618,0.14,0.983,0.192,0.276,-0.434
-0.534,-1.288,0.014,2.809,-0.11,1.932,-0.178,2.143
0.188,-0.053,-0.601,-0.096,0.986,0.292,-0.428,-0.948
-1.784,-0.047,1.235,-0.626,0.844,1.867,1.716,0.31
1.322,-0.58,0.357,-0.576,0.794,-0.144,0.642,-0.684
0.023,-1.195,-0.325,0.237,1.261,-0.805,0.261,-1.392
1.42,0.302,-0.647,0.07,-0.972,-1.598,1.258,-1.639
-0.889,1.305,-0.881,1.259,0.154,-0.237,0.296,-0.767
-0.959,-0.341,-1.177,1.265,-0.604,-0.781,0.824,2.913
-0.211,1.75,-0.402,-0.41,1.1,-1.562,0.852,0.224
-0.529,-1.11,1.073,0.825,-0.854,-0.841,0.128,-1.032
0.231,-0.83,1.026,-0.121,1.663,-0.857,-0.39,-0.548
-0.048,-1.567,0.242,1.109,0.829,0.097,-0.387,-1.907
-0.484,-0.317,-0.895,1.738,0.397,-1.216,-0.606,0.125
-1.306,0.622,-1.466,0.221,0.164,-0.215,-0.287,-0.946
-0.139,0.117,0.655,0.874,1.094,0.778,-0.687,2.369
0.662,0.299,-0.947,1.292,0.987,-0.131,-0.766,0.485
0.276,1.891,-0.376,-0.794,1.562,0.186,-0.718,-0.155
-1.585,0.905,-0.91,-1.849,0.782,-1.457,-1.762,1.279
1.315,0.696,-0.865,-1.122,1.571,-0.3,1.367,-0.579
-0.451,-0.119,-0.001,0.412,0.194,0.924,-1.536,-0.087
1.308,0.356,-0.349,-0.893,-0.18,-0.057,-1.808,0.886
-0.043,2.861,1.608,-1.038,-0.326,1.25,-0.411,1.349
0.381,0.282,-0.113,-0.36,1.718,-0.345,0.014,1.057
1.014,-0.154,0.217,-2.292,-0.376,-0.517,-0.161,0.235
-0.706,-0.776,2.228,0.763,2.188,-0.18,-0.514,0.529
-1.367,-0.317,0.016,-0.337,-0.873,-0.388,0.105,-1.33
-1.823,1.406,-0.203,0.413,0.486,1.808,1.275,0.93
-0.59,-1.168,0.876,-0.455,-1.21,0.351,0.343,1.501
-0.701,0.11,0.048,1.643,0.022,-1.081,1.379,-0.692
0.062,-1.181,-0.512,0.364,-2.147,0.011,-0.567,1.078
0.872,-0.173,-1.105,-0.076,0.392,-0.282,0.062,-0.707
0.789,-1.222,0.157,1.082,-0.996,0.283,-0.525,1.144
0.106,-0.693,0.083,1.596,0.45,0.259,-1.481,-1.185
0.101,0.184,-1.261,0.777,-1.068,0.538,-0.559,-1.074
0.004,-2.031,-1.555,0.889,1.101,1.565,-0.569,-0.84
0.912,-0.267,1.176,0.44,-0.048,-1.638,-0.163,0.485
0.742,0.836,1.378,0.052,0.927,0.516,0.699,0.02
-1.13,-0.118,-1.392,-1.369,-0.845,-1.892,0.801,-1.912
0.67,0.339,1.897,0.172,0.889,0.292,-0.21,1.304
0.805,2.112,-0.501,-2.049,0.781,-0.907,0.86,0.001
2.675,1.266,1.418,0.786,0.453,0.743,-0.488,-0.242
1.391,0.121,1.544,-1.377,2.192,-0.017,0.173,0.662
2.109,0.351,-0.617,-0.068,-0.274,-0.322,0.545,1.166
1.185,0.5,-1.138,1.831,-0.047,-0.761,0.122,1.533
0.24,1.403,-1.476,-0.575,-0.886,-1.493,0.971,0.387
-0.164,1.526,-0.601,3.085,0.345,-0.537,0.308,-1.542
-0.304,0.154,2.095,0.491,0.184,1.623,-1.992,0.5
0.876,-0.964,-0.913,-0.272,-0.349,2.905,-1.361,-0.658
0.618,-0.107,1.068,1.12,-1.854,-1.064,-0.934,0.625
-0.088,0.476,0.273,1.412,-0.346,-0.521,0.212,-1.048
0.941,0.313,0.349,1.232,0.801,-0.348,-0.805,0.421
-0.614,-0.776,-0.786,1.045,-0.919,0.695,-2.067,2.286
0.291,-1.028,0.954,0.742,0.481,0.885,-0.069,-1.35
-0.123,-1.562,0.116,0.115,-0.675,1.956,-1.152,1.696
0.892,-0.219,0.495,1.654,0.592,0.597,-0.952,-1.404
-0.014,1.272,-0.223,-1.12,0.039,0.817,0.417,-0.503
-0.344,-0.294,0.796,-0.419,0.504,1.359,-1.412,-0.955
1.161,2.197,0.789,2.349,-0.286,-0.382,-2.133,-0.145
0.669,0.313,1.027,0.398,-1.016,1.846,-1.199,-0.677
0.429,1.046,1.13,0.969,0.4,1.305,-0.778,-0.985
-0.02,-0.083,-0.662,1.042,-0.721,0.333,0.813,-0.519
-0.525,0.54,-1.272,-0.807,0.953,0.405,0.8,0.542
1.14,-0.758,-0.1,0.044,-0.865,0.956,0.916,-0.657
-0.481,-0.892,-1.643,-0.168,-0.938,-0.113,1.017,-0.301
-0.805,0.952,1.492,0.632,0.67,-0.491,1.568,-1.401
-1.467,-0.031,0.623,1.295,-0.645,2.285,0.224,0.055
-1.219,0.745,-0.714,-0.829,-0.198,0.982,1.273,0.843
1.117,0.664,-1.576,0.783,-0.092,-0.719,0.528,3.082
-0.662,1.133,-0.704,-2.209,-0.492,1.311,0.449,1.049
-1.243,2.514,-0.135,0.521,-1.601,-0.102,-0.362,-1.53
-0.506,0.857,-1.304,-0.273,-0.377,0.343,-1.409,-1.574
-0.368,-0.003,-0.565,-0.728,0.772,-0.656,-0.284,0.561
-0.111,0.134,1.149,-0.264,-0.637,1.181,-1.104,-1.243
-1.504,0.715,-0.963,-0.259,-0.495,-1.275,-0.908,0.586
0.557,-1.464,-0.163,0.389,0.205,-1.022,-1.616,-0.506
0.061,-0.383,1.612,-0.804,-0.704,-1.45,-0.401,1.225
0.19,-1.371,-0.27,-0.984,0.441,0.268,-0.367,-1.343
0.275,2.016,-0.344,2.239,0.985,-0.783,-0.423,1.277
-1.556,1.148,-0.901,0.031,-0.364,1.133,0.159,0.635
0.105,-0.045,-0.751,-1.179,-0.931,-0.301,-0.231,-1.583
0.417,0.488,0.896,0.078,0.255,-0.47,0.301,0.64
-0.755,-1.304,-0.319,-0.829,-0.11,-1.697,-0.975,-0.777
-0.301,-0.764,0.162,-0.232,2.902,-1.096,-1.418,-1.027
-0.932,1.491,-0.559,-0.734,0.063,0.027,0.952,-1.055
-0.914,0.403,0.924,0.516,-0.193,0.479,-2.806,-0.704
-2.124,-1.506,1.625,0.606,1.745,-1.71,-0.484,-0.363
0.083,-0.374,-0.766,1.451,0.509,-0.317,0.047,0.254
0.953,-0.342,-0.27,-1.779,1.245,-0.939,-0.626,0.039
-0.305,-1.96,0.025,-0.144,-1.027,1.472,-0.184,-1.139
0.852,-1.563,0.793,0.727,0.304,-0.791,-0.686,0.047
0.608,-0.689,-2.074,-0.398,-1.541,-0.092,-1.3,-0.265
1.483,0.065,-0.085,-1.043,-0.349,1.465,0.161,-0.482
-0.647,0.413,-0.105,0.428,-1.488,0.533,-0.781,-0.48
0.737,0.686,1.464,0.317,-0.33,-1.112,0.551,-0.551
-1.794,-1.248,1.086,0.569,0.237,-0.188,-0.91,1.068
0.607,-0.659,1.354,1.141,-0.858,-0.177,0.052,1.955
-0.998,0.675,-2.218,0.317,1.24,0.13,0.19,0.628
-0.817,-0.426,0.586,0.153,-0.095,-0.161,-0.827,0.875
1.001,-0.816,-0.432,-0.328,1.521,-0.278,-0.085,-2.27
0.478,0.693,-0.008,1.127,-0.753,0.207,-0.883,0.439
0.268,0.952,-0.534,-0.297,1.863,-0.84,-2.702,1.445
1.73,-1.516,1.4,0.639,0.566,0.257,-0.391,-0.82
-0.082,-1.901,-1.951,0.064,2.9,1.956,0.815,-0.914
-0.062,-0.104,0.495,-0.254,0.852,-1.665,-0.439,1.049
-0.15,1.546,0.664,-0.359,0.73,1.008,1.014,-0.037
1.147,0.552,-0.758,0.034,-0.669,1.029,-1.761,1.135
1.183,1.544,-1.051,-0.369,1.024,0.681,-0.518,-0.898
-0.657,0.397,0.72,1.171,0.811,0.236,0.883,-1.267
-0.378,-0.192,-0.249,-0.615,0.084,-1.021,-0.471,-0.003
0.309,1.481,1.009,0.343,-0.249,-0.162,0.168,-0.543
0.299,0.132,-1.034,-0.488,-0.016,0.364,-0.125,-0.996
0.448,-0.301,1.665,-0.361,0.179,1.788,1.317,1.076
0.241,1.12,0.375,-0.775,0.007,-1.674,-0.461,0.225
1.979,0.281,-0.409,0.385,0.364,1.111,-0.728,0.258
0.467,-0.798,-1.653,1.6,2.274,-0.036,0.513,-0.775
-0.5,-0.694,-1.04,0.388,0.72,0.918,1.409,0.893
0.763,-1.626,-0.604,2.456,-0.618,-0.188,-0.283,-1.082
0.089,0.172,-1.639,-1.123,0.841,0.506,-2.582,0.858
-0.25,-0.029,-1.621,0.26,1.42,1.221,-1.622,-0.83
0.089,0.358,1.854,-1.349,-0.514,-0.033,1.063,-0.325
-1.673,1.015,0.835,0.472,-0.875,-1.106,-0.632,-0.344
1.066,1.548,-0.43,-0.383,0.207,0.692,1.394,0.635
1.166,0.183,-0.179,-0.328,-0.825,1.823,-0.302,0.594
0.561,-0.701,-0.67,-0.345,-0.536,2.465,0.055,-2.607
0.712,0.348,0.602,1.644,0.456,-0.523,0.152,1.583
1.304,0.905,0.79,-0.412,0.515,-0.551,-0.011,1.302
-0.508,0.648,0.265,-1.014,-0.12,0.861,0.053,0.496
-0.376,-0.954,0.979,-0.966,-0.758,-0.619,1.605,-1.086
-0.522,0.482,-1.117,-0.809,-0.239,2.321,-2.25,0.051
0.875,0.588,0.76,-0.023,1.18,-1.403,0.061,-0.389
0.27,0.76,1.227,-0.025,-0.174,-0.452,-1.371,0.188
0.706,-0.568,1.388,-0.076,-0.633,-0.863,-0.963,1.02
-0.367,0.5,-0.511,1.116,1.212,-0.935,-1.363,0.065
-0.209,-0.315,0.94,0.186,-0.843,-1.701,-0.736,-0.235
-0.743,0.089,-0.148,0.585,-0.476,0.473,-0.076,1.156
-0.457,0.268,0.758,0.026,-0.615,0.29,0.4,-0.188
-0.673,-0.759,0.408,0.268,-0.586,1.362,0.736,-1.29
0.606,2.252,0.544,-0.292,-0.609,1.033,0.221,1.132
-0.547,0.782,0.901,-0.507,-1.439,0.609,1.172,-0.316
-1.286,2.183,2.112,-0.088,-1.114,0.772,1.817,-0.42
-1.652,2.506,2.172,-1.295,-0.297,1.758,0.905,-0.974
-1.329,2.239,0.068,-1.623,1.506,-1.451,1.193,-2.029
-0.5,1.187,0.462,0.282,0.995,0.591,-1.208,-0.582
0.349,-0.992,-0.774,-1.113,1.001,-1.683,-0.827,-1.06
-0.571,-0.399,1.253,1.587,1.755,-1.321,0.342,-0.033
0.391,0.783,0.903,-0.262,1.608,-2.268,-1.066,-0.091
0.904,-0.572,0.52,-0.142,-0.354,-1.11,-1.238,0.785
2.085,0.496,-0.083,-0.276,0.667,0.832,0.352,1.352
0.257,-0.195,-0.59,0.377,1.121,1.04,-0.343,0.64
-0.038,1.39,-0.65,1.307,-0.394,-0.836,0.078,0.105
1.151,0.654,-0.3,-0.566,0.61,-0.448,1.667,1.345
-0.02,-2.07,-0.15,-0.19,-0.707,0.528,-1.641,-0.544
-0.142,-0.223,0.518,0.056,-2.092,0.592,-1.028,-2.506
0.045,-0.661,-0.675,-0.131,-0.212,0.382,1.327,-0.195
1.21,-1.199,1.509,0.402,0.499,0.805,0.374,0.965
0.42,-1.12,0.656,1.44,1.087,-1.198,2.393,-0.596
1.507,-1.009,-0.316,-1.166,0.294,-0.484,-0.724,0.991
1.121,-1.975,-0.31,1.367,-0.305,0.886,1.186,-0.326
-2.28,-0.725,-1.414,0.181,-0.128,-0.047,0.395,-0.297
-1.062,0.792,-0.87,0.793,-0.011,1.315,2.015,0.395
-0.936,0.342,1.328,0.766,-0.228,-0.931,0.386,-0.311
-0.7,-0.35,-0.122,0.216,0.396,0.279,0.508,0.023
-2.16,-0.978,0.159,-0.82,0.079,0.944,-0.406,-0.203
-1.881,0.52,0.957,1.157,-0.398,-2.172,-0.087,-1.402
-0.571,-0.935,-1.572,-0.394,-0.458,-0.573,0.111,1.033
-1.191,1.136,0.825,0.154,-1.167,1.067,-2.302,0.653
-0.377,-1.332,-1.572,-0.933,-1.041,0.539,1.669,0.526
0.932,0.419,-0.612,1.162,-1.167,0.683,-0.55,1.882
0.393,0.651,-0.047,0.306,-0.381,-2.376,0.866,2.191
-0.732,-0.011,-0.317,-1.198,0.555,0.835,1.891,1.493
-1.34,-0.478,0.695,-2.383,-2.029,-1.636,0.147,-0.121
0.196,0.045,0.348,0.65,-0.448,-1.529,-0.716,-0.532
1.464,0.835,1.375,0.232,-1.318,-0.902,-0.91,2.288
0.556,-0.58,0.696,2.082,-0.515,-1.351,-1.48,-0.914
-0.008,0.362,1.185,0.77,-1.482,-1.076,0.619,-0.944
-0.114,-1.048,0.894,0.262,0.386,2.481,-0.459,1.552
-0.304,1.043,-1.705,0.693,-0.06,0.085,-0.113,1.873
-1.04,1.572,1.515,-0.338,-0.803,0.62,0.119,-0.366
-0.376,-1.755,0.006,0.524,-1.567,0.282,1.121,0.033
0.756,-0.799,-1.393,0.79,0.478,0.157,-0.073,0.462
0.135,0.147,2.542,-0.242,-0.266,-0.705,1.645,0.826
1.793,0.749,0.286,-1.449,0.674,-0.11,0.242,1.051
-1.425,-1.002,-0.307,0.675,-1.854,0.73,-1.33,1.924
-0.664,-0.861,-1.099,0.688,-0.418,-0.081,0.466,0.489
0.796,-0.655,-0.922,1.335,-0.704,0.735,1.133,-2.522
2.063,0.567,1.688,0.596,1.142,1.337,0.032,-0.679
-0.203,-1.572,0.377,0.4,-2.563,0.715,-0.764,1.088
-1.303,-1.181,-0.026,-0.425,1.214,1.696,3.498,0.737
1.759,-0.739,0.924,-0.102,-0.523,-0.314,0.066,-0.708
0.816,0.012,-1.283,0.889,1.151,0.23,-0.186,-0.736
-1.09,0.941,-1.625,-1.488,0.75,-0.045,-0.115,-0.268
0.177,2.626,1.778,-1.361,0.671,0.879,-1.38,1.18
0.461,1.233,-0.639,0.431,1.556,0.04,0.591,0.129
-0.814,0.176,-1.436,-0.568,-0.719,0.319,-0.569,1.752
-1.074,-0.783,-0.336,2.005,-1.18,-0.237,0.887,-0.211
1.031,0.283,-0.398,0.947,-1.287,-0.183,2.063,0.979
0.38,0.296,-0.165,0.242,0.336,0.414,-0.05,0.483
-0.39,0.4,0.012,0.016,-2.045,1.517,-0.215,0.416
0.062,0.96,1.417,0.194,0.897,-0.429,0.415,1.319
-0.558,0.803,-0.675,0.329,0.325,-1.578,0.823,-1.191
-0.901,1.773,0.868,0.934,-0.698,0.64,0.499,0.356
0.025,0.13,0.099,0.182,1.474,-0.181,0.774,0.261
0.697,-0.168,-0.126,-0.096,1.408,-1.287,0.198,-1.848
-1.002,0.103,0.144,-1.804,1.823,-1.359,1.12,1.496
-0.56,1.187,0.665,-0.15,-0.551,-0.96,0.558,-1.897
-0.374,0.061,-0.957,-0.838,2.132,-1.14,1.277,0.023
0.192,0.727,-0.054,0.136,-0.443,-1.544,-0.259,-0.242
0.401,2.16,-0.09,-0.668,-0.008,-0.322,0.212,-0.82
-1.125,-0.412,1.841,0.238,0.638,-0.407,-0.198,-1.044
0.19,1.592,-1.521,1.869,0.072,0.245,-1.66,-0.434
0.765,-0.944,1.196,-1.346,-1.789,0.593,-0.08,-2.411
1.12,0.372,-0.401,-0.752,1.768,-0.728,-0.474,0.215
-0.852,0.382,-1.232,-1.322,-0.265,-0.028,0.892,0.728
0.222,-1.329,0.314,-1.215,-0.697,0.628,-1.26,-0.138
0.71,0.325,1.022,0.939,0.857,0.586,-0.111,1.49
-1.391,0.067,1.162,1.254,-0.454,-1.629,0.569,0.433
1.647,-0.444,-0.83,-1.073,-2.428,0.557,0.247,-0.434
-0.91,0.785,-1.118,-0.32,-0.967,1.013,-0.082,0.612
-0.101,-0.679,0.619,-0.769,-1.659,0.665,0.175,0.098
-1.147,0.088,0.456,0.599,-2.061,-0.454,0.509,-0.632
-1.248,1.418,-0.362,0.62,-1.14,1.361,1.88,-0.397
-1.905,0.095,-0.975,0.092,-0.251,-0.166,2.276,-1.639
-1.235,2.355,1.401,-1.395,0.021,-0.404,1.47,1.421
0.009,0.664,0.362,0.387,1.055,-0.162,-0.186,0.616
-2.53,-1.662,-0.042,-1.461,-0.408,-0.695,0.518,0.159
-0.061,0.312,-1.255,0.189,-0.483,-1.247,-0.365,0.77
0.842,-1.282,-0.449,-0.054,-2.301,-1.911,0.194,-0.164
1.178,0.147,-0.32,-0.277,-0.719,-1.383,0.668,-0.65
-0.472,0.866,-1.421,0.464,-1.634,0.365,0.592,0.146
0.44,2.097,0.401,-0.065,-0.198,0.204,0.641,-1.367
-0.402,0.221,0.382,0.088,-0.526,0.389,0.16,-0.781
1.832,-0.723,0.059,-0.958,1.031,1.564,0.233,-0.589
0.975,-0.201,-1.325,1.094,1.479,1.686,0.058,-0.164
-0.643,0.942,-0.433,-0.17,-0.052,-1.396,0.871,-1.285
1.302,3.695,-0.817,-1.874,0.689,-0.8,0.185,0.365
0.737,2.055,-0.528,-2.359,-1.113,1.654,-2.16,-0.031
-0.09,0.607,-2.003,0.499,0.098,0.325,-1.218,0.047
0.369,1.483,0.719,-1.267,-0.118,-0.216,-0.515,0.22
-0.393,-1.246,-0.58,-1.894,0.513,-2.342,-0.035,0.417
0.349,0.68,0.235,0.302,-0.886,-0.768,-0.566,0.205
0.148,-2.55,1.037,0.438,0.482,0.62,-0.615,0.115
-0.626,-1.419,0.009,0.461,-0.629,-1.9,-1.247,1.656
1.073,-0.384,-2.212,-0.077,1.476,0.38,-1.647,0.054
-0.294,-0.403,-0.736,-1.443,-1.042,-1.07,0.083,0.999
1.836,-2.236,0.549,-0.493,-0.317,0.701,-0.006,0.918
-0.797,1.733,1.496,-2.313,-0.388,-1.443,1.665,0.279
0.087,0.843,-1.004,-2.821,1.156,-0.822,-2.096,-0.869
0.816,0.105,0.527,-1.308,0.313,-2.202,1.136,-0.327
0.442,-1.21,-0.979,-0.334,1.001,-0.662,-0.26,-0.592
-0.13,0.03,0.252,-0.985,1.603,-1.643,-1.191,1.301
-0.326,0.241,0.941,-0.352,1.982,0.529,-0.452,-1.356
-0.166,0.801,-1.573,0.738,-0.218,1.938,1.06,0.852
0.268,0.35,-1.246,-0.58,-1.839,0.269,0.073,-0.502
1.57,0.891,-0.343,-0.108,-0.9,-0.572,-0.199,-0.001
0.119,0.711,-1.475,-1.573,-0.919,-2.232,2.198,1.47
-2.157,-0.338,1.399,-0.719,1.365,-1.103,0.021,-1.399
0.203,-0.001,0.742,-1.557,0.746,-0.429,-0.169,-1.417
0.124,0.246,-1.704,-0.755,1.179,-0.554,-0.939,-0.105
-0.783,1.413,-0.347,-0.351,1.096,-0.03,-0.529,1.4
0.657,-0.833,-0.71,-0.397,-2.473,0.578,-1.326,-1.432
0.372,-0.524,0.631,-0.79,0.226,-0.69,-1.381,1.187
2.534,-1.258,-0.159,0.365,-0.557,-1.256,-0.687,-0.281
-0.185,1.213,0.938,-0.045,2.494,-0.746,-1.465,1.304
1.206,1.798,-1.871,-0.525,0.151,-1.484,-0.221,0.429
-1.511,-1.567,0.085,0.511,-0.529,-0.866,-0.708,0.883
-0.784,1.169,-0.036,1.468,2.172,-0.01,-1.041,1.718
-1.897,-0.624,-1.257,-0.848,-1.705,-1.354,0.004,-0.023
-2.026,-0.73,-0.74,1.724,-0.666,-1.326,-0.027,0.169
-1.718,1.11,-1.22,0.297,-0.158,1.162,-0.716,0.372
-0.82,-0.284,-1.009,-1.339,0.063,1.249,1.631,-1.055
-0.899,-0.275,0.612,-1.972,-2.284,-0.602,-0.175,0.412
0.102,-2.099,1.711,-0.068,-0.263,0.851,0.699,-1.078
-0.162,-0.846,0.415,0.165,-1.217,0.204,-0.341,0.613
-0.789,0.592,1.671,1.78,0.401,1.743,-1.192,-1.576
-1.017,0.253,0.612,0.678,-1.454,1.644,-2.661,-1.358
1.156,-0.275,0.536,-0.094,-0.172,-0.135,-1.32,0.177
0.521,-1.693,0.193,0.428,-0.692,1.086,1.995,1.169
1.889,-0.18,-0.107,1.069,-0.341,0.946,-2.006,0.046
-0.035,0.558,0.86,2.211,-1.047,1.449,-0.191,1.114
0.554,0.726,-1.443,-0.841,0.714,-0.27,-0.212,1.242
-0.513,1.187,-0.929,0.378,-1.56,-0.82,-1.239,0.506
-0.677,0.821,-0.562,1.735,-0.162,1.477,1.374,1.551
0.948,-0.949,1.187,-1.029,0.155,1.134,0.654,0.793
-0.511,-0.226,-0.783,1.395,0.579,-0.676,0.035,-2.163
0.392,0.832,0.185,0.896,-1.499,-0.178,0.725,1.996
-0.643,0.868,2.793,-1.002,0.661,0.503,0.788,0.72
-0.163,0.159,1.56,0.436,2.048,0.416,-0.025,-1.252
-0.292,0.809,0.718,0.839,0.683,0.581,0.561,-0.063
1.568,0.382,0.501,-0.933,0.543,-0.348,0.876,-1.252
-0.216,0.304,-0.397,0.986,0.203,0.012,-0.071,-0.843
0.955,-0.26,1.1,-0.128,1.586,-1.061,-0.406,1.053
1.019,0.752,-1.154,-0.594,0.914,0.198,-0.361,1.005
-0.214,1.542,-1.521,0.719,-0.197,-0.183,0.421,0.574
0.068,-0.046,-1.083,-1.033,0.347,-0.146,-0.447,-0.533
-0.685,0.405,0.133,1.728,-0.267,2.002,0.335,1.404
-0.143,0.074,0.678,0.398,-1.361,1.192,0.039,0.294
-1.336,1.185,-0.416,-0.377,-0.32,0.333,0.628,0.382
0.29,-0.292,0.464,0.498,-1.915,-0.322,0.09,-0.461
1.72,-2.022,0.446,0.547,-0.128,0.812,1.685,-0.603
1.02,1.952,0.86,1.876,-0.208,-1.024,1.664,-1.691
0.571,-0.001,-1.326,1.242,0.289,-1.281,0.561,-0.18
0.978,-0.01,-0.233,0.721,-0.59,-0.105,-1.572,-1.598
-0.356,1.559,-0.95,-0.525,-2.142,1.494,0.743,-0.377
-1.904,0.326,-0.477,0.07,0.39,-0.633,1.033,-0.778
-1.511,0.296,-0.607,-0.286,-0.016,-0.7,-0.044,0.264
-1.651,-0.568,1.233,-1.67,-0.932,-0.234,-1.588,-0.626
0.936,1.331,0.987,-2.127,0.101,-1.442,-0.495,-2.035
-0.227,-0.0,1.894,0.852,2.157,-1.47,1.2,-0.62
0.493,0.895,0.68,-0.427,-1.557,-0.883,0.476,-0.537
-0.232,0.606,-0.811,-0.298,0.472,1.714,0.12,0.188
-0.177,0.13,-1.122,0.776,-0.115,-0.862,0.208,1.039
0.595,1.29,0.013,-0.501,1.8,-2.473,0.888,0.191
0.117,-0.848,0.339,-1.742,-0.375,-0.078,-0.381,-0.75
-0.917,0.301,-0.893,1.761,-2.148,0.1,0.081,0.534
-0.435,1.566,0.804,0.095,0.588,-1.347,1.556,-0.261
0.32,1.952,-1.802,-1.998,1.461,-0.376,1.058,-1.101
-0.397,0.335,1.167,-1.032,1.171,-1.553,1.089,0.495
-0.293,-0.336,-0.894,0.071,0.681,-0.323,-0.876,-0.572
-0.007,0.489,2.112,-0.136,0.116,-1.956,-1.35,0.597
0.974,0.044,-0.47,-0.19,0.871,0.165,0.049,-0.366
0.287,-0.596,0.344,0.468,-1.106,-1.262,0.146,-0.764
0.945,-0.541,0.713,-0.07,1.768,1.204,0.806,0.849
0.191,0.792,0.617,-2.013,0.734,0.738,-0.062,0.083
-0.3,-1.321,-0.321,1.288,-1.672,-0.061,0.951,0.571
1.471,-1.001,-0.796,0.706,1.056,-1.168,-0.84,0.219
-0.597,-0.503,0.509,1.434,1.046,1.203,0.54,-0.352
-0.551,-0.938,0.783,0.536,0.475,1.197,1.411,-0.987
2.008,0.213,1.019,0.873,0.005,0.315,-0.828,-0.025
-0.108,-1.293,1.121,0.471,-0.743,0.709,-0.415,-1.079
-0.023,0.008,-0.567,-0.875,0.034,1.439,1.185,-0.353
-0.199,1.061,1.769,0.341,0.235,1.807,-0.734,1.22
1.557,-0.028,0.406,1.101,-1.385,0.04,1.634,-0.584
0.912,0.116,-0.357,-0.014,1.442,-1.209,-0.683,-1.47
-1.153,0.55,1.224,-0.447,0.341,0.03,0.65,0.264
0.71,0.238,0.047,0.48,-1.553,1.174,-0.015,-0.118
0.051,0.397,-0.237,0.418,-0.027,-0.961,0.514,-0.953
-0.17,0.843,-0.324,0.568,-2.046,0.441,0.602,-0.69
0.359,0.218,0.889,0.197,0.576,-0.453,2.505,-1.767
0.187,-0.469,-0.46,-0.937,0.41,0.679,0.862,-0.636
-0.374,-0.127,0.411,0.825,-0.783,0.031,-0.973,-0.74
1.982,-0.707,1.062,0.244,0.971,0.382,-0.257,-1.767
0.526,-1.874,-1.953,-1.013,-1.035,0.85,1.252,-0.175
0.076,-0.152,-0.754,0.947,0.281,-0.125,-1.257,0.336
2.472,-0.592,0.289,0.416,-1.943,0.991,-1.121,0.578
-0.453,-2.657,-1.716,-0.0,0.042,0.914,0.381,-1.043
0.288,1.031,-0.86,-1.096,-0.512,0.588,-0.719,-0.296
0.114,0.785,0.029,0.97,-0.702,-0.062,-0.358,0.008
-1.413,2.988,-0.942,-0.333,0.676,1.087,-0.616,1.485
0.621,0.986,-0.794,-1.338,0.525,0.334,-0.925,0.31
-0.015,0.429,2.492,0.187,0.018,-0.815,0.58,-1.1
-1.217,0.629,-0.57,-0.027,-1.363,-0.99,0.493,-1.146
-0.646,0.246,2.515,-0.942,-0.619,0.203,-0.481,-1.42
-0.142,-1.682,0.034,1.777,-0.361,0.043,-0.811,-1.439
-0.638,-1.458,1.32,0.253,0.754,0.432,1.394,0.002
-0.34,-0.824,0.114,0.241,-0.088,-0.856,-0.618,-1.046
-0.076,-1.643,-0.502,0.633,0.882,0.97,-0.964,-0.059
-0.704,-1.724,-1.392,0.069,-0.217,-0.05,0.551,-0.123
-0.378,1.47,1.559,1.095,-2.437,0.598,1.754,0.084
-1.054,0.154,0.766,1.993,0.456,-0.251,-0.823,0.587
-0.274,-0.048,2.013,0.377,0.399,1.041,-1.41,-0.622
-0.295,-1.758,0.849,0.52,0.085,0.223,0.56,-0.038
0.461,-1.378,0.386,-3.135,-1.062,0.317,1.795,-0.319
1.27,1.224,-0.477,0.775,-0.782,0.803,0.262,-0.892
-0.286,1.307,0.752,-0.197,-1.476,-0.1,0.481,-0.559
1.116,1.704,-0.481,-2.659,1.233,0.871,-0.38,-0.8
-0.316,-0.697,-1.083,-1.667,0.339,-0.003,0.635,-1.722
0.634,0.13,-0.461,-1.574,0.893,-1.698,0.047,-0.211
-0.969,0.032,0.263,-1.755,0.266,-1.451,0.626,0.164
0.254,-0.515,1.774,-0.253,1.005,-2.293,0.309,-0.894
-0.518,-2.559,0.801,-0.153,-0.061,-0.321,0.245,0.476
-0.104,-2.801,0.029,-0.607,0.86,0.03,0.547,-0.261
0.009,0.007,0.742,-0.458,-2.151,-0.698,0.738,0.238
-1.115,0.437,1.37,-1.074,0.382,-0.319,-1.251,-1.064
-1.036,-1.255,0.138,-0.537,0.505,0.462,-0.183,0.888
1.835,-1.453,0.337,0.853,0.37,1.073,0.878,-0.347
1.7,-1.067,-0.701,0.271,-1.393,1.367,-0.721,0.684
1.641,0.522,-1.118,0.318,0.079,-0.802,-1.249,1.769
0.848,-1.074,0.352,1.871,0.916,-2.483,0.146,1.352
-1.286,0.052,-0.927,1.28,0.882,0.352,-0.417,-0.006
-0.309,0.321,1.22,-0.576,-0.691,-0.622,0.435,0.752
-1.0,0.492,1.988,-1.536,0.143,-1.218,0.119,2.281
1.803,0.127,-0.959,0.59,1.888,-1.579,1.269,-1.153
0.402,0.176,-0.214,-1.289,0.665,-2.03,0.501,0.287
0.194,-0.986,-0.97,-0.622,1.106,-0.86,-0.054,-0.045
0.869,0.179,1.177,-2.169,1.704,-0.616,-1.21,-0.17
0.726,-0.363,1.006,-0.893,-0.283,-1.909,-1.4,-1.191
-0.53,1.366,-1.008,0.175,0.776,0.754,-0.662,-0.906
0.508,0.439,-0.61,-0.274,-1.327,-0.19,-1.109,1.411
-2.258,1.07,-0.599,-0.243,-0.448,0.758,-0.221,0.77
-0.216,-0.071,0.138,-0.454,-0.595,-0.859,-0.518,-0.69
-0.537,0.851,0.395,3.424,1.009,-0.274,0.95,0.426
0.011,-1.072,-2.357,-0.394,-0.349,1.255,0.517,-1.307
-0.515,0.276,-0.464,-0.162,-0.873,0.292,0.828,-1.181
-0.36,-0.12,-0.139,-1.81,0.203,1.072,0.591,-0.592
1.948,0.344,-0.407,0.466,0.549,0.826,0.334,-0.034
0.388,-0.825,-0.733,-1.631,-0.241,0.719,0.788,-0.946
-0.687,-0.923,0.243,0.885,-0.22,-0.509,1.252,-0.122
-0.07,-0.714,-0.711,-1.746,2.215,-0.636,2.235,-2.251
0.748,-0.377,1.717,0.277,0.178,-2.125,1.724,-0.083
-0.185,-1.666,0.139,-0.089,-0.123,-1.317,0.476,-0.889
0.974,-2.619,-0.559,-0.7,-0.911,1.01,-0.288,0.574
0.966,0.586,-1.993,0.568,-0.562,-0.654,-0.413,-0.684
1.402,1.163,-2.204,0.401,0.14,0.652,-0.248,1.18
-0.684,0.963,2.874,-0.853,-1.055,0.353,0.367,-1.88
-1.196,0.179,-1.996,-0.554,-0.59,2.745,1.468,-0.963
-0.873,0.388,-0.442,-1.462,1.258,-0.621,0.294,1.471
-0.36,-0.324,1.016,-0.006,-1.012,-0.483,0.031,-1.85
-0.892,0.304,-0.338,0.495,-2.466,0.516,1.607,1.47
1.179,-0.774,-1.162,-0.273,-0.54,0.203,1.826,2.709
0.148,0.946,-0.948,-1.222,-0.96,2.326,-0.684,-0.98
2.454,0.742,0.545,1.815,-2.109,0.805,1.37,-1.47
0.502,0.034,0.505,-0.171,1.19,-0.532,0.431,-0.934
-0.062,1.137,0.84,0.367,-1.468,1.576,-0.014,-1.501
0.387,1.577,-0.438,-0.866,0.663,0.057,1.408,-1.427
0.144,0.415,-0.546,-0.17,0.605,-0.081,-1.696,-0.088
-0.781,-1.074,0.947,0.799,1.081,-0.36,-0.107,-1.374
-0.224,-0.612,1.067,0.462,-0.137,-0.31,-0.073,0.225
-0.434,-0.76,-0.599,0.059,1.044,-0.575,0.564,0.543
0.406,-1.404,-0.588,0.874,0.603,-1.586,-0.975,-0.111
0.498,0.428,-1.336,1.74,-0.312,-0.615,-0.861,-0.724
0.814,-1.34,0.308,3.075,-0.792,-1.906,-0.961,0.514
0.399,-0.724,0.342,-0.03,-0.296,1.34,0.852,-0.734
0.246,-0.084,1.16,0.763,0.553,-0.622,0.865,-0.587
0.125,1.437,-0.682,-1.346,-0.569,-0.049,0.307,0.795
0.314,2.014,0.89,-0.892,0.676,1.253,1.301,0.84
1.059,0.741,-0.142,-1.317,-0.904,0.573,1.112,0.724
0.364,-0.435,-0.615,0.366,-0.223,1.525,1.184,0.26
0.99,0.273,-1.381,-1.026,1.992,-0.975,-1.318,0.192
-1.663,-0.385,0.681,-3.425,-0.932,0.616,1.104,-0.818
-0.288,0.417,-0.864,-1.359,0.694,-1.869,-1.317,-0.737
-0.708,-1.123,0.736,-0.296,-0.625,-0.849,-0.351,-1.007
0.097,-2.737,-0.854,-1.121,-0.983,-1.586,-0.557,-0.457
-0.022,-0.139,2.04,0.929,-1.419,-2.246,0.268,1.152
0.693,0.52,-0.588,0.123,1.793,0.201,0.307,0.246
1.123,0.2,1.495,-0.175,0.132,0.864,-0.548,2.029
0.922,1.538,1.354,0.968,1.103,0.364,0.742,1.88
-0.682,-1.363,-0.39,0.422,-0.254,0.181,0.797,0.735
0.04,-0.659,-0.31,0.209,-0.583,-0.761,1.36,0.794
0.981,1.736,1.002,1.084,-0.07,-0.205,0.455,0.869
1.358,0.772,0.897,0.75,0.614,-0.05,-1.213,-0.551
0.144,0.022,-1.437,-0.549,-0.523,0.252,-1.636,-0.36
1.288,-0.81,-0.079,0.678,1.232,1.213,1.73,-1.392
-0.437,1.497,-0.769,-0.243,0.911,-0.162,0.549,-0.667
0.24,1.016,-0.468,0.916,-0.116,-0.16,0.243,-0.065
1.29,1.988,0.035,-0.945,0.071,-0.15,-0.914,-1.118
-0.078,1.129,-0.1,-1.46,-0.594,1.345,-1.725,-0.584
0.796,0.59,-0.78,-1.878,0.246,0.801,-0.78,0.271
-0.468,-1.65,-0.035,-2.062,0.074,-1.442,0.461,0.718
-0.228,-1.169,0.858,-1.076,-0.225,-1.289,0.736,-0.055
0.721,-0.631,0.022,0.311,0.95,-0.856,-0.279,-0.044
-0.09,-0.076,-0.486,-2.073,0.549,0.195,-0.071,1.039
1.381,0.252,-0.58,-0.707,-0.981,-0.779,0.609,-0.871
1.255,-1.325,0.409,1.317,-0.521,0.925,0.398,-0.535
0.875,0.228,-1.069,-0.468,-0.912,0.44,0.419,-0.735
0.821,-1.699,0.732,-1.265,-2.578,0.356,-1.816,0.324
1.959,-0.754,-0.235,1.349,1.079,0.302,-0.815,1.436
-0.348,-0.385,-0.307,0.798,-0.442,-0.21,0.03,0.126
-0.962,0.92,0.885,-0.957,0.824,1.907,0.01,0.704
-0.568,0.316,-0.733,0.869,-0.425,0.344,-0.623,1.142
1.272,0.271,1.822,-1.122,0.898,-0.679,-0.597,-0.419
1.756,-0.649,0.25,0.241,-0.161,1.401,-0.698,-1.347
0.839,-0.416,1.712,-0.715,0.398,-0.457,0.69,-0.393
-0.362,-0.979,1.549,0.094,-0.503,-0.305,-1.431,-0.121
0.972,1.048,-0.151,-0.977,0.613,0.494,1.85,0.485
0.786,-0.418,-0.76,0.403,0.831,-0.936,0.066,-0.072
0.383,-2.632,-1.851,0.907,0.82,-0.363,1.184,-0.263
1.751,-2.724,-1.368,-0.097,0.071,0.542,-0.914,-1.395
1.471,-0.04,-0.736,0.448,-0.731,1.219,0.048,-0.898
2.352,-0.584,-1.409,0.166,-1.379,1.173,0.316,1.648
-0.088,0.496,-0.197,0.822,-0.346,1.496,0.588,0.518
-1.632,-0.954,-1.022,1.182,-0.323,0.565,0.704,-0.626
-2.354,0.104,-0.765,0.3,-3.405,2.015,0.42,0.24
-0.047,-0.49,-0.46,0.671,1.105,3.191,0.98,-1.576
-1.231,-1.704,-0.999,0.933,-1.232,-0.097,2.73,-0.453
1.59,-0.048,-0.647,0.528,2.047,0.264,0.189,0.019
0.398,-0.128,-0.289,1.358,-1.059,-1.292,-0.846,-1.327
1.066,1.506,1.422,-0.572,-2.815,-0.893,0.171,-0.777
-0.968,-0.075,-0.315,-0.917,1.522,-0.465,1.158,-0.47
0.673,1.322,0.034,-1.716,0.806,0.89,-0.476,1.239
-0.724,0.319,1.482,-2.722,1.094,-0.459,0.137,-0.482
1.271,2.405,-1.795,-0.574,-0.028,0.044,0.357,-0.998
-0.028,0.278,0.336,0.032,0.179,-0.814,-0.102,0.834
1.106,0.993,-0.258,-1.042,-0.534,-1.623,-0.238,-1.016
-1.076,-1.17,0.035,-0.476,0.371,-1.181,-1.101,1.547
-1.149,0.412,-0.551,-1.126,-0.794,0.635,-0.096,0.293
-0.771,-0.512,0.297,-1.258,0.525,-0.346,-1.559,0.389
-0.955,-0.817,0.862,0.095,-0.453,0.023,-0.772,0.328
-1.142,1.365,-1.281,0.339,-0.065,1.023,2.078,1.487
-0.699,-0.529,-0.404,-2.169,0.964,0.542,-0.075,0.364
0.851,0.099,-0.663,1.224,0.729,-0.502,0.067,-0.327
-0.153,0.504,-0.189,0.259,1.367,-0.59,-0.667,-0.438
-0.034,2.341,1.953,-0.843,0.696,-0.949,-1.07,0.352
0.305,-0.446,-0.326,0.356,-1.109,-0.318,-0.224,0.385
-0.727,-0.188,0.257,0.709,-0.371,0.131,-1.112,0.613
2.216,-1.279,0.207,0.206,-0.42,0.484,-3.03,3.282
-0.084,-0.619,-1.383,0.464,-0.218,0.607,-1.88,-1.277
-0.113,0.015,-0.908,0.649,-1.702,0.906,0.568,-1.563
0.361,-0.601,-0.869,-0.455,-0.353,-0.488,0.99,0.639
0.526,-0.237,-0.755,0.959,-0.155,1.069,1.279,0.416
-1.281,1.996,-2.137,0.332,0.531,1.012,-0.124,2.255
-1.419,1.284,-0.04,0.269,1.719,-0.333,1.581,-0.92
-0.893,1.043,-1.83,-1.525,0.225,0.908,0.557,-0.759
0.758,0.535,2.74,-0.297,0.968,-1.96,1.022,0.206
0.483,0.123,-0.703,1.351,0.779,-1.113,-0.835,0.141
-0.432,0.639,0.431,-2.562,-0.081,-1.15,-1.795,0.286
-1.78,2.348,-1.096,-1.548,1.46,-1.022,-0.101,0.88
1.611,1.16,2.153,-0.369,-0.006,-2.637,0.695,-1.153
-1.202,-0.107,-0.448,0.22,1.972,-0.463,-1.19,-1.195
0.931,-0.474,-1.396,-1.364,-0.268,0.261,0.509,-0.5
1.73,0.018,-0.236,0.613,-0.539,-0.116,-0.473,-0.781
-0.348,-0.785,0.887,-0.421,1.558,0.183,-1.187,-1.069
0.173,-0.227,-0.267,-0.353,-0.928,-0.003,0.762,0.764
1.184,-0.051,0.24,1.688,1.118,1.18,1.265,-0.894
-0.187,-0.171,-0.67,-0.127,-1.353,1.097,0.534,-1.398
-0.783,0.716,0.881,0.033,0.287,-0.444,-0.294,-0.345
0.897,1.017,0.299,-0.79,-0.254,0.662,-0.451,-2.019
1.799,-1.634,0.007,-0.208,0.052,-0.291,-0.968,-1.219
0.379,-0.92,-0.674,-0.416,0.779,-0.738,0.648,-0.011
-1.01,-0.017,-0.727,1.009,0.799,1.206,-1.108,0.166
0.8,-1.296,0.867,0.916,-0.307,-0.861,-1.475,-0.254
-0.509,-0.445,-0.337,-0.26,-0.341,2.954,-0.435,0.869
-0.77,-1.655,0.295,0.027,0.377,1.012,1.05,2.674
2.04,0.366,-1.661,1.089,1.235,-0.764,-0.882,-0.12
-0.22,-0.439,0.262,1.427,0.066,0.569,-0.718,-0.786
0.369,2.138,0.778,-0.418,1.772,0.352,-0.487,0.192
-0.238,0.301,0.055,-0.364,-0.571,1.438,0.664,-0.026
0.305,-0.006,0.853,-1.781,-2.201,-0.002,-0.059,-0.365
1.05,0.373,0.614,0.509,-0.252,0.026,-0.241,0.373
0.056,0.188,1.011,-1.202,1.369,-0.728,1.708,1.382
0.164,-1.068,0.93,-0.046,-0.343,1.214,0.123,0.122
1.381,-2.266,1.876,0.374,0.239,0.986,-0.107,0.61
-0.657,-0.112,0.757,0.563,-2.178,-0.115,-0.395,-0.189
-0.769,0.099,0.363,0.551,-0.323,1.198,1.541,-0.103
0.382,1.048,-1.243,-0.435,-1.122,2.566,0.082,0.922
0.783,0.396,0.122,-0.826,1.242,-0.078,1.398,-0.32
-2.064,1.001,-2.672,-0.464,-0.756,1.815,0.283,-1.105
-0.331,-0.105,1.06,0.674,0.34,0.744,0.682,1.433
-0.654,1.611,0.707,-0.334,1.551,1.083,-0.982,-1.833
-1.15,-1.333,2.078,0.251,2.163,1.907,1.486,-0.926
0.278,-1.2,-2.32,1.85,1.734,-0.206,0.377,1.333
0.068,-0.825,1.461,-1.169,0.954,1.138,0.191,-0.465
-1.607,-1.146,-0.519,-0.388,-1.116,0.396,-1.457,-0.989
-1.118,-1.275,-0.228,-0.348,-0.861,1.07,-0.918,0.842
-0.368,-1.303,1.054,0.241,-0.471,-0.58,-0.427,0.279
-0.221,0.867,0.141,-1.29,0.468,0.309,0.31,0.09
-0.403,-1.149,2.072,-0.278,-0.301,-0.275,-0.421,1.193
-0.5,-1.102,1.456,-0.729,0.17,-0.944,-0.836,1.569
0.568,0.165,0.412,-0.448,0.804,-0.03,-0.582,0.662
-0.82,-1.228,0.42,-0.497,2.036,-0.848,-0.375,2.03
0.218,0.953,1.224,0.387,0.777,-0.663,0.444,-0.499
0.638,0.937,-1.484,-0.042,0.748,0.039,-0.21,0.039
-0.273,-2.2,-0.971,0.239,0.538,-0.448,-0.652,0.415
-0.495,-1.349,-0.081,-0.573,0.013,-1.012,0.035,-1.903
0.53,-0.677,-0.383,1.8,-1.536,-1.36,-1.623,0.875
-1.41,-0.423,-1.094,-1.042,-0.682,0.002,-0.372,-0.352
0.244,-0.522,0.864,1.423,-1.467,0.262,-0.538,1.094
-2.256,1.605,-0.617,1.971,-0.587,-0.207,1.85,0.337
-1.135,0.616,0.031,0.042,-0.002,0.956,0.856,0.072
1.321,0.655,0.723,-0.217,0.094,-0.476,-0.06,0.051
0.645,-0.204,1.105,-1.181,-1.236,-0.607,1.144,1.031
-0.314,-0.164,-0.574,0.425,2.024,0.525,1.01,-0.306
0.081,0.386,-0.151,0.318,-0.541,-0.509,-0.352,0.314
0.431,0.201,0.359,-0.962,1.337,0.535,0.37,-0.116
0.302,1.477,0.128,0.557,1.648,-1.836,0.518,0.03
-1.034,-1.429,0.71,-0.915,-0.594,-1.217,-0.077,-1.129
-1.957,-1.05,1.098,-1.165,0.688,-0.61,0.851,-0.095
-2.309,-0.356,0.687,-0.396,0.185,-0.436,0.362,1.033
0.841,0.583,1.831,-0.853,0.105,-2.822,-0.251,-0.576
0.873,0.303,0.351,-0.813,1.211,-0.829,0.532,1.889
0.69,1.082,-0.136,-0.36,-0.138,-0.604,-0.72,0.319
1.574,-0.326,-1.083,0.436,0.215,-2.784,0.895,0.194
0.391,-0.001,0.158,1.481,1.122,-0.261,-1.641,0.809
0.983,-0.403,0.316,2.191,0.16,-0.603,1.725,-0.723
-0.474,-0.758,1.683,0.781,-1.408,-0.486,0.013,-1.5
-0.307,-2.041,-0.59,0.902,-0.296,0.246,0.176,0.019
-0.419,0.756,-0.039,-0.357,-1.189,1.288,-1.099,0.201
-0.783,1.534,0.376,1.488,-0.863,0.977,-0.275,-1.307
-0.164,0.227,-0.211,0.153,0.141,1.399,-0.948,0.314
0.683,0.663,0.343,0.988,-2.285,0.066,-0.824,1.416
-0.889,0.164,0.06,0.104,0.626,1.934,-0.482,1.487
0.899,-1.231,-0.076,0.328,-0.104,1.069,0.962,-1.342
0.528,0.086,-0.819,-0.337,-0.776,0.174,-0.744,0.285
0.707,0.813,1.969,0.882,-0.691,0.805,0.668,-1.296
-0.719,-0.481,0.54,-0.484,-0.425,-1.031,-0.769,-1.942
-0.532,-0.144,0.204,-0.381,0.437,1.038,1.262,0.401
0.367,0.803,-1.163,-0.121,0.361,-0.025,2.33,-0.46
0.491,-0.567,0.826,-2.229,0.127,-0.56,0.857,0.104
0.14,-0.51,-0.074,0.448,1.275,0.173,0.197,-2.686
0.032,-1.058,-0.311,-1.747,-1.333,-0.292,1.54,-0.067
-0.688,0.104,-1.72,-0.495,-2.392,-0.742,0.977,0.753
0.797,-1.827,-0.914,1.125,-0.458,-0.715,-1.102,1.436
0.087,0.186,-0.691,1.194,0.071,-1.165,-0.453,-1.203
-0.249,-0.173,0.542,1.167,0.851,-1.275,0.545,-1.14
0.635,0.579,-1.272,0.0,1.172,0.276,-0.615,0.398
0.266,1.509,1.182,-0.18,-2.734,-0.388,-0.184,-0.625
-0.339,2.83,0.745,0.385,1.879,0.411,1.699,0.021
1.22,-0.21,2.218,-1.095,0.402,0.494,1.075,1.047
0.407,-2.171,0.591,-1.55,-1.938,0.926,1.832,-0.71
-0.359,0.421,1.144,-1.096,-1.546,1.668,-1.429,1.006
-0.332,-0.515,0.707,0.879,-1.208,0.043,0.182,0.653
0.017,-1.246,0.399,-2.418,0.039,0.424,1.132,0.841
0.66,-0.442,-0.258,-0.179,-0.065,-2.422,1.141,1.457
-0.516,-2.393,-2.459,1.452,-1.742,1.281,0.958,-0.862
-1.496,0.812,0.461,0.846,0.425,0.373,0.623,-1.154
-0.772,-1.914,-0.85,0.967,0.795,0.758,0.231,-0.342
-0.834,-0.526,-1.413,0.101,-0.382,1.402,-0.148,0.156
-0.266,-1.373,-0.339,0.433,-0.667,-0.937,-1.263,-0.992
-0.526,0.79,0.154,0.513,1.498,-1.273,1.632,-1.772
-0.818,0.448,0.38,-1.714,-0.488,0.007,0.707,-0.801
-0.215,0.727,-0.132,0.547,2.361,0.435,1.14,-1.042
-0.527,0.913,-0.89,-0.419,0.614,0.206,0.135,-0.185
-2.52,-0.971,0.568,1.833,0.697,1.326,-0.042,1.538
0.813,1.528,1.135,-0.244,-0.458,0.04,0.222,0.029
0.527,1.256,-0.549,-0.501,-0.111,-0.327,1.189,0.479
-0.363,0.001,0.722,-0.425,1.358,-0.018,1.579,1.132
0.051,-0.947,1.091,-1.275,-0.707,0.214,1.576,-1.693
1.144,0.2,-1.309,0.166,-0.308,0.307,-0.688,-0.845
-0.465,-0.653,-2.303,-0.219,0.108,0.904,-0.178,-0.959
-0.175,-0.808,-0.142,-1.142,0.896,0.215,0.22,0.649
-1.016,-0.782,0.104,-0.926,1.511,0.43,-1.176,1.039
1.111,-0.419,-0.334,0.418,-1.224,-0.408,-0.555,-2.206
-1.192,0.205,0.267,-1.16,0.736,-0.113,-0.382,1.56
-2.792,0.155,-0.64,-0.825,0.087,-1.201,-0.644,-0.704
-0.844,0.642,0.028,0.289,1.078,-0.137,-0.193,-0.988
1.404,-0.552,0.25,-0.178,-1.063,-1.484,-0.055,-0.864
0.16,-0.056,-2.095,0.366,0.869,-0.53,-0.452,-3.292
0.365,0.871,0.583,0.989,-0.697,0.786,0.24,0.419
-0.762,0.435,0.179,0.28,-2.484,-0.475,-0.516,-1.141
-0.663,-0.357,-0.508,-0.182,-1.236,0.874,-1.152,-0.214
0.779,0.628,1.25,0.861,0.265,1.199,0.572,0.987
-1.013,0.171,-1.148,0.677,-0.152,0.529,-0.246,-0.689
0.765,-0.42,-0.392,0.039,0.569,-0.109,1.459,-0.567
-1.072,-0.019,-0.267,1.14,1.046,-0.465,1.145,-0.134
-0.734,0.827,-1.159,0.416,0.422,0.88,0.628,-0.969
-0.133,1.004,0.676,1.976,-1.625,0.168,1.076,-0.446
0.149,0.529,0.72,0.738,0.274,-0.158,0.132,-0.371
0.324,-0.462,0.686,0.748,0.147,0.797,1.913,-0.361
1.99,0.626,0.175,0.425,-0.229,-0.434,-0.038,-0.269
1.03,1.248,0.108,-0.749,-1.466,-0.504,-0.238,-0.504
0.904,-0.564,0.581,-0.116,-2.149,-1.693,1.086,-0.732
2.248,-0.406,-1.309,-2.317,-0.622,0.256,-0.657,0.43
0.902,-1.818,-0.387,-0.384,-0.849,-0.687,0.697,-1.007
0.679,1.045,-0.591,-0.013,-0.514,-1.536,-1.23,-0.165
-1.106,-0.155,-0.259,-0.167,-1.908,-1.065,-0.589,0.499
-0.854,-0.098,0.219,-1.255,0.243,1.211,0.393,2.217
-1.621,1.068,-0.761,1.283,-1.907,0.734,-1.107,1.195
-1.128,1.513,0.359,1.594,-1.434,-1.757,2.117,2.701
0.586,0.178,0.87,-0.546,-1.128,-1.32,0.17,1.322
0.91,1.066,0.851,0.869,-0.903,-0.421,0.874,0.436
0.414,1.203,1.17,0.207,0.544,0.804,-0.449,0.704
1.23,1.15,-0.643,-1.771,0.946,0.599,0.987,1.623
2.051,-0.988,1.137,-1.276,0.332,0.877,2.114,0.957
-0.868,-0.005,-1.58,-0.228,-1.651,-1.526,-0.576,-1.446
0.055,-0.672,1.676,-1.894,-1.193,-0.481,0.032,-0.816
0.422,-0.57,-0.866,-0.342,1.011,0.934,1.135,0.455
0.574,-0.299,-0.725,-0.626,1.038,0.572,-0.47,-1.374
2.267,1.345,-0.754,-1.277,-0.488,-0.395,0.202,1.206
-0.038,0.052,0.697,-0.406,0.453,0.546,0.694,-0.904
0.301,-0.835,-1.092,-0.788,-1.494,0.662,0.571,-1.271
2.405,-1.952,0.401,-2.123,0.04,0.797,1.183,-0.356
1.142,-0.83,-0.539,0.667,1.179,0.224,-1.231,-0.253
0.285,-1.376,0.527,0.001,-1.062,-1.34,0.34,0.146
-0.919,-1.56,-0.386,2.211,0.211,-0.172,0.612,0.058
-0.333,-0.48,2.062,-1.19,-1.331,0.263,-0.479,0.579
-0.328,1.311,1.165,0.421,1.062,1.17,1.073,-0.883
0.495,-0.433,1.316,0.205,-2.06,1.202,3.228,2.293
-0.349,-0.437,0.213,-0.962,-0.057,0.731,-0.609,0.46
1.046,1.551,-1.725,-0.341,0.559,1.89,-1.093,-1.708
-0.482,0.638,-1.892,0.206,0.937,-1.197,-1.286,-0.216
0.247,0.645,0.754,-0.238,-0.054,0.074,-0.329,-0.477
-1.016,0.653,-0.61,1.351,1.851,1.027,2.157,3.118
0.99,-0.984,-1.239,1.548,-0.196,0.162,0.885,-0.247
0.309,-0.332,0.428,0.706,1.647,-1.666,-0.078,-0.385
0.46,-1.511,-0.369,-0.684,-0.792,0.162,-0.857,-1.484
-0.363,-1.741,-0.009,-1.084,-0.807,0.528,-1.721,1.572
-0.646,0.559,1.431,0.324,0.909,-0.853,0.261,-1.833
-0.193,0.045,-0.108,-0.433,-0.102,1.764,-0.786,-1.818
-1.198,0.051,-2.329,0.336,1.647,-0.978,-1.215,-0.945
-1.131,-0.314,-0.026,-0.001,0.255,1.207,-0.683,0.7
0.493,0.547,0.836,0.065,-0.554,-0.395,-0.647,0.041
-0.227,-1.126,-1.137,0.85,-0.218,0.05,1.315,-0.614
-1.224,-0.448,1.622,0.237,0.369,3.201,-1.11,0.141
-1.047,-0.188,-1.245,1.857,-1.12,-0.794,-0.346,-0.979
-0.468,0.456,-0.852,-0.115,-0.531,0.614,-0.855,-1.754
-0.497,0.604,1.482,0.879,-1.008,0.949,-0.242,0.596
0.111,-0.72,1.169,0.244,-0.59,0.704,1.027,0.532
0.634,0.793,0.073,-0.594,-0.292,0.788,1.133,-0.22
0.847,-0.359,1.017,0.148,0.828,0.682,0.562,-0.345
0.376,1.559,0.255,-0.238,0.015,-0.082,0.636,-0.985
-0.355,0.421,-1.128,1.109,-0.701,0.825,-0.682,-1.062
0.006,-0.038,2.515,1.184,0.506,-2.321,0.213,-0.687
-0.168,-0.23,0.18,1.033,-0.161,0.387,-0.034,0.702
-0.059,0.557,0.387,-0.571,1.273,-0.326,-1.565,0.032
2.357,0.432,-1.626,0.056,0.478,1.299,-0.722,0.042
0.781,0.903,-1.034,-0.264,0.389,0.272,-1.309,-0.471
-0.526,-0.399,-1.524,0.184,0.161,1.145,-0.323,-1.355
2.261,1.008,0.004,0.78,-1.412,-0.121,0.366,-1.664
-0.339,-1.383,-0.853,-2.275,-0.245,-0.168,-2.876,0.047
-1.229,-1.521,-0.527,-1.549,-0.178,-0.604,-1.046,0.206
-0.393,-1.111,-1.764,0.787,-0.079,0.61,-0.733,-0.115
-1.641,0.09,0.615,-0.441,0.274,-0.512,-1.282,0.331
-0.817,-0.715,0.234,1.098,0.394,-1.984,1.529,-1.317
-1.528,-0.191,1.333,1.195,-0.151,0.325,-1.25,-0.765
-0.592,-0.689,1.853,-1.344,-0.708,0.916,-0.479,0.098
-1.695,-0.277,0.542,-0.608,0.471,0.724,1.567,-2.128
-0.768,-1.399,1.658,-0.652,0.464,0.896,1.513,-0.078
-2.52,1.019,-1.584,0.698,-0.47,0.35,-0.822,-0.377
0.0,-0.484,1.103,0.372,1.623,0.401,-1.361,1.04
0.439,-0.674,1.709,0.079,1.324,1.186,-0.457,-0.611
1.269,-0.464,2.079,0.043,-0.702,-0.521,0.363,1.269
1.52,0.833,-0.685,-0.319,-0.675,-0.595,0.252,1.043
1.493,-1.008,0.83,-1.402,1.34,-1.934,-0.62,-0.553
2.273,0.908,-0.451,-0.556,0.346,0.073,-0.475,0.911
0.456,0.603,0.939,-0.645,-0.948,0.26,1.171,-0.448
-0.356,-0.859,-0.544,0.532,0.969,0.835,-0.08,0.822
1.109,0.289,1.568,0.997,0.156,-0.694,0.218,0.649
1.146,-0.741,-1.547,-1.418,-0.89,0.466,1.24,-1.229
-1.234,-1.369,-0.231,-0.647,0.033,-1.031,-0.104,0.23
-2.712,-0.084,-1.512,0.534,-0.988,1.328,0.293,2.009
-0.745,0.167,-0.862,-0.07,-0.34,0.343,0.646,-0.23
-1.719,0.06,1.149,-2.229,-0.804,-0.689,0.589,-1.054
0.658,-0.47,-1.781,0.042,0.171,0.932,1.662,-0.608
0.144,-0.628,0.799,0.965,-1.517,0.786,0.121,1.673
-1.369,-0.12,-0.642,0.128,1.839,0.583,-1.545,-0.528
3.479,0.179,0.731,0.589,0.229,-0.646,1.421,-0.342
-0.126,0.056,0.628,0.249,2.898,0.285,0.944,-1.673
1.328,1.238,-0.029,-0.433,-0.792,-0.458,0.888,0.037
1.619,-0.666,-0.031,0.11,1.105,1.122,-0.182,-1.158
1.887,-0.551,0.871,0.526,0.101,-0.043,-1.048,-0.569
-0.083,0.049,0.545,0.167,-0.218,-1.073,-0.897,-0.811
2.2,0.001,-2.487,0.588,-0.314,-0.663,0.556,-0.541
1.129,0.197,1.426,-0.151,-0.485,-1.197,-0.398,0.522
-0.371,0.815,0.161,-0.11,0.252,-0.609,-0.753,0.399
-0.319,0.349,0.45,0.3,-2.166,0.922,-1.393,0.582
0.789,1.134,-1.237,0.156,-1.104,-0.667,0.131,0.309
0.464,-0.322,0.255,-0.053,0.378,0.196,-0.571,-2.744
-1.358,-0.403,0.543,0.405,-0.887,0.662,0.09,0.902
1.046,0.908,-2.718,0.189,0.399,0.52,-0.409,0.289
-0.955,-1.201,0.064,1.587,-0.398,-0.174,0.062,-0.93
-0.165,0.554,0.315,1.301,-1.751,1.991,0.542,-1.417
-1.761,-1.596,0.456,1.493,-0.26,-0.881,0.056,-0.27
0.307,-1.152,-0.704,-0.855,0.492,0.187,-0.105,-0.453
-0.65,1.243,-0.052,-0.735,0.417,-0.137,-0.906,-0.817
-0.169,-0.344,0.764,0.906,-0.645,0.832,-0.67,-0.055
-1.635,0.688,-0.469,-0.561,-0.827,1.7,-1.989,0.437
-3.43,0.526,1.777,1.896,-1.255,-1.095,0.759,-0.493
-0.338,-0.191,2.063,1.75,0.382,1.752,0.615,0.748
-0.199,-2.572,1.661,0.971,1.839,0.522,-1.074,0.479
0.973,0.041,2.566,0.394,-1.508,0.874,-0.823,0.086
-0.417,1.031,-0.996,-0.392,-0.421,0.347,1.338,0.244
0.559,-0.111,0.924,1.794,0.759,0.733,0.625,0.183
-0.089,1.11,0.158,1.591,-0.218,0.106,0.143,-0.503
-0.026,0.025,0.953,-0.516,0.02,0.885,-0.034,0.139
2.101,-0.723,-0.763,0.103,-0.719,-0.25,-1.278,-0.505
2.471,-1.287,-0.754,1.219,-0.118,-0.798,-0.209,0.269
-0.159,-0.364,-1.135,-1.576,-1.168,0.032,0.05,1.252
1.315,0.42,0.89,-0.032,-1.046,2.073,0.448,-0.506
0.017,-1.664,-1.801,0.101,-0.181,-0.0,0.183,-0.976
-0.015,-1.267,-0.68,-0.462,-0.025,0.943,0.249,-0.558
0.325,1.466,-0.022,-1.024,0.191,-1.056,1.62,-0.524
-1.17,0.914,1.008,0.114,0.119,-1.34,1.304,-0.87
-0.673,-1.451,-0.456,-1.224,-1.023,0.354,0.395,-0.064
-0.321,0.004,-0.432,0.348,-0.223,0.533,1.335,-1.106
-0.33,-0.109,1.096,0.114,-0.955,-0.948,0.815,-0.334
-0.562,-0.012,0.893,-0.829,0.354,1.348,-0.117,0.542
-0.067,-0.378,0.618,-0.831,-0.752,2.187,1.687,0.209
-0.309,0.671,-0.305,-0.254,-0.893,-1.219,-0.152,-0.393
-0.002,1.669,-0.422,0.322,-1.454,0.447,1.492,-0.013
-0.408,-0.63,0.319,-2.465,-1.633,-1.594,1.32,-0.877
-0.408,-0.794,-1.232,-0.604,-2.448,0.856,-0.581,-0.834
-0.761,2.288,-0.513,-0.213,-1.048,-1.509,0.448,-1.23
0.102,0.869,1.003,-0.135,-0.466,0.411,-0.415,-0.243
0.8,1.071,1.271,-1.121,0.184,-0.265,0.487,-0.958
1.021,0.712,0.693,0.605,1.122,0.57,0.217,0.385
0.796,-0.165,-0.309,0.309,1.129,-1.237,-0.292,-0.492
0.274,0.32,-2.375,1.143,1.51,-0.791,1.302,0.748
1.119,0.315,0.185,-0.903,-0.687,-0.816,-2.526,-0.1
-1.586,-0.563,-0.868,-2.158,0.379,0.076,-1.679,0.417
-0.875,-0.41,-0.854,1.787,0.122,1.965,-1.559,-1.548
-0.553,-2.192,0.09,1.669,-0.572,0.455,-0.581,-0.862
-1.073,-0.006,1.445,2.722,-1.194,0.909,-0.597,0.059
-0.922,-0.415,1.274,0.027,0.243,-1.42,-1.058,-1.331
0.243,0.804,0.288,-1.335,1.028,0.368,0.091,0.76
-0.14,-0.883,-0.246,0.255,0.16,-0.385,2.014,0.971
-0.474,0.721,-1.089,-2.404,-0.414,0.064,1.634,-0.863
-0.729,1.013,1.745,-0.204,-0.455,0.918,-0.288,0.961
0.025,0.569,-0.774,0.302,0.21,-0.184,0.95,-0.383
-1.929,1.068,1.849,0.822,-1.548,-0.332,0.659,-1.372
-0.45,-0.809,0.184,-1.246,0.683,-0.576,-0.371,-0.959
-1.278,0.505,-0.182,-0.692,-0.57,2.258,0.407,-0.204
0.487,0.394,0.507,-1.021,-1.196,1.429,-0.439,-1.039
-0.798,1.143,-0.472,-0.144,0.466,-0.356,-1.111,1.324
-0.228,-0.778,0.515,-1.907,0.745,-1.186,0.581,0.545
0.378,2.342,-1.043,-0.109,0.068,-0.127,0.276,-0.758
1.281,1.264,-0.105,-0.405,-0.626,-3.423,0.537,0.867
-1.847,-0.708,1.515,-0.889,2.232,-1.342,-0.028,-1.599
0.138,-0.754,-0.473,1.106,0.21,-0.15,1.175,-0.905
-1.088,0.739,1.023,-0.009,0.725,-1.93,1.726,0.733
0.239,-0.107,-0.751,-1.412,-0.251,-2.281,-0.308,-0.899
0.218,-1.15,-0.873,0.066,3.931,0.325,-0.401,1.105
-0.838,0.096,-1.105,1.306,2.053,-0.093,0.439,-1.193
0.314,-0.567,0.449,0.676,-0.892,0.708,-1.191,-1.451
0.483,-0.88,-0.488,1.597,-0.655,-0.447,-1.852,0.964
0.084,-0.302,-0.565,-0.413,-0.314,-1.592,-0.064,0.979
-0.423,0.015,0.748,-0.106,-0.465,0.091,0.68,0.299
1.039,0.554,0.824,0.796,-0.554,-0.176,1.518,2.584
-0.263,0.7,-0.273,-0.301,0.174,0.586,0.513,0.591
-0.178,-0.945,0.935,0.609,2.325,-0.321,0.61,0.73
0.29,-0.215,-1.027,0.022,-0.682,-1.001,0.179,-0.33
1.725,-0.116,-0.724,0.025,1.299,2.123,-1.475,-0.95
0.108,1.457,0.52,-1.12,-0.021,0.736,1.751,-1.15
1.587,-0.261,0.094,-1.295,1.058,-0.48,-0.634,0.048
1.489,0.987,-2.446,-1.822,1.916,-0.567,-1.378,-0.276
1.477,-0.354,-0.642,-1.456,-1.378,-0.942,-0.051,0.184
0.625,0.199,0.681,-0.129,-2.026,-0.439,-0.395,0.242
0.72,0.396,0.551,1.362,0.766,-0.88,-0.256,0.29
-0.585,1.191,-0.61,-0.872,0.582,0.544,0.167,0.636
0.961,0.947,0.356,1.341,1.305,-0.639,-3.159,0.218
-0.351,0.769,-0.299,0.053,0.059,-0.542,-0.508,0.858
0.212,-0.59,0.22,-0.171,-1.591,0.165,-0.303,1.929
-0.842,-0.597,1.113,-1.492,-0.656,-0.299,-0.557,0.781
-0.934,-1.235,1.536,-2.011,-0.742,0.612,1.237,0.081
-0.674,0.23,1.099,-0.938,0.326,0.144,-0.241,2.042
-1.023,0.168,3.51,-0.292,-0.296,-1.428,1.355,-0.931
1.576,1.0,1.495,-0.718,0.724,-0.234,1.005,1.836
1.914,2.008,-1.208,0.38,-1.462,-0.805,-1.041,0.98
0.473,0.677,-0.253,-1.02,0.549,-0.033,-2.324,-2.013
-0.739,-2.058,0.676,-0.189,0.182,-1.294,-0.354,-0.055
0.375,1.231,0.338,0.559,0.608,1.296,-0.619,-1.288
1.076,-1.035,-0.171,-0.202,1.653,0.511,0.688,0.169
-0.465,-2.361,1.124,1.371,1.098,-0.702,-0.117,-0.826
-0.106,0.223,-2.155,-0.01,0.924,-1.304,-0.135,2.02
-0.323,0.509,1.555,0.45,-1.424,0.307,-0.282,-0.285
-0.092,-0.889,0.058,-0.489,-0.093,0.597,-0.862,0.075
-0.829,0.596,-0.112,-0.026,-1.268,0.071,-0.642,2.326
0.753,-0.311,-0.68,-2.508,0.145,0.678,-0.143,0.065
0.624,-0.935,-1.066,-1.219,-0.762,0.336,1.574,0.971
1.51,-1.97,-1.14,-0.612,2.514,0.654,1.344,0.054
-0.392,0.611,-0.969,0.315,1.458,-1.015,-1.076,1.442
-0.254,-0.095,0.183,1.382,0.747,-0.233,1.004,-0.366
0.407,-1.233,-2.084,1.029,-0.253,-0.795,0.46,-0.631
2.085,-0.396,-1.016,1.12,-2.18,-1.825,-0.951,1.352
-0.318,0.843,-1.05,-0.441,-0.594,0.903,-1.909,0.903
-0.758,-0.973,-1.419,0.494,-0.521,-0.234,0.084,-0.478
-0.333,0.935,-1.255,0.928,-0.95,0.064,-1.757,0.457
-0.31,0.343,-0.198,0.918,-1.628,0.075,1.184,0.279
0.334,-0.439,0.578,0.709,0.65,0.339,0.426,2.312
1.856,-0.641,0.122,-1.881,-0.179,-1.29,1.978,1.222
-0.689,1.051,0.411,-1.515,-0.083,-0.031,0.699,0.354
-2.217,-1.118,-1.665,0.488,-1.234,-0.308,0.775,0.983
-1.891,-0.343,-0.866,0.959,1.444,-0.63,0.811,-1.614
0.165,-2.17,-0.661,-1.223,0.601,0.529,-1.227,0.5
-0.227,0.14,-0.063,-1.922,-0.671,0.808,0.421,-1.623
-1.433,-0.699,-1.613,-1.029,-0.165,0.743,0.423,0.12
-0.023,1.132,0.105,-0.704,-0.455,-0.338,0.394,-0.428
0.97,1.423,-0.138,-0.91,-0.128,0.183,0.586,0.381
-2.146,0.4,1.56,0.315,1.093,-0.192,-1.354,0.091
-0.111,2.036,0.728,0.377,0.768,-0.916,-0.774,0.169
0.012,-2.045,-0.96,1.107,0.004,0.713,-0.848,0.645
-0.272,-0.086,-0.645,0.088,-0.227,-0.373,-0.563,-0.448
2.082,-1.04,1.253,-0.086,-0.499,-0.021,-0.645,-1.326
0.03,-0.659,1.355,0.043,1.001,0.417,-2.652,-0.013
0.395,-0.744,-1.645,0.57,-0.357,-0.646,-0.59,-1.079
0.732,0.128,1.652,-0.215,0.332,0.569,0.486,0.753
1.562,-1.07,0.282,0.963,1.31,0.068,-1.926,0.318
0.519,-0.022,0.15,1.892,-0.914,-0.314,-0.559,0.315
-0.093,-1.446,-0.08,0.775,0.427,-1.958,0.306,0.466
-0.848,-1.198,0.308,0.158,-0.669,-0.228,-0.988,0.746
0.596,-1.678,-0.018,0.691,-1.325,-0.202,0.063,-0.436
0.087,-2.951,-2.472,0.165,1.11,0.996,0.55,-0.079
-0.509,-1.695,1.088,-0.247,-1.515,0.925,-0.63,0.436
0.791,0.258,1.163,1.998,-0.391,0.908,0.108,2.258
-0.298,-1.67,0.546,0.845,-1.955,0.751,0.104,0.219
1.371,-0.307,-0.145,-0.822,0.718,1.283,1.927,2.157
0.992,1.341,-1.224,0.973,0.357,0.882,2.47,1.432
1.388,1.217,0.419,0.749,-0.448,1.947,-0.582,-0.702
1.115,-0.997,0.849,0.292,-1.084,0.477,0.891,0.175
-0.112,-1.232,-0.205,-0.173,-0.35,-0.244,0.788,-2.067
0.377,1.809,0.06,-0.902,1.028,-0.341,1.999,1.135
0.745,0.791,-1.388,0.727,-0.374,-1.915,1.342,-2.201
1.847,1.111,0.492,0.506,-2.503,0.217,0.816,0.995
1.366,-0.392,-0.31,0.298,0.214,1.985,2.254,-2.798
1.048,0.783,-0.614,0.557,-0.409,0.774,-0.098,0.132
0.287,1.038,0.765,-1.063,0.332,-0.317,-0.425,0.282
-0.039,0.29,0.554,0.253,1.41,-1.214,-0.146,1.365
-0.225,-0.857,0.566,0.069,-0.681,0.23,0.67,-0.062
-0.422,0.132,2.357,1.572,-0.631,0.568,1.108,-1.796
-0.479,0.007,-0.184,1.607,-0.382,0.638,0.154,0.8
0.757,-1.059,0.444,-0.757,0.212,-0.344,0.034,1.799
-0.769,-1.37,-1.161,0.864,-1.155,2.06,-1.319,0.358
-1.189,-1.101,-0.725,0.765,-1.411,-0.209,1.051,0.452
-0.388,0.139,-0.583,1.118,0.518,-1.314,0.041,-1.428
0.655,-1.05,1.023,-0.014,-1.638,-1.175,-0.691,-0.613
-1.345,0.65,0.54,0.211,1.951,0.376,-0.729,-0.009
0.228,0.916,-1.685,-1.024,-0.948,1.455,-1.009,-1.563
-2.36,-0.058,0.064,-0.413,0.177,-0.472,0.056,-1.63
-0.237,-0.8,0.849,-0.952,-0.885,1.176,-0.348,-1.138
0.199,1.609,0.959,1.47,-0.314,0.442,0.04,-1.039
-0.472,-0.504,1.993,-1.114,0.973,0.021,0.829,0.194
-0.73,0.751,-0.492,-0.916,-1.267,2.001,0.752,-1.291
-0.538,0.525,-1.824,-0.364,1.365,-0.436,1.995,-0.498
-0.678,-0.616,0.074,-1.338,0.052,-0.956,-1.167,-0.528
0.364,-0.376,0.078,0.149,-0.826,-0.049,0.362,-1.867
1.435,-1.734,0.708,0.379,0.984,-2.163,0.817,0.321
0.598,-0.597,-0.226,-0.413,1.069,-1.686,-0.106,0.795
1.486,-0.613,-0.336,1.25,-1.241,0.893,-0.321,0.887
1.079,0.074,-1.137,0.639,0.675,1.503,0.521,0.379
0.503,-1.409,1.081,0.204,-0.6,-0.047,1.19,-1.004
-1.444,2.122,-0.238,2.047,-1.559,0.633,1.347,-0.264
0.14,-0.538,-0.347,2.281,0.337,1.285,1.945,0.092
-1.316,0.336,1.346,-0.014,0.632,0.249,-1.375,-1.462
-0.184,0.35,-1.066,-1.701,0.251,1.933,1.168,-0.221
0.008,-1.631,1.276,0.232,0.085,0.149,0.042,-2.801
-1.213,-1.205,-1.689,-1.038,-0.619,0.064,-0.568,-0.856
0.233,1.751,0.403,0.409,-0.835,0.258,0.889,-0.486
-0.384,0.628,0.266,0.182,-0.351,-0.078,-1.251,2.235
-0.994,-1.067,-0.798,-0.443,0.784,0.589,0.799,-0.561
1.251,-0.896,-1.11,0.336,-1.153,0.087,-0.768,1.172
0.005,0.072,-0.24,-1.313,0.226,-0.498,0.841,-0.716
-0.724,1.847,-2.103,-0.532,-1.446,-2.762,0.196,-1.405
0.55,-0.065,0.515,0.8,-0.952,0.68,0.886,-0.061
-1.641,-0.175,1.046,-0.503,0.374,1.108,1.13,-0.746
0.544,-0.358,0.36,1.791,-1.707,2.05,0.784,-2.033
0.177,0.334,0.378,-0.055,0.639,2.306,1.279,0.968
-1.002,-0.053,1.486,0.539,1.498,2.67,-0.166,-1.536
0.825,-0.732,0.135,1.64,1.524,-0.061,0.044,0.795
-0.753,-0.287,-0.27,1.057,1.284,-0.089,0.176,-1.261
0.085,-0.854,-0.926,-0.202,-2.189,0.581,-0.291,0.562
-1.385,-0.669,-0.353,-0.039,-0.198,0.646,0.042,0.05
-1.446,-0.997,-0.986,0.904,-0.789,-0.83,1.242,0.205
-0.257,-0.673,1.606,1.214,-0.195,0.86,0.42,-0.649
0.607,0.221,-0.197,0.947,-1.691,-0.612,0.181,-0.27
-1.877,1.288,-0.446,0.249,-1.614,-0.103,1.276,-0.392
1.929,-1.392,0.706,-0.982,0.355,1.115,0.136,1.088
-0.387,-1.663,0.112,1.578,-0.99,1.58,-0.566,-0.762
-0.571,0.909,-0.194,0.726,0.255,-0.962,-0.447,0.17
0.143,-0.599,0.435,0.127,0.326,-0.629,0.671,-1.374
1.101,0.101,-0.778,-1.762,1.256,-0.066,1.024,-0.163
-1.199,-1.488,0.672,-1.241,0.498,0.633,-1.507,-1.307
1.422,-0.955,-2.248,-0.112,2.255,1.884,-0.269,-0.384
-0.565,0.402,0.325,0.729,-0.486,0.005,-0.809,0.985
0.029,-1.193,-0.748,0.924,0.979,0.308,-0.99,-0.66
0.877,1.628,-0.158,-0.42,0.541,0.772,-1.482,1.414
-0.691,-1.545,0.183,-1.233,-0.939,-1.073,0.09,1.2
0.6,1.176,0.222,-0.16,2.361,-0.159,-0.747,1.107
0.399,-0.556,-0.623,1.822,0.526,-0.438,-0.323,0.298
1.261,1.209,-0.207,-0.161,1.573,-0.495,0.409,-0.294
-0.973,0.253,-0.539,-0.338,2.17,-0.228,0.107,0.199
-1.325,-0.343,1.043,0.899,-1.076,-0.96,-0.277,0.444
-1.343,0.039,0.928,-0.201,-1.037,-0.33,-0.068,-0.765
-1.206,0.1,0.118,-1.56,0.384,-0.528,0.39,-0.512
0.285,0.382,0.386,2.167,0.648,-0.977,-0.319,-1.466
-1.308,1.487,0.432,0.85,1.781,-0.376,-0.552,-1.679
1.101,1.355,-0.908,0.143,-0.241,0.73,-0.396,-1.103
1.015,0.203,0.739,-1.61,0.197,0.324,0.326,1.211
1.062,-1.115,1.21,-0.675,0.804,0.641,0.026,0.189
0.94,0.007,0.254,-1.28,2.747,-0.309,-0.106,0.181
0.501,-1.243,1.038,-1.564,-1.026,-1.662,-1.008,1.538
0.739,1.973,-0.211,-0.212,1.853,-1.874,0.004,-1.863
0.075,0.383,-0.179,-0.14,1.106,-0.299,-2.227,0.429
-0.034,1.482,-1.194,-0.78,2.126,-0.663,-0.647,0.857
0.029,0.307,-1.295,-0.319,-1.289,-1.081,0.897,0.56
0.528,0.113,-0.208,-0.099,-0.683,1.267,-0.818,-0.841
-0.013,0.962,0.97,-1.599,-0.751,0.311,0.771,-0.096
0.309,0.72,0.211,-0.618,1.542,-1.975,-0.575,-1.168
0.958,0.134,-0.226,-0.762,0.123,-0.393,0.247,0.264
0.308,-1.551,-2.186,1.585,1.1,-1.887,-1.177,-0.934
0.223,0.202,1.339,-0.592,-1.036,-2.949,0.166,-0.146
0.575,-0.029,-0.472,-1.285,1.121,1.028,0.783,0.993
1.758,-1.313,0.07,-0.155,1.136,1.306,-0.333,-0.446
1.513,0.483,-1.555,0.442,0.685,0.786,0.971,0.251
1.68,-0.418,0.378,0.927,0.516,-1.05,0.846,-1.328
0.382,1.582,-0.322,0.394,2.004,-1.999,-0.627,0.663
0.618,0.269,0.272,0.474,0.842,0.02,-0.557,-0.038
-0.513,-0.311,-0.477,-2.303,-0.708,0.845,-0.38,-0.181
-0.646,0.11,-0.371,-0.468,-1.058,-0.489,-0.067,0.734
-1.301,-1.414,0.972,-0.418,-1.145,-0.244,-0.729,1.089
1.011,0.353,-0.079,0.692,0.626,1.889,-0.359,2.127
-0.252,0.526,0.275,0.012,-0.409,-0.181,-0.254,0.781
-0.94,-0.224,1.004,1.232,-0.973,-0.183,0.287,-0.601
0.851,-1.045,0.878,1.324,-0.562,-0.371,-1.416,1.329
-0.517,1.636,-0.364,-0.085,1.93,1.299,-1.105,-0.878
-1.024,1.096,-1.402,0.803,-2.036,-1.2,-0.787,0.192
0.571,-0.426,-2.623,1.305,-0.222,-0.677,-0.397,0.907
-1.087,-0.784,0.671,1.709,1.231,0.304,0.46,1.846
-0.741,0.338,-0.985,-0.607,0.636,-0.534,0.931,0.135
-0.609,1.116,-0.567,0.146,0.925,0.251,-0.155,1.703
0.628,-0.004,-0.546,-0.177,0.331,0.279,-0.148,-0.883
-0.506,0.863,-0.2,0.297,-0.468,-0.934,0.352,0.577
-0.41,-0.342,0.037,1.435,0.373,0.689,0.853,0.817
-0.498,-0.575,0.492,-0.019,-0.185,1.989,-0.628,0.32
-0.149,1.216,0.959,1.221,0.011,0.133,-0.906,0.034
-1.099,1.044,1.417,1.592,1.316,0.209,0.723,0.648
-2.278,-1.191,0.643,-0.129,-0.65,0.354,-1.449,-0.488
0.26,0.248,0.365,-1.079,-0.608,1.086,-1.065,-0.15
0.059,-1.23,0.111,0.589,0.518,0.694,-1.812,-1.264
-0.196,0.509,-0.078,1.421,1.481,1.524,0.067,0.252
-0.373,0.986,0.583,0.425,-0.104,1.277,-1.102,-0.292
-1.576,-0.431,0.165,1.403,-0.273,-0.347,0.564,-0.243
0.26,0.333,1.285,-0.007,0.086,1.841,-0.658,-0.566
0.882,0.703,-0.903,1.594,1.585,-2.532,-0.983,1.609
0.602,-0.642,0.998,-0.21,0.146,0.779,-0.571,-0.302
1.291,-2.361,-0.231,0.49,1.484,-1.218,-1.277,-0.236
1.207,-0.226,0.616,1.987,-0.363,0.718,1.028,0.067
-0.402,-1.362,-2.19,1.77,0.098,1.645,-0.121,1.262
0.335,-1.384,1.516,-1.622,-0.368,-0.241,0.38,0.069
-1.398,-0.381,-1.728,0.335,2.282,0.425,-0.713,0.228
-0.081,-0.781,0.947,-0.582,-1.634,-1.389,1.159,-0.224
-0.493,0.411,-1.894,0.762,-0.798,1.428,0.28,0.291
1.687,1.061,-0.136,-0.361,-0.259,2.27,0.488,1.849
-0.707,-0.15,0.11,-1.204,0.239,-0.79,-1.168,-0.397
-1.582,1.452,0.114,-0.723,-0.716,-0.392,-1.015,0.56
-1.588,-0.673,-0.641,-0.06,1.035,1.364,-1.343,-0.86
1.421,-0.131,-1.341,-0.256,-0.462,-0.523,-1.174,-1.426
0.336,-0.166,-1.41,-1.317,-0.346,-2.155,-0.6,2.685
-0.424,-0.743,1.401,-0.919,-1.309,-0.08,-0.222,1.554
-0.246,-0.65,0.181,-0.377,-0.233,-0.994,0.76,0.607
-1.883,1.968,-1.284,-1.958,-0.499,-1.11,0.252,0.154
0.347,0.001,-1.161,-0.684,-2.952,0.193,1.048,0.629
0.814,-0.983,-0.873,-0.655,-0.235,0.487,-0.179,0.509
-0.834,1.132,0.339,-0.592,-1.137,-0.389,0.856,1.312
1.922,0.402,-0.858,-0.268,-0.298,-0.005,-1.586,1.842
0.531,-1.403,-1.524,-0.815,0.287,-1.461,0.157,1.108
-0.588,-1.322,1.102,0.177,-0.971,1.156,-0.707,0.402
-0.354,-2.122,0.032,-1.965,-0.747,-0.127,-0.076,2.375
-0.95,0.228,-0.816,1.18,-1.287,0.198,-1.481,-1.147
0.288,1.711,-0.394,0.978,0.285,0.253,-0.621,-0.631
-1.376,0.46,0.86,-0.768,-1.288,-0.753,0.738,0.717
-1.604,1.192,-0.766,0.108,1.343,2.011,0.289,-0.019
-2.251,0.943,1.135,-1.568,0.953,0.76,-0.462,-0.047
-0.033,-0.782,1.157,-1.008,1.73,-0.01,-0.226,2.65
0.416,1.807,0.867,-2.129,0.165,-0.322,2.439,-0.136
-1.165,-0.103,1.241,-0.956,0.994,0.397,-0.682,-0.357
-1.911,-0.496,1.768,1.777,1.317,0.466,0.784,-0.105
0.554,-2.388,0.484,-0.479,0.296,-0.241,-1.622,0.394
-1.356,-0.896,-2.108,-0.272,-0.746,-0.001,-0.07,0.688
-0.606,1.81,-0.727,-1.172,-0.466,-0.242,0.907,1.64
1.182,-1.049,0.367,0.555,-1.109,-0.155,0.926,0.678
-0.195,-0.165,-0.745,0.704,-0.084,1.849,1.39,1.019
0.467,-0.232,-0.257,-1.168,-0.851,-0.821,-0.772,1.331
0.51,-0.627,0.364,-0.432,1.036,-0.21,-0.873,-0.404
0.265,-1.802,1.365,0.518,-1.371,-0.058,0.475,-0.123
1.326,-0.871,-1.306,0.285,0.428,-1.305,0.848,1.104
0.468,0.728,-0.199,0.757,-0.364,0.192,1.182,0.768
2.134,1.498,1.52,-0.306,-0.124,0.654,-0.029,0.902
-0.523,0.063,-1.221,0.34,-0.535,-1.036,0.253,-0.147
0.913,0.252,0.903,0.437,0.677,-1.652,-1.277,-0.547
-0.092,-0.562,0.982,0.038,2.067,0.538,-0.159,0.14
-0.978,-0.24,0.288,-0.088,-0.696,0.806,1.285,0.284
0.248,-1.13,1.447,0.227,-0.152,2.096,0.094,-0.506
-1.361,-0.507,1.16,0.43,1.111,-0.485,2.342,-1.576
0.608,-0.349,-0.556,0.939,-0.854,1.076,0.525,-2.28
0.12,0.195,0.551,1.559,-0.321,0.658,0.72,0.169
-0.079,-0.959,-0.204,0.141,1.047,1.78,0.688,0.286
2.48,1.124,-0.84,-0.264,0.383,1.869,0.252,-0.305
-0.262,-0.182,1.313,1.843,-1.193,1.369,0.035,0.76
1.394,-0.396,0.582,0.165,-0.752,-0.494,1.387,0.262
-1.202,0.394,0.111,0.417,-0.4,0.584,0.261,-2.028
0.457,0.594,-0.158,-1.307,0.033,-0.515,-0.456,2.757
2.01,-0.081,1.581,-0.095,0.229,-0.062,0.34,2.892
1.454,0.049,-0.039,0.063,1.036,-0.119,0.398,0.14
0.813,-0.286,0.309,-0.498,0.355,0.048,0.963,1.566
0.569,-2.128,-0.468,-0.949,-0.687,-0.385,-1.878,-0.412
1.227,0.125,-0.227,-0.965,-0.033,0.387,-1.303,0.206
0.096,0.655,-0.616,-0.087,0.794,1.396,-1.376,0.606
0.705,1.847,0.267,-2.147,-1.639,-0.296,-0.385,-0.886
0.227,-1.746,-1.292,0.368,0.189,-0.507,-2.465,-0.298
-0.114,1.61,1.026,-0.338,-0.639,-0.284,-0.358,0.633
-0.725,-0.629,-2.095,-0.379,-0.666,-0.193,1.631,-0.341
0.691,0.768,0.039,-0.62,-0.886,-0.384,0.443,0.706
0.034,0.012,-1.008,0.18,-0.459,0.715,1.581,0.286
-1.781,-1.267,1.089,1.097,-0.184,0.671,0.24,-0.825
-1.558,-0.714,1.462,1.217,-1.391,-0.463,-0.389,-1.589
0.222,-0.967,0.421,0.786,-1.977,0.787,-1.644,0.264
0.933,0.42,1.358,-1.849,0.493,1.27,-2.084,-0.998
-0.612,0.129,0.451,0.872,0.08,0.911,-0.86,-1.358
-1.717,-0.428,-0.865,-0.306,-0.807,1.771,-0.758,-1.778
-1.343,0.283,1.116,0.41,-0.282,1.709,0.97,-0.518
1.015,-0.249,-0.817,0.104,0.454,0.596,-1.032,1.503
-1.744,-0.579,0.656,-2.223,0.67,-0.517,1.797,-0.937
-1.24,-0.471,1.659,0.785,1.09,-1.321,-2.114,0.788
0.731,0.795,-2.046,-0.253,3.053,-0.694,0.356,1.132
-0.801,0.848,-0.254,-1.0,-0.541,-0.58,0.021,1.143
1.071,1.162,-0.107,-0.447,-0.704,-2.315,-1.984,1.737
0.776,0.722,-1.207,-0.711,0.225,-0.031,0.957,-1.402
0.311,-1.075,0.193,0.295,-1.276,-3.453,-0.388,0.388
-0.172,-1.256,-0.649,-0.335,1.098,-1.016,-1.147,-1.261
-0.346,-0.107,-1.582,0.756,-0.026,-0.161,-2.228,-0.704
-0.169,0.118,-1.121,-0.986,-1.359,1.392,-1.57,-0.676
0.328,-0.436,0.534,0.834,-0.698,0.314,0.495,0.142
0.214,1.11,0.273,-1.21,-0.227,0.077,-0.958,-0.227
0.676,0.368,1.657,-0.017,-1.534,-1.607,0.2,0.119
-1.913,-0.445,1.054,0.236,-2.179,0.595,-0.344,-0.819
-0.928,0.179,0.802,-1.01,-0.927,-0.381,-1.061,1.751
-0.856,1.035,1.131,1.387,1.802,-0.477,1.097,1.733
-0.054,1.087,0.193,0.219,-0.275,-0.588,0.99,1.806
0.14,-0.63,0.1,0.107,2.202,-0.499,1.409,-0.651
0.021,-1.738,1.139,-0.491,0.321,-1.494,-1.148,-1.269
-0.169,0.443,1.164,1.452,0.829,-0.814,-0.528,-1.615
-0.836,-0.504,-0.411,-0.665,-0.129,0.403,-0.344,-0.803
-0.723,0.808,0.57,0.114,-0.64,-0.246,-0.277,-0.137
-0.996,-1.892,-0.045,1.212,-0.617,-0.342,-1.281,-0.935
1.204,0.679,0.931,0.997,0.313,-0.355,0.219,0.919
-0.462,-0.123,-0.896,-0.633,0.058,1.995,-0.777,-0.447
1.231,-0.401,-0.848,-1.106,-0.426,1.378,-0.163,0.366
-0.231,-0.13,-0.582,0.582,-0.206,1.629,-0.214,0.688
0.514,0.868,0.287,0.747,-2.389,-1.712,0.634,0.842
-1.042,0.487,0.392,-0.426,-0.427,1.212,-0.067,0.906
0.5,1.946,0.815,0.185,-0.429,1.247,-0.271,-0.126
1.578,-0.474,0.454,1.373,0.476,1.691,0.472,0.04
-1.068,0.054,-0.648,1.236,-0.797,0.972,-0.168,-0.285
-0.932,0.205,-0.32,0.629,-0.194,-0.579,-2.182,0.082
-0.052,0.498,0.721,1.568,0.343,-0.914,0.258,-0.614
-1.089,1.475,0.699,-0.791,0.157,-0.024,-0.791,-0.819
-0.432,1.142,-0.502,-0.833,-0.043,0.793,-0.873,1.46
0.843,0.133,1.648,-1.293,0.006,-0.341,0.292,0.176
-1.214,-0.179,-0.328,0.126,0.393,-1.088,0.849,0.187
1.322,1.066,-0.433,0.103,1.679,-0.006,-1.405,-0.107
0.833,0.54,0.91,-0.438,0.661,-2.371,2.202,0.041
-0.23,-0.269,-0.431,0.343,-0.021,0.114,1.12,0.518
-0.016,0.693,0.959,0.283,0.276,2.559,0.912,1.319
-0.014,-0.758,0.541,-0.54,-0.098,-2.173,-0.407,0.888
0.435,0.203,-0.374,0.466,0.048,0.153,2.199,-0.595
-1.018,-0.395,1.23,-0.914,1.128,0.504,0.82,-0.216
0.691,-0.908,0.523,1.648,0.413,0.75,0.759,0.896
-1.201,0.95,-0.053,0.483,0.039,-0.193,-2.027,-2.77
-0.87,-2.067,0.658,-0.844,0.029,-0.619,-1.065,1.264
0.575,-0.582,-1.068,0.546,0.75,-0.827,-1.83,1.193
0.631,0.861,1.716,1.994,1.814,-0.564,0.903,-0.176
-0.211,-2.277,-0.062,-1.292,2.268,0.118,1.423,-1.133
-2.041,0.724,0.131,-1.776,0.713,0.442,-0.993,0.472
-0.595,0.393,0.533,-2.324,-0.291,-1.005,-0.074,0.374
-0.234,0.974,-0.758,0.155,1.445,0.513,-1.435,0.164
-0.268,0.403,-0.19,1.447,-0.549,1.124,-0.573,0.099
-0.323,-0.351,-0.108,1.584,1.454,-0.897,-0.407,-0.062
-0.319,-0.335,0.493,0.378,0.073,-0.985,-0.452,1.011
-0.673,-0.428,-0.681,1.946,0.243,-0.576,-0.435,0.493
0.735,-0.719,-1.001,-0.274,-0.511,-2.242,0.071,0.877
0.788,-0.587,-1.292,-0.393,-0.26,0.126,0.755,-0.015
-0.839,0.488,1.115,0.422,-0.402,1.275,-0.643,-2.7
0.878,-0.333,-1.168,1.156,-0.869,-0.174,1.546,-0.007
0.734,-1.061,0.968,1.06,-0.448,1.427,0.307,-0.932
-1.213,-0.671,-0.25,-0.423,-1.177,-1.309,-0.866,-1.168
0.341,-0.961,0.703,-0.651,-0.033,1.115,-0.765,-0.08
0.387,0.546,0.364,1.584,0.292,1.569,0.211,-1.815
-0.126,1.036,-1.145,-0.591,0.386,-0.895,0.644,-0.321
-0.654,-0.692,-0.638,-1.628,1.321,-0.026,0.172,-0.087
-0.803,0.015,-0.347,-0.404,-2.611,1.569,0.213,0.447
-2.948,1.544,-2.107,-1.128,1.008,1.228,-0.523,-1.151
-0.005,1.285,0.147,1.089,-0.173,-0.806,-1.509,0.809
0.235,0.393,-0.005,-0.941,-1.182,-0.93,0.745,0.725
0.212,1.469,1.135,-0.832,-0.759,-0.904,1.4,-1.877
0.875,0.706,-0.326,-1.309,-0.154,0.191,-1.009,-1.263
-1.158,1.687,0.679,-1.551,0.466,-1.461,-0.216,0.301
0.063,2.464,0.523,-1.822,-0.334,-1.282,0.657,1.176
1.557,1.612,0.148,0.514,1.123,-0.349,0.76,-0.266
-0.637,0.445,-1.019,0.809,1.113,0.004,0.233,-1.886
-0.336,1.061,-1.462,0.756,-0.862,-0.784,-0.044,-1.341
-1.903,1.738,-1.477,-0.108,0.873,0.009,-0.953,-0.9
0.641,1.075,0.299,-0.707,0.145,-0.547,-2.15,0.748
-0.216,-0.3,1.113,-0.627,1.158,1.577,-0.597,0.236
-0.93,-0.519,-0.137,-0.095,1.771,-0.11,-0.403,0.07
0.757,-0.247,0.704,-2.16,1.698,0.796,-2.078,-0.967
-1.733,0.16,0.775,-0.423,0.803,-2.061,0.955,0.886
0.435,0.715,0.028,-0.612,0.708,-0.631,-0.182,0.408
0.682,-1.691,0.527,0.423,-1.504,-0.933,-0.757,1.014
-0.782,1.159,-0.659,-1.201,0.678,1.323,-1.013,0.285
0.757,-0.746,-0.803,-0.463,1.818,-0.052,0.737,0.549
-0.216,-0.636,-0.961,2.589,1.93,-0.441,-0.598,0.713
0.664,0.736,-1.416,0.605,-1.54,-0.846,1.361,1.411
-0.927,0.301,-2.634,0.31,-0.253,0.556,0.36,-0.676
-0.019,-2.007,-0.735,0.01,-0.89,-0.039,0.545,-0.065
0.811,-0.244,-1.796,0.842,-0.337,1.014,-0.0,1.685
-0.612,-0.611,-0.677,-1.707,-1.224,-0.865,2.255,0.582
-1.195,-1.093,-0.317,-0.451,1.152,1.379,0.951,0.712
-0.807,-2.138,-0.721,0.751,-0.714,0.382,0.74,0.922
-0.5,0.109,-0.622,0.037,2.623,2.366,0.087,0.475
0.85,0.124,0.756,0.429,-1.11,-0.03,-0.167,-0.063
0.76,-0.263,-0.555,0.269,0.089,0.862,0.028,0.907
-0.322,1.104,-0.808,1.19,-0.497,1.325,-0.082,0.373
0.972,2.901,-0.327,-0.244,0.35,2.084,-0.674,-0.441
-0.375,-0.421,0.815,-1.193,1.132,0.475,0.439,0.848
1.055,-1.77,0.506,0.223,1.525,1.446,0.29,1.933
-0.704,-1.224,0.777,1.613,-0.183,-0.087,-0.822,2.515
1.551,-1.195,-0.685,0.909,1.414,0.469,0.477,-0.957
-0.22,1.256,0.906,1.072,0.758,-0.197,-1.709,0.147
0.885,-0.073,-1.679,-0.586,-0.731,0.733,-0.936,0.772
0.373,0.748,0.255,0.127,-1.438,-1.057,0.44,0.778
-1.147,0.224,-2.054,-0.092,1.157,0.406,-0.064,0.416
-1.692,-0.427,0.338,-1.352,-0.884,0.075,3.072,0.991
-0.668,0.182,0.126,1.653,1.807,-1.881,-0.875,1.169
-0.673,0.549,-0.548,0.158,-0.866,-0.973,-0.673,0.235
-2.651,0.298,0.712,1.757,-0.237,0.56,1.583,-1.833
0.147,-1.858,1.368,-1.789,0.408,-0.82,0.712,-1.105
0.288,-0.546,0.702,-0.353,-0.129,-1.872,1.027,-1.076
-1.665,0.194,1.205,-0.583,0.278,-0.38,1.087,1.053
-0.095,-0.109,0.34,-0.747,-1.287,0.469,-0.881,0.033
1.243,0.139,-0.447,-1.506,-0.857,-0.877,2.44,0.279
-0.014,-1.699,0.293,0.037,1.807,-0.884,0.055,1.045
-0.034,1.59,0.619,0.492,-0.538,0.149,-0.4,-0.604
2.262,0.538,-0.052,1.189,1.514,0.335,-0.008,-0.693
-0.317,-1.573,0.74,1.86,1.65,-1.385,-1.357,0.296
0.335,-1.176,-1.145,2.152,1.336,-1.047,0.141,-0.805
-1.087,-0.266,-0.187,1.413,-0.314,0.179,1.046,-0.673
-0.917,1.521,0.096,0.93,0.917,1.164,0.432,-0.339
1.702,1.477,-1.046,2.017,-0.274,-1.048,-0.829,0.244
-0.038,0.65,0.962,1.423,-0.636,1.027,-0.375,-0.86
-2.067,0.949,0.017,-1.085,-0.771,0.608,-0.517,1.779
-1.472,-0.19,0.195,-0.031,0.175,-1.666,-0.363,-0.238
-0.307,0.98,0.829,1.464,1.903,-0.441,-0.59,0.169
0.797,-1.361,-1.111,0.184,-1.645,0.114,0.929,-0.697
-0.522,1.335,-1.031,0.266,0.033,-1.393,1.016,1.649
0.328,-0.815,-0.006,-0.431,0.591,-0.741,1.858,0.802
2.166,1.609,2.494,0.967,0.333,-0.52,1.036,0.616
-0.0,0.708,0.763,0.312,-1.432,-0.588,0.249,-0.377
2.777,0.423,-1.223,-0.696,0.271,-0.473,1.286,0.969
2.237,-0.251,-1.659,-1.157,0.008,-1.248,-0.038,-1.317
-0.451,0.859,-0.003,-1.547,0.28,-0.8,0.632,0.792
0.221,0.133,-1.791,0.602,0.582,-0.745,1.45,1.027
1.756,-1.708,0.247,1.645,1.076,-0.2,0.615,-0.015
-0.38,0.926,-0.594,-0.482,-0.148,-1.925,0.001,-1.827
-0.955,0.634,-0.732,1.594,-0.614,-1.66,0.325,-1.185
-0.393,0.64,-1.017,-1.02,0.35,0.604,-1.625,-1.094
0.494,2.053,-2.128,1.0,0.962,-0.332,1.331,-0.439
-2.014,-0.179,0.049,0.527,-1.232,0.424,0.113,0.244
0.196,-0.17,-0.213,1.481,0.385,-0.66,0.607,-0.21
-0.145,0.683,-0.523,1.226,0.554,0.345,0.28,-0.118
1.433,-0.65,0.371,-0.312,0.251,0.619,-0.981,0.438
0.129,-1.254,-0.459,0.873,-0.775,-1.91,1.969,-0.561
0.785,-0.031,-1.031,1.487,-1.452,0.505,0.186,0.039
0.109,0.266,0.748,-0.189,-0.088,1.26,-1.336,1.029
-1.405,0.378,-0.256,0.565,-1.079,0.578,-0.849,1.746
0.448,0.766,-0.196,-0.584,-1.666,1.359,-0.584,0.441
0.641,-1.382,0.256,0.671,-1.111,0.746,-0.852,-0.091
2.292,-0.085,-0.158,-0.321,-2.097,0.17,0.278,0.802
0.031,-0.599,0.242,-1.724,-1.173,1.816,0.252,0.022
0.347,0.887,1.099,1.058,1.109,0.238,-0.412,-2.953
-1.416,0.506,1.103,1.032,0.847,-0.729,-0.648,2.269
-0.632,0.494,0.446,-0.777,1.674,-0.317,-0.077,2.25
-0.158,0.521,1.744,0.62,-0.985,0.429,-0.363,0.737
-1.033,0.157,0.464,-0.604,0.532,0.275,-0.362,0.65
-0.999,0.471,0.62,-0.578,1.082,-0.769,0.414,0.663
2.448,0.879,2.158,-1.887,2.24,-0.216,0.826,1.323
-0.212,-1.171,-0.382,-0.485,1.143,0.917,0.303,2.381
-0.252,-1.851,1.112,-0.212,-0.337,0.587,-0.006,0.013
1.32,0.837,0.401,-1.334,0.182,-0.817,0.787,-1.3
2.227,1.518,-0.055,0.553,1.082,-0.033,-0.404,-0.525
-1.119,-0.548,-0.491,1.138,0.08,-0.62,0.606,-1.593
0.591,1.385,0.156,-0.172,0.368,-2.17,1.01,1.03
1.029,0.317,1.944,-1.329,1.05,0.156,1.003,0.039
1.7,-1.778,-1.683,1.458,-1.72,1.021,0.721,-1.056
0.401,-1.328,0.75,1.018,-1.314,0.933,2.201,-0.259
0.235,-0.379,0.188,-1.127,0.749,2.479,0.729,0.331
-0.457,0.166,-1.683,0.24,1.285,0.241,1.094,-0.103
-0.754,0.048,-0.283,1.262,-0.827,-0.415,-0.672,-1.469
0.206,-0.838,0.009,0.409,0.282,-0.654,-0.555,0.852
-0.584,-0.407,-0.914,0.488,-0.743,1.729,0.218,0.769
-0.172,-0.943,-1.483,0.315,-0.252,1.413,0.133,-1.466
0.12,0.225,0.128,0.021,-1.492,0.172,2.07,0.49
0.935,0.178,-1.509,-0.749,-0.225,0.592,0.985,-0.162
-0.699,-1.103,-0.376,-0.491,-1.814,0.642,0.379,0.338
-0.98,-0.807,-1.345,0.358,0.789,-1.15,-3.204,1.59
-1.102,1.339,-0.73,-0.742,1.232,0.358,1.438,-1.891
0.186,1.579,-0.157,-0.472,0.784,-0.456,0.372,-0.356
-1.675,0.292,-1.173,0.876,-1.128,0.749,-0.531,0.597
0.877,-0.791,-1.865,0.522,1.029,0.187,0.925,-0.347
-1.473,-0.83,1.037,0.521,-0.099,0.111,-0.641,-1.012
-1.02,1.537,-0.06,0.913,-1.143,1.265,0.286,-0.155
-1.914,-0.481,0.154,-0.276,0.018,-0.208,0.147,-1.099
1.071,-0.612,0.308,0.114,0.771,-1.106,-1.716,0.534
-1.053,-0.716,0.538,1.288,-0.571,2.439,1.036,0.612
-1.335,0.462,-1.33,-1.22,1.415,-1.453,-1.918,-0.383
0.454,0.206,0.347,1.637,-0.313,-0.438,0.137,0.717
-1.053,-2.342,0.716,0.439,-0.917,-0.692,0.356,-1.818
-1.575,0.258,1.207,0.118,-1.616,0.232,0.99,0.553
0.017,0.366,0.555,0.815,0.69,-0.164,-1.639,-1.452
0.726,-0.103,0.144,1.799,-0.837,1.505,-1.304,0.786
0.218,0.117,-0.462,-0.95,-0.28,1.77,-0.349,0.794
1.011,-0.53,-0.549,0.715,0.454,-0.874,0.145,-0.893
1.888,-0.085,0.578,-0.233,-0.043,1.848,-0.944,-0.246
0.729,-0.101,-0.747,0.877,0.009,-1.567,-0.738,0.516
1.287,-1.15,0.46,0.965,-0.833,-2.158,0.272,-0.267
-0.202,0.165,-0.286,-0.377,0.916,0.409,0.402,-0.508
1.793,-1.855,-1.282,1.243,-1.308,-0.112,0.289,-0.6
-0.135,-0.634,-0.518,1.127,-0.739,0.924,-0.768,-1.649
0.004,-0.874,0.272,-0.955,-1.381,-2.224,0.597,0.701
-0.626,0.097,-0.319,-1.0,1.141,-0.543,1.096,1.33
-1.757,-1.6,1.058,-1.699,-0.605,-0.08,0.735,-0.375
-0.846,0.064,-0.503,0.23,0.065,2.915,-0.128,0.35
-0.812,0.468,1.265,-1.925,-0.045,0.638,-0.451,0.284
-0.119,0.546,-0.272,-1.021,0.541,-0.994,0.224,-0.196
-0.933,-1.176,0.833,-0.14,-0.228,-0.817,-0.55,1.049
-0.848,-0.192,-1.684,-1.816,1.408,-1.541,0.204,1.026
-0.549,0.459,-0.006,0.86,1.624,-0.857,-0.924,-1.276
-0.269,-0.312,0.053,0.613,1.555,-0.596,1.04,-0.57
1.098,-0.487,0.009,-0.644,0.197,-0.387,-1.582,0.51
0.273,0.991,-0.476,-0.779,-0.373,-0.261,1.495,-2.074
1.596,-1.572,1.642,-0.275,0.789,-0.643,0.515,-1.061
0.186,0.481,0.409,0.192,-0.319,-0.182,1.266,-1.048
-1.337,0.785,-0.59,0.58,-0.536,0.185,-0.733,-0.935
0.022,-0.863,-0.474,-0.295,-0.184,0.545,-0.352,0.735
0.365,-0.993,1.682,-0.791,-1.546,0.706,0.416,-0.198
0.551,-1.929,-1.623,1.352,-1.633,-0.022,0.117,0.426
-0.122,1.11,-0.795,1.624,0.807,-0.805,-0.341,-0.365
0.914,-0.523,-0.687,-0.636,-0.097,-0.04,0.294,-0.787
-0.962,0.983,1.298,0.645,0.149,-1.721,-0.312,0.045
-0.238,-0.439,-0.162,0.877,1.96,-0.352,-2.886,1.248
-1.508,-1.447,0.866,0.35,-0.408,0.162,-0.92,1.525
0.838,0.841,0.03,0.06,-1.211,-0.467,-0.998,0.003
2.064,0.058,1.362,2.058,0.197,0.192,2.772,0.348
-0.067,0.166,-0.402,-0.025,0.652,0.078,0.235,1.218
-0.162,-0.054,2.712,1.183,0.699,0.76,0.898,-1.127
0.909,-0.1,0.407,2.277,0.35,0.483,-0.663,-0.58
1.181,1.697,-1.357,0.15,0.636,1.622,-1.466,-1.781
-0.267,-0.002,-1.094,1.387,-1.446,-0.683,-0.157,-0.748
-0.766,-2.729,0.68,1.031,-0.284,-0.293,0.525,0.634
-0.308,1.152,-1.321,1.025,-0.775,0.685,0.497,1.512
-0.512,1.098,0.633,-0.315,-0.241,-0.507,2.749,0.59
0.093,-2.187,-0.287,0.43,0.561,0.014,-0.462,-2.257
-0.533,2.012,-0.352,0.629,0.012,-1.522,0.292,-1.302
0.081,0.549,-0.659,-1.107,1.211,-0.161,1.482,0.246
0.107,-0.191,0.245,-0.842,-2.199,0.122,0.142,0.007
1.029,-0.472,-0.653,-0.652,1.139,-0.88,-2.323,-0.041
-0.665,0.832,-1.136,-1.508,-1.054,-2.122,0.788,0.822
-0.27,0.123,0.413,-0.617,-0.254,-1.966,-0.192,0.46
-0.675,-0.192,-2.308,0.378,-2.351,-1.276,0.301,1.297
-0.441,1.484,-0.567,-0.905,-0.626,-0.545,0.715,-0.626
-1.161,-0.403,-0.376,0.489,0.214,-1.859,-0.854,-0.539
-0.938,0.408,-0.28,0.007,1.817,0.955,1.037,-0.481
-0.528,-1.134,0.772,-0.348,0.279,-0.901,1.223,-1.206
-2.52,0.041,1.713,-1.573,1.672,-1.483,-0.322,0.696
0.941,0.446,1.78,-1.566,0.22,-1.51,0.122,-0.657
-0.304,0.389,0.099,-1.735,-0.213,-0.612,-0.55,-0.42
1.02,-0.737,-1.724,-1.999,0.267,-1.14,-1.255,2.152
0.145,1.881,0.876,0.119,-1.136,-0.245,-1.219,0.597
0.693,-0.819,0.051,2.319,-0.392,-0.71,-0.375,-0.948
-1.238,0.434,1.278,0.716,0.843,-0.468,-0.046,1.396
-0.534,0.892,0.214,1.188,1.392,-1.122,-0.522,-1.649
0.147,-0.312,0.251,0.633,0.416,-0.945,-0.435,1.857
0.322,-1.243,-0.202,2.035,0.204,1.329,-1.712,1.173
1.367,-1.526,-1.909,0.776,-0.018,-0.614,-0.016,1.225
1.119,-1.203,-0.301,0.434,0.087,-0.446,-1.903,0.8
-0.663,1.024,-0.443,0.505,0.373,0.003,0.257,0.765
-0.649,-0.395,-1.074,0.603,-0.713,0.394,0.474,-0.335
0.853,0.187,0.166,0.432,-0.545,0.943,-3.504,-0.054
-0.718,-0.47,1.093,0.301,-1.855,0.624,-0.492,1.279
1.929,-0.071,0.069,1.113,-0.397,-0.423,0.556,-0.524
2.852,2.361,0.461,1.027,0.221,-0.217,1.332,-0.48
0.15,-1.017,0.669,0.052,-0.724,-0.06,1.841,-1.119
0.769,0.353,-1.527,0.039,0.698,-0.39,-1.32,-0.75
-0.251,1.29,0.49,2.651,-0.727,-1.016,-0.124,-1.015
0.388,0.643,0.036,1.069,-0.976,0.29,-0.179,0.695
-1.722,0.922,0.538,-0.304,-0.007,-0.385,-0.595,-0.48
-1.172,2.459,-1.004,-0.45,-1.494,1.119,0.697,-0.362
0.295,0.31,-0.553,-2.444,-0.716,0.62,-0.564,-0.139
0.61,-1.536,0.304,-0.944,0.629,-1.459,1.394,-1.294
-0.453,-1.696,0.583,0.519,1.095,-0.691,0.108,1.498
-1.809,-1.244,-1.435,-1.388,2.964,-1.16,-0.334,1.18
-0.348,-1.868,0.413,0.173,0.499,-0.899,0.17,-0.474
0.087,0.183,-1.538,0.034,0.362,0.329,-1.753,0.227
-0.093,0.304,-0.357,0.672,1.11,0.282,0.577,0.183
-0.151,-0.683,-0.396,-0.658,1.394,-1.16,-0.59,0.759
0.113,-1.733,-0.769,0.76,-0.751,-0.316,2.461,0.333
1.318,-0.627,-2.056,-1.91,0.151,0.04,0.118,-0.235
-0.222,-0.255,1.994,0.476,-0.87,-0.194,-0.598,0.996
0.117,0.604,-1.057,-2.066,0.038,0.927,-0.513,1.042
-0.279,-0.912,-0.343,-0.886,-1.877,0.037,1.429,1.303
0.091,-0.452,-2.176,-1.59,1.421,0.359,0.558,0.822
-0.259,-1.017,0.974,-0.388,1.028,0.358,1.092,0.843
0.139,0.367,-0.84,0.711,1.422,0.629,-0.017,0.435
-1.115,-0.402,-0.201,0.462,-1.557,0.547,-0.679,-0.317
-1.634,-0.754,0.646,0.565,-0.028,-0.008,-0.976,-1.041
-1.667,-1.637,1.064,1.423,-1.079,0.017,0.293,-0.231
-0.336,0.714,1.097,0.499,0.372,1.114,-1.096,-0.935
0.845,-1.921,0.355,0.119,-0.655,-0.092,0.625,0.155
0.9,0.21,-0.656,1.963,-1.326,0.074,-0.206,1.593
2.52,-1.501,-0.927,1.228,-0.008,0.518,1.636,1.231
-1.015,0.703,-0.641,-0.179,0.033,-0.225,-0.745,0.147
0.444,-0.34,-0.099,0.11,-0.135,1.087,-1.113,0.798
0.423,0.662,-0.683,-1.897,-2.124,0.59,1.469,0.98
0.073,-0.064,-0.189,-0.829,1.151,-0.939,0.147,0.894
-1.972,1.068,0.783,-2.09,-0.051,-1.178,-0.896,-2.269
0.62,-0.918,1.167,0.228,0.251,-1.293,0.95,-1.133
0.488,-1.978,0.264,1.285,-1.807,0.181,-0.852,-0.474
0.345,-0.468,-0.134,-0.464,-0.875,-0.178,-0.247,-0.254
-0.298,-0.738,0.735,0.516,-1.086,1.87,2.159,0.704
0.544,-0.051,-0.199,-0.187,0.624,1.418,0.113,-1.697
-0.43,0.143,-2.243,1.175,-0.207,-0.242,0.1,-0.642
-0.052,0.487,-1.216,0.746,-1.038,1.447,0.197,0.225
-0.916,-0.135,0.063,0.797,-1.064,1.438,-0.73,-0.413
-0.058,0.926,-0.581,0.363,-0.276,1.236,0.631,-1.146
1.054,-1.967,-0.413,0.832,-1.361,-0.128,-0.103,0.691
-0.852,-0.707,0.332,-0.207,-1.039,1.116,0.787,-0.493
0.134,0.503,-1.36,1.546,0.228,0.871,-0.77,0.116
1.103,1.22,-0.958,2.102,0.093,-0.325,1.517,-0.686
-1.669,0.739,0.108,-0.068,-1.396,0.266,3.357,0.228
0.836,2.521,1.322,-0.418,-0.944,0.545,1.543,0.059
-1.431,1.504,0.237,-0.384,0.502,0.32,3.511,-1.21
-0.047,0.916,0.114,-2.176,-0.869,0.9,0.185,0.464
-1.257,-1.516,0.16,-0.968,0.639,-0.964,-0.323,-1.73
0.548,2.132,0.509,-0.317,-0.96,-0.761,1.132,-0.557
0.384,-0.111,-0.391,-0.34,0.099,-0.607,-0.669,0.09
-1.712,-0.274,-0.763,1.261,-0.331,-0.63,1.383,-0.621
1.847,-0.385,0.559,-0.27,1.394,1.069,0.681,1.08
0.573,-0.234,-0.75,0.3,1.047,1.841,-0.388,-0.335
-0.763,0.997,-0.615,0.753,0.651,0.322,0.658,0.798
0.263,-0.726,1.637,0.907,-0.437,-0.143,-1.087,-0.031
0.226,-0.05,-2.006,-0.414,0.622,-0.773,-2.316,0.033
0.085,-0.532,0.514,0.021,-0.783,-0.186,-1.19,0.404
-0.534,0.909,-0.864,0.574,0.052,-0.385,-1.405,1.189
-0.207,-0.37,0.372,-0.002,0.071,-1.365,-1.032,-0.87
0.123,0.363,0.973,0.04,-0.804,-1.161,0.806,0.232
0.557,0.755,1.631,-0.086,-0.332,0.834,0.869,-1.288
1.683,0.528,1.318,-1.024,0.473,1.04,-0.972,0.301
2.772,0.712,0.427,0.137,0.875,-0.386,1.06,-1.608
-1.072,0.705,-0.191,1.835,0.116,0.205,0.652,-0.632
0.673,-1.211,0.113,0.206,0.4,0.208,-0.411,-1.933
0.113,0.093,-0.495,-0.091,-0.452,0.036,0.003,-0.709
1.766,-0.355,0.728,0.018,-0.334,-0.548,0.199,-2.133
-1.633,-0.629,-2.809,-0.853,0.176,0.939,0.22,0.032
1.632,-0.958,-1.358,1.013,-1.875,-0.603,-0.823,-1.001
0.335,0.878,-1.189,1.056,-0.662,-0.638,-0.405,-0.157
-0.142,0.094,1.593,-0.245,-1.099,1.738,-0.617,-0.243
1.481,-0.442,1.519,-0.229,1.228,-0.843,0.408,-1.163
-1.263,0.166,1.179,0.276,-0.59,0.398,-1.898,-1.247
1.268,1.004,-1.578,-2.584,0.804,-0.507,-1.201,-0.367
1.987,0.73,-0.051,-0.751,0.186,-0.807,-1.15,0.745
-0.581,-1.067,-1.129,0.005,-0.5,-1.966,1.646,0.179
1.146,0.084,1.258,0.909,0.048,0.625,-0.168,1.043
-1.194,0.337,0.36,-2.232,-0.4,-0.317,-2.307,0.693
-0.221,-1.067,-0.511,-0.942,-0.526,-2.557,-2.086,1.338
-0.894,1.032,-0.486,0.215,-0.238,-0.78,0.031,-0.054
-0.225,0.788,1.188,-1.835,1.252,1.677,-0.414,0.232
0.758,-1.251,-0.179,0.494,1.219,0.603,0.5,0.27
-0.678,-0.685,-0.496,0.502,1.494,-0.507,-0.838,1.329
0.839,-2.845,0.071,1.008,1.672,-1.469,-0.984,0.96
-0.528,-0.544,2.157,1.172,-1.602,-0.359,-0.783,-0.886
-0.167,-0.073,-1.758,-0.271,0.191,-0.65,0.861,-0.747
-0.821,-1.042,-0.817,-1.037,-0.934,0.4,-1.504,-0.767
-0.499,1.158,-0.916,-2.508,0.674,-0.712,-0.111,0.24
-0.607,0.27,-0.496,1.038,0.389,1.576,-0.958,-1.487
0.401,-1.317,0.755,0.112,-1.142,-0.218,0.347,1.232
-1.176,-0.77,-1.258,-0.974,0.557,-1.146,-0.518,-1.083
-1.734,0.051,1.646,0.863,0.28,-1.572,0.99,-0.853
-1.534,0.642,-1.761,-0.903,-1.276,0.8,-0.923,1.967
-0.441,-0.335,-0.689,-0.854,-0.583,-0.955,-0.869,-0.196
1.062,0.66,0.625,-0.267,1.684,0.024,0.511,1.217
-0.683,-0.939,0.588,-0.559,1.322,-2.131,0.223,-1.694
0.048,-0.724,0.977,-0.537,2.302,-0.884,-0.886,0.419
-0.252,-0.965,-0.489,0.692,-0.257,0.195,-1.038,-1.173
-0.264,0.331,-0.117,0.906,0.092,0.189,0.085,1.556
0.155,-0.933,-0.111,-0.296,0.506,1.461,-1.988,0.006
0.515,-0.064,0.744,0.566,0.621,-0.084,0.441,-0.984
0.131,-0.97,-0.504,0.955,1.101,-0.233,-0.698,0.311
-1.344,-1.116,-1.07,0.729,0.463,-0.374,-1.638,1.001
-1.627,-0.645,0.841,-1.792,0.004,-0.275,0.385,-0.055
0.27,-0.233,-0.613,0.283,2.192,1.481,-0.771,-0.06
1.244,0.557,-0.182,-0.978,0.455,1.212,1.128,0.237
1.174,-0.202,-0.572,-0.507,0.192,-0.026,-0.564,2.209
2.502,-0.336,-1.077,-0.041,0.788,-1.326,-0.902,-1.318
0.535,-2.5,0.472,-0.008,-0.554,2.036,-1.277,-2.055
0.186,0.097,0.128,0.351,-1.14,-0.98,-0.451,1.854
1.791,0.493,1.271,-0.781,-0.72,-0.712,1.194,-0.427
0.021,1.313,-0.372,0.108,-0.995,-0.285,-0.652,0.126
-1.233,0.204,-1.672,1.493,-0.143,-0.134,0.954,-1.119
-0.905,1.369,-1.572,0.366,0.198,1.083,-0.294,-0.682
-0.539,0.582,-0.651,-0.694,-0.694,0.559,0.784,0.233
-0.604,-0.169,1.667,-0.664,1.147,-0.851,1.179,-0.024
-1.419,0.367,-1.807,0.88,0.996,-0.256,0.491,-1.1
0.941,-0.296,1.234,-0.198,-0.468,-1.639,0.653,-0.725
-1.883,-0.658,-0.768,0.176,0.698,-0.696,-0.395,0.678
0.619,-0.695,1.016,1.653,0.837,-1.229,-0.467,0.883
0.645,-0.729,-1.06,0.001,2.197,0.014,-0.486,-0.016
-0.197,0.196,0.092,-1.065,-0.133,-0.502,-0.661,1.353
0.252,0.232,1.952,1.618,0.491,0.535,-1.721,1.09
0.113,0.95,-0.204,-1.031,-0.115,1.452,-1.499,-0.494
0.554,0.225,-0.59,0.432,-0.348,0.658,0.53,0.68
-0.952,1.053,-0.914,0.874,0.379,0.57,-0.026,-0.013
-1.16,-0.645,-0.828,-0.167,0.011,0.905,-1.056,0.587
-1.248,-0.823,1.885,-0.119,-1.588,0.889,0.861,-0.483
-0.773,0.423,-0.372,1.548,0.268,-0.515,-0.285,0.299
-0.553,-0.241,0.145,-0.982,-0.771,-0.456,0.288,-1.06
-1.044,2.395,-0.36,-1.019,-1.529,-0.321,-0.833,1.561
1.377,-0.045,-0.975,-0.465,-1.222,-0.053,0.561,1.424
-0.359,2.086,-0.059,-1.897,0.464,-0.84,-1.271,-0.057
0.401,1.557,-0.874,-1.106,-0.511,-0.275,0.363,0.252
0.407,0.175,-0.048,-0.469,1.79,-0.753,-1.085,-1.831
-1.417,-0.156,-0.495,0.973,-0.485,-0.346,-0.254,0.213
-0.047,-0.317,0.576,0.08,0.602,-0.451,-0.137,-0.371
0.966,-0.393,-1.046,2.995,1.789,-0.134,0.515,-0.574
-2.137,1.242,0.614,0.292,-0.481,0.184,0.83,0.704
0.001,1.381,-0.074,0.002,-0.078,-0.212,-0.784,-1.171
0.874,1.104,-1.292,0.695,1.635,-0.182,0.771,1.031
1.576,0.529,-0.872,1.851,0.521,2.777,-1.548,-0.788
-0.1,0.394,0.141,-0.084,0.797,0.27,-0.178,-0.84
-0.438,0.019,-1.548,0.484,-1.333,0.401,-1.423,-0.355
-1.447,-1.335,0.164,-0.8,-0.083,1.285,1.699,-0.275
0.159,-0.102,0.004,1.578,1.244,0.415,1.122,-0.885
1.687,-2.507,-0.832,1.618,-1.383,1.049,-0.779,0.336
0.783,-1.392,0.093,0.803,-0.585,-0.032,-0.986,-0.249
-0.635,-1.64,0.5,-1.0,0.162,0.58,0.447,0.691
-0.673,0.588,-0.06,-0.563,0.586,0.272,0.261,-0.198
0.803,-1.088,0.865,-1.212,-1.235,0.845,-1.149,-2.484
-0.155,-0.146,-1.125,1.486,0.024,1.21,1.611,0.947
0.362,-0.59,0.541,0.304,-0.251,-0.249,0.751,-0.415
-0.802,0.832,-2.149,0.054,-0.655,0.049,2.219,-0.778
1.429,1.521,-0.884,0.286,0.713,-0.699,0.511,0.663
-0.387,0.03,-0.128,-0.46,1.36,-0.767,0.446,-1.569
-0.006,-0.899,1.678,1.398,-1.429,-0.341,-0.214,0.193
-0.914,0.099,-0.192,-0.033,-0.578,-0.65,0.41,0.557
-0.445,0.175,1.296,-0.902,-0.835,0.28,-0.055,2.093
0.578,2.574,1.251,0.045,-0.348,0.695,0.589,-0.303
0.979,1.495,-0.472,-0.031,-0.592,1.192,-0.382,1.653
0.606,-0.564,-1.346,0.31,0.494,1.115,-0.13,0.205
-0.66,-0.44,2.018,-0.312,0.799,-1.341,0.377,1.394
-0.961,1.397,-0.963,-0.548,0.211,0.6,-0.465,0.095
1.516,3.065,-0.256,-0.487,-0.155,-0.936,1.344,-0.454
0.463,0.4,-1.797,-0.326,0.897,1.324,-0.57,0.231
-1.079,-0.079,0.119,-1.643,-1.062,0.89,-0.34,0.726
-1.878,-0.16,1.931,0.113,-0.774,-0.083,-0.644,0.462
-1.455,-2.024,0.753,0.31,-0.841,-1.471,0.109,0.518
-0.514,-1.313,1.012,-0.535,0.117,-0.756,0.337,-0.892
-1.151,0.06,-0.069,-0.905,0.755,-0.201,0.848,0.76
2.796,-1.317,-0.119,0.423,-0.333,0.666,0.212,0.283
0.92,-0.511,-0.805,0.586,1.207,-0.327,-1.488,1.314
1.103,0.45,0.194,-0.702,1.831,-1.627,-2.832,-2.564
-0.207,0.072,1.166,0.513,0.749,0.359,-0.572,-0.435
-1.003,0.837,1.114,0.945,-0.68,-0.556,-0.995,0.523
0.96,-0.311,1.319,1.59,1.181,-0.291,0.22,0.623
1.638,0.619,-1.107,-0.043,0.245,-0.144,0.002,0.89
-1.722,-0.755,0.709,-2.197,1.017,0.832,-0.193,-1.014
-1.882,-0.321,0.167,1.09,0.616,-0.895,-1.987,1.416
-0.28,1.029,-1.301,-0.163,-0.107,-1.596,-0.694,0.663
1.756,-0.164,1.184,-0.096,-0.493,-0.489,-0.515,1.517
-1.27,0.002,0.009,-1.499,-0.089,1.104,-1.871,-0.022
-0.337,1.189,0.225,0.546,0.082,-0.418,1.221,-0.078
1.184,-0.876,0.353,-1.733,0.486,-0.543,0.069,0.501
2.044,0.761,0.429,0.328,-0.274,-0.415,-0.569,0.996
-1.246,-0.753,-0.542,0.511,-0.303,0.658,-0.225,0.024
-0.052,1.857,-0.084,-0.401,0.083,0.091,-0.428,-0.69
-1.294,2.557,-0.469,-1.594,-0.431,0.185,1.835,-0.772
0.408,0.73,0.289,-0.437,-0.046,-1.328,0.603,-0.047
-2.182,0.234,-0.693,-0.586,0.817,-0.073,0.466,0.23
-0.277,-0.088,0.173,-1.123,0.381,1.085,1.119,-0.118
-0.294,0.802,0.906,-0.342,-0.447,-0.323,0.035,1.474
0.502,-2.339,-0.49,-0.33,-0.252,-0.941,-1.875,-1.887
0.325,-0.147,0.775,0.118,1.104,0.284,-0.341,0.324
0.282,0.78,0.84,0.674,-1.159,0.713,-0.427,0.93
-0.026,-0.379,-0.28,0.318,0.22,-0.434,-0.407,2.047
-1.503,-0.458,-0.906,0.443,-0.223,0.238,-1.003,0.002
-1.493,-0.693,-1.357,0.92,-3.168,0.387,0.927,0.862
-0.627,2.022,-2.459,0.733,0.241,-1.413,2.078,-0.471
-0.031,0.224,0.631,-0.051,-0.099,-1.414,-0.27,0.818
-0.983,0.773,1.602,-1.503,-1.977,-0.532,0.325,0.425
0.403,-0.069,-0.42,0.061,-1.347,-0.317,-1.239,-0.857
-1.284,-0.399,0.782,-0.862,0.173,-1.203,0.32,1.015
-1.741,-0.339,-1.611,-0.036,1.132,-1.032,1.056,0.674
-0.781,-1.162,0.028,0.783,1.285,-0.98,-0.435,0.751
-0.085,-0.834,0.337,0.166,1.964,-1.345,0.158,-1.305
1.547,-1.948,0.341,1.135,0.242,-0.742,-0.475,0.008
1.464,-0.836,0.928,-0.341,-0.536,-0.009,-1.209,1.755
3.246,0.777,0.681,0.899,0.475,1.618,-1.28,-0.283
-0.124,0.322,-0.748,0.919,0.604,-0.28,-0.02,-1.572
0.744,0.255,0.205,-0.975,1.471,0.317,-1.341,-0.463
0.037,1.186,-1.956,-0.164,-0.602,-0.985,-0.742,1.525
-0.242,-0.179,-0.47,-0.117,-0.774,-1.231,0.897,1.059
1.383,0.862,1.141,-2.379,0.245,0.516,1.004,0.124
-0.338,1.409,-0.145,-2.726,0.531,1.518,1.311,0.622
-1.149,0.582,1.917,-1.647,0.565,-1.043,1.238,-0.228
-2.755,-0.156,-1.262,0.464,1.085,-1.104,-0.985,-0.158
-0.597,0.259,1.746,-1.583,0.628,0.048,0.102,0.517
-0.069,0.847,-2.244,0.999,2.07,-1.676,0.487,1.404
-0.03,-1.734,1.296,-0.156,1.615,-1.064,-2.063,1.144
0.955,1.637,1.365,-0.592,0.751,-0.949,-1.168,-0.654
-0.436,0.698,-1.77,-0.644,1.792,-0.349,-0.713,0.611
0.802,1.868,-0.245,0.285,-0.354,-0.588,-0.674,0.227
0.308,0.812,-1.906,-0.194,-0.043,0.187,0.517,-1.47
0.482,-0.938,0.849,1.026,-0.633,-1.12,0.019,-1.126
-0.998,0.104,-0.342,1.283,1.084,-1.764,-0.883,-0.474
1.179,0.842,-0.749,1.143,0.48,0.262,-1.001,-0.778
0.421,0.355,-0.555,0.024,-0.078,-1.192,1.043,-0.339
-0.482,1.434,-0.907,1.339,-0.758,-0.19,-0.325,1.743
-0.485,-0.146,0.592,0.269,-0.845,-0.795,1.009,0.511
-1.217,-0.224,-0.835,0.533,-1.965,1.177,0.777,0.354
-1.615,-0.938,-0.208,0.343,-0.709,0.416,0.523,-0.539
-0.827,0.188,0.652,-0.18,-1.467,0.393,1.277,-0.34
-0.48,-2.213,0.027,1.108,-1.699,-1.032,-0.761,0.638
-1.888,-1.291,0.52,-0.511,-0.485,-0.208,0.276,0.191
0.209,0.207,0.55,-0.807,-1.386,-0.469,-1.348,-0.351
0.824,-0.399,0.134,-0.685,1.721,0.83,0.34,-1.311
0.183,0.374,-0.606,0.648,0.13,-1.293,1.052,0.134
0.425,-0.516,-1.099,0.007,-0.374,0.91,-1.328,-0.409
-0.263,-0.896,0.314,-0.543,-0.8,-0.039,-0.438,0.952
-0.319,-0.43,-1.04,-0.166,-0.06,0.126,-0.137,0.803
2.115,0.945,1.71,-0.796,-0.317,-1.448,-1.538,-1.302
-0.143,0.886,0.761,1.207,-1.265,-0.391,-0.478,0.915
0.634,1.681,0.864,-0.578,1.145,-0.74,-0.62,0.455
1.287,0.69,-0.798,-1.18,-1.333,0.942,0.846,-0.66
0.782,-0.332,0.275,1.365,-0.091,-0.439,-0.275,0.478
-0.628,0.749,0.326,-1.716,0.401,-0.36,0.628,0.532
1.036,1.141,-0.176,0.182,0.125,-2.0,-0.611,0.098
1.0,0.571,-0.259,-0.518,0.655,1.099,-0.006,-0.891
0.538,0.638,0.498,1.855,-0.762,-0.197,0.214,1.448
1.056,0.104,0.025,-1.261,0.778,-1.948,0.233,1.734
0.212,-0.707,2.133,-1.077,-0.335,0.392,-0.951,-0.403
0.348,0.111,-0.847,-1.247,1.499,-1.271,-0.569,1.772
0.752,-0.839,0.527,-0.402,0.783,-2.451,0.853,-0.578
-0.122,-0.147,0.678,-1.622,0.783,0.442,-1.214,-0.44
-0.761,-1.244,2.417,-1.13,0.242,-0.856,0.118,0.956
-0.917,-0.804,0.4,0.41,0.029,1.695,-0.791,1.897
2.2,1.648,0.367,0.377,-0.189,-0.554,-1.589,-1.426
-0.24,-1.561,0.135,-0.183,0.252,0.549,1.764,-0.077
1.213,0.701,0.736,1.123,-0.139,-0.641,0.75,-1.473
-0.379,0.827,-0.199,1.393,0.01,1.338,0.52,-0.076
0.11,1.019,0.021,1.502,-0.89,-0.098,1.167,-0.727
0.123,-0.11,-1.002,1.684,-0.972,-1.229,1.644,-0.824
0.226,0.135,0.611,0.637,-1.664,0.997,0.41,-2.084
-1.97,-0.267,0.256,-1.897,-0.01,0.415,1.373,-0.905
-0.641,-0.96,-1.087,-0.245,0.147,-0.444,-0.24,2.113
-0.589,-0.045,1.669,-0.622,-1.036,0.247,0.099,-1.531
0.853,2.514,-1.486,-1.126,0.242,0.791,-1.299,0.861
-0.096,0.79,0.278,-1.52,-0.561,1.718,-0.026,2.0
-0.683,0.271,1.966,-0.477,0.45,0.322,1.114,1.503
-2.686,-0.084,0.605,0.07,-0.82,0.805,-0.84,1.264
-0.719,0.588,2.315,-0.53,1.069,-0.682,-1.404,0.643
0.594,-1.156,-1.219,0.25,0.69,-0.631,-1.162,-0.575
0.27,-0.816,0.401,0.143,0.034,0.693,-0.435,-0.61
0.869,1.491,0.912,0.721,-1.195,0.919,-1.584,1.386
-1.531,1.436,0.496,-1.172,-1.171,0.819,-1.663,0.231
0.628,0.279,-0.376,0.551,-0.226,1.074,0.057,-0.847
1.092,-1.023,-0.145,-0.328,-1.552,0.252,-0.103,-1.151
-0.295,-0.544,-0.247,-0.853,-0.124,-0.625,-0.717,1.321
-0.272,0.411,-1.219,-0.797,-0.738,-0.133,-0.691,0.985
1.299,0.418,0.321,-0.22,0.365,0.154,1.496,0.567
1.377,0.722,1.143,0.857,-0.75,0.256,-1.636,0.451
-0.575,-1.732,-0.088,0.14,0.769,0.359,0.747,-0.751
-0.044,-0.275,1.349,1.315,-0.162,-0.004,1.644,-0.772
-0.109,0.6,-1.656,1.99,0.791,-1.047,-1.694,0.991
1.687,0.78,2.508,0.45,-1.832,-0.009,-0.018,-0.079
0.502,1.607,-0.368,1.427,-0.806,0.386,0.272,-1.731
0.622,1.561,0.068,-0.324,-0.699,2.484,0.021,0.027
0.048,-0.004,-1.354,-1.488,0.749,0.717,0.388,-0.27
-0.522,-0.597,-0.707,0.041,-1.045,-0.646,1.086,0.441
-1.472,0.661,-0.462,-0.563,-0.826,-1.36,0.526,-0.223
0.535,0.889,-1.63,1.275,0.684,1.361,-0.695,-0.471
0.18,2.572,-0.225,-0.058,-0.601,-0.476,0.825,-0.736
0.467,1.362,0.625,-0.407,0.563,2.03,-1.003,0.165
-1.321,0.281,1.313,-0.72,-2.14,-0.511,-1.077,-0.287
-1.183,0.177,-1.293,0.479,0.449,0.651,1.37,0.816
-0.938,-1.346,0.447,1.317,0.711,-0.977,0.257,1.2
-1.56,0.922,-1.356,1.209,1.124,-0.136,0.633,1.116
0.574,-0.587,1.315,-1.433,-0.284,-0.866,-0.31,-0.426
-0.849,1.014,-1.207,-1.246,1.767,0.825,-0.957,1.026
-0.924,-0.54,1.762,0.634,0.402,-1.774,-1.455,0.792
-0.22,-0.052,-0.85,0.409,-0.748,-0.888,-0.266,-0.591
-0.056,-0.025,-0.459,-0.784,0.988,0.054,-0.532,-0.253
1.132,1.48,0.149,-0.961,0.384,0.608,-1.688,1.556
1.028,0.331,0.284,-0.764,0.559,-0.553,-1.56,0.781
-0.077,-1.46,-0.188,-0.262,-0.748,0.747,-0.574,0.957
-1.104,-0.663,-0.563,-1.131,0.133,-0.238,0.543,1.033
0.149,-0.39,0.958,-1.888,0.201,1.423,1.063,-0.409
-0.689,-1.055,-1.902,-0.899,1.814,-0.007,-0.104,-0.889
-0.213,0.101,1.622,2.459,-0.877,1.642,0.149,-0.248
0.241,0.541,-0.043,1.027,-1.539,0.852,1.119,-0.105
1.057,1.553,0.873,0.411,-0.116,1.077,1.477,-1.023
-0.796,-0.393,-1.505,-0.981,-0.68,0.79,-0.563,-0.895
-0.321,-1.042,0.253,-0.737,-0.196,0.129,-0.351,1.926
1.838,-0.562,-0.472,-0.016,1.131,-0.083,-1.04,0.005
1.009,0.33,-0.701,-1.122,0.248,-0.978,0.915,-0.373
1.516,0.006,-0.47,-0.87,-1.086,0.829,-0.778,0.618
-1.333,0.084,0.044,1.352,-0.035,0.156,1.228,-1.26
-0.464,0.302,0.25,-0.824,-0.884,1.835,1.248,-2.038
-0.61,0.631,-0.156,0.23,-2.06,0.411,1.072,0.783
-0.17,-0.628,1.142,1.29,0.857,0.687,0.633,0.022
1.386,-1.111,-1.355,0.719,-0.589,-0.416,0.747,-0.966
-0.403,-0.503,0.963,-0.475,-1.922,-0.336,1.255,0.094
0.322,0.463,0.524,-0.816,-0.083,0.344,0.516,0.769
-1.066,1.798,-2.118,1.093,2.189,-2.304,-1.165,0.308
0.735,0.917,0.16,0.262,-0.061,1.321,-0.768,-1.102
1.051,0.491,-1.401,0.025,0.648,0.399,-1.147,0.295
0.419,0.66,0.969,-0.196,-0.644,0.839,0.988,0.677
0.146,-0.17,-0.548,-1.386,0.714,0.821,-1.288,1.389
0.416,-0.055,-0.124,-0.55,-0.144,0.98,-0.852,0.813
-1.29,0.519,-0.351,0.181,0.769,1.086,-2.196,1.881
-0.19,0.399,0.46,0.523,0.908,-0.23,1.32,0.12
0.518,0.528,0.221,0.624,-0.098,-0.046,0.787,0.098
0.451,0.737,-0.166,-0.748,0.429,2.453,-0.619,0.961
0.461,1.97,2.941,1.18,1.088,-0.663,-0.972,0.475
-1.203,1.204,0.614,0.148,0.04,0.554,1.483,-0.975
-0.591,-0.209,-0.506,-0.054,0.396,0.517,-0.071,-0.111
0.413,0.69,-0.721,-0.184,-0.837,-0.61,0.817,-1.588
-0.889,0.694,0.148,0.05,0.637,1.623,1.362,-1.366
-0.865,-0.802,0.398,-1.306,0.326,0.544,0.009,0.022
1.299,0.05,0.31,-0.102,0.985,1.401,0.681,-1.422
0.461,0.29,-2.409,1.376,0.18,0.242,1.266,1.375
1.569,1.287,0.157,-1.307,-0.437,-1.093,-0.575,-1.488
-0.414,0.342,-0.561,0.411,0.83,0.107,-0.525,-0.926
1.883,-0.262,-0.583,-0.076,0.961,-0.217,-0.717,-0.43
0.15,1.09,2.385,0.47,-1.144,0.472,-1.113,-1.05
-1.44,0.44,-0.522,-0.193,0.146,-1.482,-2.258,-0.101
0.667,2.924,-0.195,-0.388,-0.875,1.332,-1.174,0.461
0.867,0.304,2.42,1.82,0.43,-0.049,-0.733,-0.746
2.188,-0.645,-0.548,0.704,-1.35,-0.169,0.307,1.321
2.204,-0.95,-0.178,0.993,0.078,1.497,0.237,0.937
-0.545,-0.859,0.159,0.915,-2.693,0.914,0.223,0.274
1.544,-0.821,-1.778,1.108,0.566,1.189,1.534,1.065
0.841,-0.564,1.553,0.489,-0.393,0.94,0.36,1.071
-1.318,0.869,-1.284,3.009,-0.291,0.394,-0.066,-0.007
-0.741,1.879,1.083,-1.209,-0.37,1.144,-0.094,-1.078
-2.205,2.134,-0.471,0.418,-0.46,1.5,-0.669,0.549
-1.729,-1.201,0.798,0.214,-1.475,1.221,-0.419,0.373
0.726,0.228,0.579,0.169,0.361,1.655,1.463,-1.561
0.772,-1.533,0.749,0.273,-0.874,0.657,-0.455,0.87
-1.123,-0.044,1.881,0.459,1.067,1.204,-1.255,-0.713
0.812,1.115,-1.006,-0.585,0.366,-0.19,1.2,-0.031
-0.285,1.652,0.763,-0.292,1.347,1.537,-0.87,-0.734
0.536,-0.205,-1.341,-0.789,-0.965,-0.579,0.465,-2.143
1.392,-0.189,0.384,-1.227,1.328,-0.476,3.015,-0.936
1.445,-0.259,-1.572,-0.658,-0.239,0.262,-0.476,-0.021
1.605,0.734,-1.481,-1.429,-0.91,0.115,1.267,0.611
-0.003,-0.527,-0.297,-1.1,0.508,-1.188,-0.424,-0.433
-1.36,-1.138,0.662,-0.565,-1.647,-2.252,0.328,-1.511
-1.273,0.363,0.624,-0.819,2.778,1.372,0.58,1.658
-0.211,-1.698,-0.025,0.077,1.75,0.6,0.776,-0.109
-0.424,-0.854,1.387,1.687,-0.283,0.014,0.512,-1.01
-0.0,1.226,0.046,0.859,0.643,-2.283,-0.608,0.153
0.819,-1.558,-0.031,0.426,-0.914,0.512,-0.152,-0.085
1.426,0.544,0.629,0.422,0.593,1.196,0.891,-0.266
-0.326,0.178,0.542,-1.589,0.325,-0.461,0.285,-0.427
-0.373,-1.165,-1.778,-1.445,-0.458,-0.36,0.528,0.144
-0.758,1.404,-0.328,-0.681,0.18,0.503,1.019,0.749
-0.415,0.962,-0.144,0.418,-0.497,2.131,-1.831,-0.26
1.36,0.026,-1.106,-0.682,-0.678,0.71,0.812,-0.127
-0.509,-1.223,0.125,1.708,-0.751,-0.325,-0.047,0.093
1.925,-0.056,-0.31,-0.543,-0.573,-0.452,0.436,0.451
1.23,-1.023,1.138,-1.019,-0.958,0.431,0.045,0.863
0.024,0.212,-0.2,-0.535,0.797,-0.627,1.39,0.496
1.012,0.681,2.391,-0.048,-0.525,-1.57,-0.371,0.106
1.117,0.018,-0.186,-1.004,0.255,1.269,-0.327,-1.114
0.031,0.334,-0.408,1.214,0.497,1.806,1.143,0.707
-0.041,1.547,0.859,1.11,1.2,-1.012,-1.798,-0.375
-0.018,-0.479,-1.896,0.954,-1.226,1.287,-0.259,1.16
0.521,1.272,1.641,0.7,1.265,0.122,-0.686,0.062
-1.496,-1.134,-0.924,0.052,-0.032,-0.319,-0.143,1.521
-0.205,1.297,2.184,-0.457,-0.709,-0.284,-0.594,-0.19
-0.904,0.651,0.495,1.318,1.206,0.376,-0.553,0.198
-0.373,-0.022,0.57,-0.038,-0.52,0.282,1.013,-0.655
-1.566,-1.488,1.088,-0.416,0.579,1.58,1.476,-0.943
-0.293,-0.066,0.28,0.248,-0.776,-0.609,0.188,-1.312
-0.693,1.199,0.094,-0.219,0.805,0.455,0.193,-1.319
0.969,0.771,-0.076,0.025,-0.169,0.834,-1.466,0.3
-1.1,-0.241,-0.484,-0.493,0.419,-0.548,0.183,0.705
-1.442,-1.163,1.148,0.428,0.587,-0.472,-1.329,-0.928
-0.718,-0.095,-0.866,-1.103,0.006,-0.108,0.739,-0.194
-0.911,1.297,-1.208,-0.828,1.256,0.125,1.043,0.798
-0.744,-1.083,-0.288,-0.714,-0.775,-2.497,0.025,1.595
-2.0,-0.424,-0.75,-1.691,0.128,0.486,0.795,0.078
0.031,-0.058,0.524,0.174,-0.688,-1.512,0.291,-0.104
-2.259,-0.164,-0.112,-0.841,-0.826,-2.184,-0.901,0.71
-2.276,-0.379,-0.246,-0.979,1.026,0.524,-1.909,-0.561
-3.861,-0.509,1.413,-1.147,0.496,-1.028,1.725,-0.407
-0.866,1.345,0.366,0.506,-0.518,0.026,-0.332,-0.178
-0.448,-1.008,0.559,-1.33,1.346,-0.702,-0.718,-0.571
0.193,-1.871,0.419,-0.102,-0.971,-0.355,0.632,-0.462
0.243,-1.1,-0.126,-0.534,1.113,0.677,-0.685,1.665
-0.602,-1.102,0.586,1.419,-0.177,-0.39,-1.039,-0.478
1.025,-1.429,0.531,1.158,0.796,-0.834,-0.512,-0.198
-0.251,-2.08,-0.254,2.107,-0.314,-0.109,-0.162,0.124
1.648,0.779,0.567,0.522,0.203,-0.89,-0.486,0.302
0.304,-0.366,0.469,1.593,-0.205,-0.061,2.298,1.127
-1.184,-0.002,-0.788,-2.216,-0.846,0.244,0.396,0.867
-0.29,-0.225,1.031,-0.056,-1.337,0.631,0.401,0.577
-0.239,1.423,-0.212,0.81,1.17,0.874,1.019,1.358
0.598,0.391,1.093,-2.042,-1.185,0.323,2.522,-0.316
1.844,1.079,-0.448,-1.025,-1.138,0.406,-0.06,-1.259
0.565,0.492,0.41,-0.012,-0.31,0.125,-1.224,0.039
0.832,-0.32,1.566,0.213,-0.668,0.099,-1.053,1.33
0.251,0.734,-2.611,-0.647,0.526,-0.095,-0.801,0.356
3.416,-0.141,0.299,-1.039,-1.039,-0.732,-0.522,0.73
1.914,-0.567,-1.402,2.165,-0.67,-0.32,-1.382,1.702
0.45,-0.007,-0.803,1.368,-0.448,-0.263,-1.694,0.3
0.332,0.287,-0.28,-0.156,-1.117,0.179,0.018,0.001
1.185,-0.537,0.994,-0.047,-1.714,1.852,-1.28,-0.995
0.051,1.47,-0.447,0.149,-0.486,0.375,-0.413,-0.258
1.784,-0.15,-0.203,0.055,-0.449,0.06,0.209,0.686
0.985,0.367,0.892,2.173,-2.499,-0.339,1.313,0.421
