x0,x1,x2,x3,x4,x5,x6,x7
-0.588,1.497,-0.109,0.775,0.241,-0.986,-0.811,0.167
-0.759,0.384,0.055,0.165,0.426,-2.071,1.021,0.796
-0.606,0.567,-0.066,0.064,0.059,0.232,0.107,1.535
-0.367,-0.103,0.693,1.097,-1.981,0.369,0.867,1.004
-0.771,-0.296,-0.094,-1.321,-0.394,0.973,-0.332,-1.275
-0.216,0.065,0.637,0.354,-0.066,1.316,1.708,-1.121
-0.651,-0.427,0.73,-0.456,-1.011,0.45,0.828,0.762
-1.548,-0.447,-0.331,-1.995,-0.575,0.488,-0.725,0.58
-1.496,-0.936,0.593,-1.486,-0.561,-1.098,1.955,-1.322
-0.422,0.037,0.532,-0.221,1.394,-0.847,1.592,-1.915
1.165,0.594,1.077,0.722,-1.518,-1.167,0.545,0.508
2.006,-0.388,1.517,1.501,0.153,-0.814,-0.639,0.254
0.377,0.583,-0.144,-0.191,-0.032,0.92,0.614,-0.877
-0.718,-1.873,-0.79,0.182,0.598,0.725,0.281,-0.667
-2.323,-0.888,0.879,0.922,0.387,1.062,0.799,-0.347
-0.888,-0.525,1.126,1.54,-0.672,0.354,1.044,1.901
-0.331,-1.255,1.699,0.287,1.472,2.095,0.947,0.159
1.257,-0.604,-0.486,-0.775,0.478,1.516,0.118,0.527
-0.305,-0.41,-0.502,-0.797,0.648,0.641,0.266,0.322
2.336,-0.135,-1.886,-0.693,0.229,0.912,-0.657,-0.044
0.76,-2.088,-1.356,0.284,0.597,1.045,-0.877,-0.313
-0.311,-0.828,-1.548,0.391,-0.649,-0.816,-0.425,0.471
-1.978,0.095,-1.677,0.589,-1.171,-0.33,-1.218,0.78
-2.177,-0.238,0.501,0.799,-0.223,-0.305,0.692,0.056
-1.664,-0.06,0.393,2.43,-1.29,0.12,1.622,-1.144
-1.162,-0.742,-0.351,1.47,-0.399,0.193,1.227,0.168
-0.676,0.071,0.959,1.783,-0.513,2.086,2.844,0.498
0.149,0.531,-0.413,0.959,1.189,1.363,1.713,0.114
-0.44,0.793,0.941,0.499,0.736,2.333,-0.1,0.185
0.569,0.863,0.001,-0.16,0.292,0.338,0.278,-1.52
0.139,0.626,-0.571,0.119,-0.61,1.26,0.08,0.251
-0.905,0.441,-1.404,-1.259,0.535,-0.071,-0.152,1.29
0.511,-0.575,0.932,-2.007,-0.011,-0.206,-1.881,0.921
0.768,-0.489,-1.004,-2.307,0.538,-2.505,-0.914,-0.135
-0.808,-0.156,-0.415,-0.626,0.815,-1.223,0.994,-0.647
-0.938,0.127,-1.448,-0.821,0.091,-1.607,0.946,-0.672
-1.043,-0.312,-1.524,-0.477,-0.037,-0.194,2.074,-0.534
-0.969,-0.448,0.14,0.184,0.078,0.088,0.041,-1.209
-0.43,-2.191,0.219,0.943,1.383,1.493,-1.931,-1.237
-1.143,0.571,0.714,-0.322,-0.143,0.192,-0.605,-3.736
-0.405,0.451,1.798,0.915,0.803,0.469,-2.169,-2.681
-0.562,1.95,-0.122,-0.666,0.136,-0.977,-1.381,-1.163
-0.077,1.718,1.051,-3.224,0.603,0.929,-1.007,-1.702
1.099,0.873,0.552,-0.212,0.192,1.103,0.021,-0.03
1.472,-0.021,0.508,0.034,0.245,-0.659,0.167,-0.524
0.781,0.261,-1.241,0.478,1.785,0.654,0.481,-1.119
1.575,0.867,0.011,-1.245,-0.674,-1.262,-1.748,0.839
-1.756,2.126,-0.826,1.268,0.716,0.727,-0.996,-2.08
-0.334,0.799,0.862,-0.084,-0.027,0.709,-0.023,0.107
-0.722,0.114,0.633,-0.478,0.558,0.819,-0.441,1.633
-0.007,0.147,0.665,0.928,-0.639,0.742,-1.166,0.028
0.319,0.639,1.498,0.674,0.311,0.982,0.417,-0.521
0.804,-0.722,2.216,-0.325,-0.122,-0.103,-0.398,-1.281
1.962,0.391,-0.054,-1.153,0.541,0.781,-1.443,-1.514
1.331,-0.048,0.463,-0.875,-0.073,-0.419,-0.339,-0.909
0.577,-1.421,-0.722,0.855,0.219,0.425,-1.415,-0.565
-0.18,-1.124,0.796,1.012,-0.158,0.285,0.352,0.675
-1.131,0.218,-0.307,0.076,0.824,1.146,-0.484,1.067
-0.795,0.092,0.89,0.432,-0.445,-0.781,0.092,-0.569
-1.481,-0.843,-0.066,0.185,0.255,-0.222,0.647,-0.399
0.95,0.029,-0.712,0.0,1.128,0.333,0.171,-1.108
-0.526,-0.588,-0.529,0.207,0.079,0.338,-2.044,-0.57
0.676,-1.692,-2.626,0.238,1.189,-0.611,-0.729,1.438
-0.523,-2.223,-0.348,0.94,0.265,1.473,-1.163,0.552
-1.585,-2.462,-0.476,-0.025,1.351,0.337,-1.889,1.47
-1.262,-0.871,0.881,0.153,-0.779,-0.355,-0.582,0.451
-1.013,0.409,-0.642,0.017,0.913,0.306,-0.394,1.731
-0.259,-0.457,0.749,-0.22,0.459,-0.612,-0.458,1.649
-0.114,0.648,-0.363,0.532,0.224,0.407,-0.294,0.943
1.373,0.028,1.758,0.793,-0.534,0.067,0.881,1.021
0.228,-0.626,-1.529,0.65,0.676,0.025,-0.626,0.943
0.446,-0.551,0.561,1.243,-0.809,-0.713,-0.214,1.064
-1.244,-1.829,0.113,1.688,0.162,0.957,-0.983,0.599
0.338,-0.832,0.868,1.67,-0.284,-0.283,0.484,1.236
0.428,-1.281,-0.59,-0.779,-1.332,0.627,0.128,0.17
0.677,-0.104,-0.72,0.993,-0.701,1.668,0.352,-0.692
-1.139,-1.197,0.029,0.293,-0.197,0.557,0.836,-0.393
-1.178,0.839,0.571,-0.127,-1.219,-0.105,0.866,-0.142
-0.908,1.415,0.026,-2.211,0.05,0.861,0.176,-0.248
0.115,-0.205,1.215,-0.931,0.51,-0.24,1.516,-1.022
-1.489,-0.039,-0.561,-0.908,0.124,1.408,1.277,-1.302
-1.5,0.179,2.103,0.195,0.135,0.17,1.954,-1.423
-1.974,1.74,0.024,-0.696,0.132,-0.29,0.557,-0.515
-0.086,0.087,1.207,-1.377,-0.879,-2.473,-0.526,-1.738
-0.864,0.328,-0.404,-1.487,1.437,-0.748,-0.14,-1.079
0.54,-1.698,1.445,-1.365,-0.508,-1.698,-1.304,-0.381
-0.628,-1.064,-1.47,0.129,0.713,-0.374,-1.694,0.382
0.237,0.986,1.118,0.559,-1.359,-1.596,-0.74,-0.944
-0.524,0.271,-1.955,-0.351,0.231,0.621,-0.787,-0.346
-1.922,1.31,0.134,-0.402,-0.955,-0.113,0.271,-0.293
-1.685,-0.312,-0.53,-1.301,-0.153,0.839,-0.578,0.346
-0.414,-0.122,0.999,-1.614,-0.298,0.379,1.3,-1.162
0.304,-0.246,-0.687,-1.119,-1.464,0.153,-0.248,0.117
-0.477,-0.21,-0.153,-1.834,-0.367,-1.48,-2.209,0.873
-1.027,0.261,-1.846,-0.846,-0.044,-0.497,-2.821,-1.005
0.245,-0.966,0.057,0.851,-0.897,-1.256,-2.08,1.395
-1.319,0.346,-0.53,1.111,0.428,-1.204,0.221,-0.679
-1.618,-0.56,1.106,1.072,-0.424,-0.256,1.605,0.666
-1.028,-0.034,-1.756,-0.185,0.55,0.552,1.957,2.179
0.275,-0.944,0.511,-0.339,-1.961,0.447,0.6,1.637
-2.144,0.642,-0.046,0.405,0.26,1.43,0.317,-0.942
-0.987,-0.128,1.005,0.91,-0.561,1.419,0.412,-0.878
-0.511,-0.376,1.05,1.585,0.619,-0.672,0.964,-0.216
0.2,-1.103,1.802,0.987,0.023,-1.03,-1.031,0.402
-1.639,0.118,1.037,-0.385,1.455,0.069,0.722,-0.454
-0.386,0.753,1.664,-0.371,-0.019,-0.533,-0.04,-0.627
0.373,-0.245,1.457,-0.867,1.701,0.189,0.903,0.93
-0.546,-0.522,0.378,0.524,1.116,0.037,1.379,2.032
0.011,-0.869,0.126,1.36,-0.527,-0.802,0.965,1.249
-0.682,-0.463,0.106,1.241,0.299,0.583,0.193,0.2
-0.833,-0.223,0.628,0.071,-0.347,-0.641,0.67,0.509
-0.224,0.61,0.089,-0.866,-0.863,0.22,-1.546,1.384
-0.622,0.744,1.51,-0.696,1.477,-0.035,-0.864,-0.96
0.574,-1.238,0.792,-1.506,0.802,-0.522,-0.914,-0.219
1.071,-0.43,-0.07,0.613,0.904,-0.232,-0.618,-0.318
1.104,-0.609,0.571,0.284,0.624,-1.846,-1.199,0.192
1.087,-0.164,-0.992,1.171,0.086,-1.321,-0.909,-0.077
1.85,0.3,1.058,1.577,2.103,-0.829,-1.053,0.48
1.238,2.752,-1.222,1.396,-0.29,-0.298,-0.684,0.206
1.572,2.488,-1.162,-0.218,-0.216,2.107,-0.35,-0.294
0.022,0.864,-0.529,0.437,-1.289,2.24,0.838,1.174
0.232,2.749,1.201,-0.692,-0.943,1.215,0.07,2.463
-0.493,0.994,-1.601,0.722,0.981,0.164,1.889,1.358
-0.271,0.731,0.482,0.922,1.181,-1.685,1.76,-0.05
-0.391,-0.649,-1.141,0.675,2.066,-1.178,-0.522,0.506
-1.259,-2.143,0.88,1.045,0.108,-1.751,-1.125,-0.787
0.015,-0.991,-1.476,0.11,1.264,-0.515,-1.338,-1.84
1.286,0.689,0.82,0.588,-0.217,1.068,-1.49,-1.576
-0.078,-0.407,-0.099,0.581,0.172,1.439,-0.591,-1.918
0.467,-0.713,-0.667,-0.151,0.274,0.092,0.846,-0.086
-0.162,0.03,0.786,-0.165,0.651,0.282,0.204,-0.219
-0.737,-1.556,0.463,0.057,-1.152,1.562,-0.777,0.465
-0.065,-1.889,0.789,0.41,0.779,1.717,-0.482,0.636
0.349,-1.224,0.551,0.529,-0.837,0.805,-0.53,-0.96
-0.346,-0.945,-0.867,0.342,0.302,1.264,-0.855,0.146
1.184,-1.083,0.179,-1.562,0.405,1.437,-1.121,0.746
-0.46,-0.912,0.175,0.587,0.857,0.791,-1.977,0.101
0.009,-1.117,-0.394,-0.888,0.342,0.651,-1.864,-0.299
1.313,1.106,-0.832,0.092,0.6,-0.667,-2.076,1.361
0.728,0.445,-0.003,0.362,-0.512,-0.301,-1.188,-0.828
-0.322,0.267,-0.844,-0.296,0.696,0.814,-1.493,1.24
0.388,0.447,-1.043,-0.761,-0.551,0.506,-1.192,0.12
0.69,0.439,-0.97,-0.827,0.125,-0.032,0.029,0.135
-0.337,-1.368,-1.969,-0.344,-1.617,1.066,-0.413,1.208
-1.273,-0.43,0.259,-0.95,-0.501,0.553,-0.314,0.436
-1.661,-0.437,0.119,-0.526,-1.295,-0.351,-0.14,-0.221
-1.098,-1.16,0.663,0.328,-1.231,-0.501,0.638,-0.065
-0.154,-1.133,0.142,-0.432,-0.404,-0.839,0.45,0.204
-0.248,-0.044,1.818,-0.437,0.992,-0.02,-0.223,0.232
0.97,-1.234,0.804,0.09,1.904,0.203,1.777,1.647
0.963,-0.199,0.458,-0.397,-0.052,-0.489,0.567,-1.387
0.285,-0.143,-0.202,0.65,0.078,0.44,-1.391,-0.757
0.278,0.91,0.741,0.691,0.075,-0.503,0.899,-0.456
1.865,0.089,1.334,-0.736,0.316,0.131,0.256,-1.993
0.289,1.401,1.389,-0.394,1.488,-1.337,1.001,-1.108
1.36,-0.804,-0.523,0.49,-0.222,-0.918,-1.072,0.413
1.412,0.255,1.842,0.102,1.029,-1.355,-0.81,0.824
-0.424,0.491,-1.812,0.652,-0.152,-1.111,-0.48,1.144
0.569,0.076,0.369,-0.148,-0.552,-1.432,0.873,0.678
-0.246,1.347,-1.577,-1.339,1.449,0.135,0.901,0.875
-1.577,0.515,1.144,-0.812,-1.303,-0.314,1.504,-0.412
-2.307,1.158,-0.409,-0.554,1.219,0.23,0.717,-0.883
-1.172,-0.247,1.09,-1.576,-0.12,-0.302,0.351,1.042
-0.572,-0.908,1.347,1.192,2.164,-1.295,-0.643,-0.651
-0.311,-0.328,1.304,0.445,1.369,-3.927,-0.67,-1.049
-0.189,0.092,2.668,-0.417,2.87,-1.116,-1.866,-0.591
0.561,1.748,-0.979,-0.447,2.53,-0.585,-0.03,-0.16
1.619,0.067,2.393,0.699,-0.182,-1.742,-0.898,-0.726
0.921,-0.627,-1.821,0.719,0.832,-1.541,-1.083,1.854
1.476,0.68,0.617,1.012,-1.115,-2.038,-1.066,0.347
-1.307,-1.358,-1.019,-0.103,1.426,0.679,-0.411,-0.17
-0.215,-0.961,-0.41,0.517,-0.583,1.76,-0.219,1.128
-2.153,-0.077,-1.529,-0.088,1.703,1.289,-1.353,-0.024
-2.547,-1.101,0.308,0.001,-0.425,0.264,-1.223,1.807
-2.669,-1.2,1.48,-1.364,2.041,0.026,-1.668,0.818
-0.852,-0.262,0.638,-2.031,1.977,-1.057,-0.566,0.763
0.015,-0.816,0.122,-0.39,-0.189,-2.654,-0.73,-0.097
0.436,1.008,1.758,-0.026,0.679,-0.203,-1.414,0.653
1.435,0.735,0.599,0.018,1.28,-0.341,-1.242,0.795
1.832,-0.642,0.765,-0.342,0.961,-2.052,-0.262,0.067
0.329,0.52,0.122,0.434,1.615,-1.516,-1.575,0.678
1.899,0.865,1.711,1.604,-0.076,-1.575,-1.817,0.773
1.307,0.739,0.068,-0.12,1.637,-1.56,-0.482,0.006
1.956,0.609,-0.169,1.277,-0.646,-0.641,-1.261,1.304
0.397,2.33,-1.085,0.554,1.006,0.459,0.044,0.652
-1.094,1.161,-2.059,0.679,-0.012,0.951,1.098,0.067
-0.077,-0.187,0.617,1.375,1.422,1.352,-0.797,0.848
-1.458,0.377,-1.169,0.702,-0.109,-0.236,1.186,0.358
-0.25,0.568,1.632,-0.277,-0.861,0.873,1.055,0.574
0.405,0.871,-0.863,0.841,-0.299,0.766,0.299,1.455
-0.151,1.459,-0.017,0.612,-0.563,-0.44,0.587,-0.102
1.602,0.535,0.03,-1.779,-1.045,0.434,0.669,1.474
0.384,1.017,-1.761,-1.526,-0.567,-1.143,0.111,1.087
-0.827,1.719,1.18,-2.98,0.47,0.13,-0.288,0.078
-2.528,0.221,-0.276,-1.197,0.004,-0.873,-0.013,-0.372
0.454,1.196,0.896,-1.278,0.165,-0.365,-0.872,-0.392
-0.496,-0.137,-1.137,-0.702,1.143,-1.218,-1.138,-0.454
-0.403,0.56,2.196,-0.328,0.38,-1.057,0.154,-1.015
-0.862,-0.023,0.021,-0.025,0.256,-1.356,-0.698,-1.045
1.115,-0.932,2.401,1.787,-1.169,0.226,-1.082,0.093
-0.654,-0.884,-0.688,1.607,2.508,-0.124,-0.423,-0.104
0.349,-0.981,0.879,1.861,-0.563,0.032,0.883,0.718
-1.285,-0.677,-1.62,1.366,1.623,0.423,-0.393,1.312
-0.039,-2.448,-0.315,0.888,0.795,-0.09,-0.607,1.282
-0.639,-2.068,-1.476,1.666,0.862,0.105,0.081,-0.458
0.593,-1.054,0.791,1.628,-0.991,-0.38,0.516,-0.443
1.051,-0.267,-1.728,1.122,1.511,0.303,2.094,0.523
0.884,-0.032,-0.771,-0.452,-1.084,-0.077,1.27,-1.667
0.923,0.468,-0.517,-0.283,0.568,0.302,-0.355,-0.134
0.651,-1.037,0.638,-0.115,-1.31,-1.319,-1.135,-0.498
-1.203,-0.09,-1.661,1.8,0.948,0.085,-0.619,0.594
0.867,-1.418,-1.467,1.545,-2.355,0.034,2.408,0.725
-0.445,-0.291,-1.785,2.175,0.567,2.167,0.111,-0.091
-1.467,-0.241,0.256,1.474,-0.685,2.785,0.757,0.539
-0.133,-1.037,-0.422,2.147,-0.149,2.936,0.82,0.086
0.984,-1.0,-0.497,-0.169,-2.1,1.15,0.264,0.312
-0.512,-0.952,-0.444,-0.135,1.097,0.273,0.292,-0.668
-0.583,-1.308,0.673,-0.069,-0.154,0.336,1.109,-0.115
-0.894,-1.553,-0.083,1.032,1.982,-0.298,0.33,-0.327
0.009,-0.713,-0.633,0.069,-0.3,-1.419,1.466,-1.933
-0.927,0.503,0.321,0.325,1.716,-1.742,0.569,0.658
-0.594,0.296,0.359,0.498,-0.634,-1.95,0.793,-0.968
-0.308,0.67,0.072,0.217,0.964,-1.884,-0.041,-0.396
-0.962,-2.103,-0.416,-1.256,0.202,-1.669,-0.978,-0.41
-1.464,-1.286,0.826,1.195,2.039,-1.108,-0.02,-0.864
-1.452,-0.408,0.352,0.448,0.122,0.559,-0.514,-1.385
-0.563,0.933,0.94,0.283,0.975,-0.069,-1.578,-0.729
0.38,-0.117,1.342,0.051,1.371,0.925,-0.95,-1.128
-0.031,0.518,0.47,0.159,2.537,-0.735,-0.758,0.28
0.964,0.766,0.795,0.378,0.776,-0.951,-1.444,1.873
1.971,4.241,-0.135,-0.289,0.441,0.204,-2.021,-0.281
0.813,0.295,0.761,-1.958,0.785,-0.704,-1.406,1.311
-0.148,-0.338,-0.165,-0.764,0.3,-0.186,-1.294,-0.577
-1.205,1.002,0.226,-0.669,-0.397,1.167,0.205,1.376
0.383,0.959,-0.561,-1.076,1.223,-0.129,-0.626,-0.403
-0.625,0.576,1.331,-1.163,-0.533,-0.395,-0.387,1.48
-0.497,0.35,0.492,-0.483,2.245,-0.389,-0.324,0.996
-1.716,0.31,1.425,-1.258,1.061,-2.83,0.313,0.272
-0.826,-0.729,0.876,0.841,0.954,-1.099,-0.622,-0.511
-0.831,-1.356,1.663,1.71,-0.319,-1.5,-0.788,0.349
-0.836,-0.667,0.102,1.099,0.675,0.414,-0.607,1.873
-1.024,-0.148,1.358,0.053,-1.171,0.927,1.51,1.431
0.248,1.073,0.221,0.671,1.684,1.192,0.908,0.848
0.607,-0.498,1.342,-0.036,-0.69,-0.014,-0.621,-1.067
-0.13,-0.164,-0.573,-0.135,0.891,0.406,-0.852,-0.436
1.536,-0.046,-0.409,1.071,-1.605,-1.585,-0.557,-0.373
0.721,-0.393,-1.187,1.631,0.243,0.577,-2.644,-1.518
0.502,1.134,-0.389,0.32,-1.257,0.486,-0.119,0.067
-1.528,0.015,-0.391,-1.203,1.05,0.485,-0.899,-1.209
-0.447,0.046,0.366,0.002,0.155,0.008,1.539,1.64
0.09,1.417,0.573,0.01,0.429,-0.09,0.303,0.501
-0.997,1.384,0.066,-0.872,1.299,-0.231,-0.591,0.402
0.454,0.139,0.478,-0.031,1.849,-0.991,-0.461,0.662
2.007,1.952,-0.133,0.53,2.173,-0.862,-0.72,0.538
0.811,1.004,0.774,-0.379,1.023,-0.613,-0.308,1.831
0.945,1.904,1.241,-0.56,1.318,-0.847,0.318,0.461
1.082,0.594,-1.64,-0.905,-0.269,-0.448,-0.118,0.709
0.57,0.364,0.001,0.881,0.879,-0.298,-1.053,1.304
-0.514,1.329,-1.542,0.217,-0.03,-0.811,0.359,0.728
-0.76,2.179,-1.822,-0.642,-0.531,0.408,-0.859,0.347
-1.066,-0.254,0.668,-0.568,-0.764,0.626,-0.397,1.791
-1.54,-0.212,0.639,0.317,0.838,0.522,-0.147,-0.378
0.209,1.371,1.173,-0.281,-1.561,0.789,-0.085,-1.138
-0.284,-0.428,-0.611,-0.006,0.466,1.138,0.874,0.01
1.119,-0.436,-0.992,0.863,-0.717,-0.63,-1.237,1.012
-0.062,-2.462,-0.823,1.078,-0.305,1.462,-0.717,1.841
-0.211,-0.476,1.621,1.642,0.1,0.652,0.732,0.773
-0.592,-2.048,-0.277,0.838,-1.023,2.267,0.38,-0.026
1.836,-1.532,1.581,1.787,-0.167,1.949,-2.298,-0.51
1.377,-2.068,-0.614,1.345,0.612,1.189,-0.741,-1.146
1.209,-0.945,1.473,1.814,0.059,0.621,-1.044,-1.729
1.387,1.129,-0.407,1.811,0.74,0.714,-1.405,0.403
0.004,0.218,-0.198,0.796,-0.659,0.871,-1.182,-0.062
0.315,-0.476,-0.289,0.638,0.366,1.127,-0.659,-2.348
0.549,-0.789,0.156,0.338,-2.042,0.612,-0.333,-1.386
-1.721,-1.392,0.141,-0.309,-0.49,0.05,1.268,0.151
-1.061,-0.546,-2.173,0.63,-0.43,0.901,1.869,1.393
-0.176,0.461,-0.43,1.548,-0.745,-0.341,0.087,2.03
-1.38,1.699,0.25,0.74,-0.294,-0.098,0.522,-0.19
-2.043,2.063,1.114,0.804,-0.516,0.637,0.55,-1.102
-1.002,0.949,1.128,0.38,0.837,0.976,0.643,1.138
1.229,0.33,-0.041,-0.075,-1.007,0.238,1.424,0.228
1.362,0.021,-0.965,-0.253,1.28,0.516,0.531,-1.443
-0.801,0.651,-0.037,-0.108,-0.937,0.917,-0.272,-1.293
-0.567,0.825,0.338,0.712,0.541,0.302,-0.57,-2.445
0.274,2.365,-0.194,0.186,-0.618,0.115,-1.31,-0.43
0.151,-0.289,-0.168,0.616,-0.254,0.605,-0.834,-0.421
0.763,-0.673,0.514,-0.097,0.004,-0.129,0.373,0.399
-0.425,-1.499,-0.406,0.47,-0.709,0.913,-0.874,0.681
-0.639,-0.297,0.266,0.581,-0.779,0.357,0.411,1.63
-2.041,-1.346,1.009,0.626,0.107,0.329,0.902,0.211
-0.918,0.052,1.501,1.733,-1.017,-0.628,1.221,1.08
-0.382,1.425,-0.474,0.48,0.055,0.818,-0.084,0.036
0.287,1.033,1.331,-0.386,-0.611,0.798,0.131,-1.131
-0.204,0.297,0.283,-1.351,0.508,-1.476,0.651,-1.541
0.546,-0.568,-0.517,0.393,0.381,-0.876,0.48,0.069
-0.095,-0.016,-0.25,-0.769,1.698,-0.581,-1.743,-0.738
-0.471,2.049,-0.826,-1.139,0.094,-1.406,-0.645,0.003
-1.05,0.417,0.268,-0.285,1.081,0.134,-1.414,-0.754
-1.364,-0.141,0.997,0.024,-0.034,-1.115,0.746,-0.452
-0.232,-1.418,1.065,-0.459,0.461,-1.229,-0.563,-0.126
0.95,-0.916,1.203,-0.803,0.41,-1.046,-0.752,-0.257
0.168,-2.284,-0.329,0.089,1.008,0.677,-1.611,0.108
1.323,0.193,-0.69,1.568,0.104,-0.973,-1.574,-0.083
0.474,-0.043,-1.827,0.477,0.074,-1.354,-1.037,-0.398
0.217,0.055,-0.243,1.597,-0.801,-0.182,0.725,0.285
0.105,-0.376,0.028,0.136,1.084,0.222,0.585,-0.177
-0.096,-0.206,0.511,0.244,-1.847,0.717,-0.161,-0.777
-1.219,-0.536,-1.362,0.29,0.747,1.585,-1.12,-0.534
-1.027,0.402,1.13,-0.762,-1.155,-0.897,0.662,0.977
-0.434,-0.335,0.667,0.522,0.534,-0.613,1.261,0.683
-0.739,0.423,0.991,-0.516,0.421,-0.273,-0.668,0.796
0.371,-1.295,-1.119,-0.718,2.068,-0.916,0.108,0.485
0.808,0.025,2.026,0.385,0.156,-0.68,0.342,0.93
-0.34,-0.56,-1.539,0.22,2.333,-0.94,-3.706,1.311
1.244,-1.454,-0.584,-0.147,0.973,0.138,-1.677,-0.882
0.701,-2.242,-0.186,-0.224,1.537,1.311,-1.071,-0.365
1.188,-1.846,-0.093,-0.132,-0.102,-0.665,-1.303,0.107
0.096,-0.862,-1.519,-0.358,0.957,-1.034,-1.026,0.921
-0.151,0.693,1.321,0.2,-0.853,-0.013,0.074,0.293
-0.042,-0.696,-1.467,0.142,0.397,0.699,-1.02,0.203
-0.757,-1.163,1.303,0.902,0.01,0.34,0.471,-1.56
-1.761,0.11,0.899,-0.15,1.524,-0.677,-0.442,-1.235
-0.04,0.564,1.521,0.118,1.136,-0.284,0.77,-0.147
-0.853,0.297,-0.974,-1.176,0.257,-0.604,0.511,-0.77
1.224,0.424,0.681,-0.256,-0.626,0.842,0.349,-0.026
0.884,-0.393,-1.19,-0.263,-0.908,-0.866,0.299,-1.416
1.438,-0.649,-0.291,-0.517,0.068,-0.248,-0.349,-0.725
1.567,-1.66,-0.678,0.752,0.092,-0.166,-0.487,-0.702
1.769,-0.432,-1.103,1.366,-0.221,0.708,-0.259,0.449
0.877,-0.294,-0.389,0.933,-0.338,0.676,-1.52,1.272
0.424,0.868,-1.199,-1.113,-2.157,1.361,-3.522,1.007
0.3,0.341,-1.528,-1.603,0.665,1.01,-2.115,0.747
-0.942,-0.329,0.289,-0.039,-0.826,-0.358,0.837,-0.17
-0.357,1.992,0.755,-0.348,-0.754,-1.931,-0.405,-0.193
0.602,1.947,0.9,0.279,-0.038,0.205,-0.628,0.143
-0.605,-0.024,-0.4,-1.921,-0.332,-0.841,-0.419,-0.841
0.158,1.118,-0.129,-0.128,0.069,0.424,1.179,-1.793
-0.148,0.575,0.511,-0.024,-0.002,-0.749,0.517,0.775
1.029,0.949,0.52,1.181,0.771,-0.916,-0.412,-0.411
0.504,0.349,-0.668,-0.305,-0.536,-0.013,0.733,-0.199
-0.262,-1.049,-0.626,-0.27,-0.355,0.862,0.784,-0.364
0.606,-0.793,-2.139,-0.513,-0.241,0.974,0.834,-0.692
2.197,-0.258,0.286,-0.343,-1.184,-0.455,0.17,-0.695
0.16,0.155,-0.935,-0.894,0.137,-0.676,-0.322,-1.253
-0.332,1.353,-0.226,0.49,-1.68,0.204,-0.292,-0.142
0.491,-0.286,-0.027,-0.567,0.21,-0.68,0.631,-0.494
0.279,0.716,0.071,1.058,-0.679,-1.418,0.093,-1.637
-1.085,0.057,-0.865,0.62,-1.093,-0.58,-0.92,-0.301
1.345,0.889,0.737,-0.532,-0.157,1.177,-0.292,-0.148
-1.749,0.727,-2.02,-0.863,-1.029,0.547,2.129,-1.616
-1.749,0.419,3.024,0.324,-3.152,1.665,-0.059,0.038
-2.405,1.251,0.295,-1.497,0.182,0.14,3.293,-0.717
-0.901,1.014,2.922,-0.415,-0.132,-0.539,2.552,0.274
-1.267,0.815,0.692,-1.32,1.271,-0.127,1.828,0.393
-0.867,1.633,2.102,-2.2,2.513,-0.691,1.027,-1.6
-0.554,0.679,0.542,-1.362,0.666,-0.931,0.043,-1.91
-0.3,-0.652,1.686,-0.292,1.565,-2.021,-1.939,-0.883
0.181,-1.846,0.903,0.986,1.401,-1.802,-1.499,0.097
-0.553,-0.758,-0.066,1.009,2.023,-1.977,-1.599,0.477
1.126,-2.056,-0.714,0.296,1.071,-1.54,-1.685,2.131
1.549,-1.568,-1.293,1.383,-0.07,0.19,-0.297,1.688
1.126,1.01,0.066,0.774,-0.39,-2.284,-0.443,-0.093
-0.287,0.711,-1.113,0.698,1.268,0.122,-0.286,1.427
0.796,0.096,-0.685,0.783,-0.972,0.457,0.458,0.911
-1.411,-0.696,-0.23,-0.722,-0.403,-0.201,-0.523,0.34
-0.711,-1.491,0.678,0.179,-0.614,0.686,-0.493,0.981
-0.386,0.822,0.789,0.715,-1.015,0.208,1.497,-0.639
-0.973,-1.384,1.545,-0.094,1.419,0.838,1.45,-1.139
-0.815,-0.894,0.701,0.099,0.443,-0.524,1.021,1.269
1.828,-2.456,-0.867,0.99,-0.448,-0.161,0.677,0.285
0.979,-1.763,1.12,0.697,0.133,0.099,1.057,0.617
-0.003,-0.601,-0.526,1.83,-0.305,-0.763,1.082,0.428
0.257,-0.746,-0.928,-0.717,-1.091,0.135,0.348,0.217
-1.038,-1.308,-0.383,0.201,-0.307,-1.197,2.182,-0.268
-1.143,-0.844,-1.944,0.35,0.841,-0.525,0.811,-0.416
-0.558,-1.059,1.01,-0.243,-0.756,0.611,-0.521,-0.529
-2.114,0.435,-0.825,1.522,0.646,-0.324,-0.933,-0.41
-0.621,0.517,0.876,-0.178,-0.268,-1.278,0.607,-0.206
-1.361,0.22,0.075,1.097,-0.079,0.192,-0.97,-0.49
0.01,-0.074,0.518,-0.816,-0.955,0.687,1.693,0.33
-0.041,0.691,-1.547,-0.395,0.31,0.84,1.302,0.855
-1.08,2.426,1.506,-0.872,-1.722,0.08,0.691,0.562
-1.081,1.126,-0.159,-1.566,0.913,0.512,0.086,0.094
-0.965,-0.786,2.293,-1.749,-1.402,-0.983,0.839,-0.586
-1.183,0.704,0.46,0.978,1.843,-1.392,-0.283,-0.127
0.446,0.638,1.664,1.416,-0.886,-1.538,0.133,1.655
-0.554,-0.04,-0.515,1.342,1.768,-0.185,-1.63,-0.377
1.02,-1.172,0.384,-1.376,-1.565,0.438,0.532,-1.046
0.21,-2.048,0.287,0.833,0.256,2.132,-0.626,0.194
0.07,-0.078,-0.786,1.001,-1.336,0.193,-1.965,-0.195
-0.008,-0.728,-0.25,0.597,0.192,1.106,-0.35,1.149
0.602,0.126,0.751,0.157,-2.181,-0.154,-0.081,-1.088
-0.513,0.755,-0.679,0.416,1.463,1.9,1.02,-1.311
-0.842,-1.019,2.331,0.187,-1.736,-0.346,0.547,0.576
0.38,1.13,-0.688,-0.758,0.604,0.515,0.424,1.32
0.302,-0.464,0.688,0.093,-1.343,-1.343,-0.062,1.227
-0.455,-0.813,0.012,1.183,0.324,0.549,0.52,-0.472
0.661,-1.323,0.916,0.763,-1.263,-0.772,1.147,0.678
-0.28,-1.061,-1.022,1.587,0.237,-0.513,-0.061,0.506
-0.504,-1.557,-0.198,3.205,-1.374,-1.534,1.198,-1.385
-0.872,-1.784,-0.526,0.6,-0.776,-0.011,0.339,-0.632
-0.258,-1.519,-0.526,0.368,-1.06,1.195,-0.144,-1.478
-0.181,-0.018,-0.214,-0.026,-0.758,-0.616,-0.866,-2.783
0.495,0.204,-0.89,-0.393,1.554,1.14,0.848,-0.061
0.823,1.486,-0.302,-0.73,0.63,-0.28,0.708,0.169
0.115,0.472,-0.683,0.29,2.761,-0.957,1.217,0.767
0.248,-0.902,-0.618,0.692,0.801,-1.366,-0.011,1.136
-0.508,0.745,-1.231,0.422,-0.397,0.874,-0.38,0.192
0.873,0.06,0.095,-0.566,-1.553,1.074,-1.499,-0.548
-0.475,-0.062,-1.095,0.71,-0.433,0.889,-0.644,0.368
-0.994,-0.438,0.025,1.077,-1.014,-0.513,-0.24,1.207
-0.762,0.591,1.006,0.711,-0.138,-0.328,-0.582,0.433
-0.789,0.939,-0.963,-0.736,1.441,0.315,0.859,-0.883
-0.805,0.585,2.099,-0.566,0.074,-1.076,0.653,0.444
-0.078,0.141,0.261,-1.437,0.848,-0.614,0.851,1.249
0.662,1.297,1.151,-1.624,1.499,-0.981,0.196,1.292
0.157,0.132,-0.4,-1.785,2.72,-3.271,1.022,0.553
1.696,1.062,1.666,-0.841,2.984,-1.853,-0.598,0.307
-0.38,0.147,-0.964,-0.764,1.227,-1.171,0.461,0.593
-1.03,-0.883,0.283,-1.526,1.289,-1.248,-0.453,-1.267
0.574,0.368,-1.279,-0.691,1.059,-1.61,-1.058,-0.943
0.603,0.164,0.251,-0.822,1.09,-0.967,0.184,-1.749
0.042,-0.465,-1.525,-1.328,-0.059,-0.247,-0.401,-0.846
0.384,0.063,0.647,-1.006,0.552,-1.839,-1.594,-0.175
2.041,-0.327,-0.486,-1.261,-0.693,-0.507,-0.214,0.071
0.867,0.973,-0.876,-1.249,-0.232,0.632,-2.409,-1.059
-0.074,-0.452,-0.537,-0.649,-0.433,0.792,0.188,0.044
-0.401,-1.573,-0.193,0.357,-1.112,0.418,-0.983,1.325
-0.109,2.315,-0.6,0.747,-1.675,-0.555,-0.499,1.05
1.743,0.034,-0.118,-0.968,-0.658,-1.003,-0.285,0.196
0.775,-0.483,-1.064,-1.916,0.082,0.03,0.017,0.225
0.098,-1.939,-2.478,-0.916,-1.287,0.449,1.112,-0.013
-1.053,1.133,-0.83,0.696,-0.754,0.114,-0.688,0.191
-0.735,0.815,-0.285,0.279,-0.288,0.008,0.848,0.004
-2.329,0.805,-0.151,-0.318,-1.581,0.409,1.943,-0.945
-1.257,0.152,1.042,0.332,-1.965,1.138,1.455,0.099
-0.553,-0.076,0.705,-0.24,0.556,0.518,-0.018,0.624
-0.704,-0.026,-0.018,0.042,-0.495,0.993,0.143,-0.254
-0.469,-0.023,-0.744,-0.182,1.332,0.459,0.916,-0.719
-0.355,-1.774,0.489,-0.473,0.158,-1.39,0.958,-0.01
0.641,0.26,-0.411,0.195,-0.303,-0.571,1.912,-0.488
0.641,-0.722,-0.616,-0.131,-1.554,-0.039,0.872,-0.957
2.638,-0.021,-0.728,0.513,-0.657,0.975,0.788,-1.922
1.759,0.586,-0.911,1.256,0.195,0.262,1.715,-1.244
0.621,-0.519,0.627,0.782,0.611,0.322,1.604,-0.072
0.836,-0.403,-1.105,1.315,0.415,-0.227,0.769,0.52
0.857,1.826,0.105,0.04,1.242,0.406,-0.152,-0.581
1.208,2.432,-1.914,-0.584,-0.209,1.159,-1.224,0.001
0.749,2.997,0.057,-1.31,-1.237,-0.288,-0.512,0.718
0.028,0.645,-0.771,-0.736,0.438,0.631,-0.823,-1.496
-0.402,-0.376,0.772,-1.28,0.082,-0.043,0.196,0.566
0.514,-0.442,-0.708,-1.225,1.329,-0.19,-0.556,0.415
-0.792,-0.839,1.878,-1.501,-0.305,0.123,-0.244,-0.907
-0.649,-2.557,-0.925,-0.721,1.146,-0.949,-0.466,0.088
0.358,-0.65,1.106,1.767,-1.544,-1.608,-0.623,0.652
0.969,0.701,-0.752,0.005,1.151,-1.028,-1.405,1.128
0.419,1.581,-0.044,-1.845,0.614,-0.531,0.657,1.485
0.702,1.569,0.193,-1.352,1.061,-0.024,-0.638,0.356
0.211,2.348,0.798,-2.417,-0.499,-1.133,1.597,0.667
1.125,0.364,1.163,-1.625,1.756,-1.95,-0.393,-0.354
1.67,-1.418,0.282,-1.664,2.144,-2.272,-0.614,1.229
1.688,-2.212,-0.008,-1.027,1.109,-0.656,-0.78,1.488
1.328,-1.295,-1.157,-0.321,-0.998,-1.432,-1.749,0.502
0.423,0.275,-1.191,0.494,1.133,-0.427,-0.254,0.302
0.291,0.92,-0.994,-0.211,-0.947,-0.222,-0.166,0.927
-1.457,1.479,-1.146,-1.254,-0.059,-0.13,1.341,1.961
0.907,2.307,0.066,-1.243,-0.192,-0.275,0.661,-0.143
-0.167,0.676,-0.828,-3.274,1.611,-0.587,1.109,-0.028
0.72,2.065,0.644,-2.014,0.778,-1.059,0.155,-2.086
-0.68,-0.798,0.542,-1.317,1.444,-2.094,0.787,-0.762
-0.004,0.038,-0.865,-1.74,1.806,-2.05,-1.109,-1.066
0.676,-0.036,-0.53,-1.36,0.666,-1.797,-2.065,2.196
0.715,0.124,-0.803,-2.228,0.808,-1.381,-1.436,0.403
1.503,0.458,0.618,-1.843,0.463,-0.181,-0.407,-0.026
0.872,0.234,-0.701,-0.671,0.507,-1.069,-0.654,1.06
0.056,-0.689,-0.075,0.957,0.747,-0.063,-0.826,-0.646
0.055,0.17,-1.485,0.161,0.022,-0.925,-0.566,0.453
-0.951,-0.407,-0.5,-0.244,0.399,-2.121,-1.847,0.836
-1.781,-1.734,-0.994,-0.358,0.099,-1.575,-0.121,1.664
-0.758,-0.335,-0.047,0.901,-0.903,-1.075,-0.966,2.188
-0.102,-0.132,-0.349,0.274,-0.552,-0.35,-1.237,2.042
-1.116,0.111,-0.292,1.233,-0.085,-0.764,1.17,2.747
-0.056,0.807,-1.402,-0.391,0.031,0.529,1.204,0.118
-1.627,0.421,-0.827,-0.684,-2.253,1.182,-0.695,-0.714
-0.582,-2.133,-0.368,1.539,-0.256,0.346,-1.335,-0.386
-1.145,-1.572,0.71,1.664,-1.441,0.675,-0.526,-0.362
-0.544,-0.279,0.469,0.811,0.096,1.554,-1.196,-0.752
-0.015,-0.299,1.01,1.445,-0.2,2.081,-0.514,-1.132
0.91,-0.411,1.469,0.479,1.704,1.268,-0.995,1.258
0.628,-0.75,0.861,1.426,-1.054,1.5,-0.049,2.282
0.632,0.242,-0.237,1.327,-0.326,1.568,-1.065,1.24
1.026,1.099,0.448,0.929,-0.194,0.367,0.312,1.63
-0.093,0.678,-0.232,0.656,-0.288,1.202,-1.628,-0.498
1.104,0.314,0.053,-0.947,-0.99,2.143,0.205,0.041
1.356,1.629,-1.497,-0.697,-0.357,1.634,-0.649,-0.146
1.216,0.117,0.041,-0.303,-0.616,0.743,1.484,0.055
-0.228,0.816,-1.698,0.703,0.573,-0.534,1.627,1.099
-1.575,0.236,0.27,-1.092,-0.043,-0.237,0.981,2.706
-1.909,0.39,0.243,-1.659,-0.686,0.023,1.084,-0.298
-0.211,0.021,3.076,1.112,-0.34,0.341,-0.748,-0.728
-0.425,0.943,-0.075,0.013,0.882,0.649,-0.893,-0.023
0.57,0.579,0.034,0.446,0.193,0.007,1.202,-0.684
-0.088,2.21,-0.766,0.729,2.033,-0.249,-0.759,0.566
1.161,-0.093,1.526,-0.318,0.253,-0.695,0.105,0.038
0.296,0.246,-0.478,0.095,2.049,-1.713,-1.382,-1.188
1.085,2.236,-0.663,0.537,1.359,-0.705,-0.278,0.247
-0.772,1.465,-1.418,-0.702,-0.403,-1.044,-1.608,-0.105
-0.561,0.527,0.309,0.37,-0.254,1.94,-0.062,-0.231
-2.035,0.154,0.537,1.018,-0.734,0.375,-0.011,-0.021
-0.889,0.275,0.679,-0.271,-1.418,-0.141,1.837,-1.656
-0.138,-1.203,1.438,-0.142,-1.084,0.612,0.991,0.596
0.828,-2.088,-0.155,0.482,0.162,-0.101,1.731,-0.966
1.7,-0.854,-0.014,1.524,-0.938,-0.933,2.111,-1.987
0.856,1.379,0.379,1.559,-1.153,0.232,1.032,-0.883
-0.205,0.075,-2.401,0.784,-0.942,0.449,0.46,-1.406
0.46,1.826,-1.009,-1.429,-0.349,0.772,0.09,-1.94
-1.188,1.172,-0.533,-1.658,-0.8,0.892,0.213,-0.934
-0.97,0.508,0.24,-0.313,1.352,0.031,1.305,-1.153
-1.796,-0.38,0.344,-1.304,0.328,-1.834,1.754,-0.527
0.047,1.101,0.903,-0.533,1.396,-2.256,1.089,-2.327
1.038,0.843,0.443,-0.861,1.072,-1.783,-0.052,-1.322
0.493,-0.757,1.614,-2.119,-0.14,-0.119,-1.664,-1.958
-0.973,0.721,-0.707,1.294,0.14,0.995,-1.113,-0.276
0.84,-2.065,-0.312,-0.218,-0.047,-0.751,-0.562,-0.683
0.157,-0.873,-0.299,-0.056,1.102,-0.113,0.492,-0.306
-0.684,-0.278,-0.834,-0.674,-1.664,-0.829,0.96,-0.302
-1.514,1.672,0.224,-0.221,-0.061,0.021,-0.025,-0.676
-0.657,1.577,2.045,-1.736,-0.114,-0.638,-0.326,0.618
-0.589,1.996,-0.415,-1.244,0.66,-0.579,-0.081,-0.452
-0.896,1.023,1.623,-0.937,0.477,-0.875,0.352,-0.485
-0.627,1.28,-0.139,-0.48,1.885,-0.991,-0.247,-0.597
-0.384,0.806,2.744,-0.433,-0.94,-1.609,-0.651,-0.269
-0.371,-0.92,-0.919,-0.509,1.278,-0.747,0.634,-0.39
1.435,1.77,0.881,-0.149,0.062,-1.393,1.771,-0.356
1.947,-0.46,-0.519,-1.921,0.727,0.828,1.087,-0.513
1.483,-0.041,-0.233,0.332,-0.085,1.303,0.709,0.408
0.698,-1.135,-0.462,0.975,0.964,0.268,2.39,1.175
1.042,1.059,-1.336,0.434,-0.016,0.295,0.656,-0.084
-0.831,-0.547,-0.608,-0.088,0.358,-0.265,0.816,-0.594
1.578,0.998,0.215,2.585,-1.438,1.243,-0.055,-1.338
-0.371,1.23,-0.216,1.044,-0.188,-0.043,0.048,-0.302
0.241,-0.141,0.594,-0.379,-0.977,1.32,-0.05,-0.4
0.929,0.872,-0.968,0.415,-0.932,1.673,1.236,0.628
1.911,1.478,1.124,-1.249,-1.357,1.179,-0.128,-0.865
0.795,-1.511,-0.87,-0.757,-0.764,1.219,1.34,0.074
0.423,0.217,-0.554,-0.115,-1.003,-0.612,1.488,-1.099
0.464,-0.09,-0.83,0.631,-0.013,-0.711,-0.328,0.528
-0.21,0.336,0.794,0.316,-1.306,-1.19,-0.171,-1.728
-1.168,-1.318,0.197,0.376,0.505,-0.747,1.332,-1.795
-0.981,-0.251,1.434,-0.173,-1.836,-0.098,1.45,-1.608
-1.48,-0.444,0.367,0.226,1.023,0.773,0.493,-2.765
-0.548,-0.18,1.124,0.319,-0.601,0.319,1.143,-1.74
0.442,-0.689,0.047,0.536,-0.008,-0.739,1.069,-1.198
2.716,-1.246,1.198,1.368,1.222,0.516,0.936,0.505
1.349,0.284,-0.346,0.648,-0.523,0.968,-0.152,-1.151
1.085,0.165,-0.212,0.433,-0.317,1.733,-0.818,-2.051
1.602,0.564,-1.384,0.196,-1.234,1.124,-0.374,-0.713
0.609,-0.113,-0.606,-0.421,0.383,1.991,0.409,-0.781
-0.213,-0.197,-0.353,0.718,-2.118,0.958,-0.017,1.264
-0.466,1.544,-1.742,0.56,0.071,-0.062,-0.386,0.342
-1.365,1.442,-0.347,-2.179,-1.741,0.696,1.212,0.653
-1.735,0.744,-0.254,0.037,-0.435,1.481,1.163,0.564
-0.743,1.729,0.974,-1.773,-1.511,0.331,2.288,0.033
-1.317,-0.404,0.732,-1.104,-0.701,-0.442,2.218,-0.165
-0.116,-1.346,1.158,-1.079,1.048,0.449,0.923,-0.878
0.187,-0.662,1.671,-0.432,0.852,-1.363,0.943,-1.453
-0.054,-1.431,-0.074,0.375,0.443,0.036,0.276,-0.449
0.698,-0.577,-0.504,0.76,-0.915,-1.316,-1.118,-1.497
0.411,-0.007,-0.163,1.562,-0.651,0.071,-0.931,-0.05
-0.623,-1.187,-2.137,2.289,-0.647,-0.827,0.668,-0.275
-1.185,-1.03,2.192,1.956,-0.389,0.026,1.255,-1.213
-2.18,-0.762,0.895,0.89,-0.831,-0.199,0.923,1.738
-1.24,-0.711,1.088,0.641,-0.01,-0.284,0.663,-1.275
-0.832,0.788,0.454,1.301,0.133,0.472,0.479,-0.393
0.528,-1.151,0.43,-0.479,0.476,0.611,-0.531,-1.234
0.504,1.053,1.153,0.705,0.098,0.432,0.486,-0.005
0.212,2.134,-0.445,-1.256,-0.508,0.109,-0.046,-0.674
0.346,0.794,0.114,-1.902,0.232,0.532,-0.641,-0.376
0.363,0.841,0.31,-0.913,-0.659,-1.941,0.684,-0.71
-0.042,0.016,1.633,-1.653,1.537,0.303,-0.418,-0.687
-0.92,0.617,-0.074,-1.557,0.256,-1.356,0.728,-0.332
0.592,-1.676,0.436,-1.636,0.265,-0.611,-1.319,0.796
-0.062,-0.543,0.477,-1.659,1.51,-0.753,0.226,0.105
-0.242,-0.525,0.086,0.294,-0.224,-1.825,0.908,0.103
-0.601,0.585,0.922,0.443,0.885,-0.397,-0.709,-0.51
-1.083,0.798,0.142,-0.384,0.258,-0.923,-0.636,-0.32
-0.702,-1.559,0.933,0.227,-0.297,0.208,-1.272,-1.022
-0.636,-1.261,0.409,1.441,1.255,-0.143,-1.34,-0.183
1.782,-1.082,1.487,1.152,0.182,-0.378,-0.102,2.16
-0.345,-0.839,0.71,0.384,1.596,0.915,-2.459,1.783
0.444,-0.604,2.074,2.194,-0.093,-1.633,0.23,-0.628
-0.535,-0.837,1.169,0.433,-0.7,1.241,0.042,-0.062
-1.161,-0.037,2.335,-0.008,1.058,1.281,0.343,1.308
1.238,0.385,1.993,-0.397,1.891,-0.708,-0.609,-0.038
1.346,-0.032,0.326,0.936,0.617,-0.783,0.539,-1.847
1.993,0.656,0.498,-0.573,2.252,-2.08,1.506,-0.264
1.373,-1.332,-0.478,0.412,1.117,-1.261,0.053,0.135
0.363,0.052,-1.111,-0.499,1.667,-2.51,-0.637,-0.7
0.283,1.13,-1.609,-0.317,0.143,-0.268,-1.685,-0.346
-1.095,1.329,-2.441,0.18,0.44,0.702,-0.569,0.241
-1.295,0.876,-1.135,-1.515,-1.579,0.819,-0.372,0.08
-1.068,-0.346,-1.626,-0.097,-0.482,0.323,-1.074,-0.492
-1.122,-1.385,0.074,0.359,-2.267,0.44,0.931,0.53
-0.191,0.18,0.339,1.772,-0.338,0.56,0.292,-0.178
-0.464,-1.173,-0.33,0.853,-1.787,0.576,1.339,-0.781
-0.621,0.885,0.11,0.403,0.3,2.403,0.954,0.237
-0.455,1.153,-1.398,-1.574,-1.346,2.316,1.562,-1.818
1.205,0.756,-0.09,-1.401,0.121,1.666,0.067,1.149
0.691,0.185,-1.477,1.217,-0.186,0.826,0.42,0.454
-0.517,0.1,-0.77,-0.305,-0.343,-0.901,0.095,-0.402
0.723,1.486,-0.238,-0.256,-1.532,-0.12,1.452,-1.473
0.992,0.792,-0.71,-0.634,0.317,0.2,2.301,-0.678
-1.705,-0.507,-0.82,-1.293,-0.395,0.183,1.861,-1.704
0.527,-0.977,-1.672,-0.009,-0.794,1.735,1.798,-1.208
2.479,1.312,-0.847,0.732,-0.923,-0.023,0.141,-1.078
-0.235,1.706,-2.596,1.096,-0.126,-0.045,-0.034,-0.981
1.008,0.364,0.094,-1.607,-1.221,0.204,-0.385,-2.692
0.308,0.632,-1.076,-1.905,-0.454,2.435,0.12,-0.544
0.226,0.407,0.86,-0.551,-0.201,0.271,0.209,-0.01
0.821,-0.274,0.425,-1.015,-0.635,-0.518,0.798,-0.013
1.794,0.697,0.066,0.273,-1.835,-0.483,1.022,2.241
0.901,0.282,0.496,-0.726,-0.176,-0.005,1.524,1.101
0.32,1.712,-0.361,-0.681,-0.27,0.694,0.08,-0.208
0.661,1.206,0.303,1.284,-1.274,0.16,0.781,-1.359
0.48,1.117,0.865,-0.502,0.221,-0.986,2.57,-3.385
0.764,-0.111,0.024,-0.573,-1.067,0.365,2.068,-2.461
-0.306,0.014,-1.076,-0.861,-1.283,-0.241,0.464,-2.838
-0.405,0.655,-0.959,-1.745,-0.265,0.852,1.876,0.829
-0.913,-0.49,-1.91,-0.054,-0.151,-0.24,1.966,-2.439
-2.112,-1.364,0.364,0.304,-0.88,-0.594,-0.167,-0.759
-0.883,-2.253,2.259,1.134,0.404,-0.668,-1.258,0.054
-0.714,-1.432,0.691,1.008,0.073,-1.264,0.676,-0.264
0.196,-1.267,0.186,1.125,-0.26,-0.052,-0.696,-0.124
0.956,0.098,0.751,3.209,-1.224,0.153,0.139,-0.319
0.064,-1.097,-0.077,1.237,0.047,0.939,0.12,0.343
0.639,0.36,1.592,-0.06,-1.11,0.552,-0.697,-1.157
-0.371,0.92,-1.309,-1.109,1.12,1.091,1.184,0.317
1.657,0.735,-0.058,-0.272,-0.309,1.124,0.606,0.245
0.72,1.764,-2.079,0.185,0.38,0.742,-0.133,3.201
-0.864,0.831,-1.157,-0.696,-3.06,1.043,0.955,1.51
-1.425,0.255,-1.895,-3.047,0.32,1.156,0.013,0.317
0.035,-0.083,1.066,-2.089,-0.86,1.139,0.484,-1.638
-0.838,1.148,-1.395,-2.092,0.35,-0.267,-1.353,-1.913
0.275,-0.995,0.603,-1.373,0.018,-2.546,-1.696,-0.55
-0.823,0.186,-0.389,-1.469,0.631,-1.763,-0.532,0.297
-0.256,-0.423,2.294,-0.457,-0.619,-1.276,-0.784,1.677
-0.844,0.442,-1.34,0.602,1.835,-2.262,1.248,0.775
0.862,0.008,2.53,0.762,-0.253,-0.874,0.503,1.601
0.058,0.137,1.18,0.229,2.053,0.236,-0.53,0.575
1.566,0.002,0.701,2.244,-1.334,-0.672,1.503,1.416
0.679,-0.739,1.159,2.039,-0.313,0.203,0.807,0.178
-0.27,1.808,-0.051,0.957,0.356,1.05,0.578,0.881
1.838,1.076,0.33,1.205,0.162,0.432,-0.755,1.015
1.152,0.583,-0.239,-0.62,0.42,-0.172,-1.47,-0.403
1.821,-0.371,-0.3,-0.165,1.08,0.125,1.082,-0.763
0.684,1.137,-1.702,-0.536,0.132,1.15,1.141,0.309
1.338,0.462,-0.339,-0.408,-0.435,0.29,1.065,0.02
0.27,1.924,-0.712,-0.565,0.593,-0.409,-0.913,-1.139
-0.716,0.065,-1.685,-0.845,-0.985,0.344,-0.575,-0.302
0.059,-0.434,-1.071,-1.823,0.157,-0.897,-2.036,-1.626
-0.804,0.676,-2.534,1.017,0.629,-1.376,-0.906,-1.214
0.145,0.201,1.43,-0.31,-0.254,-0.717,-0.684,0.301
-0.075,-1.087,-0.39,0.779,0.383,-0.231,-0.812,0.685
0.133,-1.009,-0.948,-0.989,0.842,-0.747,0.439,1.082
0.721,-0.361,-1.076,-0.3,-0.12,0.359,0.646,0.275
-0.478,-0.187,-0.31,1.189,0.065,-0.71,-0.023,-0.197
0.443,-1.191,-1.678,0.58,-0.419,-0.368,-0.617,-0.355
0.382,-1.047,-0.259,0.097,-1.47,1.054,0.55,0.457
-0.06,-0.229,-1.755,0.321,-0.021,1.847,-0.151,-0.228
0.363,-0.326,-0.498,0.531,-1.706,0.924,-0.221,1.755
-1.072,-0.708,-0.217,-0.128,1.623,0.737,-0.242,2.342
0.172,-1.012,0.636,-0.015,-1.396,0.154,0.382,0.401
-0.65,-0.357,-0.137,1.425,1.244,0.221,-0.72,1.863
0.377,-0.173,1.199,1.314,-0.385,-0.414,-0.684,-0.524
1.059,0.126,-1.457,-0.328,-0.034,0.934,-0.385,0.495
1.241,-0.247,1.014,-1.061,-0.221,-0.434,-0.905,0.821
1.019,-0.896,-0.292,-0.891,0.236,0.065,0.67,1.003
0.728,-1.32,-1.025,1.668,-0.992,-0.473,0.267,-0.526
1.48,-3.369,-0.954,1.423,-0.088,0.301,1.693,-0.568
2.324,-2.023,-0.938,3.044,0.127,0.587,3.346,0.371
1.048,0.028,0.561,3.349,-1.092,1.475,1.351,1.2
0.117,-0.148,-1.296,0.464,-2.161,1.948,0.901,1.268
-0.725,-0.746,0.022,0.103,-1.593,1.459,1.05,-1.187
-1.876,-0.397,-0.546,0.559,-1.094,2.26,2.376,-0.363
-2.019,-0.055,0.337,0.162,-1.199,1.588,0.557,0.758
-0.623,0.28,-0.434,1.087,0.196,2.213,1.137,0.048
0.519,-0.704,-0.15,1.337,-1.255,0.018,1.174,-1.484
0.743,-0.915,-0.181,-0.363,1.473,1.717,1.006,-1.089
-0.555,-0.298,-0.685,1.058,0.384,-0.917,0.342,-0.559
0.922,1.808,0.239,0.651,-1.08,-1.002,-0.384,-0.021
-0.454,1.916,-0.51,-0.694,-0.314,-1.122,-0.45,-1.092
-0.302,1.215,0.959,-1.442,0.815,-0.089,0.165,-0.154
-0.603,1.223,-0.14,0.044,2.805,-0.378,0.549,0.559
1.269,1.578,-0.845,-0.519,0.869,-0.93,1.073,-1.943
2.424,0.187,0.665,-1.19,1.873,-1.659,-1.197,-0.667
0.536,0.681,-0.641,-0.285,0.072,-1.583,-0.762,-1.503
0.5,-0.228,-0.43,0.233,-0.747,-1.367,-0.644,1.031
-1.153,-0.612,0.026,-0.829,0.624,-0.618,-1.436,-1.333
-1.005,-0.841,0.451,-0.659,-0.09,-0.389,-1.093,-0.88
-1.038,-0.498,-0.564,0.501,1.814,0.483,-0.067,0.019
-2.163,0.725,-0.492,0.194,-0.918,0.013,-0.45,0.211
-0.042,1.208,1.488,-1.121,0.437,0.187,-0.148,1.732
0.27,1.009,0.077,-0.254,0.438,-0.938,-0.656,0.056
0.334,0.341,1.016,-0.609,0.658,-1.656,-1.002,-1.672
-0.66,-0.856,-1.625,-0.055,0.741,-0.787,0.347,-0.42
-0.884,-0.88,0.934,-0.168,0.534,0.512,-1.248,-0.807
-1.1,-0.078,0.016,-0.333,1.166,-0.274,-2.13,-0.276
0.841,-0.904,-0.112,1.692,-0.706,0.348,-2.33,1.105
1.632,-0.027,-0.412,0.614,-0.248,1.001,-1.78,0.867
0.525,0.083,-0.472,1.937,-0.646,0.979,0.042,-1.029
0.365,0.484,-1.283,1.97,-0.505,0.224,1.145,0.776
-0.178,0.059,-0.708,0.467,-2.085,1.236,1.324,0.721
1.459,0.642,0.155,-0.569,-1.081,2.705,1.068,0.109
-0.958,1.825,0.198,-1.595,0.402,0.613,1.074,0.016
-0.23,1.535,-0.937,-1.637,0.628,-0.428,0.19,-0.476
-0.288,0.533,0.969,-1.525,0.636,-1.65,0.706,-0.42
1.026,1.805,-0.83,-0.896,1.098,-1.425,0.251,-0.582
0.144,0.031,0.813,-1.724,-0.333,0.009,-0.288,-2.167
-0.36,-0.785,-0.956,0.222,1.853,-0.84,-0.906,-0.088
0.056,-0.475,1.628,0.3,-0.88,-0.729,-0.329,-1.219
-1.168,-1.041,1.089,-0.779,1.115,-0.826,0.392,0.707
1.196,-0.803,0.253,0.664,0.056,-0.976,0.359,-0.014
1.063,-0.953,-0.202,0.043,-0.564,1.629,-0.276,-1.702
0.572,-0.18,0.544,-0.276,0.802,0.655,1.078,-1.236
1.02,-0.134,0.03,0.54,0.243,-1.708,0.804,-0.663
0.689,-1.05,1.26,0.324,0.632,0.043,-0.035,-0.337
0.62,0.882,-1.183,0.899,0.073,-0.784,1.27,-1.389
0.406,1.9,0.51,2.07,-0.215,-1.885,-1.114,-0.937
-0.106,-0.475,0.298,-0.449,-0.217,-0.928,0.161,-0.621
1.558,-0.352,0.017,-0.275,0.018,1.296,1.439,-1.162
1.069,-0.646,-0.793,0.48,-0.521,0.74,0.755,0.089
0.784,0.322,0.179,0.291,0.082,0.984,-0.904,1.002
0.896,-0.815,0.137,-0.399,0.027,0.18,-0.728,0.974
0.358,-1.769,0.29,-0.173,0.229,0.622,-0.181,1.142
-0.652,-1.693,0.297,0.713,-0.923,1.159,-0.472,0.508
0.096,-1.78,0.247,2.999,0.98,0.634,0.402,-0.313
0.851,0.085,-0.431,2.719,-0.492,-0.525,0.178,-1.169
0.041,0.869,-0.292,0.843,0.531,1.396,-0.335,-0.148
-0.078,1.342,-0.514,-0.109,-0.01,2.183,1.239,0.412
0.655,-0.107,-0.047,-0.762,0.029,0.725,-0.367,-0.385
-0.184,0.73,0.325,0.279,-0.731,-0.709,-0.728,0.841
0.183,0.113,0.603,0.352,0.077,-1.025,1.021,-0.575
-0.307,-0.347,0.564,1.07,0.051,0.509,0.056,0.173
0.4,-1.446,0.308,1.0,-0.069,-0.551,0.133,-0.289
0.003,-0.101,-0.138,1.395,-0.442,0.064,-1.484,0.742
1.566,0.6,0.001,-0.05,-0.677,1.606,0.301,0.203
0.415,-1.505,-1.746,1.128,0.55,2.441,0.94,-0.001
-0.293,-0.898,-0.295,0.752,-1.107,0.412,0.124,-0.074
-1.211,1.545,-1.62,0.814,0.589,0.752,-0.029,-0.279
-1.374,-0.388,1.203,0.497,-0.862,1.324,0.853,-0.363
-1.968,1.396,-0.864,0.396,0.091,1.939,-0.759,-1.695
-0.063,-2.079,3.846,0.133,-1.932,1.833,1.088,0.027
0.633,-0.763,-0.848,0.307,1.464,-0.631,0.531,-0.277
1.649,1.187,1.425,0.382,0.188,-0.595,1.027,-0.126
-0.108,-0.457,-0.253,1.455,-0.423,-0.878,-1.7,-0.94
-0.82,0.034,0.166,-1.334,-0.547,-0.567,-0.725,-1.312
0.072,-0.808,0.513,-0.906,0.809,0.373,-0.644,-0.468
-0.008,-0.62,-0.587,1.315,-0.303,-0.875,1.087,0.398
-0.513,-0.468,1.525,-0.74,0.585,-1.619,0.877,0.056
-0.387,-1.051,0.466,-0.89,2.741,-2.367,-0.318,0.52
-1.076,1.493,0.837,-0.92,1.989,-0.885,-0.196,1.57
-1.439,0.072,1.899,-0.279,2.108,-0.509,-0.57,0.691
1.79,1.102,1.116,0.084,1.944,0.043,-1.221,1.276
2.408,-0.582,-1.46,1.859,1.157,-0.939,-0.0,-0.422
2.249,-1.047,-1.479,0.198,-0.208,-0.862,-0.996,-0.647
-0.901,0.158,-1.091,0.491,-0.648,0.274,0.666,-1.44
0.932,0.584,0.334,-0.399,-0.579,-0.038,-0.458,-0.158
-1.092,0.835,-1.719,-0.255,0.242,0.721,-0.538,-1.762
0.748,1.112,0.324,-0.065,-1.734,0.331,0.09,1.624
-0.066,0.033,-1.681,0.222,-0.243,1.992,-0.027,0.083
0.138,-0.2,0.518,-1.21,-1.246,1.446,1.545,1.391
0.361,0.927,0.105,-0.422,-0.397,0.05,0.27,-0.147
0.785,0.269,1.155,0.668,-0.971,0.155,0.982,-0.143
-0.448,0.668,0.609,-0.988,-0.109,1.234,0.729,0.039
0.196,0.671,0.364,-0.984,-0.981,0.603,0.825,-0.436
0.27,1.009,0.036,0.585,0.149,0.601,0.286,1.008
-1.47,0.576,-1.421,-0.168,-0.575,-1.835,0.056,-0.227
-1.364,-1.532,0.772,-0.573,0.246,-0.809,0.888,-0.416
-1.516,-1.112,1.116,-0.097,0.836,-0.103,-0.156,-0.719
0.475,-0.17,1.037,-1.359,-0.016,-2.145,-0.377,0.588
-0.93,2.215,2.087,-2.891,-1.916,-0.554,0.499,0.758
0.368,-0.795,-0.532,-2.674,2.368,-0.141,0.662,-0.721
1.92,0.33,2.652,-0.896,0.902,-1.69,0.11,-0.454
1.424,-0.264,-0.982,-0.768,1.779,-2.599,1.004,-1.073
0.446,-0.944,-0.274,1.27,0.747,-0.947,1.036,0.234
0.726,-0.555,-1.294,1.3,1.318,-2.356,0.46,0.182
-0.306,-0.071,0.871,1.822,-0.091,-0.849,-0.323,0.457
0.22,-1.021,0.037,1.827,0.391,0.676,-0.875,-0.027
0.783,0.881,0.358,1.175,-0.538,0.608,-0.037,0.137
0.481,-1.079,0.559,1.522,-1.473,1.268,-1.325,-0.674
-0.077,-1.117,-1.138,0.678,-0.892,1.882,1.901,-0.511
0.432,-0.049,0.083,0.034,-2.435,0.977,0.153,1.253
-1.752,0.187,-0.963,-0.438,-0.711,2.648,-0.97,1.555
1.115,0.5,-0.553,0.184,-1.788,0.861,1.917,-1.04
0.295,-0.346,-0.288,0.861,-1.451,1.157,1.643,0.412
-0.442,-0.3,2.258,-0.047,-0.816,-0.035,0.752,-1.064
-0.279,-0.414,0.566,0.702,-0.843,0.137,0.172,-3.222
0.148,-1.012,1.72,-0.515,0.48,0.362,1.426,-0.783
-0.694,0.105,-1.033,1.15,1.787,0.838,1.362,-1.669
-0.609,-0.099,1.603,-0.135,-0.58,0.889,0.407,-1.545
-0.254,-0.318,-1.864,-0.264,-0.083,-0.283,-0.199,-2.074
-0.081,-0.966,-0.177,0.551,-1.038,0.251,1.35,-1.454
-0.121,-0.698,0.091,1.251,-1.515,-0.327,-0.674,0.682
-1.383,-1.648,0.089,-0.717,-0.984,0.034,1.092,-0.762
-1.616,-1.346,-0.265,-0.478,-0.088,1.143,-0.432,0.028
-1.028,-0.079,0.33,0.131,-0.294,-0.651,1.725,0.528
-1.51,-0.886,-1.676,0.457,0.454,-1.371,0.105,-1.671
-0.524,0.781,1.106,1.321,-1.509,-0.01,1.819,0.865
-1.462,-0.315,-0.752,0.43,-0.267,-1.599,0.957,-0.718
0.035,0.683,2.218,-0.695,0.087,0.47,0.781,-0.15
-0.608,-0.487,0.829,-0.818,-0.796,-0.475,1.306,0.109
0.327,-0.97,0.655,-1.398,-0.852,-0.097,-0.283,1.643
0.994,-0.171,0.153,-0.617,-0.18,-0.099,-1.297,0.981
-0.723,-1.846,-1.117,-0.87,-0.132,-1.483,0.834,1.213
0.768,0.321,0.226,0.0,0.13,-2.869,1.748,-0.13
-0.488,-0.955,-0.487,-0.062,-1.23,-1.023,1.056,0.446
-1.276,-0.523,-0.357,1.634,0.475,1.569,-0.649,-1.029
-0.375,-1.515,-1.447,0.217,0.838,1.047,-0.346,-1.859
-1.819,-1.328,-0.971,2.245,0.725,1.758,-0.129,-1.088
-1.317,-0.255,1.011,-0.016,-1.215,-0.452,-1.027,-2.019
-1.292,-0.38,0.274,0.312,-1.137,-0.296,0.468,0.031
-1.071,0.977,0.701,-0.111,-0.602,-0.124,0.418,-0.553
-1.033,0.495,0.345,0.685,0.744,0.095,1.096,0.14
-1.01,-0.469,1.473,1.239,-0.819,-0.881,-0.326,0.679
-0.84,-1.061,-0.571,0.375,1.465,-0.535,0.105,-0.124
-0.055,0.875,0.939,0.396,-0.583,-0.928,0.525,0.904
0.586,1.076,-1.784,-1.262,-0.936,0.129,1.285,-0.185
1.068,0.66,0.784,-0.08,-1.099,-0.344,0.453,-1.587
0.495,0.302,-0.887,0.217,1.103,1.343,0.647,-0.778
0.723,0.542,-1.351,-1.101,-1.498,-0.715,-1.271,-0.964
-0.065,-1.673,-1.133,-2.129,0.668,-0.178,-0.315,-0.612
-0.231,-0.167,-0.274,-1.686,-1.048,0.89,0.272,0.164
-0.515,-1.041,-0.953,-0.507,0.56,-0.764,-1.859,0.825
-1.003,-0.418,-0.021,0.666,-1.146,-0.201,-1.764,-0.901
-0.841,0.797,-0.008,0.237,0.94,-0.039,-1.056,-0.608
-2.889,0.291,1.826,-0.842,-1.115,0.875,-0.363,-0.301
-0.647,0.713,0.651,0.211,2.777,-0.037,0.724,-0.469
-1.071,-1.225,0.837,-0.929,0.255,0.431,-0.244,-0.808
0.392,-0.648,-1.448,-0.989,1.822,0.085,-0.294,-0.766
0.076,0.61,0.557,0.629,-0.319,-0.899,1.118,0.286
-0.798,0.522,-1.368,0.587,-0.928,-0.229,-0.682,0.51
0.473,-0.219,0.133,-0.263,-1.302,0.599,0.632,0.109
-0.555,-0.265,-1.183,-1.147,0.47,0.204,1.253,-0.613
-0.457,0.052,-0.163,1.494,-1.55,-0.701,1.102,0.866
-1.805,-0.625,-1.139,-1.036,1.037,-0.077,0.066,0.437
-0.573,-1.389,0.016,1.797,-1.49,-0.728,2.717,-0.482
-1.943,0.77,-0.407,1.874,0.559,-0.41,0.192,-0.793
0.011,1.9,0.7,1.65,-0.395,0.45,0.838,-1.165
0.528,0.51,0.925,0.214,0.565,0.67,-1.418,0.058
0.199,-0.381,-0.244,-0.089,-0.954,1.165,-0.096,-0.932
1.66,2.233,0.224,0.453,0.618,0.593,-0.132,-1.094
1.066,1.835,-0.678,-1.365,-1.293,-1.074,0.915,0.68
2.389,-1.343,0.038,-2.376,1.243,0.633,1.375,-0.566
3.096,-0.753,-0.704,-0.424,-1.573,0.158,1.483,0.637
1.88,-0.626,-3.222,-0.934,0.43,0.658,0.689,-0.45
1.203,-0.213,-1.498,0.797,-2.724,-0.407,0.448,1.245
-1.591,0.279,-1.921,-0.191,-0.918,0.569,-1.194,0.497
-1.958,-0.77,-0.168,-0.978,-0.104,2.274,0.12,1.389
-3.347,1.936,0.295,0.786,0.118,1.278,-0.807,0.441
-1.952,0.859,0.638,0.759,-0.913,-0.408,-0.195,2.481
-0.092,1.157,2.284,0.515,0.861,-0.002,-1.167,1.186
0.266,0.625,-0.677,-0.61,0.264,-0.94,2.434,0.302
1.432,0.001,1.182,-1.32,-0.601,0.578,1.969,0.023
-0.433,-0.0,-0.658,-0.832,-0.63,-0.142,1.263,0.808
-0.43,0.972,0.359,0.086,-0.972,0.497,1.055,-0.251
0.583,0.777,-0.508,-0.608,-0.489,0.182,-0.296,0.18
-0.017,-0.52,1.616,-1.345,-0.563,-0.215,0.686,-1.019
0.255,1.185,-0.974,0.822,0.462,0.595,1.197,-0.662
1.106,-0.404,0.651,0.914,-0.8,0.155,-0.08,-0.563
0.647,1.071,0.694,-1.457,0.2,0.721,0.734,-1.356
0.373,0.66,0.121,-0.571,-0.44,0.95,0.386,-0.439
1.88,-0.444,-0.404,-1.41,0.306,0.116,0.445,-0.246
1.357,-0.332,-0.79,-1.472,-0.71,-1.173,0.323,-0.618
0.092,-1.894,-0.921,-1.161,-0.31,-0.18,-0.237,0.454
0.715,-1.34,-0.26,-0.535,-0.934,-0.774,0.904,-0.185
-0.797,-1.992,-0.934,1.75,0.724,-0.45,1.6,0.625
-1.7,-1.245,0.034,0.38,-1.133,-0.483,0.262,0.803
-0.66,0.648,-0.224,1.021,1.588,0.916,1.651,-0.021
0.695,-0.043,1.261,0.7,-0.728,-0.378,1.77,0.766
1.239,0.14,-0.568,-0.707,0.851,1.773,0.946,0.767
1.974,0.568,1.271,-0.834,-0.234,1.253,0.17,-0.62
0.84,1.14,-1.692,-0.473,0.816,0.54,-0.872,0.422
1.68,1.422,-0.507,0.536,-0.889,-0.706,0.717,-0.065
0.522,-0.491,-1.18,0.324,0.831,-0.427,0.195,0.344
1.249,-1.452,-0.8,0.998,-0.392,-0.532,1.175,0.827
0.747,-0.679,-0.202,1.514,0.574,-0.215,-0.028,0.272
0.552,-1.005,-0.398,-1.176,0.132,-0.317,0.27,-0.252
-0.119,-0.305,0.554,0.949,1.809,1.069,-0.196,-1.084
-0.207,-0.593,-0.174,0.435,0.231,-0.253,0.337,-0.817
0.009,-0.133,0.24,-1.11,-0.43,1.232,0.064,-0.819
1.498,0.542,-0.476,0.237,-0.075,0.436,-0.322,0.262
-0.868,-1.375,0.174,-0.353,-0.506,0.214,1.389,-0.431
1.246,1.072,-1.504,1.431,-0.399,0.082,-0.953,-0.322
0.941,-0.088,-0.558,0.562,-1.173,0.799,-0.358,0.064
-1.255,0.494,0.579,2.286,0.465,2.102,-0.126,-0.089
-0.106,-0.868,-2.111,1.004,-1.159,0.057,0.726,0.384
-1.894,-0.701,-0.353,0.357,0.173,0.586,-0.699,-1.212
-0.615,0.047,-0.583,1.9,0.143,1.101,1.544,-0.687
-1.208,0.874,0.568,0.687,-1.241,0.692,1.422,-0.705
-1.164,-0.152,0.241,-0.515,-0.389,3.79,1.565,0.082
0.12,-0.458,-0.849,1.33,0.375,2.389,1.323,-1.236
0.53,-0.898,1.693,-0.275,-0.902,-1.105,0.985,-0.363
-0.368,-1.958,0.136,-0.178,-0.228,0.863,0.437,-2.062
0.175,-1.208,2.014,1.592,0.403,-0.409,1.46,-2.163
-0.044,-0.323,-0.055,0.465,0.065,-1.113,0.589,-0.564
1.115,0.693,1.143,0.081,-1.326,-0.065,-0.525,-0.23
1.661,1.421,0.035,-1.401,-0.506,2.068,-0.223,0.279
3.2,1.092,-0.971,-1.706,0.755,0.269,0.35,-0.528
1.445,1.296,-2.692,-0.266,-1.511,0.579,0.111,-0.26
1.818,0.703,1.001,-0.41,-0.092,1.135,-0.43,-1.612
-1.612,0.556,-1.345,-1.028,0.323,-0.665,0.08,-1.345
-0.719,-1.918,-0.319,-0.936,-0.943,-0.909,-0.055,0.078
-1.116,-1.69,0.278,0.327,-1.991,-1.627,0.261,0.545
-1.678,-1.056,1.325,0.74,-0.13,-1.784,0.652,-1.341
-1.592,-1.277,1.657,0.488,-0.968,0.009,1.311,1.276
-0.098,-0.658,1.338,0.432,0.834,0.146,0.504,0.559
-0.296,-0.991,0.091,1.14,0.374,0.845,0.964,0.543
-1.313,-2.355,0.525,0.023,0.469,0.877,1.268,-0.636
-2.107,-0.807,1.521,0.014,1.716,0.213,0.131,0.184
-0.382,0.084,-0.753,0.569,0.4,0.719,-0.506,0.224
-0.303,0.627,1.983,-0.069,1.392,1.175,0.248,-0.025
0.584,-1.134,1.856,-0.128,1.068,-1.032,-0.676,0.061
-0.015,-0.671,1.648,-0.797,1.234,0.326,-0.515,0.092
1.047,0.704,0.021,-0.724,0.816,-0.558,0.041,1.102
2.304,-0.453,-0.28,-0.117,1.258,-0.986,-1.156,0.592
1.409,-0.106,-1.815,-0.371,0.684,-0.679,-0.491,-0.826
2.075,-2.025,0.237,0.166,0.778,-0.605,-0.067,-1.735
0.421,-1.138,-1.079,0.008,0.84,0.14,-1.262,1.031
0.186,0.935,-0.053,0.779,0.091,-0.401,-1.103,-0.918
0.792,0.628,-0.547,-0.881,0.919,0.943,0.53,-0.481
-1.638,-0.507,-1.171,-0.291,0.146,0.051,0.579,1.328
-2.264,-0.196,0.034,0.27,-0.464,0.548,0.832,0.715
-0.722,0.766,0.341,0.319,-0.538,-0.476,2.302,-1.143
-1.566,1.935,1.077,-0.162,0.087,0.814,1.306,-0.412
0.779,-0.105,0.564,-0.531,0.707,1.557,2.399,-2.486
1.59,0.805,1.322,1.834,0.725,0.741,1.063,-1.365
0.258,0.674,-0.649,0.09,1.489,-0.276,-0.14,0.811
1.346,0.94,0.88,0.415,-1.204,-0.592,-0.483,0.307
0.506,-0.274,0.181,1.238,0.826,2.038,-1.084,-0.718
1.067,1.472,0.576,0.136,-1.162,0.75,-0.544,-2.461
0.463,-0.403,0.533,-0.677,1.23,0.47,-0.548,-0.986
1.641,0.074,0.294,-1.034,-0.417,-0.114,0.079,-0.197
1.228,0.641,-0.208,0.006,0.279,-0.969,-0.269,-1.257
1.501,0.042,-1.275,0.437,-1.002,-0.556,-0.258,-0.073
1.745,-0.542,-1.229,0.651,-0.682,-0.915,-0.334,0.503
-1.673,-0.632,-0.527,-0.012,-1.135,-0.669,0.626,1.297
-1.682,-0.13,1.022,0.447,-1.715,-0.103,-0.316,0.041
0.039,-0.035,0.776,0.003,-0.745,0.1,0.927,0.444
0.8,-0.35,0.808,0.578,-0.088,0.896,1.088,-0.848
1.586,-0.606,0.375,0.746,-0.571,-0.721,1.246,-0.46
1.222,-1.172,0.21,-0.415,0.35,0.558,0.518,-0.512
1.403,-0.174,-0.235,-0.507,-1.068,-0.226,1.125,-0.457
0.751,0.757,-1.039,0.997,0.44,0.519,-0.449,-0.086
-0.974,-0.649,-0.474,0.19,0.677,0.652,-0.168,0.027
-0.261,-2.295,-1.336,0.146,-0.356,0.276,-1.29,-0.105
-0.726,0.419,-2.526,0.652,-0.284,-0.457,-0.11,-0.143
-2.578,-0.605,0.111,-0.105,-1.066,0.618,-0.571,-1.922
-2.124,0.528,-0.378,-0.337,0.775,-0.091,-0.663,-1.184
-2.168,-0.651,1.472,1.253,-0.696,0.628,0.477,0.256
-0.258,-0.675,1.326,1.007,0.551,1.203,-0.59,0.082
-0.146,-0.978,0.77,0.288,0.959,1.798,0.629,-0.456
-0.175,-1.359,1.226,1.766,-0.358,1.014,-1.391,0.31
-0.094,0.344,0.749,1.412,0.227,0.157,0.493,0.046
2.155,-1.018,-0.214,1.171,0.644,0.406,0.632,0.373
0.597,-0.696,0.246,0.369,-1.027,0.546,-0.463,0.636
0.781,1.002,-0.49,-2.288,0.964,0.349,-0.597,-0.775
1.327,-0.823,-0.647,0.413,-1.849,0.979,-1.265,-0.584
0.261,-1.529,-1.442,0.541,0.087,0.652,-1.576,-1.292
0.831,1.04,-0.116,0.433,-1.468,1.12,1.072,2.224
1.362,0.874,-0.415,0.371,-0.319,1.527,1.585,0.368
0.539,0.147,-0.211,-2.04,-0.834,1.519,0.15,1.146
-0.44,0.504,-0.012,-0.685,-0.632,0.587,2.418,0.693
-0.283,1.645,-0.94,-1.389,0.411,-0.909,1.156,-1.668
-0.338,2.189,-0.268,-1.016,-0.573,0.071,1.832,-1.833
-0.788,0.024,-0.111,-0.27,0.41,-0.008,1.599,-0.59
-0.894,0.858,-0.626,0.392,0.324,-0.232,0.426,-1.764
-1.106,-0.821,-0.826,-0.522,0.18,-1.253,0.12,-1.404
-0.763,-0.353,0.538,-0.41,-0.617,0.214,0.761,-0.093
-0.08,0.822,0.775,-0.861,-0.37,-0.514,0.884,-1.216
0.176,0.601,-0.354,-1.3,-0.661,-0.373,1.384,0.378
-0.895,1.593,0.519,0.222,0.903,0.18,0.943,-1.366
-0.745,-0.805,-0.801,-2.376,-0.012,0.152,0.977,-0.938
-0.709,-0.652,0.788,-1.683,-0.231,0.694,-0.685,-2.434
-0.623,0.749,0.288,-1.407,1.016,1.828,1.07,-1.73
-0.014,1.514,-0.068,-0.602,0.91,-0.507,0.409,-0.43
0.963,1.273,0.588,-0.803,0.319,-0.827,0.65,-1.729
1.606,0.01,-0.399,-0.407,3.804,-0.688,-0.536,0.279
2.87,-0.538,0.303,-0.272,1.544,-0.904,0.467,0.348
1.76,-0.407,-2.249,1.022,1.169,-1.237,0.003,-0.096
-0.026,-1.745,-0.913,0.386,-1.308,0.134,-1.711,0.935
0.279,0.003,-0.45,-0.644,-0.189,1.388,-0.241,0.37
-0.926,-0.328,-2.316,0.009,0.007,1.358,-0.207,-0.854
-1.102,-1.047,-1.084,0.293,-0.615,0.554,0.369,0.207
-2.311,-0.476,-0.819,0.988,-0.71,0.541,-0.361,0.098
-1.264,-0.508,0.515,0.568,-0.48,0.064,1.068,-1.399
-0.285,1.085,-0.465,-0.147,-0.135,1.524,0.513,0.889
-1.088,0.176,1.034,-0.296,-0.625,1.85,0.302,1.604
-0.975,1.154,-0.652,-1.894,-0.179,1.923,0.641,1.146
-1.894,0.217,0.574,-0.7,-1.367,-0.205,0.986,0.384
-0.305,0.585,-0.316,0.032,0.459,-0.688,1.569,1.228
0.294,1.571,-0.632,0.84,-0.218,-0.537,-0.674,-0.552
0.492,0.641,0.602,-1.13,0.962,2.424,0.015,-1.445
0.431,0.902,1.318,-1.606,-0.063,1.725,-0.467,-1.599
-0.7,-1.244,1.426,-1.67,-0.453,0.098,-0.9,-0.015
0.795,0.09,-0.394,0.067,1.395,-0.401,0.439,-0.272
0.081,0.118,-0.361,-1.339,-0.421,-0.762,1.384,0.553
0.585,0.84,-0.21,0.029,0.412,-0.627,2.235,0.491
0.919,1.482,0.208,-0.234,0.538,-3.108,1.374,-0.032
0.979,-1.524,0.022,0.098,-0.209,-1.485,0.89,0.736
-0.116,-0.787,-1.595,0.949,0.2,-0.673,-0.34,-0.522
1.174,-0.762,-0.015,0.089,-1.338,-1.737,-0.756,-0.958
-0.781,-0.069,0.054,-1.122,0.246,-0.408,-1.017,0.675
-1.263,-1.507,0.381,-1.283,0.368,-0.297,-0.122,0.93
-0.733,-1.649,-0.464,0.983,1.05,-0.821,-0.816,0.417
-0.164,0.183,-0.388,1.117,-0.273,-1.034,-0.12,-0.357
-0.436,0.69,-1.246,-0.008,0.483,0.359,-1.026,0.339
-0.443,-0.705,-0.063,-0.937,-0.959,-0.791,-1.463,1.124
-0.627,-0.816,-0.636,-0.189,-0.166,0.766,-0.553,0.448
-1.191,0.323,0.977,0.512,-0.433,-1.108,1.668,1.282
-0.637,-0.37,1.32,-1.036,-1.011,-0.731,0.997,-0.77
0.56,-0.907,-1.26,0.888,0.734,0.8,0.318,0.765
1.543,-0.435,-0.255,0.069,-1.476,0.234,-0.533,-0.491
1.186,-0.293,-0.424,-0.417,2.386,1.009,-0.008,-1.326
1.633,0.91,-0.056,-0.01,-0.653,0.868,1.382,-2.628
1.548,0.678,-0.656,-1.478,2.042,0.083,0.294,0.642
0.112,1.683,-2.622,-0.938,0.585,0.219,-0.174,-0.56
1.476,-0.003,0.013,-2.067,1.316,-2.298,-0.767,-0.534
-1.308,1.657,-1.06,-2.25,0.082,-1.098,1.211,0.177
-0.262,0.061,-0.701,-0.476,0.458,-0.432,0.061,-0.272
-2.176,0.183,-1.478,-0.703,0.064,0.304,0.828,0.026
0.018,1.967,-0.593,-0.449,0.347,0.18,-1.067,-0.958
-0.581,1.35,-0.467,-1.897,-0.126,-0.857,0.701,1.56
-0.534,1.473,0.904,-1.809,-1.019,-0.129,-0.365,0.806
-1.75,-0.61,0.279,-1.841,0.479,0.963,1.391,1.59
-2.504,-0.557,1.385,-1.751,-0.706,-0.35,1.428,-0.114
-2.081,-0.683,0.115,0.044,2.201,-1.045,-1.344,1.121
0.108,0.957,1.701,-1.321,-0.584,-1.576,-0.189,0.258
1.013,0.674,1.835,-2.004,2.474,0.443,-1.752,0.579
1.949,1.395,1.035,-1.618,1.186,-0.76,-1.264,1.487
2.247,0.678,0.656,0.005,0.777,0.615,-1.639,-0.771
2.283,-0.002,-0.63,-1.081,1.226,-1.866,-1.982,-0.075
1.675,0.51,0.573,-1.435,-1.788,-0.515,-0.943,-0.71
0.238,0.13,-2.952,-1.551,-0.892,-0.303,0.503,0.209
0.417,-1.279,0.864,-0.179,-1.12,-0.446,-0.148,0.536
0.282,0.197,-1.121,1.467,0.426,-0.405,-0.814,2.781
-1.036,-0.113,2.196,0.315,-0.752,0.106,-1.422,0.55
-0.227,1.497,-1.561,-0.769,0.369,1.673,0.093,-0.076
0.298,0.525,0.825,-0.906,-2.256,-1.047,-0.859,1.133
0.125,0.633,-0.389,-2.972,1.044,1.536,-1.083,1.041
1.094,-0.727,-0.789,-1.579,-0.464,0.059,0.043,0.705
-0.206,-0.812,0.052,0.046,1.825,-1.031,1.63,-0.285
-0.198,-0.416,0.624,0.765,1.325,-0.743,1.08,1.128
0.781,-1.014,0.511,-0.38,-0.237,-0.624,0.612,-0.118
0.624,0.279,-1.671,0.804,0.95,0.505,-0.275,1.353
1.579,-1.051,-1.348,0.098,-1.284,-2.022,-0.448,0.502
0.266,-0.691,-1.88,-0.448,0.138,1.347,-0.41,0.335
0.396,0.374,-0.835,0.088,-0.811,-0.061,-0.509,-0.919
-1.082,-0.936,-2.393,0.304,0.169,-0.072,-1.007,-1.09
-1.193,-0.958,-0.606,-0.134,-0.856,0.809,1.101,0.392
-0.377,0.346,-0.477,0.453,1.266,0.162,0.83,1.492
-1.522,-1.006,-0.216,1.159,-0.413,-0.781,1.42,1.119
-1.006,1.377,0.238,0.964,0.456,0.439,0.009,-0.168
-0.103,-0.377,-0.062,-0.482,0.308,-0.043,0.733,0.719
-0.258,-0.7,-0.712,0.693,0.124,-0.27,1.136,-0.725
-0.068,1.308,0.89,-1.698,0.698,-0.34,-0.403,-0.9
0.483,-0.424,-0.226,-0.918,0.257,1.03,-0.605,0.27
-0.94,-1.074,-0.332,-1.896,-0.558,1.327,-0.42,-0.443
-0.12,-0.323,-0.008,-0.269,0.645,0.638,-0.424,-0.912
0.197,0.614,1.627,-0.249,0.681,-0.317,-0.212,0.576
-0.893,-0.322,2.148,0.912,1.299,-1.786,0.468,-0.339
-0.089,-1.045,0.188,0.732,0.859,-1.914,-0.843,0.128
-0.521,-2.055,-0.924,0.95,-0.284,-0.884,-1.598,0.772
-0.517,-0.129,1.262,1.195,0.814,0.815,-1.156,1.245
0.117,-1.735,-0.094,0.348,-0.228,0.71,-0.959,0.21
1.334,-0.153,0.133,0.055,1.908,1.419,-0.561,2.021
0.811,-0.226,0.026,-0.742,0.192,-0.082,-0.411,1.556
2.822,-1.45,-0.687,-0.369,0.724,1.818,-0.765,1.321
0.71,-1.548,0.514,1.334,-0.41,-0.56,-0.652,1.856
-0.346,-2.218,-0.875,1.772,1.098,-0.14,-0.722,-0.466
0.719,-1.248,1.884,1.054,-1.768,0.845,0.383,-0.27
0.379,-0.313,-0.802,1.603,0.012,1.992,0.763,0.191
1.477,-2.168,0.973,0.109,-1.303,0.615,-0.099,1.042
-1.18,-3.074,-1.667,1.436,0.181,1.218,-0.142,0.794
-0.925,-2.658,2.219,2.837,-1.717,2.18,0.066,1.45
-1.788,0.507,-2.315,1.573,0.414,1.969,0.566,1.095
0.106,-0.997,0.633,1.124,-2.204,1.086,1.875,-0.671
0.146,-0.694,0.023,-1.038,1.091,1.554,0.262,-0.485
1.267,0.514,0.406,0.374,-0.175,0.114,0.724,0.697
1.172,-0.555,-0.497,0.396,0.688,2.05,0.337,1.738
0.223,-0.358,0.78,1.013,-0.597,-0.608,-0.564,-0.591
0.541,-0.092,0.375,0.96,0.095,-0.389,0.501,0.593
0.847,0.915,-0.733,0.965,-1.11,-0.339,1.255,-0.206
0.364,1.278,0.267,0.364,-1.1,0.423,2.189,-0.839
0.971,0.389,0.127,-1.264,-1.556,1.035,0.773,-1.126
1.339,1.982,-1.213,-0.208,-0.024,0.536,0.863,-0.592
0.528,2.583,1.063,-2.987,-1.199,-0.622,0.804,-0.326
1.914,1.323,-1.932,-0.281,0.163,0.712,-0.512,-1.66
0.131,0.101,0.282,0.367,-1.483,-0.409,1.174,-0.346
-0.107,-1.133,-0.055,0.603,-0.464,0.452,0.128,-1.35
0.04,-1.872,2.761,1.112,-1.513,1.117,0.596,-0.503
-0.135,-0.285,-0.326,1.95,2.376,2.14,0.002,-0.316
-1.541,-1.135,-0.175,-0.276,-1.867,0.572,1.255,0.698
-0.639,0.117,-1.043,0.187,0.731,1.764,0.247,1.358
-0.457,-1.554,0.328,0.661,0.134,0.248,2.544,-0.323
-0.849,-0.551,-1.3,1.483,1.091,0.15,-0.236,-0.154
-1.027,-1.283,-0.992,1.169,-0.503,-0.867,-0.068,-0.35
-0.849,0.112,-0.558,0.28,1.627,-0.35,-0.609,0.148
-0.387,0.999,-0.64,-0.772,-0.355,0.969,-0.964,-3.497
-1.653,-0.172,1.027,-0.726,-1.234,0.854,-0.079,-1.659
-0.076,0.612,0.732,-1.136,-0.745,0.896,1.15,0.066
1.581,0.942,0.641,1.173,0.057,-0.611,1.609,0.506
-0.351,0.064,-0.613,-0.939,1.071,-1.109,1.775,0.719
0.723,1.503,-0.554,-1.25,-0.246,-0.296,1.627,0.258
-0.252,-0.388,-0.697,-0.853,1.19,-1.753,0.079,-0.631
-0.803,-0.246,0.825,-0.792,-0.107,-0.579,-0.948,-0.503
0.173,-0.575,1.343,-0.666,0.225,-0.037,-1.075,-0.768
0.499,-2.891,2.044,0.226,0.223,-0.047,0.129,-1.225
1.687,-0.783,0.197,0.161,0.056,-1.526,-0.448,0.657
1.092,-0.551,-1.133,1.869,-1.547,0.222,0.22,-0.537
1.369,-1.785,-1.429,1.77,-0.228,1.231,0.846,-0.36
-0.953,-1.994,0.334,1.912,-2.161,0.38,1.496,-0.774
-0.577,0.349,0.989,1.966,0.891,1.228,1.416,-0.07
-0.187,-0.342,0.79,-0.396,-1.263,1.952,2.703,-0.273
-0.178,0.878,0.266,-0.987,-0.291,0.652,-0.329,-0.96
0.421,0.652,-0.752,-0.294,-0.412,0.44,1.587,-1.946
0.702,0.16,0.792,0.354,-0.696,-0.737,-0.693,-3.042
-0.158,-0.037,-0.613,-0.225,1.354,0.168,-0.687,-1.057
-0.247,-0.481,0.476,0.758,0.22,-0.526,0.328,-1.841
0.761,-0.548,0.061,0.792,0.359,-0.89,0.188,1.307
1.06,0.573,1.005,0.305,0.873,0.278,0.828,-1.842
0.819,0.875,0.043,0.474,-1.334,0.684,-1.096,0.108
0.914,0.366,0.435,0.108,0.169,-1.221,-0.142,0.425
0.055,0.916,-1.313,-0.428,-0.639,-1.883,-0.357,-1.894
0.583,0.589,-1.082,-0.069,-0.361,0.703,-0.072,0.034
-0.345,1.315,-1.151,0.241,-0.346,-0.345,0.633,-0.427
0.126,-0.551,-0.118,-0.046,-0.306,2.364,0.266,0.675
-0.794,-0.444,0.595,-0.21,0.465,2.041,0.613,0.008
0.295,-1.293,-0.252,0.006,0.239,-0.471,-0.489,-0.38
-0.35,-2.124,-0.157,0.675,1.528,-0.533,1.226,0.594
-0.248,-0.636,0.493,0.63,-0.222,-0.114,0.167,-0.378
0.292,0.348,0.994,1.763,-0.093,1.656,0.435,0.806
-0.488,-0.277,-1.007,0.253,-0.696,-0.392,-0.143,-0.408
-0.502,-0.592,-0.923,0.921,-0.337,1.303,0.668,0.694
-0.244,-0.391,0.571,0.353,-0.303,0.481,0.793,-0.897
1.256,-0.915,-0.804,2.493,0.2,-0.435,1.739,1.701
0.291,0.617,-0.298,0.187,-0.678,0.358,1.022,0.627
-0.813,-0.178,-0.505,-0.94,-0.098,0.828,1.317,-0.367
0.015,-1.144,0.962,0.322,0.845,2.078,0.658,-1.409
0.693,0.497,1.404,0.065,0.515,0.197,0.38,-1.182
0.572,0.041,-0.457,0.621,0.93,-0.099,-0.092,-1.062
1.536,0.541,0.476,-0.577,1.469,1.026,0.689,-0.417
-0.311,-0.658,0.358,-1.304,-0.318,0.462,-0.905,-0.234
0.426,-0.442,-0.33,-1.108,1.589,1.869,0.737,0.723
-0.136,0.103,0.894,0.531,-0.013,0.92,-0.311,0.146
-0.092,-0.327,-0.552,-0.867,0.418,1.155,-1.088,-0.041
0.938,1.093,1.363,-0.178,0.363,-0.211,0.246,0.628
0.159,-0.43,0.029,-1.708,-0.47,-0.787,-0.258,0.266
1.126,-0.037,0.397,-0.83,0.223,-0.214,-1.076,1.403
0.308,0.657,-0.052,-1.207,1.364,-0.677,-0.031,0.917
0.126,0.874,-1.746,-0.747,1.396,-1.159,1.056,0.03
0.189,1.904,-0.401,-0.435,2.348,-1.397,0.04,0.603
-2.671,0.374,-0.551,-0.3,-0.542,-0.427,-0.411,0.637
-2.641,1.689,0.951,-0.33,-0.368,-0.901,-0.796,-1.826
-1.227,-0.414,0.5,-0.982,-0.661,-0.31,-0.16,-1.185
-0.512,-0.695,1.857,0.248,1.082,-0.208,0.7,-3.137
-0.329,-1.554,-0.281,0.804,0.054,-1.656,-0.879,-2.699
0.219,0.78,0.576,-0.286,-1.047,0.36,-1.388,0.149
-0.013,0.006,2.008,-0.379,1.092,1.096,0.129,-0.241
0.214,-0.499,0.907,-0.071,-0.485,-0.185,-0.324,0.634
0.118,1.865,1.943,-0.649,0.993,-0.71,-1.328,1.628
0.525,-0.035,1.2,-0.611,-0.689,-0.267,-0.385,1.633
0.248,0.689,0.354,-1.602,1.538,0.714,-1.619,0.129
0.541,0.422,0.151,-1.837,-0.148,-1.108,-0.493,1.366
0.769,0.666,-0.276,-0.274,0.466,-0.682,-0.726,0.769
2.245,0.872,-0.863,-0.776,-1.897,-1.274,0.303,0.298
-1.36,1.53,-1.204,-1.09,1.548,-0.112,0.113,-0.97
0.23,1.509,0.142,-0.267,-2.066,-1.557,-0.503,0.667
1.509,0.314,-0.789,-0.587,1.897,-1.757,-1.071,-0.637
1.352,-1.085,1.46,-0.807,-0.698,-1.49,1.311,-0.667
1.034,-2.003,-1.295,1.147,0.51,-1.201,-0.349,1.18
1.74,0.038,0.568,-0.402,-0.367,-0.738,-0.146,0.088
0.446,0.651,-0.356,-1.048,0.463,0.239,0.708,0.52
2.317,-0.281,1.162,-0.214,-0.301,-0.313,1.23,-0.335
1.621,-0.726,-1.18,2.178,3.077,-0.269,0.352,-1.629
1.342,-0.111,-0.478,1.056,-0.497,-1.887,-0.283,-1.405
0.724,1.119,-2.498,-0.295,1.582,-1.668,-1.416,-0.986
0.225,0.663,-0.871,-0.055,-1.366,-0.467,-0.416,1.223
-0.105,-0.633,-0.123,-2.112,-1.253,-1.011,-1.039,0.405
-0.354,-0.968,1.14,0.257,-0.651,-1.489,0.465,-0.295
-1.945,-1.241,0.999,-1.036,0.229,-0.145,0.322,1.098
0.221,0.203,0.305,0.118,-0.258,0.709,0.316,2.423
2.348,-0.441,-0.241,1.085,0.203,-0.08,-0.379,0.229
1.766,1.163,-0.088,2.224,0.264,0.042,-0.44,-0.343
1.591,-1.553,-1.737,-0.364,-0.671,0.119,-1.466,0.735
0.65,0.7,-0.959,-0.368,0.792,0.321,-0.973,1.123
-0.533,1.059,-1.19,-0.306,-0.88,-0.582,-0.909,0.723
-0.641,0.572,-1.01,0.091,-0.705,-0.43,-1.752,0.09
-0.403,-0.177,0.157,0.402,-0.129,0.826,-0.342,1.888
-0.958,0.126,-0.373,-0.803,-1.303,0.292,1.58,0.043
-1.631,-0.522,1.063,-0.09,-0.292,0.451,-0.192,-0.412
-2.347,-0.087,0.481,0.196,0.836,1.01,0.344,0.433
-0.12,-0.117,-0.173,1.126,-0.288,-0.808,-0.374,0.117
-0.145,-1.501,-0.829,0.907,0.978,0.569,0.568,1.116
-1.195,-0.217,-0.098,1.553,-0.426,0.375,0.223,0.025
-0.299,-0.252,0.498,2.286,0.926,1.623,0.589,0.285
0.432,-0.248,-0.169,0.266,-1.972,1.019,-1.132,-0.31
0.847,0.454,0.386,-0.896,-0.649,1.591,-1.229,0.558
-1.434,-0.043,1.249,-1.091,0.11,0.113,-0.252,-0.614
0.525,-1.926,1.708,0.946,0.415,-0.579,0.074,-0.985
1.397,0.139,-1.632,0.794,0.323,-1.434,-0.962,1.621
0.686,0.542,0.3,0.142,0.174,0.084,0.156,-0.503
-0.139,-0.265,-0.016,0.267,-0.635,-0.729,-0.1,-0.057
0.477,-0.484,0.628,1.039,1.013,-0.574,-1.018,1.406
-1.595,-0.812,0.755,-0.497,-0.159,0.319,-0.491,-0.341
0.046,-1.815,1.105,-0.361,-1.31,1.563,1.356,1.306
0.715,-1.768,-0.914,-0.589,1.932,-0.642,0.248,0.711
0.056,-1.049,0.864,0.744,-0.9,-0.916,0.003,-0.05
-0.205,0.523,-1.42,1.141,0.456,0.766,-1.089,0.45
0.707,-0.095,0.999,-1.4,-0.698,0.538,0.857,0.181
0.202,0.639,-1.068,0.999,0.173,0.429,-1.193,0.344
-0.845,-0.35,0.043,0.935,-1.45,-1.579,0.457,0.674
-0.151,0.461,0.052,-0.342,-0.795,0.141,-0.822,0.95
-1.133,0.508,1.081,0.181,-0.958,1.166,0.297,1.475
-0.966,0.959,0.035,-0.891,-0.132,0.123,-0.216,0.778
-0.306,-0.21,0.572,-0.978,-0.025,0.636,-1.79,0.908
-0.447,-0.294,-0.836,-0.636,-0.304,-0.986,-1.538,-0.077
0.14,-0.788,-2.055,-0.664,-0.847,-1.628,-0.355,0.726
0.325,0.975,-1.581,-0.748,-1.354,-1.07,0.028,0.457
-0.256,-1.079,-0.328,-1.201,-0.325,0.521,0.553,0.344
-1.331,0.752,0.178,0.123,-1.414,0.161,0.34,-0.693
-0.932,0.519,-0.895,-1.444,-2.474,0.3,0.488,-0.046
1.247,-1.009,-1.233,-0.896,-1.154,-0.27,-0.659,0.011
1.491,-0.816,-0.753,-0.137,-1.074,0.586,-0.333,-0.407
1.027,0.008,-0.422,-1.224,-1.37,0.408,-0.246,1.551
1.114,-1.265,-0.606,-0.109,-0.739,0.885,-0.491,1.727
0.646,-0.702,-1.033,-0.387,-1.32,0.31,-0.448,0.542
-0.193,-1.669,-1.149,0.573,0.268,-0.307,-0.203,0.121
-1.237,-2.115,-1.102,-0.046,-0.387,0.511,-0.575,0.498
0.37,-1.233,-1.637,0.968,-1.002,-0.279,-0.774,0.202
-1.767,0.331,-0.761,0.037,-0.48,-0.029,0.293,0.336
-1.606,1.186,-0.029,-0.386,0.408,0.328,0.021,0.128
-0.409,-0.088,1.499,-1.303,1.252,2.121,-0.739,0.566
-1.568,1.388,0.511,-2.027,0.657,1.065,0.748,2.141
0.171,2.074,1.492,-0.853,1.056,1.399,0.787,0.881
-0.778,2.792,0.698,-2.272,1.047,-1.065,1.278,-0.586
-0.393,0.609,0.61,-2.19,2.293,-1.6,-0.683,0.657
-1.579,-0.17,0.407,0.559,0.741,-2.51,-0.734,-0.982
0.176,-1.227,-0.157,-0.154,1.745,-1.719,-1.299,-0.649
0.019,-0.845,0.402,1.448,0.257,-0.448,-1.247,-0.179
0.431,-0.355,0.485,-0.958,0.458,-1.526,-0.926,0.95
1.384,-0.785,0.836,0.005,0.465,0.247,-0.857,0.416
1.939,-1.054,-0.607,-0.332,0.147,-1.403,-0.143,0.214
0.109,0.132,-0.133,-1.077,0.089,-0.468,-0.157,1.994
-0.497,-0.152,0.036,0.139,-0.063,0.402,-0.698,0.809
0.244,-1.256,-0.231,0.386,-0.674,-0.162,-0.675,-0.731
0.048,-1.128,0.171,1.247,-0.263,0.496,-0.285,1.267
0.145,0.257,0.237,0.754,0.799,0.085,0.704,-0.505
1.244,1.714,-0.366,0.063,0.585,0.951,0.498,-0.482
0.021,0.741,-1.437,-0.235,0.488,0.011,-1.329,2.124
-0.256,-0.884,-0.361,-1.013,-0.905,0.414,-0.439,0.0
-0.747,0.335,-0.271,-0.615,0.682,1.779,-0.483,-0.436
-0.789,-0.599,0.205,-0.581,-2.562,0.955,0.5,-0.292
-1.632,0.214,0.486,0.022,0.523,0.543,-0.156,-1.383
0.007,-1.641,0.055,0.835,-0.272,0.606,1.471,-1.484
0.181,-0.522,0.374,0.066,0.164,1.386,0.777,-1.412
0.956,-0.757,0.032,0.907,-0.901,0.717,-0.326,-0.053
1.228,-0.675,0.814,0.815,-0.425,1.242,-0.002,0.52
-0.262,1.28,0.222,1.6,0.299,-0.258,0.295,0.861
0.873,0.293,0.64,1.627,0.42,0.785,0.821,1.067
0.472,1.631,0.054,-0.334,0.409,1.49,1.209,0.23
0.078,1.829,-1.227,-0.405,-0.563,2.019,-0.29,0.181
-1.144,1.281,0.267,-1.488,0.169,0.695,-0.256,1.057
0.541,-0.313,0.159,-1.082,-0.417,-0.27,0.285,0.963
0.87,0.071,-1.85,-0.989,0.759,-0.598,-0.072,2.314
1.115,0.042,-0.84,-0.68,0.018,-2.407,-0.125,0.401
0.892,0.602,-1.136,-0.183,1.12,0.68,-0.394,-0.847
0.755,-1.57,0.32,-0.87,0.581,-0.361,-1.838,-0.046
-0.648,0.654,-0.692,0.132,0.775,-0.368,-1.4,-0.313
-0.09,-0.64,0.049,-1.477,-1.26,-0.157,0.156,0.858
0.228,-0.76,0.875,-0.728,1.801,-0.154,-1.395,0.61
0.545,0.361,0.123,-0.243,-0.974,-0.842,0.068,1.079
-0.433,-0.107,-1.736,-1.752,-0.109,-1.235,-1.3,1.614
0.023,0.174,1.685,0.651,-2.304,-0.766,-0.905,0.348
-1.288,-0.213,-1.694,-0.678,0.323,-0.117,-0.357,-0.969
0.057,-0.995,0.619,1.175,-1.482,0.327,0.204,0.391
-1.971,-1.854,-1.014,1.359,-0.928,-0.135,0.61,0.31
-0.451,-0.764,1.138,0.75,-1.492,1.364,-0.899,-0.448
-0.582,-0.418,1.976,1.076,-0.322,3.738,0.14,0.517
-1.269,0.749,0.096,0.792,-0.557,2.177,-1.036,-0.165
-0.246,0.168,1.746,-0.288,-0.268,1.866,-0.31,0.555
-0.063,1.139,1.165,-0.358,-0.119,0.74,0.087,0.782
0.127,0.774,0.476,-0.458,1.192,-0.651,-0.168,0.817
0.551,-0.509,0.225,-0.968,-1.056,-0.138,0.616,0.027
-0.308,1.735,1.534,-1.078,-0.14,0.632,-1.587,-0.313
-0.886,1.277,-0.007,-1.245,1.836,0.917,-0.267,-1.542
0.039,1.456,0.233,-1.295,1.063,-0.132,-1.96,0.588
0.3,-0.049,0.258,0.282,0.36,-0.974,-0.585,0.822
-0.164,0.899,0.162,-1.072,0.869,-1.762,-1.318,0.227
1.35,-1.779,0.307,0.673,-0.205,0.784,-2.518,0.804
0.326,-0.418,-1.039,1.409,-0.719,0.077,-2.113,0.358
1.255,-0.247,-0.753,1.021,-0.15,-0.677,-1.894,0.792
1.497,0.02,-1.21,0.834,0.351,0.474,-0.989,0.385
1.334,-0.184,-0.738,1.199,-0.775,1.751,-0.384,1.871
-0.293,0.607,-0.856,-0.283,-0.677,0.049,-0.983,0.852
-0.363,-0.471,0.29,-1.03,-1.356,-0.334,0.735,1.562
-1.555,0.324,-0.623,-0.498,-0.189,1.074,0.736,1.385
-0.558,-0.059,1.234,-2.072,-0.377,1.008,1.233,0.303
-0.345,0.151,1.081,0.086,0.891,-0.205,1.232,-0.013
0.972,0.399,1.1,-0.293,-0.59,0.012,2.85,1.383
0.074,-0.285,0.555,0.238,2.109,-0.022,0.531,-0.01
0.755,-0.804,-0.531,0.663,-0.642,-2.192,-0.684,-0.011
-0.129,1.321,1.648,-0.221,0.061,-1.199,-2.581,-0.561
-0.548,0.755,0.226,0.708,-0.28,0.362,-1.169,0.072
-1.157,0.276,-0.247,0.158,-0.457,-0.523,-0.935,0.483
-1.262,-0.083,-1.153,0.657,0.157,-0.043,0.77,0.439
1.667,-0.022,-0.325,0.338,0.182,-0.253,1.867,1.353
-0.091,-0.179,-0.953,-1.406,-0.245,-0.362,0.989,-0.146
-0.624,-1.16,0.86,-1.713,-0.796,0.524,-0.091,-0.235
-1.698,-1.399,-0.146,-0.052,1.282,-0.137,-0.352,0.327
-1.222,-0.766,2.303,1.351,-0.095,-0.165,1.76,-0.117
-0.677,2.087,1.196,-0.914,0.508,-0.331,-0.96,2.569
1.249,0.629,0.896,-0.457,0.265,0.337,0.411,1.5
1.1,0.286,0.513,0.684,0.413,0.597,0.132,0.139
0.376,0.553,-0.868,1.094,-0.551,0.005,0.133,-1.033
-0.501,0.63,0.187,-0.415,0.128,0.299,-1.32,-0.849
-0.068,0.869,1.126,-0.523,-0.932,0.185,-0.534,-0.466
-0.01,1.706,0.439,-1.574,0.583,1.301,-0.02,0.181
1.12,2.321,-0.416,-1.283,-0.75,0.089,-0.307,2.441
0.848,0.003,0.545,-1.725,0.065,-1.151,-1.118,1.639
0.67,-0.241,0.43,-1.605,-0.269,-0.715,-0.478,0.24
0.121,1.51,-1.457,0.273,0.313,-1.701,0.058,1.267
0.425,-0.394,0.801,-0.373,-0.66,-0.305,1.016,-0.49
-0.989,-0.022,-2.126,0.367,-1.618,-1.029,0.733,-0.966
-0.168,1.014,1.471,0.257,-0.753,0.216,1.679,1.067
-1.157,1.083,1.075,0.398,0.38,0.028,0.671,0.276
-0.748,1.336,1.067,-1.426,0.19,-0.305,-0.745,-0.64
0.175,-1.523,0.592,-1.224,2.295,0.305,0.728,-0.027
0.432,-1.41,0.991,0.546,1.684,0.209,0.136,-1.29
-1.009,-0.795,1.663,0.467,0.059,-1.672,-0.572,-0.95
0.423,0.093,2.322,0.468,1.154,0.246,-0.913,-0.892
0.734,0.141,0.791,-0.549,0.673,-0.645,-0.198,0.253
0.025,0.75,-0.013,-0.079,1.136,-0.324,-1.081,-0.909
1.268,-1.143,-0.19,-0.657,0.893,-1.208,-0.587,-0.793
0.197,0.869,0.187,0.229,-0.46,-0.423,-1.195,-0.339
0.094,1.126,-0.01,-0.848,0.21,-0.924,-1.355,0.01
-0.61,1.616,-1.608,-1.071,1.775,-1.634,-1.59,1.356
-0.763,-0.654,1.025,-1.275,0.116,0.193,-1.425,1.089
-0.896,-0.299,-1.247,0.032,0.971,-0.642,-1.056,0.508
1.403,-0.375,1.347,0.297,-0.438,-0.956,-0.279,1.142
0.846,0.143,-1.265,2.333,1.148,-0.591,-0.328,0.625
-0.098,0.107,0.235,2.527,0.07,-0.029,1.276,0.257
-0.319,0.781,-2.163,0.437,-0.507,1.711,0.335,-0.381
0.56,0.052,0.048,0.686,-1.345,0.524,0.212,-1.957
0.051,-0.579,-0.111,-0.375,-0.101,-0.689,0.751,-1.589
-0.025,-0.123,1.297,0.567,-0.152,-1.202,1.398,-1.56
-0.021,-1.445,0.96,-0.263,0.227,0.276,0.711,-1.483
0.959,0.185,0.894,0.084,0.003,-0.027,-0.378,-1.693
0.396,1.652,0.197,-0.725,-0.048,-0.101,-0.767,-1.415
0.086,1.041,-0.195,-0.554,-0.186,0.087,0.795,-0.669
0.122,-0.726,-0.704,-2.011,0.44,-0.862,-0.531,-0.71
-0.306,0.475,0.804,-0.486,-0.52,-1.13,-1.801,0.95
-1.079,1.477,0.694,-0.666,0.803,-0.785,-1.752,0.035
-0.702,0.956,1.0,-1.076,0.08,-1.773,-0.147,0.53
-0.922,1.054,0.685,-0.637,0.401,-1.226,-0.205,0.492
0.13,2.978,1.299,-0.229,0.767,-2.049,-0.768,-0.425
0.692,1.087,0.371,-0.97,2.023,-1.066,-0.581,-0.275
0.392,2.017,1.527,-0.023,1.4,-0.804,-0.934,-0.177
-0.078,0.283,-0.07,-0.99,2.29,-0.209,-1.051,0.268
0.302,0.408,-0.867,0.377,1.23,-1.064,0.568,1.67
0.64,0.428,-0.69,0.65,0.706,0.545,-0.372,0.078
0.34,1.018,-0.726,-0.471,0.31,-0.95,-0.28,-0.726
0.123,1.12,-0.386,-1.697,0.619,0.521,-1.585,-1.315
-1.31,0.516,0.393,-2.145,0.023,0.323,-0.737,0.755
-0.451,-0.028,0.34,-1.131,2.812,-0.976,0.361,0.471
-0.64,0.781,-0.877,-1.261,-0.664,-2.14,-1.116,-0.455
-0.313,0.247,0.993,-0.53,1.739,-1.471,-1.123,-0.19
-0.54,0.196,-0.207,-0.359,0.678,-2.415,-0.059,0.49
1.091,0.329,-0.007,-0.671,0.275,-1.927,-0.078,0.411
-0.53,0.347,0.615,-1.01,0.04,-0.492,-1.005,0.922
1.08,0.838,-1.068,-0.136,0.241,-0.283,-0.262,1.326
0.497,0.432,0.728,-1.687,0.967,-1.096,1.922,1.586
-0.196,1.508,-0.047,0.301,0.322,-0.589,-0.613,0.766
0.868,0.133,-0.35,-0.238,-0.1,-1.157,-0.862,1.092
0.711,-0.081,-1.481,0.473,-0.944,-0.258,0.346,0.554
0.132,-0.791,-0.907,0.102,-1.026,0.642,0.853,0.661
-1.528,-1.63,-1.081,0.598,0.492,2.376,0.999,0.572
-0.163,-2.976,-0.253,0.377,-2.269,-1.028,2.27,0.47
-0.055,-1.291,-1.156,-0.287,-0.784,0.813,0.606,1.054
-0.59,-0.601,0.854,0.121,-1.896,0.993,2.218,0.598
-1.09,-1.617,-0.041,0.684,1.301,0.963,2.12,-1.16
-0.42,-1.005,0.622,1.21,-0.309,0.189,-0.712,-1.475
0.054,0.191,-1.405,0.157,0.87,0.27,-1.296,-1.676
1.671,0.822,0.92,-0.114,0.171,0.365,-0.337,0.234
0.164,1.265,0.625,-1.389,1.307,-0.082,-1.713,0.238
0.201,0.111,0.961,0.326,-0.36,1.284,-0.854,0.791
1.614,1.312,-0.452,0.86,0.777,-0.1,-0.199,0.785
-0.235,-1.052,-0.205,0.373,-1.416,-0.38,-1.061,0.589
-0.191,-0.38,-1.505,0.972,0.7,-0.378,-1.91,-0.519
1.238,0.8,-0.322,0.094,-1.233,0.404,-0.797,-1.39
0.609,0.397,-0.649,0.975,0.734,1.864,-1.38,0.637
0.293,0.399,-0.586,-1.884,-0.954,-1.27,0.946,1.525
-0.253,-0.084,0.121,0.63,-0.299,-0.502,0.53,1.658
-0.616,0.434,-1.112,-0.062,-1.869,-1.269,0.404,1.297
-2.054,-1.299,-1.439,0.285,-0.154,0.772,1.038,0.802
-0.487,-0.566,1.448,0.708,0.09,-0.821,0.745,0.618
-1.179,-0.707,0.626,-0.034,0.044,-0.025,0.664,-1.304
-0.396,-0.005,0.206,-0.197,1.648,-0.493,1.405,-1.161
-0.514,-0.328,-0.689,-0.505,-0.819,-0.967,-0.669,-0.393
-1.193,-0.013,0.04,0.432,0.109,0.877,-0.351,-0.162
-0.476,1.196,1.756,-0.25,0.21,-0.361,0.146,0.294
-0.586,-0.297,1.132,-1.181,0.755,0.482,0.375,0.232
-0.375,-0.459,0.834,0.144,1.24,-0.408,0.229,0.276
0.672,-1.203,0.449,-0.916,0.289,0.147,-1.024,1.062
1.673,-0.669,-0.372,0.879,2.065,-0.356,-1.77,-1.76
0.871,-2.272,0.156,0.176,0.191,-0.528,-2.24,-1.634
1.486,1.051,0.344,0.722,1.969,-1.474,-0.201,-2.017
-0.967,0.475,-0.434,1.045,0.318,-0.229,-0.361,-1.971
-0.5,0.544,-0.191,0.165,0.467,0.899,0.552,-1.691
0.282,1.356,-0.235,0.443,-0.256,0.022,-0.703,-1.178
0.979,2.278,0.496,0.022,-0.434,1.338,0.487,-0.33
-0.805,1.265,0.716,-0.767,0.262,1.534,-1.637,-1.002
-0.702,0.948,2.079,-1.177,-0.587,-0.722,-0.067,0.91
-0.047,0.364,-0.193,0.485,0.659,-1.482,-0.582,1.009
0.4,-0.17,0.408,0.143,-1.969,-1.5,0.173,-0.539
0.799,-0.325,0.996,0.477,0.324,0.14,0.436,1.628
0.58,-0.499,-0.324,-0.171,-0.635,-0.091,0.982,0.574
2.428,-0.394,0.652,1.261,1.092,0.396,-0.559,-0.659
1.586,1.292,-0.191,0.157,-0.776,-0.925,1.075,-0.552
1.507,0.563,-0.342,-2.017,1.276,-1.04,-0.175,0.831
1.166,-0.569,-1.144,-0.883,-0.3,-0.257,0.827,-1.563
1.038,1.362,1.492,-1.079,-0.348,-2.7,0.394,-0.74
-0.36,-0.471,-1.883,1.564,-0.006,0.504,0.749,-0.616
0.669,0.937,0.321,0.711,0.265,0.204,-1.067,-1.333
-0.08,1.391,0.044,0.437,0.771,0.535,-1.653,-0.922
0.476,0.933,-0.795,0.233,0.078,0.064,-1.181,-1.727
0.766,0.64,0.482,0.07,0.093,-0.188,0.425,-1.034
0.309,1.093,-0.814,-0.355,-0.38,-0.471,2.029,-0.749
0.21,0.633,-0.837,-0.274,0.203,-1.768,0.019,-0.285
-0.322,0.644,0.815,-0.21,1.426,-0.907,0.7,-1.85
-0.526,0.074,0.233,1.538,-0.433,-1.359,0.758,-1.315
-0.196,-0.141,0.332,0.74,0.033,-1.116,0.156,-0.706
0.824,-1.844,0.282,-0.087,0.739,-0.346,-1.247,-0.205
1.285,0.843,-1.846,-0.103,-0.716,1.135,-1.229,-0.545
-0.036,0.756,-0.119,-0.201,-0.94,0.73,-1.191,0.271
-0.126,0.56,-0.56,-0.227,-0.517,2.468,-0.967,-0.472
-0.292,-1.133,-0.156,0.887,-0.243,1.509,0.487,0.494
0.997,-1.743,-1.137,0.709,-1.714,1.454,1.302,0.739
0.375,0.074,-0.056,1.236,-1.013,1.524,0.376,-0.433
-0.443,-0.571,1.326,-1.447,-1.206,1.389,-1.145,-0.098
-0.392,0.24,1.264,-1.285,1.733,2.232,-0.202,-1.815
-0.012,0.783,0.441,-0.488,0.418,-0.15,-0.269,1.957
-0.616,1.215,1.093,-0.545,0.959,-0.328,-0.822,2.295
-1.522,0.791,0.475,0.243,-0.065,-1.618,0.352,2.321
-0.997,0.044,0.787,0.868,1.403,0.116,-0.795,1.141
-0.371,-0.796,0.187,-1.31,0.015,-1.732,1.048,2.422
0.171,-1.459,0.403,0.822,0.756,-0.305,-0.471,2.276
-0.46,0.101,-0.245,1.223,0.256,-0.735,1.241,2.69
1.015,0.457,0.707,-0.713,-0.024,-0.373,1.425,-0.801
2.088,0.467,0.939,-0.609,-0.348,-1.517,-0.119,-0.718
2.036,0.207,0.469,-0.062,-0.41,-1.223,0.048,-1.176
1.273,-0.649,-1.824,1.245,-0.954,-1.445,1.417,-1.476
1.782,1.938,-0.172,0.393,0.174,-0.407,-0.811,2.637
2.528,-1.527,-1.993,-0.521,-0.138,-0.678,1.202,1.806
1.748,-2.038,-1.021,0.311,-2.15,-0.675,2.203,-1.35
-0.489,-1.058,-0.305,0.342,-1.363,0.995,2.15,0.101
-0.571,-0.38,-1.182,1.405,-0.947,1.056,0.979,0.55
-0.585,0.739,-0.492,0.651,-1.004,0.821,0.115,1.005
0.387,1.058,-0.529,0.923,-2.297,-0.062,-0.252,-1.519
-0.194,-1.511,0.61,1.54,-1.513,1.46,0.226,-0.493
-0.122,-2.425,-0.224,0.714,0.512,1.008,1.929,-0.3
-0.357,-2.273,-0.331,0.619,-0.908,0.231,1.95,-0.697
0.463,0.744,0.795,2.794,-1.202,0.611,0.545,0.174
0.311,0.544,-1.989,0.233,0.319,0.659,0.467,0.833
-0.145,-0.788,0.325,0.548,-1.144,-0.166,0.435,0.066
-0.265,-1.725,-1.626,1.743,0.892,-1.237,-1.9,-1.201
0.033,-0.169,2.121,1.136,-1.994,0.163,0.123,-0.855
0.565,0.442,-0.648,-0.33,1.329,1.042,-0.622,0.081
-0.144,1.004,-0.639,1.02,-0.712,-0.479,0.045,0.595
-0.655,-0.054,0.171,-0.287,0.016,0.844,-0.264,0.856
-1.12,0.967,1.151,-0.001,-1.172,0.558,-0.228,1.686
-1.181,0.279,1.26,-0.591,-0.31,-1.297,0.818,-0.316
-1.308,-0.135,0.48,0.807,-0.31,-2.235,1.35,0.916
-0.59,0.092,0.177,1.259,2.051,-1.469,-0.35,1.447
0.375,-0.558,1.138,0.698,-0.551,-1.214,-0.006,-0.034
-0.431,-1.293,-0.583,-0.582,1.88,-0.467,-0.712,1.432
0.574,-2.205,1.027,1.287,-0.21,-0.525,-0.382,0.489
-0.965,-2.687,-0.074,1.706,-0.087,0.398,-0.135,-0.756
-0.611,-0.291,0.415,1.394,-1.687,0.684,-0.324,1.507
-0.292,-0.712,0.219,1.635,-0.329,0.23,0.088,0.15
1.094,-0.665,0.942,0.828,0.279,1.653,0.21,-0.224
0.711,-0.372,0.036,1.362,0.219,1.16,-0.315,-0.008
1.79,1.002,-1.955,0.111,0.248,0.738,-0.082,-1.924
0.852,-0.411,-0.579,-0.859,1.085,0.357,-0.075,-0.005
1.142,0.821,-0.699,0.686,-0.005,0.049,-0.883,1.591
1.215,-1.281,0.46,-0.134,-0.274,0.283,0.367,0.707
1.239,-0.37,-0.079,1.309,0.595,0.554,-0.172,-0.698
0.103,0.093,-1.076,0.911,-2.337,-0.401,1.734,-1.535
-0.949,1.41,-1.39,-0.23,0.488,0.819,-0.956,-0.426
-0.422,-0.312,0.162,-0.704,-2.603,0.304,1.475,1.018
-2.205,0.57,-1.069,-2.129,1.272,1.679,0.317,-0.802
-2.076,0.02,0.45,-0.897,-0.094,0.215,-0.755,1.341
-1.621,0.118,-1.246,0.101,-0.496,-0.606,-0.503,1.376
-1.499,0.007,1.266,-0.26,-1.076,-0.272,-0.719,0.164
-1.043,0.912,0.18,0.206,0.638,0.026,-0.181,-1.502
-0.351,0.356,1.779,0.208,0.789,-0.858,0.209,0.807
-1.048,0.491,0.918,-0.887,1.505,-0.871,-2.775,0.999
-0.826,-0.731,0.696,-0.753,-0.022,0.537,-0.632,0.068
-0.014,-1.841,-0.558,1.298,1.09,-2.128,0.399,-0.149
1.012,-0.242,0.865,0.38,-0.325,-2.089,-0.704,2.12
1.111,0.274,-2.091,0.013,0.759,-1.034,0.054,0.113
0.433,0.314,0.666,-0.063,-1.484,0.059,-0.131,-1.248
0.135,-0.981,0.931,0.576,0.546,-0.149,-0.381,-1.577
-0.193,-0.847,0.787,0.19,-0.196,-0.376,-1.078,-1.41
1.243,-0.325,-0.579,-1.069,-1.12,-0.48,1.325,0.558
-0.516,-1.51,0.397,0.338,-0.343,-0.295,0.883,0.808
-0.171,-0.301,-0.545,-1.004,0.48,-0.009,-0.125,0.166
0.944,0.748,-0.523,0.207,0.254,0.574,-0.93,-0.612
-1.901,0.124,-1.516,-0.964,0.831,-0.913,0.286,0.217
-0.84,0.254,0.806,-0.895,0.303,-0.179,-1.517,1.413
-2.265,0.232,-0.387,1.419,1.148,0.471,-1.597,0.094
-0.963,-0.14,2.35,-0.227,-1.947,1.147,-0.68,0.39
-0.294,1.126,0.649,0.891,0.837,0.525,0.391,-0.192
0.51,0.081,1.522,0.09,-1.576,0.218,1.123,1.909
0.84,-0.71,-0.447,1.145,0.634,0.431,0.741,1.16
0.135,-1.548,1.124,2.372,-0.419,0.372,-1.415,-0.246
0.222,0.702,-1.086,2.682,0.275,0.95,1.549,-2.068
1.545,0.81,0.155,-0.016,-0.27,1.122,1.346,-0.445
0.344,-0.099,-1.205,0.694,0.604,1.394,-0.071,-0.587
0.212,-0.684,-0.649,0.984,-0.493,0.102,2.195,-0.227
0.11,-0.013,-2.015,-1.231,-1.46,-0.022,-0.509,1.817
-0.645,0.825,0.031,-1.877,-1.544,0.604,0.72,0.003
-0.461,-0.552,-0.918,-0.356,0.125,-0.001,0.523,-2.026
0.244,0.72,0.377,-0.606,-1.978,-0.436,-0.701,-1.512
0.977,0.969,-0.797,-0.44,0.685,0.808,0.338,-1.13
0.491,1.411,-0.068,-1.164,-1.874,0.207,0.773,-0.016
0.617,1.134,-0.461,-1.53,0.97,0.607,-1.2,0.772
0.894,0.565,-1.89,-2.891,-1.553,-0.195,1.414,-0.661
0.944,0.72,-1.506,-2.911,0.297,-0.012,-0.565,-0.736
0.816,0.805,-1.962,-2.228,-0.354,-1.299,0.311,-0.344
-0.477,2.185,-2.608,-1.638,0.303,-2.124,0.814,-1.076
-0.628,0.763,-0.888,0.064,-0.145,-2.162,-0.345,1.335
-1.505,0.517,0.187,-0.03,1.463,-1.272,-0.561,-0.719
-1.993,-0.256,0.065,-1.828,-0.395,-1.555,1.486,-0.644
-0.265,0.759,2.927,-0.921,2.245,-1.482,0.063,0.476
0.206,1.222,-0.006,0.021,1.665,-2.287,-0.53,0.612
0.825,1.014,1.422,-1.215,1.782,-0.889,0.086,0.324
0.345,0.939,0.37,-0.758,1.086,-0.596,-1.253,0.712
0.685,0.426,0.59,-0.357,1.786,-1.851,0.16,0.118
1.183,1.458,1.044,0.524,1.796,-0.526,0.123,0.134
0.25,-0.429,0.604,0.502,2.639,-0.603,0.454,0.924
0.511,-0.891,-0.229,1.886,0.804,0.182,0.087,0.108
0.292,-0.468,-0.265,1.095,1.419,0.751,-1.52,1.836
1.41,-0.281,0.244,1.515,0.954,0.205,-2.373,1.055
0.062,-0.919,-0.187,0.405,0.322,-0.658,-2.228,1.017
0.314,-0.115,0.143,0.822,0.01,0.352,-1.733,1.214
-0.609,0.264,-0.851,1.054,1.135,1.487,-1.57,1.335
-0.297,0.694,-0.847,0.442,-0.707,0.737,-1.505,1.263
-0.02,-0.719,0.515,0.24,0.359,0.257,-1.639,0.096
0.064,1.028,0.777,0.344,-2.192,0.07,-0.475,0.241
1.633,-1.019,0.175,1.027,0.049,0.734,-1.46,0.722
1.216,0.889,0.722,1.176,0.178,0.576,0.812,1.914
2.145,-0.817,-0.347,-0.06,-1.221,1.482,-0.506,-1.01
0.638,-0.089,0.186,0.605,-0.077,1.184,-0.073,-0.852
-0.727,0.679,-0.776,2.883,-0.637,0.81,1.539,0.588
-0.649,1.568,-2.198,0.289,-1.783,-0.715,1.327,0.392
-1.224,0.394,-0.207,-0.144,0.263,1.35,-0.768,0.735
-0.235,1.746,0.562,-0.983,-1.617,-0.007,1.474,-1.018
-0.319,0.679,0.774,-2.303,1.545,0.826,0.014,-1.265
0.393,-0.631,0.645,-1.137,-0.575,-2.757,-0.23,-0.544
1.726,-0.784,0.92,-0.545,1.042,-0.826,0.233,1.99
1.596,-1.086,-1.005,-1.99,1.035,-2.026,0.488,1.076
1.524,0.78,0.258,-1.345,0.351,-0.76,-0.836,-0.33
-0.067,-0.515,-2.528,-0.981,0.886,0.179,-1.422,1.451
0.07,-0.294,1.639,-0.748,-0.116,-0.493,-0.551,-0.0
-0.09,0.107,-0.732,-1.061,0.144,-0.786,0.509,0.553
0.187,0.539,0.269,0.237,-0.536,0.01,1.625,0.862
0.501,-0.103,-2.244,-0.07,0.045,-0.721,-0.349,-0.696
1.572,-0.826,-1.113,-0.203,-2.672,0.173,0.6,1.65
0.984,0.69,-1.292,1.3,0.329,-0.275,0.311,0.104
0.299,0.314,0.385,0.304,-1.253,0.822,1.234,0.718
0.425,-0.909,-2.312,-0.054,0.537,1.692,-0.016,0.405
-1.133,-0.985,-0.704,-0.471,-1.097,1.545,0.303,0.648
-0.692,-0.151,0.312,0.709,0.577,0.01,0.487,1.799
-1.259,-0.928,1.101,0.987,-0.484,-0.698,0.466,1.49
-1.1,-0.637,0.415,-0.297,1.138,-1.24,-0.826,0.654
-1.116,-1.034,1.516,-0.8,-1.046,0.524,0.444,0.33
0.637,-2.313,0.348,0.721,1.946,0.113,-0.751,-0.138
1.695,-0.768,-0.198,0.798,-0.665,0.091,0.02,-0.159
0.415,-1.699,-0.323,2.209,2.411,0.217,-0.832,0.257
0.6,-2.508,-0.001,0.802,-1.186,-0.014,0.903,1.079
1.187,-0.061,-0.169,0.86,0.329,1.696,-0.482,1.694
0.55,0.394,-1.23,-0.155,-0.924,0.631,-0.019,0.351
-0.556,0.702,-1.339,-0.898,0.756,0.277,-1.241,1.807
0.787,-0.448,-0.895,-0.008,-0.423,-2.083,-1.18,-0.128
-0.84,-1.089,-0.8,0.804,1.017,-0.954,-1.276,-0.473
-0.509,-2.06,-0.198,0.811,-0.206,-1.762,-0.283,-1.457
-2.09,-2.085,-0.095,0.422,0.376,-0.272,0.208,-1.553
-0.09,0.034,1.602,0.903,-1.429,0.486,0.081,-1.615
0.421,-1.288,-0.551,1.729,-0.167,2.593,0.368,-0.047
1.07,0.578,-0.397,2.061,-1.314,1.767,0.57,-1.053
0.882,0.792,-2.362,0.265,-0.643,-0.165,0.074,-0.015
0.964,-0.028,-1.106,0.101,-1.6,0.313,-0.001,-1.325
-1.254,0.76,-0.937,0.366,-1.963,1.328,-0.124,-0.218
-0.021,0.503,-0.398,0.382,-1.231,2.919,0.912,0.58
1.758,-0.543,-0.376,0.798,0.113,2.955,-0.111,-0.437
1.493,-1.883,-0.352,1.212,-0.574,-0.282,2.192,-0.481
0.054,-0.268,0.696,0.92,-0.88,0.529,0.616,-0.172
0.283,1.37,-0.209,2.01,-2.126,1.358,1.383,-0.617
-1.453,0.656,0.627,-0.258,-0.634,1.334,2.721,0.308
1.088,1.086,1.901,-0.028,-1.531,0.052,1.581,-0.237
1.35,2.246,0.253,-0.914,2.683,-0.381,1.837,0.828
0.628,1.423,1.222,-2.301,-0.585,-0.354,0.986,-0.664
0.332,0.428,0.658,-2.737,1.077,-0.485,-0.599,-1.954
-1.439,0.367,-0.286,-0.153,0.173,-0.276,-1.003,-1.39
-1.835,-0.286,0.72,1.024,0.614,-0.606,-1.26,-1.357
-0.153,-0.214,-0.194,0.601,0.192,-0.354,0.851,0.086
0.226,-1.437,0.216,-0.685,1.796,1.39,1.597,0.631
-0.602,-0.191,-0.332,0.304,0.405,0.036,-0.321,0.98
0.514,-0.113,-1.143,0.831,0.636,-0.2,0.03,0.597
1.182,0.033,0.299,1.717,0.272,-0.356,-1.165,-0.539
0.359,-0.784,-0.274,0.932,1.019,0.209,-0.686,-1.481
-0.177,-1.022,0.472,-0.614,-0.703,-1.205,-1.707,-0.519
-0.84,0.537,0.024,0.369,0.23,-0.471,-2.675,0.672
-0.985,0.018,0.43,-0.36,-0.766,0.429,-1.303,-0.009
-0.434,0.372,-0.368,0.86,-0.838,-0.561,-0.412,1.373
0.049,0.023,0.759,0.135,-1.757,0.62,0.216,-0.828
-0.287,0.266,0.361,0.098,-1.128,0.066,-0.014,0.355
0.794,-0.172,-0.036,-0.387,0.051,1.811,1.717,0.328
0.615,-0.613,-0.02,0.512,0.393,0.069,0.79,0.365
-0.365,-0.511,0.161,-0.567,0.611,0.18,-0.718,-0.809
0.411,0.087,-0.169,1.44,1.075,-0.471,1.28,-0.88
-0.016,0.125,-0.325,0.487,0.454,-1.084,0.6,-1.262
0.276,1.111,-1.047,0.249,0.048,0.819,1.191,-0.575
-0.715,0.355,-0.758,0.135,0.448,0.992,0.837,-2.212
-0.906,0.701,-1.007,1.03,-1.311,0.245,-0.362,-1.041
-0.178,0.223,1.848,-0.205,-0.784,0.244,-0.368,-0.244
-0.548,1.058,0.149,-0.397,1.073,0.796,0.592,-0.27
-0.397,1.015,0.142,0.227,0.046,0.606,-1.117,-0.17
0.436,0.501,0.681,-1.896,0.262,-0.297,-1.196,0.337
-0.465,0.076,-1.662,-2.181,0.936,0.191,-0.526,0.693
0.521,-0.999,-0.766,-1.401,-0.13,-1.659,-0.651,1.198
-0.199,0.405,0.003,0.41,1.079,-1.453,0.902,1.071
-0.066,-0.919,-1.071,0.239,0.256,-0.934,-0.749,0.75
-0.992,-1.915,0.71,-0.67,-0.133,-1.361,-1.346,-0.804
-2.23,0.213,0.766,0.67,0.556,0.611,-0.47,0.426
-1.204,0.467,1.688,0.948,-0.256,-0.616,-0.753,-0.601
0.179,-1.283,0.232,-0.01,0.936,1.114,-1.399,-0.131
0.073,-0.386,-0.314,-0.257,0.18,0.301,-0.194,0.058
0.966,-0.417,0.467,1.11,-0.068,-0.508,-1.562,-0.257
-0.812,0.725,-0.533,-0.185,0.437,0.704,-2.408,0.066
-0.271,-1.093,-0.571,0.551,-0.198,-0.983,-0.802,0.046
-2.102,0.466,1.309,-0.746,0.8,0.447,-0.808,-0.508
-0.189,1.373,1.006,-1.384,-0.016,0.044,-0.084,-0.043
-0.455,0.097,-0.374,-1.063,-0.054,-0.659,-0.449,-0.266
-0.33,-0.176,-0.182,-1.441,-0.336,-0.364,0.412,0.739
-1.811,0.779,-0.201,0.646,-0.436,-1.1,-0.238,-0.79
-1.17,0.832,1.728,0.418,0.111,-0.656,-0.855,0.721
-2.423,0.523,-0.505,-0.08,-0.879,0.792,-0.87,0.855
-1.861,1.624,2.025,-1.438,0.752,-0.421,1.545,0.282
-2.156,-0.436,-0.044,0.674,0.517,-0.505,1.377,-0.014
-1.708,-0.835,0.405,1.073,1.551,-0.273,0.504,-1.368
-1.163,-0.187,0.936,0.299,0.15,-1.158,-0.453,-0.541
-0.486,0.153,-0.563,0.62,2.052,-0.911,-0.981,-0.781
0.714,-0.493,1.657,-0.189,0.177,-0.521,-0.485,0.4
0.273,-1.06,-0.136,-0.471,1.804,0.92,-2.007,1.019
0.336,-0.316,0.531,0.09,0.483,-0.322,-0.935,1.502
-0.877,0.147,-1.745,-0.015,-0.744,0.51,0.183,1.939
-0.867,-0.554,-0.747,-0.18,-0.651,-0.51,-0.59,1.901
-0.763,-1.366,0.895,-1.46,-0.608,0.411,-2.182,1.66
0.112,-0.633,-0.588,-0.21,2.377,1.492,0.213,1.123
1.143,0.319,-0.875,-0.101,-0.453,0.213,1.146,1.019
2.051,-0.951,0.315,0.447,0.82,-0.051,0.143,0.898
0.682,-0.842,0.271,-0.029,1.508,-0.076,-0.098,-0.775
0.522,-1.799,-0.174,0.125,-0.726,0.417,-0.183,-1.16
0.897,-0.272,0.827,2.436,0.342,1.643,-0.442,-1.179
-0.036,2.025,-1.719,0.807,-1.454,0.017,0.201,-1.475
0.787,1.45,-2.425,0.117,-1.797,0.871,-0.002,1.004
-0.518,0.37,-0.901,-1.088,-1.217,1.818,0.847,-1.555
0.359,0.756,-0.605,-1.299,-0.173,1.497,1.156,-0.267
-1.013,0.608,-1.423,-0.291,0.796,1.001,0.506,0.857
-1.216,-0.071,-0.69,0.29,0.799,0.243,0.801,-0.932
-2.102,1.093,-0.865,1.009,1.203,1.134,0.098,0.386
-1.768,-0.975,2.478,0.755,-1.301,-0.848,-0.325,0.449
-2.753,-1.395,0.096,1.667,2.457,-0.298,-1.694,0.009
1.009,-1.034,2.144,1.474,-0.745,0.27,-0.902,0.598
0.707,-0.662,-0.902,0.701,2.362,0.619,-2.27,1.6
-0.45,-0.688,0.287,1.496,-0.478,0.687,-0.754,0.893
-0.495,-0.243,0.202,1.414,0.2,0.343,-1.872,-0.393
-0.576,-0.858,0.903,-0.448,-1.121,-0.187,-1.597,0.938
0.277,-0.268,0.117,0.969,0.139,0.612,-0.745,1.866
0.622,-0.397,-0.225,0.61,-2.052,0.715,-1.04,0.113
1.169,-0.117,0.268,0.224,1.261,0.936,0.554,1.276
-0.165,-1.47,-0.333,-0.371,-2.497,0.631,0.52,-0.186
-1.642,-0.605,-0.212,-1.486,-0.51,-0.306,-0.796,-1.344
-0.303,0.434,0.951,-0.035,-1.964,-1.154,1.531,-1.68
0.317,1.979,0.371,-0.415,0.421,0.099,0.486,-0.406
1.012,1.337,0.078,-1.395,-1.707,-0.111,0.739,-0.147
0.035,2.366,0.496,-2.339,1.063,-0.627,0.468,-0.838
1.107,1.417,-0.802,-1.424,-0.767,0.241,1.106,0.351
-0.054,-1.061,0.067,-0.771,0.596,-0.683,-1.141,-0.906
-0.641,-0.541,0.471,-0.567,0.042,-1.47,0.268,-0.09
0.463,0.193,0.056,0.742,1.675,-0.712,0.082,-0.2
1.025,0.142,0.116,1.81,0.765,-0.13,0.299,-1.014
1.269,0.45,-0.643,0.351,-0.387,-0.762,-0.411,0.078
1.41,0.992,-0.089,-0.481,-0.661,-0.062,0.315,-0.912
1.241,-0.401,0.072,-0.693,0.688,0.446,1.324,-0.804
-0.049,-0.793,-0.653,0.06,-0.514,-0.663,0.091,0.463
-0.332,0.292,-0.052,0.08,-0.567,0.42,1.188,-1.158
-0.326,-0.135,0.539,0.614,-1.137,-0.306,0.24,-1.011
-1.225,-1.581,0.492,0.517,0.433,0.397,0.625,-0.507
0.332,-0.757,-0.098,1.176,-1.102,0.372,0.226,0.034
-0.576,-0.197,-0.82,1.728,-0.544,-0.184,-0.338,-1.196
-0.402,-2.076,-0.468,0.883,-0.045,0.571,0.128,-0.871
-0.971,0.255,0.84,0.916,-0.521,-0.616,-0.511,-0.553
-1.339,1.458,-0.215,0.445,-0.982,0.266,-0.236,-0.667
0.401,1.394,-0.056,0.381,-0.545,1.067,-1.216,1.755
-1.157,0.79,-1.393,-0.369,0.584,0.42,1.227,1.461
0.425,0.426,-0.513,-1.719,-1.99,-0.033,-0.167,1.249
-0.802,-0.106,-1.748,-0.433,0.536,-0.226,-0.427,1.235
-0.841,0.32,-1.509,-0.128,-3.463,-0.604,1.463,-0.432
-1.044,-0.052,-1.176,0.071,-0.127,-0.561,-0.515,-1.633
-0.798,-1.523,2.233,-0.002,-1.075,-1.207,0.604,-0.361
-0.385,0.714,-0.256,1.206,-0.682,-0.063,-0.461,-0.283
-0.289,1.154,1.504,-0.38,-2.963,0.548,-0.243,1.026
0.173,2.188,0.079,0.218,-0.527,1.446,-1.173,-0.457
0.599,0.555,-0.023,-0.395,-0.003,0.963,-0.18,1.646
0.522,-0.089,-1.133,-0.573,0.866,-0.51,-1.259,0.834
-0.556,-0.782,-0.328,-0.614,-0.983,1.25,-0.049,1.643
-0.396,-0.135,-0.676,-0.222,0.333,0.225,-2.02,0.881
-0.557,1.276,0.539,-0.489,0.61,0.387,1.038,1.077
-0.754,2.131,-0.944,-1.562,0.178,-1.141,0.744,0.724
-1.205,-0.214,1.419,-0.985,0.388,-0.689,0.089,1.212
-0.151,-0.498,1.73,0.302,-1.694,-1.262,-0.492,1.314
-1.247,-0.669,1.412,1.849,0.203,-0.847,-1.472,0.566
-0.44,-1.08,2.205,0.966,-1.111,0.0,-0.472,0.714
0.286,-0.737,-0.091,0.263,1.28,-0.628,0.239,-0.125
0.592,-2.47,-0.212,1.45,0.679,1.532,0.166,0.178
-0.014,-0.377,0.368,0.907,-0.037,-0.247,-0.842,-0.119
0.03,1.439,0.559,-0.756,0.769,0.806,-3.113,0.558
-0.344,-0.26,0.559,-0.415,1.084,1.056,-0.012,-0.279
0.125,0.863,1.145,0.909,0.757,1.961,0.254,0.438
1.232,0.816,2.714,-0.017,0.677,-0.057,-0.324,-0.255
0.28,0.85,-0.092,-0.997,1.052,0.052,-1.312,0.346
0.592,-1.101,0.313,-0.789,0.793,-1.023,-2.636,0.02
-0.174,-0.987,-0.756,-0.841,1.702,-0.602,-2.54,0.872
-0.081,1.256,0.532,0.43,-0.256,-1.84,-1.663,0.814
-0.117,-0.49,-0.179,-1.199,1.354,-0.653,-2.015,-0.224
-0.485,-0.439,0.459,-1.25,0.133,-0.035,-1.734,2.379
-1.112,-0.57,0.314,-0.347,0.36,-0.604,-1.458,0.319
-0.025,-0.143,-0.666,-1.177,0.084,-1.338,-1.794,0.944
1.336,-1.046,-1.057,-0.952,0.299,-0.998,-1.092,0.985
-0.294,1.323,-1.943,0.73,0.101,-0.893,0.095,0.622
1.081,0.833,-0.488,-0.043,-1.022,-1.545,1.143,0.95
-1.642,1.798,-0.951,-1.228,-1.705,0.595,1.214,-0.001
-2.091,0.875,0.386,-0.901,-0.052,-1.743,1.958,-0.432
-1.515,1.073,-0.203,-2.549,-0.119,-0.807,1.106,-0.858
-1.625,2.107,0.398,-0.292,-0.329,-1.645,0.485,-0.607
-1.132,0.22,1.131,0.202,0.616,-0.118,0.489,-0.755
0.245,-0.269,0.704,-0.506,-0.394,-0.531,-1.505,0.507
0.566,-1.024,-0.259,-0.69,-0.209,0.997,0.365,-0.486
0.705,0.538,-0.921,0.817,-0.493,-0.861,-1.116,0.135
-0.954,0.586,-0.128,-0.694,0.33,0.52,-1.78,1.178
0.061,-1.27,-0.633,0.439,-1.705,1.311,0.341,0.293
-0.893,-1.242,-0.203,-0.527,-1.187,-0.524,-0.832,0.391
-1.765,0.708,-0.957,1.153,0.678,0.006,0.192,0.355
-0.402,1.042,0.603,2.157,-1.993,-0.076,0.171,0.282
-0.494,1.086,-0.26,-1.097,-1.53,-0.262,-1.268,1.144
-1.33,-1.516,-0.819,-1.57,-0.747,0.811,-0.737,1.281
-0.897,-0.222,1.659,-1.338,-0.739,-1.157,0.767,0.672
-0.759,-1.827,-0.348,-0.787,1.115,-0.217,0.6,0.719
0.233,-1.799,1.553,-0.042,-0.165,-0.855,-0.624,-0.551
0.202,0.204,0.06,0.035,1.363,-2.057,0.277,0.229
1.407,-0.659,-0.061,0.431,-0.246,-0.002,0.325,-0.097
0.677,-2.428,-0.172,-0.373,0.131,1.316,-0.67,-0.491
1.214,-0.33,-0.423,0.081,0.42,0.405,-0.615,-1.273
0.9,0.401,-1.962,-0.485,-0.215,-0.637,-0.606,-0.354
1.122,0.892,0.323,0.743,-0.262,-0.423,-1.58,-0.811
1.08,1.253,-1.413,0.169,1.303,-1.136,-0.418,-0.48
0.823,1.315,-0.624,-1.229,-0.885,-1.866,1.063,0.06
-0.738,2.49,-0.24,-1.524,0.737,-0.888,0.568,-1.55
-0.911,1.469,-0.37,-2.32,-0.372,-0.343,0.68,0.148
-1.238,0.873,3.071,-0.433,0.555,-0.471,0.85,-0.442
-2.042,0.252,0.206,-0.668,1.118,-0.962,-0.488,0.004
-0.276,-0.189,2.149,-0.326,1.035,-0.703,0.288,0.143
-0.83,0.806,1.328,1.327,1.728,-1.398,-1.078,0.692
0.489,0.035,0.547,0.382,0.632,0.343,-1.365,0.031
-0.412,0.391,0.528,0.763,0.781,0.375,-1.556,0.647
-0.123,1.237,-0.252,-1.479,-1.036,-1.628,-0.989,1.051
-0.057,-0.334,0.301,-0.471,0.648,-0.53,-1.684,-0.521
-1.322,0.06,-1.943,0.989,0.811,-1.512,-2.009,-0.817
-0.105,-1.761,-0.572,1.661,-0.451,-0.36,-1.789,-1.285
-0.761,-0.382,-2.042,-0.177,0.914,-0.178,-1.521,1.031
-0.234,-2.685,-1.405,0.009,-0.837,1.421,-1.434,0.669
0.488,-1.12,-0.81,2.348,-1.536,-0.124,-0.589,0.309
0.111,-0.037,-1.51,2.146,-2.09,0.326,0.373,2.428
0.227,0.841,0.437,-0.175,-1.252,1.401,0.866,0.888
-0.182,-0.712,-1.309,0.498,0.482,0.416,1.699,-0.366
-1.573,-0.986,0.244,0.622,-1.149,0.688,0.556,-2.032
-1.71,-0.795,-0.888,1.3,-0.896,1.432,1.026,-0.305
-0.209,-0.092,-0.093,0.027,-3.067,0.179,1.221,1.115
-0.431,-1.143,-1.064,-0.732,0.951,1.059,0.838,0.499
-0.233,0.275,0.855,-1.42,-1.526,0.757,1.851,-1.772
0.332,0.628,0.989,-1.337,2.087,0.481,0.261,-0.225
0.324,1.732,-0.428,0.165,-0.02,-0.229,2.097,-0.516
1.139,-0.111,1.572,-0.272,0.596,-0.144,-1.732,-1.403
1.12,0.629,0.25,0.097,-0.24,-1.251,-1.06,1.058
0.312,1.209,1.006,-0.66,0.136,-1.469,-0.601,-0.47
0.851,0.283,1.678,-2.079,0.411,-0.05,0.103,0.97
0.909,0.051,0.108,0.936,0.58,-1.254,0.8,-0.54
1.015,1.669,-0.833,0.44,-0.483,-2.182,0.035,-0.093
0.92,1.192,-0.455,0.311,-1.153,0.393,0.847,0.356
-0.289,1.731,-0.27,-0.49,-1.151,-0.359,-0.636,-0.537
-0.421,1.416,-0.245,-0.472,-0.117,-0.063,0.243,0.414
0.248,0.582,1.475,-1.106,-1.561,-0.108,1.564,-0.271
0.951,1.541,-0.489,-0.74,0.281,0.07,-0.233,-0.775
0.576,0.645,0.958,-0.983,-0.759,0.316,-0.15,0.564
-0.595,-0.623,-1.059,-1.018,0.515,-0.748,0.319,0.839
1.238,-0.22,0.95,0.025,-0.967,-0.365,0.268,1.616
-0.304,-0.603,-0.694,-1.71,1.951,-1.012,1.156,1.264
0.571,0.745,2.237,-1.195,-0.417,-1.181,0.262,0.353
-0.437,-0.515,-0.433,-1.346,-0.07,-1.187,-1.144,0.772
0.466,-0.463,2.298,-0.562,1.434,-2.084,0.444,0.346
-0.748,0.863,0.342,-0.188,1.281,0.066,-0.714,-0.897
0.34,1.157,0.546,0.347,0.315,0.625,0.535,-0.622
1.972,0.05,-1.27,-1.026,-0.955,1.763,0.931,-0.174
2.049,0.187,-0.002,0.45,-1.411,-0.557,0.752,-1.145
-0.082,-1.178,-2.199,1.318,0.07,0.339,0.643,-1.873
0.1,-0.927,-0.731,-0.201,-1.346,0.575,0.755,-0.321
0.231,0.578,0.187,1.984,0.851,0.305,1.764,0.566
0.724,-1.976,-1.015,-0.18,-2.798,-0.893,1.046,-1.301
0.336,-0.773,-0.334,0.512,-1.799,0.244,-0.227,-0.961
0.068,-0.308,-0.216,0.776,-0.496,-1.403,0.933,1.139
-1.779,-1.039,-0.041,0.833,-1.685,0.719,-0.627,-0.293
-0.123,0.038,-0.621,1.311,-1.05,0.957,-0.529,0.212
-0.448,0.107,0.741,-0.132,-0.29,0.577,0.813,-0.57
-1.738,-0.03,0.472,0.66,-0.369,0.913,0.984,-0.634
-0.963,-0.307,0.791,-0.922,0.496,-0.919,0.155,1.595
-0.275,1.725,1.013,0.709,0.107,-1.087,-0.149,1.294
-0.834,-0.758,-0.473,0.407,-0.259,-0.699,-0.378,0.074
0.674,-0.038,-0.204,0.753,-0.167,1.378,-0.66,-1.104
0.615,0.001,0.834,0.497,0.541,0.353,-0.655,-0.619
-0.147,1.463,0.698,0.053,-0.772,0.357,-0.645,-1.236
0.177,1.107,-1.099,1.519,-0.127,0.913,-0.477,-0.34
0.695,1.393,0.331,0.205,-0.437,-0.263,-1.642,0.098
0.26,0.858,0.934,-1.121,0.609,-0.01,-0.376,-0.624
0.861,-0.186,0.136,-1.411,0.8,1.017,-1.714,2.16
1.169,-0.458,-0.823,-0.306,0.542,0.841,-0.89,2.367
1.851,0.311,1.18,0.619,0.46,-0.606,-1.567,0.632
1.567,-1.716,-2.415,-1.219,1.01,0.918,0.355,-1.125
0.934,0.094,2.007,2.009,-0.623,0.167,-1.081,0.815
-0.152,0.468,-2.012,0.141,0.398,0.416,-1.147,-0.405
1.28,-0.637,2.203,0.79,-1.42,1.724,-0.049,0.191
-0.573,1.128,-1.909,1.241,-0.143,1.821,-0.254,-1.037
0.365,0.678,0.807,0.475,-3.045,1.142,2.071,-0.921
-0.094,-0.795,-0.909,0.077,-0.338,0.644,0.866,0.306
-0.172,-0.258,-0.658,-0.75,-1.015,1.117,1.385,-1.385
1.103,-0.038,0.981,-1.046,-1.981,0.313,0.105,-1.313
1.28,-0.361,-0.455,-0.826,0.677,0.184,-0.591,-1.236
-1.096,1.27,0.455,-1.168,-1.588,-0.645,1.153,0.703
-3.54,0.382,0.15,-0.302,-0.294,0.156,-0.903,0.557
-2.086,0.542,1.959,0.097,-0.235,0.547,-0.817,0.276
-1.34,-0.27,-0.115,1.175,0.489,0.281,-0.079,2.316
-0.9,-1.988,2.013,1.607,-0.045,-0.074,0.147,1.173
-0.52,0.825,0.542,0.641,-0.55,1.616,0.545,0.791
-0.803,1.144,0.84,-0.642,0.404,0.559,0.768,0.835
-0.002,0.684,-0.362,-1.353,1.256,-0.545,0.051,1.978
1.048,0.283,0.583,0.129,1.308,-2.069,0.288,2.824
0.423,-1.676,1.285,0.844,-0.006,-0.738,-1.885,0.941
1.68,0.061,-0.772,-1.011,0.224,1.176,-0.972,0.02
1.919,0.07,1.046,0.765,-1.066,0.978,-1.043,0.22
1.597,-0.11,-2.748,0.25,1.314,0.517,-1.1,-0.4
0.122,-1.888,0.169,-0.256,0.62,-0.732,0.809,1.152
-0.887,-0.939,-0.965,0.04,0.327,-0.419,0.949,0.993
-1.015,0.162,0.278,-0.933,-1.23,-0.388,0.781,-0.035
-2.354,-1.24,-1.444,0.067,1.178,0.283,1.09,-1.161
-0.794,-0.368,1.318,0.793,0.443,-0.58,0.06,-0.04
-0.695,0.202,0.184,1.112,1.444,-0.162,-1.546,-0.771
0.432,-0.581,1.71,1.184,-1.501,-0.939,-0.973,0.615
1.509,0.589,0.159,0.352,0.087,0.446,-0.953,-0.169
1.154,-0.566,0.431,-0.233,-0.243,1.194,-2.251,1.808
2.103,0.392,-0.003,0.383,-0.888,-0.231,0.127,1.201
0.955,-0.986,-0.115,0.126,-0.68,0.623,-0.467,0.178
1.715,-1.062,-1.666,0.554,-2.246,0.399,0.156,0.76
0.793,-1.272,-0.119,1.269,-1.3,0.718,0.127,0.637
-0.478,-1.153,-2.405,0.387,-0.9,0.353,1.317,-0.946
-1.34,1.111,0.114,0.257,-1.803,0.742,1.488,-0.382
-1.127,0.349,2.517,1.005,1.595,0.881,0.711,-1.019
-1.805,0.219,0.961,1.303,-0.09,0.205,2.262,-0.982
0.574,-0.162,0.925,1.59,0.634,0.233,1.053,-2.47
0.661,0.174,0.348,-0.312,0.484,0.873,-0.294,0.27
-0.254,1.746,0.773,1.058,1.899,-0.575,-1.115,-0.001
0.527,1.691,-0.377,-0.388,-0.948,-0.417,-1.133,-0.317
0.591,1.377,-0.54,-0.907,0.485,-1.172,-2.471,-0.31
-0.053,1.202,-0.325,-1.103,0.07,-0.688,-0.215,-0.567
0.334,-0.967,0.257,-1.774,1.203,-0.523,-1.689,-0.314
-0.194,-0.076,-0.385,-1.103,-0.217,0.598,-2.526,1.083
-0.566,1.262,-0.509,-0.477,0.254,-0.25,-1.014,2.123
-0.129,0.493,-1.382,1.566,0.311,-0.63,-0.181,0.494
0.187,1.815,0.297,0.583,-0.389,-0.896,0.375,-0.065
-0.317,0.712,0.351,-1.515,0.096,0.573,0.505,0.394
-0.897,1.629,0.985,1.72,0.322,-0.317,1.335,0.118
-1.132,0.976,-0.465,-1.274,0.701,-0.67,1.128,-0.043
0.595,1.455,0.143,0.083,-0.038,0.152,-0.649,0.013
1.404,-0.124,-0.561,0.833,-0.658,0.129,0.364,-1.749
0.37,0.992,-0.882,0.48,-0.047,0.514,-0.631,-2.301
0.244,1.29,-0.631,-1.779,0.542,0.988,0.107,-1.422
0.978,0.289,1.208,-0.602,0.486,0.984,-0.394,-0.71
0.595,-0.417,-1.249,0.154,-0.48,0.53,0.386,-0.076
0.227,1.191,0.133,0.813,0.525,-0.141,-0.937,-0.791
0.212,-0.924,-0.117,-0.8,-0.985,0.516,-0.961,-2.741
0.182,-0.389,-0.233,0.435,-0.743,0.382,-0.303,0.461
0.242,0.338,1.204,0.851,-1.86,-0.126,-0.733,-0.174
0.633,0.066,0.724,0.705,-0.59,-1.099,-0.8,0.909
0.077,0.918,0.793,0.821,-1.0,0.569,-0.954,1.253
2.513,-1.005,-0.452,1.167,0.529,1.4,-0.291,-1.78
2.375,-2.039,-0.669,0.519,-1.109,1.124,0.443,1.738
2.33,-1.248,-1.427,-1.258,0.313,1.029,-1.126,2.275
1.622,0.322,-2.16,0.437,-0.991,-0.161,0.298,1.561
0.745,-2.511,-1.323,1.335,-1.356,0.466,1.295,0.643
0.668,-0.802,-0.755,2.057,-1.227,-0.262,2.036,1.035
-2.203,0.233,-2.688,2.107,-0.957,0.634,0.981,0.663
-1.659,0.046,-0.663,0.051,-2.433,2.389,0.907,-0.405
-2.533,0.728,0.351,0.775,-0.342,2.773,0.247,-0.894
-0.586,-0.808,0.29,0.637,-2.555,2.432,0.403,0.697
-0.446,0.397,0.183,1.521,0.599,1.988,3.385,0.822
-1.561,0.405,0.909,1.078,-1.649,1.291,1.749,-0.258
-0.788,1.209,0.609,0.513,-0.638,2.194,-0.374,-1.646
0.62,0.241,0.666,0.582,0.3,1.378,0.603,-1.398
0.697,1.898,0.115,-0.379,-1.468,0.806,-1.08,-1.443
1.388,1.741,-0.388,0.95,-0.571,1.596,1.104,-1.925
0.15,0.097,0.277,-1.014,-1.279,-0.742,1.036,-0.877
0.406,0.775,-1.839,-0.878,0.143,-0.981,1.021,0.801
0.203,1.62,1.124,-0.957,-1.008,-0.117,0.433,-0.739
-1.336,-0.451,-0.376,-1.02,0.321,-0.571,0.535,-0.97
-0.873,-0.444,0.972,0.104,-1.499,-0.483,1.22,-0.563
-2.067,-0.659,0.111,0.293,1.288,0.174,0.684,0.909
-1.517,-1.184,0.098,0.583,0.186,0.176,0.788,-0.927
-0.475,-0.789,0.77,0.553,0.999,0.534,-0.29,-1.906
0.936,-0.073,0.817,2.92,0.77,-0.719,0.734,-1.212
-0.221,-0.277,-0.827,1.965,-0.895,-0.19,0.486,-0.442
0.547,-0.435,0.574,1.271,0.066,0.606,0.191,0.105
0.887,-0.425,-1.373,-0.528,-0.852,0.247,1.054,-0.326
0.345,-0.964,0.259,-1.117,1.15,1.725,0.887,-1.823
-0.357,1.024,-1.272,0.315,0.185,0.758,0.22,0.696
-0.942,1.515,0.377,-0.199,0.681,0.12,-0.854,-0.898
0.077,1.732,-0.917,-1.021,0.478,1.296,-0.547,-0.216
0.134,0.901,0.947,0.561,0.252,1.348,-0.045,-0.142
0.227,1.503,0.644,-0.923,-0.849,-0.78,1.01,0.616
0.404,0.661,0.718,0.011,-0.608,-0.655,0.134,0.051
0.638,1.184,0.587,-1.393,1.349,-0.567,-0.124,0.406
1.789,1.74,0.118,0.011,0.251,-1.392,-1.33,0.478
1.781,2.697,-0.92,-0.699,0.282,-0.531,-0.061,-0.311
0.235,0.307,-0.86,0.737,-0.159,-0.151,1.79,-0.167
-0.114,1.625,-1.335,0.283,0.196,-0.743,-1.003,0.036
-0.201,0.793,-2.653,0.853,-0.057,2.109,-1.909,0.665
-0.395,-1.353,0.738,-0.065,-0.761,0.597,-1.139,-1.31
-1.717,-2.529,-0.503,1.503,-0.478,1.284,0.376,1.258
-0.947,-0.25,2.204,1.63,-0.879,1.014,-0.368,0.761
-0.821,1.111,-0.367,0.129,1.107,0.488,0.913,-0.228
-1.002,0.419,1.573,-0.33,-1.48,0.602,1.133,-0.115
0.047,0.059,0.528,0.156,1.628,1.855,0.167,-0.598
1.091,0.585,0.416,-0.377,0.827,0.713,-1.069,-0.749
-0.499,0.101,-0.868,-0.976,1.018,0.159,-0.286,0.369
0.702,-1.089,-1.058,-1.576,0.405,1.252,-0.181,-0.471
-0.52,0.584,0.478,-1.139,-0.191,-0.854,0.023,1.331
-1.756,0.426,0.74,-0.21,0.134,-0.214,-0.782,0.707
-0.708,1.311,0.511,-0.289,0.445,0.289,-0.822,0.55
-1.071,0.441,-0.406,-0.548,-0.522,0.017,0.869,1.541
0.301,0.458,-1.011,-0.221,0.16,-1.218,1.133,1.084
-1.868,-1.042,-0.166,-2.026,0.134,-0.709,0.49,2.343
-1.187,0.589,0.11,-0.895,-0.144,-2.068,-0.101,0.971
-1.751,0.15,-0.579,-2.507,-0.18,-1.93,-1.317,-0.902
-2.162,1.471,1.121,-0.635,-0.183,-1.603,-2.032,-1.25
-2.164,0.55,0.238,-1.044,1.064,-1.077,-0.434,0.074
-1.978,1.758,2.466,-1.007,-0.651,-1.275,-0.745,-1.264
-1.645,-1.223,0.577,-0.442,3.488,-2.357,-0.362,0.16
0.618,-0.225,1.129,-0.397,0.22,-1.936,-0.228,0.333
0.583,-0.49,-0.755,-0.475,1.342,-0.238,-1.213,1.017
0.555,-1.095,2.034,1.34,-0.346,0.032,-0.807,0.496
0.196,-1.605,-0.511,0.606,1.592,0.934,-0.037,-0.445
1.677,-0.296,0.191,1.759,-0.017,-0.303,-1.007,0.945
0.169,-0.048,-1.297,1.891,-0.066,1.259,-0.127,1.829
0.769,0.062,-0.136,-0.613,-1.754,1.133,1.157,1.041
-0.257,1.654,-0.717,-1.181,-1.012,1.288,0.754,0.442
-0.659,-1.374,1.264,-1.383,-1.038,0.965,1.272,2.016
-0.753,2.172,0.746,0.138,-0.555,0.774,1.396,0.499
-0.18,0.28,0.779,-0.641,-0.493,-0.225,2.126,-0.225
0.92,1.258,2.469,-0.382,-0.303,0.763,0.468,-1.64
1.342,1.67,-1.353,-0.382,0.526,-0.038,-0.12,0.774
1.312,0.089,1.259,-0.885,0.235,0.847,-1.289,1.343
2.239,0.224,-0.884,-1.375,-0.504,0.993,0.862,1.694
2.455,-0.36,0.646,-0.559,0.502,-0.586,0.248,0.515
1.862,0.415,-1.599,1.73,-1.11,-0.94,-0.09,3.551
1.485,-2.006,-0.415,1.533,-0.814,0.372,-1.667,1.107
1.662,-0.55,-0.562,0.077,-0.027,0.946,-0.88,0.047
0.663,-0.636,0.41,0.312,-0.058,2.569,-0.084,-0.114
0.64,0.655,-0.484,-0.06,-0.601,0.747,-0.395,1.396
0.978,0.376,0.352,0.528,0.41,0.485,0.849,-0.273
-0.215,-0.094,-0.356,0.858,-1.279,0.467,1.707,-0.061
