x0,x1,x2,x3,x4,x5,x6,x7
-0.964,1.039,-0.144,1.084,-0.203,-1.675,-0.121,-0.078
-0.965,1.061,0.46,0.39,-0.23,-1.466,0.325,0.863
0.034,0.385,-0.102,0.512,-0.153,0.759,0.029,0.85
0.044,0.396,0.745,1.219,-1.227,0.609,0.068,0.898
-0.231,-0.842,0.114,-0.913,-0.162,1.449,-0.463,-0.612
-0.273,-0.764,0.012,-0.725,-0.366,0.806,1.495,-0.163
-1.248,-0.299,0.373,-1.13,-0.114,0.769,0.756,0.767
-1.914,-0.062,-0.543,-1.533,-0.314,0.574,-0.122,0.347
-1.958,-1.301,1.358,-1.59,-0.373,-1.088,0.914,-2.196
-0.634,-0.367,0.209,-0.263,1.8,-0.568,0.874,-1.464
0.673,0.056,0.93,0.262,-1.141,-1.018,1.376,0.134
1.493,-0.317,0.734,0.769,-0.581,-0.681,-0.42,0.335
0.474,-0.022,-0.163,0.603,-1.255,0.371,0.562,-1.164
-0.728,-1.312,-0.325,0.304,-0.256,0.147,0.75,-0.735
-1.004,-1.9,0.977,0.814,-0.132,0.579,-0.022,0.919
-0.685,-0.773,0.248,1.786,-0.513,0.493,0.722,1.733
0.23,-0.954,1.689,0.133,0.883,1.999,0.413,0.254
0.976,-0.499,-0.528,-0.634,0.595,2.382,-0.399,-0.403
1.5,0.426,0.192,-0.209,0.522,0.363,-0.531,0.618
2.038,0.124,-1.65,-0.639,0.257,0.4,-0.845,-0.192
1.317,-2.277,-1.779,0.086,0.172,1.217,-0.984,0.513
-0.3,-1.242,-1.27,-0.139,-0.112,-0.954,-0.242,1.782
-1.991,-1.044,-1.211,-0.272,-0.682,-0.356,-0.598,0.387
-2.41,-0.748,-0.307,1.031,-0.364,-0.498,0.438,0.748
-1.883,0.4,0.56,1.887,-1.922,-0.568,0.333,-1.157
-1.989,-1.079,-0.113,0.981,-0.512,0.523,0.827,0.087
-0.5,-0.298,1.096,1.84,0.137,1.632,2.295,-1.494
0.582,1.233,-0.224,1.587,0.73,1.684,1.9,-0.316
-0.794,0.057,1.666,0.837,0.55,2.037,0.509,-0.092
-0.035,0.415,-0.383,-0.511,0.362,0.889,0.227,-1.045
-0.928,1.017,-0.168,-0.993,-0.526,1.051,-0.2,0.531
-0.501,0.65,-0.193,-1.408,-0.043,0.175,-0.8,1.493
0.434,-0.278,0.256,-1.519,-0.443,-0.063,-1.591,1.118
0.289,-0.765,-0.937,-1.676,0.682,-2.237,-0.651,0.02
-0.563,0.239,-0.408,-1.713,-0.666,-1.44,1.378,-0.689
-1.121,0.628,-1.167,-1.038,-0.427,-1.283,1.515,-0.601
-1.093,-0.406,-0.339,-0.171,0.774,-0.148,2.147,-0.073
-1.296,-1.172,0.156,-0.12,-0.009,0.112,0.032,-0.885
-1.146,-1.653,1.064,0.099,1.573,0.554,-1.507,-1.082
-0.8,0.529,0.881,0.302,-0.607,-0.075,-1.285,-3.363
-0.012,0.198,1.604,0.105,1.612,0.43,-1.985,-1.999
-0.498,2.094,0.39,-0.215,-0.541,-0.567,-1.37,-0.757
0.085,1.528,1.499,-2.313,0.781,0.799,-1.69,-1.494
1.246,1.133,0.464,0.094,0.422,0.831,-0.016,-0.365
1.16,0.779,0.187,-0.034,0.123,-0.796,-0.08,-0.79
0.684,1.276,-2.09,-0.012,1.444,0.137,0.109,-0.289
1.29,-0.18,-0.326,-0.215,-1.104,-0.867,-1.756,-0.846
-1.598,1.744,-0.905,0.384,1.011,0.671,-1.162,-1.613
-0.402,0.651,-0.058,-0.274,-0.385,0.549,-0.011,0.293
-1.029,-0.257,1.084,-0.042,-0.09,0.27,0.004,1.791
-0.613,0.062,1.043,1.946,-0.748,1.643,-0.373,0.224
0.045,0.965,1.945,0.705,0.253,0.719,0.126,0.259
1.065,-0.385,1.819,-0.061,-0.211,0.103,-0.207,-0.815
1.279,0.235,-1.067,-0.41,0.488,1.361,-2.082,-1.276
1.1,-0.487,1.058,-0.767,-0.284,0.551,-0.556,-0.706
1.269,-0.698,-0.825,0.713,0.52,0.87,-1.177,-0.18
-0.332,-0.744,0.857,1.192,-1.435,0.608,-0.458,-0.365
-0.508,0.273,0.468,1.107,0.774,1.551,0.187,0.167
-0.947,-0.831,0.227,0.357,-0.761,-0.229,0.909,-0.263
-0.994,-0.184,-0.08,0.565,0.429,0.262,0.823,0.002
0.772,-0.436,-0.187,-0.045,0.243,-0.549,0.519,-0.485
0.49,-0.981,-0.248,0.085,0.715,0.999,-2.139,-1.502
0.419,-1.523,-0.999,0.753,0.401,-0.282,-0.268,0.955
-0.998,-1.791,-1.015,0.457,0.637,1.047,-1.32,0.565
-1.542,-2.334,-0.513,1.045,1.144,0.992,-1.654,1.611
-1.285,-0.447,0.418,0.428,-1.836,-0.79,-0.661,0.208
-0.823,-0.483,-0.286,-0.418,0.336,0.739,-0.42,1.352
0.011,-0.168,1.356,0.231,-0.171,0.062,0.164,1.509
-0.079,0.909,-0.726,-0.013,0.11,-0.319,-1.295,1.87
0.809,-0.595,1.733,0.306,-0.269,0.179,0.585,0.566
0.62,-1.118,-1.474,0.023,1.013,-0.188,0.209,0.743
-0.168,-0.35,0.441,1.445,-0.94,-1.308,-0.538,0.744
-0.619,-1.734,-0.578,1.407,0.377,0.214,-1.381,0.497
0.263,-1.404,-0.222,1.646,-1.404,0.32,0.488,1.443
0.386,-1.512,-0.947,-0.486,-0.588,0.275,-0.111,0.062
-0.047,-0.479,-0.092,0.754,-0.837,1.883,0.695,-1.554
-0.915,-0.606,-0.795,0.131,-0.336,0.68,0.054,-0.908
-1.419,1.427,-0.063,0.173,-1.433,0.306,0.968,0.127
-1.346,1.57,-0.081,-1.216,-0.548,0.799,0.449,-0.382
-0.17,0.076,0.699,-1.351,-0.347,0.074,2.122,-0.88
-1.464,-0.286,-0.587,-0.453,0.096,0.149,1.447,-1.64
-1.191,-0.402,2.236,0.555,-0.23,-0.644,2.046,-1.195
-1.802,2.627,-1.171,-1.188,0.054,-1.081,0.847,-1.386
0.129,0.012,1.925,-1.658,-0.75,-1.185,0.054,-2.361
-0.702,0.167,-0.747,-1.693,1.369,-0.944,-1.296,-1.045
-0.096,-1.701,0.998,-1.887,-0.524,-1.683,-0.843,-1.03
-0.475,-0.861,-1.371,-0.54,0.533,-0.614,-1.788,-0.281
0.347,1.147,1.173,0.703,-0.887,-0.984,-0.656,-0.458
-0.513,0.206,-2.076,-0.74,0.815,0.177,-0.159,-0.551
-1.99,1.018,1.202,-0.746,-1.137,-0.119,0.144,0.078
-1.73,0.544,-0.224,-0.749,-0.033,0.9,-0.31,0.658
-0.435,-0.173,0.96,-2.064,-0.187,0.193,0.496,-0.809
-0.524,-0.282,-0.87,-1.382,-0.682,0.138,-0.461,-0.011
-0.741,-0.648,0.175,-1.562,0.168,-1.065,-2.03,1.098
-0.583,-0.858,-1.858,-0.804,0.026,-0.692,-2.917,-0.864
-0.074,-1.547,0.808,0.768,-0.125,-1.909,-1.074,1.671
-1.037,0.498,-0.78,1.16,0.768,-1.271,0.222,-0.308
-0.561,-0.096,1.244,1.671,-0.649,-1.046,0.926,0.817
-1.297,0.197,-1.034,0.093,0.668,1.235,1.673,2.383
-0.552,-0.711,0.748,0.45,-0.965,0.673,1.445,1.436
-1.806,0.606,0.175,0.724,0.013,0.732,1.012,-0.697
-0.666,-0.004,1.344,-0.27,0.065,0.939,0.706,-0.856
-1.031,-0.052,1.204,0.889,-0.06,0.213,0.509,-0.394
-0.052,-1.591,1.442,0.754,-0.053,-1.261,-0.3,-0.096
-0.541,-0.469,0.878,-0.14,1.2,0.51,0.13,-0.73
-0.242,1.299,1.062,-0.301,0.393,-1.06,-0.197,0.177
0.088,-0.099,1.597,-0.432,1.993,0.207,0.834,0.754
-0.669,-0.445,0.138,0.658,0.916,-0.275,2.028,1.066
0.206,-1.215,0.609,1.279,-0.613,-0.92,1.278,1.317
-0.052,-0.488,-0.007,1.013,0.152,-0.3,0.833,-0.224
-0.987,-0.203,0.303,-0.084,0.165,-0.296,0.319,0.529
-1.563,0.524,0.252,-1.259,-0.099,0.209,-1.245,0.727
-0.541,0.71,1.497,-1.247,1.271,-0.321,0.269,-1.013
0.335,-0.351,0.656,-1.157,0.52,-0.567,-0.921,-1.126
0.703,0.004,0.225,0.182,0.816,-0.633,-1.385,-0.304
1.017,-0.241,1.633,0.2,1.563,-1.464,-1.03,0.035
0.953,-1.032,-0.753,1.173,0.113,-1.444,-0.984,-0.039
1.494,-0.594,0.835,1.913,1.857,-1.18,-0.637,0.488
1.642,3.051,-1.662,1.498,-1.027,-0.268,-0.319,0.435
0.42,3.493,-0.702,0.283,-0.953,2.667,-0.864,0.129
0.159,1.895,-1.266,-0.108,-1.554,1.93,-0.484,1.376
-0.393,2.409,0.971,-1.06,-0.64,1.659,0.539,1.08
-0.877,1.178,-0.373,0.905,1.462,0.564,1.528,0.824
-0.45,0.612,1.013,0.516,0.428,-1.701,1.716,-0.17
-0.694,-1.345,-1.057,0.218,1.606,-1.288,0.084,0.096
-0.937,-1.556,0.984,0.994,0.076,-1.495,-0.863,-0.495
-0.901,-1.476,-0.88,0.955,1.376,0.029,-0.898,-1.589
0.88,-0.737,0.386,0.827,-0.338,0.509,-0.582,-1.745
0.266,-0.364,-0.49,0.303,0.656,0.988,-1.285,-1.162
0.337,-0.667,-0.271,0.484,-0.595,-0.112,0.763,0.465
-0.398,-0.851,0.74,-0.174,0.102,-0.246,-0.098,-0.502
-0.445,-0.592,1.007,-0.45,-0.693,0.627,-0.797,0.096
0.287,-1.465,0.707,-0.148,0.767,1.136,-0.66,0.092
0.328,-1.263,0.434,0.53,-0.565,0.236,-0.093,-0.638
0.191,-0.978,0.079,0.064,0.039,0.622,-1.033,1.506
0.578,-1.555,0.379,-1.0,-0.207,1.449,-0.927,-0.521
-0.18,-1.087,0.141,-0.015,0.602,1.273,-1.461,-0.231
0.196,-1.264,0.083,-0.201,1.096,1.087,-2.106,0.025
0.758,0.407,-0.879,0.694,1.064,-0.079,-1.798,0.772
1.495,0.009,-0.095,0.231,-0.026,-0.767,-1.628,-0.409
0.66,-0.081,-0.958,-0.387,0.731,0.675,-0.942,0.983
1.368,0.35,-0.835,-0.506,-0.02,0.09,-1.055,0.251
1.311,0.635,-1.114,-1.215,0.192,-0.295,-0.949,0.921
-0.063,-1.12,-1.596,-0.406,-1.046,1.182,-0.206,1.01
-1.267,-0.891,-0.073,-0.741,-1.346,0.411,-0.501,1.205
-1.655,-1.241,-0.115,0.279,-1.034,-0.344,-0.274,-0.135
-0.45,-0.655,0.831,0.509,-1.496,-0.359,0.175,-0.075
-0.394,-0.758,0.685,-0.051,-0.997,-0.289,0.224,0.036
-0.369,-0.231,2.226,-0.293,0.24,-0.491,-0.063,-0.473
1.059,-0.927,0.538,0.133,1.912,-0.523,1.559,1.308
1.755,-1.015,1.075,-1.045,0.187,-1.036,1.045,-1.236
-0.168,-1.001,0.313,1.073,1.369,-0.029,-1.442,-0.9
0.502,0.391,0.544,0.387,-0.62,0.182,0.43,-1.45
0.831,0.503,0.61,-0.332,0.578,0.218,0.3,-2.626
0.942,0.614,0.847,-0.067,1.218,-1.068,0.984,-0.775
1.196,0.021,-0.095,-0.411,0.958,-0.646,0.119,-0.487
1.104,-0.292,2.021,1.278,0.438,-1.719,-0.747,0.41
-0.153,0.392,-1.83,0.888,0.505,-1.142,-0.017,0.257
0.39,0.838,0.494,-0.66,-1.572,-0.648,0.352,0.537
-1.026,0.43,-1.941,-0.904,0.606,0.395,0.483,1.186
-1.155,1.149,1.558,0.045,-1.435,-0.567,2.444,0.036
-2.356,1.752,-0.241,-1.24,1.321,-0.146,0.083,-0.345
-0.697,-0.626,1.252,-1.642,-0.35,-0.136,0.152,0.299
-0.496,0.101,0.785,0.654,2.698,-1.241,-0.2,-1.102
-0.182,-0.033,0.628,0.498,1.046,-3.726,-0.242,0.115
-0.271,0.308,2.437,-0.914,1.929,-1.373,-1.305,-0.816
0.035,1.05,0.061,-0.984,1.78,-0.631,-0.301,-0.545
1.659,-0.268,1.998,-0.44,0.355,-1.297,-0.847,-0.311
-0.189,-1.352,-1.444,1.197,1.427,-1.51,-1.353,0.737
0.864,0.235,1.476,0.537,-0.865,-1.439,-1.415,-0.072
-0.284,-0.727,-1.427,0.258,0.819,0.749,-0.962,0.323
-0.93,-0.981,-0.108,0.259,-0.384,1.574,0.279,1.059
-2.479,-0.28,-1.826,-0.201,0.845,0.911,-0.722,1.244
-2.309,-0.842,0.825,-0.921,-0.151,0.421,-0.82,2.521
-2.06,-1.733,0.845,-1.113,2.153,0.871,-1.776,1.367
-0.818,-0.941,1.349,-1.662,1.552,-0.942,-0.355,0.396
-0.888,-1.137,-0.271,-1.066,0.306,-1.774,-0.236,0.094
0.577,-0.177,2.116,-0.226,1.263,-0.52,-1.167,1.12
1.284,-0.483,-0.068,-0.066,1.06,-0.934,-1.343,0.34
1.942,-0.818,1.068,-0.657,0.415,-1.797,-1.005,0.14
0.91,-0.468,-0.548,0.285,2.318,-0.947,-1.878,1.086
1.799,0.701,2.029,1.404,0.206,-2.173,-1.463,0.927
1.558,1.151,-0.924,0.005,1.309,-0.994,-1.21,0.537
2.414,-0.172,-0.274,-0.235,-1.308,-0.158,-0.642,0.745
0.853,2.309,-0.71,0.472,1.115,0.458,0.034,0.288
-1.422,0.926,-2.134,0.805,-0.699,-0.106,0.591,0.844
0.212,-0.422,0.488,1.263,1.189,-0.029,-0.516,0.899
-1.714,0.546,-1.423,0.968,-0.156,0.045,1.482,1.438
-1.008,0.025,1.957,-0.189,-0.426,0.347,0.465,0.641
0.411,1.769,-0.226,0.443,-0.474,0.13,0.425,2.083
1.238,1.591,0.228,0.105,-1.188,-0.683,0.609,-0.115
1.432,0.586,-0.548,-1.272,-0.167,0.031,0.315,1.619
0.062,1.584,-1.485,-1.227,-0.464,-0.992,-0.203,1.151
-1.354,1.502,1.081,-2.614,0.6,-0.01,-0.1,0.522
-1.827,-0.29,-0.311,-1.838,1.075,-1.419,-0.281,0.203
-0.1,0.651,1.858,-1.194,-0.005,-1.078,-0.506,-0.512
-0.407,-0.128,-0.576,-0.702,0.579,-1.78,-0.973,-0.716
-0.136,-0.17,1.43,0.062,0.139,-1.315,-0.176,-1.44
-0.159,0.017,-0.286,0.434,0.564,-1.014,-0.683,-1.045
1.158,-0.755,2.221,1.106,-0.601,-0.26,-1.645,-0.354
-0.272,-1.515,-1.744,1.123,2.043,0.103,-0.258,-0.315
-0.192,-0.464,0.91,1.276,-0.89,-0.056,0.989,0.672
-1.295,-1.416,-1.155,1.967,1.507,0.163,0.217,1.298
0.193,-3.055,0.108,1.46,0.104,0.072,-0.422,1.541
-0.115,-2.258,-0.751,1.58,0.456,0.374,-0.213,-0.058
1.42,-0.869,0.745,1.409,-1.099,-0.016,0.189,-0.118
1.355,-0.668,-1.536,0.64,0.831,0.721,0.818,0.207
1.197,0.765,-0.227,-0.204,-1.65,-0.383,1.213,-1.644
1.141,0.456,-0.944,0.422,0.986,0.313,-0.207,-0.795
0.864,-0.385,-0.2,-0.018,-2.598,-0.063,0.048,-0.768
-0.21,-0.654,-1.232,1.434,0.923,0.11,-0.98,0.564
0.254,-1.572,-1.802,1.781,-2.043,1.057,2.368,0.561
-0.733,0.095,-1.053,2.63,0.511,2.093,0.995,-0.567
-1.354,-1.175,0.977,0.586,-1.353,2.2,1.246,0.231
-0.405,-1.224,-0.627,1.961,-0.256,2.089,0.617,0.223
0.016,-0.77,-0.116,0.341,-1.566,1.017,0.596,-0.46
-0.752,-0.392,-0.164,-0.957,0.969,1.124,1.524,0.15
-0.87,-1.473,0.282,-0.078,-0.7,-0.494,2.007,-0.967
0.041,-1.439,-0.208,-0.076,2.329,0.181,0.465,-0.598
-0.233,-0.503,0.116,0.561,-0.215,-1.494,1.657,-2.323
-0.49,0.71,-0.12,1.143,2.222,-1.187,-0.125,-0.547
-0.636,0.577,0.555,0.247,-0.154,-1.775,0.418,-0.576
-0.351,0.265,0.552,0.189,0.763,-1.685,-0.36,-0.446
-0.293,-1.252,-0.372,0.058,0.861,-1.161,-0.373,-0.632
-1.081,-1.158,0.928,1.163,1.797,-1.253,0.024,-0.76
-1.478,-0.19,0.129,0.013,0.389,-0.254,-0.41,-1.741
-1.302,0.746,0.639,-0.042,1.266,0.858,-2.123,-0.627
0.004,0.991,1.419,0.124,1.353,0.288,-1.154,-0.68
0.801,0.602,0.301,0.613,3.117,-0.072,-1.563,1.034
1.487,1.369,0.09,0.239,1.667,-0.481,-2.272,1.866
0.803,3.232,-0.693,-0.363,0.668,-0.739,-1.767,0.337
0.049,1.233,0.092,-1.24,-0.162,-0.793,-2.371,0.157
-0.552,-0.041,-0.227,-0.803,0.333,-0.477,-1.07,-0.136
-1.056,1.241,0.797,-0.768,0.48,0.598,-0.904,1.355
0.894,0.822,-1.008,-1.512,2.148,-0.927,-0.648,0.181
-0.602,0.511,0.853,-1.392,0.279,-1.057,-0.158,0.679
-0.392,0.564,-0.297,-0.581,2.038,-0.852,0.031,1.141
-0.825,-0.334,1.015,-0.975,0.754,-2.256,-0.17,0.281
-0.742,-1.069,1.26,0.155,1.237,-1.175,-1.577,-1.211
-0.807,-1.29,1.857,1.372,-0.046,-1.932,-1.229,0.309
-0.892,0.372,-0.039,0.747,0.774,-0.218,-0.118,1.597
-0.706,-1.107,2.071,0.263,-1.296,-0.112,1.968,1.206
0.699,-0.137,0.492,0.22,1.059,1.395,-0.594,1.169
1.164,-0.525,1.489,0.217,-0.848,0.206,-0.199,-0.534
0.478,-0.656,-1.437,0.217,1.199,0.151,-0.418,-0.854
1.267,0.319,-0.204,0.808,-1.589,-0.672,-1.048,0.862
0.372,0.808,-1.074,0.831,0.517,0.471,-2.74,-1.578
0.687,0.708,-0.932,0.225,-1.208,0.568,-0.828,-0.597
-1.141,-1.309,-1.12,-1.007,0.802,0.506,-1.019,-0.427
-0.913,0.641,1.092,0.184,-0.582,-0.325,1.001,1.894
-0.507,1.489,1.509,-0.342,0.117,0.465,-0.399,0.759
-1.074,0.789,0.629,-1.32,0.258,-0.673,-0.487,0.811
0.122,0.43,1.935,-0.589,2.768,0.021,-0.615,1.165
1.48,1.738,0.392,-0.47,2.062,-1.373,0.608,0.54
1.728,1.683,1.013,0.267,0.921,-1.09,-0.645,1.449
1.899,1.063,-0.161,-0.267,1.205,-0.138,-0.556,0.853
2.134,0.482,-1.247,-0.849,0.776,-0.439,-0.031,0.721
0.92,0.17,-0.05,0.446,0.519,-0.95,-0.425,1.533
0.224,1.134,-1.66,0.951,0.509,-1.264,-0.814,0.538
-0.916,1.45,-1.089,-0.262,-0.774,0.135,-1.77,-0.108
-1.537,-0.683,0.476,-0.701,-0.599,1.111,-1.133,1.125
-1.262,0.002,-0.115,0.087,0.039,1.243,-0.644,-0.291
-0.196,0.783,1.424,0.294,-0.396,0.854,-0.074,-0.819
-0.151,-0.893,0.438,0.846,1.216,0.725,0.965,0.231
0.915,-0.459,0.06,1.051,-1.002,-0.149,-0.503,1.655
0.059,-1.772,-1.372,1.928,-0.057,1.846,-1.09,1.812
0.005,-0.784,1.319,1.241,0.85,1.001,0.721,0.558
-0.472,-2.174,-0.163,1.014,-0.197,2.514,0.447,1.043
1.421,-1.675,1.96,1.975,-0.367,1.443,-1.666,-0.493
0.788,-1.304,-0.834,1.118,0.831,1.602,-0.491,-1.974
0.937,-1.275,1.555,1.53,-0.679,0.939,-0.446,-1.634
0.374,0.568,0.454,2.523,0.266,0.161,-0.504,0.851
0.215,0.745,0.427,1.637,-0.728,1.043,-1.361,-0.241
0.459,0.015,-0.063,0.429,0.424,1.39,-0.654,-1.953
0.24,-0.791,0.086,-0.087,-1.019,1.356,0.669,-0.806
-1.062,-0.618,-0.16,-0.833,-0.313,0.553,0.533,0.635
-0.734,-1.218,-1.47,-0.239,0.304,0.602,1.523,1.475
-0.774,0.252,-0.463,1.961,-0.839,-0.628,0.266,2.063
-2.174,1.83,-0.177,1.084,-0.24,0.275,0.515,-0.218
-1.674,1.768,0.946,0.471,-1.32,1.937,0.186,-0.852
-0.188,1.237,0.841,0.499,0.648,2.078,0.079,0.468
0.58,0.47,0.333,0.056,-0.218,0.312,1.288,-0.149
1.14,-0.161,-1.346,-0.417,2.069,0.096,0.237,-1.393
0.012,1.432,-0.237,0.174,-1.412,0.317,-0.386,-1.374
-0.147,0.216,-0.511,0.568,0.632,0.028,-0.967,-1.847
-0.077,1.407,-0.726,-0.014,-0.563,-0.125,-1.612,-0.614
0.131,-0.261,0.046,0.033,-0.504,0.115,-0.303,0.229
0.126,-0.389,-0.225,0.477,0.303,-0.21,0.078,0.044
-0.808,-1.667,-0.431,0.248,-0.503,0.533,-0.276,1.306
-0.661,-0.684,0.154,-0.075,-0.575,0.635,-0.143,0.721
-1.122,-1.437,0.703,0.959,0.129,0.507,0.978,-0.16
-0.744,0.721,0.792,1.664,-0.449,0.3,1.156,0.065
-0.861,0.727,-0.013,0.737,-0.132,1.205,0.192,-0.958
0.594,0.806,1.946,-0.147,-0.614,0.721,-0.16,-1.55
-0.162,0.618,0.604,-1.445,0.812,-1.279,-0.34,-2.221
-0.003,-0.629,0.428,0.08,0.322,-1.313,0.4,-0.525
0.28,-0.218,-0.228,-0.893,1.664,-1.588,-0.946,-1.238
-0.368,1.455,-0.377,-1.015,-0.253,-0.906,-0.705,-0.282
-0.618,0.718,0.489,0.262,1.001,0.295,-1.725,0.064
-1.121,-0.574,0.593,-0.53,-0.211,-1.715,0.354,0.247
0.372,-1.855,1.18,-0.107,-0.145,-0.668,-0.663,-0.354
1.022,-1.526,0.668,-0.26,0.037,-0.632,-0.649,0.155
1.114,-2.286,-0.815,-0.051,0.963,1.414,-0.526,0.024
0.763,-0.457,-0.568,1.351,-0.255,-1.218,-1.053,-0.305
0.886,0.426,-2.162,1.045,0.166,-0.829,-0.98,-0.27
0.697,-0.498,-0.043,2.009,-0.642,-0.004,0.574,0.064
0.048,0.253,-0.61,0.734,0.36,0.077,0.436,-0.164
0.012,-0.374,0.778,0.283,-1.168,0.648,0.573,-0.315
-1.351,-0.236,-0.604,0.196,0.653,1.601,-0.672,0.428
-0.714,0.164,1.235,-0.476,-0.661,-0.457,0.768,1.715
-1.068,-0.258,0.304,-0.043,0.743,-0.297,0.701,1.896
0.16,0.179,2.218,0.004,0.218,-0.691,-0.428,0.877
0.922,-1.36,-1.34,-0.958,2.779,-1.163,-0.514,0.396
1.015,-0.555,1.246,0.778,0.779,-1.22,0.27,0.354
0.547,-0.307,-1.359,0.144,2.292,-1.247,-2.854,1.237
2.029,-1.826,0.123,0.056,0.404,-0.559,-1.483,-0.076
0.443,-2.38,-1.091,0.111,1.913,0.915,-0.232,-1.209
1.51,-2.73,0.193,0.054,-0.278,-1.122,-0.413,-0.142
0.074,-0.992,-1.835,0.22,1.147,-0.354,-0.263,1.117
0.15,-0.396,0.458,0.798,-0.717,-0.515,0.236,0.517
-0.561,0.023,-0.668,0.072,0.268,0.021,-0.362,0.383
-0.205,-1.163,1.709,0.292,0.193,0.318,0.241,-1.476
-0.945,0.387,-0.053,0.758,1.664,-0.58,-0.49,-1.183
-0.424,1.007,1.851,0.936,1.34,-0.423,0.746,-0.219
-0.758,-0.163,-0.942,-0.829,0.004,-0.429,0.265,-0.058
0.381,0.839,0.914,-0.029,-0.255,0.805,-0.078,0.008
0.159,0.221,-1.357,-0.913,-0.537,-0.702,-0.717,-0.4
1.97,-1.411,0.352,0.068,-0.061,-0.11,-0.071,-0.735
1.792,-2.135,-0.261,1.027,0.62,-0.283,-0.877,-1.197
1.021,-0.508,-1.892,1.744,0.234,0.47,-0.1,0.1
0.847,-0.358,-0.804,1.184,0.163,0.164,-1.351,1.129
0.589,0.587,-1.337,-0.87,-1.05,1.706,-2.419,1.503
0.151,0.215,-1.033,-1.653,0.552,0.821,-1.812,0.734
-0.418,0.326,0.308,-0.289,-0.893,-0.118,0.777,0.311
-0.622,1.986,0.509,-0.673,-0.52,-1.789,-0.629,-0.599
0.28,2.153,1.186,-0.241,-0.553,-0.04,0.051,0.401
-0.184,0.685,-0.091,-1.775,-0.157,0.043,-0.077,-0.903
0.094,0.658,0.597,-0.462,0.575,0.49,0.326,-1.636
0.364,0.737,0.308,-0.148,0.1,-1.107,1.079,0.423
0.696,1.003,0.249,0.081,0.366,-0.967,-0.677,0.167
0.773,0.572,-0.757,-0.198,-0.399,0.152,1.059,0.228
0.39,-0.141,0.346,-1.027,-0.436,0.701,-0.195,-0.474
0.67,-0.077,-2.118,-0.728,0.193,1.014,-0.24,-0.365
2.056,-0.473,0.684,0.107,-0.687,-0.823,-0.013,-0.851
0.914,1.134,-0.652,-0.321,0.572,-0.424,-0.778,-0.922
0.766,1.621,0.213,0.386,-1.425,-0.124,-0.502,0.643
0.822,0.598,-0.003,0.434,0.679,-0.267,-0.209,-0.426
0.296,0.677,-0.271,1.022,-0.674,-0.873,-0.761,-1.044
-0.293,0.166,-0.9,0.834,-0.957,0.743,-1.557,0.143
-0.269,1.077,1.004,-0.642,-0.424,0.498,-0.256,-0.308
-2.262,1.432,-0.982,-0.513,-1.445,0.929,1.47,-1.211
-1.932,1.313,3.148,-0.159,-0.891,0.84,-0.13,0.53
-1.9,1.437,0.098,-0.931,0.306,0.224,2.557,-0.628
-1.055,1.426,2.412,-1.385,-0.654,0.404,2.487,0.092
-1.387,1.756,0.521,-2.179,0.957,-0.658,1.298,0.058
-0.362,1.298,2.103,-2.322,2.372,-1.162,1.223,-1.306
-1.169,0.783,-0.007,-1.375,1.61,-1.569,-0.013,-1.967
-0.307,-0.171,1.31,-0.745,1.177,-1.69,-2.568,-0.301
-0.57,-1.475,1.039,0.776,1.847,-2.674,-2.303,-0.22
0.109,-0.823,-0.162,0.962,0.793,-2.524,-2.197,0.328
1.252,-1.047,-0.034,0.684,1.139,-1.252,-1.772,1.286
0.937,-0.36,-1.286,1.108,0.78,-0.481,-0.891,2.286
0.666,0.819,-0.503,0.018,-0.274,-1.709,-0.952,0.364
0.075,0.585,-0.877,0.561,0.794,0.353,-0.673,1.449
0.035,-0.068,-0.434,0.765,-0.969,-0.46,0.163,0.78
-0.975,-0.77,-0.232,-0.344,-0.379,-0.334,-0.267,0.65
-0.903,-1.654,0.926,0.278,-0.366,-0.3,-0.294,0.304
-0.491,0.348,0.879,0.539,-0.305,0.102,1.638,-1.042
-0.926,-1.337,0.555,0.322,0.258,0.203,1.527,-0.237
0.278,-1.453,1.019,1.456,0.401,-0.222,1.914,0.744
1.144,-2.71,-0.489,0.678,-1.032,-1.175,0.349,0.404
0.748,-1.62,0.997,0.527,0.062,-0.091,0.627,0.452
0.191,-1.097,-0.432,1.549,-0.909,-0.397,1.231,0.229
-0.088,-0.912,-1.401,-0.827,-0.065,0.513,0.715,0.109
0.268,-0.52,-0.432,-0.071,-1.061,-0.55,2.293,-1.162
-1.034,-0.982,-1.486,0.22,0.799,0.081,0.837,-0.399
-1.015,-1.273,0.979,0.325,-0.914,0.286,0.589,0.219
-1.819,0.962,-0.732,0.973,0.986,-0.406,-0.686,-1.665
-0.84,0.109,0.785,-0.461,-0.883,-1.741,0.412,-1.114
-2.06,0.861,-0.37,0.097,0.315,0.217,-0.466,-0.513
-0.198,-0.401,-0.01,-0.599,-0.417,1.284,1.631,0.028
-0.918,1.173,-1.185,-0.608,-0.479,0.563,1.333,1.122
-0.589,1.85,0.799,-1.373,-1.625,0.047,0.516,0.097
-0.976,1.126,-0.923,-1.803,0.864,0.75,0.106,-0.043
-0.894,-0.355,1.702,-1.085,-1.279,-1.332,1.2,-0.275
-1.551,-0.03,-0.843,1.421,1.56,-1.268,-0.037,0.494
0.203,-0.057,1.575,1.751,-0.966,-1.332,0.517,1.331
-0.511,0.152,-0.756,1.923,1.244,-1.022,-1.196,-0.629
0.414,-0.811,0.155,-0.56,-1.843,-0.171,0.43,-1.096
-0.52,-1.733,-0.448,0.795,1.119,2.638,-1.014,-0.051
-0.735,-0.775,-0.174,0.515,-2.057,0.308,-1.929,0.356
-0.343,-0.328,0.108,1.051,1.395,0.707,-0.834,0.684
0.341,-0.194,0.393,-0.454,-2.8,0.453,0.178,-1.045
0.171,0.73,-0.753,0.36,1.81,1.575,0.433,-0.431
-0.692,-0.889,1.964,-0.611,-1.844,-0.265,1.974,0.368
0.613,0.516,-0.505,-0.818,0.975,1.047,-0.085,0.797
0.574,-0.327,1.293,0.11,-1.033,-1.176,0.037,0.088
-0.82,-0.566,-0.557,1.613,0.994,0.595,0.586,-0.569
1.677,-1.04,1.075,1.257,-1.611,-0.875,1.171,0.412
0.685,-0.55,-0.879,1.453,0.994,0.506,0.005,0.337
-0.112,-1.872,-0.293,2.197,-1.346,-0.762,1.019,-1.395
-0.852,-1.417,-0.418,0.471,-0.519,0.812,1.346,-0.698
-0.439,-1.204,0.249,0.661,-0.862,1.395,0.524,-0.926
-0.318,0.498,0.113,-0.379,-0.798,-0.239,-0.411,-1.817
-0.699,0.377,-0.016,-0.715,1.511,1.018,0.635,-0.722
0.805,0.806,0.343,-0.694,1.37,0.452,0.439,0.05
0.212,0.362,-1.312,0.786,2.207,-1.352,0.45,0.846
-0.52,-0.706,-0.133,0.404,0.484,-0.906,-0.233,1.562
-0.177,0.369,-0.864,0.693,-0.199,0.927,-0.547,0.91
0.743,-0.569,0.048,-0.131,-1.339,0.86,-0.945,0.714
-0.341,-0.725,-0.473,0.11,0.681,1.572,-0.413,0.331
-1.163,-0.213,0.187,0.758,-0.941,0.36,0.294,0.37
-0.266,0.777,1.593,0.347,0.705,0.513,-0.433,0.419
-1.498,0.197,-0.793,-0.32,0.573,0.294,0.568,-0.551
-1.273,1.454,2.338,-0.156,-0.203,-0.456,0.918,0.798
-0.5,0.183,0.533,-1.437,1.077,-0.18,0.08,0.861
0.478,0.632,1.374,-1.995,2.025,-0.896,0.097,0.188
0.361,0.303,-1.349,-2.179,1.36,-1.955,1.309,0.732
1.005,1.477,0.867,-1.033,2.045,-2.342,-0.019,-0.284
0.114,1.018,-1.385,-1.462,1.177,-2.285,0.261,0.451
-0.475,-1.092,0.559,-1.332,1.012,-1.876,-0.81,-0.348
0.042,0.315,-1.53,-0.662,1.106,-2.139,-1.25,-0.624
1.146,0.079,-0.17,-0.862,0.84,-1.24,-0.327,-1.901
0.389,-0.381,-1.337,-0.611,0.275,-0.976,-0.699,-0.372
0.252,0.862,0.775,-1.535,0.312,-1.336,-1.256,-0.076
1.291,0.149,-1.088,-1.128,-0.532,-0.739,-0.443,-0.236
1.0,0.592,-1.597,-1.152,-0.296,0.384,-1.094,-0.037
0.133,-0.353,-0.766,-1.277,-0.717,0.854,-0.369,0.228
-0.23,-0.901,0.268,0.347,-0.266,-0.066,-0.07,2.164
0.572,1.084,-0.499,0.963,-0.94,-0.13,0.713,1.238
1.592,-0.16,-0.669,-1.143,-2.147,-0.915,-0.622,0.342
0.749,-0.613,-0.703,-1.137,-0.043,0.772,0.39,0.128
0.5,-1.809,-1.708,-1.023,-0.928,0.265,0.962,-0.422
-0.832,0.415,-0.457,0.811,-0.286,-0.599,0.074,0.184
-1.403,0.54,-0.593,0.048,-0.262,-0.044,0.64,-0.415
-1.694,0.537,0.199,0.367,-1.487,0.694,1.087,-1.474
-2.05,1.118,0.296,-0.024,-1.589,0.791,1.359,0.698
-0.164,-0.549,0.5,-0.876,0.293,-0.156,0.017,0.519
-0.534,-0.729,-0.16,-0.479,-0.997,0.59,0.43,-0.346
-0.54,-0.403,-0.065,-1.359,0.342,0.084,0.904,-0.752
-0.175,-1.537,0.36,-0.484,-0.603,-1.324,1.171,0.466
0.748,0.348,0.1,0.507,-0.324,-0.1,1.282,-0.55
0.992,0.161,-0.506,-0.067,-1.164,-0.105,0.514,-1.372
2.614,-0.238,0.011,0.359,-0.853,0.913,0.4,-1.411
1.523,0.021,-1.042,0.765,0.401,0.42,1.304,-1.097
1.241,-0.738,0.656,0.914,0.488,0.301,1.12,0.14
0.679,-0.4,-0.389,1.728,0.734,1.077,0.729,0.754
1.7,2.72,0.021,0.372,0.712,-0.038,0.439,-0.39
1.382,1.906,-1.719,-0.886,0.413,0.664,-1.487,-0.521
0.895,2.415,-0.401,-1.307,-0.928,0.298,-1.013,0.688
-0.637,0.928,-2.125,-1.015,1.67,-0.022,-0.584,-1.15
-0.413,-0.2,0.575,-1.74,-0.445,-0.805,0.688,0.629
-0.099,0.177,-1.097,-1.16,1.405,-0.702,-0.438,-0.1
-0.127,-1.075,1.243,-1.29,-0.588,-0.585,-0.077,-0.417
-0.118,-2.506,-1.297,-0.165,1.725,-1.161,-0.234,0.282
0.55,-0.652,0.636,0.792,-1.56,-2.349,-0.383,0.25
0.51,0.192,-0.729,0.217,1.13,-0.7,-0.377,0.73
0.053,0.841,-0.369,-2.144,-0.831,0.412,0.111,1.079
1.379,0.432,0.656,-1.857,1.381,0.13,-0.031,-0.266
-0.04,1.971,1.322,-2.701,-0.237,-1.173,2.097,0.429
-0.026,0.904,1.12,-2.34,1.062,-1.749,-0.259,0.014
1.114,-0.033,0.07,-1.935,1.395,-2.669,-0.097,0.243
1.395,-2.601,-0.739,-0.798,1.476,-1.921,-1.897,0.076
1.566,-1.273,-0.804,0.403,-0.322,-1.77,-2.034,1.0
0.483,0.177,-1.173,0.086,0.15,-0.326,-0.985,0.551
0.005,0.121,-0.952,0.297,-0.956,0.477,0.313,0.977
-0.405,1.007,-1.576,-1.213,-0.7,-0.524,1.299,1.612
0.449,2.443,0.092,-1.472,-0.55,-0.225,1.392,-0.034
0.22,1.041,-1.34,-3.0,0.787,-0.999,1.396,-0.029
0.741,1.55,0.18,-2.5,1.648,-1.881,0.332,-1.672
-0.408,-0.607,0.842,-1.776,2.005,-2.638,-0.445,-1.915
0.451,0.546,-1.124,-1.667,2.021,-1.575,-1.482,-0.616
0.787,0.355,0.176,-0.957,1.075,-1.246,-2.601,1.952
1.095,0.062,-0.858,-1.872,0.6,-1.336,-1.999,0.568
2.206,-0.001,-0.385,-1.575,0.84,-1.126,-1.604,0.271
0.984,-0.018,-1.44,-1.513,0.472,-1.055,-1.069,1.247
0.279,-0.252,-0.445,0.659,1.548,-1.141,-1.447,1.06
-0.906,0.044,-1.683,-0.475,0.585,-2.091,-0.888,0.813
-0.878,-0.159,0.172,-0.608,0.248,-1.993,-2.197,1.594
-1.473,-1.148,-0.833,0.386,1.004,-2.318,-0.527,1.69
-0.696,-0.275,-0.076,1.44,-0.957,-1.37,-1.676,2.063
-0.876,-0.674,-0.364,-0.175,-0.947,-0.281,-1.51,1.956
-0.871,0.496,-1.025,0.596,-0.426,0.225,0.038,2.189
-0.004,0.258,-1.733,-0.26,-0.402,1.048,0.453,0.132
-1.003,0.228,-0.357,-0.64,-1.911,0.707,-0.869,0.154
-1.023,-1.614,-0.776,0.465,0.704,0.32,-0.596,-0.104
-1.105,-1.862,0.429,0.767,-1.402,-0.256,-0.545,0.12
-0.545,-0.021,0.665,0.842,0.936,1.637,-0.35,0.291
0.73,-0.666,1.471,1.599,-0.815,1.403,-1.319,-0.91
0.557,-0.852,0.535,1.239,1.818,1.095,-1.398,2.351
1.237,-0.646,1.0,1.91,-0.52,0.736,0.771,2.689
1.186,0.771,-0.279,2.062,0.199,1.606,-0.985,1.081
0.655,0.808,0.985,1.235,-0.607,0.741,-0.241,1.507
0.531,1.49,-1.042,0.83,0.226,1.294,-0.946,0.26
0.939,0.512,-0.041,-0.784,-1.254,1.417,-0.761,0.003
0.565,0.395,-1.919,-0.588,-0.238,1.436,-1.283,-0.727
0.257,-0.831,-0.001,-0.137,-0.35,0.884,1.539,-0.217
-0.445,0.561,-1.458,1.221,-0.134,-0.066,1.93,0.38
-1.08,0.369,0.492,-0.76,-0.329,-0.324,1.657,2.26
-1.513,0.235,-0.033,-1.127,0.471,0.864,0.805,1.201
-0.472,0.409,2.437,0.881,0.21,0.286,-0.9,-0.961
0.277,1.435,-0.491,0.433,0.858,0.455,-1.28,-0.841
0.807,0.531,1.165,-0.17,0.244,-0.782,0.738,-1.861
0.467,1.678,-0.697,-0.282,1.369,-0.76,-0.521,-0.307
0.918,0.125,1.398,-0.327,-0.058,-0.493,0.303,-0.238
0.533,0.422,-0.941,0.41,1.744,-1.232,-1.059,0.013
1.262,1.948,-0.494,0.774,0.574,-0.975,0.147,1.163
-0.694,0.541,-2.252,-0.827,-0.438,-1.461,-0.376,-0.691
-0.686,0.401,0.09,0.467,-0.073,1.272,0.41,-0.33
-1.126,0.916,0.143,1.112,-0.768,0.632,0.285,-0.191
-1.416,0.36,0.436,-0.25,-0.877,0.05,1.401,-1.065
0.226,-1.099,1.29,0.115,-1.373,0.826,1.0,-0.296
0.439,-1.467,0.07,0.767,0.295,0.315,2.188,-0.421
1.852,-0.27,-0.1,2.771,-1.04,-0.599,2.569,-1.632
0.766,0.473,0.141,2.404,-0.684,0.566,0.965,-1.344
-0.108,0.905,-2.026,0.401,-0.77,0.671,0.58,-1.635
0.14,1.425,-0.274,-0.961,-0.813,0.238,-0.114,-2.236
-1.771,0.759,-0.932,-2.734,-0.107,0.657,0.989,-1.436
-1.153,0.625,-0.078,-1.128,1.599,0.071,1.044,-1.243
-1.061,-0.935,0.276,-1.364,-0.003,-1.602,2.033,-1.211
-0.063,-0.2,1.132,-0.357,1.009,-1.974,0.532,-2.707
0.545,0.404,0.048,-0.322,0.715,-2.007,0.983,-1.485
0.522,-0.305,0.09,-1.529,-0.142,-0.654,-1.211,-1.925
-0.353,0.412,-0.501,-0.452,0.283,0.946,-0.556,-0.716
0.962,-1.363,-0.291,-0.713,-0.157,0.387,-0.602,-0.749
-0.04,-0.062,-0.755,-0.629,0.82,-0.166,0.454,-0.284
-0.834,0.214,-0.434,-0.06,-0.338,-1.249,0.811,-0.115
-1.582,1.901,-0.164,-0.497,-0.073,0.057,0.01,-1.193
-0.474,2.073,2.429,-1.291,-0.476,0.195,0.545,0.003
-0.732,2.319,-0.479,-1.293,1.626,-0.779,-0.593,-0.605
-0.125,1.849,1.689,-1.25,0.068,-0.734,-0.459,-0.701
-0.157,1.469,-0.079,-1.123,1.775,-0.899,-0.877,-0.89
0.377,-0.297,2.413,-0.2,-0.696,-2.104,-0.931,0.006
-0.214,-0.443,-0.934,-0.592,0.524,-0.905,0.069,-0.537
1.255,1.3,1.254,0.028,0.174,-1.31,1.38,-0.53
1.264,-0.648,-1.541,-1.191,0.575,0.23,1.463,-1.292
2.015,-0.684,0.262,-0.287,0.785,1.074,0.736,0.599
1.343,-1.544,-0.891,0.815,0.586,0.899,1.837,0.876
1.31,0.492,-1.011,0.841,-0.285,0.345,1.328,-0.247
-0.615,-0.192,-1.184,0.672,0.176,0.136,0.893,0.17
0.349,1.188,0.399,2.36,-1.238,0.798,0.402,-1.946
0.029,0.226,-0.74,1.476,-0.572,-0.09,0.059,-0.554
0.591,-0.326,0.234,0.171,-0.96,1.481,0.409,-1.09
0.913,0.875,-1.214,0.322,-0.283,1.293,0.501,0.097
1.707,1.197,0.848,-0.448,-1.828,0.781,0.298,-0.751
1.025,-1.814,-1.669,-0.826,-0.468,1.798,1.332,0.397
1.329,-0.551,-0.232,0.437,-0.584,-0.196,1.113,-1.068
-0.085,0.092,-1.629,0.488,-0.527,0.079,0.605,-0.272
-0.11,0.217,0.65,0.184,-2.847,-0.45,0.538,-1.828
-1.24,-0.457,0.114,1.011,0.646,-0.886,0.915,-1.607
-1.099,-0.176,0.735,0.245,-2.668,-0.576,2.237,-2.629
-1.317,-0.259,0.548,0.199,0.844,0.826,0.973,-3.395
-0.736,-0.005,1.327,-0.081,-0.178,0.516,1.414,-1.037
0.412,-0.073,0.747,0.784,0.069,0.286,1.131,-1.007
2.94,-0.558,1.069,1.859,0.211,0.531,-0.225,-0.049
2.355,-0.183,-0.093,0.66,-0.516,1.892,-0.105,-1.408
1.072,0.586,-0.971,1.497,1.033,1.691,-1.336,-2.433
1.583,0.539,-0.68,0.695,-0.893,1.385,0.108,-0.662
0.542,-0.258,-1.213,0.266,0.085,1.385,-0.455,-1.239
-0.307,0.175,-0.939,0.539,-2.192,0.526,0.235,0.687
-0.503,1.005,-2.139,0.411,-1.066,0.255,0.073,0.214
-1.526,1.848,-0.839,-0.824,-2.576,0.882,0.84,0.872
-1.667,2.13,-0.985,-0.985,-1.215,1.39,1.47,-0.433
-1.498,1.614,0.496,-1.374,-0.848,-0.212,3.14,-0.405
-1.312,0.156,0.496,-1.365,0.058,-0.143,1.867,-0.575
-0.454,-1.003,1.053,-1.015,1.002,-0.007,0.892,-0.907
-0.079,-0.661,0.658,-0.261,0.57,-1.771,0.755,-2.259
0.352,-1.54,-0.117,0.282,0.672,-0.331,0.664,-1.936
0.691,-1.43,-0.913,0.327,-0.634,-1.192,-0.674,-0.852
0.734,-0.85,0.24,1.648,-0.43,-0.121,-0.847,-0.438
-0.511,-0.822,-1.874,1.904,-0.543,-0.502,1.443,0.06
-1.23,-0.681,1.81,0.951,-0.936,0.571,1.054,-0.161
-1.565,-1.449,-0.166,1.009,0.312,0.167,0.95,0.609
-1.378,-0.488,1.673,1.06,-0.468,0.154,-0.456,0.003
-0.94,0.668,0.816,0.907,0.087,0.509,-0.206,-0.619
0.606,-0.157,0.902,0.135,-0.714,1.161,0.489,-0.716
1.146,0.513,0.684,0.443,-0.029,0.658,0.816,-0.461
0.423,2.515,-0.148,-1.177,-1.456,0.146,0.604,-1.131
-0.028,1.153,-0.464,-2.282,-0.032,1.068,-1.05,-0.985
0.161,1.121,0.274,-1.87,-0.532,-1.156,0.896,-1.138
-0.318,0.706,1.732,-2.519,1.572,-0.625,-0.207,-1.492
-0.326,1.169,-0.551,-1.556,0.603,-1.395,0.253,-0.174
0.822,-0.877,0.836,-1.832,0.124,-1.046,-0.785,0.434
-0.288,-1.28,0.362,-0.973,2.3,-1.16,0.136,0.871
-0.158,-0.538,0.181,-0.034,-0.168,-1.773,-0.439,-0.454
-0.511,0.474,1.268,0.663,1.715,-0.467,-0.547,-0.663
-0.989,0.271,1.128,0.554,0.628,-0.756,-0.529,-0.381
-0.796,-1.28,1.08,0.281,-0.244,0.113,-0.848,-0.399
0.33,-1.427,0.786,0.544,1.685,0.099,-0.967,0.714
0.672,-1.39,1.099,0.708,0.012,-0.474,-0.685,0.59
0.169,-0.384,-0.478,1.227,1.394,-0.285,-1.33,1.922
0.374,-0.837,1.045,2.07,-0.739,-1.116,-0.273,-0.14
-1.016,-1.008,0.647,0.64,0.255,1.241,0.096,0.409
-0.811,0.331,1.889,0.55,0.551,0.453,0.606,0.875
1.145,1.327,1.43,-0.89,0.913,-0.871,-0.293,-0.683
1.434,0.315,-0.293,0.717,1.685,-1.027,0.168,-1.191
2.02,0.55,0.591,-0.593,1.668,-1.987,1.407,-0.209
1.236,-1.239,-1.08,0.287,2.1,-1.356,0.442,0.283
1.32,-0.351,-1.03,-0.623,1.867,-2.412,-0.614,-0.466
0.982,0.944,-1.217,-0.771,0.986,-1.273,-1.358,-0.154
-0.432,1.019,-2.009,-0.656,-0.367,0.815,-0.707,0.515
-0.756,0.539,-0.545,-1.698,-1.55,0.17,-0.181,1.179
-0.174,-0.112,-0.748,0.289,0.159,0.877,-0.092,0.087
-0.85,-0.612,0.21,0.122,-2.157,-0.975,0.694,0.85
-1.238,-0.393,0.798,1.929,-0.54,0.255,0.372,0.153
-0.978,-1.536,-0.393,1.331,-2.199,0.415,1.828,0.46
-0.194,0.713,-0.158,-0.055,-0.644,2.656,0.937,-0.96
0.09,0.833,-1.632,-1.52,-1.705,2.754,0.993,-1.937
0.879,0.311,0.511,-0.842,0.276,2.599,0.753,0.729
0.368,-0.413,-1.703,0.235,-0.524,0.978,0.886,0.374
0.413,-0.309,-0.32,-0.375,-1.127,-0.973,0.843,-0.356
0.536,0.519,-1.054,-0.849,-0.609,-0.109,1.994,-1.814
0.748,1.094,-0.394,-1.077,-0.405,-0.443,1.874,-1.087
-0.869,-0.278,-0.339,-1.493,-0.027,-0.121,2.798,-1.561
0.982,-0.946,-1.422,0.199,-0.397,1.147,1.262,-0.585
1.774,1.262,-0.742,1.474,-0.407,-0.0,-0.096,-1.754
0.594,1.583,-2.4,0.56,-0.051,0.538,-0.289,-1.05
0.413,1.371,0.635,-1.494,-1.118,0.381,-0.096,-3.022
0.325,0.548,-0.96,-1.383,-0.336,2.125,-0.658,-0.44
0.354,1.049,0.441,-0.381,-0.744,0.03,-0.272,-0.152
0.406,-0.59,0.99,-0.554,-0.485,-0.64,1.274,0.029
1.207,0.991,-0.062,-0.094,-1.401,0.117,0.672,1.986
0.52,0.404,0.637,-0.961,-0.197,-0.236,1.53,1.523
-0.057,0.851,-1.344,-0.491,-0.511,0.804,0.894,0.008
0.83,0.972,0.498,0.562,-1.426,0.643,1.349,-1.319
0.413,0.354,0.668,-0.169,1.012,-0.636,1.01,-3.142
1.111,0.006,0.443,-0.613,-1.296,-0.712,1.72,-2.393
0.936,0.945,-0.71,-0.946,-0.43,0.487,0.596,-1.743
0.628,1.385,-0.912,-1.704,-0.767,0.634,1.879,0.146
-1.168,-0.869,-1.799,-0.481,0.445,-0.16,1.919,-2.697
-1.909,-1.855,0.392,0.714,-0.368,-0.962,-0.143,-1.19
-1.914,-1.658,0.593,1.575,1.196,-0.865,-0.805,-0.219
-0.589,-1.644,1.135,1.512,-0.413,-0.993,-0.708,-1.0
0.178,-1.77,-0.046,2.261,0.236,-0.437,-0.382,-0.128
0.463,-0.654,0.672,2.854,-1.654,-0.27,-0.097,-0.617
0.134,-0.742,-0.734,0.558,0.345,1.412,0.1,0.266
0.498,0.646,1.191,0.16,-1.088,0.681,-0.132,-0.513
0.145,1.505,-0.887,-0.543,0.655,0.736,0.615,-0.036
1.503,0.72,-0.124,-0.415,-0.279,1.068,0.59,0.657
0.824,1.692,-1.504,-0.095,-0.656,0.712,0.766,3.019
-0.467,0.884,-0.131,-1.253,-2.267,1.097,0.884,0.967
-1.729,0.07,-1.455,-2.647,0.15,1.041,0.163,-0.033
-0.187,0.146,1.195,-2.448,-0.584,0.424,0.457,-1.694
-1.446,0.893,-0.839,-2.845,-0.197,-1.796,-0.981,-1.957
-0.029,-0.947,1.294,-2.216,0.263,-2.786,-1.136,-0.842
-0.498,-0.659,-0.498,-1.266,0.415,-2.543,-0.479,-0.163
0.021,-0.08,2.555,0.002,0.169,-2.795,-0.636,1.743
-0.247,0.259,-0.38,0.752,1.363,-2.294,-0.171,1.403
1.602,-0.2,1.995,0.477,-0.326,-1.249,0.316,1.292
0.844,0.318,0.941,0.336,0.935,-0.182,-0.451,0.705
1.305,0.457,0.937,1.735,-0.325,-1.042,1.309,1.626
0.217,-0.31,1.279,1.016,-0.266,0.119,1.362,0.105
0.646,1.701,0.449,0.716,0.518,0.859,1.598,1.582
1.29,1.202,0.952,0.732,-0.34,0.261,-1.066,1.342
1.231,0.289,-0.776,0.018,1.839,-0.028,-1.879,0.25
2.163,-0.32,-0.89,-0.046,1.295,0.711,1.233,-1.598
1.233,0.662,-2.054,-0.187,0.524,0.59,1.008,0.044
0.744,0.528,-0.998,-0.149,0.216,0.237,0.026,0.497
0.902,2.472,-1.123,-0.506,0.915,-0.231,-0.027,-1.381
-0.778,0.879,-1.722,-1.169,-0.336,-0.19,-0.596,-0.69
-1.25,-0.636,-1.241,-1.54,-0.181,0.173,-1.949,-1.549
-0.512,-0.414,-1.7,0.346,-0.071,-1.271,-1.32,-0.617
-0.162,-0.057,1.197,0.177,-0.734,-1.649,0.146,-0.035
-0.261,-1.839,-0.687,0.139,1.065,0.082,-1.104,1.36
0.832,-1.191,-0.885,-0.233,0.35,-0.289,0.513,0.629
0.563,-0.953,-0.71,0.116,-0.085,0.226,0.391,0.456
1.192,-0.77,-0.803,1.505,-0.125,-0.37,-0.231,0.704
0.836,-0.911,-1.9,1.466,-1.384,0.026,-0.491,-0.349
0.464,-1.613,0.102,0.566,-2.333,0.71,-0.834,0.496
-0.249,-0.176,-1.48,0.637,-0.401,0.838,-0.761,-0.026
0.006,-0.574,0.195,0.129,-0.827,0.454,0.084,1.291
-1.311,-1.166,-0.945,-0.07,0.699,1.675,0.865,1.982
-0.299,-1.208,0.712,0.186,-0.691,0.514,0.705,1.216
-0.631,-1.001,0.423,1.451,1.132,-0.056,-0.425,1.647
1.07,-0.442,1.088,0.633,-0.461,-0.007,-0.347,-0.238
0.858,0.296,-0.59,-0.169,-0.178,0.755,0.178,0.451
1.292,-0.623,1.345,-0.996,0.173,-0.836,-1.004,1.099
0.858,-0.763,0.291,-0.699,0.389,0.22,0.193,0.864
0.675,-1.546,-0.794,1.702,-0.652,-0.622,1.128,-0.172
1.264,-3.664,-0.977,2.379,-0.713,0.587,1.807,-0.567
1.892,-1.685,-1.402,3.001,-0.743,1.08,2.206,0.304
0.938,0.371,-0.176,2.859,-1.895,1.557,1.829,0.609
-0.051,0.582,-1.24,0.881,-1.856,2.3,0.838,1.655
-0.33,-0.147,-0.487,-0.11,-1.83,2.334,0.929,0.387
-1.958,0.036,-0.493,0.959,-0.925,2.149,1.932,0.19
-1.62,-0.787,0.453,0.444,-1.068,1.61,1.636,1.735
-1.11,-0.34,0.352,0.245,0.749,2.57,0.661,0.279
0.125,-0.485,-0.08,1.197,-0.913,0.451,1.434,-1.071
0.88,-0.984,-0.466,-0.207,1.151,0.54,1.17,-0.588
0.312,-0.123,-0.621,1.046,-0.286,-0.964,0.205,-0.475
-0.128,2.125,0.665,0.855,-0.686,-1.356,-0.761,-0.495
0.46,2.46,0.712,-0.808,-0.202,-0.908,-0.179,-1.089
0.458,1.151,0.818,-1.297,0.567,-0.023,0.335,-0.139
0.244,1.301,0.43,-0.683,2.435,-1.127,0.845,0.605
1.428,1.371,-1.642,-1.116,0.787,-1.456,0.663,-1.611
1.86,0.166,0.92,-0.425,2.274,-2.027,-1.436,-1.842
0.697,0.863,-0.792,-0.748,0.657,-2.532,-1.312,-0.923
0.43,-0.776,-0.118,-0.384,0.016,-1.754,-1.064,0.864
-1.345,-1.033,-1.063,-0.881,0.085,-0.593,-2.164,-0.376
-0.559,-0.371,0.674,-0.476,-0.488,0.261,-1.438,-0.304
-1.376,-0.548,-0.247,-0.037,1.038,0.082,0.134,-0.288
-2.027,1.206,0.428,-0.191,-0.603,0.145,1.016,0.175
-0.377,1.202,1.884,-1.559,0.512,0.046,0.188,1.653
0.345,0.244,-0.105,-0.33,0.84,-1.059,-0.37,-0.412
0.165,-0.3,0.971,0.397,0.432,-1.747,-0.425,-1.722
-0.737,0.003,-1.018,-0.172,1.363,-0.67,-0.228,-0.228
0.445,-0.941,0.621,0.289,0.943,0.207,-1.143,-1.178
-0.646,0.036,0.109,-0.264,1.545,0.606,-1.946,-0.368
0.669,-1.212,0.63,1.181,-0.555,0.297,-2.654,1.705
0.938,-0.053,-0.672,0.461,-0.15,0.531,-1.846,0.226
1.259,-0.101,-1.545,1.565,-0.665,0.84,0.315,-0.518
0.913,0.253,-1.138,1.589,-0.624,0.301,0.266,1.286
0.214,-0.754,-1.428,0.809,-2.608,1.047,1.55,0.472
0.345,-0.186,-0.109,-0.755,-0.972,1.959,1.068,0.034
-0.576,1.938,0.129,-1.078,0.325,1.051,1.917,-0.149
-0.372,0.657,-0.706,-1.449,-0.019,-0.536,1.081,-0.874
0.31,0.61,0.83,-1.209,0.512,-1.809,0.434,-0.089
0.354,1.581,-1.206,-1.076,1.014,-1.363,0.264,-0.666
-0.251,1.427,1.12,-2.469,-0.216,-0.819,-0.009,-2.569
-0.944,1.064,-0.812,-0.171,1.538,-1.085,-0.451,0.652
-0.064,-0.393,1.392,-0.294,-1.69,-1.707,0.308,-0.724
-0.607,-1.293,0.782,0.039,0.937,-0.213,0.499,0.865
1.303,-0.663,-0.308,-0.478,-0.403,-0.656,0.629,0.316
0.931,-0.857,-0.067,0.399,-0.41,1.779,-0.418,-1.565
0.437,-0.409,0.618,-0.102,0.914,1.203,0.826,-1.228
0.816,-0.05,0.36,-0.375,-0.401,-0.964,1.203,-0.677
1.031,-0.63,1.57,-0.171,0.41,0.187,0.726,-0.744
0.761,0.144,-0.638,1.272,0.252,-0.529,1.066,-1.518
0.601,1.626,1.259,1.823,-0.825,-1.548,-0.933,-1.697
0.403,-0.044,-0.042,-0.753,-0.313,-0.171,0.527,-1.382
1.46,-0.427,0.492,-0.268,-0.222,1.217,1.257,-0.812
1.329,-0.333,-1.411,0.295,-0.631,1.04,0.36,0.487
0.581,0.769,-0.166,0.937,-0.229,1.007,-0.483,1.014
1.084,-0.643,0.49,0.268,-0.874,0.206,-0.338,1.171
-0.28,-1.276,0.378,0.281,-0.075,0.673,-0.64,0.843
-1.082,-2.485,0.736,1.292,-0.671,0.798,-0.271,0.115
0.052,-1.572,0.299,2.359,0.881,0.783,-0.132,0.018
0.47,-0.218,-0.701,2.609,-0.837,-0.399,0.397,-0.645
0.076,0.77,-0.201,0.766,-0.223,0.96,-0.601,0.213
-0.938,0.681,-1.056,-0.244,-0.062,1.059,0.742,0.215
0.865,-0.135,0.05,-0.725,-1.278,0.974,0.302,-0.304
0.308,0.512,-0.079,-0.23,-0.34,-0.763,-1.302,0.312
0.609,0.418,0.808,0.109,-0.426,-1.017,0.607,-0.095
0.624,-1.477,0.508,0.407,0.876,0.034,-0.777,0.28
1.038,-1.806,0.54,1.027,0.614,-0.333,-0.431,-0.049
1.286,0.348,-0.592,1.291,-0.381,0.026,-0.964,1.036
1.597,0.497,0.037,0.504,-0.39,1.36,-0.112,0.412
0.639,-0.881,-2.279,0.52,0.412,2.384,1.509,0.246
0.273,0.233,0.566,0.868,-1.136,0.757,0.799,0.443
-1.813,1.004,-2.057,1.18,0.33,0.685,-0.062,-0.903
-1.551,0.083,2.077,1.444,-1.642,0.925,0.556,-0.089
-1.621,0.692,-0.803,0.509,1.219,1.418,-1.007,-1.433
0.367,-2.874,3.405,-0.268,-1.886,1.39,0.823,-0.441
0.383,-0.65,-0.754,1.154,1.635,0.034,0.051,-0.083
1.29,0.688,1.394,0.809,-1.002,-0.352,0.932,-0.143
-0.23,-0.756,-0.369,1.085,-0.384,-0.431,-1.752,-1.032
-1.529,-0.171,-0.203,-0.441,-0.946,0.032,-0.772,-0.801
-0.392,-0.295,0.653,-0.14,-0.092,0.189,-0.448,-1.096
-0.737,-0.236,-0.675,0.106,0.683,-0.525,0.718,0.491
-0.569,-0.449,1.159,-0.541,0.099,-1.444,0.782,0.657
-0.542,-1.364,0.29,-1.6,1.912,-2.281,0.156,1.056
-0.9,0.896,0.986,-0.758,1.283,-1.106,0.684,1.221
-0.747,0.17,1.466,-0.995,1.726,-0.65,-0.392,0.313
1.227,0.084,0.93,-0.004,1.628,-0.651,-0.409,0.464
1.74,-0.744,-1.442,0.479,1.341,-1.234,-0.694,-1.002
1.789,-1.104,-0.856,0.327,-0.293,-0.539,-0.733,-0.795
-0.366,-0.056,-2.212,0.913,0.031,-0.735,-0.492,-1.481
0.969,0.382,0.232,-0.323,-1.505,0.0,-0.584,-0.242
-1.089,0.911,-1.662,-0.643,0.127,0.499,-0.546,-0.948
0.648,1.384,0.118,-0.749,-1.508,1.011,0.711,1.502
-1.58,0.451,-1.711,0.582,0.146,1.158,0.212,0.329
-0.075,-0.172,0.502,-0.939,-1.114,1.328,1.666,0.644
0.435,0.548,-0.496,0.004,-0.135,0.804,0.779,0.137
-0.062,-0.276,0.728,0.216,-1.806,0.198,1.232,0.157
0.075,0.599,-0.188,-1.141,0.529,1.059,0.687,-0.251
0.702,0.608,0.005,-0.73,-0.654,0.451,0.841,-0.253
-0.121,1.208,-0.368,-0.155,0.083,0.122,-0.024,0.44
-1.057,1.16,-0.843,-0.776,-0.666,-1.055,0.514,-0.861
-1.752,-0.287,-0.058,-0.669,-0.362,-0.267,0.601,-0.807
-1.127,-0.895,1.417,-0.763,0.46,-0.546,-0.163,-0.75
-0.849,0.209,1.269,-1.767,-0.054,-2.026,0.437,0.105
-0.446,1.736,2.748,-3.127,-1.249,-1.656,0.624,-0.138
0.821,-0.279,0.285,-2.43,1.115,-0.469,-0.187,-0.161
1.932,-0.133,2.926,-0.643,-0.007,-1.177,0.694,0.029
0.92,0.029,-1.078,-0.55,1.883,-2.383,0.617,-0.623
0.903,-1.24,0.539,0.218,1.148,-1.688,0.884,0.094
0.603,-0.225,-0.707,1.137,1.448,-2.194,-0.022,0.353
0.264,-0.143,0.376,1.491,-0.46,-0.89,-0.119,0.388
0.006,-1.851,-0.32,0.936,0.027,0.926,-0.865,-0.663
1.225,0.443,0.132,2.585,-0.12,0.718,-0.654,0.031
1.085,-0.555,0.845,1.908,-1.813,1.424,-1.15,-0.598
0.227,-1.379,-1.299,1.737,-0.186,2.017,1.174,0.643
0.588,-0.344,-0.491,0.235,-2.587,1.624,1.031,1.347
-0.699,0.235,-0.741,0.117,-0.891,2.735,-0.127,0.857
0.439,0.743,-0.007,-0.547,-1.655,1.284,1.683,-0.508
-0.334,-0.027,-0.52,0.399,-1.114,1.813,1.681,0.231
-0.083,-0.015,1.876,-0.177,-1.537,1.311,0.742,-1.522
-0.027,-0.629,1.028,0.196,0.283,0.979,1.158,-2.478
0.785,-1.436,1.424,0.2,0.14,0.632,2.108,-0.898
-0.398,0.124,-0.399,0.708,0.813,-0.227,1.692,-1.482
-0.731,-0.041,1.077,0.101,-1.02,0.607,0.643,-0.928
-0.951,-0.191,-1.173,0.123,0.267,0.465,0.148,-2.225
-0.039,-1.848,0.325,0.884,-1.13,0.043,1.657,-1.691
-0.538,-1.082,-0.004,1.609,-0.533,-0.939,0.462,0.263
-0.896,-1.276,-0.298,-0.13,-1.49,0.133,0.967,0.138
-1.53,-0.738,-0.062,-0.421,-0.081,0.445,0.125,0.134
-1.423,-0.518,0.694,0.455,-0.154,-0.315,0.963,0.019
-1.31,-0.528,-1.593,0.101,0.847,-0.643,0.081,-0.541
-0.292,0.533,1.084,1.438,-1.455,0.15,2.426,-0.022
-0.996,0.64,-0.424,0.451,0.17,-0.03,0.783,0.46
0.125,1.223,1.404,-0.716,-1.134,-0.311,1.228,0.693
-0.46,-0.534,0.992,-0.521,-0.922,0.333,1.178,0.096
0.029,-0.833,0.519,-0.413,-0.327,0.622,0.047,2.111
0.157,-0.461,0.333,-0.433,-0.633,0.112,-1.094,0.514
-0.221,-0.594,-0.391,-0.357,0.575,-0.983,1.07,1.073
0.403,-0.37,-0.195,0.661,0.854,-3.21,1.211,-0.358
-0.402,-1.215,-0.906,0.672,-0.557,-1.525,0.561,0.411
-0.695,-1.24,-0.453,1.383,0.681,0.859,-0.409,-1.239
-0.854,-2.059,-1.605,0.386,0.258,0.439,-0.53,-1.721
-1.63,-1.769,-0.699,1.634,0.16,1.14,-0.65,-0.966
-1.914,-0.363,0.516,1.453,-0.356,-0.195,-0.3,-2.147
-2.031,-0.398,0.241,0.411,-0.469,-0.298,-0.263,-0.461
-1.443,1.057,0.786,-0.674,-1.028,0.258,0.6,-0.58
-0.936,0.043,0.434,0.176,0.396,0.652,0.369,-0.403
-0.896,0.139,1.041,0.192,-0.727,-1.173,0.191,0.231
-0.603,-0.92,-0.375,0.384,0.476,-0.389,0.129,0.412
0.86,1.73,1.467,-0.389,-0.384,-0.632,0.629,1.062
0.457,0.668,-2.111,-0.761,0.785,0.018,1.396,0.511
1.645,1.04,1.292,-1.264,-1.034,0.705,1.138,-1.325
0.607,0.825,-1.44,-0.569,0.137,1.214,0.479,-0.604
1.434,-0.07,-1.155,-0.653,-1.462,-0.138,-0.406,-1.263
-0.051,-1.26,-1.276,-2.147,1.301,0.509,-0.179,0.276
-0.374,-0.508,-0.25,-1.821,-0.162,-0.179,-0.293,-0.276
-0.624,-0.705,-1.357,-0.716,0.973,-1.174,-2.008,0.435
-0.932,-0.54,0.104,-0.077,-1.387,-1.172,-1.703,-0.579
-1.691,0.284,-1.392,-0.098,0.495,-0.089,-1.925,-1.077
-2.122,0.109,1.445,-0.675,-0.805,0.207,0.375,-0.217
-0.917,0.532,0.768,-0.382,1.879,0.737,0.283,-1.343
-0.76,0.36,1.114,-1.07,-0.351,0.573,0.347,-1.193
0.678,-1.043,-1.181,-0.608,2.009,-0.379,-0.274,-1.326
0.573,0.723,0.218,0.858,-0.461,-0.829,0.895,0.542
-0.606,1.34,-0.968,-0.09,-0.602,0.082,-0.866,1.272
0.092,-0.375,-0.122,-0.966,-1.673,0.901,0.535,0.557
-0.706,0.23,-1.605,-0.153,0.077,0.086,0.501,-0.153
-0.139,-0.433,-0.374,1.347,-1.293,-0.425,1.244,0.879
-0.898,-0.847,-1.098,-0.078,0.661,-0.305,0.541,0.343
-0.423,-0.44,0.132,1.295,-1.105,-0.14,2.165,-0.128
-1.343,1.289,0.134,1.373,0.663,0.383,1.01,-0.914
-0.302,1.487,1.128,1.152,-0.825,0.276,1.716,-1.175
0.181,1.269,0.355,1.07,0.347,1.12,-0.935,-0.152
-0.076,-0.349,-0.28,0.071,-1.418,0.649,-0.027,-1.051
1.885,1.993,0.364,0.555,0.914,0.979,0.152,-0.498
1.565,1.762,-0.473,-0.475,-2.217,-0.488,0.894,0.423
2.779,-1.25,0.015,-2.195,0.986,0.813,0.898,-0.443
2.774,-0.161,-0.736,-1.058,-1.461,0.143,2.072,0.76
1.732,-0.846,-2.936,-0.011,0.331,0.163,0.676,0.713
0.651,0.006,-2.198,0.912,-2.134,-0.602,-0.076,1.007
-0.88,0.282,-2.005,0.286,-0.872,0.132,-1.27,0.289
-2.647,-0.666,-0.109,-0.742,-1.167,2.437,-0.626,1.093
-2.955,1.528,0.803,0.515,0.454,1.399,-0.632,0.831
-1.805,1.071,0.778,0.56,-1.617,-1.058,0.314,2.256
0.109,1.446,2.748,0.047,0.593,0.118,-0.786,1.04
-0.154,1.865,-1.044,-0.3,-0.13,-1.559,2.969,0.008
1.506,0.31,1.172,-0.663,-0.46,0.655,1.596,0.482
-0.183,-0.585,-0.66,-0.978,-0.493,0.992,1.301,1.787
-0.087,0.654,0.322,-0.443,-0.84,0.235,1.398,-1.021
-0.602,1.505,-0.987,-0.143,-0.535,-0.005,0.215,0.342
-0.038,-0.411,1.333,-1.345,-0.921,-0.107,0.583,-0.67
-0.064,1.498,-0.568,0.594,0.69,0.741,1.554,-0.528
1.108,0.541,0.854,-0.291,-0.473,0.008,-0.312,0.516
1.097,0.793,0.13,-2.184,0.429,0.155,0.213,-0.563
1.25,0.905,-0.647,-0.727,0.151,1.55,0.319,-0.514
1.191,-0.418,-0.327,-1.584,0.12,-0.223,-0.031,-0.788
1.682,-0.929,-1.151,-1.34,0.419,-0.815,0.008,-0.172
0.699,-2.236,-1.79,-0.83,-0.451,-0.491,-0.259,0.163
0.607,-2.104,-0.079,0.245,-0.984,-0.394,0.402,0.736
-1.447,-2.311,-0.746,1.002,0.561,-1.193,1.154,1.39
-0.735,-1.093,0.812,0.163,-1.638,-0.805,0.327,1.48
-1.102,0.651,0.016,0.464,0.871,0.157,1.318,0.018
-0.454,0.259,1.941,0.098,-1.515,0.437,1.144,1.113
0.407,0.452,-1.712,-1.237,0.63,1.806,0.531,1.65
1.117,0.895,0.571,-1.154,-0.231,1.314,0.309,-0.262
0.764,0.923,-2.418,0.01,0.697,0.43,-0.686,0.54
1.755,0.148,0.135,-0.173,-0.948,-0.613,0.469,0.38
0.597,-1.206,-1.041,1.059,1.146,-0.66,0.066,0.619
1.274,-0.958,-0.824,1.441,0.052,-0.715,0.616,0.88
0.292,-0.503,0.065,1.66,0.667,-1.267,-0.896,0.294
-0.09,-0.987,-0.26,-0.498,-0.111,-0.264,-0.089,-0.644
-0.383,-0.196,0.659,0.731,0.891,1.087,0.064,-0.827
0.358,-0.371,0.645,0.151,-0.0,0.42,0.049,-0.995
0.784,0.331,0.471,0.096,-0.558,1.422,0.203,-0.48
0.449,-0.492,-0.716,-0.043,0.362,0.388,-0.196,-0.21
0.603,-1.041,-0.497,0.192,-0.292,-0.119,1.118,-0.581
0.88,0.96,-0.642,1.122,-0.315,0.775,-0.893,-0.4
0.416,0.51,-0.981,0.304,-1.021,1.069,-0.416,-0.174
-0.577,0.708,-0.078,1.452,1.019,2.306,-0.237,-0.358
-0.659,-0.579,-1.923,0.66,-1.531,-0.027,0.85,-0.07
-1.824,-0.581,0.51,0.569,-0.388,1.537,-0.294,-0.785
-1.413,0.179,-0.22,1.916,-0.27,1.75,1.405,-0.228
-1.063,1.535,0.7,0.513,-1.618,1.202,1.056,-0.711
-1.125,0.166,0.289,-1.146,-0.235,2.996,1.274,-0.282
0.082,-0.592,-0.789,1.099,-0.008,1.733,2.171,-2.028
-0.754,-0.331,0.63,0.486,-1.264,-1.388,1.528,-1.388
0.523,-1.461,-0.037,0.349,-0.631,0.943,0.21,-2.224
0.28,-0.767,1.919,1.963,0.063,-0.356,0.64,-2.097
-0.162,-0.467,0.399,1.233,0.239,-0.402,0.081,-0.242
1.293,0.38,1.183,0.08,-1.507,0.807,-0.79,-0.72
1.534,1.386,-1.174,-1.249,0.204,2.694,0.058,-0.275
3.167,1.185,-0.741,-1.17,0.27,0.551,0.46,-0.271
1.512,0.948,-2.67,0.036,-0.836,-0.375,-0.364,-1.089
0.702,0.523,0.404,-0.409,-0.031,0.561,-0.838,-1.833
-1.479,-0.046,-2.227,-1.062,-0.013,-1.041,-0.763,0.102
-1.085,-1.66,-0.28,-1.036,-0.616,-0.16,0.067,-0.184
-2.044,-1.591,0.071,0.024,-0.971,-1.004,-0.126,1.038
-1.784,-0.616,1.412,0.828,-0.122,-1.795,-0.231,-0.833
-2.368,-1.654,0.747,0.544,-0.365,-0.7,0.602,0.934
0.064,-0.499,2.446,0.218,0.55,0.066,0.622,1.255
-0.634,-0.601,0.554,0.423,0.8,0.29,0.427,1.064
-1.444,-1.166,0.534,0.104,0.163,0.563,1.304,-0.293
-1.59,-1.035,2.486,0.05,1.428,0.466,-0.326,-0.076
-1.296,0.024,-0.683,0.471,0.832,0.852,0.157,1.125
-0.759,0.746,1.537,0.332,0.685,0.961,-0.318,0.348
-0.02,-1.346,1.09,-0.452,1.786,-0.193,-1.234,-0.027
0.465,-0.812,2.245,-0.607,0.743,-0.568,-1.008,0.322
0.752,0.377,-0.346,-0.896,0.82,-0.792,-0.579,0.735
1.77,0.029,0.776,-0.62,1.243,-2.055,-1.986,0.643
1.293,0.166,-1.682,-0.351,0.583,-0.449,-0.68,0.123
1.855,-1.145,0.935,0.041,0.547,-0.901,-0.015,-1.739
-0.088,-0.869,-1.434,-0.09,0.337,0.054,-1.6,1.692
-0.081,1.108,0.249,0.343,-0.679,-0.349,-0.443,-0.675
-0.116,-0.13,-0.259,-0.87,-0.086,0.67,0.497,-0.554
-1.702,-1.303,-0.97,-1.047,-0.676,0.076,0.034,1.18
-2.184,-0.467,-0.316,0.489,-0.778,0.644,1.111,1.647
-1.478,0.441,0.681,0.797,-0.409,0.302,2.239,-0.763
-1.449,1.284,1.457,-0.016,-0.691,0.858,2.5,-0.756
-0.101,0.257,0.796,0.244,1.57,1.283,1.796,-1.648
1.022,0.311,1.028,0.964,-0.767,0.229,1.133,-0.995
0.198,0.569,-0.815,-0.426,2.043,0.006,0.059,0.061
0.802,0.841,1.746,0.073,-1.403,-0.819,0.313,-0.055
1.09,-0.089,-0.122,0.787,1.747,1.344,-0.545,-1.284
1.506,1.521,1.386,0.322,-0.541,1.046,0.094,-2.061
0.341,0.049,0.532,-0.922,1.859,1.056,-0.168,-0.857
1.354,0.646,0.367,-1.115,-0.284,0.801,0.746,0.058
1.574,0.253,-0.589,-0.079,0.873,-0.356,0.008,-1.026
1.598,-0.228,-2.017,0.281,-0.69,-0.688,-0.064,0.126
1.383,-0.698,-1.321,0.938,-0.652,-1.192,-0.605,0.463
-1.805,-0.795,-1.098,0.119,-1.985,-0.712,0.466,0.447
-1.105,-0.716,0.948,0.015,-0.579,0.516,-0.171,-0.088
0.075,-1.193,0.148,-0.009,-1.404,0.298,0.701,0.415
0.706,-0.019,0.358,0.872,-0.343,0.607,0.827,-0.948
0.69,-0.641,0.505,0.451,-1.247,-0.595,0.981,-0.23
1.097,-0.906,0.188,-0.201,-0.005,0.455,-0.037,-1.406
1.188,-0.069,-0.692,0.259,-0.816,0.379,0.405,-0.747
1.347,-0.218,-0.532,0.025,0.406,0.466,0.05,-0.164
0.692,-1.332,-0.728,0.308,-0.586,0.641,-0.758,-0.145
-0.221,-1.503,-1.384,-0.092,-0.773,0.037,-1.197,0.06
-1.092,-0.934,-2.318,1.515,-0.715,-0.664,-0.803,-0.329
-1.929,-0.929,0.359,0.685,-0.989,0.192,-0.896,-2.21
-3.082,0.25,-1.023,0.642,0.581,1.135,-0.941,-1.445
-2.601,-0.409,2.214,1.665,-0.539,0.706,0.574,-0.363
-0.899,-0.891,1.128,0.345,0.629,1.613,-0.635,1.311
0.707,-1.343,1.393,0.629,0.074,1.179,-0.725,0.799
0.492,-0.357,1.619,1.776,0.617,1.075,-1.271,0.036
0.598,0.238,0.985,2.078,0.408,0.495,0.912,-0.172
1.096,-1.313,0.283,1.433,0.901,0.778,0.586,-0.185
0.687,-0.103,1.224,0.425,-0.915,0.38,0.669,1.106
0.64,0.685,-0.967,-1.35,1.213,0.895,-0.722,-0.69
1.434,-1.077,-1.551,0.103,-1.687,0.272,-1.047,-1.056
0.624,-1.209,-1.373,-0.215,-0.174,0.32,-1.925,-0.681
0.11,0.64,-0.333,-0.658,-1.619,1.084,0.724,1.322
0.191,1.158,-0.401,1.008,-0.91,1.767,0.654,0.764
-0.161,0.588,-0.448,-1.386,-1.187,1.795,1.028,0.861
-0.054,0.727,0.396,-0.897,-0.151,1.239,2.208,-0.354
-0.4,2.154,-0.776,-1.891,0.642,0.08,1.575,-0.793
-0.143,1.523,-0.507,-1.36,0.204,0.217,2.352,-2.674
-0.592,-0.286,-0.737,-1.156,0.917,-0.63,1.072,-1.414
-0.946,0.988,-0.538,0.203,-0.29,-0.104,0.825,-2.063
-0.797,-0.267,-0.713,-0.259,-0.036,-1.939,0.486,-1.543
-0.354,0.662,-0.037,-0.007,-0.322,0.354,1.303,-0.399
-0.397,0.886,0.737,-0.629,-0.215,-0.34,1.319,-1.721
0.06,1.191,-0.077,-0.739,-0.481,-0.142,0.846,-0.196
-0.179,1.896,-0.341,-0.184,0.294,-0.363,1.702,-1.077
-0.96,-0.307,-0.356,-2.477,-1.063,0.037,1.189,-0.462
-0.497,-0.195,0.088,-1.787,-0.322,0.121,-0.162,-1.896
0.003,1.54,0.46,-1.288,0.782,0.592,0.646,-1.692
0.079,1.592,0.628,-0.079,-0.783,-0.276,-0.099,-1.266
1.152,0.936,1.516,-1.127,0.776,-0.503,0.993,-0.771
1.657,-0.366,-0.608,-0.862,2.889,0.146,-0.112,0.09
3.526,-0.175,0.409,-0.026,0.991,-0.797,0.144,0.623
1.926,-0.73,-1.986,1.393,1.114,-1.058,-0.148,0.302
0.796,-1.326,-1.384,0.058,-1.011,0.056,-1.666,0.039
-0.661,-0.142,-1.324,-0.495,0.222,1.366,-0.668,0.715
-1.339,-0.066,-2.04,-0.536,-0.765,1.29,-0.078,-1.449
-1.073,-0.624,-0.359,1.304,-0.222,-0.145,0.216,0.416
-2.945,0.002,-0.6,1.317,-0.381,-0.406,-0.393,0.073
-1.161,-0.308,0.91,0.701,-0.653,0.129,0.68,-1.04
-1.174,1.366,-0.336,0.607,-0.073,1.266,1.782,1.108
-0.638,0.674,1.33,-0.746,-1.026,1.438,1.115,1.638
-1.29,1.693,-0.277,-1.4,0.563,1.756,0.35,0.639
-0.473,0.152,0.593,-0.733,-0.762,0.017,0.794,0.241
-0.411,0.617,0.065,0.629,0.859,-0.767,1.455,0.901
-0.142,1.854,0.226,0.439,-0.655,-1.047,-0.046,-0.792
0.166,1.155,0.787,-0.479,1.134,0.96,0.591,-1.515
-0.19,1.541,0.384,-1.442,-0.399,1.394,-0.726,-1.328
-0.444,-0.711,1.308,-1.56,0.082,0.792,-1.19,-0.99
0.214,0.208,-0.246,0.707,0.979,-0.495,0.965,-0.188
0.706,0.115,0.163,-1.828,0.011,-1.266,1.542,0.501
0.549,0.7,-0.547,0.29,1.987,-0.035,2.068,0.851
1.175,1.106,0.128,-0.204,0.26,-3.065,1.474,0.627
-0.069,-1.378,0.426,-0.748,0.277,-0.973,0.279,0.844
-0.571,-1.087,-1.695,0.208,0.78,-0.817,-0.011,-0.884
0.623,-1.131,-0.253,0.325,-0.442,-1.355,-1.234,-0.779
-1.18,-0.438,-0.583,-1.214,0.867,-0.367,-1.143,0.332
-1.788,-1.93,0.557,-0.898,0.776,-0.894,0.16,0.436
-0.868,-1.856,-0.885,0.767,1.625,-0.646,-0.316,-0.067
-0.227,-0.127,-0.315,1.927,-0.615,-1.138,-0.371,-0.494
-0.398,0.067,-1.206,0.264,0.444,0.635,-1.368,0.885
-0.444,-0.94,-0.379,-0.069,-1.614,-0.561,-1.188,1.745
-0.717,-0.679,-0.771,-0.694,-0.994,0.542,0.243,1.193
-0.689,0.568,0.585,-0.165,-0.428,-0.571,2.347,1.275
0.171,-1.227,1.014,0.46,-0.43,-0.778,1.053,-0.379
0.074,-0.812,0.433,0.514,1.579,0.587,0.761,0.442
0.324,-0.613,0.48,0.203,-0.861,-0.428,-0.166,-0.645
1.617,-0.165,-0.265,-0.913,2.696,1.176,0.086,-0.801
1.317,0.472,-0.992,-0.233,0.249,1.079,1.902,-2.093
2.344,1.788,-0.826,-0.773,2.265,0.466,0.051,0.232
1.159,1.695,-1.795,-1.14,0.788,-0.206,-0.461,-0.147
1.444,0.351,-0.007,-1.803,1.206,-1.756,-0.582,-0.606
-0.772,1.41,-0.414,-1.858,-0.313,-1.57,0.844,-0.182
-0.425,-0.069,-0.471,-1.547,1.124,-0.667,-0.469,0.035
-1.514,0.297,-1.556,-1.23,-0.307,0.683,0.731,0.171
-0.627,1.505,-0.247,0.173,-1.062,-0.578,0.194,0.417
-1.819,1.62,-1.976,-1.547,-0.489,-0.02,0.025,1.818
-1.128,1.524,1.346,-1.917,-1.274,-0.024,0.361,0.904
-1.683,-1.078,0.127,-1.842,0.747,-0.295,0.645,1.404
-1.439,-0.587,2.005,-1.721,-0.562,-0.328,0.701,0.156
-2.035,-0.699,1.268,-0.334,1.877,-0.533,-0.824,0.899
-0.986,0.687,2.387,-1.714,-0.737,-2.184,-0.127,0.176
0.973,1.081,2.044,-1.511,2.091,-1.865,-2.062,0.766
1.359,0.849,0.883,-0.728,1.069,-1.227,-1.489,1.399
2.321,1.034,0.714,0.247,0.907,-0.227,-2.035,-1.011
1.861,0.214,-0.739,-1.308,0.534,-1.842,-0.814,-0.024
2.141,0.742,0.098,-0.93,-1.498,-1.035,-1.573,-0.582
-0.048,0.544,-3.097,-0.936,-0.273,-0.361,0.593,0.304
-0.26,-1.172,0.628,0.289,-1.379,-0.629,-0.472,0.673
-0.655,-0.28,-0.809,1.876,0.028,-0.192,-0.958,3.471
-0.327,0.463,1.952,0.377,-1.482,0.126,-1.033,0.879
-0.571,1.264,-1.288,-0.599,0.622,1.778,0.173,1.275
0.033,1.07,1.36,-1.11,-1.761,0.461,-1.721,1.428
0.346,1.381,-0.793,-2.774,1.521,2.315,-0.691,0.679
0.952,-0.783,-0.603,-1.635,-0.813,0.335,0.21,0.568
0.415,-0.811,0.119,-0.105,1.271,-0.899,0.886,0.506
0.519,-0.505,-0.148,1.053,1.032,-1.093,0.992,0.669
0.818,-0.566,0.394,0.152,-0.091,-0.551,-0.179,0.559
0.672,-0.315,-1.797,1.82,1.221,-0.379,0.097,0.609
1.677,-0.623,-0.91,0.034,-1.412,-0.504,-0.58,-0.161
0.466,0.294,-2.009,-0.638,-0.249,1.415,-0.871,-0.205
0.195,-0.678,-1.01,0.457,-0.856,0.91,-0.522,-1.044
-1.022,-0.256,-2.655,-0.13,-0.746,0.052,-1.429,-0.611
-0.965,-0.06,-0.641,0.053,-0.999,0.861,1.113,1.213
-0.548,0.13,-0.998,0.369,0.643,0.485,1.151,1.522
-1.042,-0.727,-0.366,0.29,-0.998,0.24,1.526,0.894
-1.847,0.877,0.18,0.718,-0.013,0.364,0.719,0.337
-0.705,0.173,0.37,-0.431,-0.275,-0.568,1.117,0.831
-0.515,-1.107,-0.602,-0.371,0.412,0.07,0.858,-0.636
-0.148,0.119,0.346,-1.893,-0.056,-0.157,0.25,-0.657
-0.343,0.05,0.044,-0.669,0.056,1.245,-0.548,-0.398
-0.048,-0.076,0.035,-2.395,-0.473,1.369,-0.447,-0.757
0.573,-0.129,0.16,-0.974,0.182,0.806,-0.617,-1.229
-0.146,0.263,1.966,-0.273,0.897,-1.464,-0.818,-0.162
-0.72,0.081,1.363,0.809,1.453,-2.409,-0.103,0.152
0.285,-0.634,1.034,1.629,1.586,-2.992,-1.301,0.113
-0.384,-1.522,-0.202,1.708,-0.406,0.197,-1.905,0.845
-0.814,-0.545,0.788,2.079,0.736,0.807,-2.302,0.545
0.641,-1.646,0.155,1.468,-0.273,0.983,-1.564,1.05
1.262,0.105,-0.078,0.881,1.549,0.916,-0.987,2.314
0.935,-0.721,0.138,-0.349,0.336,-0.363,-0.994,2.244
1.476,-1.109,-0.39,-0.377,0.912,0.914,-0.492,1.935
0.372,-1.279,-0.128,1.447,0.066,-0.03,-0.89,1.216
-0.085,-1.803,-0.242,1.371,0.273,-0.186,-0.697,-0.233
0.33,-1.574,2.006,1.018,-1.349,0.179,-0.302,-0.38
0.76,-1.038,-1.464,0.836,-0.363,1.664,-0.545,0.993
1.622,-2.5,1.797,1.051,-1.59,1.149,0.429,1.301
-1.136,-3.461,-3.213,1.287,0.655,1.132,-0.128,0.86
-0.778,-2.325,2.076,2.442,-2.006,1.506,0.055,1.738
-1.378,-0.35,-2.021,1.255,0.633,2.47,0.06,1.496
-0.424,-1.34,1.77,0.265,-2.146,1.134,2.116,0.098
0.705,-0.695,0.571,-0.763,1.556,1.756,0.524,0.233
1.78,0.882,0.869,0.272,-0.686,-0.163,0.784,0.445
1.819,-0.905,0.174,0.335,0.474,1.215,0.74,0.587
0.814,-0.685,0.559,1.034,-1.195,0.812,-0.295,0.589
0.618,-1.016,-0.283,0.538,-0.146,-0.641,0.938,0.312
0.811,0.255,-0.546,1.451,-1.618,-0.152,1.234,0.576
1.241,0.459,-0.382,0.037,-1.227,0.988,1.797,-0.409
1.271,0.733,-0.486,-0.556,-1.879,1.191,1.824,-0.32
1.455,2.368,-0.458,0.356,0.102,0.847,0.867,-0.824
0.21,2.461,0.279,-2.575,-1.752,-0.307,0.928,-1.171
0.952,1.117,-0.858,-0.964,0.528,1.461,0.103,-1.629
-0.163,0.38,0.453,0.179,-0.5,-1.348,1.644,-0.149
-0.78,-1.035,-1.31,0.544,-0.597,0.369,0.307,-1.36
-0.073,-2.008,2.142,0.761,-1.598,0.436,0.549,-0.934
-0.62,-1.054,-0.446,1.724,1.584,1.533,0.293,0.181
-0.324,-1.62,0.49,0.151,-1.992,0.773,1.813,0.625
-0.936,-0.257,-0.286,0.866,1.289,1.37,0.702,0.844
-1.513,-0.894,0.109,1.514,0.043,0.447,1.723,0.329
-0.772,-0.783,-1.402,1.683,0.705,0.676,0.1,-0.853
0.371,-1.778,-0.48,0.757,-0.65,-0.593,-0.089,-0.373
-0.309,0.897,-0.131,1.167,1.512,0.125,-1.055,0.379
-0.652,1.071,-1.024,-0.152,-1.234,0.448,-1.28,-3.577
-1.492,-0.053,0.731,-0.96,-0.795,0.909,-0.446,-1.731
-0.768,-0.032,0.73,-1.279,-0.491,0.615,0.817,-0.724
1.247,1.155,1.4,-0.081,-0.263,-0.399,0.793,-0.137
-0.081,-0.278,-0.006,-1.118,0.308,-1.401,1.703,1.244
-0.257,1.476,0.026,-1.33,-0.224,-1.324,1.932,0.603
-0.633,-0.146,-0.674,-0.454,1.181,-1.812,0.194,-0.403
-0.804,-0.244,0.302,-0.894,0.223,-0.439,-0.554,-0.948
-0.64,-1.525,0.983,-1.028,0.072,-0.106,-1.296,-1.296
0.774,-2.974,1.065,0.134,1.342,-0.552,0.187,-1.047
1.596,-0.63,-0.614,0.137,0.338,-1.302,0.061,-0.179
1.857,-0.248,-1.195,1.099,-1.257,0.552,0.317,-0.491
0.565,-1.477,-1.159,0.589,-0.075,0.615,0.837,-0.005
-0.791,-2.136,-0.533,2.103,-2.316,0.226,1.516,-0.08
-1.504,-0.046,0.313,1.626,0.2,1.169,1.075,-0.111
-0.165,-0.152,0.277,0.609,-1.449,1.717,2.786,-0.11
-0.032,1.156,0.149,-0.933,-0.106,1.939,0.891,-1.319
-0.213,1.109,-0.858,-0.554,0.176,1.45,1.639,-1.997
-0.208,0.507,1.437,0.287,-0.118,-0.058,-0.205,-3.53
0.114,0.273,-0.408,-0.403,1.272,-0.298,-0.274,-1.514
-0.277,-0.345,1.478,0.521,0.319,-0.336,0.846,-1.145
0.631,-0.097,-0.222,0.499,0.805,-0.034,0.035,0.9
1.098,-0.069,0.844,-0.29,1.086,0.818,0.572,-0.744
0.546,0.685,-0.437,0.226,-0.766,0.429,-0.316,0.193
1.002,0.216,0.769,0.096,-0.094,-0.732,-0.914,0.458
0.698,0.855,-1.097,-0.579,-0.792,-1.325,-0.064,-1.831
0.545,1.171,0.227,0.692,-0.486,0.45,0.617,-0.385
-0.18,0.726,-0.965,0.164,-0.37,-0.188,0.505,-0.269
-0.622,-0.755,-0.023,0.034,-0.613,1.752,0.868,0.127
-0.328,-0.506,0.618,0.327,0.706,1.884,0.579,0.386
-0.588,-1.877,0.466,0.823,-0.069,0.051,0.34,-0.405
-0.824,-1.954,-0.308,1.604,0.875,-0.636,1.258,-0.07
-0.279,-0.397,0.499,1.286,-1.044,-0.204,0.887,-1.268
0.608,0.214,-0.307,1.644,-0.221,0.892,-0.329,0.189
0.585,0.121,0.074,0.617,-0.903,0.59,-0.28,-0.334
-0.105,-0.24,-1.254,0.753,-0.242,0.35,-0.413,0.788
0.24,-0.757,0.812,1.014,-0.316,0.435,0.859,-0.412
1.039,-0.836,-0.598,1.963,-0.42,0.387,2.354,0.68
0.043,0.378,-0.903,0.361,-0.439,0.786,1.3,0.153
0.083,0.584,-0.729,-0.405,-0.538,0.845,2.026,0.122
-0.12,-0.886,1.331,0.084,0.556,2.533,0.323,-1.286
0.452,-0.28,1.207,0.579,0.187,0.488,0.539,-1.615
1.487,-0.045,0.705,-0.177,0.633,0.075,0.157,-1.347
1.35,1.413,0.73,-0.186,1.185,1.003,0.207,0.043
0.057,-0.788,0.806,-1.088,-0.261,0.844,-0.299,-0.408
0.866,-1.069,-0.689,-1.404,1.595,2.427,-0.45,-0.131
0.341,0.337,0.53,0.972,-0.186,1.426,-0.371,-0.386
-0.645,-0.792,-0.645,-0.484,0.279,1.013,-1.139,-0.311
0.536,1.566,0.583,-0.233,0.47,0.381,0.271,0.401
-0.469,-0.236,-0.825,-0.916,0.202,-1.481,-0.661,0.035
0.851,-0.11,-0.53,-0.007,0.567,-0.664,-0.87,1.553
0.532,0.431,-0.756,-1.177,1.095,-0.968,0.063,0.902
0.407,0.96,-1.783,-1.031,1.171,-0.953,0.553,-0.188
0.23,1.09,-1.008,-0.473,1.928,-0.918,-0.01,1.081
-1.593,0.154,-0.11,-0.58,-0.306,-1.424,-0.563,0.508
-2.658,0.742,0.786,-0.489,-0.113,-0.72,-0.551,-0.822
-1.651,-0.561,0.717,-0.365,0.517,-0.662,-0.182,-1.566
-0.448,-0.715,2.142,0.787,1.144,-1.299,0.649,-3.293
0.016,0.025,0.107,0.365,1.039,-1.075,-1.129,-2.901
0.246,1.286,0.376,-0.495,-1.19,0.476,-1.711,0.296
0.236,0.452,1.654,-1.026,0.983,0.884,0.398,-0.068
0.258,-0.53,0.602,-1.037,0.309,-0.342,-0.145,0.123
0.144,0.739,1.205,-0.622,1.609,-1.086,-0.477,0.946
1.022,-0.711,0.905,-0.838,-0.173,-1.188,-1.091,1.379
-0.015,1.214,0.562,-1.479,2.062,-0.276,-1.384,0.144
0.732,-0.244,-0.08,-1.95,-0.443,-0.836,-0.41,1.194
0.988,0.405,-0.548,-0.617,0.703,-1.359,-0.926,0.809
1.357,1.089,-0.218,-0.613,-2.001,-2.187,0.404,1.041
0.066,1.168,-0.5,-1.994,1.669,0.123,-0.286,-0.593
0.047,0.768,0.553,-0.675,-2.207,-1.233,-0.318,0.281
1.339,0.414,-0.348,-1.631,1.823,-1.52,-0.838,-1.536
1.59,-1.091,1.072,-0.343,-0.836,-1.982,1.441,-0.268
1.047,-1.412,-1.855,0.497,1.177,-1.785,-0.745,0.589
1.497,0.001,1.518,-0.104,-0.312,-1.146,-0.21,0.258
0.426,0.485,-0.524,-0.85,1.544,0.081,1.269,-0.222
2.353,-0.625,0.815,-0.643,0.31,0.193,0.818,0.385
2.076,-0.071,-1.06,1.255,2.897,-0.473,-0.241,-1.1
1.662,0.339,-0.682,1.274,0.35,-1.899,-0.39,-1.635
0.938,1.675,-1.862,-0.241,2.672,-1.293,-1.735,-0.604
0.15,0.615,-1.083,-0.07,-1.192,-1.423,-0.433,0.593
0.26,-0.143,-0.68,-1.705,-0.303,-1.185,-0.526,0.326
-1.158,-0.833,1.021,-0.591,-0.286,-0.727,0.385,-0.353
-2.13,-1.198,0.833,-0.019,0.583,-0.25,0.187,0.553
-0.066,-0.251,0.374,1.021,0.361,0.668,0.314,2.542
1.734,-0.733,-0.295,1.438,0.621,-0.499,-0.159,0.335
1.655,0.59,0.132,2.821,-0.13,0.243,-1.311,-0.79
1.118,-0.219,-0.848,-0.884,-0.523,-0.115,-1.937,1.072
1.283,1.221,-1.188,-1.147,0.267,1.204,-0.873,0.978
0.15,0.945,-1.697,-0.195,-0.469,-0.34,-0.775,0.433
-0.2,0.678,-1.541,0.32,0.029,-0.596,-1.203,0.685
-0.721,-0.653,0.56,0.61,-0.025,0.639,-0.198,1.71
-0.627,-0.036,-0.479,-1.266,-1.498,0.762,0.902,0.752
-1.281,0.01,0.548,0.546,-0.012,1.217,-0.533,-0.249
-1.393,0.537,0.072,0.127,-0.223,0.93,-0.088,-0.507
-0.175,-0.058,0.44,1.386,-0.68,0.03,0.166,-0.351
-0.544,-1.275,-1.007,0.667,0.839,0.077,0.757,0.083
-0.883,-0.406,0.699,1.176,-0.191,0.523,0.811,0.043
0.418,-0.059,0.858,1.468,0.694,1.277,0.276,0.172
0.585,0.185,-0.086,0.507,-0.946,1.401,0.229,0.094
0.34,0.931,0.444,-1.445,-0.311,1.637,-1.292,0.099
-0.933,-0.332,0.668,-0.622,-0.057,1.364,-0.514,0.054
0.021,-2.152,1.253,-0.22,0.931,0.149,-1.063,-1.197
0.745,-0.682,-0.264,1.265,1.056,-0.114,-0.623,0.758
0.786,-0.009,0.061,0.817,1.155,0.447,-0.605,-0.182
-0.287,-0.383,-0.36,0.576,0.254,-0.382,-0.12,-0.385
-0.183,-0.074,1.422,0.69,-0.399,-0.619,-1.132,0.779
-0.816,-0.951,0.832,0.124,0.486,0.347,-0.256,0.23
-0.679,-2.288,0.986,-0.55,-0.816,1.222,0.938,0.907
-0.228,-2.578,-0.689,-0.417,1.585,0.933,-0.371,1.258
-0.503,-1.27,0.547,1.284,-1.168,-0.888,1.334,0.193
-0.424,0.556,-0.751,1.048,1.109,0.846,-1.208,0.452
0.329,-0.102,1.146,-0.574,-0.433,0.297,0.339,0.877
-0.604,0.611,-1.172,1.006,0.59,0.684,-1.079,0.535
-0.922,-0.247,0.335,1.169,-1.618,-1.442,0.452,0.932
0.005,-0.157,-0.121,-0.418,-1.189,0.328,-0.384,1.065
-0.502,0.588,0.1,0.452,-0.664,1.361,0.257,2.546
-0.832,0.445,-0.493,-0.859,-0.488,0.592,-0.379,0.957
-0.386,-0.191,1.548,-1.726,-0.186,1.161,-1.694,0.552
-0.031,-0.826,-0.867,-1.234,0.947,-0.443,-1.247,0.688
0.381,-0.501,-1.502,-0.713,-0.245,-1.729,-0.422,0.908
0.275,0.741,-1.88,-0.953,-1.119,-0.809,-0.084,0.391
-0.617,-0.963,-0.702,-0.761,-0.972,0.784,1.442,0.48
-1.765,0.249,-0.712,0.058,-1.516,-0.184,0.103,-0.485
-0.482,0.468,-0.804,-0.778,-0.938,0.132,0.326,0.111
1.107,-0.573,-1.526,-0.624,-1.204,-0.548,-0.53,0.781
1.64,-0.404,-0.878,-0.496,-1.511,0.397,-0.114,0.288
0.679,-0.472,-0.396,-1.3,-1.47,-0.275,0.273,0.848
1.412,-1.097,-0.404,-0.465,-1.066,0.287,-0.104,2.574
1.084,-1.135,-1.431,-0.583,-1.612,0.039,-0.2,0.47
0.293,-1.734,-0.341,0.373,-0.559,-0.313,0.073,0.233
0.011,-2.656,-1.454,0.324,-0.203,0.38,-0.179,0.904
-0.169,-1.208,-1.874,0.695,-1.239,-0.854,-0.86,0.041
-1.306,0.281,-0.415,0.262,-0.675,0.837,0.526,0.276
-2.185,1.537,-0.173,-0.849,-0.144,0.021,0.258,0.38
-1.072,-0.034,1.45,-1.346,1.079,1.65,-0.508,0.266
-2.051,1.842,0.939,-2.256,0.164,0.677,0.141,1.218
-0.441,2.229,1.604,-1.409,1.92,0.252,0.892,0.776
-1.062,2.289,1.236,-2.662,0.676,-1.796,1.562,-1.186
-1.583,0.458,0.646,-2.312,2.497,-1.095,-0.21,-0.157
-1.875,-0.427,0.262,-0.415,1.198,-2.53,-0.729,-0.383
0.305,-1.94,-0.192,0.168,1.953,-2.54,-0.946,-0.611
0.187,-0.779,-0.519,0.652,-0.404,-1.36,-0.658,0.207
0.132,-0.724,0.279,-0.534,0.307,-1.044,-0.349,1.124
0.88,-0.223,0.321,0.203,0.486,0.09,-0.203,0.969
1.361,-0.852,-0.876,0.193,0.204,-1.087,0.105,0.019
0.124,0.157,-0.105,-1.21,-0.367,-0.439,-0.601,2.419
0.369,0.363,-0.021,0.103,-0.603,0.245,0.062,1.292
0.357,-0.799,0.441,0.573,-0.153,0.234,-0.56,0.378
0.021,-0.456,0.121,1.388,0.154,0.597,-0.801,1.143
0.204,0.004,-0.503,0.792,0.175,0.943,0.276,-0.757
1.069,1.699,-0.103,1.485,-0.089,0.925,0.525,0.077
-0.032,0.928,-1.499,0.535,-0.31,0.386,-0.225,1.199
0.225,-0.347,-0.941,-0.583,-2.059,0.684,0.005,-0.328
-0.385,-0.454,0.258,-0.375,0.714,2.001,-0.225,-0.181
-1.823,-0.256,0.201,-0.086,-2.127,0.663,0.53,-0.679
-1.685,-0.04,0.952,-0.289,0.077,1.435,0.267,-1.604
-0.938,-1.661,0.157,1.12,-0.109,0.605,1.077,-1.795
0.589,-1.009,0.49,0.903,0.226,1.281,0.73,-1.658
1.161,-1.103,-0.203,0.547,-0.992,0.972,-0.679,-0.424
1.402,-0.792,0.412,0.663,0.084,1.392,-0.555,0.076
0.352,1.413,-0.246,1.79,0.122,0.147,0.377,1.884
1.633,-0.03,0.052,1.01,-0.22,0.794,0.78,1.188
1.191,1.203,-0.21,0.637,0.7,1.673,0.879,1.024
0.172,1.585,-0.981,-0.363,-0.269,1.492,0.067,0.968
-0.069,1.362,1.188,-0.912,0.943,1.329,-0.578,0.629
0.215,0.67,-0.023,-1.328,0.199,-0.577,-0.062,1.546
0.601,0.878,-1.227,-0.244,0.512,-1.089,-0.341,2.171
1.026,0.075,-0.707,-0.787,0.171,-1.77,0.409,0.528
1.028,-0.428,-1.31,-0.91,0.491,-0.373,-0.847,-0.013
0.74,-0.834,0.484,-0.337,0.644,-0.192,-2.087,0.484
-0.533,-0.188,-1.002,-0.082,1.6,-0.326,-1.084,-0.694
-0.092,-0.297,0.48,-1.121,-1.585,-0.421,-0.233,0.481
-0.388,-0.366,0.279,-0.881,1.7,0.351,-0.818,1.009
1.18,0.979,1.287,0.076,-1.552,-0.902,0.715,1.463
-0.174,-0.223,-1.906,-1.206,0.364,-0.522,-1.196,2.388
0.267,0.486,1.168,-0.008,-1.887,-0.683,-1.039,0.798
-0.894,-0.232,-2.029,0.1,0.326,-0.595,-0.301,-0.027
0.044,-1.498,0.901,1.295,-1.868,0.365,0.291,0.605
-2.356,-1.974,-1.264,1.707,-0.591,1.061,0.003,0.66
-0.486,-1.454,2.161,1.06,-0.972,1.849,-1.558,-0.139
-0.78,-0.149,1.792,0.683,0.328,3.465,-1.016,0.578
-0.998,0.489,0.23,0.37,-0.943,2.285,-1.275,-1.506
-0.273,0.086,1.7,-0.446,-0.4,1.746,-0.252,0.676
0.319,0.554,1.183,0.056,0.12,1.131,0.016,0.557
-0.227,0.316,0.571,-0.079,1.27,-0.004,0.432,0.671
0.286,-0.069,0.217,-0.88,-0.236,0.622,-0.108,0.276
-0.299,0.684,1.48,-1.298,0.232,0.99,-1.97,-1.055
-0.496,1.321,-0.019,-1.124,2.443,0.622,-0.702,-1.476
0.223,1.522,0.666,-1.603,0.169,-0.031,-1.11,0.23
0.285,0.492,-0.042,-0.029,1.561,-1.317,-1.215,1.009
0.134,0.754,-0.158,-0.888,-0.006,-2.197,-1.519,0.513
0.276,-1.444,0.402,0.429,0.531,-0.467,-2.308,1.109
0.703,-0.545,-1.055,0.925,0.245,0.106,-1.938,-0.137
0.459,0.023,-0.64,1.571,-0.358,0.206,-1.435,0.505
0.921,0.143,-1.023,1.156,-0.598,1.273,-1.073,1.155
1.414,-0.117,-0.166,1.402,-0.75,1.701,0.268,1.734
0.323,1.012,-0.626,-0.174,-0.478,0.809,-0.478,1.046
-0.257,0.406,0.85,-1.6,-2.233,0.465,1.207,1.351
-1.528,0.086,-0.424,-0.607,-0.484,1.212,1.137,0.477
-0.816,-0.129,1.373,-1.126,-0.757,0.402,2.304,0.651
-0.958,0.91,1.095,-0.035,1.159,-0.653,1.92,0.524
0.376,0.223,1.156,0.05,-0.966,-0.904,2.213,0.923
-0.352,-0.624,1.007,-0.127,1.862,-0.589,0.306,-0.338
-0.002,-0.438,-0.097,0.766,-0.683,-1.914,-0.57,-0.209
1.037,1.225,1.139,0.062,0.023,-0.46,-2.213,-0.647
0.2,0.449,-0.321,0.318,-0.377,0.696,-1.354,-0.886
0.049,0.731,0.138,-0.594,-0.829,-0.362,-0.904,0.754
-1.055,0.119,-1.032,0.352,0.114,0.442,0.294,0.664
1.112,-0.162,0.522,0.351,0.358,-0.55,1.061,1.092
-0.101,-0.62,-0.596,-1.656,-0.043,0.351,0.931,0.366
-0.753,-1.355,0.5,-1.742,-0.623,0.628,-0.321,-0.726
-1.277,-0.795,-0.031,-0.33,1.203,0.646,0.062,0.615
-1.216,0.209,1.611,1.291,-0.256,-0.388,0.83,-0.014
-1.024,1.48,1.331,0.032,1.346,-0.445,-0.676,2.166
0.449,1.038,0.627,0.112,-0.205,1.036,0.362,1.757
0.609,-0.193,0.334,0.429,1.183,0.881,0.488,0.066
0.038,0.57,-0.242,0.816,-0.567,0.126,-0.341,-1.362
-0.827,0.661,0.263,-0.713,-0.053,0.342,-1.381,-0.986
-0.638,1.456,0.202,0.286,-0.453,-0.307,-0.584,-0.971
-0.308,2.517,0.927,-1.776,0.123,0.462,-0.085,0.872
0.911,2.283,-0.536,-1.238,-0.615,0.442,-1.019,2.659
1.047,0.774,0.288,-2.193,-0.821,-0.456,-1.11,1.134
0.476,0.247,1.478,-1.565,0.117,-1.073,-0.293,0.305
-0.265,1.082,-1.496,-0.356,0.278,-1.08,0.465,0.62
0.158,0.113,0.747,0.429,-0.223,-1.681,1.198,-0.449
-0.722,-0.073,-1.692,0.372,-1.085,-0.96,0.54,-0.321
-0.471,0.483,0.833,0.543,0.227,-0.874,1.259,0.954
-1.587,1.149,0.087,0.194,0.206,-0.267,0.668,0.381
-0.408,0.853,1.353,-1.446,-0.155,0.01,0.56,-1.127
-0.339,-2.05,1.311,-1.307,1.877,0.392,1.222,0.186
0.132,-0.75,1.248,0.756,1.721,-0.241,0.381,-0.963
-0.583,-0.652,1.575,0.39,-0.246,-1.687,-0.99,-0.758
0.396,-1.228,0.981,0.811,1.566,-0.235,-1.017,-0.524
1.194,-0.569,-0.108,-0.208,0.957,-0.576,-0.467,-0.012
0.627,0.641,0.238,0.394,0.734,-0.623,-0.438,-1.01
1.083,-0.6,-0.205,-0.695,0.402,-0.836,-1.024,-0.229
-0.077,1.097,-0.197,0.403,0.066,-0.114,-0.965,-0.324
-0.132,1.367,0.569,-0.753,0.361,-1.171,-1.098,0.428
-0.337,1.465,-0.574,-0.427,0.54,-0.526,-1.952,0.909
-0.912,0.028,0.525,-1.226,-0.034,0.029,-1.256,1.481
-0.703,-0.227,-0.445,0.765,1.78,-1.346,-0.916,0.954
0.871,-0.47,1.227,0.51,-0.692,-1.676,-0.645,0.802
0.502,-0.248,-1.098,2.442,0.616,-0.046,0.225,0.79
0.495,-0.141,0.647,2.084,-0.12,-0.118,1.457,0.169
0.261,-0.369,-1.646,0.111,-0.103,1.621,0.786,-0.125
0.503,-0.339,0.198,0.586,-0.917,0.784,0.402,-1.634
-0.219,-0.363,-0.764,-0.694,0.219,0.017,0.794,-1.988
-0.359,0.038,1.006,0.159,-0.371,-0.503,0.667,-1.993
0.449,-1.377,0.108,0.076,-0.455,-0.16,0.545,-2.178
1.003,-0.28,0.807,-0.866,0.662,0.72,-0.501,-1.634
0.389,1.272,-0.525,0.094,0.447,0.897,-0.484,-1.658
0.504,1.529,0.203,-1.352,0.103,-0.316,0.349,-0.456
-0.331,-0.034,-0.82,-1.873,0.899,-0.525,-0.644,-0.298
-0.56,0.854,0.451,-1.353,-0.289,-0.802,-1.836,0.114
-1.114,2.362,0.244,-1.062,0.825,-0.48,-1.793,0.166
-1.368,0.91,1.136,-0.67,0.558,-1.89,-0.592,1.001
-0.315,1.083,1.072,-0.737,1.446,-1.445,0.054,0.028
0.008,2.473,1.676,-0.242,0.467,-0.669,-0.674,-0.886
0.785,2.102,0.363,-1.267,1.497,-0.474,-1.309,-0.503
0.715,2.42,1.767,-0.516,0.671,-0.597,-1.331,0.72
0.602,0.284,0.057,-1.347,2.164,-0.143,-0.825,0.767
0.593,0.379,0.065,0.104,0.991,-1.083,0.044,1.658
0.936,0.533,0.019,0.614,1.287,-0.617,-0.127,0.178
0.518,0.843,-0.417,-0.344,0.81,-0.843,-0.566,0.101
-0.116,1.109,-0.236,-1.781,0.855,0.112,-1.566,-1.162
-1.338,0.668,0.549,-1.886,-0.048,-0.103,-1.331,0.796
-0.811,-0.851,0.027,-0.83,2.601,-1.128,-1.093,0.764
-0.835,0.433,-0.097,-1.124,0.024,-2.382,-0.703,0.108
-0.57,0.533,0.538,-0.822,1.475,-1.455,-0.994,-0.09
-0.756,-0.831,-0.282,-0.255,0.433,-2.449,0.593,0.799
0.33,0.22,0.703,-0.386,-0.25,-1.624,-0.095,0.971
0.51,0.595,0.308,-0.859,0.2,-0.17,-1.396,1.301
0.929,0.755,-0.889,-0.754,0.555,0.075,-0.23,0.538
0.351,0.109,0.45,-0.841,-0.095,-1.063,0.749,1.003
0.25,1.438,-0.231,0.559,0.584,-0.909,-0.587,1.27
1.517,1.202,0.301,0.461,0.0,-1.05,-0.646,1.696
0.407,-0.092,-1.843,0.28,-0.29,-0.024,-0.105,-0.42
0.523,-1.357,-0.819,0.089,-1.124,0.747,1.36,1.355
-1.417,-1.342,-1.702,0.991,0.726,1.435,0.865,0.278
-0.313,-2.672,-0.137,0.385,-1.911,-0.419,2.206,0.813
-1.099,-1.547,-0.642,0.132,0.038,1.339,0.62,1.47
-0.268,-0.717,1.384,0.217,-1.88,1.128,1.986,0.306
-1.582,-1.365,0.197,0.021,1.386,0.941,0.91,-1.2
0.652,-1.157,1.069,0.218,-0.637,0.309,0.106,-1.515
0.296,0.667,-0.631,0.467,1.528,0.528,-1.143,-1.432
0.98,0.435,1.434,0.234,-0.841,0.692,-0.227,-0.24
0.566,1.479,-0.432,-0.937,1.197,0.598,-0.429,0.051
0.756,0.616,1.235,0.538,-0.336,0.752,-0.96,0.334
1.528,0.113,-1.158,0.496,0.391,-0.379,0.017,1.082
0.394,-1.728,0.141,0.774,-1.906,0.281,-1.014,0.935
0.068,-0.261,-1.274,1.123,0.959,-0.557,-2.057,-1.221
0.73,0.796,-0.068,0.334,-1.074,0.082,-1.369,-1.277
0.036,0.022,-1.414,0.551,1.274,0.741,-1.757,0.163
-0.069,-0.263,-0.15,-0.865,-2.112,-1.256,1.227,1.751
-0.649,0.556,-0.813,1.336,0.863,-0.809,1.061,2.29
-1.331,-0.405,-0.806,-0.476,-1.444,-1.57,1.264,1.545
-1.178,-0.719,-0.686,1.139,0.711,-0.022,1.433,0.566
-0.75,-0.155,0.44,1.159,-0.336,-0.609,0.944,0.64
-0.714,-0.541,0.091,0.136,0.202,-0.07,0.554,-1.708
-0.511,0.212,-0.067,-1.09,0.988,0.116,1.006,-1.786
-0.645,-0.677,-0.12,-0.703,-0.912,-0.64,-0.751,-1.174
-0.653,0.929,0.599,-0.101,1.016,0.577,-0.394,0.518
0.368,0.977,1.21,-0.45,-0.882,-0.342,0.419,-0.223
-0.932,0.517,0.763,-1.855,1.532,0.513,0.769,0.764
-0.168,-0.547,0.865,-0.644,1.469,-0.224,0.257,0.791
-0.05,-1.174,0.528,-0.73,0.836,-1.06,-0.71,0.715
1.282,-1.367,-0.295,0.291,2.116,-0.556,-1.211,-1.324
1.13,-1.812,0.017,0.227,0.295,-0.928,-1.919,-1.256
1.698,0.273,-0.316,1.146,2.266,-0.577,-0.434,-1.522
-0.261,0.609,-0.881,1.176,0.201,0.227,-0.37,-2.347
0.026,1.201,-0.398,0.553,0.167,0.297,0.351,-1.121
-0.101,2.07,-0.407,0.22,-0.08,-0.03,-0.422,-1.567
0.741,2.136,0.29,-0.156,-0.584,1.84,-0.154,-1.077
-0.736,1.446,-0.212,-1.2,0.634,1.917,-0.789,-0.998
-0.501,0.367,1.544,-0.608,-0.51,-0.386,0.27,0.375
-0.371,0.829,-0.038,-0.808,0.817,-1.577,-0.328,0.261
-0.021,0.571,1.038,-0.353,-1.944,-1.251,0.472,-0.084
0.81,0.055,0.625,1.542,0.319,-0.156,0.52,0.824
0.725,-0.387,0.049,-0.583,-1.69,-0.159,1.204,1.068
2.129,0.639,0.589,0.869,1.198,0.131,0.126,-1.095
2.192,1.6,-0.487,-0.005,-0.255,-1.368,0.524,-0.197
2.358,0.351,-0.198,-1.817,0.68,-0.169,-0.289,0.552
1.803,-0.057,-1.757,-0.782,0.49,-0.64,0.683,-1.141
0.451,0.528,0.312,-1.098,0.562,-2.072,0.958,-1.49
-0.608,-0.271,-2.15,0.792,0.692,-0.1,0.69,-0.844
0.091,0.352,0.308,0.885,0.37,-0.126,-0.763,-1.609
-0.248,1.646,-0.391,0.918,0.509,-0.058,-1.527,-1.306
0.839,0.447,-0.591,0.047,-0.526,0.204,-0.652,-2.367
0.136,0.25,0.325,-0.358,0.625,-0.012,0.242,-1.804
-0.694,1.81,-1.039,-0.247,-0.006,-0.913,0.623,-0.466
0.231,0.599,-0.637,-1.364,0.751,-1.49,0.336,-0.398
-0.756,0.416,0.346,-0.393,1.121,-0.503,0.721,-1.324
-0.154,-0.602,-0.358,1.274,-0.463,-1.173,-0.028,-1.16
0.846,-0.916,-0.448,-0.116,0.11,-0.355,0.137,-0.572
0.781,-1.592,0.507,0.676,0.235,-0.166,-0.138,-0.902
0.149,1.662,-1.535,0.305,-1.004,0.726,-0.72,-0.974
0.329,1.308,-0.2,-0.417,-0.717,1.072,-0.883,0.518
0.086,0.608,-0.792,-0.068,-0.968,2.362,-0.682,0.554
0.005,-0.609,-0.609,0.637,-0.042,1.635,0.802,0.658
1.222,-1.866,-0.732,0.715,-1.526,0.955,1.348,-0.295
-0.038,-0.803,0.358,1.011,-0.553,1.347,-0.7,0.39
-0.964,-0.535,1.071,-0.947,-1.673,1.341,-0.423,-0.448
-1.192,0.234,1.572,-0.46,1.263,2.311,-0.415,-1.557
-0.824,0.735,0.556,-0.701,0.176,-0.421,-0.61,2.179
-1.471,1.298,1.12,0.079,0.922,-0.144,-0.484,1.831
-1.227,0.501,0.959,-0.258,-0.551,-0.749,0.443,2.351
-0.873,0.76,1.144,0.236,0.952,-0.781,-0.573,1.042
-0.193,-0.021,0.949,-0.203,0.581,-1.247,1.11,1.309
0.579,-0.738,0.787,0.016,0.921,-0.711,-0.408,2.214
-0.081,-0.639,0.397,0.757,0.734,-0.431,2.079,1.621
0.854,0.321,1.184,-0.742,0.59,-1.039,1.128,-0.369
1.977,0.707,0.695,-0.659,-0.211,-1.18,0.585,-0.891
1.649,0.408,1.273,0.101,-0.052,-2.03,0.033,-1.35
2.469,0.518,-1.529,0.393,-0.321,-1.162,0.645,-0.598
2.27,1.585,-0.013,0.545,-0.256,-0.534,-0.675,2.434
2.34,-0.761,-2.891,0.194,-0.155,-0.709,0.206,1.794
2.345,-1.503,-1.73,0.128,-1.68,-0.458,1.895,-0.517
-0.526,-0.809,-1.28,0.243,-1.652,1.784,1.978,0.21
-0.974,0.187,-0.741,0.917,-0.834,1.676,0.618,0.232
-0.415,-0.006,-0.589,1.022,-1.449,0.756,0.644,0.533
-0.528,0.796,-0.303,1.088,-2.728,0.466,-0.11,-1.443
-0.597,-2.145,0.381,0.853,-1.98,1.423,0.722,-0.215
0.348,-3.015,0.674,0.404,-0.034,1.391,1.867,-0.142
-0.089,-2.05,-0.764,0.764,-0.693,1.731,2.013,-0.462
0.207,1.247,0.594,2.215,-1.444,0.989,0.972,0.225
0.098,0.613,-1.096,0.685,0.244,0.541,0.034,0.539
0.07,-1.614,-0.075,0.699,-1.236,-0.367,0.353,-0.218
-0.353,-1.127,-1.107,1.604,0.673,-0.635,-1.496,-1.481
0.264,-0.053,1.252,0.476,-2.043,0.231,0.379,-1.576
0.087,0.765,-0.934,0.122,1.964,1.434,0.17,-0.279
-0.021,0.775,-0.377,0.575,-1.418,-0.583,-0.374,0.698
-1.094,0.182,-0.286,-0.203,0.473,0.685,-0.703,0.912
-1.421,0.539,0.82,-0.756,-1.207,0.016,0.973,1.122
-1.072,1.356,1.454,-0.821,0.503,-0.07,1.535,0.535
-0.542,0.169,0.72,0.872,-0.296,-2.247,0.816,0.871
-0.402,0.008,0.699,0.942,1.6,-0.799,-0.505,1.621
-0.413,-0.133,1.235,0.71,-0.512,-0.569,-0.155,0.032
-1.056,-1.52,-0.34,0.092,1.748,-0.52,-1.214,1.601
0.014,-1.933,1.731,2.556,0.106,-0.28,-0.287,0.224
-0.13,-2.949,0.091,2.129,0.54,-0.153,-1.08,-0.638
-0.305,-1.427,1.318,1.482,-1.145,0.53,-0.204,1.029
-0.149,-0.979,0.619,1.134,0.318,0.486,0.165,0.141
1.301,-0.793,0.051,0.312,0.143,1.514,-0.392,-0.203
0.635,-0.518,-0.105,0.965,0.561,0.76,-0.246,-0.186
1.368,0.182,-1.091,0.432,0.629,0.754,-0.037,-1.632
0.699,-0.483,0.152,0.086,0.548,0.422,0.469,0.678
0.236,0.767,-1.28,0.719,-0.246,-0.185,-0.536,1.613
0.299,-0.975,0.9,-0.241,-0.384,-0.426,0.59,0.171
0.707,-0.501,-0.548,1.532,1.349,0.482,-0.276,-0.461
0.941,-0.355,-0.606,1.147,-2.159,-0.474,1.122,-1.575
-0.31,0.515,-1.452,0.267,0.127,1.197,-1.341,-0.911
-1.318,-0.198,-0.834,-0.457,-1.473,0.752,1.077,0.67
-2.471,0.961,-0.523,-1.057,0.554,1.443,-0.003,-0.716
-3.112,0.258,0.983,-0.583,-0.31,0.455,-1.025,1.263
-2.183,0.291,-0.42,-0.577,0.019,-0.186,-0.533,1.409
-1.757,-0.055,0.714,-0.233,-0.265,-0.256,-0.936,-0.188
-1.399,0.589,0.313,0.478,1.013,-0.04,-0.014,-0.768
-1.171,1.011,2.095,-0.183,0.957,-0.768,-0.275,-0.012
-1.21,0.0,0.482,-0.881,1.886,-0.39,-2.103,1.447
-0.388,-1.276,1.453,-0.379,0.544,-0.155,-0.427,-0.1
0.395,-1.504,-0.819,0.744,1.124,-1.427,0.292,-0.089
1.45,-0.584,0.484,-0.174,-0.688,-2.137,-0.6,1.705
0.966,-0.276,-1.853,-0.508,-0.148,-0.712,0.45,1.218
0.187,0.029,0.403,-0.31,-1.24,-0.371,0.169,-1.802
-0.096,-0.619,0.623,0.774,0.405,-0.404,0.52,-1.894
0.56,0.358,0.686,1.054,0.386,-0.754,-0.204,-0.543
0.817,-0.018,-0.751,-0.133,0.13,-1.044,0.721,0.665
0.421,-1.393,0.471,-0.078,0.15,-0.531,1.148,0.853
0.514,-0.567,-1.2,-0.561,0.619,-0.066,0.211,-0.262
0.83,0.175,-0.223,0.364,0.037,-0.086,-0.326,-1.392
-1.967,0.205,-0.854,-0.726,1.159,0.136,0.135,0.318
-0.97,0.139,1.686,-0.778,0.649,-0.92,-1.259,0.894
-2.276,0.252,0.082,0.395,1.088,0.333,-1.966,0.492
-0.456,-0.923,2.284,0.545,-1.497,0.433,-1.254,0.985
-0.382,0.815,0.295,0.884,0.295,0.397,0.285,1.057
1.39,0.096,1.757,0.683,-0.581,0.079,1.03,1.417
1.013,1.171,-0.534,1.885,0.716,0.58,0.568,1.187
0.754,0.119,1.346,1.934,-0.569,1.192,-0.425,-0.658
0.242,0.847,-1.662,2.264,-0.101,1.162,1.034,-1.577
1.393,0.626,-0.0,1.287,-0.767,0.912,1.005,-0.701
0.386,0.343,-2.261,1.717,0.284,1.428,0.175,-1.08
0.204,-0.64,-0.682,-0.144,-1.017,0.217,1.769,0.4
-0.165,0.688,-1.928,-0.554,-0.665,1.161,0.229,0.932
-0.209,0.688,0.105,-1.502,-1.75,0.598,0.678,0.665
-0.842,0.27,-1.343,-0.115,0.057,-0.19,0.238,-2.149
0.393,1.185,0.399,-0.42,-1.948,-0.452,-0.308,-1.317
0.854,0.622,-1.234,-0.622,0.161,-0.421,-0.271,-1.118
1.169,2.182,-0.735,-1.784,-2.156,-0.428,1.135,-0.287
0.178,1.822,-1.048,-1.723,1.479,0.504,-1.11,0.637
0.886,0.62,-1.416,-2.721,-1.521,-0.356,1.674,-0.945
1.051,1.352,-1.718,-2.771,0.695,-0.08,-0.569,-1.116
0.714,0.8,-2.401,-2.786,-1.455,-1.567,0.652,0.164
-0.944,2.038,-1.683,-1.751,0.559,-1.585,0.475,-1.353
-1.425,1.043,-0.818,-0.427,-0.016,-2.616,0.037,1.117
-2.09,0.562,0.66,-1.071,1.832,-0.998,0.218,-0.251
-1.812,0.289,-0.111,-1.152,-0.237,-1.833,2.02,-1.259
-0.823,0.479,2.308,-1.78,2.897,-1.779,-0.275,0.384
-0.534,1.464,0.215,-0.6,2.134,-2.48,0.212,-0.159
0.158,0.979,1.697,-1.419,1.515,-1.748,-0.939,0.332
1.066,0.41,0.169,-0.721,1.763,-1.143,-1.726,0.508
0.218,-0.105,0.805,-0.64,1.072,-1.189,-0.356,0.461
0.723,0.622,1.358,0.738,1.694,-0.152,-0.584,0.234
-0.454,-0.104,1.147,0.841,2.154,-1.039,0.345,1.596
0.45,-1.084,0.149,1.795,0.76,-1.283,-0.364,-0.093
0.142,-1.315,0.065,0.719,1.11,0.495,-0.509,2.247
0.763,-1.05,0.338,1.398,0.309,-0.216,-1.971,0.773
0.626,-0.611,-1.09,1.065,0.791,-0.322,-2.443,1.502
0.74,0.616,0.19,1.077,-0.423,0.085,-2.428,1.851
-0.562,-0.182,-0.919,1.371,1.003,0.144,-1.848,1.515
-0.757,0.893,-0.399,0.506,-1.025,0.834,-1.206,1.758
-0.71,-0.938,0.135,1.214,0.869,0.743,-2.752,0.137
-0.232,1.723,0.842,0.339,-1.318,0.205,-1.121,1.096
1.89,-0.483,-0.53,0.833,0.232,0.811,-0.201,0.392
1.762,0.003,0.791,0.871,-0.26,0.232,-0.028,1.714
1.69,-0.322,-0.856,0.357,-0.533,1.194,-0.096,-0.839
0.401,-0.821,-0.438,0.786,-0.002,0.953,-0.145,-0.905
-0.924,0.149,-0.306,2.581,-0.718,0.143,1.602,0.076
-1.033,0.993,-1.742,0.575,-1.743,-0.089,0.595,0.069
-1.631,0.342,0.882,-0.184,0.88,1.686,-0.348,0.057
-0.733,1.258,0.054,-1.75,-1.441,0.743,0.902,-1.049
-0.456,0.747,0.425,-2.762,0.908,0.281,-0.425,-0.843
0.653,-0.564,0.483,-1.319,-0.086,-1.75,-0.341,-0.473
1.633,-0.41,0.233,-1.012,0.452,-1.057,-0.802,2.135
1.34,-0.586,-1.262,-1.101,0.963,-1.884,0.103,1.067
1.364,0.08,-0.397,-0.899,-0.041,-1.21,-1.537,-0.352
0.456,-0.279,-2.409,-0.625,0.143,0.022,-0.816,1.018
0.552,-0.19,0.958,-1.123,0.057,-0.827,-0.012,0.345
-0.153,-1.031,-1.499,-0.393,0.917,-0.947,0.126,0.397
0.17,0.383,0.322,0.351,-1.091,-0.996,1.781,0.61
-0.073,-0.121,-1.862,0.407,0.363,-0.336,0.562,0.142
1.25,-0.985,-0.076,0.652,-2.829,0.595,0.894,1.14
0.683,1.661,-1.538,0.497,0.134,0.159,0.006,-0.37
0.683,-0.37,-0.128,-0.179,-1.981,0.806,1.384,0.458
0.012,0.133,-2.221,-0.415,1.007,1.915,0.505,0.276
-0.715,-1.784,-0.34,-0.752,-1.315,0.961,0.285,0.823
-1.996,-0.558,-0.219,0.029,0.12,0.145,0.074,1.682
-1.249,-0.238,0.955,0.963,-1.396,-0.901,0.484,1.034
-1.864,-0.25,0.555,-0.128,0.578,-0.498,-0.563,-0.035
-1.433,-1.305,1.798,-1.032,-1.673,0.813,0.485,0.502
0.098,-1.279,0.613,0.693,1.422,-0.213,-1.239,0.303
2.038,-1.334,0.255,0.482,-0.604,-0.464,0.635,1.057
0.489,-1.864,-0.996,2.471,2.411,0.341,-0.359,0.416
1.553,-1.713,0.449,1.312,-2.298,-0.014,0.989,0.24
0.574,0.301,-0.509,1.094,0.728,1.108,-1.135,1.374
0.566,0.545,-0.019,-0.83,-0.463,0.82,0.611,0.734
0.144,1.325,-1.233,-0.632,0.75,0.233,-0.535,1.131
0.841,-0.184,-0.201,-0.492,-0.04,-1.977,-0.575,0.206
-0.946,-0.491,-0.289,0.402,0.739,-1.368,-1.207,-0.676
-0.409,-1.772,0.851,0.947,-0.366,-1.211,-0.757,-0.907
-1.022,-1.907,-0.722,0.979,-0.076,-0.49,-0.128,-1.622
0.0,-1.252,1.051,2.093,-0.759,1.278,0.418,-0.507
0.798,-0.994,-0.472,1.661,0.532,1.753,1.157,0.243
0.951,1.001,-0.12,1.661,-1.171,2.135,0.461,-1.252
0.756,0.542,-2.63,0.586,-0.605,0.805,-0.262,-0.259
0.773,0.056,-1.135,0.178,-2.227,1.362,0.696,-0.661
-0.953,0.359,-0.587,0.148,-1.885,1.905,0.063,-0.629
-0.037,0.226,-0.196,0.437,-1.895,2.167,-0.125,0.266
0.932,-0.813,-0.169,0.767,-0.87,2.963,1.199,-0.165
1.066,-1.046,-0.575,1.239,-1.835,0.652,2.312,-1.148
0.74,0.547,-0.247,1.114,-0.934,1.028,1.232,0.203
0.004,1.337,-0.139,0.503,-1.624,1.453,1.238,-0.432
-0.502,0.879,0.303,-0.45,-1.389,1.346,2.465,-0.291
0.774,1.325,1.036,-0.124,-0.421,-0.178,2.639,-0.764
1.624,1.982,0.158,-1.658,1.764,-0.178,2.709,0.998
1.463,0.48,1.079,-2.6,-1.272,0.034,1.403,-1.142
0.004,0.351,0.568,-1.716,1.1,-0.688,-0.786,-1.303
-1.518,0.352,0.554,-0.134,-0.259,-0.477,-1.028,-1.21
-1.562,-0.428,0.049,0.431,0.688,-1.096,-1.015,-0.715
-0.949,0.063,0.102,0.206,-0.218,-0.421,0.947,-0.306
0.323,-0.937,-0.297,-0.235,2.092,0.856,1.685,0.285
-0.169,-0.381,0.05,0.159,1.077,0.276,-0.466,1.662
0.128,-0.427,-1.008,0.805,0.946,-0.277,-0.194,0.772
1.006,0.154,-0.035,1.607,0.193,-0.17,-1.366,-0.046
0.431,-1.029,-0.03,1.098,1.493,0.116,-0.869,-1.076
0.203,-0.948,0.26,-0.156,-0.531,-0.022,-1.577,-0.767
-0.747,1.12,-0.251,0.371,0.977,0.622,-1.934,1.229
-1.232,0.373,0.418,0.039,-0.604,0.637,-0.858,0.72
-0.649,0.273,-0.41,-0.003,-0.236,0.23,-0.423,1.708
-0.426,-0.478,0.774,0.011,-1.653,0.358,0.95,-0.705
-0.352,-0.195,0.167,-0.135,-0.282,0.582,0.784,0.486
0.016,0.221,-0.54,-0.782,-0.131,0.804,1.692,0.003
0.535,-0.304,0.234,0.864,0.119,0.473,1.201,0.159
-0.345,-0.383,-0.324,-0.462,1.108,0.39,-0.179,-0.143
-0.373,-0.34,0.117,1.069,0.645,-0.54,1.347,-0.697
0.922,0.069,-0.604,0.647,0.852,-1.494,0.921,-1.297
0.153,1.04,-0.544,0.537,-0.117,0.452,0.607,-0.208
-0.294,-0.055,-0.771,0.542,-0.078,0.164,0.359,-1.887
-0.793,0.634,-1.102,1.158,-0.421,0.172,0.606,-0.904
-0.52,0.998,0.893,-0.152,-0.49,0.493,-0.268,0.357
-0.058,0.709,0.798,-0.099,-0.074,0.654,0.521,-0.719
-0.042,1.267,0.31,-0.509,0.241,1.09,-0.878,-0.705
-0.02,0.709,0.801,-1.947,0.008,-0.622,-0.884,0.042
-0.079,0.436,-0.986,-2.09,1.073,0.649,-0.328,0.07
0.609,0.059,-0.109,-1.374,-0.29,-1.748,-0.146,0.596
-0.426,-0.211,-0.8,0.19,1.252,-1.25,0.013,0.729
-0.581,-0.321,-0.547,-0.548,0.464,-0.857,-1.368,0.096
-2.299,-1.743,1.163,-0.032,0.152,-1.492,-1.747,-0.214
-2.676,-0.527,1.195,0.219,1.242,-0.339,-0.486,0.434
-1.42,-0.612,1.85,0.76,0.251,-0.047,-0.526,-0.197
0.079,-1.576,-0.094,0.5,1.292,0.576,-0.775,-0.5
0.943,0.031,0.279,0.607,0.382,-0.594,-0.392,0.101
-0.114,-0.813,-0.625,0.64,0.935,-0.101,-1.283,0.1
-0.918,0.305,0.012,0.379,0.131,-0.08,-2.281,0.704
-0.736,-0.507,-0.62,0.572,-0.168,-0.235,-1.141,0.02
-1.621,0.514,0.065,-1.004,-0.022,0.495,-1.086,-0.325
-0.602,1.853,0.273,-1.948,-0.336,-0.147,-0.773,0.133
-0.341,-0.434,-1.082,-1.585,-0.2,-0.833,-0.565,0.339
-1.221,-0.443,0.65,-1.565,-0.633,-0.627,0.587,0.158
-1.885,0.607,-0.176,0.285,0.392,-1.408,-0.275,-0.352
-1.529,0.555,0.989,-0.262,0.084,-0.753,-0.694,0.255
-1.63,0.564,-0.004,-1.137,-1.124,1.049,-0.508,1.234
-1.76,1.018,1.206,-1.473,0.538,0.033,0.479,-0.327
-1.789,-0.178,0.689,-0.075,0.361,-1.188,0.881,0.13
-1.237,-1.076,0.523,0.452,1.466,-0.614,1.013,-1.069
-1.076,-1.191,1.307,1.489,-0.133,-1.229,-0.856,-0.578
0.223,0.509,-0.154,0.531,1.57,-0.314,-1.341,-0.852
0.716,-0.39,1.508,-0.051,0.469,0.338,-0.729,-0.174
-0.221,-1.517,-0.791,-0.242,1.165,0.886,-2.785,0.253
0.18,0.195,0.278,-0.932,0.186,-0.018,-0.809,1.774
-0.749,-0.345,-1.989,-0.365,0.377,0.995,0.283,1.186
-0.613,-0.613,-0.152,-0.039,-0.503,-0.643,-1.274,2.364
-0.547,-1.508,0.638,-1.116,-0.471,-0.361,-1.772,1.859
-0.254,-0.324,0.669,-0.764,1.647,1.689,0.094,0.545
1.621,0.319,0.126,-0.125,-1.207,-0.078,1.858,1.106
1.626,-0.363,-0.358,0.209,1.114,0.356,0.331,0.849
0.554,-1.065,-0.18,-0.036,0.089,-0.395,0.288,-1.239
0.819,-2.188,-0.628,0.323,-0.657,1.056,0.447,-1.379
1.251,-0.574,0.208,2.155,0.306,1.547,0.488,-0.799
1.393,1.916,-1.243,1.213,-1.547,0.833,0.612,-0.85
0.306,1.24,-1.315,0.715,-1.342,1.793,-0.271,-0.272
-0.328,1.132,-0.653,-0.673,-0.996,2.053,1.161,-1.636
0.072,0.711,-0.61,-1.541,-0.271,1.907,0.929,-0.922
-1.322,0.639,-1.515,-0.869,0.253,1.425,0.21,0.245
-1.464,0.187,0.596,-0.169,0.466,0.277,0.873,-0.729
-2.52,0.358,-0.226,0.06,1.473,0.712,-0.053,-1.212
-2.09,-0.544,2.388,1.08,-0.596,-0.192,-0.197,0.436
-2.176,-1.389,0.237,1.79,1.549,-0.423,-1.921,-0.921
0.261,-0.784,2.026,1.89,-0.323,-0.573,-1.046,1.31
0.122,-0.327,-0.845,1.294,2.749,0.529,-2.034,1.088
0.249,-1.165,1.356,1.029,-0.665,-0.251,-0.731,1.517
-0.827,-1.066,-0.571,0.888,-0.025,0.569,-2.054,-0.67
0.027,-0.968,1.05,0.698,-1.784,0.053,-1.608,0.994
-0.185,0.115,-0.61,0.954,0.04,0.714,-0.614,2.088
1.179,0.183,-0.039,1.04,-1.838,0.748,0.326,0.583
0.947,-0.176,-0.57,0.195,1.217,1.155,0.215,1.328
-0.318,-1.452,-0.597,-0.964,-1.941,0.462,1.562,-0.555
-0.846,-0.471,-0.002,-1.081,-0.228,-0.445,0.076,-1.594
-0.067,0.148,0.134,-0.162,-1.132,-0.925,0.952,-1.296
-0.459,1.944,0.392,-0.401,-0.386,0.394,0.275,-0.236
0.92,1.348,0.333,-0.782,-2.014,0.455,0.675,1.033
0.048,1.393,-0.343,-1.513,0.982,-0.026,0.205,-0.695
0.556,1.48,-0.828,-1.659,-1.134,0.017,0.373,-0.007
-0.311,-0.872,-0.477,-1.379,0.726,-0.693,-0.258,-1.076
-0.854,-0.57,0.856,-0.272,-0.723,-1.505,0.053,-0.364
-0.01,-0.383,0.569,0.394,1.434,-0.368,-0.464,-0.173
0.23,-0.594,0.032,2.135,0.021,-0.701,-0.087,-1.043
0.933,0.413,0.263,0.567,-0.218,-0.673,-1.029,-0.215
0.995,1.651,0.353,-0.241,-0.703,-0.045,-0.088,-0.623
1.312,0.028,-0.287,-1.072,0.062,0.321,0.869,-0.888
0.444,-0.146,-0.204,0.431,-1.482,0.148,-0.835,-0.075
0.067,0.261,-0.864,0.347,-0.128,0.023,0.025,-1.796
0.273,-0.543,0.696,1.005,-1.131,-0.234,0.774,-1.053
-0.69,-2.103,0.013,0.653,0.194,0.941,0.575,-0.308
0.892,-1.238,0.14,1.527,-0.702,0.676,0.761,0.134
0.109,-1.624,-0.84,2.144,-1.148,0.155,0.193,-0.666
-0.065,-2.471,-0.626,1.036,-0.043,0.152,-0.581,-0.724
-1.025,-0.475,0.645,1.757,-0.484,-0.65,-1.174,-0.769
-2.386,1.212,-0.951,0.238,-0.517,0.62,-1.294,-0.528
-0.134,1.055,0.411,-0.22,-0.863,0.76,-1.557,0.718
-0.568,0.876,-1.259,-0.585,0.317,-0.036,0.729,1.121
-0.54,0.815,-0.896,-0.936,-2.611,0.196,1.197,0.174
-0.959,0.359,-1.921,-0.45,-0.157,-0.475,0.358,1.926
-0.016,0.536,-1.198,-0.084,-2.047,-0.219,1.818,-0.496
-1.357,0.152,-1.073,0.014,-0.137,-0.724,0.279,-1.572
-0.9,-0.559,1.966,0.655,-1.483,-0.65,1.154,-0.344
-1.294,0.903,-0.787,1.983,-0.305,-0.667,-0.641,-0.268
-0.571,1.09,1.888,0.105,-2.793,0.925,-0.251,0.571
-0.289,2.845,0.288,0.228,0.245,1.705,-1.107,-0.502
1.171,0.722,0.635,-0.137,-0.928,1.23,0.814,1.559
0.579,-1.057,-0.647,-0.694,0.735,0.433,-1.388,0.161
0.125,0.61,-0.072,0.162,-0.324,0.511,0.343,2.507
-0.932,0.2,-0.227,-0.726,0.386,0.289,-1.406,0.906
0.088,1.207,0.647,-0.353,0.304,0.282,0.049,0.651
-0.401,2.306,-1.48,-0.694,0.05,-0.864,1.147,1.352
-1.29,-0.033,1.341,-2.083,0.672,-0.072,-0.604,1.319
-0.461,-0.776,1.498,-0.539,-0.679,-0.848,-1.262,1.145
-0.753,-1.829,0.68,1.425,0.011,-1.198,-1.407,0.543
0.564,-1.08,1.392,0.168,-1.333,0.132,0.155,-0.001
0.778,-1.185,0.369,-0.252,1.549,-0.271,0.97,-0.333
1.258,-2.255,-0.017,1.357,0.691,0.206,0.376,-0.106
0.62,-1.145,0.273,0.549,1.088,-0.623,-0.828,0.799
0.687,0.558,0.224,-0.517,0.992,0.569,-1.592,-0.627
-0.543,-0.532,0.926,-0.994,0.818,0.77,-1.153,0.259
0.114,0.75,0.494,1.332,0.806,1.032,-0.285,0.859
1.488,0.963,2.658,0.124,1.014,-0.312,-1.397,-0.149
1.819,0.48,-0.348,-1.553,1.823,0.091,-0.54,0.934
0.853,-0.594,0.347,-0.918,0.607,-0.876,-2.017,-0.587
-0.191,-0.661,-0.522,-0.838,1.797,-0.678,-2.322,0.859
-0.123,1.449,0.195,0.292,-0.202,-2.069,-1.809,1.567
0.066,0.378,-0.11,-0.218,0.742,-0.545,-1.927,0.492
0.057,0.668,0.121,-1.45,0.51,-0.261,-2.36,1.666
-0.324,0.09,-0.246,-0.963,0.765,-0.83,-1.34,1.55
0.234,-0.913,-0.575,-1.579,-0.232,-1.592,-1.885,1.018
0.877,0.126,-0.095,-0.677,0.095,-0.924,-0.699,0.826
0.255,1.49,-1.027,0.559,0.256,-0.597,0.143,1.709
0.651,1.638,-0.366,-0.41,-1.272,-0.156,1.169,0.541
-1.662,2.18,-1.723,-1.989,-1.704,-0.143,1.201,-0.721
-1.899,1.181,0.646,-1.147,0.125,-1.277,1.712,-0.426
-2.13,0.715,0.317,-2.104,-0.598,-1.362,1.164,-0.249
-1.527,1.002,0.741,-0.724,0.266,-1.309,-0.422,0.244
-0.697,0.293,0.956,-0.601,-0.321,-0.18,0.374,-0.539
0.485,-0.257,0.429,-1.117,-0.516,-0.54,-0.807,-0.044
1.044,-1.489,0.145,0.218,0.087,0.488,-0.063,-0.87
0.471,0.092,-0.742,1.731,-0.466,-0.711,-1.587,-0.275
-0.642,0.065,-0.622,0.281,-0.58,0.54,-1.581,1.18
-0.328,-1.343,-1.043,0.05,-1.619,0.161,-0.29,0.239
-1.695,-2.219,0.002,0.325,-1.196,0.171,-0.805,0.922
-1.086,0.445,-0.853,2.313,-0.224,-0.368,0.418,0.589
-0.869,1.228,0.457,1.72,-1.82,-0.235,0.127,1.71
-1.704,0.99,0.571,-1.124,-1.407,-0.273,-0.778,1.356
-0.794,-0.739,0.4,-1.738,-1.215,-0.351,-0.624,0.5
-0.335,-0.522,1.605,-1.158,-0.652,-0.843,0.909,0.678
-0.101,-1.121,-0.043,-1.303,1.093,-0.667,0.202,0.97
0.469,-0.872,0.631,-0.918,-0.256,-1.006,-0.546,-0.37
0.609,-0.647,-0.287,0.426,0.877,-1.576,-0.009,0.31
1.296,-0.917,0.301,0.995,-1.217,-0.204,0.001,-0.388
1.141,-1.674,-0.483,0.154,-0.427,0.856,-0.763,-0.183
1.602,-0.167,0.354,0.575,0.427,1.916,-1.107,-0.345
0.907,0.011,-1.288,-0.768,0.146,0.555,-0.723,-1.2
1.873,0.44,1.236,0.372,-0.094,-0.601,-1.321,-1.483
1.21,1.216,-1.688,0.442,1.303,-1.146,-0.518,-0.004
0.932,1.544,-1.423,-0.599,-0.852,-2.278,0.75,0.196
-0.7,2.171,-1.069,-1.39,0.404,-0.591,0.653,-1.646
-0.855,1.812,-0.285,-2.126,-0.576,-0.951,0.748,-0.641
-1.862,1.329,2.301,-1.027,0.438,-0.632,0.323,-0.87
-2.025,0.265,0.304,-0.339,0.721,-1.303,0.001,0.167
-0.362,-0.907,2.723,0.118,1.25,-0.994,0.024,0.555
-0.544,0.03,0.63,0.199,1.696,-0.667,-1.337,0.925
-0.009,-0.265,0.668,0.476,0.71,-0.002,-1.138,0.607
0.212,1.555,0.052,-0.011,1.441,0.213,-2.048,0.234
0.453,0.355,-0.512,-1.628,0.324,-1.684,-0.941,0.575
0.207,0.422,0.44,0.138,1.142,-0.859,-1.492,-0.757
-0.287,0.457,-2.312,0.913,0.125,-1.184,-1.767,-0.721
0.553,-1.04,-0.395,1.19,-0.663,-0.617,-2.141,-0.581
-0.213,-1.149,-1.886,0.171,0.573,0.014,-2.115,0.727
-0.433,-2.276,-1.127,0.838,-1.366,1.072,-1.2,0.817
0.696,-0.897,-0.826,1.848,-1.188,0.174,-0.181,-0.253
0.218,-0.28,-1.236,0.99,-1.984,-0.092,0.663,2.581
0.633,0.468,0.47,0.262,-1.664,0.938,1.468,1.251
-0.379,-0.434,-1.761,0.727,0.046,0.704,2.071,-0.237
-1.009,-1.084,0.724,-0.156,-1.701,-0.009,0.768,-1.508
-1.87,-0.73,-0.789,0.87,-0.125,1.815,1.106,-0.498
-1.182,-0.025,0.485,0.606,-2.612,0.32,1.231,0.866
-1.433,-0.83,0.274,-0.827,0.921,0.799,1.093,0.587
0.11,-0.088,0.778,-1.408,-2.292,-0.266,1.167,-0.511
0.107,0.351,1.313,-1.498,1.887,0.889,0.656,-0.871
0.684,0.867,-0.584,-0.263,0.503,-0.217,1.961,-1.4
0.936,0.035,0.697,-0.449,0.186,-0.373,-1.859,-1.719
0.155,0.175,-0.111,-0.387,0.446,0.005,-0.622,1.009
0.401,1.126,1.071,0.032,0.025,-1.031,-0.347,-1.266
1.417,-0.04,0.819,-1.969,0.544,0.092,0.238,0.098
0.859,-0.031,-0.337,0.225,0.316,-0.114,0.784,-0.59
1.43,1.681,-0.535,0.168,-0.442,-1.765,-0.719,0.067
0.178,1.129,-0.202,-0.949,-0.227,0.058,-0.243,-0.317
-0.371,1.359,-0.764,-0.311,-1.341,-0.432,-0.105,-0.459
-0.319,0.935,-1.191,-0.089,-0.778,-0.813,-0.195,1.174
-0.268,1.319,1.101,-0.966,-0.744,-0.207,0.876,0.309
0.398,1.084,-0.856,-0.418,0.394,0.506,0.622,-0.516
0.658,0.328,1.411,-0.774,-0.132,-0.241,0.428,0.614
-0.415,-0.077,-1.075,-1.503,0.257,-0.783,0.84,0.918
0.678,-0.252,1.599,-0.607,-0.176,-0.029,-0.365,0.424
-0.155,0.418,-1.136,-0.842,1.626,-0.955,0.046,0.788
0.649,0.217,1.801,-1.653,-0.096,-1.108,0.344,-0.438
-0.029,0.077,-0.115,-1.333,0.504,-0.774,-0.796,0.62
-0.673,0.092,2.821,-0.693,0.63,-1.742,0.721,0.383
-0.154,0.274,0.604,-0.168,1.108,-0.202,-0.087,0.777
1.33,1.452,0.232,0.19,0.125,-0.241,-0.152,-0.015
1.782,-0.029,-1.755,-0.341,-0.328,0.977,-0.082,-0.45
2.541,0.997,-0.125,0.633,-1.091,-0.277,0.68,-1.198
0.261,0.139,-1.733,0.887,-0.284,0.198,0.706,-1.387
0.5,-0.23,-0.462,0.857,-1.442,1.191,0.462,-0.826
0.007,-0.281,0.13,1.458,0.109,0.74,1.613,-0.285
-0.437,-1.303,-1.544,-0.226,-2.624,0.165,0.81,-2.107
0.024,-1.164,0.038,-0.021,-1.908,0.399,-0.624,-0.485
-0.195,-0.708,-0.982,0.549,-0.772,-0.349,0.355,1.008
-0.94,-0.84,-0.257,0.81,-2.512,-0.049,-0.273,0.523
-0.833,0.776,0.006,0.878,-0.827,1.068,-0.514,-0.517
-1.286,-0.286,0.697,-0.933,-0.375,1.318,0.28,-0.828
-1.319,-0.112,0.906,0.033,-0.336,0.686,0.786,0.249
-1.852,-0.517,1.535,-0.793,1.476,-0.842,0.626,0.982
-1.244,0.838,1.231,0.706,1.176,-0.67,-0.383,0.293
-0.427,-0.709,0.543,0.643,0.825,-0.434,-0.96,-0.286
0.536,-0.047,1.239,1.546,0.019,0.423,-1.435,-1.798
0.585,1.017,0.67,0.872,0.613,0.062,-0.782,0.21
-0.177,1.721,0.077,0.202,-0.329,0.884,-1.544,-1.316
0.719,1.001,-0.594,0.7,-0.083,0.777,-0.739,-0.817
0.461,1.983,0.198,0.248,-0.161,-0.586,-1.329,-0.802
0.449,0.163,-0.258,-1.241,0.199,0.238,-1.596,-0.013
1.055,-0.401,-0.086,-1.617,1.237,0.515,-2.049,2.062
1.618,-0.68,0.052,0.494,0.27,0.919,-1.295,2.288
2.426,-0.116,0.595,1.02,0.379,-0.606,-2.815,0.467
1.613,-1.707,-1.776,-1.474,1.008,0.866,0.554,-0.725
1.55,-0.036,1.989,1.541,0.249,0.339,-0.534,0.504
-0.302,1.049,-1.679,0.568,0.104,-0.325,-0.575,0.263
1.248,0.252,2.444,1.342,-1.344,1.489,0.402,-0.252
-0.542,1.201,-1.624,2.062,-0.087,0.983,-0.458,-1.107
-0.703,1.076,1.272,0.539,-2.916,0.464,1.251,-0.578
-0.506,-0.248,-0.554,-0.184,-0.466,1.011,0.902,-0.51
-0.233,-0.719,-0.428,0.149,-1.872,0.637,0.822,-1.124
0.176,-0.76,0.161,-0.743,-1.561,0.057,-0.267,-1.421
0.256,-0.114,-0.812,-1.21,0.844,0.582,-0.676,-1.057
-0.859,0.709,0.37,-1.203,-1.07,-0.512,0.078,0.399
-2.732,0.993,0.318,-0.672,0.112,0.765,-0.843,0.487
-2.413,-0.165,1.84,0.31,-0.01,1.026,-1.125,0.639
-1.481,0.15,0.389,1.42,1.144,1.292,1.041,1.863
-1.167,-0.464,1.251,1.953,-0.476,0.076,0.183,1.708
-1.099,1.107,0.406,0.82,-0.396,1.634,0.603,0.779
-1.287,0.147,1.792,-0.937,0.721,0.845,-0.078,0.677
-0.614,0.043,0.786,-1.584,1.765,-0.617,0.275,1.666
0.299,-0.215,0.441,0.042,1.054,-1.955,-0.103,1.337
0.18,-1.128,0.264,0.715,0.251,-1.045,-1.435,-0.46
1.249,-0.626,-0.681,-0.432,0.628,0.616,-0.773,0.674
1.991,0.445,0.483,0.546,-1.292,0.913,-1.128,1.048
1.504,0.091,-1.893,-0.149,1.276,0.926,-1.794,0.783
0.001,-1.321,-0.656,0.328,-0.561,0.191,0.199,1.307
-1.43,-0.846,-1.421,-0.052,0.616,-0.107,0.782,0.798
-0.936,-1.138,1.079,-0.994,-1.513,-0.455,1.096,-0.032
-1.585,-0.503,-0.923,-0.09,1.77,-0.13,0.701,-0.951
-1.015,0.508,1.222,1.067,-1.119,-0.461,0.488,-1.143
-0.418,-0.264,0.771,1.562,0.772,-0.332,-2.271,-1.446
0.513,-0.317,1.829,1.225,-0.29,-0.085,-1.096,0.039
1.545,-0.16,0.379,0.318,0.231,1.786,-1.841,-0.004
1.451,-1.243,0.496,0.11,-0.054,0.794,-2.705,1.248
2.086,-0.356,-0.071,0.913,0.171,0.505,-0.543,0.743
1.234,-0.416,-0.844,0.394,-0.699,0.451,0.099,-0.187
1.86,-1.037,-0.674,-0.227,-1.915,1.071,0.016,0.622
1.048,-1.659,-0.842,0.172,-1.123,1.03,0.663,0.498
-0.092,-0.917,-1.735,1.547,-0.581,0.458,1.383,-0.311
-1.469,0.242,-0.017,1.46,-2.021,0.954,1.705,-0.035
-1.838,0.623,2.028,1.804,1.519,1.25,1.123,-1.237
-1.424,-0.639,0.689,0.724,0.448,1.097,1.888,-0.215
0.353,-0.457,1.09,0.998,0.698,1.226,1.198,-1.553
0.435,0.179,0.223,0.28,0.633,0.745,-0.085,0.137
0.419,1.104,0.267,1.072,2.342,-0.277,-0.997,-0.074
1.119,1.839,0.544,-1.095,-0.089,-1.457,-1.44,-0.893
0.733,1.129,-1.104,-1.459,1.401,-0.86,-2.373,0.277
0.329,1.56,-0.543,-0.854,-0.097,-1.172,-0.71,0.046
0.23,-0.423,-0.654,-2.129,0.877,-0.546,-1.686,0.367
-0.359,0.227,-0.237,-1.051,-0.067,-0.018,-2.258,1.659
-0.03,1.461,-0.01,-0.539,0.3,-0.877,-1.441,1.875
-0.502,0.682,-1.532,1.024,1.119,-0.676,0.043,1.043
-0.494,1.505,0.948,0.993,-0.645,-1.096,0.674,0.102
-0.789,1.888,0.87,-0.651,0.227,-0.355,0.738,0.751
-0.446,1.417,1.142,1.16,0.477,-0.904,1.183,-0.021
0.008,2.141,-0.356,-1.212,0.474,-1.053,0.875,-0.563
0.988,0.813,0.46,-0.91,0.054,0.414,-0.708,-0.711
0.848,0.225,-1.618,1.075,0.296,0.072,-0.076,-1.002
1.097,1.42,-0.411,0.479,-0.779,-0.066,-0.05,-1.347
-0.249,1.032,-1.137,-1.213,-0.007,1.021,0.524,-1.909
0.267,-0.555,0.939,-0.523,0.612,0.751,-0.442,-0.395
0.239,-0.276,-1.473,0.55,-0.152,0.338,-0.629,0.544
1.205,2.387,0.166,0.241,-0.759,0.354,-1.434,-1.47
-0.185,-0.794,0.803,0.156,0.184,0.864,-0.775,-2.548
-0.174,0.72,0.616,1.028,0.206,-0.122,-0.082,-0.006
0.613,-0.074,1.459,0.361,-1.249,-0.579,-1.036,0.249
0.251,0.407,0.771,0.903,0.732,-0.368,-1.053,0.689
0.566,0.898,0.531,1.028,-1.154,0.396,-0.122,0.352
1.998,-0.747,-0.19,0.617,0.847,1.283,0.565,-1.197
2.894,-1.633,-1.425,0.067,-1.345,1.038,0.327,1.092
2.7,-1.753,-1.678,-0.274,-0.265,0.779,-0.602,2.748
1.929,-0.85,-2.092,0.161,-1.071,0.207,0.214,1.34
0.023,-2.01,-1.753,1.319,-0.72,0.897,1.871,0.464
-0.387,-0.457,-0.227,2.254,-1.65,0.706,2.14,1.609
-1.143,0.29,-2.917,1.744,-1.289,1.797,1.478,0.935
-1.583,0.437,-0.469,1.157,-2.989,2.275,0.96,-0.479
-2.486,0.548,-0.749,1.657,-1.535,2.61,-0.115,-0.046
-1.745,-0.677,1.058,0.488,-3.057,1.153,0.916,-0.015
-1.829,-0.324,0.095,0.826,0.573,2.022,3.194,0.27
-1.226,0.022,0.707,1.638,-1.536,0.887,2.321,-0.191
-0.263,0.871,1.358,0.53,-0.956,2.086,0.258,-1.747
0.183,0.528,0.774,0.515,0.041,1.727,1.136,-1.845
0.794,1.659,0.722,1.007,-1.386,1.507,-0.275,-1.29
0.924,1.309,-0.33,0.102,-0.58,1.0,1.144,-2.263
0.458,0.691,0.576,-1.134,-0.835,-0.439,1.501,-0.988
-0.72,0.687,-2.692,-1.22,-0.432,-0.086,1.456,0.49
-0.069,1.732,0.813,-0.741,-1.223,0.228,0.308,-1.165
-1.364,-0.099,-0.679,-0.577,0.636,-0.667,-0.281,-1.209
-2.001,-0.331,1.573,0.312,-1.936,-0.709,0.524,-0.863
-1.863,-0.334,0.007,0.33,1.878,0.165,0.302,0.636
-1.428,-0.811,0.573,0.004,-0.542,0.201,0.615,-1.442
-0.495,-1.073,0.256,2.166,0.703,0.496,-0.608,-2.294
0.229,-0.09,0.57,2.276,0.617,-1.0,0.45,0.11
0.603,-0.45,-0.628,1.682,-0.798,-0.635,0.841,-0.898
0.189,0.306,0.481,1.506,0.353,1.435,0.298,-0.316
0.412,-0.244,-0.513,0.294,-0.837,0.569,1.268,-1.003
0.693,-1.223,0.264,-1.089,1.245,0.924,0.679,-1.462
0.029,0.409,-1.609,-0.263,0.232,0.379,0.267,0.727
-0.18,1.724,-0.208,-0.267,-0.012,0.708,-0.997,-0.64
-0.094,1.03,-1.656,-0.667,0.028,0.883,-1.028,0.539
-0.452,0.948,1.063,0.095,-0.474,1.065,-0.316,-0.079
-0.702,1.943,-0.163,-1.287,0.307,-0.779,0.545,1.108
0.613,1.394,0.496,-0.967,-0.143,-0.519,1.059,-0.108
1.679,1.662,-0.541,-1.424,0.34,-1.397,0.068,0.516
2.477,1.453,0.911,-0.365,-0.279,-1.07,-0.153,-0.211
2.09,1.816,-0.848,-0.552,0.623,-0.636,-0.411,-0.658
0.74,1.198,-0.748,0.584,-0.103,-0.259,0.852,-0.406
-0.25,0.831,-1.519,-0.021,0.325,0.021,-0.951,0.606
-0.809,0.914,-2.067,0.609,-0.439,1.168,-1.948,0.147
0.018,-0.695,-0.056,-0.288,-0.774,0.888,-1.179,-0.692
-1.205,-1.101,-1.337,0.892,-0.434,0.61,0.455,0.564
-0.58,0.629,2.003,1.807,-0.97,0.905,0.262,0.374
-0.813,1.54,0.07,0.03,0.143,0.194,1.234,-0.093
-0.46,1.147,1.115,-0.91,-0.705,0.52,0.848,-0.252
-0.024,-0.22,0.202,-0.605,1.455,1.655,-0.103,-0.641
0.672,0.903,0.49,-0.748,0.381,0.712,-0.236,-0.346
-0.299,0.483,-0.856,-0.971,0.653,-0.593,-0.145,0.444
0.813,-0.79,0.178,-1.107,-0.356,0.779,-0.458,0.287
-1.153,0.137,0.096,-1.223,0.327,-0.357,-1.025,0.365
-1.124,0.778,0.215,-0.685,0.23,-0.205,-1.539,0.229
-0.072,1.148,-0.576,-0.505,-0.118,0.686,-0.571,0.058
-0.772,0.299,-0.898,-1.23,-0.08,-0.141,0.604,1.134
-0.498,-0.312,0.017,-0.781,0.281,-1.907,1.146,1.173
-1.546,-1.274,-0.256,-1.332,0.024,-0.775,0.754,2.182
-1.108,0.655,0.515,-0.922,0.559,-1.781,-0.018,0.555
-2.424,0.483,-0.589,-1.327,0.124,-1.945,-0.879,-0.936
-2.0,1.565,1.457,-1.047,-0.159,-1.329,-1.219,-1.653
-2.612,0.493,0.439,-1.503,1.128,-0.982,-0.632,-0.547
-1.471,1.679,2.522,-0.698,-0.677,-1.696,-0.985,-1.279
-1.124,-0.705,1.178,-1.69,3.37,-2.222,-1.109,0.352
-0.305,-0.293,0.849,0.141,-0.103,-2.136,-0.816,-0.242
0.771,-0.836,-0.219,-0.143,1.332,-0.671,-1.592,0.532
0.256,-0.806,1.273,1.593,-0.279,0.44,-0.226,0.982
0.542,-1.544,-0.172,0.998,0.244,0.596,-0.737,0.012
1.963,-1.293,0.268,1.416,-0.905,0.616,-0.975,1.256
1.382,0.935,-1.379,1.231,0.059,0.033,-0.344,1.811
0.481,-0.006,-0.795,-0.043,-1.38,1.201,0.736,1.816
-1.005,0.884,-0.879,-0.601,-0.55,1.845,0.432,0.423
-1.459,-1.23,1.041,-1.161,-1.846,1.471,1.295,1.822
-0.835,1.566,1.387,0.391,-0.209,0.504,1.068,1.131
-0.084,0.786,0.648,-0.303,-0.399,-0.584,2.436,-0.376
1.096,1.17,2.476,-0.447,0.332,0.568,1.295,-1.424
1.533,1.616,-0.61,-0.79,-0.113,0.573,0.113,1.011
2.067,0.274,1.237,-0.975,0.041,0.628,-1.968,0.921
1.516,0.523,-1.373,-1.282,-1.007,1.215,0.095,1.567
2.77,0.009,0.619,-0.415,0.16,-0.426,-0.16,0.615
2.314,-0.585,-1.785,1.414,-0.438,-0.614,-0.861,3.169
1.594,-1.741,-0.518,1.648,-0.241,0.517,-2.009,0.362
1.13,-0.956,-1.297,0.178,-0.554,1.187,-0.663,0.389
1.005,0.119,0.763,0.46,0.162,2.44,-0.394,0.319
1.01,0.825,-0.61,0.615,-0.377,1.477,0.336,0.761
1.449,0.566,0.21,0.015,-0.339,0.459,1.061,-0.166
0.127,0.636,-0.6,0.78,-0.672,0.353,2.032,-0.164
